# LMG_PKM — Pink Panic Stage 1
# muzzle -Z, up +Y, right +X, origin at the grip
mtllib pinkpanic.mtl
o Body
g Body
usemtl BodyPink
v -0.20041 0.31195 -1.62732
v -0.21048 0.33900 -1.69127
v -0.26737 0.35986 -1.67938
v -0.31997 0.41360 -1.29972
v -0.26308 0.37599 -1.67167
v -0.29894 0.42080 -1.28296
v -0.30972 0.42364 -1.29972
v -0.24468 0.35718 -1.27073
v -0.25018 0.37762 -1.66778
v -0.19798 0.32430 -1.63085
v -0.24441 0.33640 -1.69529
v -0.24433 0.36849 -1.68421
v -0.25329 0.37561 -1.26173
v -0.31020 0.40894 -1.27604
v -0.26161 0.35664 -1.26338
v -0.23094 0.29262 -1.65593
v -0.20853 0.30401 -1.62732
v -0.21878 0.29398 -1.62732
v -0.25077 0.34717 -1.69119
v -0.28145 0.35801 -1.67167
v -0.27120 0.36804 -1.67167
v -0.32809 0.40566 -1.29972
v -0.31784 0.41569 -1.29972
v -0.32983 0.39262 -1.29719
v -0.27559 0.33720 -1.27301
v -0.31339 0.40583 -1.27604
v -0.24894 0.30806 -1.69168
v -0.26305 0.33920 -1.27073
v -0.26214 0.35612 -1.26338
v -0.27635 0.33976 -1.68245
v -0.22217 0.31795 -1.68415
v -0.27944 0.35486 -1.25878
v -0.31857 0.39736 -1.27687
v -0.21976 0.31122 -1.67320
v -0.15248 0.22416 -1.87572
v -0.14091 0.21234 -1.88527
v -0.11918 0.23104 -1.87572
v -0.13075 0.24286 -1.88527
v -0.18063 0.25292 -1.76771
v -0.16906 0.24110 -1.75817
v -0.15266 0.26525 -1.76981
v -0.15469 0.26732 -1.75238
v -0.18411 0.25648 -1.72430
v -0.17052 0.28349 -1.72430
v -0.16366 0.27649 -1.70733
v -0.19096 0.26348 -1.70733
v -0.10898 0.25224 -1.35988
v -0.08360 0.26550 -1.35988
v -0.08553 0.26866 -1.45845
v -0.11095 0.25126 -1.44687
v -0.11464 0.25076 -1.39274
v -0.11093 0.25048 -1.39274
v -0.11202 0.24485 -1.64005
v -0.07452 0.23260 -1.61882
v -0.07452 0.25788 -1.63827
v -0.07452 0.29715 -1.59281
v -0.11202 0.24422 -1.60975
v 0.00047 0.23659 -1.61357
v -0.03703 0.23391 -1.61393
v -0.00542 0.29345 -1.59984
v -0.03703 0.25160 -1.64099
v 0.00047 0.24972 -1.64134
v -0.11202 0.29978 -1.60425
v -0.07452 0.28592 -1.61024
v -0.03703 0.29170 -1.60071
v -0.02870 0.30311 -1.61095
v -0.14177 0.29961 -1.50464
v -0.14177 0.30131 -1.53657
v -0.14177 0.28431 -1.50464
v -0.14177 0.28601 -1.53657
v -0.14247 0.28512 -1.37473
v -0.13581 0.29343 -1.40791
v -0.13952 0.28742 -1.46489
v -0.14697 0.29804 -1.49806
v -0.14787 0.29750 -1.46489
v -0.14076 0.30043 -1.37473
v -0.13763 0.28532 -1.49806
v -0.14773 0.28974 -1.40791
v -0.14633 0.28411 -1.33113
v -0.14240 0.28364 -1.54369
v -0.13950 0.22125 -1.50963
v -0.14347 0.22027 -1.54369
v -0.14268 0.22027 -1.33113
v -0.13663 0.28372 -1.33113
v -0.14559 0.27020 -1.33113
v -0.14664 0.27244 -1.50963
v -0.14470 0.23435 -1.36520
v -0.13638 0.22027 -1.54369
v -0.14626 0.27196 -1.36520
v -0.30951 0.36736 -1.36032
v -0.24480 0.37662 -1.36032
v -0.28879 0.34619 -1.36702
v -0.28879 0.34619 -1.33132
v -0.26028 0.39244 -1.32807
v -0.27872 0.33591 -1.59804
v -0.23384 0.36542 -1.61590
v -0.26234 0.31917 -1.61914
v -0.25710 0.31381 -1.58019
v -0.21311 0.34425 -1.58689
v -0.23384 0.36542 -1.58019
v -0.20457 0.30806 -1.67901
v -0.25076 0.35526 -1.69756
v -0.17150 0.25382 -1.69852
v -0.16216 0.25450 -1.83320
v -0.27062 0.35508 -1.68505
v -0.16233 0.26491 -1.70055
v -0.21455 0.29780 -1.68584
v -0.26693 0.37178 -1.67931
v -0.20353 0.30700 -1.62801
v -0.32318 0.40878 -1.28239
v -0.31682 0.40228 -1.35970
v -0.25825 0.34244 -1.27026
v -0.31419 0.42006 -1.28697
v -0.25601 0.35653 -1.25764
v 0.02064 0.24957 -1.60229
v 0.01698 0.18763 -1.66573
v -0.00855 0.21873 -1.64485
v -0.05577 0.17896 -1.64183
v 0.02140 0.18011 -1.78365
v -0.05577 0.23052 -1.64648
v -0.01197 0.21538 -1.78338
v 0.02064 0.18053 -1.65313
v 0.00494 0.24882 -1.63914
v 0.02064 0.25008 -1.64351
v 0.01017 0.26830 -1.62793
v -0.05577 0.17896 -1.60639
v 0.00494 0.22170 -1.60639
v -0.11649 0.22170 -1.60639
v 0.00494 0.22170 -1.63914
v 0.02064 0.17896 -1.60102
v 0.00494 0.25028 -1.60447
v -0.12041 0.24874 -1.60302
v -0.08613 0.17896 -1.62549
v -0.13219 0.17896 -1.60102
v -0.13219 0.20503 -1.64451
v -0.13104 0.18422 -1.66982
v -0.13219 0.25047 -1.64321
v -0.13268 0.18266 -1.78364
v -0.10300 0.21873 -1.64485
v -0.08579 0.22659 -1.78342
v -0.13062 0.25684 -1.60702
v -0.12172 0.26830 -1.62793
v -0.11649 0.24211 -1.63965
v -0.27067 0.40306 -1.35937
v -0.13373 0.25093 -1.63127
v 0.02219 0.25276 -1.63344
v 0.02219 0.24574 -1.61320
v -0.13373 0.24781 -1.61255
v -0.12789 0.23861 -1.89839
v -0.13945 0.21219 -1.89571
v -0.11441 0.22483 -1.88102
v -0.13945 0.21219 -1.86633
v -0.15651 0.22961 -1.87184
v -0.13221 0.24302 -1.86633
v -0.15604 0.26737 -1.77977
v -0.17192 0.24536 -1.77977
v -0.14256 0.25359 -1.76241
v -0.16336 0.23662 -1.75401
v -0.18017 0.26334 -1.75450
v -0.15604 0.26737 -1.74505
v -0.17369 0.28540 -1.73050
v -0.19280 0.26669 -1.73050
v -0.17500 0.24851 -1.71581
v -0.15589 0.26722 -1.71581
v -0.19799 0.27200 -1.70663
v -0.16938 0.28099 -1.69845
v -0.30512 0.36024 -1.34272
v -0.29106 0.34588 -1.35432
v -0.26117 0.39597 -1.35948
v -0.25284 0.38747 -1.33886
v -0.27343 0.32787 -1.60449
v -0.25938 0.31351 -1.59289
v -0.22115 0.35509 -1.58773
v -0.22948 0.36360 -1.60836
v -0.18020 0.28945 -1.69041
v -0.19867 0.27528 -1.81894
v -0.18114 0.29042 -1.81974
v -0.09356 0.18527 -1.77765
v -0.12582 0.23390 -1.91407
v -0.09356 0.18527 -1.91407
v -0.14234 0.21773 -1.91407
v -0.19358 0.27008 -1.68636
v -0.16317 0.25554 -1.69734
v -0.14451 0.23647 -1.77765
v -0.05527 0.21798 -1.91030
v -0.11236 0.18502 -1.91030
v -0.00125 0.18395 -1.79752
v 0.00183 0.18502 -1.91030
v 0.00183 0.11909 -1.91030
v -0.05527 0.08612 -1.91030
v -0.05595 0.21521 -1.79822
v -0.11236 0.11909 -1.91030
v -0.11031 0.12028 -1.79822
v 0.00046 0.12146 -1.79822
v -0.05458 0.08810 -1.79822
v -0.05527 0.09087 -1.79543
v -0.11038 0.12024 -1.78550
v -0.10825 0.12146 -1.79543
v -0.00228 0.12146 -1.79543
v -0.05527 0.21324 -1.79543
v -0.00016 0.12024 -1.79543
v -0.05527 0.08842 -1.78716
v -0.00016 0.18387 -1.79543
v -0.10950 0.18398 -1.79683
v -0.05527 0.21569 -1.78716
v -0.00016 0.12024 -1.77061
v -0.00016 0.18387 -1.77061
v -0.11038 0.18387 -1.77061
v 0.15499 0.10359 -1.49037
v 0.12140 0.27136 -1.28212
v 0.12140 0.28902 -1.28212
v 0.12350 0.28504 -1.29340
v 0.15371 0.20608 -1.35894
v 0.15673 0.20437 -1.44006
v 0.15371 0.20608 -1.38549
v -0.07867 0.30756 -1.59995
v -0.08696 0.33471 -1.18587
v -0.08696 0.33471 -1.52773
v -0.08696 0.32140 -1.58558
v -0.08696 0.32417 -1.17661
v -0.08696 0.32417 -1.52773
v 0.17700 0.12248 -1.28711
v 0.17704 0.12349 -1.29348
v -0.06347 0.31816 -1.12675
v -0.05264 0.31816 -1.14172
v -0.06518 0.33697 -1.13448
v -0.04221 0.35735 -1.08033
v -0.03307 0.32824 -0.81121
v 0.18192 0.13600 -1.29340
v 0.20294 0.19055 -1.44045
v 0.16861 0.20702 -1.29240
v 0.17996 0.13333 -1.43877
v 0.02207 0.26648 -1.45845
v 0.02327 0.28803 -1.44045
v 0.02655 0.28537 -1.49037
v -0.03307 0.35221 -1.08089
v -0.03307 0.32311 -0.81176
v -0.03307 0.34284 -1.08190
v 0.08231 0.28902 -1.59386
v -0.10458 0.17769 -1.38321
v -0.05136 0.34597 -1.08156
v -0.04221 0.31561 -0.81257
v -0.05136 0.32824 -0.81121
v -0.00907 0.28919 -1.50201
v -0.00907 0.28919 -1.35396
v 0.01200 0.16975 -0.54211
v 0.02358 0.26390 -1.16867
v 0.02806 0.25639 -1.17908
v 0.16709 0.20150 -1.28711
v 0.14947 0.25330 -1.46504
v 0.14510 0.25062 -1.38263
v -0.13944 0.04811 -1.02134
v 0.13532 0.25674 -1.57176
v -0.10088 0.17825 -1.94209
v 0.02806 0.20898 -1.04156
v 0.02806 0.20096 -0.64382
v 0.02806 0.20096 -1.04156
v 0.02806 0.21699 -0.64382
v 0.02806 0.21699 -1.04156
v -0.12691 0.17170 -0.53859
v 0.12140 0.29288 -1.28304
v 0.16600 0.23798 -1.39274
v 0.01013 0.16984 -0.92439
v -0.13347 0.02806 -1.04577
v 0.02449 0.06262 -0.61193
v 0.02449 0.14692 -1.47732
v 0.02449 0.15147 -1.49872
v 0.00641 0.26703 -1.29340
v 0.01200 0.02312 -0.54211
v 0.01200 0.06971 -0.63475
v 0.01200 0.10540 -0.63497
v 0.01200 0.18149 -0.92283
v 0.01200 0.18149 -1.07028
v -0.13347 0.02806 -1.21191
v -0.13371 0.11259 -1.02362
v 0.02449 0.05231 -0.59021
v 0.02449 0.13262 -1.50210
v 0.02449 0.03695 -0.61259
v 0.02449 0.12807 -1.48070
v 0.14848 0.25374 -1.44160
v -0.07442 0.23987 -1.46555
v 0.04656 0.25554 -1.49037
v 0.01200 0.16986 -1.07218
v 0.01200 0.10638 -1.22075
v 0.01200 0.06997 -1.22078
v 0.01200 0.18149 -1.27713
v 0.12141 0.31258 -1.27022
v 0.01200 0.18149 -1.41352
v 0.02578 0.15992 -1.75643
v 0.15781 0.25118 -1.35894
v 0.15227 0.25261 -1.44443
v 0.15781 0.25118 -1.38549
v -0.02042 0.27795 -1.30394
v -0.02042 0.27795 -1.24917
v -0.02613 0.24914 -1.31024
v -0.02042 0.24914 -1.24917
v 0.15722 0.17683 -1.29127
v 0.01200 0.18149 -1.76967
v -0.01682 0.29218 -1.08114
v -0.01682 0.25176 -0.60060
v -0.01682 0.25176 -1.02944
v -0.01682 0.28558 -0.64020
v -0.01682 0.32283 -1.53482
v -0.13343 0.02806 -1.31971
v 0.01989 0.13416 -1.77131
v 0.02578 0.12664 -1.74714
v 0.02578 0.15134 -1.74156
v 0.02578 0.04933 -1.76493
v 0.05306 0.24587 -1.35894
v 0.05306 0.24587 -1.38549
v 0.02578 0.01743 -1.75643
v 0.02578 0.02602 -1.77131
v 0.02578 0.03695 -1.73885
v 0.18536 0.15089 -1.38263
v 0.18754 0.15132 -1.45845
v 0.02209 0.24008 -1.29020
v 0.02087 0.15870 -1.76281
v 0.01105 0.15134 -1.77131
v -0.12488 0.19675 -0.53786
v -0.14726 0.04797 -1.03731
v 0.01812 0.18404 -1.09716
v 0.01489 0.17170 -0.53795
v 0.01812 0.17170 -0.63932
v 0.01812 0.17170 -1.04969
v -0.10040 0.18439 -0.54335
v 0.01105 0.14041 -1.73885
v 0.01105 0.12557 -1.75643
v -0.11804 0.28853 -1.62220
v -0.05577 0.16961 -1.85548
v -0.05577 0.12971 -1.83551
v -0.11464 0.27437 -1.56336
v 0.01812 0.22728 -1.24976
v -0.11565 0.33076 -1.53441
v -0.00337 0.33076 -1.48640
v -0.01258 0.33083 -1.30709
v -0.05577 0.29282 -0.63932
v -0.05124 0.19280 -1.04664
v -0.05577 0.10599 -1.12879
v -0.05577 0.10599 -0.54165
v -0.04454 0.16617 -1.13601
v -0.05879 0.16836 -1.04664
v -0.01682 0.32283 -1.04489
v -0.09709 0.33030 -1.28877
v 0.01844 0.26884 -1.49037
v 0.15562 0.06547 -1.38263
v 0.15775 0.06486 -1.45845
v -0.13486 0.14339 -0.71158
v -0.13486 0.15516 -0.73197
v -0.13486 0.13824 -0.91362
v -0.13486 0.15516 -0.91745
v -0.10040 0.05022 -0.55696
v -0.05577 0.19038 -1.07368
v -0.05577 0.05865 -1.12879
v -0.05577 0.05865 -0.54165
v -0.07229 0.23987 -1.31900
v -0.08881 0.23987 -1.25487
v -0.05577 0.23987 -1.59130
v -0.09472 0.28558 -0.64020
v -0.03275 0.30624 -0.80763
v -0.01682 0.28558 -1.00693
v -0.04541 0.22935 -1.35787
v 0.01449 0.26733 -1.44045
v -0.14726 0.04797 -1.24381
v -0.13625 0.19991 -0.52896
v -0.11884 0.06456 -1.91707
v -0.04530 0.09831 -1.77587
v -0.05354 0.09695 -1.91589
v -0.11884 0.08534 -1.88283
v -0.13625 0.17170 -0.52896
v -0.06728 0.28861 -0.80986
v -0.08863 0.28861 -0.78299
v -0.06411 0.17595 -1.07368
v 0.00729 0.07752 -1.87297
v 0.00729 0.07752 -1.90970
v 0.16007 0.12129 -1.49037
v -0.14278 0.04800 -1.32385
v -0.12355 0.18149 -1.76967
v -0.04185 0.22185 -1.12005
v -0.12355 0.02312 -1.76967
v -0.05577 0.02312 -1.34351
v 0.01200 0.02312 -1.27713
v -0.03354 0.17748 -1.22436
v -0.09442 0.17748 -1.37518
v -0.01578 0.19480 -0.54335
v -0.12967 0.22728 -1.24976
v -0.09472 0.32283 -1.04489
v -0.09472 0.32283 -1.53482
v 0.17808 0.21303 -1.28916
v 0.18381 0.19794 -1.57387
v -0.13396 0.00021 -1.53610
v -0.13282 0.00092 -0.52798
v 0.00559 -0.04034 -1.46106
v -0.12967 0.18404 -1.09716
v -0.09472 0.29218 -1.08114
v -0.09738 0.28963 -1.62168
v -0.09472 0.28558 -1.00693
v -0.05577 0.05579 -1.22444
v -0.01712 0.05579 -1.15539
v -0.05577 0.05579 -1.54489
v -0.05577 0.05567 -1.12018
v -0.12260 0.12557 -1.75643
v -0.12260 0.15134 -1.74156
v -0.13961 0.20898 -1.04156
v -0.13961 0.20096 -1.04156
v -0.13961 0.21699 -1.04156
v -0.01115 0.05022 -0.55015
v -0.12967 0.17170 -0.63932
v -0.12967 0.17170 -1.04969
v -0.13733 0.03226 -1.77401
v -0.13733 0.04319 -1.74156
v -0.13733 0.01988 -1.74793
v -0.13733 0.05178 -1.75643
v -0.09472 0.25176 -0.60060
v -0.09472 0.25176 -1.02944
v -0.12355 0.18149 -1.48543
v 0.14662 0.25443 -1.49037
v -0.12260 0.14040 -1.77401
v -0.13242 0.15870 -1.75006
v 0.18090 0.13607 -1.35894
v 0.18090 0.13607 -1.38549
v 0.03611 0.26581 -1.57309
v 0.15981 0.28348 -1.54770
v 0.20327 0.21581 -1.38549
v -0.13733 0.13416 -1.77131
v -0.13144 0.13416 -1.74156
v -0.13733 0.12557 -1.75643
v -0.13733 0.15747 -1.76493
v -0.12355 0.02312 -1.52906
v -0.12355 0.02312 -1.34351
v -0.12355 0.18149 -1.31032
v -0.12355 0.18149 -1.07028
v 0.13269 0.29924 -1.59688
v 0.13074 0.30152 -1.54770
v -0.13961 0.20096 -0.64382
v -0.13961 0.21699 -0.64382
v -0.12903 0.26776 -1.28344
v -0.08422 0.27795 -1.31077
v -0.09113 0.27795 -1.24917
v -0.08415 0.24914 -1.30626
v -0.09113 0.24914 -1.24917
v -0.13347 0.12620 -1.07053
v -0.04769 0.25016 -1.49037
v -0.04567 0.28554 -1.44045
v -0.04769 0.28205 -1.49037
v -0.12355 0.16986 -1.07218
v -0.13282 0.18149 -1.02123
v -0.10360 0.18149 -0.70461
v 0.17532 0.21069 -1.45845
v -0.04578 0.24574 -1.43874
v 0.04539 0.03473 -1.37600
v -0.12355 0.16978 -0.70527
v -0.12355 0.16982 -0.83661
v 0.01364 0.19575 -0.53813
v -0.14318 0.12664 -1.13453
v 0.16564 0.09232 -1.38263
v -0.12355 0.16975 -0.54211
v 0.13074 0.30152 -1.37442
v 0.14245 0.27143 -1.49037
v -0.11252 0.26785 -1.28344
v 0.01934 0.26890 -1.49037
v 0.13280 0.29933 -1.27409
v 0.12876 0.30377 -1.31262
v -0.13604 0.13729 -0.59246
v -0.13604 0.13729 -0.56459
v -0.13308 0.13076 -0.60916
v -0.13308 0.15812 -0.54790
v -0.13012 0.15874 -0.60485
v -0.13604 0.15407 -1.48971
v -0.13012 0.13013 -0.55221
v -0.13604 0.15159 -0.56459
v -0.13604 0.15159 -0.61723
v -0.13604 0.13782 -1.36862
v -0.13604 0.15342 -1.38889
v -0.13604 0.13782 -1.47507
v -0.12355 0.02312 -0.54211
v 0.13287 0.32156 -1.57780
v 0.13287 0.32156 -1.27449
v -0.05577 0.18490 -1.79556
v -0.06019 0.35221 -1.08089
v -0.06933 0.35735 -1.08033
v -0.06019 0.32824 -0.81121
v -0.06019 0.34284 -1.08190
v 0.16070 0.12064 -1.49037
v 0.06504 0.16541 -1.39460
v 0.06504 0.16541 -1.44390
v -0.13604 0.04841 -0.59021
v -0.13604 0.06377 -0.61259
v -0.13604 0.14172 -1.50435
v -0.13604 0.03810 -0.61193
v -0.13604 0.12807 -1.39227
v -0.13604 0.12547 -1.48971
v 0.06590 0.27205 -1.35894
v 0.12142 0.27645 -1.60002
v -0.01487 0.16775 -1.59783
v 0.13287 0.30680 -1.57780
v 0.13287 0.30680 -1.27449
v -0.06019 0.31373 -0.81277
v -0.06019 0.32311 -0.81176
v -0.07848 0.35221 -1.08089
v -0.07848 0.31373 -0.81277
v -0.07848 0.32311 -0.81176
v -0.07848 0.32824 -0.81121
v -0.07848 0.34284 -1.08190
v 0.14018 0.31896 -1.31062
v 0.13467 0.32468 -1.37573
v 0.13997 0.32075 -1.48296
v -0.01067 0.12617 -1.59789
v 0.10876 0.23914 -1.35894
v 0.11274 0.24105 -1.44165
v 0.10876 0.23914 -1.38549
v -0.11141 0.17769 -1.59130
v -0.05107 0.31816 -1.12452
v -0.04637 0.33697 -1.13086
v -0.10787 0.34920 -0.99962
v -0.11193 0.33251 -0.99663
v -0.11193 0.34114 -0.97570
v -0.11193 0.35553 -0.98866
v -0.02459 0.33471 -1.18587
v -0.02404 0.32571 -1.58058
v 0.17831 0.12906 -1.44215
v -0.12655 0.29019 -1.28902
v 0.05076 0.29853 -1.29180
v -0.02459 0.32417 -1.17661
v -0.02459 0.32417 -1.52773
v 0.05291 0.27139 -1.29186
v -0.01067 0.17825 -1.94209
v -0.01067 0.12617 -1.94209
v 0.18365 0.09684 -1.53088
v 0.18773 0.16385 -1.29020
v 0.17806 0.19908 -1.57322
v 0.07627 0.22443 -1.46115
v 0.07627 0.22443 -1.38035
v -0.05437 0.19864 -1.59785
v 0.19511 0.24323 -1.54770
v 0.18024 0.19356 -1.57357
v -0.04232 0.29135 -1.35894
v -0.04232 0.24085 -1.35894
v -0.04420 0.24533 -1.44291
v -0.04232 0.24085 -1.38549
v 0.17868 0.12835 -1.46235
v 0.16484 0.12833 -1.48158
v 0.18378 0.15522 -1.44398
v -0.05577 0.10013 -1.59789
v 0.17415 0.12322 -1.35988
v 0.17149 0.12398 -1.45845
v 0.21017 0.22693 -1.27409
v 0.10999 0.26478 -1.46504
v -0.04232 0.29135 -1.38549
v 0.17390 0.09185 -1.29132
v -0.01379 0.29436 -1.59386
v 0.12583 0.27554 -1.28700
v 0.12583 0.27554 -1.29348
v 0.08202 0.26947 -1.44398
v 0.02470 0.28902 -1.28557
v 0.02470 0.28902 -1.34565
v 0.02470 0.28902 -1.49508
v 0.02470 0.28902 -1.57529
v 0.02470 0.29483 -1.34572
v 0.02470 0.29483 -1.32931
v 0.02470 0.29483 -1.51285
v 0.02470 0.29483 -1.57545
v -0.03853 0.27795 -1.15526
v -0.03445 0.26610 -1.44045
v -0.03849 0.26610 -1.49037
v 0.18691 0.16803 -1.38549
v 0.02470 0.23963 -1.03204
v -0.03857 0.22203 -1.22420
v -0.03591 0.25065 -1.12004
v 0.02470 0.18404 -1.09716
v 0.02470 0.17170 -0.63932
v 0.02470 0.17170 -1.04969
v 0.02470 0.29400 -1.28212
v 0.10455 0.26651 -1.43877
v -0.03354 0.17740 -1.12009
v 0.16803 0.09121 -1.49037
v 0.02360 0.22895 -1.28148
v -0.07937 0.23987 -1.37724
v -0.10088 0.17825 -1.59789
v 0.17792 0.21382 -1.49037
v 0.12050 0.27437 -1.60232
v 0.09609 0.23987 -1.36979
v 0.11848 0.23812 -1.59130
v -0.01712 0.05567 -1.12018
v -0.10088 0.12617 -1.59789
v 0.18449 0.14997 -1.45363
v 0.10575 0.22537 -1.27296
v 0.09609 0.22978 -1.41989
v -0.07876 0.26021 -0.56795
v -0.07876 0.24577 -0.60006
v -0.07876 0.24577 -0.57205
v -0.07876 0.24577 -0.55026
v -0.07876 0.21473 -0.60416
v -0.07876 0.21440 -0.55344
v -0.03275 0.34032 -0.82750
v 0.08231 0.31259 -1.48463
v -0.11503 0.28645 -1.32662
v -0.11559 0.28843 -1.36086
v -0.11570 0.28994 -1.52727
v -0.03275 0.32468 -0.78874
v -0.03275 0.31365 -1.02608
v -0.02784 0.28861 -1.00866
v -0.01160 0.09747 -1.77659
v 0.10760 0.25387 -1.46235
v -0.01160 0.09747 -1.94209
v -0.01160 0.00912 -1.77659
v 0.08229 0.28902 -1.28305
v -0.10313 0.23987 -1.31900
v -0.10088 0.12617 -1.94209
v 0.15210 0.20759 -1.29084
v -0.04033 0.18967 -1.13601
v -0.04033 0.18967 -1.04664
v -0.01264 0.25290 -1.02977
v -0.01263 0.29483 -1.07725
v -0.01262 0.29483 -1.28305
v 0.12654 0.23776 -1.48158
v 0.00729 0.03697 -1.87654
v 0.00729 0.04478 -1.91336
v 0.00729 0.05915 -1.86537
v 0.00729 0.04311 -1.89134
v 0.00553 0.04463 -1.89902
v 0.00729 0.07979 -1.88764
v 0.00528 0.06755 -1.90544
v 0.16481 0.08002 -1.38549
v 0.01743 0.27405 -1.08294
v 0.01298 0.24841 -1.03316
v 0.19301 0.20688 -1.53088
v 0.22641 0.24439 -1.27409
v 0.21939 0.24255 -1.33099
v 0.22471 0.22813 -1.59688
v -0.15107 0.12199 -1.06322
v -0.04662 0.24801 -1.46504
v -0.11273 0.26778 -1.25487
v -0.11273 0.25962 -1.03829
v -0.14007 0.28925 -1.29526
v -0.15058 0.11779 -1.23280
v -0.14913 0.11527 -1.13971
v 0.00960 0.35988 -1.08732
v 0.01135 0.37332 -1.06641
v -0.11229 0.23735 -1.60232
v -0.11185 0.21025 -1.60232
v -0.11273 0.23987 -1.03759
v 0.00960 0.32457 -1.06503
v 0.00960 0.33743 -1.04465
v -0.13129 0.17769 -1.60232
v -0.04210 0.23866 -1.29127
v -0.14913 0.11527 -1.30929
v -0.07361 0.23716 -1.29084
v -0.07361 0.29504 -1.28956
v 0.22010 0.23135 -1.37860
v 0.00581 0.29218 -1.08114
v 0.00581 0.29218 -1.57524
v -0.07347 0.12157 -1.59775
v -0.11006 0.35053 -1.05189
v -0.11006 0.34177 -1.07791
v -0.10384 0.35643 -1.07945
v -0.10206 0.33541 -1.07241
v 0.01200 0.02312 -1.76967
v 0.17775 0.21471 -1.49037
v -0.01129 0.35948 -1.04724
v -0.01129 0.35921 -1.08473
v -0.01129 0.32714 -1.06575
v -0.01129 0.37044 -1.06621
v -0.01129 0.33783 -1.04724
v -0.01129 0.33757 -1.08473
v 0.01112 0.24796 -0.59989
v 0.04547 0.25715 -1.53088
v 0.13468 0.26389 -1.57125
v -0.13782 0.26261 -1.17686
v -0.13065 0.20898 -1.04156
v -0.13321 0.25548 -1.17963
v -0.13065 0.21699 -1.04156
v 0.19311 0.08706 -1.35894
v 0.19311 0.08706 -1.38549
v -0.13298 0.28413 -1.33776
v -0.13065 0.20096 -1.04156
v -0.03492 0.15606 -1.84914
v 0.16722 0.10738 -1.57234
v -0.13362 0.10434 -1.34414
v 0.12286 0.28764 -1.35894
v 0.12286 0.28764 -1.38549
v -0.04330 0.13961 -1.94209
v 0.15886 0.03505 -1.35988
v 0.15553 0.06362 -1.44398
v 0.15553 0.06362 -1.39274
v 0.15998 0.06362 -1.45845
v -0.13513 0.20898 -0.63361
v -0.13065 0.20096 -0.64382
v -0.13065 0.21699 -0.64382
v -0.02774 0.26610 -1.35894
v -0.02774 0.26610 -1.38549
v -0.13129 0.17769 -1.37277
v -0.06549 0.33014 -1.16113
v 0.19284 0.09931 -1.46235
v -0.03578 0.26610 -1.48158
v -0.03204 0.26596 -1.44160
v 0.12434 0.32156 -1.57780
v 0.12434 0.32156 -1.27449
v 0.12434 0.30680 -1.57780
v 0.12434 0.30680 -1.27449
v -0.01261 0.31261 -1.27022
v 0.11821 0.32018 -1.37573
v 0.12861 0.30218 -1.31062
v 0.12254 0.30368 -1.37573
v 0.12861 0.30218 -1.48296
v 0.05636 0.27974 -1.46235
v 0.05788 0.27151 -1.48158
v -0.10815 0.11082 -1.91589
v -0.10815 0.11082 -1.83609
v -0.10827 0.10974 -1.87238
v -0.13169 0.12870 -1.06322
v -0.00296 0.18051 -0.54211
v 0.13484 0.23880 -1.46235
v -0.10815 0.04615 -1.84611
v -0.10815 0.06515 -1.81652
v -0.10815 0.06515 -1.77587
v -0.12975 0.12199 -1.13971
v -0.01712 0.05579 -1.39499
v -0.03354 0.05579 -1.22444
v -0.01712 0.05579 -1.54489
v 0.12254 0.30368 -1.54807
v -0.00296 0.16978 -0.70527
v -0.00795 0.16982 -0.83661
v -0.00296 0.18149 -0.83541
v -0.00795 0.18149 -0.70461
v 0.18497 0.17641 -1.46504
v -0.03979 0.26439 -1.38263
v -0.03979 0.26096 -1.45845
v -0.01260 0.28902 -1.59572
v 0.03015 0.25601 -1.29257
v -0.06506 0.27315 -1.47826
v -0.06236 0.27859 -1.39669
v -0.05655 0.27689 -1.45842
v -0.07209 0.30482 -1.16455
v -0.07209 0.32384 -1.24508
v -0.07209 0.32384 -1.16455
v -0.14474 0.12504 -1.06837
v 0.14240 0.10138 -1.29084
v 0.17705 0.21676 -1.46504
v -0.11461 0.05915 -1.87529
v -0.11178 0.07643 -1.89134
v 0.02127 0.18149 -0.52798
v -0.05577 0.18149 -1.76967
v 0.15077 0.10382 -1.44045
v 0.06590 0.27205 -1.38549
v -0.05318 0.26521 -1.57352
v -0.11178 0.04311 -1.89134
v -0.11178 0.04781 -1.87999
v 0.06391 0.33094 -1.48463
v -0.14447 0.12310 -1.24381
v 0.08541 0.26821 -1.39274
v 0.02127 0.12130 -0.52798
v -0.14329 0.12498 -1.30606
v 0.14029 0.30409 -1.59688
v 0.12142 0.31258 -1.53451
v 0.17723 0.21737 -1.48158
v 0.02127 0.10550 -0.63491
v -0.06738 0.32613 -0.81894
v -0.06738 0.32357 -0.83225
v -0.06738 0.31332 -0.83225
v -0.06738 0.31076 -0.81894
v 0.12478 0.27983 -1.46235
v 0.02127 0.06985 -0.63491
v 0.02127 0.18149 -1.27992
v 0.04539 0.03473 -1.46550
v -0.06625 0.09831 -1.77587
v -0.05577 0.20430 -1.94209
v 0.02127 0.10652 -1.22071
v 0.17157 0.17712 -1.46235
v 0.18536 0.17591 -1.48158
v -0.10815 0.04493 -1.87890
v -0.09442 0.21470 -1.44449
v -0.09442 0.21469 -1.39617
v -0.09442 0.17743 -1.12009
v -0.09442 0.17748 -1.40340
v -0.09442 0.17748 -1.43596
v 0.02910 0.25436 -1.49037
v 0.02234 -0.00044 -1.53478
v 0.02127 0.06985 -1.22071
v -0.10054 0.28248 -1.52727
v -0.11547 0.28796 -1.33686
v 0.18934 0.09275 -1.44045
v 0.17294 0.24407 -1.45845
v 0.15805 0.28302 -1.31262
v -0.07746 0.26581 -1.46504
v 0.02127 0.00092 -1.78380
v 0.02127 0.18149 -1.41999
v 0.02127 0.18149 -1.53765
v 0.02127 0.18149 -1.78380
v -0.09442 0.05579 -1.44512
v -0.09442 0.05579 -1.38050
v -0.09442 0.05579 -1.54489
v -0.09442 0.05571 -1.12018
v 0.12478 0.27983 -1.48158
v 0.06391 0.33094 -1.32661
v 0.02205 0.29207 -1.29340
v -0.01262 0.28902 -1.28212
v -0.03939 0.26610 -1.49037
v 0.15293 0.28023 -1.29127
v 0.04379 0.28432 -1.52873
v -0.00626 0.31262 -1.48745
v 0.16190 0.24999 -1.29020
v 0.18484 0.17857 -1.49037
v -0.03634 0.26581 -1.46504
v -0.05266 0.28085 -1.29284
v -0.11027 0.17769 -1.46999
v -0.05577 0.10013 -1.94209
v 0.16206 0.11925 -1.53088
v -0.06441 0.25310 -1.29348
v -0.01262 0.28902 -1.28305
v 0.02948 0.25515 -1.51972
v -0.10390 0.17769 -1.59130
v 0.01745 0.27405 -1.28212
v -0.12456 0.28519 -1.53467
v 0.04566 0.25728 -1.29189
v 0.01891 0.24997 -0.58699
v 0.01880 0.24841 -1.02990
v -0.05577 0.18149 -1.78380
v 0.04828 0.25075 -1.44045
v 0.05184 0.24410 -1.29340
v 0.02423 0.28652 -1.49462
v 0.02423 0.28652 -1.51207
v 0.02058 0.28906 -1.07630
v 0.02244 0.29137 -1.25799
v 0.03594 0.38249 -1.04029
v 0.03009 0.32927 -1.08685
v 0.03830 0.32927 -1.04028
v -0.00654 0.11432 -1.91589
v -0.02435 0.11082 -1.77587
v 0.04452 0.28580 -1.49037
v 0.18491 0.17749 -1.44160
v -0.10469 0.17769 -1.36979
v 0.15236 0.10294 -1.46235
v 0.15930 0.09096 -1.48158
v -0.06720 0.25909 -1.55428
v -0.00340 0.04493 -1.87890
v -0.02095 0.31503 -0.81352
v -0.02095 0.32186 -0.83324
v -0.13436 0.30071 -1.62673
v -0.01584 0.30752 -1.20505
v -0.01584 0.29986 -1.21389
v -0.13282 0.18149 -0.52798
v 0.02629 0.38293 -1.09151
v 0.18921 0.10439 -1.29348
v 0.13676 0.23100 -1.35894
v 0.13697 0.23533 -1.44155
v 0.13676 0.23100 -1.38549
v 0.18083 0.11240 -1.56346
v -0.04383 0.35607 -0.99010
v -0.04383 0.33941 -0.97517
v -0.04383 0.32892 -0.99729
v 0.16156 0.20324 -1.46504
v -0.04897 0.25237 -1.52873
v 0.10685 0.22369 -1.60288
v 0.02699 0.13198 -1.38470
v 0.18467 0.17946 -1.49037
v 0.15011 0.26430 -1.48158
v 0.05176 0.25001 -1.44155
v 0.04828 0.25272 -1.46504
v 0.15587 0.10381 -1.49037
v 0.05399 0.26952 -1.38263
v -0.03684 0.35033 -1.00257
v -0.03332 0.35543 -0.98146
v -0.03332 0.36045 -0.97850
v -0.10073 0.35042 -1.04951
v -0.10073 0.33159 -1.07912
v -0.10206 0.36526 -1.06598
v -0.10073 0.33823 -1.04793
v -0.03346 0.33450 -1.00312
v -0.03328 0.33350 -0.97480
v -0.03345 0.32651 -0.98929
v -0.01261 0.31261 -1.31169
v -0.06411 0.18557 -1.04664
v -0.06565 0.28126 -1.49037
v -0.06565 0.25094 -1.49037
v 0.04379 0.28432 -1.29054
v 0.14456 0.10100 -1.35894
v 0.14456 0.10100 -1.38549
v -0.01099 0.25050 -1.37744
v -0.11453 0.14246 -1.33946
v -0.11453 0.12130 -1.31225
v -0.11453 0.11572 -1.36332
v -0.11453 0.13122 -1.33946
v 0.02705 0.24706 -1.44165
v 0.02777 0.25134 -1.46504
v -0.14237 0.09034 -1.03731
v -0.10386 0.27437 -1.60232
v -0.10386 0.26778 -1.25487
v -0.10386 0.26778 -1.05394
v 0.21107 0.18740 -1.29084
v -0.11546 0.10266 -1.33240
v -0.11453 0.17090 -1.04740
v -0.11453 0.13122 -1.04740
v -0.10386 0.22978 -1.03759
v -0.10386 0.20374 -1.60232
v -0.10386 0.20374 -1.03759
v -0.10386 0.23987 -1.60232
v -0.10386 0.23987 -1.03759
v 0.15829 0.10441 -1.28711
v 0.15724 0.10393 -1.29186
v -0.08863 0.32096 -1.03600
v -0.08863 0.33619 -0.83763
v -0.08863 0.34258 -0.82478
v -0.11453 0.10334 -1.05518
v -0.11453 0.12130 -1.07460
v -0.11453 0.11572 -1.02353
v -0.14449 0.09028 -1.32385
v -0.13944 0.04811 -1.34415
v -0.08881 0.27437 -1.60232
v -0.08992 0.27437 -1.53945
v -0.08924 0.27437 -1.58846
v -0.09138 0.23987 -1.58431
v -0.08881 0.17769 -1.41989
v -0.10386 0.17769 -1.60232
v -0.10386 0.17769 -1.03759
v -0.10386 0.17769 -1.25487
v -0.10386 0.17769 -1.05394
v 0.16825 0.09199 -1.28700
v 0.13359 0.24392 -1.29054
v 0.00974 0.28990 -1.45315
v 0.01063 0.30050 -1.37684
v 0.01063 0.29684 -1.47826
v 0.00890 0.28529 -1.37684
v -0.11453 0.02473 -1.04740
v -0.11453 0.02473 -1.33946
v -0.11453 0.04023 -1.36332
v -0.11453 0.03920 -1.32325
v -0.11453 0.04343 -1.05924
v -0.11453 0.04023 -1.02353
v -0.11453 0.01349 -1.33946
v -0.11453 0.01349 -1.04740
v -0.08881 0.17769 -1.30547
v -0.08881 0.17769 -1.05394
v -0.08881 0.21290 -1.35787
v 0.01507 0.24051 -1.37744
v -0.07765 0.20502 -0.54335
v -0.09577 0.19480 -0.56377
v -0.06506 0.27315 -1.37684
v -0.03464 0.30686 -1.60301
v -0.05577 0.32417 -1.52773
v -0.11938 0.28902 -1.33776
v 0.20115 0.11509 -1.35894
v 0.20115 0.11509 -1.38549
v 0.01238 0.23987 -1.04174
v 0.01974 0.22978 -1.27296
v 0.01974 0.22978 -1.29372
v 0.01974 0.22978 -1.46999
v 0.01974 0.22978 -1.36979
v 0.01974 0.17769 -1.27653
v 0.01974 0.17769 -1.50947
v 0.01974 0.17769 -1.44385
v 0.01974 0.17769 -1.36979
v 0.01974 0.17769 -1.05394
v 0.01974 0.17769 -1.60232
v -0.03946 0.32384 -1.16455
v -0.03946 0.30482 -1.16455
v 0.18985 0.11227 -1.49037
v 0.04065 0.38249 -1.08416
v 0.16838 0.24376 -1.44398
v 0.16956 0.24190 -1.39274
v 0.01026 0.29676 -1.40195
v -0.02208 0.28158 -1.40195
v -0.02404 0.38745 -1.06512
v 0.05986 0.13198 -1.38470
v 0.05986 0.13198 -1.45680
v 0.01632 0.26841 -1.46504
v 0.16691 0.08836 -1.46504
v 0.16003 0.06720 -1.44398
v 0.03216 0.27576 -1.56978
v 0.03291 0.32927 -1.09560
v 0.02257 0.16800 -1.39460
v -0.03637 0.27795 -1.29973
v -0.03038 0.27795 -1.30836
v -0.03339 0.24914 -1.30306
v 0.11717 0.24720 -1.49037
v -0.12680 0.29486 -1.29682
v -0.02290 0.29260 -1.45315
v -0.02483 0.29379 -1.40195
v -0.02483 0.28281 -1.45315
v 0.17513 0.13346 -1.28700
v -0.03328 0.27795 -1.23425
v -0.02873 0.24914 -1.24917
v 0.08270 0.26835 -1.38263
v 0.08255 0.27056 -1.45845
v 0.01725 0.26043 -1.46235
v 0.02046 0.25564 -1.48158
v -0.04122 0.26051 -1.28962
v 0.17486 0.22943 -1.29020
v 0.18743 0.11167 -1.28711
v 0.02459 0.23602 -1.44395
v -0.06746 0.28439 -1.46235
v -0.05818 0.28390 -1.28894
v -0.06525 0.25164 -1.28916
v 0.11300 0.26421 -1.49037
v -0.00658 0.26677 -1.44398
v -0.00658 0.26677 -1.39274
v -0.00628 0.26234 -1.35988
v -0.09895 0.28327 -1.00501
v 0.19443 0.10485 -1.48158
v 0.15086 0.27950 -1.35894
v 0.15086 0.27950 -1.38549
v -0.11714 -0.04034 -1.35874
v -0.11714 -0.04034 -1.46106
v -0.00773 0.33349 -0.97241
v -0.00570 0.35087 -0.97637
v -0.00570 0.33486 -1.00094
v -0.00773 0.35821 -1.00047
v -0.00773 0.35323 -0.99663
v -0.09493 0.32866 -1.04262
v 0.00873 0.36759 -1.09341
v -0.00773 0.32716 -0.98866
v -0.11722 0.04493 -1.83609
v -0.12175 0.05285 -1.84504
v -0.12187 0.09856 -1.86298
v -0.12175 0.09904 -1.83609
v -0.09026 0.29282 -0.63932
v -0.09026 0.29282 -1.00247
v -0.12562 0.13262 -1.37087
v -0.12562 0.13262 -1.39565
v -0.12562 0.13262 -1.47732
v -0.12562 0.13262 -1.50210
v -0.12562 0.15407 -1.38326
v -0.12562 0.12547 -1.38326
v -0.12562 0.12547 -1.48971
v -0.12562 0.14692 -1.37087
v -0.12562 0.14692 -1.39565
v -0.12562 0.15050 -1.48351
v -0.12562 0.14692 -1.50210
v 0.06022 0.27152 -1.44443
v 0.05734 0.27118 -1.46504
v 0.11897 0.24893 -1.29093
v -0.13508 0.11276 -1.06322
v 0.21037 0.22701 -1.59688
v 0.11607 0.22658 -1.42041
v 0.15932 0.17747 -1.35894
v 0.16326 0.17927 -1.44155
v 0.15932 0.17747 -1.38549
v 0.19606 0.08400 -1.28700
v 0.19366 0.08649 -1.29340
v 0.05626 0.27125 -1.44160
v 0.20657 0.21965 -1.59688
v -0.13508 0.11276 -1.23280
v 0.12902 0.25661 -1.57347
v -0.01792 0.16978 -0.70527
v -0.13127 0.11671 -1.30929
v -0.14041 0.13352 -1.30929
v -0.03528 0.09415 -1.12879
v -0.01792 0.18149 -0.83541
v -0.03528 0.07049 -1.12879
v -0.03528 0.07049 -0.54165
v -0.03528 0.09415 -0.54165
v 0.18435 0.18108 -1.29054
v 0.01455 0.17769 -1.46328
v -0.01792 0.17761 -1.07091
v -0.01792 0.16984 -0.92439
v -0.00795 0.18149 -0.92283
v -0.09895 0.28309 -0.62740
v -0.08811 0.21701 -1.25487
v -0.01260 0.32104 -1.04428
v -0.02661 0.33097 -1.14235
v 0.15818 0.12420 -1.44190
v -0.14794 0.12199 -1.02708
v 0.11883 0.25492 -1.55495
v -0.01260 0.33076 -1.53441
v -0.01260 0.30864 -1.61777
v 0.01062 0.26817 -1.43877
v -0.01260 0.25290 -0.59040
v -0.01228 0.29213 -1.63161
v 0.14584 0.25466 -1.29132
v -0.10313 0.27437 -1.60232
v -0.10313 0.27437 -1.59130
v -0.10313 0.25796 -1.03759
v -0.10313 0.26778 -1.25485
v -0.10313 0.26778 -1.05394
v -0.10313 0.26776 -1.28344
v 0.15186 0.13109 -1.29127
v 0.02470 0.19991 -0.52896
v 0.02470 0.17170 -0.52896
v -0.04392 0.30290 -1.23928
v -0.04392 0.30608 -1.17284
v -0.10092 0.36759 -1.09242
v -0.11597 0.32927 -1.09755
v -0.10313 0.22978 -1.03759
v -0.10313 0.20374 -1.03759
v -0.08170 0.22028 -1.60232
v -0.10313 0.23987 -1.54877
v -0.10313 0.23987 -1.03759
v -0.10313 0.23987 -1.28344
v -0.09955 0.23987 -1.05394
v -0.10313 0.17769 -1.38321
v -0.10313 0.17769 -1.45657
v -0.11097 0.26778 -1.25487
v -0.11097 0.26778 -1.05394
v 0.15719 0.06516 -1.44398
v 0.15719 0.06516 -1.39274
v 0.14889 0.10080 -1.44155
v -0.04392 0.28034 -1.15694
v -0.04392 0.24553 -1.11469
v -0.04392 0.27030 -0.96045
v -0.04392 0.25755 -1.09198
v -0.04392 0.24613 -0.96855
v -0.04392 0.28236 -1.22509
v -0.14794 0.12199 -1.33899
v 0.02514 0.24630 -1.29340
v 0.02219 0.26482 -1.35988
v 0.00041 0.28919 -1.50201
v 0.00041 0.28919 -1.35396
v -0.10313 0.17769 -1.60232
v -0.10313 0.17769 -1.28344
v -0.10313 0.17769 -1.49150
v -0.10313 0.17769 -1.31900
v -0.10313 0.17769 -1.27296
v -0.10313 0.17769 -1.46999
v -0.10313 0.17769 -1.36979
v -0.10313 0.17769 -1.03759
v -0.10313 0.17769 -1.25487
v -0.10313 0.17769 -1.05394
v -0.10313 0.17769 -1.59130
v -0.11273 0.17769 -1.03759
v -0.11097 0.17769 -1.60232
v -0.13129 0.17769 -1.27992
v -0.04392 0.25867 -0.94210
v 0.22230 0.24315 -1.59688
v 0.19856 0.11444 -1.29340
v 0.20419 0.21781 -1.29127
v -0.02212 0.29057 -1.32662
v -0.02112 0.28517 -1.33202
v -0.02212 0.28652 -1.35499
v -0.00883 0.25413 -1.46107
v -0.00612 0.25867 -1.37744
v 0.13713 0.31418 -1.57780
v 0.13713 0.31418 -1.27449
v 0.05428 0.27126 -1.49037
v 0.16006 0.20391 -1.44045
v 0.02945 0.25509 -1.28700
v 0.08947 0.18524 -1.49160
v 0.10882 0.18214 -1.36975
v -0.02747 0.13587 -1.79556
v -0.07450 0.22203 -1.22437
v -0.06969 0.22188 -1.12004
v -0.06938 0.21455 -1.39718
v -0.07801 0.17750 -1.22435
v -0.09442 0.17748 -1.54480
v 0.01507 0.24051 -1.46107
v 0.14018 0.30941 -1.37573
v 0.13359 0.24392 -1.52873
v 0.20528 0.11612 -1.29020
v 0.10181 0.26746 -1.35894
v 0.10181 0.26746 -1.38549
v 0.17569 0.10806 -1.57387
v 0.14018 0.30941 -1.54807
v -0.09442 0.05579 -1.22444
v -0.04205 0.21437 -1.44396
v -0.01712 0.21408 -1.39360
v -0.02696 0.21325 -1.40340
v -0.01712 0.17748 -1.37518
v -0.01712 0.17748 -1.54480
v -0.01712 0.17748 -1.46737
v -0.13014 0.38249 -1.07884
v -0.12812 0.38249 -1.04029
v 0.15819 0.12324 -1.46235
v 0.15261 0.12902 -1.38549
v 0.11432 0.25957 -1.45845
v -0.04185 0.05579 -1.54489
v -0.06684 0.05579 -1.45699
v -0.04185 0.05567 -1.12018
v 0.20961 0.20220 -1.35894
v 0.00771 0.26812 -1.35894
v 0.00771 0.26812 -1.38549
v -0.13129 0.17769 -1.45657
v 0.19550 0.19178 -1.28711
v 0.15261 0.12902 -1.35894
v -0.01260 0.26735 -1.63234
v 0.12050 0.27437 -1.59130
v -0.00406 0.26261 -1.03946
v -0.00842 0.26776 -1.28344
v 0.05998 0.27109 -1.43874
v 0.05518 0.27132 -1.49037
v 0.20888 0.18720 -1.38549
v -0.09895 0.30421 -1.61003
v -0.13625 0.29483 -1.63337
v 0.12001 0.26776 -1.27820
v -0.01282 0.23987 -1.05394
v 0.16350 0.09293 -1.45845
v 0.11059 0.20906 -1.49149
v -0.06763 0.30608 -1.23717
v -0.06763 0.30608 -1.17284
v 0.08176 0.27001 -1.39274
v -0.00842 0.17769 -1.31900
v -0.01558 0.17769 -1.05394
v -0.00842 0.17769 -1.36979
v -0.10465 0.26777 -1.27296
v 0.16473 0.20231 -1.49037
v -0.06763 0.26334 -1.12174
v -0.06763 0.27700 -0.96048
v -0.06763 0.24832 -1.12334
v -0.06763 0.25188 -0.96631
v -0.06763 0.25867 -0.94210
v -0.06763 0.28515 -1.23159
v -0.06763 0.28236 -1.17284
v -0.09895 0.25290 -0.59040
v -0.10465 0.17769 -1.27296
v 0.01205 0.17769 -1.36979
v 0.02508 0.23372 -1.39487
v 0.12647 0.26161 -1.57322
v 0.17825 0.12788 -1.46504
v -0.14644 0.29281 -1.30211
v -0.07627 0.09415 -1.12879
v 0.17049 0.09978 -1.56620
v -0.08493 0.33144 -1.09252
v -0.08493 0.33097 -1.14235
v -0.07627 0.07049 -1.12879
v -0.07627 0.09415 -0.54165
v -0.01260 0.28309 -0.62740
v -0.10360 0.16982 -0.83661
v -0.09363 0.18149 -0.83541
v -0.09363 0.18149 -1.07028
v -0.10382 0.32411 -0.98866
v -0.10382 0.33065 -0.99747
v -0.07627 0.07049 -0.54165
v 0.00115 0.31261 -1.32662
v -0.14418 0.11546 -1.02708
v -0.14418 0.12851 -1.02708
v -0.11464 0.23987 -1.56336
v -0.14644 0.29281 -1.55155
v -0.10382 0.35224 -1.00490
v -0.10382 0.34439 -0.97191
v -0.10382 0.35696 -0.98489
v 0.14551 0.25204 -1.45845
v -0.09861 0.16978 -0.70527
v 0.16336 0.28670 -1.42501
v 0.11458 0.26375 -1.29056
v 0.02705 0.28462 -1.49037
v -0.02129 0.29282 -0.63932
v -0.07220 0.26934 -1.29093
v -0.02129 0.29282 -1.00247
v -0.02129 0.33076 -1.04027
v -0.02129 0.33076 -1.24905
v 0.17769 0.12487 -1.49037
v 0.18445 0.15582 -1.39274
v -0.14417 0.12851 -1.33899
v 0.02056 0.29429 -1.35894
v 0.02056 0.29429 -1.38549
v 0.01027 0.09881 -1.86323
v 0.00784 0.28902 -1.57520
v -0.14417 0.11546 -1.33899
v -0.11646 0.38265 -1.09376
v 0.01020 0.05285 -1.84504
v 0.07048 0.22234 -1.46328
v 0.08443 0.24115 -1.45878
v 0.10791 0.26439 -1.44045
v 0.11213 0.26446 -1.49037
v 0.04707 0.25479 -1.49037
v 0.19324 0.20707 -1.29055
v 0.01407 0.13262 -1.47732
v 0.01407 0.13262 -1.50210
v 0.01407 0.15407 -1.48971
v 0.01407 0.12547 -1.48971
v 0.01407 0.14692 -1.47732
v 0.01407 0.14692 -1.50210
v -0.01260 0.28327 -1.00501
v -0.00196 0.29329 -1.50201
v -0.00196 0.29329 -1.35396
v -0.00196 0.28508 -1.50201
v -0.00196 0.28508 -1.35396
v -0.14150 0.04802 -1.03731
v -0.04634 0.24781 -1.46235
v -0.05402 0.24448 -1.48158
v -0.03674 0.27442 -1.46235
v -0.04634 0.28439 -1.48158
v 0.10793 0.23710 -1.29127
v -0.14150 0.02800 -1.04577
v -0.14150 0.04802 -1.13453
v 0.22479 0.22729 -1.27409
v -0.12500 0.32927 -1.08752
v -0.13048 0.32927 -1.04028
v -0.02747 0.13587 -1.59777
v -0.12279 0.33076 -1.29017
v 0.19903 0.24676 -1.48370
v 0.19695 0.24478 -1.31262
v 0.00559 -0.04034 -1.35874
v 0.11775 0.24776 -1.29024
v -0.07663 0.15606 -1.84914
v -0.14411 0.28877 -1.30211
v -0.14020 0.29761 -1.29471
v -0.08408 0.13587 -1.79556
v 0.13716 0.31119 -1.54770
v -0.14150 0.02800 -1.31971
v -0.02573 0.26520 -1.29084
v 0.18906 0.11208 -1.28700
v -0.04814 0.28126 -1.49037
v -0.04814 0.25094 -1.49037
v 0.01819 0.29783 -1.29020
v -0.07827 0.27795 -1.23425
v 0.14074 0.30647 -1.48370
v -0.12838 0.23987 -1.28318
v -0.08281 0.24914 -1.24917
v 0.16703 0.08774 -1.46235
v -0.14411 0.28877 -1.55155
v -0.14411 0.29685 -1.55155
v 0.13716 0.31119 -1.37442
v 0.13891 0.30880 -1.31262
v -0.08806 0.26520 -1.29084
v -0.13129 0.27437 -1.53685
v -0.06483 0.27983 -1.52873
v 0.16629 0.08517 -1.43736
v 0.14007 0.30467 -1.27409
v 0.15137 0.25305 -1.44045
v 0.16126 0.12006 -1.28700
v 0.16189 0.11909 -1.29189
v -0.08824 0.23987 -1.53689
v -0.07772 0.27795 -1.30113
v -0.07727 0.24914 -1.30938
v 0.18502 0.09545 -1.49037
v -0.08751 0.35374 -1.06146
v -0.08751 0.35374 -1.06877
v -0.08751 0.38745 -1.06552
v 0.19563 0.19173 -1.53312
v -0.13129 0.23987 -1.37746
v 0.15524 0.25192 -1.29340
v -0.07209 0.28355 -1.24508
v -0.07209 0.28355 -1.18583
v -0.12190 0.26785 -1.31900
v 0.17911 0.15276 -1.44605
v 0.18200 0.15337 -1.39274
v 0.18022 0.15120 -1.35988
v 0.17232 0.24193 -1.38263
v -0.05577 0.31533 -1.61198
v -0.05577 0.33471 -1.16597
v -0.05577 0.32417 -1.15804
v 0.12542 0.27720 -1.49037
v 0.12414 0.28243 -1.43736
v 0.16810 0.18513 -1.49037
v -0.13129 0.27437 -1.60232
v -0.13129 0.23987 -1.53685
v -0.13129 0.23987 -1.31900
v -0.13129 0.23987 -1.05394
v 0.00783 0.28902 -1.28212
v -0.02084 0.19967 -0.56377
v -0.04759 0.27338 -1.55495
v -0.13129 0.17769 -1.05394
v -0.13785 0.28601 -1.33826
v 0.11446 0.24289 -1.44045
v 0.11652 0.24658 -1.49037
v 0.16481 0.08002 -1.35894
v 0.16622 0.08556 -1.44443
v -0.14177 0.28601 -1.37019
v 0.04236 0.27148 -1.57219
v 0.15886 0.03505 -1.45845
v 0.16049 0.06655 -1.39274
v 0.15775 0.06362 -1.35988
v -0.07832 0.32960 -0.97876
v -0.07193 0.34933 -0.97689
v -0.07809 0.33450 -1.00312
v -0.07823 0.35224 -0.97241
v -0.07823 0.32411 -0.98866
v -0.07830 0.35844 -0.99556
v -0.05981 0.27157 -1.39669
v -0.06566 0.27423 -1.45842
v -0.02292 0.32622 -1.03771
v -0.02292 0.32163 -0.78299
v -0.02292 0.34193 -0.82520
v 0.01974 0.22978 -1.60232
v -0.01261 0.27437 -1.60232
v -0.02274 0.23987 -1.31900
v -0.00842 0.23987 -1.28344
v -0.02274 0.23987 -1.25487
v -0.02274 0.23987 -1.59130
v -0.02794 0.22795 -1.25487
v -0.02274 0.21290 -1.35787
v -0.02292 0.28861 -0.78299
v -0.02292 0.28861 -0.87756
v -0.04752 0.17769 -1.60232
v -0.01558 0.17769 -1.37986
v -0.02274 0.17769 -1.27098
v 0.10190 0.20530 -1.37600
v 0.19517 0.20875 -1.49037
v 0.12139 0.27137 -1.27089
v -0.04389 0.17390 -1.04664
v 0.11733 0.22226 -1.60239
v 0.11697 0.22688 -1.27296
v 0.11673 0.20966 -1.36980
v -0.07332 0.22234 -1.37650
v -0.04593 0.18207 -1.07368
v -0.06772 0.35607 -0.99010
v -0.06772 0.32903 -0.98286
v -0.06772 0.33957 -1.00504
v -0.01122 0.26239 -1.38263
v -0.01122 0.26239 -1.45845
v 0.19739 0.21234 -1.44045
v 0.10953 0.26522 -1.48158
v 0.17840 0.21138 -1.28711
v 0.18564 0.09480 -1.49037
v -0.03497 0.28189 -1.47826
v -0.04128 0.28208 -1.37684
v -0.03184 0.29259 -1.47826
v -0.03102 0.29270 -1.37684
v 0.18204 0.17935 -1.38263
v 0.17986 0.17893 -1.45845
v 0.13398 0.24231 -1.49037
v -0.07441 0.26610 -1.49037
v -0.05205 0.25123 -1.29136
v 0.01266 0.33595 -1.08713
v 0.02186 0.32409 -1.05585
v 0.02186 0.36152 -1.08827
v 0.01266 0.36136 -1.04484
v 0.16813 0.09263 -1.45011
v -0.03719 0.18149 -0.52798
v 0.18588 0.17329 -1.43736
v -0.05345 0.08368 -0.52798
v -0.09060 0.32683 -0.81693
v -0.09571 0.30178 -1.21500
v -0.09571 0.30561 -1.20394
v -0.09110 0.02312 -1.27713
v 0.07015 0.27233 -1.28700
v 0.06683 0.27010 -1.29340
v 0.04638 0.29109 -1.43900
v 0.04492 0.28661 -1.49037
v 0.02127 0.00092 -0.52798
v -0.13213 0.28906 -1.07630
v -0.08408 0.16855 -1.59777
v 0.17824 0.21220 -1.52873
v -0.09060 0.31332 -0.81451
v -0.09060 0.31503 -0.83324
v 0.02099 0.26901 -1.29056
v 0.18435 0.18108 -1.52873
v 0.02262 0.00009 -1.28197
v -0.14570 0.29961 -1.33826
v -0.13352 0.12012 -1.13453
v 0.02242 0.16799 -1.44390
v 0.20306 0.19798 -1.46235
v 0.19721 0.21053 -1.48158
v 0.16388 0.20260 -1.49037
v 0.20128 0.18980 -1.48158
v 0.19871 0.19068 -1.49037
v -0.12279 0.25290 -0.59040
v -0.13295 0.24857 -1.03316
v -0.14177 0.30131 -1.37019
v 0.06459 0.20056 -1.39460
v -0.10815 0.08191 -1.91589
v -0.08720 0.11082 -1.91589
v -0.09949 0.11323 -1.77587
v 0.18640 0.17065 -1.29340
v 0.00115 0.33076 -1.32593
v 0.12185 0.29177 -1.29020
v -0.10815 0.05576 -1.90505
v 0.17634 0.22099 -1.44160
v 0.17568 0.22525 -1.38549
v -0.05974 0.26633 -1.57437
v -0.06007 0.26060 -1.56538
v 0.02396 0.24390 -1.35894
v 0.02396 0.24390 -1.38549
v 0.18567 0.17360 -1.44443
v 0.13667 0.23135 -1.29340
v 0.16873 0.23998 -1.44398
v 0.16818 0.23841 -1.35988
v 0.17036 0.23884 -1.45845
v -0.14768 0.09032 -1.13453
v 0.17568 0.22525 -1.35894
v 0.18691 0.16803 -1.35894
v 0.13777 0.22686 -1.28700
v 0.10535 0.19635 -1.46550
v 0.17657 0.21783 -1.44215
v 0.02750 0.28395 -1.28700
v 0.02821 0.28290 -1.29189
v 0.17723 0.12328 -1.52873
v -0.13944 0.28877 -1.30211
v -0.13944 0.29685 -1.30211
v 0.12564 0.27632 -1.49037
v 0.11724 0.32075 -1.31062
v 0.11703 0.31896 -1.48296
v 0.12058 0.21066 -1.49147
v 0.11943 0.18996 -1.27448
v -0.08174 0.26593 -1.44160
v 0.16552 0.18307 -1.46504
v 0.12254 0.32468 -1.54807
v 0.12008 0.31418 -1.57780
v 0.12008 0.31418 -1.27449
v -0.13282 0.18149 -1.53765
v -0.13282 0.18149 -1.78380
v 0.16742 0.18454 -1.49037
v 0.17619 0.22263 -1.29340
v 0.19434 0.11468 -1.44045
v 0.19072 0.11249 -1.49037
v 0.04858 0.25254 -1.46235
v -0.09995 0.09747 -1.94209
v -0.13944 0.28877 -1.55155
v -0.13944 0.29685 -1.55155
v -0.13282 0.18149 -1.38955
v -0.13282 0.18149 -1.27992
v -0.01260 0.27648 -1.60146
v -0.01260 0.29483 -1.60432
v 0.04858 0.25254 -1.48158
v 0.16925 0.21482 -1.46235
v -0.04962 0.28733 -1.52727
v -0.05902 0.28248 -1.49094
v 0.16442 0.18279 -1.44190
v 0.15453 0.12505 -1.44165
v 0.15546 0.11303 -1.46504
v -0.01160 0.00912 -1.94209
v 0.06370 0.20220 -1.44390
v -0.13282 0.11404 -1.32496
v 0.16064 0.18965 -1.48158
v -0.13664 0.11546 -1.02708
v -0.13664 0.12851 -1.02708
v -0.04417 0.32613 -0.81894
v -0.04417 0.31076 -0.81894
v -0.04417 0.31844 -0.83225
v -0.01260 0.30476 -1.60307
v -0.00801 0.26501 -1.44398
v -0.00801 0.26501 -1.39274
v 0.01631 0.22443 -1.37890
v 0.01631 0.22443 -1.46483
v 0.16778 0.09035 -1.49037
v -0.13282 0.10334 -1.05518
v -0.13282 0.12130 -1.07460
v -0.00340 0.06515 -1.77587
v 0.02699 0.13198 -1.45680
v 0.01631 0.03365 -1.37600
v -0.13282 0.10124 -0.52798
v -0.13282 0.12130 -0.52798
v -0.13282 0.04343 -1.32761
v -0.13282 0.03465 -1.07460
v -0.13282 0.05262 -1.05518
v 0.14310 0.27206 -1.49037
v -0.13130 0.13729 -0.53982
v -0.12420 0.13729 -0.59246
v -0.12420 0.14639 -0.56685
v -0.12420 0.14639 -0.61949
v -0.12420 0.15159 -0.53982
v -0.12894 0.15159 -0.59246
v -0.13129 0.17769 -1.30821
v -0.01712 0.17743 -1.12009
v -0.01712 0.21512 -1.44135
v -0.01712 0.17748 -1.43596
v -0.01712 0.17748 -1.40340
v -0.13282 0.06111 -0.52798
v -0.13282 0.08118 -0.52798
v -0.13282 0.00092 -1.78380
v 0.14602 0.27394 -1.44190
v -0.13503 0.26727 -1.62987
v 0.13552 0.23837 -1.44215
v 0.13420 0.24144 -1.49037
v 0.01631 0.03365 -1.46550
v 0.15202 0.26477 -1.46235
v -0.13282 -0.01925 -1.35792
v -0.13282 0.00092 -1.27992
v -0.13664 0.12851 -1.33899
v 0.16927 0.19334 -1.55428
v 0.16412 0.07759 -1.29180
v -0.01712 0.05579 -1.44773
v -0.01712 0.05579 -1.22444
v -0.14153 0.10431 -1.02135
v 0.00023 0.05289 -1.90645
v 0.00023 0.07014 -1.87729
v 0.08508 0.18696 -1.28372
v 0.08555 0.18513 -1.57990
v -0.13664 0.11546 -1.33899
v 0.19449 0.20815 -1.49037
v 0.00528 0.05078 -1.87695
v 0.17645 0.09362 -1.28711
v -0.14153 0.10431 -1.24798
v -0.04019 0.29504 -1.29084
v -0.03946 0.32384 -1.24508
v -0.03946 0.28355 -1.24508
v -0.03946 0.28355 -1.18583
v -0.06901 0.28576 -1.43900
v 0.12142 0.30350 -1.60397
v -0.09363 0.16986 -1.07218
v -0.09861 0.16984 -0.92439
v -0.10360 0.18149 -0.92283
v -0.10859 0.18149 -0.83541
v -0.05690 0.29232 -1.29340
v -0.07014 0.24316 -1.29340
v -0.10859 0.18032 -0.54211
v 0.05478 0.25196 -1.28700
v 0.17368 0.21037 -1.35988
v 0.09963 0.26716 -1.29084
v 0.02385 0.29057 -1.34183
v 0.19665 0.19162 -1.29186
v -0.14153 0.10431 -1.34413
v 0.01910 0.25627 -1.18018
v 0.02504 0.28762 -1.46235
v 0.03248 0.29146 -1.48158
v 0.12140 0.29480 -1.37885
v 0.02445 0.28409 -1.35200
v -0.13710 0.29281 -1.30211
v 0.02358 0.20898 -0.63361
v 0.01910 0.20898 -1.04156
v 0.01910 0.20096 -0.64382
v 0.01910 0.20096 -1.04156
v 0.01910 0.21699 -0.64382
v 0.01910 0.21699 -1.04156
v -0.05110 0.16931 -1.94209
v 0.08230 0.31259 -1.32661
v -0.08087 0.22234 -1.45657
v -0.00340 0.11082 -1.77587
v 0.00225 0.10904 -1.83609
v -0.00340 0.11082 -1.87853
v -0.12538 0.13751 -0.90725
v -0.12854 0.13835 -0.72615
v -0.12538 0.13919 -0.71595
v -0.12728 0.16059 -0.91274
v -0.12917 0.15934 -0.71487
v -0.13215 0.15183 -0.89573
v -0.12538 0.15516 -0.73197
v -0.08189 0.28053 -1.35894
v -0.08606 0.26610 -1.38549
v -0.02661 0.33051 -1.09252
v -0.04605 0.33181 -1.16113
v -0.00340 0.08191 -1.91589
v -0.00340 0.05576 -1.90505
v -0.00340 0.06515 -1.81652
v -0.00340 0.08539 -1.85148
v -0.10428 0.17769 -1.49150
v -0.07706 0.25779 -1.46235
v -0.07706 0.27442 -1.48158
v 0.11421 0.23355 -1.28344
v 0.02870 0.25355 -1.49037
v 0.00567 0.04493 -1.83609
v -0.00340 0.04493 -1.84964
v -0.07292 0.14771 -1.94209
v -0.13710 0.29281 -1.55155
v 0.02751 0.25114 -1.44353
v 0.00347 0.26783 -1.28700
v 0.14126 0.27029 -1.29055
v -0.07360 0.26610 -1.28700
v 0.20593 0.21999 -1.27409
v -0.09442 0.05579 -1.40949
v -0.09442 0.05579 -1.46745
v -0.00670 0.29329 -1.50201
v -0.00670 0.29329 -1.35396
v -0.00670 0.28508 -1.50201
v -0.00670 0.28508 -1.35396
v 0.05179 0.27109 -1.28711
v 0.14749 0.25418 -1.49037
v -0.07531 0.26610 -1.49037
v 0.08553 0.26805 -1.44398
v 0.08668 0.26683 -1.35988
v 0.08730 0.26897 -1.45845
v -0.01262 0.27139 -1.27263
v -0.01262 0.29483 -1.27073
v -0.11736 0.29218 -1.08114
v -0.11736 0.29218 -1.57524
v -0.07935 0.26486 -1.44045
v -0.12267 0.24796 -0.59989
v -0.12452 0.24842 -1.03316
v 0.05422 0.26611 -1.45845
v 0.03262 0.26980 -1.57279
v -0.06233 0.29057 -1.48784
v -0.06516 0.28517 -1.36086
v 0.12623 0.27390 -1.29221
v 0.04965 0.29626 -1.35894
v 0.04965 0.29626 -1.38549
v -0.12898 0.27405 -1.08294
v -0.07122 0.17184 -1.13601
v -0.07402 0.18319 -1.04664
v -0.06701 0.19535 -1.13601
v 0.00803 0.26777 -1.27218
v 0.00980 0.23987 -1.27258
v -0.00668 0.17769 -1.03628
v 0.12836 0.30403 -1.48370
v -0.09893 0.29483 -1.07725
v -0.09893 0.29483 -1.25019
v -0.13288 0.12199 -1.02708
v -0.09889 0.25290 -1.02977
v 0.06109 0.22234 -1.36979
v -0.06921 0.24349 -1.44006
v -0.06718 0.24801 -1.46504
v -0.11884 0.03318 -1.89134
v -0.11531 0.05270 -1.90693
v -0.11884 0.04079 -1.90970
v -0.11884 0.04277 -1.87942
v -0.11884 0.07406 -1.89905
v -0.11884 0.06023 -1.86685
v -0.07879 0.34216 -0.82541
v -0.07879 0.30881 -1.02188
v -0.08317 0.32304 -0.78430
v -0.07879 0.30624 -0.80763
v -0.07879 0.33703 -0.83608
v 0.02021 0.26896 -1.51972
v -0.09995 0.09747 -1.77659
v -0.09995 0.00912 -1.94209
v -0.00917 0.26163 -1.44398
v -0.00928 0.26199 -1.39274
v -0.00643 0.26455 -1.45845
v -0.08754 0.28861 -1.00866
v 0.16935 0.18622 -1.29055
v -0.09995 0.00912 -1.77659
v 0.14423 0.25513 -1.28966
v -0.13288 0.12199 -1.33899
v 0.19786 0.19097 -1.49037
v -0.03279 0.25682 -0.57038
v -0.03279 0.24577 -0.60006
v -0.03279 0.24577 -0.55026
v -0.03279 0.21666 -0.60245
v -0.03279 0.21391 -0.55474
v -0.13625 0.32133 -1.29027
v -0.13625 0.32133 -1.53471
v -0.13625 0.22728 -1.24976
v -0.13405 0.22726 -1.33776
v -0.13343 0.22722 -1.53484
v -0.13250 0.26710 -1.57463
v -0.13322 0.29046 -1.25100
v -0.13625 0.28902 -1.53471
v -0.13624 0.31895 -1.54367
v 0.12142 0.29347 -1.59460
v -0.07148 0.24085 -1.35894
v -0.13625 0.17176 -1.05102
v 0.12476 0.24194 -1.46504
v -0.13625 0.23963 -0.57501
v -0.06745 0.24783 -1.44353
v -0.06610 0.25016 -1.49037
v -0.06610 0.28205 -1.49037
v -0.13508 0.13122 -1.23280
v -0.07148 0.24085 -1.38549
v -0.07385 0.25065 -1.12004
v -0.07302 0.27795 -1.15526
v 0.12603 0.27472 -1.52873
v -0.13625 0.17170 -0.63932
v 0.00038 0.35495 -0.99364
v -0.14574 0.13122 -1.13971
v -0.06969 0.21408 -1.43596
v -0.13367 0.12622 -1.24381
v -0.00232 0.33167 -0.98107
v -0.07801 0.17735 -1.12008
v -0.09442 0.17748 -1.46737
v -0.01366 0.30421 -1.61003
v 0.07949 0.22234 -1.38321
v 0.08462 0.24206 -1.37829
v 0.09045 0.18467 -1.36973
v 0.11027 0.19675 -1.27504
v 0.10581 0.18651 -1.59161
v -0.05577 0.38315 -1.06877
v -0.05577 0.38315 -1.06146
v 0.17794 0.12574 -1.49037
v -0.13363 0.12151 -1.30675
v 0.11453 0.26028 -1.35988
v -0.02404 0.35374 -1.06512
v -0.07148 0.29135 -1.38549
vt 0.21423 0.62321
vt 0.23739 0.56477
vt 0.23875 0.62636
vt 0.21135 0.62677
vt 0.22216 0.66520
vt 0.21387 0.60876
vt 0.19253 0.48399
vt 0.11204 0.47513
vt 0.22389 0.47266
vt 0.21387 0.60876
vt 0.21423 0.56477
vt 0.21423 0.62321
vt 0.21114 0.62595
vt 0.20434 0.47603
vt 0.21020 0.55837
vt 0.23739 0.56477
vt 0.21387 0.60876
vt 0.23978 0.62305
vt 0.21135 0.62677
vt 0.20904 0.58378
vt 0.21020 0.55837
vt 0.23739 0.56477
vt 0.23978 0.62305
vt 0.23875 0.62636
vt 0.11204 0.47513
vt 0.21233 0.47266
vt 0.22389 0.47266
vt 0.23695 0.64050
vt 0.21135 0.62677
vt 0.21043 0.52884
vt 0.24119 0.47266
vt 0.23695 0.64050
vt 0.21043 0.52884
vt 0.22216 0.66520
vt 0.23695 0.64050
vt 0.23978 0.62305
vt 0.11220 0.57531
vt 0.21020 0.55837
vt 0.20904 0.58378
vt 0.11220 0.57531
vt 0.19253 0.48399
vt 0.21020 0.55837
vt 0.19253 0.48399
vt 0.22389 0.47266
vt 0.24119 0.47266
vt 0.23739 0.56477
vt 0.21423 0.56477
vt 0.21387 0.60876
vt 0.11205 0.48062
vt 0.11204 0.47513
vt 0.19253 0.48399
vt 0.21020 0.55837
vt 0.11220 0.57531
vt 0.20904 0.58378
vt 0.19543 0.49135
vt 0.11223 0.55115
vt 0.21020 0.55837
vt 0.24119 0.47266
vt 0.23978 0.62305
vt 0.24119 0.47266
vt 0.24119 0.47266
vt 0.23739 0.47266
vt 0.24119 0.47266
vt 0.21135 0.62677
vt 0.21423 0.62321
vt 0.21114 0.62595
vt 0.22389 0.47266
vt 0.24119 0.47266
vt 0.23739 0.47266
vt 0.21135 0.62677
vt 0.21387 0.60876
vt 0.21423 0.62321
vt 0.21423 0.62321
vt 0.22216 0.66520
vt 0.21114 0.62595
vt 0.23875 0.62636
vt 0.23739 0.56477
vt 0.23739 0.56477
vt 0.22389 0.47266
vt 0.20434 0.47603
vt 0.24119 0.47266
vt 0.24119 0.47266
vt 0.22389 0.47266
vt 0.23739 0.47266
vt 0.21135 0.62677
vt 0.21114 0.62595
vt 0.20904 0.58378
vt 0.21114 0.62595
vt 0.22216 0.66520
vt 0.24029 0.62483
vt 0.24029 0.62483
vt 0.23875 0.62636
vt 0.24119 0.47266
vt 0.11220 0.57531
vt 0.11205 0.48062
vt 0.19253 0.48399
vt 0.24119 0.47266
vt 0.23875 0.62636
vt 0.23978 0.62305
vt 0.21233 0.47266
vt 0.20434 0.47603
vt 0.22389 0.47266
vt 0.21233 0.47266
vt 0.11204 0.47513
vt 0.20434 0.47603
vt 0.19253 0.48399
vt 0.21043 0.52884
vt 0.21020 0.55837
vt 0.21020 0.55837
vt 0.20904 0.58378
vt 0.21114 0.62595
vt 0.23695 0.64050
vt 0.22216 0.66520
vt 0.21135 0.62677
vt 0.21043 0.52884
vt 0.21135 0.62677
vt 0.21020 0.55837
vt 0.11204 0.47513
vt 0.11223 0.55115
vt 0.19543 0.49135
vt 0.21020 0.55837
vt 0.11223 0.55115
vt 0.11220 0.57531
vt 0.20434 0.47603
vt 0.11204 0.47513
vt 0.19543 0.49135
vt 0.19543 0.49135
vt 0.21020 0.55837
vt 0.20434 0.47603
vt 0.11205 0.48062
vt 0.11223 0.55115
vt 0.11204 0.47513
vt 0.21423 0.62321
vt 0.21423 0.56477
vt 0.23739 0.56477
vt 0.23978 0.62305
vt 0.21387 0.60876
vt 0.22216 0.66520
vt 0.19253 0.48399
vt 0.24119 0.47266
vt 0.21043 0.52884
vt 0.21423 0.56477
vt 0.23739 0.56477
vt 0.23739 0.56477
vt 0.24119 0.47266
vt 0.23978 0.62305
vt 0.23695 0.64050
vt 0.21114 0.62595
vt 0.24029 0.62483
vt 0.24119 0.47266
vt 0.21114 0.62595
vt 0.24119 0.47266
vt 0.20434 0.47603
vt 0.11205 0.48062
vt 0.11220 0.57531
vt 0.11223 0.55115
vt 0.23875 0.62636
vt 0.24029 0.62483
vt 0.22216 0.66520
vt 0.22216 0.66520
vt 0.21423 0.62321
vt 0.23875 0.62636
vt 0.43204 0.69928
vt 0.40795 0.67310
vt 0.43204 0.66931
vt 0.30582 0.67412
vt 0.40795 0.59204
vt 0.40795 0.67310
vt 0.43204 0.69844
vt 0.43204 0.69928
vt 0.43204 0.66931
vt 0.43204 0.66931
vt 0.43204 0.56168
vt 0.43204 0.69844
vt 0.30582 0.56380
vt 0.43204 0.56168
vt 0.40795 0.59204
vt 0.28173 0.69827
vt 0.28173 0.56168
vt 0.30582 0.56380
vt 0.43204 0.69928
vt 0.43204 0.69844
vt 0.28173 0.69827
vt 0.30582 0.67412
vt 0.30582 0.56380
vt 0.40795 0.59204
vt 0.28173 0.56168
vt 0.43204 0.69844
vt 0.30582 0.56380
vt 0.40795 0.67310
vt 0.43204 0.69928
vt 0.28173 0.69827
vt 0.40795 0.67310
vt 0.43204 0.56168
vt 0.43204 0.66931
vt 0.28173 0.56168
vt 0.28173 0.56168
vt 0.30582 0.56380
vt 0.40795 0.67310
vt 0.40795 0.59204
vt 0.43204 0.56168
vt 0.43204 0.69844
vt 0.43204 0.56168
vt 0.30582 0.56380
vt 0.40795 0.67310
vt 0.28173 0.69827
vt 0.30582 0.67412
vt 0.28173 0.69827
vt 0.30582 0.56380
vt 0.30582 0.67412
vt 0.43204 0.69844
vt 0.28173 0.56168
vt 0.28173 0.69827
vt 0.28173 0.56168
vt 0.28173 0.56168
vt 0.28173 0.69827
vt 0.10174 0.34873
vt 0.10371 0.34873
vt 0.10371 0.28279
vt 0.10174 0.27683
vt 0.10371 0.28279
vt 0.10371 0.34873
vt 0.11073 0.34608
vt 0.10956 0.27750
vt 0.12127 0.34608
vt 0.10174 0.34617
vt 0.10272 0.48348
vt 0.02248 0.48571
vt 0.02248 0.48571
vt 0.10174 0.34873
vt 0.02248 0.34361
vt 0.10272 0.48348
vt 0.10174 0.55079
vt 0.02248 0.55676
vt 0.02248 0.55676
vt 0.10174 0.55079
vt 0.10223 0.48341
vt 0.10174 0.34873
vt 0.10371 0.28279
vt 0.10174 0.27683
vt 0.10174 0.27683
vt 0.10371 0.34873
vt 0.10174 0.34617
vt 0.02248 0.34361
vt 0.02248 0.48571
vt 0.02248 0.48571
vt 0.10174 0.34617
vt 0.10371 0.34873
vt 0.10272 0.48348
vt 0.02248 0.48571
vt 0.02248 0.55676
vt 0.02248 0.48571
vt 0.02248 0.34361
vt 0.02248 0.48571
vt 0.02248 0.34361
vt 0.10371 0.28279
vt 0.11073 0.34608
vt 0.10371 0.34873
vt 0.10371 0.48324
vt 0.12127 0.34608
vt 0.10371 0.34608
vt 0.10223 0.48341
vt 0.10371 0.34873
vt 0.10174 0.34873
vt 0.10371 0.34608
vt 0.12127 0.34608
vt 0.10956 0.27750
vt 0.10371 0.34873
vt 0.10223 0.48341
vt 0.10371 0.48324
vt 0.10371 0.34873
vt 0.11073 0.34608
vt 0.10272 0.48348
vt 0.10371 0.28279
vt 0.10371 0.34873
vt 0.10371 0.34608
vt 0.10371 0.54653
vt 0.10956 0.55182
vt 0.10371 0.48324
vt 0.12127 0.48324
vt 0.10956 0.55182
vt 0.12127 0.48324
vt 0.10272 0.48348
vt 0.12127 0.48324
vt 0.10956 0.55182
vt 0.10371 0.34873
vt 0.10371 0.48324
vt 0.10371 0.34608
vt 0.10174 0.34617
vt 0.02248 0.48571
vt 0.02248 0.34361
vt 0.02248 0.34361
vt 0.02248 0.27257
vt 0.02248 0.34361
vt 0.02248 0.34361
vt 0.10174 0.27683
vt 0.02248 0.27257
vt 0.10371 0.28279
vt 0.10956 0.27750
vt 0.11073 0.34608
vt 0.10174 0.55079
vt 0.10371 0.54653
vt 0.10223 0.48341
vt 0.10371 0.54653
vt 0.10272 0.48348
vt 0.10956 0.55182
vt 0.10371 0.54653
vt 0.10371 0.48324
vt 0.10223 0.48341
vt 0.02248 0.34361
vt 0.10174 0.34873
vt 0.10174 0.27683
vt 0.02248 0.48571
vt 0.10223 0.48341
vt 0.10174 0.34873
vt 0.10272 0.48348
vt 0.10371 0.54653
vt 0.10174 0.55079
vt 0.10956 0.55182
vt 0.12127 0.48324
vt 0.10371 0.48324
vt 0.12127 0.34608
vt 0.12127 0.48324
vt 0.12127 0.48324
vt 0.11073 0.34608
vt 0.12127 0.48324
vt 0.10272 0.48348
vt 0.10371 0.28279
vt 0.10371 0.34608
vt 0.10956 0.27750
vt 0.10174 0.27683
vt 0.10174 0.34617
vt 0.02248 0.34361
vt 0.10371 0.48324
vt 0.12127 0.48324
vt 0.12127 0.34608
vt 0.10174 0.27683
vt 0.02248 0.34361
vt 0.02248 0.27257
vt 0.10272 0.48348
vt 0.02248 0.55676
vt 0.02248 0.48571
vt 0.02248 0.55676
vt 0.10223 0.48341
vt 0.02248 0.48571
vt 0.12127 0.48324
vt 0.11073 0.34608
vt 0.12127 0.34608
vt 0.18177 0.85224
vt 0.47509 0.82500
vt 0.41184 0.95397
vt 0.22210 0.74861
vt 0.48401 0.85536
vt 0.47509 0.82500
vt 0.18582 0.88824
vt 0.18177 0.85224
vt 0.41184 0.95397
vt 0.18177 0.85224
vt 0.18121 0.72879
vt 0.47509 0.82500
vt 0.18121 0.72879
vt 0.18177 0.85224
vt 0.07700 0.63546
vt 0.17080 0.65790
vt 0.18121 0.72879
vt 0.17224 0.63399
vt 0.22210 0.74861
vt 0.47509 0.82500
vt 0.18121 0.72879
vt 0.18582 0.88824
vt 0.41184 0.95397
vt 0.46328 0.99229
vt 0.22210 0.74861
vt 0.17292 0.85262
vt 0.18582 0.88824
vt 0.17224 0.63399
vt 0.07700 0.63546
vt 0.17080 0.65790
vt 0.18582 0.88824
vt 0.48401 0.85536
vt 0.22210 0.74861
vt 0.17292 0.85262
vt 0.22210 0.74861
vt 0.18604 0.75090
vt 0.17080 0.65790
vt 0.18604 0.75090
vt 0.18121 0.72879
vt 0.18121 0.72879
vt 0.18604 0.75090
vt 0.22210 0.74861
vt 0.17292 0.85262
vt 0.18177 0.85224
vt 0.18582 0.88824
vt 0.17224 0.63399
vt 0.18121 0.72879
vt 0.07700 0.63546
vt 0.17292 0.85262
vt 0.17080 0.65790
vt 0.07700 0.63546
vt 0.18582 0.88824
vt 0.46328 0.99229
vt 0.48401 0.85536
vt 0.46651 0.96798
vt 0.47509 0.82500
vt 0.48401 0.85536
vt 0.41184 0.95397
vt 0.47509 0.82500
vt 0.46651 0.96798
vt 0.46651 0.96798
vt 0.48401 0.85536
vt 0.46328 0.99229
vt 0.17292 0.85262
vt 0.18604 0.75090
vt 0.17080 0.65790
vt 0.18177 0.85224
vt 0.17292 0.85262
vt 0.07700 0.63546
vt 0.46328 0.99229
vt 0.41184 0.95397
vt 0.46651 0.96798
vt 0.19398 0.90083
vt 0.46611 0.99388
vt 0.48113 0.89650
vt 0.47995 0.85559
vt 0.19014 0.75771
vt 0.22259 0.75929
vt 0.45426 0.97837
vt 0.47101 0.96833
vt 0.46611 0.99388
vt 0.22010 0.78589
vt 0.17737 0.81758
vt 0.18236 0.88114
vt 0.17737 0.81758
vt 0.19014 0.75771
vt 0.17452 0.81197
vt 0.45426 0.97837
vt 0.45426 1.00000
vt 0.19123 0.89730
vt 0.18578 0.86254
vt 0.19123 0.89730
vt 0.18236 0.88114
vt 0.48113 0.89650
vt 0.46611 0.99388
vt 0.47101 0.96833
vt 0.18578 0.86254
vt 0.18236 0.88114
vt 0.17737 0.81758
vt 0.47476 0.85677
vt 0.22259 0.75929
vt 0.22010 0.78589
vt 0.45426 1.00000
vt 0.46611 0.99388
vt 0.19398 0.90083
vt 0.47476 0.85677
vt 0.48113 0.89650
vt 0.47995 0.85559
vt 0.19123 0.89730
vt 0.19398 0.90083
vt 0.18236 0.88114
vt 0.45426 0.97837
vt 0.19123 0.89730
vt 0.18578 0.86254
vt 0.45426 0.97837
vt 0.46611 0.99388
vt 0.45426 1.00000
vt 0.47995 0.85559
vt 0.22259 0.75929
vt 0.47476 0.85677
vt 0.19398 0.90083
vt 0.48113 0.89650
vt 0.22010 0.78589
vt 0.22259 0.75929
vt 0.19014 0.75771
vt 0.17737 0.81758
vt 0.22010 0.78589
vt 0.18236 0.88114
vt 0.19398 0.90083
vt 0.48113 0.89650
vt 0.47101 0.96833
vt 0.47995 0.85559
vt 0.18578 0.86254
vt 0.17737 0.81758
vt 0.17452 0.81197
vt 0.47476 0.85677
vt 0.22010 0.78589
vt 0.48113 0.89650
vt 0.45426 1.00000
vt 0.19398 0.90083
vt 0.19123 0.89730
vt 0.17737 0.81758
vt 0.22010 0.78589
vt 0.22259 0.75929
vt 0.47995 0.85449
vt 0.47041 0.94337
vt 0.48321 0.85177
vt 0.47314 0.81370
vt 0.18361 0.81923
vt 0.20236 0.71763
vt 0.19123 0.88018
vt 0.45426 0.96125
vt 0.45426 0.98288
vt 0.17743 0.83520
vt 0.18240 0.77221
vt 0.17707 0.75089
vt 0.47041 0.94337
vt 0.45426 0.96125
vt 0.45605 0.93314
vt 0.19123 0.85855
vt 0.18361 0.81923
vt 0.45605 0.93314
vt 0.47476 0.81802
vt 0.22259 0.74217
vt 0.47995 0.85449
vt 0.17707 0.75089
vt 0.18240 0.77221
vt 0.20236 0.71763
vt 0.45426 0.96125
vt 0.47101 0.96161
vt 0.45426 0.98288
vt 0.48321 0.85177
vt 0.45605 0.93314
vt 0.47314 0.81370
vt 0.47314 0.81370
vt 0.45605 0.93314
vt 0.18361 0.81923
vt 0.47476 0.81802
vt 0.22259 0.72055
vt 0.22259 0.74217
vt 0.45426 0.96125
vt 0.47041 0.94337
vt 0.47101 0.96161
vt 0.48321 0.85177
vt 0.47041 0.94337
vt 0.45605 0.93314
vt 0.19123 0.88018
vt 0.19123 0.85855
vt 0.45426 0.96125
vt 0.17743 0.83520
vt 0.18361 0.81923
vt 0.19123 0.85855
vt 0.20236 0.71763
vt 0.18240 0.77221
vt 0.22259 0.74217
vt 0.47314 0.81370
vt 0.22259 0.72055
vt 0.47476 0.81802
vt 0.19123 0.85855
vt 0.45605 0.93314
vt 0.45426 0.96125
vt 0.17707 0.75089
vt 0.20236 0.71763
vt 0.18361 0.81923
vt 0.47314 0.81370
vt 0.20236 0.71763
vt 0.22259 0.72055
vt 0.17743 0.83520
vt 0.17707 0.75089
vt 0.18361 0.81923
vt 0.47995 0.85449
vt 0.47101 0.96161
vt 0.47041 0.94337
vt 0.47995 0.85449
vt 0.48321 0.85177
vt 0.47476 0.81802
vt 0.47476 0.81802
vt 0.48321 0.85177
vt 0.47314 0.81370
vt 0.20236 0.71763
vt 0.22259 0.74217
vt 0.22259 0.72055
vt 0.17743 0.83520
vt 0.19123 0.85855
vt 0.19123 0.88018
vt 0.35020 0.62847
vt 0.38848 0.62680
vt 0.34201 0.66598
vt 0.38848 0.62680
vt 0.41172 0.63058
vt 0.41172 0.65916
vt 0.38848 0.62680
vt 0.38848 0.62739
vt 0.35020 0.62847
vt 0.35020 0.62847
vt 0.38848 0.62739
vt 0.38848 0.62680
vt 0.38848 0.62680
vt 0.41172 0.65916
vt 0.34201 0.66598
vt 0.35020 0.62847
vt 0.34201 0.66598
vt 0.41172 0.65916
vt 0.41172 0.65916
vt 0.41172 0.63058
vt 0.38848 0.62680
vt 0.38848 0.62680
vt 0.35020 0.62847
vt 0.41172 0.65916
vt 0.01982 0.55622
vt 0.17307 0.63769
vt 0.18084 0.66905
vt 0.11628 0.48625
vt 0.01982 0.55622
vt 0.01982 0.48625
vt 0.01982 0.55622
vt 0.18084 0.66905
vt 0.08709 0.68025
vt 0.08709 0.68025
vt 0.17798 0.71080
vt 0.08652 0.71288
vt 0.01982 0.55622
vt 0.11628 0.59660
vt 0.17307 0.63769
vt 0.08709 0.68025
vt 0.08652 0.71288
vt 0.01982 0.59107
vt 0.08709 0.68025
vt 0.18084 0.66905
vt 0.17798 0.71080
vt 0.01982 0.55622
vt 0.01982 0.59107
vt 0.01982 0.48625
vt 0.01982 0.59107
vt 0.11628 0.59660
vt 0.11628 0.48625
vt 0.11628 0.48625
vt 0.11628 0.59660
vt 0.01982 0.55622
vt 0.17307 0.63769
vt 0.17798 0.71080
vt 0.18084 0.66905
vt 0.01982 0.59107
vt 0.11628 0.48625
vt 0.01982 0.48625
vt 0.08652 0.71288
vt 0.17798 0.71080
vt 0.17307 0.63769
vt 0.11628 0.59660
vt 0.08652 0.71288
vt 0.17307 0.63769
vt 0.08709 0.68025
vt 0.01982 0.59107
vt 0.01982 0.55622
vt 0.01982 0.59107
vt 0.08652 0.71288
vt 0.11628 0.59660
vt 0.21359 0.61466
vt 0.21485 0.64275
vt 0.22861 0.58827
vt 0.21359 0.61466
vt 0.23467 0.70319
vt 0.21485 0.64275
vt 0.24700 0.72739
vt 0.23891 0.73305
vt 0.23501 0.61331
vt 0.22861 0.58827
vt 0.24700 0.72739
vt 0.23501 0.61331
vt 0.21359 0.61466
vt 0.23891 0.73305
vt 0.23467 0.70319
vt 0.21359 0.61466
vt 0.23501 0.61331
vt 0.23891 0.73305
vt 0.23467 0.70319
vt 0.24700 0.72739
vt 0.22861 0.58827
vt 0.23501 0.61331
vt 0.21359 0.61466
vt 0.22861 0.58827
vt 0.23891 0.73305
vt 0.24700 0.72739
vt 0.23467 0.70319
vt 0.21485 0.64275
vt 0.23467 0.70319
vt 0.22861 0.58827
vt 0.23231 0.59686
vt 0.24202 0.71940
vt 0.24141 0.71563
vt 0.23231 0.59686
vt 0.24141 0.71563
vt 0.23206 0.59108
vt 0.21268 0.62515
vt 0.24202 0.71940
vt 0.23231 0.59686
vt 0.24141 0.71563
vt 0.24202 0.71940
vt 0.21268 0.62515
vt 0.23206 0.59108
vt 0.21268 0.62515
vt 0.23231 0.59686
vt 0.21292 0.62922
vt 0.24141 0.71563
vt 0.21268 0.62515
vt 0.23417 0.74022
vt 0.24141 0.71563
vt 0.24202 0.71940
vt 0.23206 0.59108
vt 0.24141 0.71563
vt 0.21292 0.62922
vt 0.23206 0.59108
vt 0.21292 0.62922
vt 0.21268 0.62515
vt 0.24141 0.71563
vt 0.23417 0.74022
vt 0.24202 0.71940
vt 0.31400 0.70189
vt 0.31400 0.72930
vt 0.33746 0.70641
vt 0.31400 0.72930
vt 0.33746 0.70641
vt 0.33746 0.72814
vt 0.31400 0.72930
vt 0.33746 0.72814
vt 0.33746 0.70641
vt 0.31400 0.72930
vt 0.31400 0.70189
vt 0.33746 0.70641
vt 0.37775 0.71142
vt 0.37775 0.71936
vt 0.40121 0.70146
vt 0.37775 0.71142
vt 0.40121 0.70146
vt 0.40121 0.73446
vt 0.37775 0.71936
vt 0.37775 0.71142
vt 0.40121 0.73446
vt 0.37775 0.71936
vt 0.40121 0.73446
vt 0.40121 0.70146
vt 0.04693 0.58491
vt 0.04693 0.57007
vt 0.04018 0.54460
vt 0.04693 0.57007
vt 0.04018 0.61037
vt 0.04018 0.54460
vt 0.04693 0.58491
vt 0.04018 0.61037
vt 0.04693 0.57007
vt 0.04018 0.54460
vt 0.04018 0.61037
vt 0.04693 0.58491
vt 0.13415 0.66310
vt 0.12183 0.65863
vt 0.12331 0.63206
vt 0.12331 0.63206
vt 0.12183 0.65863
vt 0.13006 0.60659
vt 0.12183 0.65863
vt 0.13415 0.66310
vt 0.13006 0.60659
vt 0.13415 0.66310
vt 0.12331 0.63206
vt 0.13006 0.60659
vt 0.15401 0.63973
vt 0.15401 0.69795
vt 0.16601 0.68286
vt 0.16601 0.68286
vt 0.15401 0.69795
vt 0.16601 0.65482
vt 0.16601 0.65482
vt 0.15401 0.69795
vt 0.15401 0.63973
vt 0.16601 0.68286
vt 0.16601 0.65482
vt 0.15401 0.63973
vt 0.30935 0.73268
vt 0.28677 0.70338
vt 0.28677 0.73634
vt 0.28677 0.73634
vt 0.28677 0.70338
vt 0.30935 0.73268
vt 0.28677 0.70338
vt 0.30935 0.69972
vt 0.30935 0.73268
vt 0.30935 0.69972
vt 0.28677 0.70338
vt 0.30935 0.73268
vt 0.41140 0.87871
vt 0.41208 0.95565
vt 0.41140 0.89867
vt 0.43421 0.93277
vt 0.41208 0.95565
vt 0.41140 0.87871
vt 0.41140 0.87871
vt 0.40667 0.83308
vt 0.43191 0.83308
vt 0.41140 0.89867
vt 0.41208 0.95565
vt 0.43421 0.93277
vt 0.41140 0.89867
vt 0.43421 0.93277
vt 0.43191 0.83308
vt 0.41140 0.87871
vt 0.41140 0.89867
vt 0.40667 0.83308
vt 0.40667 0.83308
vt 0.41140 0.89867
vt 0.43191 0.83308
vt 0.43421 0.93277
vt 0.41140 0.87871
vt 0.43191 0.83308
vt 0.22838 0.77484
vt 0.23067 0.87453
vt 0.25118 0.82889
vt 0.25592 0.87453
vt 0.24329 0.81092
vt 0.25592 0.76329
vt 0.24329 0.81092
vt 0.23067 0.87453
vt 0.22838 0.77484
vt 0.25592 0.87453
vt 0.23067 0.87453
vt 0.24329 0.81092
vt 0.22838 0.77484
vt 0.25118 0.82889
vt 0.25592 0.76329
vt 0.25118 0.82889
vt 0.25592 0.87453
vt 0.25592 0.76329
vt 0.25118 0.82889
vt 0.23067 0.87453
vt 0.25592 0.87453
vt 0.25592 0.76329
vt 0.24329 0.81092
vt 0.22838 0.77484
vt 0.23258 0.61659
vt 0.21826 0.63170
vt 0.21980 0.62776
vt 0.21826 0.63170
vt 0.23258 0.61659
vt 0.21980 0.62776
vt 0.23258 0.61659
vt 0.21980 0.62776
vt 0.23304 0.62105
vt 0.23258 0.61659
vt 0.23304 0.62105
vt 0.21980 0.62776
vt 0.04967 0.58183
vt 0.05357 0.61071
vt 0.03090 0.60121
vt 0.04318 0.57152
vt 0.05357 0.54427
vt 0.03279 0.54427
vt 0.03279 0.54427
vt 0.03090 0.60121
vt 0.04318 0.57152
vt 0.04967 0.58183
vt 0.03090 0.60121
vt 0.03279 0.54427
vt 0.05357 0.61071
vt 0.04318 0.57152
vt 0.03090 0.60121
vt 0.05357 0.61071
vt 0.04967 0.58183
vt 0.05357 0.54427
vt 0.05357 0.54427
vt 0.04967 0.58183
vt 0.03279 0.54427
vt 0.04318 0.57152
vt 0.05357 0.61071
vt 0.05357 0.54427
vt 0.11478 0.61575
vt 0.11478 0.66320
vt 0.12706 0.63351
vt 0.13265 0.65452
vt 0.11478 0.66320
vt 0.11478 0.61575
vt 0.12706 0.63351
vt 0.13934 0.66320
vt 0.13300 0.59692
vt 0.11478 0.61575
vt 0.12706 0.63351
vt 0.13300 0.59692
vt 0.11478 0.66320
vt 0.13265 0.65452
vt 0.13934 0.66320
vt 0.13934 0.66320
vt 0.12706 0.63351
vt 0.11478 0.66320
vt 0.13934 0.66320
vt 0.13265 0.65452
vt 0.13300 0.59692
vt 0.13300 0.59692
vt 0.13265 0.65452
vt 0.11478 0.61575
vt 0.17229 0.69256
vt 0.16001 0.66287
vt 0.14962 0.70206
vt 0.17229 0.69256
vt 0.16651 0.67318
vt 0.16001 0.62255
vt 0.16001 0.66287
vt 0.17229 0.69256
vt 0.16001 0.62255
vt 0.16001 0.62255
vt 0.14962 0.70206
vt 0.16001 0.66287
vt 0.14962 0.66174
vt 0.14962 0.70206
vt 0.16001 0.62255
vt 0.16651 0.67318
vt 0.14962 0.70206
vt 0.14962 0.66174
vt 0.17229 0.69256
vt 0.14962 0.70206
vt 0.16651 0.67318
vt 0.14962 0.66174
vt 0.16001 0.62255
vt 0.16651 0.67318
vt 0.42658 0.92204
vt 0.41200 0.94038
vt 0.42385 0.86337
vt 0.41565 0.83242
vt 0.41200 0.94038
vt 0.42658 0.92204
vt 0.42658 0.92204
vt 0.42385 0.86337
vt 0.41565 0.83242
vt 0.42385 0.86337
vt 0.41200 0.94038
vt 0.41565 0.83242
vt 0.24694 0.76264
vt 0.23600 0.87060
vt 0.25059 0.85226
vt 0.25059 0.85226
vt 0.23600 0.87060
vt 0.23874 0.79359
vt 0.25059 0.85226
vt 0.23874 0.79359
vt 0.24694 0.76264
vt 0.23874 0.79359
vt 0.23600 0.87060
vt 0.24694 0.76264
vt 0.10362 0.37978
vt 0.07537 0.36651
vt 0.24350 0.34896
vt 0.07537 0.36651
vt 0.06573 0.42330
vt 0.10362 0.37978
vt 0.06573 0.42330
vt 0.24350 0.34896
vt 0.10362 0.37978
vt 0.24341 0.35887
vt 0.24341 0.30274
vt 0.24350 0.34896
vt 0.24341 0.47113
vt 0.24341 0.35887
vt 0.24350 0.34896
vt 0.10362 0.48545
vt 0.06573 0.42330
vt 0.24344 0.44848
vt 0.06573 0.42330
vt 0.24349 0.45023
vt 0.24350 0.34896
vt 0.24341 0.35887
vt 0.24349 0.37978
vt 0.24350 0.34896
vt 0.06124 0.45251
vt 0.10362 0.48545
vt 0.06573 0.42330
vt 0.07537 0.36651
vt 0.10362 0.37978
vt 0.06573 0.42330
vt 0.06124 0.45251
vt 0.06573 0.42330
vt 0.10362 0.48545
vt 0.10362 0.37978
vt 0.24350 0.34896
vt 0.24349 0.37978
vt 0.24341 0.47113
vt 0.24349 0.45023
vt 0.24343 0.51507
vt 0.06573 0.42330
vt 0.24349 0.37978
vt 0.24344 0.44848
vt 0.10362 0.48545
vt 0.24349 0.45023
vt 0.06573 0.42330
vt 0.10362 0.48545
vt 0.24344 0.44848
vt 0.24343 0.51507
vt 0.10362 0.37978
vt 0.24350 0.34896
vt 0.07537 0.36651
vt 0.24341 0.47113
vt 0.24350 0.34896
vt 0.24349 0.45023
vt 0.24341 0.35887
vt 0.24350 0.34896
vt 0.24341 0.30274
vt 0.24344 0.44848
vt 0.24349 0.37978
vt 0.24341 0.35887
vt 0.10362 0.48545
vt 0.24343 0.51507
vt 0.24349 0.45023
vt 0.06573 0.42330
vt 0.10362 0.37978
vt 0.24349 0.37978
vt 0.28654 0.60392
vt 0.28473 0.67829
vt 0.28657 0.67829
vt 0.24027 0.56171
vt 0.24027 0.67829
vt 0.24027 0.67829
vt 0.24027 0.67829
vt 0.28657 0.67829
vt 0.26782 0.67829
vt 0.25007 0.67829
vt 0.24806 0.67829
vt 0.24027 0.67829
vt 0.24027 0.67829
vt 0.24806 0.67829
vt 0.25007 0.67829
vt 0.31864 0.46992
vt 0.24806 0.46992
vt 0.24027 0.46992
vt 0.46595 0.60392
vt 0.46577 0.66424
vt 0.44062 0.66424
vt 0.44062 0.60392
vt 0.44062 0.66424
vt 0.46577 0.66424
vt 0.36928 0.46992
vt 0.34334 0.46992
vt 0.33385 0.46992
vt 0.24027 0.59849
vt 0.24027 0.67829
vt 0.24027 0.67829
vt 0.39521 0.46992
vt 0.34334 0.46992
vt 0.33385 0.46992
vt 0.39944 0.60392
vt 0.39996 0.56615
vt 0.34334 0.56615
vt 0.34178 0.60668
vt 0.33860 0.56615
vt 0.39521 0.56615
vt 0.39870 0.60865
vt 0.40470 0.56615
vt 0.39996 0.56615
vt 0.24022 0.56599
vt 0.24027 0.67829
vt 0.24806 0.67829
vt 0.47458 0.46992
vt 0.44062 0.46992
vt 0.47066 0.46992
vt 0.46577 0.46992
vt 0.44062 0.46992
vt 0.45019 0.46992
vt 0.28657 0.60392
vt 0.28657 0.67829
vt 0.24027 0.67829
vt 0.48597 0.66409
vt 0.62806 0.66409
vt 0.62806 0.66409
vt 0.62806 0.66409
vt 0.63913 0.64649
vt 0.63962 0.64292
vt 0.47318 0.46992
vt 0.44826 0.46992
vt 0.46577 0.46992
vt 0.31864 0.53752
vt 0.23987 0.56906
vt 0.24784 0.48893
vt 0.31866 0.54098
vt 0.31857 0.48618
vt 0.24784 0.48893
vt 0.40470 0.58219
vt 0.36928 0.58219
vt 0.47318 0.57267
vt 0.24027 0.58219
vt 0.23987 0.56906
vt 0.36928 0.58219
vt 0.34178 0.60668
vt 0.36891 0.57529
vt 0.24022 0.56599
vt 0.39870 0.60865
vt 0.40470 0.60392
vt 0.36891 0.57529
vt 0.62806 0.60392
vt 0.63962 0.58219
vt 0.63962 0.52606
vt 0.63962 0.52606
vt 0.63962 0.58219
vt 0.63962 0.58219
vt 0.47318 0.57267
vt 0.47171 0.51099
vt 0.47211 0.49636
vt 0.46595 0.60392
vt 0.48597 0.66409
vt 0.46577 0.66404
vt 0.48597 0.46992
vt 0.47318 0.46992
vt 0.45019 0.46992
vt 0.25301 0.60392
vt 0.25007 0.67829
vt 0.26782 0.67829
vt 0.46577 0.59030
vt 0.46577 0.60392
vt 0.46948 0.66405
vt 0.24027 0.56171
vt 0.24027 0.67829
vt 0.24027 0.67829
vt 0.24806 0.60017
vt 0.24806 0.67829
vt 0.25007 0.67829
vt 0.36891 0.57529
vt 0.31866 0.54098
vt 0.24022 0.56599
vt 0.44062 0.46992
vt 0.40470 0.46992
vt 0.45019 0.46992
vt 0.33385 0.46992
vt 0.31864 0.46992
vt 0.24027 0.46992
vt 0.44062 0.46992
vt 0.40470 0.46992
vt 0.40470 0.46992
vt 0.39759 0.46992
vt 0.40470 0.46992
vt 0.44062 0.46992
vt 0.47066 0.46992
vt 0.40470 0.46992
vt 0.40470 0.46992
vt 0.47318 0.57267
vt 0.40470 0.53883
vt 0.47171 0.51099
vt 0.40470 0.46992
vt 0.34334 0.46992
vt 0.39521 0.46992
vt 0.47318 0.58219
vt 0.47318 0.57267
vt 0.46948 0.66405
vt 0.40470 0.58219
vt 0.47066 0.46992
vt 0.40470 0.46992
vt 0.40470 0.58219
vt 0.40470 0.46992
vt 0.35233 0.46992
vt 0.40470 0.46992
vt 0.36928 0.46992
vt 0.45019 0.46992
vt 0.39759 0.46992
vt 0.40470 0.46992
vt 0.40470 0.46992
vt 0.33699 0.60392
vt 0.33860 0.56615
vt 0.34178 0.60668
vt 0.39870 0.60865
vt 0.36891 0.57529
vt 0.34178 0.60668
vt 0.48597 0.57823
vt 0.62806 0.46992
vt 0.62806 0.60392
vt 0.36891 0.57529
vt 0.40470 0.53883
vt 0.31866 0.54098
vt 0.28657 0.60392
vt 0.39944 0.60392
vt 0.33699 0.60392
vt 0.24027 0.46992
vt 0.24027 0.52606
vt 0.24027 0.56171
vt 0.24027 0.46992
vt 0.24027 0.52606
vt 0.24027 0.46992
vt 0.39759 0.46992
vt 0.40470 0.46992
vt 0.40470 0.46992
vt 0.39521 0.46992
vt 0.39521 0.46992
vt 0.34334 0.46992
vt 0.34178 0.60668
vt 0.39521 0.56615
vt 0.39870 0.60865
vt 0.23987 0.56906
vt 0.40470 0.53883
vt 0.47318 0.57267
vt 0.48597 0.66409
vt 0.62806 0.66409
vt 0.48597 0.66409
vt 0.48599 0.66409
vt 0.62806 0.60392
vt 0.46577 0.60392
vt 0.62806 0.60392
vt 0.63962 0.64292
vt 0.63962 0.60392
vt 0.46577 0.60392
vt 0.62806 0.60392
vt 0.48597 0.60392
vt 0.62806 0.46992
vt 0.46826 0.46992
vt 0.63962 0.46992
vt 0.24806 0.46992
vt 0.24027 0.46992
vt 0.24027 0.46992
vt 0.62806 0.46992
vt 0.45019 0.46992
vt 0.62806 0.46992
vt 0.46577 0.60392
vt 0.46577 0.66404
vt 0.48599 0.66409
vt 0.41314 0.54580
vt 0.48597 0.55466
vt 0.45019 0.46992
vt 0.63962 0.52606
vt 0.63962 0.58219
vt 0.63962 0.52606
vt 0.44062 0.60392
vt 0.44062 0.66424
vt 0.44062 0.60392
vt 0.40260 0.46992
vt 0.28657 0.60392
vt 0.34334 0.46992
vt 0.34334 0.46992
vt 0.28657 0.60392
vt 0.24027 0.46992
vt 0.24027 0.46992
vt 0.24027 0.56171
vt 0.24027 0.46992
vt 0.62806 0.46992
vt 0.62806 0.60392
vt 0.62806 0.46992
vt 0.24027 0.46992
vt 0.24027 0.54009
vt 0.24027 0.46992
vt 0.24027 0.56171
vt 0.24027 0.46992
vt 0.24027 0.46992
vt 0.47318 0.58219
vt 0.62806 0.46992
vt 0.47066 0.46992
vt 0.62806 0.60392
vt 0.46577 0.66405
vt 0.46577 0.60392
vt 0.62806 0.60392
vt 0.46577 0.60392
vt 0.48597 0.60392
vt 0.48597 0.46992
vt 0.47318 0.46992
vt 0.47318 0.46992
vt 0.31864 0.46992
vt 0.31864 0.46992
vt 0.24806 0.46992
vt 0.24027 0.60392
vt 0.24027 0.67829
vt 0.24027 0.67829
vt 0.26782 0.60392
vt 0.26782 0.67829
vt 0.28473 0.67829
vt 0.63962 0.58219
vt 0.63962 0.60392
vt 0.63962 0.60392
vt 0.40470 0.46992
vt 0.40470 0.46992
vt 0.39521 0.46992
vt 0.28473 0.67829
vt 0.26782 0.67829
vt 0.28657 0.67829
vt 0.46577 0.46992
vt 0.44826 0.46992
vt 0.40260 0.46992
vt 0.33699 0.60392
vt 0.34334 0.56615
vt 0.33860 0.56615
vt 0.34334 0.46992
vt 0.39521 0.46992
vt 0.33385 0.46992
vt 0.48597 0.66409
vt 0.48597 0.66409
vt 0.47318 0.66406
vt 0.63962 0.52606
vt 0.63962 0.58219
vt 0.63962 0.46992
vt 0.46577 0.66404
vt 0.47318 0.66406
vt 0.46577 0.66404
vt 0.46577 0.66404
vt 0.46577 0.66404
vt 0.46577 0.60392
vt 0.48597 0.66409
vt 0.62806 0.66409
vt 0.62806 0.66409
vt 0.24027 0.54009
vt 0.24027 0.59849
vt 0.24027 0.60392
vt 0.24806 0.46992
vt 0.24806 0.46992
vt 0.24027 0.46992
vt 0.31864 0.46992
vt 0.24027 0.46992
vt 0.24806 0.46992
vt 0.48597 0.66409
vt 0.48597 0.66409
vt 0.46577 0.66404
vt 0.63962 0.64292
vt 0.63913 0.64649
vt 0.63962 0.60392
vt 0.24806 0.46992
vt 0.24806 0.46992
vt 0.24027 0.46992
vt 0.44062 0.46992
vt 0.40260 0.46992
vt 0.40470 0.46992
vt 0.33385 0.46992
vt 0.33385 0.46992
vt 0.31864 0.46992
vt 0.63962 0.46992
vt 0.46826 0.46992
vt 0.48597 0.46992
vt 0.63962 0.46992
vt 0.62806 0.46992
vt 0.62806 0.46992
vt 0.62806 0.46992
vt 0.48597 0.46992
vt 0.48597 0.46992
vt 0.24027 0.67829
vt 0.26782 0.67829
vt 0.24806 0.67829
vt 0.63962 0.46992
vt 0.63962 0.52606
vt 0.63962 0.46992
vt 0.24027 0.46992
vt 0.24027 0.46992
vt 0.24027 0.52606
vt 0.30593 0.46992
vt 0.33385 0.58219
vt 0.35233 0.46992
vt 0.40470 0.58219
vt 0.45850 0.58219
vt 0.47066 0.46992
vt 0.24027 0.58219
vt 0.30593 0.46992
vt 0.24027 0.46992
vt 0.62806 0.46992
vt 0.62806 0.60392
vt 0.46826 0.46992
vt 0.63962 0.46992
vt 0.63962 0.52606
vt 0.63962 0.52606
vt 0.62806 0.60392
vt 0.63962 0.52606
vt 0.63962 0.46992
vt 0.64055 0.46992
vt 0.62806 0.46992
vt 0.62806 0.46992
vt 0.23987 0.56906
vt 0.31864 0.53752
vt 0.40470 0.53883
vt 0.31864 0.53752
vt 0.31866 0.54098
vt 0.40470 0.53883
vt 0.36928 0.58219
vt 0.23987 0.56906
vt 0.47318 0.57267
vt 0.40470 0.46992
vt 0.39521 0.46992
vt 0.36928 0.46992
vt 0.39521 0.46992
vt 0.34334 0.46992
vt 0.36928 0.46992
vt 0.28657 0.60392
vt 0.39928 0.60392
vt 0.39944 0.60392
vt 0.39759 0.46992
vt 0.35233 0.46992
vt 0.40470 0.46992
vt 0.39759 0.46992
vt 0.33860 0.46992
vt 0.35233 0.46992
vt 0.39870 0.60865
vt 0.39521 0.56615
vt 0.40470 0.56615
vt 0.24027 0.46992
vt 0.24027 0.54009
vt 0.24027 0.52606
vt 0.33385 0.58219
vt 0.40470 0.58219
vt 0.35233 0.46992
vt 0.46826 0.46992
vt 0.44062 0.60392
vt 0.44826 0.46992
vt 0.46948 0.66405
vt 0.47318 0.57593
vt 0.46577 0.59030
vt 0.46826 0.46992
vt 0.46595 0.60392
vt 0.44062 0.60392
vt 0.47345 0.60392
vt 0.46948 0.66405
vt 0.47374 0.66407
vt 0.31864 0.53752
vt 0.24784 0.48893
vt 0.31857 0.48618
vt 0.47318 0.58219
vt 0.46948 0.66405
vt 0.47345 0.60392
vt 0.24806 0.60392
vt 0.34178 0.60668
vt 0.24806 0.60392
vt 0.40475 0.48496
vt 0.40470 0.53883
vt 0.40474 0.47950
vt 0.31857 0.48618
vt 0.31866 0.54098
vt 0.31864 0.53752
vt 0.33860 0.46992
vt 0.30593 0.46992
vt 0.35233 0.46992
vt 0.48597 0.66409
vt 0.48599 0.66409
vt 0.47318 0.66406
vt 0.47318 0.57593
vt 0.47211 0.49636
vt 0.46577 0.59030
vt 0.24027 0.67829
vt 0.25007 0.67829
vt 0.24027 0.67829
vt 0.24806 0.67829
vt 0.24027 0.67829
vt 0.24027 0.67829
vt 0.24027 0.67829
vt 0.25007 0.67829
vt 0.24027 0.67829
vt 0.24022 0.56599
vt 0.24806 0.67829
vt 0.24806 0.60017
vt 0.23987 0.56906
vt 0.24027 0.67829
vt 0.24022 0.56599
vt 0.24027 0.67829
vt 0.24027 0.67829
vt 0.23987 0.56906
vt 0.24806 0.60017
vt 0.25007 0.67829
vt 0.24806 0.60392
vt 0.33860 0.46992
vt 0.24027 0.46992
vt 0.30593 0.46992
vt 0.28657 0.60392
vt 0.33699 0.60392
vt 0.28654 0.60392
vt 0.31866 0.54098
vt 0.24784 0.48893
vt 0.24022 0.56599
vt 0.25301 0.60392
vt 0.26782 0.67829
vt 0.26782 0.60392
vt 0.25301 0.60392
vt 0.27814 0.60392
vt 0.28654 0.60392
vt 0.24806 0.60392
vt 0.25007 0.67829
vt 0.25301 0.60392
vt 0.46577 0.60392
vt 0.44062 0.60392
vt 0.44062 0.60392
vt 0.46577 0.60392
vt 0.48597 0.60392
vt 0.44062 0.60392
vt 0.63962 0.58219
vt 0.63962 0.60392
vt 0.63962 0.58219
vt 0.62806 0.46992
vt 0.45019 0.46992
vt 0.48597 0.55466
vt 0.46826 0.46992
vt 0.62806 0.60392
vt 0.46595 0.60392
vt 0.63913 0.64649
vt 0.46595 0.60392
vt 0.63962 0.60392
vt 0.63669 0.60392
vt 0.64055 0.46992
vt 0.62806 0.46992
vt 0.47318 0.58219
vt 0.63669 0.60392
vt 0.62806 0.46992
vt 0.63962 0.46992
vt 0.62806 0.60392
vt 0.62806 0.46992
vt 0.47066 0.46992
vt 0.62806 0.46992
vt 0.62806 0.46992
vt 0.24027 0.67829
vt 0.23987 0.56906
vt 0.24027 0.58219
vt 0.63830 0.65293
vt 0.47374 0.66407
vt 0.46577 0.66405
vt 0.63962 0.46992
vt 0.63962 0.52606
vt 0.63962 0.46992
vt 0.62806 0.60392
vt 0.63962 0.46992
vt 0.62806 0.46992
vt 0.44826 0.46992
vt 0.44062 0.60392
vt 0.40260 0.46992
vt 0.47345 0.60392
vt 0.63830 0.65293
vt 0.63669 0.60392
vt 0.48597 0.57823
vt 0.41314 0.54580
vt 0.47458 0.46992
vt 0.41314 0.54580
vt 0.48597 0.57823
vt 0.48597 0.55466
vt 0.44062 0.60392
vt 0.48597 0.60392
vt 0.46577 0.60392
vt 0.24784 0.48893
vt 0.25613 0.48594
vt 0.31857 0.48618
vt 0.47318 0.57593
vt 0.47318 0.57267
vt 0.47211 0.49636
vt 0.47318 0.57267
vt 0.47318 0.57593
vt 0.46948 0.66405
vt 0.28657 0.60392
vt 0.24027 0.67829
vt 0.24027 0.46992
vt 0.40260 0.46992
vt 0.39928 0.60392
vt 0.28657 0.60392
vt 0.31857 0.48618
vt 0.25613 0.48594
vt 0.24784 0.48893
vt 0.24027 0.58219
vt 0.36928 0.58219
vt 0.33385 0.58219
vt 0.34178 0.60668
vt 0.24022 0.56599
vt 0.24806 0.60017
vt 0.24806 0.60392
vt 0.34178 0.60668
vt 0.24806 0.60017
vt 0.44062 0.46992
vt 0.40470 0.46992
vt 0.47066 0.46992
vt 0.39759 0.46992
vt 0.44062 0.46992
vt 0.47458 0.46992
vt 0.47171 0.51099
vt 0.46557 0.48989
vt 0.47211 0.49636
vt 0.24027 0.46992
vt 0.24027 0.59849
vt 0.24027 0.54009
vt 0.45850 0.58219
vt 0.47318 0.58219
vt 0.47066 0.46992
vt 0.47211 0.49636
vt 0.40470 0.53883
vt 0.46577 0.59030
vt 0.24027 0.58219
vt 0.24027 0.46992
vt 0.24027 0.56171
vt 0.64055 0.46992
vt 0.62806 0.60392
vt 0.62806 0.46992
vt 0.24022 0.56599
vt 0.24784 0.48893
vt 0.23987 0.56906
vt 0.40470 0.53883
vt 0.47211 0.49636
vt 0.40474 0.47950
vt 0.40470 0.53883
vt 0.40475 0.48496
vt 0.47171 0.51099
vt 0.40474 0.47950
vt 0.46557 0.48989
vt 0.40475 0.48496
vt 0.40470 0.58219
vt 0.47318 0.57267
vt 0.45850 0.58219
vt 0.48597 0.60392
vt 0.48597 0.60392
vt 0.46577 0.60392
vt 0.62806 0.60392
vt 0.63830 0.65293
vt 0.46577 0.66405
vt 0.64055 0.46992
vt 0.63830 0.65293
vt 0.62806 0.60392
vt 0.24027 0.46992
vt 0.24027 0.46992
vt 0.33860 0.46992
vt 0.47458 0.46992
vt 0.47066 0.46992
vt 0.62806 0.46992
vt 0.48597 0.66409
vt 0.47318 0.66406
vt 0.46577 0.66404
vt 0.48597 0.57823
vt 0.47458 0.46992
vt 0.62806 0.46992
vt 0.62806 0.60392
vt 0.48597 0.60392
vt 0.48597 0.57823
vt 0.48597 0.57823
vt 0.41314 0.58125
vt 0.41314 0.54580
vt 0.24027 0.56171
vt 0.24027 0.67829
vt 0.24027 0.58219
vt 0.48597 0.60392
vt 0.48597 0.60392
vt 0.48597 0.57823
vt 0.63669 0.60392
vt 0.63830 0.65293
vt 0.64055 0.46992
vt 0.63962 0.58219
vt 0.63962 0.60392
vt 0.63962 0.60392
vt 0.62806 0.60392
vt 0.63962 0.60392
vt 0.63962 0.58219
vt 0.24806 0.46992
vt 0.24027 0.46992
vt 0.24027 0.46992
vt 0.47318 0.58219
vt 0.47345 0.60392
vt 0.63669 0.60392
vt 0.47345 0.60392
vt 0.47374 0.66407
vt 0.63830 0.65293
vt 0.63913 0.64649
vt 0.48597 0.66409
vt 0.46595 0.60392
vt 0.47318 0.66406
vt 0.48599 0.66409
vt 0.46577 0.66404
vt 0.48599 0.66409
vt 0.62806 0.66409
vt 0.62806 0.60392
vt 0.62806 0.60392
vt 0.62806 0.66409
vt 0.63962 0.64292
vt 0.63962 0.46992
vt 0.63962 0.60392
vt 0.62806 0.60392
vt 0.47318 0.46992
vt 0.46577 0.46992
vt 0.45019 0.46992
vt 0.44062 0.60392
vt 0.44062 0.60392
vt 0.46577 0.60392
vt 0.34178 0.60668
vt 0.24806 0.60392
vt 0.28654 0.60392
vt 0.25301 0.60392
vt 0.28654 0.60392
vt 0.24806 0.60392
vt 0.48597 0.55466
vt 0.48597 0.57823
vt 0.48597 0.60392
vt 0.46577 0.60392
vt 0.46577 0.66405
vt 0.46948 0.66405
vt 0.47374 0.66407
vt 0.46948 0.66405
vt 0.46577 0.66405
vt 0.62806 0.46992
vt 0.48597 0.46992
vt 0.45019 0.46992
vt 0.48597 0.60392
vt 0.62806 0.60392
vt 0.48597 0.55466
vt 0.62806 0.60392
vt 0.62806 0.46992
vt 0.48597 0.55466
vt 0.24027 0.46992
vt 0.24027 0.67829
vt 0.24027 0.59849
vt 0.46595 0.60392
vt 0.62806 0.60392
vt 0.63962 0.60392
vt 0.28654 0.60392
vt 0.28657 0.67829
vt 0.28657 0.60392
vt 0.41314 0.54580
vt 0.41314 0.58125
vt 0.48597 0.57823
vt 0.48597 0.66409
vt 0.63913 0.64649
vt 0.62806 0.66409
vt 0.40474 0.47950
vt 0.47211 0.49636
vt 0.46557 0.48989
vt 0.24806 0.46992
vt 0.24027 0.46992
vt 0.24027 0.46992
vt 0.63962 0.64292
vt 0.63962 0.60392
vt 0.63962 0.60392
vt 0.62806 0.46992
vt 0.48597 0.46992
vt 0.62806 0.46992
vt 0.63962 0.46992
vt 0.62806 0.46992
vt 0.63962 0.46992
vt 0.46826 0.46992
vt 0.47318 0.46992
vt 0.48597 0.46992
vt 0.31864 0.46992
vt 0.24806 0.46992
vt 0.24806 0.46992
vt 0.24806 0.46992
vt 0.24027 0.46992
vt 0.24027 0.46992
vt 0.24027 0.54009
vt 0.24027 0.60392
vt 0.24027 0.56171
vt 0.48597 0.66409
vt 0.62806 0.66409
vt 0.48597 0.66409
vt 0.62806 0.66409
vt 0.63913 0.64649
vt 0.62806 0.66409
vt 0.24027 0.54009
vt 0.24027 0.56171
vt 0.24027 0.52606
vt 0.24027 0.67829
vt 0.26782 0.67829
vt 0.24027 0.67829
vt 0.39944 0.60392
vt 0.34334 0.56615
vt 0.33699 0.60392
vt 0.40260 0.46992
vt 0.34334 0.46992
vt 0.40470 0.46992
vt 0.33385 0.46992
vt 0.24027 0.46992
vt 0.31864 0.46992
vt 0.46577 0.60392
vt 0.46577 0.66424
vt 0.46595 0.60392
vt 0.33699 0.60392
vt 0.34178 0.60668
vt 0.28654 0.60392
vt 0.24027 0.59849
vt 0.24027 0.67829
vt 0.24027 0.60392
vt 0.26782 0.60392
vt 0.27814 0.60392
vt 0.25301 0.60392
vt 0.31864 0.46992
vt 0.24806 0.46992
vt 0.24806 0.46992
vt 0.48597 0.46992
vt 0.47318 0.46992
vt 0.48597 0.46992
vt 0.34334 0.46992
vt 0.33385 0.46992
vt 0.33385 0.46992
vt 0.47318 0.46992
vt 0.46577 0.46992
vt 0.47318 0.46992
vt 0.62806 0.66409
vt 0.63962 0.64292
vt 0.62806 0.66409
vt 0.48597 0.66409
vt 0.62806 0.66409
vt 0.48599 0.66409
vt 0.24027 0.67829
vt 0.24806 0.67829
vt 0.24027 0.67829
vt 0.26782 0.67829
vt 0.25007 0.67829
vt 0.24806 0.67829
vt 0.26782 0.60392
vt 0.28473 0.67829
vt 0.27814 0.60392
vt 0.63962 0.46992
vt 0.62806 0.46992
vt 0.63962 0.46992
vt 0.63962 0.46992
vt 0.48597 0.46992
vt 0.62806 0.46992
vt 0.63913 0.64649
vt 0.63962 0.60392
vt 0.63962 0.60392
vt 0.33385 0.46992
vt 0.31864 0.46992
vt 0.31864 0.46992
vt 0.44062 0.46992
vt 0.40470 0.46992
vt 0.40470 0.46992
vt 0.46826 0.46992
vt 0.44826 0.46992
vt 0.47318 0.46992
vt 0.46577 0.66404
vt 0.46577 0.60392
vt 0.46595 0.60392
vt 0.46577 0.59030
vt 0.36891 0.57529
vt 0.40470 0.60392
vt 0.40470 0.60392
vt 0.46577 0.60392
vt 0.46577 0.59030
vt 0.40470 0.60392
vt 0.44062 0.60392
vt 0.46577 0.60392
vt 0.45850 0.58219
vt 0.47318 0.57267
vt 0.47318 0.58219
vt 0.44062 0.60392
vt 0.44062 0.60392
vt 0.39928 0.60392
vt 0.44062 0.60392
vt 0.39928 0.60392
vt 0.40260 0.46992
vt 0.46577 0.59030
vt 0.40470 0.53883
vt 0.36891 0.57529
vt 0.40475 0.48496
vt 0.46557 0.48989
vt 0.47171 0.51099
vt 0.27814 0.60392
vt 0.28473 0.67829
vt 0.28654 0.60392
vt 0.24806 0.60392
vt 0.25007 0.67829
vt 0.24806 0.60392
vt 0.34334 0.46992
vt 0.24027 0.46992
vt 0.33385 0.46992
vt 0.36928 0.46992
vt 0.33385 0.46992
vt 0.24027 0.46992
vt 0.39944 0.60392
vt 0.44062 0.60392
vt 0.39870 0.60865
vt 0.44062 0.60392
vt 0.46577 0.66424
vt 0.46577 0.60392
vt 0.46595 0.60392
vt 0.44062 0.66424
vt 0.44062 0.60392
vt 0.24027 0.58219
vt 0.33385 0.58219
vt 0.30593 0.46992
vt 0.40470 0.60392
vt 0.44062 0.60392
vt 0.44062 0.60392
vt 0.39928 0.60392
vt 0.44062 0.60392
vt 0.39944 0.60392
vt 0.40470 0.60392
vt 0.44062 0.60392
vt 0.44062 0.60392
vt 0.46577 0.46992
vt 0.40260 0.46992
vt 0.44062 0.46992
vt 0.40470 0.46992
vt 0.39521 0.46992
vt 0.39521 0.46992
vt 0.63962 0.58219
vt 0.63962 0.60392
vt 0.63962 0.46992
vt 0.39870 0.60865
vt 0.44062 0.60392
vt 0.40470 0.60392
vt 0.24027 0.60392
vt 0.24027 0.67829
vt 0.24027 0.56171
vt 0.39870 0.60865
vt 0.39996 0.56615
vt 0.39944 0.60392
vt 0.46054 0.65853
vt 0.46054 0.59809
vt 0.46173 0.62930
vt 0.35595 0.61658
vt 0.46023 0.60133
vt 0.45872 0.61103
vt 0.35576 0.70284
vt 0.35474 0.65779
vt 0.46054 0.65853
vt 0.35474 0.70237
vt 0.45872 0.71697
vt 0.46054 0.65853
vt 0.35474 0.65779
vt 0.35256 0.62108
vt 0.45872 0.61103
vt 0.45872 0.61103
vt 0.46054 0.59809
vt 0.46054 0.65853
vt 0.45872 0.71697
vt 0.46144 0.72284
vt 0.46054 0.72284
vt 0.45872 0.71697
vt 0.46054 0.72284
vt 0.46054 0.65853
vt 0.35474 0.66047
vt 0.46054 0.65853
vt 0.46023 0.60133
vt 0.31943 0.69315
vt 0.27377 0.67617
vt 0.29231 0.69006
vt 0.31943 0.66047
vt 0.31943 0.62779
vt 0.29231 0.63087
vt 0.46047 0.66745
vt 0.46017 0.62841
vt 0.46140 0.64841
vt 0.46188 0.69883
vt 0.45912 0.69225
vt 0.46140 0.64841
vt 0.46047 0.66745
vt 0.46173 0.62930
vt 0.45867 0.63244
vt 0.46023 0.60133
vt 0.46140 0.64841
vt 0.46173 0.62930
vt 0.46054 0.65853
vt 0.46325 0.66047
vt 0.46188 0.69883
vt 0.46054 0.65853
vt 0.46054 0.72284
vt 0.46188 0.69883
vt 0.46140 0.64841
vt 0.46017 0.62841
vt 0.46173 0.62930
vt 0.46325 0.66047
vt 0.46047 0.66745
vt 0.46188 0.69883
vt 0.27377 0.67617
vt 0.26063 0.65854
vt 0.26004 0.66095
vt 0.27424 0.64535
vt 0.26639 0.64861
vt 0.26063 0.65854
vt 0.31943 0.62779
vt 0.27424 0.64535
vt 0.29231 0.63087
vt 0.31943 0.66047
vt 0.31943 0.69315
vt 0.29231 0.69006
vt 0.35474 0.66047
vt 0.46023 0.60133
vt 0.35595 0.61658
vt 0.31943 0.62610
vt 0.35474 0.66047
vt 0.35595 0.61658
vt 0.31943 0.66047
vt 0.35474 0.70237
vt 0.35474 0.66047
vt 0.31943 0.69483
vt 0.35576 0.70284
vt 0.35474 0.70237
vt 0.31943 0.69483
vt 0.35474 0.65779
vt 0.35576 0.70284
vt 0.31943 0.66047
vt 0.31943 0.69315
vt 0.31943 0.69483
vt 0.31943 0.66047
vt 0.35256 0.62108
vt 0.35474 0.65779
vt 0.35256 0.62108
vt 0.31943 0.62610
vt 0.35595 0.61658
vt 0.35474 0.70237
vt 0.46054 0.65853
vt 0.35474 0.66047
vt 0.35474 0.65779
vt 0.45872 0.61103
vt 0.46054 0.65853
vt 0.26639 0.64861
vt 0.26004 0.66095
vt 0.26063 0.65854
vt 0.45867 0.63244
vt 0.46017 0.62841
vt 0.46047 0.66745
vt 0.46140 0.64841
vt 0.45912 0.69225
vt 0.46047 0.66745
vt 0.35576 0.70284
vt 0.45872 0.71697
vt 0.35474 0.70237
vt 0.26004 0.66095
vt 0.26639 0.64861
vt 0.27424 0.64535
vt 0.27377 0.67617
vt 0.26004 0.66095
vt 0.29231 0.69006
vt 0.31943 0.69315
vt 0.29231 0.69006
vt 0.31943 0.69315
vt 0.31943 0.66047
vt 0.29231 0.63087
vt 0.27377 0.67617
vt 0.27424 0.64535
vt 0.26063 0.65854
vt 0.29231 0.63087
vt 0.46023 0.60133
vt 0.46173 0.62930
vt 0.46054 0.59809
vt 0.46054 0.65853
vt 0.46188 0.69883
vt 0.46144 0.72284
vt 0.46054 0.65853
vt 0.46188 0.69883
vt 0.46140 0.64841
vt 0.46017 0.62841
vt 0.45867 0.63244
vt 0.46173 0.62930
vt 0.31943 0.66047
vt 0.31943 0.62779
vt 0.31943 0.62610
vt 0.31943 0.66047
vt 0.31943 0.62779
vt 0.31943 0.66047
vt 0.31943 0.69483
vt 0.31943 0.69315
vt 0.31943 0.69483
vt 0.31943 0.62610
vt 0.31943 0.62779
vt 0.31943 0.62610
vt 0.31943 0.66047
vt 0.31943 0.69315
vt 0.31943 0.66047
vt 0.46173 0.62930
vt 0.46047 0.66745
vt 0.46325 0.66047
vt 0.46144 0.72284
vt 0.46188 0.69883
vt 0.46054 0.72284
vt 0.46054 0.65853
vt 0.46140 0.64841
vt 0.46023 0.60133
vt 0.46023 0.60133
vt 0.46054 0.59809
vt 0.45872 0.61103
vt 0.45872 0.71697
vt 0.46054 0.65853
vt 0.46144 0.72284
vt 0.46054 0.65853
vt 0.46173 0.62930
vt 0.46325 0.66047
vt 0.35595 0.61658
vt 0.45872 0.61103
vt 0.35256 0.62108
vt 0.35576 0.70284
vt 0.46054 0.65853
vt 0.45872 0.71697
vt 0.31943 0.66047
vt 0.27424 0.64535
vt 0.31943 0.62779
vt 0.31943 0.66047
vt 0.27377 0.67617
vt 0.31943 0.69315
vt 0.31943 0.66047
vt 0.29231 0.69006
vt 0.27424 0.64535
vt 0.31943 0.62779
vt 0.29231 0.63087
vt 0.31943 0.62779
vt 0.27424 0.64535
vt 0.29231 0.69006
vt 0.26004 0.66095
vt 0.27377 0.67617
vt 0.29231 0.63087
vt 0.26063 0.65854
vt 0.31943 0.62610
vt 0.31943 0.66047
vt 0.35474 0.66047
vt 0.31943 0.66047
vt 0.31943 0.69483
vt 0.35474 0.70237
vt 0.31943 0.69483
vt 0.31943 0.69483
vt 0.35576 0.70284
vt 0.31943 0.69483
vt 0.31943 0.66047
vt 0.35474 0.65779
vt 0.31943 0.66047
vt 0.31943 0.66047
vt 0.31943 0.69315
vt 0.31943 0.66047
vt 0.31943 0.62610
vt 0.35256 0.62108
vt 0.35256 0.62108
vt 0.31943 0.62610
vt 0.31943 0.62610
vt 0.31943 0.66047
vt 0.31943 0.66047
vt 0.31943 0.62779
vt 0.31943 0.66047
vt 0.31943 0.62610
vt 0.31943 0.62779
vt 0.31943 0.69483
vt 0.31943 0.69315
vt 0.31943 0.69315
vt 0.31943 0.62610
vt 0.31943 0.62779
vt 0.31943 0.62779
vt 0.31943 0.66047
vt 0.31943 0.69483
vt 0.31943 0.69315
vt 0.46047 0.66745
vt 0.45912 0.69225
vt 0.46188 0.69883
vt 0.34010 0.57066
vt 0.39724 0.57066
vt 0.40032 0.52943
vt 0.33703 0.16180
vt 0.40032 0.16180
vt 0.40032 0.15946
vt 0.39416 0.37139
vt 0.34318 0.37139
vt 0.40032 0.15946
vt 0.40032 0.16180
vt 0.40032 0.52943
vt 0.40032 0.15946
vt 0.34010 0.57066
vt 0.34318 0.37139
vt 0.39416 0.37139
vt 0.34318 0.37139
vt 0.34318 0.37139
vt 0.39416 0.37139
vt 0.40032 0.15946
vt 0.33703 0.15946
vt 0.33703 0.16180
vt 0.34318 0.37139
vt 0.33750 0.57066
vt 0.33703 0.15946
vt 0.34010 0.57066
vt 0.33750 0.57066
vt 0.34318 0.37139
vt 0.39827 0.57066
vt 0.39724 0.57066
vt 0.39416 0.37139
vt 0.39724 0.57066
vt 0.39416 0.37139
vt 0.39416 0.37139
vt 0.34318 0.37139
vt 0.33703 0.15946
vt 0.40032 0.15946
vt 0.33750 0.57066
vt 0.33703 0.16180
vt 0.33703 0.15946
vt 0.33703 0.51012
vt 0.40032 0.16180
vt 0.33703 0.16180
vt 0.33750 0.57066
vt 0.33703 0.51012
vt 0.33703 0.16180
vt 0.34010 0.57066
vt 0.39416 0.37139
vt 0.39724 0.57066
vt 0.34318 0.37139
vt 0.39416 0.37139
vt 0.39416 0.37139
vt 0.34318 0.37139
vt 0.34318 0.37139
vt 0.34010 0.57066
vt 0.33703 0.51012
vt 0.40032 0.52943
vt 0.40032 0.16180
vt 0.39827 0.57066
vt 0.39416 0.37139
vt 0.40032 0.15946
vt 0.40032 0.52943
vt 0.39724 0.57066
vt 0.40032 0.15946
vt 0.40032 0.15946
vt 0.39724 0.57066
vt 0.39827 0.57066
vt 0.33750 0.57066
vt 0.34010 0.57066
vt 0.33703 0.51012
vt 0.34010 0.57066
vt 0.40032 0.52943
vt 0.33703 0.51012
vt 0.35226 0.59563
vt 0.35230 0.44900
vt 0.38716 0.44904
vt 0.35230 0.44900
vt 0.35226 0.59563
vt 0.35230 0.52273
vt 0.38716 0.51921
vt 0.38716 0.44345
vt 0.35230 0.44345
vt 0.39930 0.64445
vt 0.38697 0.59067
vt 0.35226 0.59563
vt 0.34016 0.63467
vt 0.35226 0.59563
vt 0.34016 0.60531
vt 0.34016 0.63467
vt 0.38697 0.59067
vt 0.39930 0.62684
vt 0.34016 0.63467
vt 0.35226 0.59563
vt 0.38697 0.59067
vt 0.39930 0.62684
vt 0.38697 0.59067
vt 0.39930 0.60531
vt 0.39930 0.60531
vt 0.39930 0.64445
vt 0.39930 0.62684
vt 0.34016 0.63467
vt 0.34016 0.60531
vt 0.35226 0.59563
vt 0.35230 0.44900
vt 0.35230 0.44345
vt 0.38716 0.44345
vt 0.38697 0.59067
vt 0.38716 0.51921
vt 0.35230 0.52273
vt 0.35230 0.52273
vt 0.35230 0.44345
vt 0.35230 0.44900
vt 0.38716 0.51921
vt 0.35230 0.44345
vt 0.35230 0.52273
vt 0.35226 0.59563
vt 0.38716 0.44904
vt 0.38697 0.59067
vt 0.38697 0.59067
vt 0.35230 0.52273
vt 0.35226 0.59563
vt 0.35230 0.44900
vt 0.38716 0.44345
vt 0.38716 0.44904
vt 0.38716 0.51921
vt 0.38716 0.44904
vt 0.38716 0.44345
vt 0.38716 0.44904
vt 0.38716 0.51921
vt 0.38697 0.59067
vt 0.39930 0.64445
vt 0.39930 0.60531
vt 0.38697 0.59067
vt 0.39930 0.64445
vt 0.35226 0.59563
vt 0.34016 0.63467
vt 0.39930 0.64445
vt 0.34016 0.63467
vt 0.39930 0.62684
vt 0.35224 0.66190
vt 0.35224 0.65813
vt 0.38848 0.65813
vt 0.35224 0.66190
vt 0.38848 0.65813
vt 0.38848 0.66190
vt 0.35224 0.65813
vt 0.38848 0.65160
vt 0.38848 0.65813
vt 0.41172 0.65235
vt 0.38848 0.65160
vt 0.41172 0.65770
vt 0.35224 0.65083
vt 0.34201 0.65713
vt 0.34201 0.66128
vt 0.38848 0.65160
vt 0.35224 0.65083
vt 0.41172 0.65770
vt 0.35224 0.65083
vt 0.35224 0.66190
vt 0.34201 0.65713
vt 0.35224 0.66190
vt 0.38848 0.66190
vt 0.41172 0.65770
vt 0.34201 0.65713
vt 0.35224 0.66190
vt 0.34201 0.66128
vt 0.38848 0.66190
vt 0.41172 0.65235
vt 0.41172 0.65770
vt 0.38848 0.65160
vt 0.38848 0.66190
vt 0.38848 0.65813
vt 0.35224 0.65813
vt 0.35224 0.65083
vt 0.38848 0.65160
vt 0.35224 0.66190
vt 0.41172 0.65770
vt 0.34201 0.66128
vt 0.38848 0.65160
vt 0.41172 0.65235
vt 0.38848 0.66190
vt 0.35224 0.65083
vt 0.34201 0.66128
vt 0.41172 0.65770
vt 0.35224 0.65083
vt 0.35224 0.65813
vt 0.35224 0.66190
vt 0.33735 0.62864
vt 0.35396 0.62578
vt 0.35389 0.61943
vt 0.33735 0.67141
vt 0.35393 0.67157
vt 0.35193 0.67214
vt 0.33735 0.66543
vt 0.35389 0.61943
vt 0.35593 0.66492
vt 0.35593 0.66492
vt 0.39360 0.61262
vt 0.39360 0.66481
vt 0.35396 0.62578
vt 0.39360 0.67328
vt 0.39360 0.61686
vt 0.35389 0.61943
vt 0.39360 0.61686
vt 0.39360 0.61262
vt 0.33735 0.66543
vt 0.33735 0.62864
vt 0.35389 0.61943
vt 0.35396 0.62578
vt 0.35193 0.67214
vt 0.39360 0.67328
vt 0.35389 0.61943
vt 0.35396 0.62578
vt 0.39360 0.61686
vt 0.33735 0.63163
vt 0.33735 0.67141
vt 0.35193 0.67214
vt 0.35193 0.67214
vt 0.35393 0.67157
vt 0.39360 0.67328
vt 0.35593 0.66492
vt 0.35389 0.61943
vt 0.39360 0.61262
vt 0.33735 0.63163
vt 0.35193 0.67214
vt 0.35396 0.62578
vt 0.33735 0.62864
vt 0.33735 0.63163
vt 0.35396 0.62578
vt 0.39360 0.66481
vt 0.33735 0.66543
vt 0.35593 0.66492
vt 0.35300 0.61569
vt 0.35393 0.66015
vt 0.39360 0.66047
vt 0.35501 0.61172
vt 0.35300 0.61569
vt 0.39360 0.60604
vt 0.35392 0.66010
vt 0.33735 0.62147
vt 0.35501 0.61172
vt 0.35300 0.61569
vt 0.33735 0.65984
vt 0.35393 0.66015
vt 0.33735 0.62147
vt 0.35300 0.61569
vt 0.35501 0.61172
vt 0.35300 0.61569
vt 0.33735 0.62147
vt 0.33735 0.65984
vt 0.35393 0.66015
vt 0.33735 0.65984
vt 0.39360 0.66047
vt 0.35392 0.66010
vt 0.33735 0.65984
vt 0.33735 0.62147
vt 0.35392 0.66010
vt 0.35501 0.61172
vt 0.39360 0.60604
vt 0.39360 0.66047
vt 0.33735 0.65984
vt 0.35392 0.66010
vt 0.35300 0.61569
vt 0.39360 0.66047
vt 0.39360 0.60604
vt 0.35392 0.66010
vt 0.39360 0.60604
vt 0.39360 0.66047
vt 0.35501 0.61172
vt 0.39360 0.60604
vt 0.39360 0.60604
vt 0.33735 0.62147
vt 0.33735 0.62147
vt 0.35300 0.61569
vt 0.34201 0.64939
vt 0.39562 0.65677
vt 0.34201 0.65246
vt 0.39562 0.65677
vt 0.39562 0.65246
vt 0.34201 0.65246
vt 0.39562 0.65246
vt 0.34201 0.64939
vt 0.34201 0.65246
vt 0.39562 0.65246
vt 0.39562 0.65677
vt 0.34201 0.64939
vt 0.33925 0.68986
vt 0.32566 0.67211
vt 0.32566 0.71512
vt 0.33925 0.64824
vt 0.32566 0.71512
vt 0.32566 0.63793
vt 0.32566 0.67211
vt 0.32566 0.63124
vt 0.32566 0.63793
vt 0.32566 0.63793
vt 0.32566 0.71512
vt 0.32566 0.67211
vt 0.33925 0.68986
vt 0.33925 0.64824
vt 0.33925 0.63124
vt 0.33925 0.68986
vt 0.32566 0.63124
vt 0.32566 0.67211
vt 0.33925 0.68986
vt 0.33925 0.63124
vt 0.32566 0.63124
vt 0.33925 0.63124
vt 0.33925 0.64824
vt 0.32566 0.63793
vt 0.33925 0.63124
vt 0.32566 0.63793
vt 0.32566 0.63124
vt 0.33925 0.64824
vt 0.33925 0.70685
vt 0.32566 0.71512
vt 0.33925 0.70685
vt 0.33925 0.68986
vt 0.32566 0.71512
vt 0.33925 0.70685
vt 0.33925 0.64824
vt 0.33925 0.68986
vt 0.33925 0.62104
vt 0.33925 0.64255
vt 0.32566 0.61387
vt 0.33925 0.67839
vt 0.33925 0.62104
vt 0.32566 0.61387
vt 0.33925 0.69989
vt 0.33925 0.64255
vt 0.33925 0.67839
vt 0.32566 0.69989
vt 0.32566 0.66047
vt 0.32566 0.67839
vt 0.33925 0.64255
vt 0.33925 0.69989
vt 0.32566 0.67839
vt 0.33925 0.64255
vt 0.33925 0.62104
vt 0.33925 0.67839
vt 0.33925 0.69989
vt 0.32566 0.69989
vt 0.32566 0.67839
vt 0.33925 0.64255
vt 0.32566 0.67839
vt 0.32566 0.61387
vt 0.33925 0.67839
vt 0.32566 0.61387
vt 0.32566 0.66047
vt 0.33925 0.67839
vt 0.32566 0.66047
vt 0.32566 0.69989
vt 0.32566 0.66047
vt 0.32566 0.61387
vt 0.32566 0.67839
vt 0.33925 0.69989
vt 0.33925 0.67839
vt 0.32566 0.69989
vt 0.22621 0.70882
vt 0.25942 0.71666
vt 0.28811 0.70160
vt 0.60756 0.67760
vt 0.42736 0.69933
vt 0.42736 0.70987
vt 0.60883 0.71666
vt 0.42736 0.70987
vt 0.25942 0.71666
vt 0.92065 0.70245
vt 0.94865 0.62956
vt 0.64539 0.62956
vt 0.66131 0.70245
vt 0.92065 0.70245
vt 0.64539 0.62956
vt 0.23482 0.74259
vt 0.28801 0.78273
vt 0.60883 0.71666
vt 0.28801 0.78273
vt 0.63446 0.78273
vt 0.60883 0.71666
vt 0.25942 0.71666
vt 0.22621 0.70882
vt 0.22658 0.71117
vt 0.48928 0.72239
vt 0.61158 0.72239
vt 0.46200 0.79883
vt 0.92127 0.45699
vt 0.92127 0.45699
vt 0.99250 0.45699
vt 0.22079 0.66299
vt 0.21904 0.66316
vt 0.22658 0.71117
vt 0.22658 0.71117
vt 0.22621 0.70882
vt 0.22079 0.66299
vt 0.60883 0.71666
vt 0.64539 0.62956
vt 0.66131 0.70245
vt 0.60883 0.71666
vt 0.60883 0.71666
vt 0.64539 0.62956
vt 0.25942 0.71666
vt 0.22658 0.71117
vt 0.60883 0.71666
vt 0.48959 0.57680
vt 0.42736 0.57675
vt 0.42736 0.69933
vt 0.92127 0.45699
vt 0.59750 0.48361
vt 0.99301 0.51099
vt 0.59750 0.48361
vt 0.48959 0.57680
vt 0.64276 0.62236
vt 0.64276 0.62236
vt 0.64539 0.62956
vt 0.94865 0.62956
vt 0.94915 0.62138
vt 0.99301 0.51099
vt 0.59750 0.48361
vt 0.60756 0.67760
vt 0.60883 0.71666
vt 0.64276 0.62236
vt 0.60883 0.71666
vt 0.60756 0.67760
vt 0.42736 0.70987
vt 0.92127 0.71804
vt 0.92127 0.71804
vt 0.66446 0.71804
vt 0.24626 0.72138
vt 0.23885 0.72239
vt 0.24494 0.70987
vt 0.23885 0.72239
vt 0.24088 0.68284
vt 0.24494 0.70987
vt 0.66131 0.70245
vt 0.64539 0.62956
vt 0.60883 0.71666
vt 0.60883 0.71666
vt 0.22658 0.71117
vt 0.23482 0.74259
vt 0.95827 0.62569
vt 0.64515 0.63202
vt 0.95586 0.63202
vt 0.94915 0.62138
vt 0.94865 0.62956
vt 0.99301 0.51099
vt 0.24626 0.72138
vt 0.25927 0.72239
vt 0.25942 0.71666
vt 0.24626 0.72138
vt 0.21956 0.71657
vt 0.23885 0.72239
vt 0.23910 0.74108
vt 0.28822 0.76065
vt 0.24573 0.71945
vt 0.23482 0.74259
vt 0.23482 0.74259
vt 0.22658 0.71117
vt 0.63107 0.45699
vt 0.99931 0.51781
vt 0.92127 0.45699
vt 0.22934 0.75215
vt 0.28829 0.79983
vt 0.23974 0.74379
vt 0.94865 0.62956
vt 0.64539 0.62956
vt 0.64276 0.62234
vt 0.92127 0.45699
vt 0.99931 0.45699
vt 0.99931 0.51781
vt 0.64539 0.62956
vt 0.94865 0.62956
vt 0.92065 0.70245
vt 0.64539 0.62956
vt 0.92065 0.70245
vt 0.66131 0.70245
vt 0.61158 0.72239
vt 0.63607 0.79530
vt 0.46200 0.79883
vt 0.63446 0.78273
vt 0.28801 0.78273
vt 0.60883 0.71666
vt 0.92127 0.45699
vt 0.63013 0.45713
vt 0.63107 0.45699
vt 0.99301 0.51099
vt 0.94865 0.62956
vt 0.94865 0.62956
vt 0.64539 0.62956
vt 0.60883 0.71666
vt 0.60883 0.71666
vt 0.60883 0.71666
vt 0.24626 0.72138
vt 0.25942 0.71666
vt 0.61226 0.70995
vt 0.59750 0.48361
vt 0.46716 0.58040
vt 0.61158 0.72239
vt 0.48928 0.72239
vt 0.48871 0.71297
vt 0.28801 0.78273
vt 0.23482 0.74259
vt 0.60883 0.71666
vt 0.23482 0.74259
vt 0.21956 0.71657
vt 0.24626 0.72138
vt 0.60883 0.71666
vt 0.66131 0.70245
vt 0.63446 0.78273
vt 0.48871 0.71297
vt 0.42736 0.69933
vt 0.42736 0.57675
vt 0.95586 0.63202
vt 0.92127 0.71804
vt 0.92970 0.69709
vt 0.25939 0.70987
vt 0.25945 0.70987
vt 0.25942 0.71666
vt 0.99295 0.45700
vt 0.99301 0.51099
vt 0.99283 0.50883
vt 0.94865 0.62956
vt 0.92065 0.70245
vt 0.92065 0.70245
vt 0.42736 0.69933
vt 0.60756 0.67760
vt 0.64276 0.62236
vt 0.28801 0.78273
vt 0.28801 0.78273
vt 0.63446 0.78273
vt 0.22934 0.75215
vt 0.21831 0.72239
vt 0.22301 0.73506
vt 0.95586 0.63202
vt 0.64515 0.63202
vt 0.95586 0.63202
vt 0.63773 0.79983
vt 0.63607 0.79530
vt 0.66446 0.71804
vt 0.61158 0.72239
vt 0.64515 0.63202
vt 0.66266 0.69746
vt 0.64515 0.63202
vt 0.61158 0.72239
vt 0.61226 0.70995
vt 0.22934 0.75215
vt 0.22301 0.73506
vt 0.28829 0.79983
vt 0.94915 0.62138
vt 0.59750 0.48361
vt 0.64276 0.62236
vt 0.61226 0.70995
vt 0.48871 0.71297
vt 0.48959 0.57680
vt 0.48959 0.57680
vt 0.48959 0.57680
vt 0.59750 0.48361
vt 0.63013 0.45713
vt 0.59750 0.48361
vt 0.63107 0.45699
vt 0.66131 0.70245
vt 0.66131 0.70245
vt 0.92065 0.70245
vt 0.63446 0.78273
vt 0.63446 0.78273
vt 0.66131 0.70245
vt 0.21904 0.66316
vt 0.22079 0.66299
vt 0.21831 0.72239
vt 0.99931 0.51781
vt 0.95586 0.63202
vt 0.96674 0.60342
vt 0.99301 0.51099
vt 0.99250 0.45699
vt 0.92127 0.45699
vt 0.92127 0.45699
vt 0.63107 0.45699
vt 0.59750 0.48361
vt 0.48871 0.71297
vt 0.48928 0.72239
vt 0.46200 0.79883
vt 0.66446 0.71804
vt 0.92127 0.71804
vt 0.92127 0.71804
vt 0.63013 0.45713
vt 0.92127 0.45699
vt 0.96674 0.60342
vt 0.21904 0.66316
vt 0.21831 0.72239
vt 0.21956 0.71657
vt 0.28175 0.77436
vt 0.21831 0.72239
vt 0.25985 0.66263
vt 0.64515 0.63202
vt 0.92970 0.69709
vt 0.66266 0.69746
vt 0.94915 0.62138
vt 0.64276 0.62234
vt 0.59750 0.48361
vt 0.28811 0.70160
vt 0.42736 0.70987
vt 0.28808 0.70987
vt 0.25942 0.71666
vt 0.25945 0.70987
vt 0.46671 0.70987
vt 0.46671 0.70987
vt 0.46671 0.67760
vt 0.60756 0.67760
vt 0.48871 0.71297
vt 0.46094 0.77950
vt 0.42736 0.69933
vt 0.46094 0.77950
vt 0.28808 0.77950
vt 0.28175 0.77436
vt 0.42736 0.69933
vt 0.46094 0.77950
vt 0.28175 0.77436
vt 0.28175 0.77436
vt 0.28808 0.70987
vt 0.42736 0.69933
vt 0.46671 0.67760
vt 0.46716 0.58040
vt 0.48959 0.57680
vt 0.64276 0.62234
vt 0.60756 0.67760
vt 0.46671 0.67760
vt 0.99283 0.50883
vt 0.94915 0.62138
vt 0.59750 0.48361
vt 0.46671 0.67180
vt 0.47342 0.67187
vt 0.46671 0.70987
vt 0.46671 0.70987
vt 0.46671 0.70987
vt 0.46671 0.67180
vt 0.46671 0.67760
vt 0.46671 0.70987
vt 0.46670 0.72060
vt 0.46670 0.72060
vt 0.46716 0.58040
vt 0.46671 0.67760
vt 0.21904 0.66316
vt 0.21956 0.71657
vt 0.22658 0.71117
vt 0.28829 0.79983
vt 0.28175 0.77436
vt 0.28808 0.77950
vt 0.60883 0.71666
vt 0.25942 0.71666
vt 0.46671 0.70987
vt 0.48959 0.57680
vt 0.59750 0.48361
vt 0.64276 0.62234
vt 0.59750 0.48361
vt 0.63107 0.45699
vt 0.92127 0.45699
vt 0.92127 0.45699
vt 0.99295 0.45700
vt 0.99283 0.50883
vt 0.24573 0.71945
vt 0.24494 0.70987
vt 0.24190 0.68278
vt 0.46427 0.70987
vt 0.46670 0.72060
vt 0.46671 0.70987
vt 0.46671 0.70987
vt 0.25945 0.70987
vt 0.46427 0.70987
vt 0.46671 0.70987
vt 0.46604 0.70987
vt 0.46605 0.70987
vt 0.28829 0.79983
vt 0.32225 0.79983
vt 0.32150 0.76072
vt 0.30354 0.72239
vt 0.31610 0.70987
vt 0.25939 0.70987
vt 0.24626 0.72138
vt 0.24494 0.70987
vt 0.24625 0.70987
vt 0.24494 0.70987
vt 0.24573 0.71945
vt 0.24625 0.70987
vt 0.94915 0.62138
vt 0.99283 0.50883
vt 0.94865 0.62956
vt 0.61158 0.72239
vt 0.44904 0.79998
vt 0.63489 0.77888
vt 0.46101 0.79983
vt 0.28829 0.79983
vt 0.28808 0.77950
vt 0.61226 0.70995
vt 0.46716 0.58040
vt 0.48377 0.71493
vt 0.64506 0.62233
vt 0.64515 0.63202
vt 0.95827 0.62569
vt 0.63107 0.45699
vt 0.59750 0.48361
vt 0.63107 0.45699
vt 0.23974 0.74379
vt 0.23885 0.72239
vt 0.21956 0.71657
vt 0.30354 0.72239
vt 0.25939 0.70987
vt 0.25927 0.72239
vt 0.92127 0.45699
vt 0.99931 0.51781
vt 0.99931 0.45699
vt 0.95827 0.62569
vt 0.95586 0.63202
vt 0.99931 0.51781
vt 0.59750 0.48361
vt 0.48959 0.57680
vt 0.46716 0.58040
vt 0.61226 0.70995
vt 0.64515 0.63202
vt 0.64506 0.62233
vt 0.92969 0.69709
vt 0.92127 0.71804
vt 0.95586 0.63202
vt 0.63489 0.77888
vt 0.66446 0.71804
vt 0.66266 0.69746
vt 0.66266 0.69746
vt 0.92127 0.71804
vt 0.92969 0.69709
vt 0.32225 0.79983
vt 0.28829 0.79983
vt 0.44904 0.79998
vt 0.61226 0.70995
vt 0.64506 0.62233
vt 0.64355 0.60342
vt 0.46670 0.72060
vt 0.46604 0.72239
vt 0.47476 0.72239
vt 0.64355 0.60342
vt 0.59750 0.48361
vt 0.61226 0.70995
vt 0.42173 0.72239
vt 0.42178 0.70987
vt 0.31610 0.70987
vt 0.46604 0.72239
vt 0.46604 0.70987
vt 0.46671 0.70987
vt 0.28822 0.76065
vt 0.47512 0.76065
vt 0.39830 0.72233
vt 0.47464 0.67182
vt 0.47476 0.72239
vt 0.47342 0.67187
vt 0.43334 0.72239
vt 0.46427 0.70987
vt 0.42178 0.70987
vt 0.32225 0.79983
vt 0.28829 0.79983
vt 0.28829 0.79983
vt 0.28829 0.79983
vt 0.46200 0.79883
vt 0.44904 0.79998
vt 0.44904 0.79998
vt 0.43572 0.79983
vt 0.32225 0.79983
vt 0.92127 0.71804
vt 0.66446 0.71804
vt 0.66266 0.69746
vt 0.47342 0.67187
vt 0.47476 0.72239
vt 0.46671 0.70987
vt 0.47476 0.72239
vt 0.46604 0.72239
vt 0.46671 0.70987
vt 0.96674 0.60342
vt 0.95586 0.63202
vt 0.64276 0.62269
vt 0.63489 0.77888
vt 0.63773 0.79983
vt 0.66446 0.71804
vt 0.47476 0.72239
vt 0.47464 0.67182
vt 0.47512 0.76065
vt 0.43524 0.76067
vt 0.47512 0.76072
vt 0.47512 0.76065
vt 0.24190 0.68278
vt 0.23910 0.74108
vt 0.24573 0.71945
vt 0.43334 0.72239
vt 0.42173 0.72239
vt 0.46604 0.72239
vt 0.42173 0.72239
vt 0.30354 0.72239
vt 0.46604 0.72239
vt 0.24573 0.71945
vt 0.24626 0.72138
vt 0.24625 0.70987
vt 0.46605 0.71817
vt 0.47464 0.67182
vt 0.46671 0.70987
vt 0.23910 0.74108
vt 0.24190 0.68278
vt 0.24088 0.68284
vt 0.46604 0.72239
vt 0.46605 0.70987
vt 0.46604 0.70987
vt 0.59750 0.48361
vt 0.92127 0.45699
vt 0.99283 0.50883
vt 0.28811 0.70160
vt 0.28799 0.57666
vt 0.25985 0.66263
vt 0.22079 0.66299
vt 0.28811 0.70160
vt 0.25985 0.66263
vt 0.24626 0.72138
vt 0.24573 0.71945
vt 0.39830 0.72233
vt 0.46605 0.70987
vt 0.46605 0.71817
vt 0.46671 0.70987
vt 0.66266 0.69746
vt 0.66446 0.71804
vt 0.92127 0.71804
vt 0.63489 0.77888
vt 0.44904 0.79998
vt 0.49009 0.79983
vt 0.32150 0.76072
vt 0.32350 0.76067
vt 0.28822 0.76065
vt 0.32350 0.76067
vt 0.43524 0.76067
vt 0.47512 0.76065
vt 0.43572 0.79983
vt 0.44904 0.79998
vt 0.44579 0.76072
vt 0.21956 0.71657
vt 0.22934 0.75215
vt 0.23974 0.74379
vt 0.43523 0.76072
vt 0.44579 0.76072
vt 0.43524 0.76067
vt 0.28808 0.70987
vt 0.28799 0.57666
vt 0.28811 0.70160
vt 0.46670 0.72060
vt 0.43334 0.72239
vt 0.46604 0.72239
vt 0.23974 0.74379
vt 0.28822 0.76065
vt 0.23910 0.74108
vt 0.47512 0.76072
vt 0.44904 0.79998
vt 0.61158 0.72239
vt 0.46101 0.79983
vt 0.28808 0.77950
vt 0.46094 0.77950
vt 0.22301 0.73506
vt 0.28175 0.77436
vt 0.28829 0.79983
vt 0.61158 0.72239
vt 0.66266 0.69746
vt 0.64515 0.63202
vt 0.64355 0.60342
vt 0.63107 0.45699
vt 0.59750 0.48361
vt 0.30354 0.72239
vt 0.24626 0.72138
vt 0.46604 0.72239
vt 0.95586 0.63202
vt 0.99931 0.51781
vt 0.99931 0.51781
vt 0.99931 0.51781
vt 0.99931 0.45699
vt 0.99931 0.45699
vt 0.43572 0.79983
vt 0.44579 0.76072
vt 0.43523 0.76072
vt 0.39830 0.72233
vt 0.46605 0.71817
vt 0.46604 0.72239
vt 0.46670 0.72060
vt 0.46427 0.70987
vt 0.43334 0.72239
vt 0.46671 0.70987
vt 0.60756 0.67760
vt 0.60883 0.71666
vt 0.44579 0.76072
vt 0.44904 0.79998
vt 0.47512 0.76072
vt 0.47512 0.76065
vt 0.47464 0.67182
vt 0.46605 0.71817
vt 0.47512 0.76072
vt 0.61158 0.72239
vt 0.47476 0.72239
vt 0.47512 0.76065
vt 0.46605 0.71817
vt 0.39830 0.72233
vt 0.47476 0.72239
vt 0.47512 0.76065
vt 0.47512 0.76072
vt 0.99301 0.51099
vt 0.99295 0.45700
vt 0.99250 0.45699
vt 0.99250 0.45699
vt 0.99931 0.45699
vt 0.92127 0.45699
vt 0.42736 0.70987
vt 0.28811 0.70160
vt 0.25942 0.71666
vt 0.28808 0.70987
vt 0.28175 0.77436
vt 0.28799 0.57666
vt 0.23974 0.74379
vt 0.32150 0.76072
vt 0.28822 0.76065
vt 0.95586 0.63202
vt 0.92970 0.69709
vt 0.64515 0.63202
vt 0.66446 0.71804
vt 0.63607 0.79530
vt 0.66266 0.69746
vt 0.63489 0.77888
vt 0.49009 0.79983
vt 0.63773 0.79983
vt 0.63107 0.45699
vt 0.92127 0.45699
vt 0.92127 0.45699
vt 0.25945 0.70987
vt 0.25939 0.70987
vt 0.46427 0.70987
vt 0.92127 0.71804
vt 0.66266 0.69746
vt 0.92970 0.69709
vt 0.42173 0.72239
vt 0.31610 0.70987
vt 0.30354 0.72239
vt 0.43334 0.72239
vt 0.42178 0.70987
vt 0.42173 0.72239
vt 0.23885 0.72239
vt 0.23974 0.74379
vt 0.23910 0.74108
vt 0.44579 0.76072
vt 0.47512 0.76072
vt 0.43524 0.76067
vt 0.32350 0.76067
vt 0.47512 0.76065
vt 0.28822 0.76065
vt 0.23910 0.74108
vt 0.24088 0.68284
vt 0.23885 0.72239
vt 0.28829 0.79983
vt 0.32150 0.76072
vt 0.23974 0.74379
vt 0.64276 0.62234
vt 0.46671 0.67760
vt 0.48959 0.57680
vt 0.47464 0.67182
vt 0.46671 0.67180
vt 0.46671 0.70987
vt 0.46605 0.71817
vt 0.46605 0.70987
vt 0.46604 0.72239
vt 0.46671 0.67180
vt 0.47464 0.67182
vt 0.47342 0.67187
vt 0.92127 0.71804
vt 0.92127 0.71804
vt 0.92970 0.69709
vt 0.28822 0.76065
vt 0.39830 0.72233
vt 0.24573 0.71945
vt 0.24626 0.72138
vt 0.39830 0.72233
vt 0.46604 0.72239
vt 0.42736 0.70987
vt 0.42736 0.69933
vt 0.28808 0.70987
vt 0.24494 0.70987
vt 0.24088 0.68284
vt 0.24190 0.68278
vt 0.46605 0.70987
vt 0.46671 0.70987
vt 0.46671 0.70987
vt 0.60756 0.67760
vt 0.64276 0.62234
vt 0.60883 0.71666
vt 0.99301 0.51099
vt 0.94865 0.62956
vt 0.99283 0.50883
vt 0.63773 0.79983
vt 0.66446 0.71804
vt 0.66446 0.71804
vt 0.61158 0.72239
vt 0.66266 0.69746
vt 0.63607 0.79530
vt 0.25927 0.72239
vt 0.24626 0.72138
vt 0.30354 0.72239
vt 0.92065 0.70245
vt 0.66131 0.70245
vt 0.92065 0.70245
vt 0.66446 0.71804
vt 0.92127 0.71804
vt 0.66446 0.71804
vt 0.48871 0.71297
vt 0.42736 0.57675
vt 0.48959 0.57680
vt 0.94865 0.62956
vt 0.64276 0.62234
vt 0.94915 0.62138
vt 0.23482 0.74259
vt 0.22658 0.71117
vt 0.21956 0.71657
vt 0.25939 0.70987
vt 0.25942 0.71666
vt 0.25927 0.72239
vt 0.95586 0.63202
vt 0.64515 0.63202
vt 0.92969 0.69709
vt 0.64539 0.62956
vt 0.60883 0.71666
vt 0.64276 0.62234
vt 0.60883 0.71666
vt 0.25942 0.71666
vt 0.60883 0.71666
vt 0.48959 0.57680
vt 0.59750 0.48361
vt 0.63013 0.45713
vt 0.23482 0.74259
vt 0.24626 0.72138
vt 0.60883 0.71666
vt 0.28801 0.78273
vt 0.23482 0.74259
vt 0.23482 0.74259
vt 0.22301 0.73506
vt 0.21831 0.72239
vt 0.28175 0.77436
vt 0.61226 0.70995
vt 0.48959 0.57680
vt 0.63013 0.45713
vt 0.96674 0.60342
vt 0.64276 0.62269
vt 0.63013 0.45713
vt 0.21831 0.72239
vt 0.22934 0.75215
vt 0.21956 0.71657
vt 0.48959 0.57680
vt 0.42736 0.69933
vt 0.64276 0.62236
vt 0.46200 0.79883
vt 0.28829 0.79983
vt 0.46101 0.79983
vt 0.64515 0.63202
vt 0.61226 0.70995
vt 0.64276 0.62269
vt 0.48377 0.71493
vt 0.46716 0.58040
vt 0.46670 0.72060
vt 0.99931 0.51781
vt 0.99931 0.51781
vt 0.99931 0.45699
vt 0.59750 0.48361
vt 0.59750 0.48361
vt 0.48959 0.57680
vt 0.63107 0.45699
vt 0.59750 0.48361
vt 0.59750 0.48361
vt 0.64515 0.63202
vt 0.64276 0.62269
vt 0.95586 0.63202
vt 0.64276 0.62269
vt 0.61226 0.70995
vt 0.63013 0.45713
vt 0.61158 0.72239
vt 0.63489 0.77888
vt 0.66266 0.69746
vt 0.99295 0.45700
vt 0.99931 0.45699
vt 0.99931 0.45699
vt 0.95586 0.63202
vt 0.95586 0.63202
vt 0.92969 0.69709
vt 0.92969 0.69709
vt 0.92127 0.71804
vt 0.92127 0.71804
vt 0.49009 0.79983
vt 0.44904 0.79998
vt 0.46200 0.79883
vt 0.48377 0.71493
vt 0.61158 0.72239
vt 0.61226 0.70995
vt 0.48377 0.71493
vt 0.46670 0.72060
vt 0.47476 0.72239
vt 0.92127 0.45699
vt 0.63107 0.45699
vt 0.92127 0.45699
vt 0.64355 0.60342
vt 0.64506 0.62233
vt 0.99931 0.51781
vt 0.94865 0.62956
vt 0.92065 0.70245
vt 0.94865 0.62956
vt 0.47476 0.72239
vt 0.61158 0.72239
vt 0.48377 0.71493
vt 0.22934 0.75215
vt 0.28829 0.79983
vt 0.28829 0.79983
vt 0.99295 0.45700
vt 0.92127 0.45699
vt 0.92127 0.45699
vt 0.92127 0.45699
vt 0.99931 0.45699
vt 0.99295 0.45700
vt 0.95586 0.63202
vt 0.95586 0.63202
vt 0.99931 0.51781
vt 0.92969 0.69709
vt 0.64515 0.63202
vt 0.66266 0.69746
vt 0.63773 0.79983
vt 0.49009 0.79983
vt 0.46200 0.79883
vt 0.64276 0.62236
vt 0.94865 0.62956
vt 0.94915 0.62138
vt 0.22621 0.70882
vt 0.28811 0.70160
vt 0.22079 0.66299
vt 0.42736 0.57675
vt 0.48959 0.57680
vt 0.48959 0.57680
vt 0.46200 0.79883
vt 0.63607 0.79530
vt 0.63773 0.79983
vt 0.92127 0.45699
vt 0.99931 0.51781
vt 0.96674 0.60342
vt 0.95586 0.63202
vt 0.95586 0.63202
vt 0.96674 0.60342
vt 0.63107 0.45699
vt 0.63107 0.45699
vt 0.92127 0.45699
vt 0.99931 0.51781
vt 0.64506 0.62233
vt 0.95827 0.62569
vt 0.63446 0.78273
vt 0.66131 0.70245
vt 0.66131 0.70245
vt 0.60883 0.71666
vt 0.64539 0.62956
vt 0.64276 0.62236
vt 0.25942 0.71666
vt 0.60883 0.71666
vt 0.60883 0.71666
vt 0.46094 0.77950
vt 0.48871 0.71297
vt 0.46101 0.79983
vt 0.28175 0.77436
vt 0.25985 0.66263
vt 0.28799 0.57666
vt 0.28801 0.78273
vt 0.63446 0.78273
vt 0.63446 0.78273
vt 0.63446 0.78273
vt 0.66131 0.70245
vt 0.60883 0.71666
vt 0.28801 0.78273
vt 0.23482 0.74259
vt 0.28801 0.78273
vt 0.61158 0.72239
vt 0.48871 0.71297
vt 0.61226 0.70995
vt 0.48871 0.71297
vt 0.46200 0.79883
vt 0.46101 0.79983
vt 0.99931 0.45699
vt 0.99250 0.45699
vt 0.99295 0.45700
vt 0.21831 0.72239
vt 0.22079 0.66299
vt 0.25985 0.66263
vt 0.61226 0.70995
vt 0.61158 0.72239
vt 0.64515 0.63202
vt 0.63107 0.45699
vt 0.64355 0.60342
vt 0.99931 0.51781
vt 0.31943 0.66650
vt 0.29868 0.66663
vt 0.29868 0.63685
vt 0.31943 0.70038
vt 0.31943 0.70292
vt 0.29231 0.69972
vt 0.31943 0.67159
vt 0.31943 0.63771
vt 0.29079 0.64118
vt 0.45980 0.69667
vt 0.46073 0.66674
vt 0.46317 0.67123
vt 0.46325 0.63000
vt 0.46325 0.63673
vt 0.46099 0.60438
vt 0.46325 0.66419
vt 0.46325 0.69893
vt 0.46099 0.72885
vt 0.31943 0.67172
vt 0.31943 0.67159
vt 0.31943 0.70292
vt 0.31943 0.66637
vt 0.31943 0.63342
vt 0.35256 0.62821
vt 0.35256 0.62821
vt 0.31943 0.63342
vt 0.31943 0.63609
vt 0.46099 0.72885
vt 0.46075 0.69973
vt 0.45986 0.73035
vt 0.35595 0.67122
vt 0.45872 0.66910
vt 0.45872 0.61304
vt 0.46325 0.66419
vt 0.46099 0.60438
vt 0.46325 0.63673
vt 0.45872 0.61304
vt 0.46325 0.63000
vt 0.46099 0.60438
vt 0.26328 0.68129
vt 0.29231 0.69972
vt 0.26158 0.67206
vt 0.26158 0.67206
vt 0.29079 0.64118
vt 0.26094 0.65983
vt 0.31943 0.63771
vt 0.31943 0.63517
vt 0.29868 0.63685
vt 0.29868 0.66663
vt 0.26116 0.66843
vt 0.26094 0.65983
vt 0.31943 0.66650
vt 0.31943 0.70038
vt 0.26328 0.68129
vt 0.31943 0.67159
vt 0.26158 0.67206
vt 0.29231 0.69972
vt 0.26158 0.67206
vt 0.26094 0.65983
vt 0.26116 0.66843
vt 0.29079 0.64118
vt 0.29868 0.63685
vt 0.26094 0.65983
vt 0.35474 0.62738
vt 0.45872 0.61780
vt 0.35256 0.62821
vt 0.35474 0.70773
vt 0.45872 0.66246
vt 0.45872 0.71645
vt 0.31943 0.63609
vt 0.31943 0.63342
vt 0.31943 0.63517
vt 0.35256 0.62821
vt 0.31943 0.63609
vt 0.35474 0.62738
vt 0.35576 0.71433
vt 0.45872 0.71645
vt 0.45986 0.73035
vt 0.46325 0.67390
vt 0.46075 0.69973
vt 0.45982 0.67186
vt 0.45982 0.67186
vt 0.45980 0.64146
vt 0.46325 0.63000
vt 0.31943 0.66637
vt 0.31943 0.66650
vt 0.31943 0.63517
vt 0.31943 0.67172
vt 0.31943 0.63609
vt 0.31943 0.63771
vt 0.31943 0.70200
vt 0.31943 0.70467
vt 0.31943 0.70292
vt 0.35474 0.62738
vt 0.31943 0.67172
vt 0.35595 0.67122
vt 0.31943 0.67172
vt 0.35576 0.71433
vt 0.35595 0.67122
vt 0.35595 0.67122
vt 0.45872 0.61304
vt 0.35474 0.62738
vt 0.35474 0.62738
vt 0.45872 0.61304
vt 0.45872 0.61780
vt 0.35474 0.70773
vt 0.35474 0.66311
vt 0.45872 0.66246
vt 0.35576 0.71433
vt 0.45986 0.73035
vt 0.45872 0.66910
vt 0.35474 0.66311
vt 0.35256 0.62821
vt 0.45872 0.61780
vt 0.46099 0.72885
vt 0.46325 0.69893
vt 0.46075 0.69973
vt 0.46325 0.67390
vt 0.45982 0.67186
vt 0.46325 0.63000
vt 0.35474 0.62738
vt 0.31943 0.63609
vt 0.31943 0.67172
vt 0.31943 0.67172
vt 0.31943 0.70467
vt 0.35576 0.71433
vt 0.31943 0.66637
vt 0.31943 0.70200
vt 0.31943 0.70038
vt 0.46325 0.63673
vt 0.45931 0.63873
vt 0.46073 0.66674
vt 0.45872 0.66910
vt 0.46325 0.63000
vt 0.45872 0.61304
vt 0.31943 0.70200
vt 0.31943 0.70292
vt 0.31943 0.70038
vt 0.31943 0.63609
vt 0.31943 0.63517
vt 0.31943 0.63771
vt 0.31943 0.66637
vt 0.31943 0.70038
vt 0.31943 0.66650
vt 0.45872 0.66246
vt 0.46099 0.60438
vt 0.46325 0.66419
vt 0.46325 0.69893
vt 0.46073 0.66674
vt 0.45980 0.69667
vt 0.35576 0.71433
vt 0.45872 0.66910
vt 0.35595 0.67122
vt 0.35474 0.66311
vt 0.45872 0.61780
vt 0.45872 0.66246
vt 0.31943 0.67172
vt 0.31943 0.70292
vt 0.31943 0.70467
vt 0.31943 0.66637
vt 0.35256 0.62821
vt 0.35474 0.66311
vt 0.45872 0.61780
vt 0.45872 0.61304
vt 0.46099 0.60438
vt 0.45872 0.71645
vt 0.45872 0.66246
vt 0.46099 0.72885
vt 0.31943 0.66637
vt 0.31943 0.63517
vt 0.31943 0.63342
vt 0.31943 0.67172
vt 0.31943 0.63771
vt 0.31943 0.67159
vt 0.31943 0.70467
vt 0.35474 0.70773
vt 0.35576 0.71433
vt 0.31943 0.70200
vt 0.35474 0.66311
vt 0.35474 0.70773
vt 0.31943 0.70038
vt 0.29231 0.69972
vt 0.26328 0.68129
vt 0.31943 0.67159
vt 0.29231 0.69972
vt 0.31943 0.70292
vt 0.29868 0.66663
vt 0.26094 0.65983
vt 0.29868 0.63685
vt 0.31943 0.66650
vt 0.26328 0.68129
vt 0.29868 0.66663
vt 0.45986 0.73035
vt 0.46325 0.67390
vt 0.45872 0.66910
vt 0.46325 0.63000
vt 0.45931 0.63873
vt 0.46325 0.63673
vt 0.31943 0.63771
vt 0.29868 0.63685
vt 0.29079 0.64118
vt 0.31943 0.66650
vt 0.29868 0.63685
vt 0.31943 0.63517
vt 0.31943 0.67159
vt 0.29079 0.64118
vt 0.26158 0.67206
vt 0.46325 0.66419
vt 0.46325 0.63673
vt 0.46073 0.66674
vt 0.46325 0.66419
vt 0.46073 0.66674
vt 0.46325 0.69893
vt 0.46325 0.67390
vt 0.45986 0.73035
vt 0.46075 0.69973
vt 0.45872 0.66246
vt 0.46325 0.66419
vt 0.46099 0.72885
vt 0.45872 0.66910
vt 0.46325 0.67390
vt 0.46325 0.63000
vt 0.45872 0.61780
vt 0.46099 0.60438
vt 0.45872 0.66246
vt 0.45986 0.73035
vt 0.45872 0.71645
vt 0.46099 0.72885
vt 0.29868 0.66663
vt 0.26328 0.68129
vt 0.26116 0.66843
vt 0.26116 0.66843
vt 0.26328 0.68129
vt 0.26158 0.67206
vt 0.45931 0.63873
vt 0.45980 0.64146
vt 0.46073 0.66674
vt 0.45980 0.64146
vt 0.46317 0.67123
vt 0.46073 0.66674
vt 0.46317 0.67123
vt 0.46075 0.69973
vt 0.45980 0.69667
vt 0.31943 0.70467
vt 0.31943 0.70200
vt 0.35474 0.70773
vt 0.31943 0.70200
vt 0.31943 0.66637
vt 0.35474 0.66311
vt 0.46325 0.69893
vt 0.45980 0.69667
vt 0.46075 0.69973
vt 0.46325 0.63000
vt 0.45980 0.64146
vt 0.45931 0.63873
vt 0.35576 0.71433
vt 0.35474 0.70773
vt 0.45872 0.71645
vt 0.45982 0.67186
vt 0.46317 0.67123
vt 0.45980 0.64146
vt 0.46075 0.69973
vt 0.46317 0.67123
vt 0.45982 0.67186
vt 0.66008 0.70897
vt 0.81874 0.78318
vt 0.78103 0.81152
vt 0.78982 0.82390
vt 0.78819 0.82042
vt 0.81560 0.78672
vt 0.81874 0.78318
vt 0.80224 0.74697
vt 0.65073 0.75252
vt 0.80224 0.74697
vt 0.80224 0.74697
vt 0.81874 0.78318
vt 0.65073 0.75252
vt 0.80224 0.74697
vt 0.80224 0.74697
vt 0.78819 0.82042
vt 0.64777 0.76295
vt 0.81560 0.78672
vt 0.80224 0.74697
vt 0.81560 0.78672
vt 0.64777 0.76295
vt 0.64777 0.76295
vt 0.66008 0.70897
vt 0.66008 0.70897
vt 0.78819 0.82042
vt 0.78982 0.82390
vt 0.63954 0.79004
vt 0.66008 0.70897
vt 0.78103 0.81152
vt 0.64075 0.77870
vt 0.66008 0.70897
vt 0.66008 0.70897
vt 0.75279 0.70897
vt 0.81967 0.78014
vt 0.81874 0.78318
vt 0.81967 0.70897
vt 0.79012 0.82531
vt 0.78967 0.82440
vt 0.78212 0.81334
vt 0.65073 0.75252
vt 0.78212 0.81334
vt 0.81874 0.78318
vt 0.78212 0.81334
vt 0.78967 0.82440
vt 0.81874 0.78318
vt 0.64777 0.76295
vt 0.63954 0.79004
vt 0.66008 0.70897
vt 0.66008 0.70897
vt 0.81967 0.70897
vt 0.81874 0.78318
vt 0.80067 0.70897
vt 0.66008 0.70897
vt 0.81967 0.70897
vt 0.81967 0.78014
vt 0.78982 0.82390
vt 0.81560 0.78672
vt 0.66008 0.70897
vt 0.64075 0.77870
vt 0.65073 0.75252
vt 0.64075 0.77870
vt 0.78103 0.81152
vt 0.78212 0.81334
vt 0.79012 0.82531
vt 0.78103 0.81152
vt 0.81874 0.78318
vt 0.79012 0.82531
vt 0.78212 0.81334
vt 0.78103 0.81152
vt 0.78819 0.82042
vt 0.63954 0.79004
vt 0.64777 0.76295
vt 0.63954 0.79004
vt 0.75279 0.70897
vt 0.66008 0.70897
vt 0.80224 0.74697
vt 0.81874 0.78318
vt 0.81560 0.78672
vt 0.66008 0.70897
vt 0.75279 0.70897
vt 0.81967 0.70897
vt 0.81967 0.70897
vt 0.66008 0.70897
vt 0.80067 0.70897
vt 0.78967 0.82440
vt 0.79012 0.82531
vt 0.81874 0.78318
vt 0.64075 0.77870
vt 0.78212 0.81334
vt 0.65073 0.75252
vt 0.81967 0.78014
vt 0.81967 0.70897
vt 0.81967 0.70897
vt 0.81967 0.78014
vt 0.81560 0.78672
vt 0.81874 0.78318
vt 0.75279 0.70897
vt 0.78982 0.82390
vt 0.81967 0.70897
vt 0.64777 0.76295
vt 0.66008 0.70897
vt 0.65073 0.75252
vt 0.80067 0.70897
vt 0.81967 0.70897
vt 0.81967 0.70897
vt 0.80224 0.74697
vt 0.64777 0.76295
vt 0.65073 0.75252
vt 0.81967 0.70897
vt 0.78982 0.82390
vt 0.81967 0.78014
vt 0.75279 0.70897
vt 0.63954 0.79004
vt 0.78982 0.82390
vt 0.34576 0.69648
vt 0.38196 0.72015
vt 0.38196 0.69382
vt 0.38196 0.69382
vt 0.38196 0.72655
vt 0.39972 0.70182
vt 0.34576 0.69648
vt 0.34576 0.71757
vt 0.38196 0.72015
vt 0.34576 0.71757
vt 0.32800 0.72672
vt 0.32800 0.71757
vt 0.32800 0.69449
vt 0.38196 0.69382
vt 0.39972 0.69490
vt 0.39972 0.71781
vt 0.34576 0.71757
vt 0.32800 0.71757
vt 0.39972 0.70182
vt 0.39972 0.71781
vt 0.39972 0.69490
vt 0.39972 0.70182
vt 0.39972 0.73461
vt 0.39972 0.71781
vt 0.39972 0.69490
vt 0.34203 0.68373
vt 0.32800 0.69449
vt 0.38196 0.72015
vt 0.39972 0.71781
vt 0.38196 0.72655
vt 0.39972 0.71781
vt 0.38568 0.68739
vt 0.39972 0.67566
vt 0.32800 0.71757
vt 0.32800 0.72672
vt 0.32800 0.69449
vt 0.34576 0.69648
vt 0.32800 0.69449
vt 0.34576 0.71176
vt 0.34576 0.71757
vt 0.34576 0.71176
vt 0.32800 0.72672
vt 0.38196 0.72655
vt 0.39972 0.71781
vt 0.39972 0.73461
vt 0.32800 0.69449
vt 0.34203 0.68373
vt 0.32800 0.67566
vt 0.39972 0.69490
vt 0.38568 0.67225
vt 0.34203 0.68373
vt 0.32800 0.69449
vt 0.34576 0.69648
vt 0.38196 0.69382
vt 0.34203 0.68373
vt 0.34203 0.67799
vt 0.32800 0.67566
vt 0.32800 0.71757
vt 0.38568 0.68739
vt 0.39972 0.71781
vt 0.32800 0.69449
vt 0.32800 0.67566
vt 0.32800 0.71757
vt 0.32800 0.67566
vt 0.34203 0.67799
vt 0.34203 0.68373
vt 0.34576 0.71176
vt 0.34576 0.71757
vt 0.34576 0.69648
vt 0.39972 0.71781
vt 0.38196 0.72015
vt 0.34576 0.71757
vt 0.38196 0.72015
vt 0.38196 0.72655
vt 0.38196 0.69382
vt 0.39972 0.69490
vt 0.38196 0.69382
vt 0.39972 0.70182
vt 0.39972 0.67566
vt 0.38568 0.68739
vt 0.38568 0.67225
vt 0.39972 0.69490
vt 0.39972 0.71781
vt 0.39972 0.67566
vt 0.32800 0.71757
vt 0.34203 0.68373
vt 0.38568 0.68739
vt 0.39972 0.69490
vt 0.39972 0.67566
vt 0.38568 0.67225
vt 0.38196 0.72655
vt 0.39972 0.73461
vt 0.39972 0.70182
vt 0.32800 0.69449
vt 0.32800 0.72672
vt 0.34576 0.71176
vt 0.34203 0.68373
vt 0.38568 0.67225
vt 0.38568 0.68739
vt 0.32800 0.71757
vt 0.32800 0.67566
vt 0.34203 0.68373
vt 0.61955 0.87418
vt 0.62952 0.84244
vt 0.63119 0.84221
vt 0.63232 0.81592
vt 0.63119 0.84221
vt 0.61500 0.80985
vt 0.63280 0.86172
vt 0.61938 0.88534
vt 0.61955 0.87418
vt 0.63280 0.81507
vt 0.63280 0.86172
vt 0.63119 0.84221
vt 0.61971 0.79202
vt 0.63280 0.81507
vt 0.63232 0.81592
vt 0.61026 0.80162
vt 0.60629 0.81449
vt 0.61971 0.79202
vt 0.60629 0.81449
vt 0.60459 0.81102
vt 0.62022 0.78648
vt 0.63280 0.81507
vt 0.63463 0.81421
vt 0.63450 0.86577
vt 0.63280 0.86172
vt 0.63450 0.86577
vt 0.61924 0.89155
vt 0.61955 0.87418
vt 0.61938 0.88534
vt 0.60629 0.86115
vt 0.60629 0.86115
vt 0.60629 0.81449
vt 0.61026 0.80162
vt 0.62022 0.78648
vt 0.62671 0.78545
vt 0.63463 0.81421
vt 0.61971 0.79202
vt 0.62022 0.78648
vt 0.63463 0.81421
vt 0.60629 0.86115
vt 0.60446 0.86258
vt 0.60459 0.81102
vt 0.61938 0.88534
vt 0.61924 0.89155
vt 0.60446 0.86258
vt 0.61026 0.80162
vt 0.61500 0.80985
vt 0.61003 0.85514
vt 0.60459 0.81102
vt 0.62671 0.78545
vt 0.62022 0.78648
vt 0.61500 0.80985
vt 0.61111 0.82355
vt 0.61003 0.85514
vt 0.62952 0.84244
vt 0.61955 0.87418
vt 0.61003 0.85514
vt 0.61003 0.85514
vt 0.61111 0.82355
vt 0.62952 0.84244
vt 0.61938 0.88534
vt 0.60446 0.86258
vt 0.60629 0.86115
vt 0.60629 0.81449
vt 0.62022 0.78648
vt 0.61971 0.79202
vt 0.63280 0.81507
vt 0.63450 0.86577
vt 0.63280 0.86172
vt 0.63280 0.81507
vt 0.63119 0.84221
vt 0.63232 0.81592
vt 0.61924 0.89155
vt 0.60379 0.86613
vt 0.60446 0.86258
vt 0.63280 0.86172
vt 0.61924 0.89155
vt 0.61938 0.88534
vt 0.60446 0.86258
vt 0.60379 0.86613
vt 0.60459 0.81102
vt 0.62671 0.78545
vt 0.60379 0.86613
vt 0.63450 0.86577
vt 0.63280 0.86172
vt 0.61955 0.87418
vt 0.63119 0.84221
vt 0.63119 0.84221
vt 0.62952 0.84244
vt 0.61500 0.80985
vt 0.63463 0.81421
vt 0.62671 0.78545
vt 0.63450 0.86577
vt 0.60379 0.86613
vt 0.61924 0.89155
vt 0.63450 0.86577
vt 0.60459 0.81102
vt 0.60379 0.86613
vt 0.62671 0.78545
vt 0.63232 0.81592
vt 0.61500 0.80985
vt 0.61026 0.80162
vt 0.61971 0.79202
vt 0.63463 0.81421
vt 0.63280 0.81507
vt 0.60629 0.86115
vt 0.60459 0.81102
vt 0.60629 0.81449
vt 0.61955 0.87418
vt 0.60629 0.86115
vt 0.61003 0.85514
vt 0.61111 0.82355
vt 0.61500 0.80985
vt 0.62952 0.84244
vt 0.60629 0.86115
vt 0.61026 0.80162
vt 0.61003 0.85514
vt 0.61971 0.79202
vt 0.63232 0.81592
vt 0.61026 0.80162
vt 0.60669 0.91131
vt 0.63771 0.91131
vt 0.63772 0.79660
vt 0.60015 0.87921
vt 0.60150 0.91226
vt 0.59860 0.79660
vt 0.63772 0.79660
vt 0.63771 0.91131
vt 0.61046 0.91131
vt 0.59723 0.79660
vt 0.60085 0.87921
vt 0.60015 0.87921
vt 0.59723 0.79660
vt 0.59991 0.91166
vt 0.60085 0.87921
vt 0.60432 0.79660
vt 0.61046 0.91131
vt 0.59991 0.91166
vt 0.63771 0.91131
vt 0.63772 0.79660
vt 0.60432 0.79660
vt 0.60432 0.79660
vt 0.60015 0.87921
vt 0.60085 0.87921
vt 0.60479 0.79660
vt 0.59860 0.79660
vt 0.63772 0.79660
vt 0.60479 0.79660
vt 0.60150 0.91226
vt 0.60015 0.87921
vt 0.59723 0.79660
vt 0.59860 0.79660
vt 0.60479 0.79660
vt 0.63772 0.79660
vt 0.61046 0.91131
vt 0.60432 0.79660
vt 0.60432 0.79660
vt 0.60085 0.87921
vt 0.59991 0.91166
vt 0.60432 0.79660
vt 0.59991 0.91166
vt 0.59723 0.79660
vt 0.61046 0.91131
vt 0.60432 0.79660
vt 0.59991 0.91166
vt 0.63771 0.91131
vt 0.60432 0.79660
vt 0.61046 0.91131
vt 0.59723 0.79660
vt 0.60479 0.79660
vt 0.60432 0.79660
vt 0.60015 0.87921
vt 0.59860 0.79660
vt 0.59723 0.79660
vt 0.60150 0.91226
vt 0.60669 0.91131
vt 0.59860 0.79660
vt 0.60479 0.79660
vt 0.63772 0.79660
vt 0.63771 0.91131
vt 0.60479 0.79660
vt 0.63771 0.91131
vt 0.60150 0.91226
vt 0.60015 0.87921
vt 0.60432 0.79660
vt 0.60479 0.79660
vt 0.60669 0.91131
vt 0.63772 0.79660
vt 0.59860 0.79660
vt 0.60150 0.91226
vt 0.63771 0.91131
vt 0.60669 0.91131
vt 0.66554 0.80866
vt 0.67423 0.79206
vt 0.67378 0.79067
vt 0.67423 0.79206
vt 0.68572 0.80571
vt 0.68403 0.80573
vt 0.67960 0.80178
vt 0.67071 0.85197
vt 0.68292 0.84318
vt 0.66439 0.84200
vt 0.66812 0.79585
vt 0.68376 0.81846
vt 0.66859 0.84824
vt 0.67071 0.85197
vt 0.66554 0.80866
vt 0.66554 0.80866
vt 0.67071 0.85197
vt 0.67960 0.80178
vt 0.68292 0.84318
vt 0.66588 0.85899
vt 0.68141 0.86382
vt 0.66554 0.80866
vt 0.67378 0.79067
vt 0.66400 0.80788
vt 0.68292 0.84318
vt 0.67071 0.85197
vt 0.66859 0.84824
vt 0.66439 0.84200
vt 0.67321 0.85438
vt 0.67932 0.85299
vt 0.67378 0.79067
vt 0.68376 0.81846
vt 0.66812 0.79585
vt 0.66554 0.80866
vt 0.67960 0.80178
vt 0.67423 0.79206
vt 0.67423 0.79206
vt 0.68403 0.80573
vt 0.67378 0.79067
vt 0.66400 0.80788
vt 0.66812 0.79585
vt 0.66439 0.84200
vt 0.66588 0.85899
vt 0.66859 0.84824
vt 0.66554 0.80866
vt 0.68572 0.80571
vt 0.67960 0.80178
vt 0.68292 0.84318
vt 0.68403 0.80573
vt 0.67932 0.85299
vt 0.68376 0.81846
vt 0.67932 0.85299
vt 0.67321 0.85438
vt 0.68376 0.81846
vt 0.68572 0.80571
vt 0.67423 0.79206
vt 0.67960 0.80178
vt 0.68292 0.84318
vt 0.66859 0.84824
vt 0.66588 0.85899
vt 0.67378 0.79067
vt 0.66812 0.79585
vt 0.66400 0.80788
vt 0.66588 0.85899
vt 0.66400 0.80788
vt 0.66439 0.84200
vt 0.68141 0.86382
vt 0.66588 0.85899
vt 0.66439 0.84200
vt 0.66439 0.84200
vt 0.67932 0.85299
vt 0.68141 0.86382
vt 0.68572 0.80571
vt 0.68292 0.84318
vt 0.68141 0.86382
vt 0.68572 0.80571
vt 0.68141 0.86382
vt 0.68403 0.80573
vt 0.67378 0.79067
vt 0.68403 0.80573
vt 0.68376 0.81846
vt 0.68376 0.81846
vt 0.67321 0.85438
vt 0.66439 0.84200
vt 0.66588 0.85899
vt 0.66554 0.80866
vt 0.66400 0.80788
vt 0.68403 0.80573
vt 0.68141 0.86382
vt 0.67932 0.85299
vt 0.67423 0.78549
vt 0.66800 0.79958
vt 0.66400 0.80788
vt 0.67321 0.85438
vt 0.66264 0.81882
vt 0.66935 0.85948
vt 0.66400 0.80788
vt 0.66274 0.84613
vt 0.66935 0.85948
vt 0.68123 0.79733
vt 0.67833 0.79609
vt 0.68255 0.83985
vt 0.68255 0.83985
vt 0.67833 0.79609
vt 0.66264 0.81882
vt 0.68608 0.82920
vt 0.66800 0.79958
vt 0.67423 0.78549
vt 0.66264 0.81882
vt 0.67321 0.85438
vt 0.68255 0.83985
vt 0.66400 0.80788
vt 0.66800 0.79958
vt 0.66274 0.84613
vt 0.67423 0.78549
vt 0.67423 0.78549
vt 0.66800 0.79958
vt 0.66264 0.81882
vt 0.66400 0.80788
vt 0.66935 0.85948
vt 0.68339 0.82220
vt 0.66800 0.79958
vt 0.68608 0.82920
vt 0.66264 0.81882
vt 0.67833 0.79609
vt 0.68123 0.79733
vt 0.68123 0.79733
vt 0.67423 0.78549
vt 0.67423 0.78549
vt 0.67423 0.85321
vt 0.66648 0.83956
vt 0.68339 0.82220
vt 0.68339 0.82220
vt 0.68608 0.82920
vt 0.67689 0.85629
vt 0.66800 0.79958
vt 0.66648 0.83956
vt 0.66274 0.84613
vt 0.66648 0.83956
vt 0.67423 0.85321
vt 0.67689 0.85629
vt 0.66859 0.80359
vt 0.66648 0.83956
vt 0.66800 0.79958
vt 0.66400 0.80788
vt 0.68123 0.79733
vt 0.67423 0.78549
vt 0.66648 0.83956
vt 0.66859 0.80359
vt 0.68339 0.82220
vt 0.68572 0.84613
vt 0.68608 0.82920
vt 0.68123 0.79733
vt 0.66935 0.85948
vt 0.68608 0.82920
vt 0.68572 0.84613
vt 0.68255 0.83985
vt 0.67321 0.85438
vt 0.66935 0.85948
vt 0.67423 0.85321
vt 0.68339 0.82220
vt 0.67689 0.85629
vt 0.66935 0.85948
vt 0.66274 0.84613
vt 0.67689 0.85629
vt 0.66264 0.81882
vt 0.68123 0.79733
vt 0.66400 0.80788
vt 0.68123 0.79733
vt 0.68255 0.83985
vt 0.68572 0.84613
vt 0.68339 0.82220
vt 0.66859 0.80359
vt 0.66800 0.79958
vt 0.68572 0.84613
vt 0.68255 0.83985
vt 0.66935 0.85948
vt 0.66274 0.84613
vt 0.66648 0.83956
vt 0.67689 0.85629
vt 0.66935 0.85948
vt 0.67689 0.85629
vt 0.68608 0.82920
vt 0.68123 0.79733
vt 0.68608 0.82920
vt 0.67423 0.78549
vt 0.54398 0.74663
vt 0.55522 0.69116
vt 0.54398 0.74663
vt 0.60116 0.64204
vt 0.69418 0.66951
vt 0.68845 0.61741
vt 0.55522 0.69116
vt 0.58511 0.61614
vt 0.57899 0.62215
vt 0.50243 0.70152
vt 0.50703 0.69551
vt 0.55522 0.69116
vt 0.50243 0.70152
vt 0.55522 0.69116
vt 0.54398 0.69551
vt 0.69003 0.62983
vt 0.70716 0.64444
vt 0.69415 0.68396
vt 0.54398 0.74663
vt 0.54398 0.74663
vt 0.49700 0.73979
vt 0.54398 0.74663
vt 0.58012 0.65451
vt 0.55522 0.69116
vt 0.69418 0.66951
vt 0.70716 0.64444
vt 0.70716 0.64444
vt 0.55522 0.69116
vt 0.57899 0.62215
vt 0.54398 0.69551
vt 0.69418 0.66951
vt 0.70716 0.64444
vt 0.68845 0.61741
vt 0.58511 0.61614
vt 0.68845 0.61741
vt 0.69003 0.62983
vt 0.60116 0.64204
vt 0.58012 0.65451
vt 0.69003 0.62983
vt 0.54398 0.69551
vt 0.58012 0.65451
vt 0.54398 0.74663
vt 0.60116 0.64204
vt 0.68845 0.61741
vt 0.58511 0.61614
vt 0.49700 0.73979
vt 0.54398 0.74663
vt 0.55522 0.69116
vt 0.50243 0.70152
vt 0.49700 0.73979
vt 0.50703 0.69551
vt 0.58012 0.65451
vt 0.60116 0.64204
vt 0.55522 0.69116
vt 0.69418 0.66951
vt 0.69415 0.68396
vt 0.70716 0.64444
vt 0.54398 0.69551
vt 0.57899 0.62215
vt 0.58012 0.65451
vt 0.69003 0.62983
vt 0.68845 0.61741
vt 0.70716 0.64444
vt 0.54398 0.69551
vt 0.54398 0.74663
vt 0.50243 0.70152
vt 0.55522 0.69116
vt 0.50703 0.69551
vt 0.49700 0.73979
vt 0.58511 0.61614
vt 0.55522 0.69116
vt 0.60116 0.64204
vt 0.60116 0.64204
vt 0.69003 0.62983
vt 0.69418 0.66951
vt 0.58012 0.65451
vt 0.57899 0.62215
vt 0.69003 0.62983
vt 0.69003 0.62983
vt 0.70716 0.64444
vt 0.70716 0.64444
vt 0.58511 0.61614
vt 0.69003 0.62983
vt 0.57899 0.62215
vt 0.69418 0.66951
vt 0.69003 0.62983
vt 0.69415 0.68396
vt 0.54398 0.74663
vt 0.49849 0.74663
vt 0.50243 0.70152
vt 0.49849 0.74663
vt 0.49700 0.73979
vt 0.50243 0.70152
vt 0.54398 0.74663
vt 0.49700 0.73979
vt 0.49849 0.74663
vt 0.53477 0.80833
vt 0.29302 0.78562
vt 0.54131 0.78562
vt 0.54884 0.80833
vt 0.54131 0.78562
vt 0.55445 0.78562
vt 0.29302 0.78562
vt 0.53477 0.80833
vt 0.54131 0.78562
vt 0.54131 0.78562
vt 0.29302 0.78562
vt 0.55445 0.78562
vt 0.54131 0.78562
vt 0.54884 0.80833
vt 0.55445 0.78562
vt 0.23344 0.76656
vt 0.23978 0.74831
vt 0.24195 0.74982
vt 0.29302 0.78562
vt 0.23978 0.74831
vt 0.29302 0.78562
vt 0.29302 0.80833
vt 0.25564 0.78894
vt 0.23344 0.76656
vt 0.29302 0.78562
vt 0.25211 0.77965
vt 0.24195 0.74982
vt 0.29302 0.80833
vt 0.53477 0.80833
vt 0.25564 0.78894
vt 0.29302 0.78562
vt 0.54131 0.78562
vt 0.55445 0.78562
vt 0.54131 0.78562
vt 0.29302 0.78562
vt 0.29302 0.78562
vt 0.29302 0.78562
vt 0.23978 0.74831
vt 0.25564 0.78894
vt 0.53477 0.80833
vt 0.29302 0.80833
vt 0.29302 0.78562
vt 0.54884 0.80833
vt 0.53477 0.80833
vt 0.54131 0.78562
vt 0.29302 0.80833
vt 0.23344 0.76656
vt 0.25211 0.77965
vt 0.29302 0.78562
vt 0.29302 0.80833
vt 0.25211 0.77965
vt 0.24195 0.74982
vt 0.25211 0.77965
vt 0.23344 0.76656
vt 0.29302 0.78562
vt 0.29302 0.78562
vt 0.24195 0.74982
vt 0.29302 0.78562
vt 0.24195 0.74982
vt 0.23978 0.74831
vt 0.54131 0.78562
vt 0.53477 0.80833
vt 0.54884 0.80833
vt 0.53477 0.80833
vt 0.54884 0.80833
vt 0.29302 0.80833
vt 0.29302 0.78562
vt 0.25564 0.78894
vt 0.53477 0.80833
vt 0.29302 0.78562
vt 0.29302 0.78562
vt 0.54131 0.78562
vt 0.29302 0.80833
vt 0.54884 0.80833
vt 0.53477 0.80833
vt 0.23344 0.76656
vt 0.25564 0.78894
vt 0.23978 0.74831
vt 0.79972 0.79440
vt 0.79932 0.78333
vt 0.79932 0.78333
vt 0.60901 0.84607
vt 0.79972 0.79440
vt 0.79932 0.78333
vt 0.79972 0.79440
vt 0.79875 0.76717
vt 0.79932 0.78333
vt 0.60829 0.82587
vt 0.79861 0.76313
vt 0.79861 0.76313
vt 0.60853 0.83260
vt 0.79932 0.78333
vt 0.79875 0.76717
vt 0.79932 0.78333
vt 0.79932 0.78333
vt 0.79861 0.76313
vt 0.60853 0.83260
vt 0.79875 0.76717
vt 0.79972 0.79440
vt 0.79972 0.79440
vt 0.79972 0.79440
vt 0.79875 0.76717
vt 0.60829 0.82587
vt 0.60829 0.82587
vt 0.79861 0.76313
vt 0.79932 0.78333
vt 0.60829 0.82587
vt 0.79861 0.76313
vt 0.79932 0.78333
vt 0.79861 0.76313
vt 0.79861 0.76313
vt 0.79861 0.76313
vt 0.60829 0.82587
vt 0.60853 0.83260
vt 0.60901 0.84607
vt 0.60940 0.85713
vt 0.79972 0.79440
vt 0.79875 0.76717
vt 0.79932 0.78333
vt 0.79861 0.76313
vt 0.60829 0.82587
vt 0.60901 0.84607
vt 0.79932 0.78333
vt 0.60853 0.83260
vt 0.60901 0.84607
vt 0.60829 0.82587
vt 0.79932 0.78333
vt 0.60901 0.84607
vt 0.60829 0.82587
vt 0.79972 0.79440
vt 0.79972 0.79440
vt 0.60940 0.85713
vt 0.79972 0.79440
vt 0.79972 0.79440
vt 0.60940 0.85713
vt 0.60853 0.83260
vt 0.60901 0.84607
vt 0.79932 0.78333
vt 0.60901 0.84607
vt 0.60901 0.84607
vt 0.60829 0.82587
vt 0.60901 0.84607
vt 0.60940 0.85713
vt 0.79972 0.79440
vt 0.60853 0.83260
vt 0.60829 0.82587
vt 0.79875 0.76717
vt 0.79972 0.79440
vt 0.79972 0.79440
vt 0.79932 0.78333
vt 0.79972 0.79440
vt 0.60940 0.85713
vt 0.60901 0.84607
vt 0.60901 0.84607
vt 0.60829 0.82587
vt 0.60829 0.82587
vt 0.60829 0.82587
vt 0.79932 0.78333
vt 0.79875 0.76717
vt 0.79861 0.76313
vt 0.60853 0.83260
vt 0.79875 0.76717
vt 0.60940 0.85713
vt 0.60901 0.84607
vt 0.60901 0.84607
vt 0.60853 0.83260
vt 0.79972 0.79440
vt 0.60940 0.85713
vt 0.60901 0.84607
vt 0.60853 0.83260
vt 0.60829 0.82587
vt 0.79972 0.79440
vt 0.60901 0.84607
vt 0.79932 0.78333
vt 0.60940 0.85713
vt 0.60901 0.84607
vt 0.60853 0.83260
vt 0.60901 0.84607
vt 0.79972 0.79440
vt 0.79932 0.78333
vt 0.29334 0.69576
vt 0.41102 0.70157
vt 0.41102 0.70860
vt 0.32123 0.71319
vt 0.41102 0.70157
vt 0.31904 0.69576
vt 0.31904 0.69576
vt 0.30409 0.70448
vt 0.31643 0.70448
vt 0.32123 0.71319
vt 0.30409 0.70448
vt 0.29334 0.70622
vt 0.29334 0.71184
vt 0.41102 0.70860
vt 0.32123 0.71319
vt 0.32123 0.71319
vt 0.31643 0.70448
vt 0.30409 0.70448
vt 0.29334 0.69576
vt 0.31904 0.69576
vt 0.41102 0.70157
vt 0.29334 0.69576
vt 0.29334 0.71184
vt 0.29334 0.70622
vt 0.31904 0.69576
vt 0.29334 0.70622
vt 0.30409 0.70448
vt 0.29334 0.69576
vt 0.29334 0.70622
vt 0.31904 0.69576
vt 0.41102 0.70860
vt 0.41102 0.70157
vt 0.32123 0.71319
vt 0.29334 0.71184
vt 0.32123 0.71319
vt 0.29334 0.70622
vt 0.29334 0.69576
vt 0.41102 0.70860
vt 0.29334 0.71184
vt 0.31904 0.69576
vt 0.31643 0.70448
vt 0.32123 0.71319
vt 0.45257 0.71803
vt 0.27617 0.72675
vt 0.27617 0.71803
vt 0.46182 0.71238
vt 0.45780 0.72839
vt 0.45741 0.71037
vt 0.45257 0.70931
vt 0.27617 0.71803
vt 0.45257 0.71803
vt 0.27617 0.70931
vt 0.27617 0.70931
vt 0.27617 0.71803
vt 0.45257 0.71803
vt 0.27617 0.72675
vt 0.45257 0.72675
vt 0.45257 0.72675
vt 0.27617 0.72675
vt 0.45780 0.72839
vt 0.45631 0.72246
vt 0.45741 0.71037
vt 0.45780 0.72839
vt 0.45780 0.72839
vt 0.45741 0.71037
vt 0.45257 0.71803
vt 0.27617 0.71803
vt 0.27617 0.70931
vt 0.27617 0.71803
vt 0.45741 0.71037
vt 0.45631 0.72246
vt 0.46182 0.71238
vt 0.45257 0.70931
vt 0.45257 0.71803
vt 0.27617 0.71803
vt 0.45257 0.70931
vt 0.27617 0.70931
vt 0.27617 0.70931
vt 0.45257 0.70931
vt 0.27617 0.70931
vt 0.45257 0.70931
vt 0.45257 0.71803
vt 0.45741 0.71037
vt 0.45257 0.70931
vt 0.45257 0.70931
vt 0.45741 0.71037
vt 0.45257 0.71803
vt 0.45257 0.70931
vt 0.45741 0.71037
vt 0.45257 0.70931
vt 0.45741 0.71037
vt 0.45780 0.72839
vt 0.45257 0.71803
vt 0.45780 0.72839
vt 0.45257 0.71803
vt 0.45257 0.72675
vt 0.46182 0.71238
vt 0.45631 0.72246
vt 0.45780 0.72839
vt 0.45257 0.70931
vt 0.27617 0.70931
vt 0.27617 0.71803
vt 0.45257 0.72675
vt 0.27617 0.72675
vt 0.27617 0.72675
vt 0.45257 0.71803
vt 0.27617 0.71803
vt 0.27617 0.72675
vt 0.27617 0.72675
vt 0.27617 0.71803
vt 0.27617 0.71803
vt 0.27617 0.71803
vt 0.27617 0.72675
vt 0.27617 0.72675
vt 0.45257 0.70931
vt 0.27617 0.71803
vt 0.27617 0.70931
vt 0.45257 0.71803
vt 0.45780 0.72839
vt 0.27617 0.72675
vt 0.61757 0.84935
vt 0.61757 0.91274
vt 0.62016 0.84935
vt 0.61757 0.91274
vt 0.62016 0.92200
vt 0.62016 0.84935
vt 0.62016 0.84935
vt 0.62016 0.92200
vt 0.62275 0.91274
vt 0.61987 0.92200
vt 0.61757 0.91274
vt 0.61757 0.84935
vt 0.62275 0.91274
vt 0.61987 0.92200
vt 0.62275 0.84935
vt 0.61987 0.92200
vt 0.62275 0.91274
vt 0.61757 0.91274
vt 0.61987 0.92200
vt 0.61757 0.84935
vt 0.62275 0.84935
vt 0.62275 0.91274
vt 0.62275 0.84935
vt 0.62016 0.84935
vt 0.62275 0.91274
vt 0.62016 0.92200
vt 0.61757 0.91274
vt 0.61757 0.84935
vt 0.62016 0.84935
vt 0.62275 0.84935
vt 0.96884 0.61666
vt 0.97002 0.64046
vt 0.94903 0.61666
vt 0.98425 0.61666
vt 0.98200 0.54905
vt 0.98108 0.54799
vt 0.96884 0.61666
vt 0.94903 0.61666
vt 0.94613 0.54974
vt 0.96884 0.61666
vt 0.97174 0.64777
vt 0.97002 0.64046
vt 0.98425 0.61666
vt 0.98425 0.61666
vt 0.98200 0.54905
vt 0.98425 0.61666
vt 0.96884 0.61666
vt 0.94613 0.54974
vt 0.94903 0.61666
vt 0.97002 0.64046
vt 0.98108 0.54799
vt 0.94903 0.61666
vt 0.94734 0.55390
vt 0.94613 0.54974
vt 0.94903 0.61666
vt 0.94903 0.61666
vt 0.94734 0.55390
vt 0.94613 0.54974
vt 0.98108 0.54799
vt 0.98200 0.54905
vt 0.98425 0.61666
vt 0.97174 0.64777
vt 0.98425 0.61666
vt 0.94903 0.61666
vt 0.98108 0.54799
vt 0.94734 0.55390
vt 0.98425 0.61666
vt 0.94613 0.54974
vt 0.98200 0.54905
vt 0.96884 0.61666
vt 0.94903 0.61666
vt 0.94903 0.61666
vt 0.97002 0.64046
vt 0.98425 0.61666
vt 0.98108 0.54799
vt 0.98425 0.61666
vt 0.97002 0.64046
vt 0.97174 0.64777
vt 0.94613 0.54974
vt 0.94734 0.55390
vt 0.98108 0.54799
vt 0.96884 0.61666
vt 0.98425 0.61666
vt 0.97174 0.64777
vt 0.63682 0.53734
vt 0.92531 0.53734
vt 0.91809 0.52007
vt 0.91809 0.55462
vt 0.63682 0.55462
vt 0.63682 0.55462
vt 0.63682 0.52007
vt 0.91809 0.52007
vt 0.91809 0.52007
vt 0.53879 0.63928
vt 0.63682 0.52007
vt 0.63682 0.52007
vt 0.63682 0.53734
vt 0.91809 0.52007
vt 0.92531 0.53734
vt 0.53879 0.63928
vt 0.53957 0.63954
vt 0.63682 0.52007
vt 0.53957 0.63954
vt 0.54693 0.65572
vt 0.63682 0.55462
vt 0.63682 0.53734
vt 0.63682 0.52007
vt 0.91809 0.52007
vt 0.92531 0.53734
vt 0.91809 0.52007
vt 0.91809 0.52007
vt 0.91809 0.55462
vt 0.92531 0.53734
vt 0.91809 0.55462
vt 0.63682 0.55462
vt 0.54693 0.65572
vt 0.53879 0.63928
vt 0.54693 0.65572
vt 0.53957 0.63954
vt 0.53879 0.63928
vt 0.91809 0.55462
vt 0.92531 0.53734
vt 0.63682 0.53734
vt 0.91809 0.55462
vt 0.63682 0.55462
vt 0.63682 0.53734
vt 0.53957 0.63954
vt 0.63682 0.53734
vt 0.63682 0.52007
vt 0.54693 0.65572
vt 0.63682 0.55462
vt 0.63682 0.55462
vt 0.91809 0.55462
vt 0.63682 0.55462
vt 0.91809 0.55462
vt 0.63682 0.53734
vt 0.91809 0.52007
vt 0.63682 0.52007
vt 0.63682 0.55462
vt 0.53879 0.63928
vt 0.63682 0.53734
vt 0.91809 0.55462
vt 0.63682 0.53734
vt 0.63682 0.55462
vt 0.91809 0.55462
vt 0.63682 0.53734
vt 0.92531 0.53734
vt 0.63682 0.52007
vt 0.91809 0.52007
vt 0.63682 0.52007
vt 0.53957 0.63954
vt 0.63682 0.55462
vt 0.63682 0.53734
vt 0.63682 0.53734
vt 0.53879 0.63928
vt 0.63682 0.52007
vt 0.60078 0.80128
vt 0.60078 0.79928
vt 0.55226 0.80209
vt 0.55226 0.79848
vt 0.60078 0.79928
vt 0.60078 0.80128
vt 0.60078 0.80128
vt 0.55226 0.80209
vt 0.55226 0.79848
vt 0.56554 0.80028
vt 0.60078 0.80128
vt 0.55226 0.79848
vt 0.55226 0.79848
vt 0.55226 0.80209
vt 0.60078 0.79928
vt 0.56554 0.80028
vt 0.55226 0.79848
vt 0.60078 0.80128
vt 0.60078 0.79928
vt 0.56554 0.80028
vt 0.55226 0.80209
vt 0.60078 0.79928
vt 0.55226 0.80209
vt 0.56554 0.80028
vt 0.43523 0.70432
vt 0.43142 0.70157
vt 0.43523 0.71319
vt 0.42448 0.71319
vt 0.43142 0.70157
vt 0.41729 0.69925
vt 0.42448 0.71319
vt 0.43523 0.71319
vt 0.43142 0.70157
vt 0.42799 0.70758
vt 0.43523 0.70432
vt 0.43523 0.71319
vt 0.43142 0.70157
vt 0.43523 0.71319
vt 0.42448 0.71319
vt 0.42799 0.70758
vt 0.43523 0.71319
vt 0.43142 0.70157
vt 0.42448 0.71319
vt 0.41517 0.70448
vt 0.43142 0.70157
vt 0.43142 0.70157
vt 0.43523 0.70432
vt 0.42799 0.70758
vt 0.42448 0.71319
vt 0.41729 0.69925
vt 0.41517 0.70448
vt 0.41729 0.69925
vt 0.43142 0.70157
vt 0.41517 0.70448
vt 0.39562 0.66531
vt 0.39562 0.66784
vt 0.34201 0.66048
vt 0.34201 0.66048
vt 0.34201 0.67009
vt 0.39562 0.66531
vt 0.39562 0.66784
vt 0.39562 0.66531
vt 0.34201 0.67009
vt 0.34201 0.66048
vt 0.39562 0.66784
vt 0.34201 0.67009
vt 0.41238 0.66481
vt 0.41238 0.61262
vt 0.41238 0.61686
vt 0.41238 0.72123
vt 0.41238 0.72547
vt 0.39360 0.72547
vt 0.41238 0.72123
vt 0.41238 0.66481
vt 0.41238 0.67328
vt 0.41238 0.72547
vt 0.41238 0.67328
vt 0.39360 0.67328
vt 0.41238 0.61686
vt 0.41238 0.61262
vt 0.39360 0.61262
vt 0.41238 0.67328
vt 0.41238 0.61686
vt 0.39360 0.61686
vt 0.41238 0.61262
vt 0.41238 0.66481
vt 0.39360 0.66481
vt 0.41238 0.66481
vt 0.41238 0.72123
vt 0.39360 0.72123
vt 0.39360 0.61686
vt 0.39360 0.61262
vt 0.39360 0.66481
vt 0.39360 0.66481
vt 0.39360 0.72123
vt 0.39360 0.67328
vt 0.39360 0.72123
vt 0.39360 0.72547
vt 0.39360 0.67328
vt 0.41238 0.67328
vt 0.41238 0.66481
vt 0.41238 0.61686
vt 0.41238 0.72547
vt 0.39360 0.67328
vt 0.39360 0.72547
vt 0.41238 0.72123
vt 0.39360 0.72547
vt 0.39360 0.72123
vt 0.41238 0.66481
vt 0.39360 0.72123
vt 0.39360 0.66481
vt 0.41238 0.61262
vt 0.39360 0.66481
vt 0.39360 0.61262
vt 0.39360 0.67328
vt 0.39360 0.61686
vt 0.39360 0.66481
vt 0.41238 0.61686
vt 0.39360 0.61262
vt 0.39360 0.61686
vt 0.41238 0.67328
vt 0.39360 0.61686
vt 0.39360 0.67328
vt 0.41238 0.67328
vt 0.41238 0.72547
vt 0.41238 0.72123
vt 0.41238 0.60604
vt 0.41238 0.60604
vt 0.39360 0.60604
vt 0.41238 0.60604
vt 0.39360 0.60604
vt 0.39360 0.60604
vt 0.41238 0.66047
vt 0.41238 0.60604
vt 0.39360 0.60604
vt 0.41238 0.71489
vt 0.41238 0.66047
vt 0.39360 0.66047
vt 0.39360 0.71489
vt 0.41238 0.71489
vt 0.39360 0.71489
vt 0.41238 0.69157
vt 0.39360 0.71489
vt 0.39360 0.66047
vt 0.41238 0.60604
vt 0.39360 0.66047
vt 0.39360 0.60604
vt 0.39360 0.66047
vt 0.39360 0.60604
vt 0.39360 0.66047
vt 0.41238 0.66047
vt 0.41238 0.71489
vt 0.41238 0.69157
vt 0.39360 0.71489
vt 0.39360 0.66047
vt 0.39360 0.66047
vt 0.39360 0.66047
vt 0.39360 0.71489
vt 0.39360 0.71489
vt 0.39360 0.60604
vt 0.39360 0.60604
vt 0.39360 0.66047
vt 0.41238 0.60604
vt 0.41238 0.60604
vt 0.41238 0.66047
vt 0.39360 0.71489
vt 0.41238 0.69157
vt 0.41238 0.71489
vt 0.41238 0.69157
vt 0.41238 0.60604
vt 0.41238 0.66047
vt 0.41238 0.60604
vt 0.41238 0.69157
vt 0.39360 0.66047
vt 0.41238 0.66047
vt 0.39360 0.60604
vt 0.39360 0.66047
vt 0.41238 0.71489
vt 0.39360 0.66047
vt 0.39360 0.71489
vt 0.40442 0.73634
vt 0.42700 0.70338
vt 0.42700 0.73268
vt 0.42700 0.73268
vt 0.40442 0.70338
vt 0.40442 0.73634
vt 0.42700 0.70338
vt 0.40442 0.70338
vt 0.42700 0.73268
vt 0.40442 0.73634
vt 0.40442 0.70338
vt 0.42700 0.70338
vt 0.57367 0.81322
vt 0.57111 0.81322
vt 0.57658 0.77268
vt 0.57111 0.81322
vt 0.56599 0.77268
vt 0.57658 0.77268
vt 0.57367 0.81322
vt 0.57815 0.77268
vt 0.56599 0.77268
vt 0.57111 0.81322
vt 0.57367 0.81322
vt 0.56599 0.77268
vt 0.57815 0.77268
vt 0.57658 0.77268
vt 0.56599 0.77268
vt 0.57367 0.81322
vt 0.57658 0.77268
vt 0.57815 0.77268
vt 0.52121 0.74975
vt 0.51495 0.73323
vt 0.51417 0.73736
vt 0.51495 0.73323
vt 0.52121 0.74975
vt 0.52199 0.74562
vt 0.51495 0.73323
vt 0.52199 0.74562
vt 0.51417 0.73736
vt 0.52121 0.74975
vt 0.51417 0.73736
vt 0.52199 0.74562
vt 0.31120 0.71907
vt 0.41590 0.71023
vt 0.41590 0.71907
vt 0.41590 0.70138
vt 0.41590 0.70138
vt 0.41590 0.71023
vt 0.41590 0.71023
vt 0.41590 0.71907
vt 0.41590 0.71907
vt 0.31120 0.71023
vt 0.31120 0.71907
vt 0.31120 0.71907
vt 0.31120 0.71907
vt 0.31120 0.71023
vt 0.31120 0.71023
vt 0.31120 0.71907
vt 0.31120 0.71023
vt 0.41590 0.71023
vt 0.41590 0.71023
vt 0.41590 0.70138
vt 0.41590 0.71023
vt 0.41590 0.71907
vt 0.41590 0.71023
vt 0.41590 0.71023
vt 0.31120 0.71023
vt 0.31120 0.70138
vt 0.41590 0.70138
vt 0.31120 0.70138
vt 0.41590 0.71023
vt 0.41590 0.70138
vt 0.31120 0.71023
vt 0.31120 0.70138
vt 0.31120 0.71023
vt 0.31120 0.71023
vt 0.41590 0.71907
vt 0.41590 0.71023
vt 0.31120 0.70138
vt 0.41590 0.70138
vt 0.41590 0.70138
vt 0.31120 0.71907
vt 0.31120 0.71907
vt 0.41590 0.71907
vt 0.31120 0.71907
vt 0.41590 0.71907
vt 0.41590 0.71907
vt 0.31120 0.71023
vt 0.31120 0.71907
vt 0.41590 0.71907
vt 0.31120 0.71023
vt 0.41590 0.70138
vt 0.41590 0.71023
vt 0.31120 0.70138
vt 0.31120 0.70138
vt 0.41590 0.70138
vt 0.31120 0.70138
vt 0.31120 0.71023
vt 0.41590 0.71023
vt 0.31120 0.70138
vt 0.31120 0.70138
vt 0.31120 0.71023
vt 0.54984 0.74392
vt 0.54984 0.78490
vt 0.49290 0.78490
vt 0.49290 0.69808
vt 0.53480 0.69808
vt 0.54984 0.74392
vt 0.53480 0.69808
vt 0.49290 0.69808
vt 0.54984 0.74392
vt 0.49290 0.69808
vt 0.49290 0.78490
vt 0.54984 0.74392
vt 0.54984 0.78490
vt 0.54984 0.74392
vt 0.49290 0.78490
vt 0.54984 0.74392
vt 0.49290 0.78490
vt 0.49290 0.69808
vt 0.54984 0.74392
vt 0.54984 0.78490
vt 0.49290 0.78490
vt 0.53480 0.69808
vt 0.54984 0.74392
vt 0.49290 0.69808
vt 0.49290 0.69808
vt 0.49290 0.78490
vt 0.54984 0.74392
vt 0.53480 0.69808
vt 0.49290 0.69808
vt 0.54984 0.74392
vt 0.49290 0.78490
vt 0.54984 0.78490
vt 0.54984 0.74392
vt 0.54984 0.74392
vt 0.49290 0.78490
vt 0.49290 0.69808
vt 0.78414 0.78064
vt 0.79808 0.76592
vt 0.79425 0.75672
vt 0.79808 0.76592
vt 0.78414 0.78064
vt 0.79425 0.78984
vt 0.78414 0.78064
vt 0.79425 0.75672
vt 0.78483 0.77328
vt 0.78414 0.78064
vt 0.78483 0.77328
vt 0.79425 0.78984
vt 0.79808 0.76592
vt 0.79425 0.78984
vt 0.79425 0.75672
vt 0.79738 0.76224
vt 0.79567 0.79135
vt 0.78414 0.76592
vt 0.79425 0.75672
vt 0.79425 0.78984
vt 0.79567 0.79135
vt 0.78483 0.78432
vt 0.78483 0.76224
vt 0.78414 0.76592
vt 0.79425 0.75672
vt 0.79738 0.76224
vt 0.78414 0.76592
vt 0.79425 0.75672
vt 0.79567 0.79135
vt 0.79738 0.76224
vt 0.79425 0.78984
vt 0.78414 0.76592
vt 0.79567 0.79135
vt 0.79425 0.78984
vt 0.78483 0.78432
vt 0.78414 0.76592
vt 0.78483 0.76224
vt 0.79425 0.75672
vt 0.78414 0.76592
vt 0.32350 0.80021
vt 0.32150 0.76072
vt 0.32225 0.79983
vt 0.32350 0.80021
vt 0.32225 0.79983
vt 0.43572 0.79983
vt 0.43524 0.80021
vt 0.43572 0.79983
vt 0.43523 0.76072
vt 0.32350 0.80021
vt 0.32350 0.76067
vt 0.32150 0.76072
vt 0.32350 0.80021
vt 0.43524 0.80021
vt 0.43524 0.76067
vt 0.32350 0.80021
vt 0.43524 0.76067
vt 0.32350 0.76067
vt 0.32350 0.80021
vt 0.43572 0.79983
vt 0.43524 0.80021
vt 0.43524 0.80021
vt 0.43523 0.76072
vt 0.43524 0.76067
vt 0.32350 0.76067
vt 0.43523 0.76072
vt 0.32150 0.76072
vt 0.43523 0.76072
vt 0.32225 0.79983
vt 0.32150 0.76072
vt 0.43523 0.76072
vt 0.43572 0.79983
vt 0.32225 0.79983
vt 0.32350 0.76067
vt 0.43524 0.76067
vt 0.43523 0.76072
vt 0.92439 0.23748
vt 0.51008 0.23774
vt 0.92450 0.23719
vt 0.43453 0.18055
vt 0.43761 0.17143
vt 0.43114 0.30820
vt 1.00000 0.21866
vt 1.00000 0.26730
vt 1.00000 0.26190
vt 0.62719 0.30966
vt 0.64957 0.33636
vt 0.64957 0.17365
vt 0.43761 0.17143
vt 0.42616 0.14025
vt 0.43114 0.30820
vt 0.61345 0.34838
vt 0.61345 0.34838
vt 0.62719 0.30966
vt 0.62719 0.30966
vt 0.62719 0.30966
vt 0.62432 0.18055
vt 0.61345 0.16163
vt 0.62432 0.18055
vt 0.43761 0.17143
vt 0.51013 0.23748
vt 0.51010 0.31622
vt 0.51008 0.23774
vt 0.92450 0.23719
vt 0.99001 0.13678
vt 0.92434 0.31412
vt 0.92439 0.23748
vt 0.92434 0.31412
vt 0.92439 0.31433
vt 0.51013 0.31653
vt 0.92434 0.31412
vt 0.51010 0.31622
vt 1.00000 0.34838
vt 1.00000 0.08893
vt 0.92439 0.31433
vt 1.00000 0.26190
vt 1.00000 0.30514
vt 0.62719 0.30966
vt 1.00000 0.21866
vt 1.00000 0.26190
vt 0.62719 0.20035
vt 0.62719 0.30966
vt 1.00000 0.30514
vt 1.00000 0.34838
vt 1.00000 0.08893
vt 1.00000 0.21866
vt 0.61345 0.16163
vt 1.00000 0.08893
vt 1.00000 0.26730
vt 1.00000 0.21866
vt 0.42616 0.14025
vt 0.63269 0.14025
vt 0.63269 0.11602
vt 0.99001 0.13678
vt 0.99001 0.45279
vt 0.92434 0.31412
vt 0.92450 0.23719
vt 0.51008 0.23774
vt 0.47023 0.13678
vt 0.92439 0.23748
vt 0.92450 0.23719
vt 0.92434 0.31412
vt 0.51013 0.31653
vt 0.92439 0.31433
vt 0.92434 0.31412
vt 1.00000 0.34838
vt 1.00000 0.47811
vt 1.00000 0.26730
vt 0.92439 0.23748
vt 0.92439 0.31433
vt 1.00000 0.08893
vt 0.51013 0.31653
vt 0.46826 0.47811
vt 1.00000 0.34838
vt 0.92439 0.31433
vt 0.51013 0.31653
vt 1.00000 0.34838
vt 0.92439 0.23748
vt 0.51013 0.23748
vt 0.51008 0.23774
vt 0.63269 0.36976
vt 0.63269 0.45528
vt 0.64957 0.33636
vt 0.42616 0.14025
vt 0.42616 0.11602
vt 0.40928 0.17365
vt 0.46826 0.47811
vt 1.00000 0.47811
vt 1.00000 0.34838
vt 0.78175 0.45294
vt 0.87463 0.45288
vt 0.87463 0.45288
vt 0.43641 0.33273
vt 0.43114 0.30820
vt 0.44540 0.34838
vt 0.63269 0.36976
vt 0.42616 0.36976
vt 0.42616 0.39399
vt 0.42616 0.36976
vt 0.43114 0.30820
vt 0.40928 0.33636
vt 1.00000 0.34838
vt 1.00000 0.47811
vt 0.65119 0.47811
vt 0.11194 0.08893
vt 0.11194 0.47811
vt 0.11194 0.47811
vt 0.28600 0.47811
vt 0.32293 0.47811
vt 0.12193 0.47811
vt 0.28600 0.47811
vt 0.36921 0.47811
vt 0.28803 0.08599
vt 0.87463 0.45288
vt 0.78175 0.45294
vt 0.78260 0.47811
vt 0.61651 0.47811
vt 0.61606 0.46975
vt 0.72078 0.47811
vt 0.99001 0.45279
vt 0.99001 0.47600
vt 0.87463 0.45288
vt 0.72078 0.47811
vt 0.72078 0.47811
vt 0.78260 0.47811
vt 0.71968 0.45299
vt 0.87463 0.45288
vt 0.78175 0.45294
vt 0.87463 0.45288
vt 0.87463 0.45288
vt 0.78175 0.45294
vt 0.78260 0.47811
vt 0.78175 0.45294
vt 0.87463 0.45288
vt 0.78260 0.47811
vt 0.78260 0.47811
vt 0.87510 0.47811
vt 0.71968 0.45299
vt 0.78175 0.45294
vt 0.61517 0.45303
vt 0.78175 0.45294
vt 0.87463 0.45288
vt 0.78175 0.45294
vt 0.28710 0.08739
vt 0.39073 0.47811
vt 0.28600 0.47811
vt 0.34016 0.00000
vt 0.41310 0.04545
vt 0.28710 0.08739
vt 0.87463 0.45288
vt 0.78260 0.47811
vt 0.87510 0.47811
vt 0.72078 0.47811
vt 0.78175 0.45294
vt 0.71968 0.45299
vt 0.87463 0.45288
vt 0.99001 0.45279
vt 0.87463 0.45288
vt 0.92450 0.23719
vt 0.47023 0.13678
vt 0.99001 0.13678
vt 0.78175 0.45294
vt 0.78260 0.47811
vt 0.78260 0.47811
vt 0.61345 0.34838
vt 0.44540 0.34838
vt 0.42616 0.36976
vt 0.62432 0.18055
vt 0.63269 0.14025
vt 0.42616 0.14025
vt 0.61345 0.34838
vt 0.63269 0.36976
vt 0.64957 0.33636
vt 0.41252 0.00000
vt 0.46826 0.08893
vt 0.41310 0.04545
vt 0.87510 0.47811
vt 0.99001 0.47557
vt 0.87463 0.45288
vt 0.61651 0.47811
vt 0.61517 0.45303
vt 0.61651 0.47811
vt 0.78260 0.47811
vt 0.78175 0.45294
vt 0.78260 0.47811
vt 0.78260 0.47811
vt 0.87463 0.45288
vt 0.87510 0.47811
vt 0.99001 0.47600
vt 0.87510 0.47811
vt 0.87463 0.45288
vt 0.61651 0.47811
vt 0.72078 0.47811
vt 0.72078 0.47811
vt 0.61517 0.45303
vt 0.61606 0.46975
vt 0.61651 0.47811
vt 0.99001 0.45279
vt 0.87463 0.45288
vt 0.71968 0.45299
vt 0.46826 0.47811
vt 0.44676 0.47811
vt 0.39073 0.47811
vt 0.39073 0.47811
vt 0.32293 0.47811
vt 0.28600 0.47811
vt 0.71968 0.45299
vt 0.61651 0.47811
vt 0.72078 0.47811
vt 0.28600 0.47811
vt 0.12193 0.47811
vt 0.11194 0.47811
vt 0.87463 0.45288
vt 0.87510 0.47811
vt 0.87463 0.45288
vt 0.43641 0.33273
vt 0.39073 0.47811
vt 0.41310 0.04545
vt 0.72078 0.47811
vt 0.61651 0.47811
vt 0.65119 0.47811
vt 0.41310 0.04545
vt 0.39073 0.47811
vt 0.28710 0.08739
vt 0.87510 0.47811
vt 0.65119 0.47811
vt 1.00000 0.47811
vt 1.00000 0.47811
vt 0.99001 0.47557
vt 0.87510 0.47811
vt 0.11194 0.47811
vt 0.28803 0.08599
vt 0.11194 0.08893
vt 0.36921 0.47811
vt 0.46826 0.47811
vt 0.46681 0.08713
vt 0.46826 0.47811
vt 0.61651 0.47811
vt 0.72078 0.47811
vt 0.41252 0.00000
vt 0.46826 0.08893
vt 0.41252 0.00000
vt 0.37379 0.47811
vt 0.47023 0.13678
vt 0.47023 0.47811
vt 0.46826 0.47811
vt 0.37379 0.47811
vt 0.47023 0.47811
vt 0.12193 0.47811
vt 0.12193 0.13678
vt 0.37379 0.47811
vt 0.42329 0.13678
vt 0.32293 0.47811
vt 0.44676 0.47811
vt 0.28710 0.08739
vt 0.11194 0.47811
vt 0.11194 0.08893
vt 0.11194 0.47811
vt 0.11194 0.47811
vt 0.11194 0.08893
vt 0.72078 0.47811
vt 0.78260 0.47811
vt 0.87510 0.47811
vt 1.00000 0.34838
vt 0.65119 0.47811
vt 0.61345 0.34838
vt 0.71968 0.45299
vt 0.61517 0.45303
vt 0.61651 0.47811
vt 0.87510 0.47811
vt 0.78260 0.47811
vt 0.65119 0.47811
vt 0.71968 0.45299
vt 0.78175 0.45294
vt 0.78175 0.45294
vt 0.34016 0.00000
vt 0.34016 0.00000
vt 0.28710 0.08739
vt 0.87510 0.47811
vt 0.78260 0.47811
vt 0.78260 0.47811
vt 0.61345 0.34838
vt 0.65119 0.47811
vt 0.46826 0.47811
vt 0.61345 0.34838
vt 0.43641 0.33273
vt 0.44540 0.34838
vt 0.41310 0.04545
vt 0.43453 0.18055
vt 0.43641 0.33273
vt 0.43641 0.33273
vt 0.46826 0.47811
vt 0.39073 0.47811
vt 0.46826 0.08893
vt 0.43453 0.18055
vt 0.41310 0.04545
vt 0.51013 0.23748
vt 0.51013 0.31653
vt 0.51010 0.31622
vt 0.87463 0.45288
vt 0.99001 0.47557
vt 0.99001 0.45279
vt 0.28710 0.08739
vt 0.28600 0.47811
vt 0.11194 0.47811
vt 0.47023 0.13678
vt 0.47023 0.13678
vt 0.99001 0.13678
vt 0.12193 0.47811
vt 0.12193 0.47811
vt 0.11194 0.47811
vt 0.99001 0.47557
vt 0.99001 0.13678
vt 0.99001 0.45279
vt 0.44676 0.47811
vt 0.46826 0.47811
vt 0.61651 0.47811
vt 0.72078 0.47811
vt 0.61651 0.47811
vt 0.61651 0.47811
vt 0.61651 0.47811
vt 0.61517 0.45303
vt 0.61517 0.45303
vt 0.61517 0.45303
vt 0.71968 0.45299
vt 0.61517 0.45303
vt 0.65119 0.47811
vt 0.78260 0.47811
vt 0.72078 0.47811
vt 0.42329 0.13678
vt 0.29208 0.13678
vt 0.47023 0.13678
vt 0.28600 0.47811
vt 0.12193 0.47811
vt 0.37379 0.47811
vt 0.72078 0.47811
vt 0.78260 0.47811
vt 0.78175 0.45294
vt 0.92439 0.23748
vt 1.00000 0.08893
vt 0.46681 0.08713
vt 0.47023 0.13678
vt 0.51008 0.23774
vt 0.51010 0.31622
vt 0.51010 0.31622
vt 0.92434 0.31412
vt 0.71968 0.45299
vt 0.61517 0.45303
vt 0.61651 0.47811
vt 0.47023 0.47811
vt 0.47023 0.47811
vt 0.47023 0.13678
vt 0.51010 0.31622
vt 0.78175 0.45294
vt 0.78260 0.47811
vt 0.72078 0.47811
vt 0.71968 0.45299
vt 0.71968 0.45299
vt 0.61606 0.46975
vt 0.51013 0.23748
vt 0.92439 0.23748
vt 0.46681 0.08713
vt 0.61345 0.34838
vt 0.46826 0.47811
vt 0.43641 0.33273
vt 0.46681 0.08713
vt 0.51013 0.31653
vt 0.51013 0.23748
vt 0.46681 0.08713
vt 1.00000 0.08893
vt 1.00000 0.08893
vt 0.43453 0.18055
vt 0.43114 0.30820
vt 0.43641 0.33273
vt 1.00000 0.26190
vt 1.00000 0.26730
vt 1.00000 0.30514
vt 0.12193 0.13678
vt 0.47023 0.13678
vt 0.12193 0.13678
vt 0.36921 0.47811
vt 0.28600 0.47811
vt 0.37379 0.47811
vt 0.46826 0.47811
vt 0.36921 0.47811
vt 0.37379 0.47811
vt 0.37379 0.47811
vt 0.12193 0.13678
vt 0.47023 0.13678
vt 0.46681 0.08713
vt 1.00000 0.08893
vt 0.46826 0.08893
vt 0.62719 0.30966
vt 0.62432 0.18055
vt 0.62719 0.20035
vt 0.62719 0.30966
vt 0.64957 0.17365
vt 0.62432 0.18055
vt 1.00000 0.26730
vt 1.00000 0.34838
vt 1.00000 0.30514
vt 1.00000 0.08893
vt 0.61345 0.16163
vt 0.46826 0.08893
vt 0.62719 0.30966
vt 1.00000 0.34838
vt 0.61345 0.34838
vt 1.00000 0.26730
vt 1.00000 0.08893
vt 1.00000 0.08893
vt 0.61345 0.34838
vt 0.44540 0.34838
vt 0.61345 0.34838
vt 0.46826 0.08893
vt 0.61345 0.16163
vt 0.43453 0.18055
vt 0.11194 0.47811
vt 0.28600 0.47811
vt 0.28803 0.08599
vt 0.42616 0.14025
vt 0.40928 0.17365
vt 0.43114 0.30820
vt 0.46681 0.08713
vt 0.46826 0.47811
vt 0.51013 0.31653
vt 0.28600 0.47811
vt 0.11194 0.47811
vt 0.12193 0.47811
vt 1.00000 0.34838
vt 1.00000 0.26730
vt 1.00000 0.08893
vt 0.11194 0.08893
vt 0.28803 0.08599
vt 0.28710 0.08739
vt 0.72078 0.47811
vt 0.87510 0.47811
vt 1.00000 0.47811
vt 0.46826 0.47811
vt 0.47023 0.47811
vt 0.61651 0.47811
vt 1.00000 0.47811
vt 0.46826 0.47811
vt 0.72078 0.47811
vt 0.63269 0.14025
vt 0.64957 0.17365
vt 0.63269 0.11602
vt 0.42616 0.14025
vt 0.63269 0.11602
vt 0.42616 0.11602
vt 0.43114 0.30820
vt 0.40928 0.17365
vt 0.40928 0.33636
vt 0.42616 0.36976
vt 0.40928 0.33636
vt 0.42616 0.39399
vt 0.61345 0.34838
vt 0.62719 0.30966
vt 0.62719 0.30966
vt 0.61345 0.16163
vt 0.43761 0.17143
vt 0.43453 0.18055
vt 0.62719 0.20035
vt 0.62432 0.18055
vt 0.61345 0.16163
vt 1.00000 0.47811
vt 1.00000 0.47811
vt 0.99001 0.47600
vt 0.63269 0.36976
vt 0.42616 0.39399
vt 0.63269 0.45528
vt 0.61345 0.34838
vt 0.64957 0.33636
vt 0.62719 0.30966
vt 1.00000 0.26190
vt 0.62719 0.30966
vt 0.62719 0.20035
vt 1.00000 0.21866
vt 0.62719 0.20035
vt 0.61345 0.16163
vt 0.62432 0.18055
vt 0.42616 0.14025
vt 0.43761 0.17143
vt 0.62432 0.18055
vt 0.64957 0.17365
vt 0.63269 0.14025
vt 0.44540 0.34838
vt 0.43114 0.30820
vt 0.42616 0.36976
vt 0.61345 0.34838
vt 0.42616 0.36976
vt 0.63269 0.36976
vt 1.00000 0.47811
vt 1.00000 0.47811
vt 1.00000 0.26730
vt 0.28710 0.08739
vt 0.11194 0.08893
vt 0.11194 0.08893
vt 0.34016 0.00000
vt 0.41252 0.00000
vt 0.41310 0.04545
vt 0.46826 0.47811
vt 0.65119 0.47811
vt 0.61651 0.47811
vt 0.42329 0.13678
vt 0.29208 0.13678
vt 0.32293 0.47811
vt 0.39073 0.47811
vt 0.44676 0.47811
vt 0.32293 0.47811
vt 0.12193 0.13678
vt 0.29208 0.13678
vt 0.47023 0.13678
vt 0.12193 0.47811
vt 0.11194 0.47811
vt 0.11194 0.47811
vt 1.00000 0.26730
vt 1.00000 0.47811
vt 1.00000 0.34838
vt 0.11194 0.47811
vt 0.12193 0.47811
vt 0.11194 0.47811
vt 0.36921 0.47811
vt 0.46681 0.08713
vt 0.28803 0.08599
vt 0.28803 0.08599
vt 0.34016 0.00000
vt 0.28710 0.08739
vt 0.11194 0.08893
vt 0.11194 0.47811
vt 0.11194 0.08893
vt 0.92434 0.31412
vt 0.99001 0.45279
vt 0.71968 0.45299
vt 0.34016 0.00000
vt 0.41252 0.00000
vt 0.41252 0.00000
vt 0.29208 0.13678
vt 0.42329 0.13678
vt 0.47023 0.13678
vt 0.47023 0.13678
vt 0.99001 0.13678
vt 0.99001 0.13678
vt 0.71968 0.45299
vt 0.61517 0.45303
vt 0.51010 0.31622
vt 0.42329 0.13678
vt 0.47023 0.13678
vt 0.47023 0.13678
vt 0.29208 0.13678
vt 0.42329 0.13678
vt 0.47023 0.13678
vt 0.41252 0.00000
vt 0.34016 0.00000
vt 0.34016 0.00000
vt 0.12193 0.13678
vt 0.12193 0.47811
vt 0.12193 0.47811
vt 0.99001 0.13678
vt 0.99001 0.47600
vt 0.99001 0.45279
vt 0.11194 0.47811
vt 0.12193 0.47811
vt 0.12193 0.47811
vt 1.00000 0.47811
vt 1.00000 0.47811
vt 1.00000 0.34838
vt 0.46681 0.08713
vt 0.41252 0.00000
vt 0.34016 0.00000
vt 0.12193 0.47811
vt 0.12193 0.13678
vt 0.12193 0.13678
vt 0.41252 0.00000
vt 0.46681 0.08713
vt 0.46826 0.08893
vt 0.99001 0.47600
vt 1.00000 0.47811
vt 0.87510 0.47811
vt 0.29208 0.13678
vt 0.12193 0.13678
vt 0.12193 0.47811
vt 1.00000 0.47811
vt 0.99001 0.47600
vt 0.99001 0.47557
vt 0.47023 0.13678
vt 0.42329 0.13678
vt 0.99001 0.13678
vt 0.12193 0.47811
vt 0.12193 0.13678
vt 0.12193 0.47811
vt 0.99001 0.13678
vt 0.99001 0.13678
vt 0.99001 0.45279
vt 0.99001 0.13678
vt 0.99001 0.47557
vt 0.99001 0.47600
vt 0.46681 0.08713
vt 0.34016 0.00000
vt 0.28803 0.08599
vt 0.71968 0.45299
vt 0.61606 0.46975
vt 0.61517 0.45303
vt 0.29208 0.13678
vt 0.12193 0.47811
vt 0.32293 0.47811
vt 1.00000 0.47811
vt 0.99001 0.47557
vt 1.00000 0.47811
vt 0.61606 0.46975
vt 0.71968 0.45299
vt 0.72078 0.47811
vt 0.61517 0.45303
vt 0.47023 0.47811
vt 0.51010 0.31622
vt 0.78175 0.45294
vt 0.72078 0.47811
vt 0.71968 0.45299
vt 0.72078 0.47811
vt 0.71968 0.45299
vt 0.71968 0.45299
vt 0.57107 0.34583
vt 0.49379 0.35898
vt 0.49379 0.35227
vt 0.64951 0.32960
vt 0.61634 0.35894
vt 0.61786 0.35644
vt 0.57107 0.35989
vt 0.49379 0.35227
vt 0.49084 0.31176
vt 0.61786 0.35644
vt 0.57107 0.35989
vt 0.49084 0.31176
vt 0.43719 0.19039
vt 0.42284 0.19062
vt 0.44012 0.14729
vt 0.49379 0.35898
vt 0.44977 0.35630
vt 0.49379 0.35227
vt 0.49379 0.35227
vt 0.44977 0.35630
vt 0.49084 0.31176
vt 0.57107 0.19044
vt 0.63982 0.19034
vt 0.49379 0.19034
vt 0.42284 0.19062
vt 0.44012 0.14743
vt 0.44012 0.14729
vt 0.42285 0.31176
vt 0.42284 0.31182
vt 0.42284 0.19062
vt 0.65111 0.31176
vt 0.49084 0.31176
vt 0.63982 0.28166
vt 0.43719 0.28153
vt 0.49084 0.31176
vt 0.42285 0.31176
vt 0.65112 0.19062
vt 0.63384 0.14729
vt 0.63384 0.14743
vt 0.57107 0.19044
vt 0.43719 0.19039
vt 0.44012 0.14729
vt 0.44928 0.34884
vt 0.49379 0.35898
vt 0.42284 0.31182
vt 0.42284 0.31182
vt 0.49379 0.35898
vt 0.57107 0.34583
vt 0.57107 0.34583
vt 0.57107 0.35989
vt 0.61634 0.35894
vt 0.44928 0.34884
vt 0.44977 0.35630
vt 0.49379 0.35898
vt 0.57107 0.28160
vt 0.43719 0.28153
vt 0.49379 0.19034
vt 0.63982 0.19034
vt 0.63982 0.28166
vt 0.57107 0.28160
vt 0.63982 0.28166
vt 0.43719 0.28153
vt 0.57107 0.28160
vt 0.64951 0.32960
vt 0.65112 0.19062
vt 0.63384 0.14743
vt 0.42284 0.31182
vt 0.57107 0.34583
vt 0.44012 0.14743
vt 0.42284 0.31182
vt 0.44012 0.14743
vt 0.42284 0.19062
vt 0.57107 0.34583
vt 0.49379 0.35227
vt 0.57107 0.35989
vt 0.63982 0.28166
vt 0.49084 0.31176
vt 0.43719 0.28153
vt 0.57107 0.19044
vt 0.49379 0.19034
vt 0.43719 0.19039
vt 0.63982 0.19044
vt 0.63982 0.28166
vt 0.63982 0.19034
vt 0.65112 0.19062
vt 0.63982 0.28166
vt 0.63982 0.19044
vt 0.63982 0.19044
vt 0.63982 0.19034
vt 0.57107 0.19044
vt 0.57107 0.34583
vt 0.61634 0.35894
vt 0.64951 0.32960
vt 0.57107 0.34583
vt 0.64951 0.32960
vt 0.44012 0.14743
vt 0.43719 0.28153
vt 0.42284 0.19062
vt 0.43719 0.19039
vt 0.43719 0.28153
vt 0.43719 0.19039
vt 0.49379 0.19034
vt 0.57107 0.28160
vt 0.49379 0.19034
vt 0.63982 0.19034
vt 0.44012 0.14743
vt 0.51636 0.14743
vt 0.44012 0.14729
vt 0.57107 0.19044
vt 0.63384 0.14729
vt 0.63982 0.19044
vt 0.63384 0.14729
vt 0.44012 0.14729
vt 0.51636 0.14743
vt 0.64951 0.32960
vt 0.63384 0.14743
vt 0.51636 0.14743
vt 0.64951 0.32960
vt 0.61786 0.35644
vt 0.65111 0.31176
vt 0.44977 0.35630
vt 0.42284 0.31182
vt 0.42285 0.31176
vt 0.57107 0.19044
vt 0.44012 0.14729
vt 0.63384 0.14729
vt 0.65111 0.31176
vt 0.63982 0.28166
vt 0.65112 0.19062
vt 0.61634 0.35894
vt 0.57107 0.35989
vt 0.61786 0.35644
vt 0.64951 0.32960
vt 0.51636 0.14743
vt 0.44012 0.14743
vt 0.61786 0.35644
vt 0.49084 0.31176
vt 0.65111 0.31176
vt 0.49084 0.31176
vt 0.44977 0.35630
vt 0.42285 0.31176
vt 0.64951 0.32960
vt 0.65111 0.31176
vt 0.65112 0.19062
vt 0.43719 0.28153
vt 0.42285 0.31176
vt 0.42284 0.19062
vt 0.51636 0.14743
vt 0.63384 0.14743
vt 0.63384 0.14729
vt 0.44977 0.35630
vt 0.44928 0.34884
vt 0.42284 0.31182
vt 0.63982 0.19044
vt 0.63384 0.14729
vt 0.65112 0.19062
vt 0.98914 0.52882
vt 0.97469 0.51729
vt 0.97469 0.50679
vt 0.98914 0.52882
vt 0.98914 0.50679
vt 0.97469 0.51729
vt 0.98914 0.48435
vt 0.97951 0.19518
vt 0.98432 0.19518
vt 0.97469 0.51729
vt 0.98432 0.19518
vt 0.97951 0.19518
vt 0.98914 0.50679
vt 0.98914 0.52882
vt 0.98914 0.48435
vt 0.97469 0.51729
vt 0.97951 0.19518
vt 0.97469 0.50679
vt 0.98914 0.48435
vt 0.98432 0.19518
vt 0.98914 0.50679
vt 0.97469 0.50679
vt 0.97951 0.19518
vt 0.98914 0.48435
vt 0.98914 0.52882
vt 0.97469 0.50679
vt 0.98914 0.48435
vt 0.98914 0.50679
vt 0.98432 0.19518
vt 0.97469 0.51729
vt 0.42648 0.34986
vt 0.42648 0.36392
vt 0.42648 0.34986
vt 0.42648 0.34986
vt 0.42648 0.33580
vt 0.42648 0.33580
vt 0.42648 0.36392
vt 0.42648 0.36392
vt 0.42648 0.34986
vt 0.42648 0.34986
vt 0.64706 0.34986
vt 0.64706 0.33580
vt 0.64706 0.33580
vt 0.42648 0.34986
vt 0.42648 0.33580
vt 0.42648 0.33580
vt 0.42648 0.34986
vt 0.42648 0.34986
vt 0.64706 0.34986
vt 0.64706 0.36392
vt 0.42648 0.36392
vt 0.42648 0.36392
vt 0.64706 0.36392
vt 0.64706 0.34986
vt 0.64706 0.33580
vt 0.64706 0.34986
vt 0.42648 0.34986
vt 0.64706 0.34986
vt 0.64706 0.33580
vt 0.64706 0.33580
vt 0.64706 0.33580
vt 0.64706 0.34986
vt 0.64706 0.34986
vt 0.64706 0.33580
vt 0.64706 0.33580
vt 0.42648 0.33580
vt 0.64706 0.34986
vt 0.64706 0.36392
vt 0.64706 0.34986
vt 0.42648 0.34986
vt 0.64706 0.33580
vt 0.42648 0.33580
vt 0.42648 0.36392
vt 0.64706 0.34986
vt 0.42648 0.34986
vt 0.64706 0.33580
vt 0.42648 0.33580
vt 0.42648 0.33580
vt 0.64706 0.36392
vt 0.64706 0.36392
vt 0.64706 0.34986
vt 0.64706 0.34986
vt 0.42648 0.36392
vt 0.42648 0.34986
vt 0.42648 0.36392
vt 0.64706 0.36392
vt 0.64706 0.36392
vt 0.42648 0.36392
vt 0.64706 0.36392
vt 0.42648 0.36392
vt 0.57513 0.23886
vt 0.57513 0.21335
vt 0.57513 0.23886
vt 0.99034 0.28987
vt 0.99034 0.31537
vt 0.99034 0.28987
vt 0.99034 0.23886
vt 0.99034 0.21335
vt 0.99034 0.23886
vt 0.99034 0.28987
vt 0.99034 0.31537
vt 0.57513 0.31537
vt 0.57513 0.23886
vt 0.57513 0.28987
vt 0.57513 0.28987
vt 0.99034 0.28987
vt 0.57513 0.31537
vt 0.57513 0.28987
vt 0.99034 0.31537
vt 0.57513 0.28987
vt 0.57513 0.31537
vt 0.99034 0.23886
vt 0.57513 0.21335
vt 0.57513 0.23886
vt 0.57513 0.28987
vt 0.57513 0.31537
vt 0.57513 0.28987
vt 0.99034 0.23886
vt 0.99034 0.28987
vt 0.57513 0.28987
vt 0.57513 0.23886
vt 0.57513 0.28987
vt 0.57513 0.23886
vt 0.57513 0.28987
vt 0.99034 0.28987
vt 0.99034 0.23886
vt 0.99034 0.31537
vt 0.99034 0.28987
vt 0.57513 0.28987
vt 0.99034 0.23886
vt 0.57513 0.28987
vt 0.57513 0.23886
vt 0.99034 0.23886
vt 0.99034 0.21335
vt 0.57513 0.21335
vt 0.99034 0.28987
vt 0.99034 0.23886
vt 0.99034 0.23886
vt 0.57513 0.28987
vt 0.99034 0.23886
vt 0.57513 0.23886
vt 0.99034 0.21335
vt 0.99034 0.23886
vt 0.57513 0.23886
vt 0.99034 0.21335
vt 0.57513 0.23886
vt 0.57513 0.21335
vt 0.99034 0.23886
vt 0.99034 0.28987
vt 0.99034 0.28987
vt 0.94017 0.22437
vt 0.94064 0.22190
vt 0.94017 0.16657
vt 0.94017 0.22437
vt 0.94017 0.16657
vt 0.94064 0.16905
vt 0.94017 0.16657
vt 0.94064 0.22190
vt 0.95600 0.19968
vt 0.94017 0.16657
vt 0.95600 0.19968
vt 0.95600 0.19127
vt 0.94017 0.22437
vt 0.94064 0.16905
vt 0.95600 0.19127
vt 0.95600 0.19968
vt 0.94064 0.22190
vt 0.94017 0.22437
vt 0.94017 0.16657
vt 0.95600 0.19127
vt 0.94064 0.16905
vt 0.95600 0.19968
vt 0.94017 0.22437
vt 0.95600 0.19127
vt 0.99163 0.38283
vt 0.98592 0.42773
vt 0.97411 0.41366
vt 0.98287 0.36742
vt 0.97411 0.38283
vt 0.97252 0.40245
vt 0.97252 0.40245
vt 0.97411 0.41366
vt 0.98592 0.42773
vt 0.97252 0.40245
vt 0.98592 0.42773
vt 0.99163 0.41366
vt 0.97252 0.40245
vt 0.97411 0.38283
vt 0.97411 0.41366
vt 0.99163 0.41366
vt 0.99163 0.38283
vt 0.97252 0.40245
vt 0.99163 0.38283
vt 0.98287 0.36742
vt 0.97252 0.40245
vt 0.99163 0.41366
vt 0.98592 0.42773
vt 0.99163 0.38283
vt 0.97411 0.38283
vt 0.98287 0.36742
vt 0.99163 0.38283
vt 0.97411 0.41366
vt 0.97411 0.38283
vt 0.99163 0.38283
vt 0.73994 0.41419
vt 0.73180 0.38331
vt 0.72791 0.43307
vt 0.72791 0.43307
vt 0.72459 0.42136
vt 0.73994 0.41419
vt 0.73180 0.38331
vt 0.73994 0.41419
vt 0.72729 0.38489
vt 0.72791 0.43307
vt 0.72729 0.38489
vt 0.72459 0.42136
vt 0.72791 0.43307
vt 0.73180 0.38331
vt 0.72729 0.38489
vt 0.72459 0.42136
vt 0.72729 0.38489
vt 0.73994 0.41419
vt 0.85575 0.42136
vt 0.85987 0.38512
vt 0.85575 0.42136
vt 0.86708 0.38693
vt 0.87017 0.39599
vt 0.85987 0.38512
vt 0.85575 0.42136
vt 0.85987 0.38512
vt 0.87017 0.39599
vt 0.86784 0.43036
vt 0.86708 0.38693
vt 0.85575 0.42136
vt 0.87017 0.39599
vt 0.86784 0.43036
vt 0.85575 0.42136
vt 0.86784 0.43036
vt 0.87017 0.39599
vt 0.86708 0.38693
vt 0.85575 0.42136
vt 0.86708 0.38693
vt 0.85987 0.38512
vt 0.86784 0.43036
vt 0.85575 0.42136
vt 0.85575 0.42136
vt 0.93529 0.40245
vt 0.94565 0.42907
vt 0.95441 0.41366
vt 0.95441 0.41366
vt 0.95441 0.38283
vt 0.93529 0.40245
vt 0.95441 0.38283
vt 0.94260 0.36876
vt 0.93529 0.40245
vt 0.93529 0.40245
vt 0.93689 0.41366
vt 0.94565 0.42907
vt 0.93529 0.40245
vt 0.94260 0.36876
vt 0.93689 0.41366
vt 0.94565 0.42907
vt 0.93689 0.41366
vt 0.95441 0.41366
vt 0.95441 0.38283
vt 0.95441 0.38283
vt 0.94260 0.36876
vt 0.93689 0.41366
vt 0.94260 0.36876
vt 0.95441 0.38283
vt 0.95441 0.38283
vt 0.95441 0.41366
vt 0.93689 0.41366
vt 0.95441 0.41366
vt 0.95441 0.38283
vt 0.95441 0.38283
vt 0.50158 0.32996
vt 0.44749 0.33539
vt 0.44749 0.33849
vt 0.50158 0.32996
vt 0.50158 0.36975
vt 0.50158 0.34081
vt 0.44749 0.33849
vt 0.50158 0.36975
vt 0.50158 0.32996
vt 0.44749 0.33539
vt 0.44749 0.37472
vt 0.44749 0.33849
vt 0.50158 0.34081
vt 0.44749 0.37472
vt 0.44749 0.33539
vt 0.44749 0.37472
vt 0.50158 0.36975
vt 0.44749 0.33849
vt 0.50158 0.32996
vt 0.50158 0.34081
vt 0.44749 0.33539
vt 0.50158 0.34081
vt 0.50158 0.36975
vt 0.44749 0.37472
vt 0.62150 0.32996
vt 0.62150 0.34986
vt 0.56741 0.33539
vt 0.62150 0.32996
vt 0.56741 0.33539
vt 0.56741 0.34986
vt 0.62150 0.34986
vt 0.56741 0.36975
vt 0.56741 0.33539
vt 0.62150 0.32996
vt 0.62150 0.36433
vt 0.62150 0.34986
vt 0.56741 0.33539
vt 0.56741 0.36975
vt 0.56741 0.34986
vt 0.56741 0.36975
vt 0.62150 0.34986
vt 0.62150 0.36433
vt 0.56741 0.36975
vt 0.62150 0.36433
vt 0.56741 0.34986
vt 0.56741 0.34986
vt 0.62150 0.36433
vt 0.62150 0.32996
vt 0.40090 0.46946
vt 0.38094 0.46946
vt 0.39713 0.20719
vt 0.38094 0.46946
vt 0.38534 0.54937
vt 0.35791 0.54835
vt 0.38094 0.46946
vt 0.38605 0.54966
vt 0.38534 0.54937
vt 0.28088 0.20719
vt 0.28088 0.20719
vt 0.28094 0.46946
vt 0.34959 0.20719
vt 0.33570 0.46946
vt 0.35791 0.46946
vt 0.50749 0.20719
vt 0.40090 0.46946
vt 0.58129 0.46936
vt 0.50749 0.20719
vt 0.38688 0.20719
vt 0.50749 0.20719
vt 0.40090 0.46946
vt 0.38534 0.54937
vt 0.40090 0.46946
vt 0.38688 0.20719
vt 0.35791 0.46946
vt 0.38094 0.46946
vt 0.35791 0.46946
vt 0.35144 0.20719
vt 0.37663 0.20719
vt 0.33570 0.46946
vt 0.33565 0.20719
vt 0.35144 0.20719
vt 0.50055 0.68600
vt 0.50754 0.56547
vt 0.49001 0.62392
vt 0.28094 0.46946
vt 0.28088 0.20719
vt 0.33565 0.20719
vt 0.58129 0.46919
vt 0.55642 0.68600
vt 0.50055 0.68600
vt 0.55642 0.68600
vt 0.58132 0.56516
vt 0.50754 0.56547
vt 0.58132 0.56509
vt 0.50754 0.56547
vt 0.58132 0.56516
vt 0.50754 0.56547
vt 0.50755 0.46946
vt 0.50755 0.46951
vt 0.40090 0.46946
vt 0.39713 0.20719
vt 0.50749 0.20719
vt 0.28088 0.20719
vt 0.28088 0.20719
vt 0.34304 0.20719
vt 0.50749 0.20719
vt 0.39713 0.20719
vt 0.50749 0.20719
vt 0.38534 0.54937
vt 0.38605 0.54966
vt 0.40090 0.46946
vt 0.35188 0.54968
vt 0.35226 0.54898
vt 0.33570 0.46946
vt 0.35226 0.54898
vt 0.35188 0.54968
vt 0.35791 0.54835
vt 0.38534 0.54937
vt 0.35226 0.54898
vt 0.35791 0.54835
vt 0.33565 0.20719
vt 0.34304 0.20719
vt 0.35144 0.20719
vt 0.40090 0.46946
vt 0.58129 0.46936
vt 0.50755 0.46951
vt 0.28094 0.46946
vt 0.33565 0.20719
vt 0.33570 0.46946
vt 0.50754 0.56547
vt 0.50755 0.46951
vt 0.58129 0.46919
vt 0.58122 0.20701
vt 0.58132 0.56509
vt 0.58129 0.46919
vt 0.50749 0.20719
vt 0.58122 0.20701
vt 0.50749 0.20719
vt 0.58129 0.46936
vt 0.58129 0.46919
vt 0.50755 0.46951
vt 0.58129 0.46936
vt 0.58122 0.20701
vt 0.58129 0.46919
vt 0.45127 0.68600
vt 0.49001 0.62392
vt 0.44682 0.62392
vt 0.50055 0.68600
vt 0.45190 0.62392
vt 0.49001 0.62392
vt 0.45190 0.62392
vt 0.49001 0.62392
vt 0.49001 0.62392
vt 0.50055 0.68600
vt 0.45127 0.68600
vt 0.44815 0.68600
vt 0.50766 0.56547
vt 0.55642 0.68600
vt 0.50055 0.68600
vt 0.50766 0.56547
vt 0.58132 0.62716
vt 0.55642 0.68600
vt 0.50055 0.68600
vt 0.58129 0.46930
vt 0.50766 0.56547
vt 0.28094 0.46946
vt 0.33570 0.46946
vt 0.33570 0.46946
vt 0.28088 0.20719
vt 0.34304 0.20719
vt 0.33565 0.20719
vt 0.44742 0.62392
vt 0.45326 0.68600
vt 0.44964 0.62392
vt 0.44964 0.62392
vt 0.50055 0.68600
vt 0.49001 0.62392
vt 0.35226 0.54898
vt 0.38094 0.46946
vt 0.35791 0.46946
vt 0.35410 0.55059
vt 0.35226 0.54898
vt 0.35791 0.46946
vt 0.58129 0.46936
vt 0.40090 0.46946
vt 0.50755 0.46946
vt 0.58129 0.46919
vt 0.58132 0.62717
vt 0.55642 0.68600
vt 0.58132 0.56516
vt 0.58132 0.62717
vt 0.58129 0.46919
vt 0.58129 0.46919
vt 0.50055 0.68600
vt 0.50754 0.56547
vt 0.55642 0.68600
vt 0.50754 0.56547
vt 0.50055 0.68600
vt 0.58132 0.62717
vt 0.58132 0.56516
vt 0.55642 0.68600
vt 0.58132 0.56509
vt 0.58132 0.56516
vt 0.58129 0.46919
vt 0.38094 0.46946
vt 0.38787 0.54835
vt 0.38688 0.20719
vt 0.44964 0.62392
vt 0.44644 0.68600
vt 0.44742 0.62392
vt 0.49001 0.62392
vt 0.44964 0.62392
vt 0.49001 0.62392
vt 0.44644 0.68600
vt 0.50055 0.68600
vt 0.45326 0.68600
vt 0.49001 0.62392
vt 0.44644 0.68600
vt 0.44964 0.62392
vt 0.49001 0.62392
vt 0.50055 0.68600
vt 0.49001 0.68600
vt 0.49001 0.62392
vt 0.50754 0.56547
vt 0.49001 0.62392
vt 0.49001 0.62392
vt 0.49001 0.68600
vt 0.50055 0.68600
vt 0.55632 0.20719
vt 0.50749 0.20719
vt 0.50749 0.20719
vt 0.28094 0.46946
vt 0.28088 0.20719
vt 0.28094 0.46946
vt 0.58122 0.20692
vt 0.58129 0.46936
vt 0.58129 0.46930
vt 0.44815 0.68600
vt 0.45425 0.68600
vt 0.45190 0.62392
vt 0.45425 0.68600
vt 0.44815 0.68600
vt 0.45190 0.62392
vt 0.50055 0.68600
vt 0.44815 0.68600
vt 0.45190 0.62392
vt 0.44815 0.68600
vt 0.45127 0.68600
vt 0.44682 0.62392
vt 0.45190 0.62392
vt 0.44682 0.62392
vt 0.49001 0.62392
vt 0.50055 0.68600
vt 0.49001 0.68600
vt 0.45127 0.68600
vt 0.45127 0.68600
vt 0.49001 0.68600
vt 0.49001 0.62392
vt 0.58129 0.46930
vt 0.58129 0.46936
vt 0.50755 0.46946
vt 0.34959 0.20719
vt 0.28094 0.46946
vt 0.33570 0.46946
vt 0.50766 0.56547
vt 0.58129 0.46930
vt 0.50755 0.46946
vt 0.58132 0.56509
vt 0.58122 0.20692
vt 0.58122 0.20692
vt 0.50766 0.56547
vt 0.50754 0.56547
vt 0.58132 0.56509
vt 0.58132 0.56509
vt 0.58122 0.20692
vt 0.58129 0.46930
vt 0.58129 0.46936
vt 0.58122 0.20692
vt 0.55632 0.20719
vt 0.33570 0.46946
vt 0.28094 0.46946
vt 0.28094 0.46946
vt 0.58122 0.20692
vt 0.58122 0.20692
vt 0.55632 0.20719
vt 0.55632 0.20719
vt 0.58122 0.20692
vt 0.58122 0.20692
vt 0.50755 0.46946
vt 0.50754 0.56547
vt 0.50766 0.56547
vt 0.58132 0.56509
vt 0.58129 0.46930
vt 0.58132 0.62716
vt 0.34304 0.20719
vt 0.28088 0.20719
vt 0.34959 0.20719
vt 0.58129 0.46936
vt 0.55632 0.20719
vt 0.50749 0.20719
vt 0.40090 0.46946
vt 0.38605 0.54966
vt 0.38094 0.46946
vt 0.49001 0.62392
vt 0.50055 0.68600
vt 0.50766 0.56547
vt 0.35188 0.54968
vt 0.35144 0.20719
vt 0.35791 0.46946
vt 0.35791 0.46946
vt 0.37663 0.20719
vt 0.38094 0.46946
vt 0.38094 0.46946
vt 0.37663 0.20719
vt 0.39713 0.20719
vt 0.35144 0.20719
vt 0.34304 0.20719
vt 0.37663 0.20719
vt 0.58122 0.20692
vt 0.58122 0.20692
vt 0.58129 0.46930
vt 0.39713 0.20719
vt 0.50749 0.20719
vt 0.50749 0.20719
vt 0.35188 0.54968
vt 0.33570 0.46946
vt 0.33570 0.46946
vt 0.33570 0.46946
vt 0.35144 0.20719
vt 0.35188 0.54968
vt 0.40090 0.46946
vt 0.50749 0.20719
vt 0.58129 0.46936
vt 0.40090 0.46946
vt 0.50755 0.46951
vt 0.50755 0.46946
vt 0.38094 0.46946
vt 0.35791 0.54835
vt 0.35791 0.46946
vt 0.35188 0.54968
vt 0.35791 0.46946
vt 0.35791 0.54835
vt 0.50749 0.20719
vt 0.50749 0.20719
vt 0.55632 0.20719
vt 0.35791 0.46946
vt 0.33570 0.46946
vt 0.35410 0.55059
vt 0.34959 0.20719
vt 0.38688 0.20719
vt 0.37663 0.20719
vt 0.39713 0.20719
vt 0.37663 0.20719
vt 0.38688 0.20719
vt 0.35226 0.54898
vt 0.38094 0.54656
vt 0.38094 0.46946
vt 0.50749 0.20719
vt 0.39713 0.20719
vt 0.38688 0.20719
vt 0.34304 0.20719
vt 0.28088 0.20719
vt 0.28088 0.20719
vt 0.50749 0.20719
vt 0.38688 0.20719
vt 0.40090 0.46946
vt 0.50755 0.46946
vt 0.40090 0.46946
vt 0.40090 0.46946
vt 0.37663 0.20719
vt 0.34304 0.20719
vt 0.34959 0.20719
vt 0.44742 0.62392
vt 0.44644 0.68600
vt 0.45326 0.68600
vt 0.38094 0.46946
vt 0.38094 0.54656
vt 0.38787 0.54835
vt 0.40090 0.46946
vt 0.38688 0.20719
vt 0.38787 0.54835
vt 0.44964 0.62392
vt 0.45326 0.68600
vt 0.50055 0.68600
vt 0.44644 0.68600
vt 0.49001 0.68600
vt 0.50055 0.68600
vt 0.49001 0.62392
vt 0.49001 0.68600
vt 0.44644 0.68600
vt 0.49001 0.62392
vt 0.50754 0.56547
vt 0.50055 0.68600
vt 0.34304 0.20719
vt 0.28088 0.20719
vt 0.28088 0.20719
vt 0.28094 0.46946
vt 0.28088 0.20719
vt 0.28088 0.20719
vt 0.28094 0.46946
vt 0.28088 0.20719
vt 0.28088 0.20719
vt 0.55632 0.20719
vt 0.58122 0.20692
vt 0.58122 0.20701
vt 0.50749 0.20719
vt 0.55632 0.20719
vt 0.58122 0.20701
vt 0.58122 0.20701
vt 0.58122 0.20692
vt 0.58132 0.56509
vt 0.58129 0.46936
vt 0.50749 0.20719
vt 0.58122 0.20701
vt 0.50055 0.68600
vt 0.55642 0.68600
vt 0.58129 0.46930
vt 0.49001 0.62392
vt 0.49001 0.62392
vt 0.50766 0.56547
vt 0.44682 0.62392
vt 0.45190 0.62392
vt 0.44815 0.68600
vt 0.34959 0.20719
vt 0.28088 0.20719
vt 0.28094 0.46946
vt 0.58129 0.46930
vt 0.55642 0.68600
vt 0.58132 0.62716
vt 0.50766 0.56547
vt 0.58132 0.56509
vt 0.58132 0.62716
vt 0.40090 0.46946
vt 0.38787 0.54835
vt 0.38534 0.54937
vt 0.33570 0.46946
vt 0.35226 0.54898
vt 0.35410 0.55059
vt 0.38787 0.54835
vt 0.38094 0.54656
vt 0.38534 0.54937
vt 0.38534 0.54937
vt 0.38094 0.54656
vt 0.35226 0.54898
vt 0.38688 0.20719
vt 0.34959 0.20719
vt 0.35791 0.46946
vt 0.49001 0.62392
vt 0.50766 0.56547
vt 0.50055 0.68600
vt 0.63323 0.50249
vt 0.61410 0.47936
vt 0.63323 0.46174
vt 0.57003 0.45731
vt 0.57003 0.50797
vt 0.57003 0.44508
vt 0.63323 0.50249
vt 0.61410 0.46616
vt 0.61410 0.49726
vt 0.63323 0.49574
vt 0.63323 0.46174
vt 0.57003 0.44508
vt 0.63323 0.50249
vt 0.63323 0.49574
vt 0.57003 0.49574
vt 0.63323 0.44982
vt 0.63323 0.48177
vt 0.57003 0.45731
vt 0.63323 0.48177
vt 0.57003 0.50797
vt 0.57003 0.45731
vt 0.63323 0.50249
vt 0.63323 0.48690
vt 0.61410 0.46616
vt 0.63323 0.46174
vt 0.61410 0.46616
vt 0.63323 0.44982
vt 0.63323 0.49574
vt 0.57003 0.44508
vt 0.57003 0.49574
vt 0.63323 0.50249
vt 0.57003 0.49574
vt 0.57003 0.50797
vt 0.61410 0.47936
vt 0.61410 0.49726
vt 0.61410 0.46616
vt 0.63323 0.44982
vt 0.57003 0.45731
vt 0.57003 0.44508
vt 0.63323 0.46174
vt 0.61410 0.47936
vt 0.61410 0.46616
vt 0.63323 0.48177
vt 0.63323 0.44982
vt 0.63323 0.48690
vt 0.57003 0.44508
vt 0.57003 0.50797
vt 0.57003 0.49574
vt 0.63323 0.50249
vt 0.61410 0.49726
vt 0.61410 0.47936
vt 0.63323 0.48690
vt 0.63323 0.44982
vt 0.61410 0.46616
vt 0.63323 0.49574
vt 0.63323 0.50249
vt 0.63323 0.46174
vt 0.63323 0.48177
vt 0.63323 0.50249
vt 0.57003 0.50797
vt 0.63323 0.48177
vt 0.63323 0.48690
vt 0.63323 0.50249
vt 0.63323 0.46174
vt 0.63323 0.44982
vt 0.57003 0.44508
vt 0.63682 0.53734
vt 0.91809 0.55462
vt 0.63682 0.55462
vt 0.63682 0.55462
vt 0.54114 0.65294
vt 0.63682 0.55462
vt 0.63682 0.55462
vt 0.63682 0.53734
vt 0.53918 0.63758
vt 0.91809 0.55462
vt 0.63682 0.53734
vt 0.63682 0.55462
vt 0.63682 0.53734
vt 0.91809 0.52007
vt 0.92531 0.53734
vt 0.63682 0.53734
vt 0.92531 0.53734
vt 0.91809 0.55462
vt 0.91809 0.55462
vt 0.92531 0.53734
vt 0.63682 0.53734
vt 0.63682 0.53734
vt 0.63682 0.52007
vt 0.91809 0.52007
vt 0.63682 0.55462
vt 0.63682 0.55462
vt 0.91809 0.55462
vt 0.63682 0.52007
vt 0.91809 0.52007
vt 0.91809 0.52007
vt 0.63682 0.55462
vt 0.54114 0.65294
vt 0.63682 0.53734
vt 0.63682 0.53734
vt 0.53918 0.63758
vt 0.63682 0.52007
vt 0.92531 0.53734
vt 0.91809 0.55462
vt 0.91809 0.55462
vt 0.63682 0.55462
vt 0.91809 0.55462
vt 0.91809 0.55462
vt 0.63682 0.52007
vt 0.91809 0.52007
vt 0.63682 0.52007
vt 0.91809 0.52007
vt 0.63682 0.53734
vt 0.92531 0.53734
vt 0.63682 0.52007
vt 0.53918 0.63758
vt 0.63682 0.52007
vt 0.63682 0.53734
vt 0.63682 0.52007
vt 0.53918 0.63758
vt 0.91809 0.52007
vt 0.91809 0.52007
vt 0.92531 0.53734
vt 0.91809 0.52007
vt 0.63682 0.52007
vt 0.63682 0.53734
vt 0.63682 0.53734
vt 0.54114 0.65294
vt 0.53918 0.63758
vt 0.63682 0.55462
vt 0.53918 0.63758
vt 0.54114 0.65294
vt 0.32628 0.36296
vt 0.31353 0.41341
vt 0.32867 0.40360
vt 0.32867 0.40360
vt 0.31353 0.41341
vt 0.31991 0.41902
vt 0.32628 0.36296
vt 0.32867 0.40360
vt 0.32867 0.40360
vt 0.31115 0.37277
vt 0.31353 0.41341
vt 0.32628 0.36296
vt 0.31115 0.37277
vt 0.31991 0.35736
vt 0.31115 0.37277
vt 0.32628 0.36296
vt 0.32867 0.40360
vt 0.32867 0.37277
vt 0.32628 0.36296
vt 0.32867 0.37277
vt 0.31991 0.35736
vt 0.32867 0.40360
vt 0.31991 0.41902
vt 0.32867 0.40360
vt 0.31353 0.41341
vt 0.31115 0.40360
vt 0.31991 0.41902
vt 0.31353 0.41341
vt 0.31115 0.37277
vt 0.31115 0.40360
vt 0.31353 0.41341
vt 0.31115 0.37277
vt 0.31115 0.37277
vt 0.31115 0.37277
vt 0.32628 0.36296
vt 0.31991 0.35736
vt 0.30955 0.39239
vt 0.31991 0.35736
vt 0.33026 0.38398
vt 0.32429 0.41131
vt 0.31991 0.41902
vt 0.33026 0.38398
vt 0.31991 0.35736
vt 0.33026 0.38398
vt 0.31991 0.35736
vt 0.32429 0.41131
vt 0.30955 0.39239
vt 0.31991 0.41902
vt 0.31115 0.37277
vt 0.31991 0.35736
vt 0.30955 0.39239
vt 0.31115 0.40360
vt 0.31115 0.37277
vt 0.30955 0.39239
vt 0.31991 0.35736
vt 0.32867 0.37277
vt 0.33026 0.38398
vt 0.32867 0.37277
vt 0.32429 0.41131
vt 0.33026 0.38398
vt 0.32429 0.41131
vt 0.31115 0.40360
vt 0.30955 0.39239
vt 0.31115 0.37277
vt 0.31991 0.35736
vt 0.31991 0.35736
vt 0.33026 0.38398
vt 0.31991 0.41902
vt 0.30955 0.39239
vt 0.39518 0.41902
vt 0.38642 0.40360
vt 0.39120 0.41762
vt 0.40394 0.40360
vt 0.39518 0.41902
vt 0.39120 0.41762
vt 0.39120 0.41762
vt 0.38881 0.36296
vt 0.40553 0.38398
vt 0.40394 0.40360
vt 0.39120 0.41762
vt 0.40553 0.38398
vt 0.39518 0.35736
vt 0.40394 0.37277
vt 0.40553 0.38398
vt 0.38642 0.40360
vt 0.38642 0.37277
vt 0.38881 0.36296
vt 0.38642 0.37277
vt 0.39518 0.35736
vt 0.38881 0.36296
vt 0.40394 0.37277
vt 0.40394 0.40360
vt 0.40553 0.38398
vt 0.39518 0.35736
vt 0.40553 0.38398
vt 0.38881 0.36296
vt 0.38642 0.40360
vt 0.38881 0.36296
vt 0.39120 0.41762
vt 0.07496 0.32578
vt 0.07496 0.30040
vt 0.07496 0.18378
vt 0.07496 0.18378
vt 0.06863 0.20085
vt 0.06787 0.18640
vt 0.07496 0.18378
vt 0.07496 0.30040
vt 0.06863 0.20085
vt 0.01853 0.26348
vt 0.01853 0.32578
vt 0.01853 0.29591
vt 0.01853 0.32578
vt 0.11754 0.33099
vt 0.11754 0.29884
vt 0.02619 0.20712
vt 0.02619 0.20712
vt 0.04468 0.18378
vt 0.06863 0.20085
vt 0.05594 0.29936
vt 0.04929 0.32347
vt 0.01853 0.32578
vt 0.01853 0.32578
vt 0.04929 0.32347
vt 0.11754 0.22735
vt 0.11754 0.29884
vt 0.11754 0.22735
vt 0.06863 0.20085
vt 0.07496 0.32195
vt 0.07496 0.18378
vt 0.01853 0.26348
vt 0.02619 0.20712
vt 0.02619 0.20712
vt 0.01853 0.32578
vt 0.11754 0.29884
vt 0.01853 0.29591
vt 0.11754 0.22735
vt 0.11754 0.29884
vt 0.11754 0.33099
vt 0.05594 0.29936
vt 0.06863 0.20085
vt 0.07496 0.30040
vt 0.02619 0.20712
vt 0.04468 0.18378
vt 0.04468 0.18378
vt 0.11754 0.22735
vt 0.08880 0.22735
vt 0.11754 0.22735
vt 0.06537 0.18378
vt 0.07496 0.18378
vt 0.07496 0.18378
vt 0.07496 0.18378
vt 0.08880 0.22735
vt 0.08880 0.22735
vt 0.11754 0.29884
vt 0.11754 0.32578
vt 0.01853 0.29591
vt 0.11754 0.32578
vt 0.11754 0.22735
vt 0.08880 0.22735
vt 0.11754 0.32578
vt 0.11754 0.32578
vt 0.07496 0.32195
vt 0.07496 0.32195
vt 0.11754 0.32578
vt 0.08880 0.22735
vt 0.04495 0.32578
vt 0.05577 0.29991
vt 0.06408 0.27099
vt 0.06537 0.18378
vt 0.06863 0.20085
vt 0.07496 0.18378
vt 0.06537 0.18378
vt 0.04468 0.18378
vt 0.02619 0.20712
vt 0.02619 0.20712
vt 0.01853 0.26348
vt 0.06408 0.27099
vt 0.01853 0.26348
vt 0.01853 0.33333
vt 0.06408 0.27099
vt 0.01853 0.33333
vt 0.04495 0.32578
vt 0.06408 0.27099
vt 0.06863 0.20085
vt 0.05577 0.29991
vt 0.07496 0.32195
vt 0.07496 0.18378
vt 0.07496 0.18378
vt 0.08880 0.22735
vt 0.11754 0.32578
vt 0.07496 0.32195
vt 0.04495 0.32578
vt 0.06408 0.27099
vt 0.06537 0.18378
vt 0.02619 0.20712
vt 0.08880 0.22735
vt 0.08880 0.22735
vt 0.11754 0.22735
vt 0.06408 0.27099
vt 0.05577 0.29991
vt 0.06863 0.20085
vt 0.01853 0.33333
vt 0.11754 0.32578
vt 0.04495 0.32578
vt 0.06787 0.18640
vt 0.04929 0.32347
vt 0.01853 0.26348
vt 0.01853 0.26348
vt 0.04929 0.32347
vt 0.01853 0.32578
vt 0.06537 0.18378
vt 0.04468 0.18378
vt 0.04468 0.18378
vt 0.07496 0.18378
vt 0.06787 0.18640
vt 0.06537 0.18378
vt 0.04468 0.18378
vt 0.06787 0.18640
vt 0.02619 0.20712
vt 0.01853 0.29591
vt 0.11754 0.32578
vt 0.01853 0.33333
vt 0.02619 0.20712
vt 0.01853 0.26348
vt 0.01853 0.26348
vt 0.11754 0.22735
vt 0.11754 0.33099
vt 0.07496 0.32578
vt 0.01853 0.26348
vt 0.01853 0.32578
vt 0.01853 0.32578
vt 0.01853 0.29591
vt 0.01853 0.33333
vt 0.01853 0.26348
vt 0.11754 0.32578
vt 0.11754 0.32578
vt 0.11754 0.22735
vt 0.11754 0.22735
vt 0.11754 0.32578
vt 0.11754 0.29884
vt 0.11754 0.29884
vt 0.11754 0.29884
vt 0.11754 0.22735
vt 0.04929 0.32347
vt 0.07496 0.32578
vt 0.01853 0.32578
vt 0.06787 0.18640
vt 0.04468 0.18378
vt 0.06537 0.18378
vt 0.07496 0.32578
vt 0.11754 0.33099
vt 0.01853 0.32578
vt 0.07496 0.32195
vt 0.08880 0.22735
vt 0.07496 0.18378
vt 0.01853 0.26348
vt 0.02619 0.20712
vt 0.06787 0.18640
vt 0.11754 0.22735
vt 0.07496 0.32578
vt 0.08880 0.22735
vt 0.06863 0.20085
vt 0.04929 0.32347
vt 0.06787 0.18640
vt 0.06408 0.27099
vt 0.06863 0.20085
vt 0.06537 0.18378
vt 0.08880 0.22735
vt 0.07496 0.32578
vt 0.07496 0.18378
vt 0.11754 0.29884
vt 0.11754 0.29884
vt 0.01853 0.29591
vt 0.07496 0.32195
vt 0.05577 0.29991
vt 0.04495 0.32578
vt 0.01853 0.29591
vt 0.01853 0.26348
vt 0.01853 0.26348
vt 0.05594 0.29936
vt 0.07496 0.30040
vt 0.07496 0.32578
vt 0.05594 0.29936
vt 0.07496 0.32578
vt 0.04929 0.32347
vt 0.03589 0.25167
vt 0.05321 0.21676
vt 0.03044 0.24655
vt 0.04724 0.21444
vt 0.04391 0.18998
vt 0.04432 0.17913
vt 0.02486 0.20052
vt 0.01769 0.22609
vt 0.02290 0.17485
vt 0.04635 0.16663
vt 0.05321 0.21676
vt 0.04432 0.17913
vt 0.05425 0.21444
vt 0.03850 0.25892
vt 0.04887 0.25402
vt 0.01769 0.22609
vt 0.03044 0.24655
vt 0.04190 0.27088
vt 0.03589 0.15846
vt 0.02290 0.17485
vt 0.02032 0.18346
vt 0.02032 0.18346
vt 0.03589 0.17985
vt 0.04635 0.16663
vt 0.04635 0.16663
vt 0.03589 0.17985
vt 0.04606 0.19638
vt 0.02290 0.25402
vt 0.03850 0.25892
vt 0.02591 0.23254
vt 0.02032 0.18346
vt 0.02290 0.17485
vt 0.01769 0.22609
vt 0.03589 0.15846
vt 0.04635 0.16663
vt 0.04432 0.17913
vt 0.02032 0.18346
vt 0.03046 0.18312
vt 0.03589 0.17985
vt 0.01769 0.22609
vt 0.02486 0.20052
vt 0.03044 0.24655
vt 0.03850 0.25892
vt 0.04582 0.23812
vt 0.02591 0.23254
vt 0.03850 0.25892
vt 0.04606 0.19638
vt 0.04582 0.23812
vt 0.05425 0.21444
vt 0.04606 0.19638
vt 0.03850 0.25892
vt 0.05425 0.21444
vt 0.04635 0.16663
vt 0.04606 0.19638
vt 0.04391 0.18998
vt 0.03589 0.17985
vt 0.04432 0.17913
vt 0.02486 0.20052
vt 0.03589 0.25167
vt 0.03044 0.24655
vt 0.02032 0.18346
vt 0.04635 0.16663
vt 0.03589 0.15846
vt 0.04606 0.19638
vt 0.03046 0.18312
vt 0.02520 0.20094
vt 0.04582 0.23812
vt 0.04606 0.19638
vt 0.02520 0.20094
vt 0.04391 0.18998
vt 0.04724 0.21444
vt 0.02486 0.20052
vt 0.02486 0.20052
vt 0.03589 0.17985
vt 0.04391 0.18998
vt 0.04432 0.17913
vt 0.02486 0.20052
vt 0.02290 0.17485
vt 0.03046 0.18312
vt 0.02591 0.23254
vt 0.02520 0.20094
vt 0.02290 0.25402
vt 0.01769 0.22609
vt 0.04190 0.27088
vt 0.03589 0.25167
vt 0.02486 0.20052
vt 0.04724 0.21444
vt 0.03044 0.24655
vt 0.05321 0.21676
vt 0.04190 0.27088
vt 0.05321 0.21676
vt 0.03589 0.25167
vt 0.04724 0.21444
vt 0.05321 0.21676
vt 0.04724 0.21444
vt 0.04432 0.17913
vt 0.02290 0.25402
vt 0.02032 0.18346
vt 0.01769 0.22609
vt 0.04887 0.25402
vt 0.03850 0.25892
vt 0.04190 0.27088
vt 0.04432 0.17913
vt 0.02290 0.17485
vt 0.03589 0.15846
vt 0.03589 0.17985
vt 0.02486 0.20052
vt 0.04432 0.17913
vt 0.03850 0.25892
vt 0.02290 0.25402
vt 0.04190 0.27088
vt 0.05425 0.21444
vt 0.04887 0.25402
vt 0.05321 0.21676
vt 0.05321 0.21676
vt 0.04887 0.25402
vt 0.04190 0.27088
vt 0.02032 0.18346
vt 0.02290 0.25402
vt 0.02591 0.23254
vt 0.04635 0.16663
vt 0.05425 0.21444
vt 0.05321 0.21676
vt 0.02032 0.18346
vt 0.02591 0.23254
vt 0.03046 0.18312
vt 0.03589 0.17985
vt 0.03046 0.18312
vt 0.04606 0.19638
vt 0.02520 0.20094
vt 0.02591 0.23254
vt 0.04582 0.23812
vt 0.11704 0.29703
vt 0.11704 0.10659
vt 0.11704 0.10659
vt 0.11704 0.29703
vt 0.11704 0.29703
vt 0.11704 0.10659
vt 0.14372 0.16657
vt 0.12528 0.19326
vt 0.13129 0.19854
vt 0.11886 0.15648
vt 0.12077 0.14301
vt 0.13129 0.12450
vt 0.13730 0.12979
vt 0.14181 0.18003
vt 0.11886 0.15648
vt 0.11886 0.15648
vt 0.13129 0.12450
vt 0.13730 0.12979
vt 0.14372 0.16657
vt 0.13129 0.12450
vt 0.12077 0.14301
vt 0.13129 0.19854
vt 0.12528 0.19326
vt 0.11886 0.15648
vt 0.11886 0.15648
vt 0.12528 0.19326
vt 0.12077 0.14301
vt 0.14181 0.18003
vt 0.13129 0.19854
vt 0.11886 0.15648
vt 0.13129 0.12450
vt 0.14372 0.16657
vt 0.13730 0.12979
vt 0.12077 0.14301
vt 0.12528 0.19326
vt 0.14372 0.16657
vt 0.14372 0.16657
vt 0.14181 0.18003
vt 0.13730 0.12979
vt 0.14372 0.16657
vt 0.13129 0.19854
vt 0.14181 0.18003
vt 0.13786 0.35990
vt 0.14372 0.38955
vt 0.13129 0.35758
vt 0.14181 0.41311
vt 0.12678 0.42898
vt 0.14372 0.38955
vt 0.12077 0.37609
vt 0.13786 0.35990
vt 0.13129 0.35758
vt 0.14372 0.38955
vt 0.12678 0.42898
vt 0.12077 0.41311
vt 0.12077 0.41311
vt 0.12077 0.37609
vt 0.14372 0.38955
vt 0.14181 0.41311
vt 0.13786 0.35990
vt 0.12077 0.37609
vt 0.14181 0.41311
vt 0.13129 0.43162
vt 0.12678 0.42898
vt 0.13786 0.35990
vt 0.14181 0.41311
vt 0.14372 0.38955
vt 0.12077 0.37609
vt 0.12678 0.42898
vt 0.14181 0.41311
vt 0.12077 0.37609
vt 0.13129 0.35758
vt 0.14372 0.38955
vt 0.12077 0.41311
vt 0.12678 0.42898
vt 0.12077 0.37609
vt 0.12678 0.42898
vt 0.13129 0.43162
vt 0.14181 0.41311
vt 0.14181 0.37609
vt 0.13129 0.35758
vt 0.13129 0.35758
vt 0.11886 0.38955
vt 0.13580 0.42898
vt 0.14181 0.41311
vt 0.14181 0.41311
vt 0.14181 0.37609
vt 0.11886 0.38955
vt 0.11886 0.38955
vt 0.13129 0.35758
vt 0.12077 0.37609
vt 0.11886 0.38955
vt 0.12077 0.37609
vt 0.12528 0.42633
vt 0.14181 0.37609
vt 0.13129 0.35758
vt 0.11886 0.38955
vt 0.11886 0.38955
vt 0.13129 0.35758
vt 0.13129 0.35758
vt 0.12528 0.42633
vt 0.12077 0.37609
vt 0.14181 0.37609
vt 0.14181 0.41311
vt 0.13580 0.42898
vt 0.14181 0.37609
vt 0.12077 0.37609
vt 0.13129 0.35758
vt 0.14181 0.37609
vt 0.13580 0.42898
vt 0.11886 0.38955
vt 0.12528 0.42633
vt 0.14181 0.37609
vt 0.13580 0.42898
vt 0.12528 0.42633
vt 0.27889 0.73680
vt 0.27889 0.75764
vt 0.24412 0.74233
vt 0.24412 0.57621
vt 0.39848 0.58556
vt 0.24412 0.57864
vt 0.32415 0.74746
vt 0.40143 0.75764
vt 0.44514 0.69693
vt 0.27889 0.75764
vt 0.32415 0.74746
vt 0.24412 0.74233
vt 0.40143 0.75764
vt 0.44514 0.75250
vt 0.44514 0.69693
vt 0.44514 0.74165
vt 0.44514 0.75250
vt 0.40143 0.75764
vt 0.47238 0.57604
vt 0.47238 0.74360
vt 0.47238 0.73209
vt 0.44514 0.69693
vt 0.47238 0.74360
vt 0.47238 0.57604
vt 0.36566 0.70487
vt 0.44514 0.69693
vt 0.44514 0.61451
vt 0.47238 0.73209
vt 0.44514 0.74165
vt 0.47238 0.56108
vt 0.24412 0.74233
vt 0.27889 0.69793
vt 0.27889 0.61118
vt 0.47238 0.57683
vt 0.24412 0.57864
vt 0.47238 0.61367
vt 0.39848 0.58556
vt 0.43214 0.60971
vt 0.24412 0.61100
vt 0.47238 0.61367
vt 0.24412 0.61100
vt 0.43214 0.60971
vt 0.24412 0.57621
vt 0.24412 0.57864
vt 0.24412 0.56035
vt 0.24412 0.56035
vt 0.47238 0.57683
vt 0.47238 0.56108
vt 0.24412 0.73189
vt 0.24412 0.74233
vt 0.24412 0.56035
vt 0.39848 0.58556
vt 0.24412 0.61100
vt 0.24412 0.57864
vt 0.24412 0.57864
vt 0.24412 0.61100
vt 0.47238 0.61367
vt 0.27889 0.61118
vt 0.47238 0.57604
vt 0.24412 0.57621
vt 0.47238 0.57683
vt 0.47238 0.61367
vt 0.43214 0.60971
vt 0.47238 0.73209
vt 0.47238 0.74360
vt 0.44514 0.75250
vt 0.24412 0.56035
vt 0.24412 0.74233
vt 0.24412 0.57621
vt 0.44514 0.69693
vt 0.44514 0.75250
vt 0.47238 0.74360
vt 0.47238 0.57604
vt 0.47238 0.56108
vt 0.47238 0.57683
vt 0.24412 0.56035
vt 0.27889 0.73680
vt 0.24412 0.73189
vt 0.47238 0.57604
vt 0.47238 0.57683
vt 0.39848 0.58556
vt 0.47238 0.56108
vt 0.44514 0.74165
vt 0.40143 0.73680
vt 0.24412 0.74233
vt 0.44514 0.69693
vt 0.27889 0.69793
vt 0.40143 0.73680
vt 0.40143 0.75764
vt 0.32415 0.74746
vt 0.27889 0.69793
vt 0.32415 0.61878
vt 0.27889 0.61118
vt 0.36566 0.70487
vt 0.44514 0.61451
vt 0.32415 0.61878
vt 0.47238 0.73209
vt 0.44514 0.75250
vt 0.44514 0.74165
vt 0.27889 0.61118
vt 0.32415 0.61878
vt 0.44514 0.61451
vt 0.44514 0.69693
vt 0.47238 0.57604
vt 0.44514 0.61451
vt 0.44514 0.61451
vt 0.47238 0.57604
vt 0.27889 0.61118
vt 0.44514 0.74165
vt 0.40143 0.75764
vt 0.40143 0.73680
vt 0.44514 0.69693
vt 0.36566 0.70487
vt 0.27889 0.69793
vt 0.27889 0.69793
vt 0.36566 0.70487
vt 0.32415 0.61878
vt 0.32415 0.74220
vt 0.27889 0.75764
vt 0.27889 0.73680
vt 0.32415 0.74746
vt 0.27889 0.75764
vt 0.32415 0.74220
vt 0.24412 0.56035
vt 0.24412 0.57864
vt 0.47238 0.57683
vt 0.32415 0.74220
vt 0.24412 0.56035
vt 0.47238 0.56108
vt 0.27889 0.73680
vt 0.24412 0.74233
vt 0.24412 0.73189
vt 0.27889 0.61118
vt 0.24412 0.57621
vt 0.24412 0.74233
vt 0.32415 0.74746
vt 0.44514 0.69693
vt 0.24412 0.74233
vt 0.40143 0.73680
vt 0.32415 0.74746
vt 0.32415 0.74220
vt 0.47238 0.57604
vt 0.47238 0.73209
vt 0.47238 0.56108
vt 0.47238 0.56108
vt 0.40143 0.73680
vt 0.32415 0.74220
vt 0.47238 0.57604
vt 0.39848 0.58556
vt 0.24412 0.57621
vt 0.47238 0.57683
vt 0.43214 0.60971
vt 0.39848 0.58556
vt 0.32415 0.74220
vt 0.27889 0.73680
vt 0.24412 0.56035
vt 0.31943 0.53557
vt 0.29079 0.53283
vt 0.29231 0.54429
vt 0.31943 0.49854
vt 0.31943 0.47373
vt 0.29231 0.47723
vt 0.31943 0.52298
vt 0.31943 0.54779
vt 0.29231 0.54429
vt 0.31943 0.49854
vt 0.28921 0.50018
vt 0.29079 0.53283
vt 0.31943 0.52361
vt 0.31943 0.48467
vt 0.35372 0.48092
vt 0.35474 0.49762
vt 0.35474 0.54459
vt 0.46023 0.55638
vt 0.35372 0.48092
vt 0.31943 0.48467
vt 0.31943 0.47182
vt 0.31943 0.47182
vt 0.31943 0.49791
vt 0.35474 0.49762
vt 0.35372 0.48092
vt 0.46054 0.53435
vt 0.35474 0.52643
vt 0.35474 0.54459
vt 0.45872 0.56678
vt 0.46023 0.55638
vt 0.31943 0.49791
vt 0.31943 0.53557
vt 0.31943 0.53685
vt 0.31943 0.52361
vt 0.31943 0.48595
vt 0.31943 0.48467
vt 0.31943 0.53685
vt 0.31943 0.54779
vt 0.31943 0.54970
vt 0.31943 0.52361
vt 0.35372 0.48092
vt 0.35474 0.52643
vt 0.35474 0.49762
vt 0.46023 0.55638
vt 0.46054 0.49084
vt 0.46054 0.53435
vt 0.46173 0.54608
vt 0.46099 0.58143
vt 0.35372 0.48092
vt 0.31943 0.47182
vt 0.35692 0.46043
vt 0.31943 0.47182
vt 0.35474 0.49762
vt 0.35692 0.46043
vt 0.31943 0.49791
vt 0.35474 0.54459
vt 0.35474 0.49762
vt 0.31943 0.53685
vt 0.35353 0.55644
vt 0.35474 0.54459
vt 0.31943 0.49791
vt 0.31943 0.47373
vt 0.31943 0.49854
vt 0.31943 0.54970
vt 0.35474 0.52643
vt 0.35353 0.55644
vt 0.31943 0.48595
vt 0.27424 0.50365
vt 0.29231 0.47723
vt 0.46054 0.49084
vt 0.46074 0.53323
vt 0.45982 0.49993
vt 0.46023 0.46806
vt 0.46075 0.47722
vt 0.46074 0.48829
vt 0.46054 0.53435
vt 0.46074 0.48829
vt 0.45943 0.53313
vt 0.46023 0.55638
vt 0.46173 0.54608
vt 0.46074 0.53323
vt 0.31943 0.52361
vt 0.31943 0.54779
vt 0.31943 0.52298
vt 0.31943 0.48467
vt 0.31943 0.47373
vt 0.31943 0.47182
vt 0.46054 0.49084
vt 0.46075 0.47722
vt 0.46099 0.44008
vt 0.45872 0.45474
vt 0.46054 0.49084
vt 0.46099 0.44008
vt 0.35692 0.46043
vt 0.46023 0.46806
vt 0.35372 0.48092
vt 0.46074 0.53323
vt 0.46173 0.54608
vt 0.45943 0.53313
vt 0.46054 0.49084
vt 0.45982 0.49993
vt 0.46075 0.47722
vt 0.35692 0.46043
vt 0.46054 0.49084
vt 0.45872 0.45474
vt 0.35474 0.52643
vt 0.45872 0.56678
vt 0.35353 0.55644
vt 0.45872 0.56678
vt 0.46054 0.53435
vt 0.46099 0.58143
vt 0.27424 0.50365
vt 0.26060 0.50412
vt 0.29231 0.47723
vt 0.31943 0.49854
vt 0.29231 0.47723
vt 0.28921 0.50018
vt 0.31943 0.52298
vt 0.29231 0.54429
vt 0.27424 0.50365
vt 0.31943 0.49854
vt 0.29079 0.53283
vt 0.31943 0.53557
vt 0.35372 0.48092
vt 0.46023 0.46806
vt 0.46054 0.53435
vt 0.35474 0.54459
vt 0.35353 0.55644
vt 0.45872 0.56678
vt 0.35692 0.46043
vt 0.35474 0.49762
vt 0.46054 0.49084
vt 0.35474 0.52643
vt 0.46054 0.53435
vt 0.45872 0.56678
vt 0.45872 0.45474
vt 0.46099 0.44008
vt 0.46023 0.46806
vt 0.29079 0.53283
vt 0.26085 0.51603
vt 0.29231 0.54429
vt 0.28921 0.50018
vt 0.26060 0.50412
vt 0.26039 0.51357
vt 0.28921 0.50018
vt 0.26039 0.51357
vt 0.29079 0.53283
vt 0.31943 0.53557
vt 0.29231 0.54429
vt 0.31943 0.54779
vt 0.31943 0.48595
vt 0.29231 0.47723
vt 0.31943 0.47373
vt 0.26085 0.51603
vt 0.26060 0.50412
vt 0.27424 0.50365
vt 0.31943 0.52298
vt 0.27424 0.50365
vt 0.31943 0.48595
vt 0.27424 0.50365
vt 0.29231 0.54429
vt 0.26085 0.51603
vt 0.46317 0.50028
vt 0.46074 0.53323
vt 0.46317 0.52124
vt 0.45872 0.56678
vt 0.46099 0.58143
vt 0.46023 0.55638
vt 0.46054 0.53435
vt 0.45943 0.53313
vt 0.46173 0.54608
vt 0.31943 0.52361
vt 0.31943 0.54970
vt 0.31943 0.54779
vt 0.31943 0.48467
vt 0.31943 0.48595
vt 0.31943 0.47373
vt 0.31943 0.53685
vt 0.31943 0.53557
vt 0.31943 0.54779
vt 0.45943 0.53313
vt 0.46317 0.54252
vt 0.46074 0.53323
vt 0.45982 0.49993
vt 0.46317 0.50028
vt 0.46075 0.47722
vt 0.45943 0.53313
vt 0.46317 0.52124
vt 0.46317 0.54252
vt 0.46317 0.52124
vt 0.46074 0.48829
vt 0.46317 0.50028
vt 0.46074 0.48829
vt 0.46075 0.47722
vt 0.46317 0.50028
vt 0.35692 0.46043
vt 0.45872 0.45474
vt 0.46023 0.46806
vt 0.31943 0.49791
vt 0.31943 0.49854
vt 0.31943 0.53557
vt 0.31943 0.52361
vt 0.31943 0.52298
vt 0.31943 0.48595
vt 0.46054 0.53435
vt 0.46023 0.46806
vt 0.46074 0.48829
vt 0.46023 0.55638
vt 0.46099 0.58143
vt 0.46173 0.54608
vt 0.46054 0.49084
vt 0.46023 0.55638
vt 0.46074 0.53323
vt 0.46023 0.46806
vt 0.46099 0.44008
vt 0.46075 0.47722
vt 0.46074 0.53323
vt 0.46317 0.54252
vt 0.46317 0.52124
vt 0.46074 0.53323
vt 0.46317 0.50028
vt 0.45982 0.49993
vt 0.46074 0.48829
vt 0.46317 0.52124
vt 0.45943 0.53313
vt 0.29079 0.53283
vt 0.26039 0.51357
vt 0.26085 0.51603
vt 0.28921 0.50018
vt 0.29231 0.47723
vt 0.26060 0.50412
vt 0.26060 0.50412
vt 0.26085 0.51603
vt 0.26039 0.51357
vt 0.31943 0.53685
vt 0.31943 0.54970
vt 0.35353 0.55644
vt 0.31943 0.49791
vt 0.31943 0.47182
vt 0.31943 0.47373
vt 0.31943 0.54970
vt 0.31943 0.52361
vt 0.35474 0.52643
vt 0.31943 0.49791
vt 0.31943 0.53685
vt 0.35474 0.54459
vt 0.46073 0.65539
vt 0.46047 0.62345
vt 0.46137 0.63681
vt 0.31943 0.61839
vt 0.31943 0.60731
vt 0.35353 0.60070
vt 0.35692 0.69566
vt 0.45872 0.70129
vt 0.46023 0.69093
vt 0.46137 0.63681
vt 0.46074 0.66950
vt 0.46073 0.65539
vt 0.46074 0.66950
vt 0.45957 0.67728
vt 0.46073 0.65539
vt 0.35372 0.67736
vt 0.46023 0.69093
vt 0.45872 0.62991
vt 0.35474 0.65678
vt 0.35474 0.61043
vt 0.46023 0.59797
vt 0.46023 0.69093
vt 0.46099 0.71580
vt 0.46325 0.68080
vt 0.46099 0.62574
vt 0.46020 0.63580
vt 0.46075 0.61266
vt 0.31943 0.63531
vt 0.26188 0.64029
vt 0.26225 0.65570
vt 0.31943 0.67196
vt 0.26225 0.65570
vt 0.29231 0.67904
vt 0.31943 0.63531
vt 0.31943 0.60920
vt 0.29231 0.61266
vt 0.31943 0.67331
vt 0.31943 0.67196
vt 0.31943 0.68250
vt 0.31943 0.61839
vt 0.31943 0.61974
vt 0.31943 0.60920
vt 0.31943 0.65693
vt 0.31943 0.68439
vt 0.31943 0.68250
vt 0.46047 0.62345
vt 0.46075 0.61266
vt 0.46137 0.63681
vt 0.31943 0.67196
vt 0.29231 0.67904
vt 0.31943 0.68250
vt 0.31943 0.63531
vt 0.29231 0.61266
vt 0.26188 0.64029
vt 0.27377 0.63638
vt 0.26188 0.64029
vt 0.29231 0.61266
vt 0.26085 0.65078
vt 0.26067 0.64000
vt 0.27377 0.63638
vt 0.35474 0.61043
vt 0.35353 0.60070
vt 0.45872 0.58557
vt 0.35692 0.69566
vt 0.35474 0.65678
vt 0.46054 0.66274
vt 0.35372 0.67736
vt 0.31943 0.67331
vt 0.31943 0.68439
vt 0.31943 0.68439
vt 0.31943 0.65693
vt 0.35474 0.65678
vt 0.31943 0.63477
vt 0.31943 0.63531
vt 0.31943 0.67196
vt 0.31943 0.65693
vt 0.31943 0.61839
vt 0.35474 0.61043
vt 0.31943 0.65693
vt 0.31943 0.65638
vt 0.31943 0.61974
vt 0.31943 0.63477
vt 0.31943 0.60731
vt 0.31943 0.60920
vt 0.46054 0.66274
vt 0.46023 0.59797
vt 0.46096 0.62094
vt 0.46023 0.59797
vt 0.45872 0.58557
vt 0.46325 0.57590
vt 0.31943 0.65638
vt 0.29231 0.67904
vt 0.27377 0.63638
vt 0.31943 0.63531
vt 0.26225 0.65570
vt 0.31943 0.67196
vt 0.31943 0.65638
vt 0.27377 0.63638
vt 0.31943 0.61974
vt 0.27377 0.63638
vt 0.26067 0.64000
vt 0.26188 0.64029
vt 0.26225 0.65570
vt 0.26085 0.65078
vt 0.29231 0.67904
vt 0.27377 0.63638
vt 0.29231 0.67904
vt 0.26085 0.65078
vt 0.46023 0.59797
vt 0.46325 0.57590
vt 0.46075 0.61266
vt 0.46054 0.66274
vt 0.46073 0.65539
vt 0.46325 0.68080
vt 0.46054 0.66274
vt 0.46096 0.62094
vt 0.46073 0.65539
vt 0.46099 0.62574
vt 0.46023 0.69093
vt 0.46074 0.66950
vt 0.46325 0.68080
vt 0.45867 0.68080
vt 0.46074 0.66950
vt 0.31943 0.60731
vt 0.31943 0.63477
vt 0.35474 0.63234
vt 0.31943 0.63477
vt 0.31943 0.67331
vt 0.35372 0.67736
vt 0.46073 0.65539
vt 0.46096 0.62094
vt 0.46047 0.62345
vt 0.35474 0.63234
vt 0.45872 0.62991
vt 0.45872 0.58557
vt 0.31943 0.61839
vt 0.35353 0.60070
vt 0.35474 0.61043
vt 0.46023 0.69093
vt 0.46099 0.62574
vt 0.45872 0.62991
vt 0.35474 0.63234
vt 0.45872 0.58557
vt 0.35353 0.60070
vt 0.31943 0.63477
vt 0.31943 0.67196
vt 0.31943 0.67331
vt 0.31943 0.65693
vt 0.35474 0.61043
vt 0.35474 0.65678
vt 0.46096 0.62094
vt 0.46075 0.61266
vt 0.46047 0.62345
vt 0.31943 0.61974
vt 0.29231 0.61266
vt 0.31943 0.60920
vt 0.46073 0.65539
vt 0.45957 0.67728
vt 0.45867 0.68080
vt 0.46020 0.63580
vt 0.46074 0.66950
vt 0.46137 0.63681
vt 0.31943 0.60731
vt 0.35474 0.63234
vt 0.35353 0.60070
vt 0.31943 0.63477
vt 0.35372 0.67736
vt 0.35474 0.63234
vt 0.35372 0.67736
vt 0.31943 0.68439
vt 0.35692 0.69566
vt 0.31943 0.68439
vt 0.35474 0.65678
vt 0.35692 0.69566
vt 0.46099 0.62574
vt 0.46325 0.57590
vt 0.45872 0.58557
vt 0.46023 0.69093
vt 0.46325 0.68080
vt 0.46074 0.66950
vt 0.46099 0.62574
vt 0.46075 0.61266
vt 0.46325 0.57590
vt 0.35692 0.69566
vt 0.46023 0.69093
vt 0.35372 0.67736
vt 0.46073 0.65539
vt 0.45867 0.68080
vt 0.46325 0.68080
vt 0.35474 0.61043
vt 0.45872 0.58557
vt 0.46023 0.59797
vt 0.35692 0.69566
vt 0.46054 0.66274
vt 0.45872 0.70129
vt 0.35372 0.67736
vt 0.45872 0.62991
vt 0.35474 0.63234
vt 0.35474 0.65678
vt 0.46023 0.59797
vt 0.46054 0.66274
vt 0.31943 0.65693
vt 0.31943 0.68250
vt 0.31943 0.65638
vt 0.45872 0.70129
vt 0.46054 0.66274
vt 0.46099 0.71580
vt 0.31943 0.65693
vt 0.31943 0.61974
vt 0.31943 0.61839
vt 0.31943 0.63477
vt 0.31943 0.60920
vt 0.31943 0.63531
vt 0.31943 0.67331
vt 0.31943 0.68250
vt 0.31943 0.68439
vt 0.31943 0.61839
vt 0.31943 0.60920
vt 0.31943 0.60731
vt 0.46023 0.59797
vt 0.46075 0.61266
vt 0.46096 0.62094
vt 0.46054 0.66274
vt 0.46325 0.68080
vt 0.46099 0.71580
vt 0.46099 0.62574
vt 0.46074 0.66950
vt 0.46020 0.63580
vt 0.31943 0.61974
vt 0.27377 0.63638
vt 0.29231 0.61266
vt 0.31943 0.65638
vt 0.31943 0.68250
vt 0.29231 0.67904
vt 0.45872 0.70129
vt 0.46099 0.71580
vt 0.46023 0.69093
vt 0.45872 0.58557
vt 0.45872 0.62991
vt 0.46099 0.62574
vt 0.46074 0.66950
vt 0.45867 0.68080
vt 0.45957 0.67728
vt 0.46020 0.63580
vt 0.46137 0.63681
vt 0.46075 0.61266
vt 0.26225 0.65570
vt 0.26188 0.64029
vt 0.26085 0.65078
vt 0.26085 0.65078
vt 0.26188 0.64029
vt 0.26067 0.64000
vt 0.31943 0.34836
vt 0.31943 0.35608
vt 0.31943 0.34696
vt 0.31943 0.31021
vt 0.31943 0.28353
vt 0.31943 0.28166
vt 0.35692 0.27051
vt 0.45872 0.27336
vt 0.45986 0.25417
vt 0.35372 0.35463
vt 0.45872 0.38006
vt 0.35353 0.36510
vt 0.46023 0.36948
vt 0.46325 0.37459
vt 0.45872 0.38006
vt 0.46099 0.33721
vt 0.46325 0.26798
vt 0.45872 0.27336
vt 0.31943 0.29125
vt 0.31943 0.28353
vt 0.31943 0.29265
vt 0.31943 0.35795
vt 0.35372 0.35463
vt 0.35353 0.36510
vt 0.35372 0.35463
vt 0.31943 0.31021
vt 0.35474 0.31071
vt 0.35474 0.28685
vt 0.45872 0.33360
vt 0.45872 0.27336
vt 0.35692 0.27051
vt 0.46054 0.30545
vt 0.35474 0.31071
vt 0.35474 0.31071
vt 0.46023 0.36948
vt 0.35372 0.35463
vt 0.35474 0.33410
vt 0.45872 0.38006
vt 0.45872 0.33360
vt 0.31943 0.29125
vt 0.35474 0.33410
vt 0.35474 0.28685
vt 0.31943 0.32940
vt 0.35353 0.36510
vt 0.35474 0.33410
vt 0.35474 0.31071
vt 0.31943 0.28166
vt 0.35692 0.27051
vt 0.31943 0.28166
vt 0.35474 0.28685
vt 0.35692 0.27051
vt 0.31943 0.34696
vt 0.29231 0.35265
vt 0.29079 0.34396
vt 0.31943 0.32893
vt 0.29079 0.29565
vt 0.26775 0.32919
vt 0.31943 0.31069
vt 0.26581 0.30200
vt 0.31943 0.28353
vt 0.46054 0.30545
vt 0.46325 0.34570
vt 0.46023 0.36948
vt 0.46099 0.33721
vt 0.46325 0.37459
vt 0.46325 0.32850
vt 0.31943 0.31069
vt 0.29079 0.34396
vt 0.26147 0.31837
vt 0.31943 0.32893
vt 0.29231 0.35265
vt 0.31943 0.35608
vt 0.31943 0.29265
vt 0.26581 0.30200
vt 0.29079 0.29565
vt 0.31943 0.32940
vt 0.31943 0.29265
vt 0.31943 0.32893
vt 0.31943 0.31021
vt 0.31943 0.34696
vt 0.31943 0.31069
vt 0.31943 0.32940
vt 0.31943 0.35608
vt 0.31943 0.35795
vt 0.46325 0.34570
vt 0.45867 0.35309
vt 0.46325 0.37459
vt 0.46099 0.33721
vt 0.46020 0.28490
vt 0.46325 0.26798
vt 0.46054 0.30545
vt 0.46325 0.28521
vt 0.45982 0.31093
vt 0.45980 0.34361
vt 0.46317 0.31198
vt 0.46317 0.32763
vt 0.46317 0.32763
vt 0.46317 0.31198
vt 0.46317 0.28872
vt 0.46020 0.28490
vt 0.46317 0.28872
vt 0.46317 0.31198
vt 0.45982 0.31093
vt 0.46317 0.31198
vt 0.45980 0.34361
vt 0.45867 0.31194
vt 0.45867 0.35309
vt 0.46317 0.35091
vt 0.29079 0.29565
vt 0.26581 0.30200
vt 0.26039 0.31984
vt 0.29079 0.34396
vt 0.26775 0.32919
vt 0.26147 0.31837
vt 0.46325 0.26798
vt 0.46325 0.28521
vt 0.45986 0.25417
vt 0.46325 0.32850
vt 0.45867 0.31194
vt 0.46020 0.28490
vt 0.45982 0.31093
vt 0.45980 0.34361
vt 0.46325 0.34570
vt 0.46325 0.37459
vt 0.45867 0.31194
vt 0.46325 0.32850
vt 0.31943 0.34836
vt 0.31943 0.35795
vt 0.31943 0.35608
vt 0.31943 0.31021
vt 0.31943 0.31069
vt 0.31943 0.28353
vt 0.35692 0.27051
vt 0.35474 0.28685
vt 0.45872 0.27336
vt 0.35372 0.35463
vt 0.46023 0.36948
vt 0.45872 0.38006
vt 0.45872 0.27336
vt 0.45872 0.33360
vt 0.46099 0.33721
vt 0.46054 0.30545
vt 0.45982 0.31093
vt 0.46325 0.34570
vt 0.46023 0.36948
vt 0.46325 0.34570
vt 0.46325 0.37459
vt 0.45872 0.38006
vt 0.46325 0.37459
vt 0.46099 0.33721
vt 0.45872 0.27336
vt 0.46325 0.26798
vt 0.45986 0.25417
vt 0.31943 0.32940
vt 0.31943 0.29125
vt 0.31943 0.29265
vt 0.31943 0.31021
vt 0.31943 0.34836
vt 0.31943 0.34696
vt 0.31943 0.32940
vt 0.31943 0.32893
vt 0.31943 0.35608
vt 0.46325 0.34570
vt 0.45980 0.34361
vt 0.45867 0.35309
vt 0.46099 0.33721
vt 0.46325 0.32850
vt 0.46020 0.28490
vt 0.46054 0.30545
vt 0.45986 0.25417
vt 0.46325 0.28521
vt 0.31943 0.31069
vt 0.31943 0.34696
vt 0.29079 0.34396
vt 0.31943 0.32893
vt 0.26775 0.32919
vt 0.29231 0.35265
vt 0.31943 0.29265
vt 0.31943 0.28353
vt 0.26581 0.30200
vt 0.26147 0.31837
vt 0.26775 0.32919
vt 0.26039 0.31984
vt 0.29079 0.34396
vt 0.29231 0.35265
vt 0.26775 0.32919
vt 0.26775 0.32919
vt 0.29079 0.29565
vt 0.26039 0.31984
vt 0.26039 0.31984
vt 0.26581 0.30200
vt 0.26147 0.31837
vt 0.46325 0.26798
vt 0.46020 0.28490
vt 0.46325 0.28521
vt 0.46325 0.28521
vt 0.46020 0.28490
vt 0.45982 0.31093
vt 0.46325 0.37459
vt 0.45867 0.35309
vt 0.45867 0.31194
vt 0.35474 0.31071
vt 0.31943 0.31021
vt 0.31943 0.28166
vt 0.31943 0.28166
vt 0.31943 0.29125
vt 0.35474 0.28685
vt 0.35474 0.28685
vt 0.35474 0.33410
vt 0.45872 0.33360
vt 0.35474 0.31071
vt 0.46054 0.30545
vt 0.46023 0.36948
vt 0.35474 0.33410
vt 0.35353 0.36510
vt 0.45872 0.38006
vt 0.31943 0.29125
vt 0.31943 0.32940
vt 0.35474 0.33410
vt 0.31943 0.32940
vt 0.31943 0.35795
vt 0.35353 0.36510
vt 0.31943 0.29125
vt 0.31943 0.28166
vt 0.31943 0.28353
vt 0.31943 0.35795
vt 0.31943 0.34836
vt 0.35372 0.35463
vt 0.35372 0.35463
vt 0.31943 0.34836
vt 0.31943 0.31021
vt 0.45872 0.38006
vt 0.46099 0.33721
vt 0.45872 0.33360
vt 0.45867 0.31194
vt 0.46317 0.28872
vt 0.46020 0.28490
vt 0.31943 0.34696
vt 0.31943 0.35608
vt 0.29231 0.35265
vt 0.31943 0.32893
vt 0.31943 0.29265
vt 0.29079 0.29565
vt 0.31943 0.31069
vt 0.26147 0.31837
vt 0.26581 0.30200
vt 0.45980 0.34361
vt 0.46317 0.35091
vt 0.45867 0.35309
vt 0.46317 0.32763
vt 0.46317 0.35091
vt 0.45980 0.34361
vt 0.45867 0.31194
vt 0.46317 0.32763
vt 0.46317 0.28872
vt 0.46020 0.28490
vt 0.46317 0.31198
vt 0.45982 0.31093
vt 0.45867 0.31194
vt 0.46317 0.35091
vt 0.46317 0.32763
vt 0.35692 0.27051
vt 0.45986 0.25417
vt 0.46054 0.30545
vt 0.34201 0.60170
vt 0.35224 0.60418
vt 0.34201 0.54105
vt 0.35224 0.60418
vt 0.38848 0.60831
vt 0.34201 0.54105
vt 0.38848 0.59986
vt 0.35224 0.60418
vt 0.34201 0.54105
vt 0.38848 0.59986
vt 0.34201 0.54105
vt 0.41172 0.54036
vt 0.35224 0.60418
vt 0.35224 0.61232
vt 0.38848 0.60831
vt 0.35224 0.60418
vt 0.34201 0.60170
vt 0.34201 0.54105
vt 0.38848 0.60831
vt 0.41172 0.60078
vt 0.41172 0.54036
vt 0.41172 0.60078
vt 0.38848 0.60831
vt 0.38848 0.59986
vt 0.41172 0.60078
vt 0.38848 0.59986
vt 0.41172 0.54036
vt 0.38848 0.60831
vt 0.35224 0.61232
vt 0.35224 0.60418
vt 0.38848 0.60831
vt 0.41172 0.54036
vt 0.34201 0.54105
vt 0.38848 0.59986
vt 0.38848 0.60831
vt 0.35224 0.60418
vt 0.35224 0.66772
vt 0.38848 0.66888
vt 0.38848 0.66502
vt 0.35224 0.66466
vt 0.41172 0.64792
vt 0.34201 0.64639
vt 0.38848 0.66502
vt 0.34201 0.64639
vt 0.41172 0.64792
vt 0.38848 0.66502
vt 0.35224 0.66772
vt 0.35224 0.66466
vt 0.34201 0.66664
vt 0.35224 0.66466
vt 0.34201 0.64639
vt 0.38848 0.66502
vt 0.41172 0.66205
vt 0.41172 0.64792
vt 0.35224 0.66466
vt 0.34201 0.66664
vt 0.34201 0.64639
vt 0.35224 0.66466
vt 0.35224 0.66772
vt 0.38848 0.66502
vt 0.41172 0.66205
vt 0.38848 0.66502
vt 0.41172 0.64792
vt 0.38848 0.66502
vt 0.38848 0.66888
vt 0.35224 0.66772
vt 0.35224 0.66466
vt 0.38848 0.66502
vt 0.41172 0.64792
vt 0.38848 0.66502
vt 0.35224 0.66466
vt 0.34201 0.64639
vt 0.34542 0.41017
vt 0.38848 0.41750
vt 0.41172 0.35251
vt 0.41172 0.41281
vt 0.38848 0.41750
vt 0.41172 0.35251
vt 0.34542 0.41017
vt 0.35224 0.42148
vt 0.38848 0.41750
vt 0.38848 0.41750
vt 0.35224 0.42148
vt 0.35078 0.41618
vt 0.34542 0.41017
vt 0.41172 0.35251
vt 0.34201 0.35416
vt 0.38848 0.41750
vt 0.38848 0.42278
vt 0.35224 0.42148
vt 0.35078 0.41618
vt 0.35224 0.42148
vt 0.34542 0.41017
vt 0.41172 0.35251
vt 0.35078 0.41618
vt 0.34201 0.35416
vt 0.41172 0.35251
vt 0.38848 0.41750
vt 0.35078 0.41618
vt 0.35224 0.42148
vt 0.38848 0.42278
vt 0.38848 0.41750
vt 0.38848 0.41750
vt 0.41172 0.41281
vt 0.41172 0.35251
vt 0.34201 0.35416
vt 0.35078 0.41618
vt 0.34542 0.41017
vt 0.35224 0.23178
vt 0.41172 0.16248
vt 0.34201 0.16248
vt 0.41172 0.22406
vt 0.38848 0.23039
vt 0.38848 0.22406
vt 0.38848 0.22406
vt 0.35224 0.22738
vt 0.35224 0.22406
vt 0.35224 0.23178
vt 0.38848 0.23039
vt 0.41172 0.16248
vt 0.35224 0.22406
vt 0.35224 0.23178
vt 0.34201 0.22406
vt 0.35224 0.23178
vt 0.35224 0.22406
vt 0.35224 0.22738
vt 0.41172 0.22406
vt 0.38848 0.22406
vt 0.41172 0.16248
vt 0.41172 0.16248
vt 0.38848 0.22406
vt 0.35224 0.22406
vt 0.38848 0.22406
vt 0.38848 0.22738
vt 0.35224 0.22738
vt 0.38848 0.22738
vt 0.38848 0.23039
vt 0.35224 0.23178
vt 0.35224 0.22406
vt 0.34201 0.22406
vt 0.34201 0.16248
vt 0.34201 0.22406
vt 0.35224 0.23178
vt 0.34201 0.16248
vt 0.38848 0.23039
vt 0.41172 0.22406
vt 0.41172 0.16248
vt 0.38848 0.23039
vt 0.38848 0.22738
vt 0.38848 0.22406
vt 0.41172 0.16248
vt 0.35224 0.22406
vt 0.34201 0.16248
vt 0.38848 0.22738
vt 0.35224 0.23178
vt 0.35224 0.22738
vt 0.33735 0.48151
vt 0.35193 0.46109
vt 0.35396 0.47333
vt 0.33735 0.52499
vt 0.35396 0.47333
vt 0.35501 0.52741
vt 0.35392 0.56323
vt 0.39360 0.57243
vt 0.33735 0.55412
vt 0.35392 0.56323
vt 0.39360 0.53111
vt 0.39360 0.57243
vt 0.33735 0.48151
vt 0.33735 0.46716
vt 0.35193 0.46109
vt 0.35392 0.56323
vt 0.33735 0.55412
vt 0.33735 0.52499
vt 0.35193 0.46109
vt 0.35393 0.46948
vt 0.39360 0.44909
vt 0.35396 0.47333
vt 0.39360 0.44909
vt 0.39360 0.46944
vt 0.33735 0.46716
vt 0.35393 0.46948
vt 0.35193 0.46109
vt 0.35396 0.47333
vt 0.35193 0.46109
vt 0.39360 0.44909
vt 0.35392 0.56323
vt 0.35501 0.52741
vt 0.39360 0.53111
vt 0.35392 0.56323
vt 0.33735 0.52499
vt 0.35501 0.52741
vt 0.35501 0.52741
vt 0.39360 0.46944
vt 0.39360 0.53111
vt 0.33735 0.52499
vt 0.33735 0.48151
vt 0.35396 0.47333
vt 0.35501 0.52741
vt 0.35396 0.47333
vt 0.39360 0.46944
vt 0.33735 0.60840
vt 0.35396 0.59414
vt 0.35389 0.60647
vt 0.33735 0.65762
vt 0.33735 0.60840
vt 0.35389 0.60647
vt 0.35593 0.66135
vt 0.35389 0.60647
vt 0.39360 0.60236
vt 0.33735 0.60840
vt 0.35192 0.63138
vt 0.35396 0.59414
vt 0.33735 0.65762
vt 0.35389 0.60647
vt 0.35593 0.66135
vt 0.35593 0.66135
vt 0.39360 0.60236
vt 0.39360 0.66339
vt 0.35389 0.60647
vt 0.39360 0.58481
vt 0.39360 0.60236
vt 0.35396 0.59414
vt 0.39360 0.62830
vt 0.39360 0.58481
vt 0.33735 0.63288
vt 0.35393 0.63382
vt 0.35192 0.63138
vt 0.33735 0.60840
vt 0.33735 0.63288
vt 0.35192 0.63138
vt 0.35396 0.59414
vt 0.35192 0.63138
vt 0.39360 0.62830
vt 0.35389 0.60647
vt 0.35396 0.59414
vt 0.39360 0.58481
vt 0.39360 0.62830
vt 0.35192 0.63138
vt 0.35393 0.63382
vt 0.35593 0.66135
vt 0.39360 0.66339
vt 0.33735 0.65762
vt 0.35396 0.30420
vt 0.39360 0.25940
vt 0.39360 0.30462
vt 0.39360 0.38021
vt 0.33735 0.36257
vt 0.35593 0.37430
vt 0.35593 0.37430
vt 0.35389 0.35646
vt 0.39360 0.36502
vt 0.35396 0.30420
vt 0.35192 0.27136
vt 0.39360 0.25940
vt 0.35593 0.37430
vt 0.39360 0.36502
vt 0.39360 0.38021
vt 0.33735 0.33056
vt 0.35396 0.30420
vt 0.35389 0.35646
vt 0.33735 0.36257
vt 0.33735 0.33056
vt 0.35389 0.35646
vt 0.33735 0.33056
vt 0.33735 0.27739
vt 0.35192 0.27136
vt 0.35389 0.35646
vt 0.35396 0.30420
vt 0.39360 0.30462
vt 0.35192 0.27136
vt 0.34791 0.28659
vt 0.39360 0.25940
vt 0.33735 0.33056
vt 0.35192 0.27136
vt 0.35396 0.30420
vt 0.35389 0.35646
vt 0.39360 0.30462
vt 0.39360 0.36502
vt 0.33735 0.27739
vt 0.34791 0.28659
vt 0.35192 0.27136
vt 0.33735 0.36257
vt 0.35389 0.35646
vt 0.35593 0.37430
vt 0.34201 0.47258
vt 0.39562 0.47350
vt 0.34201 0.41308
vt 0.39562 0.47350
vt 0.39562 0.41216
vt 0.34201 0.41308
vt 0.34201 0.47258
vt 0.34201 0.41308
vt 0.39562 0.41216
vt 0.39562 0.47350
vt 0.34201 0.47258
vt 0.39562 0.41216
vt 0.39360 0.49041
vt 0.41238 0.44909
vt 0.39360 0.44909
vt 0.39360 0.44909
vt 0.41238 0.46944
vt 0.39360 0.46944
vt 0.41238 0.57243
vt 0.39360 0.55208
vt 0.39360 0.57243
vt 0.39360 0.49041
vt 0.39360 0.44909
vt 0.39360 0.46944
vt 0.41238 0.53111
vt 0.39360 0.57243
vt 0.39360 0.53111
vt 0.41238 0.46944
vt 0.39360 0.53111
vt 0.39360 0.46944
vt 0.39360 0.55208
vt 0.41238 0.52274
vt 0.39360 0.49041
vt 0.39360 0.44909
vt 0.41238 0.44909
vt 0.41238 0.46944
vt 0.41238 0.57243
vt 0.41238 0.52274
vt 0.39360 0.55208
vt 0.41238 0.46944
vt 0.41238 0.53111
vt 0.39360 0.53111
vt 0.39360 0.46944
vt 0.39360 0.53111
vt 0.39360 0.49041
vt 0.41238 0.53111
vt 0.41238 0.57243
vt 0.39360 0.57243
vt 0.39360 0.49041
vt 0.39360 0.53111
vt 0.39360 0.55208
vt 0.39360 0.53111
vt 0.39360 0.57243
vt 0.39360 0.55208
vt 0.41238 0.52274
vt 0.41238 0.57243
vt 0.41238 0.53111
vt 0.41238 0.53111
vt 0.41238 0.46944
vt 0.41238 0.52274
vt 0.41238 0.46944
vt 0.41238 0.44909
vt 0.41238 0.52274
vt 0.39360 0.49041
vt 0.41238 0.52274
vt 0.41238 0.44909
vt 0.41238 0.66339
vt 0.39360 0.70688
vt 0.39360 0.66339
vt 0.41238 0.62830
vt 0.39360 0.58481
vt 0.39360 0.62830
vt 0.41238 0.58481
vt 0.39360 0.60236
vt 0.39360 0.58481
vt 0.41238 0.70688
vt 0.39360 0.68934
vt 0.39360 0.70688
vt 0.41238 0.68934
vt 0.39360 0.62830
vt 0.39360 0.68934
vt 0.41238 0.68934
vt 0.41238 0.62830
vt 0.39360 0.62830
vt 0.41238 0.70688
vt 0.41238 0.68934
vt 0.39360 0.68934
vt 0.41238 0.60236
vt 0.39360 0.66339
vt 0.39360 0.60236
vt 0.41238 0.62830
vt 0.41238 0.68934
vt 0.41238 0.66339
vt 0.41238 0.62830
vt 0.41238 0.58481
vt 0.39360 0.58481
vt 0.39360 0.60236
vt 0.39360 0.66339
vt 0.39360 0.62830
vt 0.39360 0.58481
vt 0.39360 0.60236
vt 0.39360 0.62830
vt 0.41238 0.58481
vt 0.41238 0.60236
vt 0.39360 0.60236
vt 0.39360 0.66339
vt 0.39360 0.70688
vt 0.39360 0.68934
vt 0.41238 0.60236
vt 0.41238 0.66339
vt 0.39360 0.66339
vt 0.41238 0.66339
vt 0.41238 0.70688
vt 0.39360 0.70688
vt 0.41238 0.70688
vt 0.41238 0.66339
vt 0.41238 0.68934
vt 0.41238 0.66339
vt 0.41238 0.60236
vt 0.41238 0.62830
vt 0.39360 0.68934
vt 0.39360 0.62830
vt 0.39360 0.66339
vt 0.41238 0.60236
vt 0.41238 0.58481
vt 0.41238 0.62830
vt 0.39562 0.62710
vt 0.39562 0.60838
vt 0.34201 0.61298
vt 0.39562 0.62710
vt 0.34201 0.61298
vt 0.39562 0.60838
vt 0.34201 0.63017
vt 0.39562 0.62710
vt 0.34201 0.61298
vt 0.39562 0.62710
vt 0.34201 0.63017
vt 0.34201 0.61298
vt 0.41238 0.33499
vt 0.39360 0.27459
vt 0.39360 0.33499
vt 0.39360 0.27459
vt 0.39360 0.25940
vt 0.39360 0.30462
vt 0.41238 0.33499
vt 0.41238 0.30462
vt 0.41238 0.27459
vt 0.41238 0.27459
vt 0.39360 0.25940
vt 0.39360 0.27459
vt 0.39360 0.33499
vt 0.39360 0.27459
vt 0.39360 0.30462
vt 0.39360 0.30462
vt 0.39360 0.36502
vt 0.39360 0.33499
vt 0.39360 0.36502
vt 0.39360 0.38021
vt 0.39360 0.33499
vt 0.41238 0.38021
vt 0.41238 0.33499
vt 0.39360 0.33499
vt 0.41238 0.30462
vt 0.41238 0.36502
vt 0.39360 0.36502
vt 0.41238 0.25940
vt 0.39360 0.30462
vt 0.39360 0.25940
vt 0.41238 0.36502
vt 0.41238 0.38021
vt 0.39360 0.38021
vt 0.41238 0.27459
vt 0.41238 0.25940
vt 0.39360 0.25940
vt 0.41238 0.30462
vt 0.41238 0.25940
vt 0.41238 0.27459
vt 0.41238 0.36502
vt 0.41238 0.30462
vt 0.41238 0.33499
vt 0.41238 0.33499
vt 0.41238 0.38021
vt 0.41238 0.36502
vt 0.41238 0.33499
vt 0.41238 0.27459
vt 0.39360 0.27459
vt 0.41238 0.30462
vt 0.39360 0.36502
vt 0.39360 0.30462
vt 0.41238 0.36502
vt 0.39360 0.38021
vt 0.39360 0.36502
vt 0.41238 0.38021
vt 0.39360 0.33499
vt 0.39360 0.38021
vt 0.41238 0.25940
vt 0.41238 0.30462
vt 0.39360 0.30462
vt 0.34201 0.28723
vt 0.39562 0.28591
vt 0.34201 0.22673
vt 0.39562 0.28591
vt 0.39562 0.22805
vt 0.34201 0.22673
vt 0.34201 0.28723
vt 0.34201 0.22673
vt 0.39562 0.22805
vt 0.39562 0.28591
vt 0.34201 0.28723
vt 0.39562 0.22805
vt 0.33925 0.46869
vt 0.33925 0.54995
vt 0.32566 0.49569
vt 0.32566 0.49601
vt 0.32566 0.49569
vt 0.32566 0.54069
vt 0.32566 0.49569
vt 0.32566 0.55543
vt 0.32566 0.54069
vt 0.33925 0.51364
vt 0.33925 0.46869
vt 0.32566 0.46608
vt 0.33925 0.54995
vt 0.33925 0.51364
vt 0.32566 0.54069
vt 0.33925 0.54995
vt 0.33925 0.46869
vt 0.33925 0.51364
vt 0.33925 0.46869
vt 0.32566 0.49569
vt 0.32566 0.46608
vt 0.32566 0.49601
vt 0.32566 0.46608
vt 0.32566 0.49569
vt 0.33925 0.54995
vt 0.32566 0.55543
vt 0.32566 0.49569
vt 0.33925 0.54995
vt 0.32566 0.54069
vt 0.32566 0.55543
vt 0.33925 0.51364
vt 0.32566 0.49601
vt 0.32566 0.54069
vt 0.33925 0.51364
vt 0.32566 0.46608
vt 0.32566 0.49601
vt 0.33925 0.65759
vt 0.32566 0.59937
vt 0.32566 0.65659
vt 0.32566 0.65856
vt 0.32566 0.69006
vt 0.32566 0.65659
vt 0.32566 0.59937
vt 0.32566 0.65856
vt 0.32566 0.65659
vt 0.32566 0.59937
vt 0.33925 0.60163
vt 0.33925 0.63410
vt 0.33925 0.65759
vt 0.33925 0.60163
vt 0.32566 0.59937
vt 0.33925 0.63410
vt 0.32566 0.65856
vt 0.32566 0.59937
vt 0.33925 0.63410
vt 0.32566 0.69006
vt 0.32566 0.65856
vt 0.32566 0.69006
vt 0.33925 0.65759
vt 0.32566 0.65659
vt 0.33925 0.63410
vt 0.33925 0.60163
vt 0.33925 0.65759
vt 0.33925 0.63410
vt 0.33925 0.69006
vt 0.32566 0.69006
vt 0.33925 0.69006
vt 0.33925 0.63410
vt 0.33925 0.65759
vt 0.32566 0.69006
vt 0.33925 0.69006
vt 0.33925 0.65759
vt 0.33925 0.30880
vt 0.33925 0.35256
vt 0.32566 0.36352
vt 0.33925 0.35256
vt 0.33925 0.36357
vt 0.32566 0.36352
vt 0.33925 0.36357
vt 0.33925 0.30098
vt 0.32566 0.31292
vt 0.33925 0.30880
vt 0.32566 0.36352
vt 0.32566 0.28298
vt 0.33925 0.30098
vt 0.32566 0.28298
vt 0.32566 0.31292
vt 0.33925 0.36357
vt 0.32566 0.31292
vt 0.32566 0.36352
vt 0.32566 0.28298
vt 0.32566 0.36352
vt 0.32566 0.31292
vt 0.32566 0.28298
vt 0.33925 0.27605
vt 0.33925 0.30880
vt 0.33925 0.35256
vt 0.33925 0.30880
vt 0.33925 0.30098
vt 0.33925 0.30880
vt 0.33925 0.27605
vt 0.33925 0.30098
vt 0.33925 0.30098
vt 0.33925 0.27605
vt 0.32566 0.28298
vt 0.33925 0.30098
vt 0.33925 0.36357
vt 0.33925 0.35256
vt 0.44655 0.77824
vt 0.44655 0.73823
vt 0.44655 0.77438
vt 0.40051 0.78673
vt 0.44655 0.77824
vt 0.44655 0.77438
vt 0.44655 0.77824
vt 0.40051 0.77703
vt 0.40051 0.74146
vt 0.40051 0.74146
vt 0.40051 0.75381
vt 0.44655 0.73823
vt 0.40051 0.75381
vt 0.40051 0.78673
vt 0.44655 0.77438
vt 0.40051 0.78673
vt 0.40051 0.75381
vt 0.40051 0.77703
vt 0.40051 0.78673
vt 0.40051 0.77703
vt 0.44655 0.77824
vt 0.40051 0.75381
vt 0.40051 0.74146
vt 0.40051 0.77703
vt 0.44655 0.77824
vt 0.40051 0.74146
vt 0.44655 0.73823
vt 0.40051 0.75381
vt 0.44655 0.77438
vt 0.44655 0.73823
vt 0.27864 0.74146
vt 0.27864 0.75381
vt 0.32468 0.73823
vt 0.27864 0.75381
vt 0.27864 0.74146
vt 0.27864 0.78673
vt 0.27864 0.75381
vt 0.27864 0.78673
vt 0.32468 0.77824
vt 0.32468 0.77438
vt 0.27864 0.78673
vt 0.27864 0.74146
vt 0.32468 0.77824
vt 0.27864 0.78673
vt 0.32468 0.77438
vt 0.32468 0.77438
vt 0.32468 0.73823
vt 0.32468 0.77824
vt 0.27864 0.75381
vt 0.32468 0.77824
vt 0.32468 0.73823
vt 0.32468 0.77438
vt 0.27864 0.74146
vt 0.32468 0.73823
vt 0.25761 0.74819
vt 0.47210 0.76410
vt 0.47210 0.74819
vt 0.25761 0.78000
vt 0.25761 0.76410
vt 0.47210 0.76410
vt 0.47210 0.78000
vt 0.47210 0.76410
vt 0.47210 0.76410
vt 0.25761 0.74819
vt 0.25761 0.74819
vt 0.47210 0.74819
vt 0.25761 0.74819
vt 0.25761 0.76410
vt 0.47210 0.76410
vt 0.25761 0.78000
vt 0.25761 0.76410
vt 0.25761 0.76410
vt 0.25761 0.76410
vt 0.25761 0.78000
vt 0.47210 0.78000
vt 0.25761 0.76410
vt 0.25761 0.74819
vt 0.25761 0.76410
vt 0.25761 0.76410
vt 0.25761 0.78000
vt 0.25761 0.78000
vt 0.25761 0.76410
vt 0.47210 0.78000
vt 0.47210 0.76410
vt 0.25761 0.78000
vt 0.47210 0.78000
vt 0.47210 0.78000
vt 0.25761 0.78000
vt 0.25761 0.78000
vt 0.47210 0.78000
vt 0.47210 0.76410
vt 0.47210 0.74819
vt 0.47210 0.76410
vt 0.25761 0.78000
vt 0.47210 0.76410
vt 0.47210 0.78000
vt 0.25761 0.74819
vt 0.25761 0.74819
vt 0.25761 0.76410
vt 0.47210 0.76410
vt 0.47210 0.78000
vt 0.47210 0.78000
vt 0.47210 0.74819
vt 0.47210 0.74819
vt 0.47210 0.76410
vt 0.25761 0.74819
vt 0.47210 0.74819
vt 0.47210 0.74819
vt 0.25761 0.76410
vt 0.25761 0.74819
vt 0.47210 0.74819
vt 0.25761 0.76410
vt 0.47210 0.74819
vt 0.47210 0.76410
vt 0.07537 0.36651
vt 0.06573 0.42330
vt 0.00000 0.38784
vt 0.06573 0.42330
vt 0.07537 0.36651
vt 0.00000 0.40530
vt 0.06124 0.45251
vt 0.06573 0.42330
vt 0.00000 0.45186
vt 0.24341 0.35887
vt 0.24341 0.30274
vt 0.00000 0.30274
vt 0.24341 0.30274
vt 0.24341 0.35887
vt 0.00000 0.30274
vt 0.24344 0.44848
vt 0.24341 0.35887
vt 0.00000 0.35887
vt 0.24341 0.47113
vt 0.24343 0.51507
vt 0.00000 0.47113
vt 0.24341 0.35887
vt 0.24341 0.47113
vt 0.00000 0.35887
vt 0.24343 0.51507
vt 0.24344 0.44848
vt 0.00000 0.47113
vt 0.06573 0.42330
vt 0.06124 0.45251
vt 0.00000 0.45186
vt 0.11704 0.29703
vt 0.11704 0.10659
vt 0.00000 0.29703
vt 0.11704 0.10659
vt 0.11704 0.10659
vt 0.00000 0.10659
vt 0.11704 0.10659
vt 0.11704 0.29703
vt 0.00000 0.10659
vt 0.11704 0.29703
vt 0.11704 0.29703
vt 0.00000 0.29703
vt 0.00000 0.47113
vt 0.00000 0.52726
vt 0.24343 0.51507
vt 0.00000 0.10659
vt 0.00000 0.10659
vt 0.11704 0.10659
vt 0.24343 0.51507
vt 0.00000 0.52726
vt 0.00000 0.47113
vt 0.07537 0.36651
vt 0.00000 0.38784
vt 0.00000 0.40530
vt 0.06573 0.42330
vt 0.00000 0.45186
vt 0.00000 0.38784
vt 0.06573 0.42330
vt 0.00000 0.40530
vt 0.00000 0.45186
vt 0.24341 0.35887
vt 0.00000 0.30274
vt 0.00000 0.35887
vt 0.24341 0.47113
vt 0.00000 0.47113
vt 0.00000 0.35887
vt 0.24344 0.44848
vt 0.00000 0.35887
vt 0.00000 0.47113
vt 0.24341 0.35887
vt 0.00000 0.35887
vt 0.00000 0.30274
vt 0.11704 0.29703
vt 0.00000 0.29703
vt 0.00000 0.10659
vt 0.11704 0.10659
vt 0.00000 0.10659
vt 0.00000 0.29703
vt 0.11704 0.29703
vt 0.00000 0.29703
vt 0.00000 0.29703
vt 0.00000 0.52726
vt 0.00000 0.47113
vt 0.00000 0.35887
vt 0.00000 0.35887
vt 0.00000 0.38784
vt 0.00000 0.45186
vt 0.00000 0.30274
vt 0.00000 0.35887
vt 0.00000 0.47113
vt 0.00000 0.52726
vt 0.00000 0.35887
vt 0.00000 0.45186
vt 0.00000 0.38784
vt 0.00000 0.35887
vt 0.00000 0.30274
vt 0.00000 0.40530
vt 0.00000 0.38784
vt 0.00000 0.30274
vt 0.00000 0.47113
vt 0.00000 0.52726
vt 0.00000 0.45186
vt 0.00000 0.40530
vt 0.00000 0.30274
vt 0.00000 0.47113
vt 0.00000 0.47113
vt 0.00000 0.45186
vt 0.00000 0.40530
vt 0.00000 0.29703
vt 0.00000 0.10659
vt 0.00000 0.10659
vt 0.00000 0.10659
vt 0.00000 0.29703
vt 0.00000 0.29703
f 123/1 127/2 131/3
f 137/4 142/5 143/6
f 136/7 119/8 133/9
f 143/10 129/11 123/12
f 124/13 122/14 117/15
f 128/16 143/17 132/18
f 137/19 120/20 139/21
f 128/22 132/23 131/24
f 119/25 118/26 133/27
f 141/28 137/29 135/30
f 134/31 141/32 135/33
f 142/34 141/35 132/36
f 140/37 139/38 120/39
f 140/40 136/41 139/42
f 136/43 133/44 134/45
f 128/46 129/47 143/48
f 138/49 119/50 136/51
f 117/52 140/53 120/54
f 116/55 121/56 117/57
f 130/58 132/59 134/60
f 134/61 126/62 130/63
f 137/64 123/65 124/66
f 133/67 130/68 126/69
f 137/70 143/71 123/72
f 123/73 125/74 124/75
f 131/76 127/77 128/78
f 133/79 122/80 130/81
f 134/82 133/83 126/84
f 137/85 124/86 120/87
f 124/88 125/89 115/90
f 115/91 131/92 130/93
f 140/94 138/95 136/96
f 130/97 131/98 132/99
f 118/100 122/101 133/102
f 118/103 119/104 122/105
f 136/106 135/107 139/108
f 117/109 120/110 124/111
f 141/112 142/113 137/114
f 135/115 137/116 139/117
f 119/118 121/119 116/120
f 117/121 121/122 140/123
f 122/124 119/125 116/126
f 116/127 117/128 122/129
f 138/130 121/131 119/132
f 123/133 129/134 127/135
f 132/136 143/137 142/138
f 136/139 134/140 135/141
f 129/142 128/143 127/144
f 134/145 132/146 141/147
f 124/148 115/149 130/150
f 124/151 130/152 122/153
f 138/154 140/155 121/156
f 131/157 115/158 125/159
f 125/160 123/161 131/162
f 79/163 89/164 85/165
f 86/166 87/167 89/168
f 84/169 79/170 85/171
f 85/172 83/173 84/174
f 81/175 83/176 87/177
f 80/178 82/179 81/180
f 79/181 84/182 80/183
f 86/184 81/185 87/186
f 88/187 84/188 81/189
f 89/190 79/191 80/192
f 89/193 83/194 85/195
f 82/196 88/197 81/198
f 89/199 87/200 83/201
f 84/202 83/203 81/204
f 89/205 80/206 86/207
f 80/208 81/209 86/210
f 84/211 88/212 80/213
f 88/214 82/215 80/216
f 194/217 199/218 196/219
f 195/220 196/221 198/222
f 197/223 202/224 206/225
f 193/226 204/227 186/228
f 188/229 194/230 189/231
f 204/232 191/233 185/234
f 185/235 191/236 187/237
f 194/238 196/239 195/240
f 195/241 198/242 193/243
f 189/244 186/245 188/246
f 193/247 198/248 204/249
f 186/250 185/251 188/252
f 192/253 186/254 189/255
f 196/256 197/257 198/258
f 203/259 206/260 201/261
f 187/262 199/263 194/264
f 201/265 206/266 202/267
f 199/268 187/269 203/270
f 198/271 197/272 204/273
f 196/274 199/275 201/276
f 200/277 205/278 203/279
f 207/280 205/281 208/282
f 204/283 208/284 205/285
f 199/286 203/287 201/288
f 193/289 186/290 192/291
f 189/292 190/293 192/294
f 189/295 195/296 190/297
f 196/298 202/299 197/300
f 191/301 200/302 187/303
f 200/304 204/305 205/306
f 200/307 203/308 187/309
f 189/310 194/311 195/312
f 188/313 187/314 194/315
f 204/316 200/317 191/318
f 205/319 207/320 203/321
f 206/322 207/323 208/324
f 197/325 208/326 204/327
f 196/328 201/329 202/330
f 195/331 193/332 192/333
f 203/334 207/335 206/336
f 195/337 192/338 190/339
f 204/340 185/341 186/342
f 185/343 187/344 188/345
f 208/346 197/347 206/348
f 105/349 112/350 111/351
f 109/352 114/353 112/354
f 108/355 105/356 111/357
f 105/358 107/359 112/360
f 107/361 105/362 104/363
f 106/364 107/365 103/366
f 109/367 112/368 107/369
f 108/370 111/371 113/372
f 109/373 102/374 108/375
f 103/376 104/377 106/378
f 108/379 114/380 109/381
f 102/382 109/383 101/384
f 106/385 101/386 107/387
f 107/388 101/389 109/390
f 102/391 105/392 108/393
f 103/394 107/395 104/396
f 102/397 106/398 104/399
f 108/400 113/401 114/402
f 110/403 112/404 114/405
f 111/406 112/407 110/408
f 110/409 114/410 113/411
f 102/412 101/413 106/414
f 105/415 102/416 104/417
f 113/418 111/419 110/420
f 9/421 6/422 13/423
f 15/424 34/425 1/426
f 4/427 14/428 6/429
f 10/430 2/431 12/432
f 2/433 34/434 11/435
f 4/436 7/437 5/438
f 3/439 5/440 12/441
f 13/442 6/443 14/444
f 3/445 12/446 2/447
f 8/448 1/449 10/450
f 7/451 6/452 9/453
f 8/454 13/455 15/456
f 5/457 9/458 12/459
f 4/460 5/461 3/462
f 4/463 6/464 7/465
f 15/466 1/467 8/468
f 9/469 13/470 10/471
f 1/472 34/473 2/474
f 10/475 12/476 9/477
f 13/478 14/479 15/480
f 3/481 2/482 11/483
f 8/484 10/485 13/486
f 7/487 9/488 5/489
f 2/490 10/491 1/492
f 29/493 33/494 32/495
f 25/496 30/497 16/498
f 21/499 22/500 23/501
f 19/502 31/503 27/504
f 33/505 22/506 24/507
f 20/508 30/509 24/510
f 28/511 17/512 29/513
f 27/514 31/515 16/516
f 22/517 26/518 23/519
f 32/520 24/521 25/522
f 25/523 24/524 30/525
f 28/526 18/527 17/528
f 22/529 33/530 26/531
f 32/532 33/533 24/534
f 21/535 20/536 22/537
f 19/538 30/539 20/540
f 16/541 31/542 17/543
f 25/544 18/545 28/546
f 20/547 24/548 22/549
f 27/550 16/551 30/552
f 25/553 16/554 18/555
f 19/556 27/557 30/558
f 29/559 26/560 33/561
f 29/562 32/563 28/564
f 28/565 32/566 25/567
f 16/568 17/569 18/570
f 19/571 20/572 21/573
f 50/574 52/575 49/576
f 52/577 47/578 48/579
f 52/580 51/581 50/582
f 50/583 51/584 52/585
f 52/586 48/587 49/588
f 50/589 49/590 48/591
f 48/592 47/593 52/594
f 52/595 50/596 48/597
f 181/598 183/599 182/600
f 178/601 181/602 180/603
f 181/604 182/605 176/606
f 176/607 175/608 177/609
f 181/610 184/611 183/612
f 176/613 177/614 179/615
f 176/616 182/617 175/618
f 181/619 179/620 180/621
f 179/622 184/623 178/624
f 178/625 184/626 181/627
f 183/628 175/629 182/630
f 179/631 178/632 180/633
f 177/634 175/635 183/636
f 184/637 177/638 183/639
f 176/640 179/641 181/642
f 179/643 177/644 184/645
f 53/646 55/647 54/648
f 53/649 64/650 55/651
f 56/652 63/653 57/654
f 54/655 56/656 57/657
f 53/658 63/659 64/660
f 53/661 57/662 63/663
f 64/664 56/665 54/666
f 57/667 53/668 54/669
f 63/670 56/671 64/672
f 55/673 64/674 54/675
f 58/676 60/677 65/678
f 58/679 65/680 59/681
f 62/682 60/683 58/684
f 65/685 60/686 62/687
f 59/688 62/689 58/690
f 61/691 65/692 62/693
f 66/694 65/695 60/696
f 59/697 65/698 61/699
f 59/700 61/701 62/702
f 65/703 66/704 60/705
f 77/706 74/707 73/708
f 74/709 73/710 75/711
f 74/712 75/713 73/714
f 74/715 77/716 73/717
f 78/718 72/719 71/720
f 78/721 71/722 76/723
f 72/724 78/725 76/726
f 72/727 76/728 71/729
f 37/730 35/731 36/732
f 35/733 38/734 36/735
f 37/736 38/737 35/738
f 36/739 38/740 37/741
f 42/742 41/743 39/744
f 39/745 41/746 40/747
f 41/748 42/749 40/750
f 42/751 39/752 40/753
f 43/754 44/755 45/756
f 45/757 44/758 46/759
f 46/760 44/761 43/762
f 45/763 46/764 43/765
f 67/766 70/767 68/768
f 68/769 70/770 67/771
f 70/772 69/773 67/774
f 69/775 70/776 67/777
f 90/778 144/779 91/780
f 94/781 144/782 90/783
f 90/784 92/785 93/786
f 91/787 144/788 94/789
f 91/790 94/791 93/792
f 90/793 91/794 92/795
f 92/796 91/797 93/798
f 94/799 90/800 93/801
f 97/802 96/803 99/804
f 100/805 95/806 98/807
f 95/808 96/809 97/810
f 100/811 96/812 95/813
f 97/814 99/815 98/816
f 99/817 100/818 98/819
f 99/820 96/821 100/822
f 98/823 95/824 97/825
f 147/826 146/827 145/828
f 146/829 147/830 145/831
f 147/832 145/833 148/834
f 147/835 148/836 145/837
f 153/838 154/839 149/840
f 151/841 152/842 150/843
f 150/844 149/845 151/846
f 153/847 149/848 150/849
f 154/850 151/851 149/852
f 154/853 153/854 152/855
f 152/856 153/857 150/858
f 151/859 154/860 152/861
f 156/862 155/863 157/864
f 159/865 155/866 156/867
f 157/868 160/869 158/870
f 156/871 157/872 158/873
f 155/874 159/875 160/876
f 160/877 157/878 155/879
f 160/880 159/881 158/882
f 158/883 159/884 156/885
f 166/886 164/887 161/888
f 166/889 165/890 163/891
f 164/892 166/893 163/894
f 163/895 161/896 164/897
f 162/898 161/899 163/900
f 165/901 161/902 162/903
f 166/904 161/905 165/906
f 162/907 163/908 165/909
f 170/910 169/911 167/912
f 168/913 169/914 170/915
f 170/916 167/917 168/918
f 167/919 169/920 168/921
f 172/922 174/923 173/924
f 173/925 174/926 171/927
f 173/928 171/929 172/930
f 171/931 174/932 172/933
f 1137/934 330/935 652/936
f 330/937 1282/938 1285/939
f 1282/940 652/941 1285/942
f 584/943 543/944 652/945
f 578/946 584/947 652/948
f 478/949 676/950 494/951
f 1282/952 1420/953 652/954
f 507/955 1276/956 652/957
f 329/958 478/959 1282/960
f 330/961 1137/962 676/963
f 329/964 676/965 478/966
f 1137/967 652/968 1276/969
f 578/970 1420/971 533/972
f 676/973 1276/974 494/975
f 478/976 1420/977 1282/978
f 478/979 494/980 533/981
f 1285/982 652/983 330/984
f 578/985 652/986 1420/987
f 507/988 652/989 543/990
f 494/991 1276/992 507/993
f 478/994 533/995 1420/996
f 676/997 1137/998 1276/999
f 1310/1000 909/1001 1303/1002
f 1084/1003 1069/1004 908/1005
f 1333/1006 1303/1007 331/1008
f 910/1009 1173/1010 1363/1011
f 1069/1012 1070/1013 910/1014
f 1109/1015 1117/1016 1372/1017
f 1295/1018 459/1019 1322/1020
f 607/1021 1322/1022 459/1023
f 912/1024 1090/1025 1112/1026
f 639/1027 1333/1028 886/1029
f 240/1030 1169/1031 805/1032
f 577/1033 1382/1034 1595/1035
f 1249/1036 1248/1037 1728/1038
f 1729/1039 1666/1040 1382/1041
f 1379/1042 580/1043 1173/1044
f 1374/1045 1188/1046 948/1047
f 1108/1048 1110/1049 931/1050
f 1334/1051 1303/1052 1333/1053
f 887/1054 888/1055 1073/1056
f 888/1057 633/1058 1071/1059
f 1201/1060 1531/1061 1108/1062
f 1184/1063 853/1064 1732/1065
f 1471/1066 1135/1067 1732/1068
f 947/1069 587/1070 586/1071
f 1362/1072 853/1073 587/1074
f 1249/1075 1033/1076 1379/1077
f 1729/1078 581/1079 1033/1080
f 1088/1081 1082/1082 1083/1083
f 1083/1084 1082/1085 893/1086
f 586/1087 1731/1088 1472/1089
f 1295/1090 632/1091 436/1092
f 1115/1093 1111/1094 931/1095
f 911/1096 910/1097 331/1098
f 1617/1099 1365/1100 1181/1101
f 1084/1102 908/1103 1363/1104
f 582/1105 1173/1106 910/1107
f 1033/1108 1471/1109 1379/1110
f 1110/1111 1113/1112 931/1113
f 1112/1114 1109/1115 1372/1116
f 1188/1117 1190/1118 1202/1119
f 1373/1120 1190/1121 1188/1122
f 948/1123 1202/1124 951/1125
f 586/1126 1381/1127 1731/1128
f 831/1129 1169/1130 240/1131
f 944/1132 586/1133 1181/1134
f 947/1135 948/1136 951/1137
f 947/1138 951/1139 950/1140
f 1113/1141 912/1142 931/1143
f 1373/1144 951/1145 1202/1146
f 281/1147 1248/1148 1249/1149
f 1729/1150 1033/1151 1249/1152
f 1368/1153 1189/1154 1182/1155
f 1033/1156 1381/1157 1471/1158
f 1334/1159 577/1160 281/1161
f 1107/1162 894/1163 1084/1164
f 1119/1165 894/1166 913/1167
f 1373/1168 1202/1169 1190/1170
f 1089/1171 240/1172 1090/1173
f 1249/1174 1728/1175 1729/1176
f 853/1177 1381/1178 586/1179
f 632/1180 1092/1181 1091/1182
f 1072/1183 1088/1184 1087/1185
f 1088/1186 1071/1187 1086/1188
f 1087/1189 1088/1190 356/1191
f 1340/1192 1120/1193 1118/1194
f 511/1195 644/1196 1119/1197
f 1116/1198 931/1199 932/1200
f 1087/1201 1074/1202 1072/1203
f 933/1204 1057/1205 931/1206
f 1083/1207 893/1208 895/1209
f 1335/1210 1322/1211 607/1212
f 691/1213 1334/1214 1169/1215
f 1169/1216 1334/1217 644/1218
f 1107/1219 1084/1220 1372/1221
f 932/1222 1088/1223 1116/1224
f 644/1225 640/1226 1119/1227
f 1084/1228 953/1229 1372/1230
f 944/1231 952/1232 948/1233
f 1182/1234 1175/1235 1365/1236
f 1182/1237 1365/1238 1366/1239
f 915/1240 1201/1241 1111/1242
f 1109/1243 1614/1244 811/1245
f 896/1246 886/1247 1069/1248
f 1223/1249 331/1250 909/1251
f 893/1252 897/1253 641/1254
f 1113/1255 831/1256 240/1257
f 909/1258 331/1259 1303/1260
f 1108/1261 1531/1262 691/1263
f 281/1264 1595/1265 1248/1266
f 1090/1267 240/1268 805/1269
f 1091/1270 887/1271 1191/1272
f 895/1273 893/1274 1118/1275
f 436/1276 1191/1277 1074/1278
f 436/1279 1074/1280 1087/1281
f 1091/1282 1092/1283 888/1284
f 640/1285 639/1286 896/1287
f 811/1288 511/1289 1119/1290
f 1614/1291 644/1292 511/1293
f 632/1294 1091/1295 436/1296
f 1071/1297 633/1298 897/1299
f 1117/1300 811/1301 913/1302
f 1110/1303 691/1304 831/1305
f 1112/1306 805/1307 1614/1308
f 1118/1309 1120/1310 915/1311
f 914/1312 916/1313 1116/1314
f 916/1315 915/1316 1115/1317
f 886/1318 331/1319 1070/1320
f 914/1321 895/1322 1118/1323
f 1107/1324 913/1325 894/1326
f 949/1327 946/1328 950/1329
f 947/1330 945/1331 948/1332
f 1362/1333 949/1334 953/1335
f 1340/1336 1336/1337 1120/1338
f 1114/1339 1083/1340 895/1341
f 1088/1342 1083/1343 1114/1344
f 1660/1345 1189/1346 952/1347
f 853/1348 1184/1349 1381/1350
f 1184/1351 1471/1352 1381/1353
f 587/1354 853/1355 586/1356
f 1113/1357 1089/1358 912/1359
f 1089/1360 1090/1361 912/1362
f 1334/1363 1318/1364 577/1365
f 1373/1366 950/1367 951/1368
f 1373/1369 1052/1370 950/1371
f 1729/1372 1728/1373 1666/1374
f 1119/1375 640/1376 894/1377
f 946/1378 947/1379 950/1380
f 1120/1381 1335/1382 1531/1383
f 1181/1384 1380/1385 1617/1386
f 1120/1387 1295/1388 1335/1389
f 1659/1390 1181/1391 1658/1392
f 1184/1393 1732/1394 1135/1395
f 944/1396 1181/1397 1659/1398
f 357/1399 1249/1400 1367/1401
f 1730/1402 1381/1403 1136/1404
f 1135/1405 1471/1406 1184/1407
f 1052/1408 949/1409 950/1410
f 887/1411 1072/1412 1191/1413
f 1380/1414 1472/1415 1617/1416
f 1069/1417 910/1418 908/1419
f 1173/1420 580/1421 1363/1422
f 908/1423 910/1424 1363/1425
f 1379/1426 1173/1427 582/1428
f 853/1429 580/1430 1379/1431
f 1363/1432 580/1433 853/1434
f 582/1435 910/1436 1367/1437
f 1052/1438 953/1439 949/1440
f 1334/1441 281/1442 1310/1443
f 1471/1444 1732/1445 1379/1446
f 911/1447 331/1448 1223/1449
f 911/1450 1085/1451 1310/1452
f 357/1453 910/1454 911/1455
f 1365/1456 1364/1457 355/1458
f 1087/1459 356/1460 607/1461
f 1082/1462 897/1463 893/1464
f 932/1465 931/1466 1057/1467
f 1120/1468 1336/1469 1295/1470
f 633/1471 1295/1472 641/1473
f 943/1474 1660/1475 952/1476
f 944/1477 943/1478 952/1479
f 1118/1480 1336/1481 1340/1482
f 948/1483 952/1484 1189/1485
f 1363/1486 853/1487 1362/1488
f 1174/1489 1658/1490 1175/1491
f 1114/1492 895/1493 914/1494
f 1088/1495 1114/1496 1116/1497
f 1531/1498 1335/1499 691/1500
f 1659/1501 1174/1502 943/1503
f 1368/1504 1369/1505 1374/1506
f 933/1507 1368/1508 1057/1509
f 607/1510 356/1511 1365/1512
f 1732/1513 1556/1514 1135/1515
f 1380/1516 586/1517 1472/1518
f 586/1519 1380/1520 1181/1521
f 1334/1522 1333/1523 644/1524
f 691/1525 1318/1526 1334/1527
f 1135/1528 1556/1529 1732/1530
f 1362/1531 587/1532 946/1533
f 1249/1534 1379/1535 582/1536
f 1367/1537 1249/1538 582/1539
f 1188/1540 1202/1541 948/1542
f 1373/1543 1188/1544 1374/1545
f 1731/1546 1555/1547 1472/1548
f 644/1549 639/1550 640/1551
f 945/1552 944/1553 948/1554
f 1472/1555 1381/1556 1617/1557
f 1362/1558 953/1559 1084/1560
f 1660/1561 1182/1562 1189/1563
f 1379/1564 1732/1565 853/1566
f 1381/1567 1472/1568 1136/1569
f 1381/1570 1730/1571 1731/1572
f 1136/1573 1555/1574 1730/1575
f 947/1576 586/1577 945/1578
f 356/1579 1366/1580 1365/1581
f 1182/1582 1174/1583 1175/1584
f 1660/1585 1174/1586 1182/1587
f 1372/1588 953/1589 1052/1590
f 1374/1591 948/1592 1189/1593
f 1091/1594 1191/1595 436/1596
f 1368/1597 1374/1598 1189/1599
f 1182/1600 1366/1601 1368/1602
f 1368/1603 361/1604 1369/1605
f 1084/1606 1363/1607 1362/1608
f 1366/1609 356/1610 1368/1611
f 943/1612 1174/1613 1660/1614
f 1082/1615 1086/1616 897/1617
f 1088/1618 1086/1619 1082/1620
f 1117/1621 1107/1622 1372/1623
f 944/1624 1659/1625 943/1626
f 1659/1627 1658/1628 1174/1629
f 633/1630 632/1631 1295/1632
f 1191/1633 1072/1634 1074/1635
f 1072/1636 1073/1637 1088/1638
f 1088/1639 1073/1640 1071/1641
f 1118/1642 641/1643 1336/1644
f 1111/1645 1108/1646 931/1647
f 355/1648 607/1649 1365/1650
f 1249/1651 357/1652 1310/1653
f 911/1654 1310/1655 357/1656
f 1057/1657 1368/1658 356/1659
f 1365/1660 1175/1661 1181/1662
f 1658/1663 1181/1664 1175/1665
f 1116/1666 1115/1667 931/1668
f 356/1669 1088/1670 1057/1671
f 1088/1672 932/1673 1057/1674
f 644/1675 1333/1676 639/1677
f 1295/1678 1336/1679 641/1680
f 1310/1681 1303/1682 1334/1683
f 933/1684 361/1685 1368/1686
f 632/1687 633/1688 1092/1689
f 1136/1690 1472/1691 1555/1692
f 1117/1693 913/1694 1107/1695
f 1071/1696 897/1697 1086/1698
f 916/1699 1115/1700 1116/1701
f 914/1702 1116/1703 1114/1704
f 1120/1705 1201/1706 915/1707
f 1614/1708 511/1709 811/1710
f 811/1711 1119/1712 913/1713
f 640/1714 896/1715 1084/1716
f 1091/1717 888/1718 887/1719
f 1092/1720 633/1721 888/1722
f 640/1723 1084/1724 894/1725
f 1333/1726 331/1727 886/1728
f 577/1729 1595/1730 281/1731
f 691/1732 1169/1733 831/1734
f 805/1735 644/1736 1614/1737
f 1087/1738 459/1739 1295/1740
f 281/1741 1249/1742 1310/1743
f 639/1744 886/1745 896/1746
f 1223/1747 1085/1748 911/1749
f 1109/1750 811/1751 1117/1752
f 915/1753 1111/1754 1115/1755
f 1090/1756 805/1757 1112/1758
f 1201/1759 1108/1760 1111/1761
f 888/1762 1071/1763 1073/1764
f 887/1765 1073/1766 1072/1767
f 886/1768 1070/1769 1069/1770
f 331/1771 910/1772 1070/1773
f 1223/1774 909/1775 1085/1776
f 1118/1777 916/1778 914/1779
f 1118/1780 915/1781 916/1782
f 633/1783 641/1784 897/1785
f 1112/1786 1614/1787 1109/1788
f 1110/1789 831/1790 1113/1791
f 1120/1792 1531/1793 1201/1794
f 436/1795 1087/1796 1295/1797
f 1617/1798 1033/1799 581/1800
f 581/1801 1365/1802 1617/1803
f 581/1804 1364/1805 1365/1806
f 945/1807 586/1808 944/1809
f 1335/1810 607/1811 1318/1812
f 1335/1813 1318/1814 691/1815
f 1617/1816 1381/1817 1033/1818
f 1730/1819 1555/1820 1731/1821
f 1085/1822 909/1823 1310/1824
f 1367/1825 910/1826 357/1827
f 1169/1828 644/1829 805/1830
f 912/1831 1112/1832 1372/1833
f 577/1834 607/1835 1729/1836
f 607/1837 459/1838 1087/1839
f 1295/1840 1322/1841 1335/1842
f 1362/1843 946/1844 949/1845
f 581/1846 355/1847 1364/1848
f 1318/1849 607/1850 577/1851
f 581/1852 607/1853 355/1854
f 1108/1855 691/1856 1110/1857
f 1113/1858 240/1859 1089/1860
f 893/1861 641/1862 1118/1863
f 1729/1864 607/1865 581/1866
f 896/1867 1069/1868 1084/1869
f 1729/1870 1382/1871 577/1872
f 1302/1873 647/1874 992/1875
f 449/1876 645/1877 1573/1878
f 1566/1879 1644/1880 1302/1881
f 443/1882 1572/1883 1288/1884
f 1644/1885 1711/1886 1573/1887
f 1573/1888 647/1889 1302/1890
f 1572/1891 648/1892 1562/1893
f 1572/1894 1562/1895 1288/1896
f 563/1897 1288/1898 645/1899
f 1290/1900 1339/1901 1304/1902
f 797/1903 1291/1904 852/1905
f 1234/1906 1401/1907 986/1908
f 991/1909 804/1910 986/1911
f 1234/1912 992/1913 808/1914
f 645/1915 986/1916 992/1917
f 1302/1918 1626/1919 991/1920
f 1288/1921 1562/1922 991/1923
f 986/1924 1401/1925 992/1926
f 1626/1927 1234/1928 991/1929
f 1339/1930 745/1931 1448/1932
f 834/1933 1449/1934 745/1935
f 874/1936 834/1937 852/1938
f 1400/1939 873/1940 1304/1941
f 563/1942 645/1943 449/1944
f 442/1945 563/1946 449/1947
f 564/1948 443/1949 563/1950
f 444/1951 1566/1952 443/1953
f 1713/1954 1644/1955 1566/1956
f 564/1957 1290/1958 444/1959
f 1636/1960 1711/1961 1644/1962
f 1711/1963 442/1964 449/1965
f 443/1966 1288/1967 563/1968
f 1644/1969 1573/1970 1302/1971
f 1449/1972 1448/1973 745/1974
f 808/1975 1401/1976 1234/1977
f 986/1978 804/1979 1234/1980
f 1566/1981 1572/1982 443/1983
f 1448/1984 1449/1985 834/1986
f 1339/1987 1448/1988 1304/1989
f 1290/1990 1304/1991 873/1992
f 797/1993 852/1994 1339/1995
f 834/1996 745/1997 852/1998
f 645/1999 992/2000 647/2001
f 1302/2002 991/2003 648/2004
f 1288/2005 991/2006 986/2007
f 1401/2008 808/2009 992/2010
f 1636/2011 874/2012 1712/2013
f 564/2014 1291/2015 797/2016
f 444/2017 873/2018 1713/2019
f 1712/2020 1291/2021 442/2022
f 1636/2023 873/2024 1400/2025
f 992/2026 1234/2027 1626/2028
f 648/2029 991/2030 1562/2031
f 1288/2032 986/2033 645/2034
f 645/2035 647/2036 1573/2037
f 1572/2038 1302/2039 648/2040
f 1302/2041 992/2042 1626/2043
f 449/2044 1573/2045 1711/2046
f 1566/2047 1302/2048 1572/2049
f 1400/2050 834/2051 874/2052
f 797/2053 1339/2054 1290/2055
f 1400/2056 1304/2057 834/2058
f 874/2059 852/2060 1291/2061
f 834/2062 1304/2063 1448/2064
f 1339/2065 852/2066 745/2067
f 442/2068 564/2069 563/2070
f 564/2071 444/2072 443/2073
f 444/2074 1713/2075 1566/2076
f 1713/2077 1636/2078 1644/2079
f 564/2080 797/2081 1290/2082
f 1636/2083 1712/2084 1711/2085
f 1711/2086 1712/2087 442/2088
f 1636/2089 1400/2090 874/2091
f 564/2092 442/2093 1291/2094
f 444/2095 1290/2096 873/2097
f 1712/2098 874/2099 1291/2100
f 1636/2101 1713/2102 873/2103
f 1234/2104 804/2105 991/2106
f 531/2107 532/2108 1375/2109
f 764/2110 450/2111 1518/2112
f 854/2113 1517/2114 1518/2115
f 450/2116 1375/2117 1518/2118
f 531/2119 964/2120 963/2121
f 964/2122 1517/2123 854/2124
f 1518/2125 1543/2126 764/2127
f 1517/2128 1512/2129 1543/2130
f 531/2131 1512/2132 1517/2133
f 1511/2134 532/2135 854/2136
f 532/2137 963/2138 854/2139
f 1517/2140 1543/2141 1518/2142
f 1512/2143 764/2144 1543/2145
f 1461/2146 450/2147 764/2148
f 1512/2149 1461/2150 764/2151
f 531/2152 963/2153 532/2154
f 964/2155 854/2156 963/2157
f 1517/2158 964/2159 531/2160
f 1461/2161 1375/2162 450/2163
f 1511/2164 854/2165 1518/2166
f 1375/2167 532/2168 1518/2169
f 1518/2170 532/2171 1511/2172
f 1512/2173 531/2174 1461/2175
f 531/2176 1375/2177 1461/2178
f 989/2179 1429/2180 970/2181
f 1429/2182 989/2183 1500/2184
f 1438/2185 484/2186 485/2187
f 1129/2188 1203/2189 989/2190
f 1128/2191 989/2192 1143/2193
f 1128/2194 1203/2195 878/2196
f 1128/2197 989/2198 1203/2199
f 878/2200 1203/2201 934/2202
f 934/2203 1129/2204 878/2205
f 1128/2206 1143/2207 989/2208
f 1429/2209 485/2210 484/2211
f 1203/2212 1438/2213 1500/2214
f 1500/2215 485/2216 1429/2217
f 1438/2218 485/2219 1500/2220
f 989/2221 970/2222 1203/2223
f 1203/2224 1500/2225 989/2226
f 1429/2227 484/2228 970/2229
f 1438/2230 970/2231 484/2232
f 970/2233 1438/2234 1203/2235
f 1129/2236 934/2237 1203/2238
f 1129/2239 989/2240 1128/2241
f 1129/2242 1128/2243 878/2244
f 994/2245 1509/2246 1510/2247
f 994/2248 1510/2249 995/2250
f 1509/2251 1684/2252 1510/2253
f 996/2254 1684/2255 1104/2256
f 1683/2257 1685/2258 233/2259
f 1684/2260 1683/2261 1104/2262
f 1683/2263 994/2264 1685/2265
f 994/2266 995/2267 1104/2268
f 1685/2269 994/2270 233/2271
f 995/2272 996/2273 1104/2274
f 1684/2275 995/2276 1510/2277
f 1509/2278 1683/2279 1684/2280
f 994/2281 1104/2282 233/2283
f 1684/2284 996/2285 995/2286
f 1683/2287 233/2288 1104/2289
f 1683/2290 1509/2291 994/2292
f 884/2293 857/2294 883/2295
f 1029/2296 1039/2297 1028/2298
f 965/2299 883/2300 1065/2301
f 1065/2302 1451/2303 1168/2304
f 857/2305 744/2306 310/2307
f 883/2308 310/2309 1451/2310
f 965/2311 884/2312 883/2313
f 857/2314 1028/2315 744/2316
f 883/2317 857/2318 310/2319
f 858/2320 1029/2321 1028/2322
f 1028/2323 1039/2324 744/2325
f 1065/2326 883/2327 1451/2328
f 858/2329 1028/2330 857/2331
f 884/2332 858/2333 857/2334
f 1168/2335 965/2336 1065/2337
f 538/2338 695/2339 690/2340
f 1667/2341 538/2342 539/2343
f 1473/2344 1668/2345 1667/2346
f 538/2347 803/2348 695/2349
f 1668/2350 538/2351 1667/2352
f 538/2353 631/2354 803/2355
f 695/2356 803/2357 690/2358
f 1473/2359 784/2360 1668/2361
f 1473/2362 1667/2363 1715/2364
f 1607/2365 784/2366 1473/2367
f 538/2368 690/2369 539/2370
f 1473/2371 1715/2372 1607/2373
f 1667/2374 539/2375 1715/2376
f 1668/2377 631/2378 538/2379
f 727/2380 726/2381 1388/2382
f 726/2383 1387/2384 1388/2385
f 1387/2386 727/2387 1388/2388
f 1387/2389 726/2390 727/2391
f 705/2392 706/2393 1583/2394
f 984/2395 1583/2396 985/2397
f 706/2398 1492/2399 985/2400
f 985/2401 1583/2402 706/2403
f 705/2404 984/2405 1484/2406
f 705/2407 1492/2408 706/2409
f 705/2410 1484/2411 1492/2412
f 1484/2413 984/2414 985/2415
f 1484/2416 985/2417 1492/2418
f 984/2419 1582/2420 1583/2421
f 1582/2422 705/2423 1583/2424
f 1582/2425 984/2426 705/2427
f 1266/2428 1615/2429 1267/2430
f 1268/2431 1266/2432 1267/2433
f 990/2434 1615/2435 1268/2436
f 1269/2437 694/2438 1616/2439
f 1615/2440 990/2441 1616/2442
f 1615/2443 1266/2444 1268/2445
f 990/2446 1269/2447 1616/2448
f 1615/2449 1616/2450 1267/2451
f 1268/2452 1267/2453 694/2454
f 1268/2455 694/2456 1269/2457
f 694/2458 1267/2459 1616/2460
f 990/2461 1268/2462 1269/2463
f 328/2464 1643/2465 813/2466
f 1654/2467 674/2468 940/2469
f 1642/2470 940/2471 1643/2472
f 358/2473 413/2474 414/2475
f 396/2476 358/2477 414/2478
f 1179/2479 387/2480 394/2481
f 387/2482 386/2483 394/2484
f 1643/2485 328/2486 395/2487
f 1663/2488 1662/2489 343/2490
f 1719/2491 407/2492 260/2493
f 1540/2494 1172/2495 395/2496
f 395/2497 328/2498 1540/2499
f 299/2500 301/2501 360/2502
f 1642/2503 394/2504 414/2505
f 1643/2506 395/2507 394/2508
f 385/2509 1700/2510 674/2511
f 407/2512 393/2513 319/2514
f 393/2515 385/2516 1646/2517
f 1646/2518 414/2519 413/2520
f 1645/2521 319/2522 393/2523
f 1654/2524 1642/2525 1646/2526
f 1642/2527 1654/2528 940/2529
f 336/2530 1233/2531 1235/2532
f 550/2533 1491/2534 728/2535
f 1491/2536 1490/2537 728/2538
f 396/2539 414/2540 394/2541
f 394/2542 395/2543 1179/2544
f 815/2545 612/2546 1066/2547
f 1645/2548 413/2549 319/2550
f 550/2551 561/2552 651/2553
f 550/2554 1067/2555 1491/2556
f 1567/2557 754/2558 1706/2559
f 1727/2560 1179/2561 395/2562
f 571/2563 1076/2564 570/2565
f 1064/2566 1063/2567 1508/2568
f 300/2569 301/2570 625/2571
f 1719/2572 369/2573 364/2574
f 301/2575 300/2576 302/2577
f 301/2578 302/2579 360/2580
f 1662/2581 1008/2582 343/2583
f 342/2584 303/2585 299/2586
f 1719/2587 1708/2588 408/2589
f 319/2590 413/2591 300/2592
f 301/2593 299/2594 650/2595
f 299/2596 550/2597 651/2598
f 822/2599 569/2600 576/2601
f 1662/2602 1663/2603 1703/2604
f 303/2605 1727/2606 299/2607
f 1727/2608 1067/2609 550/2610
f 299/2611 360/2612 342/2613
f 1703/2614 674/2615 1700/2616
f 1200/2617 336/2618 1056/2619
f 557/2620 1244/2621 651/2622
f 322/2623 319/2624 453/2625
f 413/2626 358/2627 302/2628
f 674/2629 1654/2630 1646/2631
f 387/2632 303/2633 342/2634
f 1064/2635 1180/2636 838/2637
f 1200/2638 1665/2639 1435/2640
f 1236/2641 1008/2642 1016/2643
f 1662/2644 1665/2645 997/2646
f 1665/2647 1662/2648 1419/2649
f 1064/2650 838/2651 333/2652
f 1645/2653 393/2654 1646/2655
f 1419/2656 1703/2657 1699/2658
f 1699/2659 385/2660 393/2661
f 1708/2662 393/2663 408/2664
f 396/2665 360/2666 358/2667
f 386/2668 342/2669 360/2670
f 1172/2671 1540/2672 1180/2673
f 364/2674 1200/2675 1710/2676
f 319/2677 260/2678 407/2679
f 407/2680 408/2681 393/2682
f 1703/2683 1663/2684 343/2685
f 1016/2686 1015/2687 336/2688
f 1708/2689 1719/2690 1710/2691
f 1172/2692 1180/2693 1067/2694
f 1705/2695 1180/2696 1702/2697
f 1665/2698 1056/2699 997/2700
f 665/2701 625/2702 321/2703
f 813/2704 940/2705 1704/2706
f 651/2707 1244/2708 1337/2709
f 1337/2710 812/2711 624/2712
f 1703/2713 1697/2714 674/2715
f 1697/2716 1698/2717 1705/2718
f 674/2719 1697/2720 1705/2721
f 1705/2722 1704/2723 674/2724
f 812/2725 576/2726 332/2727
f 625/2728 624/2729 812/2730
f 453/2731 665/2732 321/2733
f 210/2734 1640/2735 796/2736
f 796/2737 211/2738 210/2739
f 812/2740 1337/2741 572/2742
f 572/2743 576/2744 812/2745
f 1172/2746 1067/2747 395/2748
f 333/2749 1705/2750 1698/2751
f 650/2752 651/2753 1337/2754
f 332/2755 321/2756 625/2757
f 321/2758 324/2759 323/2760
f 323/2761 322/2762 453/2763
f 1706/2764 728/2765 493/2766
f 554/2767 572/2768 1337/2769
f 1337/2770 1244/2771 554/2772
f 796/2773 809/2774 606/2775
f 1063/2776 334/2777 800/2778
f 560/2779 556/2780 557/2781
f 550/2782 728/2783 239/2784
f 728/2785 1706/2786 239/2787
f 665/2788 453/2789 300/2790
f 613/2791 335/2792 1058/2793
f 1277/2794 333/2795 1698/2796
f 822/2797 576/2798 823/2799
f 816/2800 612/2801 815/2802
f 324/2803 569/2804 571/2805
f 1508/2806 1491/2807 1067/2808
f 560/2809 557/2810 561/2811
f 570/2812 1076/2813 1077/2814
f 815/2815 1066/2816 1076/2817
f 569/2818 332/2819 576/2820
f 822/2821 612/2822 816/2823
f 1213/2824 336/2825 1200/2826
f 1058/2827 1235/2828 1260/2829
f 1260/2830 1233/2831 1213/2832
f 334/2833 333/2834 335/2835
f 822/2836 816/2837 566/2838
f 572/2839 614/2840 1641/2841
f 566/2842 569/2843 822/2844
f 558/2845 555/2846 556/2847
f 614/2848 809/2849 796/2850
f 754/2851 287/2852 1584/2853
f 1377/2854 1641/2855 1640/2856
f 559/2857 554/2858 555/2859
f 334/2860 1063/2861 333/2862
f 333/2863 343/2864 335/2865
f 335/2866 1443/2867 334/2868
f 1015/2869 1016/2870 997/2871
f 1640/2872 1641/2873 796/2874
f 1641/2875 614/2876 796/2877
f 1710/2878 1435/2879 1436/2880
f 1058/2881 1236/2882 1235/2883
f 1641/2884 1377/2885 287/2886
f 1594/2887 700/2888 287/2889
f 493/2890 1567/2891 1706/2892
f 559/2893 558/2894 614/2895
f 558/2896 560/2897 614/2898
f 1706/2899 550/2900 239/2901
f 261/2902 1377/2903 211/2904
f 1567/2905 493/2906 1490/2907
f 614/2908 606/2909 809/2910
f 321/2911 323/2912 453/2913
f 813/2914 1701/2915 1702/2916
f 1540/2917 813/2918 1702/2919
f 550/2920 1706/2921 1584/2922
f 606/2923 261/2924 211/2925
f 1260/2926 1235/2927 1233/2928
f 1058/2929 335/2930 1237/2931
f 800/2932 595/2933 754/2934
f 595/2935 1594/2936 287/2937
f 1443/2938 335/2939 871/2940
f 1067/2941 1064/2942 1508/2943
f 1220/2944 871/2945 1594/2946
f 1704/2947 1701/2948 813/2949
f 572/2950 559/2951 614/2952
f 1508/2953 754/2954 1567/2955
f 700/2956 335/2957 613/2958
f 1277/2959 1698/2960 1697/2961
f 838/2962 1705/2963 333/2964
f 613/2965 1260/2966 612/2967
f 566/2968 571/2969 569/2970
f 560/2971 550/2972 614/2973
f 1066/2974 364/2975 1076/2976
f 1076/2977 369/2978 1077/2979
f 1443/2980 871/2981 1220/2982
f 1584/2983 261/2984 614/2985
f 572/2986 554/2987 559/2988
f 1337/2989 624/2990 650/2991
f 871/2992 335/2993 700/2994
f 287/2995 1377/2996 261/2997
f 700/2998 613/2999 1641/3000
f 287/3001 261/3002 1584/3003
f 1641/3004 287/3005 700/3006
f 319/3007 322/3008 260/3009
f 260/3010 369/3011 1719/3012
f 940/3013 813/3014 1643/3015
f 1704/3016 1705/3017 1701/3018
f 1508/3019 800/3020 754/3021
f 1200/3022 1056/3023 1665/3024
f 1016/3025 1008/3026 997/3027
f 1058/3028 1237/3029 1236/3030
f 324/3031 570/3032 323/3033
f 1244/3034 557/3035 554/3036
f 1015/3037 997/3038 1056/3039
f 558/3040 556/3041 560/3042
f 559/3043 555/3044 558/3045
f 1491/3046 1508/3047 1567/3048
f 871/3049 700/3050 1594/3051
f 595/3052 287/3053 754/3054
f 1567/3055 1490/3056 1491/3057
f 1063/3058 800/3059 1508/3060
f 625/3061 812/3062 332/3063
f 1377/3064 210/3065 211/3066
f 261/3067 606/3068 614/3069
f 210/3070 1377/3071 1640/3072
f 336/3073 1015/3074 1056/3075
f 754/3076 1584/3077 1706/3078
f 550/3079 1584/3080 614/3081
f 940/3082 674/3083 1704/3084
f 728/3085 1490/3086 493/3087
f 606/3088 211/3089 796/3090
f 624/3091 625/3092 650/3093
f 319/3094 300/3095 453/3096
f 1236/3097 1016/3098 1235/3099
f 1662/3100 997/3101 1008/3102
f 561/3103 550/3104 560/3105
f 358/3106 360/3107 302/3108
f 1016/3109 336/3110 1235/3111
f 1703/3112 1700/3113 1699/3114
f 300/3115 625/3116 665/3117
f 1727/3118 395/3119 1067/3120
f 557/3121 651/3122 561/3123
f 1066/3124 612/3125 1213/3126
f 301/3127 650/3128 625/3129
f 299/3130 651/3131 650/3132
f 1699/3133 393/3134 1708/3135
f 1727/3136 550/3137 299/3138
f 303/3139 1179/3140 1727/3141
f 838/3142 1180/3143 1705/3144
f 1419/3145 1699/3146 1708/3147
f 1710/3148 1436/3149 1708/3150
f 1180/3151 1064/3152 1067/3153
f 385/3154 674/3155 1646/3156
f 343/3157 333/3158 1277/3159
f 1665/3160 1419/3161 1436/3162
f 823/3163 576/3164 572/3165
f 1076/3166 364/3167 369/3168
f 569/3169 321/3170 332/3171
f 324/3172 321/3173 569/3174
f 1665/3175 1436/3176 1435/3177
f 1436/3178 1419/3179 1708/3180
f 613/3181 1058/3182 1260/3183
f 322/3184 1077/3185 369/3186
f 1200/3187 1066/3188 1213/3189
f 1213/3190 1233/3191 336/3192
f 1237/3193 335/3194 343/3195
f 823/3196 613/3197 822/3198
f 823/3199 572/3200 1641/3201
f 1719/3202 408/3203 407/3204
f 566/3205 816/3206 1076/3207
f 413/3208 302/3209 300/3210
f 1641/3211 613/3212 823/3213
f 1064/3214 333/3215 1063/3216
f 322/3217 323/3218 570/3219
f 570/3220 1077/3221 322/3222
f 1066/3223 1200/3224 364/3225
f 1213/3226 612/3227 1260/3228
f 1236/3229 1237/3230 343/3231
f 1646/3232 413/3233 1645/3234
f 328/3235 813/3236 1540/3237
f 1700/3238 385/3239 1699/3240
f 343/3241 1008/3242 1236/3243
f 1719/3244 364/3245 1710/3246
f 1200/3247 1435/3248 1710/3249
f 324/3250 571/3251 570/3252
f 1076/3253 816/3254 815/3255
f 386/3256 360/3257 396/3258
f 1642/3259 414/3260 1646/3261
f 1643/3262 394/3263 1642/3264
f 1697/3265 1703/3266 1277/3267
f 1705/3268 1702/3269 1701/3270
f 387/3271 342/3272 386/3273
f 386/3274 396/3275 394/3276
f 387/3277 1179/3278 303/3279
f 1662/3280 1703/3281 1419/3282
f 1703/3283 343/3284 1277/3285
f 369/3286 260/3287 322/3288
f 1180/3289 1540/3290 1702/3291
f 822/3292 613/3293 612/3294
f 571/3295 566/3296 1076/3297
f 460/3298 1680/3299 810/3300
f 1232/3301 829/3302 799/3303
f 1132/3304 282/3305 666/3306
f 1464/3307 1424/3308 1634/3309
f 1575/3310 1134/3311 316/3312
f 1624/3313 1463/3314 1292/3315
f 1177/3316 1132/3317 829/3318
f 344/3319 1618/3320 1623/3321
f 1623/3322 1618/3323 1252/3324
f 1292/3325 875/3326 522/3327
f 1176/3328 1415/3329 819/3330
f 1624/3331 316/3332 1134/3333
f 819/3334 1575/3335 316/3336
f 968/3337 799/3338 1347/3339
f 1347/3340 666/3341 421/3342
f 282/3343 776/3344 810/3345
f 1680/3346 1648/3347 421/3348
f 460/3349 1232/3350 968/3351
f 1132/3352 1347/3353 799/3354
f 1347/3355 421/3356 1648/3357
f 666/3358 810/3359 421/3360
f 818/3361 1103/3362 1623/3363
f 234/3364 268/3365 795/3366
f 1252/3367 1618/3368 776/3369
f 1623/3370 1252/3371 818/3372
f 1416/3373 795/3374 522/3375
f 1414/3376 875/3377 525/3378
f 525/3379 814/3380 1575/3381
f 344/3382 460/3383 776/3384
f 1177/3385 1252/3386 282/3387
f 235/3388 1417/3389 829/3390
f 818/3391 1177/3392 1176/3393
f 1177/3394 1416/3395 1176/3396
f 1176/3397 819/3398 818/3399
f 818/3400 819/3401 1103/3402
f 234/3403 362/3404 268/3405
f 1416/3406 522/3407 1415/3408
f 362/3409 1623/3410 1103/3411
f 1292/3412 1463/3413 875/3414
f 1414/3415 525/3416 1575/3417
f 818/3418 1252/3419 1177/3420
f 1177/3421 1417/3422 1416/3423
f 344/3424 235/3425 1232/3426
f 1134/3427 729/3428 1424/3429
f 1415/3430 1575/3431 819/3432
f 235/3433 829/3434 1232/3435
f 1252/3436 776/3437 282/3438
f 344/3439 1232/3440 460/3441
f 268/3442 316/3443 1624/3444
f 1463/3445 1424/3446 1464/3447
f 1416/3448 1415/3449 1176/3450
f 362/3451 1103/3452 268/3453
f 1177/3454 829/3455 1417/3456
f 344/3457 1623/3458 362/3459
f 1103/3460 819/3461 316/3462
f 795/3463 268/3464 1292/3465
f 344/3466 776/3467 1618/3468
f 1177/3469 282/3470 1132/3471
f 1417/3472 234/3473 1416/3474
f 235/3475 362/3476 234/3477
f 1232/3478 799/3479 968/3480
f 1132/3481 799/3482 829/3483
f 1680/3484 421/3485 810/3486
f 460/3487 968/3488 1680/3489
f 522/3490 1414/3491 1415/3492
f 1575/3493 729/3494 1134/3495
f 282/3496 810/3497 666/3498
f 460/3499 810/3500 776/3501
f 1132/3502 666/3503 1347/3504
f 1624/3505 1134/3506 1424/3507
f 1624/3508 1424/3509 1463/3510
f 1414/3511 522/3512 875/3513
f 268/3514 1624/3515 1292/3516
f 1415/3517 1414/3518 1575/3519
f 1103/3520 316/3521 268/3522
f 522/3523 795/3524 1292/3525
f 1680/3526 968/3527 1648/3528
f 1648/3529 968/3530 1347/3531
f 729/3532 814/3533 1424/3534
f 814/3535 1634/3536 1424/3537
f 1634/3538 875/3539 1464/3540
f 1417/3541 235/3542 234/3543
f 235/3544 344/3545 362/3546
f 1463/3547 1464/3548 875/3549
f 1575/3550 814/3551 729/3552
f 1416/3553 234/3554 795/3555
f 525/3556 1634/3557 814/3558
f 875/3559 1634/3560 525/3561
f 1686/3562 1677/3563 901/3564
f 1361/3565 594/3566 599/3567
f 1677/3568 1678/3569 1676/3570
f 359/3571 1678/3572 1677/3573
f 1676/3574 1678/3575 359/3576
f 594/3577 600/3578 599/3579
f 359/3580 599/3581 600/3582
f 600/3583 601/3584 1686/3585
f 594/3586 1361/3587 1359/3588
f 1686/3589 901/3590 900/3591
f 1686/3592 601/3593 1371/3594
f 1360/3595 1677/3596 371/3597
f 902/3598 1675/3599 1679/3600
f 1676/3601 1679/3602 1677/3603
f 1679/3604 1675/3605 1677/3606
f 600/3607 1359/3608 601/3609
f 1686/3610 371/3611 1677/3612
f 370/3613 1686/3614 1370/3615
f 1360/3616 1361/3617 599/3618
f 1686/3619 900/3620 1676/3621
f 900/3622 901/3623 1679/3624
f 902/3625 901/3626 1677/3627
f 902/3628 1679/3629 901/3630
f 594/3631 1359/3632 600/3633
f 1359/3634 1371/3635 601/3636
f 359/3637 1677/3638 599/3639
f 1686/3640 1371/3641 1370/3642
f 371/3643 1686/3644 370/3645
f 1675/3646 902/3647 1677/3648
f 900/3649 1679/3650 1676/3651
f 1360/3652 371/3653 1370/3654
f 1360/3655 599/3656 1677/3657
f 1371/3658 1361/3659 1370/3660
f 600/3661 1686/3662 1676/3663
f 370/3664 1370/3665 371/3666
f 359/3667 600/3668 1676/3669
f 1370/3670 1361/3671 1360/3672
f 1371/3673 1359/3674 1361/3675
f 978/3676 977/3677 961/3678
f 961/3679 960/3680 922/3681
f 978/3682 976/3683 977/3684
f 976/3685 921/3686 1395/3687
f 1393/3688 961/3689 1394/3690
f 1396/3691 976/3692 1395/3693
f 922/3694 1396/3695 1394/3696
f 922/3697 920/3698 1396/3699
f 1394/3700 732/3701 1393/3702
f 977/3703 1396/3704 960/3705
f 1396/3706 731/3707 937/3708
f 1395/3709 921/3710 1393/3711
f 978/3712 1393/3713 919/3714
f 976/3715 919/3716 921/3717
f 960/3718 1396/3719 920/3720
f 1393/3721 732/3722 730/3723
f 1394/3724 1357/3725 732/3726
f 1393/3727 978/3728 961/3729
f 732/3730 1358/3731 730/3732
f 1395/3733 731/3734 1396/3735
f 1393/3736 730/3737 1395/3738
f 730/3739 1358/3740 732/3741
f 919/3742 976/3743 978/3744
f 1396/3745 977/3746 976/3747
f 977/3748 960/3749 961/3750
f 1394/3751 961/3752 922/3753
f 937/3754 731/3755 1357/3756
f 1394/3757 1396/3758 937/3759
f 1395/3760 732/3761 731/3762
f 1394/3763 937/3764 1357/3765
f 960/3766 920/3767 922/3768
f 1393/3769 921/3770 919/3771
f 732/3772 1357/3773 731/3774
f 1395/3775 730/3776 732/3777
f 866/3778 653/3779 864/3780
f 867/3781 864/3782 656/3783
f 659/3784 662/3785 866/3786
f 663/3787 659/3788 864/3789
f 661/3790 663/3791 867/3792
f 865/3793 664/3794 661/3795
f 664/3796 1402/3797 642/3798
f 663/3799 643/3800 1405/3801
f 659/3802 1405/3803 638/3804
f 866/3805 662/3806 660/3807
f 660/3808 664/3809 865/3810
f 642/3811 1403/3812 643/3813
f 661/3814 642/3815 643/3816
f 660/3817 637/3818 1402/3819
f 662/3820 638/3821 637/3822
f 865/3823 656/3824 655/3825
f 1402/3826 1403/3827 642/3828
f 656/3829 654/3830 655/3831
f 653/3832 866/3833 655/3834
f 655/3835 654/3836 653/3837
f 662/3838 637/3839 660/3840
f 664/3841 642/3842 661/3843
f 663/3844 1405/3845 659/3846
f 663/3847 864/3848 867/3849
f 638/3850 1404/3851 637/3852
f 659/3853 638/3854 662/3855
f 637/3856 1404/3857 1402/3858
f 1403/3859 1404/3860 1405/3861
f 659/3862 866/3863 864/3864
f 864/3865 653/3866 656/3867
f 643/3868 1403/3869 1405/3870
f 1404/3871 638/3872 1405/3873
f 1402/3874 1404/3875 1403/3876
f 867/3877 656/3878 865/3879
f 661/3880 643/3881 663/3882
f 660/3883 1402/3884 664/3885
f 866/3886 660/3887 655/3888
f 654/3889 656/3890 653/3891
f 660/3892 865/3893 655/3894
f 661/3895 867/3896 865/3897
f 957/3898 824/3899 826/3900
f 1009/3901 842/3902 969/3903
f 1275/3904 1159/3905 1158/3906
f 1081/3907 1080/3908 1009/3909
f 1081/3910 1246/3911 1080/3912
f 1274/3913 1158/3914 1246/3915
f 1159/3916 1275/3917 1274/3918
f 1274/3919 1009/3920 1080/3921
f 825/3922 969/3923 826/3924
f 825/3925 842/3926 1009/3927
f 1081/3928 969/3929 825/3930
f 1275/3931 1158/3932 1274/3933
f 1274/3934 1080/3935 1246/3936
f 1274/3937 1246/3938 1081/3939
f 1158/3940 1274/3941 1246/3942
f 1159/3943 1274/3944 1158/3945
f 1081/3946 825/3947 1274/3948
f 1009/3949 969/3950 1081/3951
f 842/3952 957/3953 969/3954
f 825/3955 826/3956 824/3957
f 825/3958 824/3959 842/3960
f 1009/3961 1274/3962 825/3963
f 957/3964 826/3965 969/3966
f 842/3967 824/3968 957/3969
f 1005/3970 1010/3971 870/3972
f 1010/3973 1003/3974 869/3975
f 1724/3976 1720/3977 1004/3978
f 861/3979 850/3980 849/3981
f 1007/3982 1720/3983 1005/3984
f 1005/3985 1720/3986 1724/3987
f 1004/3988 1006/3989 863/3990
f 1005/3991 870/3992 868/3993
f 1004/3994 1720/3995 1007/3996
f 861/3997 848/3998 862/3999
f 870/4000 849/4001 850/4002
f 1005/4003 1724/4004 1010/4005
f 1010/4006 869/4007 870/4008
f 868/4009 850/4010 861/4011
f 1006/4012 1007/4013 1005/4014
f 1003/4015 1724/4016 1004/4017
f 869/4018 862/4019 849/4020
f 862/4021 848/4022 849/4023
f 1003/4024 1010/4025 1724/4026
f 1004/4027 1007/4028 1006/4029
f 870/4030 850/4031 868/4032
f 1006/4033 868/4034 861/4035
f 863/4036 1006/4037 861/4038
f 861/4039 862/4040 863/4041
f 1003/4042 1004/4043 863/4044
f 1003/4045 863/4046 869/4047
f 870/4048 869/4049 849/4050
f 849/4051 848/4052 861/4053
f 1006/4054 1005/4055 868/4056
f 869/4057 863/4058 862/4059
f 1355/4060 1218/4061 1353/4062
f 1384/4063 1386/4064 1356/4065
f 1353/4066 1225/4067 1356/4068
f 1351/4069 1385/4070 1352/4071
f 1352/4072 1385/4073 1386/4074
f 1226/4075 1218/4076 1217/4077
f 1386/4078 1384/4079 1352/4080
f 1353/4081 1218/4082 1225/4083
f 1355/4084 1217/4085 1218/4086
f 1386/4087 1353/4088 1356/4089
f 516/4090 1218/4091 1226/4092
f 1386/4093 1385/4094 1351/4095
f 1351/4096 1217/4097 1355/4098
f 517/4099 514/4100 516/4101
f 516/4102 1226/4103 1227/4104
f 1218/4105 514/4106 1225/4107
f 514/4108 517/4109 1227/4110
f 515/4111 514/4112 1218/4113
f 1353/4114 1351/4115 1355/4116
f 514/4117 515/4118 516/4119
f 1354/4120 1226/4121 1351/4122
f 1356/4123 1226/4124 1354/4125
f 1352/4126 1384/4127 1356/4128
f 517/4129 516/4130 1227/4131
f 1356/4132 1225/4133 1227/4134
f 1386/4135 1351/4136 1353/4137
f 1351/4138 1352/4139 1354/4140
f 516/4141 515/4142 1218/4143
f 1354/4144 1352/4145 1356/4146
f 1225/4147 514/4148 1227/4149
f 1356/4150 1227/4151 1226/4152
f 1351/4153 1226/4154 1217/4155
f 1186/4156 1096/4157 1079/4158
f 1099/4159 1098/4160 1100/4161
f 1096/4162 1097/4163 1195/4164
f 1198/4165 1101/4166 1096/4167
f 1198/4168 1096/4169 1199/4170
f 1196/4171 1197/4172 1194/4173
f 1186/4174 1079/4175 1078/4176
f 1186/4177 1193/4178 1096/4179
f 1098/4180 1197/4181 1121/4182
f 1096/4183 1195/4184 1199/4185
f 1098/4186 1121/4187 1100/4188
f 1097/4189 1100/4190 1196/4191
f 1099/4192 1193/4193 1196/4194
f 1199/4195 1193/4196 1186/4197
f 1099/4198 1100/4199 1097/4200
f 1078/4201 1079/4202 1096/4203
f 1198/4204 1078/4205 1101/4206
f 1193/4207 1099/4208 1096/4209
f 1098/4210 1194/4211 1197/4212
f 1199/4213 1195/4214 1193/4215
f 1196/4216 1100/4217 1121/4218
f 1199/4219 1186/4220 1198/4221
f 1096/4222 1101/4223 1078/4224
f 1097/4225 1096/4226 1099/4227
f 1099/4228 1196/4229 1098/4230
f 1193/4231 1195/4232 1196/4233
f 1196/4234 1121/4235 1197/4236
f 1097/4237 1196/4238 1195/4239
f 1098/4240 1196/4241 1194/4242
f 1186/4243 1185/4244 1198/4245
f 1185/4246 1078/4247 1198/4248
f 1186/4249 1078/4250 1185/4251
f 217/4252 221/4253 220/4254
f 1328/4255 220/4256 1329/4257
f 524/4258 518/4259 523/4260
f 220/4261 939/4262 1329/4263
f 523/4264 1328/4265 1329/4266
f 1327/4267 938/4268 216/4269
f 939/4270 938/4271 524/4272
f 218/4273 519/4274 1327/4275
f 221/4276 219/4277 216/4278
f 218/4279 518/4280 519/4281
f 939/4282 523/4283 1329/4284
f 220/4285 221/4286 939/4287
f 524/4288 938/4289 519/4290
f 217/4291 218/4292 221/4293
f 1328/4294 217/4295 220/4296
f 218/4297 1327/4298 219/4299
f 221/4300 218/4301 219/4302
f 216/4303 219/4304 1327/4305
f 939/4306 221/4307 216/4308
f 939/4309 216/4310 938/4311
f 523/4312 518/4313 1328/4314
f 217/4315 1328/4316 218/4317
f 524/4318 519/4319 518/4320
f 939/4321 524/4322 523/4323
f 218/4324 1328/4325 518/4326
f 1327/4327 519/4328 938/4329
f 481/4330 501/4331 498/4332
f 479/4333 481/4334 498/4335
f 228/4336 242/4337 237/4338
f 503/4339 497/4340 500/4341
f 241/4342 498/4343 242/4344
f 498/4345 501/4346 500/4347
f 241/4348 242/4349 243/4350
f 228/4351 243/4352 242/4353
f 503/4354 482/4355 497/4356
f 501/4357 503/4358 500/4359
f 498/4360 500/4361 497/4362
f 497/4363 482/4364 241/4365
f 479/4366 480/4367 481/4368
f 242/4369 498/4370 497/4371
f 238/4372 236/4373 237/4374
f 241/4375 236/4376 238/4377
f 501/4378 499/4379 503/4380
f 243/4381 228/4382 227/4383
f 502/4384 481/4385 480/4386
f 241/4387 479/4388 498/4389
f 499/4390 479/4391 482/4392
f 236/4393 227/4394 228/4395
f 241/4396 238/4397 242/4398
f 481/4399 502/4400 501/4401
f 502/4402 480/4403 499/4404
f 499/4405 482/4406 503/4407
f 238/4408 237/4409 242/4410
f 497/4411 241/4412 242/4413
f 480/4414 479/4415 499/4416
f 241/4417 243/4418 227/4419
f 479/4420 241/4421 482/4422
f 502/4423 499/4424 501/4425
f 227/4426 236/4427 241/4428
f 236/4429 228/4430 237/4431
f 779/4432 1650/4433 597/4434
f 1649/4435 1650/4436 1495/4437
f 1495/4438 821/4439 820/4440
f 1649/4441 821/4442 1494/4443
f 598/4444 597/4445 1649/4446
f 1649/4447 820/4448 821/4449
f 779/4450 1495/4451 1650/4452
f 779/4453 598/4454 1494/4455
f 1495/4456 1494/4457 821/4458
f 779/4459 1494/4460 1495/4461
f 597/4462 1650/4463 1649/4464
f 598/4465 1649/4466 1494/4467
f 779/4468 597/4469 598/4470
f 1495/4471 820/4472 1649/4473
f 1206/4474 1299/4475 1224/4476
f 521/4477 1284/4478 634/4479
f 1466/4480 1622/4481 1586/4482
f 1486/4483 1298/4484 1224/4485
f 1586/4486 1487/4487 1467/4488
f 1467/4489 1299/4490 1284/4491
f 975/4492 634/4493 1284/4494
f 1284/4495 634/4496 1586/4497
f 1622/4498 1486/4499 1224/4500
f 634/4501 975/4502 521/4503
f 1283/4504 1206/4505 1224/4506
f 1283/4507 1298/4508 1486/4509
f 1283/4510 1486/4511 1466/4512
f 1586/4513 634/4514 1466/4515
f 1283/4516 634/4517 1206/4518
f 1466/4519 634/4520 1283/4521
f 634/4522 1284/4523 1206/4524
f 1284/4525 1586/4526 1467/4527
f 521/4528 975/4529 1284/4530
f 1466/4531 1486/4532 1622/4533
f 1467/4534 1487/4535 1299/4536
f 1586/4537 1622/4538 1487/4539
f 1487/4540 1622/4541 1224/4542
f 1224/4543 1299/4544 1487/4545
f 1283/4546 1224/4547 1298/4548
f 1206/4549 1284/4550 1299/4551
f 1315/4552 1733/4553 1738/4554
f 1733/4555 962/4556 1738/4557
f 1738/4558 962/4559 1734/4560
f 1316/4561 1733/4562 1315/4563
f 1734/4564 1316/4565 1314/4566
f 1316/4567 1734/4568 1733/4569
f 1316/4570 1315/4571 1314/4572
f 1734/4573 1314/4574 1738/4575
f 1734/4576 962/4577 1733/4578
f 1315/4579 1738/4580 1314/4581
f 590/4582 1692/4583 1693/4584
f 1694/4585 593/4586 1696/4587
f 590/4588 589/4589 592/4590
f 590/4591 588/4592 1692/4593
f 1694/4594 591/4595 593/4596
f 591/4597 590/4598 592/4599
f 1693/4600 1692/4601 1696/4602
f 589/4603 1695/4604 592/4605
f 589/4606 1693/4607 1695/4608
f 592/4609 1696/4610 593/4611
f 1694/4612 588/4613 591/4614
f 1693/4615 1696/4616 1695/4617
f 591/4618 592/4619 593/4620
f 590/4621 1693/4622 589/4623
f 1692/4624 1694/4625 1696/4626
f 1694/4627 1692/4628 588/4629
f 592/4630 1695/4631 1696/4632
f 590/4633 591/4634 588/4635
f 255/4636 1587/4637 256/4638
f 258/4639 259/4640 1592/4641
f 257/4642 256/4643 1589/4644
f 1581/4645 257/4646 1590/4647
f 1588/4648 1589/4649 1587/4650
f 1581/4651 248/4652 257/4653
f 248/4654 247/4655 259/4656
f 1588/4657 1590/4658 1589/4659
f 1587/4660 1589/4661 256/4662
f 1591/4663 1587/4664 258/4665
f 1592/4666 247/4667 1581/4668
f 247/4669 248/4670 1581/4671
f 258/4672 1587/4673 255/4674
f 1591/4675 1592/4676 1588/4677
f 248/4678 255/4679 257/4680
f 247/4681 1592/4682 259/4683
f 258/4684 1592/4685 1591/4686
f 255/4687 256/4688 257/4689
f 1592/4690 1581/4691 1588/4692
f 258/4693 255/4694 259/4695
f 1591/4696 1588/4697 1587/4698
f 257/4699 1589/4700 1590/4701
f 248/4702 259/4703 255/4704
f 1588/4705 1581/4706 1590/4707
f 1209/4708 1608/4709 1609/4710
f 692/4711 1608/4712 1209/4713
f 1209/4714 1609/4715 692/4716
f 1210/4717 1209/4718 692/4719
f 692/4720 1609/4721 1608/4722
f 1210/4723 692/4724 1209/4725
f 1608/4726 1059/4727 1609/4728
f 1608/4729 1609/4730 1059/4731
f 596/4732 1126/4733 1125/4734
f 1578/4735 1126/4736 1585/4737
f 1578/4738 1125/4739 1126/4740
f 780/4741 596/4742 1125/4743
f 1126/4744 1125/4745 1578/4746
f 780/4747 1125/4748 1126/4749
f 1578/4750 1127/4751 1126/4752
f 1126/4753 596/4754 780/4755
f 1578/4756 1585/4757 1127/4758
f 1585/4759 1126/4760 1127/4761
f 982/4762 860/4763 1647/4764
f 1647/4765 983/4766 982/4767
f 860/4768 982/4769 983/4770
f 1647/4771 860/4772 983/4773
f 1167/4774 1450/4775 309/4776
f 1241/4777 1652/4778 1653/4779
f 1241/4780 1167/4781 492/4782
f 1652/4783 492/4784 744/4785
f 309/4786 1450/4787 1451/4788
f 492/4789 309/4790 310/4791
f 1450/4792 1167/4793 1168/4794
f 1167/4795 1241/4796 1242/4797
f 310/4798 1451/4799 1168/4800
f 1168/4801 1242/4802 744/4803
f 1242/4804 1653/4805 744/4806
f 492/4807 1167/4808 309/4809
f 1652/4810 744/4811 1653/4812
f 1241/4813 1653/4814 1242/4815
f 1167/4816 1242/4817 1168/4818
f 1450/4819 1168/4820 1451/4821
f 744/4822 310/4823 1168/4824
f 309/4825 1451/4826 310/4827
f 492/4828 310/4829 744/4830
f 492/4831 1652/4832 1241/4833
f 537/4834 1707/4835 1715/4836
f 537/4837 1715/4838 539/4839
f 689/4840 537/4841 539/4842
f 536/4843 689/4844 690/4845
f 1739/4846 536/4847 548/4848
f 1606/4849 1739/4850 1607/4851
f 1707/4852 1607/4853 1715/4854
f 690/4855 539/4856 1607/4857
f 689/4858 536/4859 1606/4860
f 548/4861 690/4862 1607/4863
f 1607/4864 1739/4865 548/4866
f 539/4867 1715/4868 1607/4869
f 1707/4870 537/4871 689/4872
f 1739/4873 1606/4874 536/4875
f 1606/4876 1707/4877 689/4878
f 1707/4879 1606/4880 1607/4881
f 689/4882 539/4883 690/4884
f 536/4885 690/4886 548/4887
f 1437/4888 1341/4889 1427/4890
f 1427/4891 1346/4892 1437/4893
f 1341/4894 1346/4895 1427/4896
f 1437/4897 1346/4898 1341/4899
f 513/4900 226/4901 224/4902
f 226/4903 225/4904 224/4905
f 513/4906 512/4907 225/4908
f 226/4909 513/4910 225/4911
f 512/4912 224/4913 225/4914
f 513/4915 224/4916 512/4917
f 839/4918 840/4919 1411/4920
f 840/4921 839/4922 1412/4923
f 840/4924 1412/4925 1411/4926
f 839/4927 1411/4928 1412/4929
f 1630/4930 245/4931 1631/4932
f 1633/4933 1264/4934 1106/4935
f 1106/4936 1262/4937 1631/4938
f 244/4939 1630/4940 1261/4941
f 1261/4942 1105/4943 244/4944
f 1630/4945 244/4946 245/4947
f 245/4948 1633/4949 1106/4950
f 1631/4951 245/4952 1106/4953
f 244/4954 1632/4955 1633/4956
f 1263/4957 1106/4958 1264/4959
f 1105/4960 1263/4961 244/4962
f 1105/4963 1262/4964 1106/4965
f 1632/4966 1264/4967 1633/4968
f 1261/4969 1630/4970 1631/4971
f 1261/4972 1631/4973 1262/4974
f 1105/4975 1261/4976 1262/4977
f 244/4978 1633/4979 245/4980
f 1632/4981 1263/4982 1264/4983
f 1263/4984 1105/4985 1106/4986
f 1263/4987 1632/4988 244/4989
f 733/4990 735/4991 734/4992
f 1320/4993 1321/4994 733/4995
f 1321/4996 1320/4997 733/4998
f 1320/4999 734/5000 733/5001
f 735/5002 733/5003 734/5004
f 733/5005 734/5006 1320/5007
f 955/5008 954/5009 1563/5010
f 1565/5011 955/5012 1564/5013
f 1564/5014 1563/5015 955/5016
f 1565/5017 1564/5018 955/5019
f 1563/5020 954/5021 955/5022
f 955/5023 1563/5024 1564/5025
f 837/5026 836/5027 1506/5028
f 836/5029 837/5030 1505/5031
f 837/5032 1506/5033 1507/5034
f 837/5035 1507/5036 1505/5037
f 836/5038 1505/5039 1506/5040
f 1422/5041 1410/5042 1423/5043
f 760/5044 757/5045 1410/5046
f 758/5047 759/5048 1423/5049
f 760/5050 1422/5051 1423/5052
f 760/5053 1410/5054 1422/5055
f 757/5056 1423/5057 1410/5058
f 757/5059 758/5060 1423/5061
f 759/5062 760/5063 1423/5064
f 748/5065 800/5066 334/5067
f 748/5068 334/5069 1443/5070
f 794/5071 1443/5072 1220/5073
f 748/5074 595/5075 800/5076
f 748/5077 794/5078 1594/5079
f 748/5080 1594/5081 595/5082
f 748/5083 1443/5084 794/5085
f 794/5086 1220/5087 1594/5088
f 595/5089 1220/5090 800/5091
f 1220/5092 334/5093 800/5094
f 1220/5095 1443/5096 334/5097
f 595/5098 1594/5099 1220/5100
f 762/5101 285/5102 270/5103
f 1521/5104 926/5105 890/5106
f 1536/5107 1409/5108 1537/5109
f 903/5110 905/5111 928/5112
f 926/5113 924/5114 890/5115
f 1515/5116 904/5117 903/5118
f 1514/5119 903/5120 927/5121
f 1522/5122 927/5123 926/5124
f 778/5125 284/5126 285/5127
f 270/5128 269/5129 271/5130
f 762/5131 271/5132 756/5133
f 767/5134 271/5135 284/5136
f 751/5137 1418/5138 756/5139
f 1537/5140 1519/5141 1514/5142
f 1536/5143 1537/5144 1523/5145
f 1514/5146 1519/5147 1520/5148
f 391/5149 1536/5150 1522/5151
f 391/5152 1409/5153 1536/5154
f 924/5155 923/5156 930/5157
f 269/5158 246/5159 271/5160
f 270/5161 285/5162 381/5163
f 762/5164 270/5165 271/5166
f 767/5167 756/5168 271/5169
f 751/5170 1407/5171 1409/5172
f 762/5173 756/5174 1418/5175
f 767/5176 763/5177 751/5178
f 756/5179 767/5180 751/5181
f 762/5182 778/5183 285/5184
f 892/5185 891/5186 905/5187
f 924/5188 929/5189 925/5190
f 763/5191 741/5192 751/5193
f 1214/5194 1229/5195 451/5196
f 1501/5197 890/5198 880/5199
f 892/5200 882/5201 879/5202
f 882/5203 890/5204 881/5205
f 1520/5206 841/5207 446/5208
f 1538/5209 1479/5210 817/5211
f 1478/5212 415/5213 377/5214
f 787/5215 786/5216 777/5217
f 1229/5218 1214/5219 1215/5220
f 273/5221 1053/5222 1055/5223
f 246/5224 711/5225 721/5226
f 272/5227 1055/5228 723/5229
f 263/5230 721/5231 722/5232
f 721/5233 1043/5234 722/5235
f 1047/5236 722/5237 1043/5238
f 723/5239 1047/5240 724/5241
f 1569/5242 452/5243 445/5244
f 1214/5245 451/5246 452/5247
f 390/5248 1488/5249 1478/5250
f 1002/5251 1545/5252 390/5253
f 1229/5254 1215/5255 447/5256
f 1570/5257 1214/5258 1569/5259
f 1229/5260 456/5261 451/5262
f 270/5263 381/5264 269/5265
f 1214/5266 1571/5267 1215/5268
f 904/5269 880/5270 882/5271
f 927/5272 923/5273 924/5274
f 904/5275 892/5276 905/5277
f 1001/5278 1546/5279 1545/5280
f 447/5281 1574/5282 1229/5283
f 1216/5284 445/5285 431/5286
f 723/5287 722/5288 1047/5289
f 1047/5290 1043/5291 724/5292
f 711/5293 724/5294 721/5295
f 273/5296 1055/5297 272/5298
f 283/5299 1053/5300 273/5301
f 246/5302 721/5303 263/5304
f 1489/5305 430/5306 1488/5307
f 1488/5308 415/5309 1478/5310
f 1569/5311 1216/5312 1570/5313
f 1478/5314 377/5315 1479/5316
f 721/5317 724/5318 1043/5319
f 1501/5320 1488/5321 1545/5322
f 1570/5323 431/5324 446/5325
f 1545/5326 1488/5327 390/5328
f 447/5329 446/5330 841/5331
f 841/5332 1574/5333 447/5334
f 788/5335 777/5336 785/5337
f 786/5338 763/5339 1426/5340
f 763/5341 273/5342 272/5343
f 1280/5344 1546/5345 1001/5346
f 288/5347 381/5348 286/5349
f 763/5350 288/5351 286/5352
f 298/5353 657/5354 288/5355
f 429/5356 415/5357 430/5358
f 390/5359 1479/5360 1538/5361
f 817/5362 788/5363 785/5364
f 272/5365 723/5366 724/5367
f 1520/5368 446/5369 1515/5370
f 1569/5371 1568/5372 1216/5373
f 447/5374 1571/5375 446/5376
f 1569/5377 1214/5378 452/5379
f 392/5380 1002/5381 390/5382
f 447/5383 1215/5384 1571/5385
f 1515/5386 446/5387 1489/5388
f 1515/5389 1501/5390 880/5391
f 1545/5392 1521/5393 1501/5394
f 1501/5395 1489/5396 1488/5397
f 1546/5398 1521/5399 1545/5400
f 778/5401 767/5402 284/5403
f 1229/5404 1574/5405 456/5406
f 390/5407 1478/5408 1479/5409
f 381/5410 1413/5411 269/5412
f 377/5413 742/5414 817/5415
f 1574/5416 269/5417 456/5418
f 430/5419 1489/5420 431/5421
f 1570/5422 1216/5423 431/5424
f 1216/5425 1568/5426 445/5427
f 1568/5428 1569/5429 445/5430
f 446/5431 1571/5432 1570/5433
f 380/5434 428/5435 1413/5436
f 787/5437 298/5438 288/5439
f 1570/5440 1571/5441 1214/5442
f 762/5443 1418/5444 1426/5445
f 381/5446 285/5447 284/5448
f 284/5449 271/5450 263/5451
f 283/5452 273/5453 286/5454
f 286/5455 381/5456 284/5457
f 722/5458 723/5459 1055/5460
f 263/5461 1054/5462 1053/5463
f 778/5464 762/5465 1426/5466
f 1515/5467 1489/5468 1501/5469
f 1426/5470 767/5471 778/5472
f 1426/5473 1418/5474 391/5475
f 1521/5476 890/5477 1501/5478
f 1537/5479 1409/5480 1519/5481
f 379/5482 381/5483 657/5484
f 786/5485 787/5486 288/5487
f 763/5488 786/5489 288/5490
f 288/5491 657/5492 381/5493
f 1426/5494 391/5495 1546/5496
f 1514/5497 927/5498 1523/5499
f 903/5500 928/5501 927/5502
f 1409/5503 1520/5504 1519/5505
f 391/5506 1522/5507 1546/5508
f 1514/5509 1520/5510 1515/5511
f 1409/5512 391/5513 1418/5514
f 1515/5515 880/5516 904/5517
f 1546/5518 1522/5519 1521/5520
f 788/5521 787/5522 777/5523
f 924/5524 925/5525 890/5526
f 1426/5527 763/5528 767/5529
f 787/5530 788/5531 298/5532
f 751/5533 1409/5534 1418/5535
f 785/5536 777/5537 390/5538
f 272/5539 724/5540 741/5541
f 763/5542 286/5543 273/5544
f 741/5545 763/5546 272/5547
f 923/5548 928/5549 930/5550
f 924/5551 930/5552 929/5553
f 890/5554 925/5555 881/5556
f 882/5557 881/5558 879/5559
f 1515/5560 903/5561 1514/5562
f 1522/5563 926/5564 1521/5565
f 1523/5566 927/5567 1522/5568
f 1407/5569 741/5570 711/5571
f 892/5572 879/5573 891/5574
f 904/5575 905/5576 903/5577
f 1537/5578 1514/5579 1523/5580
f 1536/5581 1523/5582 1522/5583
f 927/5584 924/5585 926/5586
f 927/5587 928/5588 923/5589
f 880/5590 890/5591 882/5592
f 904/5593 882/5594 892/5595
f 1407/5596 841/5597 1409/5598
f 390/5599 1538/5600 785/5601
f 1002/5602 1001/5603 1545/5604
f 1489/5605 446/5606 431/5607
f 429/5608 428/5609 415/5610
f 1488/5611 430/5612 415/5613
f 379/5614 428/5615 381/5616
f 377/5617 817/5618 1479/5619
f 1409/5620 841/5621 1520/5622
f 817/5623 298/5624 788/5625
f 786/5626 1426/5627 777/5628
f 777/5629 392/5630 390/5631
f 1538/5632 817/5633 785/5634
f 271/5635 246/5636 263/5637
f 392/5638 1280/5639 1001/5640
f 428/5641 380/5642 381/5643
f 1413/5644 475/5645 269/5646
f 263/5647 283/5648 284/5649
f 380/5650 1413/5651 381/5652
f 428/5653 429/5654 1413/5655
f 1001/5656 1002/5657 392/5658
f 657/5659 298/5660 742/5661
f 269/5662 711/5663 246/5664
f 817/5665 742/5666 298/5667
f 741/5668 1407/5669 751/5670
f 1426/5671 1280/5672 392/5673
f 742/5674 379/5675 657/5676
f 1280/5677 1426/5678 1546/5679
f 711/5680 741/5681 724/5682
f 428/5683 379/5684 377/5685
f 1407/5686 711/5687 1574/5688
f 1413/5689 429/5690 475/5691
f 377/5692 379/5693 742/5694
f 269/5695 475/5696 456/5697
f 269/5698 1574/5699 711/5700
f 1426/5701 392/5702 777/5703
f 263/5704 1053/5705 283/5706
f 428/5707 377/5708 415/5709
f 1407/5710 1574/5711 841/5712
f 1053/5713 1054/5714 1055/5715
f 283/5716 286/5717 284/5718
f 722/5719 1055/5720 263/5721
f 1055/5722 1054/5723 263/5724
f 1428/5725 1723/5726 749/5727
f 275/5728 441/5729 736/5730
f 454/5731 749/5732 1561/5733
f 736/5734 454/5735 1561/5736
f 376/5737 907/5738 1287/5739
f 1723/5740 752/5741 749/5742
f 749/5743 752/5744 1561/5745
f 1272/5746 320/5747 363/5748
f 907/5749 304/5750 1287/5751
f 1580/5752 678/5753 907/5754
f 1552/5755 1561/5756 885/5757
f 906/5758 1561/5759 1580/5760
f 252/5761 1271/5762 264/5763
f 1272/5764 376/5765 1287/5766
f 1736/5767 1723/5768 678/5769
f 678/5770 1723/5771 1428/5772
f 1428/5773 454/5774 441/5775
f 1736/5776 752/5777 1723/5778
f 1457/5779 906/5780 363/5781
f 320/5782 885/5783 1457/5784
f 885/5785 906/5786 1457/5787
f 275/5788 252/5789 264/5790
f 678/5791 1428/5792 304/5793
f 678/5794 304/5795 907/5796
f 1428/5797 749/5798 454/5799
f 885/5800 1561/5801 906/5802
f 1272/5803 363/5804 376/5805
f 1265/5806 885/5807 320/5808
f 252/5809 885/5810 1265/5811
f 1265/5812 320/5813 1272/5814
f 1428/5815 441/5816 275/5817
f 1428/5818 275/5819 304/5820
f 906/5821 907/5822 376/5823
f 906/5824 376/5825 363/5826
f 1457/5827 363/5828 320/5829
f 304/5830 274/5831 1287/5832
f 1272/5833 1271/5834 1265/5835
f 1271/5836 1287/5837 274/5838
f 275/5839 264/5840 274/5841
f 275/5842 736/5843 1552/5844
f 752/5845 678/5846 1580/5847
f 1272/5848 1287/5849 1271/5850
f 1552/5851 885/5852 252/5853
f 441/5854 454/5855 736/5856
f 275/5857 274/5858 304/5859
f 736/5860 1561/5861 1552/5862
f 1561/5863 752/5864 1580/5865
f 275/5866 1552/5867 252/5868
f 906/5869 1580/5870 907/5871
f 274/5872 264/5873 1271/5874
f 752/5875 1736/5876 678/5877
f 1265/5878 1271/5879 252/5880
f 935/5881 1338/5882 936/5883
f 935/5884 384/5885 1338/5886
f 325/5887 351/5888 406/5889
f 1338/5890 406/5891 351/5892
f 384/5893 935/5894 325/5895
f 1338/5896 351/5897 936/5898
f 325/5899 406/5900 384/5901
f 936/5902 351/5903 325/5904
f 935/5905 936/5906 325/5907
f 384/5908 406/5909 1338/5910
f 1102/5911 1240/5912 1690/5913
f 1690/5914 1557/5915 1245/5916
f 1240/5917 1547/5918 1690/5919
f 1690/5920 1664/5921 1503/5922
f 1221/5923 1102/5924 1245/5925
f 1245/5926 1102/5927 1690/5928
f 1061/5929 1222/5930 1240/5931
f 1547/5932 1504/5933 1664/5934
f 1221/5935 1061/5936 1102/5937
f 1061/5938 1221/5939 1503/5940
f 1503/5941 1664/5942 1061/5943
f 1503/5944 1221/5945 1245/5946
f 1664/5947 1504/5948 1061/5949
f 1690/5950 1503/5951 1557/5952
f 1547/5953 1664/5954 1690/5955
f 1503/5956 1245/5957 1557/5958
f 1504/5959 1222/5960 1061/5961
f 1061/5962 1240/5963 1102/5964
f 1240/5965 1222/5966 1504/5967
f 1240/5968 1504/5969 1547/5970
f 1048/5971 353/5972 1211/5973
f 1050/5974 339/5975 1212/5976
f 1219/5977 354/5978 1049/5979
f 1212/5980 339/5981 338/5982
f 1048/5983 1207/5984 1046/5985
f 1212/5986 338/5987 1207/5988
f 339/5989 1046/5990 338/5991
f 1049/5992 353/5993 1048/5994
f 1207/5995 338/5996 1046/5997
f 1219/5998 1212/5999 1207/6000
f 1211/6001 1207/6002 1048/6003
f 1046/6004 1050/6005 1049/6006
f 339/6007 1050/6008 1046/6009
f 1219/6010 1207/6011 1211/6012
f 1049/6013 354/6014 353/6015
f 1212/6016 1219/6017 1049/6018
f 1046/6019 1049/6020 1048/6021
f 354/6022 1219/6023 1211/6024
f 354/6025 1211/6026 353/6027
f 1049/6028 1050/6029 1212/6030
f 487/6031 265/6032 278/6033
f 487/6034 278/6035 489/6036
f 278/6037 265/6038 276/6039
f 278/6040 276/6041 486/6042
f 487/6043 489/6044 486/6045
f 276/6046 265/6047 487/6048
f 278/6049 486/6050 489/6051
f 276/6052 487/6053 486/6054
f 1525/6055 466/6056 470/6057
f 469/6058 464/6059 1527/6060
f 1527/6061 470/6062 466/6063
f 1527/6064 466/6065 1529/6066
f 1527/6067 464/6068 470/6069
f 1529/6070 1525/6071 1527/6072
f 1525/6073 469/6074 1527/6075
f 1529/6076 466/6077 1525/6078
f 464/6079 469/6080 1525/6081
f 470/6082 464/6083 1525/6084
f 1604/6085 1599/6086 1602/6087
f 1602/6088 350/6089 1604/6090
f 1599/6091 1604/6092 349/6093
f 1602/6094 349/6095 350/6096
f 1602/6097 1599/6098 349/6099
f 350/6100 349/6101 1604/6102
f 1605/6103 1600/6104 348/6105
f 1601/6106 347/6107 1600/6108
f 348/6109 1600/6110 347/6111
f 1603/6112 1601/6113 1605/6114
f 347/6115 1603/6116 348/6117
f 1603/6118 347/6119 1601/6120
f 1605/6121 1601/6122 1600/6123
f 1603/6124 1605/6125 348/6126
f 1528/6127 467/6128 1530/6129
f 1530/6130 1526/6131 1528/6132
f 1526/6133 465/6134 1528/6135
f 1528/6136 471/6137 467/6138
f 1528/6139 465/6140 471/6141
f 467/6142 471/6143 1530/6144
f 1526/6145 463/6146 465/6147
f 471/6148 465/6149 463/6150
f 463/6151 1530/6152 471/6153
f 1530/6154 463/6155 1526/6156
f 1041/6157 646/6158 1044/6159
f 1041/6160 1714/6161 635/6162
f 1044/6163 1714/6164 1041/6165
f 646/6166 1045/6167 1044/6168
f 635/6169 1045/6170 646/6171
f 1045/6172 1714/6173 1044/6174
f 1041/6175 635/6176 646/6177
f 635/6178 1714/6179 1045/6180
f 1031/6181 630/6182 636/6183
f 1031/6184 636/6185 716/6186
f 630/6187 1721/6188 636/6189
f 1031/6190 710/6191 630/6192
f 636/6193 1721/6194 716/6195
f 1721/6196 630/6197 710/6198
f 1721/6199 710/6200 716/6201
f 716/6202 710/6203 1031/6204
f 383/6205 774/6206 790/6207
f 774/6208 1140/6209 1722/6210
f 774/6211 772/6212 1140/6213
f 399/6214 791/6215 1142/6216
f 1550/6217 1157/6218 1534/6219
f 1551/6220 1155/6221 1532/6222
f 718/6223 717/6224 1551/6225
f 1155/6226 1140/6227 383/6228
f 717/6229 1534/6230 1535/6231
f 775/6232 789/6233 1628/6234
f 1726/6235 1629/6236 789/6237
f 1293/6238 1138/6239 1296/6240
f 1142/6241 791/6242 1629/6243
f 1725/6244 1717/6245 1293/6246
f 1717/6247 1139/6248 1138/6249
f 378/6250 1138/6251 1139/6252
f 1138/6253 382/6254 1141/6255
f 383/6256 790/6257 1151/6258
f 791/6259 399/6260 1164/6261
f 397/6262 790/6263 718/6264
f 1140/6265 772/6266 383/6267
f 771/6268 1152/6269 1157/6270
f 1152/6271 771/6272 1722/6273
f 1140/6274 1152/6275 1722/6276
f 1629/6277 1164/6278 789/6279
f 383/6280 773/6281 1141/6282
f 1142/6283 1629/6284 1726/6285
f 1138/6286 1141/6287 1725/6288
f 792/6289 378/6290 1725/6291
f 397/6292 792/6293 1151/6294
f 773/6295 1725/6296 1141/6297
f 773/6298 792/6299 1725/6300
f 293/6301 296/6302 295/6303
f 980/6304 973/6305 981/6306
f 973/6307 296/6308 981/6309
f 980/6310 293/6311 972/6312
f 567/6313 562/6314 980/6315
f 567/6316 568/6317 562/6318
f 980/6319 574/6320 567/6321
f 1142/6322 1726/6323 1157/6324
f 791/6325 1164/6326 1629/6327
f 1312/6328 1311/6329 439/6330
f 439/6331 1293/6332 1296/6333
f 1152/6334 1535/6335 1534/6336
f 1533/6337 1152/6338 1534/6339
f 1532/6340 1155/6341 382/6342
f 1725/6343 1716/6344 1717/6345
f 1139/6346 1716/6347 1725/6348
f 1725/6349 1293/6350 1138/6351
f 1717/6352 1138/6353 1293/6354
f 1716/6355 1139/6356 1717/6357
f 378/6358 1139/6359 1725/6360
f 1535/6361 1153/6362 717/6363
f 439/6364 437/6365 1312/6366
f 440/6367 439/6368 1296/6369
f 437/6370 1293/6371 1311/6372
f 440/6373 437/6374 439/6375
f 440/6376 1293/6377 438/6378
f 1296/6379 1138/6380 440/6381
f 296/6382 294/6383 980/6384
f 398/6385 397/6386 718/6387
f 1156/6388 399/6389 1142/6390
f 583/6391 1532/6392 574/6393
f 972/6394 971/6395 973/6396
f 971/6397 972/6398 973/6399
f 980/6400 972/6401 973/6402
f 972/6403 293/6404 295/6405
f 973/6406 295/6407 296/6408
f 980/6409 294/6410 293/6411
f 293/6412 294/6413 296/6414
f 574/6415 1532/6416 382/6417
f 1550/6418 1156/6419 1157/6420
f 567/6421 574/6422 382/6423
f 378/6424 400/6425 1165/6426
f 567/6427 1138/6428 378/6429
f 378/6430 1165/6431 574/6432
f 1532/6433 583/6434 398/6435
f 1157/6436 1156/6437 1142/6438
f 1165/6439 400/6440 398/6441
f 398/6442 583/6443 1165/6444
f 382/6445 1138/6446 567/6447
f 378/6448 574/6449 568/6450
f 1164/6451 719/6452 1550/6453
f 1532/6454 398/6455 1551/6456
f 383/6457 772/6458 774/6459
f 296/6460 980/6461 567/6462
f 771/6463 789/6464 775/6465
f 775/6466 1628/6467 774/6468
f 774/6469 1628/6470 790/6471
f 789/6472 1164/6473 1628/6474
f 1165/6475 583/6476 574/6477
f 790/6478 397/6479 1151/6480
f 771/6481 1157/6482 1726/6483
f 1726/6484 789/6485 771/6486
f 383/6487 1151/6488 773/6489
f 383/6490 1141/6491 382/6492
f 774/6493 1722/6494 775/6495
f 771/6496 775/6497 1722/6498
f 718/6499 1551/6500 398/6501
f 1534/6502 1157/6503 1533/6504
f 1550/6505 717/6506 1628/6507
f 790/6508 1628/6509 717/6510
f 1152/6511 1154/6512 1535/6513
f 718/6514 790/6515 717/6516
f 1164/6517 1163/6518 719/6519
f 1551/6520 717/6521 1155/6522
f 382/6523 1155/6524 383/6525
f 1628/6526 1164/6527 1550/6528
f 1312/6529 437/6530 1311/6531
f 1535/6532 1154/6533 1153/6534
f 1155/6535 717/6536 1153/6537
f 439/6538 1311/6539 1293/6540
f 437/6541 438/6542 1293/6543
f 440/6544 438/6545 437/6546
f 440/6547 1138/6548 1293/6549
f 1164/6550 399/6551 1163/6552
f 1156/6553 1163/6554 399/6555
f 1156/6556 719/6557 1163/6558
f 398/6559 400/6560 792/6561
f 397/6562 398/6563 792/6564
f 792/6565 400/6566 378/6567
f 773/6568 1151/6569 792/6570
f 980/6571 562/6572 574/6573
f 981/6574 296/6575 567/6576
f 295/6577 973/6578 972/6579
f 1550/6580 719/6581 1156/6582
f 574/6583 562/6584 568/6585
f 567/6586 378/6587 568/6588
f 1155/6589 1153/6590 1140/6591
f 1157/6592 1152/6593 1533/6594
f 1153/6595 1154/6596 1140/6597
f 1140/6598 1154/6599 1152/6600
f 717/6601 1550/6602 1534/6603
f 981/6604 567/6605 980/6606
f 337/6607 1383/6608 1378/6609
f 1655/6610 1657/6611 340/6612
f 337/6613 372/6614 352/6615
f 611/6616 1378/6617 340/6618
f 337/6619 611/6620 610/6621
f 341/6622 1656/6623 1655/6624
f 1656/6625 1657/6626 1655/6627
f 337/6628 872/6629 372/6630
f 1378/6631 372/6632 341/6633
f 611/6634 340/6635 610/6636
f 337/6637 610/6638 1657/6639
f 1383/6640 352/6641 372/6642
f 341/6643 1655/6644 340/6645
f 1378/6646 1383/6647 372/6648
f 1656/6649 341/6650 872/6651
f 340/6652 1657/6653 610/6654
f 337/6655 352/6656 1383/6657
f 872/6658 341/6659 372/6660
f 611/6661 337/6662 1378/6663
f 1656/6664 337/6665 1657/6666
f 1656/6667 872/6668 337/6669
f 1378/6670 341/6671 340/6672
f 403/6673 435/6674 405/6675
f 671/6676 668/6677 405/6678
f 671/6679 669/6680 670/6681
f 688/6682 669/6683 671/6684
f 403/6685 434/6686 686/6687
f 403/6688 686/6689 435/6690
f 688/6691 686/6692 669/6693
f 403/6694 404/6695 434/6696
f 671/6697 405/6698 435/6699
f 675/6700 687/6701 434/6702
f 405/6703 668/6704 403/6705
f 403/6706 670/6707 404/6708
f 686/6709 688/6710 435/6711
f 671/6712 435/6713 688/6714
f 675/6715 434/6716 404/6717
f 687/6718 669/6719 686/6720
f 404/6721 670/6722 675/6723
f 669/6724 675/6725 670/6726
f 434/6727 687/6728 686/6729
f 687/6730 675/6731 669/6732
f 403/6733 668/6734 670/6735
f 671/6736 670/6737 668/6738
f 279/6739 267/6740 266/6741
f 266/6742 267/6743 1256/6744
f 279/6745 266/6746 1258/6747
f 277/6748 267/6749 279/6750
f 277/6751 1257/6752 1255/6753
f 279/6754 1258/6755 1254/6756
f 279/6757 1254/6758 1257/6759
f 266/6760 1256/6761 1258/6762
f 267/6763 1259/6764 1256/6765
f 267/6766 1255/6767 1259/6768
f 267/6769 277/6770 1255/6771
f 277/6772 279/6773 1257/6774
f 488/6775 491/6776 474/6777
f 1026/6778 468/6779 474/6780
f 1023/6781 474/6782 491/6783
f 1026/6784 488/6785 468/6786
f 1020/6787 491/6788 488/6789
f 1027/6790 1020/6791 488/6792
f 1023/6793 1019/6794 474/6795
f 1019/6796 1026/6797 474/6798
f 1026/6799 1027/6800 488/6801
f 1020/6802 1023/6803 491/6804
f 474/6805 468/6806 488/6807
f 1021/6808 1025/6809 473/6810
f 1024/6811 1021/6812 473/6813
f 473/6814 490/6815 472/6816
f 1024/6817 473/6818 472/6819
f 1022/6820 1017/6821 472/6822
f 1025/6823 1018/6824 490/6825
f 1018/6826 1022/6827 490/6828
f 1017/6829 1024/6830 472/6831
f 1022/6832 472/6833 490/6834
f 1025/6835 490/6836 473/6837
f 708/6838 1014/6839 1011/6840
f 1011/6841 1012/6842 713/6843
f 1011/6844 1014/6845 1012/6846
f 1439/6847 1440/6848 367/6849
f 1440/6850 1441/6851 765/6852
f 1445/6853 1611/6854 835/6855
f 1012/6856 1013/6857 709/6858
f 1440/6859 707/6860 709/6861
f 1516/6862 765/6863 715/6864
f 1247/6865 1597/6866 1619/6867
f 1439/6868 1611/6869 1445/6870
f 1440/6871 765/6872 367/6873
f 715/6874 765/6875 1441/6876
f 1013/6877 1012/6878 1014/6879
f 1445/6880 835/6881 770/6882
f 715/6883 714/6884 1516/6885
f 1620/6886 1619/6887 1011/6888
f 1011/6889 1612/6890 714/6891
f 366/6892 828/6893 367/6894
f 1596/6895 1516/6896 1612/6897
f 828/6898 1596/6899 1597/6900
f 1597/6901 1596/6902 1612/6903
f 1598/6904 1243/6905 1613/6906
f 1620/6907 1247/6908 1619/6909
f 1620/6910 835/6911 1611/6912
f 1611/6913 1610/6914 1613/6915
f 1610/6916 827/6917 1613/6918
f 827/6919 1598/6920 1613/6921
f 1247/6922 1243/6923 1597/6924
f 1011/6925 1619/6926 1612/6927
f 828/6928 1597/6929 1598/6930
f 1613/6931 1620/6932 1611/6933
f 714/6934 1612/6935 1516/6936
f 1613/6937 1243/6938 1247/6939
f 827/6940 828/6941 1598/6942
f 713/6943 709/6944 1439/6945
f 1439/6946 709/6947 707/6948
f 1620/6949 770/6950 835/6951
f 1011/6952 713/6953 1620/6954
f 770/6955 713/6956 1445/6957
f 367/6958 828/6959 827/6960
f 1611/6961 1439/6962 1610/6963
f 715/6964 1441/6965 708/6966
f 1439/6967 707/6968 1440/6969
f 367/6970 827/6971 1610/6972
f 1596/6973 828/6974 1516/6975
f 1516/6976 828/6977 366/6978
f 366/6979 765/6980 1516/6981
f 709/6982 708/6983 1440/6984
f 713/6985 770/6986 1620/6987
f 708/6988 1441/6989 1440/6990
f 1597/6991 1612/6992 1619/6993
f 1439/6994 1445/6995 713/6996
f 715/6997 708/6998 714/6999
f 1012/7000 709/7001 713/7002
f 1613/7003 1247/7004 1620/7005
f 714/7006 708/7007 1011/7008
f 765/7009 366/7010 367/7011
f 1597/7012 1243/7013 1598/7014
f 367/7015 1610/7016 1439/7017
f 1013/7018 1014/7019 708/7020
f 1013/7021 708/7022 709/7023
f 740/7024 1674/7025 1673/7026
f 739/7027 747/7028 1672/7029
f 1670/7030 365/7031 1671/7032
f 616/7033 1674/7034 1672/7035
f 618/7036 621/7037 373/7038
f 365/7039 1673/7040 368/7041
f 1669/7042 1671/7043 617/7044
f 617/7045 619/7046 616/7047
f 616/7048 619/7049 1559/7050
f 374/7051 621/7052 622/7053
f 617/7054 1671/7055 365/7056
f 1669/7057 616/7058 1672/7059
f 617/7060 620/7061 619/7062
f 365/7063 1670/7064 1673/7065
f 621/7066 1554/7067 622/7068
f 621/7069 1559/7070 1554/7071
f 618/7072 1559/7073 621/7074
f 618/7075 616/7076 1559/7077
f 747/7078 746/7079 1672/7080
f 1670/7081 740/7082 1673/7083
f 617/7084 616/7085 1669/7086
f 1559/7087 620/7088 1553/7089
f 1554/7090 1559/7091 1553/7092
f 747/7093 739/7094 1670/7095
f 1670/7096 746/7097 747/7098
f 1672/7099 1670/7100 1671/7101
f 620/7102 622/7103 1553/7104
f 374/7105 365/7106 368/7107
f 740/7108 1670/7109 739/7110
f 1673/7111 1674/7112 368/7113
f 1674/7114 740/7115 739/7116
f 1674/7117 739/7118 1672/7119
f 374/7120 617/7121 365/7122
f 373/7123 621/7124 368/7125
f 1672/7126 1671/7127 1669/7128
f 746/7129 1670/7130 1672/7131
f 621/7132 374/7133 368/7134
f 618/7135 373/7136 1674/7137
f 1674/7138 373/7139 368/7140
f 617/7141 374/7142 622/7143
f 616/7144 618/7145 1674/7146
f 617/7147 622/7148 620/7149
f 619/7150 620/7151 1559/7152
f 1553/7153 622/7154 1554/7155
f 602/7156 1688/7157 605/7158
f 602/7159 1681/7160 1688/7161
f 313/7162 308/7163 412/7164
f 409/7165 312/7166 311/7167
f 411/7168 410/7169 409/7170
f 409/7171 311/7172 411/7173
f 313/7174 311/7175 312/7176
f 412/7177 308/7178 409/7179
f 409/7180 308/7181 312/7182
f 410/7183 412/7184 409/7185
f 311/7186 313/7187 411/7188
f 312/7189 308/7190 313/7191
f 313/7192 410/7193 411/7194
f 313/7195 412/7196 410/7197
f 306/7198 326/7199 327/7200
f 307/7201 317/7202 326/7203
f 305/7204 306/7205 327/7206
f 326/7207 317/7208 318/7209
f 318/7210 305/7211 326/7212
f 307/7213 306/7214 305/7215
f 307/7216 289/7217 317/7218
f 306/7219 307/7220 326/7221
f 305/7222 317/7223 307/7224
f 305/7225 327/7226 326/7227
f 318/7228 317/7229 305/7230
f 317/7231 289/7232 307/7233
f 425/7234 426/7235 401/7236
f 417/7237 418/7238 402/7239
f 402/7240 425/7241 417/7242
f 417/7243 426/7244 424/7245
f 417/7246 424/7247 427/7248
f 425/7249 401/7250 417/7251
f 417/7252 401/7253 426/7254
f 427/7255 424/7256 425/7257
f 402/7258 418/7259 425/7260
f 424/7261 426/7262 425/7263
f 418/7264 417/7265 427/7266
f 425/7267 418/7268 427/7269
f 433/7270 1286/7271 753/7272
f 1032/7273 649/7274 629/7275
f 1294/7276 1300/7277 783/7278
f 1286/7279 1294/7280 753/7281
f 1300/7282 1301/7283 783/7284
f 462/7285 1301/7286 1300/7287
f 546/7288 1306/7289 461/7290
f 783/7291 1306/7292 546/7293
f 1230/7294 783/7295 1279/7296
f 461/7297 462/7298 1627/7299
f 753/7300 422/7301 534/7302
f 1273/7303 629/7304 627/7305
f 649/7306 628/7307 1122/7308
f 627/7309 1122/7310 628/7311
f 1032/7312 629/7313 1040/7314
f 1040/7315 1273/7316 1627/7317
f 432/7318 753/7319 1040/7320
f 649/7321 1122/7322 629/7323
f 629/7324 1122/7325 627/7326
f 534/7327 546/7328 1032/7329
f 1273/7330 627/7331 628/7332
f 461/7333 1306/7334 1301/7335
f 1040/7336 753/7337 1032/7338
f 783/7339 1301/7340 1306/7341
f 546/7342 1627/7343 1273/7344
f 1040/7345 433/7346 432/7347
f 546/7348 1273/7349 649/7350
f 1627/7351 462/7352 457/7353
f 753/7354 783/7355 422/7356
f 457/7357 1300/7358 1294/7359
f 422/7360 1278/7361 534/7362
f 1230/7363 1279/7364 1278/7365
f 461/7366 1301/7367 462/7368
f 534/7369 1278/7370 1279/7371
f 783/7372 546/7373 1279/7374
f 1279/7375 546/7376 534/7377
f 462/7378 1300/7379 457/7380
f 783/7381 1230/7382 422/7383
f 422/7384 1230/7385 1278/7386
f 1661/7387 1286/7388 433/7389
f 1294/7390 1286/7391 1661/7392
f 1040/7393 629/7394 1273/7395
f 1661/7396 1040/7397 1627/7398
f 433/7399 753/7400 432/7401
f 534/7402 1032/7403 753/7404
f 1294/7405 783/7406 753/7407
f 457/7408 1294/7409 1661/7410
f 546/7411 461/7412 1627/7413
f 1627/7414 457/7415 1661/7416
f 546/7417 649/7418 1032/7419
f 1273/7420 628/7421 649/7422
f 1661/7423 433/7424 1040/7425
f 1558/7426 626/7427 1421/7428
f 1691/7429 855/7430 1425/7431
f 1192/7432 579/7433 1421/7434
f 1691/7435 1317/7436 626/7437
f 1432/7438 1480/7439 1496/7440
f 230/7441 1389/7442 1124/7443
f 1496/7444 1480/7445 802/7446
f 802/7447 1434/7448 230/7449
f 1496/7450 609/7451 1133/7452
f 1389/7453 1481/7454 1124/7455
f 1434/7456 1558/7457 1376/7458
f 1432/7459 1332/7460 1480/7461
f 1376/7462 579/7463 658/7464
f 1432/7465 1496/7466 1133/7467
f 230/7468 1124/7469 889/7470
f 609/7471 388/7472 987/7473
f 1496/7474 802/7475 1408/7476
f 802/7477 230/7478 1408/7479
f 1434/7480 1389/7481 230/7482
f 1376/7483 1462/7484 1389/7485
f 1434/7486 855/7487 1691/7488
f 658/7489 1133/7490 1462/7491
f 1332/7492 1548/7493 1425/7494
f 889/7495 1253/7496 1579/7497
f 297/7498 1051/7499 1687/7500
f 609/7501 1687/7502 231/7503
f 1124/7504 388/7505 1253/7506
f 1432/7507 579/7508 1192/7509
f 1480/7510 855/7511 802/7512
f 889/7513 1051/7514 529/7515
f 1442/7516 889/7517 529/7518
f 1408/7519 297/7520 1496/7521
f 1253/7522 388/7523 231/7524
f 889/7525 1579/7526 1051/7527
f 1408/7528 889/7529 1442/7530
f 1133/7531 1481/7532 1462/7533
f 1481/7534 609/7535 987/7536
f 1548/7537 535/7538 1425/7539
f 1691/7540 1425/7541 1317/7542
f 1192/7543 1421/7544 1548/7545
f 1691/7546 626/7547 1558/7548
f 1496/7549 297/7550 609/7551
f 1389/7552 1462/7553 1481/7554
f 1408/7555 230/7556 889/7557
f 1133/7558 609/7559 1481/7560
f 1442/7561 529/7562 297/7563
f 626/7564 530/7565 1421/7566
f 1317/7567 535/7568 389/7569
f 1317/7570 389/7571 626/7572
f 1558/7573 1421/7574 579/7575
f 1332/7576 1425/7577 855/7578
f 530/7579 535/7580 1548/7581
f 1192/7582 1548/7583 1332/7584
f 1548/7585 1421/7586 530/7587
f 1170/7588 1253/7589 249/7590
f 1481/7591 987/7592 1124/7593
f 609/7594 231/7595 388/7596
f 1432/7597 658/7598 579/7599
f 1480/7600 1332/7601 855/7602
f 1376/7603 1558/7604 579/7605
f 231/7606 1391/7607 1253/7608
f 1579/7609 1170/7610 1051/7611
f 231/7612 249/7613 1391/7614
f 249/7615 1687/7616 1170/7617
f 1687/7618 1051/7619 1170/7620
f 1408/7621 1442/7622 297/7623
f 1434/7624 1691/7625 1558/7626
f 1432/7627 1192/7628 1332/7629
f 609/7630 297/7631 1687/7632
f 1124/7633 987/7634 388/7635
f 889/7636 1124/7637 1253/7638
f 297/7639 529/7640 1051/7641
f 1253/7642 1391/7643 249/7644
f 1253/7645 1170/7646 1579/7647
f 1687/7648 249/7649 231/7650
f 626/7651 389/7652 530/7653
f 1317/7654 1425/7655 535/7656
f 535/7657 530/7658 389/7659
f 1376/7660 658/7661 1462/7662
f 1434/7663 802/7664 855/7665
f 658/7666 1432/7667 1133/7668
f 1434/7669 1376/7670 1389/7671
f 1231/7672 1030/7673 1689/7674
f 1343/7675 1542/7676 1541/7677
f 1331/7678 212/7679 798/7680
f 1689/7681 1625/7682 1231/7683
f 1625/7684 1651/7685 1231/7686
f 1539/7687 798/7688 1319/7689
f 1250/7690 1342/7691 1270/7692
f 798/7693 1444/7694 551/7695
f 801/7696 1068/7697 918/7698
f 416/7699 253/7700 667/7701
f 458/7702 667/7703 1718/7704
f 416/7705 1399/7706 1145/7707
f 1524/7708 458/7709 1468/7710
f 1343/7711 974/7712 1399/7713
f 1251/7714 1330/7715 1468/7716
f 1030/7717 918/7718 1689/7719
f 458/7720 1718/7721 1468/7722
f 416/7723 1145/7724 253/7725
f 1062/7726 253/7727 1145/7728
f 1204/7729 1042/7730 1062/7731
f 1342/7732 1541/7733 1453/7734
f 1331/7735 1250/7736 1577/7737
f 1539/7738 1524/7739 1330/7740
f 1330/7741 1251/7742 1250/7743
f 1635/7744 416/7745 458/7746
f 1251/7747 1343/7748 1342/7749
f 1251/7750 993/7751 974/7752
f 1635/7753 1542/7754 1399/7755
f 1577/7756 1270/7757 1281/7758
f 1270/7759 1453/7760 1460/7761
f 993/7762 1718/7763 1062/7764
f 416/7765 667/7766 458/7767
f 993/7768 1062/7769 974/7770
f 1062/7771 1042/7772 253/7773
f 667/7774 1204/7775 1718/7776
f 1062/7777 1718/7778 1204/7779
f 1270/7780 1460/7781 918/7782
f 1577/7783 1231/7784 551/7785
f 1577/7786 1281/7787 1231/7788
f 801/7789 798/7790 1625/7791
f 551/7792 552/7793 1625/7794
f 1542/7795 1635/7796 1307/7797
f 1635/7798 1524/7799 1539/7800
f 1231/7801 1281/7802 1030/7803
f 1307/7804 1319/7805 1453/7806
f 1343/7807 1541/7808 1342/7809
f 798/7810 801/7811 1319/7812
f 1307/7813 1453/7814 1541/7815
f 1635/7816 458/7817 1524/7818
f 1251/7819 1342/7820 1250/7821
f 1281/7822 918/7823 1030/7824
f 974/7825 1145/7826 1399/7827
f 1231/7828 1651/7829 552/7830
f 1068/7831 1625/7832 1689/7833
f 1542/7834 1307/7835 1541/7836
f 1635/7837 1539/7838 1307/7839
f 1539/7840 1330/7841 1331/7842
f 1330/7843 1250/7844 1331/7845
f 801/7846 1460/7847 1453/7848
f 798/7849 551/7850 1625/7851
f 801/7852 918/7853 1460/7854
f 1331/7855 798/7856 1539/7857
f 1231/7858 552/7859 551/7860
f 1342/7861 1453/7862 1270/7863
f 1331/7864 1577/7865 212/7866
f 1539/7867 1319/7868 1307/7869
f 1250/7870 1270/7871 1577/7872
f 1251/7873 1468/7874 993/7875
f 212/7876 1577/7877 1444/7878
f 1251/7879 974/7880 1343/7881
f 1635/7882 1399/7883 416/7884
f 1524/7885 1468/7886 1330/7887
f 1343/7888 1399/7889 1542/7890
f 1270/7891 918/7892 1281/7893
f 1577/7894 551/7895 1444/7896
f 801/7897 1625/7898 1068/7899
f 974/7900 1062/7901 1145/7902
f 993/7903 1468/7904 1718/7905
f 212/7906 1444/7907 798/7908
f 1453/7909 1319/7910 801/7911
f 1625/7912 552/7913 1651/7914
f 1068/7915 1689/7916 918/7917
f 667/7918 253/7919 1204/7920
f 1204/7921 253/7922 1042/7923
f 375/7924 1238/7925 483/7926
f 209/7927 575/7928 1513/7929
f 1305/7930 1038/7931 1549/7932
f 1060/7933 229/7934 520/7935
f 1075/7936 979/7937 229/7938
f 1146/7939 1037/7940 1038/7941
f 1392/7942 575/7943 1313/7944
f 1735/7945 1060/7946 520/7947
f 1060/7948 209/7949 743/7950
f 781/7951 1123/7952 1038/7953
f 1305/7954 737/7955 743/7956
f 743/7957 1075/7958 1060/7959
f 1482/7960 229/7961 1123/7962
f 1392/7963 1482/7964 781/7965
f 1483/7966 520/7967 1482/7968
f 743/7969 1513/7970 1305/7971
f 1513/7972 781/7973 1305/7974
f 483/7975 1465/7976 807/7977
f 956/7978 528/7979 847/7980
f 859/7981 1208/7982 575/7983
f 737/7984 1308/7985 1075/7986
f 1146/7987 979/7988 1289/7989
f 859/7990 807/7991 677/7992
f 956/7993 1465/7994 1238/7995
f 1313/7996 1208/7997 528/7998
f 1483/7999 1313/8000 956/8001
f 209/8002 483/8003 859/8004
f 1483/8005 1238/8006 1735/8007
f 1308/8008 223/8009 979/8010
f 1146/8011 549/8012 1037/8013
f 737/8014 917/8015 899/8016
f 1309/8017 898/8018 988/8019
f 988/8020 898/8021 1560/8022
f 549/8023 1560/8024 898/8025
f 899/8026 898/8027 1309/8028
f 843/8029 223/8030 222/8031
f 528/8032 1208/8033 1149/8034
f 807/8035 847/8036 677/8037
f 1037/8038 917/8039 1549/8040
f 1289/8041 843/8042 549/8043
f 899/8044 1309/8045 1308/8046
f 979/8047 843/8048 1289/8049
f 375/8050 1735/8051 1238/8052
f 209/8053 859/8054 575/8055
f 1305/8056 781/8057 1038/8058
f 1060/8059 1075/8060 229/8061
f 1038/8062 1123/8063 1146/8064
f 737/8065 899/8066 1308/8067
f 1075/8068 1308/8069 979/8070
f 229/8071 979/8072 1146/8073
f 1038/8074 1037/8075 1549/8076
f 1483/8077 1392/8078 1313/8079
f 209/8080 375/8081 483/8082
f 1483/8083 956/8084 1238/8085
f 1308/8086 1309/8087 223/8088
f 1146/8089 1289/8090 549/8091
f 737/8092 1549/8093 917/8094
f 859/8095 483/8096 807/8097
f 956/8098 847/8099 1465/8100
f 1313/8101 575/8102 1208/8103
f 677/8104 847/8105 1149/8106
f 807/8107 1465/8108 847/8109
f 847/8110 528/8111 1149/8112
f 1149/8113 1208/8114 677/8115
f 1037/8116 549/8117 917/8118
f 917/8119 549/8120 899/8121
f 979/8122 223/8123 843/8124
f 743/8125 209/8126 1513/8127
f 1513/8128 1392/8129 781/8130
f 781/8131 1482/8132 1123/8133
f 743/8134 737/8135 1075/8136
f 1482/8137 520/8138 229/8139
f 1392/8140 1483/8141 1482/8142
f 1483/8143 1735/8144 520/8145
f 1392/8146 1513/8147 575/8148
f 1735/8149 375/8150 1060/8151
f 1060/8152 375/8153 209/8154
f 229/8155 1146/8156 1123/8157
f 843/8158 1560/8159 549/8160
f 483/8161 1238/8162 1465/8163
f 956/8164 1313/8165 528/8166
f 859/8167 677/8168 1208/8169
f 1309/8170 222/8171 223/8172
f 988/8173 222/8174 1309/8175
f 843/8176 988/8177 1560/8178
f 549/8179 898/8180 899/8181
f 843/8182 222/8183 988/8184
f 1305/8185 1549/8186 737/8187
f 1456/8188 1454/8189 448/8190
f 1454/8191 959/8192 448/8193
f 262/8194 1454/8195 448/8196
f 262/8197 448/8198 1576/8199
f 1454/8200 958/8201 959/8202
f 1454/8203 1456/8204 448/8205
f 959/8206 1455/8207 1576/8208
f 1455/8209 959/8210 262/8211
f 1455/8212 262/8213 1576/8214
f 959/8215 958/8216 1454/8217
f 959/8218 1576/8219 448/8220
f 262/8221 959/8222 1454/8223
f 553/8224 1187/8225 750/8226
f 1637/8227 1737/8228 1162/8229
f 750/8230 1162/8231 1737/8232
f 750/8233 553/8234 1637/8235
f 1639/8236 1637/8237 1162/8238
f 750/8239 1638/8240 1737/8241
f 1637/8242 1639/8243 1162/8244
f 1637/8245 553/8246 750/8247
f 1638/8248 750/8249 1737/8250
f 750/8251 1187/8252 553/8253
f 1637/8254 750/8255 1737/8256
f 750/8257 1637/8258 1162/8259
f 585/8260 1324/8261 544/8262
f 1325/8263 1324/8264 544/8265
f 585/8266 542/8267 1324/8268
f 1324/8269 542/8270 1323/8271
f 585/8272 544/8273 545/8274
f 1324/8275 1239/8276 542/8277
f 1323/8278 542/8279 585/8280
f 544/8281 1323/8282 545/8283
f 544/8284 1324/8285 1323/8286
f 542/8287 1239/8288 1324/8289
f 1324/8290 1325/8291 544/8292
f 545/8293 1323/8294 585/8295
f 967/8296 682/8297 1348/8298
f 1350/8299 1349/8300 684/8301
f 684/8302 1093/8303 683/8304
f 967/8305 1349/8306 682/8307
f 683/8308 967/8309 685/8310
f 967/8311 683/8312 1093/8313
f 1350/8314 684/8315 682/8316
f 682/8317 684/8318 683/8319
f 684/8320 1094/8321 1093/8322
f 1094/8323 1349/8324 967/8325
f 683/8326 685/8327 1348/8328
f 685/8329 967/8330 1348/8331
f 1349/8332 1350/8333 682/8334
f 1349/8335 1094/8336 684/8337
f 682/8338 683/8339 1348/8340
f 1094/8341 967/8342 1093/8343
f 1474/8344 1452/8345 1035/8346
f 851/8347 1035/8348 214/8349
f 1446/8350 1447/8351 738/8352
f 1446/8353 215/8354 1447/8355
f 1474/8356 725/8357 1452/8358
f 1446/8359 738/8360 851/8361
f 1452/8362 830/8363 565/8364
f 1035/8365 565/8366 1036/8367
f 725/8368 830/8369 1452/8370
f 1035/8371 1452/8372 565/8373
f 1446/8374 214/8375 215/8376
f 1446/8377 851/8378 214/8379
f 214/8380 1036/8381 215/8382
f 851/8383 1474/8384 1035/8385
f 214/8386 1035/8387 1036/8388
f 1709/8389 845/8390 509/8391
f 547/8392 1709/8393 509/8394
f 573/8395 509/8396 510/8397
f 1709/8398 291/8399 845/8400
f 547/8401 509/8402 573/8403
f 573/8404 510/8405 1148/8406
f 509/8407 846/8408 510/8409
f 845/8410 292/8411 846/8412
f 250/8413 280/8414 291/8415
f 1709/8416 250/8417 291/8418
f 845/8419 291/8420 292/8421
f 509/8422 845/8423 846/8424
f 292/8425 291/8426 280/8427
f 573/8428 1148/8429 547/8430
f 1095/8431 623/8432 877/8433
f 420/8434 1205/8435 232/8436
f 232/8437 1497/8438 1161/8439
f 1095/8440 1345/8441 623/8442
f 232/8443 1161/8444 420/8445
f 1498/8446 1095/8447 1497/8448
f 1205/8449 1498/8450 1497/8451
f 1498/8452 966/8453 1345/8454
f 1497/8455 1095/8456 877/8457
f 1345/8458 1406/8459 623/8460
f 1498/8461 1345/8462 1095/8463
f 1497/8464 877/8465 1161/8466
f 966/8467 1406/8468 1345/8469
f 1205/8470 1497/8471 232/8472
f 1398/8473 1397/8474 315/8475
f 1397/8476 314/8477 315/8478
f 1398/8479 315/8480 314/8481
f 1397/8482 1398/8483 314/8484
f 1178/8485 1459/8486 565/8487
f 565/8488 1034/8489 1036/8490
f 1458/8491 423/8492 1447/8493
f 1178/8494 565/8495 1036/8496
f 213/8497 1447/8498 215/8499
f 1034/8500 215/8501 1036/8502
f 423/8503 1166/8504 1178/8505
f 565/8506 1459/8507 1034/8508
f 1458/8509 1166/8510 423/8511
f 1034/8512 213/8513 215/8514
f 1036/8515 215/8516 1178/8517
f 213/8518 1458/8519 1447/8520
f 1178/8521 215/8522 423/8523
f 215/8524 1447/8525 423/8526
f 1166/8527 1458/8528 213/8529
f 213/8530 1034/8531 1166/8532
f 1034/8533 1459/8534 1166/8535
f 1178/8536 1166/8537 1459/8538
f 1147/8539 680/8540 1148/8541
f 290/8542 846/8543 292/8544
f 844/8545 510/8546 846/8547
f 679/8548 1000/8549 680/8550
f 999/8551 292/8552 1000/8553
f 999/8554 290/8555 292/8556
f 679/8557 999/8558 1000/8559
f 508/8560 1148/8561 510/8562
f 290/8563 999/8564 1147/8565
f 290/8566 844/8567 846/8568
f 510/8569 1148/8570 292/8571
f 846/8572 510/8573 292/8574
f 844/8575 508/8576 510/8577
f 1148/8578 680/8579 1000/8580
f 508/8581 1147/8582 1148/8583
f 1147/8584 679/8585 680/8586
f 679/8587 1147/8588 999/8589
f 1147/8590 508/8591 290/8592
f 1000/8593 292/8594 1148/8595
f 508/8596 844/8597 290/8598
f 251/8599 1326/8600 782/8601
f 251/8602 782/8603 1326/8604
f 1228/8605 251/8606 782/8607
f 251/8608 1228/8609 782/8610
f 941/8611 673/8612 942/8613
f 673/8614 623/8615 877/8616
f 941/8617 876/8618 672/8619
f 672/8620 623/8621 673/8622
f 942/8623 673/8624 877/8625
f 877/8626 1161/8627 942/8628
f 1161/8629 420/8630 942/8631
f 419/8632 941/8633 942/8634
f 876/8635 1171/8636 1161/8637
f 1344/8638 877/8639 623/8640
f 1171/8641 419/8642 420/8643
f 672/8644 1344/8645 623/8646
f 876/8647 1344/8648 672/8649
f 1171/8650 876/8651 941/8652
f 941/8653 419/8654 1171/8655
f 941/8656 672/8657 673/8658
f 876/8659 1161/8660 877/8661
f 1171/8662 420/8663 1161/8664
f 419/8665 942/8666 420/8667
f 1344/8668 876/8669 877/8670
f 1183/8671 455/8672 346/8673
f 455/8674 345/8675 346/8676
f 1183/8677 346/8678 345/8679
f 455/8680 1183/8681 345/8682
f 768/8683 1493/8684 1502/8685
f 1433/8686 1502/8687 1431/8688
f 1502/8689 755/8690 1431/8691
f 1430/8692 768/8693 769/8694
f 1493/8695 1430/8696 1431/8697
f 1493/8698 768/8699 1430/8700
f 768/8701 1502/8702 769/8703
f 1433/8704 769/8705 1502/8706
f 1493/8707 755/8708 1502/8709
f 1493/8710 1431/8711 755/8712
f 1430/8713 1433/8714 1431/8715
f 1430/8716 769/8717 1433/8718
f 1544/8719 615/8720 856/8721
f 1390/8722 793/8723 856/8724
f 615/8725 1390/8726 856/8727
f 615/8728 712/8729 603/8730
f 1544/8731 712/8732 615/8733
f 603/8734 1390/8735 615/8736
f 603/8737 793/8738 1390/8739
f 793/8740 1544/8741 856/8742
f 603/8743 712/8744 1544/8745
f 603/8746 761/8747 793/8748
f 761/8749 603/8750 1544/8751
f 793/8752 761/8753 1544/8754
f 832/8755 1160/8756 541/8757
f 1160/8758 540/8759 541/8760
f 540/8761 693/8762 998/8763
f 832/8764 541/8765 833/8766
f 693/8767 833/8768 998/8769
f 540/8770 998/8771 541/8772
f 833/8773 541/8774 998/8775
f 833/8776 1297/8777 832/8778
f 1160/8779 832/8780 693/8781
f 832/8782 1297/8783 693/8784
f 693/8785 1297/8786 833/8787
f 693/8788 540/8789 1160/8790
f 1469/8791 702/8792 504/8793
f 505/8794 1469/8795 504/8796
f 1469/8797 701/8798 703/8799
f 703/8800 1144/8801 702/8802
f 1144/8803 505/8804 504/8805
f 505/8806 1144/8807 701/8808
f 505/8809 701/8810 1469/8811
f 1144/8812 703/8813 701/8814
f 1469/8815 703/8816 702/8817
f 1144/8818 504/8819 702/8820
f 720/8821 1150/8822 704/8823
f 1150/8824 720/8825 1475/8826
f 1150/8827 1475/8828 506/8829
f 1470/8830 1475/8831 720/8832
f 506/8833 1475/8834 1470/8835
f 1470/8836 704/8837 506/8838
f 1150/8839 506/8840 704/8841
f 1470/8842 720/8843 704/8844
f 495/8845 1131/8846 496/8847
f 696/8848 1476/8849 1477/8850
f 697/8851 1477/8852 1131/8853
f 698/8854 495/8855 496/8856
f 495/8857 1130/8858 1131/8859
f 476/8860 1130/8861 1476/8862
f 1130/8863 476/8864 477/8865
f 1130/8866 495/8867 1476/8868
f 1476/8869 696/8870 476/8871
f 1130/8872 477/8873 1131/8874
f 476/8875 697/8876 477/8877
f 476/8878 696/8879 697/8880
f 1477/8881 699/8882 1131/8883
f 696/8884 1477/8885 697/8886
f 495/8887 698/8888 1476/8889
f 1131/8890 477/8891 697/8892
f 699/8893 496/8894 1131/8895
f 698/8896 496/8897 699/8898
f 1476/8899 698/8900 699/8901
f 1476/8902 699/8903 1477/8904
f 330/8905 676/8906 681/8907
f 1282/8908 330/8909 1621/8910
f 329/8911 1282/8912 1593/8913
f 507/8914 543/8915 806/8916
f 543/8917 584/8918 806/8919
f 494/8920 507/8921 527/8922
f 578/8923 533/8924 254/8925
f 584/8926 578/8927 608/8928
f 533/8929 494/8930 526/8931
f 676/8932 329/8933 1593/8934
f 602/8935 605/8936 604/8937
f 605/8938 1688/8939 1682/8940
f 1688/8941 1681/8942 1682/8943
f 1681/8944 602/8945 1485/8946
f 526/8947 766/8948 533/8949
f 1682/8950 1499/8951 605/8952
f 533/8953 766/8954 254/8955
f 330/8956 681/8957 1621/8958
f 676/8959 1593/8960 681/8961
f 1282/8962 1621/8963 1593/8964
f 507/8965 806/8966 527/8967
f 578/8968 254/8969 608/8970
f 494/8971 527/8972 526/8973
f 584/8974 608/8975 806/8976
f 1681/8977 1485/8978 1682/8979
f 605/8980 1499/8981 604/8982
f 602/8983 604/8984 1485/8985
f 766/8986 526/8987 527/8988
f 527/8989 681/8990 1593/8991
f 806/8992 608/8993 254/8994
f 766/8995 527/8996 1593/8997
f 681/8998 527/8999 806/9000
f 1621/9001 681/9002 806/9003
f 254/9004 766/9005 1593/9006
f 1621/9007 806/9008 254/9009
f 254/9010 1593/9011 1621/9012
f 604/9013 1499/9014 1682/9015
f 1682/9016 1485/9017 604/9018
o Panel
g Panel
usemtl PanelCream
v -0.06112 0.11953 -3.61714
v -0.05005 0.10619 -2.84843
v -0.08944 0.03320 -2.65926
v -0.07726 0.15150 -3.67057
v -0.09742 0.15381 -3.41467
v -0.05564 0.20458 -1.94209
v -0.09650 0.15221 -3.61756
v -0.07921 0.19714 -2.77391
v -0.07921 0.20336 -2.83193
v -0.07921 0.19092 -2.79186
v -0.07921 0.18470 -2.83552
v -0.09459 0.07500 -2.70879
v -0.05494 0.16913 -1.94209
v -0.05577 0.16961 -1.94209
v -0.05577 0.13481 -1.94209
v -0.05661 0.13529 -1.94209
v -0.05577 0.09479 -2.65772
v -0.05577 0.09635 -2.51174
v -0.03818 0.18268 -3.36588
v -0.05577 0.10439 -2.72122
v -0.05577 0.10202 -2.72122
v -0.05687 0.09897 -2.70944
v -0.05577 0.09086 -2.65849
v -0.05577 0.19480 -2.75452
v -0.05577 0.16961 -3.41467
v -0.05521 0.01344 -2.65926
v -0.05577 0.00696 -2.70959
v -0.05577 0.00457 -2.72122
v -0.05577 0.10084 -2.76832
v -0.05577 0.09479 -2.65926
v -0.05577 0.18330 -2.76386
v -0.05489 0.11142 -2.75764
v -0.05651 0.00969 -2.51755
v -0.05739 0.19279 -3.41457
v -0.05747 0.17876 -3.61725
v -0.05577 0.18984 -2.85623
v -0.05634 0.01410 -2.65772
v -0.05164 0.17908 -3.66850
v -0.05577 0.00804 -2.77018
v -0.05577 0.00220 -2.72122
v -0.05462 0.01007 -2.50594
v -0.05577 0.01474 -2.11830
v -0.03944 0.15120 -3.62100
v -0.05577 0.09375 -2.82769
v -0.04451 0.13165 -3.67131
v -0.05577 0.13481 -3.41467
v -0.05577 0.11458 -2.85623
v -0.05577 0.11694 -3.41467
v -0.05628 0.10995 -3.41457
v -0.06338 0.11121 -3.61708
v -0.05577 0.11458 -3.36389
v -0.01632 0.07545 -2.70918
v -0.03234 0.20336 -2.78468
v -0.03234 0.19276 -2.84328
v -0.03234 0.19552 -2.82668
v -0.03234 0.18470 -2.78109
v -0.02523 0.13458 -3.41467
v -0.02523 0.14158 -3.47035
v -0.02098 0.14233 -3.62207
v -0.02528 0.15991 -3.45985
v -0.02470 0.16376 -3.61729
v -0.03541 0.18748 -3.41467
v -0.07616 0.12632 -3.63055
v -0.02239 0.03304 -2.65838
v -0.01687 0.03156 -2.70915
v -0.01067 0.17825 -1.94209
v -0.01067 0.17825 -2.01133
v -0.01025 0.12600 -1.94210
v -0.03860 0.16158 -3.67072
v -0.05577 0.10013 -1.94209
v -0.05577 0.10013 -2.01133
v -0.03761 0.13158 -2.75695
v -0.03761 0.13158 -2.85626
v -0.03871 0.09236 -2.82702
v -0.03761 0.07571 -2.75695
v -0.10088 0.17825 -1.94209
v -0.01160 0.00912 -1.94209
v -0.01156 0.01019 -2.12005
v -0.09983 0.12621 -1.94216
v -0.02074 0.07352 -2.82769
v -0.01940 0.04621 -2.82504
v -0.09306 0.07531 -2.51174
v -0.09523 0.05855 -2.11830
v -0.09348 0.03202 -2.51174
v -0.04070 0.16091 -1.94209
v -0.04070 0.14351 -1.94209
v -0.04070 0.15995 -1.94209
v -0.04154 0.14303 -1.94209
v -0.06815 0.18676 -3.45536
v -0.07058 0.14220 -3.61889
v -0.06481 0.18682 -3.62198
v -0.04070 0.14351 -3.41467
v -0.04070 0.16091 -3.41467
v -0.03696 0.11640 -3.29677
v -0.03696 0.11218 -3.28551
v -0.03696 0.11481 -3.34126
v -0.09001 0.07306 -2.65772
v -0.09058 0.07208 -2.65926
v -0.09001 0.03353 -2.65772
v -0.01836 0.17381 -2.43363
v -0.01822 0.18262 -1.94209
v -0.07773 0.12966 -3.45980
v -0.06333 0.10449 -1.94209
v -0.01887 0.17340 -2.75767
v -0.01672 0.09803 -2.12386
v -0.01813 0.13048 -2.75640
v -0.03782 0.12112 -3.36588
v -0.02885 0.13667 -2.76386
v -0.07037 0.16624 -3.62126
v -0.09428 0.14708 -2.85623
v -0.07614 0.18749 -3.36389
v -0.08836 0.17102 -2.76372
v -0.07439 0.18446 -3.27138
v -0.09011 0.17529 -3.41457
v -0.08450 0.17087 -3.36588
v -0.08836 0.13340 -3.27138
v -0.08836 0.13340 -2.76372
v -0.08630 0.13667 -3.36588
v -0.08836 0.13340 -3.36389
v -0.01868 0.16376 -3.62625
v -0.08048 0.08283 -2.16896
v -0.08310 0.01269 -2.15552
v -0.01741 0.13006 -3.61731
v -0.01883 0.15191 -3.45303
v -0.10002 0.07884 -2.72122
v -0.10002 0.07884 -2.76832
v -0.10002 0.02775 -2.76832
v -0.10002 0.02775 -2.72122
v -0.05577 0.16860 -2.76426
v -0.07540 0.16860 -2.85628
v -0.07540 0.21086 -2.76426
v -0.09797 0.07766 -2.70960
v -0.09797 0.07766 -2.72122
v -0.09594 0.03011 -2.71231
v -0.03893 0.10396 -3.27143
v -0.03893 0.15048 -3.36382
v -0.01358 0.07766 -2.71686
v -0.01358 0.02893 -2.70960
v -0.05577 0.10396 -3.36382
v -0.07262 0.10396 -3.27143
v -0.07262 0.15048 -3.36382
v -0.05577 0.15048 -3.27143
v -0.01613 0.07441 -2.76832
v -0.01204 0.02982 -2.72122
v -0.01153 0.07884 -2.72122
v -0.01153 0.02775 -2.72122
v -0.03615 0.21086 -2.76426
v -0.05577 0.21086 -2.85628
v -0.01613 0.03041 -2.76832
v -0.03615 0.16860 -2.85628
v -0.08558 0.17797 -3.62558
v -0.09413 0.13006 -3.61731
v -0.09212 0.13123 -3.41457
v -0.02081 0.07199 -2.65772
v -0.01617 0.07362 -2.51755
v -0.01477 0.15337 -3.41457
v -0.07759 0.17721 -3.45634
v -0.01726 0.14708 -2.85623
v -0.03715 0.18446 -2.76372
v -0.03541 0.11694 -2.76372
v -0.01726 0.14708 -3.36389
v -0.03541 0.11694 -3.27138
v -0.09274 0.17266 -2.75762
v -0.02319 0.17102 -3.27138
v -0.07164 0.12034 -3.45349
v -0.01160 0.09747 -1.94209
v -0.09995 0.00912 -1.94209
v -0.03107 0.02376 -2.16896
v -0.01845 0.07177 -2.16749
v -0.09094 0.12989 -2.75767
v -0.07459 0.11060 -3.33580
v -0.07459 0.11481 -3.29187
v -0.07459 0.11825 -3.34509
v -0.02135 0.07361 -2.65926
v -0.07001 0.16140 -1.94209
v -0.07085 0.14448 -1.94209
v -0.07085 0.16091 -1.94209
v -0.07085 0.14351 -1.94209
v -0.07085 0.16091 -3.41467
v -0.07085 0.14351 -3.41467
v -0.01866 0.03167 -2.51257
v -0.01930 0.07614 -2.50594
v -0.03670 0.08634 -2.11830
v -0.04118 0.12957 -3.61686
v -0.02239 0.03402 -2.11830
v -0.09081 0.07352 -2.76832
v -0.09350 0.05223 -2.82789
v -0.10001 0.09659 -2.11977
v -0.09995 0.09747 -1.94209
v -0.09081 0.03307 -2.76832
v -0.09560 0.04317 -2.16809
v -0.07394 0.13158 -2.85626
v -0.06416 0.10522 -2.85626
v -0.07394 0.13158 -2.75695
v -0.07249 0.08659 -2.82617
v -0.07394 0.07571 -2.75695
vt 0.14841 0.72662
vt 0.14841 0.63553
vt 0.14841 0.54991
vt 0.17663 0.64443
vt 0.14847 0.82954
vt 0.14847 0.61836
vt 0.52837 0.52345
vt 0.95996 0.46931
vt 0.99996 0.59430
vt 0.17663 0.56991
vt 0.14847 0.61836
vt 0.14847 0.51640
vt 0.17663 0.56991
vt 0.14847 0.72451
vt 0.17663 0.86498
vt 0.52837 0.52345
vt 0.52908 0.61478
vt 0.99999 0.59329
vt 0.53017 0.92307
vt 1.00000 0.96993
vt 0.95996 0.84375
vt 0.14847 0.72451
vt 0.00163 0.84773
vt 0.14847 0.91339
vt 0.14847 0.51640
vt 0.14847 0.61836
vt 0.12596 0.56617
vt 0.00034 0.76386
vt 0.03126 0.84617
vt 0.00163 0.84773
vt 0.52837 0.52345
vt 0.52477 0.64443
vt 0.52908 0.61478
vt 0.52477 0.86794
vt 0.53017 0.92307
vt 0.52835 0.82050
vt 0.14841 0.72662
vt 0.14841 0.80234
vt 0.14841 0.76064
vt 0.02894 0.78619
vt 0.03108 0.71893
vt 0.03031 0.67096
vt 0.52837 0.52345
vt 0.99999 0.59329
vt 0.95996 0.46931
vt 0.11621 0.66797
vt 0.03149 0.61042
vt 0.14841 0.63442
vt 0.53017 0.92307
vt 0.95996 0.84375
vt 0.71574 0.82246
vt 0.02605 0.77429
vt 0.12623 0.71748
vt 0.12229 0.75582
vt 0.14847 0.72451
vt 0.03122 0.61279
vt 0.12623 0.71748
vt 0.02605 0.77429
vt 0.14847 0.72451
vt 0.12623 0.71748
vt 0.03122 0.61279
vt 0.00043 0.71555
vt 0.00000 0.62038
vt 0.00043 0.71555
vt 0.00163 0.84773
vt 0.02894 0.78619
vt 0.14847 0.91339
vt 0.00163 0.84773
vt 0.12488 0.88451
vt 0.00163 0.84773
vt 0.02853 0.88481
vt 0.12488 0.88451
vt 0.02605 0.77429
vt 0.00034 0.76386
vt 0.00163 0.84773
vt 0.03136 0.52243
vt 0.14847 0.51640
vt 0.12596 0.56617
vt 0.03122 0.61279
vt 0.02848 0.67157
vt 0.12623 0.71748
vt 0.14847 0.61836
vt 0.03122 0.61279
vt 0.12596 0.56617
vt 0.03122 0.61279
vt 0.02357 0.59486
vt 0.12596 0.56617
vt 0.00000 0.62038
vt 0.03136 0.52243
vt 0.02357 0.59486
vt 0.02357 0.59486
vt 0.03122 0.61279
vt 0.00000 0.62038
vt 0.14847 0.51640
vt 0.03136 0.52243
vt 0.03122 0.61279
vt 0.03126 0.84617
vt 0.03124 0.77429
vt 0.14841 0.88796
vt 0.03122 0.61279
vt 0.00000 0.62038
vt 0.02848 0.67157
vt 0.00000 0.62038
vt 0.00034 0.76386
vt 0.02848 0.67157
vt 0.00163 0.84773
vt 0.03126 0.84617
vt 0.02894 0.78619
vt 0.14847 0.72451
vt 0.02605 0.77429
vt 0.00163 0.84773
vt 0.02644 0.84238
vt 0.14847 0.82954
vt 0.12431 0.83876
vt 0.14841 0.72662
vt 0.14841 0.67723
vt 0.14841 0.63553
vt 0.03149 0.61042
vt 0.03132 0.56230
vt 0.14841 0.54991
vt 0.00034 0.76386
vt 0.00000 0.62038
vt 0.02909 0.71410
vt 0.12232 0.61084
vt 0.03108 0.71893
vt 0.14841 0.72662
vt 0.12488 0.88451
vt 0.03126 0.84617
vt 0.14841 0.88796
vt 0.12488 0.88451
vt 0.12431 0.83876
vt 0.14847 0.82954
vt 0.03126 0.84617
vt 0.02909 0.71410
vt 0.03124 0.77429
vt 0.00043 0.71555
vt 0.02644 0.84238
vt 0.00163 0.84773
vt 0.14841 0.88796
vt 0.14841 0.76064
vt 0.14841 0.80234
vt 0.02853 0.88481
vt 0.00163 0.84773
vt 0.02644 0.84238
vt 0.12232 0.61084
vt 0.02357 0.59486
vt 0.03108 0.71893
vt 0.14841 0.54991
vt 0.03132 0.56230
vt 0.12596 0.56617
vt 0.03122 0.61279
vt 0.03136 0.52243
vt 0.00000 0.62038
vt 0.12431 0.83876
vt 0.12488 0.88451
vt 0.14841 0.88796
vt 0.14847 0.91339
vt 0.12488 0.88451
vt 0.14847 0.82954
vt 0.14847 0.61836
vt 0.14847 0.82954
vt 0.02644 0.84238
vt 0.14841 0.63442
vt 0.14841 0.54991
vt 0.14841 0.63553
vt 0.03108 0.71893
vt 0.02894 0.78619
vt 0.12431 0.83876
vt 0.12488 0.88451
vt 0.02853 0.88481
vt 0.03126 0.84617
vt 0.11621 0.66797
vt 0.12623 0.71748
vt 0.02848 0.67157
vt 0.00043 0.71555
vt 0.02894 0.78619
vt 0.03031 0.67096
vt 0.14841 0.88796
vt 0.14841 0.63442
vt 0.14841 0.67723
vt 0.14841 0.72662
vt 0.14841 0.88796
vt 0.14841 0.80234
vt 0.14841 0.72662
vt 0.14841 0.76064
vt 0.14841 0.67723
vt 0.00000 0.62038
vt 0.00043 0.71555
vt 0.03149 0.61042
vt 0.02909 0.71410
vt 0.02848 0.67157
vt 0.02605 0.77429
vt 0.12596 0.56617
vt 0.03132 0.56230
vt 0.03136 0.52243
vt 0.14841 0.54991
vt 0.12596 0.56617
vt 0.12232 0.61084
vt 0.12431 0.83876
vt 0.02894 0.78619
vt 0.02644 0.84238
vt 0.00000 0.62038
vt 0.03149 0.61042
vt 0.02909 0.71410
vt 0.00034 0.76386
vt 0.02909 0.71410
vt 0.03126 0.84617
vt 0.02894 0.78619
vt 0.02853 0.88481
vt 0.02644 0.84238
vt 0.17663 0.56991
vt 0.14847 0.51640
vt 0.14847 0.72451
vt 0.02357 0.59486
vt 0.03136 0.52243
vt 0.03132 0.56230
vt 0.12229 0.75582
vt 0.03124 0.77429
vt 0.02605 0.77429
vt 0.02853 0.88481
vt 0.02894 0.78619
vt 0.03126 0.84617
vt 0.17663 0.86498
vt 0.14847 0.72451
vt 0.14847 0.91339
vt 0.17663 0.56991
vt 0.17663 0.64443
vt 0.14847 0.61836
vt 0.14841 0.72662
vt 0.03108 0.71893
vt 0.12431 0.83876
vt 0.12232 0.61084
vt 0.12596 0.56617
vt 0.02357 0.59486
vt 0.14841 0.88796
vt 0.12229 0.75582
vt 0.14841 0.63442
vt 0.12229 0.75582
vt 0.12623 0.71748
vt 0.14841 0.63442
vt 0.52838 0.81695
vt 0.17663 0.86498
vt 0.17663 0.80836
vt 0.52477 0.86794
vt 0.52835 0.82050
vt 0.17663 0.86498
vt 0.71574 0.82246
vt 0.95996 0.84375
vt 0.99999 0.59329
vt 0.71574 0.82246
vt 0.99999 0.59329
vt 0.52908 0.61478
vt 0.53017 0.92307
vt 0.52838 0.81695
vt 1.00000 0.96993
vt 0.11621 0.66797
vt 0.02848 0.67157
vt 0.03149 0.61042
vt 0.14841 0.88796
vt 0.03124 0.77429
vt 0.12229 0.75582
vt 0.03132 0.56230
vt 0.03149 0.61042
vt 0.02357 0.59486
vt 0.17663 0.80836
vt 0.14847 0.91339
vt 0.14847 0.82954
vt 0.52838 0.81695
vt 0.52835 0.61197
vt 0.99996 0.59430
vt 0.17663 0.64443
vt 0.17663 0.80836
vt 0.14847 0.82954
vt 0.52835 0.82050
vt 0.71574 0.82246
vt 0.52908 0.61478
vt 0.17663 0.86498
vt 0.52477 0.64443
vt 0.17663 0.56991
vt 0.52837 0.52345
vt 0.17663 0.64443
vt 0.17663 0.56991
vt 0.52838 0.81695
vt 0.52477 0.86794
vt 0.17663 0.86498
vt 0.52835 0.61197
vt 0.17663 0.80836
vt 0.17663 0.64443
vt 0.17663 0.86498
vt 0.52835 0.82050
vt 0.52477 0.64443
vt 0.52477 0.64443
vt 0.52837 0.52345
vt 0.17663 0.56991
vt 0.52837 0.52345
vt 0.52835 0.61197
vt 0.17663 0.64443
vt 0.52835 0.61197
vt 0.52838 0.81695
vt 0.17663 0.80836
vt 0.53017 0.92307
vt 0.71574 0.82246
vt 0.52835 0.82050
vt 0.52835 0.61197
vt 0.52837 0.52345
vt 0.99996 0.59430
vt 0.17663 0.80836
vt 0.17663 0.86498
vt 0.14847 0.91339
vt 0.03124 0.77429
vt 0.02909 0.71410
vt 0.02605 0.77429
vt 0.12232 0.61084
vt 0.14841 0.72662
vt 0.14841 0.54991
vt 0.12623 0.71748
vt 0.11621 0.66797
vt 0.14841 0.63442
vt 0.12431 0.83876
vt 0.14841 0.88796
vt 0.14841 0.72662
vt 0.14841 0.88796
vt 0.14841 0.67723
vt 0.14841 0.76064
vt 0.14841 0.63442
vt 0.14841 0.63553
vt 0.14841 0.67723
vt 0.52477 0.86794
vt 0.52838 0.81695
vt 0.53017 0.92307
vt 0.52835 0.82050
vt 0.52908 0.61478
vt 0.52477 0.64443
vt 0.02357 0.59486
vt 0.03149 0.61042
vt 0.03031 0.67096
vt 0.02605 0.77429
vt 0.02848 0.67157
vt 0.00034 0.76386
vt 0.02848 0.67157
vt 0.02909 0.71410
vt 0.03149 0.61042
vt 0.14847 0.61836
vt 0.02644 0.84238
vt 0.03122 0.61279
vt 0.02644 0.84238
vt 0.00043 0.71555
vt 0.03122 0.61279
vt 0.14847 0.51640
vt 0.03122 0.61279
vt 0.14847 0.72451
vt 0.03031 0.67096
vt 0.03108 0.71893
vt 0.02357 0.59486
vt 0.03149 0.61042
vt 0.14841 0.54991
vt 0.14841 0.63442
vt 0.00043 0.71555
vt 0.03031 0.67096
vt 0.03149 0.61042
vt 0.52486 0.80910
vt 0.52486 0.62877
vt 0.52486 0.54988
vt 0.52486 0.54988
vt 0.52486 0.87350
vt 0.52486 0.80910
vt 0.52486 0.54988
vt 0.47135 0.69434
vt 0.47135 0.53861
vt 0.47135 0.69434
vt 0.52486 0.54988
vt 0.47135 0.53861
vt 0.47135 0.89926
vt 0.52486 0.87350
vt 0.47135 0.69434
vt 0.47135 0.69434
vt 0.47135 0.53861
vt 0.47135 0.69434
vt 0.52486 0.80910
vt 0.47135 0.89926
vt 0.47135 0.69434
vt 0.52486 0.62877
vt 0.52486 0.80910
vt 0.47135 0.69434
vt 0.47135 0.69434
vt 0.52486 0.87350
vt 0.52486 0.54988
vt 0.52486 0.80910
vt 0.52486 0.87350
vt 0.47135 0.89926
vt 0.52486 0.54988
vt 0.52486 0.62877
vt 0.47135 0.69434
vt 0.47135 0.69434
vt 0.47135 0.89926
vt 0.47135 0.69434
vt 0.23128 0.62877
vt 0.23128 0.87350
vt 0.17778 0.88799
vt 0.23128 0.54988
vt 0.23128 0.62877
vt 0.17778 0.62877
vt 0.17778 0.69434
vt 0.23128 0.80910
vt 0.23128 0.54988
vt 0.17778 0.62877
vt 0.17778 0.88799
vt 0.17778 0.69434
vt 0.17778 0.88799
vt 0.23128 0.87350
vt 0.23128 0.80910
vt 0.23128 0.87350
vt 0.23128 0.62877
vt 0.23128 0.54988
vt 0.17778 0.88799
vt 0.23128 0.80910
vt 0.17778 0.69434
vt 0.17778 0.69434
vt 0.23128 0.54988
vt 0.17778 0.53861
vt 0.23128 0.54988
vt 0.23128 0.80910
vt 0.23128 0.87350
vt 0.23128 0.54988
vt 0.17778 0.62877
vt 0.17778 0.53861
vt 0.23128 0.62877
vt 0.17778 0.88799
vt 0.17778 0.62877
vt 0.17778 0.69434
vt 0.17778 0.53861
vt 0.17778 0.62877
vt 0.51273 0.96407
vt 0.51481 0.87464
vt 0.50858 0.90445
vt 0.51481 0.87464
vt 0.51273 0.96407
vt 0.51896 0.93426
vt 0.51273 0.96407
vt 0.50858 0.90445
vt 0.51896 0.93426
vt 0.51481 0.87464
vt 0.51896 0.93426
vt 0.50858 0.90445
vt 0.48844 0.92649
vt 0.47885 0.91326
vt 0.48541 0.96407
vt 0.47885 0.91326
vt 0.48844 0.92649
vt 0.48333 0.87465
vt 0.48844 0.92649
vt 0.48541 0.96407
vt 0.48333 0.87465
vt 0.47885 0.91326
vt 0.48333 0.87465
vt 0.48541 0.96407
vt 0.19087 0.53967
vt 0.19402 0.51953
vt 0.18865 0.55617
vt 0.19087 0.53967
vt 0.18865 0.55617
vt 0.19402 0.51953
vt 0.21659 0.54733
vt 0.22311 0.52708
vt 0.21942 0.53967
vt 0.22311 0.52708
vt 0.21659 0.54733
vt 0.21942 0.53967
vt 0.47133 0.79746
vt 0.47133 1.00000
vt 0.52454 1.00000
vt 0.47133 1.00000
vt 0.52454 1.00000
vt 0.52454 1.00000
vt 0.52454 1.00000
vt 0.52454 1.00000
vt 0.52454 0.79746
vt 0.47133 0.79746
vt 0.52454 1.00000
vt 0.52454 0.79746
vt 0.52454 1.00000
vt 0.47133 1.00000
vt 0.47133 0.79746
vt 0.52454 1.00000
vt 0.47133 0.79746
vt 0.52454 0.79746
vt 0.47133 0.79746
vt 0.47133 0.79746
vt 0.52454 0.79746
vt 0.47133 1.00000
vt 0.47133 0.79746
vt 0.47133 0.79746
vt 0.17782 0.71064
vt 0.23125 0.48770
vt 0.17782 0.48770
vt 0.23125 0.71064
vt 0.23125 0.48770
vt 0.23125 0.48770
vt 0.23125 0.48770
vt 0.17782 0.71064
vt 0.17782 0.48770
vt 0.17782 0.71064
vt 0.23125 0.71064
vt 0.17782 0.71064
vt 0.23125 0.48770
vt 0.17782 0.48770
vt 0.23125 0.48770
vt 0.17782 0.71064
vt 0.17782 0.71064
vt 0.17782 0.48770
vt 0.23125 0.48770
vt 0.23125 0.71064
vt 0.17782 0.71064
vt 0.17782 0.71064
vt 0.23125 0.71064
vt 0.23125 0.48770
vt 0.54943 0.36731
vt 0.54943 0.48975
vt 0.52219 0.47274
vt 0.54943 0.12244
vt 0.54943 0.36731
vt 0.52219 0.36731
vt 0.54943 0.00000
vt 0.52112 0.02799
vt 0.52219 0.13519
vt 0.58526 0.05385
vt 0.55458 0.13374
vt 0.55615 0.02281
vt 0.58571 0.42491
vt 0.58526 0.34221
vt 0.58526 0.44374
vt 0.58616 0.15015
vt 0.58526 0.05385
vt 0.58616 0.05700
vt 0.58616 0.33444
vt 0.58571 0.42491
vt 0.58616 0.44372
vt 0.58571 0.42491
vt 0.58526 0.33489
vt 0.58616 0.33959
vt 0.58616 0.33959
vt 0.58526 0.14858
vt 0.58616 0.15015
vt 0.67009 0.14124
vt 0.58616 0.33444
vt 0.66721 0.34227
vt 0.55624 0.46377
vt 0.55640 0.35104
vt 0.55195 0.36164
vt 0.54943 0.47840
vt 0.54943 0.48975
vt 0.54943 0.36731
vt 0.55615 0.12811
vt 0.54943 0.13237
vt 0.55195 0.36164
vt 0.55624 0.46377
vt 0.54943 0.47840
vt 0.54943 0.36164
vt 0.55615 0.36164
vt 0.54943 0.36164
vt 0.55458 0.13374
vt 0.54943 0.00000
vt 0.54943 0.12244
vt 0.52219 0.12244
vt 0.89810 0.27007
vt 0.67057 0.45121
vt 0.67057 0.35039
vt 0.55615 0.02281
vt 0.54943 0.01135
vt 0.54943 0.13237
vt 0.66721 0.03588
vt 0.58616 0.15015
vt 0.58616 0.05700
vt 0.52219 0.12244
vt 0.52219 0.14794
vt 0.52112 0.02799
vt 0.54943 0.36164
vt 0.54943 0.36731
vt 0.54943 0.12244
vt 0.54943 0.47840
vt 0.55195 0.36164
vt 0.54943 0.36731
vt 0.54943 0.01135
vt 0.55458 0.13374
vt 0.54943 0.12244
vt 0.52219 0.12244
vt 0.52219 0.36731
vt 0.52219 0.34181
vt 0.52219 0.14794
vt 0.48775 0.23978
vt 0.52112 0.02799
vt 0.54943 0.36731
vt 0.52219 0.34606
vt 0.52219 0.47274
vt 0.52219 0.13519
vt 0.52112 0.02799
vt 0.48939 0.21089
vt 0.52219 0.34606
vt 0.48786 0.43874
vt 0.52219 0.47274
vt 0.48786 0.43874
vt 0.48775 0.23978
vt 0.52219 0.34181
vt 0.54943 0.01135
vt 0.54943 0.00000
vt 0.54943 0.12244
vt 0.58526 0.44374
vt 0.55662 0.34890
vt 0.58526 0.33489
vt 0.58526 0.33489
vt 0.55458 0.13374
vt 0.58526 0.14858
vt 0.58526 0.05385
vt 0.55641 0.14071
vt 0.58577 0.14780
vt 0.58526 0.34221
vt 0.55624 0.46377
vt 0.58526 0.44374
vt 0.58526 0.34221
vt 0.55641 0.14071
vt 0.55640 0.35104
vt 0.52219 0.34606
vt 0.48786 0.34181
vt 0.48786 0.43874
vt 0.52219 0.34606
vt 0.48939 0.21089
vt 0.48786 0.34181
vt 0.48775 0.23978
vt 0.48786 0.34181
vt 0.48939 0.21089
vt 0.52219 0.34606
vt 0.52219 0.13519
vt 0.48939 0.21089
vt 0.54943 0.47840
vt 0.54943 0.36731
vt 0.54943 0.36164
vt 0.55615 0.02281
vt 0.55458 0.13374
vt 0.54943 0.01135
vt 0.55615 0.12811
vt 0.55195 0.36164
vt 0.55641 0.14071
vt 0.55624 0.46377
vt 0.54943 0.36164
vt 0.55615 0.36164
vt 0.52219 0.34181
vt 0.48775 0.23978
vt 0.52219 0.14794
vt 0.48786 0.43874
vt 0.48786 0.34181
vt 0.48775 0.23978
vt 0.48786 0.43874
vt 0.52219 0.34181
vt 0.52219 0.47274
vt 0.48939 0.21089
vt 0.52112 0.02799
vt 0.48775 0.23978
vt 0.55195 0.36164
vt 0.54943 0.13237
vt 0.54943 0.36731
vt 0.52219 0.12244
vt 0.52219 0.34181
vt 0.52219 0.14794
vt 0.54943 0.12244
vt 0.52219 0.34606
vt 0.54943 0.13237
vt 0.54943 0.36731
vt 0.52219 0.47274
vt 0.52219 0.36731
vt 0.52219 0.36731
vt 0.52219 0.47274
vt 0.52219 0.34181
vt 0.55640 0.35104
vt 0.55641 0.14071
vt 0.55195 0.36164
vt 0.67393 0.03768
vt 0.66721 0.03588
vt 0.67009 0.14124
vt 0.67393 0.35434
vt 0.66721 0.34227
vt 0.67057 0.45121
vt 0.67009 0.14124
vt 0.58577 0.14780
vt 0.58616 0.33444
vt 0.66721 0.34227
vt 0.58616 0.33444
vt 0.58616 0.44372
vt 0.58616 0.15015
vt 0.58526 0.14858
vt 0.58526 0.05385
vt 0.55195 0.36164
vt 0.54943 0.47840
vt 0.55624 0.46377
vt 0.55624 0.46377
vt 0.55615 0.36164
vt 0.55662 0.34890
vt 0.54943 0.36164
vt 0.54943 0.12244
vt 0.55458 0.13374
vt 0.54943 0.01135
vt 0.54943 0.12244
vt 0.54943 0.13237
vt 0.54943 0.47840
vt 0.54943 0.36731
vt 0.54943 0.48975
vt 0.54943 0.01135
vt 0.54943 0.12244
vt 0.54943 0.00000
vt 0.55615 0.02281
vt 0.55615 0.12811
vt 0.55641 0.14071
vt 0.54943 0.12244
vt 0.52219 0.36731
vt 0.52219 0.12244
vt 0.54943 0.00000
vt 0.52219 0.13519
vt 0.54943 0.12244
vt 0.54943 0.36731
vt 0.52219 0.47274
vt 0.54943 0.48975
vt 0.55615 0.02281
vt 0.54943 0.13237
vt 0.55615 0.12811
vt 0.54943 0.00000
vt 0.52219 0.12244
vt 0.52112 0.02799
vt 0.54943 0.13237
vt 0.52219 0.34606
vt 0.54943 0.36731
vt 0.66721 0.03588
vt 0.67057 0.14288
vt 0.58616 0.15015
vt 0.67057 0.35039
vt 0.67057 0.45121
vt 0.58616 0.44372
vt 0.67057 0.14288
vt 0.67057 0.35039
vt 0.58616 0.33959
vt 0.66721 0.03588
vt 0.58616 0.05700
vt 0.58577 0.14780
vt 0.58571 0.42491
vt 0.58526 0.44374
vt 0.58526 0.33489
vt 0.58526 0.34221
vt 0.58577 0.14780
vt 0.55641 0.14071
vt 0.58526 0.44374
vt 0.55624 0.46377
vt 0.55662 0.34890
vt 0.58616 0.33959
vt 0.58616 0.44372
vt 0.58571 0.42491
vt 0.58616 0.33444
vt 0.58577 0.14780
vt 0.58526 0.34221
vt 0.58526 0.05385
vt 0.58526 0.14858
vt 0.55458 0.13374
vt 0.58526 0.33489
vt 0.55662 0.34890
vt 0.55458 0.13374
vt 0.58526 0.05385
vt 0.55615 0.02281
vt 0.55641 0.14071
vt 0.58526 0.34221
vt 0.55640 0.35104
vt 0.55624 0.46377
vt 0.58616 0.33959
vt 0.58526 0.33489
vt 0.58526 0.14858
vt 0.58616 0.05700
vt 0.58526 0.05385
vt 0.58577 0.14780
vt 0.58616 0.33444
vt 0.58526 0.34221
vt 0.58571 0.42491
vt 0.54943 0.12244
vt 0.52219 0.13519
vt 0.52219 0.34606
vt 0.89810 0.06011
vt 0.67057 0.14288
vt 0.67393 0.03768
vt 0.89810 0.27007
vt 0.89810 0.06011
vt 0.89810 0.15249
vt 0.67057 0.35039
vt 0.58616 0.44372
vt 0.58616 0.33959
vt 0.67057 0.14288
vt 0.58616 0.33959
vt 0.58616 0.15015
vt 0.66721 0.03588
vt 0.58577 0.14780
vt 0.67009 0.14124
vt 0.66721 0.34227
vt 0.58616 0.44372
vt 0.67057 0.45121
vt 0.55662 0.34890
vt 0.55615 0.36164
vt 0.55458 0.13374
vt 0.89810 0.27007
vt 0.67057 0.35039
vt 0.67057 0.14288
vt 0.67057 0.45121
vt 0.89810 0.40325
vt 0.67393 0.35434
vt 0.67393 0.35434
vt 0.89810 0.15249
vt 0.67009 0.14124
vt 0.67009 0.14124
vt 0.89810 0.06011
vt 0.67393 0.03768
vt 0.89810 0.15249
vt 0.89810 0.40325
vt 0.89810 0.27007
vt 0.67009 0.14124
vt 0.66721 0.34227
vt 0.67393 0.35434
vt 0.67057 0.14288
vt 0.66721 0.03588
vt 0.67393 0.03768
vt 0.67009 0.14124
vt 0.89810 0.15249
vt 0.89810 0.06011
vt 0.89810 0.27007
vt 0.89810 0.40325
vt 0.67057 0.45121
vt 0.67393 0.35434
vt 0.89810 0.40325
vt 0.89810 0.15249
vt 0.89810 0.06011
vt 0.89810 0.27007
vt 0.67057 0.14288
vt 0.48825 0.43211
vt 0.52877 0.62006
vt 0.52877 0.35227
vt 0.48874 0.40443
vt 0.48825 0.43211
vt 0.52877 0.35227
vt 0.48874 0.40443
vt 0.47134 0.62006
vt 0.47134 0.49372
vt 0.52877 0.62006
vt 0.52877 0.62006
vt 0.47134 0.62006
vt 0.48825 0.43211
vt 0.47587 0.49836
vt 0.47134 0.62006
vt 0.47134 0.49372
vt 0.47587 0.49836
vt 0.48874 0.40443
vt 0.48825 0.43211
vt 0.47134 0.62006
vt 0.52877 0.62006
vt 0.48874 0.40443
vt 0.52877 0.35227
vt 0.52877 0.35227
vt 0.48825 0.43211
vt 0.48874 0.40443
vt 0.47587 0.49836
vt 0.48874 0.40443
vt 0.52877 0.62006
vt 0.47134 0.62006
vt 0.47134 0.62006
vt 0.47587 0.49836
vt 0.47134 0.49372
vt 0.47134 0.49372
vt 0.47134 0.62006
vt 0.47134 0.62006
vt 0.52877 0.62006
vt 0.52877 0.35227
vt 0.52877 0.35227
vt 0.52877 0.62006
vt 0.47134 0.62006
vt 0.47134 0.62006
vt 0.52877 0.35227
vt 0.52877 0.62006
vt 0.48874 0.40443
vt 0.52877 0.62006
vt 0.52877 0.62006
vt 0.52877 0.35227
vt 0.87657 0.05027
vt 0.86880 0.10333
vt 0.89709 0.03830
vt 0.89488 0.45927
vt 0.86880 0.38642
vt 0.89725 0.45234
vt 0.89709 0.03830
vt 0.86880 0.10333
vt 0.86965 0.33343
vt 0.86931 0.19635
vt 0.86880 0.38642
vt 0.86965 0.33343
vt 0.89725 0.45234
vt 0.86880 0.38642
vt 0.86931 0.19635
vt 0.86965 0.33343
vt 0.86880 0.10333
vt 0.86931 0.19635
vt 0.89488 0.45927
vt 0.86965 0.33343
vt 0.86880 0.38642
vt 0.86880 0.10333
vt 0.87657 0.05027
vt 0.86931 0.19635
vt 0.14841 0.80234
vt 0.14841 0.76064
vt 1.00000 0.80002
vt 0.14841 0.63553
vt 0.14841 0.67723
vt 1.00000 0.63785
vt 0.14841 0.76064
vt 0.14841 0.67723
vt 1.00000 0.75600
vt 0.14841 0.76064
vt 0.14841 0.80234
vt 1.00000 0.76295
vt 0.14841 0.67723
vt 0.14841 0.63553
vt 1.00000 0.67492
vt 0.14841 0.67723
vt 0.14841 0.76064
vt 1.00000 0.68186
vt 0.99999 0.59329
vt 0.95996 0.84375
vt 1.00000 0.84375
vt 0.99996 0.59430
vt 0.95996 0.46931
vt 1.00000 0.49021
vt 0.87657 0.05027
vt 0.89709 0.03830
vt 1.00000 0.03314
vt 0.89725 0.45234
vt 0.86931 0.19635
vt 1.00000 0.03314
vt 0.86931 0.19635
vt 0.87657 0.05027
vt 1.00000 0.03314
vt 0.89709 0.03830
vt 0.86965 0.33343
vt 1.00000 0.45660
vt 0.86965 0.33343
vt 0.89488 0.45927
vt 1.00000 0.45660
vt 0.89488 0.45927
vt 0.89725 0.45234
vt 1.00000 0.45660
vt 1.00000 0.80002
vt 1.00000 0.80234
vt 0.14841 0.80234
vt 1.00000 0.63785
vt 1.00000 0.63553
vt 0.14841 0.63553
vt 1.00000 0.75600
vt 1.00000 0.76064
vt 0.14841 0.76064
vt 1.00000 0.76295
vt 1.00000 0.76064
vt 0.14841 0.76064
vt 1.00000 0.96993
vt 1.00000 0.86465
vt 0.95996 0.84375
vt 0.99996 0.59430
vt 1.00000 0.84375
vt 0.52838 0.81695
vt 1.00000 0.67492
vt 1.00000 0.67723
vt 0.14841 0.67723
vt 1.00000 0.68186
vt 1.00000 0.67723
vt 0.14841 0.67723
vt 1.00000 0.03314
vt 1.00000 0.03314
vt 0.87657 0.05027
vt 0.14841 0.63553
vt 1.00000 0.63553
vt 1.00000 0.67492
vt 0.14841 0.67723
vt 1.00000 0.67723
vt 1.00000 0.63785
vt 0.14841 0.67723
vt 1.00000 0.67723
vt 1.00000 0.75600
vt 0.14841 0.80234
vt 1.00000 0.80234
vt 1.00000 0.76295
vt 0.95996 0.46931
vt 0.99999 0.59329
vt 1.00000 0.46931
vt 0.95996 0.46931
vt 1.00000 0.46931
vt 1.00000 0.49021
vt 0.52838 0.81695
vt 1.00000 0.84375
vt 1.00000 0.96993
vt 0.95996 0.84375
vt 1.00000 0.86465
vt 1.00000 0.84375
vt 0.14841 0.76064
vt 1.00000 0.76064
vt 1.00000 0.68186
vt 0.14841 0.76064
vt 1.00000 0.76064
vt 1.00000 0.80002
vt 0.89709 0.03830
vt 1.00000 0.45660
vt 1.00000 0.03314
vt 0.89725 0.45234
vt 1.00000 0.03314
vt 1.00000 0.45660
vt 0.89725 0.45234
vt 1.00000 0.45660
vt 1.00000 0.45660
vt 1.00000 0.84375
vt 1.00000 0.76064
vt 1.00000 0.76295
vt 1.00000 0.76064
vt 1.00000 0.75600
vt 1.00000 0.67723
vt 1.00000 0.67723
vt 1.00000 0.67492
vt 1.00000 0.63553
vt 1.00000 0.68186
vt 1.00000 0.76064
vt 1.00000 0.84375
vt 1.00000 0.49021
vt 1.00000 0.46931
vt 0.99999 0.59329
vt 1.00000 0.96993
vt 1.00000 0.84375
vt 1.00000 0.76295
vt 1.00000 0.67723
vt 1.00000 0.68186
vt 1.00000 0.84375
vt 1.00000 0.84375
vt 0.99996 0.59430
vt 1.00000 0.49021
vt 1.00000 0.49021
vt 0.99999 0.59329
vt 1.00000 0.84375
vt 1.00000 0.96993
vt 1.00000 0.76295
vt 1.00000 0.80234
vt 1.00000 0.67723
vt 1.00000 0.84375
vt 1.00000 0.49021
vt 1.00000 0.86465
vt 1.00000 0.96993
vt 1.00000 0.80234
vt 1.00000 0.63785
vt 1.00000 0.67723
vt 1.00000 0.49021
vt 1.00000 0.86465
vt 1.00000 0.80234
vt 1.00000 0.80002
vt 1.00000 0.63553
vt 1.00000 0.63785
vt 1.00000 0.49021
vt 1.00000 0.86465
vt 1.00000 0.80002
vt 1.00000 0.76064
vt 1.00000 0.67723
vt 1.00000 0.63553
vt 1.00000 0.49021
vt 1.00000 0.84375
vt 1.00000 0.86465
vt 1.00000 0.76064
vt 1.00000 0.67723
vt 1.00000 0.49021
vt 1.00000 0.84375
vt 1.00000 0.84375
vt 1.00000 0.76064
vt 1.00000 0.67723
vt 1.00000 0.45660
vt 1.00000 0.45660
vt 1.00000 0.03314
vt 1.00000 0.03314
vt 1.00000 0.03314
vt 1.00000 0.45660
f 1744/9019 1785/9020 1787/9021
f 1857/9022 1853/9023 1892/9024
f 1771/9025 1810/9026 1818/9027
f 1846/9028 1892/9029 1788/9030
f 1846/9031 1895/9032 1758/9033
f 1771/9034 1845/9035 1807/9036
f 1763/9037 1745/9038 1806/9039
f 1895/9040 1777/9041 1773/9042
f 1788/9043 1892/9044 1904/9045
f 1808/9046 1774/9047 1777/9048
f 1771/9049 1847/9050 1845/9051
f 1770/9052 1763/9053 1843/9054
f 1744/9055 1764/9056 1918/9057
f 1848/9058 1746/9059 1829/9060
f 1771/9061 1807/9062 1810/9063
f 1797/9064 1923/9065 1796/9066
f 1763/9067 1806/9068 1839/9069
f 1859/9070 1863/9071 1799/9072
f 1895/9073 1862/9074 1863/9075
f 1859/9076 1895/9077 1863/9078
f 1891/9079 1743/9080 1784/9081
f 1743/9082 1777/9083 1848/9084
f 1773/9085 1777/9086 1828/9087
f 1777/9088 1830/9089 1828/9090
f 1859/9091 1808/9092 1777/9093
f 1789/9094 1788/9095 1904/9096
f 1862/9097 1798/9098 1863/9099
f 1892/9100 1891/9101 1904/9102
f 1891/9103 1802/9104 1904/9105
f 1784/9106 1789/9107 1802/9108
f 1802/9109 1891/9110 1784/9111
f 1788/9112 1789/9113 1862/9114
f 1774/9115 1800/9116 1801/9117
f 1862/9118 1784/9119 1798/9120
f 1784/9121 1808/9122 1798/9123
f 1777/9124 1774/9125 1848/9126
f 1895/9127 1859/9128 1777/9129
f 1890/9130 1853/9131 1896/9132
f 1744/9133 1919/9134 1785/9135
f 1923/9136 1740/9137 1787/9138
f 1808/9139 1784/9140 1782/9141
f 1841/9142 1746/9143 1744/9144
f 1828/9145 1774/9146 1801/9147
f 1828/9148 1896/9149 1853/9150
f 1774/9151 1782/9152 1800/9153
f 1743/9154 1890/9155 1777/9156
f 1801/9157 1832/9158 1764/9159
f 1830/9160 1777/9161 1890/9162
f 1841/9163 1802/9164 1746/9165
f 1787/9166 1740/9167 1904/9168
f 1862/9169 1789/9170 1784/9171
f 1896/9172 1828/9173 1801/9174
f 1773/9175 1828/9176 1853/9177
f 1892/9178 1853/9179 1890/9180
f 1796/9181 1787/9182 1785/9183
f 1746/9184 1848/9185 1896/9186
f 1828/9187 1830/9188 1774/9189
f 1797/9190 1863/9191 1798/9192
f 1743/9193 1848/9194 1829/9195
f 1801/9196 1796/9197 1831/9198
f 1744/9199 1801/9200 1764/9201
f 1744/9202 1918/9203 1919/9204
f 1784/9205 1743/9206 1923/9207
f 1782/9208 1798/9209 1859/9210
f 1904/9211 1740/9212 1789/9213
f 1787/9214 1904/9215 1841/9216
f 1896/9217 1848/9218 1890/9219
f 1784/9220 1923/9221 1782/9222
f 1808/9223 1782/9224 1774/9225
f 1848/9226 1830/9227 1890/9228
f 1846/9229 1788/9230 1895/9231
f 1802/9232 1789/9233 1740/9234
f 1799/9235 1800/9236 1859/9237
f 1830/9238 1848/9239 1774/9240
f 1758/9241 1895/9242 1773/9243
f 1846/9244 1857/9245 1892/9246
f 1744/9247 1746/9248 1896/9249
f 1841/9250 1904/9251 1802/9252
f 1801/9253 1799/9254 1796/9255
f 1799/9256 1863/9257 1796/9258
f 1902/9259 1758/9260 1854/9261
f 1770/9262 1843/9263 1758/9264
f 1839/9265 1806/9266 1807/9267
f 1839/9268 1807/9269 1845/9270
f 1763/9271 1902/9272 1745/9273
f 1797/9274 1798/9275 1923/9276
f 1801/9277 1800/9278 1799/9279
f 1740/9280 1923/9281 1802/9282
f 1854/9283 1773/9284 1853/9285
f 1902/9286 1909/9287 1818/9288
f 1857/9289 1854/9290 1853/9291
f 1843/9292 1839/9293 1845/9294
f 1758/9295 1847/9296 1846/9297
f 1771/9298 1857/9299 1846/9300
f 1902/9301 1770/9302 1758/9303
f 1909/9304 1854/9305 1857/9306
f 1758/9307 1843/9308 1847/9309
f 1847/9310 1771/9311 1846/9312
f 1771/9313 1909/9314 1857/9315
f 1909/9316 1902/9317 1854/9318
f 1763/9319 1839/9320 1843/9321
f 1909/9322 1771/9323 1818/9324
f 1854/9325 1758/9326 1773/9327
f 1800/9328 1782/9329 1859/9330
f 1841/9331 1744/9332 1787/9333
f 1863/9334 1797/9335 1796/9336
f 1896/9337 1801/9338 1744/9339
f 1801/9340 1831/9341 1832/9342
f 1796/9343 1785/9344 1831/9345
f 1770/9346 1902/9347 1763/9348
f 1843/9349 1845/9350 1847/9351
f 1802/9352 1923/9353 1829/9354
f 1859/9355 1798/9356 1808/9357
f 1798/9358 1782/9359 1923/9360
f 1892/9361 1890/9362 1891/9363
f 1890/9364 1743/9365 1891/9366
f 1788/9367 1862/9368 1895/9369
f 1829/9370 1746/9371 1802/9372
f 1923/9373 1787/9374 1796/9375
f 1743/9376 1829/9377 1923/9378
f 1851/9379 1856/9380 1899/9381
f 1899/9382 1898/9383 1851/9384
f 1899/9385 1849/9386 1786/9387
f 1897/9388 1899/9389 1786/9390
f 1775/9391 1898/9392 1897/9393
f 1897/9394 1786/9395 1849/9396
f 1851/9397 1775/9398 1849/9399
f 1856/9400 1851/9401 1849/9402
f 1897/9403 1898/9404 1899/9405
f 1851/9406 1898/9407 1775/9408
f 1899/9409 1856/9410 1849/9411
f 1849/9412 1775/9413 1897/9414
f 1855/9415 1852/9416 1850/9417
f 1901/9418 1855/9419 1858/9420
f 1900/9421 1903/9422 1901/9423
f 1858/9424 1850/9425 1900/9426
f 1850/9427 1852/9428 1903/9429
f 1852/9430 1855/9431 1901/9432
f 1850/9433 1903/9434 1900/9435
f 1900/9436 1901/9437 1790/9438
f 1901/9439 1903/9440 1852/9441
f 1901/9442 1858/9443 1790/9444
f 1855/9445 1850/9446 1858/9447
f 1900/9448 1790/9449 1858/9450
f 1792/9451 1795/9452 1749/9453
f 1795/9454 1792/9455 1747/9456
f 1792/9457 1749/9458 1747/9459
f 1795/9460 1747/9461 1749/9462
f 1794/9463 1793/9464 1748/9465
f 1793/9466 1794/9467 1750/9468
f 1794/9469 1748/9470 1750/9471
f 1793/9472 1750/9473 1748/9474
f 1835/9475 1910/9476 1912/9477
f 1835/9478 1912/9479 1910/9480
f 1833/9481 1834/9482 1911/9483
f 1834/9484 1833/9485 1911/9486
f 1889/9487 1887/9488 1886/9489
f 1887/9490 1870/9491 1886/9492
f 1886/9493 1870/9494 1868/9495
f 1889/9496 1886/9497 1868/9498
f 1870/9499 1887/9500 1869/9501
f 1870/9502 1869/9503 1868/9504
f 1869/9505 1889/9506 1868/9507
f 1887/9508 1889/9509 1869/9510
f 1875/9511 1874/9512 1878/9513
f 1881/9514 1879/9515 1874/9516
f 1879/9517 1880/9518 1878/9519
f 1880/9520 1881/9521 1875/9522
f 1879/9523 1878/9524 1874/9525
f 1880/9526 1875/9527 1878/9528
f 1879/9529 1881/9530 1880/9531
f 1875/9532 1881/9533 1874/9534
f 1864/9535 1759/9536 1768/9537
f 1867/9538 1864/9539 1865/9540
f 1779/9541 1778/9542 1888/9543
f 1765/9544 1873/9545 1766/9546
f 1762/9547 1913/9548 1769/9549
f 1838/9550 1765/9551 1776/9552
f 1893/9553 1762/9554 1756/9555
f 1762/9556 1837/9557 1836/9558
f 1836/9559 1742/9560 1838/9561
f 1920/9562 1893/9563 1894/9564
f 1761/9565 1791/9566 1876/9567
f 1760/9568 1759/9569 1864/9570
f 1877/9571 1883/9572 1876/9573
f 1761/9574 1760/9575 1872/9576
f 1871/9577 1872/9578 1873/9579
f 1779/9580 1867/9581 1866/9582
f 1822/9583 1757/9584 1821/9585
f 1766/9586 1767/9587 1883/9588
f 1772/9589 1838/9590 1776/9591
f 1866/9592 1929/9593 1778/9594
f 1872/9595 1864/9596 1867/9597
f 1760/9598 1876/9599 1884/9600
f 1767/9601 1873/9602 1867/9603
f 1866/9604 1865/9605 1925/9606
f 1929/9607 1926/9608 1778/9609
f 1884/9610 1882/9611 1768/9612
f 1888/9613 1778/9614 1820/9615
f 1882/9616 1783/9617 1768/9618
f 1783/9619 1926/9620 1925/9621
f 1767/9622 1779/9623 1885/9624
f 1769/9625 1751/9626 1837/9627
f 1837/9628 1873/9629 1742/9630
f 1765/9631 1804/9632 1803/9633
f 1913/9634 1761/9635 1769/9636
f 1913/9637 1804/9638 1791/9639
f 1882/9640 1819/9641 1783/9642
f 1882/9643 1820/9644 1819/9645
f 1926/9646 1819/9647 1820/9648
f 1882/9649 1888/9650 1820/9651
f 1760/9652 1864/9653 1872/9654
f 1766/9655 1873/9656 1767/9657
f 1877/9658 1876/9659 1804/9660
f 1761/9661 1872/9662 1871/9663
f 1925/9664 1926/9665 1929/9666
f 1783/9667 1819/9668 1926/9669
f 1783/9670 1925/9671 1768/9672
f 1820/9673 1778/9674 1926/9675
f 1876/9676 1883/9677 1884/9678
f 1866/9679 1925/9680 1929/9681
f 1885/9682 1882/9683 1883/9684
f 1864/9685 1768/9686 1865/9687
f 1865/9688 1768/9689 1925/9690
f 1791/9691 1804/9692 1876/9693
f 1780/9694 1772/9695 1920/9696
f 1921/9697 1894/9698 1757/9699
f 1920/9700 1803/9701 1893/9702
f 1894/9703 1893/9704 1756/9705
f 1838/9706 1742/9707 1765/9708
f 1876/9709 1760/9710 1761/9711
f 1761/9712 1871/9713 1751/9714
f 1872/9715 1867/9716 1873/9717
f 1767/9718 1885/9719 1883/9720
f 1760/9721 1884/9722 1759/9723
f 1767/9724 1867/9725 1779/9726
f 1766/9727 1877/9728 1804/9729
f 1867/9730 1865/9731 1866/9732
f 1779/9733 1888/9734 1885/9735
f 1884/9736 1768/9737 1759/9738
f 1766/9739 1883/9740 1877/9741
f 1779/9742 1866/9743 1778/9744
f 1883/9745 1882/9746 1884/9747
f 1772/9748 1823/9749 1838/9750
f 1821/9751 1757/9752 1756/9753
f 1823/9754 1821/9755 1836/9756
f 1772/9757 1776/9758 1803/9759
f 1762/9760 1769/9761 1837/9762
f 1913/9763 1803/9764 1804/9765
f 1769/9766 1761/9767 1751/9768
f 1836/9769 1756/9770 1762/9771
f 1893/9772 1803/9773 1913/9774
f 1765/9775 1742/9776 1873/9777
f 1837/9778 1751/9779 1873/9780
f 1765/9781 1766/9782 1804/9783
f 1913/9784 1791/9785 1761/9786
f 1836/9787 1837/9788 1742/9789
f 1776/9790 1765/9791 1803/9792
f 1893/9793 1913/9794 1762/9795
f 1885/9796 1888/9797 1882/9798
f 1781/9799 1823/9800 1780/9801
f 1822/9802 1781/9803 1924/9804
f 1821/9805 1756/9806 1836/9807
f 1823/9808 1836/9809 1838/9810
f 1772/9811 1803/9812 1920/9813
f 1894/9814 1756/9815 1757/9816
f 1751/9817 1871/9818 1873/9819
f 1822/9820 1821/9821 1823/9822
f 1757/9823 1922/9824 1921/9825
f 1921/9826 1924/9827 1920/9828
f 1920/9829 1781/9830 1780/9831
f 1924/9832 1922/9833 1822/9834
f 1920/9835 1894/9836 1921/9837
f 1823/9838 1772/9839 1780/9840
f 1920/9841 1924/9842 1781/9843
f 1822/9844 1922/9845 1757/9846
f 1921/9847 1922/9848 1924/9849
f 1781/9850 1822/9851 1823/9852
f 1813/9853 1811/9854 1814/9855
f 1934/9856 1813/9857 1814/9858
f 1934/9859 1931/9860 1932/9861
f 1933/9862 1811/9863 1812/9864
f 1813/9865 1741/9866 1812/9867
f 1932/9868 1741/9869 1934/9870
f 1813/9871 1812/9872 1811/9873
f 1934/9874 1814/9875 1935/9876
f 1813/9877 1934/9878 1741/9879
f 1934/9880 1933/9881 1931/9882
f 1812/9883 1741/9884 1932/9885
f 1932/9886 1931/9887 1812/9888
f 1811/9889 1935/9890 1814/9891
f 1933/9892 1812/9893 1931/9894
f 1935/9895 1933/9896 1934/9897
f 1811/9898 1933/9899 1935/9900
f 1861/9901 1907/9902 1817/9903
f 1844/9904 1860/9905 1927/9906
f 1817/9907 1907/9908 1908/9909
f 1930/9910 1860/9911 1908/9912
f 1927/9913 1860/9914 1930/9915
f 1908/9916 1907/9917 1930/9918
f 1844/9919 1908/9920 1860/9921
f 1907/9922 1861/9923 1930/9924
f 1764/9925 1832/9926 1752/9927
f 1785/9928 1919/9929 1755/9930
f 1832/9931 1831/9932 1826/9933
f 1918/9934 1764/9935 1914/9936
f 1831/9937 1785/9938 1827/9939
f 1919/9940 1918/9941 1915/9942
f 1807/9943 1806/9944 1805/9945
f 1818/9946 1810/9947 1842/9948
f 1861/9949 1817/9950 1816/9951
f 1927/9952 1930/9953 1906/9954
f 1930/9955 1861/9956 1906/9957
f 1817/9958 1908/9959 1905/9960
f 1908/9961 1844/9962 1905/9963
f 1844/9964 1927/9965 1905/9966
f 1752/9967 1753/9968 1764/9969
f 1755/9970 1754/9971 1785/9972
f 1826/9973 1824/9974 1832/9975
f 1914/9976 1916/9977 1918/9978
f 1745/9979 1840/9980 1806/9981
f 1818/9982 1815/9983 1902/9984
f 1827/9985 1825/9986 1831/9987
f 1915/9988 1917/9989 1919/9990
f 1816/9991 1906/9992 1861/9993
f 1785/9994 1754/9995 1827/9996
f 1919/9997 1917/9998 1755/9999
f 1831/10000 1825/10001 1826/10002
f 1764/10003 1753/10004 1914/10005
f 1810/10006 1807/10007 1809/10008
f 1810/10009 1809/10010 1842/10011
f 1902/10012 1815/10013 1745/10014
f 1806/10015 1840/10016 1805/10017
f 1918/10018 1916/10019 1915/10020
f 1832/10021 1824/10022 1752/10023
f 1817/10024 1905/10025 1816/10026
f 1927/10027 1906/10028 1928/10029
f 1927/10030 1928/10031 1905/10032
f 1815/10033 1916/10034 1914/10035
f 1824/10036 1826/10037 1825/10038
f 1825/10039 1827/10040 1754/10041
f 1915/10042 1916/10043 1815/10044
f 1842/10045 1809/10046 1807/10047
f 1745/10048 1815/10049 1914/10050
f 1917/10051 1915/10052 1815/10053
f 1815/10054 1818/10055 1842/10056
f 1842/10057 1807/10058 1805/10059
f 1745/10060 1914/10061 1753/10062
f 1917/10063 1815/10064 1842/10065
f 1840/10066 1745/10067 1753/10068
f 1755/10069 1917/10070 1842/10071
f 1840/10072 1753/10073 1752/10074
f 1754/10075 1755/10076 1842/10077
f 1840/10078 1752/10079 1824/10080
f 1825/10081 1754/10082 1842/10083
f 1805/10084 1840/10085 1824/10086
f 1825/10087 1842/10088 1805/10089
f 1805/10090 1824/10091 1825/10092
f 1905/10093 1928/10094 1906/10095
f 1906/10096 1816/10097 1905/10098
o Grip
g Grip
usemtl GripRose
v 0.00989 0.17110 -0.52933
v -0.02431 -0.21445 0.38991
v -0.04349 0.10248 -0.13027
v -0.03083 0.17515 -0.30882
v -0.02167 -0.01770 -0.26940
v -0.00769 0.21797 -0.26047
v -0.02126 -0.21880 -0.10823
v -0.02714 -0.20552 -0.14498
v -0.08785 -0.13611 0.30193
v -0.02485 -0.13636 0.02637
v -0.00883 -0.19509 0.36574
v -0.02568 -0.14146 0.30875
v -0.00737 0.00580 -0.30118
v -0.10413 0.21880 0.31706
v -0.00742 0.21880 -0.09195
v -0.00795 0.21793 0.32170
v -0.00742 -0.01001 0.50562
v -0.00703 0.15124 -0.30772
v -0.08120 0.17652 -0.30414
v -0.00743 -0.00639 -0.26173
v -0.00714 -0.21657 -0.07939
v -0.00742 -0.18396 -0.13590
v -0.00742 -0.12219 0.30156
v -0.01282 -0.21192 0.51396
v -0.00742 -0.12370 0.02106
v -0.00742 -0.17463 0.51396
v 0.00854 0.00739 -0.52929
v -0.03194 0.21880 0.38991
v -0.00752 -0.06125 -0.08474
v -0.04349 0.10248 0.30332
v -0.04349 0.12925 0.25445
v -0.00742 -0.06556 0.28759
v -0.00742 -0.00236 0.34857
v -0.04349 0.00970 0.31819
v -0.00742 -0.14792 0.40525
v -0.00765 0.16545 -0.14092
v -0.06806 -0.02067 -0.03901
v -0.04418 -0.01803 -0.05911
v -0.00742 0.16735 0.26465
v -0.04349 0.12925 -0.11115
v -0.04303 0.07576 -0.13029
v -0.04349 -0.02067 0.28888
v -0.00742 0.06637 -0.16787
v -0.00757 0.11602 0.34064
v -0.00742 -0.12119 0.51419
v -0.00742 -0.12365 0.42023
v -0.00742 -0.16982 0.41779
v -0.00742 -0.17463 0.44213
v -0.01716 0.21299 0.51373
v -0.09279 0.21541 0.51383
v -0.11768 0.00739 -0.52956
v -0.11507 0.00852 -0.42454
v -0.10336 0.21784 -0.26999
v -0.06806 0.12925 -0.11115
v -0.06798 0.08480 -0.13428
v -0.08951 -0.01859 -0.26904
v -0.10413 0.20811 -0.26919
v -0.08449 -0.21541 -0.13150
v -0.08676 -0.13731 0.02248
v -0.10427 -0.21692 -0.07997
v -0.08706 -0.21003 0.37267
v -0.12103 0.17232 -0.52637
v -0.10413 0.19824 0.38991
v -0.10451 0.15128 -0.30760
v -0.10323 0.00338 -0.27747
v -0.10413 -0.18396 -0.13590
v -0.10413 -0.12370 0.02106
v -0.10413 -0.12219 0.30156
v -0.10413 -0.20003 0.51396
v -0.08724 -0.21445 0.51396
v -0.10413 -0.19414 0.37108
v -0.10413 -0.17463 0.51396
v -0.10413 -0.17089 0.41951
v -0.07961 0.21880 0.38991
v -0.05577 0.07528 0.31577
v -0.06806 0.10248 0.30332
v -0.06806 0.12925 0.25445
v -0.10413 -0.00236 0.34857
v -0.06806 -0.00390 -0.07668
v -0.06806 0.00970 0.31819
v -0.10413 -0.14264 0.40574
v -0.10413 -0.12120 0.51428
v -0.10413 -0.02629 0.50641
v -0.10384 0.16422 -0.14144
v -0.06806 -0.02067 0.28888
v -0.10413 0.16735 0.26465
v -0.10403 -0.06125 -0.08474
v -0.10413 0.06637 -0.16787
v -0.10398 0.11602 0.34064
v -0.10413 -0.06556 0.28759
v -0.10413 -0.12122 0.44213
v -0.02993 0.21676 -0.27761
v -0.10408 -0.14499 0.42188
v -0.00746 -0.14153 0.42351
v -0.00746 -0.15956 0.43331
v -0.10408 -0.14939 0.44474
v -0.00746 -0.13999 0.44266
v -0.01339 -0.19429 0.53126
v -0.01350 -0.11696 0.40118
v -0.01350 -0.11677 0.50721
v -0.08453 -0.20994 0.40118
v -0.02702 -0.20994 0.52956
v -0.09605 -0.20238 0.53050
v -0.01627 0.20895 0.50587
v -0.09805 -0.03409 0.52319
v -0.01350 -0.00958 0.52218
v -0.09805 -0.11537 0.50345
v -0.09809 0.19897 0.52623
v -0.01966 0.20828 0.52774
v -0.09444 0.20696 0.50695
v -0.07694 0.21600 0.52797
v -0.09805 -0.11696 0.40118
v -0.09805 -0.19477 0.40118
v -0.02027 -0.20692 0.40118
v -0.07247 0.17482 -0.40100
v -0.06412 0.00235 -0.41546
v -0.07247 0.00235 -0.40100
v -0.06412 0.17482 -0.41546
v -0.04742 0.00235 -0.41546
v -0.04742 0.17482 -0.41546
v -0.03907 0.00235 -0.40100
v -0.03907 0.17482 -0.40100
v -0.04742 0.00235 -0.38654
v -0.04742 0.17482 -0.38654
v -0.06412 0.00235 -0.38654
v -0.06412 0.17482 -0.38654
v -0.00986 -0.13004 0.44321
v -0.10169 -0.13004 0.42341
v -0.10169 -0.13004 0.44321
v -0.00986 -0.14719 0.41351
v -0.10169 -0.14719 0.41351
v -0.10169 -0.16433 0.42341
v -0.00986 -0.16433 0.42341
v -0.10169 -0.16433 0.44321
v -0.00986 -0.16433 0.44321
v -0.10169 -0.14719 0.45311
v -0.00986 -0.13004 0.42341
v -0.00986 -0.14719 0.45311
vt 0.25366 0.99810
vt 0.20808 0.90027
vt 0.23751 0.99534
vt 0.25248 0.48540
vt 0.24525 0.45956
vt 0.21529 0.51326
vt 0.97657 0.43993
vt 0.86676 0.95302
vt 0.82779 0.49460
vt 0.78347 0.22076
vt 0.77030 0.35019
vt 0.51905 0.21731
vt 0.98370 0.04287
vt 0.98370 0.10094
vt 0.89465 0.10948
vt 0.24545 0.97557
vt 0.21250 0.90339
vt 0.20924 0.84571
vt 0.37109 0.07962
vt 0.24559 0.45751
vt 0.37524 0.00774
vt 0.51905 0.21731
vt 0.42381 0.00429
vt 0.52040 0.18622
vt 0.78347 0.22076
vt 0.52040 0.18622
vt 0.78382 0.18896
vt 0.98370 0.04287
vt 0.85050 0.02002
vt 0.98370 0.00993
vt 0.82779 0.49460
vt 0.89534 0.21743
vt 0.88121 0.16196
vt 0.97584 0.47713
vt 0.98400 0.22303
vt 0.98391 0.22305
vt 0.98370 0.10094
vt 0.98370 0.04287
vt 0.98370 0.01570
vt 0.24525 0.45956
vt 0.37109 0.07962
vt 0.36253 0.03033
vt 0.78513 0.73419
vt 0.73906 0.79537
vt 0.73906 0.79537
vt 0.36636 0.87810
vt 0.80246 0.99801
vt 0.74867 0.88244
vt 0.79808 1.00000
vt 0.74867 0.88244
vt 0.82031 0.76513
vt 0.24469 0.99781
vt 0.36587 0.87528
vt 0.74867 0.88244
vt 0.00026 0.51689
vt 0.20913 0.84562
vt 0.21529 0.51326
vt 0.91599 0.10094
vt 0.98370 0.10094
vt 0.98370 0.01570
vt 0.98370 0.01570
vt 0.84397 0.05416
vt 0.91599 0.10094
vt 0.25366 0.99810
vt 0.20913 0.84562
vt 0.20808 0.90027
vt 0.24525 0.45956
vt 0.25248 0.48540
vt 0.37109 0.07962
vt 0.36253 0.03033
vt 0.37109 0.07962
vt 0.42436 0.00508
vt 0.20913 0.84562
vt 0.25366 0.99810
vt 0.34096 0.65168
vt 0.86676 0.00993
vt 0.84397 0.05416
vt 0.98370 0.01570
vt 0.79025 0.17672
vt 0.78347 0.22076
vt 0.84397 0.05416
vt 0.25248 0.48540
vt 0.34096 0.65168
vt 0.37109 0.07962
vt 0.52406 0.18839
vt 0.79025 0.17672
vt 0.78382 0.18896
vt 0.85050 0.02002
vt 0.78382 0.18896
vt 0.79025 0.17672
vt 0.73906 0.79537
vt 0.82031 0.76513
vt 0.78513 0.73419
vt 0.34096 0.65168
vt 0.37638 0.67312
vt 0.41932 0.36002
vt 0.82031 0.76513
vt 0.79915 0.52218
vt 0.79687 0.67204
vt 0.77152 0.45275
vt 0.82779 0.49460
vt 0.77030 0.35019
vt 0.42436 0.00508
vt 0.52040 0.18622
vt 0.42381 0.00429
vt 0.41932 0.36002
vt 0.77152 0.45275
vt 0.77030 0.35019
vt 0.21529 0.51326
vt 0.34096 0.65168
vt 0.25248 0.48540
vt 0.77152 0.45275
vt 0.79915 0.52218
vt 0.79915 0.52218
vt 0.52406 0.18839
vt 0.51905 0.21731
vt 0.78347 0.22076
vt 0.37109 0.07962
vt 0.41932 0.36002
vt 0.42436 0.00508
vt 0.36636 0.87810
vt 0.34096 0.65168
vt 0.25366 0.99810
vt 0.82779 0.49460
vt 0.98391 0.22305
vt 0.89534 0.21743
vt 0.89304 0.11192
vt 0.91599 0.10094
vt 0.84397 0.05416
vt 0.88121 0.16196
vt 0.89304 0.11192
vt 0.84397 0.05416
vt 0.88121 0.16196
vt 0.84397 0.05416
vt 0.82779 0.49460
vt 0.97584 0.47713
vt 0.97657 0.43993
vt 0.98400 0.22303
vt 0.98370 0.10094
vt 0.98370 0.10094
vt 0.98370 0.04287
vt 0.80246 0.99801
vt 0.98348 0.98673
vt 0.97584 0.47713
vt 0.79025 0.17672
vt 0.84397 0.05416
vt 0.85050 0.02002
vt 0.25366 0.99810
vt 0.79808 1.00000
vt 0.41253 1.00000
vt 0.00026 0.51689
vt 0.00022 0.89101
vt 0.20913 0.84562
vt 0.51905 0.21731
vt 0.42436 0.00508
vt 0.41932 0.36002
vt 0.37109 0.07962
vt 0.34096 0.65168
vt 0.41932 0.36002
vt 0.82031 0.76513
vt 0.79687 0.67204
vt 0.78513 0.73419
vt 0.73906 0.79537
vt 0.74867 0.88244
vt 0.82031 0.76513
vt 0.36636 0.87810
vt 0.73906 0.79537
vt 0.39443 0.79537
vt 0.73906 0.79537
vt 0.36636 0.87810
vt 0.74867 0.88244
vt 0.39443 0.79537
vt 0.37640 0.73419
vt 0.36636 0.87810
vt 0.79915 0.52218
vt 0.79915 0.52218
vt 0.79687 0.67204
vt 0.82779 0.49460
vt 0.97584 0.47713
vt 0.98391 0.22305
vt 0.86676 1.00000
vt 0.98357 0.99228
vt 0.98348 0.98673
vt 0.82779 0.49460
vt 0.82031 0.76513
vt 0.97584 0.47713
vt 0.44348 0.45879
vt 0.42692 0.49109
vt 0.46243 0.45275
vt 0.00000 0.51689
vt 0.00301 0.89379
vt 0.00022 0.89101
vt 0.00022 0.89101
vt 0.00301 0.89379
vt 0.21250 0.90339
vt 0.09901 0.51946
vt 0.00000 0.51689
vt 0.00026 0.51689
vt 0.25366 0.99810
vt 0.23751 0.99534
vt 0.24469 0.99781
vt 0.98370 0.01570
vt 0.98370 0.00993
vt 0.85050 0.02002
vt 0.44348 0.45879
vt 0.46243 0.45275
vt 0.77152 0.45275
vt 0.42436 0.00508
vt 0.42381 0.00429
vt 0.37524 0.00774
vt 0.36636 0.87810
vt 0.41253 1.00000
vt 0.80246 0.99801
vt 0.25366 0.99810
vt 0.41253 1.00000
vt 0.36636 0.87810
vt 0.73906 0.79537
vt 0.39443 0.79537
vt 0.39443 0.79537
vt 0.41932 0.36002
vt 0.44348 0.45879
vt 0.77152 0.45275
vt 0.41932 0.36002
vt 0.77030 0.35019
vt 0.51905 0.21731
vt 0.82031 0.76513
vt 0.74867 0.88244
vt 0.80246 0.99801
vt 0.77030 0.35019
vt 0.82779 0.49460
vt 0.78347 0.22076
vt 0.24545 0.97557
vt 0.24469 0.99781
vt 0.21250 0.90339
vt 0.37109 0.07962
vt 0.23764 0.50772
vt 0.24559 0.45751
vt 0.42381 0.00429
vt 0.37109 0.07962
vt 0.37524 0.00774
vt 0.98370 0.04287
vt 0.84901 0.05634
vt 0.85050 0.02002
vt 0.84901 0.05634
vt 0.78347 0.22076
vt 0.78382 0.18896
vt 0.09901 0.51946
vt 0.23764 0.50772
vt 0.20924 0.84571
vt 0.82031 0.76513
vt 0.82779 0.49460
vt 0.79915 0.52218
vt 0.77152 0.45275
vt 0.79915 0.52218
vt 0.82779 0.49460
vt 0.37640 0.73419
vt 0.37638 0.67312
vt 0.34096 0.65168
vt 0.37640 0.73419
vt 0.39443 0.79537
vt 0.39443 0.79537
vt 0.34096 0.65168
vt 0.24545 0.97557
vt 0.20924 0.84571
vt 0.88121 0.16196
vt 0.88168 0.17402
vt 0.89304 0.11192
vt 0.73906 0.79537
vt 0.78513 0.73419
vt 0.78513 0.73419
vt 0.84901 0.05634
vt 0.89465 0.10948
vt 0.88168 0.17402
vt 0.98400 0.22303
vt 0.97657 0.43993
vt 0.82779 0.49460
vt 0.91599 0.22298
vt 0.98400 0.22303
vt 0.82779 0.49460
vt 0.98370 0.00993
vt 0.98370 0.01570
vt 0.98370 0.04287
vt 0.97657 0.43993
vt 0.98357 0.99228
vt 0.86676 0.95302
vt 0.21529 0.51326
vt 0.24525 0.45956
vt 0.24559 0.45751
vt 0.24469 0.99781
vt 0.23751 0.99534
vt 0.21250 0.90339
vt 0.36253 0.03033
vt 0.37524 0.00774
vt 0.24559 0.45751
vt 0.78347 0.22076
vt 0.51905 0.21731
vt 0.52040 0.18622
vt 0.24469 0.99781
vt 0.79808 1.00000
vt 0.25366 0.99810
vt 0.82031 0.76513
vt 0.82779 0.49460
vt 0.86676 0.95302
vt 0.00301 0.89379
vt 0.09901 0.51946
vt 0.20924 0.84571
vt 0.41932 0.36002
vt 0.42381 0.00429
vt 0.51905 0.21731
vt 0.37109 0.07962
vt 0.42381 0.00429
vt 0.41932 0.36002
vt 0.82031 0.76513
vt 0.74867 0.88244
vt 0.73906 0.79537
vt 0.78347 0.22076
vt 0.84901 0.05634
vt 0.82779 0.49460
vt 0.84901 0.05634
vt 0.98370 0.04287
vt 0.89465 0.10948
vt 0.09901 0.51946
vt 0.00301 0.89379
vt 0.00000 0.51689
vt 0.23764 0.50772
vt 0.37109 0.07962
vt 0.34096 0.65168
vt 0.82779 0.49460
vt 0.84901 0.05634
vt 0.88168 0.17402
vt 0.88168 0.17402
vt 0.91599 0.22298
vt 0.82779 0.49460
vt 0.91599 0.22298
vt 0.89534 0.21743
vt 0.98400 0.22303
vt 0.46243 0.45275
vt 0.42692 0.49109
vt 0.41932 0.36002
vt 0.37638 0.67312
vt 0.37640 0.73419
vt 0.37262 0.69378
vt 0.86676 1.00000
vt 0.86676 0.95302
vt 0.98357 0.99228
vt 0.98357 0.99228
vt 0.97657 0.43993
vt 0.97584 0.47713
vt 0.91599 0.10094
vt 0.89304 0.11192
vt 0.89465 0.10948
vt 0.79915 0.52218
vt 0.77152 0.45275
vt 0.77152 0.45275
vt 0.78347 0.22076
vt 0.82779 0.49460
vt 0.77030 0.35019
vt 0.73906 0.79537
vt 0.73906 0.79537
vt 0.39443 0.79537
vt 0.24469 0.99781
vt 0.34096 0.65168
vt 0.36587 0.87528
vt 0.79808 1.00000
vt 0.24469 0.99781
vt 0.74867 0.88244
vt 0.78513 0.73419
vt 0.79687 0.67204
vt 0.82031 0.76513
vt 0.77152 0.45275
vt 0.46243 0.45275
vt 0.77152 0.45275
vt 0.51905 0.21731
vt 0.77030 0.35019
vt 0.41932 0.36002
vt 0.21250 0.90339
vt 0.23751 0.99534
vt 0.20808 0.90027
vt 0.20808 0.90027
vt 0.20913 0.84562
vt 0.00022 0.89101
vt 0.20913 0.84562
vt 0.34096 0.65168
vt 0.21529 0.51326
vt 0.00026 0.51689
vt 0.21529 0.51326
vt 0.23764 0.50772
vt 0.98370 0.01570
vt 0.85050 0.02002
vt 0.86676 0.00993
vt 0.37640 0.73419
vt 0.39443 0.79537
vt 0.37262 0.69378
vt 0.82031 0.76513
vt 0.80246 0.99801
vt 0.97584 0.47713
vt 0.34096 0.65168
vt 0.24469 0.99781
vt 0.24545 0.97557
vt 0.42436 0.00508
vt 0.37524 0.00774
vt 0.39718 0.00000
vt 0.39718 0.00000
vt 0.37524 0.00774
vt 0.36253 0.03033
vt 0.78382 0.18896
vt 0.52040 0.18622
vt 0.52406 0.18839
vt 0.00022 0.89101
vt 0.21250 0.90339
vt 0.20808 0.90027
vt 0.82031 0.76513
vt 0.79687 0.67204
vt 0.79915 0.52218
vt 0.77152 0.45275
vt 0.77030 0.35019
vt 0.82779 0.49460
vt 0.37262 0.69378
vt 0.36587 0.87528
vt 0.34096 0.65168
vt 0.98370 0.10094
vt 0.91599 0.10094
vt 0.98370 0.10094
vt 0.98391 0.22305
vt 0.98400 0.22303
vt 0.89534 0.21743
vt 0.86676 1.00000
vt 0.98348 0.98673
vt 0.80246 0.99801
vt 0.98348 0.98673
vt 0.98357 0.99228
vt 0.97584 0.47713
vt 0.37640 0.73419
vt 0.34096 0.65168
vt 0.36636 0.87810
vt 0.44348 0.45879
vt 0.41932 0.36002
vt 0.37638 0.67312
vt 0.77030 0.35019
vt 0.78347 0.22076
vt 0.51905 0.21731
vt 0.78347 0.22076
vt 0.82779 0.49460
vt 0.84397 0.05416
vt 0.42436 0.00508
vt 0.52406 0.18839
vt 0.52040 0.18622
vt 0.84397 0.05416
vt 0.86676 0.00993
vt 0.85050 0.02002
vt 0.80246 0.99801
vt 0.79808 1.00000
vt 0.86676 1.00000
vt 0.79808 1.00000
vt 0.80246 0.99801
vt 0.41253 1.00000
vt 0.98357 0.99228
vt 0.86676 1.00000
vt 0.86676 1.00000
vt 0.86676 1.00000
vt 0.86676 1.00000
vt 0.79808 1.00000
vt 0.78513 0.73419
vt 0.79687 0.67204
vt 0.78513 0.73419
vt 0.84901 0.05634
vt 0.78382 0.18896
vt 0.85050 0.02002
vt 0.23764 0.50772
vt 0.34096 0.65168
vt 0.20924 0.84571
vt 0.00000 0.51689
vt 0.00022 0.89101
vt 0.00026 0.51689
vt 0.21529 0.51326
vt 0.24559 0.45751
vt 0.23764 0.50772
vt 0.21250 0.90339
vt 0.00301 0.89379
vt 0.20924 0.84571
vt 0.09901 0.51946
vt 0.00026 0.51689
vt 0.23764 0.50772
vt 0.37638 0.67312
vt 0.42692 0.49109
vt 0.44348 0.45879
vt 0.89534 0.21743
vt 0.88168 0.17402
vt 0.88121 0.16196
vt 0.82031 0.76513
vt 0.86676 0.95302
vt 0.79808 1.00000
vt 0.37109 0.07962
vt 0.41932 0.36002
vt 0.34096 0.65168
vt 0.46243 0.45275
vt 0.41932 0.36002
vt 0.77152 0.45275
vt 0.77152 0.45275
vt 0.41932 0.36002
vt 0.77030 0.35019
vt 0.82031 0.76513
vt 0.73906 0.79537
vt 0.78513 0.73419
vt 0.39443 0.79537
vt 0.74867 0.88244
vt 0.36587 0.87528
vt 0.73906 0.79537
vt 0.74867 0.88244
vt 0.39443 0.79537
vt 0.39443 0.79537
vt 0.36587 0.87528
vt 0.37262 0.69378
vt 0.37262 0.69378
vt 0.34096 0.65168
vt 0.41932 0.36002
vt 0.82031 0.76513
vt 0.79915 0.52218
vt 0.82779 0.49460
vt 0.77152 0.45275
vt 0.82779 0.49460
vt 0.79915 0.52218
vt 0.41932 0.36002
vt 0.42692 0.49109
vt 0.37262 0.69378
vt 0.37262 0.69378
vt 0.42692 0.49109
vt 0.37638 0.67312
vt 0.89534 0.21743
vt 0.91599 0.22298
vt 0.88168 0.17402
vt 0.89304 0.11192
vt 0.88168 0.17402
vt 0.89465 0.10948
vt 0.98370 0.10094
vt 0.91599 0.10094
vt 0.89465 0.10948
vt 0.86676 1.00000
vt 0.79808 1.00000
vt 0.86676 0.95302
vt 0.36253 0.03033
vt 0.42436 0.00508
vt 0.39718 0.00000
vt 0.24525 0.45956
vt 0.36253 0.03033
vt 0.24559 0.45751
vt 0.51905 0.21731
vt 0.52406 0.18839
vt 0.42436 0.00508
vt 0.52406 0.18839
vt 0.78347 0.22076
vt 0.79025 0.17672
vt 0.97733 0.23314
vt 0.87738 0.23272
vt 0.97379 0.23636
vt 0.99840 0.02023
vt 0.87738 0.02713
vt 1.00000 0.05601
vt 0.87738 0.02023
vt 0.87738 0.02713
vt 0.99840 0.02023
vt 0.97379 0.23636
vt 0.99929 0.03750
vt 0.99240 0.42210
vt 0.97733 0.23314
vt 0.97607 0.97749
vt 0.99144 0.47811
vt 0.87738 0.05490
vt 0.87738 0.02713
vt 0.87738 0.02023
vt 1.00000 0.05601
vt 0.87738 0.23272
vt 0.97733 0.23314
vt 0.87738 0.02023
vt 0.99840 0.02023
vt 0.99929 0.03750
vt 0.99144 0.47811
vt 0.99526 0.95469
vt 0.99240 0.42210
vt 0.99526 0.95469
vt 0.97709 0.97296
vt 0.97379 0.23636
vt 0.97379 0.23636
vt 0.87738 0.23272
vt 0.87738 0.05490
vt 0.97733 0.23314
vt 0.99144 0.47811
vt 1.00000 0.05601
vt 0.99144 0.47811
vt 0.99668 0.97597
vt 0.99526 0.95469
vt 0.97709 0.97296
vt 0.99526 0.95469
vt 0.99690 0.99361
vt 0.99668 0.97597
vt 0.99690 0.99361
vt 0.99526 0.95469
vt 0.99144 0.47811
vt 0.97607 0.97749
vt 0.99668 0.97597
vt 0.99690 0.99361
vt 0.97607 0.97749
vt 0.97709 0.97296
vt 1.00000 0.05601
vt 0.87738 0.02713
vt 0.87738 0.23272
vt 0.99929 0.03750
vt 0.97379 0.23636
vt 0.87738 0.05490
vt 1.00000 0.05601
vt 0.99929 0.03750
vt 0.99840 0.02023
vt 0.87738 0.23272
vt 0.87738 0.02713
vt 0.87738 0.05490
vt 0.97379 0.23636
vt 0.97607 0.97749
vt 0.97733 0.23314
vt 1.00000 0.05601
vt 0.99240 0.42210
vt 0.99929 0.03750
vt 0.99240 0.42210
vt 0.99526 0.95469
vt 0.97379 0.23636
vt 0.97379 0.23636
vt 0.97709 0.97296
vt 0.97607 0.97749
vt 1.00000 0.05601
vt 0.99144 0.47811
vt 0.99240 0.42210
vt 0.99690 0.99361
vt 0.99668 0.97597
vt 0.97607 0.97749
vt 0.97733 0.23314
vt 0.87738 0.23272
vt 0.87738 0.23272
vt 0.99929 0.03750
vt 0.87738 0.05490
vt 0.87738 0.02023
vt 0.87738 0.23272
vt 0.87738 0.23272
vt 0.87738 0.02713
vt 0.91648 0.18010
vt 0.90767 0.13537
vt 0.89843 0.17657
vt 0.90767 0.13537
vt 0.91648 0.18010
vt 0.91844 0.15862
vt 0.89689 0.16867
vt 0.89843 0.17657
vt 0.90767 0.13537
vt 0.91648 0.18010
vt 0.89843 0.17657
vt 0.89689 0.16867
vt 0.90767 0.13537
vt 0.91844 0.15862
vt 0.89689 0.16867
vt 0.91648 0.18010
vt 0.89689 0.16867
vt 0.91844 0.15862
vt 0.12119 0.89951
vt 0.13483 0.50537
vt 0.12119 0.50537
vt 0.13483 0.89951
vt 0.13483 0.50537
vt 0.13483 0.50537
vt 0.13483 0.89951
vt 0.12119 0.89951
vt 0.10756 0.89951
vt 0.10756 0.89951
vt 0.12119 0.50537
vt 0.10756 0.50537
vt 0.10756 0.89951
vt 0.10756 0.89951
vt 0.10756 0.50537
vt 0.12119 0.89951
vt 0.10756 0.89951
vt 0.10756 0.50537
vt 0.10756 0.89951
vt 0.12119 0.89951
vt 0.12119 0.50537
vt 0.13483 0.89951
vt 0.10756 0.89951
vt 0.13483 0.89951
vt 0.10756 0.89951
vt 0.10756 0.50537
vt 0.10756 0.50537
vt 0.12119 0.89951
vt 0.10756 0.50537
vt 0.12119 0.50537
vt 0.13483 0.50537
vt 0.13483 0.50537
vt 0.10756 0.50537
vt 0.13483 0.50537
vt 0.12119 0.50537
vt 0.10756 0.50537
vt 0.10756 0.50537
vt 0.10756 0.50537
vt 0.13483 0.50537
vt 0.13483 0.89951
vt 0.12119 0.50537
vt 0.13483 0.50537
vt 0.10756 0.50537
vt 0.12119 0.50537
vt 0.13483 0.50537
vt 0.13483 0.89951
vt 0.13483 0.89951
vt 0.13483 0.50537
vt 0.12119 0.89951
vt 0.13483 0.89951
vt 0.13483 0.50537
vt 0.10756 0.89951
vt 0.12119 0.89951
vt 0.13483 0.89951
vt 0.13483 0.89951
vt 0.12119 0.89951
vt 0.12119 0.50537
vt 0.10756 0.89951
vt 0.10756 0.89951
vt 0.13483 0.89951
vt 0.89834 0.12446
vt 0.91700 0.12446
vt 0.92633 0.16364
vt 0.91700 0.12446
vt 0.92633 0.16364
vt 0.92633 0.16364
vt 0.91700 0.20283
vt 0.89834 0.20283
vt 0.91700 0.20283
vt 0.92633 0.16364
vt 0.91700 0.20283
vt 0.89834 0.20283
vt 0.92633 0.16364
vt 0.92633 0.16364
vt 0.91700 0.20283
vt 0.91700 0.20283
vt 0.92633 0.16364
vt 0.88900 0.16364
vt 0.92633 0.16364
vt 0.91700 0.12446
vt 0.88900 0.16364
vt 0.89834 0.12446
vt 0.91700 0.12446
vt 0.89834 0.12446
vt 0.88900 0.16364
vt 0.89834 0.20283
vt 0.91700 0.20283
vt 0.91700 0.12446
vt 0.89834 0.12446
vt 0.88900 0.16364
vt 0.88900 0.16364
vt 0.89834 0.12446
vt 0.92633 0.16364
vt 0.91700 0.20283
vt 0.89834 0.20283
vt 0.89834 0.20283
vt 0.89834 0.20283
vt 0.89834 0.20283
vt 0.88900 0.16364
vt 0.88900 0.16364
vt 0.89834 0.12446
vt 0.89834 0.12446
vt 0.89834 0.20283
vt 0.88900 0.16364
vt 0.92633 0.16364
vt 0.89834 0.12446
vt 0.91700 0.12446
vt 0.91700 0.12446
vt 0.91700 0.12446
vt 0.92633 0.16364
vt 0.91700 0.12446
vt 0.88900 0.16364
vt 0.89834 0.12446
vt 0.88900 0.16364
vt 0.92633 0.16364
vt 0.91700 0.20283
vt 0.91700 0.20283
vt 0.89834 0.20283
vt 0.88900 0.16364
vt 0.88900 0.16364
f 1941/10099 1939/10100 2027/10101
f 1955/10102 1940/10103 1948/10104
f 2018/10105 1998/10106 2013/10107
f 2003/10108 2025/10109 2002/10110
f 2004/10111 2007/10112 2008/10113
f 1992/10114 1954/10115 1999/10116
f 2001/10117 1991/10118 1993/10119
f 2002/10120 1995/10121 1994/10122
f 2003/10123 1994/10124 1944/10125
f 2004/10126 1996/10127 2005/10128
f 1968/10129 1981/10130 1970/10131
f 1952/10132 2017/10133 1980/10134
f 1961/10135 2004/10136 1959/10137
f 1940/10138 1957/10139 1943/10140
f 1965/10141 2012/10142 1966/10143
f 1971/10144 1951/10145 1974/10146
f 1949/10147 2021/10148 2024/10149
f 1988/10150 2019/10151 2021/10152
f 1962/10153 1953/10154 1948/10155
f 1983/10156 1961/10157 1959/10158
f 1959/10159 1946/10160 1983/10161
f 1941/10162 1953/10163 1939/10164
f 1940/10165 1955/10166 1957/10167
f 1943/10168 1957/10169 1956/10170
f 1953/10171 1941/10172 1978/10173
f 1937/10174 1946/10175 1959/10176
f 1947/10177 1958/10178 1946/10179
f 1955/10180 1978/10181 1957/10182
f 1945/10183 1947/10184 1944/10185
f 1996/10186 1944/10187 1947/10188
f 1966/10189 1979/10190 1965/10191
f 1978/10192 1976/10193 1964/10194
f 1979/10195 1969/10196 2010/10197
f 1977/10198 1968/10199 1967/10200
f 1956/10201 1994/10202 1995/10203
f 1964/10204 1977/10205 1967/10206
f 1948/10207 1978/10208 1955/10209
f 1977/10210 2015/10211 1969/10212
f 1945/10213 1960/10214 1958/10215
f 1957/10216 1964/10217 1956/10218
f 1971/10219 1978/10220 1941/10221
f 1968/10222 1980/10223 1981/10224
f 1982/10225 1983/10226 1946/10227
f 1970/10228 1982/10229 1946/10230
f 1970/10231 1946/10232 1968/10233
f 1952/10234 2018/10235 2017/10236
f 1961/10237 2007/10238 2004/10239
f 1951/10240 1984/10241 1952/10242
f 1947/10243 1946/10244 1996/10245
f 1941/10246 1949/10247 1950/10248
f 1962/10249 1936/10250 1953/10251
f 1960/10252 1956/10253 1964/10254
f 1957/10255 1978/10256 1964/10257
f 1979/10258 2010/10259 1965/10260
f 1966/10261 1974/10262 1979/10263
f 1971/10264 1966/10265 1975/10266
f 1966/10267 1971/10268 1974/10269
f 1975/10270 1938/10271 1971/10272
f 1969/10273 2015/10274 2010/10275
f 1968/10276 1952/10277 1980/10278
f 1963/10279 1985/10280 1984/10281
f 1968/10282 1979/10283 1952/10284
f 1973/10285 2014/10286 1972/10287
f 1986/10288 1997/10289 1936/10290
f 1936/10291 1997/10292 1954/10293
f 1987/10294 1986/10295 1962/10296
f 1941/10297 2027/10298 1988/10299
f 1959/10300 2005/10301 1996/10302
f 1973/10303 1972/10304 1977/10305
f 1956/10306 1995/10307 1993/10308
f 1971/10309 1950/10310 1951/10311
f 1941/10312 1950/10313 1971/10314
f 1966/10315 1989/10316 1975/10317
f 1964/10318 1973/10319 1977/10320
f 1964/10321 1967/10322 1960/10323
f 1979/10324 1974/10325 1951/10326
f 1967/10327 1968/10328 1958/10329
f 1992/10330 1988/10331 1954/10332
f 2001/10333 2000/10334 1991/10335
f 1995/10336 2001/10337 1993/10338
f 2004/10339 2006/10340 1996/10341
f 2006/10342 2003/10343 1944/10344
f 1987/10345 2000/10346 1999/10347
f 1979/10348 1968/10349 1969/10350
f 1977/10351 1969/10352 1968/10353
f 1938/10354 1976/10355 1978/10356
f 1938/10357 1975/10358 1989/10359
f 2023/10360 1992/10361 1999/10362
f 1970/10363 2016/10364 1982/10365
f 2012/10366 1965/10367 2011/10368
f 2006/10369 2008/10370 2016/10371
f 2017/10372 2018/10373 2013/10374
f 2026/10375 2017/10376 2013/10377
f 2005/10378 1959/10379 2004/10380
f 2018/10381 1985/10382 1998/10383
f 1948/10384 1940/10385 1991/10386
f 1988/10387 2027/10388 1954/10389
f 1943/10390 1993/10391 1991/10392
f 2003/10393 2002/10394 1994/10395
f 1988/10396 1949/10397 1941/10398
f 2024/10399 2013/10400 1998/10401
f 1997/10402 1987/10403 1999/10404
f 2022/10405 1995/10406 2002/10407
f 2001/10408 1995/10409 2022/10410
f 2024/10411 2021/10412 2012/10413
f 2003/10414 2006/10415 2013/10416
f 2006/10417 2004/10418 2008/10419
f 1987/10420 1997/10421 1986/10422
f 2000/10423 2001/10424 2023/10425
f 2013/10426 2006/10427 2016/10428
f 2016/10429 2026/10430 2013/10431
f 2026/10432 1981/10433 2017/10434
f 1972/10435 2014/10436 2022/10437
f 1976/10438 1938/10439 1990/10440
f 2009/10441 1998/10442 1985/10443
f 1985/10444 2018/10445 1952/10446
f 1983/10447 1982/10448 2008/10449
f 2015/10450 1977/10451 2020/10452
f 2003/10453 2013/10454 2025/10455
f 1966/10456 2012/10457 1989/10458
f 1988/10459 2023/10460 2019/10461
f 1949/10462 1988/10463 2021/10464
f 2011/10465 2010/10466 2024/10467
f 1977/10468 1972/10469 2020/10470
f 2002/10471 2025/10472 2022/10473
f 1954/10474 2027/10475 1939/10476
f 1939/10477 1953/10478 1936/10479
f 1953/10480 1978/10481 1948/10482
f 1962/10483 1948/10484 2000/10485
f 1959/10486 1996/10487 1937/10488
f 1938/10489 1989/10490 1990/10491
f 1979/10492 1951/10493 1952/10494
f 2023/10495 1988/10496 1992/10497
f 1956/10498 1993/10499 1942/10500
f 1942/10501 1993/10502 1943/10503
f 1944/10504 1994/10505 1945/10506
f 1936/10507 1954/10508 1939/10509
f 2024/10510 2010/10511 2015/10512
f 2020/10513 2025/10514 2013/10515
f 1990/10516 2019/10517 2023/10518
f 1961/10519 1983/10520 2007/10521
f 1980/10522 2017/10523 1981/10524
f 1963/10525 1984/10526 1951/10527
f 1984/10528 1985/10529 1952/10530
f 1938/10531 1978/10532 1971/10533
f 1973/10534 1964/10535 1976/10536
f 1967/10537 1958/10538 1960/10539
f 1958/10540 1968/10541 1946/10542
f 1956/10543 1945/10544 1994/10545
f 1946/10546 1937/10547 1996/10548
f 1951/10549 1949/10550 1963/10551
f 1949/10552 1951/10553 1950/10554
f 1985/10555 1963/10556 2009/10557
f 2009/10558 1963/10559 1949/10560
f 1965/10561 2010/10562 2011/10563
f 2006/10564 1944/10565 1996/10566
f 2000/10567 2023/10568 1999/10569
f 1986/10570 1936/10571 1962/10572
f 1948/10573 1991/10574 2000/10575
f 1954/10576 1997/10577 1999/10578
f 1987/10579 1962/10580 2000/10581
f 1976/10582 2014/10583 1973/10584
f 1981/10585 2016/10586 1970/10587
f 2024/10588 1998/10589 1949/10590
f 2001/10591 2022/10592 2023/10593
f 1972/10594 2022/10595 2020/10596
f 2020/10597 2022/10598 2025/10599
f 2024/10600 2012/10601 2011/10602
f 1989/10603 2021/10604 2019/10605
f 2012/10606 2021/10607 1989/10608
f 1989/10609 2019/10610 1990/10611
f 1990/10612 2023/10613 2022/10614
f 2024/10615 2015/10616 2013/10617
f 2020/10618 2013/10619 2015/10620
f 2022/10621 2014/10622 1990/10623
f 1990/10624 2014/10625 1976/10626
f 1981/10627 2026/10628 2016/10629
f 1982/10630 2016/10631 2008/10632
f 2007/10633 1983/10634 2008/10635
f 2009/10636 1949/10637 1998/10638
f 1943/10639 1956/10640 1942/10641
f 1940/10642 1943/10643 1991/10644
f 1960/10645 1945/10646 1956/10647
f 1945/10648 1958/10649 1947/10650
f 2035/10651 2047/10652 2042/10653
f 2037/10654 2049/10655 2033/10656
f 2036/10657 2049/10658 2037/10659
f 2042/10660 2038/10661 2040/10662
f 2035/10663 2039/10664 2041/10665
f 2048/10666 2049/10667 2036/10668
f 2033/10669 2034/10670 2035/10671
f 2036/10672 2037/10673 2038/10674
f 2041/10675 2043/10676 2040/10677
f 2043/10678 2045/10679 2042/10680
f 2042/10681 2047/10682 2048/10683
f 2035/10684 2041/10685 2033/10686
f 2041/10687 2044/10688 2043/10689
f 2045/10690 2043/10691 2046/10692
f 2044/10693 2046/10694 2043/10695
f 2041/10696 2039/10697 2044/10698
f 2046/10699 2039/10700 2045/10701
f 2033/10702 2049/10703 2034/10704
f 2038/10705 2042/10706 2048/10707
f 2033/10708 2038/10709 2037/10710
f 2047/10711 2049/10712 2048/10713
f 2042/10714 2039/10715 2035/10716
f 2033/10717 2040/10718 2038/10719
f 2040/10720 2043/10721 2042/10722
f 2042/10723 2045/10724 2039/10725
f 2033/10726 2041/10727 2040/10728
f 2046/10729 2044/10730 2039/10731
f 2035/10732 2034/10733 2047/10734
f 2038/10735 2048/10736 2036/10737
f 2047/10738 2034/10739 2049/10740
f 2032/10741 2030/10742 2029/10743
f 2030/10744 2032/10745 2031/10746
f 2028/10747 2029/10748 2030/10749
f 2032/10750 2029/10751 2028/10752
f 2030/10753 2031/10754 2028/10755
f 2032/10756 2028/10757 2031/10758
f 2057/10759 2058/10760 2056/10761
f 2059/10762 2060/10763 2058/10764
f 2059/10765 2057/10766 2055/10767
f 2055/10768 2056/10769 2054/10770
f 2053/10771 2055/10772 2054/10773
f 2050/10774 2053/10775 2051/10776
f 2055/10777 2057/10778 2056/10779
f 2059/10780 2053/10781 2061/10782
f 2053/10783 2054/10784 2051/10785
f 2050/10786 2051/10787 2052/10788
f 2058/10789 2060/10790 2051/10791
f 2060/10792 2052/10793 2051/10794
f 2051/10795 2054/10796 2058/10797
f 2061/10798 2052/10799 2060/10800
f 2054/10801 2056/10802 2058/10803
f 2059/10804 2061/10805 2060/10806
f 2057/10807 2059/10808 2058/10809
f 2053/10810 2050/10811 2061/10812
f 2061/10813 2050/10814 2052/10815
f 2055/10816 2053/10817 2059/10818
f 2067/10819 2069/10820 2071/10821
f 2070/10822 2073/10823 2071/10824
f 2062/10825 2063/10826 2064/10827
f 2071/10828 2064/10829 2063/10830
f 2071/10831 2073/10832 2062/10833
f 2062/10834 2073/10835 2065/10836
f 2073/10837 2070/10838 2065/10839
f 2068/10840 2069/10841 2067/10842
f 2065/10843 2072/10844 2062/10845
f 2070/10846 2068/10847 2065/10848
f 2066/10849 2067/10850 2071/10851
f 2062/10852 2072/10853 2063/10854
f 2063/10855 2072/10856 2065/10857
f 2065/10858 2068/10859 2067/10860
f 2063/10861 2066/10862 2071/10863
f 2068/10864 2070/10865 2069/10866
f 2070/10867 2071/10868 2069/10869
f 2065/10870 2067/10871 2066/10872
f 2071/10873 2062/10874 2064/10875
f 2063/10876 2065/10877 2066/10878
o Accent
g Accent
usemtl AccentHot
v -0.02423 0.35521 -3.36390
v -0.03540 0.33161 -3.30955
v -0.05577 0.31881 -3.36390
v -0.05577 0.32596 -3.36389
v -0.03537 0.33162 -3.36389
v -0.03131 0.35423 -3.36389
v -0.03535 0.37201 -3.36389
v -0.02777 0.35470 -3.31585
v -0.03535 0.37200 -3.32214
v -0.05577 0.32596 -3.30809
v -0.07910 0.37410 -3.36390
v -0.07618 0.33162 -3.36389
v -0.08732 0.35521 -3.31589
v -0.07330 0.36993 -3.36389
v -0.08024 0.35423 -3.31589
v -0.07615 0.33161 -3.30955
v -0.08379 0.35466 -3.36389
v -0.07620 0.37200 -3.32214
v -0.05577 0.31881 -3.30576
v -0.03311 0.16438 -3.36386
v -0.05577 0.33240 -3.31065
v -0.03764 0.33240 -3.32085
v -0.03311 0.33240 -3.31065
v -0.03311 0.33240 -3.36386
v -0.03764 0.33240 -3.36386
v -0.05577 0.32501 -3.36386
v -0.04671 0.16438 -3.27152
v -0.03311 0.23252 -3.36386
v -0.03311 0.26020 -3.30217
v -0.03311 0.20862 -3.34235
v -0.03311 0.21293 -3.27152
v -0.03311 0.26144 -3.34545
v -0.07844 0.21017 -3.29314
v -0.03311 0.16438 -3.33291
v -0.03311 0.16438 -3.27152
v -0.03311 0.21141 -3.29213
v -0.07844 0.21414 -3.34805
v -0.04066 0.16438 -3.36386
v -0.07844 0.21293 -3.27152
v -0.06484 0.32871 -3.32085
v -0.07844 0.26022 -3.34659
v -0.07769 0.33298 -3.36386
v -0.07844 0.26288 -3.30630
v -0.07391 0.16438 -3.30770
v -0.07844 0.16438 -3.36386
v -0.07844 0.16438 -3.27152
v -0.07844 0.20689 -3.33703
v -0.07844 0.33240 -3.31065
v -0.03111 0.31851 -3.33503
v -0.08044 0.30817 -3.35294
v -0.08044 0.31851 -3.33503
v -0.03111 0.30817 -3.35294
v -0.08044 0.28749 -3.35294
v -0.03111 0.28749 -3.35294
v -0.08044 0.27715 -3.33503
v -0.03111 0.28749 -3.31713
v -0.08044 0.28749 -3.31713
v -0.03111 0.27715 -3.33503
v -0.08044 0.30817 -3.31713
v -0.05577 0.33253 -3.34522
v -0.04964 0.33251 -3.34190
v -0.05412 0.33251 -3.33618
v -0.05261 0.35526 -3.34067
v -0.05685 0.33252 -3.34939
v -0.05974 0.31240 -3.34814
v -0.06141 0.33251 -3.33679
v -0.05181 0.31240 -3.33442
v -0.06334 0.31240 -3.33816
v -0.04821 0.31240 -3.34440
v -0.03111 0.30817 -3.31713
v -0.05893 0.35526 -3.34189
vt 0.17153 0.23725
vt 0.19970 0.46279
vt 0.18731 0.45697
vt 0.46593 0.78353
vt 0.46593 0.80117
vt 0.00042 0.80117
vt 0.00042 0.00000
vt 1.00000 0.00000
vt 0.29082 0.20268
vt 0.00042 0.32492
vt 0.19970 0.46279
vt 0.23325 0.21092
vt 0.19970 0.46279
vt 0.00042 0.80117
vt 0.57642 0.80117
vt 0.18731 0.45697
vt 0.00042 0.00000
vt 0.17153 0.23725
vt 0.33546 0.00000
vt 0.23325 0.21092
vt 0.77691 0.22426
vt 0.18731 0.45697
vt 0.57642 0.80117
vt 0.00042 0.80390
vt 1.00000 0.00000
vt 0.77691 0.22426
vt 1.00000 0.23149
vt 0.19970 0.46279
vt 0.57642 0.80117
vt 0.66822 0.45689
vt 1.00000 0.23149
vt 0.66822 0.45689
vt 0.57642 0.80117
vt 0.19970 0.46279
vt 0.17153 0.23725
vt 0.23325 0.21092
vt 1.00000 0.23149
vt 0.57642 0.80117
vt 0.62347 0.46968
vt 0.00042 0.80390
vt 0.00042 0.76590
vt 0.00042 0.32492
vt 0.76591 0.21835
vt 0.23325 0.21092
vt 0.29082 0.20268
vt 0.46593 0.78353
vt 0.00042 0.80117
vt 0.00042 0.76590
vt 1.00000 0.00000
vt 0.60837 0.00000
vt 1.00000 0.00000
vt 0.00042 0.80390
vt 0.46593 0.78353
vt 0.00042 0.76590
vt 0.23325 0.21092
vt 0.76591 0.21835
vt 0.77691 0.22426
vt 0.60837 0.00000
vt 1.00000 0.00000
vt 1.00000 0.00000
vt 0.00042 0.80117
vt 0.57642 0.80117
vt 0.00042 0.80117
vt 0.77691 0.22426
vt 0.76591 0.21835
vt 0.66822 0.45689
vt 1.00000 0.00000
vt 1.00000 0.23149
vt 1.00000 0.23149
vt 0.23325 0.21092
vt 0.17153 0.23725
vt 0.29082 0.20268
vt 0.19970 0.46279
vt 0.62347 0.46968
vt 0.18731 0.45697
vt 0.66822 0.45689
vt 0.76591 0.21835
vt 0.62347 0.46968
vt 0.60837 0.00000
vt 0.33546 0.00000
vt 1.00000 0.00000
vt 0.60837 0.00000
vt 0.00042 0.00000
vt 0.33546 0.00000
vt 0.19970 0.46279
vt 0.66822 0.45689
vt 0.62347 0.46968
vt 0.00042 0.32492
vt 0.33546 0.00000
vt 0.00042 0.00000
vt 0.00042 0.32492
vt 0.00042 0.00000
vt 0.00042 0.00000
vt 1.00000 0.00000
vt 1.00000 0.23149
vt 0.76591 0.21835
vt 0.00042 0.80390
vt 0.57642 0.80117
vt 0.46593 0.78353
vt 1.00000 0.00000
vt 1.00000 0.23149
vt 1.00000 0.00000
vt 0.00042 0.00000
vt 0.33546 0.00000
vt 0.00042 0.00000
vt 0.57642 0.80117
vt 0.57642 0.80117
vt 1.00000 0.23149
vt 0.00042 0.80117
vt 0.00042 0.80117
vt 0.00042 0.32492
vt 1.00000 0.23149
vt 1.00000 0.00000
vt 1.00000 0.00000
vt 1.00000 0.00000
vt 0.00042 0.00000
vt 0.60837 0.00000
vt 1.00000 0.23149
vt 0.62347 0.46968
vt 0.76591 0.21835
vt 0.00042 0.80390
vt 0.00042 0.32492
vt 0.00042 0.00000
vt 0.00042 0.80390
vt 0.00042 0.00000
vt 0.18731 0.45697
vt 0.57642 0.80117
vt 0.57642 0.80117
vt 1.00000 0.23149
vt 0.46593 0.78353
vt 0.57642 0.80117
vt 0.57642 0.80117
vt 0.57642 0.80117
vt 1.00000 0.23149
vt 1.00000 0.23149
vt 0.00042 0.00000
vt 0.00042 0.00000
vt 0.00042 0.32492
vt 0.57642 0.80117
vt 0.18731 0.45697
vt 0.62347 0.46968
vt 0.00042 0.00000
vt 0.29082 0.20268
vt 0.17153 0.23725
vt 1.00000 0.00000
vt 0.76591 0.21835
vt 0.29082 0.20268
vt 0.00042 0.00000
vt 0.00042 0.00000
vt 0.33546 0.00000
vt 0.00042 0.32492
vt 0.00042 0.76590
vt 0.00042 0.80117
vt 1.00000 0.23149
vt 0.77691 0.22426
vt 0.66822 0.45689
vt 0.00042 0.32492
vt 0.23325 0.21092
vt 0.33546 0.00000
vt 0.46593 0.80117
vt 0.57642 0.80117
vt 0.00042 0.80117
vt 0.00042 0.32492
vt 0.00042 0.80117
vt 0.19970 0.46279
vt 0.77691 0.22426
vt 1.00000 0.00000
vt 0.33546 0.00000
vt 0.57642 0.80117
vt 0.57642 0.80117
vt 0.46593 0.80117
vt 0.00000 0.90992
vt 0.00003 0.79744
vt 0.00005 0.90525
vt 0.52006 0.90750
vt 0.00003 0.79744
vt 0.58831 0.79740
vt 0.00003 0.79744
vt 0.00003 0.90730
vt 0.51962 0.90525
vt 0.00003 0.79744
vt 0.58831 0.79740
vt 0.51962 0.90992
vt 0.45201 0.98995
vt 0.52006 0.90750
vt 0.00000 0.90992
vt 0.58831 0.79740
vt 0.00005 0.77043
vt 0.60411 0.77043
vt 0.00005 0.77043
vt 0.58831 0.79740
vt 0.60411 0.77043
vt 0.52006 0.90750
vt 0.00003 0.79744
vt 0.00000 0.90992
vt 0.45201 0.98995
vt 0.00005 0.90525
vt 0.52006 0.90750
vt 0.00000 0.90992
vt 0.00005 0.90525
vt 0.00003 0.99000
vt 0.52006 0.90750
vt 0.00005 0.90525
vt 0.00003 0.79744
vt 0.52006 0.90750
vt 0.58831 0.79740
vt 0.00003 0.79744
vt 0.00005 0.77043
vt 0.00003 0.79744
vt 0.58831 0.79740
vt 0.60411 0.77043
vt 0.58831 0.79740
vt 0.62934 0.73633
vt 0.51962 0.90992
vt 0.58831 0.79740
vt 0.51962 0.90525
vt 0.00005 0.98009
vt 0.00003 0.90730
vt 0.00000 1.00000
vt 0.00003 0.90730
vt 0.45201 0.98995
vt 0.51962 0.90525
vt 0.00003 0.79744
vt 0.51962 0.90992
vt 0.00003 0.90730
vt 0.00003 0.79744
vt 0.00005 0.77043
vt 0.00000 0.73633
vt 0.00003 0.79744
vt 0.51962 0.90525
vt 0.58831 0.79740
vt 0.45201 0.98995
vt 0.00005 0.98009
vt 0.00000 1.00000
vt 0.51962 0.90992
vt 0.51962 0.90525
vt 0.45201 0.98995
vt 0.00003 0.79744
vt 0.00000 0.73633
vt 0.00005 0.77043
vt 0.58831 0.79740
vt 0.00003 0.79744
vt 0.00005 0.77043
vt 0.45201 0.98995
vt 0.00003 0.99000
vt 0.00005 0.90525
vt 0.00000 0.73633
vt 0.58831 0.79740
vt 0.00003 0.79744
vt 0.00003 0.90730
vt 0.51962 0.90992
vt 0.45201 0.98995
vt 0.58831 0.79740
vt 0.62934 0.73633
vt 0.00000 0.73633
vt 0.60411 0.77043
vt 0.62934 0.73633
vt 0.58831 0.79740
vt 0.00000 0.73633
vt 0.62934 0.73633
vt 0.58831 0.79740
vt 0.00003 0.90730
vt 0.00005 0.98009
vt 0.45201 0.98995
vt 0.58831 0.79740
vt 0.00000 0.73633
vt 0.00003 0.79744
vt 0.00003 0.90730
vt 0.45201 0.98995
vt 0.00000 1.00000
vt 0.45201 0.98995
vt 0.00000 0.90992
vt 0.00003 0.99000
vt 0.30005 0.80170
vt 0.31911 0.70579
vt 0.21108 0.70579
vt 0.23826 0.91017
vt 0.25142 0.91017
vt 0.20217 0.80177
vt 0.20217 0.80177
vt 0.25142 0.91017
vt 0.23815 0.80167
vt 0.25142 0.91017
vt 0.30005 0.80170
vt 0.23815 0.80167
vt 0.30005 0.80170
vt 0.23826 0.91017
vt 0.29342 0.80170
vt 0.15707 0.80173
vt 0.27860 0.70579
vt 0.29342 0.80170
vt 0.29342 0.80170
vt 0.31911 0.70579
vt 0.30005 0.80170
vt 0.29342 0.80170
vt 0.20217 0.80177
vt 0.15707 0.80173
vt 0.25142 0.91017
vt 0.23826 0.91017
vt 0.30005 0.80170
vt 0.15707 0.80173
vt 0.17057 0.70579
vt 0.27860 0.70579
vt 0.15707 0.80173
vt 0.21108 0.70579
vt 0.17057 0.70579
vt 0.23815 0.80167
vt 0.15707 0.80173
vt 0.20217 0.80177
vt 0.17057 0.70579
vt 0.21108 0.70579
vt 0.31911 0.70579
vt 0.29342 0.80170
vt 0.27860 0.70579
vt 0.31911 0.70579
vt 0.23815 0.80167
vt 0.21108 0.70579
vt 0.15707 0.80173
vt 0.31911 0.70579
vt 0.27860 0.70579
vt 0.17057 0.70579
vt 0.30005 0.80170
vt 0.21108 0.70579
vt 0.23815 0.80167
vt 0.23826 0.91017
vt 0.20217 0.80177
vt 0.29342 0.80170
vt 0.11859 0.58702
vt 0.31243 0.53772
vt 0.11859 0.58702
vt 0.50627 0.58702
vt 0.50627 0.68561
vt 0.50627 0.58702
vt 0.31243 0.73491
vt 0.11859 0.68561
vt 0.31243 0.73491
vt 0.50627 0.68561
vt 0.31243 0.73491
vt 0.31243 0.73491
vt 0.50627 0.68561
vt 0.31243 0.73491
vt 0.11859 0.68561
vt 0.50627 0.68561
vt 0.50627 0.68561
vt 0.31243 0.73491
vt 0.50627 0.58702
vt 0.50627 0.68561
vt 0.50627 0.68561
vt 0.50627 0.68561
vt 0.50627 0.58702
vt 0.11859 0.58702
vt 0.11859 0.68561
vt 0.31243 0.73491
vt 0.50627 0.68561
vt 0.31243 0.73491
vt 0.11859 0.68561
vt 0.11859 0.68561
vt 0.11859 0.68561
vt 0.11859 0.58702
vt 0.11859 0.58702
vt 0.11859 0.68561
vt 0.11859 0.58702
vt 0.11859 0.68561
vt 0.50627 0.58702
vt 0.31243 0.53772
vt 0.11859 0.58702
vt 0.50627 0.58702
vt 0.50627 0.68561
vt 0.11859 0.68561
vt 0.31243 0.53772
vt 0.50627 0.58702
vt 0.50627 0.58702
vt 0.11859 0.58702
vt 0.31243 0.53772
vt 0.50627 0.58702
vt 0.11859 0.58702
vt 0.11859 0.68561
vt 0.50627 0.68561
vt 0.11859 0.68561
vt 0.11859 0.58702
vt 0.50627 0.58702
vt 0.11859 0.58702
vt 0.31243 0.53772
vt 0.31243 0.53772
vt 0.31243 0.53772
vt 0.31243 0.53772
vt 0.50627 0.58702
f 2110/10879 2105/10880 2114/10881
f 2113/10882 2095/10883 2098/10884
f 2118/10885 2119/10886 2120/10887
f 2101/10888 2105/10889 2103/10890
f 2105/10891 2097/10892 2096/10893
f 2114/10894 2118/10895 2110/10896
f 2107/10897 2103/10898 2109/10899
f 2114/10900 2121/10901 2115/10902
f 2108/10903 2109/10904 2104/10905
f 2105/10906 2096/10907 2102/10908
f 2104/10909 2102/10910 2096/10911
f 2105/10912 2110/10913 2103/10914
f 2112/10915 2121/10916 2116/10917
f 2115/10918 2099/10919 2101/10920
f 2106/10921 2103/10922 2120/10923
f 2113/10924 2098/10925 2099/10926
f 2119/10927 2117/10928 2100/10929
f 2115/10930 2113/10931 2099/10932
f 2103/10933 2106/10934 2109/10935
f 2117/10936 2108/10937 2100/10938
f 2098/10939 2096/10940 2097/10941
f 2109/10942 2106/10943 2102/10944
f 2119/10945 2104/10946 2112/10947
f 2103/10948 2110/10949 2120/10950
f 2105/10951 2116/10952 2114/10953
f 2102/10954 2106/10955 2116/10956
f 2117/10957 2107/10958 2108/10959
f 2117/10960 2118/10961 2107/10962
f 2105/10963 2102/10964 2116/10965
f 2101/10966 2107/10967 2093/10968
f 2101/10969 2093/10970 2111/10971
f 2119/10972 2112/10973 2106/10974
f 2115/10975 2121/10976 2113/10977
f 2100/10978 2104/10979 2119/10980
f 2111/10981 2107/10982 2118/10983
f 2096/10984 2094/10985 2104/10986
f 2098/10987 2097/10988 2101/10989
f 2104/10990 2100/10991 2108/10992
f 2119/10993 2118/10994 2117/10995
f 2112/10996 2116/10997 2106/10998
f 2115/10999 2101/11000 2118/11001
f 2115/11002 2118/11003 2114/11004
f 2094/11005 2121/11006 2112/11007
f 2113/11008 2121/11009 2094/11010
f 2094/11011 2112/11012 2104/11013
f 2111/11014 2118/11015 2101/11016
f 2121/11017 2114/11018 2116/11019
f 2118/11020 2120/11021 2110/11022
f 2119/11023 2106/11024 2120/11025
f 2111/11026 2093/11027 2107/11028
f 2101/11029 2099/11030 2098/11031
f 2104/11032 2109/11033 2102/11034
f 2101/11035 2103/11036 2107/11037
f 2095/11038 2096/11039 2098/11040
f 2101/11041 2097/11042 2105/11043
f 2109/11044 2108/11045 2107/11046
f 2094/11047 2096/11048 2095/11049
f 2074/11050 2078/11051 2079/11052
f 2081/11053 2078/11054 2075/11055
f 2085/11056 2090/11057 2088/11058
f 2085/11059 2089/11060 2086/11061
f 2082/11062 2081/11063 2074/11064
f 2075/11065 2077/11066 2083/11067
f 2077/11068 2089/11069 2083/11070
f 2081/11071 2078/11072 2074/11073
f 2082/11074 2079/11075 2081/11076
f 2074/11077 2079/11078 2080/11079
f 2081/11080 2079/11081 2078/11082
f 2081/11083 2075/11084 2078/11085
f 2077/11086 2085/11087 2089/11088
f 2083/11089 2089/11090 2092/11091
f 2086/11092 2089/11093 2088/11094
f 2087/11095 2090/11096 2084/11097
f 2090/11098 2091/11099 2088/11100
f 2085/11101 2086/11102 2090/11103
f 2085/11104 2077/11105 2076/11106
f 2085/11107 2088/11108 2089/11109
f 2091/11110 2087/11111 2084/11112
f 2086/11113 2088/11114 2091/11115
f 2078/11116 2076/11117 2077/11118
f 2075/11119 2078/11120 2077/11121
f 2082/11122 2080/11123 2079/11124
f 2076/11125 2089/11126 2085/11127
f 2090/11128 2086/11129 2091/11130
f 2075/11131 2092/11132 2076/11133
f 2083/11134 2092/11135 2075/11136
f 2076/11137 2092/11138 2089/11139
f 2090/11140 2087/11141 2091/11142
f 2075/11143 2076/11144 2078/11145
f 2090/11146 2091/11147 2084/11148
f 2082/11149 2074/11150 2080/11151
f 2135/11152 2140/11153 2142/11154
f 2144/11155 2136/11156 2133/11157
f 2133/11158 2136/11159 2134/11160
f 2136/11161 2135/11162 2134/11163
f 2135/11164 2144/11165 2139/11166
f 2137/11167 2141/11168 2139/11169
f 2139/11170 2140/11171 2135/11172
f 2139/11173 2133/11174 2137/11175
f 2136/11176 2144/11177 2135/11178
f 2137/11179 2138/11180 2141/11181
f 2137/11182 2142/11183 2138/11184
f 2134/11185 2137/11186 2133/11187
f 2138/11188 2142/11189 2140/11190
f 2139/11191 2141/11192 2140/11193
f 2134/11194 2142/11195 2137/11196
f 2140/11197 2141/11198 2138/11199
f 2135/11200 2142/11201 2134/11202
f 2144/11203 2133/11204 2139/11205
f 2127/11206 2128/11207 2126/11208
f 2129/11209 2132/11210 2130/11211
f 2122/11212 2123/11213 2124/11214
f 2132/11215 2122/11216 2124/11217
f 2132/11218 2124/11219 2123/11220
f 2132/11221 2143/11222 2122/11223
f 2129/11224 2143/11225 2132/11226
f 2143/11227 2129/11228 2127/11229
f 2125/11230 2122/11231 2143/11232
f 2122/11233 2125/11234 2123/11235
f 2125/11236 2127/11237 2126/11238
f 2125/11239 2126/11240 2123/11241
f 2129/11242 2131/11243 2127/11244
f 2130/11245 2132/11246 2123/11247
f 2128/11248 2129/11249 2130/11250
f 2126/11251 2128/11252 2130/11253
f 2127/11254 2125/11255 2143/11256
f 2123/11257 2126/11258 2130/11259
f 2127/11260 2131/11261 2128/11262
f 2128/11263 2131/11264 2129/11265
o Bolt
g Bolt
usemtl GoldSoft
v -0.08349 0.11779 -1.65499
v -0.08349 0.11779 -1.45499
v -0.08349 0.18779 -1.65499
v -0.08349 0.18779 -1.45499
v 0.11012 0.11779 -1.65499
v 0.11012 0.11779 -1.45499
v 0.11012 0.18779 -1.65499
v 0.11012 0.18779 -1.45499
vt 1.00000 0.00000
vt 1.00000 1.00000
vt 0.00000 0.00000
vt 0.00000 0.00000
vt 1.00000 0.00000
vt 0.00000 0.00000
vt 0.00000 0.00000
vt 1.00000 1.00000
vt 0.00000 1.00000
vt 0.00000 1.00000
vt 0.00000 0.00000
vt 0.00000 0.00000
vt 1.00000 0.00000
vt 1.00000 1.00000
vt 1.00000 1.00000
vt 1.00000 0.00000
vt 1.00000 0.00000
vt 0.00000 0.00000
vt 1.00000 0.00000
vt 1.00000 1.00000
vt 1.00000 0.00000
vt 1.00000 1.00000
vt 1.00000 1.00000
vt 0.00000 1.00000
vt 0.00000 1.00000
vt 0.00000 0.00000
vt 0.00000 1.00000
vt 0.00000 1.00000
vt 1.00000 1.00000
vt 0.00000 1.00000
vt 0.00000 1.00000
vt 1.00000 0.00000
vt 0.00000 0.00000
vt 1.00000 1.00000
vt 1.00000 0.00000
vt 0.00000 1.00000
f 2146/11266 2148/11267 2145/11268
f 2149/11269 2146/11270 2145/11271
f 2145/11272 2148/11273 2147/11274
f 2147/11275 2149/11276 2145/11277
f 2146/11278 2152/11279 2148/11280
f 2150/11281 2146/11282 2149/11283
f 2150/11284 2152/11285 2146/11286
f 2148/11287 2152/11288 2147/11289
f 2151/11290 2149/11291 2147/11292
f 2147/11293 2152/11294 2151/11295
f 2151/11296 2150/11297 2149/11298
f 2152/11299 2150/11300 2151/11301
o Mag
g Mag
usemtl GripRose
v -0.01932 -0.07700 -0.81973
v -0.09101 -0.08064 -0.82019
v -0.01008 -0.03153 -0.82073
v -0.07135 -0.31125 -0.56683
v -0.03683 -0.09657 -0.78658
v -0.04032 -0.31094 -0.56678
v -0.01607 -0.31661 -0.70386
v -0.02074 -0.34098 -0.72302
v -0.01927 -0.37258 -0.66976
v -0.01571 -0.35552 -0.60429
v -0.01569 -0.08686 -0.65576
v -0.01571 -0.09871 -0.75844
v -0.03985 -0.08896 -0.63057
v -0.03671 -0.03101 -0.61077
v -0.01021 -0.03199 -0.63743
v -0.10710 0.01426 -0.60914
v -0.00445 0.01426 -0.82070
v -0.00445 0.01426 -0.60914
v -0.09586 -0.08686 -0.65576
v -0.10134 -0.03199 -0.63743
v -0.07122 -0.34847 -0.57725
v -0.05577 -0.30738 -0.72299
v -0.07401 -0.10120 -0.78330
v -0.09598 -0.34439 -0.71177
v -0.08922 -0.37443 -0.67686
v -0.05577 -0.36562 -0.72017
v -0.07512 -0.33560 -0.73085
v -0.09541 -0.34747 -0.58777
v -0.09584 -0.30083 -0.69742
v -0.09584 -0.09871 -0.75844
v -0.07376 -0.03243 -0.61087
v -0.07137 -0.08598 -0.63051
v -0.10147 -0.03153 -0.82075
v -0.10710 0.01426 -0.82070
v -0.01880 -0.34826 -0.58224
v -0.11274 -0.09000 -1.29644
v -0.11316 -0.09439 -1.45363
v 0.00943 -0.09723 -1.53222
v 0.00943 -0.09723 -1.37504
v 0.00932 -0.09856 -1.45363
v 0.01360 -0.07397 -1.45363
v -0.11092 -0.09739 -1.53222
v 0.00932 -0.09856 -1.29644
v -0.10296 -0.06684 -1.29644
v -0.09578 -0.06849 -1.37504
v -0.11319 -0.06922 -1.53222
v -0.09578 -0.06849 -1.53222
v -0.10479 -0.06783 -1.45363
v 0.01298 -0.07371 -1.37504
v 0.01298 -0.07371 -1.53222
v -0.10944 -0.09777 -1.37504
v -0.11596 -0.07143 -1.37504
v 0.01360 -0.07397 -1.29644
v 0.26420 -0.10844 -1.28815
v 0.29460 -0.18558 -1.28592
v -0.30198 -0.09782 -1.28324
v 0.00291 -0.09782 -1.57367
v -0.36386 -0.19119 -1.25837
v -0.36620 -0.19342 -1.60324
v -0.40696 -0.20871 -1.57993
v 0.00291 -0.18536 -1.25938
v 0.00291 -0.18536 -1.60280
v 0.25904 -0.20789 -1.60304
v 0.23069 -0.12028 -1.60312
v -0.31885 -0.10957 -1.60035
v -0.34986 -0.12467 -1.25930
v -0.38123 -0.11156 -1.28518
v 0.20511 -0.09782 -1.28324
v 0.12726 -0.09782 -1.28852
v 0.29460 -0.18558 -1.57626
v 0.25904 -0.20789 -1.25914
v 0.00291 -0.09782 -1.28324
v 0.26431 -0.10915 -1.57413
v 0.23069 -0.12028 -1.25907
v -0.38211 -0.11801 -1.58978
v 0.20511 -0.09782 -1.57894
v -0.30198 -0.09782 -1.57367
v -0.40751 -0.20943 -1.28255
v 0.00291 -0.09782 -1.57894
v 0.12726 -0.09782 -1.57367
v 0.12726 -0.11326 -1.57367
v 0.23887 -0.20665 -1.57370
v 0.12726 -0.11326 -1.28852
v 0.02215 -0.19524 -1.28852
v -0.05955 -0.11326 -1.43109
v 0.02215 -0.19524 -1.57367
v 0.23887 -0.20665 -1.28848
v -0.39744 -0.21831 -1.34497
v -0.40537 -0.40757 -1.37834
v -0.39744 -0.40757 -1.37834
v -0.40537 -0.40233 -1.43074
v -0.40537 -0.40757 -1.48640
v -0.40537 -0.21831 -1.51976
v -0.39744 -0.40757 -1.48640
v -0.39744 -0.40233 -1.43400
v -0.40141 -0.43231 -1.40768
v -0.40141 -0.43231 -1.45706
v -0.40537 -0.21831 -1.34497
v -0.39744 -0.21831 -1.51976
v -0.39744 -0.34162 -1.43094
v -0.40537 -0.34162 -1.43380
v -0.40061 -0.38201 -1.44497
v -0.40220 -0.38201 -1.41977
v 0.26446 -0.11168 -1.29248
v 0.26278 -0.10716 -1.53536
v 0.26092 -0.11508 -1.57349
v 0.24326 -0.11775 -1.53536
v 0.24009 -0.09774 -1.53536
v 0.26096 -0.10184 -1.33060
v 0.24326 -0.11775 -1.29248
v 0.22161 -0.04477 -1.29248
v 0.20994 -0.04101 -1.57349
v 0.24117 -0.09085 -1.57349
v 0.23892 -0.10892 -1.33060
v 0.24675 -0.07911 -1.57349
v 0.16718 -0.01559 -1.29248
v 0.16258 -0.02206 -1.29248
v 0.16565 -0.01775 -1.57349
v 0.24143 -0.09470 -1.29248
v 0.27958 -0.17657 -1.33353
v 0.28328 -0.19150 -1.28712
v 0.29358 -0.19475 -1.33353
v 0.30233 -0.17354 -1.33353
v 0.30038 -0.17174 -1.28712
v 0.24859 -0.12292 -1.48690
v 0.23725 -0.12299 -1.53281
v 0.25454 -0.12555 -1.53281
v 0.28746 -0.18258 -1.57324
v 0.25225 -0.11876 -1.57324
v 0.28634 -0.16211 -1.53281
v 0.28986 -0.18156 -1.53281
v 0.27019 -0.12153 -1.57324
v 0.25019 -0.10723 -1.48690
v 0.24151 -0.10402 -1.53281
v 0.25285 -0.12214 -1.29231
v 0.27589 -0.16743 -1.33274
v 0.26722 -0.11822 -1.29231
v 0.28741 -0.17436 -1.33274
v 0.28483 -0.18376 -1.29231
v 0.25454 -0.12555 -1.33274
v 0.25167 -0.10811 -1.33274
v 0.27589 -0.16743 -1.53281
v 0.25247 -0.10966 -1.37865
v 0.24859 -0.12292 -1.37865
v 0.23105 -0.11609 -1.33274
v 0.23075 -0.11209 -1.37865
v 0.23100 -0.11409 -1.48690
v 0.29183 -0.19551 -1.57761
v 0.29183 -0.19273 -1.53120
v 0.29183 -0.16773 -1.53120
v 0.29183 -0.17051 -1.57761
v 0.12668 -0.21510 -1.49037
v 0.11334 -0.20604 -1.54150
v 0.11415 -0.20286 -1.49037
v 0.12441 -0.21573 -1.53312
v 0.12235 -0.23206 -1.49037
v 0.10630 -0.23361 -1.54150
v 0.12094 -0.23071 -1.53088
v 0.09296 -0.22456 -1.49037
v 0.09714 -0.21772 -1.55132
v 0.10549 -0.23679 -1.49037
v 0.09730 -0.20759 -1.49037
v 0.11129 -0.21944 -1.57456
v 0.10302 -0.21323 -1.55720
v 0.10868 -0.22194 -1.57432
v 0.23414 -0.22262 -1.49037
v 0.22121 -0.21199 -1.52873
v 0.22161 -0.21039 -1.49037
v 0.22244 -0.22484 -1.57219
v 0.22981 -0.23958 -1.49037
v 0.21336 -0.24271 -1.52873
v 0.22299 -0.23196 -1.56978
v 0.20043 -0.23208 -1.49037
v 0.20758 -0.21792 -1.54477
v 0.21233 -0.22959 -1.57266
v 0.21295 -0.24431 -1.49037
v 0.20476 -0.21512 -1.49037
v 0.17251 -0.18465 -1.49037
v 0.15534 -0.18126 -1.49037
v 0.17153 -0.19249 -1.55495
v 0.17816 -0.20122 -1.49037
v 0.14381 -0.19444 -1.49037
v 0.14946 -0.21101 -1.49037
v 0.16664 -0.21440 -1.49037
v 0.15587 -0.18282 -1.52873
v 0.14851 -0.20093 -1.55132
v 0.16721 -0.20720 -1.55546
v 0.16276 -0.19580 -1.57327
v 0.15472 -0.20494 -1.55720
v 0.16356 -0.19932 -1.57343
v 0.15854 -0.19606 -1.57373
v 0.06290 -0.16208 -1.49037
v 0.04572 -0.15869 -1.49037
v 0.06855 -0.17865 -1.49037
v 0.05942 -0.18368 -1.55539
v 0.03420 -0.17187 -1.49037
v 0.03985 -0.18844 -1.49037
v 0.05703 -0.19183 -1.49037
v 0.05335 -0.17500 -1.57429
v 0.05446 -0.16317 -1.55246
v 0.04514 -0.17647 -1.57260
v 0.13938 -0.17561 -1.49037
v 0.17200 -0.16288 -1.49037
v 0.15833 -0.15194 -1.49037
v 0.15305 -0.18655 -1.49037
v 0.16936 -0.18019 -1.49037
v 0.14202 -0.15830 -1.49037
v 0.15281 -0.17037 -1.57320
v 0.16807 -0.17915 -1.52873
v 0.15112 -0.16229 -1.56996
v 0.15962 -0.16624 -1.57338
v 0.15284 -0.17532 -1.57283
v 0.14741 -0.06432 -1.49037
v 0.14741 -0.08182 -1.49037
v 0.17774 -0.06432 -1.49037
v 0.16258 -0.05556 -1.49037
v 0.17774 -0.08182 -1.49037
v 0.16838 -0.08311 -1.55554
v 0.16258 -0.09058 -1.49037
v 0.14911 -0.08086 -1.53088
v 0.15898 -0.06757 -1.57306
v 0.16759 -0.06968 -1.57195
v 0.16399 -0.07552 -1.57347
v 0.14741 0.02886 -1.49037
v 0.14741 0.01135 -1.49037
v 0.14985 0.01925 -1.55435
v 0.17774 0.02886 -1.49037
v 0.16258 0.03762 -1.49037
v 0.17774 0.01135 -1.49037
v 0.16826 0.00943 -1.55423
v 0.16848 0.03034 -1.55480
v 0.16258 0.00260 -1.49037
v 0.16125 0.02082 -1.57538
v 0.09665 -0.20696 -1.49037
v 0.09209 -0.22480 -1.49037
v 0.10527 -0.23767 -1.49037
v 0.12299 -0.23269 -1.49037
v 0.12755 -0.21485 -1.49037
v 0.08778 -0.22670 -1.43900
v 0.08016 -0.22711 -1.29340
v 0.13110 -0.21256 -1.44045
v 0.12675 -0.23462 -1.44045
v 0.10547 -0.24189 -1.44045
v 0.09362 -0.20323 -1.43874
v 0.11504 -0.19938 -1.44353
v 0.08815 -0.19741 -1.29127
v 0.13275 -0.24096 -1.29127
v 0.11806 -0.19161 -1.29340
v 0.10298 -0.25025 -1.29180
v 0.13958 -0.21054 -1.29084
v 0.12177 -0.23150 -1.28700
v 0.07765 -0.22886 -1.28700
v 0.11438 -0.20199 -1.49037
v 0.12458 -0.22659 -1.29186
v 0.09507 -0.21307 -1.29186
v 0.11134 -0.19435 -1.28700
v 0.09787 -0.20816 -1.28700
v 0.12496 -0.21507 -1.29348
v 0.09469 -0.22458 -1.29348
v 0.22184 -0.20951 -1.49037
v 0.22211 -0.20618 -1.44215
v 0.20411 -0.21449 -1.49037
v 0.19610 -0.23261 -1.44190
v 0.21273 -0.24519 -1.49037
v 0.21140 -0.25041 -1.43736
v 0.23421 -0.24215 -1.44045
v 0.19956 -0.23233 -1.49037
v 0.23046 -0.24021 -1.49037
v 0.23856 -0.22009 -1.44045
v 0.23501 -0.22237 -1.49037
v 0.19178 -0.23451 -1.29340
v 0.20122 -0.21166 -1.44045
v 0.19562 -0.20493 -1.29127
v 0.18511 -0.23638 -1.29340
v 0.22486 -0.19766 -1.29180
v 0.24612 -0.21926 -1.29340
v 0.24021 -0.24848 -1.29127
v 0.20945 -0.25805 -1.29180
v 0.24946 -0.21832 -1.28700
v 0.22923 -0.23902 -1.28700
v 0.18511 -0.23638 -1.28700
v 0.21315 -0.24353 -1.28700
v 0.21486 -0.21028 -1.28700
v 0.23255 -0.22306 -1.29056
v 0.20121 -0.23186 -1.29132
v 0.22073 -0.21187 -1.29348
v 0.20283 -0.23141 -1.29348
v 0.15418 -0.17786 -1.44353
v 0.14292 -0.19426 -1.49037
v 0.13920 -0.19226 -1.44045
v 0.14887 -0.21169 -1.49037
v 0.16693 -0.21526 -1.49037
v 0.16867 -0.22035 -1.43736
v 0.18325 -0.20096 -1.44045
v 0.17905 -0.20140 -1.49037
v 0.17311 -0.18397 -1.49037
v 0.14527 -0.21391 -1.44045
v 0.14355 -0.21777 -1.29340
v 0.17483 -0.18011 -1.44045
v 0.15244 -0.17276 -1.29340
v 0.15020 -0.16620 -1.28700
v 0.15020 -0.16620 -1.29340
v 0.19037 -0.20363 -1.29340
v 0.13899 -0.22298 -1.29020
v 0.19377 -0.20430 -1.28700
v 0.18082 -0.17378 -1.29127
v 0.17121 -0.22782 -1.29180
v 0.13059 -0.19091 -1.29084
v 0.15504 -0.18040 -1.49037
v 0.15544 -0.21416 -1.28700
v 0.15587 -0.18282 -1.29054
v 0.17198 -0.18526 -1.29024
v 0.17087 -0.18653 -1.29093
v 0.16605 -0.21268 -1.29257
v 0.15082 -0.20945 -1.29189
v 0.14543 -0.19476 -1.29056
v 0.17654 -0.20090 -1.29056
v 0.03331 -0.17170 -1.49037
v 0.03926 -0.18912 -1.49037
v 0.03566 -0.19134 -1.44045
v 0.05732 -0.19269 -1.49037
v 0.05906 -0.19778 -1.43736
v 0.07364 -0.17839 -1.44045
v 0.06944 -0.17883 -1.49037
v 0.05545 -0.15464 -1.45018
v 0.06350 -0.16140 -1.49037
v 0.02959 -0.16969 -1.44045
v 0.02098 -0.16834 -1.29084
v 0.04148 -0.14626 -1.29180
v 0.08188 -0.17546 -1.29143
v 0.03592 -0.20158 -1.29193
v 0.07337 -0.15011 -1.29020
v 0.06216 -0.20689 -1.29020
v 0.06237 -0.16269 -1.29024
v 0.06693 -0.17833 -1.29056
v 0.04543 -0.15784 -1.49037
v 0.04583 -0.19159 -1.28700
v 0.05200 -0.15918 -1.29066
v 0.03557 -0.17910 -1.29112
v 0.15291 -0.18745 -1.49037
v 0.17006 -0.18075 -1.49037
v 0.17284 -0.16255 -1.49037
v 0.15847 -0.15104 -1.49037
v 0.13854 -0.17594 -1.49037
v 0.17615 -0.15993 -1.44045
v 0.17427 -0.18412 -1.43736
v 0.13491 -0.16607 -1.45018
v 0.15107 -0.19125 -1.44045
v 0.15785 -0.14687 -1.44045
v 0.14919 -0.19855 -1.29340
v 0.13830 -0.17778 -1.28961
v 0.12325 -0.16442 -1.29180
v 0.18377 -0.15721 -1.29340
v 0.13321 -0.15125 -1.29340
v 0.15965 -0.14422 -1.29086
v 0.15408 -0.19576 -1.28700
v 0.18043 -0.18905 -1.29180
v 0.14132 -0.15774 -1.49037
v 0.17613 -0.16955 -1.28808
v 0.14331 -0.15933 -1.29054
v 0.16258 -0.09148 -1.49037
v 0.17852 -0.08228 -1.49037
v 0.17309 -0.05486 -1.45018
v 0.17852 -0.06386 -1.49037
v 0.14663 -0.06386 -1.49037
v 0.14663 -0.08228 -1.49037
v 0.18264 -0.08322 -1.44045
v 0.14376 -0.06077 -1.44045
v 0.16258 -0.09686 -1.43736
v 0.14251 -0.08322 -1.44045
v 0.16258 -0.09833 -1.29067
v 0.13764 -0.05636 -1.29340
v 0.13514 -0.08787 -1.29084
v 0.14087 -0.05219 -1.28700
v 0.16258 -0.04242 -1.29180
v 0.18912 -0.05671 -1.29084
v 0.19002 -0.08787 -1.29127
v 0.16258 -0.05466 -1.49037
v 0.15818 -0.05770 -1.29067
v 0.17933 -0.07366 -1.29157
v 0.14641 -0.07581 -1.29230
v 0.16258 0.00170 -1.49037
v 0.17852 0.01090 -1.49037
v 0.17852 0.02931 -1.49037
v 0.14663 0.02931 -1.49037
v 0.14663 0.01090 -1.49037
v 0.18140 0.03241 -1.44045
v 0.18264 0.00996 -1.44045
v 0.16258 -0.00369 -1.43736
v 0.15207 0.03831 -1.45018
v 0.14251 0.00996 -1.44045
v 0.18446 0.00732 -1.29102
v 0.16158 -0.01042 -1.29340
v 0.13514 0.00530 -1.29084
v 0.16258 0.05075 -1.29180
v 0.18852 0.03508 -1.29340
v 0.13963 0.03969 -1.28995
v 0.16258 0.03852 -1.49037
v 0.15816 0.03519 -1.29090
v 0.16740 -0.00495 -1.28700
v 0.18187 0.03682 -1.28700
v 0.14775 0.01477 -1.29003
v 0.14860 0.02762 -1.29348
v 0.16628 0.00522 -1.29277
v 0.12056 -0.23032 -1.28711
v 0.11675 -0.20580 -1.29093
v 0.09442 -0.21801 -1.28711
v 0.10590 -0.23519 -1.29054
v 0.22857 -0.23807 -1.29189
v 0.21036 -0.24138 -1.29093
v 0.20860 -0.21434 -1.29136
v 0.05644 -0.19011 -1.29257
v 0.15796 -0.15440 -1.29093
v 0.17147 -0.17056 -1.29166
v 0.15332 -0.18475 -1.29189
v 0.14957 -0.06556 -1.28711
v 0.17558 -0.08058 -1.28711
v 0.15805 -0.08743 -1.29029
v 0.17745 0.02495 -1.29058
v 0.05278 -0.09426 -1.28869
v 0.03816 -0.09609 -1.28935
v 0.09537 -0.09393 -1.34462
v 0.09537 -0.09264 -1.42322
v 0.06755 -0.09408 -1.36086
v 0.07407 -0.09264 -1.42322
v 0.04377 -0.09217 -1.35875
v 0.03955 -0.05492 -1.35876
v 0.04070 -0.05492 -1.28933
v -0.29491 -0.31361 -1.60057
v 0.15633 -0.29572 -1.60057
v 0.19622 -0.30551 -1.59526
v -0.28339 -0.28385 -1.59616
v -0.31150 -0.29833 -1.59173
v -0.31150 -0.21068 -1.59615
v -0.29491 -0.19540 -1.59173
v 0.15633 -0.21329 -1.59175
v 0.19424 -0.20160 -1.59173
v -0.26788 -0.29572 -1.60057
v 0.15633 -0.29572 -1.59175
v -0.29491 -0.19540 -1.60057
v 0.15633 -0.21329 -1.60057
v -0.28148 -0.22075 -1.59805
v 0.19995 -0.21068 -1.60057
v 0.17184 -0.28385 -1.59616
v 0.17184 -0.22517 -1.59616
v 0.18336 -0.19540 -1.60057
v -0.26788 -0.21329 -1.59175
v 0.18336 -0.31361 -1.59173
v -0.30777 -0.30550 -1.59703
v 0.19995 -0.29833 -1.60057
v -0.26788 -0.29572 -1.59175
v 0.20850 -0.38343 -1.58774
v -0.33331 -0.39402 -1.58774
v 0.22176 -0.39402 -1.58774
v -0.32005 -0.38343 -1.58774
v -0.33331 -0.39402 -1.60090
v -0.32005 -0.38343 -1.60090
v 0.22176 -0.39402 -1.60090
v 0.20850 -0.38343 -1.60090
v -0.32005 -0.41520 -1.60090
v 0.20850 -0.41520 -1.58774
v -0.32005 -0.41520 -1.58774
v 0.22176 -0.40461 -1.60090
v 0.20850 -0.41520 -1.60090
v 0.22176 -0.40461 -1.58774
v -0.33331 -0.40461 -1.60090
v -0.33331 -0.40461 -1.58774
v 0.20850 -0.44278 -1.58774
v -0.33331 -0.45337 -1.58774
v 0.22176 -0.45337 -1.58774
v -0.32005 -0.44278 -1.58774
v -0.33331 -0.45337 -1.60090
v -0.32005 -0.44278 -1.60090
v 0.22176 -0.45337 -1.60090
v 0.20850 -0.44278 -1.60090
v -0.32005 -0.47455 -1.60090
v 0.20850 -0.47455 -1.58774
v -0.32005 -0.47455 -1.58774
v 0.22176 -0.46396 -1.60090
v 0.20850 -0.47455 -1.60090
v 0.22176 -0.46396 -1.58774
v -0.33331 -0.46396 -1.60090
v -0.33331 -0.46396 -1.58774
v 0.15633 -0.29572 -1.26008
v -0.29491 -0.31361 -1.26008
v 0.18336 -0.31361 -1.26008
v -0.31150 -0.21068 -1.26892
v -0.28148 -0.28826 -1.26596
v -0.31150 -0.29833 -1.26450
v 0.15633 -0.21329 -1.26890
v -0.29491 -0.19540 -1.26892
v 0.18336 -0.19540 -1.26892
v 0.19995 -0.29833 -1.26450
v 0.15633 -0.29572 -1.26890
v -0.26788 -0.29572 -1.26008
v -0.26788 -0.21329 -1.26008
v 0.18336 -0.19540 -1.26008
v -0.30579 -0.20160 -1.26008
v 0.19995 -0.21068 -1.26450
v 0.17184 -0.28385 -1.26449
v -0.26788 -0.21329 -1.26890
v 0.15633 -0.21329 -1.26008
v 0.17184 -0.22517 -1.26449
v 0.18336 -0.31361 -1.26892
v -0.29491 -0.31361 -1.26892
v -0.28339 -0.22517 -1.26449
v -0.33331 -0.39402 -1.27290
v 0.20850 -0.38343 -1.27290
v 0.22176 -0.39402 -1.27290
v -0.33331 -0.39402 -1.25975
v -0.32005 -0.38343 -1.27290
v 0.22176 -0.39402 -1.25975
v -0.32005 -0.38343 -1.25975
v 0.20850 -0.38343 -1.25975
v 0.20850 -0.41520 -1.27290
v -0.32005 -0.41520 -1.25975
v -0.32005 -0.41520 -1.27290
v 0.22176 -0.40461 -1.25975
v 0.20850 -0.41520 -1.25975
v 0.22176 -0.40461 -1.27290
v -0.33331 -0.40461 -1.25975
v -0.33331 -0.40461 -1.27290
v -0.33331 -0.45337 -1.27290
v 0.20850 -0.44278 -1.27290
v 0.22176 -0.45337 -1.27290
v -0.33331 -0.45337 -1.25975
v -0.32005 -0.44278 -1.27290
v 0.22176 -0.45337 -1.25975
v -0.32005 -0.44278 -1.25975
v 0.20850 -0.44278 -1.25975
v 0.20850 -0.47455 -1.27290
v -0.32005 -0.47455 -1.25975
v -0.32005 -0.47455 -1.27290
v 0.22176 -0.46396 -1.25975
v 0.20850 -0.47455 -1.25975
v 0.22176 -0.46396 -1.27290
v -0.33331 -0.46396 -1.25975
v -0.33331 -0.46396 -1.27290
v 0.26550 -0.11949 -1.28067
v 0.23592 -0.11157 -1.31326
v 0.23055 -0.11421 -1.27645
v -0.05577 -0.54613 -1.54692
v 0.21560 -0.54613 -1.54692
v 0.26957 -0.52473 -1.57951
v 0.28898 -0.47740 -1.31326
v 0.28898 -0.47740 -1.28067
v 0.28898 -0.18333 -1.54692
v 0.26550 -0.11949 -1.57951
v 0.23158 -0.11016 -1.57977
v 0.23246 -0.11121 -1.54692
v -0.05577 -0.54613 -1.28067
v 0.21560 -0.54613 -1.31326
v 0.21560 -0.54613 -1.28067
v 0.19287 -0.11618 -1.26741
v -0.05577 -0.11950 -1.26409
v 0.28898 -0.47740 -1.57951
v 0.28898 -0.47740 -1.54692
v 0.25679 -0.11951 -1.54692
v 0.26957 -0.52473 -1.28067
v 0.26221 -0.52276 -1.31326
v 0.20734 -0.53962 -1.31326
v 0.20734 -0.53962 -1.54692
v 0.26550 -0.11949 -1.31326
v 0.27856 -0.18751 -1.31326
v 0.27856 -0.47292 -1.54692
v 0.26708 -0.52083 -1.54692
v 0.27856 -0.47292 -1.31326
v -0.05577 -0.53962 -1.31326
v 0.28898 -0.18333 -1.31326
v -0.05577 -0.54613 -1.31326
v 0.24764 -0.50810 -1.59622
v 0.28898 -0.18333 -1.28067
v -0.31514 -0.52954 -1.26409
v 0.21560 -0.54613 -1.57951
v 0.20359 -0.52954 -1.59609
v 0.28898 -0.18333 -1.57951
v 0.24109 -0.13273 -1.59617
v -0.05577 -0.11121 -1.27238
v 0.24898 -0.50380 -1.26384
v 0.19123 -0.11950 -1.59609
v 0.20359 -0.52954 -1.26409
v 0.23861 -0.13227 -1.26396
v 0.23246 -0.15099 -1.57951
v 0.23246 -0.15099 -1.28067
v 0.19533 -0.15099 -1.27238
v -0.34746 -0.11157 -1.31326
v -0.32715 -0.54613 -1.57951
v -0.32715 -0.54613 -1.54692
v -0.38112 -0.52473 -1.57951
v -0.40053 -0.18333 -1.28067
v -0.40053 -0.47740 -1.31326
v -0.40053 -0.47740 -1.28067
v -0.37705 -0.11949 -1.57951
v -0.40053 -0.18333 -1.54692
v -0.37705 -0.11949 -1.54692
v -0.34401 -0.11121 -1.57951
v -0.34401 -0.11121 -1.54692
v -0.32715 -0.54613 -1.31326
v -0.32715 -0.54613 -1.28067
v -0.40053 -0.47740 -1.57951
v -0.39358 -0.47442 -1.54692
v -0.37839 -0.14006 -1.54692
v -0.37296 -0.52471 -1.31326
v -0.31889 -0.53962 -1.31326
v -0.31889 -0.53962 -1.54692
v -0.37943 -0.51888 -1.54692
v -0.37705 -0.11949 -1.31326
v -0.39011 -0.18751 -1.31326
v -0.39011 -0.47292 -1.31326
v -0.40053 -0.18333 -1.31326
v -0.35101 -0.52065 -1.59701
v -0.38112 -0.52473 -1.28067
v -0.37705 -0.11949 -1.28067
v -0.34770 -0.12826 -1.59653
v -0.40053 -0.18333 -1.57951
v -0.36053 -0.50380 -1.26384
v -0.34210 -0.11421 -1.27645
v -0.35578 -0.13495 -1.26385
v -0.31097 -0.10292 -1.57951
v -0.34401 -0.15099 -1.57951
v -0.30551 -0.11397 -1.26962
v -0.34401 -0.15099 -1.28067
v 0.01845 -0.09954 -1.46400
v 0.01845 -0.09600 -1.36522
v 0.08229 -0.09662 -1.44816
v 0.08787 -0.06112 -1.43598
v 0.05788 -0.06112 -1.44615
v 0.01845 -0.06704 -1.45938
v 0.03483 -0.06602 -1.36955
v 0.05343 -0.09755 -1.46602
v 0.08787 -0.09647 -1.37914
v 0.06536 -0.09837 -1.37740
v 0.08006 -0.06112 -1.39638
v -0.05577 -0.53962 -1.54692
v 0.27856 -0.18751 -1.54692
v -0.33436 -0.15789 -1.27238
v 0.03747 -0.06942 -1.39054
v -0.01249 -0.06641 -1.39054
v -0.01249 -0.06942 -1.44051
v 0.03747 -0.06641 -1.44051
v 0.23031 -0.23540 -1.35988
v 0.25178 -0.25430 -1.35988
v 0.25319 -0.25306 -1.44398
v 0.25023 -0.25589 -1.45845
v 0.23083 -0.23487 -1.45845
v 0.25103 -0.25692 -1.39274
v 0.25333 -0.25271 -1.39274
v 0.24868 -0.25748 -1.44398
v 0.25463 -0.25941 -1.39274
v 0.25466 -0.25882 -1.44398
v 0.07896 -0.18605 -1.45845
v 0.08051 -0.18446 -1.38263
v 0.09940 -0.20601 -1.38263
v 0.10095 -0.20442 -1.45845
v 0.14432 -0.24678 -1.35988
v 0.12285 -0.22788 -1.35988
v 0.14277 -0.24837 -1.45845
v 0.12336 -0.22735 -1.45845
v 0.14717 -0.25189 -1.39274
v 0.14479 -0.24859 -1.39274
v 0.14639 -0.25269 -1.44398
v 0.14518 -0.24900 -1.44398
v 0.13790 -0.21195 -1.35894
v 0.13068 -0.24020 -1.38549
v 0.13790 -0.21195 -1.38549
v 0.13068 -0.24020 -1.35894
v 0.10261 -0.24808 -1.38549
v 0.08175 -0.22771 -1.38549
v 0.08896 -0.19945 -1.35894
v 0.08966 -0.24047 -1.35894
v 0.11703 -0.19157 -1.35894
v 0.11703 -0.19157 -1.38549
v 0.11555 -0.19482 -1.44024
v 0.13386 -0.21301 -1.44160
v 0.12771 -0.23706 -1.44161
v 0.12982 -0.21406 -1.46504
v 0.11511 -0.19970 -1.46504
v 0.09314 -0.20334 -1.44443
v 0.09532 -0.20526 -1.46504
v 0.09598 -0.20611 -1.44160
v 0.12473 -0.23398 -1.46504
v 0.08896 -0.19945 -1.38549
v 0.24536 -0.21947 -1.38549
v 0.23814 -0.24772 -1.35894
v 0.23814 -0.24772 -1.38549
v 0.21007 -0.25560 -1.38549
v 0.19712 -0.24800 -1.35894
v 0.18921 -0.23523 -1.38549
v 0.19642 -0.20698 -1.35894
v 0.24536 -0.21947 -1.35894
v 0.22450 -0.19910 -1.35894
v 0.22450 -0.19910 -1.38549
v 0.24175 -0.21970 -1.44029
v 0.22227 -0.20282 -1.44155
v 0.20060 -0.21086 -1.44443
v 0.23517 -0.24459 -1.44161
v 0.22993 -0.21440 -1.46504
v 0.20278 -0.21278 -1.46504
v 0.20344 -0.21363 -1.44160
v 0.23219 -0.24151 -1.46504
v 0.19642 -0.20698 -1.38549
v 0.20841 -0.21195 -1.45845
v 0.18798 -0.19199 -1.38263
v 0.18642 -0.19358 -1.45845
v 0.11711 -0.18425 -1.38263
v 0.11668 -0.18643 -1.45845
v 0.14471 -0.19196 -1.45845
v 0.17593 -0.19926 -1.35988
v 0.17658 -0.19599 -1.45845
v 0.20418 -0.20371 -1.45845
v 0.20504 -0.19935 -1.39274
v 0.20586 -0.20263 -1.44398
v 0.20697 -0.20393 -1.39274
v 0.20949 -0.20374 -1.44398
v 0.20957 -0.20535 -1.39274
v 0.18018 -0.17588 -1.35894
v 0.18959 -0.20348 -1.38549
v 0.18018 -0.17588 -1.38549
v 0.17040 -0.22543 -1.38549
v 0.14179 -0.21978 -1.35894
v 0.14179 -0.21978 -1.38549
v 0.13238 -0.19218 -1.35894
v 0.13238 -0.19218 -1.38549
v 0.15158 -0.17023 -1.35894
v 0.15158 -0.17023 -1.38549
v 0.17638 -0.17813 -1.44165
v 0.15175 -0.17456 -1.44155
v 0.16449 -0.18008 -1.46504
v 0.13802 -0.19313 -1.44443
v 0.18678 -0.20277 -1.43877
v 0.14189 -0.19391 -1.44160
v 0.18121 -0.20153 -1.46504
v 0.08091 -0.16939 -1.35894
v 0.07998 -0.18091 -1.38549
v 0.04526 -0.20623 -1.38549
v 0.02277 -0.16961 -1.35894
v 0.02277 -0.16961 -1.38549
v 0.05725 -0.14553 -1.38549
v 0.04196 -0.14766 -1.35894
v 0.06677 -0.15556 -1.44165
v 0.04294 -0.15242 -1.44291
v 0.05488 -0.15751 -1.46504
v 0.03126 -0.17099 -1.46504
v 0.02702 -0.17030 -1.44160
v 0.07717 -0.18021 -1.43877
v 0.07160 -0.17896 -1.46504
v 0.06697 -0.17343 -1.35988
v 0.09521 -0.17885 -1.45484
v 0.06665 -0.17506 -1.45845
v 0.09638 -0.18022 -1.39274
v 0.09658 -0.18185 -1.44398
v 0.09988 -0.18117 -1.44398
v 0.10018 -0.18169 -1.39274
v 0.00750 -0.16168 -1.38263
v 0.00707 -0.16386 -1.45845
v 0.03553 -0.16722 -1.45845
v 0.14403 -0.21367 -1.38263
v 0.14622 -0.21400 -1.45845
v 0.15054 -0.18576 -1.45845
v 0.14907 -0.18554 -1.38263
v 0.15373 -0.15383 -1.35988
v 0.15537 -0.15408 -1.45845
v 0.15749 -0.12551 -1.35988
v 0.16188 -0.12618 -1.44398
v 0.15903 -0.12279 -1.39274
v 0.15839 -0.12335 -1.44708
v 0.16009 -0.14042 -1.38549
v 0.13293 -0.15102 -1.37222
v 0.17745 -0.14843 -1.35894
v 0.18579 -0.16982 -1.38549
v 0.16284 -0.19849 -1.35894
v 0.12853 -0.17985 -1.38549
v 0.12853 -0.17985 -1.35894
v 0.13638 -0.15464 -1.44319
v 0.15163 -0.19522 -1.43876
v 0.13780 -0.16651 -1.46504
v 0.13275 -0.17736 -1.44296
v 0.15230 -0.18952 -1.46504
v 0.15951 -0.14326 -1.43877
v 0.15129 -0.19807 -1.38549
v 0.15851 -0.14888 -1.46504
v 0.14815 -0.04808 -1.35894
v 0.16258 -0.04391 -1.38549
v 0.18783 -0.05849 -1.38549
v 0.19242 -0.06909 -1.35894
v 0.18783 -0.08765 -1.38549
v 0.13227 -0.07307 -1.38549
v 0.14680 -0.10041 -1.35894
v 0.13996 -0.06076 -1.44006
v 0.14154 -0.08664 -1.44155
v 0.16241 -0.04823 -1.44160
v 0.16243 -0.09652 -1.44443
v 0.15339 -0.08849 -1.46504
v 0.16258 -0.10223 -1.38549
v 0.16229 -0.08919 -1.45011
v 0.15339 -0.05765 -1.46504
v 0.15775 -0.02956 -1.35988
v 0.15886 -0.05813 -1.35988
v 0.15774 -0.02643 -1.44398
v 0.15886 -0.05813 -1.45845
v 0.16121 -0.02937 -1.45484
v 0.15911 -0.02665 -1.39274
v 0.15664 -0.09018 -1.38263
v 0.16109 -0.11874 -1.38263
v 0.16109 -0.09018 -1.45845
v 0.15664 -0.11874 -1.45845
v 0.15998 0.00300 -1.38263
v 0.15775 0.00300 -1.45845
v 0.15998 -0.02557 -1.45845
v 0.15775 -0.02557 -1.38263
v 0.13733 0.03469 -1.35894
v 0.16258 0.04927 -1.38549
v 0.17701 0.04510 -1.35894
v 0.18783 0.03469 -1.38549
v 0.18783 0.00553 -1.37222
v 0.14815 -0.00489 -1.35894
v 0.13312 0.01768 -1.38549
v 0.13971 0.03325 -1.43876
v 0.16243 -0.00335 -1.44443
v 0.16238 0.04353 -1.44444
v 0.14154 0.00654 -1.44155
v 0.16229 -0.00045 -1.46504
v 0.16258 -0.00905 -1.38549
v 0.16229 0.00399 -1.45011
v 0.15784 0.03588 -1.45758
v 0.14428 0.03067 -1.46235
v 0.16258 0.04123 -1.48158
v 0.18348 0.02011 -1.48158
v 0.18544 0.02011 -1.46235
v 0.16258 -0.00102 -1.47196
v 0.14096 0.01723 -1.48158
v 0.06528 -0.15936 -1.46235
v 0.07210 -0.17935 -1.46235
v 0.06725 -0.19131 -1.47773
v 0.03184 -0.18497 -1.48158
v 0.02998 -0.17951 -1.46235
v 0.05274 -0.15350 -1.48158
v 0.04456 -0.15527 -1.46235
v 0.13016 -0.21412 -1.46235
v 0.13148 -0.22238 -1.48158
v 0.11289 -0.24142 -1.46235
v 0.10460 -0.24029 -1.48158
v 0.08948 -0.22554 -1.48158
v 0.09471 -0.20507 -1.48158
v 0.08959 -0.21169 -1.46235
v 0.11505 -0.19936 -1.48158
v 0.11505 -0.19936 -1.46235
v 0.23445 -0.21390 -1.48158
v 0.23239 -0.24211 -1.46235
v 0.22293 -0.24748 -1.48158
v 0.21206 -0.24782 -1.46235
v 0.19513 -0.22169 -1.48158
v 0.19703 -0.22218 -1.46235
v 0.23762 -0.22164 -1.46235
v 0.22251 -0.20688 -1.46235
v 0.18171 -0.20192 -1.48158
v 0.17489 -0.18193 -1.48158
v 0.17672 -0.21159 -1.46235
v 0.16780 -0.21782 -1.48158
v 0.14145 -0.20753 -1.46235
v 0.13959 -0.20208 -1.48158
v 0.16542 -0.17540 -1.46235
v 0.15417 -0.17784 -1.48158
v 0.15888 -0.14836 -1.48158
v 0.13388 -0.16883 -1.48158
v 0.15051 -0.14806 -1.46235
v 0.17537 -0.16157 -1.48158
v 0.17537 -0.16157 -1.46235
v 0.16623 -0.18834 -1.48158
v 0.16087 -0.19043 -1.46235
v 0.13601 -0.17692 -1.46235
v 0.15114 -0.05327 -1.48158
v 0.18348 -0.07307 -1.48158
v 0.18544 -0.07307 -1.46235
v 0.14428 -0.06251 -1.46235
v 0.15621 -0.09327 -1.47773
v 0.25729 -0.11072 -1.43263
v 0.24981 -0.11504 -1.28132
v 0.24482 -0.11504 -1.43263
v 0.24981 -0.09561 -1.28132
v 0.24482 -0.10209 -1.43263
v 0.24165 -0.10012 -1.58342
v 0.25554 -0.11155 -1.58342
v 0.25978 -0.10640 -1.43211
v 0.24981 -0.11504 -1.43211
v 0.24482 -0.10209 -1.43211
v -0.40995 -0.21873 -1.28132
v -0.39325 -0.22008 -1.28132
v -0.40141 -0.22244 -1.43263
v -0.40141 -0.20300 -1.28132
v -0.40265 -0.20732 -1.43263
v -0.39143 -0.21380 -1.43263
v -0.41138 -0.21380 -1.58342
v -0.39642 -0.20516 -1.58342
v -0.39206 -0.21920 -1.58342
v -0.39642 -0.21812 -1.43211
v -0.41138 -0.21380 -1.43211
v -0.40141 -0.20516 -1.43211
v 0.28248 -0.17622 -1.28132
v 0.29931 -0.18594 -1.28132
v 0.29682 -0.19026 -1.43263
v 0.28435 -0.18594 -1.43263
v 0.29682 -0.17730 -1.43263
v 0.28367 -0.17534 -1.58342
v 0.28435 -0.17730 -1.43211
v 0.29557 -0.18378 -1.43211
v 0.29756 -0.18676 -1.58342
v 0.20686 -0.21354 -1.38263
v 0.14500 -0.19051 -1.38263
v 0.20461 -0.20153 -1.35988
v 0.18271 -0.21683 -1.35894
v 0.14087 -0.19356 -1.46504
v 0.04578 -0.20358 -1.35894
v 0.09500 -0.17896 -1.35988
v 0.03510 -0.16940 -1.38263
v -0.02652 0.01171 -0.81574
v -0.02652 -0.03518 -1.05849
v -0.08502 -0.10060 -1.03058
v -0.08502 -0.05082 -1.03058
v -0.08502 0.01171 -0.81574
v -0.02652 0.01171 -1.06649
v -0.08502 -0.06226 -0.81792
v -0.02652 -0.06060 -0.81882
v -0.08502 0.00965 -1.06955
v 0.02646 0.07603 -0.64265
v 0.02459 0.04448 -0.71018
v 0.01944 0.03635 -0.64706
v 0.02402 0.04448 -0.89746
v 0.02459 0.04448 -0.82286
v 0.02974 0.07021 -0.62366
v 0.01944 0.07603 -0.90012
v 0.01944 0.07128 -0.62109
v 0.02459 0.02481 -0.86016
v 0.02459 0.03743 -1.02387
v 0.02047 0.04886 -1.22815
v 0.02533 0.07603 -1.21468
v 0.02459 0.03743 -1.07479
v 0.02974 0.05805 -1.23077
v 0.02846 0.02638 -0.66668
v 0.02974 0.07603 -0.95626
v 0.01944 0.09970 -0.64265
v 0.02459 0.13125 -0.71018
v 0.02459 0.13898 -0.88634
v 0.02115 0.14163 -0.65047
v 0.02974 0.09970 -0.64265
v 0.02533 0.10435 -0.62148
v 0.02287 0.14536 -1.03269
v 0.02516 0.13125 -1.01506
v 0.02225 0.09970 -1.21468
v 0.02606 0.12603 -1.22764
v 0.01944 0.09970 -0.95626
v 0.02459 0.13830 -1.07479
v 0.02412 0.13898 -0.83398
v 0.02974 0.09970 -0.76652
v 0.02827 0.15130 -0.66551
v 0.02974 0.09970 -1.18005
v -0.08502 -0.09564 -1.06106
v -0.02652 -0.10156 -1.03087
v -0.02652 -0.05082 -1.03058
v -0.02652 -0.09311 -1.06334
v -0.06929 0.00467 -0.37321
v -0.07280 0.17313 -0.37730
v -0.03875 0.00467 -0.37730
v -0.03331 0.00467 -0.50580
v -0.03331 0.17313 -0.50580
v -0.04226 0.17313 -0.37321
v -0.00390 0.17313 -0.52433
v -0.08987 0.00467 -0.51829
v -0.10950 0.17313 -0.52855
v -0.07823 0.17313 -0.50580
v -0.00205 0.00467 -0.52855
v -0.11051 0.00467 -0.53031
v -0.07663 -0.14392 -0.85726
v -0.07663 -0.15637 -0.87188
v -0.07663 -0.13336 -1.01531
v -0.03492 -0.13299 -1.00766
v -0.03492 -0.14597 -0.87437
v -0.03492 -0.13240 -1.02325
v -0.03492 -0.07362 -1.04412
v -0.07663 -0.07150 -1.04299
v -0.03492 -0.06654 -1.03400
v -0.03492 -0.15428 -0.85519
v -0.07663 -0.08996 -0.83290
v -0.03492 -0.10373 -0.83985
v -0.03492 -0.05024 -0.85718
v -0.03492 -0.05213 -0.80897
v -0.07663 -0.04009 -0.87537
v -0.07663 -0.04674 -0.81191
v 0.00520 0.11841 -0.59826
v -0.01069 0.11076 -0.59826
v -0.01069 0.11841 -0.59826
v -0.01069 0.11076 -1.22201
v -0.01069 0.11841 -1.22201
v 0.00520 0.11076 -1.22201
v 0.00520 0.06367 -0.59826
v 0.01871 0.06367 -1.22201
v -0.01069 0.05602 -1.22201
v 0.00520 0.05602 -0.59826
v -0.01069 0.05602 -0.59826
v 0.00520 0.11841 -1.22201
v 0.01871 0.11841 -1.22201
v -0.01069 0.06367 -1.22201
v 0.00520 0.05602 -1.22201
v -0.01069 0.06367 -0.59826
v 0.01871 0.11076 -0.59826
v 0.01871 0.11076 -1.22201
v 0.01871 0.05602 -0.59826
v 0.00971 0.05984 -1.22201
v 0.01871 0.06367 -0.59826
v 0.00971 0.11458 -0.59826
v 0.10672 0.10057 -1.20558
v 0.10900 0.07572 -1.19828
v 0.00729 0.07572 -1.20558
v 0.00729 0.10057 -1.20558
v 0.01050 0.10057 -1.15110
v 0.10672 0.10057 -1.17941
v 0.01648 0.07572 -1.14913
v -0.08888 -0.06116 -0.86505
v -0.08888 -0.00552 -0.87763
v -0.10140 -0.03355 -0.88851
v -0.08679 0.00021 -0.83824
v -0.10140 -0.02499 -0.81847
v -0.08679 -0.04451 -0.82401
v -0.12686 -0.03042 -0.87535
v -0.12686 -0.02927 -0.92970
v -0.10112 -0.02812 -0.92970
v -0.10377 -0.02927 -0.84311
v -0.06789 -0.03463 -0.86386
v -0.08679 -0.01710 -0.85667
v -0.08679 -0.04144 -0.85031
v -0.06789 -0.01694 -0.85499
v -0.06789 -0.03692 -0.84371
v 0.05349 0.06870 -1.18432
v 0.06372 0.10760 -1.17595
v 0.05610 0.06870 -1.16862
v 0.04607 0.10760 -1.17935
v -0.07016 0.01718 -1.56594
v -0.06950 -0.01158 -1.57160
v -0.05381 0.01718 -1.58066
v -0.04858 -0.01158 -1.57839
v -0.04139 -0.01158 -1.56594
v -0.04139 0.01718 -1.56594
v -0.04858 0.01718 -1.55348
v -0.05381 -0.01158 -1.55122
v -0.06297 0.01718 -1.55348
v -0.07016 0.01718 -1.60375
v -0.06754 -0.01158 -1.59470
v -0.05774 -0.01158 -1.61847
v -0.05381 0.01718 -1.61847
v -0.04139 -0.01158 -1.60375
v -0.04401 0.01718 -1.59470
v -0.04858 -0.01158 -1.59130
v -0.06297 0.01718 -1.59130
v -0.07016 -0.01158 -1.25319
v -0.06297 0.01718 -1.26564
v -0.05774 -0.01158 -1.26791
v -0.04858 0.01718 -1.26564
v -0.04139 -0.01158 -1.25319
v -0.04401 0.01718 -1.24413
v -0.04858 -0.01158 -1.24073
v -0.06297 -0.01158 -1.24073
v -0.06950 0.01718 -1.24753
v -0.06297 -0.01158 -1.22783
v -0.06754 -0.01158 -1.20631
v -0.06754 0.01718 -1.22443
v -0.04401 -0.01158 -1.22443
v -0.04858 0.01718 -1.22783
v -0.04401 0.01718 -1.20631
v -0.04858 -0.01158 -1.20292
v -0.06297 0.01718 -1.20292
v 0.02677 0.16424 -1.01262
v 0.01846 0.15710 -1.02146
v 0.02365 0.13520 -1.01604
v 0.02235 0.14588 -0.99260
v 0.02884 0.15710 -0.99437
v 0.01846 0.15710 -1.10224
v 0.02884 0.15141 -1.10470
v 0.02106 0.13432 -1.09341
v 0.01846 0.14714 -1.07269
v 0.02884 0.14146 -1.07515
v 0.02625 0.16424 -1.08398
v 0.02025 0.14928 -1.20657
v 0.02025 0.13751 -1.19434
v 0.02127 0.15192 -1.18261
v 0.01719 0.16031 -1.18797
v 0.01857 0.14444 -0.56707
v 0.01857 0.13156 -0.54477
v 0.01561 0.15819 -0.54554
v 0.02449 0.15159 -0.53982
v 0.01857 0.14928 -0.91948
v 0.01789 0.13868 -0.90114
v 0.01925 0.15987 -0.90114
v 0.01762 0.15627 -0.73114
v 0.02331 0.14339 -0.73197
v 0.02196 0.14214 -0.71245
v 0.01383 0.14767 -0.70973
v 0.02212 0.15812 -0.60916
v 0.01739 0.14444 -0.61861
v 0.01561 0.13076 -0.60916
v 0.01265 0.14249 -0.59021
v 0.02449 0.14639 -0.59021
v -0.02386 -0.01353 -0.87951
v -0.08769 -0.02597 -0.88849
v -0.02386 -0.02909 -0.88669
v -0.08769 -0.02753 -0.87142
v -0.08769 -0.01523 -0.87363
v -0.02386 -0.02159 -0.86995
v -0.02401 -0.01857 -0.85615
v -0.08754 -0.01857 -0.83967
v -0.08754 -0.02748 -0.86129
v -0.02401 -0.03581 -0.85924
v -0.08754 -0.04175 -0.84276
v -0.02401 -0.03997 -0.83967
v -0.02401 -0.02273 -0.83659
v -0.04310 -0.05032 -0.87358
v -0.06845 -0.05340 -0.87501
v -0.06845 -0.03913 -0.91047
v -0.04310 -0.04870 -0.90140
v -0.04310 -0.10228 -0.89533
v -0.04310 -0.13430 -0.92046
v -0.06845 -0.13621 -0.91944
v -0.06845 -0.10227 -0.88931
v -0.04310 -0.10784 -0.88028
v -0.03508 -0.07341 -1.30985
v -0.03440 -0.08913 -1.33629
v -0.03508 -0.08260 -1.40905
v -0.05577 -0.09203 -1.40905
v -0.03508 -0.00385 -1.28049
v -0.03765 -0.00214 -1.19884
v -0.00678 -0.08127 -1.33703
v -0.05577 -0.00527 -1.18743
v -0.00804 -0.07230 -1.40905
v -0.00846 -0.08567 -1.40905
v -0.03508 -0.09203 -1.40905
v -0.03508 -0.07550 -1.50724
v -0.03475 -0.08515 -1.48050
v -0.00678 -0.08127 -1.48108
v -0.03765 -0.00214 -1.61927
v -0.03508 -0.00514 -1.53725
v -0.07647 -0.00468 -1.27765
v -0.07647 -0.07656 -1.31631
v -0.07674 -0.08455 -1.33727
v -0.07647 -0.08260 -1.40905
v -0.10477 -0.08127 -1.33703
v -0.10425 -0.07446 -1.40905
v -0.10449 -0.08645 -1.40905
v -0.07647 -0.09203 -1.40905
v -0.07389 0.00021 -1.19877
v -0.07637 -0.07991 -1.49797
v -0.09592 -0.09105 -1.48121
v -0.07647 -0.00421 -1.53909
v -0.07073 0.00257 -1.62653
v -0.06779 -0.00684 -1.62961
v -0.10554 -0.07239 -1.48108
v -0.01227 0.01458 -1.04931
v -0.00460 -0.03137 -1.03969
v -0.02185 -0.01106 -1.07511
v -0.00460 0.01458 -1.03855
v -0.02185 -0.03219 -1.05708
v -0.06695 0.01458 -1.12319
v -0.03442 -0.01106 -1.11781
v -0.02460 0.01458 -1.10425
v -0.08462 -0.01106 -1.10794
v -0.08970 0.01458 -1.09369
v -0.08970 -0.03137 -1.04931
v -0.08970 -0.02121 -1.07084
v -0.10695 -0.03137 -1.04214
v -0.10522 0.01458 -1.04149
v 0.06059 0.11124 -1.20580
v 0.06059 0.06505 -1.20280
v 0.16030 0.06505 -1.21028
v 0.16030 0.11124 -1.20728
v 0.03358 0.10281 -1.20156
v 0.15377 0.10401 -1.19528
v 0.05186 0.07098 -1.20862
v 0.09175 0.10122 -1.15527
v 0.15367 0.07265 -1.19423
v 0.03358 0.07349 -1.20156
v 0.03610 0.07280 -1.16649
v 0.03735 0.10343 -1.16358
v 0.03769 0.10531 -1.22193
v 0.09175 0.07465 -1.15527
v 0.03581 0.07098 -1.23587
v 0.02927 0.10531 -1.23613
v 0.02253 0.07098 -1.23345
v -0.41240 -0.37495 -1.43670
v -0.39041 -0.38831 -1.44396
v -0.41240 -0.39632 -1.43839
v -0.39041 -0.37495 -1.42804
v -0.41240 -0.39804 -1.41927
v -0.41240 -0.36654 -1.44328
v -0.41240 -0.38315 -1.41795
v -0.44449 -0.39895 -1.42024
v -0.44463 -0.37536 -1.41491
v -0.44463 -0.38544 -1.45232
v -0.41240 -0.45377 -1.42364
v -0.41240 -0.45377 -1.44110
v -0.44463 -0.36528 -1.43237
v -0.39041 -0.39369 -1.42570
v -0.41240 -0.39552 -1.44983
v -0.44463 -0.40056 -1.44110
v -0.46858 -0.42320 -1.42364
v -0.46858 -0.45377 -1.42713
v -0.46858 -0.42320 -1.44110
vt 0.80066 0.85691
vt 0.76642 0.79598
vt 0.78554 0.86500
vt 0.58274 0.82114
vt 0.61243 0.79379
vt 0.64211 0.82114
vt 0.78204 0.80983
vt 0.80066 0.85691
vt 0.80271 0.85840
vt 0.44160 0.95158
vt 0.53594 0.89791
vt 0.48914 0.94177
vt 0.73180 0.94177
vt 0.68695 0.89791
vt 0.63326 0.95251
vt 0.73180 0.94177
vt 0.78554 0.89791
vt 0.77932 0.95620
vt 0.59159 0.95251
vt 0.78554 0.89791
vt 0.63326 0.95251
vt 0.63326 0.95251
vt 0.78554 0.89791
vt 0.73180 0.94177
vt 0.58062 0.86500
vt 0.44160 0.81133
vt 0.48212 0.81133
vt 0.78554 0.86500
vt 0.73180 0.82114
vt 0.64211 0.82114
vt 0.78554 0.86500
vt 0.73180 0.82114
vt 0.78204 0.80983
vt 0.58062 0.86500
vt 0.48212 0.81133
vt 0.58274 0.82114
vt 0.58062 0.86500
vt 0.58274 0.82114
vt 0.64211 0.82114
vt 0.58062 0.86500
vt 0.64211 0.82114
vt 0.73180 0.82114
vt 0.64211 0.82114
vt 0.61243 0.79379
vt 0.58274 0.82114
vt 0.53594 0.86500
vt 0.44160 0.81133
vt 0.33025 0.86500
vt 0.44160 0.95158
vt 0.35782 0.89791
vt 0.31994 0.93451
vt 0.73180 0.82114
vt 0.78554 0.86500
vt 0.76642 0.79598
vt 0.68695 0.89791
vt 0.53594 0.89791
vt 0.35782 0.89791
vt 0.80239 0.90437
vt 0.80271 0.85840
vt 0.80066 0.85691
vt 0.78554 0.86500
vt 0.58274 0.82114
vt 0.53594 0.86500
vt 0.31745 0.84001
vt 0.31994 0.93451
vt 0.33025 0.86500
vt 0.58062 0.86500
vt 0.78554 0.86500
vt 0.53594 0.86500
vt 0.47511 0.96139
vt 0.44160 0.95158
vt 0.48914 0.94177
vt 0.48914 0.94177
vt 0.53594 0.89791
vt 0.59159 0.95251
vt 0.78554 0.86500
vt 0.58062 0.86500
vt 0.73180 0.82114
vt 0.73180 0.82114
vt 0.76642 0.79598
vt 0.78204 0.80983
vt 0.59159 0.95251
vt 0.68695 0.89791
vt 0.35782 0.89791
vt 0.73180 0.94177
vt 0.78554 0.89791
vt 0.68695 0.89791
vt 0.78554 0.89791
vt 0.78554 0.86500
vt 0.78554 0.89791
vt 0.33025 0.86500
vt 0.44160 0.81133
vt 0.31745 0.84001
vt 0.44160 0.81133
vt 0.31954 0.82723
vt 0.31745 0.84001
vt 0.78554 0.89791
vt 0.78554 0.89791
vt 0.68695 0.89791
vt 0.33025 0.89791
vt 0.31994 0.93451
vt 0.35782 0.89791
vt 0.73180 0.94177
vt 0.76735 0.96965
vt 0.78554 0.89791
vt 0.59159 0.95251
vt 0.63326 0.95251
vt 0.68695 0.89791
vt 0.35782 0.89791
vt 0.53594 0.89791
vt 0.33025 0.89791
vt 0.80239 0.90437
vt 0.77932 0.95620
vt 0.78554 0.89791
vt 0.53594 0.86500
vt 0.58274 0.82114
vt 0.48212 0.81133
vt 0.44160 0.81133
vt 0.33025 0.86500
vt 0.31954 0.82723
vt 0.33025 0.86500
vt 0.33025 0.89791
vt 0.31954 0.82723
vt 0.58062 0.86500
vt 0.33025 0.86500
vt 0.44160 0.81133
vt 0.33025 0.86500
vt 0.58062 0.86500
vt 0.53594 0.86500
vt 0.33025 0.89791
vt 0.33025 0.86500
vt 0.31994 0.93451
vt 0.80239 0.90437
vt 0.76735 0.96965
vt 0.77932 0.95620
vt 0.80271 0.85840
vt 0.80239 0.90437
vt 0.78554 0.89791
vt 0.68695 0.89791
vt 0.78554 0.89791
vt 0.53594 0.89791
vt 0.77932 0.95620
vt 0.76735 0.96965
vt 0.73180 0.94177
vt 0.78554 0.86500
vt 0.64211 0.82114
vt 0.58274 0.82114
vt 0.48914 0.94177
vt 0.59159 0.95251
vt 0.35782 0.89791
vt 0.44160 0.95158
vt 0.48914 0.94177
vt 0.35782 0.89791
vt 0.78204 0.80983
vt 0.76642 0.79598
vt 0.80066 0.85691
vt 0.78204 0.80983
vt 0.80271 0.85840
vt 0.78554 0.86500
vt 0.80239 0.90437
vt 0.80066 0.85691
vt 0.78554 0.89791
vt 0.44160 0.95158
vt 0.47511 0.96139
vt 0.48914 0.94177
vt 0.33025 0.89791
vt 0.44160 0.95158
vt 0.31994 0.93451
vt 0.53594 0.86500
vt 0.48212 0.81133
vt 0.44160 0.81133
vt 0.80271 0.85840
vt 0.78554 0.89791
vt 0.78554 0.86500
vt 0.80066 0.85691
vt 0.78554 0.86500
vt 0.78554 0.89791
vt 0.44160 0.95158
vt 0.33025 0.89791
vt 0.53594 0.89791
vt 0.78554 0.89791
vt 0.76735 0.96965
vt 0.80239 0.90437
vt 0.59159 0.95251
vt 0.53594 0.89791
vt 0.78554 0.89791
vt 0.31994 0.93451
vt 0.31954 0.82723
vt 0.33025 0.89791
vt 0.31954 0.82723
vt 0.31994 0.93451
vt 0.31745 0.84001
vt 0.11083 0.67050
vt 0.11083 0.66987
vt 0.11083 0.68205
vt 0.15302 0.62462
vt 0.15056 0.64359
vt 0.26930 0.63712
vt 0.11083 0.66987
vt 0.05896 0.64374
vt 0.04589 0.66241
vt 0.11083 0.64553
vt 0.05896 0.64374
vt 0.11083 0.63336
vt 0.11083 0.64490
vt 0.11083 0.63210
vt 0.11083 0.63336
vt 0.14282 0.68302
vt 0.11083 0.68330
vt 0.11083 0.67050
vt 0.15056 0.67481
vt 0.11083 0.67050
vt 0.11083 0.64490
vt 0.26964 0.63712
vt 0.26977 0.62258
vt 0.26848 0.65390
vt 0.15056 0.64359
vt 0.26964 0.68045
vt 0.26930 0.63712
vt 0.26906 0.65688
vt 0.27007 0.63773
vt 0.26977 0.62258
vt 0.11083 0.67050
vt 0.11083 0.68205
vt 0.11083 0.68330
vt 0.26964 0.68045
vt 0.26906 0.65688
vt 0.26930 0.63712
vt 0.15302 0.62462
vt 0.26964 0.63712
vt 0.15056 0.64359
vt 0.11083 0.67050
vt 0.11083 0.68205
vt 0.11083 0.66987
vt 0.11083 0.64490
vt 0.11083 0.63336
vt 0.11083 0.63210
vt 0.11083 0.67050
vt 0.11083 0.64553
vt 0.11083 0.66987
vt 0.11083 0.67050
vt 0.11083 0.64553
vt 0.11083 0.64490
vt 0.26964 0.63712
vt 0.27270 0.68673
vt 0.26760 0.68093
vt 0.26964 0.63712
vt 0.26977 0.67908
vt 0.27270 0.68673
vt 0.26964 0.68045
vt 0.27270 0.68673
vt 0.26906 0.65688
vt 0.15056 0.64359
vt 0.26760 0.68093
vt 0.15056 0.67481
vt 0.14282 0.68302
vt 0.26887 0.70031
vt 0.26964 0.68045
vt 0.15302 0.62462
vt 0.26930 0.63712
vt 0.26977 0.62258
vt 0.15056 0.67481
vt 0.26887 0.70031
vt 0.14282 0.68302
vt 0.11083 0.64490
vt 0.11083 0.63336
vt 0.11083 0.64553
vt 0.14282 0.68302
vt 0.11083 0.67050
vt 0.15056 0.67481
vt 0.15056 0.67481
vt 0.11083 0.64490
vt 0.15056 0.64359
vt 0.15056 0.64359
vt 0.11083 0.63210
vt 0.15302 0.62462
vt 0.11083 0.63210
vt 0.15056 0.64359
vt 0.15302 0.62462
vt 0.11083 0.64490
vt 0.14282 0.68302
vt 0.15056 0.64359
vt 0.11083 0.66987
vt 0.04589 0.66241
vt 0.04501 0.66535
vt 0.11083 0.64553
vt 0.11083 0.63336
vt 0.05896 0.64374
vt 0.11083 0.66987
vt 0.11083 0.68205
vt 0.04501 0.66535
vt 0.11083 0.66987
vt 0.04501 0.66535
vt 0.07859 0.64687
vt 0.11083 0.66987
vt 0.11083 0.64553
vt 0.05896 0.64374
vt 0.11083 0.64553
vt 0.07859 0.64687
vt 0.05896 0.64374
vt 0.26760 0.68093
vt 0.27270 0.68673
vt 0.26887 0.70031
vt 0.15056 0.64359
vt 0.26964 0.63712
vt 0.26760 0.68093
vt 0.11083 0.64490
vt 0.11083 0.67050
vt 0.14282 0.68302
vt 0.11083 0.67050
vt 0.11083 0.68330
vt 0.14282 0.68302
vt 0.15056 0.64359
vt 0.14282 0.68302
vt 0.26964 0.68045
vt 0.15302 0.62462
vt 0.26977 0.62258
vt 0.26964 0.63712
vt 0.15056 0.64359
vt 0.11083 0.64490
vt 0.11083 0.63210
vt 0.11083 0.63210
vt 0.11083 0.64490
vt 0.15056 0.64359
vt 0.07859 0.64687
vt 0.04501 0.66535
vt 0.05896 0.64374
vt 0.11083 0.66987
vt 0.07859 0.64687
vt 0.11083 0.64553
vt 0.11083 0.66987
vt 0.04501 0.66535
vt 0.11083 0.68205
vt 0.26848 0.65390
vt 0.27261 0.66814
vt 0.26977 0.67908
vt 0.27261 0.66814
vt 0.27007 0.63773
vt 0.26977 0.67908
vt 0.26977 0.67908
vt 0.27007 0.63773
vt 0.27261 0.64726
vt 0.26906 0.65688
vt 0.26977 0.67908
vt 0.27261 0.64726
vt 0.26906 0.65688
vt 0.27261 0.64726
vt 0.27007 0.63773
vt 0.26848 0.65390
vt 0.27007 0.63773
vt 0.27261 0.66814
vt 0.04589 0.66241
vt 0.04469 0.65430
vt 0.04501 0.66535
vt 0.04501 0.66535
vt 0.04469 0.65430
vt 0.05896 0.64374
vt 0.04589 0.66241
vt 0.05896 0.64374
vt 0.04469 0.65430
vt 0.11083 0.67050
vt 0.11083 0.66987
vt 0.11083 0.64553
vt 0.26848 0.65390
vt 0.26977 0.62258
vt 0.27007 0.63773
vt 0.26964 0.63712
vt 0.26848 0.65390
vt 0.26977 0.67908
vt 0.26964 0.68045
vt 0.26887 0.70031
vt 0.27270 0.68673
vt 0.26930 0.63712
vt 0.26906 0.65688
vt 0.26977 0.62258
vt 0.27270 0.68673
vt 0.26977 0.67908
vt 0.26906 0.65688
vt 0.11083 0.67050
vt 0.11083 0.68330
vt 0.11083 0.68205
vt 0.11083 0.64490
vt 0.11083 0.64553
vt 0.11083 0.63336
vt 0.11083 0.67050
vt 0.11083 0.64490
vt 0.11083 0.64553
vt 0.15056 0.67481
vt 0.26760 0.68093
vt 0.26887 0.70031
vt 0.11083 0.80005
vt 0.11083 0.81159
vt 0.11083 0.81285
vt 0.11083 0.79942
vt 0.05991 0.78605
vt 0.11083 0.77508
vt 0.15056 0.77314
vt 0.11083 0.76165
vt 0.15302 0.75417
vt 0.11083 0.76165
vt 0.15056 0.77314
vt 0.15302 0.75417
vt 0.26964 0.76667
vt 0.26959 0.80822
vt 0.27034 0.81448
vt 0.15302 0.75417
vt 0.26964 0.76667
vt 0.15056 0.77314
vt 0.15056 0.77314
vt 0.27034 0.81448
vt 0.14282 0.81256
vt 0.15056 0.80435
vt 0.26887 0.82986
vt 0.26760 0.80807
vt 0.15302 0.75417
vt 0.26950 0.76948
vt 0.26760 0.74480
vt 0.14282 0.81256
vt 0.11083 0.77445
vt 0.15056 0.77314
vt 0.15056 0.77314
vt 0.26760 0.80807
vt 0.26950 0.76948
vt 0.11083 0.77508
vt 0.11083 0.76291
vt 0.06000 0.77241
vt 0.11083 0.79942
vt 0.11083 0.81159
vt 0.05955 0.80147
vt 0.11083 0.79942
vt 0.11083 0.77508
vt 0.06000 0.77241
vt 0.11083 0.77508
vt 0.05991 0.78605
vt 0.06000 0.77241
vt 0.26984 0.79399
vt 0.26959 0.80822
vt 0.27028 0.77984
vt 0.26760 0.80807
vt 0.27270 0.81048
vt 0.26950 0.76948
vt 0.11083 0.80005
vt 0.11083 0.81285
vt 0.11083 0.81159
vt 0.11083 0.77445
vt 0.11083 0.77508
vt 0.11083 0.76291
vt 0.11083 0.77445
vt 0.11083 0.77508
vt 0.11083 0.79942
vt 0.26754 0.79769
vt 0.27028 0.77984
vt 0.26959 0.80822
vt 0.27028 0.77984
vt 0.26810 0.76655
vt 0.26984 0.79399
vt 0.27270 0.81048
vt 0.26984 0.79399
vt 0.26950 0.76948
vt 0.27270 0.75241
vt 0.26810 0.76655
vt 0.27028 0.77984
vt 0.15056 0.77314
vt 0.11083 0.77445
vt 0.11083 0.76165
vt 0.11083 0.76165
vt 0.11083 0.77445
vt 0.15056 0.77314
vt 0.11083 0.77445
vt 0.11083 0.80005
vt 0.15056 0.80435
vt 0.11083 0.80005
vt 0.11083 0.81285
vt 0.14282 0.81256
vt 0.15056 0.77314
vt 0.15056 0.80435
vt 0.26760 0.80807
vt 0.11083 0.80005
vt 0.11083 0.79942
vt 0.11083 0.81159
vt 0.27034 0.81448
vt 0.26959 0.80822
vt 0.26984 0.79399
vt 0.11083 0.80005
vt 0.11083 0.81159
vt 0.11083 0.79942
vt 0.11083 0.77445
vt 0.11083 0.76291
vt 0.11083 0.76165
vt 0.11083 0.77445
vt 0.11083 0.79942
vt 0.11083 0.80005
vt 0.11083 0.80005
vt 0.11083 0.77508
vt 0.11083 0.77445
vt 0.26964 0.76667
vt 0.27028 0.77984
vt 0.26959 0.80822
vt 0.27270 0.81048
vt 0.26887 0.82986
vt 0.27034 0.81448
vt 0.15056 0.80435
vt 0.14282 0.81256
vt 0.26887 0.82986
vt 0.15056 0.77314
vt 0.26964 0.76667
vt 0.27034 0.81448
vt 0.11083 0.77445
vt 0.15056 0.80435
vt 0.15056 0.77314
vt 0.11083 0.80005
vt 0.14282 0.81256
vt 0.15056 0.80435
vt 0.26950 0.76948
vt 0.26810 0.76655
vt 0.27270 0.75241
vt 0.27034 0.81448
vt 0.26984 0.79399
vt 0.27270 0.81048
vt 0.27028 0.77984
vt 0.26754 0.79769
vt 0.26959 0.80822
vt 0.15302 0.75417
vt 0.26760 0.74480
vt 0.26964 0.76667
vt 0.26760 0.74480
vt 0.27270 0.75241
vt 0.26964 0.76667
vt 0.26964 0.76667
vt 0.27270 0.75241
vt 0.27028 0.77984
vt 0.14282 0.81256
vt 0.11083 0.80005
vt 0.11083 0.77445
vt 0.05991 0.78605
vt 0.05955 0.80147
vt 0.04317 0.78823
vt 0.11083 0.79942
vt 0.05955 0.80147
vt 0.11083 0.81159
vt 0.15302 0.75417
vt 0.15056 0.77314
vt 0.26950 0.76948
vt 0.14282 0.81256
vt 0.27034 0.81448
vt 0.26887 0.82986
vt 0.11083 0.77445
vt 0.11083 0.76165
vt 0.11083 0.76291
vt 0.14282 0.81256
vt 0.11083 0.81285
vt 0.11083 0.80005
vt 0.26887 0.82986
vt 0.27270 0.81048
vt 0.26760 0.80807
vt 0.26950 0.76948
vt 0.27270 0.75241
vt 0.26760 0.74480
vt 0.11083 0.80005
vt 0.11083 0.79942
vt 0.11083 0.77508
vt 0.06000 0.77241
vt 0.04317 0.78823
vt 0.05955 0.80147
vt 0.05991 0.78605
vt 0.04317 0.78823
vt 0.06000 0.77241
vt 0.11083 0.79942
vt 0.05955 0.80147
vt 0.05991 0.78605
vt 0.11083 0.79942
vt 0.06000 0.77241
vt 0.05955 0.80147
vt 0.11083 0.77508
vt 0.06000 0.77241
vt 0.11083 0.76291
vt 0.26950 0.76948
vt 0.26984 0.79399
vt 0.26810 0.76655
vt 0.11083 0.77445
vt 0.11083 0.76291
vt 0.11083 0.77508
vt 0.33508 0.85799
vt 0.34570 0.90391
vt 0.34654 0.86030
vt 0.34070 0.86146
vt 0.31339 0.85799
vt 0.33508 0.85799
vt 0.34070 0.90223
vt 0.32448 0.90571
vt 0.31339 0.85799
vt 0.33508 0.85799
vt 0.31339 0.85799
vt 0.32448 0.90571
vt 0.36861 0.86052
vt 0.34654 0.86030
vt 0.37754 0.86309
vt 0.34070 0.86146
vt 0.37754 0.86309
vt 0.34654 0.86030
vt 0.37092 0.90310
vt 0.32448 0.90571
vt 0.34070 0.90223
vt 0.37754 0.90002
vt 0.34070 0.90223
vt 0.34570 0.90391
vt 0.34070 0.90223
vt 0.34654 0.86030
vt 0.34570 0.90391
vt 0.34070 0.86146
vt 0.36861 0.86052
vt 0.37754 0.86309
vt 0.37754 0.90002
vt 0.37092 0.90310
vt 0.34070 0.90223
vt 0.34070 0.90223
vt 0.34070 0.86146
vt 0.34654 0.86030
vt 0.34570 0.90391
vt 0.37092 0.90310
vt 0.37754 0.90002
vt 0.36861 0.86052
vt 0.33508 0.85799
vt 0.34654 0.86030
vt 0.33508 0.85799
vt 0.32448 0.90571
vt 0.34570 0.90391
vt 0.32448 0.90571
vt 0.31319 0.90571
vt 0.31531 0.85799
vt 0.34070 0.90223
vt 0.31339 0.85799
vt 0.34070 0.86146
vt 0.32448 0.90571
vt 0.31531 0.85799
vt 0.31339 0.85799
vt 0.31339 0.85799
vt 0.31319 0.90571
vt 0.32448 0.90571
vt 0.34070 0.86146
vt 0.33508 0.85799
vt 0.36861 0.86052
vt 0.31339 0.85799
vt 0.31531 0.85799
vt 0.31319 0.90571
vt 0.37092 0.90310
vt 0.34570 0.90391
vt 0.32448 0.90571
vt 0.26834 0.62762
vt 0.04467 0.70227
vt 0.04467 0.63299
vt 0.04467 0.59930
vt 0.04467 0.63299
vt 0.04467 0.64931
vt 0.07502 0.61030
vt 0.04467 0.64931
vt 0.26834 0.69705
vt 0.07502 0.61030
vt 0.04467 0.59930
vt 0.04467 0.64931
vt 0.26834 0.69705
vt 0.23799 0.61770
vt 0.07502 0.61030
vt 0.04467 0.70227
vt 0.26834 0.72862
vt 0.04467 0.73462
vt 0.26834 0.69705
vt 0.04467 0.64931
vt 0.04467 0.70227
vt 0.26834 0.60402
vt 0.26834 0.69705
vt 0.26834 0.62762
vt 0.23799 0.61770
vt 0.07502 0.62340
vt 0.07502 0.61030
vt 0.07502 0.59559
vt 0.04467 0.63299
vt 0.04467 0.59930
vt 0.26834 0.62762
vt 0.26834 0.69705
vt 0.04467 0.70227
vt 0.07502 0.62340
vt 0.23799 0.60786
vt 0.04467 0.63299
vt 0.23799 0.61770
vt 0.23799 0.60786
vt 0.07502 0.62340
vt 0.26834 0.59559
vt 0.26834 0.62762
vt 0.23799 0.60786
vt 0.26834 0.60402
vt 0.26834 0.59559
vt 0.23799 0.60786
vt 0.26834 0.62762
vt 0.26834 0.59559
vt 0.26834 0.60402
vt 0.26834 0.73761
vt 0.04467 0.70227
vt 0.04467 0.73462
vt 0.07502 0.61030
vt 0.07502 0.59559
vt 0.04467 0.59930
vt 0.26834 0.60402
vt 0.23799 0.61770
vt 0.26834 0.69705
vt 0.07502 0.62340
vt 0.07502 0.59559
vt 0.07502 0.61030
vt 0.04467 0.64931
vt 0.04467 0.63299
vt 0.04467 0.70227
vt 0.26834 0.72862
vt 0.26834 0.73761
vt 0.04467 0.73462
vt 0.04467 0.70227
vt 0.26834 0.69705
vt 0.26834 0.72862
vt 0.26834 0.60402
vt 0.23799 0.60786
vt 0.23799 0.61770
vt 0.26834 0.69705
vt 0.26834 0.73761
vt 0.26834 0.72862
vt 0.26834 0.73761
vt 0.26834 0.69705
vt 0.04467 0.70227
vt 0.07502 0.59559
vt 0.07502 0.62340
vt 0.04467 0.63299
vt 0.26834 0.62762
vt 0.04467 0.63299
vt 0.23799 0.60786
vt 0.26847 0.59493
vt 0.19975 0.60683
vt 0.23629 0.60899
vt 0.26847 0.59493
vt 0.11359 0.61020
vt 0.19975 0.60683
vt 0.19975 0.58840
vt 0.23629 0.58474
vt 0.23629 0.59789
vt 0.11359 0.58840
vt 0.19975 0.58840
vt 0.19975 0.60683
vt 0.11359 0.61020
vt 0.07705 0.61468
vt 0.11359 0.60067
vt 0.23629 0.60899
vt 0.19975 0.60345
vt 0.23629 0.59789
vt 0.23629 0.60899
vt 0.23629 0.59789
vt 0.23629 0.58474
vt 0.11359 0.61020
vt 0.11359 0.60067
vt 0.11359 0.58840
vt 0.23629 0.60899
vt 0.19975 0.60683
vt 0.19975 0.60345
vt 0.07705 0.50687
vt 0.07705 0.53390
vt 0.07705 0.52651
vt 0.04487 0.50544
vt 0.07705 0.53390
vt 0.07705 0.50687
vt 0.04487 0.59033
vt 0.07705 0.61468
vt 0.11359 0.61020
vt 0.07705 0.58474
vt 0.07705 0.61468
vt 0.04487 0.59418
vt 0.07705 0.53390
vt 0.04487 0.59033
vt 0.26847 0.59493
vt 0.07705 0.61468
vt 0.07705 0.58474
vt 0.07705 0.58829
vt 0.19975 0.60683
vt 0.19975 0.58840
vt 0.19975 0.60345
vt 0.04487 0.59418
vt 0.04487 0.59033
vt 0.04487 0.50544
vt 0.07705 0.58474
vt 0.04487 0.59418
vt 0.04487 0.50544
vt 0.11359 0.58840
vt 0.11359 0.60067
vt 0.07705 0.58829
vt 0.26847 0.58948
vt 0.23629 0.58474
vt 0.23629 0.52651
vt 0.04487 0.59033
vt 0.11359 0.61020
vt 0.26847 0.59493
vt 0.04487 0.59033
vt 0.04487 0.59418
vt 0.07705 0.61468
vt 0.26847 0.59493
vt 0.26847 0.58948
vt 0.26847 0.50380
vt 0.26847 0.58948
vt 0.23629 0.52651
vt 0.26847 0.50380
vt 0.23629 0.51688
vt 0.23629 0.52651
vt 0.07705 0.53390
vt 0.26847 0.58948
vt 0.23629 0.60899
vt 0.23629 0.58474
vt 0.26847 0.50380
vt 0.23629 0.52651
vt 0.23629 0.51688
vt 0.26847 0.58948
vt 0.26847 0.59493
vt 0.23629 0.60899
vt 0.19975 0.58840
vt 0.23629 0.59789
vt 0.19975 0.60345
vt 0.07705 0.53390
vt 0.23629 0.52651
vt 0.07705 0.52651
vt 0.07705 0.58829
vt 0.11359 0.60067
vt 0.07705 0.61468
vt 0.11359 0.58840
vt 0.19975 0.60683
vt 0.11359 0.61020
vt 0.07705 0.53390
vt 0.26847 0.59493
vt 0.23629 0.51688
vt 0.23629 0.51688
vt 0.26847 0.59493
vt 0.26847 0.50380
vt 0.07705 0.58474
vt 0.04487 0.50544
vt 0.07705 0.52651
vt 0.04487 0.59033
vt 0.07705 0.53390
vt 0.04487 0.50544
vt 0.07705 0.52651
vt 0.04487 0.50544
vt 0.07705 0.50687
vt 0.11359 0.58840
vt 0.07705 0.58829
vt 0.07705 0.58474
vt 0.99675 1.00000
vt 1.00000 1.00000
vt 0.89447 1.00000
vt 0.88453 0.76578
vt 0.89447 0.76578
vt 0.99675 0.76578
vt 1.00000 1.00000
vt 0.99675 1.00000
vt 1.00000 0.76578
vt 0.87637 1.00000
vt 0.87972 1.00000
vt 0.87637 0.76578
vt 1.00000 1.00000
vt 1.00000 0.76578
vt 0.99675 0.76578
vt 0.87637 1.00000
vt 0.87496 0.76578
vt 0.88453 0.76578
vt 0.99675 1.00000
vt 0.89447 1.00000
vt 0.88453 0.76578
vt 0.89447 1.00000
vt 0.87637 1.00000
vt 0.88453 0.76578
vt 0.99675 1.00000
vt 0.88453 0.76578
vt 1.00000 0.76578
vt 0.89447 1.00000
vt 0.89447 1.00000
vt 0.87637 1.00000
vt 0.89447 1.00000
vt 0.99675 0.76578
vt 0.89447 0.76578
vt 0.87972 1.00000
vt 0.87637 1.00000
vt 0.89447 1.00000
vt 0.88453 0.76578
vt 0.87496 0.76578
vt 0.87637 0.76578
vt 0.89447 0.76578
vt 0.87637 0.76578
vt 0.87972 1.00000
vt 0.89447 1.00000
vt 1.00000 1.00000
vt 0.99675 0.76578
vt 0.88453 0.76578
vt 0.99675 0.76578
vt 1.00000 0.76578
vt 0.87637 0.76578
vt 0.87496 0.76578
vt 0.87637 1.00000
vt 0.89447 0.76578
vt 0.87972 1.00000
vt 0.89447 1.00000
vt 0.88453 0.76578
vt 0.87637 0.76578
vt 0.89447 0.76578
vt 0.99675 1.00000
vt 0.89447 1.00000
vt 0.89447 1.00000
vt 0.18854 0.72224
vt 0.21469 0.71820
vt 0.21469 0.67848
vt 0.13911 0.71847
vt 0.18854 0.72224
vt 0.21469 0.67848
vt 0.21469 0.71820
vt 0.18854 0.72224
vt 0.21469 0.67848
vt 0.21469 0.67848
vt 0.18854 0.72224
vt 0.14775 0.72255
vt 0.14775 0.72255
vt 0.13911 0.71847
vt 0.13623 0.67848
vt 0.13911 0.71847
vt 0.14775 0.72255
vt 0.18854 0.72224
vt 0.21469 0.67848
vt 0.14775 0.72255
vt 0.13623 0.67848
vt 0.13911 0.71847
vt 0.21469 0.67848
vt 0.13623 0.67848
vt 0.82088 0.92392
vt 0.82088 0.92392
vt 0.82088 0.91328
vt 0.32442 0.83717
vt 0.32442 0.84249
vt 0.82088 0.83717
vt 0.32442 0.91328
vt 0.32442 0.91328
vt 0.82088 0.91328
vt 0.82088 0.84781
vt 0.32442 0.84781
vt 0.32442 0.83717
vt 0.82088 0.84781
vt 0.82088 0.84781
vt 0.32442 0.84781
vt 0.82088 0.92392
vt 0.82088 0.92392
vt 0.32442 0.92392
vt 0.32442 0.92392
vt 0.32442 0.92392
vt 0.32442 0.91328
vt 0.82088 0.84781
vt 0.82088 0.84781
vt 0.82088 0.83717
vt 0.32442 0.92392
vt 0.82088 0.91860
vt 0.82088 0.91328
vt 0.32442 0.84781
vt 0.82088 0.84781
vt 0.82088 0.83717
vt 0.82088 0.91860
vt 0.82088 0.91328
vt 0.82088 0.84781
vt 0.32442 0.92392
vt 0.32442 0.92392
vt 0.32442 0.91328
vt 0.82088 0.83717
vt 0.82088 0.83717
vt 0.82088 0.84781
vt 0.32442 0.83717
vt 0.32442 0.83717
vt 0.82088 0.83717
vt 0.82088 0.83717
vt 0.82088 0.84781
vt 0.82088 0.84781
vt 0.32442 0.92392
vt 0.32442 0.91328
vt 0.32442 0.91328
vt 0.82088 0.84781
vt 0.32442 0.84781
vt 0.32442 0.84249
vt 0.82088 0.92392
vt 0.32442 0.91328
vt 0.82088 0.91328
vt 0.32442 0.92392
vt 0.32442 0.91328
vt 0.32442 0.91328
vt 0.32442 0.92392
vt 0.82088 0.91328
vt 0.32442 0.91328
vt 0.82088 0.91860
vt 0.82088 0.84781
vt 0.82088 0.84781
vt 0.82088 0.84781
vt 0.82088 0.83717
vt 0.82088 0.83717
vt 0.82088 0.92392
vt 0.32442 0.92392
vt 0.32442 0.92392
vt 0.32442 0.84249
vt 0.82088 0.91860
vt 0.82088 0.84781
vt 0.32442 0.84781
vt 0.32442 0.83717
vt 0.32442 0.83717
vt 0.32442 0.91328
vt 0.82088 0.91328
vt 0.82088 0.91860
vt 0.32442 0.83717
vt 0.82088 0.83717
vt 0.82088 0.83717
vt 0.32442 0.84781
vt 0.82088 0.83717
vt 0.32442 0.84249
vt 0.32442 0.84781
vt 0.32442 0.84249
vt 0.32442 0.83717
vt 0.32442 0.91328
vt 0.32442 0.84249
vt 0.32442 0.84781
vt 0.32442 0.84249
vt 0.32442 0.91328
vt 0.82088 0.91860
vt 0.82088 0.92392
vt 0.82088 0.91860
vt 0.32442 0.92392
vt 0.82088 0.84781
vt 0.32442 0.83717
vt 0.82088 0.83717
vt 0.82088 0.92392
vt 0.32442 0.92392
vt 0.32442 0.91328
vt 0.82088 0.92392
vt 0.32442 0.92392
vt 0.32442 0.92392
vt 0.32442 0.83717
vt 0.82088 0.83717
vt 0.82088 0.83717
vt 0.82088 0.92392
vt 0.82088 0.91328
vt 0.82088 0.91860
vt 0.82088 0.91328
vt 0.32442 0.84781
vt 0.82088 0.84781
vt 0.32442 0.91328
vt 0.32442 0.91328
vt 0.32442 0.84249
vt 0.82088 0.91328
vt 0.32442 0.91328
vt 0.32442 0.84781
vt 0.14969 0.63884
vt 0.14739 0.62509
vt 0.19430 0.61716
vt 0.14964 0.69224
vt 0.19430 0.69824
vt 0.13099 0.67914
vt 0.14739 0.62509
vt 0.14287 0.63529
vt 0.19430 0.61716
vt 0.13099 0.63627
vt 0.14739 0.62509
vt 0.14969 0.63884
vt 0.13099 0.67914
vt 0.14969 0.63884
vt 0.15087 0.67482
vt 0.14964 0.69224
vt 0.13099 0.67914
vt 0.15087 0.67482
vt 0.13099 0.63627
vt 0.14287 0.63529
vt 0.14739 0.62509
vt 0.13099 0.67914
vt 0.13099 0.63627
vt 0.14969 0.63884
vt 0.15087 0.67482
vt 0.14969 0.63884
vt 0.19430 0.65770
vt 0.14964 0.69224
vt 0.19430 0.65770
vt 0.19430 0.69824
vt 0.14964 0.69224
vt 0.15087 0.67482
vt 0.19430 0.65770
vt 0.14969 0.63884
vt 0.19430 0.61716
vt 0.19430 0.65770
vt 0.14739 0.81982
vt 0.13693 0.80917
vt 0.15190 0.80553
vt 0.13099 0.75867
vt 0.14739 0.75464
vt 0.14969 0.76838
vt 0.19430 0.82779
vt 0.15190 0.80553
vt 0.19430 0.78387
vt 0.13099 0.75867
vt 0.14287 0.76484
vt 0.14739 0.75464
vt 0.14739 0.81982
vt 0.19430 0.82779
vt 0.13693 0.80917
vt 0.14969 0.76838
vt 0.19430 0.74671
vt 0.19430 0.78387
vt 0.13693 0.80917
vt 0.14969 0.76838
vt 0.15190 0.80553
vt 0.19430 0.82779
vt 0.14739 0.81982
vt 0.15190 0.80553
vt 0.15190 0.80553
vt 0.14969 0.76838
vt 0.19430 0.78387
vt 0.13693 0.80917
vt 0.13099 0.75867
vt 0.14969 0.76838
vt 0.14739 0.75464
vt 0.14287 0.76484
vt 0.19430 0.74671
vt 0.14969 0.76838
vt 0.14739 0.75464
vt 0.19430 0.74671
vt 0.23566 0.51802
vt 0.23566 0.51381
vt 0.27260 0.52052
vt 0.23566 0.48853
vt 0.23566 0.51802
vt 0.27260 0.52052
vt 0.23566 0.51381
vt 0.27260 0.49305
vt 0.27260 0.52052
vt 0.23566 0.51802
vt 0.23566 0.48853
vt 0.23566 0.51381
vt 0.23566 0.48853
vt 0.27260 0.52052
vt 0.27260 0.49305
vt 0.23566 0.51381
vt 0.23566 0.48853
vt 0.27260 0.49305
vt 0.19430 0.63743
vt 0.19430 0.65770
vt 0.19430 0.67797
vt 0.19430 0.69824
vt 0.21543 0.69245
vt 0.21543 0.66323
vt 0.19430 0.65770
vt 0.19430 0.69824
vt 0.19430 0.67797
vt 0.21543 0.61970
vt 0.19430 0.65770
vt 0.19430 0.61716
vt 0.21543 0.69245
vt 0.21543 0.61970
vt 0.21543 0.66323
vt 0.21543 0.61970
vt 0.21543 0.69245
vt 0.19430 0.65770
vt 0.19430 0.67797
vt 0.21543 0.66323
vt 0.19430 0.63743
vt 0.19430 0.63743
vt 0.21543 0.61970
vt 0.19430 0.61716
vt 0.19430 0.69824
vt 0.21543 0.66323
vt 0.19430 0.67797
vt 0.21543 0.69245
vt 0.19430 0.69824
vt 0.19430 0.65770
vt 0.19430 0.63743
vt 0.21543 0.66323
vt 0.21543 0.61970
vt 0.19430 0.63743
vt 0.19430 0.61716
vt 0.19430 0.65770
vt 0.13623 0.76347
vt 0.13623 0.72375
vt 0.19658 0.72375
vt 0.19658 0.76347
vt 0.19658 0.72375
vt 0.13623 0.72375
vt 0.13623 0.76347
vt 0.19658 0.76347
vt 0.13623 0.72375
vt 0.19658 0.76347
vt 0.13623 0.76347
vt 0.19658 0.72375
vt 0.21543 0.80752
vt 0.21543 0.75250
vt 0.21543 0.82200
vt 0.20487 0.76698
vt 0.21543 0.75250
vt 0.19430 0.74671
vt 0.21543 0.82200
vt 0.19430 0.80752
vt 0.19430 0.82779
vt 0.21543 0.80752
vt 0.19430 0.82779
vt 0.19430 0.78387
vt 0.20487 0.76698
vt 0.19430 0.74671
vt 0.19430 0.78387
vt 0.21543 0.82200
vt 0.21543 0.75250
vt 0.20487 0.76698
vt 0.21543 0.75250
vt 0.19430 0.78387
vt 0.19430 0.74671
vt 0.19430 0.80752
vt 0.20487 0.76698
vt 0.19430 0.78387
vt 0.19430 0.78387
vt 0.19430 0.82779
vt 0.19430 0.80752
vt 0.19430 0.80752
vt 0.21543 0.82200
vt 0.20487 0.76698
vt 0.21543 0.80752
vt 0.21543 0.82200
vt 0.19430 0.82779
vt 0.19430 0.78387
vt 0.21543 0.75250
vt 0.21543 0.80752
vt 0.12548 0.75788
vt 0.13313 0.80193
vt 0.11783 0.78324
vt 0.11783 0.78324
vt 0.11783 0.81662
vt 0.11783 0.78725
vt 0.11783 0.81662
vt 0.13313 0.80193
vt 0.13313 0.78725
vt 0.11783 0.81662
vt 0.13313 0.78725
vt 0.11783 0.78725
vt 0.13313 0.80193
vt 0.11783 0.81662
vt 0.11783 0.78324
vt 0.13313 0.78725
vt 0.12548 0.75788
vt 0.11783 0.78725
vt 0.11783 0.78725
vt 0.12548 0.75788
vt 0.11783 0.78324
vt 0.13313 0.80193
vt 0.12548 0.75788
vt 0.13313 0.78725
vt 0.13313 0.67239
vt 0.11783 0.68523
vt 0.12089 0.62961
vt 0.13313 0.65770
vt 0.12089 0.62961
vt 0.11783 0.65770
vt 0.11783 0.68523
vt 0.13313 0.67239
vt 0.13313 0.65770
vt 0.12089 0.62961
vt 0.11783 0.68523
vt 0.11783 0.65770
vt 0.11783 0.68523
vt 0.13313 0.65770
vt 0.11783 0.65770
vt 0.13313 0.67239
vt 0.12089 0.62961
vt 0.13313 0.65770
vt 0.35838 0.90889
vt 0.35442 0.85481
vt 0.36692 0.85481
vt 0.36108 0.90889
vt 0.36692 0.85481
vt 0.35442 0.85481
vt 0.35838 0.90889
vt 0.36108 0.90889
vt 0.35442 0.85481
vt 0.36108 0.90889
vt 0.35838 0.90889
vt 0.36692 0.85481
vt 0.48405 0.97771
vt 0.48836 0.94727
vt 0.50701 0.96211
vt 0.48405 0.97771
vt 0.49108 0.98763
vt 0.48836 0.94727
vt 0.48836 0.94727
vt 0.49108 0.98763
vt 0.50701 0.96211
vt 0.50701 0.96211
vt 0.49108 0.98763
vt 0.50561 0.97771
vt 0.50561 0.97771
vt 0.49108 0.98763
vt 0.50701 0.96211
vt 0.50701 0.96211
vt 0.49108 0.98763
vt 0.48405 0.97771
vt 0.41975 0.97771
vt 0.42678 0.94604
vt 0.44327 0.96387
vt 0.44327 0.96387
vt 0.43428 0.98763
vt 0.41975 0.97771
vt 0.43428 0.98763
vt 0.41779 0.96980
vt 0.41975 0.97771
vt 0.41975 0.97771
vt 0.41779 0.96980
vt 0.42678 0.94604
vt 0.42678 0.94604
vt 0.44131 0.95596
vt 0.44327 0.96387
vt 0.44131 0.95596
vt 0.42678 0.94604
vt 0.41779 0.96980
vt 0.44131 0.95596
vt 0.41779 0.96980
vt 0.43428 0.98763
vt 0.44131 0.95596
vt 0.43428 0.98763
vt 0.44327 0.96387
vt 0.35152 0.98218
vt 0.35578 0.97052
vt 0.33671 0.96684
vt 0.35578 0.97052
vt 0.34645 0.95047
vt 0.33671 0.96684
vt 0.35578 0.97052
vt 0.35152 0.98218
vt 0.33671 0.96684
vt 0.33671 0.96684
vt 0.34645 0.95047
vt 0.35578 0.97052
vt 0.86345 0.94221
vt 0.86284 0.97923
vt 0.84570 0.96011
vt 0.86345 0.94221
vt 0.86739 0.97005
vt 0.86284 0.97923
vt 0.86345 0.94221
vt 0.84570 0.96011
vt 0.86739 0.97005
vt 0.84570 0.96011
vt 0.86284 0.97923
vt 0.86739 0.97005
vt 0.57981 0.95211
vt 0.57981 0.98156
vt 0.56521 0.96684
vt 0.57981 0.98156
vt 0.57981 0.95211
vt 0.56521 0.96684
vt 0.72999 0.95691
vt 0.71511 0.97657
vt 0.73216 0.96460
vt 0.71446 0.95865
vt 0.71511 0.97657
vt 0.72999 0.95691
vt 0.71511 0.97657
vt 0.71446 0.95865
vt 0.72999 0.95691
vt 0.71511 0.97657
vt 0.72999 0.95691
vt 0.73216 0.96460
vt 0.80468 0.96011
vt 0.81221 0.94109
vt 0.82729 0.95740
vt 0.82729 0.96282
vt 0.81221 0.97913
vt 0.82729 0.95740
vt 0.82729 0.95740
vt 0.81221 0.97913
vt 0.80468 0.96011
vt 0.82729 0.96282
vt 0.81221 0.94109
vt 0.80468 0.96011
vt 0.81221 0.94109
vt 0.82729 0.96282
vt 0.82729 0.95740
vt 0.80468 0.96011
vt 0.81221 0.97913
vt 0.82729 0.96282
vt 0.27722 0.62637
vt 0.15678 0.61736
vt 0.27722 0.59935
vt 0.15678 0.60535
vt 0.27722 0.62637
vt 0.27722 0.59935
vt 0.15678 0.59935
vt 0.15678 0.60535
vt 0.27722 0.59935
vt 0.27722 0.59935
vt 0.15678 0.61736
vt 0.15678 0.59935
vt 0.15678 0.60535
vt 0.15678 0.61736
vt 0.27722 0.62637
vt 0.03677 0.60420
vt 0.15720 0.61736
vt 0.03677 0.62009
vt 0.03677 0.60420
vt 0.15720 0.59935
vt 0.15720 0.61736
vt 0.03677 0.60420
vt 0.15720 0.61736
vt 0.15720 0.61136
vt 0.03677 0.62009
vt 0.15720 0.61736
vt 0.03677 0.60420
vt 0.03677 0.60420
vt 0.15720 0.61136
vt 0.15720 0.59935
vt 0.27722 0.51429
vt 0.15678 0.51279
vt 0.15678 0.50078
vt 0.15678 0.49478
vt 0.15678 0.51279
vt 0.27722 0.50078
vt 0.15678 0.51279
vt 0.27722 0.51429
vt 0.27722 0.50078
vt 0.27722 0.51429
vt 0.15678 0.50078
vt 0.27722 0.50078
vt 0.27722 0.50078
vt 0.15678 0.50078
vt 0.15678 0.49478
vt 0.03677 0.51552
vt 0.15720 0.50378
vt 0.03677 0.49963
vt 0.03677 0.51552
vt 0.15720 0.51279
vt 0.15720 0.50378
vt 0.03677 0.49963
vt 0.15720 0.50378
vt 0.15720 0.51279
vt 0.03677 0.49963
vt 0.15720 0.51279
vt 0.03677 0.51552
vt 0.33750 0.86457
vt 0.34331 0.86457
vt 0.38243 0.86457
vt 0.33750 0.89912
vt 0.34331 0.86457
vt 0.33750 0.86457
vt 0.38086 0.89912
vt 0.33750 0.86457
vt 0.38243 0.86457
vt 0.35833 0.89912
vt 0.38243 0.86457
vt 0.34331 0.86457
vt 0.38086 0.89912
vt 0.35833 0.89912
vt 0.33750 0.89912
vt 0.38086 0.89912
vt 0.33750 0.89912
vt 0.33750 0.86457
vt 0.33750 0.89912
vt 0.33750 0.89912
vt 0.38086 0.89912
vt 0.33750 0.89912
vt 0.33750 0.89912
vt 0.34331 0.86457
vt 0.35833 0.89912
vt 0.38086 0.89912
vt 0.38243 0.86457
vt 0.33750 0.89912
vt 0.35833 0.89912
vt 0.34331 0.86457
vt 0.33733 0.91396
vt 0.33615 0.91396
vt 0.33376 0.84974
vt 0.33615 0.91396
vt 0.33733 0.91396
vt 0.33972 0.84974
vt 0.33733 0.91396
vt 0.33376 0.84974
vt 0.33972 0.84974
vt 0.33615 0.91396
vt 0.33972 0.84974
vt 0.33376 0.84974
vt 0.23269 0.64174
vt 0.17555 0.63135
vt 0.17555 0.63135
vt 0.17555 0.63910
vt 0.17555 0.65577
vt 0.11822 0.65865
vt 0.10478 0.64819
vt 0.11812 0.63271
vt 0.17555 0.63910
vt 0.09740 0.65432
vt 0.07205 0.75344
vt 0.07352 0.75215
vt 0.11812 0.63271
vt 0.09740 0.65432
vt 0.11868 0.64091
vt 0.17555 0.63135
vt 0.17555 0.63135
vt 0.11812 0.63271
vt 0.17555 0.63135
vt 0.17555 0.63910
vt 0.11812 0.63271
vt 0.11822 0.64630
vt 0.17555 0.63135
vt 0.11868 0.64091
vt 0.17555 0.64018
vt 0.11868 0.64091
vt 0.17555 0.64445
vt 0.00000 0.74979
vt 0.00824 0.75632
vt 0.07352 0.75215
vt 0.23347 0.63537
vt 0.17555 0.64018
vt 0.17555 0.64445
vt 0.07352 0.75215
vt 0.00824 0.75632
vt 0.00245 0.76286
vt 0.09740 0.65432
vt 0.10478 0.64819
vt 0.11868 0.64091
vt 0.00000 0.74979
vt 0.00245 0.76286
vt 0.00824 0.75632
vt 0.11822 0.64630
vt 0.17555 0.65878
vt 0.17555 0.64018
vt 0.23347 0.63537
vt 0.25450 0.65723
vt 0.24937 0.65285
vt 0.24937 0.65285
vt 0.27787 0.75394
vt 0.25450 0.65723
vt 0.07352 0.75215
vt 0.00245 0.76286
vt 0.07205 0.75344
vt 0.17555 0.64445
vt 0.11868 0.64091
vt 0.23269 0.64174
vt 0.23288 0.64630
vt 0.17555 0.65577
vt 0.17555 0.63910
vt 0.11868 0.64091
vt 0.10478 0.64819
vt 0.17555 0.64445
vt 0.17555 0.63910
vt 0.23288 0.64630
vt 0.23269 0.64174
vt 0.28013 0.75279
vt 0.27787 0.75394
vt 0.24937 0.65285
vt 0.24937 0.65285
vt 0.25450 0.65723
vt 0.23269 0.64174
vt 0.35195 0.75197
vt 0.34292 0.75959
vt 0.28013 0.75279
vt 0.23288 0.64630
vt 0.17555 0.63910
vt 0.17555 0.63135
vt 0.17555 0.64018
vt 0.11822 0.64630
vt 0.11868 0.64091
vt 0.17555 0.64018
vt 0.17555 0.65878
vt 0.23288 0.64630
vt 0.23269 0.64174
vt 0.23347 0.63537
vt 0.17555 0.64445
vt 0.17555 0.63135
vt 0.17555 0.63135
vt 0.23347 0.63537
vt 0.11868 0.64091
vt 0.17555 0.64445
vt 0.23269 0.64174
vt 0.25450 0.65723
vt 0.27787 0.75394
vt 0.28013 0.75279
vt 0.27787 0.75394
vt 0.34292 0.75959
vt 0.34286 0.75632
vt 0.23269 0.64174
vt 0.25450 0.65723
vt 0.23347 0.63537
vt 0.07352 0.75215
vt 0.10478 0.64819
vt 0.09740 0.65432
vt 0.11812 0.63271
vt 0.17555 0.65577
vt 0.17555 0.63910
vt 0.23269 0.64174
vt 0.17555 0.63135
vt 0.23347 0.63537
vt 0.17555 0.63135
vt 0.23288 0.64630
vt 0.23347 0.63537
vt 0.10478 0.64819
vt 0.07352 0.75215
vt 0.07205 0.75344
vt 0.27787 0.75394
vt 0.34286 0.75632
vt 0.35195 0.75197
vt 0.27787 0.75394
vt 0.28013 0.75279
vt 0.34292 0.75959
vt 0.23347 0.63537
vt 0.24937 0.65285
vt 0.23269 0.64174
vt 0.07205 0.75344
vt 0.00245 0.76286
vt 0.00000 0.74979
vt 0.07205 0.75344
vt 0.00000 0.74979
vt 0.07352 0.75215
vt 0.10478 0.64819
vt 0.17555 0.63910
vt 0.17555 0.64445
vt 0.17555 0.63910
vt 0.11822 0.65865
vt 0.11812 0.63271
vt 0.27787 0.75394
vt 0.35195 0.75197
vt 0.28013 0.75279
vt 0.11812 0.63271
vt 0.10478 0.64819
vt 0.09740 0.65432
vt 0.17555 0.65878
vt 0.11822 0.64630
vt 0.17555 0.64018
vt 0.25450 0.65723
vt 0.28013 0.75279
vt 0.24937 0.65285
vt 0.17555 0.63910
vt 0.23269 0.64174
vt 0.17555 0.64445
vt 0.23288 0.64630
vt 0.17555 0.63135
vt 0.23269 0.64174
vt 0.17555 0.65577
vt 0.23288 0.64630
vt 0.17555 0.63910
vt 0.23288 0.64630
vt 0.17555 0.65878
vt 0.17555 0.64018
vt 0.09740 0.65432
vt 0.10478 0.64819
vt 0.07205 0.75344
vt 0.11822 0.64630
vt 0.17555 0.64018
vt 0.17555 0.63135
vt 0.11868 0.64091
vt 0.17555 0.63135
vt 0.17555 0.63135
vt 0.34292 0.75959
vt 0.35195 0.75197
vt 0.34286 0.75632
vt 0.17555 0.63135
vt 0.17555 0.64018
vt 0.23288 0.64630
vt 0.23347 0.63537
vt 0.23288 0.64630
vt 0.17555 0.64018
vt 0.11812 0.63271
vt 0.11822 0.65865
vt 0.17555 0.65577
vt 0.11868 0.64091
vt 0.17555 0.63135
vt 0.11812 0.63271
vt 0.26917 0.51534
vt 0.27015 0.55059
vt 0.27012 0.53310
vt 0.11083 0.51091
vt 0.06141 0.53244
vt 0.11083 0.53395
vt 0.11083 0.52034
vt 0.04538 0.51395
vt 0.11083 0.49730
vt 0.26941 0.51028
vt 0.26826 0.49498
vt 0.26986 0.51135
vt 0.11083 0.53395
vt 0.06141 0.53244
vt 0.11083 0.53866
vt 0.15056 0.49326
vt 0.26877 0.47903
vt 0.26964 0.52524
vt 0.15056 0.51127
vt 0.14282 0.54430
vt 0.26917 0.51534
vt 0.15302 0.48431
vt 0.15056 0.51127
vt 0.26917 0.51534
vt 0.11083 0.52058
vt 0.11083 0.52034
vt 0.11083 0.49730
vt 0.11083 0.51066
vt 0.11083 0.53489
vt 0.14282 0.54430
vt 0.11083 0.53489
vt 0.11083 0.53985
vt 0.14282 0.54430
vt 0.14282 0.54430
vt 0.11083 0.53985
vt 0.11083 0.52058
vt 0.15056 0.52336
vt 0.11083 0.52058
vt 0.11083 0.49635
vt 0.15056 0.49326
vt 0.11083 0.49635
vt 0.11083 0.49139
vt 0.11083 0.49139
vt 0.11083 0.51066
vt 0.15056 0.51127
vt 0.26964 0.52524
vt 0.26941 0.51028
vt 0.26978 0.53798
vt 0.11083 0.51066
vt 0.11083 0.49139
vt 0.11083 0.49258
vt 0.26877 0.47903
vt 0.27015 0.47165
vt 0.27270 0.49292
vt 0.26917 0.51534
vt 0.26986 0.51135
vt 0.27270 0.49292
vt 0.26964 0.52524
vt 0.26877 0.47903
vt 0.27270 0.49292
vt 0.11083 0.51091
vt 0.05908 0.50392
vt 0.06141 0.53244
vt 0.11083 0.49730
vt 0.04538 0.51395
vt 0.05908 0.50392
vt 0.11083 0.52034
vt 0.11083 0.53866
vt 0.06141 0.53244
vt 0.11083 0.52058
vt 0.11083 0.53866
vt 0.11083 0.52034
vt 0.11083 0.49635
vt 0.11083 0.49258
vt 0.11083 0.49139
vt 0.11083 0.53489
vt 0.11083 0.53866
vt 0.11083 0.53985
vt 0.27015 0.55059
vt 0.26978 0.53798
vt 0.27012 0.53310
vt 0.26917 0.51534
vt 0.27270 0.49292
vt 0.27015 0.47165
vt 0.26964 0.52524
vt 0.27270 0.49292
vt 0.26941 0.51028
vt 0.26877 0.47903
vt 0.26917 0.51534
vt 0.27015 0.47165
vt 0.26917 0.51534
vt 0.27012 0.53310
vt 0.26986 0.51135
vt 0.27270 0.49292
vt 0.26826 0.49498
vt 0.26941 0.51028
vt 0.26986 0.51135
vt 0.26826 0.49498
vt 0.27270 0.49292
vt 0.11083 0.51066
vt 0.11083 0.53395
vt 0.11083 0.53489
vt 0.15302 0.48431
vt 0.26917 0.51534
vt 0.26877 0.47903
vt 0.15056 0.49326
vt 0.26964 0.52524
vt 0.15056 0.52336
vt 0.11083 0.51066
vt 0.11083 0.49258
vt 0.11083 0.51091
vt 0.26964 0.52524
vt 0.26978 0.53798
vt 0.26887 0.55595
vt 0.26887 0.55595
vt 0.27015 0.55059
vt 0.26917 0.51534
vt 0.14282 0.54430
vt 0.26887 0.55595
vt 0.26917 0.51534
vt 0.15056 0.52336
vt 0.11083 0.49635
vt 0.15056 0.49326
vt 0.15056 0.49326
vt 0.11083 0.49139
vt 0.15302 0.48431
vt 0.11083 0.49139
vt 0.15056 0.51127
vt 0.15302 0.48431
vt 0.15302 0.48431
vt 0.26877 0.47903
vt 0.15056 0.49326
vt 0.11083 0.51066
vt 0.14282 0.54430
vt 0.15056 0.51127
vt 0.15056 0.52336
vt 0.26887 0.55595
vt 0.14282 0.54430
vt 0.14282 0.54430
vt 0.11083 0.52058
vt 0.15056 0.52336
vt 0.05908 0.50392
vt 0.04403 0.51599
vt 0.06141 0.53244
vt 0.11083 0.52058
vt 0.11083 0.49730
vt 0.11083 0.49635
vt 0.11083 0.51091
vt 0.11083 0.49258
vt 0.05908 0.50392
vt 0.06141 0.53244
vt 0.04403 0.51599
vt 0.04538 0.51395
vt 0.11083 0.52034
vt 0.06141 0.53244
vt 0.04538 0.51395
vt 0.04538 0.51395
vt 0.04403 0.51599
vt 0.05908 0.50392
vt 0.11083 0.49730
vt 0.05908 0.50392
vt 0.11083 0.49258
vt 0.26986 0.51135
vt 0.26978 0.53798
vt 0.26941 0.51028
vt 0.26986 0.51135
vt 0.27012 0.53310
vt 0.26978 0.53798
vt 0.27015 0.55059
vt 0.26887 0.55595
vt 0.26978 0.53798
vt 0.15056 0.52336
vt 0.26964 0.52524
vt 0.26887 0.55595
vt 0.11083 0.51066
vt 0.11083 0.51091
vt 0.11083 0.53395
vt 0.11083 0.52058
vt 0.11083 0.53985
vt 0.11083 0.53866
vt 0.11083 0.49635
vt 0.11083 0.49730
vt 0.11083 0.49258
vt 0.11083 0.53489
vt 0.11083 0.53395
vt 0.11083 0.53866
vt 0.26899 0.52216
vt 0.26957 0.54462
vt 0.27062 0.51212
vt 0.11083 0.51514
vt 0.04748 0.53366
vt 0.04520 0.51554
vt 0.11083 0.53284
vt 0.04748 0.53366
vt 0.11083 0.54805
vt 0.11083 0.49992
vt 0.08030 0.51021
vt 0.11083 0.50877
vt 0.11083 0.54805
vt 0.04748 0.53366
vt 0.11083 0.53920
vt 0.11083 0.53284
vt 0.08030 0.51021
vt 0.04476 0.52817
vt 0.11083 0.51514
vt 0.04520 0.51554
vt 0.11083 0.49992
vt 0.11083 0.51514
vt 0.11083 0.53920
vt 0.04748 0.53366
vt 0.11083 0.53284
vt 0.04476 0.52817
vt 0.04748 0.53366
vt 0.11083 0.49992
vt 0.04520 0.51554
vt 0.08030 0.51021
vt 0.27062 0.51212
vt 0.26881 0.50242
vt 0.26899 0.52216
vt 0.15302 0.50331
vt 0.26760 0.54071
vt 0.26887 0.49646
vt 0.15056 0.49339
vt 0.26887 0.53070
vt 0.14282 0.52840
vt 0.15056 0.53694
vt 0.26963 0.55879
vt 0.26760 0.54071
vt 0.11083 0.50799
vt 0.15056 0.53694
vt 0.15302 0.50331
vt 0.11083 0.53329
vt 0.15056 0.55510
vt 0.15056 0.53694
vt 0.11083 0.49868
vt 0.11083 0.50877
vt 0.11083 0.50799
vt 0.11083 0.54929
vt 0.14282 0.52840
vt 0.15056 0.55510
vt 0.04476 0.52817
vt 0.08030 0.51021
vt 0.04520 0.51554
vt 0.04748 0.53366
vt 0.04491 0.52243
vt 0.04520 0.51554
vt 0.11083 0.53284
vt 0.11083 0.50877
vt 0.08030 0.51021
vt 0.04491 0.52243
vt 0.04748 0.53366
vt 0.04476 0.52817
vt 0.04520 0.51554
vt 0.04491 0.52243
vt 0.04476 0.52817
vt 0.15302 0.50331
vt 0.26760 0.48324
vt 0.15056 0.49339
vt 0.15056 0.55510
vt 0.26760 0.54901
vt 0.26963 0.55879
vt 0.26760 0.48324
vt 0.27062 0.51212
vt 0.26887 0.53070
vt 0.27062 0.51212
vt 0.26987 0.53777
vt 0.26887 0.53070
vt 0.26760 0.54071
vt 0.26963 0.55879
vt 0.27184 0.52357
vt 0.26887 0.49646
vt 0.27270 0.48713
vt 0.26760 0.48324
vt 0.27184 0.52357
vt 0.26963 0.55879
vt 0.26899 0.52216
vt 0.27184 0.52357
vt 0.26881 0.50242
vt 0.27270 0.48713
vt 0.11083 0.53329
vt 0.11083 0.50877
vt 0.11083 0.53284
vt 0.11083 0.51468
vt 0.11083 0.53920
vt 0.11083 0.51514
vt 0.11083 0.53329
vt 0.11083 0.54805
vt 0.11083 0.54929
vt 0.14282 0.52840
vt 0.11083 0.49868
vt 0.15056 0.49339
vt 0.15056 0.49339
vt 0.11083 0.50799
vt 0.15302 0.50331
vt 0.26963 0.55879
vt 0.26987 0.53777
vt 0.26957 0.54462
vt 0.27062 0.51212
vt 0.27270 0.48713
vt 0.26881 0.50242
vt 0.26963 0.55879
vt 0.26760 0.54901
vt 0.26887 0.53070
vt 0.26760 0.54071
vt 0.27184 0.52357
vt 0.26887 0.49646
vt 0.11083 0.54929
vt 0.11083 0.54805
vt 0.11083 0.53920
vt 0.11083 0.51468
vt 0.11083 0.51514
vt 0.11083 0.49992
vt 0.26881 0.50242
vt 0.27184 0.52357
vt 0.26899 0.52216
vt 0.11083 0.50799
vt 0.11083 0.53329
vt 0.15056 0.53694
vt 0.11083 0.53329
vt 0.11083 0.54929
vt 0.15056 0.55510
vt 0.11083 0.49868
vt 0.11083 0.49992
vt 0.11083 0.50877
vt 0.11083 0.54929
vt 0.11083 0.53999
vt 0.14282 0.52840
vt 0.26899 0.52216
vt 0.26963 0.55879
vt 0.26957 0.54462
vt 0.14282 0.52840
vt 0.11083 0.51468
vt 0.11083 0.49868
vt 0.15056 0.49339
vt 0.11083 0.49868
vt 0.11083 0.50799
vt 0.15302 0.50331
vt 0.26887 0.49646
vt 0.26760 0.48324
vt 0.15056 0.55510
vt 0.14282 0.52840
vt 0.26760 0.54901
vt 0.26760 0.48324
vt 0.27270 0.48713
vt 0.27062 0.51212
vt 0.14282 0.52840
vt 0.11083 0.53999
vt 0.11083 0.51468
vt 0.11083 0.54929
vt 0.11083 0.53920
vt 0.11083 0.53999
vt 0.11083 0.51468
vt 0.11083 0.49992
vt 0.11083 0.49868
vt 0.15302 0.50331
vt 0.15056 0.53694
vt 0.26760 0.54071
vt 0.15056 0.49339
vt 0.26760 0.48324
vt 0.26887 0.53070
vt 0.14282 0.52840
vt 0.26887 0.53070
vt 0.26760 0.54901
vt 0.15056 0.53694
vt 0.15056 0.55510
vt 0.26963 0.55879
vt 0.11083 0.53329
vt 0.11083 0.50799
vt 0.11083 0.50877
vt 0.11083 0.51468
vt 0.11083 0.53999
vt 0.11083 0.53920
vt 0.11083 0.53329
vt 0.11083 0.53284
vt 0.11083 0.54805
vt 0.27270 0.48713
vt 0.26887 0.49646
vt 0.27184 0.52357
vt 0.26963 0.55879
vt 0.26887 0.53070
vt 0.26987 0.53777
vt 0.26987 0.53777
vt 0.27062 0.51212
vt 0.26957 0.54462
vt 0.64383 0.77912
vt 0.81222 0.77912
vt 0.78970 0.71481
vt 0.81092 0.71618
vt 0.78970 0.71481
vt 0.81222 0.77912
vt 0.67099 0.62502
vt 0.69339 0.62205
vt 0.73683 0.31910
vt 0.77511 0.63853
vt 0.84593 0.32699
vt 0.83363 0.27510
vt 0.64424 0.64717
vt 0.64380 0.71545
vt 0.64460 0.65224
vt 0.81092 0.71618
vt 0.77511 0.63853
vt 0.78970 0.71481
vt 0.64380 0.71545
vt 0.64383 0.77912
vt 0.64381 0.71546
vt 0.64383 0.77912
vt 0.81222 0.77912
vt 0.64383 0.77912
vt 0.78970 0.71481
vt 0.81222 0.77912
vt 0.64383 0.77912
vt 0.81084 0.71421
vt 0.81222 0.77912
vt 0.78970 0.71481
vt 0.64460 0.65224
vt 0.64381 0.71546
vt 0.78970 0.71481
vt 0.78970 0.71481
vt 0.77511 0.63853
vt 0.64460 0.65224
vt 0.69339 0.62205
vt 0.77511 0.63853
vt 0.64424 0.64717
vt 0.64424 0.64717
vt 0.77511 0.63853
vt 0.78970 0.71481
vt 0.78970 0.71481
vt 0.64380 0.71545
vt 0.64424 0.64717
vt 0.67099 0.62502
vt 0.67360 0.61859
vt 0.64424 0.64717
vt 0.83760 0.27480
vt 0.83363 0.27510
vt 0.84589 0.32656
vt 0.64383 0.77912
vt 0.64380 0.71545
vt 0.78970 0.71481
vt 0.81084 0.71421
vt 0.81092 0.71618
vt 0.81222 0.77912
vt 0.76397 0.24129
vt 0.81608 0.26501
vt 0.75832 0.23871
vt 0.72158 0.28522
vt 0.72385 0.25097
vt 0.71535 0.29270
vt 0.72158 0.28522
vt 0.81608 0.26501
vt 0.76397 0.24129
vt 0.81084 0.71421
vt 0.78970 0.71481
vt 0.77511 0.63853
vt 0.84589 0.32656
vt 0.79521 0.63975
vt 0.77511 0.63853
vt 0.64380 0.71545
vt 0.64383 0.77912
vt 0.64383 0.77912
vt 0.73683 0.31910
vt 0.83363 0.27510
vt 0.72158 0.28522
vt 0.71535 0.29270
vt 0.72385 0.25097
vt 0.73053 0.28048
vt 0.75832 0.23871
vt 0.73053 0.28048
vt 0.72385 0.25097
vt 0.64460 0.65224
vt 0.67099 0.62502
vt 0.64424 0.64717
vt 0.84589 0.32656
vt 0.83363 0.27510
vt 0.84593 0.32699
vt 0.67099 0.62502
vt 0.72160 0.33193
vt 0.67360 0.61859
vt 0.67099 0.62502
vt 0.73683 0.31910
vt 0.72160 0.33193
vt 0.72160 0.33193
vt 0.73683 0.31910
vt 0.72158 0.28522
vt 0.77511 0.63853
vt 0.69339 0.62205
vt 0.64460 0.65224
vt 0.69339 0.62205
vt 0.83363 0.27510
vt 0.73683 0.31910
vt 0.69339 0.62205
vt 0.67099 0.62502
vt 0.64460 0.65224
vt 0.69339 0.62205
vt 0.77511 0.63853
vt 0.83363 0.27510
vt 0.81222 0.77912
vt 0.81222 0.77912
vt 0.64383 0.77912
vt 0.78970 0.71481
vt 0.64381 0.71546
vt 0.64383 0.77912
vt 0.81222 0.77912
vt 0.81222 0.77912
vt 0.81092 0.71618
vt 0.83363 0.27510
vt 0.75832 0.23871
vt 0.81608 0.26501
vt 0.72385 0.25097
vt 0.76397 0.24129
vt 0.75832 0.23871
vt 0.72158 0.28522
vt 0.83363 0.27510
vt 0.81608 0.26501
vt 0.74196 0.34105
vt 0.69339 0.62205
vt 0.67360 0.61859
vt 0.73053 0.28048
vt 0.74196 0.34105
vt 0.72160 0.33193
vt 0.64380 0.71545
vt 0.64381 0.71546
vt 0.64460 0.65224
vt 0.72160 0.33193
vt 0.72158 0.28522
vt 0.71535 0.29270
vt 0.73053 0.28048
vt 0.75832 0.23871
vt 0.82923 0.27620
vt 0.74196 0.34105
vt 0.73053 0.28048
vt 0.82923 0.27620
vt 0.69339 0.62205
vt 0.74196 0.34105
vt 0.82923 0.27620
vt 0.79521 0.63975
vt 0.79516 0.63561
vt 0.81092 0.71618
vt 0.81084 0.71421
vt 0.77511 0.63853
vt 0.79521 0.63975
vt 0.75832 0.23871
vt 0.83363 0.27510
vt 0.82923 0.27620
vt 0.83363 0.27510
vt 0.83760 0.27480
vt 0.82923 0.27620
vt 0.67360 0.61859
vt 0.69339 0.62205
vt 0.64424 0.64717
vt 0.74196 0.34105
vt 0.67360 0.61859
vt 0.72160 0.33193
vt 0.73053 0.28048
vt 0.72160 0.33193
vt 0.71535 0.29270
vt 0.84589 0.32656
vt 0.79516 0.63561
vt 0.79521 0.63975
vt 0.69339 0.62205
vt 0.82923 0.27620
vt 0.77511 0.63853
vt 0.79521 0.63975
vt 0.81092 0.71618
vt 0.81084 0.71421
vt 0.72385 0.25097
vt 0.72158 0.28522
vt 0.76397 0.24129
vt 0.79516 0.63561
vt 0.84589 0.32656
vt 0.84593 0.32699
vt 0.81092 0.71618
vt 0.79516 0.63561
vt 0.77511 0.63853
vt 0.77511 0.63853
vt 0.79516 0.63561
vt 0.84593 0.32699
vt 0.82923 0.27620
vt 0.83760 0.27480
vt 0.84589 0.32656
vt 0.84589 0.32656
vt 0.77511 0.63853
vt 0.82923 0.27620
vt 0.04453 0.62329
vt 0.27149 0.62329
vt 0.04453 0.62329
vt 0.04033 0.62329
vt 0.04453 0.62329
vt 0.04033 0.62329
vt 0.27568 0.62329
vt 0.27149 0.62329
vt 0.04453 0.62329
vt 0.27149 0.62329
vt 0.04453 0.60183
vt 0.04453 0.62329
vt 0.27414 0.60418
vt 0.04453 0.62329
vt 0.03171 0.59523
vt 0.27149 0.62329
vt 0.27149 0.60183
vt 0.04453 0.60183
vt 0.04417 0.60754
vt 0.04453 0.62329
vt 0.04453 0.60183
vt 0.29487 0.47026
vt 0.29468 0.50158
vt 0.27152 0.47198
vt 0.04450 0.47198
vt 0.04453 0.48784
vt 0.02134 0.50158
vt 0.27178 0.60853
vt 0.27152 0.47198
vt 0.27149 0.60183
vt 0.27149 0.60183
vt 0.27152 0.47198
vt 0.27149 0.48784
vt 0.04453 0.60183
vt 0.15801 0.60183
vt 0.04453 0.48784
vt 0.27568 0.62329
vt 0.29474 0.58597
vt 0.29493 0.59206
vt 0.02329 0.60696
vt 0.04033 0.62329
vt 0.02109 0.59206
vt 0.29493 0.59206
vt 0.29487 0.47026
vt 0.27355 0.50128
vt 0.02109 0.59206
vt 0.04417 0.60754
vt 0.04247 0.50128
vt 0.29487 0.47026
vt 0.29474 0.58597
vt 0.29468 0.50158
vt 0.02115 0.47026
vt 0.04247 0.50128
vt 0.04450 0.47198
vt 0.04450 0.47198
vt 0.02134 0.50158
vt 0.02115 0.47026
vt 0.02109 0.59206
vt 0.04033 0.62329
vt 0.04417 0.60754
vt 0.27568 0.62329
vt 0.27568 0.62329
vt 0.29493 0.59206
vt 0.02109 0.59206
vt 0.04033 0.62329
vt 0.04033 0.62329
vt 0.03954 0.46913
vt 0.03171 0.59523
vt 0.02099 0.49037
vt 0.27414 0.60418
vt 0.29474 0.58597
vt 0.27568 0.62329
vt 0.29493 0.59206
vt 0.27178 0.60853
vt 0.27568 0.62329
vt 0.27624 0.46812
vt 0.29474 0.58597
vt 0.27414 0.60418
vt 0.27568 0.62329
vt 0.27178 0.60853
vt 0.27149 0.62329
vt 0.27568 0.62329
vt 0.29493 0.59206
vt 0.27568 0.62329
vt 0.27152 0.47198
vt 0.27355 0.50128
vt 0.29487 0.47026
vt 0.03171 0.59523
vt 0.02329 0.60696
vt 0.02099 0.49037
vt 0.04453 0.62329
vt 0.27414 0.60418
vt 0.04453 0.62329
vt 0.27624 0.46812
vt 0.27414 0.60418
vt 0.03171 0.59523
vt 0.04033 0.62329
vt 0.04453 0.62329
vt 0.04417 0.60754
vt 0.03171 0.59523
vt 0.04453 0.62329
vt 0.02329 0.60696
vt 0.27568 0.62329
vt 0.27568 0.62329
vt 0.04453 0.62329
vt 0.27624 0.46812
vt 0.03954 0.46913
vt 0.02099 0.49037
vt 0.29549 0.49348
vt 0.27624 0.46812
vt 0.02099 0.49037
vt 0.02099 0.49037
vt 0.02329 0.60696
vt 0.02134 0.50158
vt 0.27624 0.46812
vt 0.29549 0.49348
vt 0.29474 0.58597
vt 0.04033 0.62329
vt 0.04453 0.62329
vt 0.04453 0.62329
vt 0.27568 0.62329
vt 0.27568 0.62329
vt 0.27149 0.62329
vt 0.04453 0.62329
vt 0.04453 0.62329
vt 0.04033 0.62329
vt 0.29549 0.49348
vt 0.02099 0.49037
vt 0.02134 0.50158
vt 0.29474 0.58597
vt 0.29487 0.47026
vt 0.29493 0.59206
vt 0.02134 0.50158
vt 0.02329 0.60696
vt 0.02115 0.47026
vt 0.02115 0.47026
vt 0.02329 0.60696
vt 0.02109 0.59206
vt 0.29468 0.50158
vt 0.27149 0.48784
vt 0.27152 0.47198
vt 0.29549 0.49348
vt 0.02134 0.50158
vt 0.29468 0.50158
vt 0.27568 0.62329
vt 0.04453 0.62329
vt 0.27414 0.60418
vt 0.29474 0.58597
vt 0.29549 0.49348
vt 0.29468 0.50158
vt 0.04417 0.60754
vt 0.04453 0.60183
vt 0.04450 0.47198
vt 0.27178 0.60853
vt 0.27149 0.60183
vt 0.27149 0.62329
vt 0.27149 0.60183
vt 0.27149 0.48784
vt 0.15801 0.60183
vt 0.04453 0.60183
vt 0.04453 0.48784
vt 0.04450 0.47198
vt 0.27149 0.60183
vt 0.15801 0.60183
vt 0.04453 0.60183
vt 0.27355 0.50128
vt 0.27152 0.47198
vt 0.27178 0.60853
vt 0.04450 0.47198
vt 0.04247 0.50128
vt 0.04417 0.60754
vt 0.04453 0.62329
vt 0.04033 0.62329
vt 0.02329 0.60696
vt 0.29493 0.59206
vt 0.27355 0.50128
vt 0.27178 0.60853
vt 0.02109 0.59206
vt 0.04247 0.50128
vt 0.02115 0.47026
vt 0.27624 0.46812
vt 0.03171 0.59523
vt 0.03954 0.46913
vt 0.46188 0.71568
vt 0.42655 0.77957
vt 0.44474 0.72980
vt 0.46188 0.77957
vt 0.45569 0.71454
vt 0.44134 0.74392
vt 0.46188 0.77957
vt 0.41815 0.77957
vt 0.42655 0.77957
vt 0.40308 0.77957
vt 0.41522 0.74392
vt 0.42655 0.77957
vt 0.46759 0.71568
vt 0.45569 0.71454
vt 0.46954 0.71568
vt 0.44134 0.74392
vt 0.41815 0.77957
vt 0.46188 0.77957
vt 0.44474 0.72980
vt 0.44134 0.74392
vt 0.45569 0.71454
vt 0.41522 0.74392
vt 0.40308 0.77957
vt 0.40735 0.74392
vt 0.41815 0.77957
vt 0.40308 0.77957
vt 0.42655 0.77957
vt 0.46954 0.71568
vt 0.46810 0.77957
vt 0.46759 0.71568
vt 0.41522 0.74392
vt 0.44134 0.74392
vt 0.44474 0.72980
vt 0.42655 0.77957
vt 0.46810 0.77957
vt 0.46188 0.77957
vt 0.46188 0.77957
vt 0.47044 0.77957
vt 0.46954 0.71568
vt 0.40308 0.77957
vt 0.41815 0.77957
vt 0.40735 0.74392
vt 0.44134 0.74392
vt 0.40735 0.74392
vt 0.41815 0.77957
vt 0.46759 0.71568
vt 0.46188 0.71568
vt 0.45569 0.71454
vt 0.46188 0.71568
vt 0.44474 0.72980
vt 0.45569 0.71454
vt 0.45569 0.71454
vt 0.46188 0.77957
vt 0.46954 0.71568
vt 0.47044 0.77957
vt 0.46810 0.77957
vt 0.46954 0.71568
vt 0.46188 0.71568
vt 0.46810 0.77957
vt 0.42655 0.77957
vt 0.46810 0.77957
vt 0.47044 0.77957
vt 0.46188 0.77957
vt 0.41522 0.74392
vt 0.40735 0.74392
vt 0.44134 0.74392
vt 0.42655 0.77957
vt 0.41522 0.74392
vt 0.44474 0.72980
vt 0.46759 0.71568
vt 0.46810 0.77957
vt 0.46188 0.71568
vt 0.48894 0.57388
vt 0.49503 0.57440
vt 0.61638 0.54479
vt 0.61474 0.55920
vt 0.60112 0.55635
vt 0.49503 0.57440
vt 0.63412 0.63421
vt 0.60032 0.70355
vt 0.61480 0.68944
vt 0.65317 0.68682
vt 0.61480 0.68944
vt 0.60032 0.70355
vt 0.48894 0.57388
vt 0.49503 0.57440
vt 0.46601 0.65693
vt 0.61638 0.54479
vt 0.62859 0.61507
vt 0.63412 0.63421
vt 0.62859 0.61507
vt 0.61474 0.55920
vt 0.63412 0.63421
vt 0.65317 0.68682
vt 0.60032 0.70355
vt 0.65083 0.69431
vt 0.62859 0.61507
vt 0.61480 0.68944
vt 0.65317 0.68682
vt 0.60112 0.55635
vt 0.62859 0.61507
vt 0.61638 0.54479
vt 0.62859 0.61507
vt 0.65317 0.68682
vt 0.63412 0.63421
vt 0.48894 0.57388
vt 0.48262 0.57522
vt 0.49503 0.57440
vt 0.61638 0.54479
vt 0.61474 0.55920
vt 0.60310 0.54189
vt 0.61638 0.54479
vt 0.63412 0.63421
vt 0.61474 0.55920
vt 0.48894 0.57388
vt 0.46601 0.65693
vt 0.48262 0.57522
vt 0.61474 0.55920
vt 0.49503 0.57440
vt 0.48894 0.57388
vt 0.48894 0.57388
vt 0.46601 0.65693
vt 0.46691 0.65988
vt 0.65317 0.68682
vt 0.65083 0.69431
vt 0.63412 0.63421
vt 0.63412 0.63421
vt 0.61480 0.68944
vt 0.62859 0.61507
vt 0.63412 0.63421
vt 0.65083 0.69431
vt 0.60032 0.70355
vt 0.60112 0.55635
vt 0.61474 0.55920
vt 0.62859 0.61507
vt 0.61474 0.55920
vt 0.48894 0.57388
vt 0.60310 0.54189
vt 0.49503 0.57440
vt 0.60112 0.55635
vt 0.61638 0.54479
vt 0.48894 0.57388
vt 0.61638 0.54479
vt 0.60310 0.54189
vt 0.48894 0.57388
vt 0.46691 0.65988
vt 0.46601 0.65693
vt 0.49503 0.57440
vt 0.48262 0.57522
vt 0.46601 0.65693
vt 0.46601 0.65693
vt 0.47406 0.66678
vt 0.46691 0.65988
vt 0.46691 0.65988
vt 0.47406 0.66678
vt 0.46601 0.65693
vt 0.64778 0.77558
vt 0.64778 0.77558
vt 0.44820 0.77558
vt 0.47679 0.68864
vt 0.47655 0.61810
vt 0.45071 0.62984
vt 0.47679 0.68864
vt 0.64533 0.67504
vt 0.64605 0.67273
vt 0.47679 0.68864
vt 0.45071 0.62984
vt 0.45457 0.71038
vt 0.45252 0.62632
vt 0.47655 0.61810
vt 0.47679 0.61943
vt 0.47679 0.68864
vt 0.47655 0.61810
vt 0.47679 0.68864
vt 0.44576 0.77271
vt 0.45252 0.62632
vt 0.47679 0.68864
vt 0.47679 0.68864
vt 0.47679 0.68864
vt 0.64533 0.67504
vt 0.45457 0.71038
vt 0.45252 0.62632
vt 0.44576 0.77271
vt 0.45457 0.71038
vt 0.44820 0.77558
vt 0.47679 0.68864
vt 0.64605 0.67273
vt 0.44576 0.77271
vt 0.47679 0.68864
vt 0.47679 0.68864
vt 0.44820 0.77558
vt 0.64533 0.67504
vt 0.45252 0.62632
vt 0.45071 0.62984
vt 0.47655 0.61810
vt 0.64533 0.67504
vt 0.44820 0.77558
vt 0.64778 0.77558
vt 0.44576 0.77271
vt 0.44820 0.77558
vt 0.45457 0.71038
vt 0.64778 0.77558
vt 0.44576 0.77271
vt 0.64605 0.67273
vt 0.64778 0.77558
vt 0.64605 0.67273
vt 0.64533 0.67504
vt 0.64778 0.77558
vt 0.64778 0.77558
vt 0.64605 0.67273
vt 0.45252 0.62632
vt 0.47679 0.61943
vt 0.47679 0.68864
vt 0.64778 0.77558
vt 0.44820 0.77558
vt 0.44576 0.77271
vt 0.45457 0.71038
vt 0.45071 0.62984
vt 0.45252 0.62632
vt 0.47679 0.68864
vt 0.47679 0.61943
vt 0.47655 0.61810
vt 0.21391 0.62850
vt 0.27135 0.62824
vt 0.22683 0.62870
vt 0.21559 0.63115
vt 0.21558 0.68293
vt 0.27084 0.68293
vt 0.27082 0.62569
vt 0.21558 0.68293
vt 0.21559 0.63115
vt 0.27082 0.62569
vt 0.27084 0.68293
vt 0.21558 0.68293
vt 0.21559 0.63115
vt 0.21391 0.62850
vt 0.27135 0.62824
vt 0.22683 0.62870
vt 0.16427 0.63050
vt 0.21391 0.62850
vt 0.21391 0.62850
vt 0.16427 0.63050
vt 0.16427 0.63050
vt 0.21559 0.63115
vt 0.27084 0.68293
vt 0.27135 0.62824
vt 0.21559 0.63115
vt 0.27135 0.62824
vt 0.27082 0.62569
vt 0.27082 0.62569
vt 0.27135 0.62824
vt 0.27084 0.68293
vt 0.21391 0.62850
vt 0.16427 0.63050
vt 0.22683 0.62870
vt 0.16427 0.63050
vt 0.16427 0.63050
vt 0.21391 0.62850
vt 0.21559 0.63115
vt 0.27135 0.62824
vt 0.21391 0.62850
vt 0.21391 0.62850
vt 0.22683 0.62870
vt 0.27135 0.62824
vt 0.62987 0.75959
vt 0.64120 0.69741
vt 0.62027 0.70168
vt 0.59852 0.75162
vt 0.62987 0.75959
vt 0.61521 0.73552
vt 0.62987 0.75959
vt 0.62027 0.70168
vt 0.61521 0.73552
vt 0.64120 0.69741
vt 0.64561 0.72455
vt 0.60853 0.67427
vt 0.62027 0.70168
vt 0.60948 0.71114
vt 0.62552 0.70797
vt 0.58986 0.71265
vt 0.64561 0.72455
vt 0.59852 0.75162
vt 0.62552 0.70797
vt 0.60948 0.71114
vt 0.61654 0.73574
vt 0.60853 0.67427
vt 0.61521 0.73552
vt 0.62027 0.70168
vt 0.64120 0.69741
vt 0.60853 0.67427
vt 0.62027 0.70168
vt 0.61521 0.73552
vt 0.61654 0.73574
vt 0.60948 0.71114
vt 0.62987 0.75959
vt 0.64561 0.72455
vt 0.64120 0.69741
vt 0.62027 0.70168
vt 0.61521 0.73552
vt 0.60948 0.71114
vt 0.60853 0.67427
vt 0.58986 0.71265
vt 0.59852 0.75162
vt 0.62987 0.75959
vt 0.59852 0.75162
vt 0.64561 0.72455
vt 0.61521 0.73552
vt 0.62552 0.70797
vt 0.61654 0.73574
vt 0.61521 0.73552
vt 0.62027 0.70168
vt 0.62552 0.70797
vt 0.64561 0.72455
vt 0.58986 0.71265
vt 0.60853 0.67427
vt 0.60853 0.67427
vt 0.59852 0.75162
vt 0.61521 0.73552
vt 0.20263 0.62336
vt 0.20263 0.62412
vt 0.26518 0.62226
vt 0.20263 0.62336
vt 0.26518 0.62226
vt 0.26518 0.63416
vt 0.26518 0.63416
vt 0.20263 0.62412
vt 0.20263 0.62336
vt 0.26518 0.66637
vt 0.20263 0.66407
vt 0.20263 0.65998
vt 0.26518 0.62226
vt 0.20263 0.65682
vt 0.20263 0.62412
vt 0.26518 0.62226
vt 0.26518 0.65646
vt 0.20263 0.65682
vt 0.26518 0.63416
vt 0.26518 0.62226
vt 0.20263 0.62412
vt 0.20263 0.65998
vt 0.26518 0.66637
vt 0.26518 0.63416
vt 0.26518 0.63416
vt 0.20263 0.65998
vt 0.20263 0.62336
vt 0.20263 0.62336
vt 0.20263 0.65998
vt 0.26518 0.63416
vt 0.20263 0.65998
vt 0.20263 0.66407
vt 0.26518 0.66637
vt 0.20263 0.65682
vt 0.26518 0.62226
vt 0.20263 0.62412
vt 0.20263 0.65682
vt 0.26518 0.65646
vt 0.26518 0.62226
vt 0.26518 0.63416
vt 0.26518 0.66637
vt 0.20263 0.65998
vt 0.07751 0.62389
vt 0.14007 0.62226
vt 0.14007 0.62806
vt 0.07751 0.62389
vt 0.14007 0.66499
vt 0.14007 0.62806
vt 0.07751 0.62389
vt 0.07751 0.66306
vt 0.14007 0.66499
vt 0.14007 0.62226
vt 0.07751 0.65682
vt 0.07751 0.62412
vt 0.14007 0.62806
vt 0.07751 0.66306
vt 0.07751 0.62389
vt 0.14007 0.62806
vt 0.07751 0.62412
vt 0.07751 0.62389
vt 0.14007 0.62806
vt 0.14007 0.62226
vt 0.07751 0.62412
vt 0.14007 0.62806
vt 0.14007 0.66499
vt 0.07751 0.66306
vt 0.07751 0.62389
vt 0.07751 0.62412
vt 0.14007 0.62226
vt 0.07751 0.66306
vt 0.07751 0.66407
vt 0.14007 0.66499
vt 0.14007 0.66499
vt 0.07751 0.66407
vt 0.07751 0.66306
vt 0.07751 0.65682
vt 0.14007 0.62226
vt 0.07751 0.62412
vt 0.14007 0.62226
vt 0.14007 0.65646
vt 0.07751 0.65682
vt 0.07751 0.65682
vt 0.14007 0.65646
vt 0.14007 0.62226
vt 0.21044 0.62582
vt 0.20699 0.66750
vt 0.13549 0.66608
vt 0.13182 0.62091
vt 0.13021 0.62367
vt 0.20074 0.62252
vt 0.20699 0.66750
vt 0.18564 0.67431
vt 0.14602 0.67431
vt 0.14442 0.62496
vt 0.15412 0.67431
vt 0.18564 0.67431
vt 0.15412 0.67431
vt 0.14442 0.62496
vt 0.14602 0.67431
vt 0.14602 0.67431
vt 0.14442 0.62496
vt 0.13021 0.62367
vt 0.18564 0.67431
vt 0.15412 0.67431
vt 0.14602 0.67431
vt 0.14602 0.67431
vt 0.13021 0.62367
vt 0.13549 0.66608
vt 0.18564 0.67431
vt 0.20699 0.66750
vt 0.20074 0.62252
vt 0.13021 0.62367
vt 0.14442 0.62496
vt 0.20074 0.62252
vt 0.18564 0.67431
vt 0.19936 0.62516
vt 0.14442 0.62496
vt 0.13549 0.66608
vt 0.13182 0.62091
vt 0.21044 0.62582
vt 0.18564 0.67431
vt 0.20074 0.62252
vt 0.19936 0.62516
vt 0.13549 0.66608
vt 0.13021 0.62367
vt 0.13182 0.62091
vt 0.14442 0.62496
vt 0.19936 0.62516
vt 0.20074 0.62252
vt 0.20699 0.66750
vt 0.14602 0.67431
vt 0.13549 0.66608
vt 0.20699 0.66750
vt 0.21044 0.62582
vt 0.20074 0.62252
vt 0.13182 0.62091
vt 0.20074 0.62252
vt 0.21044 0.62582
vt 0.18854 0.50873
vt 0.13911 0.51063
vt 0.13623 0.51590
vt 0.14775 0.50646
vt 0.14775 0.50740
vt 0.18854 0.50873
vt 0.14775 0.50740
vt 0.18854 0.50669
vt 0.18854 0.50873
vt 0.18854 0.50873
vt 0.18854 0.50669
vt 0.14775 0.50740
vt 0.18854 0.50873
vt 0.14775 0.50740
vt 0.14775 0.50646
vt 0.18854 0.50873
vt 0.13623 0.51590
vt 0.21469 0.51818
vt 0.18854 0.50873
vt 0.14775 0.50646
vt 0.13911 0.51063
vt 0.13911 0.51063
vt 0.14775 0.50646
vt 0.13623 0.51590
vt 0.14775 0.50646
vt 0.18854 0.50873
vt 0.13623 0.51590
vt 0.21469 0.51048
vt 0.18854 0.50873
vt 0.21469 0.51818
vt 0.18854 0.50873
vt 0.21469 0.51818
vt 0.13623 0.51590
vt 0.18854 0.50873
vt 0.21469 0.51048
vt 0.21469 0.51818
vt 0.14775 0.58387
vt 0.21469 0.54542
vt 0.13623 0.54507
vt 0.18854 0.58857
vt 0.21469 0.58480
vt 0.21469 0.54542
vt 0.14775 0.58387
vt 0.18854 0.58857
vt 0.21469 0.54542
vt 0.18854 0.58857
vt 0.14528 0.58779
vt 0.21469 0.54542
vt 0.14775 0.58387
vt 0.14528 0.58779
vt 0.18854 0.58857
vt 0.14528 0.58779
vt 0.14775 0.58387
vt 0.13623 0.54507
vt 0.21469 0.58480
vt 0.18854 0.58857
vt 0.21469 0.54542
vt 0.14528 0.58779
vt 0.13623 0.54507
vt 0.21469 0.54542
vt 0.57238 0.70489
vt 0.60061 0.68506
vt 0.60174 0.68934
vt 0.58922 0.61711
vt 0.58444 0.61710
vt 0.56443 0.57258
vt 0.59641 0.60936
vt 0.56524 0.56992
vt 0.56443 0.57258
vt 0.57960 0.69158
vt 0.58444 0.61710
vt 0.58922 0.61711
vt 0.57960 0.69158
vt 0.60174 0.68934
vt 0.59641 0.60936
vt 0.59641 0.60936
vt 0.58922 0.61711
vt 0.56524 0.56992
vt 0.59641 0.60936
vt 0.60061 0.68506
vt 0.58922 0.61711
vt 0.59641 0.60936
vt 0.56443 0.57258
vt 0.58444 0.61710
vt 0.57238 0.70489
vt 0.57960 0.69158
vt 0.58922 0.61711
vt 0.57238 0.70489
vt 0.60174 0.68934
vt 0.57960 0.69158
vt 0.60061 0.68506
vt 0.59641 0.60936
vt 0.60174 0.68934
vt 0.60061 0.68506
vt 0.57238 0.70489
vt 0.58922 0.61711
vt 0.58922 0.61711
vt 0.56443 0.57258
vt 0.56524 0.56992
vt 0.57960 0.69158
vt 0.59641 0.60936
vt 0.58444 0.61710
vt 0.14960 0.54301
vt 0.14861 0.54738
vt 0.19430 0.55695
vt 0.15190 0.50875
vt 0.14960 0.54301
vt 0.19430 0.55695
vt 0.14861 0.54738
vt 0.14965 0.52252
vt 0.19430 0.52348
vt 0.14861 0.54738
vt 0.13099 0.54030
vt 0.13099 0.52156
vt 0.13099 0.51048
vt 0.13099 0.54030
vt 0.14960 0.54301
vt 0.19430 0.52348
vt 0.14965 0.52252
vt 0.13099 0.52156
vt 0.13099 0.51048
vt 0.14960 0.54301
vt 0.15190 0.50875
vt 0.14861 0.54738
vt 0.13099 0.52156
vt 0.14965 0.52252
vt 0.14861 0.54738
vt 0.19430 0.52348
vt 0.19430 0.55695
vt 0.13099 0.54030
vt 0.14861 0.54738
vt 0.14960 0.54301
vt 0.15190 0.50875
vt 0.19430 0.55695
vt 0.19430 0.50777
vt 0.19430 0.50777
vt 0.13099 0.51048
vt 0.15190 0.50875
vt 0.19430 0.50925
vt 0.14856 0.51270
vt 0.15190 0.48787
vt 0.15190 0.56011
vt 0.14838 0.54429
vt 0.20487 0.54932
vt 0.20487 0.54932
vt 0.14838 0.54429
vt 0.14856 0.51270
vt 0.15190 0.56011
vt 0.19430 0.56406
vt 0.13099 0.55230
vt 0.20487 0.54932
vt 0.14856 0.51270
vt 0.19430 0.50925
vt 0.13099 0.55230
vt 0.14838 0.54429
vt 0.15190 0.56011
vt 0.14856 0.51270
vt 0.13099 0.49579
vt 0.15190 0.48787
vt 0.13099 0.52778
vt 0.14856 0.51270
vt 0.14838 0.54429
vt 0.15190 0.56011
vt 0.20487 0.54932
vt 0.19430 0.56406
vt 0.14856 0.51270
vt 0.13099 0.52778
vt 0.13099 0.49579
vt 0.19430 0.50925
vt 0.15190 0.48787
vt 0.19430 0.48391
vt 0.13099 0.55230
vt 0.13099 0.52778
vt 0.14838 0.54429
vt 0.13099 0.49579
vt 0.19430 0.48391
vt 0.15190 0.48787
vt 0.04139 0.48747
vt 0.04139 0.52223
vt 0.07833 0.49133
vt 0.04139 0.48747
vt 0.07833 0.49133
vt 0.04139 0.52223
vt 0.04139 0.52223
vt 0.07833 0.49133
vt 0.07833 0.52609
vt 0.04139 0.52223
vt 0.07833 0.52609
vt 0.07833 0.49133
vt 0.19430 0.55695
vt 0.19430 0.50777
vt 0.19430 0.52348
vt 0.19430 0.47257
vt 0.21543 0.52348
vt 0.19430 0.52348
vt 0.21543 0.52378
vt 0.19430 0.50777
vt 0.19430 0.55695
vt 0.21543 0.52348
vt 0.21543 0.55399
vt 0.19430 0.55695
vt 0.21543 0.52378
vt 0.21543 0.47626
vt 0.19430 0.47257
vt 0.19430 0.47257
vt 0.21543 0.47626
vt 0.21543 0.52348
vt 0.21543 0.55399
vt 0.21543 0.52378
vt 0.19430 0.55695
vt 0.21543 0.52348
vt 0.19430 0.55695
vt 0.19430 0.52348
vt 0.19430 0.47257
vt 0.19430 0.52348
vt 0.19430 0.50777
vt 0.21543 0.52348
vt 0.21543 0.47626
vt 0.21543 0.52378
vt 0.21543 0.52378
vt 0.19430 0.47257
vt 0.19430 0.50777
vt 0.21543 0.52378
vt 0.21543 0.55399
vt 0.21543 0.52348
vt 0.19658 0.52378
vt 0.19658 0.53450
vt 0.13623 0.53147
vt 0.19658 0.52378
vt 0.13623 0.52681
vt 0.19658 0.53450
vt 0.13623 0.52681
vt 0.19658 0.52378
vt 0.13623 0.53147
vt 0.13623 0.52681
vt 0.13623 0.53147
vt 0.19658 0.53450
vt 0.21543 0.50925
vt 0.20487 0.54932
vt 0.19430 0.50925
vt 0.20487 0.54932
vt 0.21543 0.55292
vt 0.19430 0.56406
vt 0.21543 0.48332
vt 0.19430 0.50925
vt 0.19430 0.48391
vt 0.21543 0.48332
vt 0.19430 0.48391
vt 0.19430 0.52319
vt 0.21543 0.55292
vt 0.21543 0.48332
vt 0.19430 0.52319
vt 0.21543 0.55292
vt 0.19430 0.52319
vt 0.19430 0.56406
vt 0.19430 0.50925
vt 0.19430 0.52319
vt 0.19430 0.48391
vt 0.19430 0.56406
vt 0.19430 0.52319
vt 0.19430 0.50925
vt 0.21543 0.55292
vt 0.20487 0.54932
vt 0.21543 0.50925
vt 0.21543 0.50925
vt 0.21543 0.48332
vt 0.21543 0.55292
vt 0.21543 0.48332
vt 0.21543 0.50925
vt 0.19430 0.50925
vt 0.19430 0.50925
vt 0.20487 0.54932
vt 0.19430 0.56406
vt 0.19658 0.63392
vt 0.13623 0.63392
vt 0.13623 0.59420
vt 0.13623 0.63392
vt 0.19658 0.59420
vt 0.13623 0.59420
vt 0.19658 0.63392
vt 0.13623 0.59420
vt 0.19658 0.59420
vt 0.13623 0.63392
vt 0.19658 0.63392
vt 0.19658 0.59420
vt 0.13313 0.50971
vt 0.11783 0.54589
vt 0.11783 0.50213
vt 0.13313 0.53773
vt 0.12089 0.49331
vt 0.11783 0.54589
vt 0.13313 0.50971
vt 0.13313 0.54342
vt 0.11783 0.54589
vt 0.13313 0.54342
vt 0.13313 0.53773
vt 0.11783 0.54589
vt 0.12089 0.49331
vt 0.13313 0.50971
vt 0.11783 0.50213
vt 0.11783 0.54589
vt 0.12089 0.49331
vt 0.11783 0.50213
vt 0.13313 0.53773
vt 0.13313 0.54342
vt 0.13313 0.50971
vt 0.12089 0.49331
vt 0.13313 0.50993
vt 0.13313 0.50971
vt 0.13313 0.50993
vt 0.13313 0.53773
vt 0.13313 0.50971
vt 0.13313 0.53773
vt 0.13313 0.50993
vt 0.12089 0.49331
vt 0.13313 0.53466
vt 0.13313 0.55344
vt 0.13313 0.51331
vt 0.13313 0.55344
vt 0.11783 0.55302
vt 0.11783 0.52457
vt 0.13313 0.55344
vt 0.11783 0.53466
vt 0.11783 0.55302
vt 0.13313 0.49453
vt 0.11783 0.52457
vt 0.11783 0.49744
vt 0.13313 0.53466
vt 0.11783 0.49744
vt 0.11783 0.53466
vt 0.13313 0.51331
vt 0.13313 0.55344
vt 0.11783 0.52457
vt 0.13313 0.49453
vt 0.13313 0.51331
vt 0.11783 0.52457
vt 0.11783 0.52457
vt 0.11783 0.53466
vt 0.11783 0.49744
vt 0.11783 0.55302
vt 0.11783 0.53466
vt 0.11783 0.52457
vt 0.13313 0.55344
vt 0.13313 0.53466
vt 0.11783 0.53466
vt 0.13313 0.51331
vt 0.13313 0.49453
vt 0.13313 0.53466
vt 0.13313 0.53466
vt 0.13313 0.49453
vt 0.11783 0.49744
vt 0.06060 0.78318
vt 0.05068 0.78318
vt 0.03897 0.78318
vt 0.06060 0.78318
vt 0.04618 0.74319
vt 0.06240 0.74319
vt 0.04618 0.74319
vt 0.04077 0.74319
vt 0.06240 0.74319
vt 0.03897 0.78318
vt 0.04077 0.74319
vt 0.04618 0.74319
vt 0.05068 0.78318
vt 0.06240 0.74319
vt 0.05068 0.74319
vt 0.03897 0.78318
vt 0.05068 0.74319
vt 0.04077 0.74319
vt 0.03897 0.78318
vt 0.05068 0.78318
vt 0.05068 0.74319
vt 0.06060 0.78318
vt 0.05068 0.78318
vt 0.04618 0.74319
vt 0.06060 0.78318
vt 0.03897 0.78318
vt 0.06060 0.78318
vt 0.06060 0.78318
vt 0.06060 0.78318
vt 0.06240 0.74319
vt 0.05068 0.78318
vt 0.06060 0.78318
vt 0.06240 0.74319
vt 0.03897 0.78318
vt 0.05068 0.78318
vt 0.06060 0.78318
vt 0.04077 0.74319
vt 0.05068 0.74319
vt 0.06240 0.74319
vt 0.05068 0.78318
vt 0.03897 0.78318
vt 0.04618 0.74319
vt 0.00887 0.78318
vt 0.02779 0.78318
vt 0.02058 0.74319
vt 0.02058 0.78318
vt 0.00887 0.74319
vt 0.02779 0.74319
vt 0.03050 0.74319
vt 0.02779 0.74319
vt 0.00887 0.74319
vt 0.00887 0.78318
vt 0.02058 0.74319
vt 0.00887 0.74319
vt 0.02779 0.78318
vt 0.03050 0.74319
vt 0.02058 0.74319
vt 0.00887 0.74319
vt 0.02058 0.74319
vt 0.03050 0.74319
vt 0.00887 0.78318
vt 0.02058 0.78318
vt 0.03050 0.78318
vt 0.03050 0.78318
vt 0.02058 0.78318
vt 0.02779 0.74319
vt 0.02058 0.78318
vt 0.00887 0.78318
vt 0.00887 0.74319
vt 0.02779 0.78318
vt 0.03050 0.78318
vt 0.02779 0.74319
vt 0.03050 0.78318
vt 0.02779 0.78318
vt 0.00887 0.78318
vt 0.02779 0.78318
vt 0.02779 0.74319
vt 0.03050 0.74319
vt 0.30682 0.78318
vt 0.30952 0.74319
vt 0.30952 0.74319
vt 0.30952 0.74319
vt 0.28789 0.74319
vt 0.30952 0.74319
vt 0.28969 0.78318
vt 0.29961 0.74319
vt 0.28789 0.74319
vt 0.28969 0.78318
vt 0.30682 0.78318
vt 0.29961 0.74319
vt 0.30411 0.78318
vt 0.28789 0.74319
vt 0.29961 0.74319
vt 0.30682 0.78318
vt 0.30952 0.74319
vt 0.29961 0.74319
vt 0.30682 0.78318
vt 0.30411 0.78318
vt 0.30952 0.74319
vt 0.30682 0.78318
vt 0.28969 0.78318
vt 0.30411 0.78318
vt 0.30411 0.78318
vt 0.28969 0.78318
vt 0.28789 0.74319
vt 0.28969 0.78318
vt 0.28969 0.78318
vt 0.30682 0.78318
vt 0.30952 0.74319
vt 0.29961 0.74319
vt 0.28789 0.74319
vt 0.28969 0.78318
vt 0.28969 0.78318
vt 0.28789 0.74319
vt 0.30411 0.78318
vt 0.29961 0.74319
vt 0.30952 0.74319
vt 0.28789 0.74319
vt 0.29961 0.74319
vt 0.30952 0.74319
vt 0.33691 0.78318
vt 0.32250 0.78318
vt 0.33962 0.78318
vt 0.33691 0.74319
vt 0.32250 0.74319
vt 0.33962 0.74319
vt 0.31979 0.78318
vt 0.33691 0.78318
vt 0.32250 0.74319
vt 0.32250 0.78318
vt 0.31979 0.78318
vt 0.32250 0.74319
vt 0.32250 0.78318
vt 0.31979 0.74319
vt 0.33691 0.74319
vt 0.32250 0.78318
vt 0.32250 0.74319
vt 0.31979 0.74319
vt 0.33691 0.78318
vt 0.33691 0.74319
vt 0.33962 0.74319
vt 0.33691 0.78318
vt 0.33962 0.78318
vt 0.33691 0.74319
vt 0.33691 0.78318
vt 0.33962 0.74319
vt 0.32250 0.74319
vt 0.31979 0.74319
vt 0.32250 0.74319
vt 0.33691 0.74319
vt 0.33962 0.78318
vt 0.32250 0.78318
vt 0.33691 0.74319
vt 0.31979 0.78318
vt 0.32250 0.78318
vt 0.33691 0.78318
vt 0.59703 0.74048
vt 0.59131 0.71886
vt 0.58988 0.72318
vt 0.59131 0.71886
vt 0.60346 0.72102
vt 0.58988 0.72318
vt 0.59131 0.71886
vt 0.59703 0.74048
vt 0.60463 0.72928
vt 0.59703 0.74048
vt 0.58988 0.72318
vt 0.60171 0.73812
vt 0.60463 0.72928
vt 0.59703 0.74048
vt 0.60171 0.73812
vt 0.59131 0.71886
vt 0.60463 0.72928
vt 0.60346 0.72102
vt 0.60463 0.72928
vt 0.60171 0.73812
vt 0.60346 0.72102
vt 0.60346 0.72102
vt 0.60171 0.73812
vt 0.58988 0.72318
vt 0.62627 0.70125
vt 0.62873 0.73348
vt 0.61152 0.72108
vt 0.61316 0.70951
vt 0.62627 0.70125
vt 0.61152 0.72108
vt 0.62873 0.70373
vt 0.63119 0.72769
vt 0.62873 0.73348
vt 0.62873 0.70373
vt 0.62873 0.73348
vt 0.62627 0.70125
vt 0.61562 0.73348
vt 0.61316 0.70951
vt 0.61152 0.72108
vt 0.61562 0.73348
vt 0.61152 0.72108
vt 0.62873 0.73348
vt 0.63119 0.72769
vt 0.61562 0.73348
vt 0.62873 0.73348
vt 0.61316 0.70951
vt 0.62873 0.70373
vt 0.62627 0.70125
vt 0.61316 0.70951
vt 0.61562 0.73348
vt 0.62873 0.70373
vt 0.62873 0.70373
vt 0.61562 0.73348
vt 0.63119 0.72769
vt 0.55708 0.72020
vt 0.60034 0.71700
vt 0.55708 0.71860
vt 0.62599 0.71860
vt 0.60034 0.71700
vt 0.55708 0.72020
vt 0.62599 0.71860
vt 0.55708 0.72020
vt 0.60034 0.71700
vt 0.60034 0.71700
vt 0.55708 0.72020
vt 0.55708 0.71860
vt 0.19028 0.66697
vt 0.19028 0.66278
vt 0.15051 0.66697
vt 0.15051 0.66278
vt 0.15051 0.66697
vt 0.19028 0.66278
vt 0.19028 0.66697
vt 0.15051 0.66697
vt 0.15051 0.66278
vt 0.15051 0.66278
vt 0.19028 0.66278
vt 0.19028 0.66697
vt 0.17555 0.63135
vt 0.17555 0.64018
vt 0.17555 0.64445
vt 0.17555 0.63135
vt 0.17555 0.64445
vt 0.17555 0.63910
vt 0.29093 0.02305
vt 0.27773 0.00000
vt 0.27773 0.00000
vt 0.03988 0.50441
vt 0.02658 0.05287
vt 0.02662 0.57476
vt 0.29112 0.57167
vt 0.28109 0.60051
vt 0.27773 0.59316
vt 0.02595 0.03542
vt 0.02668 0.02305
vt 0.03988 0.00000
vt 0.27773 0.50441
vt 0.29113 0.05885
vt 0.27773 0.09555
vt 0.27773 0.02975
vt 0.29113 0.05885
vt 0.27773 0.09555
vt 0.02595 0.03542
vt 0.03988 0.02974
vt 0.03988 0.09555
vt 0.06582 0.60468
vt 0.06582 0.56456
vt 0.25179 0.60417
vt 0.25179 0.09555
vt 0.27773 0.50441
vt 0.27773 0.09555
vt 0.28109 0.60051
vt 0.28433 0.53978
vt 0.27773 0.54937
vt 0.02595 0.03542
vt 0.02633 0.58097
vt 0.02668 0.02305
vt 0.02595 0.03542
vt 0.03988 0.09555
vt 0.03988 0.50441
vt 0.06582 0.00904
vt 0.06582 0.00904
vt 0.25179 0.00904
vt 0.03988 0.02975
vt 0.06582 0.00000
vt 0.03988 0.00000
vt 0.06582 0.00000
vt 0.03988 0.00000
vt 0.06582 0.00000
vt 0.27773 0.59316
vt 0.25179 0.60417
vt 0.28109 0.60051
vt 0.27773 0.50441
vt 0.25179 0.59316
vt 0.27773 0.59316
vt 0.03988 0.61621
vt 0.03988 0.54937
vt 0.03988 0.54937
vt 0.29093 0.02305
vt 0.29093 0.02305
vt 0.29113 0.05885
vt 0.25179 0.00000
vt 0.25179 0.00000
vt 0.27773 0.00000
vt 0.03988 0.60468
vt 0.03988 0.59316
vt 0.06582 0.59316
vt 0.03988 0.59316
vt 0.03988 0.50441
vt 0.06582 0.50441
vt 0.25179 0.59316
vt 0.25179 0.50441
vt 0.27773 0.50441
vt 0.06582 0.60468
vt 0.27773 0.54937
vt 0.03988 0.54937
vt 0.29093 0.02305
vt 0.29093 0.59315
vt 0.29112 0.57167
vt 0.03988 0.54937
vt 0.27773 0.54937
vt 0.06582 0.60468
vt 0.25179 0.49859
vt 0.06582 0.56456
vt 0.06582 0.09970
vt 0.25179 0.00904
vt 0.25179 0.02978
vt 0.06582 0.03788
vt 0.25179 0.02978
vt 0.25179 0.10178
vt 0.06582 0.09970
vt 0.06582 0.00000
vt 0.06582 0.00904
vt 0.06582 0.00904
vt 0.02595 0.03542
vt 0.03988 0.00000
vt 0.03988 0.02974
vt 0.06582 0.03788
vt 0.06582 0.00000
vt 0.06582 0.00904
vt 0.27773 0.00000
vt 0.27773 0.02975
vt 0.25179 0.02978
vt 0.27773 0.50441
vt 0.27773 0.09555
vt 0.29113 0.05885
vt 0.27773 0.02975
vt 0.27773 0.09555
vt 0.25179 0.09555
vt 0.06582 0.03788
vt 0.06582 0.09970
vt 0.03988 0.09555
vt 0.06582 0.50441
vt 0.03988 0.50441
vt 0.03988 0.09555
vt 0.03988 0.09555
vt 0.06582 0.03517
vt 0.03988 0.02975
vt 0.29093 0.59315
vt 0.28653 0.60084
vt 0.29112 0.57167
vt 0.03988 0.60468
vt 0.03988 0.54937
vt 0.03988 0.61621
vt 0.06582 0.50441
vt 0.06582 0.09970
vt 0.06582 0.56456
vt 0.25179 0.60417
vt 0.27773 0.54937
vt 0.06582 0.60468
vt 0.29093 0.59315
vt 0.29093 0.02305
vt 0.29103 0.57540
vt 0.27773 0.00000
vt 0.25179 0.00000
vt 0.25179 0.00000
vt 0.06582 0.59314
vt 0.03988 0.59316
vt 0.03967 0.60614
vt 0.06582 0.50441
vt 0.06582 0.56456
vt 0.06582 0.59316
vt 0.03988 0.54937
vt 0.03967 0.60614
vt 0.03988 0.61621
vt 0.28433 0.60468
vt 0.28433 0.53978
vt 0.28653 0.60084
vt 0.06582 0.60468
vt 0.03988 0.54937
vt 0.03988 0.60468
vt 0.28109 0.60051
vt 0.27773 0.54937
vt 0.25179 0.60417
vt 0.28433 0.60468
vt 0.28653 0.60084
vt 0.29093 0.59315
vt 0.03988 0.09555
vt 0.06582 0.50441
vt 0.06582 0.09555
vt 0.27773 0.00000
vt 0.25179 0.00000
vt 0.27773 0.00000
vt 0.06582 0.59314
vt 0.03967 0.60614
vt 0.06582 0.60468
vt 0.06582 0.50441
vt 0.03988 0.59316
vt 0.06582 0.59314
vt 0.06582 0.50441
vt 0.03988 0.50441
vt 0.03988 0.59316
vt 0.25179 0.09555
vt 0.25179 0.50441
vt 0.27773 0.50441
vt 0.03988 0.02975
vt 0.06582 0.03517
vt 0.06582 0.00000
vt 0.02633 0.58097
vt 0.03988 0.60468
vt 0.03988 0.61621
vt 0.02633 0.58097
vt 0.03988 0.50441
vt 0.03988 0.59316
vt 0.02595 0.03542
vt 0.03988 0.00000
vt 0.03988 0.00000
vt 0.27773 0.59316
vt 0.27773 0.50441
vt 0.29112 0.57167
vt 0.06582 0.56456
vt 0.25179 0.49859
vt 0.25179 0.60417
vt 0.06582 0.60468
vt 0.06582 0.59316
vt 0.06582 0.56456
vt 0.25179 0.50441
vt 0.25179 0.60417
vt 0.25179 0.59316
vt 0.27773 0.00000
vt 0.29093 0.02305
vt 0.29093 0.02305
vt 0.27773 0.02975
vt 0.27773 0.09555
vt 0.29113 0.05885
vt 0.27773 0.02975
vt 0.25179 0.09555
vt 0.25179 0.02978
vt 0.28109 0.60051
vt 0.28653 0.60084
vt 0.28433 0.53978
vt 0.29093 0.02305
vt 0.29113 0.05885
vt 0.27773 0.02975
vt 0.25179 0.50441
vt 0.25179 0.59316
vt 0.25179 0.60417
vt 0.25179 0.02978
vt 0.25179 0.00904
vt 0.25179 0.00000
vt 0.27773 0.00000
vt 0.25179 0.02978
vt 0.25179 0.00000
vt 0.25179 0.59316
vt 0.27773 0.50441
vt 0.27773 0.59316
vt 0.06582 0.00000
vt 0.06582 0.00904
vt 0.06582 0.00000
vt 0.03988 0.02975
vt 0.02668 0.02305
vt 0.02658 0.05287
vt 0.06582 0.00904
vt 0.06582 0.00000
vt 0.06582 0.00000
vt 0.25179 0.49859
vt 0.06582 0.59314
vt 0.25179 0.60417
vt 0.06582 0.10178
vt 0.25179 0.03248
vt 0.06582 0.03517
vt 0.06582 0.00904
vt 0.25179 0.03248
vt 0.25179 0.00904
vt 0.06582 0.10178
vt 0.25179 0.49859
vt 0.25179 0.10178
vt 0.25179 0.00904
vt 0.06582 0.00904
vt 0.25179 0.00904
vt 0.25179 0.03248
vt 0.27773 0.00000
vt 0.25179 0.00000
vt 0.25179 0.50441
vt 0.25179 0.10178
vt 0.25179 0.09555
vt 0.25179 0.50441
vt 0.25179 0.60417
vt 0.25179 0.49859
vt 0.06582 0.00904
vt 0.25179 0.00904
vt 0.25179 0.00904
vt 0.25179 0.49859
vt 0.06582 0.09970
vt 0.25179 0.10178
vt 0.25179 0.00904
vt 0.06582 0.03788
vt 0.06582 0.00904
vt 0.25179 0.02978
vt 0.06582 0.09970
vt 0.06582 0.03788
vt 0.02633 0.58097
vt 0.03988 0.61621
vt 0.02668 0.59315
vt 0.25179 0.00000
vt 0.25179 0.00904
vt 0.25179 0.00000
vt 0.06582 0.50441
vt 0.06582 0.10178
vt 0.06582 0.09555
vt 0.25179 0.10178
vt 0.25179 0.50441
vt 0.25179 0.09555
vt 0.06582 0.03517
vt 0.06582 0.00904
vt 0.06582 0.00000
vt 0.25179 0.00000
vt 0.25179 0.00904
vt 0.25179 0.00904
vt 0.02633 0.58097
vt 0.03988 0.59316
vt 0.03988 0.60468
vt 0.29093 0.02305
vt 0.27773 0.02975
vt 0.27773 0.00000
vt 0.02662 0.57476
vt 0.03967 0.60614
vt 0.03988 0.59316
vt 0.03988 0.02975
vt 0.03988 0.00000
vt 0.02668 0.02305
vt 0.29093 0.02305
vt 0.27773 0.00000
vt 0.27773 0.02975
vt 0.03988 0.09555
vt 0.03988 0.02975
vt 0.02658 0.05287
vt 0.27773 0.50441
vt 0.27773 0.59316
vt 0.29103 0.57540
vt 0.27773 0.00000
vt 0.27773 0.00000
vt 0.29093 0.02305
vt 0.03988 0.00000
vt 0.06582 0.00000
vt 0.06582 0.00000
vt 0.06582 0.03788
vt 0.03988 0.09555
vt 0.03988 0.02974
vt 0.27773 0.54937
vt 0.28109 0.60051
vt 0.25179 0.60417
vt 0.02668 0.59315
vt 0.03967 0.60614
vt 0.02662 0.57476
vt 0.27773 0.59316
vt 0.28109 0.60051
vt 0.29103 0.57540
vt 0.29093 0.02305
vt 0.27773 0.02975
vt 0.29113 0.05885
vt 0.03988 0.54937
vt 0.06582 0.60468
vt 0.03967 0.60614
vt 0.28653 0.60084
vt 0.28109 0.60051
vt 0.29112 0.57167
vt 0.27773 0.50441
vt 0.29113 0.05885
vt 0.29112 0.57167
vt 0.02668 0.59315
vt 0.02668 0.02305
vt 0.02633 0.58097
vt 0.02595 0.03542
vt 0.03988 0.50441
vt 0.02633 0.58097
vt 0.27773 0.54937
vt 0.25179 0.60417
vt 0.06582 0.60468
vt 0.28433 0.54936
vt 0.28433 0.60468
vt 0.28829 0.59776
vt 0.28109 0.60051
vt 0.28433 0.54936
vt 0.28829 0.59776
vt 0.25179 0.60417
vt 0.27773 0.59316
vt 0.28109 0.60051
vt 0.25179 0.00904
vt 0.25179 0.03248
vt 0.25179 0.00000
vt 0.06582 0.00000
vt 0.03988 0.02974
vt 0.03988 0.00000
vt 0.27773 0.50441
vt 0.25179 0.09555
vt 0.27773 0.09555
vt 0.03988 0.59316
vt 0.06582 0.50441
vt 0.06582 0.59316
vt 0.03988 0.60468
vt 0.06582 0.59316
vt 0.06582 0.60468
vt 0.25179 0.00000
vt 0.27773 0.00000
vt 0.27773 0.00000
vt 0.29112 0.57167
vt 0.29113 0.05885
vt 0.29093 0.02305
vt 0.06582 0.50441
vt 0.03988 0.09555
vt 0.06582 0.09970
vt 0.25179 0.09555
vt 0.27773 0.02975
vt 0.25179 0.03248
vt 0.06582 0.59314
vt 0.06582 0.49859
vt 0.06582 0.50441
vt 0.25179 0.09555
vt 0.25179 0.10178
vt 0.25179 0.02978
vt 0.25179 0.00000
vt 0.25179 0.00000
vt 0.25179 0.00904
vt 0.25179 0.50441
vt 0.25179 0.49859
vt 0.25179 0.10178
vt 0.25179 0.00000
vt 0.25179 0.00904
vt 0.25179 0.00904
vt 0.06582 0.09555
vt 0.06582 0.10178
vt 0.06582 0.03517
vt 0.06582 0.50441
vt 0.06582 0.49859
vt 0.06582 0.10178
vt 0.25179 0.10178
vt 0.25179 0.49859
vt 0.25179 0.50441
vt 0.25179 0.50441
vt 0.25179 0.49859
vt 0.25179 0.60417
vt 0.25179 0.60417
vt 0.06582 0.59314
vt 0.06582 0.60468
vt 0.06582 0.00904
vt 0.06582 0.03517
vt 0.25179 0.03248
vt 0.06582 0.10178
vt 0.25179 0.10178
vt 0.25179 0.03248
vt 0.25179 0.49859
vt 0.06582 0.49859
vt 0.06582 0.59314
vt 0.06582 0.00904
vt 0.06582 0.00904
vt 0.06582 0.00000
vt 0.27773 0.50441
vt 0.25179 0.50441
vt 0.25179 0.59316
vt 0.29103 0.57540
vt 0.28109 0.60051
vt 0.28829 0.59776
vt 0.27773 0.50441
vt 0.25179 0.50441
vt 0.25179 0.09555
vt 0.02662 0.57476
vt 0.02658 0.05287
vt 0.02668 0.02305
vt 0.06582 0.10178
vt 0.06582 0.49859
vt 0.25179 0.49859
vt 0.02668 0.02305
vt 0.02668 0.59315
vt 0.02662 0.57476
vt 0.03988 0.50441
vt 0.03988 0.09555
vt 0.02658 0.05287
vt 0.03988 0.61621
vt 0.03967 0.60614
vt 0.02668 0.59315
vt 0.27773 0.50441
vt 0.29103 0.57540
vt 0.29113 0.05885
vt 0.28433 0.60468
vt 0.29093 0.59315
vt 0.28829 0.59776
vt 0.02662 0.57476
vt 0.03988 0.59316
vt 0.03988 0.50441
vt 0.25179 0.03248
vt 0.25179 0.10178
vt 0.25179 0.09555
vt 0.27773 0.59316
vt 0.25179 0.59316
vt 0.25179 0.60417
vt 0.25179 0.03248
vt 0.27773 0.02975
vt 0.27773 0.00000
vt 0.28433 0.54936
vt 0.28433 0.53978
vt 0.28433 0.60468
vt 0.28109 0.60051
vt 0.27773 0.54937
vt 0.28433 0.54936
vt 0.25179 0.60417
vt 0.25179 0.59316
vt 0.27773 0.59316
vt 0.03988 0.00000
vt 0.03988 0.00000
vt 0.06582 0.00000
vt 0.06582 0.00000
vt 0.06582 0.03788
vt 0.03988 0.02974
vt 0.25179 0.00904
vt 0.06582 0.00904
vt 0.06582 0.00904
vt 0.29113 0.05885
vt 0.29103 0.57540
vt 0.29093 0.02305
vt 0.03988 0.09555
vt 0.03988 0.50441
vt 0.06582 0.50441
vt 0.03988 0.09555
vt 0.06582 0.09555
vt 0.06582 0.03517
vt 0.25179 0.09555
vt 0.27773 0.09555
vt 0.27773 0.02975
vt 0.29103 0.57540
vt 0.28829 0.59776
vt 0.29093 0.59315
vt 0.11083 0.44674
vt 0.11083 0.43008
vt 0.11083 0.42886
vt 0.11083 0.46058
vt 0.11083 0.47725
vt 0.11083 0.47846
vt 0.11083 0.43578
vt 0.11083 0.43008
vt 0.11083 0.43665
vt 0.27270 0.44111
vt 0.26987 0.43230
vt 0.26883 0.46306
vt 0.27270 0.44111
vt 0.27270 0.46988
vt 0.26930 0.48483
vt 0.26987 0.43230
vt 0.26754 0.44705
vt 0.26883 0.46306
vt 0.27270 0.46988
vt 0.26957 0.47316
vt 0.27270 0.48908
vt 0.27270 0.48908
vt 0.26754 0.46027
vt 0.26883 0.44427
vt 0.15171 0.44411
vt 0.26887 0.41137
vt 0.26760 0.44353
vt 0.14811 0.48209
vt 0.11083 0.47155
vt 0.15192 0.47674
vt 0.11083 0.47155
vt 0.15171 0.44411
vt 0.15192 0.47674
vt 0.15192 0.47674
vt 0.26760 0.49289
vt 0.14811 0.48209
vt 0.15056 0.46376
vt 0.26760 0.49289
vt 0.26964 0.46658
vt 0.15056 0.42299
vt 0.26930 0.42428
vt 0.26887 0.41137
vt 0.11083 0.44674
vt 0.15056 0.42299
vt 0.15171 0.44411
vt 0.11083 0.42886
vt 0.15056 0.43309
vt 0.15056 0.42299
vt 0.11083 0.44674
vt 0.11083 0.47067
vt 0.11083 0.44708
vt 0.11083 0.43578
vt 0.15056 0.46376
vt 0.15056 0.43309
vt 0.11083 0.46058
vt 0.14811 0.48209
vt 0.15056 0.46376
vt 0.11083 0.44674
vt 0.11083 0.47155
vt 0.11083 0.47067
vt 0.11083 0.43578
vt 0.11083 0.46058
vt 0.15056 0.46376
vt 0.07680 0.45935
vt 0.07859 0.43853
vt 0.04382 0.45420
vt 0.06232 0.45660
vt 0.04401 0.45072
vt 0.07013 0.43449
vt 0.14811 0.48209
vt 0.11083 0.47846
vt 0.11083 0.47155
vt 0.11083 0.47155
vt 0.11083 0.44674
vt 0.15171 0.44411
vt 0.11083 0.44674
vt 0.11083 0.42886
vt 0.15056 0.42299
vt 0.11083 0.42886
vt 0.11083 0.43578
vt 0.15056 0.43309
vt 0.05764 0.46283
vt 0.07013 0.47283
vt 0.04382 0.45420
vt 0.04382 0.45420
vt 0.07013 0.43449
vt 0.04401 0.45072
vt 0.04401 0.45072
vt 0.05764 0.46283
vt 0.04382 0.45420
vt 0.26964 0.46658
vt 0.27270 0.48908
vt 0.26883 0.44427
vt 0.15171 0.44411
vt 0.26760 0.44353
vt 0.26930 0.48483
vt 0.15056 0.43309
vt 0.15056 0.46376
vt 0.26964 0.46658
vt 0.11083 0.47067
vt 0.11083 0.47725
vt 0.07013 0.47283
vt 0.07680 0.45935
vt 0.04382 0.45420
vt 0.07013 0.47283
vt 0.26754 0.46027
vt 0.27261 0.43908
vt 0.26883 0.44427
vt 0.26957 0.47316
vt 0.27261 0.45619
vt 0.27261 0.43908
vt 0.26987 0.43230
vt 0.27261 0.45619
vt 0.26754 0.44705
vt 0.11083 0.46024
vt 0.07680 0.45935
vt 0.07013 0.47283
vt 0.11083 0.43665
vt 0.11083 0.43008
vt 0.07013 0.43449
vt 0.11083 0.44708
vt 0.11083 0.47067
vt 0.06232 0.45660
vt 0.11083 0.46024
vt 0.11083 0.43665
vt 0.07859 0.43853
vt 0.11083 0.44708
vt 0.06232 0.45660
vt 0.07013 0.43449
vt 0.26964 0.46658
vt 0.26883 0.44427
vt 0.27270 0.43744
vt 0.26760 0.49289
vt 0.27270 0.48908
vt 0.26964 0.46658
vt 0.26760 0.44353
vt 0.27270 0.44111
vt 0.26930 0.48483
vt 0.11083 0.46058
vt 0.11083 0.43578
vt 0.11083 0.43665
vt 0.11083 0.47155
vt 0.11083 0.47846
vt 0.11083 0.47725
vt 0.11083 0.44674
vt 0.11083 0.44708
vt 0.11083 0.43008
vt 0.11083 0.46058
vt 0.11083 0.46024
vt 0.11083 0.47725
vt 0.11083 0.43578
vt 0.11083 0.42886
vt 0.11083 0.43008
vt 0.27270 0.44111
vt 0.26887 0.41137
vt 0.26987 0.43230
vt 0.26930 0.48483
vt 0.27270 0.46988
vt 0.27270 0.48908
vt 0.26930 0.42428
vt 0.27270 0.43744
vt 0.26987 0.43230
vt 0.27270 0.44111
vt 0.26883 0.46306
vt 0.27270 0.46988
vt 0.27270 0.46988
vt 0.26883 0.46306
vt 0.26957 0.47316
vt 0.27270 0.48908
vt 0.26957 0.47316
vt 0.26754 0.46027
vt 0.27270 0.43744
vt 0.26883 0.44427
vt 0.26987 0.43230
vt 0.15056 0.43309
vt 0.26964 0.46658
vt 0.26930 0.42428
vt 0.26930 0.48483
vt 0.27270 0.48908
vt 0.26760 0.49289
vt 0.26887 0.41137
vt 0.27270 0.44111
vt 0.26760 0.44353
vt 0.11083 0.46058
vt 0.11083 0.43665
vt 0.11083 0.46024
vt 0.11083 0.47155
vt 0.11083 0.47725
vt 0.11083 0.47067
vt 0.15171 0.44411
vt 0.26930 0.48483
vt 0.15192 0.47674
vt 0.26754 0.44705
vt 0.27261 0.45619
vt 0.26883 0.46306
vt 0.26883 0.46306
vt 0.27261 0.45619
vt 0.26957 0.47316
vt 0.26883 0.44427
vt 0.27261 0.43908
vt 0.26987 0.43230
vt 0.26754 0.46027
vt 0.26957 0.47316
vt 0.27261 0.43908
vt 0.26930 0.42428
vt 0.26987 0.43230
vt 0.26887 0.41137
vt 0.26964 0.46658
vt 0.27270 0.43744
vt 0.26930 0.42428
vt 0.27261 0.45619
vt 0.26987 0.43230
vt 0.27261 0.43908
vt 0.11083 0.46024
vt 0.07859 0.43853
vt 0.07680 0.45935
vt 0.11083 0.44708
vt 0.07013 0.43449
vt 0.11083 0.43008
vt 0.11083 0.47067
vt 0.07013 0.47283
vt 0.06232 0.45660
vt 0.15192 0.47674
vt 0.26930 0.48483
vt 0.26760 0.49289
vt 0.15056 0.46376
vt 0.14811 0.48209
vt 0.26760 0.49289
vt 0.15056 0.42299
vt 0.15056 0.43309
vt 0.26930 0.42428
vt 0.11083 0.46058
vt 0.11083 0.47846
vt 0.14811 0.48209
vt 0.15171 0.44411
vt 0.15056 0.42299
vt 0.26887 0.41137
vt 0.07859 0.43853
vt 0.07013 0.43449
vt 0.04382 0.45420
vt 0.06232 0.45660
vt 0.05764 0.46283
vt 0.04401 0.45072
vt 0.11083 0.46024
vt 0.07013 0.47283
vt 0.11083 0.47725
vt 0.11083 0.43665
vt 0.07013 0.43449
vt 0.07859 0.43853
vt 0.06232 0.45660
vt 0.07013 0.47283
vt 0.05764 0.46283
vt 0.15302 0.41115
vt 0.26887 0.40052
vt 0.26760 0.43325
vt 0.15056 0.45330
vt 0.14921 0.47264
vt 0.26887 0.48449
vt 0.15302 0.41115
vt 0.15056 0.42263
vt 0.26930 0.41383
vt 0.14941 0.43589
vt 0.26760 0.43325
vt 0.26930 0.47437
vt 0.15056 0.42263
vt 0.15056 0.45330
vt 0.26760 0.45446
vt 0.27270 0.45576
vt 0.26986 0.44916
vt 0.27270 0.42698
vt 0.11083 0.44978
vt 0.04571 0.44669
vt 0.08030 0.46456
vt 0.11083 0.42620
vt 0.11083 0.41962
vt 0.08030 0.42184
vt 0.11083 0.43663
vt 0.11083 0.46021
vt 0.06753 0.45631
vt 0.11083 0.44978
vt 0.11083 0.42620
vt 0.04763 0.43680
vt 0.11083 0.43663
vt 0.04533 0.44009
vt 0.08030 0.42184
vt 0.11083 0.46021
vt 0.11083 0.46679
vt 0.08030 0.46456
vt 0.26760 0.43065
vt 0.27270 0.43065
vt 0.26930 0.47437
vt 0.26760 0.45446
vt 0.27270 0.45576
vt 0.26930 0.41383
vt 0.26923 0.46129
vt 0.26957 0.42370
vt 0.26986 0.44916
vt 0.26754 0.46473
vt 0.26923 0.46129
vt 0.26986 0.44916
vt 0.26754 0.43756
vt 0.26957 0.42370
vt 0.26923 0.46129
vt 0.26986 0.44916
vt 0.26957 0.42370
vt 0.26881 0.42830
vt 0.04763 0.43680
vt 0.08030 0.42184
vt 0.04533 0.44009
vt 0.06753 0.45631
vt 0.08030 0.46456
vt 0.04571 0.44669
vt 0.15302 0.41115
vt 0.26760 0.43325
vt 0.14941 0.43589
vt 0.15056 0.46501
vt 0.26887 0.48449
vt 0.14921 0.47264
vt 0.15056 0.45330
vt 0.26887 0.48449
vt 0.26760 0.45446
vt 0.15302 0.41115
vt 0.26930 0.41383
vt 0.26887 0.40052
vt 0.14941 0.43589
vt 0.26930 0.47437
vt 0.15056 0.46501
vt 0.15056 0.42263
vt 0.26760 0.45446
vt 0.26930 0.41383
vt 0.11083 0.43629
vt 0.11083 0.46021
vt 0.11083 0.43663
vt 0.11083 0.42532
vt 0.15056 0.45330
vt 0.15056 0.42263
vt 0.11083 0.45012
vt 0.14921 0.47264
vt 0.15056 0.45330
vt 0.11083 0.45012
vt 0.11083 0.42620
vt 0.11083 0.44978
vt 0.11083 0.46109
vt 0.11083 0.46679
vt 0.11083 0.46021
vt 0.11083 0.43629
vt 0.11083 0.41962
vt 0.11083 0.41840
vt 0.11083 0.45012
vt 0.11083 0.46679
vt 0.11083 0.46801
vt 0.04571 0.44669
vt 0.04763 0.43680
vt 0.04533 0.44009
vt 0.11083 0.42532
vt 0.11083 0.41962
vt 0.11083 0.42620
vt 0.26986 0.44916
vt 0.26881 0.42830
vt 0.27270 0.42698
vt 0.27270 0.43065
vt 0.27270 0.42071
vt 0.26926 0.43693
vt 0.11083 0.46109
vt 0.11083 0.46801
vt 0.11083 0.46679
vt 0.11083 0.43629
vt 0.11083 0.43663
vt 0.11083 0.41962
vt 0.11083 0.45012
vt 0.11083 0.44978
vt 0.11083 0.46679
vt 0.11083 0.42532
vt 0.11083 0.41840
vt 0.11083 0.41962
vt 0.27270 0.43065
vt 0.26887 0.40052
vt 0.27270 0.42071
vt 0.26930 0.41383
vt 0.27270 0.42698
vt 0.27270 0.42071
vt 0.27270 0.43065
vt 0.26926 0.43693
vt 0.27270 0.46694
vt 0.27270 0.42071
vt 0.26957 0.42370
vt 0.26926 0.43693
vt 0.27270 0.46694
vt 0.26923 0.46129
vt 0.26754 0.46473
vt 0.27270 0.46694
vt 0.26754 0.46473
vt 0.26986 0.44916
vt 0.27270 0.42698
vt 0.26881 0.42830
vt 0.26957 0.42370
vt 0.11083 0.45012
vt 0.11083 0.42532
vt 0.11083 0.42620
vt 0.26926 0.43693
vt 0.26754 0.43756
vt 0.26923 0.46129
vt 0.27270 0.45576
vt 0.26887 0.48449
vt 0.27270 0.46694
vt 0.11083 0.46801
vt 0.15056 0.46501
vt 0.14921 0.47264
vt 0.11083 0.46109
vt 0.14941 0.43589
vt 0.15056 0.46501
vt 0.14941 0.43589
vt 0.11083 0.41840
vt 0.15302 0.41115
vt 0.11083 0.41840
vt 0.15056 0.42263
vt 0.15302 0.41115
vt 0.26926 0.43693
vt 0.26957 0.42370
vt 0.26754 0.43756
vt 0.27270 0.45576
vt 0.27270 0.42698
vt 0.26930 0.41383
vt 0.26887 0.48449
vt 0.27270 0.45576
vt 0.26760 0.45446
vt 0.26887 0.40052
vt 0.27270 0.43065
vt 0.26760 0.43065
vt 0.26887 0.40052
vt 0.26760 0.43065
vt 0.26760 0.43325
vt 0.26930 0.47437
vt 0.27270 0.46694
vt 0.26887 0.48449
vt 0.27270 0.45576
vt 0.27270 0.46694
vt 0.26986 0.44916
vt 0.26930 0.41383
vt 0.27270 0.42071
vt 0.26887 0.40052
vt 0.27270 0.43065
vt 0.27270 0.46694
vt 0.26930 0.47437
vt 0.27270 0.42698
vt 0.26957 0.42370
vt 0.27270 0.42071
vt 0.26926 0.43693
vt 0.26923 0.46129
vt 0.27270 0.46694
vt 0.06753 0.45631
vt 0.04571 0.44669
vt 0.04533 0.44009
vt 0.11083 0.42532
vt 0.11083 0.45012
vt 0.15056 0.45330
vt 0.11083 0.45012
vt 0.11083 0.46801
vt 0.14921 0.47264
vt 0.26930 0.47437
vt 0.26760 0.43325
vt 0.26760 0.43065
vt 0.15056 0.46501
vt 0.26930 0.47437
vt 0.26887 0.48449
vt 0.11083 0.46801
vt 0.11083 0.46109
vt 0.15056 0.46501
vt 0.11083 0.46109
vt 0.11083 0.43629
vt 0.14941 0.43589
vt 0.14941 0.43589
vt 0.11083 0.43629
vt 0.11083 0.41840
vt 0.11083 0.41840
vt 0.11083 0.42532
vt 0.15056 0.42263
vt 0.11083 0.43629
vt 0.11083 0.46109
vt 0.11083 0.46021
vt 0.11083 0.43663
vt 0.06753 0.45631
vt 0.04533 0.44009
vt 0.11083 0.44978
vt 0.04763 0.43680
vt 0.04571 0.44669
vt 0.11083 0.43663
vt 0.08030 0.42184
vt 0.11083 0.41962
vt 0.11083 0.46021
vt 0.08030 0.46456
vt 0.06753 0.45631
vt 0.11083 0.44978
vt 0.08030 0.46456
vt 0.11083 0.46679
vt 0.11083 0.42620
vt 0.08030 0.42184
vt 0.04763 0.43680
vt 0.11083 0.48896
vt 0.08030 0.50511
vt 0.06232 0.47994
vt 0.05943 0.49167
vt 0.04448 0.48671
vt 0.08030 0.50511
vt 0.11083 0.50257
vt 0.08030 0.50511
vt 0.11083 0.50729
vt 0.11083 0.47953
vt 0.05902 0.47122
vt 0.05943 0.49167
vt 0.05764 0.47436
vt 0.04472 0.48217
vt 0.05902 0.47122
vt 0.26957 0.49996
vt 0.26987 0.50511
vt 0.26986 0.48852
vt 0.26986 0.48852
vt 0.26881 0.46809
vt 0.26986 0.47997
vt 0.26881 0.46809
vt 0.26826 0.46360
vt 0.26986 0.47997
vt 0.15056 0.50888
vt 0.26760 0.51910
vt 0.26930 0.51769
vt 0.15302 0.45293
vt 0.26760 0.45653
vt 0.15056 0.46189
vt 0.27270 0.47525
vt 0.27012 0.50172
vt 0.26986 0.47997
vt 0.15056 0.49199
vt 0.26760 0.51910
vt 0.14811 0.51202
vt 0.14811 0.51202
vt 0.11083 0.48921
vt 0.15056 0.49199
vt 0.15302 0.45293
vt 0.26760 0.47618
vt 0.26887 0.44255
vt 0.15056 0.46189
vt 0.26964 0.49387
vt 0.15056 0.49199
vt 0.15056 0.47989
vt 0.26930 0.51769
vt 0.26760 0.47618
vt 0.26964 0.49387
vt 0.27270 0.52822
vt 0.26760 0.52822
vt 0.11083 0.50352
vt 0.14811 0.51202
vt 0.15056 0.50888
vt 0.15056 0.49199
vt 0.11083 0.46498
vt 0.15056 0.46189
vt 0.15056 0.46189
vt 0.11083 0.46002
vt 0.15302 0.45293
vt 0.11083 0.46002
vt 0.15056 0.47989
vt 0.15302 0.45293
vt 0.11083 0.48921
vt 0.11083 0.46592
vt 0.11083 0.46498
vt 0.11083 0.47929
vt 0.15056 0.50888
vt 0.15056 0.47989
vt 0.11083 0.47953
vt 0.11083 0.46121
vt 0.05902 0.47122
vt 0.11083 0.46592
vt 0.06232 0.47994
vt 0.05902 0.47122
vt 0.11083 0.48896
vt 0.11083 0.50729
vt 0.08030 0.50511
vt 0.06232 0.47994
vt 0.05764 0.47436
vt 0.05902 0.47122
vt 0.14811 0.51202
vt 0.11083 0.50847
vt 0.11083 0.48921
vt 0.15056 0.49199
vt 0.11083 0.48921
vt 0.11083 0.46498
vt 0.11083 0.46002
vt 0.11083 0.47929
vt 0.15056 0.47989
vt 0.11083 0.48921
vt 0.11083 0.48896
vt 0.11083 0.46592
vt 0.11083 0.47929
vt 0.11083 0.50352
vt 0.15056 0.50888
vt 0.11083 0.47929
vt 0.11083 0.50257
vt 0.11083 0.50352
vt 0.11083 0.50257
vt 0.05943 0.49167
vt 0.08030 0.50511
vt 0.26930 0.51769
vt 0.27270 0.47525
vt 0.26760 0.47618
vt 0.11083 0.48921
vt 0.11083 0.50729
vt 0.11083 0.48896
vt 0.11083 0.46498
vt 0.11083 0.46121
vt 0.11083 0.46002
vt 0.11083 0.50352
vt 0.11083 0.50729
vt 0.11083 0.50847
vt 0.11083 0.47929
vt 0.11083 0.46121
vt 0.11083 0.47953
vt 0.26887 0.44255
vt 0.27015 0.44927
vt 0.26760 0.45653
vt 0.26760 0.51910
vt 0.26964 0.49387
vt 0.26760 0.52822
vt 0.27270 0.47525
vt 0.27270 0.46155
vt 0.26887 0.44255
vt 0.26986 0.47997
vt 0.26826 0.46360
vt 0.27270 0.46155
vt 0.26760 0.51910
vt 0.26760 0.52822
vt 0.26930 0.51769
vt 0.26760 0.52822
vt 0.27270 0.52822
vt 0.26930 0.51769
vt 0.26760 0.47618
vt 0.27270 0.47525
vt 0.26887 0.44255
vt 0.26760 0.45653
vt 0.27015 0.44927
vt 0.26964 0.49387
vt 0.15056 0.49199
vt 0.26964 0.49387
vt 0.26760 0.51910
vt 0.15056 0.50888
vt 0.14811 0.51202
vt 0.26760 0.51910
vt 0.15302 0.45293
vt 0.15056 0.47989
vt 0.26760 0.47618
vt 0.15056 0.46189
vt 0.11083 0.46498
vt 0.11083 0.46002
vt 0.15056 0.47989
vt 0.15056 0.50888
vt 0.26930 0.51769
vt 0.04472 0.48217
vt 0.04448 0.48671
vt 0.04484 0.48707
vt 0.05764 0.47436
vt 0.04448 0.48671
vt 0.04472 0.48217
vt 0.05943 0.49167
vt 0.04484 0.48707
vt 0.04448 0.48671
vt 0.26964 0.49387
vt 0.26987 0.50511
vt 0.27270 0.52822
vt 0.26930 0.51769
vt 0.26987 0.50511
vt 0.27012 0.50172
vt 0.06232 0.47994
vt 0.04448 0.48671
vt 0.05764 0.47436
vt 0.05902 0.47122
vt 0.04472 0.48217
vt 0.05943 0.49167
vt 0.06232 0.47994
vt 0.08030 0.50511
vt 0.04448 0.48671
vt 0.26986 0.47997
vt 0.26957 0.49996
vt 0.26986 0.48852
vt 0.27270 0.47525
vt 0.26930 0.51769
vt 0.27012 0.50172
vt 0.11083 0.47929
vt 0.11083 0.47953
vt 0.11083 0.50257
vt 0.11083 0.48921
vt 0.11083 0.50847
vt 0.11083 0.50729
vt 0.15056 0.46189
vt 0.26760 0.45653
vt 0.26964 0.49387
vt 0.11083 0.50352
vt 0.11083 0.50257
vt 0.11083 0.50729
vt 0.11083 0.47929
vt 0.11083 0.46002
vt 0.11083 0.46121
vt 0.27015 0.44927
vt 0.26887 0.44255
vt 0.27270 0.46155
vt 0.26964 0.49387
vt 0.26986 0.48852
vt 0.26987 0.50511
vt 0.26930 0.51769
vt 0.27270 0.52822
vt 0.26987 0.50511
vt 0.27270 0.47525
vt 0.26986 0.47997
vt 0.27270 0.46155
vt 0.11083 0.50352
vt 0.11083 0.50847
vt 0.14811 0.51202
vt 0.04472 0.48217
vt 0.04484 0.48707
vt 0.05943 0.49167
vt 0.26986 0.47997
vt 0.27012 0.50172
vt 0.26957 0.49996
vt 0.26964 0.49387
vt 0.27015 0.44927
vt 0.27270 0.46155
vt 0.11083 0.48896
vt 0.06232 0.47994
vt 0.11083 0.46592
vt 0.11083 0.47953
vt 0.05943 0.49167
vt 0.11083 0.50257
vt 0.11083 0.46592
vt 0.05902 0.47122
vt 0.11083 0.46121
vt 0.27270 0.46155
vt 0.26881 0.46809
vt 0.26986 0.48852
vt 0.11083 0.46498
vt 0.11083 0.46592
vt 0.11083 0.46121
vt 0.15302 0.45293
vt 0.26887 0.44255
vt 0.26760 0.45653
vt 0.26964 0.49387
vt 0.27270 0.46155
vt 0.26986 0.48852
vt 0.27012 0.50172
vt 0.26987 0.50511
vt 0.26957 0.49996
vt 0.27270 0.46155
vt 0.26826 0.46360
vt 0.26881 0.46809
vt 0.15005 0.17091
vt 0.16116 0.12840
vt 0.16394 0.17091
vt 0.16847 0.22659
vt 0.16665 0.20463
vt 0.16741 0.20588
vt 0.16665 0.20463
vt 0.17089 0.23742
vt 0.14111 0.22340
vt 0.16116 0.12840
vt 0.16665 0.20463
vt 0.16394 0.17091
vt 0.14831 0.24968
vt 0.14111 0.22340
vt 0.15699 0.25143
vt 0.15005 0.20238
vt 0.15005 0.17091
vt 0.16394 0.17091
vt 0.15220 0.20828
vt 0.14831 0.24968
vt 0.15355 0.23799
vt 0.14831 0.24968
vt 0.14310 0.20939
vt 0.14111 0.22340
vt 0.14831 0.24968
vt 0.15699 0.25143
vt 0.17089 0.23742
vt 0.16394 0.12840
vt 0.16116 0.12840
vt 0.15005 0.12840
vt 0.14310 0.20939
vt 0.15220 0.20828
vt 0.15005 0.20238
vt 0.15220 0.20828
vt 0.14310 0.20939
vt 0.14831 0.24968
vt 0.15220 0.20828
vt 0.16847 0.22659
vt 0.16741 0.20588
vt 0.16665 0.20463
vt 0.16116 0.12840
vt 0.16394 0.12840
vt 0.16044 0.23799
vt 0.16230 0.21194
vt 0.14777 0.21941
vt 0.14777 0.21941
vt 0.15220 0.20828
vt 0.15355 0.23799
vt 0.14111 0.22340
vt 0.15005 0.20238
vt 0.16665 0.20463
vt 0.16741 0.20588
vt 0.16394 0.12840
vt 0.15005 0.12840
vt 0.16230 0.21194
vt 0.16847 0.22659
vt 0.15220 0.20828
vt 0.16665 0.20463
vt 0.16394 0.12840
vt 0.16741 0.20588
vt 0.16044 0.23799
vt 0.14777 0.21941
vt 0.15355 0.23799
vt 0.15005 0.20238
vt 0.16394 0.17091
vt 0.16665 0.20463
vt 0.15220 0.20828
vt 0.15005 0.12840
vt 0.15005 0.20238
vt 0.16741 0.20588
vt 0.15005 0.12840
vt 0.15220 0.20828
vt 0.15005 0.12840
vt 0.15005 0.17091
vt 0.15005 0.20238
vt 0.14777 0.21941
vt 0.16230 0.21194
vt 0.15220 0.20828
vt 0.15355 0.23799
vt 0.14831 0.24968
vt 0.16847 0.22659
vt 0.17089 0.23742
vt 0.15699 0.25143
vt 0.14111 0.22340
vt 0.14310 0.20939
vt 0.15005 0.20238
vt 0.14111 0.22340
vt 0.15005 0.12840
vt 0.16116 0.12840
vt 0.15005 0.17091
vt 0.14831 0.24968
vt 0.17089 0.23742
vt 0.16847 0.22659
vt 0.16847 0.22659
vt 0.17089 0.23742
vt 0.16665 0.20463
vt 0.16230 0.21194
vt 0.16044 0.23799
vt 0.16847 0.22659
vt 0.16044 0.23799
vt 0.15355 0.23799
vt 0.16847 0.22659
vt 0.02312 0.46638
vt 0.02663 0.44624
vt 0.02312 0.46275
vt 0.02312 0.48762
vt 0.02312 0.48762
vt 0.02312 0.46275
vt 0.02664 0.46637
vt 0.02513 0.45238
vt 0.02663 0.36466
vt 0.02663 0.36466
vt 0.02513 0.45238
vt 0.02664 0.46637
vt 0.02312 0.32327
vt 0.02312 0.34814
vt 0.02312 0.34814
vt 0.02664 0.46637
vt 0.02663 0.36466
vt 0.02593 0.33454
vt 0.03015 0.48762
vt 0.03014 0.46275
vt 0.03015 0.47900
vt 0.02312 0.46275
vt 0.03014 0.46275
vt 0.02513 0.45238
vt 0.03015 0.48762
vt 0.02312 0.48762
vt 0.02312 0.48762
vt 0.02312 0.46638
vt 0.02663 0.36466
vt 0.02663 0.44624
vt 0.02312 0.48762
vt 0.02312 0.46275
vt 0.02513 0.45238
vt 0.02312 0.48762
vt 0.02664 0.46637
vt 0.03015 0.48762
vt 0.02312 0.32327
vt 0.02312 0.34814
vt 0.02734 0.33454
vt 0.02663 0.36466
vt 0.02664 0.46637
vt 0.03015 0.34452
vt 0.02312 0.32327
vt 0.02734 0.33454
vt 0.03015 0.32327
vt 0.02312 0.46275
vt 0.03014 0.46275
vt 0.03014 0.46275
vt 0.03015 0.47900
vt 0.02663 0.36466
vt 0.02734 0.33454
vt 0.02312 0.34814
vt 0.02593 0.33454
vt 0.02663 0.36466
vt 0.03015 0.47900
vt 0.02312 0.46638
vt 0.02312 0.48762
vt 0.02312 0.46638
vt 0.02312 0.46275
vt 0.02312 0.48762
vt 0.02312 0.34814
vt 0.02312 0.34452
vt 0.02734 0.33454
vt 0.03015 0.48762
vt 0.03015 0.47900
vt 0.02312 0.48762
vt 0.02312 0.34814
vt 0.03014 0.34814
vt 0.03014 0.34814
vt 0.02312 0.46638
vt 0.02312 0.34452
vt 0.02663 0.36466
vt 0.02312 0.46638
vt 0.02734 0.33454
vt 0.02312 0.34452
vt 0.02312 0.34814
vt 0.03014 0.34814
vt 0.02663 0.36466
vt 0.03015 0.32327
vt 0.03014 0.34814
vt 0.03014 0.34814
vt 0.02312 0.34814
vt 0.03014 0.34814
vt 0.02312 0.34814
vt 0.02664 0.46637
vt 0.02593 0.33454
vt 0.03015 0.34452
vt 0.03014 0.34814
vt 0.03015 0.34452
vt 0.02593 0.33454
vt 0.02312 0.34814
vt 0.02663 0.36466
vt 0.03014 0.34814
vt 0.02734 0.33454
vt 0.03014 0.34814
vt 0.03015 0.32327
vt 0.03015 0.32327
vt 0.03014 0.34814
vt 0.02593 0.33454
vt 0.02312 0.46638
vt 0.03015 0.47900
vt 0.02734 0.33454
vt 0.03015 0.48762
vt 0.03014 0.46275
vt 0.03014 0.46275
vt 0.03015 0.47900
vt 0.02663 0.44624
vt 0.02663 0.36466
vt 0.02663 0.44624
vt 0.03014 0.46275
vt 0.02312 0.46275
vt 0.02312 0.34814
vt 0.02312 0.32327
vt 0.02593 0.33454
vt 0.02312 0.34814
vt 0.02663 0.36466
vt 0.02312 0.34452
vt 0.03014 0.46275
vt 0.02663 0.44624
vt 0.03015 0.47900
vt 0.02664 0.46637
vt 0.02312 0.48762
vt 0.02513 0.45238
vt 0.02664 0.46637
vt 0.03014 0.46275
vt 0.03015 0.48762
vt 0.02312 0.32327
vt 0.03015 0.32327
vt 0.02593 0.33454
vt 0.02734 0.33454
vt 0.02663 0.36466
vt 0.03014 0.34814
vt 0.03014 0.34814
vt 0.02663 0.36466
vt 0.03015 0.34452
vt 0.02664 0.46637
vt 0.02513 0.45238
vt 0.03014 0.46275
vt 0.29060 0.34452
vt 0.29061 0.36466
vt 0.29412 0.34814
vt 0.29412 0.34814
vt 0.28944 0.35852
vt 0.29060 0.34452
vt 0.28710 0.46275
vt 0.29412 0.46275
vt 0.29061 0.44624
vt 0.29061 0.44624
vt 0.29412 0.46275
vt 0.28710 0.46275
vt 0.29060 0.46637
vt 0.29412 0.48762
vt 0.29412 0.46275
vt 0.29060 0.46637
vt 0.29061 0.44624
vt 0.28710 0.46275
vt 0.28709 0.46638
vt 0.28709 0.48762
vt 0.28710 0.46275
vt 0.29060 0.46637
vt 0.28709 0.48762
vt 0.29412 0.48762
vt 0.29060 0.34452
vt 0.29412 0.32327
vt 0.28709 0.32327
vt 0.29060 0.46637
vt 0.29061 0.44624
vt 0.29061 0.36466
vt 0.29412 0.46275
vt 0.29412 0.46275
vt 0.29412 0.48762
vt 0.28709 0.32327
vt 0.29412 0.32327
vt 0.29412 0.32327
vt 0.29060 0.34452
vt 0.29412 0.47900
vt 0.28709 0.46638
vt 0.28710 0.34814
vt 0.28944 0.35852
vt 0.29412 0.34814
vt 0.29412 0.48762
vt 0.28709 0.48762
vt 0.28709 0.48762
vt 0.28710 0.46275
vt 0.28710 0.46275
vt 0.29412 0.46275
vt 0.29060 0.46637
vt 0.29412 0.46275
vt 0.29061 0.44624
vt 0.29412 0.48762
vt 0.28709 0.48762
vt 0.29412 0.47900
vt 0.28944 0.35852
vt 0.29412 0.47900
vt 0.29060 0.34452
vt 0.28709 0.46638
vt 0.28944 0.35852
vt 0.29060 0.34452
vt 0.28710 0.46275
vt 0.28709 0.48762
vt 0.28709 0.48762
vt 0.28709 0.46638
vt 0.29412 0.47900
vt 0.28709 0.48762
vt 0.29061 0.36466
vt 0.29060 0.46637
vt 0.29060 0.34452
vt 0.28710 0.34814
vt 0.29412 0.34814
vt 0.29412 0.34814
vt 0.29061 0.36466
vt 0.28710 0.34814
vt 0.29412 0.34814
vt 0.29412 0.46275
vt 0.29412 0.48762
vt 0.29412 0.47900
vt 0.29412 0.34814
vt 0.29412 0.32327
vt 0.29412 0.32327
vt 0.29412 0.34814
vt 0.29412 0.34814
vt 0.29412 0.32327
vt 0.28709 0.46638
vt 0.29061 0.44624
vt 0.28944 0.35852
vt 0.29060 0.46637
vt 0.28710 0.46275
vt 0.28709 0.48762
vt 0.28944 0.35852
vt 0.29061 0.44624
vt 0.29412 0.47900
vt 0.29060 0.46637
vt 0.29061 0.36466
vt 0.29060 0.34452
vt 0.29061 0.36466
vt 0.29061 0.44624
vt 0.29060 0.46637
vt 0.28710 0.46275
vt 0.28710 0.46275
vt 0.28709 0.48762
vt 0.28710 0.46275
vt 0.29412 0.46275
vt 0.29412 0.46275
vt 0.28709 0.32327
vt 0.28944 0.35852
vt 0.28710 0.34814
vt 0.29412 0.34814
vt 0.29060 0.34452
vt 0.29412 0.32327
vt 0.29060 0.34452
vt 0.28709 0.32327
vt 0.28710 0.34814
vt 0.29060 0.34452
vt 0.29412 0.34814
vt 0.29412 0.32327
vt 0.29060 0.34452
vt 0.28709 0.32327
vt 0.29412 0.32327
vt 0.28709 0.32327
vt 0.29412 0.32327
vt 0.28709 0.32327
vt 0.29412 0.46275
vt 0.29412 0.47900
vt 0.29061 0.44624
vt 0.28709 0.46638
vt 0.28710 0.46275
vt 0.29061 0.44624
vt 0.29060 0.34452
vt 0.28944 0.35852
vt 0.28709 0.32327
vt 0.29060 0.34452
vt 0.28710 0.34814
vt 0.29061 0.36466
vt 0.28709 0.32327
vt 0.28710 0.34814
vt 0.28709 0.32327
vt 0.08743 0.45578
vt 0.11399 0.19264
vt 0.15585 0.28433
vt 0.15813 0.28433
vt 0.14696 0.22818
vt 0.11399 0.19264
vt 0.22655 0.45578
vt 0.20000 0.19264
vt 0.20000 0.19264
vt 0.08743 0.45578
vt 0.11399 0.19264
vt 0.11399 0.19264
vt 0.22655 0.45578
vt 0.08743 0.45578
vt 0.08743 0.45578
vt 0.11399 0.19264
vt 0.17664 0.15825
vt 0.13734 0.15825
vt 0.22655 0.45578
vt 0.22655 0.45578
vt 0.20000 0.19264
vt 0.11399 0.19264
vt 0.14696 0.22818
vt 0.15569 0.19992
vt 0.16702 0.22818
vt 0.15585 0.28433
vt 0.15813 0.28433
vt 0.15829 0.19992
vt 0.16702 0.22818
vt 0.15569 0.19992
vt 0.11399 0.19264
vt 0.13734 0.15825
vt 0.17664 0.15825
vt 0.22655 0.45578
vt 0.22655 0.45578
vt 0.08743 0.45578
vt 0.11399 0.19264
vt 0.20000 0.19264
vt 0.17664 0.15825
vt 0.08743 0.45578
vt 0.08743 0.45578
vt 0.11399 0.19264
vt 0.20000 0.19264
vt 0.15829 0.19992
vt 0.11399 0.19264
vt 0.15829 0.19992
vt 0.14696 0.22818
vt 0.11399 0.19264
vt 0.20000 0.19264
vt 0.16702 0.22818
vt 0.15829 0.19992
vt 0.20000 0.19264
vt 0.16702 0.22818
vt 0.15813 0.28433
vt 0.11399 0.19264
vt 0.15569 0.19992
vt 0.20000 0.19264
vt 0.15585 0.28433
vt 0.16702 0.22818
vt 0.20000 0.19264
vt 0.15569 0.19992
vt 0.16702 0.22818
vt 0.20000 0.19264
vt 0.14696 0.22818
vt 0.15813 0.28433
vt 0.15585 0.28433
vt 0.08743 0.45578
vt 0.22655 0.45578
vt 0.15813 0.28433
vt 0.11399 0.19264
vt 0.08743 0.45578
vt 0.15813 0.28433
vt 0.22655 0.45578
vt 0.08743 0.45578
vt 0.15585 0.28433
vt 0.11399 0.19264
vt 0.14696 0.22818
vt 0.15585 0.28433
vt 0.20000 0.19264
vt 0.17664 0.15825
vt 0.20000 0.19264
vt 0.11399 0.19264
vt 0.13734 0.15825
vt 0.11399 0.19264
vt 0.15569 0.19992
vt 0.14696 0.22818
vt 0.15829 0.19992
vt 0.11399 0.19264
vt 0.17664 0.15825
vt 0.20000 0.19264
vt 0.22655 0.45578
vt 0.20000 0.19264
vt 0.15813 0.28433
vt 0.20000 0.19264
vt 0.22655 0.45578
vt 0.15585 0.28433
vt 0.21469 0.40574
vt 0.18854 0.40794
vt 0.21469 0.43201
vt 0.18854 0.40794
vt 0.14775 0.40746
vt 0.13623 0.43275
vt 0.14775 0.40746
vt 0.13623 0.40353
vt 0.13623 0.43275
vt 0.14775 0.40746
vt 0.14775 0.40132
vt 0.13623 0.40353
vt 0.18854 0.40209
vt 0.21469 0.40574
vt 0.21469 0.43201
vt 0.14775 0.40132
vt 0.14775 0.39945
vt 0.18854 0.40209
vt 0.18854 0.40209
vt 0.18854 0.39862
vt 0.14775 0.39945
vt 0.21469 0.40574
vt 0.18854 0.40209
vt 0.18854 0.40794
vt 0.18854 0.40209
vt 0.14775 0.39945
vt 0.14775 0.40746
vt 0.14775 0.39945
vt 0.18854 0.39862
vt 0.18854 0.40209
vt 0.18854 0.40794
vt 0.13623 0.43275
vt 0.21469 0.43201
vt 0.14775 0.40132
vt 0.21469 0.43201
vt 0.13623 0.43275
vt 0.18854 0.40794
vt 0.18854 0.40209
vt 0.14775 0.40746
vt 0.14775 0.40132
vt 0.14775 0.40746
vt 0.14775 0.39945
vt 0.14775 0.40132
vt 0.18854 0.40209
vt 0.21469 0.43201
vt 0.13623 0.40353
vt 0.14775 0.40132
vt 0.13623 0.43275
vt 0.18854 0.41367
vt 0.21469 0.41619
vt 0.21469 0.44247
vt 0.14775 0.41311
vt 0.13623 0.41398
vt 0.13623 0.44321
vt 0.14775 0.41311
vt 0.14775 0.40797
vt 0.18854 0.40908
vt 0.14775 0.41311
vt 0.18854 0.41367
vt 0.21469 0.44247
vt 0.14775 0.41311
vt 0.18854 0.40908
vt 0.18854 0.41367
vt 0.18854 0.41367
vt 0.13623 0.44321
vt 0.21469 0.44247
vt 0.14775 0.41311
vt 0.21469 0.44247
vt 0.13623 0.44321
vt 0.18854 0.40908
vt 0.14775 0.40797
vt 0.14775 0.41311
vt 0.13623 0.41398
vt 0.14775 0.41311
vt 0.13623 0.44321
vt 0.21469 0.41619
vt 0.18854 0.41367
vt 0.21469 0.44247
vt 0.18854 0.41367
vt 0.18854 0.40908
vt 0.14775 0.41311
vt 0.18854 0.41367
vt 0.14775 0.41311
vt 0.13623 0.44321
vt 0.18854 0.47577
vt 0.21469 0.47911
vt 0.21469 0.48226
vt 0.14775 0.47757
vt 0.18854 0.47577
vt 0.21469 0.48226
vt 0.13623 0.47608
vt 0.14775 0.47757
vt 0.13623 0.48680
vt 0.18854 0.48214
vt 0.18854 0.47577
vt 0.14775 0.47757
vt 0.21469 0.47911
vt 0.18854 0.48214
vt 0.13623 0.48680
vt 0.18854 0.47577
vt 0.18854 0.47379
vt 0.14775 0.47603
vt 0.18854 0.48214
vt 0.14775 0.47757
vt 0.13623 0.48680
vt 0.14775 0.47757
vt 0.14775 0.47603
vt 0.18854 0.47577
vt 0.21469 0.47911
vt 0.18854 0.47577
vt 0.18854 0.48214
vt 0.18854 0.47577
vt 0.14775 0.47603
vt 0.14775 0.47757
vt 0.14775 0.47603
vt 0.18854 0.47379
vt 0.18854 0.47577
vt 0.14775 0.47757
vt 0.21469 0.48226
vt 0.13623 0.48680
vt 0.14775 0.47757
vt 0.13623 0.47608
vt 0.13623 0.48680
vt 0.21469 0.47911
vt 0.13623 0.48680
vt 0.21469 0.48226
vt 0.13099 0.43398
vt 0.13099 0.46167
vt 0.14965 0.46315
vt 0.19430 0.46462
vt 0.15073 0.48843
vt 0.19430 0.49294
vt 0.14964 0.42970
vt 0.19430 0.42534
vt 0.13099 0.43398
vt 0.13099 0.46167
vt 0.15073 0.48843
vt 0.14965 0.46315
vt 0.13099 0.48164
vt 0.13099 0.47392
vt 0.14739 0.47659
vt 0.14739 0.47659
vt 0.14965 0.47274
vt 0.19430 0.48199
vt 0.19430 0.42534
vt 0.14965 0.46315
vt 0.19430 0.46462
vt 0.13099 0.46167
vt 0.13099 0.48164
vt 0.15073 0.48843
vt 0.15073 0.48843
vt 0.14739 0.47659
vt 0.19430 0.48199
vt 0.19430 0.42534
vt 0.14964 0.42970
vt 0.14965 0.46315
vt 0.19430 0.46462
vt 0.14965 0.46315
vt 0.15073 0.48843
vt 0.13099 0.43398
vt 0.14965 0.46315
vt 0.14964 0.42970
vt 0.13099 0.48164
vt 0.14739 0.47659
vt 0.15073 0.48843
vt 0.13099 0.47392
vt 0.14965 0.47274
vt 0.14739 0.47659
vt 0.15073 0.48843
vt 0.19430 0.48199
vt 0.19430 0.49294
vt 0.14964 0.41924
vt 0.19430 0.41488
vt 0.13099 0.42352
vt 0.13099 0.46120
vt 0.14969 0.47731
vt 0.15069 0.45384
vt 0.13099 0.46120
vt 0.14739 0.46613
vt 0.14969 0.47731
vt 0.13099 0.42352
vt 0.15069 0.45384
vt 0.14964 0.41924
vt 0.13099 0.46120
vt 0.13099 0.46346
vt 0.14739 0.46613
vt 0.13099 0.42352
vt 0.13099 0.46120
vt 0.15069 0.45384
vt 0.14739 0.46613
vt 0.14965 0.46228
vt 0.19430 0.47153
vt 0.19430 0.41488
vt 0.15069 0.45384
vt 0.19430 0.45416
vt 0.13099 0.46346
vt 0.14965 0.46228
vt 0.14739 0.46613
vt 0.19430 0.41488
vt 0.14964 0.41924
vt 0.15069 0.45384
vt 0.14969 0.47731
vt 0.14739 0.46613
vt 0.19430 0.47153
vt 0.15069 0.45384
vt 0.14969 0.47731
vt 0.19430 0.48248
vt 0.14969 0.47731
vt 0.19430 0.47153
vt 0.19430 0.48248
vt 0.15069 0.45384
vt 0.19430 0.48248
vt 0.19430 0.45416
vt 0.14960 0.51163
vt 0.14969 0.51660
vt 0.19430 0.52262
vt 0.15190 0.47737
vt 0.14960 0.51163
vt 0.19430 0.51476
vt 0.14969 0.51660
vt 0.14739 0.49079
vt 0.19430 0.49210
vt 0.13099 0.50893
vt 0.13099 0.49018
vt 0.14739 0.49079
vt 0.13099 0.47911
vt 0.13099 0.50893
vt 0.14960 0.51163
vt 0.19430 0.47639
vt 0.13099 0.47911
vt 0.15190 0.47737
vt 0.13099 0.50893
vt 0.14739 0.49079
vt 0.14969 0.51660
vt 0.13099 0.47911
vt 0.14960 0.51163
vt 0.15190 0.47737
vt 0.15190 0.47737
vt 0.19430 0.51476
vt 0.19430 0.47639
vt 0.14739 0.49079
vt 0.13099 0.49018
vt 0.14965 0.48969
vt 0.13099 0.50893
vt 0.14969 0.51660
vt 0.14960 0.51163
vt 0.14969 0.51660
vt 0.19430 0.49210
vt 0.19430 0.52262
vt 0.14739 0.49079
vt 0.14965 0.48969
vt 0.19430 0.49210
vt 0.14960 0.51163
vt 0.19430 0.52262
vt 0.19430 0.51476
vt 0.02285 0.19675
vt 0.02285 0.18202
vt 0.02285 0.18202
vt 0.03333 0.21148
vt 0.02285 0.19675
vt 0.03333 0.19675
vt 0.02285 0.21148
vt 0.02285 0.19675
vt 0.02285 0.19675
vt 0.03333 0.19675
vt 0.02285 0.18202
vt 0.03333 0.18202
vt 0.02285 0.22620
vt 0.02285 0.21148
vt 0.02285 0.21148
vt 0.03333 0.22620
vt 0.02285 0.21148
vt 0.03333 0.21148
vt 0.02285 0.18202
vt 0.03333 0.18202
vt 0.03333 0.18202
vt 0.02285 0.18202
vt 0.02285 0.18202
vt 0.03333 0.18202
vt 0.02285 0.19675
vt 0.03333 0.18202
vt 0.02285 0.18202
vt 0.03333 0.22620
vt 0.03333 0.22620
vt 0.02285 0.22620
vt 0.03333 0.22620
vt 0.02285 0.22620
vt 0.02285 0.22620
vt 0.02285 0.22620
vt 0.03333 0.22620
vt 0.03333 0.21148
vt 0.03333 0.19675
vt 0.03333 0.19675
vt 0.03333 0.18202
vt 0.03333 0.21148
vt 0.03333 0.21148
vt 0.03333 0.19675
vt 0.02285 0.19675
vt 0.03333 0.19675
vt 0.03333 0.18202
vt 0.02285 0.21148
vt 0.03333 0.21148
vt 0.03333 0.19675
vt 0.02285 0.21148
vt 0.03333 0.19675
vt 0.02285 0.19675
vt 0.02285 0.22620
vt 0.02285 0.22620
vt 0.02285 0.21148
vt 0.02285 0.22620
vt 0.03333 0.21148
vt 0.02285 0.21148
vt 0.03333 0.19675
vt 0.02285 0.19675
vt 0.02285 0.18202
vt 0.02285 0.19675
vt 0.02285 0.19675
vt 0.02285 0.18202
vt 0.03333 0.21148
vt 0.02285 0.21148
vt 0.02285 0.19675
vt 0.03333 0.22620
vt 0.03333 0.21148
vt 0.03333 0.21148
vt 0.03333 0.22620
vt 0.03333 0.22620
vt 0.03333 0.21148
vt 0.03333 0.22620
vt 0.02285 0.22620
vt 0.02285 0.21148
vt 0.03333 0.19675
vt 0.03333 0.18202
vt 0.03333 0.18202
vt 0.03333 0.21148
vt 0.03333 0.19675
vt 0.03333 0.19675
vt 0.02285 0.21148
vt 0.02285 0.21148
vt 0.02285 0.19675
vt 0.03333 0.12896
vt 0.02285 0.11424
vt 0.03333 0.11424
vt 0.03333 0.11424
vt 0.02285 0.09951
vt 0.03333 0.09951
vt 0.03333 0.11424
vt 0.03333 0.09951
vt 0.03333 0.09951
vt 0.03333 0.12896
vt 0.03333 0.11424
vt 0.03333 0.11424
vt 0.02285 0.11424
vt 0.02285 0.11424
vt 0.02285 0.09951
vt 0.02285 0.14369
vt 0.03333 0.12896
vt 0.02285 0.12896
vt 0.02285 0.14369
vt 0.02285 0.12896
vt 0.02285 0.12896
vt 0.02285 0.11424
vt 0.03333 0.11424
vt 0.03333 0.09951
vt 0.03333 0.11424
vt 0.02285 0.11424
vt 0.02285 0.09951
vt 0.03333 0.12896
vt 0.02285 0.12896
vt 0.02285 0.11424
vt 0.03333 0.14369
vt 0.03333 0.12896
vt 0.03333 0.12896
vt 0.02285 0.12896
vt 0.02285 0.12896
vt 0.02285 0.11424
vt 0.03333 0.14369
vt 0.02285 0.12896
vt 0.03333 0.12896
vt 0.02285 0.12896
vt 0.03333 0.12896
vt 0.03333 0.11424
vt 0.02285 0.11424
vt 0.03333 0.09951
vt 0.02285 0.09951
vt 0.03333 0.14369
vt 0.02285 0.14369
vt 0.02285 0.14369
vt 0.03333 0.12896
vt 0.03333 0.12896
vt 0.03333 0.11424
vt 0.02285 0.11424
vt 0.02285 0.09951
vt 0.02285 0.09951
vt 0.02285 0.12896
vt 0.02285 0.11424
vt 0.02285 0.11424
vt 0.03333 0.11424
vt 0.03333 0.11424
vt 0.03333 0.09951
vt 0.02285 0.12896
vt 0.03333 0.11424
vt 0.02285 0.11424
vt 0.02285 0.09951
vt 0.03333 0.09951
vt 0.03333 0.09951
vt 0.03333 0.14369
vt 0.03333 0.14369
vt 0.03333 0.12896
vt 0.03333 0.14369
vt 0.02285 0.14369
vt 0.02285 0.12896
vt 0.03333 0.14369
vt 0.03333 0.14369
vt 0.02285 0.14369
vt 0.02285 0.09951
vt 0.02285 0.09951
vt 0.03333 0.09951
vt 0.02285 0.14369
vt 0.03333 0.14369
vt 0.03333 0.12896
vt 0.02285 0.14369
vt 0.02285 0.14369
vt 0.02285 0.12896
vt 0.29439 0.19675
vt 0.29439 0.21148
vt 0.28391 0.21148
vt 0.29439 0.18202
vt 0.29439 0.19675
vt 0.28391 0.19675
vt 0.28391 0.19675
vt 0.28391 0.21148
vt 0.29439 0.21148
vt 0.28391 0.18202
vt 0.28391 0.19675
vt 0.29439 0.19675
vt 0.28391 0.18202
vt 0.29439 0.18202
vt 0.28391 0.18202
vt 0.29439 0.19675
vt 0.29439 0.21148
vt 0.29439 0.19675
vt 0.29439 0.19675
vt 0.28391 0.21148
vt 0.28391 0.19675
vt 0.28391 0.18202
vt 0.29439 0.18202
vt 0.29439 0.18202
vt 0.28391 0.21148
vt 0.28391 0.22620
vt 0.28391 0.21148
vt 0.28391 0.21148
vt 0.28391 0.22620
vt 0.28391 0.22620
vt 0.29439 0.21148
vt 0.29439 0.22620
vt 0.28391 0.22620
vt 0.29439 0.18202
vt 0.29439 0.19675
vt 0.29439 0.18202
vt 0.29439 0.21148
vt 0.29439 0.22620
vt 0.29439 0.22620
vt 0.29439 0.22620
vt 0.28391 0.22620
vt 0.29439 0.22620
vt 0.28391 0.18202
vt 0.29439 0.19675
vt 0.29439 0.18202
vt 0.28391 0.19675
vt 0.29439 0.21148
vt 0.29439 0.19675
vt 0.28391 0.21148
vt 0.28391 0.22620
vt 0.29439 0.22620
vt 0.29439 0.21148
vt 0.28391 0.22620
vt 0.28391 0.21148
vt 0.29439 0.21148
vt 0.29439 0.22620
vt 0.29439 0.21148
vt 0.29439 0.18202
vt 0.28391 0.19675
vt 0.28391 0.18202
vt 0.28391 0.21148
vt 0.29439 0.22620
vt 0.29439 0.21148
vt 0.29439 0.19675
vt 0.29439 0.21148
vt 0.29439 0.21148
vt 0.28391 0.19675
vt 0.28391 0.21148
vt 0.28391 0.21148
vt 0.29439 0.22620
vt 0.28391 0.22620
vt 0.28391 0.22620
vt 0.29439 0.18202
vt 0.29439 0.19675
vt 0.29439 0.19675
vt 0.28391 0.18202
vt 0.28391 0.19675
vt 0.28391 0.18202
vt 0.28391 0.19675
vt 0.28391 0.21148
vt 0.28391 0.19675
vt 0.28391 0.18202
vt 0.28391 0.19675
vt 0.28391 0.19675
vt 0.29439 0.12896
vt 0.29439 0.14369
vt 0.29439 0.14369
vt 0.28391 0.09951
vt 0.28391 0.11424
vt 0.29439 0.11424
vt 0.29439 0.09951
vt 0.29439 0.11424
vt 0.28391 0.11424
vt 0.29439 0.11424
vt 0.29439 0.12896
vt 0.28391 0.12896
vt 0.28391 0.11424
vt 0.28391 0.12896
vt 0.28391 0.11424
vt 0.28391 0.09951
vt 0.28391 0.11424
vt 0.28391 0.09951
vt 0.29439 0.11424
vt 0.28391 0.12896
vt 0.28391 0.11424
vt 0.29439 0.09951
vt 0.28391 0.11424
vt 0.28391 0.09951
vt 0.29439 0.14369
vt 0.28391 0.14369
vt 0.29439 0.14369
vt 0.29439 0.11424
vt 0.29439 0.12896
vt 0.29439 0.11424
vt 0.28391 0.09951
vt 0.29439 0.09951
vt 0.28391 0.09951
vt 0.28391 0.09951
vt 0.29439 0.11424
vt 0.29439 0.09951
vt 0.28391 0.12896
vt 0.28391 0.14369
vt 0.28391 0.12896
vt 0.29439 0.09951
vt 0.29439 0.11424
vt 0.29439 0.11424
vt 0.28391 0.12896
vt 0.28391 0.14369
vt 0.28391 0.14369
vt 0.29439 0.12896
vt 0.29439 0.14369
vt 0.28391 0.14369
vt 0.28391 0.11424
vt 0.28391 0.12896
vt 0.28391 0.12896
vt 0.28391 0.09951
vt 0.28391 0.11424
vt 0.28391 0.11424
vt 0.28391 0.11424
vt 0.29439 0.12896
vt 0.29439 0.11424
vt 0.29439 0.09951
vt 0.29439 0.11424
vt 0.29439 0.09951
vt 0.29439 0.11424
vt 0.29439 0.12896
vt 0.29439 0.12896
vt 0.28391 0.12896
vt 0.28391 0.14369
vt 0.29439 0.14369
vt 0.29439 0.14369
vt 0.28391 0.14369
vt 0.28391 0.14369
vt 0.28391 0.09951
vt 0.29439 0.09951
vt 0.29439 0.09951
vt 0.28391 0.11424
vt 0.28391 0.12896
vt 0.29439 0.12896
vt 0.29439 0.12896
vt 0.28391 0.14369
vt 0.28391 0.12896
vt 0.29439 0.12896
vt 0.29439 0.14369
vt 0.29439 0.12896
vt 0.28391 0.12896
vt 0.29439 0.14369
vt 0.29439 0.12896
vt 0.13623 0.47508
vt 0.13623 0.50062
vt 0.19658 0.50283
vt 0.13623 0.47508
vt 0.19658 0.47287
vt 0.13623 0.50062
vt 0.19658 0.47287
vt 0.19658 0.50283
vt 0.13623 0.50062
vt 0.19658 0.47287
vt 0.13623 0.47508
vt 0.19658 0.50283
vt 0.21543 0.49294
vt 0.21543 0.46462
vt 0.19430 0.46462
vt 0.19430 0.46462
vt 0.19430 0.42534
vt 0.19430 0.44271
vt 0.19430 0.49294
vt 0.19430 0.46462
vt 0.19430 0.48199
vt 0.19430 0.44271
vt 0.21543 0.48199
vt 0.19430 0.48199
vt 0.21543 0.48199
vt 0.21543 0.42496
vt 0.21543 0.46462
vt 0.21543 0.49294
vt 0.19430 0.46462
vt 0.19430 0.49294
vt 0.19430 0.42534
vt 0.19430 0.41438
vt 0.19430 0.44271
vt 0.19430 0.48199
vt 0.21543 0.48199
vt 0.21543 0.49294
vt 0.21543 0.46462
vt 0.21543 0.49294
vt 0.21543 0.48199
vt 0.19430 0.44271
vt 0.21543 0.42496
vt 0.21543 0.48199
vt 0.21543 0.42534
vt 0.21543 0.46462
vt 0.21543 0.42496
vt 0.21543 0.42534
vt 0.21543 0.42496
vt 0.19430 0.41438
vt 0.21543 0.46462
vt 0.19430 0.42534
vt 0.19430 0.46462
vt 0.21543 0.42534
vt 0.19430 0.41438
vt 0.19430 0.42534
vt 0.21543 0.46462
vt 0.21543 0.42534
vt 0.19430 0.42534
vt 0.19430 0.48199
vt 0.21543 0.49294
vt 0.19430 0.49294
vt 0.21543 0.42496
vt 0.19430 0.44271
vt 0.19430 0.41438
vt 0.19430 0.44271
vt 0.19430 0.48199
vt 0.19430 0.46462
vt 0.21543 0.41488
vt 0.21543 0.45416
vt 0.21543 0.41450
vt 0.19430 0.43225
vt 0.19430 0.47153
vt 0.19430 0.45416
vt 0.19430 0.45416
vt 0.21543 0.41488
vt 0.19430 0.41488
vt 0.19430 0.43225
vt 0.21543 0.47153
vt 0.19430 0.47153
vt 0.21543 0.48248
vt 0.19430 0.45416
vt 0.19430 0.48248
vt 0.19430 0.47153
vt 0.21543 0.47153
vt 0.21543 0.48248
vt 0.19430 0.45416
vt 0.21543 0.45416
vt 0.21543 0.41488
vt 0.21543 0.45416
vt 0.21543 0.48248
vt 0.21543 0.47153
vt 0.19430 0.41488
vt 0.19430 0.40392
vt 0.19430 0.43225
vt 0.19430 0.40392
vt 0.21543 0.41450
vt 0.19430 0.43225
vt 0.21543 0.48248
vt 0.21543 0.45416
vt 0.19430 0.45416
vt 0.19430 0.48248
vt 0.19430 0.45416
vt 0.19430 0.47153
vt 0.19430 0.45416
vt 0.19430 0.41488
vt 0.19430 0.43225
vt 0.19430 0.43225
vt 0.21543 0.41450
vt 0.21543 0.47153
vt 0.21543 0.41488
vt 0.21543 0.41450
vt 0.19430 0.40392
vt 0.21543 0.41488
vt 0.19430 0.40392
vt 0.19430 0.41488
vt 0.21543 0.47153
vt 0.21543 0.41450
vt 0.21543 0.45416
vt 0.19430 0.47153
vt 0.21543 0.48248
vt 0.19430 0.48248
vt 0.13623 0.46462
vt 0.19658 0.46241
vt 0.13623 0.49016
vt 0.19658 0.46241
vt 0.13623 0.46462
vt 0.19658 0.49237
vt 0.13623 0.46462
vt 0.13623 0.49016
vt 0.19658 0.49237
vt 0.19658 0.46241
vt 0.19658 0.49237
vt 0.13623 0.49016
vt 0.19658 0.49442
vt 0.13623 0.49240
vt 0.13623 0.50010
vt 0.19658 0.49442
vt 0.13623 0.50010
vt 0.19658 0.50313
vt 0.19658 0.49442
vt 0.19658 0.50313
vt 0.13623 0.50010
vt 0.13623 0.49240
vt 0.19658 0.49442
vt 0.13623 0.50010
vt 0.21543 0.45783
vt 0.21543 0.51476
vt 0.21543 0.49210
vt 0.19430 0.51476
vt 0.19430 0.47639
vt 0.19430 0.49210
vt 0.21543 0.51476
vt 0.21543 0.45783
vt 0.19430 0.47639
vt 0.19430 0.47639
vt 0.19430 0.44588
vt 0.19430 0.45373
vt 0.19430 0.44588
vt 0.21543 0.45373
vt 0.19430 0.45373
vt 0.21543 0.51476
vt 0.19430 0.47639
vt 0.19430 0.51476
vt 0.19430 0.49210
vt 0.21543 0.49210
vt 0.21543 0.52262
vt 0.19430 0.45373
vt 0.21543 0.45373
vt 0.21543 0.49210
vt 0.21543 0.52262
vt 0.21543 0.51476
vt 0.19430 0.51476
vt 0.21543 0.51476
vt 0.21543 0.52262
vt 0.21543 0.49210
vt 0.19430 0.44588
vt 0.21543 0.45783
vt 0.21543 0.45373
vt 0.19430 0.52262
vt 0.19430 0.51476
vt 0.19430 0.49210
vt 0.21543 0.45783
vt 0.19430 0.44588
vt 0.19430 0.47639
vt 0.19430 0.45373
vt 0.19430 0.49210
vt 0.19430 0.47639
vt 0.21543 0.49210
vt 0.21543 0.45373
vt 0.21543 0.45783
vt 0.21543 0.52262
vt 0.19430 0.51476
vt 0.19430 0.52262
vt 0.19430 0.45373
vt 0.21543 0.49210
vt 0.19430 0.49210
vt 0.19430 0.49210
vt 0.21543 0.52262
vt 0.19430 0.52262
vt 0.13623 0.50102
vt 0.19658 0.50133
vt 0.13623 0.46176
vt 0.19658 0.50133
vt 0.13623 0.50102
vt 0.13623 0.46176
vt 0.19658 0.50133
vt 0.19658 0.46222
vt 0.13623 0.46176
vt 0.19658 0.50133
vt 0.13623 0.46176
vt 0.19658 0.46222
vt 0.13313 0.46498
vt 0.11783 0.48212
vt 0.11783 0.47418
vt 0.13313 0.46498
vt 0.11783 0.47418
vt 0.11783 0.44573
vt 0.13313 0.42364
vt 0.11783 0.42521
vt 0.11783 0.45011
vt 0.11783 0.48212
vt 0.11783 0.45011
vt 0.11783 0.47418
vt 0.13313 0.42364
vt 0.13313 0.46160
vt 0.13313 0.46498
vt 0.13313 0.46160
vt 0.13313 0.48212
vt 0.13313 0.46498
vt 0.13313 0.42364
vt 0.13313 0.46498
vt 0.11783 0.44573
vt 0.13313 0.46160
vt 0.13313 0.42364
vt 0.11783 0.45011
vt 0.13313 0.48212
vt 0.13313 0.46160
vt 0.11783 0.45011
vt 0.13313 0.46498
vt 0.13313 0.48212
vt 0.11783 0.48212
vt 0.11783 0.45011
vt 0.11783 0.42521
vt 0.11783 0.44573
vt 0.13313 0.42364
vt 0.11783 0.44573
vt 0.11783 0.42521
vt 0.11783 0.44573
vt 0.11783 0.47418
vt 0.11783 0.45011
vt 0.13313 0.48212
vt 0.11783 0.45011
vt 0.11783 0.48212
vt 0.11783 0.45107
vt 0.13313 0.47166
vt 0.11783 0.46191
vt 0.11783 0.46191
vt 0.13313 0.42268
vt 0.11783 0.41522
vt 0.13313 0.42268
vt 0.13313 0.45114
vt 0.13313 0.45039
vt 0.13313 0.41475
vt 0.13313 0.42268
vt 0.13313 0.45039
vt 0.13313 0.42268
vt 0.13313 0.41475
vt 0.11783 0.41522
vt 0.11783 0.46191
vt 0.13313 0.45114
vt 0.13313 0.42268
vt 0.13313 0.41475
vt 0.11783 0.45107
vt 0.11783 0.41522
vt 0.11783 0.46191
vt 0.13313 0.47166
vt 0.13313 0.45114
vt 0.13313 0.45114
vt 0.13313 0.47166
vt 0.13313 0.45039
vt 0.13313 0.41475
vt 0.13313 0.45039
vt 0.11783 0.45107
vt 0.11783 0.45107
vt 0.13313 0.45039
vt 0.13313 0.47166
vt 0.11783 0.46191
vt 0.11783 0.41522
vt 0.11783 0.45107
vt 0.13313 0.46511
vt 0.13313 0.51544
vt 0.13313 0.47075
vt 0.11783 0.45645
vt 0.13313 0.47075
vt 0.11783 0.47834
vt 0.11783 0.50635
vt 0.11783 0.47856
vt 0.11783 0.47834
vt 0.11783 0.47834
vt 0.13313 0.47075
vt 0.13313 0.51544
vt 0.13313 0.51544
vt 0.13313 0.46511
vt 0.11783 0.47856
vt 0.11783 0.51204
vt 0.11783 0.50635
vt 0.11783 0.47834
vt 0.11783 0.47834
vt 0.13313 0.51544
vt 0.11783 0.51204
vt 0.13313 0.46511
vt 0.11783 0.45645
vt 0.11783 0.47856
vt 0.13313 0.51544
vt 0.11783 0.50635
vt 0.11783 0.51204
vt 0.13313 0.51544
vt 0.11783 0.47856
vt 0.11783 0.50635
vt 0.11783 0.47856
vt 0.11783 0.45645
vt 0.11783 0.47834
vt 0.11783 0.45645
vt 0.13313 0.46511
vt 0.13313 0.47075
vt 0.15678 0.45004
vt 0.27722 0.45331
vt 0.27722 0.45518
vt 0.15678 0.46204
vt 0.27722 0.47705
vt 0.27722 0.45331
vt 0.27722 0.47705
vt 0.15678 0.47105
vt 0.27722 0.45518
vt 0.15678 0.46204
vt 0.15678 0.47105
vt 0.27722 0.47705
vt 0.27722 0.45518
vt 0.15678 0.47105
vt 0.15678 0.45004
vt 0.15678 0.45004
vt 0.15678 0.46204
vt 0.27722 0.45331
vt 0.27722 0.45331
vt 0.27722 0.47705
vt 0.27722 0.45518
vt 0.03677 0.45454
vt 0.15720 0.45604
vt 0.03677 0.46204
vt 0.03677 0.45454
vt 0.15720 0.47405
vt 0.15720 0.45604
vt 0.03677 0.47405
vt 0.03677 0.45454
vt 0.03677 0.46204
vt 0.03677 0.46204
vt 0.15720 0.45604
vt 0.15720 0.46204
vt 0.03677 0.47405
vt 0.03677 0.46204
vt 0.15720 0.47405
vt 0.03677 0.46204
vt 0.15720 0.46204
vt 0.15720 0.47405
vt 0.03677 0.45454
vt 0.03677 0.47405
vt 0.15720 0.47405
f 3082/11302 3091/11303 3077/11304
f 3080/11305 3085/11306 3081/11307
f 3079/11308 3082/11309 3084/11310
f 3104/11311 3103/11312 3100/11313
f 3094/11314 3106/11315 3105/11316
f 3094/11317 3093/11318 3096/11319
f 3095/11320 3093/11321 3105/11322
f 3105/11323 3093/11324 3094/11325
f 3083/11326 3089/11327 3086/11328
f 3077/11329 3078/11330 3081/11331
f 3077/11332 3078/11333 3079/11334
f 3083/11335 3086/11336 3080/11337
f 3083/11338 3080/11339 3081/11340
f 3083/11341 3081/11342 3078/11343
f 3081/11344 3085/11345 3080/11346
f 3092/11347 3089/11348 3088/11349
f 3104/11350 3108/11351 3102/11352
f 3078/11353 3077/11354 3091/11355
f 3106/11356 3103/11357 3108/11358
f 3098/11359 3084/11360 3082/11361
f 3077/11362 3080/11363 3092/11364
f 3090/11365 3102/11366 3088/11367
f 3083/11368 3077/11369 3092/11370
f 3099/11371 3104/11372 3100/11373
f 3100/11374 3103/11375 3095/11376
f 3077/11377 3083/11378 3078/11379
f 3078/11380 3091/11381 3079/11382
f 3095/11383 3106/11384 3108/11385
f 3094/11386 3097/11387 3106/11388
f 3097/11389 3077/11390 3093/11391
f 3088/11392 3089/11393 3090/11394
f 3089/11395 3087/11396 3090/11397
f 3097/11398 3093/11399 3106/11400
f 3101/11401 3102/11402 3108/11403
f 3094/11404 3107/11405 3097/11406
f 3095/11407 3105/11408 3106/11409
f 3108/11410 3103/11411 3101/11412
f 3098/11413 3096/11414 3093/11415
f 3092/11416 3080/11417 3086/11418
f 3089/11419 3088/11420 3087/11421
f 3088/11422 3101/11423 3087/11424
f 3083/11425 3088/11426 3089/11427
f 3088/11428 3083/11429 3092/11430
f 3101/11431 3088/11432 3102/11433
f 3098/11434 3107/11435 3096/11436
f 3084/11437 3098/11438 3093/11439
f 3106/11440 3093/11441 3103/11442
f 3096/11443 3107/11444 3094/11445
f 3077/11446 3081/11447 3080/11448
f 3100/11449 3095/11450 3108/11451
f 3104/11452 3100/11453 3108/11454
f 3079/11455 3091/11456 3082/11457
f 3079/11458 3084/11459 3077/11460
f 3098/11461 3082/11462 3097/11463
f 3104/11464 3099/11465 3100/11466
f 3101/11467 3104/11468 3102/11469
f 3092/11470 3086/11471 3089/11472
f 3084/11473 3093/11474 3077/11475
f 3082/11476 3077/11477 3097/11478
f 3104/11479 3101/11480 3103/11481
f 3097/11482 3107/11483 3098/11484
f 3095/11485 3103/11486 3093/11487
f 3102/11488 3087/11489 3101/11490
f 3087/11491 3102/11492 3090/11493
f 2516/11494 2367/11495 2368/11496
f 2521/11497 2519/11498 2529/11499
f 2367/11500 2370/11501 2374/11502
f 2366/11503 2370/11504 2371/11505
f 2514/11506 2513/11507 2371/11508
f 2515/11509 2530/11510 2517/11511
f 2520/11512 2517/11513 2518/11514
f 2525/11515 2523/11516 2533/11517
f 2519/11518 2528/11519 2529/11520
f 2532/11521 2570/11522 2523/11523
f 2516/11524 2368/11525 2530/11526
f 2528/11527 2532/11528 2529/11529
f 2521/11530 2525/11531 2522/11532
f 2517/11533 2368/11534 2365/11535
f 2518/11536 2371/11537 2513/11538
f 2516/11539 2369/11540 2367/11541
f 2517/11542 2366/11543 2518/11544
f 2525/11545 2526/11546 2524/11547
f 2525/11548 2531/11549 2526/11550
f 2528/11551 2526/11552 2532/11553
f 2522/11554 2524/11555 2520/11556
f 2515/11557 2527/11558 2528/11559
f 2521/11560 2529/11561 2523/11562
f 2520/11563 2527/11564 2515/11565
f 2514/11566 2371/11567 2369/11568
f 2515/11569 2517/11570 2520/11571
f 2520/11572 2518/11573 2522/11574
f 2522/11575 2513/11576 2521/11577
f 2513/11578 2519/11579 2521/11580
f 2514/11581 2515/11582 2519/11583
f 2367/11584 2374/11585 2373/11586
f 2369/11587 2371/11588 2370/11589
f 2365/11590 2368/11591 2373/11592
f 2365/11593 2373/11594 2372/11595
f 2367/11596 2369/11597 2370/11598
f 2366/11599 2372/11600 2370/11601
f 2524/11602 2526/11603 2527/11604
f 2522/11605 2525/11606 2524/11607
f 2514/11608 2516/11609 2515/11610
f 2516/11611 2530/11612 2515/11613
f 2519/11614 2515/11615 2528/11616
f 2521/11617 2523/11618 2525/11619
f 2522/11620 2518/11621 2513/11622
f 2513/11623 2514/11624 2519/11625
f 2372/11626 2373/11627 2370/11628
f 2365/11629 2372/11630 2366/11631
f 2367/11632 2373/11633 2368/11634
f 2533/11635 2568/11636 2531/11637
f 2568/11638 2570/11639 2531/11640
f 2531/11641 2570/11642 2569/11643
f 2532/11644 2531/11645 2569/11646
f 2532/11647 2569/11648 2570/11649
f 2533/11650 2570/11651 2568/11652
f 2374/11653 2375/11654 2373/11655
f 2373/11656 2375/11657 2370/11658
f 2374/11659 2370/11660 2375/11661
f 2517/11662 2365/11663 2366/11664
f 2533/11665 2523/11666 2570/11667
f 2525/11668 2533/11669 2531/11670
f 2528/11671 2527/11672 2526/11673
f 2529/11674 2532/11675 2523/11676
f 2526/11677 2531/11678 2532/11679
f 2517/11680 2530/11681 2368/11682
f 2518/11683 2366/11684 2371/11685
f 2516/11686 2514/11687 2369/11688
f 2520/11689 2524/11690 2527/11691
f 2536/11692 2380/11693 2550/11694
f 2376/11695 2378/11696 2377/11697
f 2543/11698 2534/11699 2541/11700
f 2534/11701 2540/11702 2541/11703
f 2546/11704 2551/11705 2549/11706
f 2541/11707 2546/11708 2543/11709
f 2543/11710 2549/11711 2542/11712
f 2539/11713 2547/11714 2548/11715
f 2541/11716 2544/11717 2545/11718
f 2542/11719 2538/11720 2543/11721
f 2540/11722 2548/11723 2544/11724
f 2381/11725 2384/11726 2382/11727
f 2376/11728 2380/11729 2383/11730
f 2379/11731 2381/11732 2382/11733
f 2377/11734 2378/11735 2382/11736
f 2571/11737 2551/11738 2554/11739
f 2548/11740 2553/11741 2544/11742
f 2537/11743 2550/11744 2380/11745
f 2538/11746 2377/11747 2384/11748
f 2535/11749 2381/11750 2379/11751
f 2555/11752 2554/11753 2551/11754
f 2554/11755 2556/11756 2571/11757
f 2553/11758 2571/11759 2544/11760
f 2552/11761 2556/11762 2554/11763
f 2543/11764 2538/11765 2534/11766
f 2534/11767 2535/11768 2540/11769
f 2535/11770 2536/11771 2539/11772
f 2536/11773 2550/11774 2542/11775
f 2540/11776 2539/11777 2548/11778
f 2536/11779 2379/11780 2380/11781
f 2549/11782 2551/11783 2571/11784
f 2537/11785 2380/11786 2376/11787
f 2538/11788 2384/11789 2534/11790
f 2535/11791 2379/11792 2536/11793
f 2537/11794 2377/11795 2538/11796
f 2546/11797 2554/11798 2551/11799
f 2553/11800 2547/11801 2549/11802
f 2539/11803 2542/11804 2547/11805
f 2543/11806 2546/11807 2549/11808
f 2535/11809 2539/11810 2540/11811
f 2536/11812 2542/11813 2539/11814
f 2544/11815 2556/11816 2552/11817
f 2549/11818 2571/11819 2553/11820
f 2554/11821 2555/11822 2551/11823
f 2541/11824 2545/11825 2546/11826
f 2545/11827 2552/11828 2546/11829
f 2546/11830 2552/11831 2554/11832
f 2542/11833 2537/11834 2538/11835
f 2378/11836 2383/11837 2385/11838
f 2379/11839 2383/11840 2380/11841
f 2541/11842 2540/11843 2544/11844
f 2542/11845 2549/11846 2547/11847
f 2535/11848 2534/11849 2384/11850
f 2542/11851 2550/11852 2537/11853
f 2547/11854 2553/11855 2548/11856
f 2544/11857 2552/11858 2545/11859
f 2537/11860 2376/11861 2377/11862
f 2382/11863 2385/11864 2383/11865
f 2378/11866 2385/11867 2382/11868
f 2376/11869 2383/11870 2378/11871
f 2379/11872 2382/11873 2383/11874
f 2377/11875 2382/11876 2384/11877
f 2544/11878 2571/11879 2556/11880
f 2535/11881 2384/11882 2381/11883
f 3327/11884 3326/11885 3329/11886
f 3330/11887 3335/11888 3327/11889
f 3325/11890 3333/11891 3335/11892
f 3327/11893 3335/11894 3333/11895
f 3331/11896 3329/11897 3334/11898
f 3330/11899 3334/11900 3329/11901
f 3332/11902 3333/11903 3325/11904
f 3328/11905 3325/11906 3326/11907
f 3325/11908 3329/11909 3326/11910
f 3330/11911 3331/11912 3334/11913
f 3328/11914 3332/11915 3325/11916
f 3325/11917 3330/11918 3329/11919
f 3326/11920 3332/11921 3328/11922
f 3331/11923 3327/11924 3329/11925
f 3327/11926 3333/11927 3326/11928
f 3333/11929 3336/11930 3337/11931
f 3325/11932 3335/11933 3330/11934
f 3333/11935 3337/11936 3335/11937
f 3335/11938 3336/11939 3333/11940
f 3330/11941 3327/11942 3331/11943
f 3335/11944 3337/11945 3336/11946
f 3332/11947 3326/11948 3333/11949
f 2271/11950 2264/11951 2265/11952
f 2258/11953 2265/11954 2267/11955
f 2257/11956 2267/11957 2263/11958
f 2257/11959 2258/11960 2267/11961
f 2263/11962 2261/11963 2257/11964
f 2264/11965 2269/11966 2270/11967
f 2263/11968 2267/11969 2264/11970
f 2256/11971 2263/11972 2271/11973
f 2261/11974 2260/11975 2257/11976
f 2259/11977 2265/11978 2258/11979
f 2271/11980 2263/11981 2264/11982
f 2260/11983 2266/11984 2265/11985
f 2261/11986 2266/11987 2260/11988
f 2262/11989 2271/11990 2266/11991
f 2256/11992 2262/11993 2266/11994
f 2271/11995 2262/11996 2256/11997
f 2268/11998 2264/11999 2270/12000
f 2257/12001 2259/12002 2258/12003
f 2256/12004 2261/12005 2263/12006
f 2260/12007 2259/12008 2257/12009
f 2267/12010 2265/12011 2264/12012
f 2269/12013 2268/12014 2270/12015
f 2264/12016 2263/12017 2269/12018
f 2256/12019 2266/12020 2261/12021
f 2263/12022 2268/12023 2269/12024
f 2268/12025 2263/12026 2264/12027
f 2259/12028 2260/12029 2265/12030
f 2271/12031 2265/12032 2266/12033
f 2289/12034 2295/12035 2293/12036
f 2289/12037 2285/12038 2295/12039
f 2296/12040 2292/12041 2297/12042
f 2277/12043 2296/12044 2295/12045
f 2285/12046 2286/12047 2299/12048
f 2293/12049 2298/12050 2297/12051
f 2293/12052 2297/12053 2292/12054
f 2285/12055 2299/12056 2277/12057
f 2293/12058 2295/12059 2298/12060
f 2283/12061 2282/12062 2294/12063
f 2280/12064 2282/12065 2283/12066
f 2284/12067 2286/12068 2285/12069
f 2279/12070 2286/12071 2281/12072
f 2282/12073 2284/12074 2289/12075
f 2286/12076 2279/12077 2278/12078
f 2295/12079 2296/12080 2298/12081
f 2281/12082 2284/12083 2280/12084
f 2279/12085 2281/12086 2280/12087
f 2277/12088 2299/12089 2278/12090
f 2287/12091 2292/12092 2288/12093
f 2284/12094 2285/12095 2289/12096
f 2284/12097 2281/12098 2286/12099
f 2289/12100 2287/12101 2291/12102
f 2287/12103 2288/12104 2291/12105
f 2290/12106 2288/12107 2282/12108
f 2287/12109 2293/12110 2292/12111
f 2291/12112 2288/12113 2290/12114
f 2287/12115 2289/12116 2293/12117
f 2296/12118 2297/12119 2298/12120
f 2282/12121 2288/12122 2294/12123
f 2278/12124 2299/12125 2286/12126
f 2277/12127 2295/12128 2285/12129
f 2282/12130 2289/12131 2290/12132
f 2290/12133 2289/12134 2291/12135
f 2279/12136 2280/12137 2294/12138
f 2284/12139 2282/12140 2280/12141
f 2294/12142 2280/12143 2283/12144
f 2277/12145 2278/12146 2279/12147
f 3114/12148 3118/12149 3117/12150
f 3120/12151 3116/12152 3115/12153
f 3118/12154 3114/12155 3113/12156
f 3121/12157 3119/12158 3123/12159
f 3118/12160 3113/12161 3115/12162
f 3121/12163 3124/12164 3120/12165
f 3114/12166 3122/12167 3120/12168
f 3122/12169 3121/12170 3120/12171
f 3114/12172 3120/12173 3113/12174
f 3122/12175 3117/12176 3121/12177
f 3117/12178 3115/12179 3116/12180
f 3119/12181 3121/12182 3117/12183
f 3120/12184 3124/12185 3123/12186
f 3116/12187 3123/12188 3119/12189
f 3117/12190 3118/12191 3115/12192
f 3120/12193 3115/12194 3113/12195
f 3123/12196 3124/12197 3121/12198
f 3116/12199 3119/12200 3117/12201
f 3120/12202 3123/12203 3116/12204
f 3114/12205 3117/12206 3122/12207
f 2954/12208 2949/12209 2950/12210
f 2953/12211 2954/12212 2950/12213
f 2949/12214 2954/12215 2950/12216
f 2950/12217 2954/12218 2951/12219
f 2951/12220 2953/12221 2952/12222
f 2953/12223 2951/12224 2954/12225
f 2950/12226 2951/12227 2952/12228
f 2953/12229 2950/12230 2952/12231
f 3141/12232 3143/12233 3142/12234
f 3155/12235 3160/12236 3159/12237
f 3146/12238 3158/12239 3157/12240
f 3156/12241 3154/12242 3149/12243
f 3147/12244 3161/12245 3148/12246
f 3143/12247 3141/12248 3152/12249
f 3145/12250 3152/12251 3146/12252
f 3147/12253 3156/12254 3151/12255
f 3153/12256 3162/12257 3157/12258
f 3148/12259 3161/12260 3159/12261
f 3162/12262 3142/12263 3156/12264
f 3152/12265 3153/12266 3158/12267
f 3150/12268 3159/12269 3161/12270
f 3149/12271 3155/12272 3150/12273
f 3150/12274 3161/12275 3147/12276
f 3152/12277 3158/12278 3146/12279
f 3147/12280 3148/12281 3160/12282
f 3143/12283 3144/12284 3142/12285
f 3145/12286 3146/12287 3144/12288
f 3153/12289 3157/12290 3158/12291
f 3162/12292 3156/12293 3147/12294
f 3147/12295 3151/12296 3150/12297
f 3141/12298 3153/12299 3152/12300
f 3160/12301 3162/12302 3147/12303
f 3154/12304 3155/12305 3149/12306
f 3146/12307 3157/12308 3162/12309
f 3155/12310 3159/12311 3150/12312
f 3148/12313 3159/12314 3160/12315
f 3154/12316 3160/12317 3155/12318
f 3144/12319 3160/12320 3154/12321
f 3160/12322 3146/12323 3162/12324
f 3141/12325 3162/12326 3153/12327
f 3156/12328 3149/12329 3151/12330
f 3143/12331 3145/12332 3144/12333
f 3143/12334 3152/12335 3145/12336
f 3149/12337 3150/12338 3151/12339
f 3141/12340 3142/12341 3162/12342
f 3142/12343 3154/12344 3156/12345
f 3144/12346 3146/12347 3160/12348
f 3142/12349 3144/12350 3154/12351
f 2942/12352 2944/12353 2946/12354
f 2943/12355 2935/12356 2948/12357
f 2944/12358 2947/12359 2946/12360
f 2945/12361 2944/12362 2942/12363
f 2948/12364 2942/12365 2941/12366
f 2943/12367 2948/12368 2941/12369
f 2945/12370 2947/12371 2944/12372
f 2948/12373 2945/12374 2942/12375
f 2941/12376 2942/12377 2939/12378
f 2943/12379 2939/12380 2935/12381
f 2943/12382 2941/12383 2939/12384
f 2942/12385 2946/12386 2939/12387
f 2972/12388 2977/12389 2970/12390
f 2974/12391 2971/12392 2973/12393
f 2964/12394 2970/12395 2969/12396
f 2974/12397 2976/12398 2971/12399
f 2972/12400 2964/12401 2977/12402
f 2973/12403 2975/12404 2969/12405
f 2977/12406 2973/12407 2970/12408
f 2964/12409 2972/12410 2970/12411
f 2970/12412 2973/12413 2969/12414
f 2977/12415 2974/12416 2973/12417
f 2971/12418 2976/12419 2975/12420
f 2973/12421 2971/12422 2975/12423
f 2275/12424 2272/12425 2276/12426
f 2274/12427 2275/12428 2276/12429
f 2272/12430 2273/12431 2276/12432
f 2275/12433 2274/12434 2272/12435
f 2274/12436 2276/12437 2273/12438
f 2272/12439 2274/12440 2273/12441
f 2938/12442 2939/12443 2936/12444
f 2935/12445 2934/12446 2937/12447
f 2939/12448 2935/12449 2936/12450
f 2940/12451 2939/12452 2946/12453
f 2934/12454 2940/12455 2937/12456
f 2940/12457 2934/12458 2939/12459
f 2936/12460 2937/12461 2938/12462
f 2938/12463 2940/12464 2946/12465
f 2935/12466 2937/12467 2936/12468
f 2934/12469 2935/12470 2939/12471
f 2938/12472 2937/12473 2940/12474
f 2938/12475 2946/12476 2939/12477
f 2960/12478 2961/12479 2962/12480
f 2959/12481 2962/12482 2961/12483
f 2960/12484 2959/12485 2961/12486
f 2959/12487 2960/12488 2962/12489
f 2963/12490 2968/12491 2965/12492
f 2967/12493 2968/12494 2975/12495
f 2965/12496 2966/12497 2964/12498
f 2963/12499 2964/12500 2969/12501
f 2967/12502 2975/12503 2969/12504
f 2965/12505 2968/12506 2967/12507
f 2968/12508 2969/12509 2975/12510
f 2966/12511 2967/12512 2969/12513
f 2969/12514 2964/12515 2966/12516
f 2966/12517 2965/12518 2967/12519
f 2963/12520 2965/12521 2964/12522
f 2969/12523 2968/12524 2963/12525
f 2982/12526 2978/12527 2983/12528
f 2983/12529 2979/12530 2980/12531
f 2979/12532 2978/12533 2981/12534
f 2979/12535 2981/12536 2980/12537
f 2978/12538 2979/12539 2983/12540
f 2981/12541 2982/12542 2980/12543
f 2980/12544 2982/12545 2983/12546
f 2978/12547 2982/12548 2981/12549
f 3027/12550 3024/12551 3028/12552
f 3026/12553 3028/12554 3025/12555
f 3024/12556 3027/12557 3026/12558
f 3028/12559 3024/12560 3025/12561
f 3024/12562 3026/12563 3025/12564
f 3027/12565 3028/12566 3026/12567
f 3188/12568 3185/12569 3187/12570
f 3186/12571 3187/12572 3185/12573
f 3188/12574 3186/12575 3185/12576
f 3186/12577 3188/12578 3187/12579
f 3224/12580 3225/12581 3226/12582
f 3224/12583 3223/12584 3225/12585
f 3225/12586 3223/12587 3226/12588
f 3226/12589 3223/12590 3227/12591
f 3227/12592 3223/12593 3226/12594
f 3226/12595 3223/12596 3224/12597
f 3228/12598 3230/12599 3231/12600
f 3231/12601 3233/12602 3228/12603
f 3233/12604 3229/12605 3228/12606
f 3228/12607 3229/12608 3230/12609
f 3230/12610 3232/12611 3231/12612
f 3232/12613 3230/12614 3229/12615
f 3232/12616 3229/12617 3233/12618
f 3232/12619 3233/12620 3231/12621
f 3237/12622 3236/12623 3234/12624
f 3236/12625 3235/12626 3234/12627
f 3236/12628 3237/12629 3234/12630
f 3234/12631 3235/12632 3236/12633
f 3239/12634 3240/12635 3238/12636
f 3239/12637 3241/12638 3240/12639
f 3239/12640 3238/12641 3241/12642
f 3238/12643 3240/12644 3241/12645
f 3243/12646 3244/12647 3242/12648
f 3244/12649 3243/12650 3242/12651
f 3247/12652 3245/12653 3248/12654
f 3246/12655 3245/12656 3247/12657
f 3245/12658 3246/12659 3247/12660
f 3245/12661 3247/12662 3248/12663
f 3250/12664 3251/12665 3252/12666
f 3253/12667 3249/12668 3252/12669
f 3252/12670 3249/12671 3250/12672
f 3253/12673 3251/12674 3250/12675
f 3251/12676 3253/12677 3252/12678
f 3250/12679 3249/12680 3253/12681
f 3032/12682 3033/12683 3030/12684
f 3029/12685 3032/12686 3030/12687
f 3031/12688 3029/12689 3030/12690
f 3030/12691 3033/12692 3031/12693
f 3029/12694 3033/12695 3032/12696
f 3035/12697 3038/12698 3034/12699
f 3035/12700 3037/12701 3038/12702
f 3035/12703 3038/12704 3036/12705
f 3034/12706 3038/12707 3035/12708
f 3035/12709 3036/12710 3037/12711
f 3051/12712 3055/12713 3054/12714
f 3053/12715 3055/12716 3052/12717
f 3055/12718 3051/12719 3052/12720
f 3051/12721 3054/12722 3052/12723
f 3052/12724 3054/12725 3053/12726
f 3056/12727 3058/12728 3059/12729
f 3056/12730 3057/12731 3058/12732
f 3059/12733 3058/12734 3057/12735
f 3059/12736 3057/12737 3056/12738
f 3165/12739 3164/12740 3169/12741
f 3166/12742 3164/12743 3165/12744
f 3167/12745 3165/12746 3169/12747
f 3168/12748 3169/12749 3164/12750
f 3167/12751 3168/12752 3163/12753
f 3167/12754 3166/12755 3165/12756
f 3163/12757 3166/12758 3167/12759
f 3166/12760 3163/12761 3164/12762
f 3168/12763 3167/12764 3169/12765
f 3163/12766 3168/12767 3164/12768
f 3321/12769 3324/12770 3323/12771
f 3324/12772 3321/12773 3322/12774
f 3321/12775 3323/12776 3322/12777
f 3324/12778 3322/12779 3323/12780
f 3294/12781 3299/12782 3279/12783
f 3298/12784 3297/12785 3306/12786
f 3301/12787 3302/12788 3298/12789
f 3287/12790 3303/12791 3291/12792
f 3302/12793 3287/12794 3288/12795
f 3279/12796 3299/12797 3302/12798
f 3299/12799 3298/12800 3302/12801
f 3289/12802 3286/12803 3288/12804
f 3285/12805 3288/12806 3278/12807
f 3305/12808 3290/12809 3291/12810
f 3277/12811 3285/12812 3278/12813
f 3291/12814 3290/12815 3304/12816
f 3287/12817 3301/12818 3288/12819
f 3305/12820 3304/12821 3290/12822
f 3289/12823 3284/12824 3285/12825
f 3277/12826 3276/12827 3293/12828
f 3293/12829 3280/12830 3276/12831
f 3291/12832 3304/12833 3303/12834
f 3278/12835 3288/12836 3294/12837
f 3296/12838 3297/12839 3298/12840
f 3288/12841 3301/12842 3295/12843
f 3298/12844 3296/12845 3294/12846
f 3292/12847 3280/12848 3293/12849
f 3293/12850 3276/12851 3294/12852
f 3283/12853 3300/12854 3292/12855
f 3296/12856 3298/12857 3299/12858
f 3285/12859 3289/12860 3288/12861
f 3285/12862 3284/12863 3282/12864
f 3294/12865 3277/12866 3278/12867
f 3279/12868 3286/12869 3277/12870
f 3288/12871 3295/12872 3294/12873
f 3276/12874 3280/12875 3292/12876
f 3280/12877 3300/12878 3281/12879
f 3294/12880 3276/12881 3277/12882
f 3291/12883 3301/12884 3287/12885
f 3302/12886 3297/12887 3298/12888
f 3294/12889 3279/12890 3277/12891
f 3286/12892 3282/12893 3277/12894
f 3301/12895 3291/12896 3303/12897
f 3280/12898 3281/12899 3283/12900
f 3280/12901 3292/12902 3300/12903
f 3277/12904 3293/12905 3294/12906
f 3303/12907 3304/12908 3305/12909
f 3303/12910 3305/12911 3291/12912
f 3301/12913 3298/12914 3295/12915
f 3298/12916 3306/12917 3302/12918
f 3280/12919 3283/12920 3292/12921
f 3302/12922 3301/12923 3287/12924
f 3284/12925 3289/12926 3285/12927
f 3276/12928 3292/12929 3293/12930
f 3298/12931 3294/12932 3295/12933
f 3296/12934 3299/12935 3294/12936
f 3297/12937 3296/12938 3298/12939
f 3282/12940 3284/12941 3285/12942
f 3287/12943 3301/12944 3303/12945
f 3289/12946 3285/12947 3286/12948
f 3288/12949 3286/12950 3279/12951
f 3300/12952 3283/12953 3281/12954
f 3286/12955 3285/12956 3282/12957
f 3277/12958 3282/12959 3285/12960
f 3302/12961 3306/12962 3297/12963
f 3288/12964 3279/12965 3302/12966
f 2482/12967 2484/12968 2486/12969
f 2346/12970 2352/12971 2344/12972
f 2348/12973 2353/12974 2349/12975
f 2491/12976 2564/12977 2487/12978
f 2344/12979 2352/12980 2345/12981
f 2472/12982 2483/12983 2480/12984
f 2475/12985 2477/12986 2482/12987
f 2474/12988 2475/12989 2482/12990
f 2470/12991 2348/12992 2349/12993
f 2476/12994 2478/12995 2477/12996
f 2478/12997 2488/12998 2477/12999
f 2477/13000 2488/13001 2470/13002
f 2479/13003 2470/13004 2471/13005
f 2472/13006 2471/13007 2473/13008
f 2473/13009 2476/13010 2475/13011
f 2480/13012 2491/13013 2490/13014
f 2476/13015 2473/13016 2350/13017
f 2483/13018 2485/13019 2489/13020
f 2482/13021 2487/13022 2489/13023
f 2480/13024 2483/13025 2489/13026
f 2346/13027 2347/13028 2352/13029
f 2349/13030 2353/13031 2347/13032
f 2348/13033 2345/13034 2352/13035
f 2470/13036 2345/13037 2348/13038
f 2471/13039 2350/13040 2473/13041
f 2478/13042 2345/13043 2488/13044
f 2484/13045 2490/13046 2486/13047
f 2482/13048 2489/13049 2485/13050
f 2480/13051 2489/13052 2491/13053
f 2483/13054 2482/13055 2485/13056
f 2482/13057 2486/13058 2487/13059
f 2489/13060 2564/13061 2491/13062
f 2487/13063 2564/13064 2489/13065
f 2476/13066 2344/13067 2478/13068
f 2474/13069 2482/13070 2483/13071
f 2472/13072 2480/13073 2479/13074
f 2476/13075 2350/13076 2346/13077
f 2480/13078 2490/13079 2481/13080
f 2481/13081 2484/13082 2482/13083
f 2477/13084 2481/13085 2482/13086
f 2479/13087 2471/13088 2472/13089
f 2472/13090 2473/13091 2474/13092
f 2473/13093 2475/13094 2474/13095
f 2474/13096 2483/13097 2472/13098
f 2476/13099 2477/13100 2475/13101
f 2479/13102 2481/13103 2477/13104
f 2477/13105 2470/13106 2479/13107
f 2347/13108 2351/13109 2352/13110
f 2470/13111 2349/13112 2471/13113
f 2346/13114 2350/13115 2347/13116
f 2352/13117 2351/13118 2353/13119
f 2348/13120 2352/13121 2353/13122
f 2353/13123 2351/13124 2347/13125
f 2349/13126 2347/13127 2350/13128
f 2487/13129 2490/13130 2491/13131
f 2487/13132 2486/13133 2490/13134
f 2484/13135 2481/13136 2490/13137
f 2479/13138 2480/13139 2481/13140
f 2476/13141 2346/13142 2344/13143
f 2470/13144 2488/13145 2345/13146
f 2471/13147 2349/13148 2350/13149
f 2478/13150 2344/13151 2345/13152
f 2566/13153 2565/13154 2503/13155
f 2354/13156 2362/13157 2364/13158
f 2355/13159 2362/13160 2356/13161
f 2357/13162 2361/13163 2358/13164
f 2356/13165 2362/13166 2359/13167
f 2355/13168 2361/13169 2363/13170
f 2354/13171 2364/13172 2357/13173
f 2354/13174 2359/13175 2362/13176
f 2355/13177 2363/13178 2362/13179
f 2357/13180 2364/13181 2361/13182
f 2503/13183 2567/13184 2566/13185
f 2498/13186 2505/13187 2509/13188
f 2500/13189 2504/13190 2499/13191
f 2497/13192 2507/13193 2505/13194
f 2493/13195 2497/13196 2498/13197
f 2494/13198 2501/13199 2497/13200
f 2492/13201 2358/13202 2493/13203
f 2495/13204 2499/13205 2501/13206
f 2363/13207 2361/13208 2364/13209
f 2362/13210 2360/13211 2364/13212
f 2355/13213 2358/13214 2361/13215
f 2360/13216 2362/13217 2363/13218
f 2364/13219 2360/13220 2363/13221
f 2498/13222 2502/13223 2500/13224
f 2501/13225 2506/13226 2507/13227
f 2502/13228 2503/13229 2504/13230
f 2503/13231 2512/13232 2504/13233
f 2505/13234 2507/13235 2511/13236
f 2509/13237 2508/13238 2502/13239
f 2511/13240 2507/13241 2566/13242
f 2511/13243 2567/13244 2508/13245
f 2494/13246 2358/13247 2355/13248
f 2496/13249 2359/13250 2354/13251
f 2494/13252 2356/13253 2495/13254
f 2499/13255 2492/13256 2500/13257
f 2500/13258 2493/13259 2498/13260
f 2507/13261 2512/13262 2565/13263
f 2503/13264 2508/13265 2567/13266
f 2507/13267 2506/13268 2504/13269
f 2505/13270 2511/13271 2509/13272
f 2495/13273 2356/13274 2359/13275
f 2496/13276 2354/13277 2357/13278
f 2567/13279 2511/13280 2566/13281
f 2493/13282 2494/13283 2497/13284
f 2494/13285 2495/13286 2501/13287
f 2492/13288 2357/13289 2358/13290
f 2495/13291 2510/13292 2499/13293
f 2566/13294 2507/13295 2565/13296
f 2499/13297 2496/13298 2492/13299
f 2500/13300 2492/13301 2493/13302
f 2498/13303 2509/13304 2502/13305
f 2501/13306 2499/13307 2506/13308
f 2502/13309 2508/13310 2503/13311
f 2499/13312 2510/13313 2496/13314
f 2495/13315 2359/13316 2510/13317
f 2496/13318 2357/13319 2492/13320
f 2498/13321 2497/13322 2505/13323
f 2500/13324 2502/13325 2504/13326
f 2499/13327 2504/13328 2506/13329
f 2497/13330 2501/13331 2507/13332
f 2494/13333 2493/13334 2358/13335
f 2496/13336 2510/13337 2359/13338
f 2494/13339 2355/13340 2356/13341
f 2508/13342 2509/13343 2511/13344
f 2507/13345 2504/13346 2512/13347
f 2512/13348 2503/13349 2565/13350
f 2169/13351 2170/13352 2167/13353
f 2166/13354 2167/13355 2170/13356
f 2157/13357 2164/13358 2159/13359
f 2163/13360 2158/13361 2187/13362
f 2154/13363 2185/13364 2153/13365
f 2166/13366 2163/13367 2167/13368
f 2185/13369 2169/13370 2155/13371
f 2186/13372 2168/13373 2169/13374
f 2172/13375 2168/13376 2186/13377
f 2183/13378 2168/13379 2172/13380
f 2153/13381 2155/13382 2167/13383
f 2167/13384 2163/13385 2153/13386
f 2182/13387 2171/13388 2154/13389
f 2154/13390 2171/13391 2172/13392
f 2172/13393 2185/13394 2154/13395
f 2157/13396 2175/13397 2154/13398
f 2173/13399 2187/13400 2156/13401
f 2186/13402 2185/13403 2172/13404
f 2183/13405 2166/13406 2168/13407
f 2161/13408 2162/13409 2177/13410
f 2160/13411 2178/13412 2179/13413
f 2160/13414 2162/13415 2161/13416
f 2183/13417 2172/13418 2171/13419
f 2156/13420 2184/13421 2171/13422
f 2185/13423 2186/13424 2169/13425
f 2159/13426 2187/13427 2160/13428
f 2179/13429 2178/13430 2176/13431
f 2177/13432 2176/13433 2178/13434
f 2153/13435 2157/13436 2154/13437
f 2156/13438 2187/13439 2158/13440
f 2157/13441 2174/13442 2175/13443
f 2157/13444 2159/13445 2174/13446
f 2174/13447 2159/13448 2160/13449
f 2163/13450 2164/13451 2153/13452
f 2164/13453 2187/13454 2159/13455
f 2164/13456 2157/13457 2153/13458
f 2164/13459 2163/13460 2187/13461
f 2168/13462 2170/13463 2169/13464
f 2167/13465 2155/13466 2169/13467
f 2170/13468 2168/13469 2166/13470
f 2187/13471 2177/13472 2162/13473
f 2178/13474 2161/13475 2177/13476
f 2160/13477 2187/13478 2162/13479
f 2181/13480 2182/13481 2175/13482
f 2176/13483 2181/13484 2174/13485
f 2185/13486 2155/13487 2153/13488
f 2174/13489 2160/13490 2179/13491
f 2176/13492 2177/13493 2180/13494
f 2181/13495 2176/13496 2180/13497
f 2182/13498 2181/13499 2180/13500
f 2184/13501 2165/13502 2166/13503
f 2183/13504 2171/13505 2184/13506
f 2177/13507 2187/13508 2180/13509
f 2187/13510 2173/13511 2180/13512
f 2175/13513 2182/13514 2154/13515
f 2181/13516 2175/13517 2174/13518
f 2176/13519 2174/13520 2179/13521
f 2156/13522 2165/13523 2184/13524
f 2182/13525 2180/13526 2171/13527
f 2184/13528 2166/13529 2183/13530
f 2178/13531 2160/13532 2161/13533
f 2165/13534 2156/13535 2158/13536
f 2166/13537 2165/13538 2163/13539
f 2163/13540 2165/13541 2158/13542
f 2180/13543 2173/13544 2156/13545
f 2156/13546 2171/13547 2180/13548
f 2209/13549 2221/13550 2232/13551
f 2231/13552 2232/13553 2228/13554
f 2224/13555 2221/13556 2209/13557
f 2221/13558 2233/13559 2232/13560
f 2219/13561 2229/13562 2227/13563
f 2221/13564 2235/13565 2233/13566
f 2225/13567 2232/13568 2233/13569
f 2223/13570 2213/13571 2239/13572
f 2234/13573 2238/13574 2214/13575
f 2206/13576 2239/13577 2235/13578
f 2235/13579 2239/13580 2236/13581
f 2233/13582 2237/13583 2238/13584
f 2208/13585 2218/13586 2226/13587
f 2217/13588 2231/13589 2216/13590
f 2226/13591 2223/13592 2207/13593
f 2216/13594 2225/13595 2222/13596
f 2223/13597 2218/13598 2213/13599
f 2215/13600 2222/13601 2234/13602
f 2234/13603 2214/13604 2215/13605
f 2216/13606 2228/13607 2225/13608
f 2220/13609 2224/13610 2226/13611
f 2216/13612 2231/13613 2228/13614
f 2212/13615 2227/13616 2211/13617
f 2219/13618 2218/13619 2208/13620
f 2226/13621 2206/13622 2220/13623
f 2230/13624 2218/13625 2219/13626
f 2220/13627 2206/13628 2221/13629
f 2208/13630 2226/13631 2224/13632
f 2239/13633 2207/13634 2223/13635
f 2227/13636 2217/13637 2211/13638
f 2229/13639 2219/13640 2209/13641
f 2230/13642 2219/13643 2227/13644
f 2228/13645 2232/13646 2225/13647
f 2227/13648 2229/13649 2217/13650
f 2208/13651 2224/13652 2209/13653
f 2230/13654 2212/13655 2211/13656
f 2210/13657 2230/13658 2211/13659
f 2211/13660 2217/13661 2214/13662
f 2230/13663 2210/13664 2218/13665
f 2231/13666 2209/13667 2232/13668
f 2224/13669 2220/13670 2221/13671
f 2229/13672 2209/13673 2231/13674
f 2210/13675 2211/13676 2214/13677
f 2218/13678 2223/13679 2226/13680
f 2214/13681 2217/13682 2215/13683
f 2215/13684 2217/13685 2216/13686
f 2213/13687 2236/13688 2239/13689
f 2210/13690 2214/13691 2213/13692
f 2208/13693 2209/13694 2219/13695
f 2218/13696 2210/13697 2213/13698
f 2225/13699 2233/13700 2234/13701
f 2206/13702 2235/13703 2221/13704
f 2235/13705 2236/13706 2237/13707
f 2233/13708 2238/13709 2234/13710
f 2235/13711 2237/13712 2233/13713
f 2207/13714 2239/13715 2206/13716
f 2234/13717 2222/13718 2225/13719
f 2229/13720 2231/13721 2217/13722
f 2226/13723 2207/13724 2206/13725
f 2216/13726 2222/13727 2215/13728
f 2230/13729 2227/13730 2212/13731
f 3317/13732 3316/13733 3318/13734
f 3307/13735 3311/13736 3309/13737
f 3307/13738 3314/13739 3316/13740
f 3312/13741 3315/13742 3316/13743
f 3319/13744 3311/13745 3308/13746
f 3309/13747 3314/13748 3307/13749
f 3318/13750 3309/13751 3311/13752
f 3315/13753 3312/13754 3313/13755
f 3314/13756 3312/13757 3316/13758
f 3308/13759 3320/13760 3319/13761
f 3315/13762 3309/13763 3318/13764
f 3316/13765 3320/13766 3307/13767
f 3307/13768 3310/13769 3308/13770
f 3312/13771 3314/13772 3313/13773
f 3309/13774 3313/13775 3314/13776
f 3319/13777 3317/13778 3311/13779
f 3317/13780 3318/13781 3311/13782
f 3311/13783 3307/13784 3308/13785
f 3310/13786 3320/13787 3308/13788
f 3317/13789 3320/13790 3316/13791
f 3320/13792 3310/13793 3307/13794
f 3315/13795 3313/13796 3309/13797
f 3316/13798 3315/13799 3318/13800
f 3319/13801 3320/13802 3317/13803
f 3127/13804 3128/13805 3134/13806
f 3125/13807 3129/13808 3128/13809
f 3135/13810 3139/13811 3137/13812
f 3138/13813 3137/13814 3139/13815
f 3127/13816 3128/13817 3131/13818
f 3134/13819 3136/13820 3135/13821
f 3136/13822 3125/13823 3135/13824
f 3138/13825 3139/13826 3140/13827
f 3136/13828 3137/13829 3138/13830
f 3129/13831 3136/13832 3134/13833
f 3136/13834 3138/13835 3135/13836
f 3127/13837 3130/13838 3128/13839
f 3134/13840 3125/13841 3126/13842
f 3134/13843 3135/13844 3125/13845
f 3127/13846 3131/13847 3130/13848
f 3125/13849 3128/13850 3127/13851
f 3127/13852 3131/13853 3132/13854
f 3138/13855 3140/13856 3135/13857
f 3135/13858 3137/13859 3136/13860
f 3135/13861 3140/13862 3139/13863
f 3129/13864 3125/13865 3136/13866
f 3125/13867 3127/13868 3126/13869
f 3128/13870 3129/13871 3134/13872
f 3127/13873 3134/13874 3126/13875
f 3127/13876 3132/13877 3131/13878
f 3128/13879 3130/13880 3131/13881
f 3131/13882 3133/13883 3132/13884
f 3132/13885 3133/13886 3131/13887
f 3072/13888 3068/13889 3073/13890
f 3111/13891 3110/13892 3112/13893
f 3071/13894 3075/13895 3074/13896
f 3111/13897 3112/13898 3069/13899
f 3109/13900 3110/13901 3070/13902
f 3071/13903 3110/13904 3111/13905
f 3076/13906 3109/13907 3071/13908
f 3071/13909 3111/13910 3075/13911
f 3069/13912 3109/13913 3076/13914
f 3069/13915 3073/13916 3111/13917
f 3074/13918 3076/13919 3071/13920
f 3111/13921 3073/13922 3075/13923
f 3109/13924 3112/13925 3110/13926
f 3075/13927 3073/13928 3068/13929
f 3076/13930 3073/13931 3069/13932
f 3072/13933 3076/13934 3074/13935
f 3068/13936 3074/13937 3075/13938
f 3068/13939 3072/13940 3074/13941
f 3109/13942 3070/13943 3071/13944
f 3072/13945 3073/13946 3076/13947
f 3069/13948 3112/13949 3109/13950
f 3071/13951 3070/13952 3110/13953
f 2576/13954 2572/13955 2574/13956
f 2578/13957 2579/13958 2580/13959
f 2573/13960 2579/13961 2578/13962
f 2573/13963 2580/13964 2579/13965
f 2578/13966 2576/13967 2572/13968
f 2574/13969 2575/13970 2576/13971
f 2576/13972 2577/13973 2575/13974
f 2578/13975 2580/13976 2572/13977
f 2578/13978 2572/13979 2573/13980
f 2573/13981 2572/13982 2580/13983
f 2576/13984 2575/13985 2574/13986
f 2575/13987 2577/13988 2576/13989
f 2578/13990 2572/13991 2576/13992
f 2576/13993 2574/13994 2572/13995
f 3173/13996 3175/13997 3182/13998
f 3171/13999 3173/14000 3181/14001
f 3173/14002 3182/14003 3181/14004
f 3175/14005 3174/14006 3170/14007
f 3182/14008 3180/14009 3184/14010
f 3172/14011 3174/14012 3171/14013
f 3184/14014 3180/14015 3183/14016
f 3170/14017 3181/14018 3182/14019
f 3175/14020 3170/14021 3182/14022
f 3181/14023 3183/14024 3180/14025
f 3173/14026 3174/14027 3175/14028
f 3182/14029 3181/14030 3180/14031
f 3170/14032 3172/14033 3171/14034
f 3173/14035 3171/14036 3174/14037
f 3181/14038 3184/14039 3183/14040
f 3181/14041 3182/14042 3184/14043
f 3174/14044 3172/14045 3170/14046
f 3170/14047 3171/14048 3181/14049
f 2203/14050 2191/14051 2195/14052
f 2203/14053 2195/14054 2188/14055
f 2188/14056 2191/14057 2203/14058
f 2196/14059 2197/14060 2204/14061
f 2195/14062 2201/14063 2191/14064
f 2195/14065 2205/14066 2201/14067
f 2188/14068 2195/14069 2191/14070
f 2204/14071 2196/14072 2188/14073
f 2188/14074 2204/14075 2203/14076
f 2203/14077 2204/14078 2188/14079
f 2204/14080 2197/14081 2196/14082
f 2201/14083 2195/14084 2191/14085
f 2201/14086 2205/14087 2195/14088
f 2188/14089 2196/14090 2204/14091
f 2194/14092 2192/14093 2189/14094
f 2194/14095 2200/14096 2189/14097
f 2194/14098 2198/14099 2200/14100
f 2192/14101 2202/14102 2190/14103
f 2189/14104 2198/14105 2194/14106
f 2189/14107 2190/14108 2194/14109
f 2189/14110 2192/14111 2190/14112
f 2189/14113 2200/14114 2198/14115
f 2194/14116 2190/14117 2192/14118
f 2198/14119 2199/14120 2200/14121
f 2200/14122 2199/14123 2198/14124
f 2202/14125 2192/14126 2190/14127
f 2192/14128 2193/14129 2202/14130
f 2202/14131 2193/14132 2192/14133
f 2776/14134 2781/14135 2780/14136
f 2775/14137 2782/14138 2784/14139
f 2781/14140 2785/14141 2779/14142
f 2777/14143 2778/14144 2785/14145
f 2778/14146 2777/14147 2779/14148
f 2779/14149 2777/14150 2782/14151
f 2785/14152 2778/14153 2779/14154
f 2779/14155 2782/14156 2780/14157
f 2785/14158 2781/14159 2784/14160
f 2782/14161 2777/14162 2784/14163
f 2785/14164 2783/14165 2777/14166
f 2780/14167 2775/14168 2776/14169
f 2785/14170 2784/14171 2783/14172
f 2780/14173 2782/14174 2775/14175
f 2777/14176 2783/14177 2784/14178
f 2781/14179 2779/14180 2780/14181
f 2781/14182 2776/14183 2784/14184
f 2775/14185 2784/14186 2776/14187
f 2902/14188 2900/14189 2901/14190
f 2903/14191 2904/14192 2902/14193
f 2904/14194 2905/14195 2902/14196
f 2902/14197 2905/14198 2904/14199
f 2902/14200 2904/14201 2903/14202
f 2902/14203 2901/14204 2899/14205
f 2902/14206 2903/14207 2900/14208
f 2900/14209 2903/14210 2901/14211
f 2903/14212 2902/14213 2901/14214
f 3066/14215 2902/14216 2899/14217
f 2902/14218 2899/14219 2901/14220
f 2902/14221 3066/14222 2899/14223
f 2916/14224 2913/14225 2914/14226
f 2917/14227 2915/14228 2913/14229
f 2916/14230 2917/14231 2913/14232
f 2917/14233 2918/14234 2913/14235
f 2916/14236 2918/14237 2917/14238
f 2918/14239 2916/14240 2914/14241
f 2915/14242 2917/14243 2913/14244
f 2918/14245 2914/14246 2913/14247
f 3269/14248 3268/14249 3267/14250
f 3274/14251 3271/14252 3272/14253
f 3275/14254 3273/14255 3272/14256
f 3270/14257 3271/14258 3274/14259
f 3270/14260 3267/14261 3275/14262
f 3275/14263 3274/14264 3273/14265
f 3275/14266 3268/14267 3274/14268
f 3275/14269 3272/14270 3271/14271
f 3269/14272 3270/14273 3274/14274
f 3269/14275 3267/14276 3270/14277
f 3268/14278 3275/14279 3267/14280
f 3268/14281 3269/14282 3274/14283
f 3274/14284 3272/14285 3273/14286
f 3270/14287 3275/14288 3271/14289
f 2892/14290 2893/14291 2890/14292
f 2897/14293 2892/14294 2890/14295
f 2893/14296 2896/14297 2889/14298
f 2893/14299 2894/14300 2895/14301
f 2898/14302 2894/14303 2892/14304
f 2889/14305 2896/14306 2895/14307
f 2898/14308 2892/14309 2897/14310
f 2893/14311 2895/14312 2896/14313
f 2893/14314 2889/14315 2890/14316
f 2894/14317 2893/14318 2892/14319
f 2897/14320 2890/14321 2886/14322
f 2886/14323 2898/14324 2897/14325
f 2924/14326 2929/14327 2927/14328
f 2931/14329 2926/14330 2920/14331
f 2920/14332 2926/14333 2929/14334
f 2931/14335 2919/14336 2933/14337
f 2920/14338 2929/14339 2924/14340
f 2933/14341 2926/14342 2931/14343
f 2929/14344 2930/14345 2927/14346
f 2928/14347 2929/14348 2926/14349
f 2931/14350 2920/14351 2919/14352
f 2929/14353 2928/14354 2930/14355
f 2924/14356 2927/14357 2932/14358
f 2933/14359 2928/14360 2926/14361
f 2930/14362 2932/14363 2927/14364
f 2300/14365 2303/14366 2301/14367
f 2300/14368 2301/14369 2303/14370
f 2303/14371 2301/14372 2302/14373
f 2303/14374 2302/14375 2301/14376
f 2890/14377 2886/14378 2889/14379
f 2887/14380 2888/14381 2889/14382
f 2885/14383 2886/14384 2890/14385
f 2888/14386 2891/14387 2890/14388
f 2885/14389 3065/14390 2887/14391
f 2887/14392 3065/14393 2888/14394
f 2891/14395 2885/14396 2890/14397
f 2888/14398 2890/14399 2889/14400
f 2887/14401 2889/14402 2886/14403
f 2888/14404 3065/14405 2885/14406
f 2885/14407 2887/14408 2886/14409
f 2885/14410 2891/14411 2888/14412
f 3067/14413 2906/14414 2907/14415
f 3067/14416 2908/14417 2906/14418
f 2908/14419 3067/14420 2907/14421
f 2908/14422 2907/14423 2906/14424
f 2925/14425 2920/14426 2924/14427
f 2920/14428 2921/14429 2919/14430
f 2923/14431 2924/14432 2932/14433
f 2923/14434 2932/14435 2922/14436
f 2921/14437 2923/14438 2922/14439
f 2921/14440 2922/14441 2919/14442
f 2924/14443 2922/14444 2932/14445
f 2919/14446 2922/14447 2924/14448
f 2921/14449 2920/14450 2925/14451
f 2925/14452 2923/14453 2921/14454
f 2923/14455 2925/14456 2924/14457
f 2924/14458 2920/14459 2919/14460
f 2955/14461 2957/14462 2958/14463
f 2957/14464 2956/14465 2958/14466
f 2955/14467 2958/14468 2956/14469
f 2957/14470 2955/14471 2956/14472
f 2988/14473 2989/14474 2987/14475
f 2984/14476 2986/14477 2989/14478
f 2988/14479 2990/14480 2989/14481
f 2990/14482 2984/14483 2989/14484
f 2986/14485 2988/14486 2987/14487
f 2989/14488 2986/14489 2987/14490
f 2984/14491 2990/14492 2988/14493
f 2986/14494 2985/14495 2988/14496
f 2985/14497 2984/14498 2988/14499
f 2984/14500 2985/14501 2986/14502
f 3020/14503 3018/14504 3023/14505
f 3018/14506 3016/14507 3017/14508
f 3018/14509 3019/14510 3016/14511
f 3022/14512 3017/14513 3021/14514
f 3020/14515 3021/14516 3019/14517
f 3023/14518 3018/14519 3017/14520
f 3022/14521 3023/14522 3017/14523
f 3017/14524 3019/14525 3021/14526
f 3016/14527 3019/14528 3017/14529
f 3018/14530 3020/14531 3019/14532
f 3023/14533 3022/14534 3020/14535
f 3020/14536 3022/14537 3021/14538
f 3195/14539 3194/14540 3191/14541
f 3197/14542 3190/14543 3196/14544
f 3190/14545 3192/14546 3196/14547
f 3191/14548 3192/14549 3190/14550
f 3194/14551 3196/14552 3193/14553
f 3191/14554 3193/14555 3192/14556
f 3191/14557 3194/14558 3193/14559
f 3197/14560 3189/14561 3190/14562
f 3195/14563 3191/14564 3197/14565
f 3195/14566 3197/14567 3196/14568
f 3194/14569 3195/14570 3196/14571
f 3191/14572 3189/14573 3197/14574
f 3192/14575 3193/14576 3196/14577
f 3189/14578 3191/14579 3190/14580
f 3201/14581 3203/14582 3202/14583
f 3198/14584 3200/14585 3199/14586
f 3204/14587 3199/14588 3200/14589
f 3201/14590 3202/14591 3200/14592
f 3203/14593 3204/14594 3202/14595
f 3200/14596 3202/14597 3204/14598
f 3201/14599 3198/14600 3205/14601
f 3205/14602 3198/14603 3199/14604
f 3198/14605 3201/14606 3200/14607
f 3203/14608 3205/14609 3199/14610
f 3205/14611 3203/14612 3201/14613
f 3203/14614 3199/14615 3204/14616
f 3211/14617 3213/14618 3212/14619
f 3213/14620 3208/14621 3212/14622
f 3209/14623 3210/14624 3208/14625
f 3209/14626 3211/14627 3210/14628
f 3214/14629 3208/14630 3206/14631
f 3211/14632 3212/14633 3210/14634
f 3211/14635 3214/14636 3213/14637
f 3211/14638 3207/14639 3214/14640
f 3214/14641 3207/14642 3208/14643
f 3209/14644 3207/14645 3211/14646
f 3213/14647 3206/14648 3208/14649
f 3207/14650 3209/14651 3208/14652
f 3214/14653 3206/14654 3213/14655
f 3208/14656 3210/14657 3212/14658
f 3220/14659 3217/14660 3222/14661
f 3216/14662 3218/14663 3221/14664
f 3219/14665 3220/14666 3218/14667
f 3217/14668 3219/14669 3218/14670
f 3217/14671 3215/14672 3216/14673
f 3217/14674 3218/14675 3215/14676
f 3220/14677 3216/14678 3221/14679
f 3220/14680 3222/14681 3216/14682
f 3220/14683 3221/14684 3218/14685
f 3215/14686 3218/14687 3216/14688
f 3222/14689 3217/14690 3216/14691
f 3219/14692 3217/14693 3220/14694
f 3254/14695 3256/14696 3255/14697
f 3256/14698 3257/14699 3255/14700
f 3256/14701 3254/14702 3259/14703
f 3254/14704 3255/14705 3258/14706
f 3259/14707 3254/14708 3258/14709
f 3256/14710 3259/14711 3257/14712
f 3259/14713 3258/14714 3257/14715
f 3257/14716 3258/14717 3255/14718
f 3264/14719 3261/14720 3262/14721
f 3263/14722 3264/14723 3262/14724
f 3265/14725 3266/14726 3261/14727
f 3265/14728 3261/14729 3264/14730
f 3260/14731 3263/14732 3262/14733
f 3260/14734 3262/14735 3261/14736
f 3266/14737 3260/14738 3261/14739
f 3263/14740 3265/14741 3264/14742
f 3263/14743 3260/14744 3265/14745
f 3265/14746 3260/14747 3266/14748
f 3178/14749 3176/14750 3177/14751
f 3179/14752 3176/14753 3178/14754
f 3179/14755 3178/14756 3176/14757
f 3176/14758 3178/14759 3177/14760
f 2790/14761 2789/14762 2792/14763
f 2791/14764 2792/14765 2789/14766
f 2790/14767 2792/14768 2791/14769
f 2791/14770 2789/14771 2790/14772
f 3286/14773 3285/14774 3278/14775
f 3299/14776 3295/14777 3298/14778
f 2725/14779 2751/14780 2703/14781
f 2728/14782 2723/14783 2729/14784
f 2770/14785 2769/14786 2765/14787
f 2763/14788 2727/14789 2726/14790
f 2724/14791 2731/14792 2698/14793
f 2764/14794 2768/14795 2744/14796
f 2763/14797 2741/14798 2752/14799
f 2749/14800 2754/14801 2738/14802
f 2697/14803 2724/14804 2698/14805
f 2769/14806 2788/14807 2774/14808
f 2763/14809 2766/14810 2727/14811
f 2763/14812 2752/14813 2767/14814
f 2757/14815 2786/14816 2720/14817
f 2696/14818 2695/14819 2726/14820
f 2694/14821 2726/14822 2695/14823
f 2691/14824 2692/14825 2693/14826
f 2724/14827 2715/14828 2691/14829
f 2771/14830 2772/14831 2735/14832
f 2725/14833 2733/14834 2768/14835
f 2750/14836 2722/14837 2703/14838
f 2748/14839 2745/14840 2747/14841
f 2745/14842 2767/14843 2746/14844
f 2759/14845 2762/14846 2742/14847
f 2749/14848 2774/14849 2772/14850
f 2733/14851 2707/14852 2770/14853
f 2735/14854 2736/14855 2702/14856
f 2760/14857 2754/14858 2753/14859
f 2756/14860 2755/14861 2758/14862
f 2755/14863 2761/14864 2753/14865
f 2694/14866 2786/14867 2757/14868
f 2763/14869 2739/14870 2741/14871
f 2758/14872 2740/14873 2757/14874
f 2751/14875 2764/14876 2755/14877
f 2742/14878 2744/14879 2768/14880
f 2764/14881 2744/14882 2743/14883
f 2758/14884 2753/14885 2752/14886
f 2746/14887 2767/14888 2752/14889
f 2708/14890 2718/14891 2696/14892
f 2707/14893 2773/14894 2770/14895
f 2748/14896 2772/14897 2771/14898
f 2746/14899 2753/14900 2754/14901
f 2738/14902 2774/14903 2749/14904
f 2707/14905 2733/14906 2734/14907
f 2703/14908 2722/14909 2704/14910
f 2710/14911 2700/14912 2701/14913
f 2746/14914 2754/14915 2747/14916
f 2735/14917 2701/14918 2771/14919
f 2730/14920 2788/14921 2773/14922
f 2749/14923 2772/14924 2748/14925
f 2769/14926 2774/14927 2738/14928
f 2730/14929 2773/14930 2707/14931
f 2708/14932 2699/14933 2709/14934
f 2703/14935 2704/14936 2705/14937
f 2710/14938 2701/14939 2702/14940
f 2699/14941 2700/14942 2710/14943
f 2699/14944 2728/14945 2700/14946
f 2697/14947 2721/14948 2724/14949
f 2696/14950 2718/14951 2695/14952
f 2766/14953 2748/14954 2771/14955
f 2766/14956 2767/14957 2745/14958
f 2763/14959 2726/14960 2739/14961
f 2765/14962 2742/14963 2770/14964
f 2754/14965 2760/14966 2738/14967
f 2749/14968 2747/14969 2754/14970
f 2721/14971 2692/14972 2715/14973
f 2703/14974 2733/14975 2725/14976
f 2711/14977 2698/14978 2731/14979
f 2764/14980 2743/14981 2755/14982
f 2769/14983 2773/14984 2788/14985
f 2725/14986 2768/14987 2764/14988
f 2762/14989 2759/14990 2738/14991
f 2755/14992 2756/14993 2750/14994
f 2751/14995 2755/14996 2750/14997
f 2759/14998 2742/14999 2765/15000
f 2694/15001 2757/15002 2740/15003
f 2696/15004 2727/15005 2723/15006
f 2714/15007 2694/15008 2695/15009
f 2716/15010 2710/15011 2692/15012
f 2717/15013 2712/15014 2718/15015
f 2714/15016 2712/15017 2713/15018
f 2717/15019 2716/15020 2719/15021
f 2720/15022 2714/15023 2713/15024
f 2712/15025 2705/15026 2704/15027
f 2762/15028 2761/15029 2743/15030
f 2762/15031 2738/15032 2760/15033
f 2757/15034 2720/15035 2756/15036
f 2760/15037 2753/15038 2761/15039
f 2756/15040 2758/15041 2757/15042
f 2755/15043 2753/15044 2758/15045
f 2766/15046 2771/15047 2732/15048
f 2722/15049 2713/15050 2704/15051
f 2699/15052 2717/15053 2709/15054
f 2719/15055 2721/15056 2697/15057
f 2718/15058 2714/15059 2695/15060
f 2722/15061 2756/15062 2720/15063
f 2766/15064 2745/15065 2748/15066
f 2725/15067 2764/15068 2751/15069
f 2729/15070 2701/15071 2700/15072
f 2696/15073 2726/15074 2727/15075
f 2733/15076 2705/15077 2711/15078
f 2708/15079 2696/15080 2723/15081
f 2724/15082 2691/15083 2734/15084
f 2703/15085 2705/15086 2733/15087
f 2739/15088 2694/15089 2740/15090
f 2758/15091 2752/15092 2741/15093
f 2736/15094 2693/15095 2692/15096
f 2732/15097 2701/15098 2729/15099
f 2691/15100 2693/15101 2734/15102
f 2733/15103 2711/15104 2731/15105
f 2735/15106 2702/15107 2701/15108
f 2773/15109 2769/15110 2770/15111
f 2742/15112 2768/15113 2770/15114
f 2732/15115 2727/15116 2766/15117
f 2763/15118 2767/15119 2766/15120
f 2736/15121 2692/15122 2702/15123
f 2737/15124 2730/15125 2706/15126
f 2693/15127 2737/15128 2706/15129
f 2738/15130 2765/15131 2769/15132
f 2713/15133 2712/15134 2704/15135
f 2740/15136 2741/15137 2739/15138
f 2742/15139 2743/15140 2744/15141
f 2745/15142 2746/15143 2747/15144
f 2748/15145 2747/15146 2749/15147
f 2750/15148 2703/15149 2751/15150
f 2770/15151 2768/15152 2733/15153
f 2746/15154 2752/15155 2753/15156
f 2697/15157 2711/15158 2712/15159
f 2710/15160 2787/15161 2699/15162
f 2743/15163 2761/15164 2755/15165
f 2722/15166 2750/15167 2756/15168
f 2762/15169 2760/15170 2761/15171
f 2722/15172 2720/15173 2713/15174
f 2709/15175 2717/15176 2718/15177
f 2699/15178 2787/15179 2717/15180
f 2719/15181 2716/15182 2721/15183
f 2721/15184 2716/15185 2692/15186
f 2692/15187 2710/15188 2702/15189
f 2714/15190 2718/15191 2712/15192
f 2717/15193 2719/15194 2712/15195
f 2716/15196 2787/15197 2710/15198
f 2714/15199 2786/15200 2694/15201
f 2724/15202 2721/15203 2715/15204
f 2734/15205 2693/15206 2706/15207
f 2742/15208 2762/15209 2743/15210
f 2729/15211 2723/15212 2727/15213
f 2717/15214 2787/15215 2716/15216
f 2727/15217 2732/15218 2729/15219
f 2728/15220 2708/15221 2723/15222
f 2771/15223 2701/15224 2732/15225
f 2724/15226 2734/15227 2731/15228
f 2730/15229 2707/15230 2706/15231
f 2729/15232 2700/15233 2728/15234
f 2712/15235 2719/15236 2697/15237
f 2691/15238 2715/15239 2692/15240
f 2712/15241 2711/15242 2705/15243
f 2737/15244 2788/15245 2730/15246
f 2693/15247 2736/15248 2737/15249
f 2738/15250 2759/15251 2765/15252
f 2739/15253 2726/15254 2694/15255
f 2740/15256 2758/15257 2741/15258
f 2720/15259 2786/15260 2714/15261
f 2731/15262 2734/15263 2733/15264
f 2708/15265 2728/15266 2699/15267
f 2708/15268 2709/15269 2718/15270
f 2697/15271 2698/15272 2711/15273
f 2734/15274 2706/15275 2707/15276
f 2387/15277 2313/15278 2388/15279
f 2390/15280 2306/15281 2405/15282
f 2389/15283 2313/15284 2308/15285
f 2404/15286 2560/15287 2407/15288
f 2404/15289 2409/15290 2398/15291
f 2560/15292 2411/15293 2407/15294
f 2409/15295 2558/15296 2408/15297
f 2408/15298 2410/15299 2406/15300
f 2391/15301 2401/15302 2392/15303
f 2397/15304 2386/15305 2396/15306
f 2386/15307 2391/15308 2396/15309
f 2396/15310 2400/15311 2397/15312
f 2393/15313 2400/15314 2402/15315
f 2395/15316 2399/15317 2401/15318
f 2387/15319 2395/15320 2391/15321
f 2388/15322 2394/15323 2395/15324
f 2387/15325 2314/15326 2311/15327
f 2389/15328 2393/15329 2394/15330
f 2390/15331 2397/15332 2393/15333
f 2387/15334 2386/15335 2314/15336
f 2389/15337 2390/15338 2393/15339
f 2307/15340 2310/15341 2315/15342
f 2312/15343 2317/15344 2309/15345
f 2397/15346 2405/15347 2386/15348
f 2386/15349 2387/15350 2391/15351
f 2387/15352 2388/15353 2395/15354
f 2388/15355 2389/15356 2394/15357
f 2316/15358 2305/15359 2315/15360
f 2315/15361 2309/15362 2317/15363
f 2317/15364 2316/15365 2315/15366
f 2402/15367 2408/15368 2406/15369
f 2391/15370 2392/15371 2398/15372
f 2394/15373 2393/15374 2402/15375
f 2314/15376 2306/15377 2305/15378
f 2307/15379 2315/15380 2305/15381
f 2410/15382 2557/15383 2406/15384
f 2558/15385 2559/15386 2557/15387
f 2560/15388 2559/15389 2411/15390
f 2304/15391 2307/15392 2305/15393
f 2308/15394 2313/15395 2309/15396
f 2311/15397 2314/15398 2312/15399
f 2304/15400 2308/15401 2310/15402
f 2311/15403 2312/15404 2309/15405
f 2402/15406 2406/15407 2403/15408
f 2400/15409 2408/15410 2402/15411
f 2392/15412 2404/15413 2398/15414
f 2390/15415 2389/15416 2308/15417
f 2386/15418 2405/15419 2306/15420
f 2387/15421 2311/15422 2313/15423
f 2390/15424 2304/15425 2306/15426
f 2389/15427 2388/15428 2313/15429
f 2404/15430 2401/15431 2560/15432
f 2398/15433 2409/15434 2408/15435
f 2399/15436 2403/15437 2560/15438
f 2404/15439 2407/15440 2409/15441
f 2409/15442 2407/15443 2558/15444
f 2408/15445 2558/15446 2410/15447
f 2403/15448 2406/15449 2560/15450
f 2394/15451 2402/15452 2399/15453
f 2398/15454 2408/15455 2400/15456
f 2401/15457 2404/15458 2392/15459
f 2390/15460 2308/15461 2304/15462
f 2386/15463 2306/15464 2314/15465
f 2391/15466 2398/15467 2396/15468
f 2411/15469 2559/15470 2407/15471
f 2407/15472 2559/15473 2558/15474
f 2406/15475 2557/15476 2560/15477
f 2410/15478 2558/15479 2557/15480
f 2399/15481 2560/15482 2401/15483
f 2402/15484 2403/15485 2399/15486
f 2559/15487 2560/15488 2557/15489
f 2304/15490 2310/15491 2307/15492
f 2311/15493 2309/15494 2313/15495
f 2314/15496 2305/15497 2312/15498
f 2396/15499 2398/15500 2400/15501
f 2393/15502 2397/15503 2400/15504
f 2395/15505 2394/15506 2399/15507
f 2390/15508 2405/15509 2397/15510
f 2391/15511 2395/15512 2401/15513
f 2310/15514 2309/15515 2315/15516
f 2312/15517 2316/15518 2317/15519
f 2304/15520 2305/15521 2306/15522
f 2308/15523 2309/15524 2310/15525
f 2312/15526 2305/15527 2316/15528
f 2417/15529 2430/15530 2423/15531
f 2421/15532 2413/15533 2427/15534
f 2417/15535 2418/15536 2429/15537
f 2415/15538 2423/15539 2425/15540
f 2418/15541 2421/15542 2428/15543
f 2431/15544 2436/15545 2432/15546
f 2318/15547 2321/15548 2319/15549
f 2322/15550 2328/15551 2323/15552
f 2325/15553 2329/15554 2326/15555
f 2318/15556 2322/15557 2324/15558
f 2325/15559 2327/15560 2323/15561
f 2329/15562 2320/15563 2319/15564
f 2426/15565 2433/15566 2425/15567
f 2428/15568 2431/15569 2429/15570
f 2563/15571 2562/15572 2436/15573
f 2438/15574 2563/15575 2436/15576
f 2439/15577 2562/15578 2563/15579
f 2436/15580 2562/15581 2561/15582
f 2324/15583 2323/15584 2327/15585
f 2326/15586 2319/15587 2321/15588
f 2417/15589 2423/15590 2415/15591
f 2424/15592 2427/15593 2413/15594
f 2421/15595 2427/15596 2428/15597
f 2417/15598 2429/15599 2430/15600
f 2415/15601 2425/15602 2424/15603
f 2418/15604 2428/15605 2429/15606
f 2419/15607 2329/15608 2325/15609
f 2420/15610 2421/15611 2418/15612
f 2422/15613 2413/15614 2421/15615
f 2422/15616 2322/15617 2318/15618
f 2414/15619 2320/15620 2329/15621
f 2419/15622 2328/15623 2416/15624
f 2422/15625 2320/15626 2412/15627
f 2321/15628 2324/15629 2327/15630
f 2420/15631 2328/15632 2322/15633
f 2436/15634 2561/15635 2432/15636
f 2433/15637 2434/15638 2437/15639
f 2414/15640 2412/15641 2320/15642
f 2419/15643 2325/15644 2328/15645
f 2422/15646 2318/15647 2320/15648
f 2420/15649 2416/15650 2328/15651
f 2433/15652 2430/15653 2434/15654
f 2429/15655 2432/15656 2434/15657
f 2433/15658 2437/15659 2435/15660
f 2434/15661 2562/15662 2437/15663
f 2435/15664 2563/15665 2438/15666
f 2435/15667 2438/15668 2436/15669
f 2432/15670 2561/15671 2562/15672
f 2422/15673 2420/15674 2322/15675
f 2437/15676 2439/15677 2563/15678
f 2431/15679 2427/15680 2435/15681
f 2412/15682 2424/15683 2413/15684
f 2414/15685 2415/15686 2424/15687
f 2415/15688 2416/15689 2417/15690
f 2416/15691 2418/15692 2417/15693
f 2437/15694 2562/15695 2439/15696
f 2431/15697 2432/15698 2429/15699
f 2427/15700 2431/15701 2428/15702
f 2430/15703 2433/15704 2426/15705
f 2430/15706 2426/15707 2423/15708
f 2425/15709 2435/15710 2427/15711
f 2431/15712 2435/15713 2436/15714
f 2429/15715 2434/15716 2430/15717
f 2433/15718 2435/15719 2425/15720
f 2432/15721 2562/15722 2434/15723
f 2437/15724 2563/15725 2435/15726
f 2326/15727 2321/15728 2327/15729
f 2420/15730 2422/15731 2421/15732
f 2422/15733 2412/15734 2413/15735
f 2425/15736 2423/15737 2426/15738
f 2424/15739 2425/15740 2427/15741
f 2412/15742 2414/15743 2424/15744
f 2414/15745 2419/15746 2415/15747
f 2415/15748 2419/15749 2416/15750
f 2416/15751 2420/15752 2418/15753
f 2419/15754 2414/15755 2329/15756
f 2325/15757 2326/15758 2327/15759
f 2318/15760 2324/15761 2321/15762
f 2325/15763 2323/15764 2328/15765
f 2329/15766 2319/15767 2326/15768
f 2318/15769 2319/15770 2320/15771
f 2322/15772 2323/15773 2324/15774
f 2334/15775 2337/15776 2338/15777
f 2332/15778 2343/15779 2337/15780
f 2330/15781 2337/15782 2331/15783
f 2333/15784 2339/15785 2332/15786
f 2341/15787 2342/15788 2339/15789
f 2465/15790 2463/15791 2468/15792
f 2468/15793 2467/15794 2469/15795
f 2467/15796 2466/15797 2469/15798
f 2451/15799 2452/15800 2458/15801
f 2445/15802 2450/15803 2449/15804
f 2457/15805 2464/15806 2469/15807
f 2442/15808 2452/15809 2440/15810
f 2440/15811 2441/15812 2442/15813
f 2445/15814 2455/15815 2459/15816
f 2449/15817 2460/15818 2442/15819
f 2446/15820 2458/15821 2455/15822
f 2460/15823 2453/15824 2454/15825
f 2448/15826 2440/15827 2451/15828
f 2442/15829 2443/15830 2449/15831
f 2449/15832 2444/15833 2445/15834
f 2444/15835 2446/15836 2445/15837
f 2441/15838 2335/15839 2443/15840
f 2447/15841 2451/15842 2446/15843
f 2333/15844 2336/15845 2339/15846
f 2335/15847 2338/15848 2339/15849
f 2334/15850 2331/15851 2337/15852
f 2338/15853 2341/15854 2339/15855
f 2440/15856 2461/15857 2441/15858
f 2442/15859 2441/15860 2443/15861
f 2444/15862 2447/15863 2446/15864
f 2441/15865 2334/15866 2335/15867
f 2447/15868 2448/15869 2451/15870
f 2447/15871 2330/15872 2448/15873
f 2330/15874 2332/15875 2337/15876
f 2458/15877 2457/15878 2455/15879
f 2441/15880 2331/15881 2334/15882
f 2443/15883 2336/15884 2444/15885
f 2448/15886 2331/15887 2461/15888
f 2447/15889 2336/15890 2333/15891
f 2459/15892 2456/15893 2450/15894
f 2452/15895 2460/15896 2454/15897
f 2457/15898 2462/15899 2459/15900
f 2469/15901 2466/15902 2462/15903
f 2452/15904 2454/15905 2458/15906
f 2454/15907 2453/15908 2458/15909
f 2455/15910 2457/15911 2459/15912
f 2450/15913 2456/15914 2460/15915
f 2442/15916 2460/15917 2452/15918
f 2451/15919 2440/15920 2452/15921
f 2445/15922 2446/15923 2455/15924
f 2449/15925 2443/15926 2444/15927
f 2446/15928 2451/15929 2458/15930
f 2342/15931 2343/15932 2340/15933
f 2341/15934 2343/15935 2342/15936
f 2332/15937 2340/15938 2343/15939
f 2460/15940 2463/15941 2453/15942
f 2458/15943 2463/15944 2464/15945
f 2338/15946 2343/15947 2341/15948
f 2339/15949 2342/15950 2332/15951
f 2338/15952 2337/15953 2343/15954
f 2469/15955 2465/15956 2468/15957
f 2457/15958 2458/15959 2464/15960
f 2447/15961 2333/15962 2330/15963
f 2441/15964 2461/15965 2331/15966
f 2449/15967 2450/15968 2460/15969
f 2448/15970 2330/15971 2331/15972
f 2447/15973 2444/15974 2336/15975
f 2456/15976 2459/15977 2462/15978
f 2460/15979 2468/15980 2463/15981
f 2458/15982 2453/15983 2463/15984
f 2457/15985 2469/15986 2462/15987
f 2448/15988 2461/15989 2440/15990
f 2342/15991 2340/15992 2332/15993
f 2469/15994 2464/15995 2465/15996
f 2460/15997 2456/15998 2462/15999
f 2334/16000 2338/16001 2335/16002
f 2333/16003 2332/16004 2330/16005
f 2335/16006 2339/16007 2336/16008
f 2462/16009 2467/16010 2468/16011
f 2443/16012 2335/16013 2336/16014
f 2445/16015 2459/16016 2450/16017
f 2460/16018 2462/16019 2468/16020
f 2464/16021 2463/16022 2465/16023
f 2462/16024 2466/16025 2467/16026
f 3356/16027 3355/16028 3354/16029
f 3344/16030 3345/16031 3342/16032
f 3345/16033 3346/16034 3347/16035
f 3355/16036 3345/16037 3354/16038
f 3343/16039 3347/16040 3350/16041
f 3353/16042 3356/16043 3354/16044
f 3340/16045 3343/16046 3338/16047
f 3343/16048 3352/16049 3347/16050
f 3343/16051 3350/16052 3346/16053
f 3348/16054 3355/16055 3349/16056
f 3352/16057 3340/16058 3353/16059
f 3340/16060 3352/16061 3343/16062
f 3340/16063 3344/16064 3342/16065
f 3345/16066 3355/16067 3348/16068
f 3341/16069 3351/16070 3339/16071
f 3339/16072 3340/16073 3338/16074
f 3347/16075 3353/16076 3345/16077
f 3342/16078 3348/16079 3349/16080
f 3351/16081 3344/16082 3340/16083
f 3345/16084 3348/16085 3342/16086
f 3341/16087 3339/16088 3338/16089
f 3353/16090 3354/16091 3345/16092
f 3340/16093 3349/16094 3353/16095
f 3342/16096 3349/16097 3340/16098
f 3349/16099 3356/16100 3353/16101
f 3339/16102 3351/16103 3340/16104
f 3338/16105 3343/16106 3344/16107
f 3346/16108 3350/16109 3347/16110
f 3352/16111 3353/16112 3347/16113
f 3349/16114 3355/16115 3356/16116
f 3343/16117 3346/16118 3344/16119
f 3344/16120 3346/16121 3345/16122
f 3351/16123 3341/16124 3344/16125
f 3341/16126 3338/16127 3344/16128
f 2595/16129 2597/16130 2593/16131
f 2592/16132 2598/16133 2593/16134
f 2586/16135 2594/16136 2584/16137
f 2584/16138 2594/16139 2586/16140
f 2581/16141 2590/16142 2582/16143
f 2586/16144 2584/16145 2601/16146
f 2587/16147 2588/16148 2589/16149
f 2593/16150 2599/16151 2594/16152
f 2587/16153 2598/16154 2592/16155
f 2595/16156 2596/16157 2597/16158
f 2592/16159 2593/16160 2594/16161
f 2592/16162 2586/16163 2587/16164
f 2581/16165 2582/16166 2583/16167
f 2584/16168 2586/16169 2585/16170
f 2581/16171 2583/16172 2600/16173
f 2593/16174 2588/16175 2599/16176
f 2589/16177 2596/16178 2583/16179
f 2590/16180 2601/16181 2584/16182
f 2589/16183 2595/16184 2598/16185
f 2595/16186 2593/16187 2598/16188
f 2582/16189 2602/16190 2583/16191
f 2587/16192 2589/16193 2598/16194
f 2590/16195 2603/16196 2591/16197
f 2595/16198 2602/16199 2596/16200
f 2595/16201 2583/16202 2602/16203
f 2582/16204 2591/16205 2596/16206
f 2600/16207 2591/16208 2603/16209
f 2590/16210 2591/16211 2582/16212
f 2586/16213 2601/16214 2585/16215
f 2603/16216 2585/16217 2601/16218
f 2590/16219 2584/16220 2603/16221
f 2583/16222 2591/16223 2600/16224
f 2600/16225 2603/16226 2601/16227
f 2595/16228 2589/16229 2583/16230
f 2587/16231 2599/16232 2588/16233
f 2589/16234 2597/16235 2596/16236
f 2597/16237 2588/16238 2593/16239
f 2590/16240 2581/16241 2601/16242
f 2582/16243 2596/16244 2602/16245
f 2588/16246 2597/16247 2589/16248
f 2586/16249 2592/16250 2594/16251
f 2586/16252 2599/16253 2587/16254
f 2581/16255 2600/16256 2601/16257
f 2583/16258 2596/16259 2591/16260
f 2603/16261 2584/16262 2585/16263
f 2586/16264 2594/16265 2599/16266
f 2645/16267 2652/16268 2636/16269
f 2647/16270 2640/16271 2641/16272
f 2653/16273 2648/16274 2658/16275
f 2655/16276 2654/16277 2642/16278
f 2651/16279 2649/16280 2654/16281
f 2651/16282 2655/16283 2642/16284
f 2639/16285 2643/16286 2653/16287
f 2651/16288 2644/16289 2649/16290
f 2645/16291 2638/16292 2656/16293
f 2651/16294 2655/16295 2652/16296
f 2648/16297 2654/16298 2649/16299
f 2656/16300 2638/16301 2637/16302
f 2641/16303 2650/16304 2639/16305
f 2646/16306 2640/16307 2647/16308
f 2649/16309 2644/16310 2643/16311
f 2653/16312 2642/16313 2654/16314
f 2651/16315 2654/16316 2655/16317
f 2649/16318 2643/16319 2650/16320
f 2640/16321 2650/16322 2641/16323
f 2639/16324 2640/16325 2641/16326
f 2642/16327 2643/16328 2644/16329
f 2639/16330 2650/16331 2643/16332
f 2652/16333 2651/16334 2645/16335
f 2646/16336 2647/16337 2636/16338
f 2652/16339 2646/16340 2636/16341
f 2648/16342 2649/16343 2650/16344
f 2636/16345 2637/16346 2638/16347
f 2636/16348 2647/16349 2637/16350
f 2639/16351 2658/16352 2640/16353
f 2651/16354 2642/16355 2644/16356
f 2640/16357 2658/16358 2650/16359
f 2651/16360 2652/16361 2645/16362
f 2652/16363 2655/16364 2651/16365
f 2642/16366 2653/16367 2643/16368
f 2653/16369 2654/16370 2648/16371
f 2657/16372 2640/16373 2646/16374
f 2647/16375 2641/16376 2637/16377
f 2645/16378 2656/16379 2646/16380
f 2645/16381 2636/16382 2638/16383
f 2641/16384 2657/16385 2637/16386
f 2656/16387 2637/16388 2657/16389
f 2648/16390 2650/16391 2658/16392
f 2639/16393 2653/16394 2658/16395
f 2641/16396 2640/16397 2657/16398
f 2645/16399 2646/16400 2652/16401
f 2657/16402 2646/16403 2656/16404
f 2245/16405 2244/16406 2253/16407
f 2252/16408 2254/16409 2246/16410
f 2240/16411 2241/16412 2242/16413
f 2245/16414 2246/16415 2244/16416
f 2250/16417 2251/16418 2245/16419
f 2246/16420 2248/16421 2249/16422
f 2240/16423 2250/16424 2241/16425
f 2246/16426 2254/16427 2247/16428
f 2255/16429 2253/16430 2252/16431
f 2243/16432 2255/16433 2247/16434
f 2244/16435 2249/16436 2248/16437
f 2250/16438 2240/16439 2251/16440
f 2246/16441 2242/16442 2248/16443
f 2245/16444 2251/16445 2246/16446
f 2241/16447 2243/16448 2244/16449
f 2243/16450 2254/16451 2244/16452
f 2241/16453 2255/16454 2243/16455
f 2242/16456 2255/16457 2252/16458
f 2246/16459 2247/16460 2242/16461
f 2253/16462 2255/16463 2241/16464
f 2247/16465 2255/16466 2242/16467
f 2254/16468 2252/16469 2253/16470
f 2251/16471 2240/16472 2252/16473
f 2246/16474 2251/16475 2252/16476
f 2250/16477 2245/16478 2253/16479
f 2244/16480 2254/16481 2253/16482
f 2241/16483 2248/16484 2242/16485
f 2246/16486 2249/16487 2244/16488
f 2247/16489 2254/16490 2243/16491
f 2244/16492 2248/16493 2241/16494
f 2240/16495 2242/16496 2252/16497
f 2241/16498 2250/16499 2253/16500
f 2794/16501 2799/16502 2793/16503
f 2799/16504 2795/16505 2797/16506
f 2795/16507 2796/16508 2797/16509
f 2795/16510 2800/16511 2796/16512
f 2798/16513 2794/16514 2793/16515
f 2800/16516 2802/16517 2798/16518
f 2798/16519 2801/16520 2802/16521
f 2794/16522 2798/16523 2799/16524
f 2798/16525 2802/16526 2795/16527
f 2802/16528 2801/16529 2798/16530
f 2799/16531 2797/16532 2793/16533
f 2800/16534 2793/16535 2797/16536
f 2799/16537 2798/16538 2795/16539
f 2800/16540 2795/16541 2802/16542
f 2800/16543 2798/16544 2793/16545
f 2796/16546 2800/16547 2797/16548
f 2812/16549 2807/16550 2808/16551
f 2814/16552 2809/16553 2810/16554
f 2814/16555 2813/16556 2811/16557
f 2814/16558 2812/16559 2808/16560
f 2814/16561 2811/16562 2812/16563
f 2812/16564 2810/16565 2808/16566
f 2814/16567 2808/16568 2810/16569
f 2811/16570 2813/16571 2814/16572
f 2809/16573 2814/16574 2810/16575
f 2807/16576 2812/16577 2808/16578
f 2812/16579 2811/16580 2814/16581
f 2812/16582 2814/16583 2810/16584
f 2865/16585 3062/16586 2860/16587
f 2864/16588 2865/16589 2860/16590
f 2862/16591 2864/16592 2861/16593
f 2863/16594 2865/16595 2864/16596
f 3062/16597 2863/16598 2861/16599
f 2865/16600 2867/16601 2866/16602
f 2863/16603 2864/16604 2861/16605
f 2864/16606 2866/16607 2865/16608
f 3062/16609 2865/16610 2863/16611
f 2865/16612 2866/16613 2864/16614
f 2866/16615 2867/16616 2865/16617
f 2864/16618 2860/16619 2861/16620
f 2864/16621 2862/16622 2861/16623
f 3062/16624 2861/16625 2860/16626
f 2833/16627 2828/16628 2826/16629
f 2817/16630 2825/16631 2824/16632
f 2827/16633 2816/16634 2833/16635
f 2828/16636 2825/16637 2826/16638
f 2829/16639 2831/16640 2830/16641
f 2830/16642 2832/16643 2834/16644
f 2816/16645 2826/16646 2817/16647
f 2828/16648 2829/16649 2825/16650
f 2825/16651 2830/16652 2834/16653
f 2816/16654 2827/16655 2826/16656
f 2817/16657 2826/16658 2825/16659
f 2833/16660 2826/16661 2827/16662
f 2829/16663 2830/16664 2825/16665
f 2831/16666 2832/16667 2830/16668
f 2825/16669 2834/16670 2824/16671
f 2848/16672 2837/16673 2852/16674
f 2849/16675 2846/16676 2845/16677
f 2849/16678 2847/16679 2846/16680
f 2852/16681 2845/16682 2848/16683
f 2849/16684 2850/16685 2847/16686
f 2852/16687 2849/16688 2845/16689
f 2847/16690 2851/16691 2853/16692
f 2837/16693 2845/16694 2835/16695
f 2850/16696 2851/16697 2847/16698
f 2837/16699 2848/16700 2845/16701
f 2846/16702 2847/16703 2853/16704
f 2845/16705 2846/16706 2844/16707
f 2846/16708 2853/16709 2844/16710
f 2845/16711 2844/16712 2835/16713
f 2878/16714 2879/16715 2877/16716
f 2882/16717 2878/16718 2870/16719
f 2879/16720 2881/16721 2875/16722
f 2880/16723 3064/16724 2881/16725
f 2884/16726 2880/16727 2878/16728
f 2869/16729 2884/16730 2882/16731
f 2880/16732 2881/16733 2879/16734
f 2884/16735 2878/16736 2882/16737
f 2882/16738 2870/16739 2869/16740
f 2881/16741 3064/16742 2883/16743
f 2880/16744 2879/16745 2878/16746
f 2879/16747 2875/16748 2877/16749
f 2881/16750 2883/16751 2875/16752
f 2878/16753 2877/16754 2870/16755
f 2618/16756 2616/16757 2612/16758
f 2605/16759 2618/16760 2619/16761
f 2608/16762 2615/16763 2618/16764
f 2619/16765 2612/16766 2614/16767
f 2609/16768 2610/16769 2608/16770
f 2607/16771 2608/16772 2605/16773
f 2612/16774 2613/16775 2614/16776
f 2612/16777 2616/16778 2613/16779
f 2615/16780 2613/16781 2616/16782
f 2607/16783 2604/16784 2611/16785
f 2607/16786 2611/16787 2609/16788
f 2611/16789 2604/16790 2606/16791
f 2617/16792 2619/16793 2614/16794
f 2606/16795 2605/16796 2619/16797
f 2615/16798 2617/16799 2613/16800
f 2610/16801 2606/16802 2617/16803
f 2610/16804 2617/16805 2615/16806
f 2609/16807 2611/16808 2610/16809
f 2611/16810 2606/16811 2610/16812
f 2619/16813 2618/16814 2612/16815
f 2618/16816 2615/16817 2616/16818
f 2605/16819 2608/16820 2618/16821
f 2604/16822 2605/16823 2606/16824
f 2604/16825 2607/16826 2605/16827
f 2607/16828 2609/16829 2608/16830
f 2617/16831 2614/16832 2613/16833
f 2606/16834 2619/16835 2617/16836
f 2608/16837 2610/16838 2615/16839
f 2621/16840 2634/16841 2635/16842
f 2635/16843 2628/16844 2630/16845
f 2633/16846 2630/16847 2629/16848
f 2622/16849 2635/16850 2633/16851
f 2634/16852 2631/16853 2632/16854
f 2627/16855 2622/16856 2626/16857
f 2625/16858 2626/16859 2624/16860
f 2631/16861 2633/16862 2629/16863
f 2635/16864 2634/16865 2628/16866
f 2621/16867 2624/16868 2634/16869
f 2620/16870 2621/16871 2622/16872
f 2624/16873 2626/16874 2631/16875
f 2623/16876 2624/16877 2621/16878
f 2626/16879 2622/16880 2633/16881
f 2631/16882 2629/16883 2632/16884
f 2623/16885 2627/16886 2625/16887
f 2622/16888 2621/16889 2635/16890
f 2634/16891 2632/16892 2628/16893
f 2624/16894 2631/16895 2634/16896
f 2633/16897 2635/16898 2630/16899
f 2626/16900 2633/16901 2631/16902
f 2628/16903 2629/16904 2630/16905
f 2620/16906 2623/16907 2621/16908
f 2623/16909 2625/16910 2624/16911
f 2623/16912 2620/16913 2627/16914
f 2628/16915 2632/16916 2629/16917
f 2627/16918 2620/16919 2622/16920
f 2625/16921 2627/16922 2626/16923
f 2673/16924 2662/16925 2659/16926
f 2668/16927 2673/16928 2674/16929
f 2672/16930 2661/16931 2664/16932
f 2667/16933 2672/16934 2670/16935
f 2667/16936 2668/16937 2669/16938
f 2670/16939 2662/16940 2673/16941
f 2673/16942 2659/16943 2674/16944
f 2667/16945 2671/16946 2668/16947
f 2659/16948 2660/16949 2661/16950
f 2659/16951 2663/16952 2660/16953
f 2662/16954 2665/16955 2663/16956
f 2671/16957 2673/16958 2668/16959
f 2664/16960 2666/16961 2665/16962
f 2666/16963 2663/16964 2665/16965
f 2667/16966 2670/16967 2671/16968
f 2672/16969 2664/16970 2670/16971
f 2661/16972 2660/16973 2666/16974
f 2662/16975 2663/16976 2659/16977
f 2664/16978 2665/16979 2662/16980
f 2668/16981 2674/16982 2669/16983
f 2661/16984 2666/16985 2664/16986
f 2670/16987 2664/16988 2662/16989
f 2674/16990 2659/16991 2661/16992
f 2666/16993 2660/16994 2663/16995
f 2671/16996 2670/16997 2673/16998
f 2669/16999 2672/17000 2667/17001
f 2674/17002 2661/17003 2672/17004
f 2669/17005 2674/17006 2672/17007
f 2680/17008 2682/17009 2681/17010
f 2683/17011 2688/17012 2686/17013
f 2684/17014 2689/17015 2690/17016
f 2689/17017 2678/17018 2675/17019
f 2690/17020 2677/17021 2688/17022
f 2685/17023 2688/17024 2683/17025
f 2689/17026 2675/17027 2690/17028
f 2684/17029 2690/17030 2685/17031
f 2682/17032 2679/17033 2681/17034
f 2686/17035 2678/17036 2689/17037
f 2683/17038 2684/17039 2685/17040
f 2683/17041 2686/17042 2687/17043
f 2675/17044 2676/17045 2677/17046
f 2687/17047 2686/17048 2689/17049
f 2675/17050 2679/17051 2676/17052
f 2678/17053 2681/17054 2679/17055
f 2690/17056 2675/17057 2677/17058
f 2685/17059 2690/17060 2688/17061
f 2688/17062 2680/17063 2686/17064
f 2687/17065 2689/17066 2684/17067
f 2686/17068 2680/17069 2678/17070
f 2677/17071 2676/17072 2682/17073
f 2682/17074 2676/17075 2679/17076
f 2683/17077 2687/17078 2684/17079
f 2688/17080 2677/17081 2680/17082
f 2678/17083 2679/17084 2675/17085
f 2680/17086 2681/17087 2678/17088
f 2677/17089 2682/17090 2680/17091
f 2806/17092 2803/17093 2804/17094
f 2806/17095 2805/17096 2803/17097
f 2805/17098 2804/17099 2803/17100
f 2805/17101 2806/17102 2804/17103
f 2823/17104 2815/17105 2817/17106
f 2817/17107 2816/17108 2820/17109
f 2824/17110 2817/17111 2834/17112
f 2820/17113 2821/17114 2834/17115
f 2821/17116 2822/17117 2815/17118
f 2823/17119 2817/17120 2824/17121
f 2816/17122 2819/17123 2820/17124
f 2834/17125 2821/17126 2823/17127
f 2815/17128 2823/17129 2821/17130
f 2820/17131 2822/17132 2821/17133
f 2818/17134 2815/17135 2822/17136
f 2818/17137 2822/17138 2819/17139
f 2815/17140 2816/17141 2817/17142
f 2818/17143 2819/17144 2816/17145
f 2815/17146 2818/17147 2816/17148
f 2834/17149 2823/17150 2824/17151
f 2822/17152 2820/17153 2819/17154
f 2820/17155 2834/17156 2817/17157
f 2836/17158 2842/17159 2839/17160
f 2840/17161 2853/17162 2835/17163
f 2835/17164 2836/17165 2837/17166
f 2840/17167 2841/17168 2853/17169
f 2843/17170 2835/17171 2844/17172
f 2853/17173 2841/17174 2843/17175
f 2835/17176 2842/17177 2836/17178
f 2842/17179 2843/17180 2841/17181
f 2837/17182 2838/17183 2840/17184
f 2838/17185 2839/17186 2840/17187
f 2843/17188 2842/17189 2835/17190
f 2844/17191 2835/17192 2853/17193
f 2835/17194 2837/17195 2840/17196
f 2840/17197 2839/17198 2841/17199
f 2836/17200 2839/17201 2838/17202
f 2836/17203 2838/17204 2837/17205
f 2841/17206 2839/17207 2842/17208
f 2853/17209 2843/17210 2844/17211
f 2854/17212 3060/17213 2856/17214
f 3060/17215 2854/17216 2855/17217
f 2854/17218 2856/17219 2855/17220
f 3060/17221 2855/17222 2856/17223
f 3061/17224 2859/17225 2858/17226
f 3061/17227 2858/17228 2857/17229
f 3061/17230 2857/17231 2858/17232
f 2859/17233 3061/17234 2858/17235
f 3063/17236 2868/17237 2874/17238
f 2870/17239 2869/17240 2875/17241
f 2868/17242 3063/17243 2869/17244
f 2869/17245 2871/17246 2873/17247
f 2871/17248 2872/17249 2873/17250
f 2868/17251 2869/17252 2870/17253
f 2875/17254 2874/17255 2876/17256
f 2873/17257 2872/17258 2874/17259
f 2876/17260 2868/17261 2870/17262
f 2868/17263 2876/17264 2874/17265
f 2871/17266 3063/17267 2872/17268
f 2877/17269 2870/17270 2875/17271
f 3063/17272 2871/17273 2869/17274
f 2873/17275 2875/17276 2869/17277
f 2874/17278 2872/17279 3063/17280
f 2876/17281 2870/17282 2877/17283
f 2873/17284 2874/17285 2875/17286
f 2875/17287 2876/17288 2877/17289
f 2911/17290 2912/17291 2910/17292
f 2912/17293 2911/17294 2910/17295
f 2912/17296 2909/17297 2910/17298
f 2912/17299 2910/17300 2909/17301
f 2997/17302 2998/17303 2996/17304
f 2997/17305 2996/17306 2995/17307
f 2993/17308 2994/17309 2992/17310
f 2998/17311 2992/17312 2996/17313
f 2993/17314 2991/17315 2997/17316
f 2991/17317 2999/17318 2997/17319
f 2993/17320 2997/17321 2995/17322
f 2991/17323 2993/17324 2992/17325
f 2999/17326 2991/17327 2992/17328
f 2997/17329 2999/17330 2998/17331
f 2992/17332 2994/17333 2995/17334
f 2993/17335 2995/17336 2994/17337
f 2995/17338 2996/17339 2992/17340
f 2999/17341 2992/17342 2998/17343
f 3004/17344 3007/17345 3000/17346
f 3000/17347 3001/17348 3002/17349
f 3001/17350 3006/17351 3005/17352
f 3003/17353 3001/17354 3005/17355
f 3001/17356 3003/17357 3002/17358
f 3000/17359 3006/17360 3001/17361
f 3003/17362 3004/17363 3002/17364
f 3000/17365 3007/17366 3006/17367
f 3006/17368 3007/17369 3005/17370
f 3003/17371 3005/17372 3004/17373
f 3004/17374 3005/17375 3007/17376
f 3000/17377 3002/17378 3004/17379
f 3010/17380 3014/17381 3012/17382
f 3011/17383 3012/17384 3013/17385
f 3009/17386 3008/17387 3013/17388
f 3013/17389 3012/17390 3014/17391
f 3014/17392 3010/17393 3008/17394
f 3015/17395 3009/17396 3013/17397
f 3013/17398 3014/17399 3015/17400
f 3010/17401 3011/17402 3008/17403
f 3014/17404 3009/17405 3015/17406
f 3014/17407 3008/17408 3009/17409
f 3008/17410 3011/17411 3013/17412
f 3011/17413 3010/17414 3012/17415
f 3041/17416 3040/17417 3039/17418
f 3044/17419 3042/17420 3040/17421
f 3042/17422 3043/17423 3039/17424
f 3044/17425 3043/17426 3042/17427
f 3039/17428 3043/17429 3041/17430
f 3041/17431 3044/17432 3040/17433
f 3040/17434 3042/17435 3039/17436
f 3047/17437 3048/17438 3045/17439
f 3047/17440 3050/17441 3048/17442
f 3046/17443 3047/17444 3045/17445
f 3045/17446 3048/17447 3049/17448
f 3046/17449 3045/17450 3050/17451
f 3045/17452 3049/17453 3050/17454
f 3047/17455 3046/17456 3050/17457
