# Melee_Knife — Pink Panic Stage 1
# muzzle -Z, up +Y, right +X, origin at the grip
mtllib pinkpanic.mtl
o Body
g Body
usemtl BodyPink
v 0.00962 0.46763 -1.34226
v 0.00508 0.40589 -1.44136
v -0.02187 0.28883 -0.63832
v -0.00222 0.43314 -1.53210
v 0.01010 0.45251 -1.29270
v 0.01142 0.47680 -1.30169
v 0.01546 0.49688 -1.18338
v 0.01525 0.48408 -1.08554
v 0.01834 0.51480 -1.07516
v 0.00995 0.45767 -0.60916
v 0.01693 0.50537 -1.13097
v -0.00886 0.29605 -0.60485
v 0.00179 0.36615 0.23373
v 0.00963 0.44329 -1.28139
v 0.00759 0.42671 -1.35749
v 0.01636 0.49141 -1.03240
v -0.01192 0.30275 -0.62210
v -0.01956 0.20495 0.14147
v 0.00187 0.36684 0.22956
v 0.02435 0.54644 -0.62716
v 0.02270 0.53424 -0.65677
v 0.00078 0.35820 0.26391
v 0.01386 0.47436 -1.14007
v 0.01350 0.48669 -1.24493
v 0.01261 0.46545 -1.19128
v 0.01003 0.44664 -1.26855
v 0.02401 0.54284 -0.53029
v 0.02447 0.54650 -0.54744
v 0.01357 0.46449 -0.62319
v 0.02254 0.53291 -0.64587
v -0.02268 0.18856 -0.56641
v -0.02035 0.20609 -0.54947
v -0.01220 0.26798 -0.54925
v 0.00454 0.38748 0.19051
v 0.00163 0.36533 0.19604
v 0.01188 0.44312 0.20297
v 0.00418 0.39360 -0.66605
v 0.00758 0.42435 -1.13548
v 0.01384 0.47124 -1.07418
v -0.00391 0.33609 -0.98718
v 0.01490 0.47866 -1.01485
v -0.01211 0.26672 -0.35664
v 0.01860 0.50504 -0.92176
v 0.01783 0.49870 -0.79754
v 0.02182 0.52529 -0.44154
v -0.00453 0.32583 -0.50682
v 0.00847 0.44245 -1.34317
v 0.00998 0.43725 -0.62101
v 0.02065 0.51917 -0.70589
v 0.01937 0.50951 -0.71213
v 0.02029 0.51621 -0.68662
v 0.00314 0.39948 -1.14453
v -0.00916 0.43539 -1.52326
v -0.02049 0.41314 -1.44448
v -0.02651 0.30398 -0.62573
v -0.01313 0.45812 -1.29366
v -0.00865 0.47945 -1.30166
v -0.00869 0.48073 -1.28789
v -0.00726 0.49750 -1.19740
v -0.00523 0.51573 -1.07603
v -0.00523 0.51530 -1.09047
v -0.00390 0.52472 -1.03405
v -0.00396 0.52460 -1.02242
v -0.00631 0.50663 -1.14254
v -0.04630 0.19995 0.14913
v -0.02454 0.36449 0.22476
v -0.01426 0.44775 -1.34587
v -0.01147 0.47742 -1.05901
v -0.00964 0.49039 -1.03107
v -0.04521 0.20833 0.14151
v -0.00135 0.54952 -0.63014
v -0.02433 0.38297 -1.40259
v -0.02552 0.35662 0.26191
v -0.02498 0.36085 0.25148
v -0.02225 0.38163 0.24952
v -0.01371 0.46130 -1.16715
v -0.01144 0.47622 -1.13934
v -0.00788 0.49076 -1.23627
v -0.00798 0.48911 -1.24727
v -0.01100 0.48053 -1.08243
v -0.01302 0.46532 -1.18921
v -0.01326 0.46220 -1.21509
v -0.01404 0.45540 -1.26419
v -0.01570 0.44583 -1.27591
v -0.00105 0.55090 -0.54547
v -0.05142 0.16858 -0.57258
v -0.05108 0.17095 -0.55420
v -0.00491 0.52320 -0.70594
v -0.01209 0.46786 -0.62315
v -0.04765 0.19717 -0.56603
v -0.04585 0.21061 -0.54243
v -0.04289 0.23306 -0.54183
v -0.03450 0.29699 -0.60194
v -0.03778 0.27195 -0.54837
v -0.03734 0.26858 0.09440
v -0.02397 0.36908 0.19541
v -0.01384 0.44602 0.20295
v -0.01822 0.41239 0.23014
v -0.03155 0.31392 -0.03039
v -0.02746 0.34547 -0.07770
v -0.00918 0.48257 0.08988
v -0.03317 0.30078 0.04436
v -0.03292 0.32765 -1.15513
v -0.02137 0.40298 -1.14478
v -0.01807 0.42773 -1.13545
v -0.01188 0.47404 -1.06811
v -0.01288 0.46727 -1.11745
v -0.01786 0.42617 -1.14176
v -0.02612 0.36449 -0.97266
v -0.01075 0.48204 -1.01481
v -0.05074 0.17293 -0.49295
v -0.00693 0.51054 -0.92577
v -0.01032 0.48541 -1.00572
v -0.01613 0.42844 0.21791
v -0.02795 0.34536 -0.43059
v -0.03018 0.32920 -0.50678
v -0.00910 0.47151 -1.34112
v -0.02182 0.39424 -0.66427
v -0.01567 0.44062 -0.62098
v -0.00814 0.49963 -0.79311
v -0.00696 0.50799 -0.74005
v -0.00545 0.51896 -0.68955
v -0.02056 0.19645 0.18279
v -0.01993 0.20156 0.17334
v -0.00599 0.33861 -0.91010
v -0.00907 0.29599 -1.14529
v -0.02135 0.29413 -1.42095
v -0.00434 0.33475 -1.21925
v -0.02354 0.28445 -0.88240
v -0.02623 0.25854 -0.95929
v -0.03170 0.22350 -0.98236
v -0.02781 0.25654 -1.31954
v -0.02216 0.30364 -1.43761
v -0.01590 0.44250 -1.32244
v 0.00872 0.43802 -1.32323
v -0.01343 0.46011 -1.24320
v 0.01086 0.45188 -1.23604
v 0.01082 0.45029 -1.22812
v 0.01121 0.45401 -1.21864
v 0.01189 0.45724 -1.16820
v 0.01251 0.46107 -1.12056
v 0.01433 0.47448 -1.05848
v -0.00255 0.53372 -0.98024
v 0.02097 0.53478 -0.95594
v 0.02044 0.53070 -0.98027
v 0.01510 0.48024 -1.02278
v 0.01544 0.48248 -1.00518
v -0.00710 0.50736 -0.77866
v 0.01759 0.49675 -0.78607
v 0.01821 0.50125 -0.76928
v 0.01861 0.50424 -0.75871
v 0.01950 0.51065 -0.73213
v 0.01911 0.50790 -0.74855
v 0.01869 0.50462 -0.74009
v -0.00600 0.51509 -0.72253
v 0.01979 0.51276 -0.72386
v -0.00465 0.52516 -0.69985
v 0.02034 0.51671 -0.69623
v -0.00357 0.53307 -0.67505
v -0.00442 0.52657 -0.66592
v 0.02119 0.52288 -0.66881
v -0.00248 0.54112 -0.64984
v 0.02294 0.53578 -0.63348
v 0.02378 0.54201 -0.61663
v 0.02500 0.55116 -0.60809
v -0.01937 0.20626 0.15632
v -0.02030 0.19903 0.16434
v 0.00125 0.36187 0.25254
v 0.00248 0.37137 0.23933
v 0.00239 0.37055 0.24848
v 0.00042 0.56213 -0.55606
v 0.02598 0.55807 -0.55632
v 0.02435 0.54522 -0.51061
v 0.02515 0.55158 -0.53408
v 0.02370 0.54041 -0.52278
v 0.02355 0.53888 -0.48458
v -0.00278 0.53722 -0.49701
v 0.02287 0.53385 -0.49705
v 0.02202 0.52712 -0.47160
v 0.02260 0.53138 -0.45664
v 0.02174 0.52478 -0.45071
v 0.01194 0.45194 -0.60836
v 0.01305 0.46459 -0.61771
v 0.00505 0.42469 -1.13548
v 0.00343 0.41235 -1.14926
v 0.00146 0.39745 -1.13331
v 0.00744 0.43758 -0.62101
v 0.01000 0.43870 -0.61489
v 0.00917 0.44521 -0.60911
v 0.00425 0.45236 -0.61030
v 0.00608 0.46141 -0.62286
v -0.00301 0.41189 -1.13438
v 0.00226 0.41937 -1.14665
v -0.00244 0.40202 -1.13362
v 0.00354 0.44215 -0.62132
v 0.00441 0.38592 0.24856
v 0.00323 0.37691 0.25089
v 0.00666 0.40313 0.23281
v 0.00524 0.39235 0.23282
v -0.02062 0.39406 0.24387
v 0.00496 0.39018 0.24198
v 0.00737 0.40854 0.22975
v 0.01057 0.43314 0.20194
v 0.00937 0.42387 0.21630
v 0.01361 0.45638 0.18814
v 0.01263 0.44895 0.18742
v -0.02111 0.30008 -0.60804
v -0.02076 0.30278 -0.61670
v -0.02450 0.17468 -0.56283
v -0.02122 0.19963 -0.56146
v -0.00681 0.50744 -0.57627
v 0.01901 0.50553 -0.59242
v -0.00618 0.51241 -0.59561
v 0.02208 0.52897 -0.60439
v -0.00430 0.52679 -0.60374
v -0.00259 0.53978 -0.60079
v 0.02410 0.54417 -0.59251
v 0.00081 0.35899 0.20946
v -0.02233 0.38160 0.19008
v -0.02022 0.39757 0.19452
v 0.01927 0.52167 -1.03408
v -0.00948 0.28917 -0.60036
v -0.02112 0.30020 -0.62834
v -0.00389 0.52825 -0.44103
v 0.02144 0.52143 -0.34751
v -0.00317 0.53223 -0.30064
v 0.02457 0.54368 -0.20290
v 0.02485 0.54500 -0.12128
v 0.02273 0.52818 -0.05083
v -0.00748 0.49597 0.04451
v 0.01795 0.49078 0.04934
v 0.01631 0.47785 0.09540
v 0.01480 0.46568 0.16712
v 0.00297 0.37484 0.25817
v -0.02128 0.19174 0.15477
v -0.02171 0.18830 0.16947
v -0.03238 0.20664 0.14149
v -0.01314 0.25408 0.10365
v -0.00934 0.28330 0.07372
v -0.00738 0.29848 0.04390
v -0.00722 0.30014 0.00297
v -0.02013 0.30133 -0.01160
v -0.00719 0.30057 -0.01849
v -0.00214 0.33942 -0.06971
v -0.01696 0.32579 -0.04674
v -0.00115 0.34745 -0.11561
v -0.00276 0.33558 -0.14849
v -0.00352 0.32990 -0.15820
v -0.00409 0.32560 -0.16605
v -0.00436 0.32370 -0.17585
v -0.00120 0.34819 -0.22352
v -0.00148 0.34658 -0.27702
v -0.00461 0.32317 -0.31167
v -0.01048 0.27887 -0.33814
v -0.01079 0.27692 -0.37306
v -0.00411 0.32795 -0.40567
v -0.00182 0.34572 -0.44005
v -0.00265 0.33989 -0.48346
v -0.01736 0.32752 -0.50680
v -0.01008 0.28424 -0.54034
v -0.01674 0.23347 -0.54286
v -0.02036 0.20643 -0.58590
v -0.01026 0.28325 -0.59903
v -0.02059 0.20406 -0.52857
v -0.02347 0.18274 -0.58003
v -0.02147 0.19730 -0.52051
v -0.02653 0.15922 -0.55374
v -0.02590 0.16413 -0.56923
v -0.02455 0.17358 -0.49069
v -0.02553 0.16627 -0.50175
v 0.01722 0.49461 -0.85519
v 0.01747 0.49687 -0.88407
v 0.00465 0.49856 -0.88405
v -0.02456 0.17444 -0.57677
v 0.02694 0.56554 -0.57406
v 0.01190 0.47875 -1.28729
v 0.01963 0.52431 -1.01830
v 0.02162 0.52623 -0.68073
v 0.02299 0.53481 -0.50189
v 0.00753 0.40985 0.22117
v 0.00977 0.42703 0.20563
v 0.01196 0.44386 0.19218
v 0.01165 0.46315 -1.24544
v -0.00759 0.49660 -1.18481
v -0.00669 0.50489 -1.13317
v 0.00423 0.38469 0.23274
v 0.00647 0.40196 0.21059
v -0.02358 0.18130 -0.52730
v -0.02487 0.17160 -0.53429
v -0.02561 0.16614 -0.54713
v -0.02053 0.20464 -0.53964
v -0.02134 0.19838 -0.53067
v 0.02053 0.51675 -0.56245
v 0.01923 0.50694 -0.57134
v 0.02442 0.54641 -0.57640
v 0.02269 0.53313 -0.56139
v -0.04554 0.20573 0.17392
v -0.04631 0.19999 0.18305
v -0.03229 0.24838 -0.98194
v -0.02980 0.33921 -1.21959
v -0.03274 0.25094 -1.18042
v -0.02611 0.29492 -0.93371
v -0.01488 0.45262 -1.22681
v -0.01273 0.46824 -1.13144
v -0.00193 0.53780 -0.95591
v -0.00768 0.50282 -0.76518
v -0.00557 0.51843 -0.72428
v -0.00632 0.51304 -0.75372
v -0.00630 0.51275 -0.71204
v -0.00537 0.51965 -0.69445
v -0.00428 0.52775 -0.68104
v -0.00383 0.53110 -0.67424
v -0.00285 0.53834 -0.65682
v -0.00308 0.53647 -0.64495
v -0.00300 0.53701 -0.63472
v -0.00175 0.54630 -0.61412
v -0.00051 0.55564 -0.60832
v -0.04598 0.20227 0.16435
v -0.02352 0.37199 0.25051
v -0.02314 0.37497 0.24199
v -0.00220 0.54177 -0.50560
v -0.00036 0.55601 -0.53664
v -0.00195 0.54380 -0.52526
v -0.00142 0.54774 -0.51560
v -0.00255 0.53882 -0.48148
v -0.00226 0.54114 -0.48992
v -0.00352 0.53134 -0.47074
v -0.00382 0.52885 -0.45238
v -0.01372 0.45532 -0.60833
v -0.01170 0.46666 -0.61338
v -0.01553 0.42740 -1.13545
v -0.01832 0.42141 -1.14665
v -0.01911 0.40016 -1.13328
v -0.01313 0.44029 -0.62098
v -0.01493 0.44434 -0.61092
v -0.00948 0.44610 -0.61181
v -0.00742 0.46288 -0.61327
v -0.00710 0.45433 -0.60987
v -0.00564 0.46296 -0.62284
v -0.01342 0.41852 -1.14710
v -0.01106 0.41295 -1.13437
v -0.01457 0.40474 -1.14449
v -0.01653 0.40621 -1.14568
v -0.01416 0.40356 -1.13360
v -0.00818 0.44370 -0.62130
v -0.01901 0.40642 0.23290
v -0.01827 0.41213 0.22200
v -0.01274 0.45447 0.18724
v -0.04954 0.18278 -0.56488
v -0.00637 0.51098 -0.59350
v -0.00506 0.52102 -0.60189
v -0.00119 0.55025 -0.58775
v -0.01924 0.40486 0.21630
v -0.04475 0.21165 0.15587
v -0.00420 0.52497 -0.35541
v -0.00073 0.54942 -0.16947
v -0.00150 0.54269 -0.08417
v -0.01127 0.46573 0.17998
v -0.02297 0.37602 0.26069
v -0.04716 0.19327 0.17497
v -0.04731 0.19218 0.16125
v -0.03455 0.29010 0.06834
v -0.03287 0.30368 -0.01669
v -0.02693 0.34985 -0.11182
v -0.02910 0.33382 -0.15790
v -0.02992 0.32777 -0.17617
v -0.02804 0.34234 -0.20180
v -0.02671 0.35273 -0.23410
v -0.02690 0.35166 -0.26628
v -0.02811 0.34271 -0.29073
v -0.03071 0.32323 -0.31456
v -0.03740 0.27275 -0.34707
v -0.03726 0.27399 -0.36739
v -0.03016 0.32831 -0.40196
v -0.02749 0.34914 -0.46733
v -0.03656 0.28116 -0.54471
v -0.04748 0.19863 -0.58322
v -0.04571 0.21155 -0.53139
v -0.04978 0.18022 -0.49386
v -0.05214 0.16288 -0.54806
v -0.00818 0.50025 -0.88403
v -0.00835 0.49841 -0.83168
v -0.03499 0.29290 -0.53521
v 0.00129 0.56892 -0.57402
v -0.00794 0.50103 -0.78464
v -0.00617 0.51390 -0.73228
v -0.00047 0.55539 -0.55469
v -0.00292 0.53583 -0.46439
v -0.02039 0.39593 0.23110
v -0.01586 0.43059 0.20517
v -0.01369 0.44724 0.19222
v -0.02321 0.37445 0.23681
v -0.04828 0.19197 -0.52669
v -0.04992 0.17952 -0.53022
v -0.05097 0.17166 -0.53855
v -0.00502 0.52088 -0.56212
v -0.00319 0.53477 -0.56159
v -0.00183 0.54518 -0.56834
vt 0.00000 0.66859
vt 0.10570 0.75276
vt 0.05052 0.60206
vt 0.28608 0.89112
vt 0.27823 0.81080
vt 0.27729 0.88467
vt 0.50972 0.93430
vt 0.50034 0.91910
vt 0.50386 0.94513
vt 0.50607 0.74509
vt 0.48067 0.88762
vt 0.49344 0.91210
vt 0.50607 0.74509
vt 0.47076 0.87135
vt 0.48067 0.88762
vt 0.96549 0.66858
vt 0.95913 0.55712
vt 0.96607 0.69294
vt 0.48221 0.57207
vt 0.50668 0.35033
vt 0.49765 0.31635
vt 0.22083 0.64713
vt 0.22914 0.73675
vt 0.25497 0.76158
vt 0.22083 0.64713
vt 0.25497 0.76158
vt 0.28800 0.77970
vt 0.57361 0.91674
vt 0.53494 0.84871
vt 0.56198 0.93041
vt 0.34632 0.43784
vt 0.50728 0.67861
vt 0.48221 0.57207
vt 0.50607 0.74509
vt 0.41538 0.82385
vt 0.42473 0.83481
vt 0.50607 0.74509
vt 0.44098 0.84305
vt 0.45655 0.85498
vt 0.50607 0.74509
vt 0.42473 0.83481
vt 0.44098 0.84305
vt 0.50607 0.74509
vt 0.45655 0.85498
vt 0.47076 0.87135
vt 0.98087 0.50675
vt 0.93183 0.11162
vt 0.96968 0.48760
vt 0.00492 0.67407
vt 0.04879 0.61977
vt 0.10633 0.76223
vt 0.50609 0.75334
vt 0.49965 0.92211
vt 0.48228 0.89663
vt 0.50609 0.75334
vt 0.48228 0.89663
vt 0.47386 0.89952
vt 0.22085 0.65538
vt 0.25834 0.76842
vt 0.23087 0.75189
vt 0.22085 0.65538
vt 0.28802 0.78794
vt 0.25834 0.76842
vt 0.57155 0.93373
vt 0.56059 0.93870
vt 0.53219 0.84994
vt 0.22085 0.65538
vt 0.41146 0.83088
vt 0.38999 0.82789
vt 0.50609 0.75334
vt 0.42701 0.83866
vt 0.41146 0.83088
vt 0.50609 0.75334
vt 0.45660 0.86290
vt 0.44100 0.85129
vt 0.50609 0.75334
vt 0.44100 0.85129
vt 0.42701 0.83866
vt 0.50609 0.75334
vt 0.46912 0.87805
vt 0.45660 0.86290
vt 0.50609 0.75334
vt 0.47386 0.89952
vt 0.46912 0.87805
vt 0.94957 0.10334
vt 0.99367 0.49462
vt 1.00000 0.48568
vt 0.94957 0.10334
vt 1.00000 0.48568
vt 0.95483 0.09087
vt 0.34632 0.43784
vt 0.48221 0.57207
vt 0.49765 0.31635
vt 0.31893 0.24242
vt 0.21537 0.33383
vt 0.30340 0.43171
vt 0.21537 0.33383
vt 0.06189 0.32928
vt 0.17419 0.42843
vt 0.06189 0.32928
vt 0.05052 0.60206
vt 0.17419 0.42843
vt 0.31893 0.24242
vt 0.30340 0.43171
vt 0.34632 0.43784
vt 0.06189 0.32928
vt 0.00000 0.66859
vt 0.05052 0.60206
vt 0.49765 0.31635
vt 0.36175 0.30567
vt 0.34632 0.43784
vt 0.30609 0.15689
vt 0.21537 0.33383
vt 0.31893 0.24242
vt 0.21537 0.33383
vt 0.30609 0.15689
vt 0.11835 0.23754
vt 0.21537 0.33383
vt 0.11835 0.23754
vt 0.06189 0.32928
vt 0.00000 0.66859
vt 0.10633 0.76223
vt 0.10570 0.75276
vt 0.34632 0.43784
vt 0.36175 0.30567
vt 0.31893 0.24242
vt 0.05261 0.35249
vt 0.00000 0.66859
vt 0.06189 0.32928
vt 0.10570 0.75276
vt 0.10369 0.70424
vt 0.10519 0.69130
vt 0.13631 0.77990
vt 0.13276 0.72956
vt 0.13329 0.71587
vt 0.15961 0.74183
vt 0.16086 0.73440
vt 0.16484 0.71433
vt 0.16484 0.71433
vt 0.16086 0.73440
vt 0.16925 0.71044
vt 0.22334 0.84488
vt 0.21828 0.76920
vt 0.20262 0.72739
vt 0.25834 0.76842
vt 0.26370 0.76949
vt 0.25497 0.76158
vt 0.30727 0.91409
vt 0.32080 0.91667
vt 0.30725 0.90670
vt 0.28359 0.78354
vt 0.28802 0.78794
vt 0.28800 0.77970
vt 0.28802 0.78794
vt 0.29338 0.78902
vt 0.28800 0.77970
vt 0.41950 0.84974
vt 0.42473 0.83481
vt 0.41538 0.82385
vt 0.50034 0.91910
vt 0.50220 0.95265
vt 0.50386 0.94513
vt 0.57633 0.92263
vt 0.58325 0.92668
vt 0.57631 0.91439
vt 0.50607 0.74509
vt 0.50912 0.74535
vt 0.22083 0.64795
vt 0.50607 0.74509
vt 0.22083 0.64795
vt 0.22083 0.64713
vt 0.22083 0.64795
vt 0.21461 0.63497
vt 0.22083 0.64713
vt 0.22204 0.58146
vt 0.50729 0.67942
vt 0.50728 0.67861
vt 0.22204 0.58146
vt 0.50728 0.67861
vt 0.21579 0.58642
vt 0.50728 0.67861
vt 0.50729 0.67942
vt 0.51069 0.68215
vt 0.50626 0.73760
vt 0.51325 0.71551
vt 0.22144 0.61672
vt 0.50626 0.73760
vt 0.22144 0.61672
vt 0.21461 0.63497
vt 0.21461 0.63497
vt 0.21579 0.58642
vt 0.21316 0.61784
vt 0.22144 0.61672
vt 0.22187 0.59262
vt 0.21579 0.58642
vt 0.22144 0.61672
vt 0.21579 0.58642
vt 0.21461 0.63497
vt 0.22187 0.59262
vt 0.22204 0.58146
vt 0.21579 0.58642
vt 0.22144 0.61672
vt 0.51325 0.71551
vt 0.50711 0.69058
vt 0.22144 0.61672
vt 0.50711 0.69058
vt 0.22187 0.59262
vt 0.50729 0.67942
vt 0.22204 0.58146
vt 0.22187 0.59262
vt 0.50729 0.67942
vt 0.22187 0.59262
vt 0.50711 0.69058
vt 0.50626 0.73760
vt 0.50912 0.74535
vt 0.51325 0.71551
vt 0.51325 0.71551
vt 0.50912 0.74535
vt 0.51388 0.72846
vt 0.51391 0.69805
vt 0.51325 0.71551
vt 0.51388 0.72846
vt 0.51391 0.69805
vt 0.51069 0.68215
vt 0.51325 0.71551
vt 0.51069 0.68215
vt 0.50729 0.67942
vt 0.50711 0.69058
vt 0.51069 0.68215
vt 0.50711 0.69058
vt 0.51325 0.71551
vt 0.22083 0.64795
vt 0.50912 0.74535
vt 0.50626 0.73760
vt 0.22083 0.64795
vt 0.50626 0.73760
vt 0.21461 0.63497
vt 0.51391 0.69805
vt 0.51388 0.72846
vt 0.51433 0.71448
vt 0.51654 0.90249
vt 0.51690 0.89717
vt 0.52320 0.84526
vt 0.52315 0.93960
vt 0.52580 0.95442
vt 0.51654 0.90249
vt 0.95913 0.55712
vt 0.95889 0.54279
vt 0.96221 0.50308
vt 0.97031 0.59247
vt 0.96137 0.58176
vt 0.95913 0.55712
vt 0.11630 0.68050
vt 0.12831 0.78161
vt 0.12829 0.77516
vt 0.17453 0.71951
vt 0.18636 0.82566
vt 0.19416 0.82416
vt 0.20262 0.72739
vt 0.21690 0.84797
vt 0.22334 0.84488
vt 0.22914 0.73675
vt 0.24590 0.86913
vt 0.25442 0.86790
vt 0.27729 0.88467
vt 0.27823 0.81080
vt 0.26370 0.76949
vt 0.30725 0.90670
vt 0.29338 0.78902
vt 0.30727 0.91409
vt 0.94957 0.10334
vt 0.99308 0.49212
vt 0.99367 0.49462
vt 0.98320 0.50508
vt 0.93984 0.12797
vt 0.94010 0.11480
vt 0.51451 0.34381
vt 0.50969 0.35039
vt 0.50668 0.35033
vt 0.51451 0.34381
vt 0.50668 0.35033
vt 0.51628 0.33397
vt 0.50969 0.35039
vt 0.50321 0.34410
vt 0.50668 0.35033
vt 0.95327 0.74814
vt 0.95781 0.72531
vt 0.94611 0.74800
vt 0.95048 0.08309
vt 0.94741 0.07097
vt 0.95483 0.09087
vt 0.93184 0.11574
vt 0.93183 0.11162
vt 0.93923 0.07936
vt 0.78869 0.45942
vt 0.81424 0.43983
vt 0.80979 0.45459
vt 0.69882 0.45729
vt 0.72860 0.46122
vt 0.72271 0.47231
vt 0.67952 0.40017
vt 0.69882 0.45729
vt 0.69118 0.44786
vt 0.64850 0.28013
vt 0.64534 0.28727
vt 0.65449 0.26239
vt 0.62925 0.41272
vt 0.62718 0.41183
vt 0.64534 0.28727
vt 0.58387 0.44097
vt 0.60804 0.45520
vt 0.59285 0.46356
vt 0.57088 0.41077
vt 0.57087 0.40665
vt 0.58387 0.44097
vt 0.57859 0.03346
vt 0.57369 0.01721
vt 0.57985 0.03505
vt 0.37690 0.81862
vt 0.36082 0.82414
vt 0.36083 0.82826
vt 0.33760 0.85750
vt 0.33983 0.84407
vt 0.32080 0.91667
vt 0.60721 0.89351
vt 0.60750 0.90072
vt 0.65957 0.88407
vt 0.93184 0.11574
vt 0.91077 0.23153
vt 0.93183 0.11162
vt 0.85471 0.34396
vt 0.84660 0.34685
vt 0.84276 0.34500
vt 0.82703 0.40655
vt 0.81424 0.43983
vt 0.84276 0.34500
vt 0.74069 0.44695
vt 0.72860 0.46122
vt 0.75515 0.40145
vt 0.67791 0.40031
vt 0.66478 0.29204
vt 0.67952 0.40017
vt 0.65981 0.27710
vt 0.65449 0.26239
vt 0.66478 0.29204
vt 0.55220 0.30514
vt 0.57087 0.40665
vt 0.57088 0.41077
vt 0.53343 0.99176
vt 0.51448 0.95666
vt 0.51435 0.96758
vt 0.38999 0.82789
vt 0.40900 0.82860
vt 0.37690 0.81862
vt 0.55137 0.18021
vt 0.55876 0.10944
vt 0.55080 0.18122
vt 0.13631 0.77990
vt 0.12829 0.77516
vt 0.12831 0.78161
vt 0.43627 0.85107
vt 0.43062 0.84211
vt 0.43339 0.86360
vt 0.46338 0.89318
vt 0.46540 0.87257
vt 0.46003 0.87856
vt 0.47720 0.91250
vt 0.48067 0.88762
vt 0.47404 0.89579
vt 0.49124 0.93214
vt 0.49344 0.91210
vt 0.48738 0.91535
vt 0.54345 0.98344
vt 0.54330 0.97350
vt 0.53343 0.99176
vt 0.54421 0.96698
vt 0.54825 0.94526
vt 0.54330 0.97350
vt 0.55426 0.96848
vt 0.55568 0.95767
vt 0.54825 0.94526
vt 0.57633 0.92263
vt 0.57631 0.91439
vt 0.57361 0.91674
vt 0.59449 0.91924
vt 0.59881 0.90836
vt 0.59048 0.89798
vt 0.99680 0.52629
vt 0.99275 0.53133
vt 0.99199 0.54286
vt 0.96549 0.66858
vt 0.96607 0.69294
vt 0.96606 0.70001
vt 0.97438 0.65712
vt 0.97349 0.64596
vt 0.96755 0.65366
vt 0.96606 0.70001
vt 0.96607 0.69294
vt 0.96006 0.69476
vt 0.50321 0.34410
vt 0.49765 0.31635
vt 0.50668 0.35033
vt 0.14917 0.72291
vt 0.15989 0.79930
vt 0.14674 0.70154
vt 0.16471 0.80923
vt 0.15961 0.74183
vt 0.15989 0.79930
vt 0.19416 0.82416
vt 0.19337 0.82348
vt 0.18977 0.74745
vt 0.20262 0.72739
vt 0.18977 0.74745
vt 0.19092 0.74712
vt 0.22212 0.84371
vt 0.21828 0.76920
vt 0.22334 0.84488
vt 0.22914 0.73675
vt 0.21828 0.76920
vt 0.21869 0.77373
vt 0.25497 0.76158
vt 0.24864 0.79293
vt 0.25037 0.78426
vt 0.97820 0.50101
vt 0.98087 0.50675
vt 0.96968 0.48760
vt 0.98173 0.57776
vt 0.98269 0.56902
vt 0.98264 0.55032
vt 0.98631 0.51781
vt 0.99141 0.51582
vt 0.99254 0.51931
vt 0.53494 0.84871
vt 0.52320 0.84526
vt 0.53219 0.84994
vt 0.94456 0.09717
vt 0.94741 0.07097
vt 0.93923 0.07936
vt 0.94957 0.10334
vt 0.95483 0.09087
vt 0.94741 0.07097
vt 0.94456 0.09717
vt 0.94957 0.10334
vt 0.94741 0.07097
vt 0.93183 0.11162
vt 0.94010 0.11480
vt 0.93923 0.07936
vt 0.98320 0.50508
vt 0.94010 0.11480
vt 0.93183 0.11162
vt 0.98320 0.50508
vt 0.93183 0.11162
vt 0.98087 0.50675
vt 0.98264 0.55032
vt 0.98631 0.51781
vt 0.98320 0.50508
vt 0.98264 0.55032
vt 0.98320 0.50508
vt 0.98087 0.50675
vt 0.98264 0.55032
vt 0.99141 0.51582
vt 0.98631 0.51781
vt 0.13631 0.77990
vt 0.13329 0.71587
vt 0.11630 0.68050
vt 0.13631 0.77990
vt 0.11630 0.68050
vt 0.12829 0.77516
vt 0.24864 0.79293
vt 0.22914 0.73675
vt 0.25442 0.86790
vt 0.60211 0.89226
vt 0.59048 0.89798
vt 0.59881 0.90836
vt 0.55780 0.93634
vt 0.54825 0.94526
vt 0.55568 0.95767
vt 0.47076 0.87135
vt 0.47404 0.89579
vt 0.48067 0.88762
vt 0.45655 0.85498
vt 0.44098 0.84305
vt 0.44542 0.85777
vt 0.45655 0.85498
vt 0.44542 0.85777
vt 0.45002 0.86292
vt 0.44098 0.84305
vt 0.42473 0.83481
vt 0.43062 0.84211
vt 0.44098 0.84305
vt 0.43062 0.84211
vt 0.43627 0.85107
vt 0.28800 0.77970
vt 0.25497 0.76158
vt 0.26370 0.76949
vt 0.28800 0.77970
vt 0.26370 0.76949
vt 0.28359 0.78354
vt 0.99141 0.51582
vt 0.98264 0.55032
vt 0.98269 0.56902
vt 0.99141 0.51582
vt 0.98269 0.56902
vt 0.98779 0.56371
vt 0.59048 0.89798
vt 0.57631 0.91439
vt 0.58325 0.92668
vt 0.09722 0.65289
vt 0.17419 0.42843
vt 0.05052 0.60206
vt 0.55259 0.11084
vt 0.55876 0.10944
vt 0.55759 0.09557
vt 0.11630 0.68050
vt 0.17419 0.42843
vt 0.09722 0.65289
vt 0.54825 0.94526
vt 0.54048 0.91264
vt 0.53213 0.94506
vt 0.54825 0.94526
vt 0.53213 0.94506
vt 0.54330 0.97350
vt 0.53213 0.94506
vt 0.53343 0.99176
vt 0.54330 0.97350
vt 0.53213 0.94506
vt 0.52315 0.93960
vt 0.51448 0.95666
vt 0.53213 0.94506
vt 0.51448 0.95666
vt 0.53343 0.99176
vt 0.51448 0.95666
vt 0.52315 0.93960
vt 0.51654 0.90249
vt 0.51448 0.95666
vt 0.51654 0.90249
vt 0.50972 0.93430
vt 0.93923 0.07936
vt 0.94010 0.11480
vt 0.94456 0.09717
vt 1.00000 0.48568
vt 0.99367 0.49462
vt 0.99141 0.51582
vt 1.00000 0.48568
vt 0.99141 0.51582
vt 0.99680 0.52629
vt 0.99680 0.52629
vt 0.99141 0.51582
vt 0.99275 0.53133
vt 0.13959 0.69336
vt 0.17419 0.42843
vt 0.11630 0.68050
vt 0.20262 0.72739
vt 0.21828 0.76920
vt 0.22914 0.73675
vt 0.28359 0.78354
vt 0.26370 0.76949
vt 0.27823 0.81080
vt 0.22914 0.73675
vt 0.24864 0.79293
vt 0.25497 0.76158
vt 0.18977 0.74745
vt 0.17453 0.71951
vt 0.19416 0.82416
vt 0.16925 0.71044
vt 0.17453 0.71951
vt 0.21579 0.58642
vt 0.16925 0.71044
vt 0.21579 0.58642
vt 0.21537 0.33383
vt 0.17419 0.42843
vt 0.13959 0.69336
vt 0.16925 0.71044
vt 0.17419 0.42843
vt 0.16925 0.71044
vt 0.21537 0.33383
vt 0.14674 0.70154
vt 0.15961 0.74183
vt 0.16484 0.71433
vt 0.15989 0.79930
vt 0.15961 0.74183
vt 0.14674 0.70154
vt 0.11630 0.68050
vt 0.09722 0.65289
vt 0.10519 0.69130
vt 0.13959 0.69336
vt 0.11630 0.68050
vt 0.13329 0.71587
vt 0.10570 0.75276
vt 0.10519 0.69130
vt 0.09722 0.65289
vt 0.10570 0.75276
vt 0.09722 0.65289
vt 0.05052 0.60206
vt 0.13959 0.69336
vt 0.14674 0.70154
vt 0.16484 0.71433
vt 0.13959 0.69336
vt 0.16484 0.71433
vt 0.16925 0.71044
vt 0.53989 0.87267
vt 0.54048 0.91264
vt 0.54825 0.94526
vt 0.53989 0.87267
vt 0.54825 0.94526
vt 0.55780 0.93634
vt 0.52320 0.84526
vt 0.50912 0.74535
vt 0.50607 0.74509
vt 0.52320 0.84526
vt 0.51388 0.72846
vt 0.50912 0.74535
vt 0.49344 0.91210
vt 0.50034 0.91910
vt 0.51654 0.90249
vt 0.51654 0.90249
vt 0.50034 0.91910
vt 0.50972 0.93430
vt 0.48067 0.88762
vt 0.48738 0.91535
vt 0.49344 0.91210
vt 0.99275 0.53133
vt 0.99141 0.51582
vt 0.98779 0.56371
vt 0.99275 0.53133
vt 0.98779 0.56371
vt 0.99145 0.55334
vt 0.54842 0.01689
vt 0.54474 0.00000
vt 0.53612 0.01197
vt 0.54842 0.01689
vt 0.53612 0.01197
vt 0.53968 0.03773
vt 0.53768 0.07159
vt 0.53968 0.03773
vt 0.53192 0.03714
vt 0.53768 0.07159
vt 0.53192 0.03714
vt 0.53010 0.05739
vt 0.53968 0.03773
vt 0.53612 0.01197
vt 0.53192 0.03714
vt 0.55759 0.09557
vt 0.55876 0.10944
vt 0.56324 0.09294
vt 0.56324 0.09294
vt 0.55946 0.05389
vt 0.55759 0.09557
vt 0.52320 0.84526
vt 0.53494 0.84871
vt 0.51433 0.71448
vt 0.52320 0.84526
vt 0.51433 0.71448
vt 0.51388 0.72846
vt 0.49344 0.91210
vt 0.51654 0.90249
vt 0.52320 0.84526
vt 0.49344 0.91210
vt 0.52320 0.84526
vt 0.50607 0.74509
vt 0.33983 0.84407
vt 0.36083 0.82826
vt 0.36082 0.82414
vt 0.54712 0.11438
vt 0.55080 0.18122
vt 0.55876 0.10944
vt 0.54712 0.11438
vt 0.55876 0.10944
vt 0.55259 0.11084
vt 0.52683 0.11521
vt 0.54044 0.09862
vt 0.53768 0.07159
vt 0.52683 0.11521
vt 0.53768 0.07159
vt 0.53010 0.05739
vt 0.52683 0.11521
vt 0.55080 0.18122
vt 0.54712 0.11438
vt 0.52683 0.11521
vt 0.54712 0.11438
vt 0.54044 0.09862
vt 0.54724 0.26545
vt 0.55080 0.18122
vt 0.52683 0.11521
vt 0.54724 0.26545
vt 0.52683 0.11521
vt 0.51952 0.30273
vt 0.55220 0.30514
vt 0.54724 0.26545
vt 0.51952 0.30273
vt 0.55220 0.30514
vt 0.51952 0.30273
vt 0.51878 0.31717
vt 0.51628 0.33397
vt 0.55220 0.30514
vt 0.51878 0.31717
vt 0.96221 0.50308
vt 0.91077 0.23153
vt 0.95913 0.55712
vt 0.57087 0.40665
vt 0.55220 0.30514
vt 0.51628 0.33397
vt 0.57087 0.40665
vt 0.51628 0.33397
vt 0.51069 0.68215
vt 0.95741 0.70717
vt 0.89410 0.30284
vt 0.94611 0.74800
vt 0.95741 0.70717
vt 0.94611 0.74800
vt 0.95781 0.72531
vt 0.94611 0.74800
vt 0.89410 0.30284
vt 0.87750 0.33991
vt 0.94611 0.74800
vt 0.87750 0.33991
vt 0.90617 0.77771
vt 0.90617 0.77771
vt 0.87750 0.33991
vt 0.85471 0.34396
vt 0.90617 0.77771
vt 0.85471 0.34396
vt 0.88053 0.80928
vt 0.85471 0.34396
vt 0.84276 0.34500
vt 0.88053 0.80928
vt 0.96968 0.48760
vt 0.93183 0.11162
vt 0.91077 0.23153
vt 0.96968 0.48760
vt 0.91077 0.23153
vt 0.96221 0.50308
vt 0.96755 0.65366
vt 0.97031 0.59247
vt 0.95913 0.55712
vt 0.96755 0.65366
vt 0.95913 0.55712
vt 0.96549 0.66858
vt 0.97349 0.64596
vt 0.97031 0.59247
vt 0.96755 0.65366
vt 0.97620 0.61174
vt 0.98269 0.56902
vt 0.97031 0.59247
vt 0.97620 0.61174
vt 0.97031 0.59247
vt 0.97349 0.64596
vt 0.98269 0.56902
vt 0.97620 0.61174
vt 0.98098 0.60854
vt 0.98269 0.56902
vt 0.98098 0.60854
vt 0.98268 0.59534
vt 0.88053 0.80928
vt 0.84276 0.34500
vt 0.81424 0.43983
vt 0.88053 0.80928
vt 0.81424 0.43983
vt 0.82475 0.90056
vt 0.81424 0.43983
vt 0.78869 0.45942
vt 0.78553 0.94162
vt 0.81424 0.43983
vt 0.78553 0.94162
vt 0.82475 0.90056
vt 0.51433 0.71448
vt 0.53494 0.84871
vt 0.57361 0.91674
vt 0.56198 0.93041
vt 0.53494 0.84871
vt 0.53989 0.87267
vt 0.56198 0.93041
vt 0.53989 0.87267
vt 0.55780 0.93634
vt 0.95913 0.55712
vt 0.91077 0.23153
vt 0.89410 0.30284
vt 0.95913 0.55712
vt 0.89410 0.30284
vt 0.95741 0.70717
vt 0.96006 0.69476
vt 0.95913 0.55712
vt 0.95741 0.70717
vt 0.95913 0.55712
vt 0.96006 0.69476
vt 0.96607 0.69294
vt 0.51628 0.33397
vt 0.50668 0.35033
vt 0.48221 0.57207
vt 0.51628 0.33397
vt 0.48221 0.57207
vt 0.51069 0.68215
vt 0.21579 0.58642
vt 0.34632 0.43784
vt 0.30340 0.43171
vt 0.21579 0.58642
vt 0.30340 0.43171
vt 0.21537 0.33383
vt 0.21579 0.58642
vt 0.17453 0.71951
vt 0.18977 0.74745
vt 0.21579 0.58642
vt 0.18977 0.74745
vt 0.21316 0.61784
vt 0.21316 0.61784
vt 0.18977 0.74745
vt 0.20262 0.72739
vt 0.21316 0.61784
vt 0.20262 0.72739
vt 0.21461 0.63497
vt 0.21461 0.63497
vt 0.20262 0.72739
vt 0.22914 0.73675
vt 0.21461 0.63497
vt 0.22914 0.73675
vt 0.22083 0.64713
vt 0.22083 0.64713
vt 0.28800 0.77970
vt 0.37690 0.81862
vt 0.22083 0.64713
vt 0.37690 0.81862
vt 0.40900 0.82860
vt 0.74009 0.93839
vt 0.78553 0.94162
vt 0.78869 0.45942
vt 0.74009 0.93839
vt 0.78869 0.45942
vt 0.72860 0.46122
vt 0.75515 0.40145
vt 0.77038 0.43045
vt 0.76497 0.41660
vt 0.75515 0.40145
vt 0.76497 0.41660
vt 0.76060 0.40611
vt 0.72860 0.46122
vt 0.78869 0.45942
vt 0.77038 0.43045
vt 0.72860 0.46122
vt 0.77038 0.43045
vt 0.75515 0.40145
vt 0.62718 0.41183
vt 0.67952 0.40017
vt 0.66478 0.29204
vt 0.66478 0.29204
vt 0.64534 0.28727
vt 0.62718 0.41183
vt 0.66478 0.29204
vt 0.65449 0.26239
vt 0.64534 0.28727
vt 0.69882 0.45729
vt 0.65957 0.88407
vt 0.74009 0.93839
vt 0.69882 0.45729
vt 0.74009 0.93839
vt 0.72860 0.46122
vt 0.56198 0.93041
vt 0.56876 0.94216
vt 0.57361 0.91674
vt 0.56324 0.09294
vt 0.57985 0.03505
vt 0.55946 0.05389
vt 0.55946 0.05389
vt 0.57985 0.03505
vt 0.57369 0.01721
vt 0.55946 0.05389
vt 0.57369 0.01721
vt 0.55557 0.03021
vt 0.55557 0.03021
vt 0.57369 0.01721
vt 0.54474 0.00000
vt 0.55557 0.03021
vt 0.54474 0.00000
vt 0.54842 0.01689
vt 0.60804 0.45520
vt 0.60721 0.89351
vt 0.65957 0.88407
vt 0.60804 0.45520
vt 0.65957 0.88407
vt 0.62718 0.41183
vt 0.36082 0.82414
vt 0.29338 0.78902
vt 0.33983 0.84407
vt 0.28800 0.77970
vt 0.29338 0.78902
vt 0.36082 0.82414
vt 0.28800 0.77970
vt 0.36082 0.82414
vt 0.37690 0.81862
vt 0.33983 0.84407
vt 0.29338 0.78902
vt 0.30725 0.90670
vt 0.33983 0.84407
vt 0.30725 0.90670
vt 0.32080 0.91667
vt 0.51069 0.68215
vt 0.48221 0.57207
vt 0.50728 0.67861
vt 0.51433 0.71448
vt 0.57361 0.91674
vt 0.57631 0.91439
vt 0.51433 0.71448
vt 0.57631 0.91439
vt 0.51391 0.69805
vt 0.57631 0.91439
vt 0.59048 0.89798
vt 0.51069 0.68215
vt 0.57631 0.91439
vt 0.51069 0.68215
vt 0.51391 0.69805
vt 0.51069 0.68215
vt 0.59048 0.89798
vt 0.57087 0.40665
vt 0.62718 0.41183
vt 0.65957 0.88407
vt 0.67952 0.40017
vt 0.65957 0.88407
vt 0.69882 0.45729
vt 0.67952 0.40017
vt 0.60211 0.89226
vt 0.60721 0.89351
vt 0.60804 0.45520
vt 0.60211 0.89226
vt 0.60804 0.45520
vt 0.58387 0.44097
vt 0.59048 0.89798
vt 0.60211 0.89226
vt 0.58387 0.44097
vt 0.59048 0.89798
vt 0.58387 0.44097
vt 0.57087 0.40665
vt 0.21579 0.58642
vt 0.50728 0.67861
vt 0.34632 0.43784
vt 0.47076 0.87135
vt 0.45655 0.85498
vt 0.46540 0.87257
vt 0.46540 0.87257
vt 0.45655 0.85498
vt 0.46003 0.87856
vt 0.22083 0.64713
vt 0.40900 0.82860
vt 0.41538 0.82385
vt 0.22083 0.64713
vt 0.41538 0.82385
vt 0.50607 0.74509
vt 0.99889 0.48182
vt 0.99308 0.49212
vt 0.94989 0.11352
vt 0.99889 0.48182
vt 0.94989 0.11352
vt 0.95498 0.09951
vt 0.50466 0.35333
vt 0.48320 0.57363
vt 0.31149 0.50101
vt 0.50466 0.35333
vt 0.31149 0.50101
vt 0.33318 0.33120
vt 0.30632 0.21762
vt 0.31149 0.50101
vt 0.20989 0.41110
vt 0.30632 0.21762
vt 0.20989 0.41110
vt 0.19581 0.22387
vt 0.17400 0.43933
vt 0.19581 0.22387
vt 0.20989 0.41110
vt 0.07211 0.54613
vt 0.19581 0.22387
vt 0.17400 0.43933
vt 0.19581 0.22387
vt 0.07211 0.54613
vt 0.05261 0.35249
vt 0.31149 0.50101
vt 0.30632 0.21762
vt 0.33318 0.33120
vt 0.04879 0.61977
vt 0.00492 0.67407
vt 0.05261 0.35249
vt 0.04879 0.61977
vt 0.05261 0.35249
vt 0.07211 0.54613
vt 0.36175 0.30567
vt 0.49765 0.31635
vt 0.50466 0.35333
vt 0.33318 0.33120
vt 0.30632 0.21762
vt 0.31893 0.24242
vt 0.30632 0.21762
vt 0.30609 0.15689
vt 0.31893 0.24242
vt 0.19581 0.22387
vt 0.30609 0.15689
vt 0.30632 0.21762
vt 0.19581 0.22387
vt 0.11835 0.23754
vt 0.30609 0.15689
vt 0.10633 0.76223
vt 0.00000 0.66859
vt 0.00492 0.67407
vt 0.19581 0.22387
vt 0.05261 0.35249
vt 0.11835 0.23754
vt 0.05261 0.35249
vt 0.06189 0.32928
vt 0.11835 0.23754
vt 0.50466 0.35333
vt 0.33318 0.33120
vt 0.36175 0.30567
vt 0.33318 0.33120
vt 0.31893 0.24242
vt 0.36175 0.30567
vt 0.00492 0.67407
vt 0.00000 0.66859
vt 0.05261 0.35249
vt 0.10633 0.76223
vt 0.10369 0.70424
vt 0.10570 0.75276
vt 0.10369 0.70424
vt 0.11674 0.69143
vt 0.11630 0.68050
vt 0.10369 0.70424
vt 0.11630 0.68050
vt 0.10519 0.69130
vt 0.15859 0.80519
vt 0.16471 0.80923
vt 0.15989 0.79930
vt 0.13597 0.78473
vt 0.13276 0.72956
vt 0.13631 0.77990
vt 0.14265 0.69955
vt 0.14674 0.70154
vt 0.13959 0.69336
vt 0.16998 0.71613
vt 0.16925 0.71044
vt 0.16086 0.73440
vt 0.16998 0.71613
vt 0.17453 0.71951
vt 0.16925 0.71044
vt 0.21690 0.84797
vt 0.20320 0.73730
vt 0.21869 0.77373
vt 0.21690 0.84797
vt 0.21869 0.77373
vt 0.22212 0.84371
vt 0.23087 0.75189
vt 0.22914 0.73675
vt 0.22308 0.75425
vt 0.25393 0.87018
vt 0.25037 0.78426
vt 0.24864 0.79293
vt 0.25834 0.76842
vt 0.25497 0.76158
vt 0.25037 0.78426
vt 0.26341 0.77666
vt 0.26370 0.76949
vt 0.25834 0.76842
vt 0.32082 0.92403
vt 0.32080 0.91667
vt 0.30727 0.91409
vt 0.28378 0.89182
vt 0.27897 0.80831
vt 0.27823 0.81080
vt 0.28802 0.78794
vt 0.28359 0.78354
vt 0.27897 0.80831
vt 0.29308 0.79617
vt 0.29338 0.78902
vt 0.28802 0.78794
vt 0.41146 0.83088
vt 0.41538 0.82385
vt 0.40900 0.82860
vt 0.42701 0.83866
vt 0.42473 0.83481
vt 0.41950 0.84974
vt 0.43062 0.84211
vt 0.42473 0.83481
vt 0.42701 0.83866
vt 0.43339 0.86360
vt 0.43062 0.84211
vt 0.42701 0.83866
vt 0.44978 0.87676
vt 0.45002 0.86292
vt 0.44542 0.85777
vt 0.44978 0.87676
vt 0.44542 0.85777
vt 0.44533 0.86571
vt 0.44100 0.85129
vt 0.44098 0.84305
vt 0.43627 0.85107
vt 0.44100 0.85129
vt 0.43627 0.85107
vt 0.43339 0.86360
vt 0.45076 0.86860
vt 0.45002 0.86292
vt 0.44978 0.87676
vt 0.45660 0.86290
vt 0.45655 0.85498
vt 0.45002 0.86292
vt 0.45660 0.86290
vt 0.45002 0.86292
vt 0.45076 0.86860
vt 0.46003 0.87856
vt 0.45655 0.85498
vt 0.45660 0.86290
vt 0.46003 0.87856
vt 0.45660 0.86290
vt 0.46000 0.88840
vt 0.46640 0.87974
vt 0.46540 0.87257
vt 0.46338 0.89318
vt 0.46912 0.87805
vt 0.46540 0.87257
vt 0.46640 0.87974
vt 0.47076 0.87135
vt 0.46540 0.87257
vt 0.46912 0.87805
vt 0.47076 0.87135
vt 0.46912 0.87805
vt 0.47386 0.89952
vt 0.47404 0.89579
vt 0.47076 0.87135
vt 0.47386 0.89952
vt 0.47764 0.90768
vt 0.48067 0.88762
vt 0.47720 0.91250
vt 0.48228 0.89663
vt 0.48067 0.88762
vt 0.47764 0.90768
vt 0.48738 0.91535
vt 0.48067 0.88762
vt 0.48228 0.89663
vt 0.48738 0.91535
vt 0.48228 0.89663
vt 0.48734 0.92537
vt 0.49396 0.92080
vt 0.49344 0.91210
vt 0.49124 0.93214
vt 0.49965 0.92211
vt 0.49344 0.91210
vt 0.49396 0.92080
vt 0.50034 0.91910
vt 0.49344 0.91210
vt 0.49965 0.92211
vt 0.50220 0.95265
vt 0.50034 0.91910
vt 0.49965 0.92211
vt 0.50220 0.95265
vt 0.50972 0.93430
vt 0.50386 0.94513
vt 0.51112 0.94479
vt 0.50972 0.93430
vt 0.50220 0.95265
vt 0.51448 0.95666
vt 0.50972 0.93430
vt 0.51112 0.94479
vt 0.51448 0.95666
vt 0.51112 0.94479
vt 0.51435 0.96758
vt 0.94457 0.10507
vt 0.94456 0.09717
vt 0.94010 0.11480
vt 0.94457 0.10507
vt 0.94010 0.11480
vt 0.93984 0.12797
vt 0.99254 0.51931
vt 0.99141 0.51582
vt 0.99367 0.49462
vt 0.98491 0.52533
vt 0.98631 0.51781
vt 0.98779 0.52659
vt 0.57155 0.93373
vt 0.56876 0.94216
vt 0.56598 0.94829
vt 0.55780 0.93634
vt 0.55568 0.95767
vt 0.55426 0.96848
vt 0.55780 0.93634
vt 0.55426 0.96848
vt 0.56059 0.93870
vt 0.56198 0.93041
vt 0.55780 0.93634
vt 0.56059 0.93870
vt 0.56598 0.94829
vt 0.56876 0.94216
vt 0.56198 0.93041
vt 0.56598 0.94829
vt 0.56198 0.93041
vt 0.56059 0.93870
vt 0.58497 0.92653
vt 0.58325 0.92668
vt 0.58027 0.93218
vt 0.58027 0.93218
vt 0.58325 0.92668
vt 0.57633 0.92263
vt 0.60211 0.89226
vt 0.59881 0.90836
vt 0.60118 0.90220
vt 0.60721 0.89351
vt 0.60211 0.89226
vt 0.60118 0.90220
vt 0.60750 0.90072
vt 0.60721 0.89351
vt 0.60118 0.90220
vt 0.51435 0.72272
vt 0.51154 0.75039
vt 0.51349 0.72029
vt 0.50609 0.75334
vt 0.22085 0.65538
vt 0.22085 0.65456
vt 0.50609 0.75334
vt 0.22085 0.65456
vt 0.51154 0.75039
vt 0.22085 0.65456
vt 0.22085 0.65538
vt 0.21733 0.65156
vt 0.21461 0.63996
vt 0.21566 0.59496
vt 0.21436 0.63291
vt 0.21436 0.63291
vt 0.21566 0.59496
vt 0.21516 0.60286
vt 0.21566 0.59496
vt 0.21582 0.59925
vt 0.21516 0.60286
vt 0.21566 0.59496
vt 0.22206 0.58807
vt 0.21582 0.59925
vt 0.22206 0.58807
vt 0.21566 0.59496
vt 0.50730 0.68685
vt 0.22206 0.58807
vt 0.50730 0.68685
vt 0.50730 0.68603
vt 0.50730 0.68685
vt 0.51290 0.69592
vt 0.50730 0.68603
vt 0.51241 0.70021
vt 0.51290 0.69592
vt 0.51349 0.72029
vt 0.51160 0.74117
vt 0.51349 0.72029
vt 0.51154 0.75039
vt 0.51160 0.74117
vt 0.50626 0.74136
vt 0.51349 0.72029
vt 0.50626 0.74136
vt 0.21436 0.63291
vt 0.22145 0.61931
vt 0.50626 0.74136
vt 0.22145 0.61931
vt 0.51349 0.72029
vt 0.22145 0.61931
vt 0.21436 0.63291
vt 0.21582 0.59925
vt 0.21582 0.59925
vt 0.21436 0.63291
vt 0.21516 0.60286
vt 0.21436 0.63291
vt 0.21733 0.65156
vt 0.21461 0.63996
vt 0.22145 0.61931
vt 0.21582 0.59925
vt 0.22188 0.59639
vt 0.22188 0.59639
vt 0.21582 0.59925
vt 0.22206 0.58807
vt 0.22145 0.61931
vt 0.22188 0.59639
vt 0.50712 0.69435
vt 0.22145 0.61931
vt 0.50712 0.69435
vt 0.51349 0.72029
vt 0.50730 0.68603
vt 0.50712 0.69435
vt 0.22188 0.59639
vt 0.50730 0.68603
vt 0.22188 0.59639
vt 0.22206 0.58807
vt 0.51349 0.72029
vt 0.50712 0.69435
vt 0.51241 0.70021
vt 0.50626 0.74136
vt 0.51160 0.74117
vt 0.51154 0.75039
vt 0.51290 0.69592
vt 0.51241 0.70021
vt 0.50712 0.69435
vt 0.51290 0.69592
vt 0.50712 0.69435
vt 0.50730 0.68603
vt 0.21733 0.65156
vt 0.21436 0.63291
vt 0.22085 0.65456
vt 0.22085 0.65456
vt 0.21436 0.63291
vt 0.50626 0.74136
vt 0.22085 0.65456
vt 0.50626 0.74136
vt 0.51154 0.75039
vt 0.51290 0.69592
vt 0.51435 0.72272
vt 0.51349 0.72029
vt 0.99199 0.54286
vt 0.99275 0.53133
vt 0.99145 0.55334
vt 0.98173 0.57776
vt 0.98269 0.56902
vt 0.98268 0.59534
vt 0.98173 0.57776
vt 0.98268 0.59534
vt 0.98274 0.60336
vt 0.97666 0.61729
vt 0.97349 0.64596
vt 0.97438 0.65712
vt 0.98120 0.61794
vt 0.98098 0.60854
vt 0.97666 0.61729
vt 0.96729 0.66236
vt 0.96549 0.66858
vt 0.96606 0.70001
vt 0.95731 0.72064
vt 0.95741 0.70717
vt 0.95781 0.72531
vt 0.51790 0.33627
vt 0.51451 0.34381
vt 0.51628 0.33397
vt 0.54842 0.01689
vt 0.53968 0.03773
vt 0.54449 0.02862
vt 0.53968 0.03773
vt 0.53854 0.05749
vt 0.54449 0.02862
vt 0.53968 0.03773
vt 0.53768 0.07159
vt 0.53790 0.09262
vt 0.53968 0.03773
vt 0.53790 0.09262
vt 0.53854 0.05749
vt 0.53768 0.07159
vt 0.54044 0.09862
vt 0.53790 0.09262
vt 0.54044 0.09862
vt 0.54712 0.11438
vt 0.55104 0.12542
vt 0.54044 0.09862
vt 0.55104 0.12542
vt 0.53790 0.09262
vt 0.52320 0.84526
vt 0.52143 0.86206
vt 0.52260 0.85856
vt 0.52320 0.84526
vt 0.52260 0.85856
vt 0.53219 0.84994
vt 0.52320 0.84526
vt 0.51690 0.89717
vt 0.51793 0.88309
vt 0.52320 0.84526
vt 0.51793 0.88309
vt 0.52143 0.86206
vt 0.51654 0.90249
vt 0.51854 0.92888
vt 0.51690 0.89717
vt 0.51654 0.90249
vt 0.52580 0.95442
vt 0.51854 0.92888
vt 0.52315 0.93960
vt 0.53213 0.94506
vt 0.52580 0.95442
vt 0.96968 0.48760
vt 0.96221 0.50308
vt 0.96186 0.51222
vt 0.96968 0.48760
vt 0.96186 0.51222
vt 0.97820 0.50101
vt 0.96221 0.50308
vt 0.95889 0.54279
vt 0.96186 0.51222
vt 0.95913 0.55712
vt 0.96137 0.58176
vt 0.95889 0.54279
vt 0.97031 0.59247
vt 0.97349 0.59955
vt 0.96137 0.58176
vt 0.11674 0.69143
vt 0.12831 0.78161
vt 0.11630 0.68050
vt 0.14265 0.69955
vt 0.14917 0.72291
vt 0.14674 0.70154
vt 0.17651 0.73951
vt 0.18636 0.82566
vt 0.17453 0.71951
vt 0.16998 0.71613
vt 0.17651 0.73951
vt 0.17453 0.71951
vt 0.20320 0.73730
vt 0.21690 0.84797
vt 0.20262 0.72739
vt 0.23087 0.75189
vt 0.24590 0.86913
vt 0.22914 0.73675
vt 0.27731 0.89212
vt 0.27729 0.88467
vt 0.26370 0.76949
vt 0.27731 0.89212
vt 0.26370 0.76949
vt 0.26341 0.77666
vt 0.27731 0.89212
vt 0.26341 0.77666
vt 0.27897 0.80831
vt 0.27731 0.89212
vt 0.27897 0.80831
vt 0.28378 0.89182
vt 0.30727 0.91409
vt 0.29338 0.78902
vt 0.29308 0.79617
vt 0.94989 0.11352
vt 0.99308 0.49212
vt 0.94957 0.10334
vt 0.98491 0.52533
vt 0.93984 0.12797
vt 0.98320 0.50508
vt 0.50466 0.35333
vt 0.50969 0.35039
vt 0.51451 0.34381
vt 0.50466 0.35333
vt 0.51451 0.34381
vt 0.51790 0.33627
vt 0.51790 0.33627
vt 0.51628 0.33397
vt 0.51878 0.31717
vt 0.50466 0.35333
vt 0.50321 0.34410
vt 0.50969 0.35039
vt 0.60750 0.90072
vt 0.65517 0.89272
vt 0.65957 0.88407
vt 0.65957 0.88407
vt 0.65517 0.89272
vt 0.68567 0.91044
vt 0.65957 0.88407
vt 0.68567 0.91044
vt 0.74009 0.93839
vt 0.74009 0.93839
vt 0.75870 0.95241
vt 0.78553 0.94162
vt 0.80619 0.93597
vt 0.82475 0.90056
vt 0.78553 0.94162
vt 0.80619 0.93597
vt 0.88053 0.80928
vt 0.82475 0.90056
vt 0.88053 0.80928
vt 0.80619 0.93597
vt 0.87784 0.82193
vt 0.88053 0.80928
vt 0.87784 0.82193
vt 0.90310 0.78924
vt 0.88053 0.80928
vt 0.90310 0.78924
vt 0.90617 0.77771
vt 0.95327 0.74814
vt 0.94611 0.74800
vt 0.90617 0.77771
vt 0.99821 0.52916
vt 1.00000 0.48568
vt 0.99680 0.52629
vt 0.99821 0.52916
vt 0.99889 0.48182
vt 1.00000 0.48568
vt 0.95498 0.09951
vt 0.95048 0.08309
vt 0.95483 0.09087
vt 0.94284 0.08044
vt 0.93923 0.07936
vt 0.94741 0.07097
vt 0.93609 0.09941
vt 0.93185 0.11986
vt 0.93184 0.11574
vt 0.93609 0.09941
vt 0.93184 0.11574
vt 0.93923 0.07936
vt 0.90562 0.26691
vt 0.89410 0.30284
vt 0.91077 0.23153
vt 0.89111 0.31944
vt 0.87776 0.34550
vt 0.87750 0.33991
vt 0.89111 0.31944
vt 0.87750 0.33991
vt 0.89410 0.30284
vt 0.87776 0.34550
vt 0.84376 0.35258
vt 0.87750 0.33991
vt 0.84376 0.35258
vt 0.85471 0.34396
vt 0.87750 0.33991
vt 0.84376 0.35258
vt 0.84276 0.34500
vt 0.84660 0.34685
vt 0.84376 0.35258
vt 0.83613 0.37758
vt 0.84276 0.34500
vt 0.83613 0.37758
vt 0.80979 0.45459
vt 0.81424 0.43983
vt 0.83613 0.37758
vt 0.81424 0.43983
vt 0.82703 0.40655
vt 0.80979 0.45459
vt 0.79080 0.46528
vt 0.78869 0.45942
vt 0.79080 0.46528
vt 0.76514 0.42615
vt 0.78869 0.45942
vt 0.76514 0.42615
vt 0.77038 0.43045
vt 0.78869 0.45942
vt 0.76514 0.42615
vt 0.76497 0.41660
vt 0.77038 0.43045
vt 0.76514 0.42615
vt 0.76060 0.40611
vt 0.76497 0.41660
vt 0.76514 0.42615
vt 0.75497 0.41139
vt 0.75515 0.40145
vt 0.76514 0.42615
vt 0.75515 0.40145
vt 0.76060 0.40611
vt 0.75497 0.41139
vt 0.74069 0.44695
vt 0.75515 0.40145
vt 0.74069 0.44695
vt 0.72271 0.47231
vt 0.72860 0.46122
vt 0.72271 0.47231
vt 0.70479 0.46970
vt 0.69882 0.45729
vt 0.70479 0.46970
vt 0.69118 0.44786
vt 0.69882 0.45729
vt 0.69118 0.44786
vt 0.67791 0.40031
vt 0.67952 0.40017
vt 0.67791 0.40031
vt 0.65981 0.27710
vt 0.66478 0.29204
vt 0.65981 0.27710
vt 0.64850 0.28013
vt 0.65449 0.26239
vt 0.64850 0.28013
vt 0.62925 0.41272
vt 0.64534 0.28727
vt 0.62925 0.41272
vt 0.61331 0.45433
vt 0.60804 0.45520
vt 0.62925 0.41272
vt 0.60804 0.45520
vt 0.62718 0.41183
vt 0.61331 0.45433
vt 0.59285 0.46356
vt 0.60804 0.45520
vt 0.59285 0.46356
vt 0.57089 0.41489
vt 0.57088 0.41077
vt 0.59285 0.46356
vt 0.57088 0.41077
vt 0.58387 0.44097
vt 0.55506 0.32629
vt 0.54977 0.29764
vt 0.55220 0.30514
vt 0.54977 0.29764
vt 0.54773 0.27513
vt 0.54724 0.26545
vt 0.54977 0.29764
vt 0.54724 0.26545
vt 0.55220 0.30514
vt 0.54773 0.27513
vt 0.55137 0.18021
vt 0.54724 0.26545
vt 0.52683 0.11521
vt 0.51790 0.33627
vt 0.51952 0.30273
vt 0.52833 0.09620
vt 0.51790 0.33627
vt 0.52683 0.11521
vt 0.53425 0.02283
vt 0.52833 0.09620
vt 0.52683 0.11521
vt 0.53425 0.02283
vt 0.52683 0.11521
vt 0.53010 0.05739
vt 0.57808 0.05125
vt 0.56324 0.09294
vt 0.55876 0.10944
vt 0.54790 0.00892
vt 0.53425 0.02283
vt 0.54474 0.00000
vt 0.53425 0.02283
vt 0.53612 0.01197
vt 0.54474 0.00000
vt 0.57808 0.05125
vt 0.57985 0.03505
vt 0.56324 0.09294
vt 0.57369 0.01721
vt 0.57859 0.03346
vt 0.54790 0.00892
vt 0.57369 0.01721
vt 0.54790 0.00892
vt 0.54474 0.00000
vt 0.57808 0.05125
vt 0.57859 0.03346
vt 0.57985 0.03505
vt 0.36084 0.83238
vt 0.38999 0.82789
vt 0.37690 0.81862
vt 0.36084 0.83238
vt 0.37690 0.81862
vt 0.36083 0.82826
vt 0.32082 0.92403
vt 0.33760 0.85750
vt 0.32080 0.91667
vt 0.53425 0.02283
vt 0.53192 0.03714
vt 0.53612 0.01197
vt 0.68567 0.91044
vt 0.75870 0.95241
vt 0.74009 0.93839
vt 0.90617 0.77771
vt 0.90310 0.78924
vt 0.95327 0.74814
vt 1.00000 0.48568
vt 0.99889 0.48182
vt 0.95498 0.09951
vt 1.00000 0.48568
vt 0.95498 0.09951
vt 0.95483 0.09087
vt 0.95048 0.08309
vt 0.94284 0.08044
vt 0.94741 0.07097
vt 0.94284 0.08044
vt 0.93609 0.09941
vt 0.93923 0.07936
vt 0.93184 0.11574
vt 0.93185 0.11986
vt 0.90562 0.26691
vt 0.93184 0.11574
vt 0.90562 0.26691
vt 0.91077 0.23153
vt 0.90562 0.26691
vt 0.89111 0.31944
vt 0.89410 0.30284
vt 0.85471 0.34396
vt 0.84376 0.35258
vt 0.84660 0.34685
vt 0.83613 0.37758
vt 0.82703 0.40655
vt 0.84276 0.34500
vt 0.57089 0.41489
vt 0.55506 0.32629
vt 0.55220 0.30514
vt 0.57089 0.41489
vt 0.55220 0.30514
vt 0.57088 0.41077
vt 0.55137 0.18021
vt 0.55080 0.18122
vt 0.54724 0.26545
vt 0.53425 0.02283
vt 0.53010 0.05739
vt 0.53192 0.03714
vt 0.51435 0.96758
vt 0.53345 1.00000
vt 0.53343 0.99176
vt 0.55137 0.18021
vt 0.55718 0.12773
vt 0.55876 0.10944
vt 0.55876 0.10944
vt 0.55718 0.12773
vt 0.57808 0.05125
vt 0.12831 0.78161
vt 0.13597 0.78473
vt 0.13631 0.77990
vt 0.13276 0.72956
vt 0.14265 0.69955
vt 0.13959 0.69336
vt 0.13276 0.72956
vt 0.13959 0.69336
vt 0.13329 0.71587
vt 0.18636 0.82566
vt 0.19337 0.82348
vt 0.19416 0.82416
vt 0.21690 0.84797
vt 0.22212 0.84371
vt 0.22334 0.84488
vt 0.24590 0.86913
vt 0.25393 0.87018
vt 0.25442 0.86790
vt 0.27731 0.89212
vt 0.28378 0.89182
vt 0.28608 0.89112
vt 0.27731 0.89212
vt 0.28608 0.89112
vt 0.27729 0.88467
vt 0.38999 0.82789
vt 0.41146 0.83088
vt 0.40900 0.82860
vt 0.41146 0.83088
vt 0.41618 0.83429
vt 0.41538 0.82385
vt 0.41618 0.83429
vt 0.41950 0.84974
vt 0.41538 0.82385
vt 0.44100 0.85129
vt 0.44533 0.86571
vt 0.44542 0.85777
vt 0.44100 0.85129
vt 0.44542 0.85777
vt 0.44098 0.84305
vt 0.46000 0.88840
vt 0.46338 0.89318
vt 0.46003 0.87856
vt 0.47386 0.89952
vt 0.47720 0.91250
vt 0.47404 0.89579
vt 0.48734 0.92537
vt 0.49124 0.93214
vt 0.48738 0.91535
vt 0.53345 1.00000
vt 0.54345 0.98344
vt 0.53343 0.99176
vt 0.54345 0.98344
vt 0.54421 0.96698
vt 0.54330 0.97350
vt 0.54421 0.96698
vt 0.54935 0.95602
vt 0.54825 0.94526
vt 0.54935 0.95602
vt 0.55426 0.96848
vt 0.54825 0.94526
vt 0.57155 0.93373
vt 0.57361 0.91674
vt 0.56876 0.94216
vt 0.57155 0.93373
vt 0.57633 0.92263
vt 0.57361 0.91674
vt 0.58497 0.92653
vt 0.59096 0.90827
vt 0.59048 0.89798
vt 0.58497 0.92653
vt 0.59048 0.89798
vt 0.58325 0.92668
vt 0.59096 0.90827
vt 0.59449 0.91924
vt 0.59048 0.89798
vt 0.59449 0.91924
vt 0.60118 0.90220
vt 0.59881 0.90836
vt 0.99199 0.54286
vt 0.99821 0.52916
vt 0.99680 0.52629
vt 0.98884 0.57319
vt 0.99199 0.54286
vt 0.99145 0.55334
vt 0.98884 0.57319
vt 0.99145 0.55334
vt 0.98779 0.56371
vt 0.98173 0.57776
vt 0.98779 0.56371
vt 0.98269 0.56902
vt 0.98173 0.57776
vt 0.98884 0.57319
vt 0.98779 0.56371
vt 0.98120 0.61794
vt 0.98274 0.60336
vt 0.98268 0.59534
vt 0.98120 0.61794
vt 0.98268 0.59534
vt 0.98098 0.60854
vt 0.97666 0.61729
vt 0.97620 0.61174
vt 0.97349 0.64596
vt 0.97666 0.61729
vt 0.98098 0.60854
vt 0.97620 0.61174
vt 0.96729 0.66236
vt 0.96755 0.65366
vt 0.96549 0.66858
vt 0.96729 0.66236
vt 0.97438 0.65712
vt 0.96755 0.65366
vt 0.95327 0.74814
vt 0.95731 0.72064
vt 0.95781 0.72531
vt 0.95731 0.72064
vt 0.96008 0.70300
vt 0.96006 0.69476
vt 0.95731 0.72064
vt 0.96006 0.69476
vt 0.95741 0.70717
vt 0.96008 0.70300
vt 0.96606 0.70001
vt 0.96006 0.69476
vt 0.51790 0.33627
vt 0.51878 0.31717
vt 0.51952 0.30273
vt 0.50321 0.34410
vt 0.50466 0.35333
vt 0.49765 0.31635
vt 0.14917 0.72291
vt 0.15859 0.80519
vt 0.15989 0.79930
vt 0.15961 0.74183
vt 0.16471 0.80923
vt 0.16086 0.73440
vt 0.19337 0.82348
vt 0.19092 0.74712
vt 0.18977 0.74745
vt 0.19092 0.74712
vt 0.20320 0.73730
vt 0.20262 0.72739
vt 0.22212 0.84371
vt 0.21869 0.77373
vt 0.21828 0.76920
vt 0.21869 0.77373
vt 0.22308 0.75425
vt 0.22914 0.73675
vt 0.25442 0.86790
vt 0.25393 0.87018
vt 0.24864 0.79293
vt 0.28608 0.89112
vt 0.28378 0.89182
vt 0.27823 0.81080
vt 0.27897 0.80831
vt 0.28359 0.78354
vt 0.27823 0.81080
vt 0.97820 0.50101
vt 0.98491 0.52533
vt 0.98264 0.55032
vt 0.97820 0.50101
vt 0.98264 0.55032
vt 0.98087 0.50675
vt 0.97349 0.59955
vt 0.97031 0.59247
vt 0.98269 0.56902
vt 0.98173 0.57776
vt 0.97349 0.59955
vt 0.98269 0.56902
vt 0.98491 0.52533
vt 0.98173 0.57776
vt 0.98264 0.55032
vt 0.99308 0.49212
vt 0.99254 0.51931
vt 0.99367 0.49462
vt 0.99254 0.51931
vt 0.98779 0.52659
vt 0.98631 0.51781
vt 0.98491 0.52533
vt 0.98320 0.50508
vt 0.98631 0.51781
vt 0.94457 0.10507
vt 0.94989 0.11352
vt 0.94957 0.10334
vt 0.94457 0.10507
vt 0.94957 0.10334
vt 0.94456 0.09717
vt 0.55784 0.04955
vt 0.55980 0.07992
vt 0.55946 0.05389
vt 0.55320 0.03036
vt 0.55784 0.04955
vt 0.55946 0.05389
vt 0.55320 0.03036
vt 0.55946 0.05389
vt 0.55557 0.03021
vt 0.55320 0.03036
vt 0.55557 0.03021
vt 0.54842 0.01689
vt 0.55320 0.03036
vt 0.54842 0.01689
vt 0.54449 0.02862
vt 0.55104 0.12542
vt 0.54712 0.11438
vt 0.55259 0.11084
vt 0.55104 0.12542
vt 0.55259 0.11084
vt 0.55759 0.09557
vt 0.55980 0.07992
vt 0.55104 0.12542
vt 0.55759 0.09557
vt 0.55980 0.07992
vt 0.55759 0.09557
vt 0.55946 0.05389
vt 0.54007 0.88274
vt 0.54037 0.91664
vt 0.54048 0.91264
vt 0.54007 0.88274
vt 0.54048 0.91264
vt 0.53989 0.87267
vt 0.53219 0.84994
vt 0.54007 0.88274
vt 0.53989 0.87267
vt 0.53219 0.84994
vt 0.53989 0.87267
vt 0.53494 0.84871
vt 0.53661 0.94205
vt 0.52580 0.95442
vt 0.53213 0.94506
vt 0.53661 0.94205
vt 0.53213 0.94506
vt 0.54048 0.91264
vt 0.54037 0.91664
vt 0.53661 0.94205
vt 0.54048 0.91264
vt 0.95498 0.09951
vt 0.94989 0.11352
vt 0.95048 0.08309
vt 0.95048 0.08309
vt 0.94989 0.11352
vt 0.94457 0.10507
vt 0.95048 0.08309
vt 0.94457 0.10507
vt 0.94284 0.08044
vt 0.93185 0.11986
vt 0.93609 0.09941
vt 0.93984 0.12797
vt 0.93185 0.11986
vt 0.93984 0.12797
vt 0.98491 0.52533
vt 0.93185 0.11986
vt 0.98491 0.52533
vt 0.97820 0.50101
vt 0.99889 0.48182
vt 0.99821 0.52916
vt 0.99254 0.51931
vt 0.99889 0.48182
vt 0.99254 0.51931
vt 0.99308 0.49212
vt 0.11674 0.69143
vt 0.13276 0.72956
vt 0.13597 0.78473
vt 0.11674 0.69143
vt 0.13597 0.78473
vt 0.12831 0.78161
vt 0.25393 0.87018
vt 0.24590 0.86913
vt 0.23087 0.75189
vt 0.25393 0.87018
vt 0.23087 0.75189
vt 0.25037 0.78426
vt 0.45660 0.86290
vt 0.45076 0.86860
vt 0.44533 0.86571
vt 0.45660 0.86290
vt 0.44533 0.86571
vt 0.44100 0.85129
vt 0.44100 0.85129
vt 0.43339 0.86360
vt 0.42701 0.83866
vt 0.42701 0.83866
vt 0.41618 0.83429
vt 0.41146 0.83088
vt 0.28802 0.78794
vt 0.27897 0.80831
vt 0.26341 0.77666
vt 0.28802 0.78794
vt 0.26341 0.77666
vt 0.25834 0.76842
vt 0.98884 0.57319
vt 0.98173 0.57776
vt 0.98779 0.52659
vt 0.98884 0.57319
vt 0.98779 0.52659
vt 0.99254 0.51931
vt 0.98173 0.57776
vt 0.98491 0.52533
vt 0.98779 0.52659
vt 0.98173 0.57776
vt 0.97666 0.61729
vt 0.97349 0.59955
vt 0.59096 0.90827
vt 0.58497 0.92653
vt 0.58027 0.93218
vt 0.59096 0.90827
vt 0.58027 0.93218
vt 0.57633 0.92263
vt 0.11674 0.69143
vt 0.04879 0.61977
vt 0.07211 0.54613
vt 0.11674 0.69143
vt 0.07211 0.54613
vt 0.17400 0.43933
vt 0.54935 0.95602
vt 0.54421 0.96698
vt 0.53661 0.94205
vt 0.54935 0.95602
vt 0.53661 0.94205
vt 0.54037 0.91664
vt 0.54421 0.96698
vt 0.54345 0.98344
vt 0.53661 0.94205
vt 0.54345 0.98344
vt 0.52580 0.95442
vt 0.53661 0.94205
vt 0.49396 0.92080
vt 0.49124 0.93214
vt 0.48734 0.92537
vt 0.53345 1.00000
vt 0.52580 0.95442
vt 0.54345 0.98344
vt 0.51435 0.96758
vt 0.52580 0.95442
vt 0.53345 1.00000
vt 0.51435 0.96758
vt 0.51854 0.92888
vt 0.52580 0.95442
vt 0.51435 0.96758
vt 0.51112 0.94479
vt 0.51854 0.92888
vt 0.51112 0.94479
vt 0.51690 0.89717
vt 0.51854 0.92888
vt 0.51112 0.94479
vt 0.50220 0.95265
vt 0.49965 0.92211
vt 0.93609 0.09941
vt 0.94284 0.08044
vt 0.94457 0.10507
vt 0.93609 0.09941
vt 0.94457 0.10507
vt 0.93984 0.12797
vt 0.99821 0.52916
vt 0.99199 0.54286
vt 0.99254 0.51931
vt 0.17400 0.43933
vt 0.14265 0.69955
vt 0.11674 0.69143
vt 0.20320 0.73730
vt 0.22308 0.75425
vt 0.21869 0.77373
vt 0.23087 0.75189
vt 0.22308 0.75425
vt 0.20320 0.73730
vt 0.25834 0.76842
vt 0.25037 0.78426
vt 0.23087 0.75189
vt 0.19092 0.74712
vt 0.19337 0.82348
vt 0.18636 0.82566
vt 0.19092 0.74712
vt 0.18636 0.82566
vt 0.17651 0.73951
vt 0.21566 0.59496
vt 0.16998 0.71613
vt 0.20989 0.41110
vt 0.17400 0.43933
vt 0.20989 0.41110
vt 0.16998 0.71613
vt 0.17400 0.43933
vt 0.16998 0.71613
vt 0.14265 0.69955
vt 0.16086 0.73440
vt 0.14917 0.72291
vt 0.14265 0.69955
vt 0.16086 0.73440
vt 0.14265 0.69955
vt 0.16998 0.71613
vt 0.16086 0.73440
vt 0.16471 0.80923
vt 0.15859 0.80519
vt 0.16086 0.73440
vt 0.15859 0.80519
vt 0.14917 0.72291
vt 0.17651 0.73951
vt 0.16998 0.71613
vt 0.19092 0.74712
vt 0.11674 0.69143
vt 0.10369 0.70424
vt 0.04879 0.61977
vt 0.14265 0.69955
vt 0.13276 0.72956
vt 0.11674 0.69143
vt 0.04879 0.61977
vt 0.10369 0.70424
vt 0.10633 0.76223
vt 0.54935 0.95602
vt 0.54037 0.91664
vt 0.54007 0.88274
vt 0.54935 0.95602
vt 0.54007 0.88274
vt 0.55426 0.96848
vt 0.56059 0.93870
vt 0.55426 0.96848
vt 0.54007 0.88274
vt 0.51154 0.75039
vt 0.52260 0.85856
vt 0.52143 0.86206
vt 0.51154 0.75039
vt 0.52143 0.86206
vt 0.50609 0.75334
vt 0.51154 0.75039
vt 0.53219 0.84994
vt 0.52260 0.85856
vt 0.51690 0.89717
vt 0.49965 0.92211
vt 0.51793 0.88309
vt 0.51690 0.89717
vt 0.51112 0.94479
vt 0.49965 0.92211
vt 0.49396 0.92080
vt 0.48734 0.92537
vt 0.48228 0.89663
vt 0.49396 0.92080
vt 0.48228 0.89663
vt 0.49965 0.92211
vt 0.75870 0.95241
vt 0.80619 0.93597
vt 0.78553 0.94162
vt 0.99199 0.54286
vt 0.98884 0.57319
vt 0.99254 0.51931
vt 0.54449 0.02862
vt 0.53425 0.02283
vt 0.54790 0.00892
vt 0.54449 0.02862
vt 0.54790 0.00892
vt 0.55320 0.03036
vt 0.53425 0.02283
vt 0.53854 0.05749
vt 0.53790 0.09262
vt 0.53425 0.02283
vt 0.54449 0.02862
vt 0.53854 0.05749
vt 0.55104 0.12542
vt 0.55980 0.07992
vt 0.57808 0.05125
vt 0.55104 0.12542
vt 0.57808 0.05125
vt 0.55718 0.12773
vt 0.47764 0.90768
vt 0.47386 0.89952
vt 0.48228 0.89663
vt 0.47720 0.91250
vt 0.47386 0.89952
vt 0.47764 0.90768
vt 0.51435 0.72272
vt 0.53219 0.84994
vt 0.51154 0.75039
vt 0.52143 0.86206
vt 0.51793 0.88309
vt 0.49965 0.92211
vt 0.52143 0.86206
vt 0.49965 0.92211
vt 0.50609 0.75334
vt 0.36084 0.83238
vt 0.36083 0.82826
vt 0.33983 0.84407
vt 0.36084 0.83238
vt 0.33983 0.84407
vt 0.33760 0.85750
vt 0.55104 0.12542
vt 0.55718 0.12773
vt 0.55137 0.18021
vt 0.52833 0.09620
vt 0.53425 0.02283
vt 0.53790 0.09262
vt 0.52833 0.09620
vt 0.53790 0.09262
vt 0.51790 0.33627
vt 0.51790 0.33627
vt 0.53790 0.09262
vt 0.55104 0.12542
vt 0.51790 0.33627
vt 0.55104 0.12542
vt 0.55137 0.18021
vt 0.51790 0.33627
vt 0.55137 0.18021
vt 0.54773 0.27513
vt 0.51790 0.33627
vt 0.54773 0.27513
vt 0.54977 0.29764
vt 0.51790 0.33627
vt 0.54977 0.29764
vt 0.55506 0.32629
vt 0.96186 0.51222
vt 0.95889 0.54279
vt 0.90562 0.26691
vt 0.51790 0.33627
vt 0.55506 0.32629
vt 0.57089 0.41489
vt 0.51790 0.33627
vt 0.57089 0.41489
vt 0.51290 0.69592
vt 0.95731 0.72064
vt 0.95327 0.74814
vt 0.89111 0.31944
vt 0.95731 0.72064
vt 0.89111 0.31944
vt 0.90562 0.26691
vt 0.95327 0.74814
vt 0.90310 0.78924
vt 0.87776 0.34550
vt 0.95327 0.74814
vt 0.87776 0.34550
vt 0.89111 0.31944
vt 0.90310 0.78924
vt 0.84376 0.35258
vt 0.87776 0.34550
vt 0.90310 0.78924
vt 0.87784 0.82193
vt 0.84376 0.35258
vt 0.97820 0.50101
vt 0.96186 0.51222
vt 0.90562 0.26691
vt 0.97820 0.50101
vt 0.90562 0.26691
vt 0.93185 0.11986
vt 0.96729 0.66236
vt 0.96606 0.70001
vt 0.96137 0.58176
vt 0.96729 0.66236
vt 0.96137 0.58176
vt 0.97349 0.59955
vt 0.97438 0.65712
vt 0.96729 0.66236
vt 0.97349 0.59955
vt 0.97666 0.61729
vt 0.97438 0.65712
vt 0.97349 0.59955
vt 0.98274 0.60336
vt 0.98120 0.61794
vt 0.97666 0.61729
vt 0.98173 0.57776
vt 0.98274 0.60336
vt 0.97666 0.61729
vt 0.87784 0.82193
vt 0.80619 0.93597
vt 0.83613 0.37758
vt 0.87784 0.82193
vt 0.83613 0.37758
vt 0.84376 0.35258
vt 0.80619 0.93597
vt 0.80979 0.45459
vt 0.83613 0.37758
vt 0.80619 0.93597
vt 0.79080 0.46528
vt 0.80979 0.45459
vt 0.51435 0.72272
vt 0.57155 0.93373
vt 0.53219 0.84994
vt 0.56059 0.93870
vt 0.54007 0.88274
vt 0.53219 0.84994
vt 0.95889 0.54279
vt 0.95731 0.72064
vt 0.90562 0.26691
vt 0.96008 0.70300
vt 0.95731 0.72064
vt 0.95889 0.54279
vt 0.96008 0.70300
vt 0.95889 0.54279
vt 0.96137 0.58176
vt 0.96008 0.70300
vt 0.96137 0.58176
vt 0.96606 0.70001
vt 0.48320 0.57363
vt 0.50466 0.35333
vt 0.51790 0.33627
vt 0.48320 0.57363
vt 0.51790 0.33627
vt 0.51290 0.69592
vt 0.31149 0.50101
vt 0.21566 0.59496
vt 0.20989 0.41110
vt 0.21566 0.59496
vt 0.21461 0.63996
vt 0.19092 0.74712
vt 0.21566 0.59496
vt 0.19092 0.74712
vt 0.16998 0.71613
vt 0.21461 0.63996
vt 0.21733 0.65156
vt 0.20320 0.73730
vt 0.21461 0.63996
vt 0.20320 0.73730
vt 0.19092 0.74712
vt 0.21733 0.65156
vt 0.22085 0.65538
vt 0.23087 0.75189
vt 0.21733 0.65156
vt 0.23087 0.75189
vt 0.20320 0.73730
vt 0.22085 0.65538
vt 0.38999 0.82789
vt 0.28802 0.78794
vt 0.72271 0.47231
vt 0.74069 0.44695
vt 0.75870 0.95241
vt 0.72271 0.47231
vt 0.75870 0.95241
vt 0.68567 0.91044
vt 0.76514 0.42615
vt 0.75870 0.95241
vt 0.74069 0.44695
vt 0.74069 0.44695
vt 0.75497 0.41139
vt 0.76514 0.42615
vt 0.79080 0.46528
vt 0.80619 0.93597
vt 0.75870 0.95241
vt 0.79080 0.46528
vt 0.75870 0.95241
vt 0.76514 0.42615
vt 0.64850 0.28013
vt 0.65981 0.27710
vt 0.67791 0.40031
vt 0.64850 0.28013
vt 0.67791 0.40031
vt 0.62925 0.41272
vt 0.70479 0.46970
vt 0.72271 0.47231
vt 0.68567 0.91044
vt 0.70479 0.46970
vt 0.68567 0.91044
vt 0.69118 0.44786
vt 0.57155 0.93373
vt 0.56598 0.94829
vt 0.56059 0.93870
vt 0.55784 0.04955
vt 0.57859 0.03346
vt 0.57808 0.05125
vt 0.55784 0.04955
vt 0.57808 0.05125
vt 0.55980 0.07992
vt 0.55784 0.04955
vt 0.55320 0.03036
vt 0.57859 0.03346
vt 0.55320 0.03036
vt 0.54790 0.00892
vt 0.57859 0.03346
vt 0.61331 0.45433
vt 0.62925 0.41272
vt 0.60750 0.90072
vt 0.36084 0.83238
vt 0.33760 0.85750
vt 0.29308 0.79617
vt 0.36084 0.83238
vt 0.29308 0.79617
vt 0.28802 0.78794
vt 0.36084 0.83238
vt 0.28802 0.78794
vt 0.38999 0.82789
vt 0.33760 0.85750
vt 0.32082 0.92403
vt 0.30727 0.91409
vt 0.33760 0.85750
vt 0.30727 0.91409
vt 0.29308 0.79617
vt 0.42701 0.83866
vt 0.41950 0.84974
vt 0.41618 0.83429
vt 0.45076 0.86860
vt 0.44978 0.87676
vt 0.44533 0.86571
vt 0.50730 0.68685
vt 0.48320 0.57363
vt 0.51290 0.69592
vt 0.60118 0.90220
vt 0.59449 0.91924
vt 0.59096 0.90827
vt 0.59285 0.46356
vt 0.61331 0.45433
vt 0.60750 0.90072
vt 0.59285 0.46356
vt 0.60750 0.90072
vt 0.60118 0.90220
vt 0.51435 0.72272
vt 0.51290 0.69592
vt 0.57633 0.92263
vt 0.51435 0.72272
vt 0.57633 0.92263
vt 0.57155 0.93373
vt 0.51290 0.69592
vt 0.59096 0.90827
vt 0.57633 0.92263
vt 0.51290 0.69592
vt 0.57089 0.41489
vt 0.59096 0.90827
vt 0.62925 0.41272
vt 0.67791 0.40031
vt 0.65517 0.89272
vt 0.62925 0.41272
vt 0.65517 0.89272
vt 0.60750 0.90072
vt 0.69118 0.44786
vt 0.68567 0.91044
vt 0.65517 0.89272
vt 0.69118 0.44786
vt 0.65517 0.89272
vt 0.67791 0.40031
vt 0.59285 0.46356
vt 0.60118 0.90220
vt 0.59096 0.90827
vt 0.59285 0.46356
vt 0.59096 0.90827
vt 0.57089 0.41489
vt 0.48320 0.57363
vt 0.50730 0.68685
vt 0.21566 0.59496
vt 0.48320 0.57363
vt 0.21566 0.59496
vt 0.31149 0.50101
vt 0.46912 0.87805
vt 0.46640 0.87974
vt 0.45660 0.86290
vt 0.46640 0.87974
vt 0.46338 0.89318
vt 0.46000 0.88840
vt 0.46640 0.87974
vt 0.46000 0.88840
vt 0.45660 0.86290
vt 0.22085 0.65538
vt 0.50609 0.75334
vt 0.41146 0.83088
f 4/1 1/2 2/3
f 277/4 16/5 221/6
f 164/7 163/8 20/9
f 29/10 161/11 30/12
f 29/13 51/14 161/15
f 203/16 34/17 36/18
f 37/19 17/20 3/21
f 38/22 141/23 39/24
f 38/25 39/26 41/27
f 279/28 294/29 175/30
f 125/31 48/32 37/33
f 29/34 149/35 150/36
f 29/37 154/38 50/39
f 29/40 150/41 154/42
f 29/43 50/44 51/45
f 19/46 18/47 218/48
f 53/49 54/50 117/51
f 89/52 315/53 160/54
f 89/55 160/56 311/57
f 105/58 106/59 107/60
f 105/61 110/62 106/63
f 321/64 323/65 211/66
f 105/67 120/68 382/69
f 89/70 306/71 120/72
f 89/73 309/74 121/75
f 89/76 121/77 306/78
f 89/79 122/80 309/81
f 89/82 311/83 122/84
f 124/85 168/86 22/87
f 124/88 22/89 123/90
f 125/91 37/92 3/93
f 130/94 126/95 40/96
f 126/97 127/98 128/99
f 127/100 2/101 128/102
f 130/103 40/104 125/105
f 127/106 4/107 2/108
f 3/109 129/110 125/111
f 131/112 126/113 130/114
f 126/115 131/116 132/117
f 126/118 132/119 127/120
f 4/121 117/122 1/123
f 125/124 129/125 130/126
f 133/127 4/128 127/129
f 1/130 67/131 47/132
f 276/133 56/134 5/135
f 283/136 136/137 137/138
f 137/139 136/140 138/141
f 11/142 23/143 140/144
f 106/145 142/146 39/147
f 143/148 144/149 145/150
f 146/151 110/152 41/153
f 110/154 147/155 41/156
f 148/157 150/158 149/159
f 163/160 71/161 20/162
f 177/163 176/164 178/165
f 29/166 183/167 184/168
f 29/169 184/170 38/171
f 184/172 193/173 38/174
f 186/175 187/176 48/177
f 186/178 48/179 52/180
f 48/181 187/182 188/183
f 191/184 190/185 192/186
f 191/187 192/188 193/189
f 193/190 52/191 185/192
f 192/193 194/194 52/195
f 192/196 52/197 193/198
f 194/199 186/200 52/201
f 192/202 190/203 195/204
f 192/205 195/206 194/207
f 187/208 186/209 194/210
f 187/211 194/212 195/213
f 191/214 183/215 190/216
f 190/217 183/218 10/219
f 189/220 190/221 10/222
f 189/223 188/224 190/225
f 188/226 187/227 195/228
f 188/229 195/230 190/231
f 184/232 183/233 191/234
f 184/235 191/236 193/237
f 189/238 10/239 182/240
f 214/241 215/242 212/243
f 217/244 352/245 214/246
f 34/247 219/248 35/249
f 287/250 220/251 34/252
f 135/253 57/254 6/255
f 139/256 59/257 7/258
f 140/259 64/260 11/261
f 141/262 61/263 9/264
f 221/265 16/266 142/267
f 145/268 147/269 143/270
f 124/271 74/272 168/273
f 13/274 354/275 166/276
f 207/277 208/278 17/279
f 207/280 17/281 12/282
f 208/283 223/284 17/285
f 358/286 205/287 233/288
f 360/289 236/290 123/291
f 237/292 18/293 235/294
f 246/295 244/296 100/297
f 252/298 251/299 368/300
f 253/301 252/302 370/303
f 373/304 255/305 42/306
f 374/307 256/308 255/309
f 258/310 257/311 375/312
f 259/313 46/314 258/315
f 111/316 270/317 269/318
f 271/319 272/320 273/321
f 112/322 43/323 144/324
f 45/325 224/326 225/327
f 237/328 238/329 18/330
f 241/331 242/332 243/333
f 245/334 244/335 243/336
f 367/337 251/338 250/339
f 371/340 254/341 253/342
f 372/343 42/344 254/345
f 260/346 46/347 259/348
f 275/349 165/350 317/351
f 382/352 44/353 271/354
f 92/355 264/356 261/357
f 276/358 6/359 57/360
f 153/361 151/362 308/363
f 157/364 158/365 49/366
f 159/367 161/368 278/369
f 162/370 30/371 21/372
f 171/373 172/374 275/375
f 387/376 28/377 172/378
f 322/379 174/380 28/381
f 177/382 178/383 279/384
f 388/385 180/386 179/387
f 234/388 197/389 75/390
f 203/391 36/392 97/393
f 114/394 204/395 281/396
f 97/397 36/398 282/399
f 223/400 3/401 17/402
f 83/403 24/404 26/405
f 78/406 283/407 24/408
f 7/409 284/410 25/411
f 140/412 25/413 81/414
f 285/415 23/416 11/417
f 141/418 23/419 77/420
f 39/421 8/422 80/423
f 66/424 19/425 218/426
f 389/427 199/428 286/429
f 169/430 170/431 319/432
f 294/433 212/434 211/435
f 167/436 236/437 235/438
f 124/439 123/440 236/441
f 167/442 124/443 236/444
f 18/445 166/446 235/447
f 13/448 166/449 18/450
f 13/451 18/452 19/453
f 286/454 169/455 13/456
f 286/457 13/458 19/459
f 286/460 170/461 169/462
f 276/463 5/464 135/465
f 276/466 135/467 6/468
f 8/469 141/470 9/471
f 181/472 179/473 180/474
f 27/475 28/476 174/477
f 51/478 278/479 161/480
f 50/481 154/482 152/483
f 50/484 152/485 156/486
f 154/487 150/488 151/489
f 154/490 151/491 153/492
f 41/493 39/494 142/495
f 41/496 142/497 146/498
f 170/499 286/500 199/501
f 170/502 199/503 201/504
f 179/505 178/506 176/507
f 15/508 128/509 2/510
f 291/511 264/512 292/513
f 135/514 128/515 15/516
f 28/517 296/518 295/519
f 28/520 295/521 172/522
f 295/523 275/524 172/525
f 295/526 217/527 165/528
f 295/529 165/530 275/531
f 165/532 217/533 214/534
f 165/535 214/536 164/537
f 235/538 166/539 167/540
f 22/541 168/542 170/543
f 22/544 170/545 234/546
f 234/547 170/548 197/549
f 14/550 128/551 135/552
f 140/553 23/554 141/555
f 146/556 142/557 16/558
f 141/559 8/560 39/561
f 25/562 139/563 7/564
f 138/565 139/566 52/567
f 138/568 52/569 126/570
f 128/571 14/572 138/573
f 128/574 138/575 126/576
f 26/577 283/578 137/579
f 24/580 283/581 26/582
f 135/583 15/584 47/585
f 14/586 135/587 5/588
f 1/589 47/590 15/591
f 1/592 15/593 2/594
f 14/595 26/596 137/597
f 14/598 137/599 138/600
f 293/601 296/602 28/603
f 293/604 28/605 27/606
f 212/607 183/608 29/609
f 212/610 10/611 183/612
f 30/613 163/614 214/615
f 214/616 163/617 164/618
f 161/619 21/620 30/621
f 197/622 170/623 201/624
f 197/625 201/626 196/627
f 290/628 267/629 268/630
f 290/631 268/632 209/633
f 31/634 209/635 274/636
f 31/637 274/638 265/639
f 209/640 268/641 274/642
f 292/643 264/644 266/645
f 266/646 288/647 292/648
f 212/649 294/650 182/651
f 212/652 182/653 10/654
f 30/655 214/656 212/657
f 30/658 212/659 29/660
f 43/661 273/662 272/663
f 32/664 261/665 264/666
f 32/667 264/668 291/669
f 262/670 210/671 31/672
f 262/673 31/674 265/675
f 262/676 261/677 32/678
f 262/679 32/680 210/681
f 33/682 261/683 262/684
f 33/685 262/686 263/687
f 260/688 33/689 263/690
f 260/691 263/692 222/693
f 12/694 260/695 222/696
f 35/697 238/698 34/699
f 46/700 260/701 12/702
f 46/703 12/704 188/705
f 206/706 239/707 233/708
f 206/709 233/710 205/711
f 233/712 239/713 240/714
f 233/715 240/716 232/717
f 232/718 240/719 241/720
f 232/721 241/722 231/723
f 241/724 243/725 231/726
f 218/727 18/728 238/729
f 218/730 238/731 35/732
f 281/733 287/734 34/735
f 281/736 34/737 203/738
f 204/739 287/740 281/741
f 280/742 199/743 287/744
f 280/745 287/746 204/747
f 199/748 280/749 202/750
f 199/751 202/752 198/753
f 231/754 243/755 244/756
f 231/757 244/758 229/759
f 244/760 246/761 228/762
f 244/763 228/764 229/765
f 182/766 294/767 279/768
f 175/769 294/770 293/771
f 175/772 293/773 27/774
f 34/775 238/776 239/777
f 34/778 239/779 206/780
f 282/781 34/782 206/783
f 34/784 282/785 36/786
f 12/787 17/788 37/789
f 12/790 37/791 188/792
f 52/793 125/794 40/795
f 52/796 40/797 126/798
f 52/799 139/800 25/801
f 52/802 25/803 185/804
f 185/805 25/806 140/807
f 185/808 140/809 193/810
f 193/811 140/812 141/813
f 193/814 141/815 38/816
f 38/817 41/818 271/819
f 38/820 271/821 44/822
f 227/823 228/824 246/825
f 227/826 246/827 251/828
f 250/829 247/830 248/831
f 250/832 248/833 249/834
f 251/835 246/836 247/837
f 251/838 247/839 250/840
f 256/841 253/842 254/843
f 254/844 255/845 256/846
f 254/847 42/848 255/849
f 252/850 225/851 227/852
f 252/853 227/854 251/855
f 175/856 173/857 279/858
f 266/859 269/860 288/861
f 288/862 269/863 270/864
f 288/865 270/866 289/867
f 289/868 270/869 267/870
f 289/871 267/872 290/873
f 257/874 45/875 225/876
f 257/877 225/878 256/879
f 272/880 147/881 43/882
f 41/883 147/884 272/885
f 41/886 272/887 271/888
f 43/889 147/890 145/891
f 43/892 145/893 144/894
f 188/895 37/896 48/897
f 182/898 279/899 178/900
f 182/901 178/902 189/903
f 178/904 179/905 188/906
f 178/907 188/908 189/909
f 188/910 179/911 46/912
f 256/913 225/914 253/915
f 225/916 252/917 253/918
f 181/919 45/920 257/921
f 181/922 257/923 258/924
f 179/925 181/926 258/927
f 179/928 258/929 46/930
f 52/931 48/932 125/933
f 51/934 50/935 158/936
f 158/937 50/938 49/939
f 38/940 44/941 149/942
f 38/943 149/944 29/945
f 73/946 74/947 297/948
f 73/949 297/950 298/951
f 55/952 118/953 109/954
f 55/955 109/956 302/957
f 299/958 109/959 103/960
f 299/961 103/962 301/963
f 300/964 301/965 103/966
f 72/967 301/968 300/969
f 301/970 72/971 133/972
f 109/973 299/974 302/975
f 54/976 53/977 133/978
f 54/979 133/980 72/981
f 129/982 3/983 55/984
f 302/985 299/986 130/987
f 299/988 131/989 130/990
f 301/991 131/992 299/993
f 301/994 132/995 131/996
f 117/997 4/998 53/999
f 301/1000 133/1001 132/1002
f 133/1003 127/1004 132/1005
f 55/1006 302/1007 129/1008
f 302/1009 130/1010 129/1011
f 53/1012 4/1013 133/1014
f 117/1015 67/1016 1/1017
f 67/1018 134/1019 135/1020
f 67/1021 135/1022 47/1023
f 79/1024 78/1025 24/1026
f 58/1027 56/1028 276/1029
f 84/1030 26/1031 14/1032
f 303/1033 138/1034 136/1035
f 303/1036 139/1037 138/1038
f 64/1039 76/1040 77/1041
f 64/1042 77/1043 285/1044
f 107/1045 141/1046 304/1047
f 60/1048 80/1049 8/1050
f 106/1051 39/1052 80/1053
f 68/1054 142/1055 106/1056
f 305/1057 144/1058 143/1059
f 63/1060 69/1061 16/1062
f 110/1063 146/1064 69/1065
f 113/1066 147/1067 110/1068
f 120/1069 149/1070 44/1071
f 306/1072 150/1073 148/1074
f 151/1075 150/1076 306/1077
f 308/1078 151/1079 306/1080
f 307/1081 156/1082 152/1083
f 307/1084 152/1085 386/1086
f 121/1087 154/1088 153/1089
f 121/1090 153/1091 308/1092
f 155/1093 156/1094 307/1095
f 309/1096 50/1097 156/1098
f 309/1099 156/1100 155/1101
f 49/1102 50/1103 309/1104
f 49/1105 309/1106 88/1107
f 310/1108 158/1109 157/1110
f 122/1111 158/1112 310/1113
f 51/1114 158/1115 122/1116
f 51/1117 122/1118 311/1119
f 278/1120 51/1121 311/1122
f 312/1123 161/1124 159/1125
f 160/1126 161/1127 312/1128
f 21/1129 161/1130 160/1131
f 21/1132 160/1133 313/1134
f 314/1135 30/1136 162/1137
f 315/1138 30/1139 314/1140
f 163/1141 30/1142 315/1143
f 71/1144 163/1145 315/1146
f 71/1147 164/1148 20/1149
f 316/1150 164/1151 71/1152
f 165/1153 164/1154 316/1155
f 165/1156 316/1157 317/1158
f 318/1159 167/1160 166/1161
f 318/1162 166/1163 354/1164
f 319/1165 170/1166 168/1167
f 392/1168 169/1169 320/1170
f 321/1171 173/1172 324/1173
f 27/1174 174/1175 322/1176
f 27/1177 322/1178 323/1179
f 175/1180 27/1181 323/1182
f 324/1183 173/1184 175/1185
f 324/1186 175/1187 323/1188
f 325/1189 176/1190 326/1191
f 326/1192 176/1193 177/1194
f 181/1195 180/1196 328/1197
f 45/1198 181/1199 328/1200
f 224/1201 45/1202 328/1203
f 329/1204 330/1205 338/1206
f 89/1207 105/1208 331/1209
f 89/1210 331/1211 330/1212
f 331/1213 105/1214 108/1215
f 332/1216 104/1217 340/1218
f 340/1219 104/1220 343/1221
f 104/1222 342/1223 343/1224
f 104/1225 333/1226 342/1227
f 333/1228 104/1229 119/1230
f 333/1231 119/1232 334/1233
f 119/1234 335/1235 334/1236
f 336/1237 335/1238 338/1239
f 337/1240 338/1241 330/1242
f 337/1243 339/1244 338/1245
f 339/1246 340/1247 341/1248
f 339/1249 341/1250 338/1251
f 341/1252 340/1253 342/1254
f 342/1255 340/1256 343/1257
f 340/1258 108/1259 332/1260
f 341/1261 342/1262 344/1263
f 344/1264 342/1265 333/1266
f 341/1267 344/1268 345/1269
f 341/1270 345/1271 338/1272
f 334/1273 345/1274 344/1275
f 334/1276 344/1277 333/1278
f 338/1279 345/1280 336/1281
f 339/1282 337/1283 330/1284
f 335/1285 336/1286 345/1287
f 335/1288 345/1289 334/1290
f 108/1291 340/1292 331/1293
f 331/1294 340/1295 339/1296
f 331/1297 339/1298 330/1299
f 335/1300 329/1301 338/1302
f 75/1303 197/1304 196/1305
f 389/1306 199/1307 198/1308
f 389/1309 198/1310 346/1311
f 347/1312 204/1313 114/1314
f 98/1315 202/1316 347/1317
f 390/1318 203/1319 97/1320
f 348/1321 206/1322 205/1323
f 93/1324 207/1325 12/1326
f 290/1327 209/1328 87/1329
f 209/1330 349/1331 87/1332
f 209/1333 31/1334 90/1335
f 209/1336 90/1337 349/1338
f 31/1339 210/1340 90/1341
f 210/1342 32/1343 91/1344
f 210/1345 91/1346 90/1347
f 212/1348 213/1349 350/1350
f 212/1351 350/1352 211/1353
f 212/1354 215/1355 351/1356
f 212/1357 351/1358 213/1359
f 214/1360 216/1361 215/1362
f 214/1363 352/1364 216/1365
f 217/1366 295/1367 352/1368
f 218/1369 35/1370 96/1371
f 218/1372 96/1373 66/1374
f 35/1375 219/1376 96/1377
f 34/1378 220/1379 219/1380
f 287/1381 353/1382 220/1383
f 134/1384 57/1385 135/1386
f 84/1387 83/1388 26/1389
f 82/1390 59/1391 139/1392
f 303/1393 82/1394 139/1395
f 76/1396 64/1397 140/1398
f 107/1399 61/1400 141/1401
f 62/1402 221/1403 142/1404
f 62/1405 142/1406 68/1407
f 62/1408 68/1409 69/1410
f 62/1411 69/1412 63/1413
f 143/1414 147/1415 113/1416
f 297/1417 74/1418 124/1419
f 392/1420 354/1421 13/1422
f 55/1423 208/1424 207/1425
f 55/1426 207/1427 93/1428
f 93/1429 12/1430 222/1431
f 55/1432 223/1433 208/1434
f 224/1435 355/1436 225/1437
f 225/1438 355/1439 226/1440
f 225/1441 226/1442 227/1443
f 227/1444 356/1445 228/1446
f 357/1447 229/1448 228/1449
f 357/1450 231/1451 229/1452
f 231/1453 357/1454 230/1455
f 231/1456 230/1457 101/1458
f 231/1459 101/1460 232/1461
f 358/1462 233/1463 232/1464
f 359/1465 22/1466 234/1467
f 359/1468 73/1469 22/1470
f 298/1471 360/1472 123/1473
f 361/1474 235/1475 236/1476
f 65/1477 70/1478 237/1479
f 65/1480 237/1481 235/1482
f 95/1483 239/1484 238/1485
f 362/1486 102/1487 240/1488
f 362/1489 240/1490 239/1491
f 102/1492 363/1493 240/1494
f 363/1495 241/1496 240/1497
f 363/1498 243/1499 242/1500
f 363/1501 99/1502 243/1503
f 99/1504 100/1505 244/1506
f 99/1507 244/1508 245/1509
f 100/1510 364/1511 246/1512
f 364/1513 365/1514 246/1515
f 365/1516 247/1517 246/1518
f 365/1519 248/1520 247/1521
f 365/1522 249/1523 248/1524
f 365/1525 366/1526 250/1527
f 365/1528 250/1529 249/1530
f 366/1531 367/1532 250/1533
f 367/1534 368/1535 251/1536
f 368/1537 369/1538 252/1539
f 369/1540 370/1541 252/1542
f 370/1543 371/1544 253/1545
f 371/1546 372/1547 254/1548
f 372/1549 373/1550 42/1551
f 373/1552 374/1553 255/1554
f 374/1555 115/1556 257/1557
f 374/1558 257/1559 256/1560
f 115/1561 375/1562 257/1563
f 375/1564 116/1565 259/1566
f 375/1567 259/1568 258/1569
f 383/1570 376/1571 260/1572
f 376/1573 94/1574 33/1575
f 376/1576 33/1577 260/1578
f 94/1579 92/1580 33/1581
f 262/1582 93/1583 263/1584
f 377/1585 93/1586 262/1587
f 86/1588 377/1589 262/1590
f 86/1591 262/1592 265/1593
f 379/1594 266/1595 264/1596
f 380/1597 86/1598 267/1599
f 86/1600 268/1601 267/1602
f 379/1603 269/1604 266/1605
f 270/1606 111/1607 380/1608
f 270/1609 380/1610 267/1611
f 379/1612 111/1613 269/1614
f 381/1615 382/1616 271/1617
f 381/1618 271/1619 273/1620
f 305/1621 112/1622 144/1623
f 86/1624 274/1625 268/1626
f 226/1627 356/1628 227/1629
f 232/1630 101/1631 358/1632
f 22/1633 73/1634 298/1635
f 22/1636 298/1637 123/1638
f 360/1639 361/1640 236/1641
f 361/1642 65/1643 235/1644
f 237/1645 70/1646 95/1647
f 237/1648 95/1649 238/1650
f 95/1651 362/1652 239/1653
f 241/1654 363/1655 242/1656
f 99/1657 245/1658 243/1659
f 116/1660 383/1661 260/1662
f 116/1663 260/1664 259/1665
f 92/1666 261/1667 33/1668
f 86/1669 265/1670 274/1671
f 317/1672 384/1673 275/1674
f 92/1675 378/1676 264/1677
f 264/1678 378/1679 379/1680
f 57/1681 58/1682 276/1683
f 56/1684 84/1685 14/1686
f 56/1687 14/1688 5/1689
f 59/1690 284/1691 7/1692
f 64/1693 285/1694 11/1695
f 61/1696 60/1697 9/1698
f 62/1699 63/1700 277/1701
f 62/1702 277/1703 221/1704
f 382/1705 120/1706 44/1707
f 120/1708 385/1709 149/1710
f 385/1711 148/1712 149/1713
f 121/1714 386/1715 152/1716
f 121/1717 152/1718 154/1719
f 88/1720 157/1721 49/1722
f 311/1723 159/1724 278/1725
f 313/1726 162/1727 21/1728
f 384/1729 171/1730 275/1731
f 171/1732 387/1733 172/1734
f 387/1735 85/1736 28/1737
f 85/1738 322/1739 28/1740
f 321/1741 279/1742 173/1743
f 321/1744 177/1745 279/1746
f 325/1747 327/1748 179/1749
f 325/1750 179/1751 176/1752
f 327/1753 388/1754 179/1755
f 388/1756 328/1757 180/1758
f 75/1759 359/1760 234/1761
f 200/1762 75/1763 196/1764
f 200/1765 196/1766 201/1767
f 389/1768 201/1769 199/1770
f 389/1771 200/1772 201/1773
f 98/1774 346/1775 198/1776
f 98/1777 198/1778 202/1779
f 347/1780 280/1781 204/1782
f 347/1783 202/1784 280/1785
f 390/1786 281/1787 203/1788
f 390/1789 114/1790 281/1791
f 358/1792 348/1793 205/1794
f 348/1795 391/1796 282/1797
f 348/1798 282/1799 206/1800
f 391/1801 97/1802 282/1803
f 93/1804 222/1805 263/1806
f 223/1807 55/1808 3/1809
f 83/1810 79/1811 24/1812
f 283/1813 78/1814 136/1815
f 284/1816 81/1817 25/1818
f 81/1819 76/1820 140/1821
f 285/1822 77/1823 23/1824
f 77/1825 304/1826 141/1827
f 9/1828 60/1829 8/1830
f 277/1831 63/1832 16/1833
f 69/1834 146/1835 16/1836
f 66/1837 392/1838 286/1839
f 66/1840 286/1841 19/1842
f 353/1843 287/1844 199/1845
f 389/1846 353/1847 199/1848
f 392/1849 389/1850 286/1851
f 74/1852 319/1853 168/1854
f 319/1855 320/1856 169/1857
f 392/1858 13/1859 169/1860
f 318/1861 297/1862 124/1863
f 318/1864 124/1865 167/1866
f 394/1867 393/1868 288/1869
f 395/1870 394/1871 288/1872
f 395/1873 288/1874 289/1875
f 395/1876 289/1877 290/1878
f 395/1879 290/1880 87/1881
f 91/1882 32/1883 291/1884
f 91/1885 291/1886 292/1887
f 393/1888 91/1889 292/1890
f 393/1891 292/1892 288/1893
f 396/1894 397/1895 296/1896
f 396/1897 296/1898 293/1899
f 211/1900 396/1901 293/1902
f 211/1903 293/1904 294/1905
f 398/1906 352/1907 295/1908
f 398/1909 295/1910 296/1911
f 397/1912 398/1913 296/1914
f 298/1915 297/1916 360/1917
f 360/1918 297/1919 318/1920
f 360/1921 318/1922 361/1923
f 70/1924 65/1925 354/1926
f 70/1927 354/1928 392/1929
f 70/1930 392/1931 66/1932
f 73/1933 359/1934 319/1935
f 73/1936 319/1937 74/1938
f 134/1939 56/1940 58/1941
f 134/1942 58/1943 57/1944
f 60/1945 61/1946 107/1947
f 60/1948 107/1949 80/1950
f 309/1951 155/1952 386/1953
f 309/1954 386/1955 121/1956
f 121/1957 308/1958 306/1959
f 306/1960 385/1961 120/1962
f 110/1963 69/1964 68/1965
f 110/1966 68/1967 106/1968
f 200/1969 389/1970 320/1971
f 200/1972 320/1973 319/1974
f 389/1975 392/1976 320/1977
f 389/1978 347/1979 353/1980
f 327/1981 325/1982 326/1983
f 327/1984 326/1985 177/1986
f 134/1987 54/1988 72/1989
f 134/1990 72/1991 300/1992
f 85/1993 387/1994 398/1995
f 85/1996 398/1997 397/1998
f 387/1999 171/2000 398/2001
f 171/2002 352/2003 398/2004
f 314/2005 162/2006 313/2007
f 384/2008 352/2009 171/2010
f 317/2011 352/2012 384/2013
f 317/2014 216/2015 352/2016
f 317/2017 316/2018 216/2019
f 316/2020 215/2021 216/2022
f 316/2023 71/2024 315/2025
f 65/2026 361/2027 318/2028
f 65/2029 318/2030 354/2031
f 359/2032 75/2033 319/2034
f 300/2035 84/2036 134/2037
f 76/2038 304/2039 77/2040
f 107/2041 304/2042 76/2043
f 106/2044 80/2045 107/2046
f 81/2047 284/2048 59/2049
f 81/2050 59/2051 82/2052
f 104/2053 303/2054 103/2055
f 300/2056 103/2057 303/2058
f 300/2059 303/2060 84/2061
f 136/2062 83/2063 84/2064
f 136/2065 84/2066 303/2067
f 136/2068 78/2069 79/2070
f 136/2071 79/2072 83/2073
f 82/2074 303/2075 81/2076
f 134/2077 67/2078 54/2079
f 84/2080 56/2081 134/2082
f 54/2083 67/2084 117/2085
f 85/2086 397/2087 396/2088
f 85/2089 396/2090 322/2091
f 323/2092 322/2093 396/2094
f 330/2095 350/2096 213/2097
f 330/2098 213/2099 89/2100
f 330/2101 211/2102 350/2103
f 215/2104 315/2105 351/2106
f 215/2107 316/2108 315/2109
f 314/2110 313/2111 160/2112
f 314/2113 160/2114 315/2115
f 356/2116 357/2117 228/2118
f 75/2119 200/2120 319/2121
f 87/2122 86/2123 380/2124
f 87/2125 380/2126 395/2127
f 86/2128 349/2129 90/2130
f 86/2131 87/2132 349/2133
f 91/2134 393/2135 379/2136
f 91/2137 379/2138 378/2139
f 312/2140 311/2141 160/2142
f 159/2143 311/2144 312/2145
f 329/2146 211/2147 330/2148
f 213/2149 351/2150 315/2151
f 213/2152 315/2153 89/2154
f 381/2155 273/2156 43/2157
f 381/2158 43/2159 112/2160
f 91/2161 378/2162 92/2163
f 377/2164 86/2165 90/2166
f 377/2167 90/2168 93/2169
f 93/2170 90/2171 91/2172
f 93/2173 91/2174 92/2175
f 93/2176 92/2177 94/2178
f 93/2179 94/2180 376/2181
f 93/2182 376/2183 383/2184
f 96/2185 219/2186 95/2187
f 93/2188 383/2189 116/2190
f 93/2191 116/2192 335/2193
f 348/2194 358/2195 362/2196
f 348/2197 362/2198 95/2199
f 358/2200 101/2201 102/2202
f 358/2203 102/2204 362/2205
f 101/2206 363/2207 102/2208
f 101/2209 230/2210 363/2211
f 66/2212 96/2213 95/2214
f 66/2215 95/2216 70/2217
f 390/2218 97/2219 220/2220
f 390/2221 220/2222 353/2223
f 114/2224 390/2225 353/2226
f 347/2227 114/2228 353/2229
f 346/2230 98/2231 347/2232
f 389/2233 346/2234 347/2235
f 230/2236 357/2237 99/2238
f 230/2239 99/2240 363/2241
f 357/2242 100/2243 99/2244
f 357/2245 364/2246 100/2247
f 329/2248 321/2249 211/2250
f 323/2251 396/2252 211/2253
f 219/2254 348/2255 95/2256
f 391/2257 348/2258 219/2259
f 391/2260 219/2261 220/2262
f 391/2263 220/2264 97/2265
f 118/2266 55/2267 93/2268
f 118/2269 93/2270 335/2271
f 109/2272 104/2273 103/2274
f 104/2275 332/2276 81/2277
f 104/2278 81/2279 303/2280
f 332/2281 108/2282 76/2283
f 332/2284 76/2285 81/2286
f 108/2287 105/2288 107/2289
f 108/2290 107/2291 76/2292
f 105/2293 382/2294 110/2295
f 368/2296 367/2297 356/2298
f 368/2299 356/2300 226/2301
f 365/2302 356/2303 367/2304
f 367/2305 366/2306 365/2307
f 364/2308 357/2309 356/2310
f 364/2311 356/2312 365/2313
f 373/2314 372/2315 371/2316
f 373/2317 371/2318 374/2319
f 369/2320 368/2321 226/2322
f 369/2323 226/2324 370/2325
f 321/2326 324/2327 323/2328
f 394/2329 111/2330 379/2331
f 394/2332 379/2333 393/2334
f 394/2335 395/2336 111/2337
f 395/2338 380/2339 111/2340
f 115/2341 374/2342 224/2343
f 381/2344 112/2345 113/2346
f 381/2347 113/2348 110/2349
f 381/2350 110/2351 382/2352
f 112/2353 305/2354 143/2355
f 112/2356 143/2357 113/2358
f 306/2359 148/2360 385/2361
f 155/2362 307/2363 386/2364
f 119/2365 118/2366 335/2367
f 328/2368 388/2369 327/2370
f 375/2371 115/2372 224/2373
f 375/2374 224/2375 328/2376
f 329/2377 335/2378 177/2379
f 329/2380 177/2381 321/2382
f 335/2383 327/2384 177/2385
f 335/2386 116/2387 327/2388
f 374/2389 371/2390 355/2391
f 374/2392 355/2393 224/2394
f 370/2395 226/2396 355/2397
f 370/2398 355/2399 371/2400
f 375/2401 328/2402 327/2403
f 375/2404 327/2405 116/2406
f 118/2407 119/2408 104/2409
f 118/2410 104/2411 109/2412
f 122/2413 310/2414 309/2415
f 310/2416 157/2417 88/2418
f 310/2419 88/2420 309/2421
f 105/2422 89/2423 120/2424
o Panel
g Panel
usemtl PanelCream
v -0.05591 0.43168 -0.12021
v -0.06282 0.35362 0.04252
v -0.07278 0.35941 0.00238
v -0.05906 0.38818 -0.39613
v -0.05214 0.52801 -0.17920
v -0.02121 0.51979 -0.51948
v -0.04322 0.34025 -0.51461
v -0.07027 0.39419 -0.16986
v -0.05640 0.38530 -0.04954
v -0.04504 0.52169 -0.22185
v -0.05626 0.49649 -0.33883
v -0.05346 0.32799 -0.33075
v -0.05182 0.44534 0.15530
v -0.06460 0.35876 0.17844
v -0.03064 0.35158 0.21362
v -0.02633 0.35100 0.21363
v -0.05211 0.47220 -0.33275
v -0.04522 0.37870 -0.24166
v -0.01206 0.45977 0.17923
v -0.02935 0.45858 0.17843
v -0.04964 0.40487 -0.44971
v -0.04976 0.45580 -0.42550
v -0.01249 0.52777 -0.51803
v -0.02763 0.49771 -0.53593
v -0.05605 0.35867 -0.17057
v -0.05625 0.28934 -0.35194
v -0.04610 0.31620 0.04958
v -0.05555 0.23194 0.14264
v -0.06437 0.28211 0.13651
v -0.04927 0.37261 -0.20731
v -0.03977 0.36521 -0.43843
v -0.03681 0.35865 -0.08242
v -0.05117 0.39027 -0.12107
v -0.03572 0.35956 -0.46814
v -0.05510 0.29759 -0.36754
v -0.07143 0.33110 -0.36179
v -0.04953 0.29908 0.08482
v -0.04823 0.30059 -0.54215
v -0.05359 0.33210 -0.54600
v -0.05468 0.23687 0.15185
v -0.05300 0.39345 -0.53986
v -0.05404 0.36893 -0.52076
v -0.05366 0.43493 -0.06629
v -0.05944 0.34180 0.06858
v -0.03372 0.53837 -0.14628
v -0.05167 0.52834 -0.15548
v -0.03789 0.47574 0.07731
v -0.02508 0.53310 -0.24105
v -0.02735 0.54072 -0.18406
v -0.04120 0.51826 -0.07993
v -0.03387 0.51489 -0.33627
v -0.02056 0.52622 -0.48117
v -0.03893 0.50630 -0.49757
v -0.02908 0.51439 -0.37944
v -0.05050 0.49860 -0.38263
v -0.02373 0.52778 -0.06347
v -0.05746 0.47029 0.05347
v -0.02617 0.46359 0.16540
v -0.06245 0.50869 -0.17420
v -0.05899 0.44154 0.08547
v -0.06729 0.45463 0.04328
v -0.04699 0.49581 -0.06922
v -0.04195 0.50490 -0.43067
v -0.04477 0.48377 -0.50624
v -0.05381 0.48043 -0.39285
v -0.06802 0.46629 -0.35427
v -0.06538 0.47314 -0.35539
v -0.05839 0.40583 0.15261
v -0.04197 0.41330 -0.55204
v -0.04684 0.29645 -0.54998
v -0.04660 0.42650 -0.54053
v -0.00394 0.52865 -0.51576
v -0.00678 0.50723 -0.53302
v -0.01711 0.46583 -0.54953
v -0.01904 0.41440 -0.55949
v -0.02635 0.41530 -0.55921
v -0.03571 0.28769 -0.54964
v -0.03906 0.30227 -0.55335
v -0.03605 0.28502 -0.54643
v -0.04175 0.28540 -0.54655
v -0.03271 0.34449 -0.49880
v -0.02953 0.33419 -0.50968
v -0.02695 0.35338 -0.47112
v -0.02798 0.34500 -0.41596
v -0.03183 0.35276 -0.42845
v -0.04009 0.33901 -0.39944
v -0.03322 0.30481 -0.38051
v -0.03832 0.30806 -0.38199
v -0.03692 0.27647 -0.35806
v -0.04174 0.27768 -0.36082
v -0.03677 0.27756 -0.35003
v -0.04139 0.27931 -0.34739
v -0.03548 0.28726 -0.34096
v -0.02963 0.33140 -0.31506
v -0.03729 0.33010 -0.31807
v -0.02674 0.35298 -0.28002
v -0.03300 0.36138 -0.25926
v -0.03452 0.34937 -0.29373
v -0.02610 0.35732 -0.22818
v -0.03077 0.35920 -0.22653
v -0.02889 0.33563 -0.17860
v -0.03428 0.33386 -0.17221
v -0.02915 0.33358 -0.17265
v -0.03179 0.34999 -0.14132
v -0.02627 0.35458 -0.09014
v -0.03057 0.35718 -0.10669
v -0.02828 0.33894 -0.05222
v -0.03929 0.34118 -0.04804
v -0.03201 0.31023 -0.01580
v -0.03271 0.30421 0.05520
v -0.03700 0.30822 0.04662
v -0.03525 0.28455 0.08613
v -0.04339 0.22217 0.13941
v -0.03989 0.28359 0.08940
v -0.04395 0.21786 0.14596
v -0.04063 0.24295 0.16071
v -0.04972 0.22065 0.14285
v -0.04851 0.21815 0.14784
v -0.03705 0.27000 0.17389
v -0.00952 0.48009 0.08092
v -0.01673 0.48062 0.07773
v -0.00699 0.49990 0.02037
v -0.00239 0.53596 -0.08560
v -0.00758 0.53223 -0.06605
v -0.00145 0.54365 -0.14010
v -0.00878 0.54457 -0.13377
v -0.00538 0.54237 -0.20310
v -0.00330 0.53096 -0.27404
v -0.00498 0.51933 -0.38139
v -0.00993 0.51909 -0.37222
v -0.00346 0.53215 -0.50718
v -0.00982 0.52345 -0.42860
v -0.00767 0.53300 -0.50667
v -0.04012 0.47371 -0.53156
v -0.03732 0.31212 -0.52786
v -0.04862 0.34673 -0.17328
v -0.04060 0.36185 -0.13359
v -0.02710 0.34883 -0.13947
v -0.05193 0.32221 -0.01100
v -0.05744 0.33488 -0.01344
v -0.03633 0.31435 -0.02055
v -0.03858 0.31072 -0.01355
v -0.03209 0.30922 0.02518
v -0.07063 0.33063 -0.35271
v -0.04309 0.51065 -0.30179
v -0.04479 0.37098 -0.28300
v -0.06483 0.47210 -0.17802
v -0.04770 0.49016 -0.20518
v -0.04250 0.48710 -0.24031
v -0.06404 0.38717 -0.18331
v -0.04815 0.35761 0.20813
v -0.05004 0.39868 0.17372
v -0.02124 0.38996 0.18272
v -0.04366 0.37641 0.19030
v -0.01799 0.41476 0.17472
v -0.03936 0.41730 0.17391
v -0.04209 0.43319 0.17113
v -0.04411 0.41782 0.17211
v -0.05471 0.35522 0.20268
vt 0.05364 0.94858
vt 0.03047 0.85657
vt 0.05175 0.92416
vt 0.90817 0.04308
vt 0.92009 0.05818
vt 0.90025 0.19664
vt 0.38834 0.43928
vt 0.45553 0.47364
vt 0.41111 0.49229
vt 0.21131 0.52131
vt 0.14200 0.57239
vt 0.15659 0.45101
vt 0.21131 0.52131
vt 0.15659 0.45101
vt 0.20703 0.37081
vt 0.56708 0.52770
vt 0.55089 0.44073
vt 0.61707 0.43091
vt 0.14200 0.57239
vt 0.11816 0.43370
vt 0.15659 0.45101
vt 0.14200 0.57239
vt 0.05010 0.46239
vt 0.05805 0.37460
vt 0.14200 0.57239
vt 0.05805 0.37460
vt 0.11816 0.43370
vt 0.25573 0.34659
vt 0.21131 0.52131
vt 0.20703 0.37081
vt 0.25573 0.34659
vt 0.20703 0.37081
vt 0.24828 0.24403
vt 0.65960 0.51249
vt 0.61707 0.43091
vt 0.66154 0.37744
vt 0.65960 0.51249
vt 0.56708 0.52770
vt 0.61707 0.43091
vt 0.25573 0.34659
vt 0.24828 0.24403
vt 0.26846 0.21876
vt 0.90025 0.19664
vt 0.83339 0.24860
vt 0.90817 0.04308
vt 0.90025 0.19664
vt 0.81238 0.37934
vt 0.83339 0.24860
vt 0.81238 0.37934
vt 0.78781 0.30098
vt 0.83339 0.24860
vt 0.02243 0.25320
vt 0.01746 0.34964
vt 0.01230 0.24055
vt 0.50398 0.53969
vt 0.56708 0.52770
vt 0.56820 0.65444
vt 0.77868 0.41552
vt 0.83423 0.68464
vt 0.72676 0.43325
vt 0.92009 0.05818
vt 0.98584 0.42044
vt 0.95449 0.43126
vt 0.92009 0.05818
vt 0.95449 0.43126
vt 0.90025 0.19664
vt 0.05010 0.46239
vt 0.14200 0.57239
vt 0.02540 0.53744
vt 0.21131 0.52131
vt 0.17331 0.72828
vt 0.14200 0.57239
vt 0.65960 0.51249
vt 0.72676 0.43325
vt 0.63794 0.66439
vt 0.25573 0.34659
vt 0.26545 0.76038
vt 0.21131 0.52131
vt 0.81238 0.37934
vt 0.90025 0.19664
vt 0.95449 0.43126
vt 0.03047 0.85657
vt 0.00037 0.60431
vt 0.00965 0.59820
vt 0.28874 0.90915
vt 0.22876 0.85928
vt 0.28542 0.85284
vt 0.28874 0.90915
vt 0.33333 0.89616
vt 0.43673 0.92997
vt 0.28874 0.90915
vt 0.43673 0.92997
vt 0.41189 0.96487
vt 0.55065 1.00000
vt 0.53448 0.98102
vt 0.64158 0.94860
vt 0.53448 0.98102
vt 0.52258 0.95032
vt 0.62030 0.91945
vt 0.53448 0.98102
vt 0.62030 0.91945
vt 0.64158 0.94860
vt 0.52258 0.95032
vt 0.53448 0.98102
vt 0.48561 0.98820
vt 0.52258 0.95032
vt 0.48561 0.98820
vt 0.49189 0.94931
vt 0.53448 0.98102
vt 0.55065 1.00000
vt 0.48561 0.98820
vt 0.10131 0.94383
vt 0.08010 0.88284
vt 0.16663 0.87856
vt 0.10131 0.94383
vt 0.16663 0.87856
vt 0.22876 0.85928
vt 0.10131 0.94383
vt 0.22876 0.85928
vt 0.23289 0.90761
vt 0.79284 0.77262
vt 0.82368 0.78933
vt 0.64158 0.94860
vt 0.64158 0.94860
vt 0.62030 0.91945
vt 0.79284 0.77262
vt 0.23289 0.90761
vt 0.22876 0.85928
vt 0.28874 0.90915
vt 0.82368 0.78933
vt 0.79284 0.77262
vt 0.92455 0.69627
vt 0.82368 0.78933
vt 0.92455 0.69627
vt 0.93762 0.75213
vt 0.49836 0.89017
vt 0.50398 0.53969
vt 0.56820 0.65444
vt 0.79284 0.77262
vt 0.77966 0.72469
vt 0.83423 0.68464
vt 0.77966 0.72469
vt 0.72676 0.43325
vt 0.83423 0.68464
vt 0.52258 0.95032
vt 0.49836 0.89017
vt 0.63415 0.85073
vt 0.52258 0.95032
vt 0.63415 0.85073
vt 0.62030 0.91945
vt 0.49836 0.89017
vt 0.56820 0.65444
vt 0.63415 0.85073
vt 0.49836 0.89017
vt 0.49342 0.77818
vt 0.50398 0.53969
vt 0.49836 0.89017
vt 0.52258 0.95032
vt 0.49189 0.94931
vt 0.08010 0.88284
vt 0.06888 0.81390
vt 0.16663 0.87856
vt 0.16663 0.87856
vt 0.21555 0.80368
vt 0.22876 0.85928
vt 0.16663 0.87856
vt 0.17331 0.72828
vt 0.21131 0.52131
vt 0.16663 0.87856
vt 0.21131 0.52131
vt 0.21555 0.80368
vt 0.63415 0.85073
vt 0.63794 0.66439
vt 0.72676 0.43325
vt 0.63415 0.85073
vt 0.72676 0.43325
vt 0.77966 0.72469
vt 0.77966 0.72469
vt 0.79284 0.77262
vt 0.63415 0.85073
vt 0.62030 0.91945
vt 0.63415 0.85073
vt 0.79284 0.77262
vt 0.26400 0.78136
vt 0.28542 0.85284
vt 0.22876 0.85928
vt 0.26400 0.78136
vt 0.22876 0.85928
vt 0.26545 0.76038
vt 0.22876 0.85928
vt 0.21555 0.80368
vt 0.26545 0.76038
vt 0.21555 0.80368
vt 0.21131 0.52131
vt 0.26545 0.76038
vt 0.79284 0.77262
vt 0.83423 0.68464
vt 0.92107 0.57534
vt 0.79284 0.77262
vt 0.92107 0.57534
vt 0.92455 0.69627
vt 0.00965 0.59820
vt 0.00037 0.60431
vt 0.01230 0.24055
vt 0.01230 0.24055
vt 0.01746 0.34964
vt 0.00965 0.59820
vt 0.01746 0.34964
vt 0.02540 0.53744
vt 0.00965 0.59820
vt 0.02540 0.53744
vt 0.02454 0.63859
vt 0.00965 0.59820
vt 0.05364 0.94858
vt 0.05657 0.95127
vt 0.03424 0.88571
vt 0.03047 0.85657
vt 0.05364 0.94858
vt 0.03424 0.88571
vt 0.01289 0.75899
vt 0.03047 0.85657
vt 0.03424 0.88571
vt 0.01289 0.75899
vt 0.03424 0.88571
vt 0.00000 0.60157
vt 0.00000 0.60157
vt 0.00037 0.60431
vt 0.01289 0.75899
vt 0.01289 0.75899
vt 0.00037 0.60431
vt 0.03047 0.85657
vt 0.01230 0.24055
vt 0.00037 0.60431
vt 0.00795 0.25836
vt 0.00795 0.25836
vt 0.01274 0.21373
vt 0.01674 0.20671
vt 0.01230 0.24055
vt 0.00795 0.25836
vt 0.01674 0.20671
vt 0.01674 0.20671
vt 0.01274 0.21373
vt 0.01690 0.20556
vt 0.02243 0.25320
vt 0.01230 0.24055
vt 0.01674 0.20671
vt 0.07851 0.38757
vt 0.06444 0.35604
vt 0.11431 0.41480
vt 0.11816 0.43370
vt 0.07851 0.38757
vt 0.11431 0.41480
vt 0.11816 0.43370
vt 0.05805 0.37460
vt 0.07851 0.38757
vt 0.11816 0.43370
vt 0.11431 0.41480
vt 0.18565 0.38915
vt 0.11816 0.43370
vt 0.18565 0.38915
vt 0.16950 0.41290
vt 0.16950 0.41290
vt 0.18565 0.38915
vt 0.20703 0.37081
vt 0.20703 0.37081
vt 0.15659 0.45101
vt 0.16950 0.41290
vt 0.15659 0.45101
vt 0.11816 0.43370
vt 0.16950 0.41290
vt 0.20703 0.37081
vt 0.18565 0.38915
vt 0.23151 0.26613
vt 0.20703 0.37081
vt 0.23151 0.26613
vt 0.22960 0.27608
vt 0.24828 0.24403
vt 0.20703 0.37081
vt 0.22960 0.27608
vt 0.25697 0.18309
vt 0.22960 0.27608
vt 0.23151 0.26613
vt 0.25697 0.18309
vt 0.23151 0.26613
vt 0.26055 0.17937
vt 0.26846 0.21876
vt 0.24828 0.24403
vt 0.25697 0.18309
vt 0.24828 0.24403
vt 0.22960 0.27608
vt 0.25697 0.18309
vt 0.27434 0.18807
vt 0.25697 0.18309
vt 0.26055 0.17937
vt 0.27434 0.18807
vt 0.26055 0.17937
vt 0.27093 0.18271
vt 0.27434 0.18807
vt 0.27093 0.18271
vt 0.28266 0.21241
vt 0.26846 0.21876
vt 0.25697 0.18309
vt 0.27434 0.18807
vt 0.31228 0.34354
vt 0.27434 0.18807
vt 0.28266 0.21241
vt 0.31228 0.34354
vt 0.28266 0.21241
vt 0.31617 0.34750
vt 0.31228 0.34354
vt 0.26846 0.21876
vt 0.27434 0.18807
vt 0.31228 0.34354
vt 0.31617 0.34750
vt 0.36148 0.41357
vt 0.31228 0.34354
vt 0.36148 0.41357
vt 0.34375 0.40251
vt 0.34375 0.40251
vt 0.36148 0.41357
vt 0.38834 0.43928
vt 0.43067 0.43259
vt 0.38834 0.43928
vt 0.36148 0.41357
vt 0.43067 0.43259
vt 0.36148 0.41357
vt 0.42854 0.42686
vt 0.45553 0.47364
vt 0.38834 0.43928
vt 0.43067 0.43259
vt 0.50094 0.35504
vt 0.43067 0.43259
vt 0.42854 0.42686
vt 0.50094 0.35504
vt 0.42854 0.42686
vt 0.49267 0.36047
vt 0.45553 0.47364
vt 0.43067 0.43259
vt 0.50094 0.35504
vt 0.54090 0.40442
vt 0.54328 0.40086
vt 0.58568 0.42644
vt 0.58568 0.42644
vt 0.54328 0.40086
vt 0.60709 0.41845
vt 0.61707 0.43091
vt 0.55089 0.44073
vt 0.58568 0.42644
vt 0.55089 0.44073
vt 0.54090 0.40442
vt 0.58568 0.42644
vt 0.61707 0.43091
vt 0.58568 0.42644
vt 0.60709 0.41845
vt 0.66154 0.37744
vt 0.61707 0.43091
vt 0.60709 0.41845
vt 0.66154 0.37744
vt 0.60709 0.41845
vt 0.65613 0.37059
vt 0.66154 0.37744
vt 0.65613 0.37059
vt 0.70325 0.28272
vt 0.78398 0.27657
vt 0.75625 0.27962
vt 0.79508 0.26430
vt 0.78398 0.27657
vt 0.79508 0.26430
vt 0.83932 0.20118
vt 0.83932 0.20118
vt 0.79508 0.26430
vt 0.83509 0.20411
vt 0.83339 0.24860
vt 0.78781 0.30098
vt 0.78398 0.27657
vt 0.83339 0.24860
vt 0.78398 0.27657
vt 0.83932 0.20118
vt 0.83932 0.20118
vt 0.83509 0.20411
vt 0.90400 0.01319
vt 0.83932 0.20118
vt 0.90817 0.04308
vt 0.83339 0.24860
vt 0.90400 0.01319
vt 0.90845 0.00853
vt 0.83932 0.20118
vt 0.83932 0.20118
vt 0.90845 0.00853
vt 0.90817 0.04308
vt 0.91490 0.00087
vt 0.91248 0.00000
vt 0.93155 0.07679
vt 0.92009 0.05818
vt 0.90845 0.00853
vt 0.91490 0.00087
vt 0.91490 0.00087
vt 0.93155 0.07679
vt 0.94860 0.15957
vt 0.91490 0.00087
vt 0.98584 0.42044
vt 0.92009 0.05818
vt 0.82422 0.80424
vt 0.93762 0.75213
vt 0.95551 0.74043
vt 0.82422 0.80424
vt 0.95551 0.74043
vt 0.82835 0.80262
vt 0.82368 0.78933
vt 0.93762 0.75213
vt 0.82422 0.80424
vt 0.82422 0.80424
vt 0.82835 0.80262
vt 0.75003 0.86328
vt 0.64158 0.94860
vt 0.82368 0.78933
vt 0.82422 0.80424
vt 0.64158 0.94860
vt 0.82422 0.80424
vt 0.63825 0.96221
vt 0.61297 0.97363
vt 0.54246 0.99716
vt 0.55065 1.00000
vt 0.61297 0.97363
vt 0.55065 1.00000
vt 0.63825 0.96221
vt 0.55065 1.00000
vt 0.64158 0.94860
vt 0.63825 0.96221
vt 0.46098 0.99324
vt 0.55065 1.00000
vt 0.54246 0.99716
vt 0.48561 0.98820
vt 0.55065 1.00000
vt 0.46098 0.99324
vt 0.41189 0.96487
vt 0.48561 0.98820
vt 0.46098 0.99324
vt 0.28874 0.90915
vt 0.41189 0.96487
vt 0.46098 0.99324
vt 0.24224 0.92200
vt 0.46098 0.99324
vt 0.36922 0.95833
vt 0.23289 0.90761
vt 0.28874 0.90915
vt 0.46098 0.99324
vt 0.23289 0.90761
vt 0.46098 0.99324
vt 0.24224 0.92200
vt 0.24224 0.92200
vt 0.36922 0.95833
vt 0.23037 0.92274
vt 0.16931 0.93534
vt 0.24224 0.92200
vt 0.23037 0.92274
vt 0.16931 0.93534
vt 0.23037 0.92274
vt 0.06766 0.96198
vt 0.23289 0.90761
vt 0.24224 0.92200
vt 0.16931 0.93534
vt 0.06833 0.96457
vt 0.16931 0.93534
vt 0.06766 0.96198
vt 0.10131 0.94383
vt 0.16931 0.93534
vt 0.06833 0.96457
vt 0.10131 0.94383
vt 0.23289 0.90761
vt 0.16931 0.93534
vt 0.05364 0.94858
vt 0.10131 0.94383
vt 0.06833 0.96457
vt 0.10131 0.94383
vt 0.05364 0.94858
vt 0.05175 0.92416
vt 0.05010 0.46239
vt 0.01746 0.34964
vt 0.02243 0.25320
vt 0.05010 0.46239
vt 0.02243 0.25320
vt 0.05805 0.37460
vt 0.02454 0.63859
vt 0.03613 0.78310
vt 0.03047 0.85657
vt 0.02454 0.63859
vt 0.03047 0.85657
vt 0.00965 0.59820
vt 0.01746 0.34964
vt 0.05010 0.46239
vt 0.02540 0.53744
vt 0.04092 0.28850
vt 0.01674 0.20671
vt 0.01690 0.20556
vt 0.07851 0.38757
vt 0.04092 0.28850
vt 0.01690 0.20556
vt 0.07851 0.38757
vt 0.01690 0.20556
vt 0.06444 0.35604
vt 0.05805 0.37460
vt 0.04092 0.28850
vt 0.07851 0.38757
vt 0.05805 0.37460
vt 0.02243 0.25320
vt 0.01674 0.20671
vt 0.05805 0.37460
vt 0.01674 0.20671
vt 0.04092 0.28850
vt 0.05364 0.94858
vt 0.06833 0.96457
vt 0.06766 0.96198
vt 0.05364 0.94858
vt 0.06766 0.96198
vt 0.05657 0.95127
vt 0.90817 0.04308
vt 0.90845 0.00853
vt 0.92009 0.05818
vt 0.91490 0.00087
vt 0.90845 0.00853
vt 0.90400 0.01319
vt 0.91490 0.00087
vt 0.90400 0.01319
vt 0.91248 0.00000
vt 0.50398 0.53969
vt 0.48658 0.51821
vt 0.49955 0.39443
vt 0.50398 0.53969
vt 0.49955 0.39443
vt 0.50305 0.43097
vt 0.43673 0.92997
vt 0.49189 0.94931
vt 0.48561 0.98820
vt 0.43673 0.92997
vt 0.48561 0.98820
vt 0.41189 0.96487
vt 0.50094 0.35504
vt 0.49267 0.36047
vt 0.50037 0.35420
vt 0.49955 0.39443
vt 0.45553 0.47364
vt 0.50094 0.35504
vt 0.46098 0.99324
vt 0.54246 0.99716
vt 0.36922 0.95833
vt 0.49955 0.39443
vt 0.55089 0.44073
vt 0.56708 0.52770
vt 0.49955 0.39443
vt 0.56708 0.52770
vt 0.50305 0.43097
vt 0.56708 0.52770
vt 0.50398 0.53969
vt 0.50305 0.43097
vt 0.55089 0.44073
vt 0.49955 0.39443
vt 0.50094 0.35504
vt 0.55089 0.44073
vt 0.50094 0.35504
vt 0.54090 0.40442
vt 0.66154 0.37744
vt 0.70945 0.31940
vt 0.70629 0.35816
vt 0.72676 0.43325
vt 0.70629 0.35816
vt 0.70945 0.31940
vt 0.72676 0.43325
vt 0.65960 0.51249
vt 0.66154 0.37744
vt 0.72676 0.43325
vt 0.66154 0.37744
vt 0.70629 0.35816
vt 0.69710 0.29532
vt 0.66154 0.37744
vt 0.70325 0.28272
vt 0.69710 0.29532
vt 0.70325 0.28272
vt 0.70615 0.28423
vt 0.70945 0.31940
vt 0.69710 0.29532
vt 0.70615 0.28423
vt 0.70945 0.31940
vt 0.66154 0.37744
vt 0.69710 0.29532
vt 0.70945 0.31940
vt 0.70615 0.28423
vt 0.81238 0.37934
vt 0.70615 0.28423
vt 0.78781 0.30098
vt 0.81238 0.37934
vt 0.77868 0.41552
vt 0.72676 0.43325
vt 0.70945 0.31940
vt 0.77868 0.41552
vt 0.70945 0.31940
vt 0.81238 0.37934
vt 0.70615 0.28423
vt 0.75625 0.27962
vt 0.78398 0.27657
vt 0.78781 0.30098
vt 0.70615 0.28423
vt 0.78398 0.27657
vt 0.00037 0.60431
vt 0.00000 0.60157
vt 0.01274 0.21373
vt 0.00037 0.60431
vt 0.01274 0.21373
vt 0.00795 0.25836
vt 0.99288 0.42775
vt 0.98584 0.42044
vt 0.91490 0.00087
vt 0.99288 0.42775
vt 0.91490 0.00087
vt 0.99998 0.40928
vt 0.50398 0.53969
vt 0.49342 0.77818
vt 0.48658 0.51821
vt 0.38834 0.43928
vt 0.41111 0.49229
vt 0.35763 0.46867
vt 0.35763 0.46867
vt 0.29587 0.33708
vt 0.31228 0.34354
vt 0.35763 0.46867
vt 0.31228 0.34354
vt 0.34375 0.40251
vt 0.34375 0.40251
vt 0.38834 0.43928
vt 0.35763 0.46867
vt 0.26846 0.21876
vt 0.31228 0.34354
vt 0.29587 0.33708
vt 0.26747 0.34514
vt 0.25573 0.34659
vt 0.26846 0.21876
vt 0.26545 0.76038
vt 0.28542 0.85284
vt 0.26400 0.78136
vt 0.26545 0.76038
vt 0.25573 0.34659
vt 0.26747 0.34514
vt 0.43673 0.92997
vt 0.45829 0.83347
vt 0.49342 0.77818
vt 0.43673 0.92997
vt 0.49342 0.77818
vt 0.49836 0.89017
vt 0.28542 0.85284
vt 0.29328 0.77847
vt 0.33333 0.89616
vt 0.33333 0.89616
vt 0.29328 0.77847
vt 0.35763 0.46867
vt 0.43673 0.92997
vt 0.41285 0.82409
vt 0.45829 0.83347
vt 0.43673 0.92997
vt 0.33333 0.89616
vt 0.41285 0.82409
vt 0.45829 0.83347
vt 0.45553 0.47364
vt 0.48658 0.51821
vt 0.45829 0.83347
vt 0.48658 0.51821
vt 0.49342 0.77818
vt 0.29328 0.77847
vt 0.28542 0.85284
vt 0.26545 0.76038
vt 0.95447 0.73680
vt 0.95551 0.74043
vt 0.93762 0.75213
vt 0.92455 0.69627
vt 0.92107 0.57534
vt 0.94838 0.55346
vt 0.96982 0.48528
vt 1.00000 0.40752
vt 0.96002 0.52677
vt 0.96002 0.52677
vt 0.94862 0.61045
vt 0.96982 0.48528
vt 0.94862 0.61045
vt 0.96002 0.52677
vt 0.94968 0.60268
vt 0.95551 0.74043
vt 0.94862 0.61045
vt 0.94968 0.60268
vt 0.95551 0.74043
vt 0.95447 0.73680
vt 0.94862 0.61045
vt 0.95447 0.73680
vt 0.94503 0.65906
vt 0.94862 0.61045
vt 0.94503 0.65906
vt 0.94629 0.61204
vt 0.94862 0.61045
vt 0.94629 0.61204
vt 0.94838 0.55346
vt 0.94862 0.61045
vt 0.94838 0.55346
vt 0.96982 0.48528
vt 0.94862 0.61045
vt 0.96982 0.48528
vt 0.94838 0.55346
vt 0.98584 0.42044
vt 0.95449 0.43126
vt 0.98584 0.42044
vt 0.94838 0.55346
vt 0.94629 0.61204
vt 0.94503 0.65906
vt 0.92455 0.69627
vt 0.94629 0.61204
vt 0.92455 0.69627
vt 0.94838 0.55346
vt 0.54328 0.40086
vt 0.54090 0.40442
vt 0.50094 0.35504
vt 0.54328 0.40086
vt 0.50094 0.35504
vt 0.50037 0.35420
vt 0.75625 0.27962
vt 0.70615 0.28423
vt 0.70325 0.28272
vt 0.33333 0.89616
vt 0.28874 0.90915
vt 0.28542 0.85284
vt 0.43673 0.92997
vt 0.49836 0.89017
vt 0.49189 0.94931
vt 0.26846 0.21876
vt 0.29587 0.33708
vt 0.26747 0.34514
vt 0.95447 0.73680
vt 0.93762 0.75213
vt 0.92455 0.69627
vt 0.95449 0.43126
vt 0.94838 0.55346
vt 0.92107 0.57534
vt 0.96982 0.48528
vt 0.98584 0.42044
vt 0.99288 0.42775
vt 0.99288 0.42775
vt 0.99998 0.40928
vt 1.00000 0.40752
vt 0.99288 0.42775
vt 1.00000 0.40752
vt 0.96982 0.48528
vt 0.94503 0.65906
vt 0.95447 0.73680
vt 0.92455 0.69627
vt 0.02540 0.53744
vt 0.17331 0.72828
vt 0.16663 0.87856
vt 0.02540 0.53744
vt 0.16663 0.87856
vt 0.06888 0.81390
vt 0.75003 0.86328
vt 0.61297 0.97363
vt 0.63825 0.96221
vt 0.75003 0.86328
vt 0.63825 0.96221
vt 0.82422 0.80424
vt 0.26747 0.34514
vt 0.29587 0.33708
vt 0.29328 0.77847
vt 0.26747 0.34514
vt 0.29328 0.77847
vt 0.26545 0.76038
vt 0.56708 0.52770
vt 0.65960 0.51249
vt 0.63794 0.66439
vt 0.45553 0.47364
vt 0.45829 0.83347
vt 0.41285 0.82409
vt 0.45553 0.47364
vt 0.41285 0.82409
vt 0.41111 0.49229
vt 0.56820 0.65444
vt 0.56708 0.52770
vt 0.63794 0.66439
vt 0.45553 0.47364
vt 0.49955 0.39443
vt 0.48658 0.51821
vt 0.02540 0.53744
vt 0.06888 0.81390
vt 0.03613 0.78310
vt 0.02540 0.53744
vt 0.03613 0.78310
vt 0.02454 0.63859
vt 0.06888 0.81390
vt 0.08010 0.88284
vt 0.03047 0.85657
vt 0.06888 0.81390
vt 0.03047 0.85657
vt 0.03613 0.78310
vt 0.08010 0.88284
vt 0.10131 0.94383
vt 0.05175 0.92416
vt 0.08010 0.88284
vt 0.05175 0.92416
vt 0.03047 0.85657
vt 0.99998 0.40928
vt 0.94860 0.15957
vt 1.00000 0.40752
vt 0.29328 0.77847
vt 0.29587 0.33708
vt 0.35763 0.46867
vt 0.91490 0.00087
vt 0.94860 0.15957
vt 0.99998 0.40928
vt 0.95449 0.43126
vt 0.92107 0.57534
vt 0.81238 0.37934
vt 0.83423 0.68464
vt 0.77868 0.41552
vt 0.81238 0.37934
vt 0.83423 0.68464
vt 0.81238 0.37934
vt 0.92107 0.57534
vt 0.14200 0.57239
vt 0.17331 0.72828
vt 0.02540 0.53744
vt 0.41285 0.82409
vt 0.33333 0.89616
vt 0.35763 0.46867
vt 0.41285 0.82409
vt 0.35763 0.46867
vt 0.41111 0.49229
vt 0.63415 0.85073
vt 0.56820 0.65444
vt 0.63794 0.66439
f 421/2425 422/2426 404/2427
f 426/2428 438/2429 427/2430
f 495/2431 428/2432 416/2433
f 402/2434 419/2435 429/2436
f 402/2437 429/2438 484/2439
f 431/2440 535/2441 430/2442
f 419/2443 432/2444 429/2445
f 419/2446 440/2447 405/2448
f 419/2449 405/2450 432/2451
f 434/2452 402/2453 484/2454
f 434/2455 484/2456 433/2457
f 407/2458 430/2459 506/2460
f 407/2461 431/2462 430/2463
f 434/2464 433/2465 424/2466
f 427/2467 435/2468 426/2469
f 427/2470 442/2471 435/2472
f 442/2473 425/2474 435/2475
f 436/2476 437/2477 468/2478
f 406/2479 431/2480 399/2481
f 400/2482 458/2483 401/2484
f 438/2485 557/2486 412/2487
f 438/2488 412/2489 427/2490
f 440/2491 419/2492 439/2493
f 402/2494 420/2495 419/2496
f 407/2497 401/2498 441/2499
f 434/2500 464/2501 402/2502
f 442/2503 427/2504 412/2505
f 422/2506 474/2507 467/2508
f 449/2509 453/2510 409/2511
f 449/2512 543/2513 408/2514
f 449/2515 408/2516 446/2517
f 524/2518 443/2519 454/2520
f 443/2521 444/2522 448/2523
f 443/2524 448/2525 454/2526
f 444/2527 443/2528 447/2529
f 444/2530 447/2531 403/2532
f 443/2533 524/2534 447/2535
f 450/2536 451/2537 461/2538
f 450/2539 461/2540 453/2541
f 450/2542 453/2543 452/2544
f 455/2545 445/2546 454/2547
f 454/2548 448/2549 455/2550
f 452/2551 453/2552 449/2553
f 445/2554 455/2555 411/2556
f 445/2557 411/2558 456/2559
f 457/2560 406/2561 399/2562
f 455/2563 459/2564 458/2565
f 459/2566 401/2567 458/2568
f 444/2569 457/2570 460/2571
f 444/2572 460/2573 448/2574
f 457/2575 399/2576 460/2577
f 457/2578 545/2579 406/2580
f 457/2581 444/2582 403/2583
f 451/2584 462/2585 461/2586
f 461/2587 463/2588 453/2589
f 461/2590 420/2591 402/2592
f 461/2593 402/2594 463/2595
f 460/2596 441/2597 401/2598
f 460/2599 401/2600 459/2601
f 459/2602 455/2603 460/2604
f 448/2605 460/2606 455/2607
f 465/2608 409/2609 453/2610
f 465/2611 453/2612 464/2613
f 453/2614 463/2615 464/2616
f 463/2617 402/2618 464/2619
f 455/2620 458/2621 466/2622
f 455/2623 466/2624 411/2625
f 467/2626 474/2627 468/2628
f 468/2629 437/2630 467/2631
f 437/2632 439/2633 467/2634
f 439/2635 469/2636 467/2637
f 421/2638 470/2639 471/2640
f 422/2641 421/2642 471/2643
f 472/2644 422/2645 471/2646
f 472/2647 471/2648 473/2649
f 473/2650 474/2651 472/2652
f 472/2653 474/2654 422/2655
f 468/2656 474/2657 476/2658
f 476/2659 475/2660 478/2661
f 468/2662 476/2663 478/2664
f 478/2665 475/2666 477/2667
f 436/2668 468/2669 478/2670
f 479/2671 480/2672 481/2673
f 432/2674 479/2675 481/2676
f 432/2677 405/2678 479/2679
f 432/2680 481/2681 482/2682
f 432/2683 482/2684 483/2685
f 483/2686 482/2687 484/2688
f 484/2689 429/2690 483/2691
f 429/2692 432/2693 483/2694
f 484/2695 482/2696 485/2697
f 484/2698 485/2699 486/2700
f 433/2701 484/2702 486/2703
f 488/2704 486/2705 485/2706
f 488/2707 485/2708 487/2709
f 424/2710 433/2711 488/2712
f 433/2713 486/2714 488/2715
f 490/2716 488/2717 487/2718
f 490/2719 487/2720 489/2721
f 490/2722 489/2723 491/2724
f 424/2725 488/2726 490/2727
f 493/2728 490/2729 491/2730
f 493/2731 491/2732 492/2733
f 493/2734 424/2735 490/2736
f 493/2737 492/2738 494/2739
f 493/2740 494/2741 496/2742
f 496/2743 494/2744 495/2745
f 498/2746 495/2747 494/2748
f 498/2749 494/2750 497/2751
f 428/2752 495/2753 498/2754
f 500/2755 498/2756 497/2757
f 500/2758 497/2759 499/2760
f 428/2761 498/2762 500/2763
f 502/2764 536/2765 504/2766
f 504/2767 536/2768 503/2769
f 430/2770 535/2771 504/2772
f 535/2773 502/2774 504/2775
f 430/2776 504/2777 503/2778
f 506/2779 430/2780 503/2781
f 506/2782 503/2783 505/2784
f 506/2785 505/2786 507/2787
f 509/2788 541/2789 508/2790
f 509/2791 508/2792 512/2793
f 512/2794 508/2795 510/2796
f 435/2797 425/2798 509/2799
f 435/2800 509/2801 512/2802
f 512/2803 510/2804 511/2805
f 512/2806 426/2807 435/2808
f 511/2809 515/2810 512/2811
f 512/2812 515/2813 426/2814
f 516/2815 513/2816 514/2817
f 438/2818 515/2819 516/2820
f 516/2821 514/2822 517/2823
f 516/2824 557/2825 438/2826
f 519/2827 456/2828 417/2829
f 519/2830 417/2831 518/2832
f 445/2833 456/2834 519/2835
f 519/2836 518/2837 520/2838
f 454/2839 445/2840 519/2841
f 454/2842 519/2843 522/2844
f 521/2845 523/2846 524/2847
f 521/2848 524/2849 522/2850
f 524/2851 454/2852 522/2853
f 525/2854 524/2855 523/2856
f 447/2857 524/2858 525/2859
f 446/2860 447/2861 525/2862
f 449/2863 446/2864 525/2865
f 528/2866 525/2867 526/2868
f 452/2869 449/2870 525/2871
f 452/2872 525/2873 528/2874
f 528/2875 526/2876 527/2877
f 530/2878 528/2879 527/2880
f 530/2881 527/2882 529/2883
f 452/2884 528/2885 530/2886
f 531/2887 530/2888 529/2889
f 450/2890 530/2891 531/2892
f 450/2893 452/2894 530/2895
f 421/2896 450/2897 531/2898
f 450/2899 421/2900 404/2901
f 440/2902 437/2903 436/2904
f 440/2905 436/2906 405/2907
f 469/2908 532/2909 422/2910
f 469/2911 422/2912 467/2913
f 437/2914 440/2915 439/2916
f 533/2917 478/2918 477/2919
f 479/2920 533/2921 477/2922
f 479/2923 477/2924 480/2925
f 405/2926 533/2927 479/2928
f 405/2929 436/2930 478/2931
f 405/2932 478/2933 533/2934
f 421/2935 531/2936 529/2937
f 421/2938 529/2939 470/2940
f 426/2941 515/2942 438/2943
f 516/2944 515/2945 511/2946
f 516/2947 511/2948 513/2949
f 406/2950 548/2951 534/2952
f 406/2953 534/2954 423/2955
f 408/2956 403/2957 447/2958
f 408/2959 447/2960 446/2961
f 500/2962 499/2963 501/2964
f 534/2965 428/2966 500/2967
f 525/2968 523/2969 526/2970
f 534/2971 535/2972 431/2973
f 534/2974 431/2975 423/2976
f 431/2977 406/2978 423/2979
f 535/2980 534/2981 500/2982
f 535/2983 500/2984 502/2985
f 506/2986 537/2987 538/2988
f 401/2989 538/2990 537/2991
f 401/2992 407/2993 506/2994
f 401/2995 506/2996 538/2997
f 539/2998 506/2999 507/3000
f 539/3001 507/3002 540/3003
f 537/3004 539/3005 540/3006
f 537/3007 506/3008 539/3009
f 537/3010 540/3011 442/3012
f 540/3013 425/3014 442/3015
f 400/3016 401/3017 537/3018
f 400/3019 537/3020 442/3021
f 540/3022 541/3023 509/3024
f 425/3025 540/3026 509/3027
f 474/3028 473/3029 475/3030
f 474/3031 475/3032 476/3033
f 549/3034 557/3035 516/3036
f 549/3037 516/3038 413/3039
f 406/3040 545/3041 548/3042
f 495/3043 416/3044 544/3045
f 544/3046 410/3047 493/3048
f 544/3049 493/3050 496/3051
f 496/3052 495/3053 544/3054
f 424/3055 493/3056 410/3057
f 542/3058 434/3059 424/3060
f 464/3061 409/3062 465/3063
f 464/3064 434/3065 542/3066
f 408/3067 546/3068 545/3069
f 408/3070 545/3071 457/3072
f 409/3073 415/3074 543/3075
f 543/3076 415/3077 544/3078
f 408/3079 547/3080 546/3081
f 408/3082 543/3083 547/3084
f 546/3085 428/3086 548/3087
f 546/3088 548/3089 545/3090
f 415/3091 409/3092 464/3093
f 418/3094 417/3095 456/3096
f 411/3097 466/3098 550/3099
f 552/3100 414/3101 551/3102
f 551/3103 554/3104 552/3105
f 554/3106 551/3107 553/3108
f 417/3109 554/3110 553/3111
f 417/3112 418/3113 554/3114
f 418/3115 555/3116 554/3117
f 555/3118 556/3119 554/3120
f 556/3121 550/3122 554/3123
f 550/3124 552/3125 554/3126
f 552/3127 550/3128 557/3129
f 412/3130 557/3131 550/3132
f 556/3133 555/3134 411/3135
f 556/3136 411/3137 550/3138
f 536/3139 502/3140 500/3141
f 536/3142 500/3143 501/3144
f 541/3145 540/3146 507/3147
f 543/3148 449/3149 409/3150
f 408/3151 457/3152 403/3153
f 424/3154 410/3155 542/3156
f 418/3157 456/3158 411/3159
f 412/3160 550/3161 466/3162
f 552/3163 557/3164 549/3165
f 549/3166 413/3167 414/3168
f 549/3169 414/3170 552/3171
f 555/3172 418/3173 411/3174
f 439/3175 420/3176 461/3177
f 439/3178 461/3179 462/3180
f 520/3181 521/3182 522/3183
f 520/3184 522/3185 519/3186
f 542/3187 410/3188 415/3189
f 542/3190 415/3191 464/3192
f 431/3193 407/3194 441/3195
f 428/3196 546/3197 547/3198
f 428/3199 547/3200 416/3201
f 399/3202 431/3203 441/3204
f 428/3205 534/3206 548/3207
f 439/3208 462/3209 532/3210
f 439/3211 532/3212 469/3213
f 462/3214 451/3215 422/3216
f 462/3217 422/3218 532/3219
f 451/3220 450/3221 404/3222
f 451/3223 404/3224 422/3225
f 413/3226 517/3227 414/3228
f 415/3229 410/3230 544/3231
f 516/3232 517/3233 413/3234
f 412/3235 466/3236 442/3237
f 458/3238 400/3239 442/3240
f 458/3241 442/3242 466/3243
f 419/3244 420/3245 439/3246
f 547/3247 543/3248 544/3249
f 547/3250 544/3251 416/3252
f 460/3253 399/3254 441/3255
o Grip
g Grip
usemtl GripRose
v 0.06133 -0.21327 -0.16511
v 0.04248 -0.09488 -0.06931
v 0.03955 -0.09455 -0.07041
v 0.05838 -0.21286 -0.16613
v 0.03758 -0.09332 -0.07239
v 0.05641 -0.21157 -0.16807
v 0.03701 -0.09145 -0.07485
v 0.05583 -0.20967 -0.17051
v 0.03805 -0.08947 -0.07706
v 0.05687 -0.20771 -0.17274
v 0.04034 -0.08796 -0.07840
v 0.05918 -0.20627 -0.17412
v 0.04340 -0.08724 -0.07857
v 0.06225 -0.20563 -0.17436
v 0.04633 -0.08757 -0.07748
v 0.06520 -0.20605 -0.17334
v 0.04830 -0.08880 -0.07549
v 0.06717 -0.20734 -0.17140
v 0.04887 -0.09067 -0.07303
v 0.06775 -0.20924 -0.16896
v 0.04783 -0.09265 -0.07082
v 0.06671 -0.21119 -0.16674
v 0.04554 -0.09416 -0.06949
v 0.06440 -0.21264 -0.16535
v 0.03221 -0.05201 -0.03508
v 0.02690 -0.04404 -0.03471
v 0.02824 -0.03699 -0.03654
v 0.03332 -0.03848 -0.03939
v 0.03714 -0.03770 -0.03624
v 0.03906 -0.04793 -0.03458
v 0.01563 -0.00120 -0.00220
v 0.01816 0.01829 0.00587
v 0.02826 0.00033 0.00032
v 0.02573 -0.01915 -0.00775
v 0.00320 0.05007 0.04675
v -0.00299 0.05612 0.04122
v 0.00662 0.03690 0.02296
v 0.00068 0.07456 0.05189
v 0.01600 0.03777 0.02820
v 0.01311 0.03168 0.03177
v -0.00501 0.06203 0.05354
v -0.01157 0.07291 0.05793
v -0.00174 0.06739 0.04440
v -0.00142 0.07863 0.05948
v 0.00676 0.05473 0.04817
v -0.01237 0.07925 0.06515
v -0.01272 0.07493 0.05505
v -0.01154 0.07667 0.05275
v -0.01241 0.09024 0.05758
v -0.00429 0.08098 0.05399
v -0.00595 0.07865 0.06395
v -0.00301 0.07092 0.06006
v -0.01598 0.08038 0.06379
v -0.01406 0.08730 0.05515
v -0.00691 0.08657 0.05943
v -0.02649 0.09311 0.06046
v -0.01204 0.08878 0.06647
v -0.03051 0.09714 0.06745
v -0.02933 0.10079 0.05999
v -0.01988 0.10264 0.06585
v -0.02153 0.09807 0.07006
v -0.03009 0.10721 0.07370
v -0.03280 0.10271 0.06450
v -0.03004 0.10869 0.06203
v -0.02686 0.11034 0.06244
v -0.02398 0.10984 0.06398
v -0.02357 0.10245 0.07135
v -0.03265 0.11056 0.07295
v -0.03447 0.11033 0.06844
v -0.02231 0.11103 0.06691
v -0.02224 0.11055 0.06993
v -0.02641 0.10705 0.07358
v -0.03209 0.11354 0.06478
v -0.02431 0.11216 0.07426
v -0.03242 0.11642 0.07136
v -0.02560 0.11853 0.07650
v -0.03133 0.11903 0.06876
v -0.02605 0.12260 0.06565
v -0.02197 0.12136 0.06534
v -0.01863 0.11970 0.06704
v -0.02165 0.11421 0.07367
v -0.02360 0.12318 0.07759
v -0.02651 0.12554 0.07200
v -0.01698 0.11772 0.06958
v -0.01896 0.11529 0.07335
v -0.02271 0.11632 0.07615
v -0.02146 0.12755 0.07235
v -0.01313 0.12756 0.07999
v -0.01286 0.12665 0.07164
v -0.01087 0.11667 0.07549
v -0.01629 0.11795 0.07930
v -0.01213 0.12027 0.08338
v -0.00456 0.12702 0.07805
v -0.00230 0.12281 0.07576
v -0.00335 0.11987 0.07516
v -0.01151 0.11658 0.08060
v -0.01071 0.12297 0.08456
v -0.00819 0.12521 0.08468
v -0.00412 0.11677 0.07712
v -0.00425 0.12407 0.08716
v -0.00301 0.12583 0.08196
v -0.00992 0.11578 0.08007
v -0.00828 0.11421 0.08043
v -0.01121 0.11572 0.08418
v -0.01206 0.11563 0.08835
v -0.00037 0.12168 0.08612
v -0.00004 0.11415 0.08538
v -0.00112 0.11501 0.08217
v -0.01254 0.11344 0.09329
v -0.01066 0.11298 0.09580
v -0.00140 0.11057 0.09145
v -0.00592 0.10656 0.08669
v -0.00875 0.10774 0.08545
v -0.01035 0.10841 0.09798
v -0.01255 0.10752 0.08629
v -0.00494 0.10894 0.09595
v -0.01646 0.10672 0.08800
v -0.01955 0.10590 0.09060
v -0.01645 0.09792 0.09689
v -0.01403 0.09658 0.09527
v -0.01234 0.09629 0.09258
v -0.01217 0.09687 0.08951
v -0.02622 0.10123 0.09161
v -0.02764 0.09816 0.09298
v -0.02028 0.09409 0.08426
v -0.02001 0.09780 0.08376
v -0.02931 0.09434 0.09244
v -0.02394 0.09937 0.08304
v -0.02867 0.09934 0.08255
v -0.03227 0.09819 0.08299
v -0.03214 0.08800 0.08664
v -0.02985 0.08662 0.08486
v -0.02610 0.08803 0.08495
v -0.02430 0.08978 0.08306
v -0.03578 0.09462 0.08168
v -0.03675 0.09170 0.08224
v -0.02506 0.09086 0.07856
v -0.02604 0.09355 0.07743
v -0.03714 0.08652 0.07667
v -0.02884 0.09458 0.07385
v -0.03188 0.09474 0.07007
v -0.03460 0.09389 0.06597
v -0.03451 0.08326 0.06548
v -0.03143 0.08255 0.06566
v -0.02841 0.08351 0.06588
v -0.02637 0.08580 0.06727
v -0.03613 0.09211 0.06254
v -0.03676 0.08929 0.06158
v -0.02503 0.08929 0.06465
v -0.02602 0.09225 0.06529
v -0.03466 0.08764 0.05730
v -0.02777 0.09491 0.06374
v -0.02994 0.09657 0.06159
v -0.03163 0.09741 0.05847
v -0.02895 0.08996 0.05121
v -0.02609 0.08889 0.05229
v -0.02377 0.08906 0.05443
v -0.02251 0.09034 0.05707
v -0.03185 0.09785 0.05472
v -0.03139 0.09651 0.05192
v -0.02177 0.09365 0.05873
v -0.02357 0.09549 0.06069
v -0.02836 0.09696 0.04930
v -0.02591 0.09758 0.06107
v -0.02825 0.09923 0.05999
v -0.02965 0.10112 0.05764
v -0.02313 0.10086 0.04926
v -0.02067 0.09918 0.05025
v -0.01919 0.09763 0.05256
v -0.01893 0.09702 0.05564
v -0.02846 0.10585 0.05591
v -0.02667 0.10752 0.05379
v -0.01858 0.10129 0.06022
v -0.02138 0.10078 0.06178
v -0.02311 0.11056 0.05376
v -0.02369 0.10371 0.06333
v -0.02550 0.10717 0.06375
v -0.02591 0.11167 0.06411
v -0.01782 0.11539 0.05836
v -0.01581 0.11299 0.05842
v -0.01457 0.11065 0.06021
v -0.01486 0.10828 0.06258
v -0.02476 0.11524 0.06415
v -0.02291 0.11715 0.06260
v -0.01660 0.10661 0.06471
v -0.01939 0.10609 0.06601
v -0.01960 0.11784 0.06270
v -0.02201 0.10711 0.06709
v -0.02255 0.10923 0.07083
v -0.02169 0.11270 0.07721
v -0.01252 0.11742 0.07613
v -0.01062 0.11464 0.07417
v -0.00961 0.11177 0.07596
v -0.01040 0.10888 0.07750
v -0.02064 0.11602 0.07816
v -0.01847 0.11788 0.07727
v -0.01250 0.10750 0.08084
v -0.01569 0.10685 0.08112
v -0.01546 0.11930 0.07851
v -0.01866 0.10898 0.08320
v -0.02127 0.11419 0.08668
v -0.02315 0.12133 0.09019
v -0.01421 0.12660 0.08897
v -0.01202 0.12459 0.09014
v -0.01129 0.12219 0.09213
v -0.01232 0.12004 0.09424
v -0.02451 0.13168 0.09656
v -0.02240 0.13377 0.09580
v -0.01715 0.12712 0.10438
v -0.02030 0.12660 0.10472
v -0.02129 0.14124 0.10170
v -0.02495 0.13298 0.10909
v -0.02783 0.13667 0.10879
v -0.02882 0.17373 0.12771
v -0.02729 0.17310 0.13006
v -0.02553 0.16813 0.12999
v -0.02421 0.16010 0.12753
v -0.04123 0.18575 0.13549
v -0.03197 0.16474 0.11971
v -0.03637 0.18233 0.14633
v -0.03644 0.17383 0.14065
v -0.03693 0.16430 0.12785
v -0.04568 0.18699 0.13963
v -0.03392 0.17809 0.12888
v -0.04405 0.18138 0.14468
v -0.05194 0.19609 0.15415
v -0.05334 0.20068 0.15457
v -0.04289 0.19840 0.14515
v -0.04174 0.20295 0.15353
v -0.04107 0.20061 0.15554
v -0.04203 0.19837 0.15741
v -0.05239 0.20578 0.15548
v -0.05005 0.20684 0.15362
v -0.04434 0.19832 0.16032
v -0.04756 0.19780 0.16072
v -0.04666 0.20855 0.15485
v -0.04335 0.20775 0.15553
v -0.04982 0.20139 0.16355
v -0.05057 0.20484 0.16473
v -0.04918 0.20895 0.16527
v -0.04050 0.20604 0.15737
v -0.04020 0.20320 0.15863
v -0.04109 0.20114 0.16077
v -0.04495 0.21235 0.16514
v -0.04353 0.21284 0.16245
v -0.04126 0.20101 0.16427
v -0.04309 0.20198 0.16684
v -0.03509 0.21292 0.16281
v -0.03571 0.21034 0.16053
v -0.03912 0.20535 0.17098
v -0.04096 0.20772 0.17040
v -0.03911 0.21072 0.16979
v -0.02677 0.20520 0.16176
v -0.03596 0.20255 0.16140
v -0.01888 0.21153 0.16810
v -0.02215 0.19987 0.16701
v -0.01877 0.19997 0.17178
v -0.02078 0.20895 0.17407
v -0.01022 0.20445 0.17296
v -0.01155 0.20863 0.16937
v -0.01150 0.20735 0.16473
v -0.01336 0.20554 0.16265
v -0.01576 0.20336 0.16214
v -0.01763 0.20101 0.16317
v -0.01420 0.19985 0.17325
v -0.01803 0.19867 0.16521
v -0.01756 0.19761 0.16801
v -0.01251 0.20201 0.17367
v -0.00584 0.20129 0.16755
v -0.00574 0.19904 0.16253
v -0.01433 0.19369 0.16846
v -0.00908 0.19634 0.17045
v -0.00595 0.19196 0.16494
v -0.00789 0.19752 0.15872
v -0.01160 0.19905 0.15864
v -0.01474 0.19741 0.15878
v -0.01638 0.19691 0.16051
v -0.01004 0.18463 0.16318
v -0.01737 0.19062 0.15978
v -0.01668 0.18916 0.16239
v -0.00807 0.16905 0.14580
v -0.01999 0.14858 0.13598
v -0.01666 0.14154 0.11761
v -0.01371 0.16747 0.13534
v -0.02542 0.14889 0.12535
v -0.02547 0.14245 0.12727
v -0.01449 0.15289 0.13827
v -0.01724 0.13058 0.11345
v -0.02207 0.14713 0.11953
v -0.02907 0.13209 0.11591
v -0.02244 0.13348 0.12369
v -0.01836 0.13145 0.11970
v -0.01784 0.12963 0.10833
v -0.02568 0.13511 0.10978
v -0.02483 0.12815 0.11883
v -0.01923 0.12703 0.10230
v -0.02373 0.12668 0.10025
v -0.02794 0.12737 0.10516
v -0.02885 0.12438 0.10638
v -0.02051 0.12539 0.11541
v -0.01476 0.11295 0.09815
v -0.02694 0.11764 0.10364
v -0.02419 0.11383 0.10274
v -0.01127 0.10854 0.08729
v -0.01716 0.11275 0.08303
v -0.01729 0.10239 0.08930
v -0.01681 0.11026 0.09829
v -0.01051 0.10709 0.07947
v -0.01881 0.10926 0.07854
v -0.01278 0.10900 0.07749
v -0.02071 0.10643 0.07734
v -0.02142 0.10340 0.07783
v -0.01248 0.09889 0.08121
v -0.01108 0.10320 0.08414
v -0.02073 0.10037 0.07771
v -0.01860 0.09847 0.07897
v -0.00945 0.10100 0.07318
v -0.01567 0.10881 0.07266
v -0.01553 0.09554 0.06528
v -0.00959 0.10085 0.06026
v -0.01040 0.10350 0.05889
v -0.01962 0.09741 0.06563
v -0.01305 0.10398 0.05580
v -0.01747 0.10677 0.05980
v -0.02088 0.10387 0.06138
v -0.01249 0.09593 0.06331
v -0.01062 0.09648 0.06026
v -0.02033 0.10404 0.05866
v -0.02094 0.09670 0.06226
v -0.01853 0.09529 0.06365
v -0.01797 0.09813 0.05192
v -0.02179 0.09986 0.06083
v -0.01589 0.09316 0.06299
v -0.01246 0.09015 0.05485
v -0.01371 0.09129 0.05229
v -0.02168 0.09462 0.05255
v -0.01779 0.08768 0.05052
v -0.02444 0.09086 0.05502
v -0.02448 0.09052 0.05829
v -0.01473 0.08797 0.06074
v -0.01416 0.08494 0.05822
v -0.02325 0.08925 0.06115
v -0.02053 0.08873 0.06263
v -0.02303 0.08315 0.05206
v -0.01787 0.08704 0.06279
v -0.01638 0.07962 0.05785
v -0.01820 0.07893 0.05545
v -0.02583 0.08319 0.05467
v -0.02242 0.07663 0.05716
v -0.02794 0.08252 0.06034
v -0.02703 0.08473 0.06280
v -0.01640 0.08347 0.06285
v -0.01795 0.07773 0.06738
v -0.02540 0.08514 0.06676
v -0.02238 0.08529 0.06726
v -0.02926 0.07416 0.06901
v -0.02127 0.08275 0.07239
v -0.02163 0.07409 0.07272
v -0.02466 0.07241 0.07371
v -0.03308 0.07692 0.07636
v -0.02937 0.07308 0.07936
v -0.03356 0.08090 0.07909
v -0.03155 0.08340 0.07756
v -0.02178 0.08059 0.07962
v -0.02201 0.07794 0.08165
v -0.02900 0.08544 0.07987
v -0.02580 0.08525 0.07973
v -0.03199 0.07692 0.08567
v -0.02302 0.08409 0.08146
v -0.02197 0.07861 0.08974
v -0.02471 0.07729 0.09040
v -0.03267 0.08049 0.08729
v -0.02638 0.07967 0.09431
v -0.03086 0.08585 0.09052
v -0.02867 0.08920 0.09031
v -0.02032 0.08325 0.08604
v -0.01803 0.08432 0.09285
v -0.02520 0.09162 0.09052
v -0.02229 0.09104 0.08957
v -0.02540 0.08816 0.10134
v -0.01842 0.09195 0.09212
v -0.01634 0.08907 0.10035
v -0.01847 0.08886 0.10254
v -0.02594 0.09299 0.10153
v -0.02003 0.09281 0.10511
v -0.02538 0.09714 0.10004
v -0.02444 0.09807 0.09714
v -0.01493 0.09412 0.09596
v -0.01307 0.09539 0.09963
v -0.02115 0.10079 0.09568
v -0.01852 0.09956 0.09449
v -0.01939 0.10182 0.10647
v -0.01436 0.10116 0.09549
v -0.00896 0.10585 0.10377
v -0.01088 0.10614 0.10618
v -0.01946 0.10745 0.10493
v -0.01217 0.11096 0.10709
v -0.01871 0.11251 0.10173
v -0.01847 0.11178 0.09862
v -0.00896 0.10779 0.09754
v -0.00682 0.11041 0.09996
v -0.01635 0.11222 0.09594
v -0.01369 0.11108 0.09480
v -0.01354 0.11731 0.10507
v -0.01024 0.11194 0.09464
v -0.00483 0.11991 0.09855
v -0.00649 0.12050 0.10144
v -0.01526 0.11965 0.10216
v -0.00841 0.12601 0.09921
v -0.01581 0.12588 0.09381
v -0.01601 0.12245 0.09252
v -0.00588 0.11988 0.09109
v -0.00444 0.12716 0.08707
v -0.01457 0.12249 0.08858
v -0.01186 0.12133 0.08744
v -0.01175 0.13226 0.09246
v -0.00894 0.12340 0.08479
v -0.00527 0.13059 0.08718
v -0.00665 0.13238 0.08936
v -0.01515 0.13106 0.09119
v -0.01251 0.13541 0.08741
v -0.01668 0.12820 0.09048
v -0.01648 0.12535 0.08906
v -0.00884 0.12717 0.08157
v -0.01101 0.13075 0.07985
v -0.01028 0.13431 0.08325
v -0.01584 0.12374 0.08662
v -0.01463 0.12345 0.08374
v -0.02246 0.13301 0.08571
v -0.01597 0.12426 0.08005
v -0.02082 0.13117 0.07707
v -0.02271 0.13282 0.07895
v -0.02421 0.12965 0.08690
v -0.02604 0.13158 0.08095
v -0.02476 0.12504 0.08689
v -0.02186 0.12331 0.08667
v -0.01807 0.12558 0.07716
v -0.02235 0.12480 0.07488
v -0.02010 0.12144 0.08470
v -0.01852 0.12142 0.08202
v -0.03070 0.12332 0.08218
v -0.01978 0.11948 0.07847
v -0.02709 0.12227 0.07471
v -0.03011 0.12130 0.07619
v -0.03061 0.11779 0.08458
v -0.03262 0.11688 0.07886
v -0.02818 0.11427 0.08599
v -0.02478 0.11601 0.08599
v -0.02242 0.11554 0.07586
v -0.02530 0.11375 0.07414
v -0.02224 0.11128 0.08387
v -0.02076 0.11234 0.08122
v -0.03185 0.10670 0.08063
v -0.02036 0.10952 0.07752
v -0.02520 0.10179 0.07197
v -0.02846 0.10213 0.07357
v -0.02856 0.10151 0.08240
v -0.02836 0.09869 0.07493
v -0.01554 0.08044 0.07977
v -0.02155 0.10016 0.08313
v -0.01606 0.09625 0.07282
v -0.00853 0.07724 0.06713
v -0.01797 0.09908 0.08129
v -0.01660 0.10018 0.07869
v -0.01546 0.07418 0.07420
v -0.00725 0.07982 0.07849
v -0.00533 0.08020 0.07172
v -0.00811 0.06982 0.06458
v -0.01040 0.06839 0.06597
v -0.00965 0.06179 0.06831
v -0.00931 0.06516 0.07379
v -0.00176 0.06915 0.07437
v -0.00036 0.07138 0.07038
v -0.00182 0.05437 0.07026
v 0.00089 0.05615 0.07063
v 0.00251 0.05977 0.06086
v 0.00144 0.05441 0.05650
v -0.00287 0.05266 0.05689
v -0.00484 0.05009 0.06027
v -0.00251 0.04809 0.06541
v 0.00552 0.05092 0.06547
v 0.00659 0.05264 0.06305
v 0.00965 0.02317 0.03689
v 0.00616 0.02018 0.03811
v 0.00601 0.01417 0.03965
v 0.00975 0.01284 0.04437
v 0.01350 0.01679 0.04648
v 0.01638 0.02017 0.04468
v 0.01622 0.02179 0.04016
v 0.01429 0.02268 0.03796
v 0.01999 -0.01400 0.01125
v 0.01607 -0.01978 0.01214
v 0.01632 -0.02164 0.01655
v 0.02143 -0.02996 0.01454
v 0.02564 -0.02151 0.01913
v 0.02747 -0.01842 0.01611
v 0.02332 -0.00517 0.02000
v 0.03164 -0.05513 -0.01860
v 0.02861 -0.05594 -0.01843
v 0.02635 -0.05747 -0.01706
v 0.02534 -0.05939 -0.01479
v 0.02846 -0.06983 -0.01700
v 0.03085 -0.06241 -0.00905
v 0.03389 -0.06160 -0.00922
v 0.03615 -0.06007 -0.01059
v 0.03716 -0.05815 -0.01286
v 0.03655 -0.05640 -0.01540
v 0.03457 -0.05531 -0.01746
v 0.04346 -0.11388 -0.06389
v 0.04041 -0.11461 -0.06366
v 0.03814 -0.11612 -0.06228
v 0.03715 -0.11808 -0.06003
v 0.03777 -0.11993 -0.05757
v 0.03978 -0.12114 -0.05561
v 0.04273 -0.12145 -0.05456
v 0.04578 -0.12072 -0.05479
v 0.04804 -0.11921 -0.05618
v 0.04904 -0.11725 -0.05842
v 0.04841 -0.11540 -0.06088
v 0.04641 -0.11419 -0.06285
v 0.05306 -0.17522 -0.11431
v 0.05000 -0.17589 -0.11404
v 0.04773 -0.17739 -0.11264
v 0.04674 -0.17938 -0.11042
v 0.04738 -0.18131 -0.10802
v 0.04940 -0.18261 -0.10613
v 0.05236 -0.18300 -0.10516
v 0.05542 -0.18233 -0.10543
v 0.05769 -0.18084 -0.10683
v 0.05868 -0.17884 -0.10905
v 0.05804 -0.17691 -0.11145
v 0.05603 -0.17562 -0.11334
vt 0.02656 0.00000
vt 0.30149 0.27780
vt 0.29836 0.27856
vt 0.02656 0.00000
vt 0.29836 0.27856
vt 0.02363 0.00097
vt 0.02363 0.00097
vt 0.29836 0.27856
vt 0.29265 0.28145
vt 0.02363 0.00097
vt 0.29265 0.28145
vt 0.01807 0.00400
vt 0.01807 0.00400
vt 0.29265 0.28145
vt 0.28560 0.28584
vt 0.01807 0.00400
vt 0.28560 0.28584
vt 0.01106 0.00845
vt 0.01106 0.00845
vt 0.28560 0.28584
vt 0.27925 0.29048
vt 0.01106 0.00845
vt 0.27925 0.29048
vt 0.00467 0.01304
vt 0.00467 0.01304
vt 0.27925 0.29048
vt 0.27542 0.29402
vt 0.00467 0.01304
vt 0.27542 0.29402
vt 0.00070 0.01644
vt 0.00070 0.01644
vt 0.27542 0.29402
vt 0.27492 0.29570
vt 0.00070 0.01644
vt 0.27492 0.29570
vt 0.00000 0.01792
vt 0.00000 0.01792
vt 0.27492 0.29570
vt 0.27806 0.29494
vt 0.00000 0.01792
vt 0.27806 0.29494
vt 0.00293 0.01695
vt 0.00293 0.01695
vt 0.27806 0.29494
vt 0.28376 0.29206
vt 0.00293 0.01695
vt 0.28376 0.29206
vt 0.00849 0.01392
vt 0.00849 0.01392
vt 0.28376 0.29206
vt 0.29082 0.28766
vt 0.00849 0.01392
vt 0.29082 0.28766
vt 0.01549 0.00947
vt 0.01549 0.00947
vt 0.29082 0.28766
vt 0.29717 0.28302
vt 0.01549 0.00947
vt 0.29717 0.28302
vt 0.02189 0.00488
vt 0.02189 0.00488
vt 0.29717 0.28302
vt 0.30100 0.27948
vt 0.02189 0.00488
vt 0.30100 0.27948
vt 0.02586 0.00148
vt 0.02586 0.00148
vt 0.30100 0.27948
vt 0.30149 0.27780
vt 0.02586 0.00148
vt 0.30149 0.27780
vt 0.02656 0.00000
vt 0.30149 0.27780
vt 0.39975 0.37838
vt 0.29836 0.27856
vt 0.29836 0.27856
vt 0.39975 0.37838
vt 0.40081 0.39707
vt 0.29836 0.27856
vt 0.40081 0.39707
vt 0.29265 0.28145
vt 0.29265 0.28145
vt 0.40081 0.39707
vt 0.28560 0.28584
vt 0.28560 0.28584
vt 0.40081 0.39707
vt 0.39555 0.41363
vt 0.28560 0.28584
vt 0.39555 0.41363
vt 0.27925 0.29048
vt 0.27925 0.29048
vt 0.39555 0.41363
vt 0.27542 0.29402
vt 0.27542 0.29402
vt 0.39555 0.41363
vt 0.38738 0.41012
vt 0.27542 0.29402
vt 0.38738 0.41012
vt 0.27492 0.29570
vt 0.27492 0.29570
vt 0.38738 0.41012
vt 0.39640 0.41196
vt 0.27492 0.29570
vt 0.39640 0.41196
vt 0.27806 0.29494
vt 0.27806 0.29494
vt 0.39640 0.41196
vt 0.28376 0.29206
vt 0.28376 0.29206
vt 0.39640 0.41196
vt 0.40117 0.38796
vt 0.28376 0.29206
vt 0.40117 0.38796
vt 0.29082 0.28766
vt 0.29082 0.28766
vt 0.40117 0.38796
vt 0.29717 0.28302
vt 0.29717 0.28302
vt 0.40117 0.38796
vt 0.30100 0.27948
vt 0.30100 0.27948
vt 0.40117 0.38796
vt 0.39975 0.37838
vt 0.30100 0.27948
vt 0.39975 0.37838
vt 0.30149 0.27780
vt 0.39975 0.37838
vt 0.47817 0.45548
vt 0.49410 0.49759
vt 0.39975 0.37838
vt 0.49410 0.49759
vt 0.40081 0.39707
vt 0.40081 0.39707
vt 0.49410 0.49759
vt 0.39555 0.41363
vt 0.39555 0.41363
vt 0.49410 0.49759
vt 0.51728 0.54332
vt 0.39555 0.41363
vt 0.51728 0.54332
vt 0.38738 0.41012
vt 0.38738 0.41012
vt 0.51728 0.54332
vt 0.39640 0.41196
vt 0.39640 0.41196
vt 0.51728 0.54332
vt 0.50133 0.50118
vt 0.39640 0.41196
vt 0.50133 0.50118
vt 0.40117 0.38796
vt 0.40117 0.38796
vt 0.50133 0.50118
vt 0.47817 0.45548
vt 0.40117 0.38796
vt 0.47817 0.45548
vt 0.39975 0.37838
vt 0.47817 0.45548
vt 0.63459 0.61789
vt 0.65409 0.64596
vt 0.47817 0.45548
vt 0.65409 0.64596
vt 0.49410 0.49759
vt 0.49410 0.49759
vt 0.65409 0.64596
vt 0.61873 0.63209
vt 0.49410 0.49759
vt 0.61873 0.63209
vt 0.56632 0.58698
vt 0.49410 0.49759
vt 0.56632 0.58698
vt 0.51728 0.54332
vt 0.51728 0.54332
vt 0.56632 0.58698
vt 0.62784 0.65853
vt 0.51728 0.54332
vt 0.62784 0.65853
vt 0.64936 0.67535
vt 0.51728 0.54332
vt 0.64936 0.67535
vt 0.58136 0.58903
vt 0.51728 0.54332
vt 0.58136 0.58903
vt 0.50133 0.50118
vt 0.50133 0.50118
vt 0.58136 0.58903
vt 0.63868 0.62883
vt 0.50133 0.50118
vt 0.63868 0.62883
vt 0.59159 0.57474
vt 0.50133 0.50118
vt 0.59159 0.57474
vt 0.47817 0.45548
vt 0.47817 0.45548
vt 0.59159 0.57474
vt 0.63459 0.61789
vt 0.65409 0.64596
vt 0.66668 0.67148
vt 0.61873 0.63209
vt 0.56632 0.58698
vt 0.61873 0.63209
vt 0.62784 0.65853
vt 0.58136 0.58903
vt 0.64936 0.67535
vt 0.67113 0.68491
vt 0.58136 0.58903
vt 0.67113 0.68491
vt 0.63868 0.62883
vt 0.59159 0.57474
vt 0.63868 0.62883
vt 0.63459 0.61789
vt 0.63459 0.61789
vt 0.68741 0.68637
vt 0.65409 0.64596
vt 0.66668 0.67148
vt 0.65842 0.67622
vt 0.61873 0.63209
vt 0.61873 0.63209
vt 0.65842 0.67622
vt 0.65181 0.68031
vt 0.61873 0.63209
vt 0.65181 0.68031
vt 0.62784 0.65853
vt 0.62784 0.65853
vt 0.66568 0.71216
vt 0.65537 0.69043
vt 0.62784 0.65853
vt 0.65537 0.69043
vt 0.64936 0.67535
vt 0.67113 0.68491
vt 0.68396 0.68496
vt 0.63868 0.62883
vt 0.63868 0.62883
vt 0.68396 0.68496
vt 0.67278 0.66683
vt 0.63868 0.62883
vt 0.67278 0.66683
vt 0.68741 0.68637
vt 0.63868 0.62883
vt 0.68741 0.68637
vt 0.63459 0.61789
vt 0.68741 0.68637
vt 0.68350 0.68902
vt 0.65409 0.64596
vt 0.65409 0.64596
vt 0.68350 0.68902
vt 0.66668 0.67148
vt 0.65181 0.68031
vt 0.65872 0.70524
vt 0.62784 0.65853
vt 0.62784 0.65853
vt 0.65872 0.70524
vt 0.66568 0.71216
vt 0.65537 0.69043
vt 0.67098 0.70354
vt 0.64936 0.67535
vt 0.64936 0.67535
vt 0.67098 0.70354
vt 0.67113 0.68491
vt 0.67278 0.66683
vt 0.68396 0.68496
vt 0.68741 0.68637
vt 0.66668 0.67148
vt 0.67393 0.71888
vt 0.65842 0.67622
vt 0.65842 0.67622
vt 0.67393 0.71888
vt 0.65181 0.68031
vt 0.65181 0.68031
vt 0.67393 0.71888
vt 0.65872 0.70524
vt 0.65537 0.69043
vt 0.66568 0.71216
vt 0.67098 0.70354
vt 0.67113 0.68491
vt 0.69121 0.70872
vt 0.68396 0.68496
vt 0.68741 0.68637
vt 0.69402 0.72833
vt 0.68350 0.68902
vt 0.68350 0.68902
vt 0.69402 0.72833
vt 0.66668 0.67148
vt 0.66668 0.67148
vt 0.69402 0.72833
vt 0.67393 0.71888
vt 0.67393 0.71888
vt 0.67260 0.73691
vt 0.65872 0.70524
vt 0.66568 0.71216
vt 0.68940 0.74124
vt 0.67098 0.70354
vt 0.67098 0.70354
vt 0.68940 0.74124
vt 0.67113 0.68491
vt 0.67113 0.68491
vt 0.68940 0.74124
vt 0.70150 0.73052
vt 0.67113 0.68491
vt 0.70150 0.73052
vt 0.69121 0.70872
vt 0.69121 0.70872
vt 0.70150 0.73052
vt 0.68396 0.68496
vt 0.68396 0.68496
vt 0.70150 0.73052
vt 0.68741 0.68637
vt 0.68741 0.68637
vt 0.71194 0.75196
vt 0.69402 0.72833
vt 0.69402 0.72833
vt 0.68554 0.74141
vt 0.67393 0.71888
vt 0.67393 0.71888
vt 0.68554 0.74141
vt 0.67260 0.73691
vt 0.67260 0.73691
vt 0.67845 0.75544
vt 0.67964 0.75930
vt 0.67260 0.73691
vt 0.67964 0.75930
vt 0.65872 0.70524
vt 0.65872 0.70524
vt 0.67964 0.75930
vt 0.68405 0.75814
vt 0.65872 0.70524
vt 0.68405 0.75814
vt 0.66568 0.71216
vt 0.66568 0.71216
vt 0.68405 0.75814
vt 0.68940 0.74124
vt 0.68940 0.74124
vt 0.70519 0.74079
vt 0.70150 0.73052
vt 0.70150 0.73052
vt 0.70519 0.74079
vt 0.71194 0.75196
vt 0.70150 0.73052
vt 0.71194 0.75196
vt 0.68741 0.68637
vt 0.71194 0.75196
vt 0.70980 0.75984
vt 0.69402 0.72833
vt 0.69402 0.72833
vt 0.70980 0.75984
vt 0.69683 0.75929
vt 0.69402 0.72833
vt 0.69683 0.75929
vt 0.68554 0.74141
vt 0.68405 0.75814
vt 0.69245 0.76092
vt 0.68940 0.74124
vt 0.68940 0.74124
vt 0.69245 0.76092
vt 0.70114 0.75980
vt 0.68940 0.74124
vt 0.70114 0.75980
vt 0.70519 0.74079
vt 0.70519 0.74079
vt 0.71159 0.75158
vt 0.71194 0.75196
vt 0.68554 0.74141
vt 0.69683 0.75929
vt 0.68634 0.76682
vt 0.68554 0.74141
vt 0.68634 0.76682
vt 0.67260 0.73691
vt 0.67260 0.73691
vt 0.68634 0.76682
vt 0.67845 0.75544
vt 0.70114 0.75980
vt 0.71354 0.76358
vt 0.70519 0.74079
vt 0.70519 0.74079
vt 0.71354 0.76358
vt 0.71159 0.75158
vt 0.70980 0.75984
vt 0.70523 0.77359
vt 0.69683 0.75929
vt 0.71159 0.75158
vt 0.71354 0.76358
vt 0.71194 0.75196
vt 0.71194 0.75196
vt 0.71999 0.77853
vt 0.70980 0.75984
vt 0.70523 0.77359
vt 0.69777 0.77970
vt 0.69683 0.75929
vt 0.69683 0.75929
vt 0.69777 0.77970
vt 0.68883 0.78807
vt 0.69683 0.75929
vt 0.68883 0.78807
vt 0.68634 0.76682
vt 0.68634 0.76682
vt 0.68883 0.78807
vt 0.67845 0.75544
vt 0.67845 0.75544
vt 0.68883 0.78807
vt 0.68796 0.78517
vt 0.67845 0.75544
vt 0.68796 0.78517
vt 0.67964 0.75930
vt 0.67964 0.75930
vt 0.68796 0.78517
vt 0.69284 0.78127
vt 0.67964 0.75930
vt 0.69284 0.78127
vt 0.68405 0.75814
vt 0.68405 0.75814
vt 0.69284 0.78127
vt 0.69245 0.76092
vt 0.70114 0.75980
vt 0.71185 0.76840
vt 0.71354 0.76358
vt 0.71354 0.76358
vt 0.71999 0.77853
vt 0.71194 0.75196
vt 0.71999 0.77853
vt 0.72311 0.78943
vt 0.70980 0.75984
vt 0.70980 0.75984
vt 0.72311 0.78943
vt 0.70707 0.79497
vt 0.70980 0.75984
vt 0.70707 0.79497
vt 0.70523 0.77359
vt 0.70523 0.77359
vt 0.70707 0.79497
vt 0.69777 0.77970
vt 0.69777 0.77970
vt 0.70707 0.79497
vt 0.68883 0.78807
vt 0.69284 0.78127
vt 0.70012 0.77663
vt 0.69245 0.76092
vt 0.69245 0.76092
vt 0.70012 0.77663
vt 0.71094 0.77093
vt 0.69245 0.76092
vt 0.71094 0.77093
vt 0.70114 0.75980
vt 0.70114 0.75980
vt 0.71094 0.77093
vt 0.71185 0.76840
vt 0.71185 0.76840
vt 0.71897 0.77333
vt 0.71354 0.76358
vt 0.71354 0.76358
vt 0.71897 0.77333
vt 0.71999 0.77853
vt 0.70707 0.79497
vt 0.70807 0.79970
vt 0.68883 0.78807
vt 0.71185 0.76840
vt 0.71094 0.77093
vt 0.71897 0.77333
vt 0.72311 0.78943
vt 0.72998 0.79972
vt 0.70707 0.79497
vt 0.70707 0.79497
vt 0.72998 0.79972
vt 0.70807 0.79970
vt 0.70807 0.79970
vt 0.70604 0.79757
vt 0.68883 0.78807
vt 0.68883 0.78807
vt 0.70604 0.79757
vt 0.68796 0.78517
vt 0.70012 0.77663
vt 0.71707 0.77417
vt 0.71094 0.77093
vt 0.71094 0.77093
vt 0.72803 0.77717
vt 0.71897 0.77333
vt 0.71897 0.77333
vt 0.72803 0.77717
vt 0.71999 0.77853
vt 0.71999 0.77853
vt 0.73973 0.78260
vt 0.72311 0.78943
vt 0.70807 0.79970
vt 0.72998 0.79972
vt 0.72443 0.79846
vt 0.70807 0.79970
vt 0.72443 0.79846
vt 0.70604 0.79757
vt 0.70604 0.79757
vt 0.71787 0.78857
vt 0.68796 0.78517
vt 0.68796 0.78517
vt 0.71787 0.78857
vt 0.71614 0.78168
vt 0.68796 0.78517
vt 0.71614 0.78168
vt 0.69284 0.78127
vt 0.69284 0.78127
vt 0.71614 0.78168
vt 0.70012 0.77663
vt 0.71707 0.77417
vt 0.73174 0.77396
vt 0.71094 0.77093
vt 0.71094 0.77093
vt 0.73174 0.77396
vt 0.72803 0.77717
vt 0.72803 0.77717
vt 0.73973 0.78260
vt 0.71999 0.77853
vt 0.73973 0.78260
vt 0.74312 0.78895
vt 0.72311 0.78943
vt 0.72311 0.78943
vt 0.74312 0.78895
vt 0.74345 0.79421
vt 0.72311 0.78943
vt 0.74345 0.79421
vt 0.72998 0.79972
vt 0.70604 0.79757
vt 0.72443 0.79846
vt 0.71787 0.78857
vt 0.71614 0.78168
vt 0.72177 0.77440
vt 0.70012 0.77663
vt 0.70012 0.77663
vt 0.72177 0.77440
vt 0.71707 0.77417
vt 0.72803 0.77717
vt 0.73174 0.77396
vt 0.73973 0.78260
vt 0.74345 0.79421
vt 0.75057 0.79152
vt 0.72998 0.79972
vt 0.72998 0.79972
vt 0.75057 0.79152
vt 0.73566 0.79566
vt 0.72998 0.79972
vt 0.73566 0.79566
vt 0.72443 0.79846
vt 0.71707 0.77417
vt 0.73023 0.77209
vt 0.73174 0.77396
vt 0.73566 0.79566
vt 0.74759 0.78592
vt 0.72443 0.79846
vt 0.72443 0.79846
vt 0.74759 0.78592
vt 0.71787 0.78857
vt 0.72177 0.77440
vt 0.73126 0.76840
vt 0.71707 0.77417
vt 0.71707 0.77417
vt 0.73126 0.76840
vt 0.73023 0.77209
vt 0.73023 0.77209
vt 0.74201 0.77193
vt 0.73174 0.77396
vt 0.73174 0.77396
vt 0.74201 0.77193
vt 0.73973 0.78260
vt 0.73973 0.78260
vt 0.75399 0.77173
vt 0.74312 0.78895
vt 0.75057 0.79152
vt 0.74759 0.78592
vt 0.73566 0.79566
vt 0.74759 0.78592
vt 0.74547 0.76825
vt 0.71787 0.78857
vt 0.71787 0.78857
vt 0.74547 0.76825
vt 0.73624 0.77027
vt 0.71787 0.78857
vt 0.73624 0.77027
vt 0.71614 0.78168
vt 0.71614 0.78168
vt 0.73624 0.77027
vt 0.72177 0.77440
vt 0.73023 0.77209
vt 0.73126 0.76840
vt 0.74201 0.77193
vt 0.74201 0.77193
vt 0.75399 0.77173
vt 0.73973 0.78260
vt 0.75399 0.77173
vt 0.76816 0.76659
vt 0.74312 0.78895
vt 0.74312 0.78895
vt 0.76816 0.76659
vt 0.77536 0.76551
vt 0.74312 0.78895
vt 0.77536 0.76551
vt 0.74345 0.79421
vt 0.74345 0.79421
vt 0.77536 0.76551
vt 0.75057 0.79152
vt 0.74759 0.78592
vt 0.76290 0.75986
vt 0.74547 0.76825
vt 0.73624 0.77027
vt 0.74923 0.75045
vt 0.72177 0.77440
vt 0.72177 0.77440
vt 0.74923 0.75045
vt 0.74567 0.75320
vt 0.72177 0.77440
vt 0.74567 0.75320
vt 0.73126 0.76840
vt 0.77536 0.76551
vt 0.78162 0.75478
vt 0.75057 0.79152
vt 0.75057 0.79152
vt 0.78162 0.75478
vt 0.77579 0.75604
vt 0.75057 0.79152
vt 0.77579 0.75604
vt 0.74759 0.78592
vt 0.74759 0.78592
vt 0.77579 0.75604
vt 0.76290 0.75986
vt 0.73624 0.77027
vt 0.74547 0.76825
vt 0.74923 0.75045
vt 0.74567 0.75320
vt 0.74807 0.75269
vt 0.73126 0.76840
vt 0.73126 0.76840
vt 0.74807 0.75269
vt 0.74201 0.77193
vt 0.74807 0.75269
vt 0.75299 0.75082
vt 0.74201 0.77193
vt 0.74201 0.77193
vt 0.75299 0.75082
vt 0.75399 0.77173
vt 0.75399 0.77173
vt 0.76045 0.74888
vt 0.76816 0.76659
vt 0.78162 0.75478
vt 0.77850 0.73018
vt 0.77579 0.75604
vt 0.77579 0.75604
vt 0.77850 0.73018
vt 0.77384 0.72703
vt 0.77579 0.75604
vt 0.77384 0.72703
vt 0.76612 0.72634
vt 0.77579 0.75604
vt 0.76612 0.72634
vt 0.76290 0.75986
vt 0.76290 0.75986
vt 0.76612 0.72634
vt 0.75733 0.72770
vt 0.76290 0.75986
vt 0.75733 0.72770
vt 0.74547 0.76825
vt 0.74547 0.76825
vt 0.75733 0.72770
vt 0.74923 0.75045
vt 0.75299 0.75082
vt 0.76045 0.74888
vt 0.75399 0.77173
vt 0.76045 0.74888
vt 0.76335 0.73793
vt 0.76816 0.76659
vt 0.76816 0.76659
vt 0.76335 0.73793
vt 0.76728 0.73073
vt 0.76816 0.76659
vt 0.76728 0.73073
vt 0.77536 0.76551
vt 0.77536 0.76551
vt 0.76728 0.73073
vt 0.78162 0.75478
vt 0.75733 0.72770
vt 0.74226 0.72119
vt 0.74923 0.75045
vt 0.74923 0.75045
vt 0.74226 0.72119
vt 0.74083 0.72988
vt 0.74923 0.75045
vt 0.74083 0.72988
vt 0.74567 0.75320
vt 0.74567 0.75320
vt 0.74083 0.72988
vt 0.74807 0.75269
vt 0.76728 0.73073
vt 0.76573 0.72178
vt 0.78162 0.75478
vt 0.78162 0.75478
vt 0.76573 0.72178
vt 0.77850 0.73018
vt 0.74083 0.72988
vt 0.73874 0.73356
vt 0.74807 0.75269
vt 0.74807 0.75269
vt 0.73874 0.73356
vt 0.75299 0.75082
vt 0.73874 0.73356
vt 0.73735 0.73351
vt 0.75299 0.75082
vt 0.75299 0.75082
vt 0.73735 0.73351
vt 0.76045 0.74888
vt 0.76045 0.74888
vt 0.73860 0.73079
vt 0.76335 0.73793
vt 0.76573 0.72178
vt 0.74908 0.70689
vt 0.77850 0.73018
vt 0.77850 0.73018
vt 0.74908 0.70689
vt 0.74398 0.70365
vt 0.77850 0.73018
vt 0.74398 0.70365
vt 0.77384 0.72703
vt 0.77384 0.72703
vt 0.74398 0.70365
vt 0.74422 0.70696
vt 0.77384 0.72703
vt 0.74422 0.70696
vt 0.76612 0.72634
vt 0.76612 0.72634
vt 0.74422 0.70696
vt 0.73882 0.71106
vt 0.76612 0.72634
vt 0.73882 0.71106
vt 0.75733 0.72770
vt 0.75733 0.72770
vt 0.73882 0.71106
vt 0.74226 0.72119
vt 0.73735 0.73351
vt 0.73860 0.73079
vt 0.76045 0.74888
vt 0.73860 0.73079
vt 0.73486 0.72243
vt 0.76335 0.73793
vt 0.76335 0.73793
vt 0.73486 0.72243
vt 0.73646 0.71557
vt 0.76335 0.73793
vt 0.73646 0.71557
vt 0.76728 0.73073
vt 0.76728 0.73073
vt 0.73646 0.71557
vt 0.76573 0.72178
vt 0.73882 0.71106
vt 0.72591 0.71361
vt 0.74226 0.72119
vt 0.74226 0.72119
vt 0.72591 0.71361
vt 0.72265 0.71991
vt 0.74226 0.72119
vt 0.72265 0.71991
vt 0.74083 0.72988
vt 0.74083 0.72988
vt 0.72265 0.71991
vt 0.73874 0.73356
vt 0.73646 0.71557
vt 0.72046 0.70342
vt 0.76573 0.72178
vt 0.76573 0.72178
vt 0.72046 0.70342
vt 0.74908 0.70689
vt 0.72265 0.71991
vt 0.71238 0.72234
vt 0.73874 0.73356
vt 0.73874 0.73356
vt 0.71238 0.72234
vt 0.73735 0.73351
vt 0.71238 0.72234
vt 0.70153 0.72271
vt 0.73735 0.73351
vt 0.73735 0.73351
vt 0.70153 0.72271
vt 0.73860 0.73079
vt 0.73860 0.73079
vt 0.68977 0.72072
vt 0.73486 0.72243
vt 0.72046 0.70342
vt 0.68836 0.69578
vt 0.74908 0.70689
vt 0.74908 0.70689
vt 0.68836 0.69578
vt 0.68888 0.69412
vt 0.74908 0.70689
vt 0.68888 0.69412
vt 0.74398 0.70365
vt 0.74398 0.70365
vt 0.68888 0.69412
vt 0.68950 0.69635
vt 0.74398 0.70365
vt 0.68950 0.69635
vt 0.74422 0.70696
vt 0.74422 0.70696
vt 0.68950 0.69635
vt 0.69349 0.70173
vt 0.74422 0.70696
vt 0.69349 0.70173
vt 0.73882 0.71106
vt 0.73882 0.71106
vt 0.69349 0.70173
vt 0.72591 0.71361
vt 0.70153 0.72271
vt 0.68977 0.72072
vt 0.73860 0.73079
vt 0.68977 0.72072
vt 0.67990 0.71655
vt 0.73486 0.72243
vt 0.73486 0.72243
vt 0.67990 0.71655
vt 0.67717 0.70991
vt 0.73486 0.72243
vt 0.67717 0.70991
vt 0.73646 0.71557
vt 0.73646 0.71557
vt 0.67717 0.70991
vt 0.72046 0.70342
vt 0.69349 0.70173
vt 0.68598 0.70993
vt 0.72591 0.71361
vt 0.72591 0.71361
vt 0.68598 0.70993
vt 0.68782 0.71687
vt 0.72591 0.71361
vt 0.68782 0.71687
vt 0.72265 0.71991
vt 0.72265 0.71991
vt 0.68782 0.71687
vt 0.71238 0.72234
vt 0.67717 0.70991
vt 0.66488 0.70606
vt 0.72046 0.70342
vt 0.72046 0.70342
vt 0.66488 0.70606
vt 0.68836 0.69578
vt 0.68782 0.71687
vt 0.68334 0.72310
vt 0.71238 0.72234
vt 0.71238 0.72234
vt 0.68334 0.72310
vt 0.70153 0.72271
vt 0.68334 0.72310
vt 0.67720 0.72700
vt 0.70153 0.72271
vt 0.70153 0.72271
vt 0.67720 0.72700
vt 0.68977 0.72072
vt 0.68977 0.72072
vt 0.66824 0.72898
vt 0.67990 0.71655
vt 0.66488 0.70606
vt 0.64740 0.71150
vt 0.68836 0.69578
vt 0.68836 0.69578
vt 0.64740 0.71150
vt 0.65049 0.70899
vt 0.68836 0.69578
vt 0.65049 0.70899
vt 0.68888 0.69412
vt 0.68888 0.69412
vt 0.65049 0.70899
vt 0.65664 0.70938
vt 0.68888 0.69412
vt 0.65664 0.70938
vt 0.68950 0.69635
vt 0.68950 0.69635
vt 0.65664 0.70938
vt 0.66422 0.71238
vt 0.68950 0.69635
vt 0.66422 0.71238
vt 0.69349 0.70173
vt 0.69349 0.70173
vt 0.66422 0.71238
vt 0.68598 0.70993
vt 0.67720 0.72700
vt 0.66824 0.72898
vt 0.68977 0.72072
vt 0.66824 0.72898
vt 0.65746 0.73001
vt 0.67990 0.71655
vt 0.67990 0.71655
vt 0.65746 0.73001
vt 0.64942 0.72687
vt 0.67990 0.71655
vt 0.64942 0.72687
vt 0.67717 0.70991
vt 0.67717 0.70991
vt 0.64942 0.72687
vt 0.66488 0.70606
vt 0.66422 0.71238
vt 0.66896 0.72016
vt 0.68598 0.70993
vt 0.68598 0.70993
vt 0.66896 0.72016
vt 0.67460 0.72447
vt 0.68598 0.70993
vt 0.67460 0.72447
vt 0.68782 0.71687
vt 0.68782 0.71687
vt 0.67460 0.72447
vt 0.68334 0.72310
vt 0.64942 0.72687
vt 0.64190 0.72792
vt 0.66488 0.70606
vt 0.66488 0.70606
vt 0.64190 0.72792
vt 0.64740 0.71150
vt 0.67460 0.72447
vt 0.67568 0.72938
vt 0.68334 0.72310
vt 0.68334 0.72310
vt 0.67568 0.72938
vt 0.67720 0.72700
vt 0.67568 0.72938
vt 0.67259 0.73324
vt 0.67720 0.72700
vt 0.67720 0.72700
vt 0.67259 0.73324
vt 0.66824 0.72898
vt 0.66824 0.72898
vt 0.66586 0.73769
vt 0.65746 0.73001
vt 0.64190 0.72792
vt 0.64181 0.73707
vt 0.64740 0.71150
vt 0.64740 0.71150
vt 0.64181 0.73707
vt 0.64464 0.73314
vt 0.64740 0.71150
vt 0.64464 0.73314
vt 0.65049 0.70899
vt 0.65049 0.70899
vt 0.64464 0.73314
vt 0.65128 0.72948
vt 0.65049 0.70899
vt 0.65128 0.72948
vt 0.65664 0.70938
vt 0.65664 0.70938
vt 0.65128 0.72948
vt 0.66011 0.72805
vt 0.65664 0.70938
vt 0.66011 0.72805
vt 0.66422 0.71238
vt 0.66422 0.71238
vt 0.66011 0.72805
vt 0.66896 0.72016
vt 0.67259 0.73324
vt 0.66586 0.73769
vt 0.66824 0.72898
vt 0.66586 0.73769
vt 0.66089 0.74877
vt 0.65746 0.73001
vt 0.65746 0.73001
vt 0.66089 0.74877
vt 0.65480 0.75270
vt 0.65746 0.73001
vt 0.65480 0.75270
vt 0.64942 0.72687
vt 0.64942 0.72687
vt 0.65480 0.75270
vt 0.64190 0.72792
vt 0.66011 0.72805
vt 0.67326 0.73808
vt 0.66896 0.72016
vt 0.66896 0.72016
vt 0.67326 0.73808
vt 0.67773 0.73689
vt 0.66896 0.72016
vt 0.67773 0.73689
vt 0.67460 0.72447
vt 0.67460 0.72447
vt 0.67773 0.73689
vt 0.67568 0.72938
vt 0.65480 0.75270
vt 0.65470 0.75982
vt 0.64190 0.72792
vt 0.64190 0.72792
vt 0.65470 0.75982
vt 0.64181 0.73707
vt 0.67773 0.73689
vt 0.68217 0.74375
vt 0.67568 0.72938
vt 0.67568 0.72938
vt 0.68217 0.74375
vt 0.67259 0.73324
vt 0.68217 0.74375
vt 0.68340 0.75187
vt 0.67259 0.73324
vt 0.67259 0.73324
vt 0.68340 0.75187
vt 0.66586 0.73769
vt 0.66586 0.73769
vt 0.68443 0.76243
vt 0.66089 0.74877
vt 0.65470 0.75982
vt 0.66791 0.77116
vt 0.64181 0.73707
vt 0.64181 0.73707
vt 0.66791 0.77116
vt 0.66809 0.76554
vt 0.64181 0.73707
vt 0.66809 0.76554
vt 0.64464 0.73314
vt 0.64464 0.73314
vt 0.66809 0.76554
vt 0.67322 0.76004
vt 0.64464 0.73314
vt 0.67322 0.76004
vt 0.65128 0.72948
vt 0.65128 0.72948
vt 0.67322 0.76004
vt 0.68003 0.75449
vt 0.65128 0.72948
vt 0.68003 0.75449
vt 0.66011 0.72805
vt 0.66011 0.72805
vt 0.68003 0.75449
vt 0.67326 0.73808
vt 0.68340 0.75187
vt 0.68443 0.76243
vt 0.66586 0.73769
vt 0.68443 0.76243
vt 0.68454 0.77081
vt 0.66089 0.74877
vt 0.66089 0.74877
vt 0.68454 0.77081
vt 0.68010 0.77530
vt 0.66089 0.74877
vt 0.68010 0.77530
vt 0.65480 0.75270
vt 0.65480 0.75270
vt 0.68010 0.77530
vt 0.65470 0.75982
vt 0.68003 0.75449
vt 0.68615 0.75057
vt 0.67326 0.73808
vt 0.67326 0.73808
vt 0.68615 0.75057
vt 0.68987 0.74934
vt 0.67326 0.73808
vt 0.68987 0.74934
vt 0.67773 0.73689
vt 0.67773 0.73689
vt 0.68987 0.74934
vt 0.68217 0.74375
vt 0.68010 0.77530
vt 0.68039 0.77691
vt 0.65470 0.75982
vt 0.65470 0.75982
vt 0.68039 0.77691
vt 0.66791 0.77116
vt 0.68987 0.74934
vt 0.69298 0.75173
vt 0.68217 0.74375
vt 0.68217 0.74375
vt 0.69298 0.75173
vt 0.68340 0.75187
vt 0.69298 0.75173
vt 0.70370 0.75671
vt 0.68340 0.75187
vt 0.68340 0.75187
vt 0.70370 0.75671
vt 0.68443 0.76243
vt 0.68443 0.76243
vt 0.72201 0.76486
vt 0.68454 0.77081
vt 0.68039 0.77691
vt 0.71891 0.77592
vt 0.66791 0.77116
vt 0.66791 0.77116
vt 0.71891 0.77592
vt 0.71330 0.76939
vt 0.66791 0.77116
vt 0.71330 0.76939
vt 0.66809 0.76554
vt 0.66809 0.76554
vt 0.71330 0.76939
vt 0.71843 0.76266
vt 0.66809 0.76554
vt 0.71843 0.76266
vt 0.67322 0.76004
vt 0.67322 0.76004
vt 0.71843 0.76266
vt 0.72284 0.75590
vt 0.67322 0.76004
vt 0.72284 0.75590
vt 0.68003 0.75449
vt 0.68003 0.75449
vt 0.72284 0.75590
vt 0.68615 0.75057
vt 0.70370 0.75671
vt 0.72201 0.76486
vt 0.68443 0.76243
vt 0.72201 0.76486
vt 0.72474 0.77264
vt 0.68454 0.77081
vt 0.68454 0.77081
vt 0.72474 0.77264
vt 0.72219 0.77699
vt 0.68454 0.77081
vt 0.72219 0.77699
vt 0.68010 0.77530
vt 0.68010 0.77530
vt 0.72219 0.77699
vt 0.68039 0.77691
vt 0.72284 0.75590
vt 0.73242 0.75265
vt 0.68615 0.75057
vt 0.68615 0.75057
vt 0.73242 0.75265
vt 0.73324 0.75113
vt 0.68615 0.75057
vt 0.73324 0.75113
vt 0.68987 0.74934
vt 0.68987 0.74934
vt 0.73324 0.75113
vt 0.69298 0.75173
vt 0.72219 0.77699
vt 0.72576 0.78033
vt 0.68039 0.77691
vt 0.68039 0.77691
vt 0.72576 0.78033
vt 0.71891 0.77592
vt 0.73324 0.75113
vt 0.73920 0.75613
vt 0.69298 0.75173
vt 0.69298 0.75173
vt 0.73920 0.75613
vt 0.70370 0.75671
vt 0.73920 0.75613
vt 0.74920 0.76834
vt 0.70370 0.75671
vt 0.70370 0.75671
vt 0.74920 0.76834
vt 0.72201 0.76486
vt 0.72201 0.76486
vt 0.75928 0.78511
vt 0.72474 0.77264
vt 0.72576 0.78033
vt 0.75577 0.79746
vt 0.71891 0.77592
vt 0.71891 0.77592
vt 0.75577 0.79746
vt 0.75912 0.79274
vt 0.71891 0.77592
vt 0.75912 0.79274
vt 0.71330 0.76939
vt 0.71330 0.76939
vt 0.75912 0.79274
vt 0.76483 0.78711
vt 0.71330 0.76939
vt 0.76483 0.78711
vt 0.71843 0.76266
vt 0.71843 0.76266
vt 0.76483 0.78711
vt 0.77090 0.78207
vt 0.71843 0.76266
vt 0.77090 0.78207
vt 0.72284 0.75590
vt 0.72284 0.75590
vt 0.77090 0.78207
vt 0.73242 0.75265
vt 0.74920 0.76834
vt 0.75928 0.78511
vt 0.72201 0.76486
vt 0.75928 0.78511
vt 0.77756 0.80939
vt 0.72474 0.77264
vt 0.72474 0.77264
vt 0.77756 0.80939
vt 0.77536 0.81430
vt 0.72474 0.77264
vt 0.77536 0.81430
vt 0.72219 0.77699
vt 0.72219 0.77699
vt 0.77536 0.81430
vt 0.72576 0.78033
vt 0.77090 0.78207
vt 0.80000 0.79869
vt 0.73242 0.75265
vt 0.73242 0.75265
vt 0.80000 0.79869
vt 0.80096 0.79747
vt 0.73242 0.75265
vt 0.80096 0.79747
vt 0.73324 0.75113
vt 0.73324 0.75113
vt 0.80096 0.79747
vt 0.73920 0.75613
vt 0.77536 0.81430
vt 0.79231 0.83182
vt 0.72576 0.78033
vt 0.72576 0.78033
vt 0.79231 0.83182
vt 0.75577 0.79746
vt 0.80096 0.79747
vt 0.81350 0.81244
vt 0.73920 0.75613
vt 0.73920 0.75613
vt 0.81350 0.81244
vt 0.74920 0.76834
vt 0.81350 0.81244
vt 0.81264 0.82110
vt 0.74920 0.76834
vt 0.74920 0.76834
vt 0.81264 0.82110
vt 0.75928 0.78511
vt 0.75928 0.78511
vt 0.86735 0.88593
vt 0.77756 0.80939
vt 0.79231 0.83182
vt 0.86694 0.90805
vt 0.75577 0.79746
vt 0.75577 0.79746
vt 0.86694 0.90805
vt 0.87369 0.90656
vt 0.75577 0.79746
vt 0.87369 0.90656
vt 0.75912 0.79274
vt 0.75912 0.79274
vt 0.87369 0.90656
vt 0.87350 0.89491
vt 0.75912 0.79274
vt 0.87350 0.89491
vt 0.76483 0.78711
vt 0.76483 0.78711
vt 0.87350 0.89491
vt 0.86644 0.87606
vt 0.76483 0.78711
vt 0.86644 0.87606
vt 0.77090 0.78207
vt 0.77090 0.78207
vt 0.86644 0.87606
vt 0.80000 0.79869
vt 0.81264 0.82110
vt 0.86735 0.88593
vt 0.75928 0.78511
vt 0.86735 0.88593
vt 0.88929 0.93626
vt 0.77756 0.80939
vt 0.77756 0.80939
vt 0.88929 0.93626
vt 0.84398 0.88694
vt 0.77756 0.80939
vt 0.84398 0.88694
vt 0.77536 0.81430
vt 0.77536 0.81430
vt 0.84398 0.88694
vt 0.79231 0.83182
vt 0.86644 0.87606
vt 0.92039 0.92823
vt 0.80000 0.79869
vt 0.80000 0.79869
vt 0.92039 0.92823
vt 0.90409 0.90828
vt 0.80000 0.79869
vt 0.90409 0.90828
vt 0.80096 0.79747
vt 0.80096 0.79747
vt 0.90409 0.90828
vt 0.81350 0.81244
vt 0.81350 0.81244
vt 0.86735 0.88593
vt 0.81264 0.82110
vt 0.86735 0.88593
vt 0.90115 0.93917
vt 0.88929 0.93626
vt 0.84398 0.88694
vt 0.87032 0.91828
vt 0.79231 0.83182
vt 0.79231 0.83182
vt 0.87032 0.91828
vt 0.86694 0.90805
vt 0.90409 0.90828
vt 0.91565 0.92599
vt 0.81350 0.81244
vt 0.81350 0.81244
vt 0.91565 0.92599
vt 0.86735 0.88593
vt 0.84398 0.88694
vt 0.88929 0.93626
vt 0.87032 0.91828
vt 0.91565 0.92599
vt 0.94284 0.96052
vt 0.86735 0.88593
vt 0.86735 0.88593
vt 0.94284 0.96052
vt 0.90115 0.93917
vt 0.88929 0.93626
vt 0.91702 0.96594
vt 0.87032 0.91828
vt 0.87032 0.91828
vt 0.91702 0.96594
vt 0.86694 0.90805
vt 0.86694 0.90805
vt 0.91702 0.96594
vt 0.94104 0.97662
vt 0.86694 0.90805
vt 0.94104 0.97662
vt 0.87369 0.90656
vt 0.87369 0.90656
vt 0.94104 0.97662
vt 0.94682 0.97112
vt 0.87369 0.90656
vt 0.94682 0.97112
vt 0.87350 0.89491
vt 0.87350 0.89491
vt 0.94682 0.97112
vt 0.95218 0.96586
vt 0.87350 0.89491
vt 0.95218 0.96586
vt 0.86644 0.87606
vt 0.86644 0.87606
vt 0.95218 0.96586
vt 0.92039 0.92823
vt 0.94284 0.96052
vt 0.94403 0.97128
vt 0.90115 0.93917
vt 0.94403 0.97128
vt 0.94664 0.98326
vt 0.90115 0.93917
vt 0.90115 0.93917
vt 0.94664 0.98326
vt 0.94133 0.98574
vt 0.90115 0.93917
vt 0.94133 0.98574
vt 0.88929 0.93626
vt 0.88929 0.93626
vt 0.94133 0.98574
vt 0.91702 0.96594
vt 0.95218 0.96586
vt 0.96055 0.96575
vt 0.92039 0.92823
vt 0.92039 0.92823
vt 0.96055 0.96575
vt 0.96169 0.96454
vt 0.92039 0.92823
vt 0.96169 0.96454
vt 0.90409 0.90828
vt 0.90409 0.90828
vt 0.96169 0.96454
vt 0.91565 0.92599
vt 0.94133 0.98574
vt 0.94485 0.98976
vt 0.91702 0.96594
vt 0.91702 0.96594
vt 0.94485 0.98976
vt 0.94681 0.98788
vt 0.91702 0.96594
vt 0.94681 0.98788
vt 0.94104 0.97662
vt 0.96169 0.96454
vt 0.96980 0.97294
vt 0.91565 0.92599
vt 0.91565 0.92599
vt 0.96980 0.97294
vt 0.94284 0.96052
vt 0.96980 0.97294
vt 0.97320 0.98105
vt 0.94284 0.96052
vt 0.94284 0.96052
vt 0.97320 0.98105
vt 0.94403 0.97128
vt 0.94403 0.97128
vt 0.97474 0.99069
vt 0.94664 0.98326
vt 0.94681 0.98788
vt 0.95209 0.98386
vt 0.94104 0.97662
vt 0.94104 0.97662
vt 0.95209 0.98386
vt 0.95569 0.97720
vt 0.94104 0.97662
vt 0.95569 0.97720
vt 0.94682 0.97112
vt 0.94682 0.97112
vt 0.95569 0.97720
vt 0.96184 0.97235
vt 0.94682 0.97112
vt 0.96184 0.97235
vt 0.95218 0.96586
vt 0.95218 0.96586
vt 0.96184 0.97235
vt 0.96055 0.96575
vt 0.97320 0.98105
vt 0.97474 0.99069
vt 0.94403 0.97128
vt 0.97474 0.99069
vt 0.97437 0.99866
vt 0.94664 0.98326
vt 0.94664 0.98326
vt 0.97437 0.99866
vt 0.96665 0.99982
vt 0.94664 0.98326
vt 0.96665 0.99982
vt 0.94133 0.98574
vt 0.94133 0.98574
vt 0.96665 0.99982
vt 0.94485 0.98976
vt 0.96184 0.97235
vt 0.97189 0.97207
vt 0.96055 0.96575
vt 0.96055 0.96575
vt 0.97189 0.97207
vt 0.97926 0.97434
vt 0.96055 0.96575
vt 0.97926 0.97434
vt 0.96169 0.96454
vt 0.96169 0.96454
vt 0.97926 0.97434
vt 0.96980 0.97294
vt 0.96665 0.99982
vt 0.96770 1.00000
vt 0.94485 0.98976
vt 0.94485 0.98976
vt 0.96770 1.00000
vt 0.96113 0.99396
vt 0.94485 0.98976
vt 0.96113 0.99396
vt 0.94681 0.98788
vt 0.94681 0.98788
vt 0.96113 0.99396
vt 0.95209 0.98386
vt 0.97926 0.97434
vt 0.99113 0.98223
vt 0.96980 0.97294
vt 0.96980 0.97294
vt 0.99113 0.98223
vt 0.97320 0.98105
vt 0.99113 0.98223
vt 0.98948 0.98780
vt 0.97320 0.98105
vt 0.97320 0.98105
vt 0.98948 0.98780
vt 0.97474 0.99069
vt 0.97474 0.99069
vt 0.98771 0.99484
vt 0.97437 0.99866
vt 0.96113 0.99396
vt 0.96466 0.98189
vt 0.95209 0.98386
vt 0.95209 0.98386
vt 0.96466 0.98189
vt 0.96365 0.97567
vt 0.95209 0.98386
vt 0.96365 0.97567
vt 0.95569 0.97720
vt 0.95569 0.97720
vt 0.96365 0.97567
vt 0.96184 0.97235
vt 0.96184 0.97235
vt 0.96365 0.97567
vt 0.97189 0.97207
vt 0.98948 0.98780
vt 0.98771 0.99484
vt 0.97474 0.99069
vt 0.98771 0.99484
vt 1.00000 0.99069
vt 0.97437 0.99866
vt 0.97437 0.99866
vt 1.00000 0.99069
vt 0.98288 0.99675
vt 0.97437 0.99866
vt 0.98288 0.99675
vt 0.96665 0.99982
vt 0.96665 0.99982
vt 0.98288 0.99675
vt 0.96770 1.00000
vt 0.96365 0.97567
vt 0.96466 0.98189
vt 0.97974 0.96938
vt 0.96365 0.97567
vt 0.97974 0.96938
vt 0.97189 0.97207
vt 0.97189 0.97207
vt 0.97974 0.96938
vt 0.99343 0.96963
vt 0.97189 0.97207
vt 0.99343 0.96963
vt 0.97926 0.97434
vt 0.97926 0.97434
vt 0.99343 0.96963
vt 0.99113 0.98223
vt 0.99113 0.98223
vt 1.00000 0.99069
vt 0.98948 0.98780
vt 0.98948 0.98780
vt 1.00000 0.99069
vt 0.98771 0.99484
vt 1.00000 0.99069
vt 0.99683 0.98012
vt 0.98651 0.98994
vt 1.00000 0.99069
vt 0.98651 0.98994
vt 0.98288 0.99675
vt 0.98288 0.99675
vt 0.97320 0.98693
vt 0.96770 1.00000
vt 0.96770 1.00000
vt 0.97320 0.98693
vt 0.96724 0.98269
vt 0.96770 1.00000
vt 0.96724 0.98269
vt 0.96113 0.99396
vt 0.96113 0.99396
vt 0.96724 0.98269
vt 0.96577 0.97758
vt 0.96113 0.99396
vt 0.96577 0.97758
vt 0.96466 0.98189
vt 0.96466 0.98189
vt 0.96577 0.97758
vt 0.96872 0.97205
vt 0.96466 0.98189
vt 0.96872 0.97205
vt 0.97974 0.96938
vt 0.99343 0.96963
vt 0.99765 0.96934
vt 0.99113 0.98223
vt 0.99113 0.98223
vt 0.99765 0.96934
vt 1.00000 0.99069
vt 0.98288 0.99675
vt 0.98651 0.98994
vt 0.97320 0.98693
vt 0.96872 0.97205
vt 0.97458 0.96656
vt 0.97974 0.96938
vt 0.97974 0.96938
vt 0.97458 0.96656
vt 0.98262 0.96407
vt 0.97974 0.96938
vt 0.98262 0.96407
vt 0.99343 0.96963
vt 0.99765 0.96934
vt 0.99885 0.97440
vt 1.00000 0.99069
vt 1.00000 0.99069
vt 0.99885 0.97440
vt 0.99683 0.98012
vt 0.99683 0.98012
vt 0.98128 0.97271
vt 0.98651 0.98994
vt 0.98128 0.97271
vt 0.96688 0.96745
vt 0.98651 0.98994
vt 0.98651 0.98994
vt 0.96688 0.96745
vt 0.97320 0.98693
vt 0.98262 0.96407
vt 0.98390 0.95489
vt 0.99343 0.96963
vt 0.99343 0.96963
vt 0.98390 0.95489
vt 0.99765 0.96934
vt 0.99765 0.96934
vt 0.98960 0.96109
vt 0.99885 0.97440
vt 0.99885 0.97440
vt 0.98960 0.96109
vt 0.99683 0.98012
vt 0.99683 0.98012
vt 0.97381 0.95081
vt 0.98128 0.97271
vt 0.96688 0.96745
vt 0.95595 0.96387
vt 0.97320 0.98693
vt 0.97320 0.98693
vt 0.95595 0.96387
vt 0.95571 0.96746
vt 0.97320 0.98693
vt 0.95571 0.96746
vt 0.96724 0.98269
vt 0.96724 0.98269
vt 0.95571 0.96746
vt 0.95614 0.96361
vt 0.96724 0.98269
vt 0.95614 0.96361
vt 0.96577 0.97758
vt 0.96577 0.97758
vt 0.95614 0.96361
vt 0.96110 0.96243
vt 0.96577 0.97758
vt 0.96110 0.96243
vt 0.96872 0.97205
vt 0.96872 0.97205
vt 0.96110 0.96243
vt 0.97458 0.96656
vt 0.98390 0.95489
vt 0.96875 0.93363
vt 0.99765 0.96934
vt 0.99765 0.96934
vt 0.96875 0.93363
vt 0.98960 0.96109
vt 0.98960 0.96109
vt 0.97381 0.95081
vt 0.99683 0.98012
vt 0.96110 0.96243
vt 0.95899 0.94768
vt 0.97458 0.96656
vt 0.97458 0.96656
vt 0.95899 0.94768
vt 0.96649 0.94426
vt 0.97458 0.96656
vt 0.96649 0.94426
vt 0.98262 0.96407
vt 0.98262 0.96407
vt 0.96649 0.94426
vt 0.98390 0.95489
vt 0.98960 0.96109
vt 0.96875 0.93363
vt 0.97381 0.95081
vt 0.97381 0.95081
vt 0.91886 0.89707
vt 0.98128 0.97271
vt 0.98128 0.97271
vt 0.91886 0.89707
vt 0.96688 0.96745
vt 0.96110 0.96243
vt 0.95614 0.96361
vt 0.95899 0.94768
vt 0.98390 0.95489
vt 0.89068 0.84904
vt 0.96875 0.93363
vt 0.91886 0.89707
vt 0.83796 0.83252
vt 0.96688 0.96745
vt 0.96688 0.96745
vt 0.83796 0.83252
vt 0.88885 0.89336
vt 0.96688 0.96745
vt 0.88885 0.89336
vt 0.95595 0.96387
vt 0.95595 0.96387
vt 0.88885 0.89336
vt 0.95571 0.96746
vt 0.95571 0.96746
vt 0.88885 0.89336
vt 0.84347 0.84563
vt 0.95571 0.96746
vt 0.84347 0.84563
vt 0.86019 0.84977
vt 0.95571 0.96746
vt 0.86019 0.84977
vt 0.95614 0.96361
vt 0.95614 0.96361
vt 0.86019 0.84977
vt 0.95899 0.94768
vt 0.95899 0.94768
vt 0.86019 0.84977
vt 0.86570 0.83465
vt 0.95899 0.94768
vt 0.86570 0.83465
vt 0.96649 0.94426
vt 0.96649 0.94426
vt 0.86570 0.83465
vt 0.89068 0.84904
vt 0.96649 0.94426
vt 0.89068 0.84904
vt 0.98390 0.95489
vt 0.89068 0.84904
vt 0.89725 0.85915
vt 0.96875 0.93363
vt 0.96875 0.93363
vt 0.89725 0.85915
vt 0.91886 0.89707
vt 0.96875 0.93363
vt 0.91886 0.89707
vt 0.97381 0.95081
vt 0.91886 0.89707
vt 0.84397 0.80883
vt 0.82604 0.80680
vt 0.91886 0.89707
vt 0.82604 0.80680
vt 0.83796 0.83252
vt 0.88885 0.89336
vt 0.83796 0.83252
vt 0.84347 0.84563
vt 0.86019 0.84977
vt 0.83308 0.81034
vt 0.86570 0.83465
vt 0.89068 0.84904
vt 0.85540 0.81360
vt 0.84397 0.80883
vt 0.89068 0.84904
vt 0.84397 0.80883
vt 0.89725 0.85915
vt 0.89725 0.85915
vt 0.84397 0.80883
vt 0.91886 0.89707
vt 0.82604 0.80680
vt 0.81133 0.80457
vt 0.83796 0.83252
vt 0.84347 0.84563
vt 0.81548 0.81743
vt 0.86019 0.84977
vt 0.86570 0.83465
vt 0.83308 0.81034
vt 0.84148 0.80110
vt 0.86570 0.83465
vt 0.84148 0.80110
vt 0.89068 0.84904
vt 0.89068 0.84904
vt 0.84148 0.80110
vt 0.85540 0.81360
vt 0.85540 0.81360
vt 0.83164 0.79462
vt 0.84397 0.80883
vt 0.81133 0.80457
vt 0.79402 0.79847
vt 0.83796 0.83252
vt 0.83796 0.83252
vt 0.79402 0.79847
vt 0.78813 0.79765
vt 0.83796 0.83252
vt 0.78813 0.79765
vt 0.84347 0.84563
vt 0.84347 0.84563
vt 0.78813 0.79765
vt 0.81548 0.81743
vt 0.81548 0.81743
vt 0.80223 0.79927
vt 0.86019 0.84977
vt 0.86019 0.84977
vt 0.80223 0.79927
vt 0.80573 0.79226
vt 0.86019 0.84977
vt 0.80573 0.79226
vt 0.83308 0.81034
vt 0.85540 0.81360
vt 0.84148 0.80110
vt 0.83164 0.79462
vt 0.84397 0.80883
vt 0.78211 0.76543
vt 0.82604 0.80680
vt 0.81548 0.81743
vt 0.78813 0.79765
vt 0.80223 0.79927
vt 0.80573 0.79226
vt 0.79788 0.77643
vt 0.83308 0.81034
vt 0.83308 0.81034
vt 0.79788 0.77643
vt 0.79529 0.76751
vt 0.83308 0.81034
vt 0.79529 0.76751
vt 0.84148 0.80110
vt 0.83164 0.79462
vt 0.78211 0.76543
vt 0.84397 0.80883
vt 0.78211 0.76543
vt 0.75093 0.75509
vt 0.82604 0.80680
vt 0.82604 0.80680
vt 0.75093 0.75509
vt 0.81133 0.80457
vt 0.79402 0.79847
vt 0.73871 0.76497
vt 0.78813 0.79765
vt 0.79529 0.76751
vt 0.75671 0.74066
vt 0.84148 0.80110
vt 0.84148 0.80110
vt 0.75671 0.74066
vt 0.78251 0.75914
vt 0.84148 0.80110
vt 0.78251 0.75914
vt 0.83164 0.79462
vt 0.83164 0.79462
vt 0.78251 0.75914
vt 0.78211 0.76543
vt 0.75093 0.75509
vt 0.72850 0.75168
vt 0.81133 0.80457
vt 0.81133 0.80457
vt 0.72850 0.75168
vt 0.79402 0.79847
vt 0.73871 0.76497
vt 0.72583 0.75678
vt 0.78813 0.79765
vt 0.78813 0.79765
vt 0.72583 0.75678
vt 0.80223 0.79927
vt 0.72850 0.75168
vt 0.72281 0.75617
vt 0.79402 0.79847
vt 0.79402 0.79847
vt 0.72281 0.75617
vt 0.73871 0.76497
vt 0.72583 0.75678
vt 0.72240 0.75014
vt 0.80223 0.79927
vt 0.80223 0.79927
vt 0.72240 0.75014
vt 0.72380 0.74302
vt 0.80223 0.79927
vt 0.72380 0.74302
vt 0.80573 0.79226
vt 0.80573 0.79226
vt 0.72380 0.74302
vt 0.79788 0.77643
vt 0.75671 0.74066
vt 0.73348 0.73246
vt 0.78251 0.75914
vt 0.78251 0.75914
vt 0.73348 0.73246
vt 0.78211 0.76543
vt 0.78211 0.76543
vt 0.74190 0.74255
vt 0.75093 0.75509
vt 0.72380 0.74302
vt 0.72345 0.73591
vt 0.79788 0.77643
vt 0.79788 0.77643
vt 0.72345 0.73591
vt 0.72706 0.73145
vt 0.79788 0.77643
vt 0.72706 0.73145
vt 0.79529 0.76751
vt 0.79529 0.76751
vt 0.72706 0.73145
vt 0.75671 0.74066
vt 0.73348 0.73246
vt 0.74190 0.74255
vt 0.78211 0.76543
vt 0.74190 0.74255
vt 0.71045 0.73739
vt 0.75093 0.75509
vt 0.75093 0.75509
vt 0.71045 0.73739
vt 0.72850 0.75168
vt 0.72281 0.75617
vt 0.70895 0.75573
vt 0.73871 0.76497
vt 0.73871 0.76497
vt 0.70895 0.75573
vt 0.72583 0.75678
vt 0.72706 0.73145
vt 0.68779 0.72459
vt 0.75671 0.74066
vt 0.75671 0.74066
vt 0.68779 0.72459
vt 0.73348 0.73246
vt 0.73348 0.73246
vt 0.71045 0.73739
vt 0.74190 0.74255
vt 0.71045 0.73739
vt 0.67338 0.73705
vt 0.66945 0.74325
vt 0.71045 0.73739
vt 0.66945 0.74325
vt 0.72850 0.75168
vt 0.72850 0.75168
vt 0.66945 0.74325
vt 0.72281 0.75617
vt 0.70895 0.75573
vt 0.67204 0.75094
vt 0.72583 0.75678
vt 0.72583 0.75678
vt 0.67204 0.75094
vt 0.72240 0.75014
vt 0.72380 0.74302
vt 0.68878 0.72897
vt 0.72345 0.73591
vt 0.72345 0.73591
vt 0.68878 0.72897
vt 0.72706 0.73145
vt 0.72706 0.73145
vt 0.68878 0.72897
vt 0.68779 0.72459
vt 0.66945 0.74325
vt 0.66056 0.74439
vt 0.72281 0.75617
vt 0.72281 0.75617
vt 0.66056 0.74439
vt 0.67204 0.75094
vt 0.72281 0.75617
vt 0.67204 0.75094
vt 0.70895 0.75573
vt 0.67204 0.75094
vt 0.67658 0.74413
vt 0.72240 0.75014
vt 0.72240 0.75014
vt 0.67658 0.74413
vt 0.67499 0.73471
vt 0.72240 0.75014
vt 0.67499 0.73471
vt 0.72380 0.74302
vt 0.72380 0.74302
vt 0.67499 0.73471
vt 0.68878 0.72897
vt 0.68779 0.72459
vt 0.68212 0.72551
vt 0.73348 0.73246
vt 0.73348 0.73246
vt 0.68212 0.72551
vt 0.71045 0.73739
vt 0.71045 0.73739
vt 0.67336 0.72679
vt 0.67338 0.73705
vt 0.67204 0.75094
vt 0.66878 0.74453
vt 0.67658 0.74413
vt 0.67499 0.73471
vt 0.67912 0.72730
vt 0.68878 0.72897
vt 0.68878 0.72897
vt 0.67912 0.72730
vt 0.68310 0.72399
vt 0.68878 0.72897
vt 0.68310 0.72399
vt 0.68779 0.72459
vt 0.68212 0.72551
vt 0.67336 0.72679
vt 0.71045 0.73739
vt 0.66056 0.74439
vt 0.64944 0.73066
vt 0.67204 0.75094
vt 0.67204 0.75094
vt 0.64944 0.73066
vt 0.66878 0.74453
vt 0.67658 0.74413
vt 0.66878 0.74453
vt 0.67499 0.73471
vt 0.68310 0.72399
vt 0.68120 0.71899
vt 0.68779 0.72459
vt 0.68779 0.72459
vt 0.68120 0.71899
vt 0.68212 0.72551
vt 0.67336 0.72679
vt 0.65786 0.71194
vt 0.67338 0.73705
vt 0.67338 0.73705
vt 0.65786 0.71194
vt 0.65048 0.71461
vt 0.67338 0.73705
vt 0.65048 0.71461
vt 0.66945 0.74325
vt 0.66945 0.74325
vt 0.65048 0.71461
vt 0.66056 0.74439
vt 0.64944 0.73066
vt 0.65123 0.72242
vt 0.66878 0.74453
vt 0.65048 0.71461
vt 0.64541 0.70615
vt 0.66056 0.74439
vt 0.66056 0.74439
vt 0.64541 0.70615
vt 0.64944 0.73066
vt 0.65123 0.72242
vt 0.65834 0.71361
vt 0.66878 0.74453
vt 0.66878 0.74453
vt 0.65834 0.71361
vt 0.66773 0.71282
vt 0.66878 0.74453
vt 0.66773 0.71282
vt 0.67499 0.73471
vt 0.67499 0.73471
vt 0.66773 0.71282
vt 0.67912 0.72730
vt 0.68120 0.71899
vt 0.67476 0.70682
vt 0.68212 0.72551
vt 0.68212 0.72551
vt 0.67476 0.70682
vt 0.67336 0.72679
vt 0.67336 0.72679
vt 0.66753 0.69970
vt 0.65786 0.71194
vt 0.66773 0.71282
vt 0.67594 0.70982
vt 0.67912 0.72730
vt 0.67912 0.72730
vt 0.67594 0.70982
vt 0.68017 0.70861
vt 0.67912 0.72730
vt 0.68017 0.70861
vt 0.68310 0.72399
vt 0.68310 0.72399
vt 0.68017 0.70861
vt 0.68120 0.71899
vt 0.67476 0.70682
vt 0.66753 0.69970
vt 0.67336 0.72679
vt 0.64541 0.70615
vt 0.64984 0.69551
vt 0.64944 0.73066
vt 0.64944 0.73066
vt 0.64984 0.69551
vt 0.65123 0.72242
vt 0.68017 0.70861
vt 0.68062 0.70464
vt 0.68120 0.71899
vt 0.68120 0.71899
vt 0.68062 0.70464
vt 0.67476 0.70682
vt 0.66753 0.69970
vt 0.66645 0.68724
vt 0.65786 0.71194
vt 0.65786 0.71194
vt 0.66645 0.68724
vt 0.65958 0.68561
vt 0.65786 0.71194
vt 0.65958 0.68561
vt 0.65048 0.71461
vt 0.65048 0.71461
vt 0.65958 0.68561
vt 0.64541 0.70615
vt 0.64984 0.69551
vt 0.65733 0.69560
vt 0.65123 0.72242
vt 0.65123 0.72242
vt 0.65733 0.69560
vt 0.65834 0.71361
vt 0.65958 0.68561
vt 0.66448 0.68021
vt 0.64541 0.70615
vt 0.64541 0.70615
vt 0.66448 0.68021
vt 0.64984 0.69551
vt 0.65733 0.69560
vt 0.67359 0.69404
vt 0.65834 0.71361
vt 0.65834 0.71361
vt 0.67359 0.69404
vt 0.68066 0.69923
vt 0.65834 0.71361
vt 0.68066 0.69923
vt 0.66773 0.71282
vt 0.66773 0.71282
vt 0.68066 0.69923
vt 0.67594 0.70982
vt 0.68062 0.70464
vt 0.68079 0.69627
vt 0.67476 0.70682
vt 0.67476 0.70682
vt 0.68079 0.69627
vt 0.66753 0.69970
vt 0.66753 0.69970
vt 0.69382 0.68279
vt 0.66645 0.68724
vt 0.68066 0.69923
vt 0.69202 0.70018
vt 0.67594 0.70982
vt 0.67594 0.70982
vt 0.69202 0.70018
vt 0.69347 0.70055
vt 0.67594 0.70982
vt 0.69347 0.70055
vt 0.68017 0.70861
vt 0.68017 0.70861
vt 0.69347 0.70055
vt 0.68062 0.70464
vt 0.68079 0.69627
vt 0.69382 0.68279
vt 0.66753 0.69970
vt 0.66448 0.68021
vt 0.69848 0.67443
vt 0.64984 0.69551
vt 0.64984 0.69551
vt 0.69848 0.67443
vt 0.65733 0.69560
vt 0.69347 0.70055
vt 0.70818 0.69459
vt 0.68062 0.70464
vt 0.68062 0.70464
vt 0.70818 0.69459
vt 0.68079 0.69627
vt 0.69382 0.68279
vt 0.70913 0.67425
vt 0.66645 0.68724
vt 0.66645 0.68724
vt 0.70913 0.67425
vt 0.71197 0.67031
vt 0.66645 0.68724
vt 0.71197 0.67031
vt 0.65958 0.68561
vt 0.65958 0.68561
vt 0.71197 0.67031
vt 0.66448 0.68021
vt 0.69848 0.67443
vt 0.71957 0.68089
vt 0.65733 0.69560
vt 0.65733 0.69560
vt 0.71957 0.68089
vt 0.67359 0.69404
vt 0.71197 0.67031
vt 0.72820 0.67188
vt 0.66448 0.68021
vt 0.66448 0.68021
vt 0.72820 0.67188
vt 0.69848 0.67443
vt 0.71957 0.68089
vt 0.72741 0.69025
vt 0.67359 0.69404
vt 0.67359 0.69404
vt 0.72741 0.69025
vt 0.72302 0.69609
vt 0.67359 0.69404
vt 0.72302 0.69609
vt 0.68066 0.69923
vt 0.68066 0.69923
vt 0.72302 0.69609
vt 0.69202 0.70018
vt 0.70818 0.69459
vt 0.72894 0.68950
vt 0.68079 0.69627
vt 0.68079 0.69627
vt 0.72894 0.68950
vt 0.69382 0.68279
vt 0.69382 0.68279
vt 0.73476 0.68328
vt 0.70913 0.67425
vt 0.72302 0.69609
vt 0.72965 0.70090
vt 0.69202 0.70018
vt 0.69202 0.70018
vt 0.72965 0.70090
vt 0.72925 0.70044
vt 0.69202 0.70018
vt 0.72925 0.70044
vt 0.69347 0.70055
vt 0.69347 0.70055
vt 0.72925 0.70044
vt 0.70818 0.69459
vt 0.72894 0.68950
vt 0.73476 0.68328
vt 0.69382 0.68279
vt 0.72820 0.67188
vt 0.74630 0.68091
vt 0.69848 0.67443
vt 0.69848 0.67443
vt 0.74630 0.68091
vt 0.71957 0.68089
vt 0.72925 0.70044
vt 0.73422 0.69772
vt 0.70818 0.69459
vt 0.70818 0.69459
vt 0.73422 0.69772
vt 0.72894 0.68950
vt 0.73476 0.68328
vt 0.75798 0.68486
vt 0.70913 0.67425
vt 0.70913 0.67425
vt 0.75798 0.68486
vt 0.75987 0.68178
vt 0.70913 0.67425
vt 0.75987 0.68178
vt 0.71197 0.67031
vt 0.71197 0.67031
vt 0.75987 0.68178
vt 0.72820 0.67188
vt 0.74630 0.68091
vt 0.75093 0.68927
vt 0.71957 0.68089
vt 0.71957 0.68089
vt 0.75093 0.68927
vt 0.72741 0.69025
vt 0.75987 0.68178
vt 0.77109 0.68736
vt 0.72820 0.67188
vt 0.72820 0.67188
vt 0.77109 0.68736
vt 0.74630 0.68091
vt 0.75093 0.68927
vt 0.76021 0.70185
vt 0.72741 0.69025
vt 0.72741 0.69025
vt 0.76021 0.70185
vt 0.75962 0.70970
vt 0.72741 0.69025
vt 0.75962 0.70970
vt 0.72302 0.69609
vt 0.72302 0.69609
vt 0.75962 0.70970
vt 0.72965 0.70090
vt 0.73422 0.69772
vt 0.74735 0.69576
vt 0.72894 0.68950
vt 0.72894 0.68950
vt 0.74735 0.69576
vt 0.73476 0.68328
vt 0.73476 0.68328
vt 0.76691 0.69827
vt 0.75798 0.68486
vt 0.75962 0.70970
vt 0.76021 0.71539
vt 0.72965 0.70090
vt 0.72965 0.70090
vt 0.76021 0.71539
vt 0.75750 0.71404
vt 0.72965 0.70090
vt 0.75750 0.71404
vt 0.72925 0.70044
vt 0.72925 0.70044
vt 0.75750 0.71404
vt 0.73422 0.69772
vt 0.74735 0.69576
vt 0.76691 0.69827
vt 0.73476 0.68328
vt 0.77109 0.68736
vt 0.79127 0.70728
vt 0.74630 0.68091
vt 0.74630 0.68091
vt 0.79127 0.70728
vt 0.75093 0.68927
vt 0.75750 0.71404
vt 0.76482 0.71615
vt 0.73422 0.69772
vt 0.73422 0.69772
vt 0.76482 0.71615
vt 0.74735 0.69576
vt 0.76691 0.69827
vt 0.78842 0.70939
vt 0.75798 0.68486
vt 0.75798 0.68486
vt 0.78842 0.70939
vt 0.79471 0.70892
vt 0.75798 0.68486
vt 0.79471 0.70892
vt 0.75987 0.68178
vt 0.75987 0.68178
vt 0.79471 0.70892
vt 0.77109 0.68736
vt 0.79127 0.70728
vt 0.79183 0.71860
vt 0.75093 0.68927
vt 0.75093 0.68927
vt 0.79183 0.71860
vt 0.76021 0.70185
vt 0.79471 0.70892
vt 0.80210 0.71818
vt 0.77109 0.68736
vt 0.77109 0.68736
vt 0.80210 0.71818
vt 0.79127 0.70728
vt 0.79183 0.71860
vt 0.78753 0.72834
vt 0.76021 0.70185
vt 0.76021 0.70185
vt 0.78753 0.72834
vt 0.77921 0.73053
vt 0.76021 0.70185
vt 0.77921 0.73053
vt 0.75962 0.70970
vt 0.75962 0.70970
vt 0.77921 0.73053
vt 0.76021 0.71539
vt 0.76482 0.71615
vt 0.77582 0.72126
vt 0.74735 0.69576
vt 0.74735 0.69576
vt 0.77582 0.72126
vt 0.76691 0.69827
vt 0.76691 0.69827
vt 0.78638 0.72425
vt 0.78842 0.70939
vt 0.77921 0.73053
vt 0.77504 0.73692
vt 0.76021 0.71539
vt 0.76021 0.71539
vt 0.77504 0.73692
vt 0.77160 0.73402
vt 0.76021 0.71539
vt 0.77160 0.73402
vt 0.75750 0.71404
vt 0.75750 0.71404
vt 0.77160 0.73402
vt 0.76482 0.71615
vt 0.77582 0.72126
vt 0.78638 0.72425
vt 0.76691 0.69827
vt 0.80210 0.71818
vt 0.80601 0.73932
vt 0.79127 0.70728
vt 0.79127 0.70728
vt 0.80601 0.73932
vt 0.79183 0.71860
vt 0.77160 0.73402
vt 0.77448 0.73778
vt 0.76482 0.71615
vt 0.76482 0.71615
vt 0.77448 0.73778
vt 0.77582 0.72126
vt 0.78638 0.72425
vt 0.79824 0.74878
vt 0.78842 0.70939
vt 0.78842 0.70939
vt 0.79824 0.74878
vt 0.80515 0.74947
vt 0.78842 0.70939
vt 0.80515 0.74947
vt 0.79471 0.70892
vt 0.79471 0.70892
vt 0.80515 0.74947
vt 0.80210 0.71818
vt 0.80601 0.73932
vt 0.80157 0.75254
vt 0.79183 0.71860
vt 0.79183 0.71860
vt 0.80157 0.75254
vt 0.78753 0.72834
vt 0.80515 0.74947
vt 0.80777 0.76076
vt 0.80210 0.71818
vt 0.80210 0.71818
vt 0.80777 0.76076
vt 0.80601 0.73932
vt 0.80157 0.75254
vt 0.79240 0.76440
vt 0.78753 0.72834
vt 0.78753 0.72834
vt 0.79240 0.76440
vt 0.78345 0.76270
vt 0.78753 0.72834
vt 0.78345 0.76270
vt 0.77921 0.73053
vt 0.77921 0.73053
vt 0.78345 0.76270
vt 0.77504 0.73692
vt 0.77448 0.73778
vt 0.78035 0.75332
vt 0.77582 0.72126
vt 0.77582 0.72126
vt 0.78035 0.75332
vt 0.78638 0.72425
vt 0.78638 0.72425
vt 0.78731 0.75948
vt 0.79824 0.74878
vt 0.78345 0.76270
vt 0.77576 0.76372
vt 0.77504 0.73692
vt 0.77504 0.73692
vt 0.77576 0.76372
vt 0.77249 0.76106
vt 0.77504 0.73692
vt 0.77249 0.76106
vt 0.77160 0.73402
vt 0.77160 0.73402
vt 0.77249 0.76106
vt 0.77448 0.73778
vt 0.78035 0.75332
vt 0.78731 0.75948
vt 0.78638 0.72425
vt 0.80777 0.76076
vt 0.80197 0.77566
vt 0.80601 0.73932
vt 0.80601 0.73932
vt 0.80197 0.77566
vt 0.80157 0.75254
vt 0.77249 0.76106
vt 0.77205 0.76306
vt 0.77448 0.73778
vt 0.77448 0.73778
vt 0.77205 0.76306
vt 0.78035 0.75332
vt 0.78731 0.75948
vt 0.78327 0.78177
vt 0.79824 0.74878
vt 0.79824 0.74878
vt 0.78327 0.78177
vt 0.79157 0.78316
vt 0.79824 0.74878
vt 0.79157 0.78316
vt 0.80515 0.74947
vt 0.80515 0.74947
vt 0.79157 0.78316
vt 0.80777 0.76076
vt 0.80197 0.77566
vt 0.79363 0.78117
vt 0.80157 0.75254
vt 0.80157 0.75254
vt 0.79363 0.78117
vt 0.79240 0.76440
vt 0.79157 0.78316
vt 0.78516 0.79608
vt 0.80777 0.76076
vt 0.80777 0.76076
vt 0.78516 0.79608
vt 0.80197 0.77566
vt 0.79363 0.78117
vt 0.76965 0.79578
vt 0.79240 0.76440
vt 0.79240 0.76440
vt 0.76965 0.79578
vt 0.76595 0.78773
vt 0.79240 0.76440
vt 0.76595 0.78773
vt 0.78345 0.76270
vt 0.78345 0.76270
vt 0.76595 0.78773
vt 0.77576 0.76372
vt 0.77205 0.76306
vt 0.76186 0.78169
vt 0.78035 0.75332
vt 0.78035 0.75332
vt 0.76186 0.78169
vt 0.78731 0.75948
vt 0.78731 0.75948
vt 0.75031 0.79878
vt 0.78327 0.78177
vt 0.76595 0.78773
vt 0.75465 0.78781
vt 0.77576 0.76372
vt 0.77576 0.76372
vt 0.75465 0.78781
vt 0.75139 0.78511
vt 0.77576 0.76372
vt 0.75139 0.78511
vt 0.77249 0.76106
vt 0.77249 0.76106
vt 0.75139 0.78511
vt 0.77205 0.76306
vt 0.76186 0.78169
vt 0.75031 0.79878
vt 0.78731 0.75948
vt 0.78516 0.79608
vt 0.76578 0.81074
vt 0.80197 0.77566
vt 0.80197 0.77566
vt 0.76578 0.81074
vt 0.79363 0.78117
vt 0.75139 0.78511
vt 0.74377 0.78996
vt 0.77205 0.76306
vt 0.77205 0.76306
vt 0.74377 0.78996
vt 0.76186 0.78169
vt 0.75031 0.79878
vt 0.75062 0.80682
vt 0.78327 0.78177
vt 0.78327 0.78177
vt 0.75062 0.80682
vt 0.75688 0.81102
vt 0.78327 0.78177
vt 0.75688 0.81102
vt 0.79157 0.78316
vt 0.79157 0.78316
vt 0.75688 0.81102
vt 0.78516 0.79608
vt 0.76578 0.81074
vt 0.76214 0.80794
vt 0.79363 0.78117
vt 0.79363 0.78117
vt 0.76214 0.80794
vt 0.76965 0.79578
vt 0.75688 0.81102
vt 0.75130 0.81813
vt 0.78516 0.79608
vt 0.78516 0.79608
vt 0.75130 0.81813
vt 0.76578 0.81074
vt 0.76214 0.80794
vt 0.76009 0.80121
vt 0.76965 0.79578
vt 0.76965 0.79578
vt 0.76009 0.80121
vt 0.75604 0.79453
vt 0.76965 0.79578
vt 0.75604 0.79453
vt 0.76595 0.78773
vt 0.76595 0.78773
vt 0.75604 0.79453
vt 0.75465 0.78781
vt 0.74377 0.78996
vt 0.73452 0.79879
vt 0.76186 0.78169
vt 0.76186 0.78169
vt 0.73452 0.79879
vt 0.75031 0.79878
vt 0.75031 0.79878
vt 0.72960 0.80721
vt 0.73936 0.81556
vt 0.75031 0.79878
vt 0.73936 0.81556
vt 0.75062 0.80682
vt 0.75062 0.80682
vt 0.73936 0.81556
vt 0.75688 0.81102
vt 0.75688 0.81102
vt 0.73936 0.81556
vt 0.75130 0.81813
vt 0.75604 0.79453
vt 0.74902 0.79075
vt 0.75465 0.78781
vt 0.75465 0.78781
vt 0.74902 0.79075
vt 0.74077 0.79008
vt 0.75465 0.78781
vt 0.74077 0.79008
vt 0.75139 0.78511
vt 0.75139 0.78511
vt 0.74077 0.79008
vt 0.74377 0.78996
vt 0.73452 0.79879
vt 0.72960 0.80721
vt 0.75031 0.79878
vt 0.75130 0.81813
vt 0.74641 0.81251
vt 0.76578 0.81074
vt 0.76578 0.81074
vt 0.74641 0.81251
vt 0.76214 0.80794
vt 0.74077 0.79008
vt 0.73017 0.79198
vt 0.74377 0.78996
vt 0.74377 0.78996
vt 0.73017 0.79198
vt 0.73452 0.79879
vt 0.72960 0.80721
vt 0.72162 0.80819
vt 0.73936 0.81556
vt 0.73936 0.81556
vt 0.72162 0.80819
vt 0.72700 0.81206
vt 0.73936 0.81556
vt 0.72700 0.81206
vt 0.75130 0.81813
vt 0.74641 0.81251
vt 0.74983 0.80463
vt 0.76214 0.80794
vt 0.76214 0.80794
vt 0.74983 0.80463
vt 0.76009 0.80121
vt 0.72700 0.81206
vt 0.73276 0.80914
vt 0.75130 0.81813
vt 0.75130 0.81813
vt 0.73276 0.80914
vt 0.74641 0.81251
vt 0.74983 0.80463
vt 0.74981 0.79380
vt 0.76009 0.80121
vt 0.76009 0.80121
vt 0.74981 0.79380
vt 0.74918 0.78974
vt 0.76009 0.80121
vt 0.74918 0.78974
vt 0.75604 0.79453
vt 0.75604 0.79453
vt 0.74918 0.78974
vt 0.74902 0.79075
vt 0.73017 0.79198
vt 0.72187 0.79506
vt 0.73452 0.79879
vt 0.73452 0.79879
vt 0.72187 0.79506
vt 0.72960 0.80721
vt 0.72960 0.80721
vt 0.71532 0.79324
vt 0.72162 0.80819
vt 0.74918 0.78974
vt 0.74351 0.78535
vt 0.74902 0.79075
vt 0.74902 0.79075
vt 0.74351 0.78535
vt 0.73583 0.78531
vt 0.74902 0.79075
vt 0.73583 0.78531
vt 0.74077 0.79008
vt 0.74077 0.79008
vt 0.73583 0.78531
vt 0.73017 0.79198
vt 0.72187 0.79506
vt 0.71532 0.79324
vt 0.72960 0.80721
vt 0.73276 0.80914
vt 0.73628 0.78976
vt 0.74641 0.81251
vt 0.74641 0.81251
vt 0.73628 0.78976
vt 0.74983 0.80463
vt 0.73583 0.78531
vt 0.72564 0.78076
vt 0.73017 0.79198
vt 0.73017 0.79198
vt 0.72564 0.78076
vt 0.72187 0.79506
vt 0.71532 0.79324
vt 0.71484 0.78730
vt 0.72162 0.80819
vt 0.72162 0.80819
vt 0.71484 0.78730
vt 0.71908 0.78502
vt 0.72162 0.80819
vt 0.71908 0.78502
vt 0.72700 0.81206
vt 0.72700 0.81206
vt 0.71908 0.78502
vt 0.73276 0.80914
vt 0.73628 0.78976
vt 0.74317 0.77680
vt 0.74983 0.80463
vt 0.74983 0.80463
vt 0.74317 0.77680
vt 0.74981 0.79380
vt 0.71908 0.78502
vt 0.72675 0.77467
vt 0.73276 0.80914
vt 0.73276 0.80914
vt 0.72675 0.77467
vt 0.73628 0.78976
vt 0.74317 0.77680
vt 0.74722 0.76853
vt 0.74981 0.79380
vt 0.74981 0.79380
vt 0.74722 0.76853
vt 0.74721 0.77261
vt 0.74981 0.79380
vt 0.74721 0.77261
vt 0.74918 0.78974
vt 0.74918 0.78974
vt 0.74721 0.77261
vt 0.74351 0.78535
vt 0.72564 0.78076
vt 0.71815 0.77151
vt 0.72187 0.79506
vt 0.72187 0.79506
vt 0.71815 0.77151
vt 0.71532 0.79324
vt 0.71532 0.79324
vt 0.71320 0.76732
vt 0.71484 0.78730
vt 0.74721 0.77261
vt 0.74114 0.76151
vt 0.74351 0.78535
vt 0.74351 0.78535
vt 0.74114 0.76151
vt 0.73352 0.76400
vt 0.74351 0.78535
vt 0.73352 0.76400
vt 0.73583 0.78531
vt 0.73583 0.78531
vt 0.73352 0.76400
vt 0.72564 0.78076
vt 0.71815 0.77151
vt 0.71320 0.76732
vt 0.71532 0.79324
vt 0.72675 0.77467
vt 0.73184 0.75078
vt 0.73628 0.78976
vt 0.73628 0.78976
vt 0.73184 0.75078
vt 0.74317 0.77680
vt 0.73352 0.76400
vt 0.72290 0.75739
vt 0.72564 0.78076
vt 0.72564 0.78076
vt 0.72290 0.75739
vt 0.71815 0.77151
vt 0.71320 0.76732
vt 0.70698 0.73926
vt 0.71484 0.78730
vt 0.71484 0.78730
vt 0.70698 0.73926
vt 0.71157 0.74006
vt 0.71484 0.78730
vt 0.71157 0.74006
vt 0.71908 0.78502
vt 0.71908 0.78502
vt 0.71157 0.74006
vt 0.72675 0.77467
vt 0.73184 0.75078
vt 0.73691 0.73860
vt 0.74317 0.77680
vt 0.74317 0.77680
vt 0.73691 0.73860
vt 0.74722 0.76853
vt 0.71157 0.74006
vt 0.71547 0.73199
vt 0.72675 0.77467
vt 0.72675 0.77467
vt 0.71547 0.73199
vt 0.73184 0.75078
vt 0.73691 0.73860
vt 0.72937 0.68915
vt 0.74722 0.76853
vt 0.74722 0.76853
vt 0.72937 0.68915
vt 0.73901 0.73543
vt 0.74722 0.76853
vt 0.73901 0.73543
vt 0.74721 0.77261
vt 0.74721 0.77261
vt 0.73901 0.73543
vt 0.74114 0.76151
vt 0.72290 0.75739
vt 0.70941 0.72626
vt 0.71815 0.77151
vt 0.71815 0.77151
vt 0.70941 0.72626
vt 0.71320 0.76732
vt 0.71320 0.76732
vt 0.69310 0.68164
vt 0.70698 0.73926
vt 0.73901 0.73543
vt 0.73374 0.73288
vt 0.74114 0.76151
vt 0.74114 0.76151
vt 0.73374 0.73288
vt 0.72626 0.73548
vt 0.74114 0.76151
vt 0.72626 0.73548
vt 0.73352 0.76400
vt 0.73352 0.76400
vt 0.72626 0.73548
vt 0.72290 0.75739
vt 0.70941 0.72626
vt 0.69310 0.68164
vt 0.71320 0.76732
vt 0.70698 0.73926
vt 0.71547 0.73199
vt 0.71157 0.74006
vt 0.71547 0.73199
vt 0.71337 0.67447
vt 0.73184 0.75078
vt 0.73184 0.75078
vt 0.71337 0.67447
vt 0.73691 0.73860
vt 0.72937 0.68915
vt 0.72568 0.68769
vt 0.73901 0.73543
vt 0.73901 0.73543
vt 0.72568 0.68769
vt 0.73374 0.73288
vt 0.73374 0.73288
vt 0.72568 0.68769
vt 0.72626 0.73548
vt 0.72626 0.73548
vt 0.72568 0.68769
vt 0.70626 0.68860
vt 0.72626 0.73548
vt 0.70626 0.68860
vt 0.72290 0.75739
vt 0.72290 0.75739
vt 0.70626 0.68860
vt 0.70941 0.72626
vt 0.69310 0.68164
vt 0.68578 0.66425
vt 0.70698 0.73926
vt 0.70698 0.73926
vt 0.68578 0.66425
vt 0.68975 0.66088
vt 0.70698 0.73926
vt 0.68975 0.66088
vt 0.71547 0.73199
vt 0.71547 0.73199
vt 0.68975 0.66088
vt 0.69647 0.64539
vt 0.71547 0.73199
vt 0.69647 0.64539
vt 0.71337 0.67447
vt 0.71337 0.67447
vt 0.71219 0.65330
vt 0.73691 0.73860
vt 0.73691 0.73860
vt 0.71219 0.65330
vt 0.72937 0.68915
vt 0.72568 0.68769
vt 0.71387 0.66266
vt 0.70241 0.66789
vt 0.72568 0.68769
vt 0.70241 0.66789
vt 0.70626 0.68860
vt 0.71337 0.67447
vt 0.69647 0.64539
vt 0.71219 0.65330
vt 0.71219 0.65330
vt 0.70206 0.62800
vt 0.72937 0.68915
vt 0.72937 0.68915
vt 0.70206 0.62800
vt 0.70314 0.63216
vt 0.72937 0.68915
vt 0.70314 0.63216
vt 0.72568 0.68769
vt 0.72568 0.68769
vt 0.70314 0.63216
vt 0.71387 0.66266
vt 0.70626 0.68860
vt 0.70241 0.66789
vt 0.67510 0.64067
vt 0.70626 0.68860
vt 0.67510 0.64067
vt 0.70941 0.72626
vt 0.70941 0.72626
vt 0.67510 0.64067
vt 0.69310 0.68164
vt 0.69310 0.68164
vt 0.66258 0.62808
vt 0.66370 0.62398
vt 0.69310 0.68164
vt 0.66370 0.62398
vt 0.68578 0.66425
vt 0.68578 0.66425
vt 0.66370 0.62398
vt 0.68975 0.66088
vt 0.68975 0.66088
vt 0.66370 0.62398
vt 0.67339 0.61794
vt 0.68975 0.66088
vt 0.67339 0.61794
vt 0.69647 0.64539
vt 0.69647 0.64539
vt 0.68815 0.61325
vt 0.71219 0.65330
vt 0.71219 0.65330
vt 0.68815 0.61325
vt 0.70206 0.62800
vt 0.70314 0.63216
vt 0.68831 0.61990
vt 0.71387 0.66266
vt 0.71387 0.66266
vt 0.68831 0.61990
vt 0.68139 0.62392
vt 0.71387 0.66266
vt 0.68139 0.62392
vt 0.70241 0.66789
vt 0.67510 0.64067
vt 0.66258 0.62808
vt 0.69310 0.68164
vt 0.66258 0.62808
vt 0.60631 0.55478
vt 0.66370 0.62398
vt 0.66370 0.62398
vt 0.60631 0.55478
vt 0.60981 0.54777
vt 0.66370 0.62398
vt 0.60981 0.54777
vt 0.61423 0.53367
vt 0.66370 0.62398
vt 0.61423 0.53367
vt 0.67339 0.61794
vt 0.67339 0.61794
vt 0.61423 0.53367
vt 0.69647 0.64539
vt 0.69647 0.64539
vt 0.61423 0.53367
vt 0.62776 0.53053
vt 0.69647 0.64539
vt 0.62776 0.53053
vt 0.68815 0.61325
vt 0.68815 0.61325
vt 0.62776 0.53053
vt 0.70206 0.62800
vt 0.70206 0.62800
vt 0.62776 0.53053
vt 0.63383 0.53982
vt 0.70206 0.62800
vt 0.63383 0.53982
vt 0.70314 0.63216
vt 0.70314 0.63216
vt 0.63383 0.53982
vt 0.62865 0.54773
vt 0.70314 0.63216
vt 0.62865 0.54773
vt 0.68831 0.61990
vt 0.68831 0.61990
vt 0.62865 0.54773
vt 0.68139 0.62392
vt 0.68139 0.62392
vt 0.62865 0.54773
vt 0.61567 0.55154
vt 0.68139 0.62392
vt 0.61567 0.55154
vt 0.70241 0.66789
vt 0.70241 0.66789
vt 0.61567 0.55154
vt 0.60937 0.55362
vt 0.70241 0.66789
vt 0.60937 0.55362
vt 0.67510 0.64067
vt 0.67510 0.64067
vt 0.60937 0.55362
vt 0.60631 0.55478
vt 0.67510 0.64067
vt 0.60631 0.55478
vt 0.66258 0.62808
vt 0.60631 0.55478
vt 0.53272 0.46757
vt 0.53527 0.45400
vt 0.60631 0.55478
vt 0.53527 0.45400
vt 0.60981 0.54777
vt 0.60981 0.54777
vt 0.53527 0.45400
vt 0.61423 0.53367
vt 0.61423 0.53367
vt 0.53527 0.45400
vt 0.54792 0.44964
vt 0.61423 0.53367
vt 0.54792 0.44964
vt 0.54215 0.43012
vt 0.61423 0.53367
vt 0.54215 0.43012
vt 0.62776 0.53053
vt 0.62776 0.53053
vt 0.54215 0.43012
vt 0.55532 0.44993
vt 0.62776 0.53053
vt 0.55532 0.44993
vt 0.63383 0.53982
vt 0.63383 0.53982
vt 0.55532 0.44993
vt 0.62865 0.54773
vt 0.62865 0.54773
vt 0.55532 0.44993
vt 0.54665 0.45720
vt 0.62865 0.54773
vt 0.54665 0.45720
vt 0.55783 0.48827
vt 0.62865 0.54773
vt 0.55783 0.48827
vt 0.61567 0.55154
vt 0.61567 0.55154
vt 0.55783 0.48827
vt 0.60937 0.55362
vt 0.60937 0.55362
vt 0.55783 0.48827
vt 0.53272 0.46757
vt 0.60937 0.55362
vt 0.53272 0.46757
vt 0.60631 0.55478
vt 0.53272 0.46757
vt 0.44705 0.37106
vt 0.44753 0.36916
vt 0.53272 0.46757
vt 0.44753 0.36916
vt 0.45146 0.36558
vt 0.53272 0.46757
vt 0.45146 0.36558
vt 0.53527 0.45400
vt 0.53527 0.45400
vt 0.45146 0.36558
vt 0.45799 0.36107
vt 0.53527 0.45400
vt 0.45799 0.36107
vt 0.45162 0.33656
vt 0.53527 0.45400
vt 0.45162 0.33656
vt 0.54792 0.44964
vt 0.54792 0.44964
vt 0.45162 0.33656
vt 0.54215 0.43012
vt 0.54215 0.43012
vt 0.45162 0.33656
vt 0.47444 0.35397
vt 0.54215 0.43012
vt 0.47444 0.35397
vt 0.47397 0.35587
vt 0.54215 0.43012
vt 0.47397 0.35587
vt 0.55532 0.44993
vt 0.55532 0.44993
vt 0.47397 0.35587
vt 0.47004 0.35946
vt 0.55532 0.44993
vt 0.47004 0.35946
vt 0.46351 0.36397
vt 0.55532 0.44993
vt 0.46351 0.36397
vt 0.54665 0.45720
vt 0.54665 0.45720
vt 0.46351 0.36397
vt 0.45622 0.36808
vt 0.54665 0.45720
vt 0.45622 0.36808
vt 0.55783 0.48827
vt 0.55783 0.48827
vt 0.45622 0.36808
vt 0.45032 0.37063
vt 0.55783 0.48827
vt 0.45032 0.37063
vt 0.44705 0.37106
vt 0.55783 0.48827
vt 0.44705 0.37106
vt 0.53272 0.46757
vt 0.44705 0.37106
vt 0.31706 0.23320
vt 0.31772 0.23150
vt 0.44705 0.37106
vt 0.31772 0.23150
vt 0.44753 0.36916
vt 0.44753 0.36916
vt 0.31772 0.23150
vt 0.32169 0.22796
vt 0.44753 0.36916
vt 0.32169 0.22796
vt 0.45146 0.36558
vt 0.45146 0.36558
vt 0.32169 0.22796
vt 0.32813 0.22335
vt 0.45146 0.36558
vt 0.32813 0.22335
vt 0.45799 0.36107
vt 0.45799 0.36107
vt 0.32813 0.22335
vt 0.33520 0.21900
vt 0.45799 0.36107
vt 0.33520 0.21900
vt 0.45162 0.33656
vt 0.45162 0.33656
vt 0.33520 0.21900
vt 0.34083 0.21617
vt 0.45162 0.33656
vt 0.34083 0.21617
vt 0.34383 0.21545
vt 0.45162 0.33656
vt 0.34383 0.21545
vt 0.47444 0.35397
vt 0.47444 0.35397
vt 0.34383 0.21545
vt 0.34317 0.21716
vt 0.47444 0.35397
vt 0.34317 0.21716
vt 0.47397 0.35587
vt 0.47397 0.35587
vt 0.34317 0.21716
vt 0.33920 0.22070
vt 0.47397 0.35587
vt 0.33920 0.22070
vt 0.47004 0.35946
vt 0.47004 0.35946
vt 0.33920 0.22070
vt 0.33276 0.22531
vt 0.47004 0.35946
vt 0.33276 0.22531
vt 0.46351 0.36397
vt 0.46351 0.36397
vt 0.33276 0.22531
vt 0.32569 0.22965
vt 0.46351 0.36397
vt 0.32569 0.22965
vt 0.45622 0.36808
vt 0.45622 0.36808
vt 0.32569 0.22965
vt 0.32006 0.23248
vt 0.45622 0.36808
vt 0.32006 0.23248
vt 0.45032 0.37063
vt 0.45032 0.37063
vt 0.32006 0.23248
vt 0.31706 0.23320
vt 0.45032 0.37063
vt 0.31706 0.23320
vt 0.44705 0.37106
vt 0.31706 0.23320
vt 0.17234 0.08927
vt 0.17314 0.08770
vt 0.31706 0.23320
vt 0.17314 0.08770
vt 0.31772 0.23150
vt 0.31772 0.23150
vt 0.17314 0.08770
vt 0.17714 0.08420
vt 0.31772 0.23150
vt 0.17714 0.08420
vt 0.32169 0.22796
vt 0.32169 0.22796
vt 0.17714 0.08420
vt 0.18350 0.07951
vt 0.32169 0.22796
vt 0.18350 0.07951
vt 0.32813 0.22335
vt 0.32813 0.22335
vt 0.18350 0.07951
vt 0.19040 0.07500
vt 0.32813 0.22335
vt 0.19040 0.07500
vt 0.33520 0.21900
vt 0.33520 0.21900
vt 0.19040 0.07500
vt 0.19583 0.07195
vt 0.33520 0.21900
vt 0.19583 0.07195
vt 0.34083 0.21617
vt 0.34083 0.21617
vt 0.19583 0.07195
vt 0.19862 0.07103
vt 0.34083 0.21617
vt 0.19862 0.07103
vt 0.34383 0.21545
vt 0.34383 0.21545
vt 0.19862 0.07103
vt 0.19782 0.07260
vt 0.34383 0.21545
vt 0.19782 0.07260
vt 0.34317 0.21716
vt 0.34317 0.21716
vt 0.19782 0.07260
vt 0.19382 0.07610
vt 0.34317 0.21716
vt 0.19382 0.07610
vt 0.33920 0.22070
vt 0.33920 0.22070
vt 0.19382 0.07610
vt 0.18746 0.08079
vt 0.33920 0.22070
vt 0.18746 0.08079
vt 0.33276 0.22531
vt 0.33276 0.22531
vt 0.18746 0.08079
vt 0.18056 0.08531
vt 0.33276 0.22531
vt 0.18056 0.08531
vt 0.32569 0.22965
vt 0.32569 0.22965
vt 0.18056 0.08531
vt 0.17513 0.08835
vt 0.32569 0.22965
vt 0.17513 0.08835
vt 0.32006 0.23248
vt 0.32006 0.23248
vt 0.17513 0.08835
vt 0.17234 0.08927
vt 0.32006 0.23248
vt 0.17234 0.08927
vt 0.31706 0.23320
vt 0.00849 0.01392
vt 0.01549 0.00947
vt 0.02189 0.00488
vt 0.00849 0.01392
vt 0.02189 0.00488
vt 0.00293 0.01695
vt 0.19382 0.07610
vt 0.19782 0.07260
vt 0.18056 0.08531
vt 0.19382 0.07610
vt 0.18056 0.08531
vt 0.18746 0.08079
vt 0.02189 0.00488
vt 0.00070 0.01644
vt 0.00000 0.01792
vt 0.02189 0.00488
vt 0.00000 0.01792
vt 0.00293 0.01695
vt 0.19862 0.07103
vt 0.19583 0.07195
vt 0.18056 0.08531
vt 0.19862 0.07103
vt 0.18056 0.08531
vt 0.19782 0.07260
vt 0.02189 0.00488
vt 0.01106 0.00845
vt 0.00467 0.01304
vt 0.02189 0.00488
vt 0.00467 0.01304
vt 0.00070 0.01644
vt 0.19040 0.07500
vt 0.18350 0.07951
vt 0.18056 0.08531
vt 0.19040 0.07500
vt 0.18056 0.08531
vt 0.19583 0.07195
vt 0.02189 0.00488
vt 0.02363 0.00097
vt 0.01807 0.00400
vt 0.02189 0.00488
vt 0.01807 0.00400
vt 0.01106 0.00845
vt 0.17714 0.08420
vt 0.17314 0.08770
vt 0.18056 0.08531
vt 0.17714 0.08420
vt 0.18056 0.08531
vt 0.18350 0.07951
vt 0.02189 0.00488
vt 0.02586 0.00148
vt 0.02656 0.00000
vt 0.02189 0.00488
vt 0.02656 0.00000
vt 0.02363 0.00097
vt 0.17234 0.08927
vt 0.17513 0.08835
vt 0.18056 0.08531
vt 0.17234 0.08927
vt 0.18056 0.08531
vt 0.17314 0.08770
f 558/3256 559/3257 560/3258
f 558/3259 560/3260 561/3261
f 561/3262 560/3263 562/3264
f 561/3265 562/3266 563/3267
f 563/3268 562/3269 564/3270
f 563/3271 564/3272 565/3273
f 565/3274 564/3275 566/3276
f 565/3277 566/3278 567/3279
f 567/3280 566/3281 568/3282
f 567/3283 568/3284 569/3285
f 569/3286 568/3287 570/3288
f 569/3289 570/3290 571/3291
f 571/3292 570/3293 572/3294
f 571/3295 572/3296 573/3297
f 573/3298 572/3299 574/3300
f 573/3301 574/3302 575/3303
f 575/3304 574/3305 576/3306
f 575/3307 576/3308 577/3309
f 577/3310 576/3311 578/3312
f 577/3313 578/3314 579/3315
f 579/3316 578/3317 580/3318
f 579/3319 580/3320 581/3321
f 581/3322 580/3323 559/3324
f 581/3325 559/3326 558/3327
f 559/3328 582/3329 560/3330
f 560/3331 582/3332 583/3333
f 560/3334 583/3335 562/3336
f 562/3337 583/3338 564/3339
f 564/3340 583/3341 584/3342
f 564/3343 584/3344 566/3345
f 566/3346 584/3347 568/3348
f 568/3349 584/3350 585/3351
f 568/3352 585/3353 570/3354
f 570/3355 585/3356 586/3357
f 570/3358 586/3359 572/3360
f 572/3361 586/3362 574/3363
f 574/3364 586/3365 587/3366
f 574/3367 587/3368 576/3369
f 576/3370 587/3371 578/3372
f 578/3373 587/3374 580/3375
f 580/3376 587/3377 582/3378
f 580/3379 582/3380 559/3381
f 582/3382 591/3383 588/3384
f 582/3385 588/3386 583/3387
f 583/3388 588/3389 584/3390
f 584/3391 588/3392 589/3393
f 584/3394 589/3395 585/3396
f 585/3397 589/3398 586/3399
f 586/3400 589/3401 590/3402
f 586/3403 590/3404 587/3405
f 587/3406 590/3407 591/3408
f 587/3409 591/3410 582/3411
f 591/3412 592/3413 598/3414
f 591/3415 598/3416 588/3417
f 588/3418 598/3419 593/3420
f 588/3421 593/3422 594/3423
f 588/3424 594/3425 589/3426
f 589/3427 594/3428 600/3429
f 589/3430 600/3431 595/3432
f 589/3433 595/3434 596/3435
f 589/3436 596/3437 590/3438
f 590/3439 596/3440 602/3441
f 590/3442 602/3443 597/3444
f 590/3445 597/3446 591/3447
f 591/3448 597/3449 592/3450
f 598/3451 599/3452 593/3453
f 594/3454 593/3455 600/3456
f 596/3457 595/3458 601/3459
f 596/3460 601/3461 602/3462
f 597/3463 602/3464 592/3465
f 592/3466 603/3467 598/3468
f 599/3469 604/3470 593/3471
f 593/3472 604/3473 605/3474
f 593/3475 605/3476 600/3477
f 600/3478 606/3479 607/3480
f 600/3481 607/3482 595/3483
f 601/3484 608/3485 602/3486
f 602/3487 608/3488 609/3489
f 602/3490 609/3491 603/3492
f 602/3493 603/3494 592/3495
f 603/3496 610/3497 598/3498
f 598/3499 610/3500 599/3501
f 605/3502 611/3503 600/3504
f 600/3505 611/3506 606/3507
f 607/3508 612/3509 595/3510
f 595/3511 612/3512 601/3513
f 609/3514 608/3515 603/3516
f 599/3517 613/3518 604/3519
f 604/3520 613/3521 605/3522
f 605/3523 613/3524 611/3525
f 607/3526 606/3527 612/3528
f 601/3529 614/3530 608/3531
f 603/3532 615/3533 610/3534
f 610/3535 615/3536 599/3537
f 599/3538 615/3539 613/3540
f 613/3541 616/3542 611/3543
f 606/3544 617/3545 612/3546
f 612/3547 617/3548 601/3549
f 601/3550 617/3551 618/3552
f 601/3553 618/3554 614/3555
f 614/3556 618/3557 608/3558
f 608/3559 618/3560 603/3561
f 603/3562 619/3563 615/3564
f 615/3565 620/3566 613/3567
f 613/3568 620/3569 616/3570
f 616/3571 621/3572 622/3573
f 616/3574 622/3575 611/3576
f 611/3577 622/3578 623/3579
f 611/3580 623/3581 606/3582
f 606/3583 623/3584 617/3585
f 617/3586 624/3587 618/3588
f 618/3589 624/3590 619/3591
f 618/3592 619/3593 603/3594
f 619/3595 625/3596 615/3597
f 615/3598 625/3599 626/3600
f 615/3601 626/3602 620/3603
f 623/3604 627/3605 617/3606
f 617/3607 627/3608 628/3609
f 617/3610 628/3611 624/3612
f 624/3613 629/3614 619/3615
f 620/3616 626/3617 630/3618
f 620/3619 630/3620 616/3621
f 616/3622 630/3623 621/3624
f 628/3625 631/3626 624/3627
f 624/3628 631/3629 629/3630
f 625/3631 632/3632 626/3633
f 629/3634 631/3635 619/3636
f 619/3637 633/3638 625/3639
f 632/3640 634/3641 626/3642
f 626/3643 634/3644 635/3645
f 626/3646 635/3647 630/3648
f 630/3649 635/3650 621/3651
f 621/3652 635/3653 636/3654
f 621/3655 636/3656 622/3657
f 622/3658 636/3659 637/3660
f 622/3661 637/3662 623/3663
f 623/3664 637/3665 627/3666
f 628/3667 638/3668 631/3669
f 631/3670 633/3671 619/3672
f 633/3673 639/3674 625/3675
f 625/3676 639/3677 640/3678
f 625/3679 640/3680 632/3681
f 632/3682 640/3683 634/3684
f 634/3685 640/3686 635/3687
f 637/3688 641/3689 627/3690
f 627/3691 641/3692 642/3693
f 627/3694 642/3695 628/3696
f 628/3697 642/3698 638/3699
f 638/3700 643/3701 631/3702
f 631/3703 643/3704 633/3705
f 640/3706 644/3707 635/3708
f 638/3709 642/3710 643/3711
f 639/3712 645/3713 640/3714
f 640/3715 645/3716 644/3717
f 644/3718 646/3719 635/3720
f 635/3721 646/3722 636/3723
f 641/3724 647/3725 642/3726
f 642/3727 648/3728 643/3729
f 643/3730 648/3731 633/3732
f 633/3733 649/3734 639/3735
f 644/3736 645/3737 650/3738
f 644/3739 650/3740 646/3741
f 646/3742 651/3743 636/3744
f 636/3745 651/3746 652/3747
f 636/3748 652/3749 637/3750
f 637/3751 652/3752 641/3753
f 647/3754 653/3755 642/3756
f 642/3757 653/3758 648/3759
f 648/3760 649/3761 633/3762
f 649/3763 654/3764 639/3765
f 639/3766 654/3767 655/3768
f 639/3769 655/3770 645/3771
f 646/3772 650/3773 651/3774
f 652/3775 656/3776 641/3777
f 641/3778 656/3779 647/3780
f 648/3781 653/3782 649/3783
f 655/3784 657/3785 645/3786
f 645/3787 657/3788 658/3789
f 645/3790 658/3791 650/3792
f 647/3793 659/3794 653/3795
f 658/3796 663/3797 650/3798
f 650/3799 663/3800 651/3801
f 656/3802 660/3803 647/3804
f 647/3805 660/3806 659/3807
f 659/3808 661/3809 653/3810
f 653/3811 661/3812 649/3813
f 649/3814 662/3815 654/3816
f 657/3817 663/3818 658/3819
f 663/3820 664/3821 651/3822
f 651/3823 664/3824 665/3825
f 651/3826 665/3827 652/3828
f 652/3829 665/3830 656/3831
f 659/3832 660/3833 661/3834
f 661/3835 662/3836 649/3837
f 662/3838 666/3839 654/3840
f 654/3841 666/3842 667/3843
f 654/3844 667/3845 655/3846
f 655/3847 667/3848 657/3849
f 663/3850 668/3851 664/3852
f 665/3853 669/3854 656/3855
f 656/3856 669/3857 670/3858
f 656/3859 670/3860 660/3861
f 667/3862 671/3863 657/3864
f 657/3865 671/3866 673/3867
f 657/3868 673/3869 663/3870
f 663/3871 673/3872 668/3873
f 665/3874 664/3875 669/3876
f 670/3877 672/3878 660/3879
f 660/3880 672/3881 661/3882
f 672/3883 674/3884 661/3885
f 661/3886 674/3887 662/3888
f 662/3889 675/3890 666/3891
f 671/3892 676/3893 673/3894
f 673/3895 676/3896 677/3897
f 673/3898 677/3899 678/3900
f 673/3901 678/3902 668/3903
f 668/3904 678/3905 679/3906
f 668/3907 679/3908 664/3909
f 664/3910 679/3911 669/3912
f 674/3913 675/3914 662/3915
f 675/3916 680/3917 666/3918
f 666/3919 680/3920 681/3921
f 666/3922 681/3923 667/3924
f 667/3925 681/3926 671/3927
f 679/3928 682/3929 669/3930
f 669/3931 682/3932 683/3933
f 669/3934 683/3935 670/3936
f 670/3937 683/3938 672/3939
f 681/3940 684/3941 671/3942
f 671/3943 684/3944 676/3945
f 683/3946 685/3947 672/3948
f 672/3949 685/3950 674/3951
f 685/3952 686/3953 674/3954
f 674/3955 686/3956 675/3957
f 675/3958 687/3959 680/3960
f 684/3961 688/3962 676/3963
f 676/3964 688/3965 689/3966
f 676/3967 689/3968 677/3969
f 677/3970 689/3971 690/3972
f 677/3973 690/3974 678/3975
f 678/3976 690/3977 691/3978
f 678/3979 691/3980 679/3981
f 679/3982 691/3983 682/3984
f 686/3985 687/3986 675/3987
f 687/3988 692/3989 680/3990
f 680/3991 692/3992 693/3993
f 680/3994 693/3995 681/3996
f 681/3997 693/3998 684/3999
f 691/4000 694/4001 682/4002
f 682/4003 694/4004 695/4005
f 682/4006 695/4007 683/4008
f 683/4009 695/4010 685/4011
f 693/4012 696/4013 684/4014
f 684/4015 696/4016 688/4017
f 695/4018 697/4019 685/4020
f 685/4021 697/4022 686/4023
f 697/4024 698/4025 686/4026
f 686/4027 698/4028 687/4029
f 687/4030 699/4031 692/4032
f 696/4033 700/4034 688/4035
f 688/4036 700/4037 701/4038
f 688/4039 701/4040 689/4041
f 689/4042 701/4043 702/4044
f 689/4045 702/4046 690/4047
f 690/4048 702/4049 703/4050
f 690/4051 703/4052 691/4053
f 691/4054 703/4055 694/4056
f 698/4057 699/4058 687/4059
f 699/4060 704/4061 692/4062
f 692/4063 704/4064 705/4065
f 692/4066 705/4067 693/4068
f 693/4069 705/4070 696/4071
f 703/4072 706/4073 694/4074
f 694/4075 706/4076 707/4077
f 694/4078 707/4079 695/4080
f 695/4081 707/4082 697/4083
f 705/4084 708/4085 696/4086
f 696/4087 708/4088 700/4089
f 707/4090 709/4091 697/4092
f 697/4093 709/4094 698/4095
f 709/4096 710/4097 698/4098
f 698/4099 710/4100 699/4101
f 699/4102 711/4103 704/4104
f 708/4105 712/4106 700/4107
f 700/4108 712/4109 713/4110
f 700/4111 713/4112 701/4113
f 701/4114 713/4115 714/4116
f 701/4117 714/4118 702/4119
f 702/4120 714/4121 715/4122
f 702/4123 715/4124 703/4125
f 703/4126 715/4127 706/4128
f 710/4129 711/4130 699/4131
f 711/4132 716/4133 704/4134
f 704/4135 716/4136 717/4137
f 704/4138 717/4139 705/4140
f 705/4141 717/4142 708/4143
f 715/4144 718/4145 706/4146
f 706/4147 718/4148 719/4149
f 706/4150 719/4151 707/4152
f 707/4153 719/4154 709/4155
f 717/4156 720/4157 708/4158
f 708/4159 720/4160 712/4161
f 719/4162 721/4163 709/4164
f 709/4165 721/4166 710/4167
f 721/4168 722/4169 710/4170
f 710/4171 722/4172 711/4173
f 711/4174 723/4175 716/4176
f 720/4177 724/4178 712/4179
f 712/4180 724/4181 725/4182
f 712/4183 725/4184 713/4185
f 713/4186 725/4187 726/4188
f 713/4189 726/4190 714/4191
f 714/4192 726/4193 727/4194
f 714/4195 727/4196 715/4197
f 715/4198 727/4199 718/4200
f 722/4201 723/4202 711/4203
f 723/4204 728/4205 716/4206
f 716/4207 728/4208 729/4209
f 716/4210 729/4211 717/4212
f 717/4213 729/4214 720/4215
f 727/4216 730/4217 718/4218
f 718/4219 730/4220 731/4221
f 718/4222 731/4223 719/4224
f 719/4225 731/4226 721/4227
f 729/4228 732/4229 720/4230
f 720/4231 732/4232 724/4233
f 731/4234 733/4235 721/4236
f 721/4237 733/4238 722/4239
f 733/4240 734/4241 722/4242
f 722/4243 734/4244 723/4245
f 723/4246 735/4247 728/4248
f 732/4249 736/4250 724/4251
f 724/4252 736/4253 737/4254
f 724/4255 737/4256 725/4257
f 725/4258 737/4259 738/4260
f 725/4261 738/4262 726/4263
f 726/4264 738/4265 739/4266
f 726/4267 739/4268 727/4269
f 727/4270 739/4271 730/4272
f 734/4273 735/4274 723/4275
f 735/4276 740/4277 728/4278
f 728/4279 740/4280 741/4281
f 728/4282 741/4283 729/4284
f 729/4285 741/4286 732/4287
f 739/4288 742/4289 730/4290
f 730/4291 742/4292 743/4293
f 730/4294 743/4295 731/4296
f 731/4297 743/4298 733/4299
f 741/4300 744/4301 732/4302
f 732/4303 744/4304 736/4305
f 743/4306 745/4307 733/4308
f 733/4309 745/4310 734/4311
f 745/4312 746/4313 734/4314
f 734/4315 746/4316 735/4317
f 735/4318 747/4319 740/4320
f 744/4321 748/4322 736/4323
f 736/4324 748/4325 749/4326
f 736/4327 749/4328 737/4329
f 737/4330 749/4331 750/4332
f 737/4333 750/4334 738/4335
f 738/4336 750/4337 751/4338
f 738/4339 751/4340 739/4341
f 739/4342 751/4343 742/4344
f 746/4345 747/4346 735/4347
f 747/4348 752/4349 740/4350
f 740/4351 752/4352 753/4353
f 740/4354 753/4355 741/4356
f 741/4357 753/4358 744/4359
f 751/4360 754/4361 742/4362
f 742/4363 754/4364 755/4365
f 742/4366 755/4367 743/4368
f 743/4369 755/4370 745/4371
f 753/4372 756/4373 744/4374
f 744/4375 756/4376 748/4377
f 755/4378 757/4379 745/4380
f 745/4381 757/4382 746/4383
f 757/4384 758/4385 746/4386
f 746/4387 758/4388 747/4389
f 747/4390 759/4391 752/4392
f 756/4393 760/4394 748/4395
f 748/4396 760/4397 761/4398
f 748/4399 761/4400 749/4401
f 749/4402 761/4403 762/4404
f 749/4405 762/4406 750/4407
f 750/4408 762/4409 763/4410
f 750/4411 763/4412 751/4413
f 751/4414 763/4415 754/4416
f 758/4417 759/4418 747/4419
f 759/4420 764/4421 752/4422
f 752/4423 764/4424 765/4425
f 752/4426 765/4427 753/4428
f 753/4429 765/4430 756/4431
f 763/4432 766/4433 754/4434
f 754/4435 766/4436 767/4437
f 754/4438 767/4439 755/4440
f 755/4441 767/4442 757/4443
f 765/4444 768/4445 756/4446
f 756/4447 768/4448 760/4449
f 767/4450 769/4451 757/4452
f 757/4453 769/4454 758/4455
f 769/4456 770/4457 758/4458
f 758/4459 770/4460 759/4461
f 759/4462 779/4463 764/4464
f 768/4465 771/4466 760/4467
f 760/4468 771/4469 772/4470
f 760/4471 772/4472 761/4473
f 761/4474 772/4475 773/4476
f 761/4477 773/4478 762/4479
f 762/4480 773/4481 774/4482
f 762/4483 774/4484 763/4485
f 763/4486 774/4487 766/4488
f 770/4489 779/4490 759/4491
f 779/4492 775/4493 764/4494
f 764/4495 775/4496 776/4497
f 764/4498 776/4499 765/4500
f 765/4501 776/4502 768/4503
f 774/4504 777/4505 766/4506
f 766/4507 777/4508 778/4509
f 766/4510 778/4511 767/4512
f 767/4513 778/4514 769/4515
f 769/4516 779/4517 770/4518
f 779/4519 780/4520 775/4521
f 776/4522 781/4523 768/4524
f 768/4525 781/4526 771/4527
f 778/4528 782/4529 769/4530
f 769/4531 782/4532 779/4533
f 776/4534 775/4535 781/4536
f 782/4537 783/4538 779/4539
f 779/4540 783/4541 780/4542
f 775/4543 785/4544 781/4545
f 781/4546 785/4547 771/4548
f 771/4549 785/4550 786/4551
f 771/4552 786/4553 772/4554
f 772/4555 786/4556 787/4557
f 772/4558 787/4559 773/4560
f 773/4561 787/4562 788/4563
f 773/4564 788/4565 774/4566
f 774/4567 788/4568 777/4569
f 783/4570 784/4571 780/4572
f 784/4573 789/4574 780/4575
f 780/4576 789/4577 790/4578
f 780/4579 790/4580 775/4581
f 775/4582 790/4583 785/4584
f 788/4585 791/4586 777/4587
f 777/4588 791/4589 792/4590
f 777/4591 792/4592 778/4593
f 778/4594 792/4595 782/4596
f 790/4597 793/4598 785/4599
f 785/4600 793/4601 794/4602
f 785/4603 794/4604 786/4605
f 792/4606 795/4607 782/4608
f 782/4609 795/4610 783/4611
f 795/4612 796/4613 783/4614
f 783/4615 796/4616 784/4617
f 784/4618 797/4619 789/4620
f 794/4621 798/4622 786/4623
f 786/4624 798/4625 799/4626
f 786/4627 799/4628 787/4629
f 787/4630 799/4631 800/4632
f 787/4633 800/4634 788/4635
f 788/4636 800/4637 791/4638
f 796/4639 797/4640 784/4641
f 797/4642 801/4643 789/4644
f 789/4645 801/4646 802/4647
f 789/4648 802/4649 790/4650
f 790/4651 802/4652 793/4653
f 800/4654 803/4655 791/4656
f 791/4657 803/4658 804/4659
f 791/4660 804/4661 792/4662
f 792/4663 804/4664 795/4665
f 802/4666 805/4667 793/4668
f 793/4669 805/4670 806/4671
f 793/4672 806/4673 794/4674
f 794/4675 806/4676 798/4677
f 804/4678 807/4679 795/4680
f 795/4681 807/4682 796/4683
f 807/4684 808/4685 796/4686
f 796/4687 808/4688 797/4689
f 797/4690 809/4691 801/4692
f 806/4693 810/4694 798/4695
f 798/4696 810/4697 811/4698
f 798/4699 811/4700 799/4701
f 799/4702 811/4703 800/4704
f 800/4705 811/4706 803/4707
f 808/4708 809/4709 797/4710
f 809/4711 815/4712 801/4713
f 801/4714 815/4715 812/4716
f 801/4717 812/4718 802/4719
f 802/4720 812/4721 805/4722
f 811/4723 810/4724 813/4725
f 811/4726 813/4727 803/4728
f 803/4729 813/4730 814/4731
f 803/4732 814/4733 804/4734
f 804/4735 814/4736 807/4737
f 807/4738 815/4739 808/4740
f 808/4741 815/4742 809/4743
f 815/4744 816/4745 817/4746
f 815/4747 817/4748 812/4749
f 812/4750 818/4751 805/4752
f 805/4753 818/4754 819/4755
f 805/4756 819/4757 806/4758
f 806/4759 819/4760 820/4761
f 806/4762 820/4763 810/4764
f 810/4765 820/4766 821/4767
f 810/4768 821/4769 813/4770
f 814/4771 822/4772 807/4773
f 807/4774 822/4775 815/4776
f 812/4777 817/4778 818/4779
f 821/4780 823/4781 813/4782
f 813/4783 823/4784 824/4785
f 813/4786 824/4787 814/4788
f 822/4789 825/4790 815/4791
f 815/4792 825/4793 816/4794
f 816/4795 826/4796 817/4797
f 826/4798 827/4799 817/4800
f 817/4801 827/4802 818/4803
f 824/4804 828/4805 814/4806
f 814/4807 828/4808 822/4809
f 822/4810 829/4811 825/4812
f 825/4813 829/4814 816/4815
f 816/4816 830/4817 826/4818
f 827/4819 831/4820 818/4821
f 818/4822 831/4823 832/4824
f 818/4825 832/4826 819/4827
f 819/4828 832/4829 833/4830
f 819/4831 833/4832 820/4833
f 820/4834 833/4835 834/4836
f 820/4837 834/4838 821/4839
f 821/4840 834/4841 823/4842
f 828/4843 835/4844 822/4845
f 822/4846 835/4847 829/4848
f 829/4849 830/4850 816/4851
f 834/4852 836/4853 823/4854
f 823/4855 836/4856 837/4857
f 823/4858 837/4859 824/4860
f 824/4861 837/4862 828/4863
f 829/4864 835/4865 830/4866
f 830/4867 838/4868 826/4869
f 826/4870 838/4871 827/4872
f 834/4873 833/4874 836/4875
f 828/4876 839/4877 835/4878
f 838/4879 840/4880 827/4881
f 827/4882 840/4883 841/4884
f 827/4885 841/4886 831/4887
f 831/4888 841/4889 832/4890
f 832/4891 841/4892 846/4893
f 832/4894 846/4895 842/4896
f 832/4897 842/4898 833/4899
f 833/4900 842/4901 836/4902
f 836/4903 842/4904 843/4905
f 836/4906 843/4907 837/4908
f 837/4909 843/4910 839/4911
f 837/4912 839/4913 828/4914
f 839/4915 844/4916 835/4917
f 835/4918 844/4919 838/4920
f 835/4921 838/4922 830/4923
f 838/4924 849/4925 845/4926
f 838/4927 845/4928 840/4929
f 841/4930 840/4931 846/4932
f 842/4933 847/4934 843/4935
f 839/4936 848/4937 849/4938
f 839/4939 849/4940 844/4941
f 844/4942 849/4943 838/4944
f 845/4945 850/4946 840/4947
f 846/4948 851/4949 842/4950
f 843/4951 847/4952 852/4953
f 843/4954 852/4955 839/4956
f 839/4957 852/4958 848/4959
f 848/4960 857/4961 849/4962
f 850/4963 853/4964 840/4965
f 840/4966 853/4967 854/4968
f 840/4969 854/4970 846/4971
f 846/4972 854/4973 851/4974
f 851/4975 855/4976 842/4977
f 842/4978 855/4979 856/4980
f 842/4981 856/4982 847/4983
f 848/4984 852/4985 857/4986
f 849/4987 858/4988 845/4989
f 851/4990 854/4991 855/4992
f 856/4993 859/4994 847/4995
f 847/4996 859/4997 860/4998
f 847/4999 860/5000 852/5001
f 857/5002 858/5003 849/5004
f 858/5005 861/5006 845/5007
f 845/5008 861/5009 850/5010
f 853/5011 862/5012 854/5013
f 860/5014 863/5015 852/5016
f 852/5017 863/5018 864/5019
f 852/5020 864/5021 857/5022
f 857/5023 864/5024 858/5025
f 861/5026 865/5027 850/5028
f 850/5029 865/5030 853/5031
f 862/5032 866/5033 854/5034
f 854/5035 866/5036 855/5037
f 865/5038 867/5039 853/5040
f 853/5041 867/5042 862/5043
f 866/5044 868/5045 855/5046
f 855/5047 868/5048 869/5049
f 855/5050 869/5051 856/5052
f 856/5053 869/5054 859/5055
f 863/5056 870/5057 864/5058
f 864/5059 870/5060 858/5061
f 858/5062 871/5063 861/5064
f 869/5065 872/5066 859/5067
f 859/5068 872/5069 873/5070
f 859/5071 873/5072 860/5073
f 860/5074 873/5075 863/5076
f 870/5077 871/5078 858/5079
f 871/5080 874/5081 861/5082
f 861/5083 874/5084 865/5085
f 867/5086 875/5087 862/5088
f 862/5089 875/5090 866/5091
f 873/5092 876/5093 863/5094
f 863/5095 876/5096 870/5097
f 870/5098 874/5099 871/5100
f 874/5101 877/5102 878/5103
f 874/5104 878/5105 865/5106
f 865/5107 878/5108 867/5109
f 875/5110 881/5111 866/5112
f 866/5113 881/5114 868/5115
f 869/5116 879/5117 872/5118
f 872/5119 879/5120 873/5121
f 873/5122 879/5123 876/5124
f 878/5125 880/5126 867/5127
f 867/5128 880/5129 881/5130
f 867/5131 881/5132 875/5133
f 881/5134 882/5135 868/5136
f 868/5137 882/5138 889/5139
f 868/5140 889/5141 869/5142
f 869/5143 889/5144 879/5145
f 876/5146 883/5147 870/5148
f 870/5149 883/5150 874/5151
f 874/5152 884/5153 877/5154
f 881/5155 885/5156 882/5157
f 889/5158 886/5159 879/5160
f 879/5161 886/5162 887/5163
f 879/5164 887/5165 876/5166
f 883/5167 884/5168 874/5169
f 880/5170 888/5171 881/5172
f 881/5173 888/5174 885/5175
f 882/5176 885/5177 889/5178
f 887/5179 890/5180 876/5181
f 876/5182 890/5183 883/5184
f 884/5185 891/5186 877/5187
f 877/5188 891/5189 892/5190
f 877/5191 892/5192 878/5193
f 878/5194 892/5195 880/5196
f 888/5197 893/5198 885/5199
f 892/5200 894/5201 880/5202
f 880/5203 894/5204 888/5205
f 893/5206 895/5207 885/5208
f 885/5209 895/5210 896/5211
f 885/5212 896/5213 889/5214
f 889/5215 896/5216 886/5217
f 890/5218 897/5219 883/5220
f 883/5221 897/5222 884/5223
f 884/5224 898/5225 891/5226
f 896/5227 899/5228 886/5229
f 886/5230 899/5231 900/5232
f 886/5233 900/5234 887/5235
f 887/5236 900/5237 890/5238
f 897/5239 898/5240 884/5241
f 894/5242 901/5243 888/5244
f 888/5245 901/5246 893/5247
f 900/5248 902/5249 890/5250
f 890/5251 902/5252 897/5253
f 898/5254 903/5255 891/5256
f 891/5257 903/5258 904/5259
f 891/5260 904/5261 892/5262
f 892/5263 904/5264 894/5265
f 901/5266 905/5267 893/5268
f 893/5269 905/5270 895/5271
f 904/5272 906/5273 894/5274
f 894/5275 906/5276 901/5277
f 905/5278 907/5279 895/5280
f 895/5281 907/5282 908/5283
f 895/5284 908/5285 896/5286
f 896/5287 908/5288 899/5289
f 902/5290 909/5291 897/5292
f 897/5293 909/5294 898/5295
f 898/5296 910/5297 903/5298
f 908/5299 911/5300 899/5301
f 899/5302 911/5303 912/5304
f 899/5305 912/5306 900/5307
f 900/5308 912/5309 902/5310
f 909/5311 910/5312 898/5313
f 906/5314 913/5315 901/5316
f 901/5317 913/5318 905/5319
f 912/5320 914/5321 902/5322
f 902/5323 914/5324 909/5325
f 910/5326 915/5327 903/5328
f 903/5329 915/5330 916/5331
f 903/5332 916/5333 904/5334
f 904/5335 916/5336 906/5337
f 913/5338 917/5339 905/5340
f 905/5341 917/5342 907/5343
f 916/5344 918/5345 906/5346
f 906/5347 918/5348 913/5349
f 917/5350 919/5351 907/5352
f 907/5353 919/5354 920/5355
f 907/5356 920/5357 908/5358
f 908/5359 920/5360 911/5361
f 914/5362 921/5363 909/5364
f 909/5365 921/5366 910/5367
f 910/5368 922/5369 915/5370
f 920/5371 923/5372 911/5373
f 911/5374 923/5375 924/5376
f 911/5377 924/5378 912/5379
f 912/5380 924/5381 914/5382
f 921/5383 922/5384 910/5385
f 918/5386 925/5387 913/5388
f 913/5389 925/5390 917/5391
f 924/5392 926/5393 914/5394
f 914/5395 926/5396 921/5397
f 922/5398 927/5399 915/5400
f 915/5401 927/5402 928/5403
f 915/5404 928/5405 916/5406
f 916/5407 928/5408 918/5409
f 925/5410 929/5411 917/5412
f 917/5413 929/5414 919/5415
f 928/5416 930/5417 918/5418
f 918/5419 930/5420 925/5421
f 929/5422 931/5423 919/5424
f 919/5425 931/5426 932/5427
f 919/5428 932/5429 920/5430
f 920/5431 932/5432 923/5433
f 926/5434 933/5435 921/5436
f 921/5437 933/5438 922/5439
f 922/5440 934/5441 927/5442
f 932/5443 935/5444 923/5445
f 923/5446 935/5447 936/5448
f 923/5449 936/5450 924/5451
f 924/5452 936/5453 926/5454
f 933/5455 934/5456 922/5457
f 930/5458 937/5459 925/5460
f 925/5461 937/5462 929/5463
f 936/5464 938/5465 926/5466
f 926/5467 938/5468 933/5469
f 934/5470 939/5471 927/5472
f 927/5473 939/5474 940/5475
f 927/5476 940/5477 928/5478
f 928/5479 940/5480 930/5481
f 937/5482 941/5483 929/5484
f 929/5485 941/5486 931/5487
f 940/5488 942/5489 930/5490
f 930/5491 942/5492 937/5493
f 941/5494 943/5495 931/5496
f 931/5497 943/5498 944/5499
f 931/5500 944/5501 932/5502
f 932/5503 944/5504 935/5505
f 938/5506 945/5507 933/5508
f 933/5509 945/5510 934/5511
f 934/5512 946/5513 939/5514
f 944/5515 947/5516 935/5517
f 935/5518 947/5519 948/5520
f 935/5521 948/5522 936/5523
f 936/5524 948/5525 938/5526
f 945/5527 946/5528 934/5529
f 942/5530 949/5531 937/5532
f 937/5533 949/5534 941/5535
f 948/5536 950/5537 938/5538
f 938/5539 950/5540 945/5541
f 946/5542 951/5543 939/5544
f 939/5545 951/5546 952/5547
f 939/5548 952/5549 940/5550
f 940/5551 952/5552 942/5553
f 949/5554 953/5555 941/5556
f 941/5557 953/5558 943/5559
f 952/5560 954/5561 942/5562
f 942/5563 954/5564 949/5565
f 953/5566 955/5567 943/5568
f 943/5569 955/5570 956/5571
f 943/5572 956/5573 944/5574
f 944/5575 956/5576 947/5577
f 950/5578 957/5579 945/5580
f 945/5581 957/5582 946/5583
f 946/5584 958/5585 951/5586
f 956/5587 959/5588 947/5589
f 947/5590 959/5591 960/5592
f 947/5593 960/5594 948/5595
f 948/5596 960/5597 950/5598
f 957/5599 958/5600 946/5601
f 954/5602 961/5603 949/5604
f 949/5605 961/5606 953/5607
f 960/5608 962/5609 950/5610
f 950/5611 962/5612 957/5613
f 958/5614 963/5615 951/5616
f 951/5617 963/5618 964/5619
f 951/5620 964/5621 952/5622
f 952/5623 964/5624 954/5625
f 961/5626 965/5627 953/5628
f 953/5629 965/5630 955/5631
f 964/5632 966/5633 954/5634
f 954/5635 966/5636 961/5637
f 965/5638 967/5639 955/5640
f 955/5641 967/5642 968/5643
f 955/5644 968/5645 956/5646
f 956/5647 968/5648 959/5649
f 962/5650 969/5651 957/5652
f 957/5653 969/5654 958/5655
f 958/5656 970/5657 963/5658
f 968/5659 971/5660 959/5661
f 959/5662 971/5663 972/5664
f 959/5665 972/5666 960/5667
f 960/5668 972/5669 962/5670
f 969/5671 970/5672 958/5673
f 966/5674 973/5675 961/5676
f 961/5677 973/5678 965/5679
f 972/5680 974/5681 962/5682
f 962/5683 974/5684 969/5685
f 970/5686 975/5687 963/5688
f 963/5689 975/5690 976/5691
f 963/5692 976/5693 964/5694
f 964/5695 976/5696 966/5697
f 973/5698 977/5699 965/5700
f 965/5701 977/5702 967/5703
f 976/5704 978/5705 966/5706
f 966/5707 978/5708 973/5709
f 977/5710 979/5711 967/5712
f 967/5713 979/5714 980/5715
f 967/5716 980/5717 968/5718
f 968/5719 980/5720 971/5721
f 974/5722 981/5723 969/5724
f 969/5725 981/5726 970/5727
f 970/5728 982/5729 983/5730
f 970/5731 983/5732 975/5733
f 975/5734 983/5735 976/5736
f 976/5737 983/5738 978/5739
f 980/5740 984/5741 971/5742
f 971/5743 984/5744 985/5745
f 971/5746 985/5747 972/5748
f 972/5749 985/5750 974/5751
f 981/5752 982/5753 970/5754
f 978/5755 986/5756 973/5757
f 973/5758 986/5759 977/5760
f 985/5761 987/5762 974/5763
f 974/5764 987/5765 981/5766
f 982/5767 988/5768 983/5769
f 983/5770 988/5771 989/5772
f 983/5773 989/5774 978/5775
f 986/5776 990/5777 977/5778
f 977/5779 990/5780 979/5781
f 989/5782 991/5783 978/5784
f 978/5785 991/5786 986/5787
f 990/5788 992/5789 979/5790
f 979/5791 992/5792 993/5793
f 979/5794 993/5795 980/5796
f 980/5797 993/5798 984/5799
f 987/5800 994/5801 981/5802
f 981/5803 994/5804 982/5805
f 982/5806 995/5807 988/5808
f 993/5809 996/5810 984/5811
f 984/5812 996/5813 997/5814
f 984/5815 997/5816 985/5817
f 985/5818 997/5819 987/5820
f 994/5821 995/5822 982/5823
f 991/5824 998/5825 986/5826
f 986/5827 998/5828 990/5829
f 997/5830 999/5831 987/5832
f 987/5833 999/5834 994/5835
f 995/5836 1000/5837 988/5838
f 988/5839 1000/5840 1001/5841
f 988/5842 1001/5843 989/5844
f 989/5845 1001/5846 991/5847
f 998/5848 1002/5849 990/5850
f 990/5851 1002/5852 992/5853
f 1001/5854 1003/5855 991/5856
f 991/5857 1003/5858 998/5859
f 1002/5860 1004/5861 992/5862
f 992/5863 1004/5864 1005/5865
f 992/5866 1005/5867 993/5868
f 993/5869 1005/5870 996/5871
f 999/5872 1006/5873 994/5874
f 994/5875 1006/5876 995/5877
f 995/5878 1007/5879 1000/5880
f 1005/5881 1008/5882 996/5883
f 996/5884 1008/5885 1009/5886
f 996/5887 1009/5888 997/5889
f 997/5890 1009/5891 999/5892
f 1006/5893 1007/5894 995/5895
f 1003/5896 1010/5897 998/5898
f 998/5899 1010/5900 1002/5901
f 1009/5902 1011/5903 999/5904
f 999/5905 1011/5906 1006/5907
f 1007/5908 1012/5909 1000/5910
f 1000/5911 1012/5912 1013/5913
f 1000/5914 1013/5915 1001/5916
f 1001/5917 1013/5918 1003/5919
f 1010/5920 1014/5921 1002/5922
f 1002/5923 1014/5924 1004/5925
f 1013/5926 1015/5927 1003/5928
f 1003/5929 1015/5930 1010/5931
f 1014/5932 1016/5933 1004/5934
f 1004/5935 1016/5936 1017/5937
f 1004/5938 1017/5939 1005/5940
f 1005/5941 1017/5942 1008/5943
f 1011/5944 1018/5945 1006/5946
f 1006/5947 1018/5948 1007/5949
f 1007/5950 1019/5951 1012/5952
f 1017/5953 1020/5954 1008/5955
f 1008/5956 1020/5957 1021/5958
f 1008/5959 1021/5960 1009/5961
f 1009/5962 1021/5963 1011/5964
f 1018/5965 1019/5966 1007/5967
f 1012/5968 1015/5969 1013/5970
f 1015/5971 1022/5972 1010/5973
f 1010/5974 1022/5975 1014/5976
f 1016/5977 1023/5978 1017/5979
f 1017/5980 1023/5981 1020/5982
f 1020/5983 1023/5984 1021/5985
f 1021/5986 1023/5987 1024/5988
f 1021/5989 1024/5990 1011/5991
f 1011/5992 1024/5993 1018/5994
f 1019/5995 1025/5996 1012/5997
f 1012/5998 1025/5999 1026/6000
f 1012/6001 1026/6002 1015/6003
f 1015/6004 1026/6005 1027/6006
f 1015/6007 1027/6008 1022/6009
f 1022/6010 1028/6011 1014/6012
f 1014/6013 1028/6014 1016/6015
f 1023/6016 1029/6017 1030/6018
f 1023/6019 1030/6020 1024/6021
f 1022/6022 1027/6023 1028/6024
f 1028/6025 1031/6026 1016/6027
f 1016/6028 1031/6029 1032/6030
f 1016/6031 1032/6032 1023/6033
f 1023/6034 1032/6035 1029/6036
f 1024/6037 1030/6038 1033/6039
f 1024/6040 1033/6041 1018/6042
f 1018/6043 1033/6044 1019/6045
f 1019/6046 1034/6047 1035/6048
f 1019/6049 1035/6050 1025/6051
f 1025/6052 1035/6053 1026/6054
f 1026/6055 1035/6056 1036/6057
f 1026/6058 1036/6059 1027/6060
f 1027/6061 1037/6062 1028/6063
f 1028/6064 1037/6065 1031/6066
f 1032/6067 1038/6068 1029/6069
f 1029/6070 1038/6071 1039/6072
f 1029/6073 1039/6074 1030/6075
f 1033/6076 1034/6077 1019/6078
f 1034/6079 1040/6080 1035/6081
f 1035/6082 1040/6083 1041/6084
f 1035/6085 1041/6086 1042/6087
f 1035/6088 1042/6089 1036/6090
f 1036/6091 1042/6092 1027/6093
f 1027/6094 1042/6095 1043/6096
f 1027/6097 1043/6098 1037/6099
f 1037/6100 1043/6101 1031/6102
f 1031/6103 1043/6104 1044/6105
f 1031/6106 1044/6107 1032/6108
f 1032/6109 1044/6110 1045/6111
f 1032/6112 1045/6113 1038/6114
f 1038/6115 1045/6116 1039/6117
f 1039/6118 1045/6119 1046/6120
f 1039/6121 1046/6122 1030/6123
f 1030/6124 1046/6125 1047/6126
f 1030/6127 1047/6128 1033/6129
f 1033/6130 1047/6131 1040/6132
f 1033/6133 1040/6134 1034/6135
f 1040/6136 1048/6137 1049/6138
f 1040/6139 1049/6140 1041/6141
f 1041/6142 1049/6143 1042/6144
f 1042/6145 1049/6146 1050/6147
f 1042/6148 1050/6149 1051/6150
f 1042/6151 1051/6152 1043/6153
f 1043/6154 1051/6155 1052/6156
f 1043/6157 1052/6158 1044/6159
f 1044/6160 1052/6161 1045/6162
f 1045/6163 1052/6164 1053/6165
f 1045/6166 1053/6167 1054/6168
f 1045/6169 1054/6170 1046/6171
f 1046/6172 1054/6173 1047/6174
f 1047/6175 1054/6176 1048/6177
f 1047/6178 1048/6179 1040/6180
f 1048/6181 1055/6182 1056/6183
f 1048/6184 1056/6185 1057/6186
f 1048/6187 1057/6188 1049/6189
f 1049/6190 1057/6191 1058/6192
f 1049/6193 1058/6194 1059/6195
f 1049/6196 1059/6197 1050/6198
f 1050/6199 1059/6200 1051/6201
f 1051/6202 1059/6203 1060/6204
f 1051/6205 1060/6206 1061/6207
f 1051/6208 1061/6209 1052/6210
f 1052/6211 1061/6212 1062/6213
f 1052/6214 1062/6215 1063/6216
f 1052/6217 1063/6218 1053/6219
f 1053/6220 1063/6221 1064/6222
f 1053/6223 1064/6224 1054/6225
f 1054/6226 1064/6227 1065/6228
f 1054/6229 1065/6230 1055/6231
f 1054/6232 1055/6233 1048/6234
f 1055/6235 1066/6236 1067/6237
f 1055/6238 1067/6239 1056/6240
f 1056/6241 1067/6242 1068/6243
f 1056/6244 1068/6245 1057/6246
f 1057/6247 1068/6248 1069/6249
f 1057/6250 1069/6251 1058/6252
f 1058/6253 1069/6254 1070/6255
f 1058/6256 1070/6257 1059/6258
f 1059/6259 1070/6260 1071/6261
f 1059/6262 1071/6263 1072/6264
f 1059/6265 1072/6266 1060/6267
f 1060/6268 1072/6269 1073/6270
f 1060/6271 1073/6272 1061/6273
f 1061/6274 1073/6275 1074/6276
f 1061/6277 1074/6278 1062/6279
f 1062/6280 1074/6281 1075/6282
f 1062/6283 1075/6284 1063/6285
f 1063/6286 1075/6287 1076/6288
f 1063/6289 1076/6290 1064/6291
f 1064/6292 1076/6293 1077/6294
f 1064/6295 1077/6296 1065/6297
f 1065/6298 1077/6299 1066/6300
f 1065/6301 1066/6302 1055/6303
f 1066/6304 1078/6305 1079/6306
f 1066/6307 1079/6308 1067/6309
f 1067/6310 1079/6311 1080/6312
f 1067/6313 1080/6314 1068/6315
f 1068/6316 1080/6317 1081/6318
f 1068/6319 1081/6320 1069/6321
f 1069/6322 1081/6323 1082/6324
f 1069/6325 1082/6326 1070/6327
f 1070/6328 1082/6329 1083/6330
f 1070/6331 1083/6332 1071/6333
f 1071/6334 1083/6335 1084/6336
f 1071/6337 1084/6338 1072/6339
f 1072/6340 1084/6341 1085/6342
f 1072/6343 1085/6344 1073/6345
f 1073/6346 1085/6347 1086/6348
f 1073/6349 1086/6350 1074/6351
f 1074/6352 1086/6353 1087/6354
f 1074/6355 1087/6356 1075/6357
f 1075/6358 1087/6359 1088/6360
f 1075/6361 1088/6362 1076/6363
f 1076/6364 1088/6365 1089/6366
f 1076/6367 1089/6368 1077/6369
f 1077/6370 1089/6371 1078/6372
f 1077/6373 1078/6374 1066/6375
f 575/6376 577/6377 579/6378
f 575/6379 579/6380 573/6381
f 1086/6382 1085/6383 1088/6384
f 1086/6385 1088/6386 1087/6387
f 579/6388 569/6389 571/6390
f 579/6391 571/6392 573/6393
f 1084/6394 1083/6395 1088/6396
f 1084/6397 1088/6398 1085/6399
f 579/6400 565/6401 567/6402
f 579/6403 567/6404 569/6405
f 1082/6406 1081/6407 1088/6408
f 1082/6409 1088/6410 1083/6411
f 579/6412 561/6413 563/6414
f 579/6415 563/6416 565/6417
f 1080/6418 1079/6419 1088/6420
f 1080/6421 1088/6422 1081/6423
f 579/6424 581/6425 558/6426
f 579/6427 558/6428 561/6429
f 1078/6430 1089/6431 1088/6432
f 1078/6433 1088/6434 1079/6435
o Accent
g Accent
usemtl AccentHot
v 0.03479 0.34077 0.04239
v 0.04351 0.34044 0.00010
v 0.03573 0.37288 -0.39988
v 0.03833 0.48824 -0.53519
v 0.02538 0.35165 -0.51848
v 0.05232 0.38947 -0.16213
v 0.04907 0.37305 -0.17479
v 0.03839 0.37494 -0.04747
v 0.07054 0.49637 -0.18595
v 0.05757 0.50679 -0.24027
v 0.06552 0.47867 -0.34193
v 0.01904 0.30578 -0.33841
v 0.05568 0.49895 -0.30472
v 0.06619 0.45197 -0.34915
v 0.02874 0.34666 0.20207
v 0.04610 0.43492 0.16063
v 0.04577 0.40404 0.15382
v 0.03221 0.36702 -0.19723
v 0.03736 0.34654 0.18022
v -0.00068 0.34763 0.21359
v 0.00963 0.42633 0.17374
v 0.02135 0.45630 0.17823
v 0.05825 0.40826 -0.17821
v 0.04157 0.41593 -0.43046
v 0.03091 0.52101 -0.51850
v 0.01057 0.33513 -0.16691
v 0.01686 0.31394 -0.01092
v -0.00453 0.27281 -0.36005
v 0.00608 0.27758 -0.34928
v 0.01115 0.31112 0.04659
v -0.00227 0.22714 0.14294
v -0.01068 0.21815 0.14034
v 0.01524 0.26600 0.13145
v 0.00816 0.34505 -0.06529
v 0.02144 0.36687 -0.25371
v 0.00918 0.35361 -0.45775
v 0.01440 0.34922 -0.41218
v 0.01571 0.35959 -0.09758
v 0.03738 0.39081 -0.10095
v 0.00612 0.35365 -0.21966
v 0.03028 0.38485 -0.45892
v 0.00689 0.34092 -0.49908
v 0.01306 0.29161 -0.36770
v 0.03339 0.31178 -0.36189
v 0.00828 0.30061 0.07136
v 0.02892 0.33108 0.07958
v -0.00037 0.28389 -0.54624
v 0.00727 0.29610 -0.54980
v 0.00278 0.24899 0.15917
v 0.05311 0.45371 -0.09918
v 0.03779 0.39588 -0.52426
v 0.05229 0.37026 -0.35712
v 0.03058 0.31445 0.15712
v 0.03029 0.41180 -0.55166
v 0.03214 0.54008 -0.14471
v 0.07079 0.51193 -0.16730
v 0.04984 0.45550 0.08890
v 0.05848 0.44813 0.07395
v 0.05416 0.49877 -0.05156
v 0.05154 0.53085 -0.13920
v 0.04009 0.51544 -0.05011
v 0.02998 0.53817 -0.19754
v 0.03624 0.51889 -0.47526
v 0.04726 0.50479 -0.47519
v 0.05052 0.49165 -0.49783
v 0.04052 0.50792 -0.40136
v 0.03733 0.44957 0.16083
v 0.07164 0.49507 -0.15771
v 0.06542 0.43491 0.04029
v 0.05764 0.48415 -0.08440
v 0.05425 0.47099 -0.40910
v 0.04926 0.46633 -0.50778
v 0.05684 0.47449 -0.04149
v 0.04640 0.41530 -0.05881
v 0.06716 0.45485 -0.35868
v 0.02479 0.33706 -0.54250
v 0.02023 0.51413 -0.52708
v 0.02172 0.52528 -0.51579
v 0.02100 0.46105 -0.54915
v 0.01541 0.47770 -0.54430
v 0.01139 0.41040 -0.55954
v 0.00662 0.41103 -0.55953
v -0.00305 0.29753 -0.55340
v -0.00475 0.28124 -0.54740
v -0.00473 0.28780 -0.54005
v -0.01040 0.28165 -0.54647
v -0.00282 0.33872 -0.49744
v 0.00249 0.34109 -0.41126
v -0.00112 0.35106 -0.44282
v 0.00051 0.30141 -0.38073
v -0.00325 0.33449 -0.40350
v -0.01095 0.27557 -0.36193
v -0.00634 0.27355 -0.35007
v 0.00308 0.32479 -0.31812
v -0.01047 0.27903 -0.34553
v -0.00398 0.32802 -0.31509
v 0.00556 0.35152 -0.27826
v -0.00174 0.34482 -0.29304
v -0.00044 0.35439 -0.26707
v -0.00045 0.35395 -0.22822
v 0.00153 0.32915 -0.17226
v -0.00324 0.33226 -0.17864
v -0.00350 0.33021 -0.17268
v 0.00428 0.35261 -0.11726
v -0.00090 0.34945 -0.12844
v -0.00062 0.35120 -0.09018
v -0.00117 0.30584 -0.01461
v -0.00636 0.30685 -0.01583
v -0.00643 0.30584 0.02515
v -0.00205 0.30241 0.05382
v -0.00705 0.30084 0.05517
v -0.00816 0.29229 0.07162
v -0.00654 0.26933 0.09839
v -0.00960 0.28117 0.08610
v -0.01774 0.21879 0.13937
v -0.01329 0.21379 0.14685
v -0.00615 0.26365 0.17259
v -0.01830 0.21449 0.14593
v -0.00927 0.21819 0.14737
v 0.01360 0.45639 0.17920
v 0.02284 0.47480 0.08068
v 0.01575 0.47365 0.09273
v 0.02344 0.49590 0.02033
v 0.01759 0.48815 0.04469
v 0.02667 0.52250 -0.05075
v 0.02801 0.53766 -0.11125
v 0.02281 0.52900 -0.07214
v 0.02413 0.53956 -0.12619
v 0.02422 0.54067 -0.16579
v 0.02349 0.53571 -0.22084
v 0.02916 0.51385 -0.35507
v 0.02121 0.51946 -0.32731
v 0.02689 0.52822 -0.50644
v 0.02067 0.51595 -0.38143
v 0.02219 0.52877 -0.50722
v 0.00072 0.30802 -0.52801
v -0.00689 0.30811 -0.52790
v 0.02303 0.34108 -0.17293
v 0.01800 0.35607 -0.13579
v -0.00199 0.34145 -0.15057
v 0.00279 0.34083 -0.15057
v 0.00938 0.32401 -0.03078
v -0.00263 0.33556 -0.05226
v 0.02077 0.32008 0.01563
v -0.00158 0.30604 0.00680
v 0.00183 0.31275 0.19665
v 0.03078 0.31015 -0.35068
v 0.02015 0.33160 -0.32412
v 0.01972 0.35610 -0.28933
v 0.06522 0.48063 -0.18719
v 0.04942 0.46717 -0.21366
v 0.03846 0.40874 -0.20671
v 0.02929 0.44924 0.17777
v 0.00788 0.34716 0.21313
v 0.02214 0.36120 0.19564
v 0.00308 0.37640 0.18739
v 0.03711 0.44264 0.17284
v 0.03124 0.40820 0.17406
v 0.02736 0.38656 0.17976
v 0.02836 0.36619 0.18737
vt 0.94845 0.65023
vt 0.95425 0.74189
vt 0.95551 0.74219
vt 0.82666 0.35884
vt 0.78399 0.29775
vt 0.77855 0.38846
vt 0.90862 0.04084
vt 0.89375 0.15972
vt 0.92961 0.10770
vt 0.39557 0.46833
vt 0.46863 0.46876
vt 0.43961 0.42786
vt 0.20651 0.48671
vt 0.19060 0.41432
vt 0.13014 0.52332
vt 0.13014 0.52332
vt 0.19060 0.41432
vt 0.13165 0.42776
vt 0.59316 0.54155
vt 0.59751 0.44604
vt 0.54809 0.43527
vt 0.59316 0.54155
vt 0.54809 0.43527
vt 0.51403 0.53747
vt 0.07820 0.38894
vt 0.13014 0.52332
vt 0.13165 0.42776
vt 0.13014 0.52332
vt 0.07820 0.38894
vt 0.05310 0.42177
vt 0.25564 0.29979
vt 0.24813 0.23808
vt 0.20651 0.48671
vt 0.20651 0.48671
vt 0.24813 0.23808
vt 0.19060 0.41432
vt 0.66233 0.49299
vt 0.63928 0.40156
vt 0.59751 0.44604
vt 0.66233 0.49299
vt 0.59751 0.44604
vt 0.59316 0.54155
vt 0.24813 0.23808
vt 0.27196 0.19516
vt 0.25802 0.18057
vt 0.25564 0.29979
vt 0.27196 0.19516
vt 0.24813 0.23808
vt 0.81603 0.26561
vt 0.89375 0.15972
vt 0.90862 0.04084
vt 0.82666 0.35884
vt 0.89375 0.15972
vt 0.81603 0.26561
vt 0.82666 0.35884
vt 0.81603 0.26561
vt 0.78399 0.29775
vt 0.77855 0.38846
vt 0.77585 0.67647
vt 0.81937 0.71691
vt 0.77855 0.38846
vt 0.72385 0.38745
vt 0.77585 0.67647
vt 0.92961 0.10770
vt 0.92695 0.30794
vt 0.95684 0.40611
vt 0.92961 0.10770
vt 0.89375 0.15972
vt 0.92695 0.30794
vt 0.72385 0.38745
vt 0.66233 0.49299
vt 0.77585 0.67647
vt 0.16695 0.61840
vt 0.20651 0.48671
vt 0.13014 0.52332
vt 0.59316 0.54155
vt 0.51403 0.53747
vt 0.59544 0.73400
vt 0.13014 0.52332
vt 0.04562 0.55706
vt 0.16695 0.61840
vt 0.04562 0.55706
vt 0.13014 0.52332
vt 0.05310 0.42177
vt 0.20651 0.48671
vt 0.16695 0.61840
vt 0.19458 0.78685
vt 0.26181 0.47867
vt 0.20651 0.48671
vt 0.19458 0.78685
vt 0.20651 0.48671
vt 0.26181 0.47867
vt 0.25564 0.29979
vt 0.92695 0.30794
vt 0.89375 0.15972
vt 0.82666 0.35884
vt 0.82666 0.35884
vt 0.77855 0.38846
vt 0.92695 0.30794
vt 0.01343 0.75643
vt 0.03150 0.83962
vt 0.01019 0.60575
vt 0.83872 0.73946
vt 0.81937 0.71691
vt 0.65704 0.87182
vt 0.32959 0.87239
vt 0.26447 0.91797
vt 0.41296 0.89638
vt 0.54368 0.96999
vt 0.65704 0.87182
vt 0.50733 0.91210
vt 0.54368 0.96999
vt 0.46822 0.99236
vt 0.53655 0.99820
vt 0.10901 0.93338
vt 0.20459 0.89982
vt 0.28146 0.81035
vt 0.10901 0.93338
vt 0.28146 0.81035
vt 0.10910 0.89026
vt 0.65704 0.87182
vt 0.65891 0.92283
vt 0.83872 0.73946
vt 0.83872 0.73946
vt 0.65891 0.92283
vt 0.82808 0.79850
vt 0.54368 0.96999
vt 0.65891 0.92283
vt 0.65704 0.87182
vt 0.20459 0.89982
vt 0.26447 0.91797
vt 0.32959 0.87239
vt 0.20459 0.89982
vt 0.32959 0.87239
vt 0.28146 0.81035
vt 0.95425 0.74189
vt 0.93176 0.72130
vt 0.83872 0.73946
vt 0.83872 0.73946
vt 0.93176 0.72130
vt 0.93149 0.67651
vt 0.65704 0.87182
vt 0.81937 0.71691
vt 0.77585 0.67647
vt 0.65704 0.87182
vt 0.77585 0.67647
vt 0.67006 0.79756
vt 0.50733 0.91210
vt 0.65704 0.87182
vt 0.61457 0.82712
vt 0.50733 0.91210
vt 0.61457 0.82712
vt 0.51973 0.86051
vt 0.51973 0.86051
vt 0.61457 0.82712
vt 0.59544 0.73400
vt 0.51973 0.86051
vt 0.59544 0.73400
vt 0.51403 0.53747
vt 0.48321 0.86448
vt 0.51973 0.86051
vt 0.51403 0.53747
vt 0.48321 0.86448
vt 0.51403 0.53747
vt 0.49323 0.59495
vt 0.51973 0.86051
vt 0.48321 0.86448
vt 0.50733 0.91210
vt 0.19458 0.78685
vt 0.07981 0.85006
vt 0.10910 0.89026
vt 0.10910 0.89026
vt 0.28146 0.81035
vt 0.19458 0.78685
vt 0.67006 0.79756
vt 0.77585 0.67647
vt 0.64765 0.61648
vt 0.65704 0.87182
vt 0.67006 0.79756
vt 0.61457 0.82712
vt 0.28146 0.81035
vt 0.25980 0.73748
vt 0.19458 0.78685
vt 0.19458 0.78685
vt 0.25980 0.73748
vt 0.26181 0.47867
vt 0.83872 0.73946
vt 0.93149 0.67651
vt 0.92269 0.58202
vt 0.83872 0.73946
vt 0.92269 0.58202
vt 0.81937 0.71691
vt 0.02203 0.37712
vt 0.01259 0.25180
vt 0.01019 0.60575
vt 0.05307 0.93988
vt 0.04198 0.91884
vt 0.05658 0.95292
vt 0.03150 0.83962
vt 0.01970 0.80738
vt 0.04198 0.91884
vt 0.03150 0.83962
vt 0.04198 0.91884
vt 0.05307 0.93988
vt 0.01343 0.75643
vt 0.01970 0.80738
vt 0.03150 0.83962
vt 0.01970 0.80738
vt 0.01343 0.75643
vt 0.00000 0.60148
vt 0.01970 0.80738
vt 0.00000 0.60148
vt 0.00001 0.60340
vt 0.01343 0.75643
vt 0.01019 0.60575
vt 0.00000 0.60148
vt 0.01259 0.25180
vt 0.00794 0.25619
vt 0.00000 0.60148
vt 0.01259 0.25180
vt 0.00000 0.60148
vt 0.01019 0.60575
vt 0.00794 0.25619
vt 0.01690 0.20760
vt 0.00001 0.60340
vt 0.00794 0.25619
vt 0.01570 0.20635
vt 0.01690 0.20760
vt 0.01259 0.25180
vt 0.01570 0.20635
vt 0.00794 0.25619
vt 0.02520 0.22644
vt 0.01690 0.20760
vt 0.01570 0.20635
vt 0.01719 0.21446
vt 0.02520 0.22644
vt 0.01570 0.20635
vt 0.01719 0.21446
vt 0.01570 0.20635
vt 0.01259 0.25180
vt 0.13165 0.42776
vt 0.15097 0.41996
vt 0.08032 0.38221
vt 0.13165 0.42776
vt 0.08032 0.38221
vt 0.07820 0.38894
vt 0.13165 0.42776
vt 0.19179 0.38944
vt 0.15097 0.41996
vt 0.19179 0.38944
vt 0.20183 0.36927
vt 0.15097 0.41996
vt 0.19060 0.41432
vt 0.19179 0.38944
vt 0.13165 0.42776
vt 0.19179 0.38944
vt 0.23128 0.26806
vt 0.20183 0.36927
vt 0.23128 0.26806
vt 0.25559 0.18901
vt 0.20183 0.36927
vt 0.24813 0.23808
vt 0.23128 0.26806
vt 0.19179 0.38944
vt 0.24813 0.23808
vt 0.19179 0.38944
vt 0.19060 0.41432
vt 0.25802 0.18057
vt 0.25559 0.18901
vt 0.23128 0.26806
vt 0.24813 0.23808
vt 0.25802 0.18057
vt 0.23128 0.26806
vt 0.27093 0.18283
vt 0.27680 0.19960
vt 0.25559 0.18901
vt 0.27093 0.18283
vt 0.25559 0.18901
vt 0.25802 0.18057
vt 0.27196 0.19516
vt 0.27680 0.19960
vt 0.27093 0.18283
vt 0.27196 0.19516
vt 0.27093 0.18283
vt 0.25802 0.18057
vt 0.31226 0.33957
vt 0.27680 0.19960
vt 0.27196 0.19516
vt 0.31226 0.33957
vt 0.31617 0.34946
vt 0.27680 0.19960
vt 0.31226 0.33957
vt 0.36382 0.42137
vt 0.34470 0.40085
vt 0.31226 0.33957
vt 0.34470 0.40085
vt 0.31617 0.34946
vt 0.36382 0.42137
vt 0.37828 0.43013
vt 0.34470 0.40085
vt 0.34949 0.43537
vt 0.36382 0.42137
vt 0.31226 0.33957
vt 0.43961 0.42786
vt 0.42854 0.42878
vt 0.37828 0.43013
vt 0.43961 0.42786
vt 0.37828 0.43013
vt 0.36382 0.42137
vt 0.39557 0.46833
vt 0.43961 0.42786
vt 0.36382 0.42137
vt 0.50092 0.35291
vt 0.49267 0.36243
vt 0.42854 0.42878
vt 0.50092 0.35291
vt 0.42854 0.42878
vt 0.43961 0.42786
vt 0.50784 0.37123
vt 0.50092 0.35291
vt 0.50005 0.38943
vt 0.57206 0.42470
vt 0.60709 0.42037
vt 0.55760 0.41503
vt 0.59751 0.44604
vt 0.57206 0.42470
vt 0.54809 0.43527
vt 0.63928 0.40156
vt 0.60709 0.42037
vt 0.57206 0.42470
vt 0.63928 0.40156
vt 0.65614 0.37254
vt 0.60709 0.42037
vt 0.63928 0.40156
vt 0.57206 0.42470
vt 0.59751 0.44604
vt 0.70483 0.28160
vt 0.65614 0.37254
vt 0.63928 0.40156
vt 0.68392 0.33720
vt 0.70483 0.28160
vt 0.63928 0.40156
vt 0.79335 0.27112
vt 0.79508 0.26630
vt 0.75626 0.28162
vt 0.81603 0.26561
vt 0.79335 0.27112
vt 0.78399 0.29775
vt 0.79335 0.27112
vt 0.81637 0.24015
vt 0.79508 0.26630
vt 0.79335 0.27112
vt 0.85099 0.16991
vt 0.83509 0.20614
vt 0.79335 0.27112
vt 0.83509 0.20614
vt 0.81637 0.24015
vt 0.81603 0.26561
vt 0.85099 0.16991
vt 0.79335 0.27112
vt 0.85099 0.16991
vt 0.90400 0.01532
vt 0.83509 0.20614
vt 0.90862 0.04084
vt 0.85099 0.16991
vt 0.81603 0.26561
vt 0.90400 0.01532
vt 0.85099 0.16991
vt 0.90525 0.01335
vt 0.85099 0.16991
vt 0.90862 0.04084
vt 0.90525 0.01335
vt 0.94696 0.15254
vt 0.91248 0.00214
vt 0.91367 0.00000
vt 0.92961 0.10770
vt 0.94696 0.15254
vt 0.91367 0.00000
vt 0.92961 0.10770
vt 0.91367 0.00000
vt 0.91434 0.01346
vt 0.94696 0.15254
vt 1.00000 0.40944
vt 0.91248 0.00214
vt 0.82808 0.79850
vt 0.84367 0.79499
vt 0.95551 0.74219
vt 0.82808 0.79850
vt 0.95551 0.74219
vt 0.95425 0.74189
vt 0.84367 0.79499
vt 0.82808 0.79850
vt 0.78153 0.83933
vt 0.83872 0.73946
vt 0.82808 0.79850
vt 0.95425 0.74189
vt 0.75002 0.86305
vt 0.78153 0.83933
vt 0.82808 0.79850
vt 0.65891 0.92283
vt 0.65809 0.94444
vt 0.75002 0.86305
vt 0.65891 0.92283
vt 0.75002 0.86305
vt 0.82808 0.79850
vt 0.57983 0.99080
vt 0.63041 0.96431
vt 0.65809 0.94444
vt 0.63041 0.96431
vt 0.57983 0.99080
vt 0.56051 0.99663
vt 0.53655 0.99820
vt 0.57983 0.99080
vt 0.54368 0.96999
vt 0.54368 0.96999
vt 0.57983 0.99080
vt 0.65809 0.94444
vt 0.54368 0.96999
vt 0.65809 0.94444
vt 0.65891 0.92283
vt 0.57983 0.99080
vt 0.53655 0.99820
vt 0.50929 1.00000
vt 0.57983 0.99080
vt 0.50929 1.00000
vt 0.56051 0.99663
vt 0.46822 0.99236
vt 0.30038 0.93512
vt 0.43809 0.98483
vt 0.26447 0.91797
vt 0.30038 0.93512
vt 0.46822 0.99236
vt 0.26447 0.91797
vt 0.23038 0.92440
vt 0.30038 0.93512
vt 0.06867 0.96193
vt 0.23038 0.92440
vt 0.26447 0.91797
vt 0.20459 0.89982
vt 0.06867 0.96193
vt 0.26447 0.91797
vt 0.10901 0.93338
vt 0.06867 0.96193
vt 0.20459 0.89982
vt 0.06867 0.96193
vt 0.06767 0.96362
vt 0.23038 0.92440
vt 0.05307 0.93988
vt 0.06867 0.96193
vt 0.10901 0.93338
vt 0.10901 0.93338
vt 0.10910 0.89026
vt 0.05307 0.93988
vt 0.01719 0.21446
vt 0.01259 0.25180
vt 0.05310 0.42177
vt 0.01719 0.21446
vt 0.05310 0.42177
vt 0.04078 0.28829
vt 0.04078 0.28829
vt 0.05310 0.42177
vt 0.07820 0.38894
vt 0.05310 0.42177
vt 0.01259 0.25180
vt 0.02203 0.37712
vt 0.02203 0.37712
vt 0.04562 0.55706
vt 0.05310 0.42177
vt 0.04078 0.28829
vt 0.04092 0.28856
vt 0.01690 0.20760
vt 0.04078 0.28829
vt 0.01690 0.20760
vt 0.02520 0.22644
vt 0.07820 0.38894
vt 0.08032 0.38221
vt 0.04092 0.28856
vt 0.07820 0.38894
vt 0.04092 0.28856
vt 0.04078 0.28829
vt 0.04078 0.28829
vt 0.02520 0.22644
vt 0.01719 0.21446
vt 0.05307 0.93988
vt 0.05658 0.95292
vt 0.06767 0.96362
vt 0.05307 0.93988
vt 0.06767 0.96362
vt 0.06867 0.96193
vt 0.90525 0.01335
vt 0.90862 0.04084
vt 0.91434 0.01346
vt 0.92961 0.10770
vt 0.91434 0.01346
vt 0.90862 0.04084
vt 0.91367 0.00000
vt 0.91248 0.00214
vt 0.90400 0.01532
vt 0.91367 0.00000
vt 0.90400 0.01532
vt 0.90525 0.01335
vt 0.91434 0.01346
vt 0.91367 0.00000
vt 0.90525 0.01335
vt 0.43961 0.42786
vt 0.46863 0.46876
vt 0.50005 0.38943
vt 0.46822 0.99236
vt 0.54368 0.96999
vt 0.26447 0.91797
vt 0.41296 0.89638
vt 0.26447 0.91797
vt 0.54368 0.96999
vt 0.41296 0.89638
vt 0.54368 0.96999
vt 0.50733 0.91210
vt 0.50092 0.35291
vt 0.50038 0.35615
vt 0.49267 0.36243
vt 0.50005 0.38943
vt 0.50092 0.35291
vt 0.43961 0.42786
vt 0.46822 0.99236
vt 0.43809 0.98483
vt 0.50929 1.00000
vt 0.46822 0.99236
vt 0.50929 1.00000
vt 0.53655 0.99820
vt 0.50784 0.37123
vt 0.50005 0.38943
vt 0.54809 0.43527
vt 0.51403 0.53747
vt 0.54809 0.43527
vt 0.50005 0.38943
vt 0.51403 0.53747
vt 0.50005 0.38943
vt 0.49764 0.48721
vt 0.57206 0.42470
vt 0.55760 0.41503
vt 0.52898 0.39056
vt 0.57206 0.42470
vt 0.52898 0.39056
vt 0.52897 0.38864
vt 0.54809 0.43527
vt 0.57206 0.42470
vt 0.52897 0.38864
vt 0.54809 0.43527
vt 0.52897 0.38864
vt 0.50092 0.35291
vt 0.54809 0.43527
vt 0.50092 0.35291
vt 0.50784 0.37123
vt 0.68392 0.33720
vt 0.63928 0.40156
vt 0.70961 0.30639
vt 0.72385 0.38745
vt 0.70961 0.30639
vt 0.63928 0.40156
vt 0.72385 0.38745
vt 0.63928 0.40156
vt 0.66233 0.49299
vt 0.70483 0.28160
vt 0.70325 0.28471
vt 0.65614 0.37254
vt 0.70961 0.30639
vt 0.70483 0.28160
vt 0.68392 0.33720
vt 0.70961 0.30639
vt 0.74394 0.32519
vt 0.78399 0.29775
vt 0.77855 0.38846
vt 0.78399 0.29775
vt 0.74394 0.32519
vt 0.77855 0.38846
vt 0.74394 0.32519
vt 0.70961 0.30639
vt 0.77855 0.38846
vt 0.70961 0.30639
vt 0.72385 0.38745
vt 0.73253 0.28222
vt 0.79335 0.27112
vt 0.75626 0.28162
vt 0.78399 0.29775
vt 0.79335 0.27112
vt 0.73253 0.28222
vt 0.78399 0.29775
vt 0.73253 0.28222
vt 0.70961 0.30639
vt 0.70961 0.30639
vt 0.73253 0.28222
vt 0.70483 0.28160
vt 0.94696 0.15254
vt 0.92961 0.10770
vt 0.98510 0.40648
vt 0.94696 0.15254
vt 0.98510 0.40648
vt 0.97808 0.30276
vt 0.98510 0.40648
vt 0.92961 0.10770
vt 0.95684 0.40611
vt 0.77585 0.67647
vt 0.66233 0.49299
vt 0.64765 0.61648
vt 0.00000 0.60148
vt 0.00794 0.25619
vt 0.00001 0.60340
vt 0.49764 0.48721
vt 0.49323 0.59495
vt 0.51403 0.53747
vt 0.34949 0.43537
vt 0.31226 0.33957
vt 0.30450 0.36041
vt 0.34949 0.43537
vt 0.39557 0.46833
vt 0.36382 0.42137
vt 0.31226 0.33957
vt 0.28601 0.28144
vt 0.30450 0.36041
vt 0.27196 0.19516
vt 0.28601 0.28144
vt 0.31226 0.33957
vt 0.27015 0.29481
vt 0.27196 0.19516
vt 0.25564 0.29979
vt 0.26181 0.47867
vt 0.25980 0.73748
vt 0.27212 0.72865
vt 0.26181 0.47867
vt 0.27015 0.29481
vt 0.25564 0.29979
vt 0.48321 0.86448
vt 0.48160 0.81634
vt 0.44737 0.77517
vt 0.28601 0.28144
vt 0.27015 0.29481
vt 0.26181 0.47867
vt 0.28146 0.81035
vt 0.32959 0.87239
vt 0.30450 0.36041
vt 0.32959 0.87239
vt 0.34949 0.43537
vt 0.30450 0.36041
vt 0.48321 0.86448
vt 0.44737 0.77517
vt 0.41296 0.89638
vt 0.41296 0.89638
vt 0.44737 0.77517
vt 0.32959 0.87239
vt 0.44737 0.77517
vt 0.48160 0.81634
vt 0.46863 0.46876
vt 0.44737 0.77517
vt 0.46863 0.46876
vt 0.45636 0.59642
vt 0.49323 0.59495
vt 0.48160 0.81634
vt 0.48321 0.86448
vt 0.95425 0.74189
vt 0.95366 0.72030
vt 0.94729 0.70012
vt 0.95425 0.74189
vt 0.94729 0.70012
vt 0.93176 0.72130
vt 0.98510 0.40648
vt 0.99940 0.40802
vt 0.97808 0.30276
vt 0.97677 0.45098
vt 0.96610 0.49747
vt 1.00000 0.40944
vt 0.95624 0.52856
vt 0.96610 0.49747
vt 0.97677 0.45098
vt 0.96610 0.49747
vt 0.95624 0.52856
vt 0.94845 0.65023
vt 0.94886 0.59475
vt 0.94845 0.65023
vt 0.95624 0.52856
vt 0.94845 0.65023
vt 0.94886 0.59475
vt 0.94729 0.70012
vt 0.94845 0.65023
vt 0.94729 0.70012
vt 0.95366 0.72030
vt 0.94845 0.65023
vt 0.95366 0.72030
vt 0.95425 0.74189
vt 0.95624 0.52856
vt 0.97677 0.45098
vt 0.96608 0.46622
vt 0.96608 0.46622
vt 0.98510 0.40648
vt 0.95684 0.40611
vt 0.96608 0.46622
vt 0.95684 0.40611
vt 0.92269 0.58202
vt 0.96608 0.46622
vt 0.92269 0.58202
vt 0.95624 0.52856
vt 0.92269 0.58202
vt 0.94886 0.59475
vt 0.95624 0.52856
vt 0.94886 0.59475
vt 0.92269 0.58202
vt 0.94729 0.70012
vt 0.52898 0.39056
vt 0.50038 0.35615
vt 0.50092 0.35291
vt 0.52898 0.39056
vt 0.50092 0.35291
vt 0.52897 0.38864
vt 0.75626 0.28162
vt 0.70325 0.28471
vt 0.70483 0.28160
vt 0.75626 0.28162
vt 0.70483 0.28160
vt 0.73253 0.28222
vt 0.48321 0.86448
vt 0.41296 0.89638
vt 0.50733 0.91210
vt 0.27212 0.72865
vt 0.25980 0.73748
vt 0.28146 0.81035
vt 0.27196 0.19516
vt 0.27015 0.29481
vt 0.28601 0.28144
vt 0.49323 0.59495
vt 0.46863 0.46876
vt 0.48160 0.81634
vt 0.94729 0.70012
vt 0.93149 0.67651
vt 0.93176 0.72130
vt 0.97677 0.45098
vt 0.99940 0.40802
vt 0.98510 0.40648
vt 0.97677 0.45098
vt 0.98510 0.40648
vt 0.96608 0.46622
vt 0.99940 0.40802
vt 0.97677 0.45098
vt 1.00000 0.40944
vt 0.94729 0.70012
vt 0.92269 0.58202
vt 0.93149 0.67651
vt 0.06694 0.77258
vt 0.07981 0.85006
vt 0.19458 0.78685
vt 0.06694 0.77258
vt 0.19458 0.78685
vt 0.16695 0.61840
vt 0.78153 0.83933
vt 0.75002 0.86305
vt 0.65809 0.94444
vt 0.78153 0.83933
vt 0.65809 0.94444
vt 0.63041 0.96431
vt 0.26181 0.47867
vt 0.27212 0.72865
vt 0.28146 0.81035
vt 0.26181 0.47867
vt 0.28146 0.81035
vt 0.28601 0.28144
vt 0.28601 0.28144
vt 0.28146 0.81035
vt 0.30450 0.36041
vt 0.39557 0.46833
vt 0.45636 0.59642
vt 0.46863 0.46876
vt 0.46863 0.46876
vt 0.49323 0.59495
vt 0.49764 0.48721
vt 0.02203 0.37712
vt 0.01019 0.60575
vt 0.04562 0.55706
vt 0.59316 0.54155
vt 0.64765 0.61648
vt 0.66233 0.49299
vt 0.61457 0.82712
vt 0.67006 0.79756
vt 0.64765 0.61648
vt 0.45636 0.59642
vt 0.39557 0.46833
vt 0.44737 0.77517
vt 0.92695 0.30794
vt 0.92269 0.58202
vt 0.95684 0.40611
vt 0.46863 0.46876
vt 0.49764 0.48721
vt 0.50005 0.38943
vt 0.04562 0.55706
vt 0.01019 0.60575
vt 0.03150 0.83962
vt 0.04562 0.55706
vt 0.03150 0.83962
vt 0.06694 0.77258
vt 0.06694 0.77258
vt 0.03150 0.83962
vt 0.07981 0.85006
vt 0.07981 0.85006
vt 0.03150 0.83962
vt 0.05307 0.93988
vt 0.07981 0.85006
vt 0.05307 0.93988
vt 0.10910 0.89026
vt 0.99940 0.40802
vt 1.00000 0.40944
vt 0.97808 0.30276
vt 1.00000 0.40944
vt 0.94696 0.15254
vt 0.97808 0.30276
vt 0.92695 0.30794
vt 0.77855 0.38846
vt 0.81937 0.71691
vt 0.92695 0.30794
vt 0.81937 0.71691
vt 0.92269 0.58202
vt 0.64765 0.61648
vt 0.59316 0.54155
vt 0.61457 0.82712
vt 0.06694 0.77258
vt 0.16695 0.61840
vt 0.04562 0.55706
vt 0.34949 0.43537
vt 0.32959 0.87239
vt 0.44737 0.77517
vt 0.34949 0.43537
vt 0.44737 0.77517
vt 0.39557 0.46833
vt 0.59316 0.54155
vt 0.59544 0.73400
vt 0.61457 0.82712
f 1110/6436 1111/6437 1209/6438
f 1135/6439 1119/6440 1090/6441
f 1120/6442 1122/6443 1138/6444
f 1124/6445 1107/6446 1129/6447
f 1092/6448 1126/6449 1130/6450
f 1130/6451 1126/6452 1125/6453
f 1128/6454 1127/6455 1228/6456
f 1128/6457 1228/6458 1095/6459
f 1131/6460 1130/6461 1125/6462
f 1130/6463 1131/6464 1094/6465
f 1133/6466 1132/6467 1092/6468
f 1092/6469 1132/6470 1126/6471
f 1097/6472 1123/6473 1127/6474
f 1097/6475 1127/6476 1128/6477
f 1132/6478 1118/6479 1117/6480
f 1133/6481 1118/6482 1132/6483
f 1134/6484 1122/6485 1120/6486
f 1135/6487 1122/6488 1134/6489
f 1135/6490 1134/6491 1119/6492
f 1090/6493 1158/6494 1147/6495
f 1090/6496 1091/6497 1158/6498
f 1138/6499 1142/6500 1108/6501
f 1138/6502 1122/6503 1142/6504
f 1091/6505 1097/6506 1158/6507
f 1113/6508 1092/6509 1130/6510
f 1128/6511 1095/6512 1139/6513
f 1130/6514 1140/6515 1113/6516
f 1140/6517 1130/6518 1094/6519
f 1092/6520 1113/6521 1160/6522
f 1141/6523 1092/6524 1160/6525
f 1092/6526 1141/6527 1133/6528
f 1142/6529 1122/6530 1135/6531
f 1135/6532 1090/6533 1142/6534
f 1168/6535 1093/6536 1143/6537
f 1146/6538 1147/6539 1148/6540
f 1102/6541 1220/6542 1099/6543
f 1149/6544 1148/6545 1145/6546
f 1149/6547 1151/6548 1144/6549
f 1152/6550 1155/6551 1100/6552
f 1152/6553 1100/6554 1153/6555
f 1148/6556 1150/6557 1146/6558
f 1146/6559 1150/6560 1210/6561
f 1149/6562 1150/6563 1148/6564
f 1155/6565 1220/6566 1102/6567
f 1155/6568 1102/6569 1100/6570
f 1111/6571 1156/6572 1146/6573
f 1146/6574 1156/6575 1105/6576
f 1148/6577 1147/6578 1158/6579
f 1148/6580 1158/6581 1162/6582
f 1145/6583 1148/6584 1159/6585
f 1145/6586 1159/6587 1157/6588
f 1157/6589 1159/6590 1139/6591
f 1157/6592 1139/6593 1095/6594
f 1098/6595 1157/6596 1095/6597
f 1098/6598 1095/6599 1112/6600
f 1157/6601 1098/6602 1145/6603
f 1160/6604 1154/6605 1153/6606
f 1153/6607 1100/6608 1160/6609
f 1162/6610 1158/6611 1163/6612
f 1148/6613 1162/6614 1159/6615
f 1100/6616 1164/6617 1160/6618
f 1160/6619 1164/6620 1141/6621
f 1146/6622 1105/6623 1106/6624
f 1146/6625 1106/6626 1147/6627
f 1165/6628 1137/6629 1143/6630
f 1114/6631 1166/6632 1167/6633
f 1093/6634 1169/6635 1166/6636
f 1093/6637 1166/6638 1114/6639
f 1168/6640 1169/6641 1093/6642
f 1169/6643 1168/6644 1170/6645
f 1169/6646 1170/6647 1171/6648
f 1168/6649 1143/6650 1170/6651
f 1137/6652 1172/6653 1170/6654
f 1137/6655 1170/6656 1143/6657
f 1172/6658 1175/6659 1171/6660
f 1172/6661 1173/6662 1175/6663
f 1137/6664 1173/6665 1172/6666
f 1174/6667 1175/6668 1173/6669
f 1136/6670 1174/6671 1173/6672
f 1136/6673 1173/6674 1137/6675
f 1125/6676 1178/6677 1176/6678
f 1125/6679 1176/6680 1131/6681
f 1125/6682 1177/6683 1178/6684
f 1177/6685 1180/6686 1178/6687
f 1126/6688 1177/6689 1125/6690
f 1177/6691 1179/6692 1180/6693
f 1179/6694 1181/6695 1180/6696
f 1132/6697 1179/6698 1177/6699
f 1132/6700 1177/6701 1126/6702
f 1117/6703 1181/6704 1179/6705
f 1132/6706 1117/6707 1179/6708
f 1182/6709 1184/6710 1181/6711
f 1182/6712 1181/6713 1117/6714
f 1118/6715 1184/6716 1182/6717
f 1118/6718 1182/6719 1117/6720
f 1183/6721 1184/6722 1118/6723
f 1183/6724 1185/6725 1184/6726
f 1183/6727 1186/6728 1187/6729
f 1183/6730 1187/6731 1185/6732
f 1186/6733 1188/6734 1187/6735
f 1238/6736 1186/6737 1183/6738
f 1129/6739 1189/6740 1188/6741
f 1129/6742 1188/6743 1186/6744
f 1124/6745 1129/6746 1186/6747
f 1190/6748 1191/6749 1189/6750
f 1190/6751 1189/6752 1129/6753
f 1115/6754 1190/6755 1227/6756
f 1193/6757 1195/6758 1194/6759
f 1127/6760 1193/6761 1228/6762
f 1123/6763 1195/6764 1193/6765
f 1123/6766 1232/6767 1195/6768
f 1123/6769 1193/6770 1127/6771
f 1196/6772 1232/6773 1123/6774
f 1231/6775 1196/6776 1123/6777
f 1199/6778 1200/6779 1198/6780
f 1134/6781 1199/6782 1119/6783
f 1199/6784 1201/6785 1200/6786
f 1199/6787 1202/6788 1203/6789
f 1199/6790 1203/6791 1201/6792
f 1134/6793 1202/6794 1199/6795
f 1202/6796 1204/6797 1203/6798
f 1120/6799 1202/6800 1134/6801
f 1204/6802 1202/6803 1121/6804
f 1202/6805 1120/6806 1121/6807
f 1206/6808 1207/6809 1205/6810
f 1138/6811 1206/6812 1205/6813
f 1138/6814 1205/6815 1208/6816
f 1206/6817 1109/6818 1207/6819
f 1210/6820 1211/6821 1209/6822
f 1210/6823 1209/6824 1111/6825
f 1211/6826 1210/6827 1213/6828
f 1146/6829 1210/6830 1111/6831
f 1212/6832 1213/6833 1210/6834
f 1150/6835 1214/6836 1212/6837
f 1150/6838 1212/6839 1210/6840
f 1215/6841 1216/6842 1214/6843
f 1216/6844 1215/6845 1217/6846
f 1144/6847 1215/6848 1149/6849
f 1149/6850 1215/6851 1214/6852
f 1149/6853 1214/6854 1150/6855
f 1215/6856 1144/6857 1218/6858
f 1215/6859 1218/6860 1217/6861
f 1151/6862 1221/6863 1219/6864
f 1220/6865 1221/6866 1151/6867
f 1220/6868 1223/6869 1221/6870
f 1222/6871 1223/6872 1220/6873
f 1155/6874 1222/6875 1220/6876
f 1152/6877 1222/6878 1155/6879
f 1222/6880 1224/6881 1223/6882
f 1114/6883 1222/6884 1152/6885
f 1152/6886 1153/6887 1114/6888
f 1136/6889 1137/6890 1094/6891
f 1136/6892 1094/6893 1225/6894
f 1225/6895 1094/6896 1131/6897
f 1094/6898 1137/6899 1165/6900
f 1165/6901 1140/6902 1094/6903
f 1225/6904 1226/6905 1175/6906
f 1225/6907 1175/6908 1174/6909
f 1131/6910 1176/6911 1226/6912
f 1131/6913 1226/6914 1225/6915
f 1225/6916 1174/6917 1136/6918
f 1114/6919 1167/6920 1224/6921
f 1114/6922 1224/6923 1222/6924
f 1121/6925 1120/6926 1208/6927
f 1138/6928 1208/6929 1120/6930
f 1205/6931 1207/6932 1204/6933
f 1205/6934 1204/6935 1121/6936
f 1208/6937 1205/6938 1121/6939
f 1129/6940 1107/6941 1227/6942
f 1151/6943 1149/6944 1220/6945
f 1099/6946 1220/6947 1149/6948
f 1099/6949 1149/6950 1145/6951
f 1190/6952 1192/6953 1191/6954
f 1227/6955 1190/6956 1129/6957
f 1151/6958 1219/6959 1218/6960
f 1151/6961 1218/6962 1144/6963
f 1115/6964 1227/6965 1228/6966
f 1095/6967 1228/6968 1227/6969
f 1095/6970 1227/6971 1096/6972
f 1193/6973 1194/6974 1229/6975
f 1193/6976 1229/6977 1230/6978
f 1228/6979 1193/6980 1230/6981
f 1228/6982 1230/6983 1190/6984
f 1228/6985 1190/6986 1115/6987
f 1231/6988 1123/6989 1116/6990
f 1091/6991 1116/6992 1123/6993
f 1091/6994 1123/6995 1097/6996
f 1196/6997 1197/6998 1232/6999
f 1116/7000 1196/7001 1231/7002
f 1116/7003 1233/7004 1119/7005
f 1090/7006 1119/7007 1233/7008
f 1090/7009 1233/7010 1116/7011
f 1090/7012 1116/7013 1091/7014
f 1234/7015 1199/7016 1198/7017
f 1119/7018 1199/7019 1234/7020
f 1119/7021 1234/7022 1116/7023
f 1116/7024 1234/7025 1196/7026
f 1206/7027 1138/7028 1104/7029
f 1206/7030 1104/7031 1235/7032
f 1104/7033 1138/7034 1108/7035
f 1158/7036 1097/7037 1163/7038
f 1170/7039 1172/7040 1171/7041
f 1096/7042 1112/7043 1095/7044
f 1238/7045 1183/7046 1237/7047
f 1238/7048 1124/7049 1186/7050
f 1183/7051 1101/7052 1237/7053
f 1118/7054 1101/7055 1183/7056
f 1236/7057 1118/7058 1133/7059
f 1141/7060 1164/7061 1103/7062
f 1141/7063 1236/7064 1133/7065
f 1098/7066 1239/7067 1240/7068
f 1101/7069 1236/7070 1141/7071
f 1100/7072 1102/7073 1237/7074
f 1102/7075 1238/7076 1237/7077
f 1098/7078 1240/7079 1099/7080
f 1099/7081 1240/7082 1102/7083
f 1240/7084 1239/7085 1107/7086
f 1240/7087 1107/7088 1241/7089
f 1112/7090 1239/7091 1098/7092
f 1111/7093 1242/7094 1246/7095
f 1111/7096 1246/7097 1156/7098
f 1104/7099 1243/7100 1235/7101
f 1244/7102 1245/7103 1109/7104
f 1248/7105 1245/7106 1244/7107
f 1245/7108 1248/7109 1110/7110
f 1247/7111 1110/7112 1248/7113
f 1110/7114 1247/7115 1246/7116
f 1110/7117 1246/7118 1242/7119
f 1110/7120 1242/7121 1111/7122
f 1248/7123 1244/7124 1249/7125
f 1249/7126 1104/7127 1108/7128
f 1249/7129 1108/7130 1106/7131
f 1249/7132 1106/7133 1248/7134
f 1106/7135 1247/7136 1248/7137
f 1247/7138 1106/7139 1246/7140
f 1229/7141 1192/7142 1190/7143
f 1229/7144 1190/7145 1230/7146
f 1198/7147 1197/7148 1196/7149
f 1198/7150 1196/7151 1234/7152
f 1098/7153 1099/7154 1145/7155
f 1103/7156 1164/7157 1100/7158
f 1118/7159 1236/7160 1101/7161
f 1112/7162 1107/7163 1239/7164
f 1246/7165 1105/7166 1156/7167
f 1244/7168 1243/7169 1104/7170
f 1244/7171 1104/7172 1249/7173
f 1243/7174 1244/7175 1109/7176
f 1246/7177 1106/7178 1105/7179
f 1161/7180 1154/7181 1160/7182
f 1161/7183 1160/7184 1113/7185
f 1213/7186 1212/7187 1214/7188
f 1213/7189 1214/7190 1216/7191
f 1141/7192 1103/7193 1100/7194
f 1141/7195 1100/7196 1101/7197
f 1101/7198 1100/7199 1237/7200
f 1124/7201 1241/7202 1107/7203
f 1107/7204 1112/7205 1096/7206
f 1165/7207 1143/7208 1140/7209
f 1128/7210 1163/7211 1097/7212
f 1159/7213 1162/7214 1163/7215
f 1241/7216 1124/7217 1240/7218
f 1142/7219 1106/7220 1108/7221
f 1107/7222 1096/7223 1227/7224
f 1140/7225 1143/7226 1093/7227
f 1140/7228 1093/7229 1161/7230
f 1161/7231 1093/7232 1154/7233
f 1154/7234 1093/7235 1114/7236
f 1154/7237 1114/7238 1153/7239
f 1243/7240 1109/7241 1235/7242
f 1109/7243 1206/7244 1235/7245
f 1142/7246 1090/7247 1147/7248
f 1142/7249 1147/7250 1106/7251
f 1163/7252 1128/7253 1159/7254
f 1161/7255 1113/7256 1140/7257
f 1238/7258 1102/7259 1240/7260
f 1238/7261 1240/7262 1124/7263
f 1128/7264 1139/7265 1159/7266
