# Pistol_M9 — Pink Panic Stage 1
# muzzle -Z, up +Y, right +X, origin at the grip
mtllib pinkpanic.mtl
o Body
g Body
usemtl BodyPink
v 0.01829 0.62933 -0.55633
v 0.01829 0.62933 -1.22093
v -0.00335 0.61684 -1.22093
v -0.00335 0.61684 -0.55633
v -0.02499 0.62933 -1.22093
v -0.02499 0.62933 -0.55633
v -0.02499 0.65431 -1.22093
v -0.02499 0.65431 -0.55633
v -0.00335 0.66681 -1.22093
v -0.00335 0.66681 -0.55633
v 0.01829 0.65432 -1.22093
v 0.01829 0.65432 -0.55633
v -0.01188 0.86720 -1.14140
v -0.01188 0.83236 -1.13630
v 0.00518 0.86720 -1.14140
v 0.00518 0.83236 -1.13630
v -0.01188 0.86349 -1.17068
v 0.00518 0.84681 -1.19848
v 0.00518 0.86349 -1.17068
v -0.01188 0.83236 -1.19848
v 0.00518 0.83236 -1.19848
v -0.01188 0.84681 -1.19848
v -0.04190 0.61917 -1.21771
v 0.03392 0.65965 -1.21784
v -0.00335 0.61917 -1.09005
v 0.01221 0.59429 -1.09005
v 0.01221 0.59429 -1.21771
v -0.01891 0.59429 -1.09005
v -0.01891 0.59429 -1.21771
v 0.03520 0.61917 -1.21771
v 0.03392 0.65965 -1.09034
v 0.04019 0.74504 -0.32207
v 0.04019 0.79532 -0.32207
v 0.04019 0.79532 -1.27816
v -0.00360 0.82060 -0.32207
v -0.04690 0.79751 -0.32207
v -0.04689 0.79563 -1.27816
v -0.04689 0.74700 -0.32207
v 0.02408 0.78602 -0.32177
v -0.00335 0.80185 -0.32177
v -0.00335 0.71990 -0.32207
v -0.00358 0.71977 -1.27816
v -0.04690 0.74504 -1.27816
v -0.03078 0.75434 -1.27816
v -0.03078 0.78602 -1.27816
v -0.00335 0.73851 -1.27816
v 0.02408 0.75434 -1.27816
v 0.02408 0.75434 -0.32177
v -0.00335 0.73851 -0.32177
v -0.00335 0.82046 -1.27816
v -0.00335 0.80185 -1.27816
v 0.02408 0.78602 -1.27816
v 0.04019 0.74504 -1.27816
v -0.03078 0.78821 -0.32177
v -0.03078 0.75654 -0.32177
v -0.09551 0.49282 -0.07639
v -0.09551 0.49282 -0.12833
v -0.09551 0.44784 -0.10236
v -0.09551 0.50781 -0.10236
v -0.09551 0.46283 -0.07639
v -0.09551 0.46283 -0.12833
v 0.01178 0.37030 -0.24365
v 0.01178 0.37030 -0.18446
v 0.01178 0.40447 -0.24365
v 0.01178 0.40447 -0.18446
v 0.01178 0.35321 -0.21405
v 0.01178 0.42156 -0.21405
v 0.08012 0.37030 -0.24365
v 0.08012 0.37030 -0.18446
v 0.08012 0.40447 -0.24365
v 0.08012 0.40447 -0.18446
v 0.08012 0.35321 -0.21405
v 0.08012 0.42156 -0.21405
v -0.00571 0.45314 -0.44304
v -0.03143 0.58087 0.21928
v 0.04004 0.57569 0.16608
v -0.03002 0.64016 0.08701
v -0.03002 0.70100 0.09844
v -0.03002 0.70154 -0.35734
v -0.03002 0.70154 -0.10098
v -0.01704 0.70154 -0.10510
v -0.03002 0.70154 0.05975
v -0.03002 0.65703 0.11504
v -0.03002 0.66486 -0.34520
v -0.03473 0.33578 -0.27462
v -0.03473 0.38845 -0.29105
v -0.03473 0.28926 -0.23003
v -0.03473 0.43056 -0.27299
v 0.04630 0.68529 0.10437
v 0.04630 0.68844 -0.35300
v 0.03933 0.70154 -0.35734
v 0.04630 0.70154 -0.10098
v 0.04630 0.70154 -0.00652
v 0.04630 0.70154 -0.35251
v 0.03585 0.70154 -0.31791
v 0.04630 0.65703 0.11504
v 0.05332 0.66486 -0.44304
v 0.00428 0.41078 -0.44304
v -0.02915 0.34704 -0.44304
v -0.08796 0.50318 -0.21974
v -0.08797 0.54439 -0.24499
v -0.08797 0.16040 0.13601
v -0.08798 0.08998 -0.10852
v -0.08797 0.52106 0.03242
v -0.08798 0.41782 0.03445
v -0.08797 -0.01702 -0.08346
v -0.08797 0.58111 0.08661
v -0.08797 0.06284 0.16388
v -0.08797 -0.02147 0.16357
v -0.08797 0.63521 -0.26789
v -0.08797 0.63521 0.07595
v 0.06619 0.11490 0.17449
v 0.06619 0.44729 -0.22841
v 0.06619 -0.04303 -0.13406
v 0.06619 0.29713 -0.19940
v 0.06619 0.70122 0.09835
v 0.06619 0.59234 0.11752
v 0.06619 0.68529 0.10437
v 0.06619 0.32759 0.09667
v 0.06619 0.44344 0.04111
v 0.06619 0.68844 0.06408
v 0.06619 0.70154 -0.10098
v 0.06619 0.68844 -0.35300
v 0.06618 0.67191 -0.34222
v 0.06619 0.70154 -0.00652
v 0.06619 0.70154 -0.35734
v 0.06619 0.55553 -0.33783
v 0.06619 0.65703 0.11504
v 0.06619 0.08160 -0.13716
v 0.06619 -0.04560 0.17355
v 0.06619 0.66486 -0.29423
v 0.06619 0.53867 -0.26746
v 0.06619 0.51982 0.05218
v 0.06619 0.00518 0.18660
v -0.05322 0.43866 0.04249
v -0.05322 0.49307 -0.23603
v -0.05322 0.04762 0.18444
v -0.05322 0.58324 0.10692
v -0.05322 0.54189 -0.26649
v -0.05322 0.32509 -0.19365
v -0.05324 0.32740 0.08042
v -0.05322 0.08366 -0.12346
v -0.05322 0.64604 0.09472
v -0.05322 0.64604 -0.29248
v -0.05322 0.51562 0.04590
v -0.05322 0.12752 0.16224
v -0.05322 -0.04733 0.18408
v -0.05322 -0.04231 -0.09410
v 0.04521 0.51057 0.07189
v 0.04521 0.00489 0.20692
v 0.04521 0.44348 0.06216
v 0.04521 0.11704 0.19454
v -0.02368 0.58087 0.21928
v -0.03473 0.33110 -0.43550
v -0.03473 0.35014 -0.30646
v -0.03473 0.34635 -0.43649
v -0.03473 0.35576 -0.36965
v -0.03473 0.33188 -0.44304
v -0.03473 0.37085 -0.31083
v -0.03473 0.34704 -0.44304
v 0.02661 0.46414 -0.25208
v 0.02661 0.26497 -0.18862
v -0.02226 0.51057 0.07189
v -0.03201 0.56234 0.11852
v -0.03082 0.44348 0.06216
v -0.02226 0.11704 0.19454
v -0.05607 0.73317 -0.10858
v -0.05607 0.73317 -0.31196
v -0.05607 -0.04793 0.10250
v -0.05607 -0.04793 -0.10088
v 0.00041 0.60278 0.22184
v -0.01800 0.66486 -0.44304
v 0.06102 0.62068 0.16177
v 0.06102 0.60509 0.16326
v -0.05333 0.51057 0.07189
v -0.05333 0.56234 0.11852
v 0.02374 0.73317 -0.33336
v 0.02374 -0.04793 -0.12228
v 0.02514 -0.04269 -0.17813
v 0.02514 0.51057 -0.29423
v 0.02514 0.29272 -0.24223
v 0.02514 0.54865 -0.44304
v 0.02514 0.54865 -0.39616
v 0.02514 0.07703 -0.17995
v 0.02661 0.33578 -0.27462
v 0.02661 0.38845 -0.29105
v 0.02661 0.28926 -0.23003
v 0.02661 0.43056 -0.27299
v -0.03275 0.53820 -0.34236
v -0.03326 0.44286 -0.26838
v -0.03326 -0.04254 -0.17745
v -0.03326 0.29272 -0.24223
v -0.03326 0.07703 -0.17995
v 0.02148 0.32966 0.11675
v 0.01781 0.51057 0.07189
v 0.04521 0.56234 0.11852
v 0.02148 0.11704 0.19454
v 0.00809 0.58087 0.21928
v 0.04521 0.32966 0.11675
v 0.03126 0.51057 0.07189
v 0.04521 -0.04577 0.19390
v -0.06914 0.62068 0.16177
v -0.06914 0.60509 0.16326
v 0.01414 0.32966 0.11675
v -0.02077 0.00489 0.20692
v 0.00504 0.44348 0.06216
v 0.01414 0.11704 0.19454
v 0.01552 0.57569 0.16608
v 0.02661 0.33119 -0.43649
v 0.02661 0.35000 -0.30616
v 0.02661 0.34663 -0.44276
v 0.02661 0.35576 -0.36965
v 0.02661 0.33188 -0.44304
v 0.02661 0.37085 -0.31083
v 0.02661 0.33326 -0.44304
v 0.02331 0.58087 0.21928
v -0.05333 0.00489 0.20692
v -0.05333 0.44348 0.06216
v -0.05333 -0.04577 0.19390
v -0.05333 0.11704 0.19454
v -0.07431 0.11490 0.17449
v -0.07431 0.44729 -0.22841
v -0.07431 0.29713 -0.19940
v -0.07431 0.59234 0.11752
v -0.07431 0.68529 0.10437
v -0.07431 0.32759 0.09667
v -0.07431 0.44344 0.04111
v -0.07431 0.68844 0.06408
v -0.07431 0.68844 -0.30204
v -0.07431 0.68844 -0.00219
v -0.07419 0.68828 -0.35141
v -0.07431 0.68844 -0.09664
v -0.07431 0.70154 -0.05375
v -0.07431 0.70154 -0.32944
v -0.07431 0.70136 0.09827
v -0.07431 0.55553 -0.33783
v -0.07431 -0.04303 -0.13406
v -0.07431 0.08160 -0.13716
v -0.07431 -0.04560 0.17355
v -0.07431 0.66486 -0.34037
v -0.07431 0.65703 0.11504
v -0.07431 0.53867 -0.26746
v -0.07431 0.51982 0.05218
v -0.07431 0.00518 0.18660
v -0.05241 0.60278 0.22184
v -0.05442 0.68844 -0.35300
v -0.07431 0.70154 -0.35734
v -0.05442 0.70154 -0.20367
v -0.05442 0.65703 0.11504
v -0.05442 0.66486 -0.34520
v -0.05442 0.66486 -0.39616
v -0.05611 0.55823 -0.34520
v -0.05611 0.61966 -0.44304
v -0.05611 0.56718 -0.44304
v -0.05611 0.56718 -0.39616
v -0.05611 0.66486 -0.44304
v -0.05611 0.66486 -0.34520
v -0.05611 0.66486 -0.39616
v 0.04429 0.60278 0.22184
v -0.01417 0.58087 0.21928
v 0.02189 0.68413 0.07041
v 0.02189 0.70101 0.09844
v 0.02189 0.75635 0.07889
v 0.02189 0.75675 -0.02602
v 0.00892 0.70154 -0.35734
v 0.02189 0.70154 -0.00652
v 0.02189 0.70154 -0.35251
v 0.02189 0.70154 0.05975
v 0.02189 0.70154 -0.30637
v 0.02471 0.66486 -0.44304
v 0.00892 0.66486 -0.34520
v 0.00892 0.66486 -0.39616
v -0.03657 0.66486 -0.44304
v 0.01886 0.55769 -0.44304
v 0.08738 0.49282 -0.07639
v 0.08738 0.49282 -0.12833
v 0.08738 0.44784 -0.10236
v 0.08738 0.50781 -0.10236
v 0.08738 0.46283 -0.07639
v 0.08738 0.46283 -0.12833
v -0.03044 0.73317 -0.33336
v -0.03044 -0.04793 -0.12228
v 0.01886 0.41078 -0.44304
v 0.01886 0.50256 -0.43290
v 0.01886 0.44564 -0.44304
v 0.01886 0.47298 -0.39321
v 0.01886 0.45314 -0.44304
v 0.01886 0.53947 -0.44304
v 0.01886 0.44130 -0.41637
v 0.01886 0.56450 -0.36141
v 0.01886 0.53439 -0.38249
v 0.01886 0.51274 -0.39238
v 0.01886 0.53116 -0.43864
v 0.01886 0.46454 -0.43807
v 0.01886 0.43863 -0.44304
v 0.04511 0.51562 0.04591
v 0.04511 0.34515 -0.19929
v 0.04511 0.43866 0.04249
v 0.04511 0.49307 -0.23603
v 0.04511 0.04762 0.18444
v 0.04511 0.58324 0.10692
v 0.04511 -0.04231 -0.09410
v 0.04511 0.54189 -0.26649
v 0.04511 0.40922 -0.18375
v 0.04513 0.32739 0.08043
v 0.04511 0.08366 -0.12346
v 0.04511 0.64604 0.09472
v 0.04511 0.64604 -0.29248
v 0.04511 0.43218 -0.22077
v 0.04511 0.12752 0.16224
v 0.04511 -0.04733 0.18408
v 0.04511 0.38413 -0.17746
v -0.03326 0.54865 -0.44304
v 0.00374 0.54865 -0.44304
v 0.04937 0.73317 -0.10858
v 0.04937 0.73317 -0.31196
v 0.04937 -0.04793 0.10250
v 0.04937 -0.04793 -0.10088
v 0.06606 0.66486 -0.44304
v 0.07986 0.50103 -0.21795
v 0.07986 0.54439 -0.24499
v 0.07991 0.34012 0.06519
v 0.07985 0.34742 -0.18225
v 0.07986 0.52106 0.03242
v 0.07986 0.43126 -0.20187
v 0.07986 0.58111 0.08661
v 0.07986 0.40495 -0.16454
v 0.07987 0.07264 0.16292
v 0.07989 -0.01634 -0.08196
v 0.07986 -0.02147 0.16357
v 0.07986 0.63521 -0.26789
v 0.07986 0.63521 0.07595
v 0.07986 0.43209 0.03255
v 0.07986 0.38267 -0.15896
v 0.01999 0.60381 0.13374
v 0.06606 0.55823 -0.34520
v 0.06606 0.61966 -0.44304
v 0.06606 0.56718 -0.44304
v 0.06606 0.56718 -0.39616
v 0.06606 0.66486 -0.34520
v 0.01999 0.62068 0.16177
v -0.04554 0.55861 -0.44304
v -0.03002 0.68413 0.07041
v 0.02189 0.64016 0.08701
v -0.05333 0.32966 0.11675
v 0.02514 0.53971 -0.34520
v -0.04816 0.57569 0.16608
v -0.00406 0.51057 0.07189
v -0.03326 0.51057 -0.29423
v 0.02514 0.44286 -0.26838
v 0.02514 0.01043 -0.17742
v -0.00406 0.70154 0.05975
v 0.00291 0.66486 -0.44304
v -0.00406 0.58087 0.21928
v -0.02811 0.60381 0.13374
v -0.03326 0.54865 -0.39616
v -0.00406 -0.04577 0.19390
v -0.00406 0.11704 0.19454
v -0.02811 0.62068 0.16177
v 0.03236 0.70100 0.09844
v 0.03236 0.75621 0.07895
v 0.02713 0.68844 -0.35300
v 0.03236 0.75698 -0.02609
v 0.02713 0.70154 -0.10098
v 0.03236 0.70187 -0.00662
v 0.02189 0.65703 0.11504
v 0.03611 0.66486 -0.44304
v 0.02298 0.66486 -0.34520
v -0.07991 0.08401 -0.12356
v -0.07994 0.43866 0.04249
v -0.07994 0.49307 -0.23603
v -0.07994 0.04762 0.18444
v -0.07994 0.58324 0.10692
v -0.07994 0.54189 -0.26649
v -0.08008 0.33182 -0.19511
v -0.07994 0.35168 0.07165
v -0.07994 0.26987 0.10888
v -0.07994 0.64604 0.09472
v -0.07994 0.64604 -0.29248
v -0.07994 0.51562 0.04590
v -0.07994 0.12752 0.16224
v -0.07994 -0.04733 0.18408
v -0.07994 -0.04231 -0.09410
v 0.02581 0.60278 0.22184
v -0.02698 0.53947 -0.44304
v -0.03473 0.46414 -0.25208
v -0.03473 0.26497 -0.18862
v 0.07180 0.08401 -0.12356
v 0.07195 0.43861 0.04249
v 0.07185 0.34534 -0.19922
v 0.07183 0.35168 0.07165
v 0.07183 0.49307 -0.23603
v 0.07183 0.04762 0.18444
v 0.07183 0.58324 0.10692
v 0.07183 -0.04231 -0.09410
v 0.07183 0.54189 -0.26649
v 0.07183 0.40922 -0.18375
v 0.07183 0.26987 0.10888
v 0.07183 0.64604 0.09472
v 0.07183 0.64604 -0.29248
v 0.07183 0.43218 -0.22077
v 0.07183 0.51562 0.04590
v 0.07183 0.12752 0.16224
v 0.07183 -0.04733 0.18408
v 0.07183 0.38413 -0.17746
v -0.02698 0.41078 -0.44304
v -0.02698 0.50256 -0.43290
v -0.02698 0.47298 -0.39321
v -0.02698 0.45314 -0.44304
v -0.02698 0.44130 -0.41637
v -0.02698 0.55769 -0.44304
v -0.02698 0.56450 -0.36141
v -0.02698 0.53439 -0.38249
v -0.02698 0.51274 -0.39238
v -0.02698 0.53116 -0.43864
v -0.02698 0.46454 -0.43807
v -0.02698 0.44300 -0.44304
v -0.05488 0.66486 -0.44304
vt 0.63740 0.86651
vt 0.63740 0.92145
vt 0.00000 0.92145
vt 0.00000 0.92145
vt 0.63740 0.92145
vt 0.63739 0.94908
vt 0.00000 0.83889
vt 0.63740 0.83904
vt 0.63740 0.86651
vt 0.00000 0.83889
vt 0.00000 0.87668
vt 0.00000 0.85937
vt 0.00000 0.83889
vt 0.00000 0.86651
vt 0.00000 0.87668
vt 0.00000 0.94893
vt 0.00000 0.91129
vt 0.00000 0.92859
vt 0.00000 0.94893
vt 0.00000 0.92180
vt 0.00000 0.91129
vt 0.00000 0.86651
vt 0.00000 0.91129
vt 0.00000 0.87668
vt 0.00000 0.86651
vt 0.00000 0.92145
vt 0.00000 0.91129
vt 0.00000 0.86651
vt 0.00000 0.85937
vt 0.00000 0.87668
vt 0.00000 0.92859
vt 0.00000 0.91129
vt 0.63759 0.91368
vt 0.00000 0.86651
vt 0.63740 0.86651
vt 0.00000 0.92145
vt 0.00000 0.92145
vt 0.63739 0.94908
vt 0.00000 0.94893
vt 0.00000 0.94893
vt 0.63739 0.94908
vt 0.00000 0.92180
vt 0.00000 0.92180
vt 0.63739 0.86865
vt 0.00000 0.86651
vt 0.63740 0.92385
vt 0.63739 0.94908
vt 0.63759 0.92859
vt 0.00000 0.92145
vt 0.00000 0.92859
vt 0.00000 0.91129
vt 0.00000 0.92145
vt 0.00000 0.94893
vt 0.00000 0.92859
vt 0.00000 0.85937
vt 0.63759 0.87668
vt 0.63759 0.85937
vt 0.00000 0.85937
vt 0.00000 0.87668
vt 0.63759 0.87668
vt 0.00000 0.92180
vt 0.00000 0.86651
vt 0.00000 0.87668
vt 0.00000 0.92180
vt 0.00000 0.87668
vt 0.00000 0.91129
vt 0.63739 0.86865
vt 0.63740 0.83904
vt 0.00000 0.83889
vt 0.00000 0.92180
vt 0.63740 0.92385
vt 0.63739 0.86865
vt 0.63739 0.94908
vt 0.63759 0.91129
vt 0.63759 0.92859
vt 0.63739 0.94908
vt 0.63740 0.92145
vt 0.63759 0.91129
vt 0.63739 0.94908
vt 0.63740 0.92385
vt 0.00000 0.92180
vt 0.00000 0.86651
vt 0.00000 0.83889
vt 0.00000 0.85937
vt 0.00000 0.92859
vt 0.63759 0.91368
vt 0.63759 0.92859
vt 0.00000 0.87668
vt 0.63759 0.91129
vt 0.63759 0.87668
vt 0.00000 0.87668
vt 0.00000 0.91129
vt 0.63759 0.91129
vt 0.63740 0.92145
vt 0.63740 0.86651
vt 0.63759 0.87668
vt 0.63740 0.92145
vt 0.63759 0.87668
vt 0.63759 0.91129
vt 0.63740 0.86651
vt 0.63740 0.83904
vt 0.63759 0.85937
vt 0.63740 0.86651
vt 0.63759 0.85937
vt 0.63759 0.87668
vt 0.63740 0.92385
vt 0.63759 0.92859
vt 0.63759 0.91368
vt 0.00000 0.91129
vt 0.00000 0.87668
vt 0.63759 0.87907
vt 0.00000 0.91129
vt 0.63759 0.87907
vt 0.63759 0.91368
vt 0.00000 0.91129
vt 0.00000 0.92859
vt 0.63759 0.92859
vt 0.00000 0.91129
vt 0.63759 0.92859
vt 0.63759 0.91129
vt 0.00000 0.87668
vt 0.00000 0.85937
vt 0.63759 0.85937
vt 0.00000 0.87668
vt 0.63759 0.85937
vt 0.63759 0.87907
vt 0.63740 0.83904
vt 0.63739 0.86865
vt 0.63759 0.87907
vt 0.00000 0.86651
vt 0.63739 0.86865
vt 0.00000 0.83889
vt 0.63740 0.86651
vt 0.00000 0.86651
vt 0.00000 0.83889
vt 0.63739 0.86865
vt 0.63759 0.91368
vt 0.63759 0.87907
vt 0.63739 0.86865
vt 0.63740 0.92385
vt 0.63759 0.91368
vt 0.63740 0.83904
vt 0.63759 0.87907
vt 0.63759 0.85937
vt 0.12540 0.70178
vt 0.12540 0.72897
vt 0.04030 0.72897
vt 0.04030 0.70178
vt 0.12540 0.72897
vt 0.12540 0.70178
vt 0.12540 0.70178
vt 0.04030 0.72897
vt 0.04030 0.70178
vt 0.04030 0.70178
vt 0.04030 0.70178
vt 0.04030 0.72897
vt 0.04030 0.70178
vt 0.12540 0.70178
vt 0.12540 0.70178
vt 0.04030 0.72897
vt 0.12521 0.77320
vt 0.04021 0.77320
vt 0.04030 0.70178
vt 0.04030 0.72897
vt 0.04030 0.72897
vt 0.04030 0.70178
vt 0.04030 0.72897
vt 0.12540 0.72897
vt 0.12540 0.70178
vt 0.12540 0.70178
vt 0.12540 0.72897
vt 0.04030 0.70178
vt 0.04030 0.70178
vt 0.12540 0.70178
vt 0.48122 0.72642
vt 0.03815 0.72642
vt 0.03815 0.74007
vt 0.48122 0.74007
vt 0.03815 0.72642
vt 0.48122 0.72642
vt 0.48122 0.74007
vt 0.03815 0.74007
vt 0.03815 0.72642
vt 0.48122 0.72642
vt 0.03815 0.74007
vt 0.48122 0.74007
vt 0.48122 0.72642
vt 0.48122 0.76737
vt 0.48122 0.76737
vt 0.48122 0.74007
vt 0.03815 0.74007
vt 0.03815 0.76737
vt 0.48122 0.76737
vt 0.03815 0.76737
vt 0.03815 0.78102
vt 0.48122 0.74007
vt 0.03815 0.76737
vt 0.48122 0.76737
vt 0.48122 0.76737
vt 0.48122 0.78102
vt 0.48122 0.76737
vt 0.48122 0.72642
vt 0.48122 0.74007
vt 0.48122 0.76737
vt 0.48122 0.76737
vt 0.48122 0.74007
vt 0.48122 0.72642
vt 0.03815 0.74007
vt 0.48122 0.76737
vt 0.03815 0.76737
vt 0.03815 0.74007
vt 0.48122 0.74007
vt 0.48122 0.76737
vt 0.48122 0.78102
vt 0.03815 0.76737
vt 0.48122 0.76737
vt 0.48122 0.78102
vt 0.03815 0.78102
vt 0.03815 0.76737
vt 0.48122 0.76737
vt 0.03815 0.78102
vt 0.48122 0.78102
vt 0.03815 0.74007
vt 0.03815 0.78102
vt 0.03815 0.74007
vt 0.03815 0.78102
vt 0.03815 0.76737
vt 0.03815 0.74007
vt 0.03815 0.74007
vt 0.03815 0.76737
vt 0.03815 0.78102
vt 0.03815 0.74007
vt 0.03815 0.72642
vt 0.03815 0.74007
vt 0.09117 1.00000
vt 0.09457 0.96193
vt 0.09457 0.96193
vt 0.09117 1.00000
vt 0.07166 0.99595
vt 0.07166 0.99595
vt 0.07166 0.99595
vt 0.05312 0.97772
vt 0.07166 0.99595
vt 0.09457 0.96193
vt 0.07166 0.99595
vt 0.09117 1.00000
vt 0.09457 0.96193
vt 0.05312 0.96193
vt 0.05312 0.96193
vt 0.05312 0.97772
vt 0.05312 0.97772
vt 0.05312 0.96193
vt 0.09457 0.96193
vt 0.07166 0.99595
vt 0.05312 0.97772
vt 0.09457 0.96193
vt 0.05312 0.96193
vt 0.05312 0.97772
vt 0.09457 0.96193
vt 0.05312 0.97772
vt 0.07166 0.99595
vt 0.05312 0.97772
vt 0.05312 0.96193
vt 0.05312 0.96193
vt 0.09457 0.96193
vt 0.05312 0.97772
vt 0.05312 0.96193
vt 0.09457 0.96193
vt 0.05312 0.96193
vt 0.09457 0.96193
vt 0.09117 1.00000
vt 0.07166 0.99595
vt 0.09457 0.96193
vt 0.09117 1.00000
vt 0.09117 1.00000
vt 0.09457 0.96193
vt 0.07166 0.99595
vt 0.05312 0.97772
vt 0.05312 0.97772
vt 0.09117 1.00000
vt 0.09117 1.00000
vt 0.07166 0.99595
vt 0.88043 0.53172
vt 0.72300 0.40761
vt 0.90572 0.41013
vt 0.88043 0.53172
vt 0.90572 0.41013
vt 0.89987 0.43667
vt 0.88043 0.53172
vt 0.88043 0.53172
vt 0.90572 0.41013
vt 0.88271 0.61582
vt 0.69475 0.59117
vt 0.72300 0.40761
vt 0.67445 0.64452
vt 0.69475 0.59117
vt 0.69475 0.59117
vt 0.67445 0.64452
vt 0.67445 0.64452
vt 0.69475 0.59117
vt 0.87507 0.50894
vt 0.88043 0.53172
vt 0.89987 0.43667
vt 0.87372 0.62176
vt 0.88043 0.53172
vt 0.87507 0.50894
vt 0.90572 0.41013
vt 0.76980 0.14379
vt 0.96026 0.19172
vt 0.87372 0.62176
vt 0.88271 0.61582
vt 0.88043 0.53172
vt 0.69475 0.59117
vt 0.72203 0.41496
vt 0.72300 0.40761
vt 0.69475 0.59117
vt 0.69475 0.59117
vt 0.72203 0.41496
vt 0.67445 0.64452
vt 0.65712 0.75833
vt 0.67445 0.64452
vt 0.94278 0.22765
vt 0.97506 0.10440
vt 0.96136 0.12104
vt 0.96136 0.12104
vt 0.97506 0.10440
vt 0.97483 0.00065
vt 0.96136 0.12104
vt 0.97483 0.00065
vt 0.96115 0.02891
vt 0.97483 0.00065
vt 0.78937 0.00613
vt 0.78937 0.00613
vt 0.97483 0.00065
vt 0.78937 0.00613
vt 0.97483 0.00065
vt 0.65712 0.75833
vt 0.91525 0.75833
vt 0.91525 0.75833
vt 0.65712 0.75833
vt 0.91525 0.75833
vt 0.65712 0.75833
vt 0.90985 0.68737
vt 0.92339 0.68971
vt 0.88271 0.61582
vt 0.90985 0.68737
vt 0.88271 0.61582
vt 0.87372 0.62176
vt 0.67445 0.64452
vt 0.65712 0.75833
vt 0.65712 0.75833
vt 0.94278 0.22765
vt 0.96026 0.19172
vt 0.97506 0.10440
vt 0.90985 0.68737
vt 0.90274 0.74649
vt 0.91525 0.75833
vt 0.90985 0.68737
vt 0.91525 0.75833
vt 0.92339 0.68971
vt 0.72300 0.40761
vt 0.72203 0.41496
vt 0.76973 0.14417
vt 0.72300 0.40761
vt 0.76973 0.14417
vt 0.76980 0.14379
vt 0.87507 0.50894
vt 0.89987 0.43667
vt 0.92469 0.34728
vt 0.87507 0.50894
vt 0.92469 0.34728
vt 0.94278 0.22765
vt 0.90572 0.41013
vt 0.72300 0.40761
vt 0.76980 0.14379
vt 0.70561 0.60222
vt 0.87507 0.50894
vt 0.94278 0.22765
vt 0.70561 0.60222
vt 0.94278 0.22765
vt 0.77976 0.15069
vt 0.96026 0.19172
vt 0.76980 0.14379
vt 0.78937 0.00613
vt 0.70561 0.60222
vt 0.87372 0.62176
vt 0.87507 0.50894
vt 0.88271 0.61582
vt 0.88271 0.61582
vt 0.88043 0.53172
vt 0.88271 0.61582
vt 0.88043 0.53172
vt 0.88043 0.53172
vt 0.69475 0.59117
vt 0.70561 0.60222
vt 0.72203 0.41496
vt 0.89987 0.43667
vt 0.90572 0.41013
vt 0.92469 0.34728
vt 0.72203 0.41496
vt 0.70561 0.60222
vt 0.77976 0.15069
vt 0.72203 0.41496
vt 0.77976 0.15069
vt 0.76973 0.14417
vt 0.88271 0.61582
vt 0.72300 0.40761
vt 0.88043 0.53172
vt 0.96026 0.19172
vt 0.78937 0.00613
vt 0.97506 0.10440
vt 0.77976 0.15069
vt 0.94278 0.22765
vt 0.96136 0.12104
vt 0.96026 0.19172
vt 0.96026 0.19172
vt 0.97506 0.10440
vt 0.96026 0.19172
vt 0.97506 0.10440
vt 0.97506 0.10440
vt 0.76973 0.14417
vt 0.77976 0.15069
vt 0.78937 0.00613
vt 0.76980 0.14379
vt 0.76973 0.14417
vt 0.78937 0.00613
vt 0.76980 0.14379
vt 0.78937 0.00613
vt 0.78937 0.00613
vt 0.78937 0.00613
vt 0.77976 0.15069
vt 0.79646 0.03377
vt 0.92339 0.68971
vt 0.69475 0.59117
vt 0.88271 0.61582
vt 0.92339 0.68971
vt 0.67445 0.64452
vt 0.69475 0.59117
vt 0.68878 0.64725
vt 0.87372 0.62176
vt 0.70561 0.60222
vt 0.68878 0.64725
vt 0.90985 0.68737
vt 0.87372 0.62176
vt 0.67445 0.64452
vt 0.70561 0.60222
vt 0.69475 0.59117
vt 0.67445 0.64452
vt 0.68878 0.64725
vt 0.70561 0.60222
vt 0.92339 0.68971
vt 0.65712 0.75833
vt 0.67445 0.64452
vt 0.65712 0.75833
vt 0.90274 0.74649
vt 0.67351 0.74649
vt 0.65712 0.75833
vt 0.91525 0.75833
vt 0.90274 0.74649
vt 0.92339 0.68971
vt 0.88271 0.61582
vt 0.88271 0.61582
vt 0.92339 0.68971
vt 0.92339 0.68971
vt 0.88271 0.61582
vt 0.90274 0.74649
vt 0.68878 0.64725
vt 0.67351 0.74649
vt 0.90274 0.74649
vt 0.90985 0.68737
vt 0.68878 0.64725
vt 0.67445 0.64452
vt 0.67351 0.74649
vt 0.68878 0.64725
vt 0.67445 0.64452
vt 0.65712 0.75833
vt 0.67351 0.74649
vt 0.97506 0.10440
vt 0.97506 0.10440
vt 0.97483 0.00065
vt 0.77976 0.15069
vt 0.96115 0.02891
vt 0.79646 0.03377
vt 0.77976 0.15069
vt 0.96136 0.12104
vt 0.96115 0.02891
vt 0.97506 0.10440
vt 0.97483 0.00065
vt 0.97483 0.00065
vt 0.97506 0.10440
vt 0.78937 0.00613
vt 0.97483 0.00065
vt 0.94278 0.22765
vt 0.92469 0.34728
vt 0.96026 0.19172
vt 0.92339 0.68971
vt 0.91525 0.75833
vt 0.91525 0.75833
vt 0.92339 0.68971
vt 0.91525 0.75833
vt 0.92339 0.68971
vt 0.92339 0.68971
vt 0.91525 0.75833
vt 0.65712 0.75833
vt 0.97483 0.00065
vt 0.79646 0.03377
vt 0.96115 0.02891
vt 0.97483 0.00065
vt 0.78937 0.00613
vt 0.79646 0.03377
vt 0.92469 0.34728
vt 0.96026 0.19172
vt 0.96026 0.19172
vt 0.92469 0.34728
vt 0.90572 0.41013
vt 0.96026 0.19172
vt 0.65712 0.75833
vt 0.65712 0.75833
vt 0.91525 0.75833
vt 0.74613 0.47053
vt 0.73060 0.43202
vt 0.87381 0.52454
vt 0.88043 0.53172
vt 0.71925 0.42953
vt 0.73380 0.47213
vt 0.65712 0.75833
vt 0.91525 0.75833
vt 0.91525 0.75833
vt 0.90985 0.68737
vt 0.87372 0.62176
vt 0.88271 0.61582
vt 0.90985 0.68737
vt 0.88271 0.61582
vt 0.92339 0.68971
vt 0.67445 0.64452
vt 0.67445 0.64452
vt 0.65712 0.75833
vt 0.67445 0.64452
vt 0.65712 0.75833
vt 0.65712 0.75833
vt 0.90985 0.68737
vt 0.91525 0.75833
vt 0.90274 0.74649
vt 0.90985 0.68737
vt 0.92339 0.68971
vt 0.91525 0.75833
vt 0.68878 0.64725
vt 0.70681 0.59987
vt 0.87372 0.62176
vt 0.70492 0.52464
vt 0.72961 0.49954
vt 0.72961 0.49954
vt 0.70492 0.52464
vt 0.72961 0.49954
vt 0.70492 0.52464
vt 0.67445 0.64452
vt 0.69475 0.59117
vt 0.70681 0.59987
vt 0.67445 0.64452
vt 0.70681 0.59987
vt 0.68878 0.64725
vt 0.68878 0.64725
vt 0.87372 0.62176
vt 0.90985 0.68737
vt 0.92339 0.68971
vt 0.88271 0.61582
vt 0.69475 0.59117
vt 0.87381 0.52454
vt 0.89987 0.43667
vt 0.88044 0.53166
vt 0.67445 0.64452
vt 0.69475 0.59117
vt 0.69475 0.59117
vt 0.67445 0.64452
vt 0.69475 0.59117
vt 0.67445 0.64452
vt 0.70681 0.59987
vt 0.71752 0.52363
vt 0.87381 0.52454
vt 0.87372 0.62176
vt 0.87381 0.52454
vt 0.88044 0.53166
vt 0.92339 0.68971
vt 0.69475 0.59117
vt 0.67445 0.64452
vt 0.88044 0.53166
vt 0.89987 0.43667
vt 0.88043 0.53172
vt 0.96026 0.19172
vt 0.97506 0.10440
vt 0.78937 0.00613
vt 0.96026 0.19172
vt 0.78937 0.00613
vt 0.76980 0.14379
vt 0.87381 0.52454
vt 0.89557 0.42404
vt 0.89987 0.43667
vt 0.96026 0.19172
vt 0.97506 0.10440
vt 0.97506 0.10440
vt 0.96026 0.19172
vt 0.97506 0.10440
vt 0.96026 0.19172
vt 0.76973 0.14417
vt 0.78937 0.00613
vt 0.79747 0.03451
vt 0.72961 0.49954
vt 0.74613 0.47053
vt 0.74241 0.49487
vt 0.72961 0.49954
vt 0.73380 0.47213
vt 0.74613 0.47053
vt 0.88271 0.61582
vt 0.70492 0.52464
vt 0.69475 0.59117
vt 0.73380 0.47213
vt 0.73060 0.43202
vt 0.74613 0.47053
vt 0.87372 0.62176
vt 0.88044 0.53166
vt 0.88271 0.61582
vt 0.69475 0.59117
vt 0.70492 0.52464
vt 0.70492 0.52464
vt 0.69475 0.59117
vt 0.70492 0.52464
vt 0.69475 0.59117
vt 0.69475 0.59117
vt 0.70492 0.52464
vt 0.71752 0.52363
vt 0.69475 0.59117
vt 0.71752 0.52363
vt 0.70681 0.59987
vt 0.88271 0.61582
vt 0.88044 0.53166
vt 0.88271 0.61582
vt 0.73380 0.47213
vt 0.71929 0.42974
vt 0.73060 0.43202
vt 0.88043 0.53172
vt 0.73380 0.47213
vt 0.72961 0.49954
vt 0.70681 0.59987
vt 0.87381 0.52454
vt 0.87372 0.62176
vt 0.74241 0.49487
vt 0.74613 0.47053
vt 0.87381 0.52454
vt 0.89557 0.42404
vt 0.92469 0.34728
vt 0.89987 0.43667
vt 0.68878 0.64725
vt 0.90985 0.68737
vt 0.90274 0.74649
vt 0.68878 0.64725
vt 0.90274 0.74649
vt 0.67351 0.74649
vt 0.92339 0.68971
vt 0.88271 0.61582
vt 0.88271 0.61582
vt 0.92339 0.68971
vt 0.88271 0.61582
vt 0.92339 0.68971
vt 0.65712 0.75833
vt 0.67351 0.74649
vt 0.90274 0.74649
vt 0.65712 0.75833
vt 0.90274 0.74649
vt 0.91525 0.75833
vt 0.71925 0.42953
vt 0.76973 0.14417
vt 0.71929 0.42974
vt 0.67445 0.64452
vt 0.67351 0.74649
vt 0.65712 0.75833
vt 0.90572 0.41013
vt 0.76980 0.14379
vt 0.71925 0.42953
vt 0.88271 0.61582
vt 0.88043 0.53172
vt 0.72961 0.49954
vt 0.88271 0.61582
vt 0.72961 0.49954
vt 0.70492 0.52464
vt 0.71752 0.52363
vt 0.74241 0.49487
vt 0.87381 0.52454
vt 0.88044 0.53166
vt 0.88043 0.53172
vt 0.88271 0.61582
vt 0.88043 0.53172
vt 0.90572 0.41013
vt 0.71925 0.42953
vt 0.72961 0.49954
vt 0.73380 0.47213
vt 0.73380 0.47213
vt 0.72961 0.49954
vt 0.73380 0.47213
vt 0.72961 0.49954
vt 0.76973 0.14417
vt 0.79747 0.03451
vt 0.73060 0.43202
vt 0.89987 0.43667
vt 0.90572 0.41013
vt 0.88043 0.53172
vt 0.73060 0.43202
vt 0.89557 0.42404
vt 0.87381 0.52454
vt 0.70492 0.52464
vt 0.72961 0.49954
vt 0.74241 0.49487
vt 0.71925 0.42953
vt 0.76980 0.14379
vt 0.76973 0.14417
vt 0.92339 0.68971
vt 0.92339 0.68971
vt 0.91525 0.75833
vt 0.92339 0.68971
vt 0.91525 0.75833
vt 0.91525 0.75833
vt 0.92339 0.68971
vt 0.67445 0.64452
vt 0.65712 0.75833
vt 0.92339 0.68971
vt 0.65712 0.75833
vt 0.91525 0.75833
vt 0.67445 0.64452
vt 0.68878 0.64725
vt 0.67351 0.74649
vt 0.76980 0.14379
vt 0.78937 0.00613
vt 0.78937 0.00613
vt 0.97483 0.00065
vt 0.96115 0.02891
vt 0.79747 0.03451
vt 0.97483 0.00065
vt 0.79747 0.03451
vt 0.78937 0.00613
vt 0.97506 0.10440
vt 0.97483 0.00065
vt 0.97483 0.00065
vt 0.97506 0.10440
vt 0.97483 0.00065
vt 0.97506 0.10440
vt 0.79747 0.03451
vt 0.96115 0.02891
vt 0.96072 0.13174
vt 0.97506 0.10440
vt 0.97483 0.00065
vt 0.78937 0.00613
vt 0.73380 0.47213
vt 0.71929 0.42974
vt 0.73380 0.47213
vt 0.76980 0.14379
vt 0.78937 0.00613
vt 0.76973 0.14417
vt 0.96072 0.13174
vt 0.97506 0.10440
vt 0.96026 0.19172
vt 0.96072 0.13174
vt 0.96115 0.02891
vt 0.97483 0.00065
vt 0.96072 0.13174
vt 0.97483 0.00065
vt 0.97506 0.10440
vt 0.97483 0.00065
vt 0.97483 0.00065
vt 0.78937 0.00613
vt 0.97483 0.00065
vt 0.78937 0.00613
vt 0.78937 0.00613
vt 0.89557 0.42404
vt 0.96072 0.13174
vt 0.96026 0.19172
vt 0.70492 0.52464
vt 0.74241 0.49487
vt 0.71752 0.52363
vt 0.92469 0.34728
vt 0.96026 0.19172
vt 0.96026 0.19172
vt 0.92469 0.34728
vt 0.96026 0.19172
vt 0.90572 0.41013
vt 0.73060 0.43202
vt 0.79747 0.03451
vt 0.96072 0.13174
vt 0.73060 0.43202
vt 0.96072 0.13174
vt 0.89557 0.42404
vt 0.90572 0.41013
vt 0.96026 0.19172
vt 0.76980 0.14379
vt 0.89557 0.42404
vt 0.96026 0.19172
vt 0.92469 0.34728
vt 0.89987 0.43667
vt 0.92469 0.34728
vt 0.90572 0.41013
vt 0.71929 0.42974
vt 0.76973 0.14417
vt 0.73060 0.43202
vt 0.73380 0.47213
vt 0.71925 0.42953
vt 0.71929 0.42974
vt 0.72913 0.45701
vt 0.72913 0.49436
vt 0.72913 0.49436
vt 0.70940 0.51303
vt 0.72913 0.49436
vt 0.72913 0.49436
vt 0.70940 0.51303
vt 0.70940 0.51303
vt 0.72913 0.49436
vt 0.68967 0.45701
vt 0.68967 0.49436
vt 0.70940 0.51303
vt 0.70940 0.51303
vt 0.72913 0.49436
vt 0.72913 0.45701
vt 0.72913 0.45701
vt 0.70940 0.43834
vt 0.68967 0.45701
vt 0.70940 0.51303
vt 0.72913 0.45701
vt 0.68967 0.45701
vt 0.72913 0.49436
vt 0.70940 0.51303
vt 0.68967 0.49436
vt 0.68967 0.49436
vt 0.68967 0.45701
vt 0.70940 0.43834
vt 0.70940 0.43834
vt 0.72913 0.45701
vt 0.72913 0.49436
vt 0.68967 0.49436
vt 0.70940 0.43834
vt 0.72913 0.49436
vt 0.70940 0.51303
vt 0.70940 0.51303
vt 0.68967 0.49436
vt 0.70940 0.51303
vt 0.68967 0.49436
vt 0.68967 0.49436
vt 0.68967 0.49436
vt 0.68967 0.49436
vt 0.68967 0.45701
vt 0.68967 0.49436
vt 0.68967 0.45701
vt 0.68967 0.45701
vt 0.68967 0.45701
vt 0.68967 0.45701
vt 0.70940 0.43834
vt 0.68967 0.45701
vt 0.70940 0.43834
vt 0.70940 0.43834
vt 0.70940 0.43834
vt 0.70940 0.43834
vt 0.72913 0.45701
vt 0.70940 0.43834
vt 0.72913 0.45701
vt 0.72913 0.45701
vt 0.72913 0.45701
vt 0.72913 0.45701
vt 0.72913 0.49436
vt 0.62198 0.77890
vt 0.62198 0.77890
vt 0.61677 0.80466
vt 0.93112 0.66687
vt 0.93112 0.66687
vt 0.96283 0.68145
vt 0.58800 0.77890
vt 0.58800 0.77890
vt 0.62198 0.77890
vt 0.92880 0.77034
vt 0.95995 0.73061
vt 0.95995 0.73061
vt 0.76273 0.00535
vt 0.73335 0.00572
vt 0.98137 0.00236
vt 0.98137 0.00236
vt 0.96780 0.00254
vt 0.98137 0.00236
vt 0.62520 0.77890
vt 0.61783 0.80449
vt 0.65075 0.80466
vt 0.88690 0.62040
vt 0.93045 0.69965
vt 0.93112 0.66687
vt 0.65595 0.61030
vt 0.62386 0.64049
vt 0.62689 0.65943
vt 0.62198 0.66238
vt 0.62198 0.77890
vt 0.62520 0.77890
vt 0.87952 0.53694
vt 0.89355 0.53698
vt 0.90003 0.61030
vt 0.73214 0.13655
vt 0.76067 0.14154
vt 0.71918 0.37706
vt 0.73214 0.13655
vt 0.73383 0.06377
vt 0.76273 0.00535
vt 0.92994 0.41260
vt 0.92994 0.41260
vt 0.89355 0.53698
vt 0.99830 0.68711
vt 0.99830 0.68711
vt 1.00000 0.71106
vt 0.88690 0.62040
vt 0.90003 0.61030
vt 0.93112 0.66687
vt 0.92880 0.77034
vt 0.91012 0.75191
vt 0.94127 0.71218
vt 0.89355 0.53698
vt 0.87952 0.53694
vt 0.91656 0.41035
vt 0.92994 0.41260
vt 0.91656 0.41035
vt 0.96844 0.17793
vt 0.98180 0.18027
vt 0.96844 0.17793
vt 0.97651 0.05803
vt 0.97651 0.05803
vt 0.96780 0.00254
vt 0.98137 0.00236
vt 0.96283 0.68145
vt 0.96095 0.71358
vt 0.93045 0.69965
vt 0.62689 0.65943
vt 0.67380 0.64100
vt 0.65595 0.77890
vt 0.58800 0.67215
vt 0.62198 0.66238
vt 0.62198 0.77890
vt 0.95995 0.73061
vt 1.00000 0.71106
vt 1.00000 0.71106
vt 0.76273 0.00535
vt 0.97651 0.05803
vt 0.96844 0.17793
vt 0.76067 0.14154
vt 0.96844 0.17793
vt 0.91656 0.41035
vt 0.71918 0.37706
vt 0.91656 0.41035
vt 0.87952 0.53694
vt 0.99830 0.68711
vt 1.00000 0.71106
vt 1.00000 0.71106
vt 0.92994 0.41260
vt 0.98180 0.18027
vt 0.98180 0.18027
vt 0.92994 0.41260
vt 0.98180 0.18027
vt 0.96844 0.17793
vt 0.90474 0.87872
vt 0.90470 0.87887
vt 0.83472 0.87956
vt 0.89194 0.81898
vt 0.90470 0.87887
vt 0.91773 0.81839
vt 0.87952 0.53694
vt 0.88690 0.62040
vt 0.90003 0.61030
vt 0.89355 0.53698
vt 0.92994 0.41260
vt 0.91656 0.41035
vt 0.98180 0.18027
vt 0.99005 0.05771
vt 0.97651 0.05803
vt 0.98137 0.00236
vt 0.96780 0.00254
vt 0.97651 0.05803
vt 0.96283 0.68145
vt 0.93112 0.66687
vt 0.93045 0.69965
vt 0.96283 0.68145
vt 0.96095 0.71358
vt 1.00000 0.71106
vt 0.61388 0.81898
vt 0.78204 0.81898
vt 0.61388 0.81898
vt 0.65075 0.80466
vt 0.63248 0.81898
vt 0.81627 0.81898
vt 0.92169 0.80122
vt 0.91762 0.81878
vt 0.91773 0.81839
vt 0.91656 0.41035
vt 0.96844 0.17793
vt 0.76067 0.14154
vt 0.87952 0.53694
vt 0.91656 0.41035
vt 0.71918 0.37706
vt 0.62198 0.77890
vt 0.61388 0.81898
vt 0.61388 0.81898
vt 0.92880 0.77034
vt 0.91773 0.81839
vt 0.91012 0.75191
vt 0.62198 0.77890
vt 0.58800 0.77890
vt 0.62198 0.77890
vt 0.61783 0.80449
vt 0.61388 0.81898
vt 0.63248 0.81898
vt 0.93045 0.69965
vt 0.92880 0.77034
vt 0.95995 0.73061
vt 0.62198 0.77890
vt 0.61388 0.81898
vt 0.61677 0.80466
vt 0.78204 0.81898
vt 0.89194 0.81898
vt 0.91762 0.81878
vt 0.90003 0.61030
vt 0.93112 0.66687
vt 0.93112 0.66687
vt 0.58800 0.65191
vt 0.58800 0.67215
vt 0.62198 0.66238
vt 0.65595 0.61030
vt 0.67380 0.64100
vt 0.69983 0.54114
vt 0.69062 0.37224
vt 0.67319 0.53631
vt 0.69983 0.54114
vt 0.73214 0.13655
vt 0.69062 0.37224
vt 0.71918 0.37706
vt 0.76273 0.00535
vt 0.73381 0.00588
vt 0.73214 0.13655
vt 0.73381 0.00588
vt 0.76273 0.00535
vt 0.73335 0.00572
vt 0.98137 0.00236
vt 0.73335 0.00572
vt 0.76273 0.00535
vt 0.69983 0.54114
vt 0.87952 0.53694
vt 0.88690 0.62040
vt 0.98137 0.00236
vt 0.76273 0.00535
vt 0.96780 0.00254
vt 0.99005 0.05771
vt 0.98137 0.00236
vt 0.98137 0.00236
vt 0.73214 0.13655
vt 0.73381 0.00588
vt 0.73383 0.06377
vt 0.76273 0.00535
vt 0.97651 0.05803
vt 0.96780 0.00254
vt 0.98180 0.18027
vt 0.99005 0.05771
vt 0.99005 0.05771
vt 0.89355 0.53698
vt 0.92994 0.41260
vt 0.92994 0.41260
vt 0.99830 0.68711
vt 0.99830 0.68711
vt 1.00000 0.71106
vt 0.61677 0.80466
vt 0.61677 0.80466
vt 0.62198 0.77890
vt 0.65595 0.61030
vt 0.67380 0.64100
vt 0.62689 0.65943
vt 0.62386 0.64049
vt 0.65595 0.61030
vt 0.62198 0.64213
vt 0.62198 0.66238
vt 0.62689 0.65943
vt 0.62396 0.78660
vt 0.93112 0.66687
vt 0.93112 0.66687
vt 0.90003 0.61030
vt 0.93112 0.66687
vt 0.96283 0.68145
vt 0.96283 0.68145
vt 0.96283 0.68145
vt 0.99830 0.68711
vt 0.99830 0.68711
vt 0.94127 0.71218
vt 0.94127 0.71218
vt 0.95995 0.73061
vt 0.84770 0.81934
vt 0.91773 0.81839
vt 0.90474 0.87872
vt 0.92994 0.41260
vt 0.92994 0.41260
vt 0.89355 0.53698
vt 1.00000 0.71106
vt 1.00000 0.71106
vt 0.95995 0.73061
vt 0.62198 0.77890
vt 0.62198 0.77890
vt 0.58800 0.77890
vt 0.61388 0.81898
vt 0.61710 0.81898
vt 0.64017 0.81898
vt 0.98180 0.18027
vt 0.98180 0.18027
vt 0.92994 0.41260
vt 0.98137 0.00236
vt 0.98137 0.00236
vt 0.99005 0.05771
vt 0.96780 0.00254
vt 0.98137 0.00236
vt 0.98137 0.00236
vt 0.83472 0.87956
vt 0.90470 0.87887
vt 0.83476 0.87931
vt 0.91773 0.81839
vt 0.90470 0.87887
vt 0.90474 0.87872
vt 0.84776 0.81898
vt 0.83476 0.87931
vt 0.90470 0.87887
vt 0.84770 0.81934
vt 0.83472 0.87956
vt 0.83476 0.87931
vt 0.67319 0.53631
vt 0.69062 0.37224
vt 0.67319 0.53631
vt 0.92880 0.77034
vt 0.93045 0.69965
vt 0.88690 0.62040
vt 0.73381 0.00588
vt 0.73335 0.00572
vt 0.73383 0.06377
vt 0.96095 0.71358
vt 0.95995 0.73061
vt 1.00000 0.71106
vt 0.88690 0.62040
vt 0.69983 0.54114
vt 0.67380 0.64100
vt 0.61388 0.81898
vt 0.78479 0.81898
vt 0.71632 0.81898
vt 0.84776 0.81898
vt 0.89194 0.81898
vt 0.78204 0.81898
vt 0.78479 0.81898
vt 0.78204 0.81898
vt 0.91762 0.81878
vt 0.81627 0.81898
vt 0.71632 0.81898
vt 0.91762 0.81878
vt 0.85065 0.80466
vt 0.81627 0.81898
vt 0.91762 0.81878
vt 0.78479 0.81898
vt 0.78479 0.81898
vt 0.64017 0.81898
vt 0.78479 0.81898
vt 0.78479 0.81898
vt 0.64017 0.81898
vt 0.84776 0.81898
vt 0.84770 0.81934
vt 0.78479 0.81898
vt 0.93045 0.69965
vt 0.96095 0.71358
vt 0.95995 0.73061
vt 0.62198 0.66238
vt 0.58800 0.67215
vt 0.58800 0.65191
vt 0.62689 0.65943
vt 0.62198 0.66238
vt 0.62198 0.64213
vt 0.69983 0.54114
vt 0.67380 0.64100
vt 0.65595 0.61030
vt 0.69062 0.37224
vt 0.71918 0.37706
vt 0.69983 0.54114
vt 0.61388 0.81898
vt 0.61388 0.81898
vt 0.61677 0.80466
vt 0.91767 0.81863
vt 0.84770 0.81934
vt 0.84776 0.81898
vt 0.98180 0.18027
vt 0.98180 0.18027
vt 0.92994 0.41260
vt 0.62386 0.64049
vt 0.65595 0.61030
vt 0.65595 0.61030
vt 0.73214 0.13655
vt 0.73214 0.13655
vt 0.69062 0.37224
vt 0.69062 0.37224
vt 0.69062 0.37224
vt 0.67319 0.53631
vt 0.99005 0.05771
vt 0.99005 0.05771
vt 0.98180 0.18027
vt 0.61388 0.81898
vt 0.64017 0.81898
vt 0.61710 0.81898
vt 0.91767 0.81863
vt 0.91773 0.81839
vt 0.84770 0.81934
vt 0.96283 0.68145
vt 0.99830 0.68711
vt 0.99830 0.68711
vt 0.93112 0.66687
vt 0.96283 0.68145
vt 0.96283 0.68145
vt 1.00000 0.71106
vt 1.00000 0.71106
vt 0.95995 0.73061
vt 0.95995 0.73061
vt 0.95995 0.73061
vt 0.92880 0.77034
vt 0.61388 0.81898
vt 0.61388 0.81898
vt 0.61677 0.80466
vt 0.62396 0.78660
vt 0.61677 0.80466
vt 0.62198 0.77890
vt 0.62198 0.77890
vt 0.61677 0.80466
vt 0.61677 0.80466
vt 0.91773 0.81839
vt 0.92169 0.80122
vt 0.92880 0.77034
vt 0.84770 0.81934
vt 0.84776 0.81898
vt 0.78479 0.81898
vt 0.98180 0.18027
vt 0.98180 0.18027
vt 0.92994 0.41260
vt 0.89355 0.53698
vt 0.89355 0.53698
vt 0.90003 0.61030
vt 0.94127 0.71218
vt 0.94127 0.71218
vt 0.91012 0.75191
vt 0.89905 0.79996
vt 0.89905 0.79996
vt 0.91012 0.75191
vt 0.94127 0.71218
vt 0.91012 0.75191
vt 0.92880 0.77034
vt 0.92880 0.77034
vt 0.91012 0.75191
vt 0.89905 0.79996
vt 0.89194 0.81898
vt 0.89905 0.79996
vt 0.89905 0.79996
vt 0.61388 0.81898
vt 0.64017 0.81898
vt 0.61710 0.81898
vt 1.00000 0.71106
vt 0.96095 0.71358
vt 0.96283 0.68145
vt 0.67380 0.64100
vt 0.88690 0.62040
vt 0.92880 0.77034
vt 0.64786 0.81898
vt 0.78204 0.81898
vt 0.61388 0.81898
vt 0.91773 0.81839
vt 0.91767 0.81863
vt 0.92169 0.80122
vt 0.93112 0.66687
vt 0.90003 0.61030
vt 0.90003 0.61030
vt 0.93045 0.69965
vt 0.92880 0.77034
vt 0.88690 0.62040
vt 0.73214 0.13655
vt 0.69062 0.37224
vt 0.69062 0.37224
vt 0.99005 0.05771
vt 0.98180 0.18027
vt 0.98180 0.18027
vt 0.98137 0.00236
vt 0.96780 0.00254
vt 0.76273 0.00535
vt 0.90003 0.61030
vt 0.93112 0.66687
vt 0.90003 0.61030
vt 0.90003 0.61030
vt 0.89355 0.53698
vt 0.89355 0.53698
vt 0.90003 0.61030
vt 0.93112 0.66687
vt 0.90003 0.61030
vt 0.96283 0.68145
vt 0.99830 0.68711
vt 0.99830 0.68711
vt 0.95995 0.73061
vt 0.94127 0.71218
vt 0.95995 0.73061
vt 0.62198 0.77890
vt 0.61677 0.80466
vt 0.62198 0.77890
vt 0.62198 0.77890
vt 0.61783 0.80449
vt 0.62520 0.77890
vt 0.67380 0.64100
vt 0.92880 0.77034
vt 0.88690 0.62040
vt 0.89194 0.81898
vt 0.89194 0.81898
vt 0.78204 0.81898
vt 0.65075 0.80466
vt 0.81627 0.81898
vt 0.78768 0.80466
vt 0.92169 0.80122
vt 0.91773 0.81839
vt 0.92880 0.77034
vt 0.62198 0.77890
vt 0.61388 0.81898
vt 0.62198 0.77890
vt 0.62198 0.77890
vt 0.61677 0.80466
vt 0.61783 0.80449
vt 0.69983 0.54114
vt 0.88690 0.62040
vt 0.67380 0.64100
vt 0.98180 0.18027
vt 0.92994 0.41260
vt 0.92994 0.41260
vt 0.67319 0.53631
vt 0.65595 0.61030
vt 0.65595 0.61030
vt 0.62198 0.64213
vt 0.58800 0.65191
vt 0.58800 0.65191
vt 0.88690 0.62040
vt 0.93112 0.66687
vt 0.93045 0.69965
vt 0.61388 0.81898
vt 0.63248 0.81898
vt 0.61388 0.81898
vt 0.62520 0.77890
vt 0.65075 0.80466
vt 0.92880 0.77034
vt 0.65595 0.61030
vt 0.62689 0.65943
vt 0.67380 0.64100
vt 0.61783 0.80449
vt 0.63248 0.81898
vt 0.65075 0.80466
vt 0.62198 0.66238
vt 0.62520 0.77890
vt 0.62689 0.65943
vt 0.89355 0.53698
vt 0.90003 0.61030
vt 0.90003 0.61030
vt 0.62689 0.65943
vt 0.65595 0.77890
vt 0.62396 0.78660
vt 0.69062 0.37224
vt 0.69983 0.54114
vt 0.67319 0.53631
vt 0.61388 0.81898
vt 0.71632 0.81898
vt 0.63248 0.81898
vt 0.89194 0.81898
vt 0.91773 0.81839
vt 0.91762 0.81878
vt 0.99830 0.68711
vt 1.00000 0.71106
vt 0.99830 0.68711
vt 0.62198 0.66238
vt 0.58800 0.65191
vt 0.62198 0.64213
vt 0.62689 0.65943
vt 0.62198 0.64213
vt 0.65595 0.61030
vt 0.69983 0.54114
vt 0.65595 0.61030
vt 0.67319 0.53631
vt 0.96283 0.68145
vt 1.00000 0.71106
vt 0.99830 0.68711
vt 0.73214 0.13655
vt 0.71918 0.37706
vt 0.69062 0.37224
vt 0.73214 0.13655
vt 0.76273 0.00535
vt 0.76067 0.14154
vt 0.76273 0.00535
vt 0.73383 0.06377
vt 0.73335 0.00572
vt 0.90003 0.61030
vt 0.89355 0.53698
vt 0.90003 0.61030
vt 0.62689 0.65943
vt 0.92880 0.77034
vt 0.67380 0.64100
vt 0.58800 0.67215
vt 0.62198 0.77890
vt 0.62198 0.66238
vt 0.92880 0.77034
vt 0.91773 0.81839
vt 0.92880 0.77034
vt 0.99830 0.68711
vt 1.00000 0.71106
vt 0.99830 0.68711
vt 0.96283 0.68145
vt 0.99830 0.68711
vt 0.99830 0.68711
vt 0.89355 0.53698
vt 0.92994 0.41260
vt 0.89355 0.53698
vt 0.95995 0.73061
vt 1.00000 0.71106
vt 0.95995 0.73061
vt 0.58800 0.77890
vt 0.62198 0.77890
vt 0.62198 0.77890
vt 0.89355 0.53698
vt 0.92994 0.41260
vt 0.89355 0.53698
vt 0.62386 0.64049
vt 0.62198 0.66238
vt 0.62689 0.65943
vt 0.65595 0.61030
vt 0.69983 0.54114
vt 0.67319 0.53631
vt 0.69062 0.37224
vt 0.69983 0.54114
vt 0.71918 0.37706
vt 0.73214 0.13655
vt 0.71918 0.37706
vt 0.76067 0.14154
vt 0.76273 0.00535
vt 0.73214 0.13655
vt 0.76067 0.14154
vt 0.95995 0.73061
vt 1.00000 0.71106
vt 0.95995 0.73061
vt 0.92880 0.77034
vt 0.95995 0.73061
vt 0.92880 0.77034
vt 0.96283 0.68145
vt 0.99830 0.68711
vt 0.99830 0.68711
vt 0.99830 0.68711
vt 1.00000 0.71106
vt 0.99830 0.68711
vt 0.88690 0.62040
vt 0.93112 0.66687
vt 0.90003 0.61030
vt 0.87952 0.53694
vt 0.90003 0.61030
vt 0.89355 0.53698
vt 0.89355 0.53698
vt 0.91656 0.41035
vt 0.87952 0.53694
vt 0.92994 0.41260
vt 0.96844 0.17793
vt 0.91656 0.41035
vt 0.98180 0.18027
vt 0.99005 0.05771
vt 0.98180 0.18027
vt 0.91012 0.75191
vt 0.89905 0.79996
vt 0.91012 0.75191
vt 0.62198 0.77890
vt 0.62198 0.77890
vt 0.58800 0.77890
vt 0.92880 0.77034
vt 0.95995 0.73061
vt 0.92880 0.77034
vt 0.61388 0.81898
vt 0.61388 0.81898
vt 0.61677 0.80466
vt 0.98180 0.18027
vt 0.99005 0.05771
vt 0.98180 0.18027
vt 0.90003 0.61030
vt 0.89355 0.53698
vt 0.90003 0.61030
vt 0.91012 0.75191
vt 0.94127 0.71218
vt 0.91012 0.75191
vt 0.58800 0.65191
vt 0.62198 0.66238
vt 0.62386 0.64049
vt 0.92880 0.77034
vt 0.94127 0.71218
vt 0.95995 0.73061
vt 0.91773 0.81839
vt 0.89905 0.79996
vt 0.91012 0.75191
vt 0.89194 0.81898
vt 0.89905 0.79996
vt 0.91773 0.81839
vt 0.89905 0.79996
vt 0.89194 0.81898
vt 0.89194 0.81898
vt 0.98180 0.18027
vt 0.97651 0.05803
vt 0.96844 0.17793
vt 0.98137 0.00236
vt 0.97651 0.05803
vt 0.99005 0.05771
vt 0.96283 0.68145
vt 0.93045 0.69965
vt 0.96095 0.71358
vt 0.61677 0.80466
vt 0.61388 0.81898
vt 0.61783 0.80449
vt 0.99005 0.05771
vt 0.98137 0.00236
vt 0.99005 0.05771
vt 0.96844 0.17793
vt 0.76273 0.00535
vt 0.76067 0.14154
vt 0.91656 0.41035
vt 0.76067 0.14154
vt 0.71918 0.37706
vt 0.87952 0.53694
vt 0.71918 0.37706
vt 0.69983 0.54114
vt 0.78479 0.81898
vt 0.78204 0.81898
vt 0.64786 0.81898
vt 0.93045 0.69965
vt 0.95995 0.73061
vt 0.96095 0.71358
vt 0.89483 0.80466
vt 0.91762 0.81878
vt 0.92169 0.80122
vt 0.89355 0.53698
vt 0.90003 0.61030
vt 0.90003 0.61030
vt 0.98180 0.18027
vt 0.92994 0.41260
vt 0.92994 0.41260
vt 0.99005 0.05771
vt 0.98180 0.18027
vt 0.98180 0.18027
vt 0.61388 0.81898
vt 0.61677 0.80466
vt 0.61677 0.80466
vt 0.95995 0.73061
vt 0.92880 0.77034
vt 0.92880 0.77034
vt 0.89194 0.81898
vt 0.91773 0.81839
vt 0.89905 0.79996
vt 0.89194 0.81898
vt 0.89905 0.79996
vt 0.89194 0.81898
vt 0.61388 0.81898
vt 0.61710 0.81898
vt 0.61388 0.81898
vt 0.61388 0.81898
vt 0.61710 0.81898
vt 0.61388 0.81898
vt 0.78479 0.81898
vt 0.62396 0.78660
vt 0.65595 0.77890
vt 0.93112 0.66687
vt 0.90003 0.61030
vt 0.90003 0.61030
vt 0.90003 0.61030
vt 0.89355 0.53698
vt 0.90003 0.61030
vt 0.93112 0.66687
vt 0.90003 0.61030
vt 0.90003 0.61030
vt 0.93112 0.66687
vt 0.96283 0.68145
vt 0.93112 0.66687
vt 0.96283 0.68145
vt 0.99830 0.68711
vt 0.96283 0.68145
vt 0.61677 0.80466
vt 0.62198 0.77890
vt 0.62198 0.77890
vt 0.84770 0.81934
vt 0.90474 0.87872
vt 0.83472 0.87956
vt 0.64017 0.81898
vt 0.64786 0.81898
vt 0.61710 0.81898
vt 0.78479 0.81898
vt 0.64017 0.81898
vt 0.61388 0.81898
vt 0.78479 0.81898
vt 0.64786 0.81898
vt 0.64017 0.81898
vt 0.78768 0.80466
vt 0.81627 0.81898
vt 0.85065 0.80466
vt 0.84776 0.81898
vt 0.78479 0.81898
vt 0.78479 0.81898
vt 0.91767 0.81863
vt 0.84776 0.81898
vt 0.89483 0.80466
vt 0.65595 0.61030
vt 0.67319 0.53631
vt 0.67319 0.53631
vt 0.58800 0.65191
vt 0.62386 0.64049
vt 0.62198 0.64213
vt 0.62198 0.77890
vt 0.61677 0.80466
vt 0.62198 0.77890
vt 0.92994 0.41260
vt 0.98180 0.18027
vt 0.98180 0.18027
vt 0.84776 0.81898
vt 0.78204 0.81898
vt 0.78479 0.81898
vt 0.78479 0.81898
vt 0.91762 0.81878
vt 0.71632 0.81898
vt 0.85065 0.80466
vt 0.91762 0.81878
vt 0.89483 0.80466
vt 0.78204 0.81898
vt 0.78479 0.81898
vt 0.61388 0.81898
vt 0.71632 0.81898
vt 0.81627 0.81898
vt 0.63248 0.81898
vt 0.96844 0.17793
vt 0.97651 0.05803
vt 0.76273 0.00535
vt 0.61388 0.81898
vt 0.62396 0.78660
vt 0.78479 0.81898
vt 0.62198 0.66238
vt 0.62396 0.78660
vt 0.62198 0.77890
vt 0.91773 0.81839
vt 0.90474 0.87872
vt 0.91773 0.81839
vt 0.84776 0.81898
vt 0.90470 0.87887
vt 0.89194 0.81898
vt 0.84770 0.81934
vt 0.83476 0.87931
vt 0.84776 0.81898
vt 0.91773 0.81839
vt 0.92880 0.77034
vt 0.92880 0.77034
vt 0.90003 0.61030
vt 0.89355 0.53698
vt 0.89355 0.53698
vt 0.62689 0.65943
vt 0.62520 0.77890
vt 0.92880 0.77034
vt 0.58800 0.67215
vt 0.58800 0.77890
vt 0.62198 0.77890
vt 0.88690 0.62040
vt 0.87952 0.53694
vt 0.69983 0.54114
vt 0.61388 0.81898
vt 0.62198 0.77890
vt 0.61677 0.80466
vt 0.61388 0.81898
vt 0.61677 0.80466
vt 0.62396 0.78660
vt 0.93045 0.69965
vt 0.95995 0.73061
vt 0.92880 0.77034
vt 0.91767 0.81863
vt 0.89483 0.80466
vt 0.92169 0.80122
vt 0.71918 0.37706
vt 0.87952 0.53694
vt 0.69983 0.54114
vt 0.99830 0.68711
vt 1.00000 0.71106
vt 1.00000 0.71106
vt 0.92994 0.41260
vt 0.89355 0.53698
vt 0.89355 0.53698
vt 0.98137 0.00236
vt 0.99005 0.05771
vt 0.99005 0.05771
vt 0.99005 0.05771
vt 0.98180 0.18027
vt 0.98180 0.18027
vt 0.98180 0.18027
vt 0.92994 0.41260
vt 0.92994 0.41260
vt 0.76273 0.00535
vt 0.96844 0.17793
vt 0.76067 0.14154
vt 0.76273 0.00535
vt 0.96780 0.00254
vt 0.97651 0.05803
vt 0.96095 0.71358
vt 1.00000 0.71106
vt 0.95995 0.73061
vt 0.73383 0.06377
vt 0.73214 0.13655
vt 0.73214 0.13655
vt 0.95995 0.73061
vt 0.92880 0.77034
vt 0.92880 0.77034
vt 0.62198 0.77890
vt 0.62198 0.77890
vt 0.55675 0.77890
vt 1.00000 0.71106
vt 0.95995 0.73061
vt 0.95995 0.73061
vt 0.61388 0.81898
vt 0.61677 0.80466
vt 0.61677 0.80466
vt 0.96283 0.68145
vt 0.99830 0.68711
vt 0.96283 0.68145
vt 0.99830 0.68711
vt 1.00000 0.71106
vt 1.00000 0.71106
vt 0.91767 0.81863
vt 0.84776 0.81898
vt 0.84776 0.81898
vt 0.91773 0.81839
vt 0.92169 0.80122
vt 0.91773 0.81839
vt 0.76067 0.14154
vt 0.91656 0.41035
vt 0.71918 0.37706
vt 0.89355 0.53698
vt 0.91656 0.41035
vt 0.92994 0.41260
vt 0.87952 0.53694
vt 0.90003 0.61030
vt 0.88690 0.62040
vt 0.92880 0.77034
vt 0.89905 0.79996
vt 0.91773 0.81839
vt 0.94127 0.71218
vt 0.92880 0.77034
vt 0.95995 0.73061
vt 0.92994 0.41260
vt 0.96844 0.17793
vt 0.98180 0.18027
vt 0.98180 0.18027
vt 0.97651 0.05803
vt 0.99005 0.05771
vt 0.97651 0.05803
vt 0.98137 0.00236
vt 0.99005 0.05771
vt 0.96283 0.68145
vt 0.93045 0.69965
vt 0.93112 0.66687
vt 1.00000 0.71106
vt 0.96283 0.68145
vt 0.99830 0.68711
vt 0.67380 0.64100
vt 0.92880 0.77034
vt 0.65595 0.77890
vt 0.64786 0.81898
vt 0.61388 0.81898
vt 0.61710 0.81898
vt 0.89194 0.81898
vt 0.89194 0.81898
vt 0.84776 0.81898
vt 0.91773 0.81839
vt 0.92169 0.80122
vt 0.92169 0.80122
vt 0.62987 0.85354
vt 0.62987 0.85354
vt 0.64413 0.85354
vt 0.64413 0.85354
vt 0.77972 0.85354
vt 0.77972 0.85354
vt 0.77972 0.85354
vt 0.64413 0.85354
vt 0.62987 0.85354
vt 0.64413 0.85354
vt 0.77972 0.85354
vt 0.62987 0.85354
vt 0.92044 0.00000
vt 0.92044 0.00000
vt 0.78485 0.00000
vt 0.78485 0.00000
vt 0.77059 0.00000
vt 0.77059 0.00000
vt 0.77059 0.00000
vt 0.78485 0.00000
vt 0.92044 0.00000
vt 0.78485 0.00000
vt 0.77059 0.00000
vt 0.92044 0.00000
vt 0.92044 0.00000
vt 0.77972 0.85354
vt 0.77972 0.85354
vt 0.92044 0.00000
vt 0.77972 0.85354
vt 0.92044 0.00000
vt 0.77972 0.85354
vt 0.92044 0.00000
vt 0.78485 0.00000
vt 0.92044 0.00000
vt 0.64413 0.85354
vt 0.78485 0.00000
vt 0.92044 0.00000
vt 0.77972 0.85354
vt 0.64413 0.85354
vt 0.77059 0.00000
vt 0.62987 0.85354
vt 0.77059 0.00000
vt 0.77059 0.00000
vt 0.62987 0.85354
vt 0.62987 0.85354
vt 0.64413 0.85354
vt 0.77059 0.00000
vt 0.62987 0.85354
vt 0.77972 0.85354
vt 0.78485 0.00000
vt 0.64413 0.85354
vt 0.62987 0.85354
vt 0.78485 0.00000
vt 0.64413 0.85354
vt 0.62987 0.85354
vt 0.77059 0.00000
vt 0.78485 0.00000
vt 0.64413 0.85354
vt 0.78485 0.00000
vt 0.77059 0.00000
vt 0.78387 0.60728
vt 0.78387 0.60728
vt 0.76655 0.59090
vt 0.76655 0.55813
vt 0.76655 0.59090
vt 0.78387 0.60728
vt 0.76655 0.59090
vt 0.78387 0.54175
vt 0.80118 0.59090
vt 0.78387 0.54175
vt 0.80118 0.55813
vt 0.80118 0.59090
vt 0.76655 0.59090
vt 0.76655 0.55813
vt 0.78387 0.54175
vt 0.80118 0.59090
vt 0.78387 0.60728
vt 0.76655 0.59090
vt 0.78387 0.60728
vt 0.80118 0.55813
vt 0.76655 0.55813
vt 0.80118 0.55813
vt 0.78387 0.54175
vt 0.76655 0.55813
vt 0.78387 0.60728
vt 0.80118 0.59090
vt 0.80118 0.55813
vt 0.76655 0.59090
vt 0.76655 0.55813
vt 0.76655 0.55813
vt 0.78387 0.54175
vt 0.78387 0.54175
vt 0.80118 0.55813
vt 0.80118 0.55813
vt 0.80118 0.55813
vt 0.80118 0.59090
vt 0.78387 0.60728
vt 0.80118 0.59090
vt 0.80118 0.59090
vt 0.76655 0.59090
vt 0.76655 0.59090
vt 0.76655 0.55813
vt 0.78387 0.54175
vt 0.80118 0.55813
vt 0.80118 0.55813
vt 0.78387 0.60728
vt 0.76655 0.59090
vt 0.76655 0.59090
vt 0.78387 0.60728
vt 0.78387 0.60728
vt 0.80118 0.59090
vt 0.76655 0.55813
vt 0.78387 0.54175
vt 0.78387 0.54175
vt 0.76655 0.55813
vt 0.76655 0.55813
vt 0.78387 0.54175
vt 0.80118 0.55813
vt 0.80118 0.59090
vt 0.80118 0.59090
vt 0.64800 0.43483
vt 0.56177 0.41418
vt 0.64780 0.43498
vt 0.64489 0.45762
vt 0.66902 0.41930
vt 0.65807 0.47685
vt 0.64489 0.45762
vt 0.64800 0.43483
vt 0.66902 0.41930
vt 0.56111 0.41427
vt 0.56177 0.41418
vt 0.64800 0.43483
vt 0.56111 0.43084
vt 0.60567 0.44112
vt 0.60567 0.44112
vt 0.64489 0.45762
vt 0.64489 0.45762
vt 0.65807 0.47685
vt 0.56177 0.41418
vt 0.56111 0.43084
vt 0.60567 0.44112
vt 0.60567 0.44112
vt 0.64489 0.45762
vt 0.64489 0.45762
vt 0.60567 0.44112
vt 0.60567 0.44112
vt 0.64489 0.45762
vt 0.67012 0.52286
vt 0.72636 0.34192
vt 0.68406 0.55956
vt 0.67012 0.52286
vt 0.69875 0.36846
vt 0.72636 0.34192
vt 0.72636 0.34192
vt 0.68406 0.55956
vt 0.72636 0.34192
vt 0.72636 0.34192
vt 0.68406 0.55956
vt 0.68406 0.55956
vt 0.66902 0.41930
vt 0.67012 0.52286
vt 0.69875 0.36846
vt 0.66902 0.41930
vt 0.65807 0.47685
vt 0.67012 0.52286
vt 0.65807 0.47685
vt 0.69875 0.36846
vt 0.67012 0.52286
vt 0.64780 0.43498
vt 0.65807 0.47685
vt 0.66902 0.41930
vt 0.64780 0.43498
vt 0.64489 0.45762
vt 0.65807 0.47685
vt 0.65807 0.47685
vt 0.67012 0.52286
vt 0.67012 0.52286
vt 0.65807 0.47685
vt 0.65807 0.47685
vt 0.67012 0.52286
vt 0.56177 0.41418
vt 0.64489 0.45762
vt 0.64780 0.43498
vt 0.56177 0.41418
vt 0.60567 0.44112
vt 0.64489 0.45762
vt 0.60567 0.44112
vt 0.64800 0.43483
vt 0.64489 0.45762
vt 0.69875 0.36846
vt 0.68406 0.55956
vt 0.72636 0.34192
vt 0.67012 0.52286
vt 0.67012 0.52286
vt 0.68406 0.55956
vt 0.67012 0.52286
vt 0.68406 0.55956
vt 0.68406 0.55956
vt 0.56111 0.43084
vt 0.55693 0.43115
vt 0.60567 0.44112
vt 0.55693 0.43115
vt 0.64800 0.43483
vt 0.60567 0.44112
vt 0.64489 0.45762
vt 0.65807 0.47685
vt 0.65807 0.47685
vt 0.64800 0.43483
vt 0.64780 0.43498
vt 0.66902 0.41930
vt 0.64800 0.43483
vt 0.66902 0.41930
vt 0.66902 0.41930
vt 0.69875 0.36846
vt 0.69875 0.36846
vt 0.72636 0.34192
vt 0.69875 0.36846
vt 0.72636 0.34192
vt 0.72636 0.34192
vt 0.66902 0.41930
vt 0.66902 0.41930
vt 0.69875 0.36846
vt 0.66902 0.41930
vt 0.69875 0.36846
vt 0.69875 0.36846
vt 0.69875 0.36846
vt 0.67012 0.52286
vt 0.68406 0.55956
vt 0.65807 0.47685
vt 0.66902 0.41930
vt 0.69875 0.36846
vt 0.55693 0.43115
vt 0.56111 0.41427
vt 0.64800 0.43483
vt 0.56006 0.55999
vt 0.58997 0.56922
vt 0.57453 0.53460
vt 0.58997 0.56922
vt 0.58997 0.56922
vt 0.57453 0.53460
vt 0.58997 0.56922
vt 0.57453 0.53460
vt 0.57453 0.53460
vt 0.59711 0.63633
vt 0.56351 0.60154
vt 0.59052 0.61266
vt 0.56351 0.60154
vt 0.59052 0.61266
vt 0.58997 0.56922
vt 0.59711 0.63633
vt 0.61117 0.66922
vt 0.61117 0.66922
vt 0.59711 0.63633
vt 0.61117 0.66922
vt 0.59711 0.63633
vt 0.59711 0.63633
vt 0.55968 0.63280
vt 0.56351 0.60154
vt 0.61117 0.66922
vt 0.59711 0.63633
vt 0.55968 0.63280
vt 0.55968 0.63280
vt 0.59052 0.61266
vt 0.56351 0.60154
vt 0.55968 0.63280
vt 0.59711 0.63633
vt 0.59052 0.61266
vt 0.55968 0.63280
vt 0.56351 0.60154
vt 0.56351 0.60154
vt 0.56351 0.60154
vt 0.58997 0.56922
vt 0.56006 0.55999
vt 0.55968 0.63280
vt 0.55968 0.63280
vt 0.56351 0.60154
vt 0.59711 0.63633
vt 0.59052 0.61266
vt 0.59052 0.61266
vt 0.59711 0.63633
vt 0.59711 0.63633
vt 0.59052 0.61266
vt 0.59052 0.61266
vt 0.58997 0.56922
vt 0.58997 0.56922
vt 0.59052 0.61266
vt 0.59052 0.61266
vt 0.58997 0.56922
vt 0.56351 0.60154
vt 0.56006 0.55999
vt 0.56006 0.55999
vt 0.59052 0.61266
vt 0.56006 0.55999
vt 0.58997 0.56922
vt 0.56351 0.60154
vt 0.56351 0.60154
vt 0.56006 0.55999
vt 0.59052 0.61266
vt 0.56351 0.60154
vt 0.56006 0.55999
vt 0.58800 0.67215
vt 0.62198 0.77890
vt 0.55675 0.77890
vt 0.58800 0.67215
vt 0.58800 0.65191
vt 0.55675 0.66278
vt 0.62198 0.77890
vt 0.58800 0.77890
vt 0.55675 0.77890
vt 0.58800 0.77890
vt 0.62198 0.77890
vt 0.55675 0.77890
vt 0.62198 0.77890
vt 0.58800 0.77890
vt 0.55675 0.77890
vt 0.55675 0.77890
vt 0.62198 0.77890
vt 0.55675 0.77890
vt 0.58800 0.65191
vt 0.58800 0.65191
vt 0.55675 0.65191
vt 0.58800 0.77890
vt 0.58800 0.67215
vt 0.55675 0.72950
vt 0.58800 0.77890
vt 0.58800 0.77890
vt 0.55675 0.77890
vt 0.58800 0.65191
vt 0.58800 0.67215
vt 0.55675 0.67215
vt 0.55693 0.43115
vt 0.56111 0.43084
vt 0.55675 0.43160
vt 0.56177 0.41418
vt 0.56111 0.41427
vt 0.55675 0.41503
vt 0.56111 0.43084
vt 0.56177 0.41418
vt 0.55675 0.41503
vt 0.56006 0.55999
vt 0.57453 0.53460
vt 0.55675 0.53646
vt 0.61117 0.66922
vt 0.61117 0.66922
vt 0.55675 0.66179
vt 0.59711 0.63633
vt 0.61117 0.66922
vt 0.55675 0.66179
vt 0.55968 0.63280
vt 0.59711 0.63633
vt 0.55675 0.64187
vt 0.61117 0.66922
vt 0.55968 0.63280
vt 0.55675 0.64187
vt 0.55968 0.63280
vt 0.55968 0.63280
vt 0.55675 0.64187
vt 0.56006 0.55999
vt 0.56006 0.55999
vt 0.55675 0.54754
vt 0.57453 0.53460
vt 0.57453 0.53460
vt 0.55675 0.50125
vt 0.58997 0.56922
vt 0.56006 0.55999
vt 0.55675 0.54754
vt 0.57453 0.53460
vt 0.58997 0.56922
vt 0.55675 0.53934
vt 0.55675 0.77890
vt 0.55675 0.72950
vt 0.58800 0.67215
vt 0.55675 0.66278
vt 0.55675 0.67215
vt 0.58800 0.67215
vt 0.55675 0.77890
vt 0.55675 0.77890
vt 0.62198 0.77890
vt 0.55675 0.77890
vt 0.55675 0.77890
vt 0.58800 0.77890
vt 0.55675 0.77890
vt 0.55675 0.77890
vt 0.62198 0.77890
vt 0.55675 0.77890
vt 0.55675 0.77890
vt 0.58800 0.77890
vt 0.55675 0.65191
vt 0.55675 0.65191
vt 0.58800 0.65191
vt 0.55675 0.77890
vt 0.55675 0.77890
vt 0.62198 0.77890
vt 0.55675 0.72950
vt 0.55675 0.77890
vt 0.58800 0.77890
vt 0.55675 0.77890
vt 0.55675 0.77890
vt 0.58800 0.77890
vt 0.55675 0.41503
vt 0.55675 0.41503
vt 0.56177 0.41418
vt 0.55693 0.43115
vt 0.55675 0.41654
vt 0.56111 0.41427
vt 0.55675 0.53646
vt 0.55675 0.54754
vt 0.56006 0.55999
vt 0.55675 0.66179
vt 0.55675 0.64187
vt 0.59711 0.63633
vt 0.55675 0.64187
vt 0.55675 0.66179
vt 0.61117 0.66922
vt 0.55675 0.54754
vt 0.55675 0.54754
vt 0.56006 0.55999
vt 0.55675 0.50125
vt 0.55675 0.50125
vt 0.57453 0.53460
vt 0.55675 0.54754
vt 0.55675 0.53934
vt 0.58997 0.56922
vt 0.55675 0.53934
vt 0.55675 0.53169
vt 0.57453 0.53460
vt 0.58800 0.65191
vt 0.55675 0.67215
vt 0.55675 0.65191
vt 0.58800 0.77890
vt 0.55675 0.77890
vt 0.55675 0.77890
vt 0.58800 0.67215
vt 0.55675 0.72950
vt 0.55675 0.67215
vt 0.58800 0.67215
vt 0.55675 0.67215
vt 0.55675 0.72950
vt 0.58800 0.65191
vt 0.55675 0.65191
vt 0.55675 0.65191
vt 0.58800 0.65191
vt 0.55675 0.65191
vt 0.55675 0.66278
vt 0.56111 0.43084
vt 0.55675 0.43160
vt 0.55675 0.43160
vt 0.56111 0.43084
vt 0.55675 0.41503
vt 0.55675 0.43160
vt 0.56111 0.41427
vt 0.55675 0.41654
vt 0.55675 0.41503
vt 0.61117 0.66922
vt 0.55675 0.66179
vt 0.55675 0.66179
vt 0.55968 0.63280
vt 0.55675 0.64187
vt 0.55675 0.64187
vt 0.57453 0.53460
vt 0.55675 0.50125
vt 0.55675 0.50125
vt 0.57453 0.53460
vt 0.55675 0.53169
vt 0.55675 0.50125
vt 0.57453 0.53460
vt 0.55675 0.50125
vt 0.55675 0.53646
vt 0.56006 0.55999
vt 0.55675 0.54754
vt 0.55675 0.54754
vt 0.55675 0.54754
vt 0.55675 0.54754
vt 0.55675 0.54754
vt 0.55675 0.50125
vt 0.55675 0.50125
vt 0.55675 0.50125
vt 0.55675 0.50125
vt 0.55675 0.53646
vt 0.55675 0.54754
vt 0.55675 0.54754
vt 0.55675 0.54754
vt 0.55675 0.53934
vt 0.55675 0.53169
vt 0.55675 0.50125
vt 0.55675 0.50125
vt 0.55675 0.50125
vt 0.55675 0.54754
vt 0.55675 0.53934
vt 0.55675 0.53934
vt 0.55675 0.53169
vt 0.55675 0.50125
vt 0.55675 0.67215
vt 0.55675 0.65191
vt 0.55675 0.65191
vt 0.55675 0.66278
vt 0.55675 0.67215
vt 0.55675 0.72950
vt 0.55675 0.72950
vt 0.55675 0.77890
vt 0.55675 0.77890
vt 0.55675 0.77890
vt 0.55675 0.77890
vt 0.55675 0.72950
vt 0.55675 0.72950
vt 0.55675 0.67215
vt 0.55675 0.65191
vt 0.55675 0.65191
vt 0.55675 0.65191
vt 0.55675 0.66278
vt 0.55675 0.66278
vt 0.55675 0.72950
vt 0.55675 0.77890
vt 0.55675 0.77890
vt 0.55675 0.77890
vt 0.55675 0.72950
vt 0.55675 0.65191
vt 0.55675 0.66278
vt 0.55675 0.77890
vt 0.55675 0.72950
vt 0.55675 0.65191
vt 0.55675 0.77890
vt 0.55675 0.77890
vt 0.55675 0.77890
vt 0.55675 0.72950
vt 0.55675 0.72950
vt 0.55675 0.77890
vt 0.55675 0.77890
vt 0.55675 0.77890
vt 0.55675 0.77890
vt 0.55675 0.72950
vt 0.55675 0.72950
vt 0.55675 0.77890
vt 0.55675 0.77890
vt 0.55675 0.77890
vt 0.55675 0.77890
vt 0.55675 0.72950
vt 0.55675 0.43160
vt 0.55693 0.43115
vt 0.55675 0.41654
vt 0.55675 0.41503
vt 0.55675 0.43160
vt 0.55675 0.43160
vt 0.55675 0.43160
vt 0.55675 0.41654
vt 0.55675 0.41503
vt 0.55675 0.41503
vt 0.55675 0.41503
vt 0.55675 0.43160
vt 0.55675 0.66179
vt 0.55675 0.66179
vt 0.55675 0.64187
vt 0.55675 0.64187
vt 0.55675 0.64187
vt 0.55675 0.66179
f 32/1 33/2 34/3
f 34/4 33/5 35/6
f 42/7 41/8 32/9
f 42/10 47/11 46/12
f 42/13 53/14 47/15
f 50/16 45/17 51/18
f 50/19 37/20 45/21
f 53/22 52/23 47/24
f 53/25 34/26 52/27
f 43/28 46/29 44/30
f 51/31 45/32 54/33
f 53/34 32/35 34/36
f 34/37 35/38 50/39
f 50/40 35/41 37/42
f 37/43 38/44 43/45
f 36/46 35/47 40/48
f 34/49 51/50 52/51
f 34/52 50/53 51/54
f 46/55 48/56 49/57
f 46/58 47/59 48/60
f 37/61 43/62 44/63
f 37/64 44/65 45/66
f 38/67 41/68 42/69
f 37/70 36/71 38/72
f 35/73 39/74 40/75
f 35/76 33/77 39/78
f 35/79 36/80 37/81
f 43/82 42/83 46/84
f 51/85 54/86 40/87
f 47/88 39/89 48/90
f 47/91 52/92 39/93
f 33/94 32/95 48/96
f 33/97 48/98 39/99
f 32/100 41/101 49/102
f 32/103 49/104 48/105
f 36/106 40/107 54/108
f 45/109 44/110 55/111
f 45/112 55/113 54/114
f 52/115 51/116 40/117
f 52/118 40/119 39/120
f 44/121 46/122 49/123
f 44/124 49/125 55/126
f 41/127 38/128 55/129
f 43/130 38/131 42/132
f 32/133 53/134 42/135
f 38/136 54/137 55/138
f 38/139 36/140 54/141
f 41/142 55/143 49/144
f 26/145 25/146 30/147
f 29/148 25/149 28/150
f 26/151 30/152 27/153
f 29/154 27/155 23/156
f 27/157 28/158 26/159
f 30/160 31/161 24/162
f 27/163 30/164 23/165
f 29/166 23/167 25/168
f 26/169 28/170 25/171
f 27/172 29/173 28/174
f 4/175 3/176 5/177
f 1/178 3/179 4/180
f 1/181 2/182 3/183
f 4/184 5/185 6/186
f 4/187 8/188 12/189
f 6/190 5/191 7/192
f 8/193 7/194 9/195
f 6/196 7/197 8/198
f 8/199 10/200 12/201
f 4/202 6/203 8/204
f 12/205 1/206 4/207
f 2/208 12/209 11/210
f 2/211 1/212 12/213
f 10/214 11/215 12/216
f 10/217 9/218 11/219
f 8/220 9/221 10/222
f 2/223 9/224 5/225
f 9/226 7/227 5/228
f 2/229 11/230 9/231
f 5/232 3/233 2/234
f 13/235 16/236 14/237
f 15/238 17/239 19/240
f 17/241 18/242 19/243
f 14/244 17/245 13/246
f 16/247 21/248 20/249
f 18/250 22/251 20/252
f 16/253 19/254 18/255
f 14/256 20/257 22/258
f 14/259 22/260 17/261
f 18/262 20/263 21/264
f 16/265 18/266 21/267
f 16/268 20/269 14/270
f 15/271 19/272 16/273
f 13/274 15/275 16/276
f 17/277 22/278 18/279
f 15/280 13/281 17/282
f 135/283 140/284 141/285
f 370/286 141/287 376/288
f 370/289 135/290 141/291
f 145/292 136/293 140/294
f 139/295 371/296 136/297
f 139/298 374/299 371/300
f 105/301 370/302 376/303
f 104/304 370/305 105/306
f 141/307 142/308 146/309
f 104/310 380/311 370/312
f 136/313 375/314 140/315
f 136/316 371/317 375/318
f 139/319 379/320 374/321
f 102/322 372/323 108/324
f 108/325 372/326 382/327
f 108/328 382/329 109/330
f 147/331 148/332 383/333
f 147/334 383/335 382/336
f 144/337 143/338 378/339
f 144/340 378/341 379/342
f 107/343 373/344 380/345
f 107/346 380/347 104/348
f 139/349 144/350 379/351
f 102/352 381/353 372/354
f 107/355 111/356 378/357
f 107/358 378/359 373/360
f 140/361 375/362 369/363
f 140/364 369/365 142/366
f 105/367 376/368 377/369
f 105/370 377/371 102/372
f 141/373 140/374 142/375
f 100/376 105/377 102/378
f 100/379 102/380 103/381
f 146/382 142/383 148/384
f 100/385 104/386 105/387
f 380/388 145/389 135/390
f 380/391 135/392 370/393
f 371/394 100/395 375/396
f 376/397 141/398 377/399
f 375/400 100/401 103/402
f 375/403 103/404 369/405
f 145/406 140/407 135/408
f 146/409 148/410 137/411
f 103/412 102/413 108/414
f 381/415 146/416 137/417
f 381/418 137/419 372/420
f 369/421 103/422 383/423
f 142/424 369/425 383/426
f 142/427 383/428 148/429
f 383/430 103/431 106/432
f 138/433 136/434 145/435
f 138/436 139/437 136/438
f 101/439 104/440 100/441
f 101/442 107/443 104/444
f 374/445 100/446 371/447
f 374/448 101/449 100/450
f 138/451 144/452 139/453
f 379/454 111/455 110/456
f 379/457 378/458 111/459
f 373/460 145/461 380/462
f 373/463 138/464 145/465
f 111/466 101/467 110/468
f 111/469 107/470 101/471
f 374/472 110/473 101/474
f 374/475 379/476 110/477
f 372/478 137/479 147/480
f 103/481 109/482 106/483
f 103/484 108/485 109/486
f 372/487 147/488 382/489
f 137/490 148/491 147/492
f 102/493 377/494 381/495
f 373/496 378/497 143/498
f 373/499 143/500 138/501
f 138/502 143/503 144/504
f 382/505 106/506 109/507
f 382/508 383/509 106/510
f 377/511 146/512 381/513
f 377/514 141/515 146/516
f 308/517 400/518 399/519
f 334/520 323/521 333/522
f 298/523 297/524 312/525
f 308/526 399/527 307/528
f 326/529 324/530 402/531
f 326/532 402/533 394/534
f 303/535 396/536 400/537
f 303/538 400/539 308/540
f 326/541 399/542 332/543
f 326/544 394/545 399/546
f 321/547 320/548 324/549
f 309/550 304/551 397/552
f 309/553 397/554 401/555
f 396/556 392/557 320/558
f 396/559 320/560 321/561
f 321/562 324/563 326/564
f 301/565 296/566 299/567
f 333/568 391/569 389/570
f 303/571 299/572 392/573
f 303/574 392/575 396/576
f 320/577 325/578 333/579
f 324/580 333/581 389/582
f 301/583 299/584 303/585
f 389/586 391/587 298/588
f 310/589 300/590 302/591
f 310/592 302/593 306/594
f 333/595 322/596 391/597
f 403/598 393/599 300/600
f 403/601 300/602 310/603
f 388/604 395/605 329/606
f 397/607 334/608 327/609
f 397/610 405/611 334/612
f 296/613 309/614 299/615
f 405/616 323/617 334/618
f 324/619 389/620 402/621
f 299/622 309/623 401/624
f 299/625 401/626 392/627
f 392/628 401/629 325/630
f 392/631 325/632 320/633
f 402/634 389/635 296/636
f 405/637 390/638 323/639
f 298/640 312/641 304/642
f 320/643 333/644 324/645
f 327/646 334/647 333/648
f 322/649 398/650 391/651
f 321/652 326/653 332/654
f 321/655 332/656 331/657
f 394/658 402/659 296/660
f 394/661 296/662 301/663
f 400/664 331/665 332/666
f 400/667 332/668 399/669
f 297/670 388/671 390/672
f 396/673 331/674 400/675
f 305/676 306/677 297/678
f 296/679 298/680 304/681
f 296/682 304/683 309/684
f 325/685 327/686 333/687
f 389/688 298/689 296/690
f 298/691 305/692 297/693
f 304/694 312/695 405/696
f 304/697 405/698 397/699
f 388/700 329/701 323/702
f 391/703 305/704 298/705
f 323/706 322/707 333/708
f 401/709 397/710 327/711
f 297/712 306/713 388/714
f 394/715 301/716 307/717
f 394/718 307/719 399/720
f 301/721 303/722 308/723
f 301/724 308/725 307/726
f 396/727 321/728 331/729
f 306/730 302/731 395/732
f 404/733 330/734 329/735
f 404/736 329/737 395/738
f 393/739 404/740 311/741
f 393/742 311/743 300/744
f 329/745 330/746 328/747
f 300/748 311/749 302/750
f 312/751 390/752 405/753
f 306/754 395/755 388/756
f 328/757 393/758 403/759
f 328/760 330/761 404/762
f 328/763 404/764 393/765
f 311/766 404/767 395/768
f 311/769 395/770 302/771
f 322/772 328/773 403/774
f 401/775 327/776 325/777
f 398/778 403/779 310/780
f 398/781 310/782 305/783
f 323/784 329/785 328/786
f 323/787 328/788 322/789
f 305/790 310/791 306/792
f 322/793 403/794 398/795
f 391/796 398/797 305/798
f 390/799 388/800 323/801
f 312/802 297/803 390/804
f 69/805 65/806 71/807
f 67/808 71/809 65/810
f 67/811 73/812 71/813
f 62/814 64/815 67/816
f 67/817 65/818 63/819
f 63/820 66/821 62/822
f 67/823 63/824 62/825
f 71/826 73/827 70/828
f 70/829 68/830 72/831
f 72/832 69/833 71/834
f 70/835 72/836 71/837
f 73/838 67/839 64/840
f 73/841 64/842 70/843
f 70/844 64/845 62/846
f 70/847 62/848 68/849
f 68/850 62/851 66/852
f 68/853 66/854 72/855
f 72/856 66/857 63/858
f 72/859 63/860 69/861
f 69/862 63/863 65/864
f 257/865 250/866 246/867
f 164/868 176/869 347/870
f 258/871 251/872 250/873
f 249/874 359/875 202/876
f 114/877 179/878 357/879
f 201/880 130/881 357/882
f 240/883 231/884 229/885
f 243/886 224/887 176/888
f 349/889 189/890 236/891
f 252/892 257/893 240/894
f 120/895 151/896 149/897
f 184/898 129/899 115/900
f 184/901 351/902 114/903
f 204/904 345/905 206/906
f 198/907 354/908 171/909
f 133/910 149/911 196/912
f 83/913 77/914 355/915
f 151/916 120/917 119/918
f 199/919 119/920 112/921
f 152/922 112/923 134/924
f 134/925 130/926 201/927
f 76/928 174/929 117/930
f 127/931 132/932 131/933
f 339/934 336/935 340/936
f 359/937 171/938 245/939
f 114/940 134/941 112/942
f 129/943 112/944 119/945
f 115/946 119/947 120/948
f 153/949 245/950 171/951
f 345/952 166/953 220/954
f 345/955 220/956 221/957
f 361/958 263/959 363/960
f 268/961 263/962 262/963
f 227/964 243/965 175/966
f 218/967 345/968 226/969
f 220/970 217/971 244/972
f 219/973 239/974 244/975
f 347/976 176/977 224/978
f 347/979 203/980 245/981
f 265/982 81/983 79/984
f 229/985 234/986 233/987
f 225/988 235/989 78/990
f 226/991 221/992 238/993
f 227/994 226/995 223/996
f 271/997 265/998 79/999
f 83/1000 78/1001 77/1002
f 84/1003 272/1004 271/1005
f 231/1006 247/1007 234/1008
f 224/1009 241/1010 202/1011
f 84/1012 79/1013 246/1014
f 81/1015 82/1016 235/1017
f 175/1018 176/1019 164/1020
f 356/1021 255/1022 252/1023
f 349/1024 242/1025 222/1026
f 192/1027 190/1028 222/1029
f 193/1030 192/1031 223/1032
f 237/1033 191/1034 193/1035
f 191/1036 237/1037 179/1038
f 357/1039 179/1040 237/1041
f 113/1042 120/1043 133/1044
f 357/1045 237/1046 239/1047
f 205/1048 357/1049 219/1050
f 193/1051 191/1052 351/1053
f 237/1054 244/1055 239/1056
f 220/1057 205/1058 217/1059
f 151/1060 199/1061 194/1062
f 216/1063 198/1064 384/1065
f 90/1066 362/1067 368/1068
f 180/1069 132/1070 127/1071
f 189/1072 180/1073 346/1074
f 336/1075 127/1076 124/1077
f 164/1078 196/1079 195/1080
f 164/1081 347/1082 208/1083
f 347/1084 354/1085 198/1086
f 355/1087 335/1088 341/1089
f 365/1090 360/1091 361/1092
f 194/1093 204/1094 206/1095
f 384/1096 171/1097 341/1098
f 368/1099 271/1100 272/1101
f 91/1102 94/1103 95/1104
f 152/1105 197/1106 194/1107
f 201/1108 357/1109 150/1110
f 239/1111 219/1112 357/1113
f 363/1114 263/1115 264/1116
f 262/1117 263/1118 361/1119
f 266/1120 264/1121 263/1122
f 365/1123 363/1124 264/1125
f 190/1126 192/1127 350/1128
f 241/1129 224/1130 243/1131
f 191/1132 179/1133 351/1134
f 203/1135 202/1136 245/1137
f 243/1138 222/1139 242/1140
f 79/1141 80/1142 248/1143
f 266/1144 352/1145 81/1146
f 80/1147 81/1148 235/1149
f 233/1150 248/1151 235/1152
f 230/1153 233/1154 235/1155
f 122/1156 92/1157 95/1158
f 92/1159 364/1160 95/1161
f 93/1162 365/1163 364/1164
f 117/1165 174/1166 173/1167
f 336/1168 339/1169 183/1170
f 127/1171 336/1172 346/1173
f 113/1174 132/1175 180/1176
f 181/1177 115/1178 113/1179
f 91/1180 265/1181 362/1182
f 116/1183 365/1184 93/1185
f 207/1186 358/1187 345/1188
f 189/1189 349/1190 180/1191
f 193/1192 184/1193 181/1194
f 192/1195 181/1196 350/1197
f 150/1198 205/1199 207/1200
f 126/1201 95/1202 94/1203
f 116/1204 360/1205 365/1206
f 208/1207 198/1208 216/1209
f 196/1210 208/1211 76/1212
f 259/1213 384/1214 341/1215
f 173/1216 341/1217 96/1218
f 126/1219 91/1220 90/1221
f 124/1222 123/1223 340/1224
f 340/1225 123/1226 90/1227
f 262/1228 89/1229 96/1230
f 365/1231 266/1232 364/1233
f 197/1234 207/1235 204/1236
f 151/1237 206/1238 195/1239
f 335/1240 355/1241 344/1242
f 343/1243 261/1244 344/1245
f 335/1246 344/1247 366/1248
f 366/1249 344/1250 261/1251
f 268/1252 261/1253 343/1254
f 91/1255 95/1256 267/1257
f 259/1258 174/1259 76/1260
f 132/1261 133/1262 128/1263
f 269/1264 81/1265 265/1266
f 360/1267 116/1268 118/1269
f 196/1270 149/1271 200/1272
f 117/1273 128/1274 133/1275
f 193/1276 181/1277 192/1278
f 205/1279 358/1280 207/1281
f 357/1282 130/1283 114/1284
f 175/1285 164/1286 163/1287
f 175/1288 165/1289 218/1290
f 163/1291 164/1292 348/1293
f 347/1294 260/1295 354/1296
f 359/1297 355/1298 341/1299
f 84/1300 246/1301 250/1302
f 257/1303 231/1304 240/1305
f 242/1306 241/1307 243/1308
f 352/1309 82/1310 81/1311
f 229/1312 233/1313 232/1314
f 225/1315 78/1316 249/1317
f 271/1318 79/1319 84/1320
f 257/1321 246/1322 231/1323
f 113/1324 133/1325 132/1326
f 207/1327 345/1328 204/1329
f 350/1330 180/1331 349/1332
f 346/1333 183/1334 356/1335
f 133/1336 196/1337 117/1338
f 79/1339 234/1340 247/1341
f 240/1342 229/1343 241/1344
f 349/1345 236/1346 242/1347
f 231/1348 234/1349 229/1350
f 252/1351 240/1352 236/1353
f 206/1354 348/1355 195/1356
f 127/1357 131/1358 124/1359
f 181/1360 113/1361 350/1362
f 79/1363 248/1364 234/1365
f 82/1366 78/1367 235/1368
f 153/1369 171/1370 260/1371
f 336/1372 183/1373 346/1374
f 127/1375 346/1376 180/1377
f 113/1378 180/1379 350/1380
f 347/1381 245/1382 75/1383
f 184/1384 115/1385 181/1386
f 184/1387 114/1388 129/1389
f 114/1390 351/1391 179/1392
f 348/1393 165/1394 163/1395
f 236/1396 241/1397 242/1398
f 255/1399 257/1400 252/1401
f 249/1402 78/1403 83/1404
f 75/1405 245/1406 153/1407
f 347/1408 153/1409 260/1410
f 165/1411 345/1412 218/1413
f 359/1414 245/1415 202/1416
f 258/1417 250/1418 257/1419
f 206/1420 345/1421 165/1422
f 189/1423 252/1424 236/1425
f 349/1426 222/1427 190/1428
f 192/1429 222/1430 223/1431
f 193/1432 223/1433 238/1434
f 237/1435 193/1436 238/1437
f 341/1438 171/1439 359/1440
f 249/1441 202/1442 241/1443
f 347/1444 75/1445 153/1446
f 260/1447 171/1448 354/1449
f 243/1450 176/1451 175/1452
f 227/1453 175/1454 218/1455
f 218/1456 226/1457 227/1458
f 345/1459 221/1460 226/1461
f 358/1462 205/1463 166/1464
f 77/1465 343/1466 344/1467
f 84/1468 250/1469 251/1470
f 83/1471 359/1472 249/1473
f 79/1474 247/1475 246/1476
f 166/1477 205/1478 220/1479
f 163/1480 165/1481 175/1482
f 344/1483 355/1484 77/1485
f 356/1486 252/1487 189/1488
f 83/1489 355/1490 359/1491
f 78/1492 343/1493 77/1494
f 82/1495 343/1496 78/1497
f 343/1498 82/1499 352/1500
f 220/1501 244/1502 221/1503
f 219/1504 244/1505 217/1506
f 347/1507 224/1508 203/1509
f 246/1510 247/1511 231/1512
f 205/1513 219/1514 217/1515
f 221/1516 237/1517 238/1518
f 226/1519 238/1520 223/1521
f 227/1522 223/1523 222/1524
f 364/1525 81/1526 269/1527
f 224/1528 202/1529 203/1530
f 228/1531 235/1532 225/1533
f 151/1534 195/1535 200/1536
f 152/1537 194/1538 199/1539
f 150/1540 197/1541 152/1542
f 91/1543 362/1544 90/1545
f 341/1546 366/1547 96/1548
f 268/1549 262/1550 261/1551
f 268/1552 343/1553 352/1554
f 91/1555 267/1556 265/1557
f 126/1558 94/1559 91/1560
f 122/1561 124/1562 131/1563
f 196/1564 200/1565 195/1566
f 149/1567 151/1568 200/1569
f 164/1570 195/1571 348/1572
f 164/1573 208/1574 196/1575
f 347/1576 198/1577 208/1578
f 362/1579 271/1580 368/1581
f 365/1582 361/1583 363/1584
f 95/1585 269/1586 267/1587
f 122/1588 95/1589 126/1590
f 364/1591 269/1592 95/1593
f 232/1594 233/1595 230/1596
f 93/1597 364/1598 92/1599
f 116/1600 125/1601 121/1602
f 349/1603 190/1604 350/1605
f 356/1606 189/1607 346/1608
f 340/1609 90/1610 368/1611
f 345/1612 358/1613 166/1614
f 266/1615 81/1616 364/1617
f 80/1618 235/1619 248/1620
f 230/1621 235/1622 228/1623
f 81/1624 80/1625 79/1626
f 248/1627 233/1628 234/1629
f 221/1630 244/1631 237/1632
f 126/1633 124/1634 122/1635
f 336/1636 124/1637 340/1638
f 262/1639 361/1640 360/1641
f 266/1642 263/1643 268/1644
f 365/1645 264/1646 266/1647
f 262/1648 96/1649 366/1650
f 348/1651 206/1652 165/1653
f 236/1654 240/1655 241/1656
f 255/1657 258/1658 257/1659
f 243/1660 227/1661 222/1662
f 265/1663 271/1664 362/1665
f 126/1666 123/1667 124/1668
f 117/1669 173/1670 128/1671
f 116/1672 121/1673 118/1674
f 115/1675 120/1676 113/1677
f 198/1678 171/1679 384/1680
f 194/1681 206/1682 151/1683
f 357/1684 205/1685 150/1686
f 150/1687 207/1688 197/1689
f 197/1690 204/1691 194/1692
f 114/1693 112/1694 129/1695
f 114/1696 130/1697 134/1698
f 174/1699 259/1700 173/1701
f 351/1702 184/1703 193/1704
f 173/1705 96/1706 128/1707
f 340/1708 368/1709 97/1710
f 259/1711 341/1712 173/1713
f 126/1714 90/1715 123/1716
f 208/1717 216/1718 76/1719
f 216/1720 384/1721 259/1722
f 116/1723 93/1724 125/1725
f 360/1726 89/1727 262/1728
f 129/1729 119/1730 115/1731
f 151/1732 119/1733 199/1734
f 120/1735 149/1736 133/1737
f 366/1738 261/1739 262/1740
f 335/1741 366/1742 341/1743
f 199/1744 112/1745 152/1746
f 152/1747 134/1748 150/1749
f 134/1750 201/1751 150/1752
f 76/1753 117/1754 196/1755
f 259/1756 76/1757 216/1758
f 132/1759 128/1760 131/1761
f 269/1762 265/1763 267/1764
f 268/1765 352/1766 266/1767
f 360/1768 118/1769 89/1770
f 281/1771 177/1772 316/1773
f 316/1774 315/1775 167/1776
f 167/1777 168/1778 281/1779
f 316/1780 167/1781 281/1782
f 169/1783 317/1784 318/1785
f 318/1786 178/1787 282/1788
f 282/1789 170/1790 169/1791
f 318/1792 282/1793 169/1794
f 169/1795 167/1796 315/1797
f 169/1798 315/1799 317/1800
f 167/1801 169/1802 170/1803
f 317/1804 316/1805 318/1806
f 317/1807 315/1808 316/1809
f 178/1810 281/1811 282/1812
f 178/1813 177/1814 281/1815
f 168/1816 282/1817 281/1818
f 167/1819 170/1820 168/1821
f 177/1822 318/1823 316/1824
f 177/1825 178/1826 318/1827
f 168/1828 170/1829 282/1830
f 278/1831 59/1832 57/1833
f 61/1834 57/1835 59/1836
f 276/1837 277/1838 275/1839
f 277/1840 279/1841 275/1842
f 276/1843 280/1844 277/1845
f 275/1846 278/1847 276/1848
f 59/1849 60/1850 61/1851
f 60/1852 58/1853 61/1854
f 59/1855 56/1856 60/1857
f 276/1858 61/1859 280/1860
f 277/1861 58/1862 60/1863
f 279/1864 60/1865 56/1866
f 59/1867 275/1868 56/1869
f 276/1870 57/1871 61/1872
f 277/1873 60/1874 279/1875
f 278/1876 57/1877 276/1878
f 59/1879 278/1880 275/1881
f 280/1882 58/1883 277/1884
f 280/1885 61/1886 58/1887
f 279/1888 56/1889 275/1890
f 210/1891 154/1892 155/1893
f 214/1894 185/1895 186/1896
f 214/1897 210/1898 185/1899
f 209/1900 154/1901 210/1902
f 156/1903 212/1904 157/1905
f 159/1906 214/1907 186/1908
f 154/1909 156/1910 157/1911
f 157/1912 214/1913 159/1914
f 157/1915 212/1916 214/1917
f 188/1918 162/1919 161/1920
f 188/1921 187/1922 162/1923
f 387/1924 161/1925 162/1926
f 387/1927 386/1928 161/1929
f 85/1930 88/1931 87/1932
f 85/1933 86/1934 88/1935
f 186/1936 187/1937 188/1938
f 155/1939 86/1940 85/1941
f 155/1942 159/1943 86/1944
f 86/1945 188/1946 88/1947
f 86/1948 186/1949 188/1950
f 154/1951 159/1952 155/1953
f 154/1954 157/1955 159/1956
f 212/1957 210/1958 214/1959
f 87/1960 386/1961 387/1962
f 88/1963 188/1964 161/1965
f 88/1966 161/1967 386/1968
f 156/1969 211/1970 212/1971
f 211/1972 210/1973 212/1974
f 159/1975 186/1976 86/1977
f 210/1978 155/1979 85/1980
f 210/1981 85/1982 185/1983
f 187/1984 87/1985 387/1986
f 187/1987 387/1988 162/1989
f 185/1990 85/1991 87/1992
f 185/1993 87/1994 187/1995
f 87/1996 88/1997 386/1998
f 186/1999 185/2000 187/2001
f 211/2002 209/2003 210/2004
f 416/2005 408/2006 410/2007
f 408/2008 286/2009 289/2010
f 408/2011 289/2012 410/2013
f 291/2014 284/2015 292/2016
f 407/2017 414/2018 408/2019
f 413/2020 412/2021 290/2022
f 413/2023 290/2024 291/2025
f 291/2026 293/2027 284/2028
f 412/2029 413/2030 415/2031
f 415/2032 414/2033 407/2034
f 415/2035 413/2036 414/2037
f 293/2038 407/2039 284/2040
f 407/2041 408/2042 416/2043
f 293/2044 415/2045 407/2046
f 413/2047 292/2048 414/2049
f 413/2050 291/2051 292/2052
f 414/2053 286/2054 408/2055
f 414/2056 292/2057 286/2058
f 284/2059 416/2060 294/2061
f 292/2062 294/2063 286/2064
f 284/2065 407/2066 416/2067
f 292/2068 284/2069 294/2070
f 339/2071 340/2072 319/2073
f 255/2074 356/2075 342/2076
f 84/2077 251/2078 418/2079
f 272/2080 84/2081 273/2082
f 368/2083 272/2084 270/2085
f 97/2086 368/2087 367/2088
f 356/2089 183/2090 182/2091
f 258/2092 255/2093 253/2094
f 251/2095 258/2096 256/2097
f 183/2098 339/2099 338/2100
f 211/2101 156/2102 99/2103
f 154/2104 209/2105 213/2106
f 156/2107 154/2108 158/2109
f 416/2110 410/2111 417/2112
f 290/2113 412/2114 274/2115
f 291/2116 290/2117 274/2118
f 293/2119 291/2120 288/2121
f 412/2122 415/2123 385/2124
f 415/2125 293/2126 385/2127
f 294/2128 416/2129 409/2130
f 410/2131 289/2132 283/2133
f 286/2134 294/2135 287/2136
f 289/2137 286/2138 285/2139
f 319/2140 337/2141 339/2142
f 342/2143 254/2144 255/2145
f 418/2146 273/2147 84/2148
f 273/2149 172/2150 272/2151
f 270/2152 367/2153 368/2154
f 353/2155 270/2156 272/2157
f 182/2158 314/2159 356/2160
f 97/2161 319/2162 340/2163
f 253/2164 256/2165 258/2166
f 256/2167 418/2168 251/2169
f 213/2170 158/2171 154/2172
f 211/2173 215/2174 209/2175
f 417/2176 409/2177 416/2178
f 274/2179 288/2180 291/2181
f 385/2182 411/2183 412/2184
f 409/2185 74/2186 294/2187
f 283/2188 98/2189 410/2190
f 287/2191 285/2192 286/2193
f 285/2194 295/2195 289/2196
f 183/2197 338/2198 182/2199
f 272/2200 172/2201 353/2202
f 339/2203 337/2204 338/2205
f 255/2206 254/2207 253/2208
f 356/2209 314/2210 313/2211
f 356/2212 313/2213 342/2214
f 156/2215 160/2216 99/2217
f 156/2218 158/2219 160/2220
f 209/2221 215/2222 213/2223
f 412/2224 411/2225 274/2226
f 293/2227 288/2228 385/2229
f 410/2230 98/2231 406/2232
f 289/2233 295/2234 283/2235
f 410/2236 406/2237 417/2238
f 294/2239 74/2240 287/2241
f 409/2242 74/2243 287/2244
f 283/2245 98/2246 406/2247
f 406/2248 417/2249 409/2250
f 409/2251 287/2252 285/2253
f 295/2254 283/2255 406/2256
f 406/2257 409/2258 285/2259
f 285/2260 295/2261 406/2262
f 338/2263 182/2264 314/2265
f 342/2266 254/2267 253/2268
f 253/2269 256/2270 418/2271
f 97/2272 319/2273 337/2274
f 337/2275 338/2276 314/2277
f 314/2278 313/2279 342/2280
f 342/2281 253/2282 418/2283
f 367/2284 97/2285 337/2286
f 314/2287 342/2288 418/2289
f 337/2290 314/2291 418/2292
f 270/2293 367/2294 337/2295
f 337/2296 418/2297 273/2298
f 353/2299 270/2300 337/2301
f 337/2302 273/2303 172/2304
f 172/2305 353/2306 337/2307
f 99/2308 211/2309 215/2310
f 158/2311 160/2312 99/2313
f 99/2314 215/2315 213/2316
f 213/2317 158/2318 99/2319
f 411/2320 274/2321 288/2322
f 288/2323 385/2324 411/2325
o Panel
g Panel
usemtl PanelCream
v -0.08921 0.78061 -0.03860
v -0.09780 0.78058 -0.03899
v -0.09780 0.71730 -0.05334
v -0.09780 0.75067 -0.06712
v -0.08921 0.75768 -0.01498
v -0.08921 0.77165 -0.01502
v -0.08921 0.78066 -0.02411
v -0.09780 0.75781 -0.01501
v -0.09780 0.78066 -0.02411
v -0.09780 0.77165 -0.01502
v -0.08921 0.71730 -0.05334
v -0.08921 0.75066 -0.06758
v -0.09004 0.72474 -0.13298
v -0.09004 0.73484 -0.13315
v -0.10263 0.73484 -0.13315
v -0.10263 0.72474 -0.13298
v -0.08994 0.71530 -0.12311
v -0.08991 0.74442 -0.12472
v -0.10340 0.71713 -0.05935
v -0.10273 0.71530 -0.12311
v -0.10340 0.75018 -0.07194
v -0.10274 0.74427 -0.12485
v -0.03732 0.79468 -0.02868
v -0.09441 0.79468 -0.02868
v -0.09441 0.78041 -0.05339
v -0.03732 0.78041 -0.05339
v -0.09441 0.75187 -0.05339
v -0.03732 0.75187 -0.05339
v -0.09441 0.73760 -0.02868
v -0.03732 0.73760 -0.02868
v -0.09441 0.75187 -0.00396
v -0.03732 0.75187 -0.00396
v -0.09441 0.78041 -0.00396
v -0.03732 0.78041 -0.00396
v 0.08074 0.74355 0.00405
v 0.08074 0.77750 0.00405
v 0.09675 0.77484 -0.01034
v 0.09675 0.75694 -0.01034
v 0.09675 0.77484 -0.11459
v 0.09675 0.75694 -0.11459
v 0.08074 0.77750 -0.13248
v 0.08074 0.74355 -0.13248
v 0.08184 0.81287 -0.02919
v -0.01159 0.81287 -0.02919
v -0.01159 0.78951 -0.06965
v 0.08184 0.78951 -0.06965
v -0.01159 0.74280 -0.06965
v 0.08184 0.74280 -0.06965
v -0.01159 0.71945 -0.02919
v 0.08184 0.71945 -0.02919
v -0.01159 0.74280 0.01126
v 0.08184 0.74280 0.01126
v -0.01159 0.78951 0.01126
v 0.08184 0.78951 0.01126
v 0.07956 0.58946 -0.37896
v 0.07956 0.58946 -0.30461
v 0.07956 0.61967 -0.30461
v 0.07956 0.64988 -0.34875
v 0.07956 0.64290 -0.36200
v 0.06793 0.58946 -0.44730
v 0.06793 0.59425 -0.45969
v 0.06793 0.64988 -0.34875
v 0.06793 0.64290 -0.36200
v 0.06793 0.63811 -0.45969
v 0.07956 0.63110 -0.47208
v 0.07956 0.58946 -0.44730
v 0.07956 0.64290 -0.44730
v 0.07956 0.63811 -0.45969
v 0.06793 0.63110 -0.47208
v 0.06793 0.60823 -0.47208
v 0.07956 0.59425 -0.45969
v 0.06793 0.64290 -0.44730
v 0.07956 0.60823 -0.47208
v 0.06793 0.62442 -0.32668
v 0.06793 0.64988 -0.29082
v 0.06793 0.61967 -0.26602
v 0.06793 0.58946 -0.28532
v 0.07956 0.64390 -0.19549
v 0.07929 0.64944 -0.27703
v 0.09410 0.62918 -0.27703
v 0.09410 0.62918 -0.19549
v 0.07956 0.61967 -0.27703
v 0.06793 0.62918 -0.27703
v 0.06793 0.64988 -0.19549
v 0.07956 0.64988 -0.19549
v 0.06793 0.61967 -0.19549
v 0.09410 0.61967 -0.19549
v 0.09410 0.61967 -0.27703
v 0.07333 0.61967 -0.30461
v 0.07333 0.58946 -0.30461
v 0.07333 0.61967 -0.26602
v 0.05825 0.58236 -0.62695
v 0.05981 0.58236 -0.58896
v 0.05670 0.61332 -0.55800
v 0.05981 0.62929 -0.55800
v 0.05281 0.59665 -0.64124
v 0.05981 0.65923 -0.55800
v 0.05048 0.58236 -0.58896
v 0.05747 0.63436 -0.64124
v 0.05165 0.65923 -0.61000
v 0.05048 0.62929 -0.55800
v 0.05981 0.65923 -0.50721
v 0.05048 0.62929 -0.50721
v 0.05048 0.65923 -0.50721
v 0.05981 0.63888 -0.50721
v 0.07678 0.63888 -0.50721
v 0.07678 0.62929 -0.50721
v 0.05981 0.63888 -0.55800
v 0.07678 0.63568 -0.55800
v -0.06140 0.65662 -0.58958
v -0.06140 0.64212 -0.61469
v 0.05767 0.64212 -0.61469
v -0.06140 0.61312 -0.61469
v -0.06140 0.59862 -0.58958
v 0.05767 0.59862 -0.58958
v -0.06140 0.61312 -0.56446
v -0.06140 0.64212 -0.56446
v 0.05767 0.64212 -0.56446
v 0.05767 0.61312 -0.56446
v 0.05767 0.65662 -0.58958
v 0.05767 0.61312 -0.61469
v 0.01960 0.80015 0.12024
v 0.01960 0.78676 0.13337
v 0.01960 0.81666 0.12709
v 0.01960 0.82120 0.10312
v 0.01960 0.80770 0.07869
v 0.01960 0.80864 0.10552
v -0.02630 0.80770 0.07869
v -0.02630 0.82120 0.10312
v -0.02630 0.81666 0.12709
v -0.02630 0.78676 0.13337
v -0.02630 0.80015 0.12024
v -0.02630 0.80864 0.10552
v -0.02630 0.80015 0.09081
v -0.02630 0.78316 0.09081
v -0.02630 0.78316 0.12024
v -0.02630 0.77466 0.10552
v -0.02630 0.70730 0.10563
v 0.01960 0.78316 0.12024
v 0.01960 0.77466 0.10552
v 0.01960 0.80015 0.09081
v 0.01960 0.78316 0.09081
v 0.01960 0.70730 0.10563
v -0.02630 0.62831 0.03907
v -0.02630 0.63063 0.12687
v -0.02630 0.60047 0.12450
v -0.02630 0.59815 0.03670
v -0.02630 0.80350 0.03217
v 0.01960 0.80350 0.03230
v 0.01960 0.62831 0.03907
v -0.02630 0.66628 0.10504
v 0.01960 0.66628 0.10504
v 0.01960 0.63063 0.12687
v 0.01960 0.60047 0.12450
v 0.01960 0.59815 0.03670
v 0.01259 0.77247 0.00171
v 0.00462 0.75866 0.03359
v 0.01259 0.77247 0.03359
v -0.01132 0.75866 0.00171
v -0.01132 0.75866 0.03359
v -0.01929 0.77247 0.03359
v -0.01929 0.77247 0.00171
v -0.01132 0.78627 0.03359
v 0.00462 0.78627 0.00171
v -0.01132 0.78627 0.00171
v 0.00462 0.78627 0.03359
v 0.00462 0.75866 0.00171
v -0.01507 0.85231 -0.04537
v -0.03915 0.86477 -0.07298
v -0.04687 0.82346 -0.08720
v -0.03915 0.86477 -0.04956
v -0.04690 0.82346 -0.03530
v -0.01755 0.82346 -0.08721
v -0.01507 0.86477 -0.04956
v -0.01507 0.86477 -0.07298
v -0.01507 0.85235 -0.07726
v 0.00837 0.85231 -0.04537
v 0.00837 0.85235 -0.07726
v 0.00837 0.86477 -0.07298
v 0.03242 0.86476 -0.07298
v 0.04025 0.82346 -0.03532
v 0.00837 0.86477 -0.04956
v 0.03243 0.86476 -0.04957
v 0.04025 0.82346 -0.08720
v 0.06456 0.75767 -0.44377
v 0.06232 0.76407 -0.42333
v 0.03935 0.75767 -0.44377
vt 0.01844 0.00000
vt 0.06749 0.00000
vt 0.10745 0.10962
vt 0.01844 0.00000
vt 0.10745 0.10962
vt 0.10745 0.16618
vt 0.00000 0.18412
vt 0.00000 0.05058
vt 0.01844 0.00000
vt 0.10745 0.16618
vt 0.10745 0.10962
vt 0.06749 0.00000
vt 0.01844 0.00000
vt 0.10745 0.16618
vt 0.10745 0.27221
vt 0.10745 0.27221
vt 0.00000 0.18412
vt 0.01844 0.00000
vt 0.10745 0.27221
vt 0.04032 0.27221
vt 0.00000 0.18412
vt 0.06749 0.00000
vt 0.01844 0.00000
vt 0.00000 0.05058
vt 0.00000 0.05058
vt 0.00000 0.18412
vt 0.04032 0.27221
vt 0.10745 0.16618
vt 0.10745 0.16618
vt 0.17302 0.16618
vt 0.10745 0.10962
vt 0.10745 0.16618
vt 0.10745 0.16618
vt 0.04032 0.27221
vt 0.10745 0.27221
vt 0.17302 0.27221
vt 0.04032 0.27221
vt 0.10745 0.16618
vt 0.06749 0.00000
vt 0.06749 0.00000
vt 0.00000 0.05058
vt 0.04032 0.27221
vt 0.06749 0.00000
vt 0.06749 0.00000
vt 0.10745 0.10962
vt 0.04032 0.27221
vt 0.17302 0.27221
vt 0.17302 0.27221
vt 0.06749 0.00000
vt 0.01844 0.00000
vt 0.06749 0.00000
vt 0.10745 0.27221
vt 0.10745 0.20013
vt 0.17302 0.20013
vt 0.10745 0.27221
vt 0.17302 0.20013
vt 0.17302 0.27221
vt 0.10745 0.16618
vt 0.17302 0.27221
vt 0.17302 0.16618
vt 0.10745 0.18881
vt 0.17302 0.16618
vt 0.17302 0.20013
vt 0.10745 0.20013
vt 0.10745 0.16618
vt 0.10745 0.18881
vt 0.17302 0.16618
vt 0.17302 0.27221
vt 0.17302 0.20013
vt 0.17302 0.27221
vt 0.17302 0.27221
vt 0.17302 0.20013
vt 0.17302 0.16618
vt 0.17302 0.20013
vt 0.17302 0.16618
vt 0.17302 0.16618
vt 0.17302 0.20013
vt 0.17302 0.20013
vt 0.10745 0.16618
vt 0.04032 0.27221
vt 0.17302 0.27221
vt 0.10745 0.16618
vt 0.17302 0.16618
vt 0.17302 0.16618
vt 0.10745 0.16618
vt 0.17302 0.16618
vt 0.10745 0.18881
vt 0.17302 0.20013
vt 0.10745 0.20013
vt 0.10745 0.18881
vt 0.17302 0.20013
vt 0.10745 0.18881
vt 0.17302 0.20013
vt 0.03427 0.21161
vt 0.03427 0.10892
vt 0.06669 0.05758
vt 0.06669 0.05758
vt 0.09911 0.10892
vt 0.09911 0.21161
vt 0.03427 0.21161
vt 0.06669 0.05758
vt 0.09911 0.21161
vt 0.09911 0.10892
vt 0.09911 0.21161
vt 0.09911 0.10892
vt 0.06669 0.26295
vt 0.03427 0.21161
vt 0.06669 0.26295
vt 0.03427 0.10892
vt 0.06669 0.05758
vt 0.03427 0.10892
vt 0.09911 0.21161
vt 0.06669 0.26295
vt 0.06669 0.26295
vt 0.09911 0.10892
vt 0.09911 0.21161
vt 0.09911 0.21161
vt 0.06669 0.26295
vt 0.09911 0.21161
vt 0.09911 0.21161
vt 0.06669 0.05758
vt 0.09911 0.10892
vt 0.09911 0.10892
vt 0.03427 0.21161
vt 0.03427 0.10892
vt 0.03427 0.10892
vt 0.06669 0.26295
vt 0.03427 0.21161
vt 0.03427 0.21161
vt 0.03427 0.21161
vt 0.03427 0.21161
vt 0.03427 0.10892
vt 0.03427 0.10892
vt 0.06669 0.05758
vt 0.06669 0.05758
vt 0.06669 0.05758
vt 0.06669 0.05758
vt 0.09911 0.10892
vt 0.03427 0.10892
vt 0.03427 0.21161
vt 0.06669 0.26295
vt 0.06669 0.26295
vt 0.09911 0.21161
vt 0.09911 0.10892
vt 0.09911 0.10892
vt 0.06669 0.05758
vt 0.03427 0.10892
vt 0.06669 0.26295
vt 0.09911 0.10892
vt 0.03427 0.10892
vt 0.09911 0.21161
vt 0.06669 0.26295
vt 0.03427 0.21161
vt 0.25493 0.62078
vt 0.28132 0.64343
vt 0.25493 0.62078
vt 0.25493 0.62078
vt 0.28132 0.64343
vt 0.25493 0.62078
vt 0.47018 0.23753
vt 0.47018 0.13210
vt 0.47018 0.16577
vt 0.47018 0.13210
vt 0.57546 0.13210
vt 0.47018 0.13210
vt 0.57546 0.13210
vt 0.57546 0.21792
vt 0.57546 0.16577
vt 0.43458 0.13210
vt 0.43458 0.02512
vt 0.48440 0.13210
vt 0.43458 0.13210
vt 0.43458 0.02512
vt 0.43458 0.02512
vt 0.33860 0.02512
vt 0.23437 0.19739
vt 0.25037 0.02512
vt 0.47018 0.16577
vt 0.47018 0.13210
vt 0.57546 0.13210
vt 0.47018 0.16577
vt 0.57546 0.13210
vt 0.57546 0.16577
vt 0.47018 0.23753
vt 0.47018 0.13210
vt 0.47018 0.13210
vt 0.25037 0.02512
vt 0.23437 0.19739
vt 0.21837 0.09162
vt 0.23437 0.19739
vt 0.25037 0.21436
vt 0.21837 0.17258
vt 0.47018 0.13210
vt 0.43458 0.13210
vt 0.43458 0.13210
vt 0.47018 0.13210
vt 0.43458 0.13210
vt 0.48440 0.13210
vt 0.43458 0.13210
vt 0.43458 0.02512
vt 0.43458 0.13210
vt 0.36049 0.21436
vt 0.43458 0.02512
vt 0.43458 0.13210
vt 0.36049 0.21436
vt 0.33860 0.02512
vt 0.43458 0.02512
vt 0.23437 0.19739
vt 0.23437 0.19739
vt 0.21837 0.17258
vt 0.36049 0.21436
vt 0.37760 0.23907
vt 0.36049 0.21436
vt 0.36049 0.21436
vt 0.37760 0.23907
vt 0.37760 0.23907
vt 0.36049 0.21436
vt 0.25037 0.02512
vt 0.23437 0.04209
vt 0.21837 0.09162
vt 0.21837 0.17258
vt 0.21837 0.17258
vt 0.33860 0.02512
vt 0.25037 0.21436
vt 0.23437 0.19739
vt 0.33860 0.02512
vt 0.36049 0.21436
vt 0.25037 0.21436
vt 0.36049 0.21436
vt 0.25037 0.21436
vt 0.25037 0.21436
vt 0.36049 0.21436
vt 0.36049 0.21436
vt 0.25037 0.21436
vt 0.25037 0.02512
vt 0.33860 0.02512
vt 0.25037 0.02512
vt 0.23437 0.19739
vt 0.21837 0.17258
vt 0.21837 0.17258
vt 0.25037 0.02512
vt 0.25037 0.02512
vt 0.23437 0.04209
vt 0.23437 0.04209
vt 0.21837 0.09162
vt 0.21837 0.09162
vt 0.23437 0.04209
vt 0.23437 0.04209
vt 0.21837 0.09162
vt 0.23437 0.19739
vt 0.21837 0.17258
vt 0.21837 0.09162
vt 0.45949 0.02512
vt 0.25037 0.02512
vt 0.48440 0.13210
vt 0.36049 0.21436
vt 0.37760 0.23907
vt 0.45238 0.23907
vt 0.21837 0.09162
vt 0.21837 0.17258
vt 0.21837 0.09162
vt 0.40609 0.14894
vt 0.25037 0.02512
vt 0.36049 0.21436
vt 0.36049 0.21436
vt 0.23437 0.04209
vt 0.25037 0.21436
vt 0.25037 0.21436
vt 0.23437 0.04209
vt 0.21837 0.09162
vt 0.25037 0.21436
vt 0.21837 0.09162
vt 0.21837 0.17258
vt 0.23437 0.04209
vt 0.25037 0.02512
vt 0.21837 0.09162
vt 0.25037 0.02512
vt 0.23437 0.04209
vt 0.23437 0.04209
vt 0.25037 0.21436
vt 0.25037 0.21436
vt 0.23437 0.19739
vt 0.25037 0.21436
vt 0.23437 0.19739
vt 0.23437 0.19739
vt 0.57546 0.13210
vt 0.57546 0.21792
vt 0.57546 0.13210
vt 0.25037 0.02512
vt 0.40609 0.14894
vt 0.47018 0.16577
vt 0.25037 0.02512
vt 0.47018 0.16577
vt 0.48440 0.13210
vt 0.47018 0.23753
vt 0.57546 0.21792
vt 0.57546 0.23907
vt 0.47018 0.13210
vt 0.48440 0.13210
vt 0.57546 0.13210
vt 0.47018 0.13210
vt 0.57546 0.13210
vt 0.57546 0.13210
vt 0.45238 0.23907
vt 0.47018 0.23753
vt 0.57546 0.23907
vt 0.45238 0.23907
vt 0.57546 0.23907
vt 0.57546 0.23907
vt 0.48440 0.13210
vt 0.47018 0.16577
vt 0.57546 0.23907
vt 0.48440 0.13210
vt 0.57546 0.23907
vt 0.57546 0.13210
vt 0.57546 0.13210
vt 0.57546 0.23907
vt 0.57546 0.21792
vt 0.57546 0.21792
vt 0.47018 0.16577
vt 0.57546 0.16577
vt 0.37760 0.23907
vt 0.43458 0.13210
vt 0.47018 0.13210
vt 0.37760 0.23907
vt 0.47018 0.13210
vt 0.47018 0.23753
vt 0.40609 0.14894
vt 0.45238 0.23907
vt 0.47018 0.16577
vt 0.57546 0.23907
vt 0.57546 0.23907
vt 0.57546 0.21792
vt 0.47018 0.16577
vt 0.45238 0.23907
vt 0.57546 0.23907
vt 0.36049 0.21436
vt 0.45238 0.23907
vt 0.40609 0.14894
vt 0.36049 0.21436
vt 0.43458 0.13210
vt 0.37760 0.23907
vt 0.37760 0.23907
vt 0.37760 0.23907
vt 0.47018 0.23753
vt 0.37760 0.23907
vt 0.47018 0.23753
vt 0.45238 0.23907
vt 0.33860 0.02512
vt 0.25037 0.02512
vt 0.45949 0.02512
vt 0.33860 0.02512
vt 0.45949 0.02512
vt 0.43458 0.02512
vt 0.57546 0.21792
vt 0.47018 0.23753
vt 0.47018 0.16577
vt 0.81448 0.61819
vt 0.67989 0.68156
vt 0.67989 0.61819
vt 0.83306 0.57078
vt 0.83306 0.69100
vt 0.81448 0.68156
vt 0.81448 0.61819
vt 0.81448 0.68156
vt 0.67989 0.68156
vt 0.67989 0.68156
vt 0.83306 0.69100
vt 0.65680 0.69100
vt 0.83306 0.69100
vt 0.65680 0.57078
vt 0.65680 0.69100
vt 0.67989 0.68156
vt 0.81448 0.68156
vt 0.83306 0.69100
vt 0.65680 0.57078
vt 0.81448 0.61819
vt 0.67989 0.61819
vt 0.65680 0.57078
vt 0.83306 0.57078
vt 0.81448 0.61819
vt 0.67989 0.61819
vt 0.65680 0.69100
vt 0.65680 0.57078
vt 0.83306 0.69100
vt 0.83306 0.57078
vt 0.65680 0.57078
vt 0.67989 0.61819
vt 0.67989 0.68156
vt 0.65680 0.69100
vt 0.83306 0.57078
vt 0.81448 0.68156
vt 0.81448 0.61819
vt 0.87826 0.16271
vt 0.96343 0.29715
vt 0.99162 0.17093
vt 0.96343 0.29715
vt 0.87826 0.16271
vt 0.99162 0.17093
vt 0.94506 0.71103
vt 0.94506 0.71103
vt 0.94506 0.77119
vt 0.94506 0.71103
vt 0.94506 0.77119
vt 0.94506 0.77119
vt 0.96406 0.80127
vt 0.96406 0.80127
vt 0.98305 0.77119
vt 0.96406 0.80127
vt 0.98305 0.77119
vt 0.98305 0.77119
vt 0.96406 0.68095
vt 0.96406 0.68095
vt 0.94506 0.71103
vt 0.96406 0.68095
vt 0.94506 0.71103
vt 0.94506 0.71103
vt 0.98305 0.71103
vt 0.98305 0.71103
vt 0.96406 0.68095
vt 0.98305 0.71103
vt 0.96406 0.68095
vt 0.96406 0.68095
vt 0.96419 0.44241
vt 0.86952 0.78307
vt 0.87826 0.16271
vt 0.96419 0.44241
vt 0.87826 0.16271
vt 0.96343 0.29715
vt 0.86936 0.78305
vt 0.96419 0.44241
vt 0.96343 0.29715
vt 0.86936 0.78305
vt 0.96343 0.29715
vt 0.87826 0.16271
vt 0.86952 0.78307
vt 0.87826 0.16271
vt 0.87826 0.16271
vt 0.98855 0.06413
vt 0.98855 0.06413
vt 0.87520 0.05591
vt 0.98855 0.06413
vt 0.87520 0.05591
vt 0.87520 0.05591
vt 0.99162 0.17093
vt 0.99162 0.17093
vt 0.98855 0.06413
vt 0.99162 0.17093
vt 0.98855 0.06413
vt 0.98855 0.06413
vt 0.87826 0.16271
vt 0.87826 0.16271
vt 0.87520 0.05591
vt 0.87826 0.16271
vt 0.87520 0.05591
vt 0.87520 0.05591
vt 0.99162 0.17093
vt 0.87826 0.16271
vt 0.87520 0.05591
vt 0.99162 0.17093
vt 0.87520 0.05591
vt 0.98855 0.06413
vt 0.96419 0.44241
vt 0.96419 0.44241
vt 0.96343 0.29715
vt 0.96419 0.44241
vt 0.96343 0.29715
vt 0.96343 0.29715
vt 0.86952 0.78307
vt 0.86936 0.78305
vt 0.87826 0.16271
vt 0.96095 0.84573
vt 0.99189 0.82966
vt 0.96095 0.84573
vt 0.96419 0.44241
vt 1.00000 0.72378
vt 0.96406 0.68095
vt 0.94506 0.71103
vt 0.92941 0.79792
vt 0.96419 0.44241
vt 0.96406 0.68095
vt 0.94506 0.71103
vt 0.96419 0.44241
vt 0.98305 0.71103
vt 0.98305 0.71103
vt 0.98305 0.77119
vt 0.98305 0.77119
vt 0.98305 0.71103
vt 0.98305 0.77119
vt 0.96406 0.80127
vt 0.94506 0.77119
vt 0.94506 0.77119
vt 0.94506 0.77119
vt 0.96406 0.80127
vt 0.96406 0.80127
vt 1.00000 0.72378
vt 0.99189 0.82966
vt 0.99189 0.82966
vt 1.00000 0.72378
vt 0.99189 0.82966
vt 1.00000 0.72378
vt 0.92941 0.79792
vt 0.96095 0.84573
vt 0.96095 0.84573
vt 0.92941 0.79792
vt 0.96095 0.84573
vt 0.92941 0.79792
vt 0.96095 0.84573
vt 0.99189 0.82966
vt 0.99189 0.82966
vt 0.96343 0.29715
vt 0.99162 0.17093
vt 0.99162 0.17093
vt 0.87826 0.16271
vt 0.99162 0.17093
vt 0.98855 0.06413
vt 0.87826 0.16271
vt 0.98855 0.06413
vt 0.87520 0.05591
vt 1.00000 0.72378
vt 1.00000 0.72378
vt 0.96419 0.44241
vt 1.00000 0.72378
vt 0.96419 0.44241
vt 0.96419 0.44241
vt 0.92941 0.79792
vt 0.96419 0.44241
vt 0.86936 0.78305
vt 0.92941 0.79792
vt 0.92941 0.79792
vt 0.86936 0.78305
vt 0.92941 0.79792
vt 0.86936 0.78305
vt 0.86952 0.78307
vt 0.96419 0.44241
vt 0.92941 0.79792
vt 0.86952 0.78307
vt 0.96343 0.29715
vt 0.96343 0.29715
vt 0.99162 0.17093
vt 0.94506 0.77119
vt 0.92941 0.79792
vt 0.96095 0.84573
vt 0.98305 0.77119
vt 1.00000 0.72378
vt 0.99189 0.82966
vt 0.99189 0.82966
vt 0.96095 0.84573
vt 0.92941 0.79792
vt 0.99189 0.82966
vt 0.92941 0.79792
vt 0.96406 0.80127
vt 0.99189 0.82966
vt 0.96406 0.80127
vt 0.98305 0.77119
vt 0.94506 0.71103
vt 0.94506 0.77119
vt 0.92941 0.79792
vt 0.96095 0.84573
vt 0.99189 0.82966
vt 1.00000 0.72378
vt 1.00000 0.72378
vt 0.98305 0.71103
vt 0.98305 0.77119
vt 0.96406 0.80127
vt 0.94506 0.77119
vt 0.96095 0.84573
vt 0.96095 0.84573
vt 1.00000 0.72378
vt 0.98305 0.77119
vt 0.96095 0.84573
vt 0.98305 0.77119
vt 0.96406 0.80127
vt 0.92941 0.79792
vt 0.94506 0.77119
vt 0.94506 0.71103
vt 0.96406 0.68095
vt 0.98305 0.71103
vt 1.00000 0.72378
vt 0.96419 0.44241
vt 0.92941 0.79792
vt 0.94506 0.71103
vt 0.96406 0.68095
vt 1.00000 0.72378
vt 0.96419 0.44241
vt 0.94506 0.71103
vt 0.96406 0.68095
vt 0.96419 0.44241
vt 1.00000 0.72378
vt 0.98305 0.77119
vt 0.98305 0.71103
vt 1.00000 0.72378
vt 0.98305 0.71103
vt 0.96406 0.68095
vt 0.94506 0.77119
vt 0.96406 0.80127
vt 0.92941 0.79792
vt 0.83003 0.72205
vt 0.87119 0.67317
vt 0.87119 0.72205
vt 0.83003 0.72205
vt 0.87119 0.72205
vt 0.87119 0.72205
vt 0.83003 0.72205
vt 0.83003 0.72205
vt 0.83003 0.62428
vt 0.83003 0.67317
vt 0.87119 0.72205
vt 0.87119 0.67317
vt 0.87119 0.72205
vt 0.87119 0.67317
vt 0.87119 0.62428
vt 0.87119 0.62428
vt 0.87119 0.62428
vt 0.87119 0.72205
vt 0.87119 0.67317
vt 0.87119 0.72205
vt 0.87119 0.62428
vt 0.87119 0.62428
vt 0.83003 0.62428
vt 0.83003 0.62428
vt 0.87119 0.62428
vt 0.87119 0.72205
vt 0.87119 0.72205
vt 0.83003 0.72205
vt 0.83003 0.67317
vt 0.83003 0.62428
vt 0.83003 0.72205
vt 0.83003 0.72205
vt 0.87119 0.72205
vt 0.83003 0.67317
vt 0.83003 0.62428
vt 0.87119 0.62428
vt 0.83003 0.72205
vt 0.83003 0.67317
vt 0.87119 0.67317
vt 0.87119 0.62428
vt 0.83003 0.62428
vt 0.87119 0.62428
vt 0.83003 0.67317
vt 0.87119 0.62428
vt 0.87119 0.67317
vt 0.83003 0.62428
vt 0.87119 0.67317
vt 0.87119 0.62428
vt 0.83003 0.67317
vt 0.83003 0.72205
vt 0.83003 0.62428
vt 0.83003 0.62428
vt 0.83003 0.67317
vt 0.87119 0.67317
vt 0.83003 0.67317
vt 0.83003 0.72205
vt 0.87119 0.72205
vt 0.83003 0.62428
vt 0.83003 0.62428
vt 0.83003 0.72205
vt 0.65615 0.50415
vt 0.65593 0.53991
vt 0.65615 0.50415
vt 0.75120 0.47721
vt 0.66890 0.47075
vt 0.66890 0.47076
vt 0.65615 0.50415
vt 0.65593 0.53991
vt 0.65593 0.53991
vt 0.80849 0.62083
vt 0.74059 0.59596
vt 0.75897 0.47782
vt 0.74117 0.59600
vt 0.75897 0.47782
vt 0.75120 0.47721
vt 0.74117 0.59600
vt 0.75120 0.47721
vt 0.73495 0.59426
vt 0.75897 0.47782
vt 0.75897 0.47782
vt 0.66890 0.47075
vt 0.75897 0.47782
vt 0.66890 0.47075
vt 0.75120 0.47721
vt 0.66682 0.57384
vt 0.66664 0.57332
vt 0.65593 0.53991
vt 0.66890 0.47076
vt 0.66890 0.47075
vt 0.65615 0.50415
vt 0.77748 0.70190
vt 0.79670 0.70219
vt 0.79670 0.70219
vt 0.77748 0.70190
vt 0.77800 0.70199
vt 0.79670 0.70219
vt 0.80849 0.62083
vt 0.80843 0.67026
vt 0.80843 0.67026
vt 0.80849 0.62083
vt 0.80845 0.62128
vt 0.80843 0.67026
vt 0.80843 0.67026
vt 0.79670 0.70219
vt 0.80843 0.67026
vt 0.80843 0.67026
vt 0.79670 0.70219
vt 0.79670 0.70219
vt 0.79670 0.70219
vt 0.80843 0.67026
vt 0.80845 0.62128
vt 0.77800 0.70199
vt 0.74059 0.59596
vt 0.80849 0.62083
vt 0.80843 0.67026
vt 0.79670 0.70219
vt 0.77800 0.70199
vt 0.80843 0.67026
vt 0.77800 0.70199
vt 0.80849 0.62083
vt 0.74059 0.59596
vt 0.73495 0.59426
vt 0.66682 0.57384
vt 0.75897 0.47782
vt 0.74059 0.59596
vt 0.66682 0.57384
vt 0.75897 0.47782
vt 0.66682 0.57384
vt 0.66890 0.47075
vt 0.66890 0.47076
vt 0.65615 0.50415
vt 0.65615 0.50415
vt 0.66682 0.57384
vt 0.73495 0.59426
vt 0.66664 0.57332
vt 0.66682 0.57384
vt 0.65593 0.53991
vt 0.65593 0.53991
vt 0.74059 0.59596
vt 0.74117 0.59600
vt 0.73495 0.59426
vt 0.65615 0.50415
vt 0.65593 0.53991
vt 0.66664 0.57332
vt 0.75120 0.47721
vt 0.66890 0.47076
vt 0.65615 0.50415
vt 0.66664 0.57332
vt 0.73495 0.59426
vt 0.75120 0.47721
vt 0.66682 0.57384
vt 0.65593 0.53991
vt 0.66890 0.47075
vt 0.65593 0.53991
vt 0.65615 0.50415
vt 0.66890 0.47075
vt 0.77748 0.70190
vt 0.79670 0.70219
vt 0.80845 0.62128
vt 0.74059 0.59596
vt 0.77748 0.70190
vt 0.74117 0.59600
vt 0.80845 0.62128
vt 0.75897 0.47782
vt 0.75897 0.47782
vt 0.80845 0.62128
vt 0.80849 0.62083
vt 0.75897 0.47782
vt 0.77748 0.70190
vt 0.75897 0.47782
vt 0.74117 0.59600
vt 0.77748 0.70190
vt 0.80845 0.62128
vt 0.75897 0.47782
vt 0.74059 0.59596
vt 0.77800 0.70199
vt 0.77748 0.70190
vt 0.75120 0.47721
vt 0.65615 0.50415
vt 0.66664 0.57332
vt 0.79081 0.54970
vt 0.82272 0.60023
vt 0.82272 0.70130
vt 0.75889 0.70130
vt 0.79081 0.54970
vt 0.82272 0.70130
vt 0.75889 0.70130
vt 0.75889 0.60023
vt 0.79081 0.54970
vt 0.82272 0.60023
vt 0.79081 0.54970
vt 0.75889 0.60023
vt 0.82272 0.70130
vt 0.79081 0.75184
vt 0.75889 0.70130
vt 0.79081 0.75184
vt 0.79081 0.75184
vt 0.82272 0.70130
vt 0.82272 0.60023
vt 0.82272 0.70130
vt 0.82272 0.70130
vt 0.82272 0.60023
vt 0.82272 0.60023
vt 0.82272 0.70130
vt 0.75889 0.60023
vt 0.75889 0.60023
vt 0.79081 0.54970
vt 0.75889 0.70130
vt 0.75889 0.60023
vt 0.75889 0.60023
vt 0.75889 0.70130
vt 0.75889 0.70130
vt 0.75889 0.60023
vt 0.79081 0.75184
vt 0.75889 0.70130
vt 0.75889 0.70130
vt 0.79081 0.75184
vt 0.79081 0.75184
vt 0.75889 0.70130
vt 0.79081 0.54970
vt 0.82272 0.60023
vt 0.82272 0.60023
vt 0.79081 0.54970
vt 0.79081 0.54970
vt 0.82272 0.60023
vt 0.75889 0.60023
vt 0.79081 0.54970
vt 0.79081 0.54970
vt 0.79081 0.75184
vt 0.82272 0.70130
vt 0.82272 0.70130
vt 0.79081 0.75184
vt 0.82272 0.70130
vt 0.82272 0.60023
vt 0.75889 0.60023
vt 0.75889 0.70130
vt 0.79081 0.75184
vt 0.79081 0.75184
vt 0.82272 0.60023
vt 0.75889 0.60023
vt 0.76384 1.00000
vt 0.73361 1.00000
vt 0.73361 1.00000
vt 0.71525 0.85373
vt 0.78226 0.85373
vt 0.78223 0.85373
vt 0.76384 1.00000
vt 0.76925 0.95591
vt 0.78226 0.85373
vt 0.73361 1.00000
vt 0.76383 1.00000
vt 0.76384 1.00000
vt 0.76925 0.95591
vt 0.76384 1.00000
vt 0.76383 1.00000
vt 0.71524 0.85373
vt 0.71525 0.85374
vt 0.78226 0.85373
vt 0.73361 1.00000
vt 0.76925 0.95591
vt 0.72808 0.95602
vt 0.71525 0.85374
vt 0.73361 1.00000
vt 0.76384 1.00000
vt 0.76925 0.95591
vt 0.76925 0.95591
vt 0.78223 0.85373
vt 0.72808 0.95602
vt 0.73361 1.00000
vt 0.73361 1.00000
vt 0.78223 0.85373
vt 0.76383 1.00000
vt 0.73361 1.00000
vt 0.72808 0.95602
vt 0.73361 1.00000
vt 0.73361 1.00000
vt 0.78223 0.85373
vt 0.76925 0.95591
vt 0.76383 1.00000
vt 0.73361 1.00000
vt 0.76384 1.00000
vt 0.73361 1.00000
vt 0.73361 1.00000
vt 0.76925 0.95591
vt 0.76384 1.00000
vt 0.72808 0.95602
vt 0.76925 0.95591
vt 0.76925 0.95591
vt 0.71525 0.85373
vt 0.73361 1.00000
vt 0.72808 0.95602
vt 0.78223 0.85373
vt 0.73361 1.00000
vt 0.71525 0.85373
vt 0.76925 0.95591
vt 0.72808 0.95602
vt 0.72808 0.95602
vt 0.73361 1.00000
vt 0.76384 1.00000
vt 0.76925 0.95591
vt 0.73361 1.00000
vt 0.72808 0.95602
vt 0.76925 0.95591
vt 0.76384 1.00000
vt 0.76384 1.00000
vt 0.73361 1.00000
vt 0.71525 0.85373
vt 0.71524 0.85373
vt 0.78226 0.85373
vt 0.76384 1.00000
vt 0.76384 1.00000
vt 0.76925 0.95591
vt 0.72808 0.95602
vt 0.72808 0.95602
vt 0.71525 0.85373
vt 0.71524 0.85373
vt 0.72808 0.95602
vt 0.71525 0.85374
vt 0.72808 0.95602
vt 0.71524 0.85373
vt 0.71525 0.85373
vt 0.76925 0.95591
vt 0.78223 0.85373
vt 0.78226 0.85373
vt 0.72808 0.95602
vt 0.73361 1.00000
vt 0.71525 0.85374
vt 0.71525 0.85374
vt 0.76384 1.00000
vt 0.78226 0.85373
vt 0.84237 0.73353
vt 0.84237 0.73353
vt 0.79014 0.81624
vt 0.84237 0.73353
vt 0.79014 0.81624
vt 0.79014 0.81624
vt 0.84237 0.56812
vt 0.84237 0.73353
vt 0.84237 0.73353
vt 0.84237 0.56812
vt 0.84237 0.56812
vt 0.84237 0.73353
vt 0.73792 0.73353
vt 0.79014 0.48542
vt 0.84237 0.73353
vt 0.84237 0.73353
vt 0.79014 0.81624
vt 0.73792 0.73353
vt 0.79014 0.48542
vt 0.84237 0.56812
vt 0.84237 0.73353
vt 0.73792 0.73353
vt 0.73792 0.56812
vt 0.79014 0.48542
vt 0.73792 0.56812
vt 0.73792 0.73353
vt 0.79014 0.81624
vt 0.79014 0.81624
vt 0.84237 0.73353
vt 0.84237 0.56812
vt 0.84237 0.56812
vt 0.79014 0.48542
vt 0.73792 0.56812
vt 0.79014 0.81624
vt 0.84237 0.56812
vt 0.73792 0.56812
vt 0.73792 0.73353
vt 0.73792 0.56812
vt 0.73792 0.56812
vt 0.79014 0.48542
vt 0.79014 0.48542
vt 0.84237 0.56812
vt 0.73792 0.56812
vt 0.79014 0.48542
vt 0.79014 0.48542
vt 0.73792 0.56812
vt 0.73792 0.56812
vt 0.79014 0.48542
vt 0.79014 0.81624
vt 0.73792 0.73353
vt 0.73792 0.73353
vt 0.73792 0.73353
vt 0.73792 0.73353
vt 0.73792 0.56812
vt 0.79014 0.81624
vt 0.79014 0.81624
vt 0.73792 0.73353
vt 0.79014 0.48542
vt 0.84237 0.56812
vt 0.84237 0.56812
f 510/2326 511/2327 512/2328
f 510/2329 512/2330 513/2331
f 517/2332 514/2333 510/2334
f 519/2335 512/2336 516/2337
f 510/2338 513/2339 515/2340
f 515/2341 517/2342 510/2343
f 515/2344 518/2345 517/2346
f 516/2347 510/2348 514/2349
f 514/2350 517/2351 518/2352
f 513/2353 519/2354 521/2355
f 512/2356 519/2357 513/2358
f 518/2359 515/2360 520/2361
f 518/2362 519/2363 516/2364
f 516/2365 514/2366 518/2367
f 511/2368 516/2369 512/2370
f 518/2371 520/2372 522/2373
f 511/2374 510/2375 516/2376
f 515/2377 526/2378 523/2379
f 515/2380 523/2381 520/2382
f 519/2383 522/2384 521/2385
f 527/2386 525/2387 524/2388
f 526/2389 513/2390 527/2391
f 521/2392 522/2393 523/2394
f 522/2395 520/2396 523/2397
f 521/2398 524/2399 525/2400
f 521/2401 523/2402 524/2403
f 519/2404 518/2405 522/2406
f 513/2407 521/2408 525/2409
f 513/2410 525/2411 527/2412
f 523/2413 526/2414 527/2415
f 523/2416 527/2417 524/2418
f 530/2419 539/2420 533/2421
f 533/2422 537/2423 536/2424
f 530/2425 533/2426 536/2427
f 534/2428 536/2429 537/2430
f 528/2431 530/2432 538/2433
f 531/2434 533/2435 539/2436
f 536/2437 528/2438 538/2439
f 534/2440 535/2441 536/2442
f 528/2443 536/2444 535/2445
f 533/2446 534/2447 537/2448
f 530/2449 531/2450 539/2451
f 528/2452 529/2453 530/2454
f 530/2455 529/2456 531/2457
f 531/2458 532/2459 533/2460
f 533/2461 532/2462 534/2463
f 531/2464 529/2465 528/2466
f 528/2467 535/2468 534/2469
f 534/2470 532/2471 531/2472
f 528/2473 534/2474 531/2475
f 536/2476 538/2477 530/2478
f 605/2479 604/2480 603/2481
f 603/2482 604/2483 605/2484
f 497/2485 506/2486 498/2487
f 500/2488 505/2489 506/2490
f 505/2491 496/2492 499/2493
f 507/2494 508/2495 509/2496
f 475/2497 474/2498 508/2499
f 473/2500 486/2501 484/2502
f 498/2503 506/2504 505/2505
f 498/2506 505/2507 499/2508
f 497/2509 500/2510 506/2511
f 484/2512 486/2513 491/2514
f 482/2515 490/2516 487/2517
f 500/2518 475/2519 507/2520
f 500/2521 507/2522 509/2523
f 475/2524 508/2525 507/2526
f 477/2527 474/2528 475/2529
f 477/2530 473/2531 474/2532
f 486/2533 482/2534 487/2535
f 477/2536 480/2537 481/2538
f 477/2539 476/2540 480/2541
f 481/2542 478/2543 479/2544
f 491/2545 483/2546 487/2547
f 473/2548 485/2549 486/2550
f 473/2551 477/2552 485/2553
f 477/2554 490/2555 485/2556
f 477/2557 481/2558 490/2559
f 478/2560 473/2561 484/2562
f 486/2563 487/2564 483/2565
f 478/2566 484/2567 489/2568
f 479/2569 491/2570 488/2571
f 479/2572 489/2573 491/2574
f 486/2575 483/2576 491/2577
f 495/2578 478/2579 494/2580
f 481/2581 480/2582 493/2583
f 491/2584 487/2585 488/2586
f 492/2587 478/2588 481/2589
f 481/2590 479/2591 490/2592
f 490/2593 479/2594 488/2595
f 490/2596 488/2597 487/2598
f 489/2599 484/2600 491/2601
f 478/2602 489/2603 479/2604
f 485/2605 490/2606 482/2607
f 485/2608 482/2609 486/2610
f 504/2611 496/2612 505/2613
f 478/2614 492/2615 501/2616
f 478/2617 501/2618 494/2619
f 497/2620 496/2621 503/2622
f 500/2623 494/2624 504/2625
f 500/2626 504/2627 505/2628
f 493/2629 497/2630 503/2631
f 493/2632 503/2633 502/2634
f 494/2635 501/2636 502/2637
f 494/2638 502/2639 504/2640
f 504/2641 502/2642 496/2643
f 496/2644 498/2645 499/2646
f 476/2647 475/2648 500/2649
f 476/2650 500/2651 497/2652
f 492/2653 493/2654 501/2655
f 502/2656 503/2657 496/2658
f 501/2659 493/2660 502/2661
f 481/2662 493/2663 492/2664
f 477/2665 475/2666 476/2667
f 480/2668 476/2669 497/2670
f 480/2671 497/2672 493/2673
f 473/2674 478/2675 495/2676
f 473/2677 495/2678 474/2679
f 496/2680 497/2681 498/2682
f 456/2683 457/2684 458/2685
f 453/2686 454/2687 455/2688
f 456/2689 455/2690 457/2691
f 457/2692 454/2693 459/2694
f 454/2695 460/2696 459/2697
f 457/2698 455/2699 454/2700
f 460/2701 456/2702 458/2703
f 460/2704 453/2705 456/2706
f 458/2707 459/2708 460/2709
f 454/2710 453/2711 460/2712
f 458/2713 457/2714 459/2715
f 453/2716 455/2717 456/2718
f 562/2719 569/2720 563/2721
f 570/2722 568/2723 571/2724
f 560/2725 553/2726 552/2727
f 560/2728 552/2729 559/2730
f 545/2731 551/2732 550/2733
f 545/2734 550/2735 540/2736
f 558/2737 555/2738 553/2739
f 558/2740 553/2741 560/2742
f 557/2743 554/2744 555/2745
f 557/2746 555/2747 558/2748
f 561/2749 567/2750 568/2751
f 561/2752 568/2753 570/2754
f 566/2755 556/2756 569/2757
f 566/2758 569/2759 562/2760
f 567/2761 562/2762 568/2763
f 564/2764 572/2765 573/2766
f 564/2767 573/2768 565/2769
f 563/2770 571/2771 572/2772
f 563/2773 572/2774 564/2775
f 568/2776 562/2777 565/2778
f 568/2779 565/2780 573/2781
f 571/2782 568/2783 573/2784
f 571/2785 573/2786 572/2787
f 556/2788 561/2789 570/2790
f 556/2791 570/2792 569/2793
f 567/2794 566/2795 562/2796
f 543/2797 548/2798 547/2799
f 561/2800 541/2801 558/2802
f 560/2803 544/2804 561/2805
f 558/2806 560/2807 561/2808
f 554/2809 557/2810 540/2811
f 550/2812 554/2813 540/2814
f 545/2815 559/2816 552/2817
f 552/2818 551/2819 545/2820
f 549/2821 548/2822 542/2823
f 549/2824 542/2825 541/2826
f 544/2827 543/2828 547/2829
f 544/2830 547/2831 546/2832
f 543/2833 542/2834 548/2835
f 569/2836 571/2837 563/2838
f 562/2839 563/2840 564/2841
f 562/2842 564/2843 565/2844
f 549/2845 541/2846 561/2847
f 549/2848 561/2849 556/2850
f 546/2851 556/2852 566/2853
f 544/2854 546/2855 566/2856
f 544/2857 566/2858 567/2859
f 561/2860 544/2861 567/2862
f 569/2863 570/2864 571/2865
f 552/2866 546/2867 547/2868
f 540/2869 541/2870 542/2871
f 542/2872 543/2873 544/2874
f 542/2875 544/2876 545/2877
f 542/2878 545/2879 540/2880
f 560/2881 559/2882 544/2883
f 547/2884 548/2885 549/2886
f 549/2887 554/2888 550/2889
f 551/2890 552/2891 547/2892
f 547/2893 549/2894 550/2895
f 547/2896 550/2897 551/2898
f 546/2899 552/2900 553/2901
f 555/2902 554/2903 549/2904
f 556/2905 546/2906 553/2907
f 555/2908 549/2909 556/2910
f 553/2911 555/2912 556/2913
f 541/2914 540/2915 557/2916
f 541/2917 557/2918 558/2919
f 559/2920 545/2921 544/2922
f 582/2923 576/2924 584/2925
f 583/2926 584/2927 581/2928
f 582/2929 583/2930 577/2931
f 580/2932 581/2933 579/2934
f 584/2935 576/2936 575/2937
f 575/2938 578/2939 584/2940
f 579/2941 581/2942 578/2943
f 575/2944 585/2945 577/2946
f 578/2947 581/2948 584/2949
f 583/2950 580/2951 577/2952
f 583/2953 582/2954 584/2955
f 574/2956 585/2957 575/2958
f 582/2959 574/2960 576/2961
f 575/2962 577/2963 578/2964
f 574/2965 575/2966 576/2967
f 577/2968 579/2969 578/2970
f 574/2971 582/2972 585/2973
f 577/2974 580/2975 579/2976
f 580/2977 583/2978 581/2979
f 577/2980 585/2981 582/2982
f 431/2983 433/2984 434/2985
f 437/2986 435/2987 438/2988
f 431/2989 432/2990 433/2991
f 423/2992 430/2993 429/2994
f 422/2995 421/2996 437/2997
f 422/2998 437/2999 439/3000
f 421/3001 429/3002 435/3003
f 421/3004 435/3005 437/3006
f 436/3007 440/3008 433/3009
f 438/3010 435/3011 431/3012
f 420/3013 425/3014 427/3015
f 420/3016 419/3017 425/3018
f 423/3019 428/3020 424/3021
f 423/3022 426/3023 428/3024
f 428/3025 425/3026 424/3027
f 428/3028 427/3029 425/3030
f 427/3031 428/3032 426/3033
f 419/3034 430/3035 423/3036
f 424/3037 425/3038 419/3039
f 424/3040 419/3041 423/3042
f 430/3043 439/3044 436/3045
f 429/3046 430/3047 436/3048
f 429/3049 436/3050 435/3051
f 438/3052 431/3053 434/3054
f 436/3055 439/3056 440/3057
f 436/3058 433/3059 432/3060
f 430/3061 422/3062 439/3063
f 434/3064 433/3065 440/3066
f 437/3067 438/3068 434/3069
f 440/3070 439/3071 437/3072
f 436/3073 432/3074 435/3075
f 432/3076 431/3077 435/3078
f 420/3079 427/3080 426/3081
f 430/3082 420/3083 422/3084
f 426/3085 429/3086 421/3087
f 426/3088 423/3089 429/3090
f 420/3091 421/3092 422/3093
f 420/3094 426/3095 421/3096
f 430/3097 419/3098 420/3099
f 437/3100 434/3101 440/3102
f 448/3103 450/3104 452/3105
f 444/3106 448/3107 452/3108
f 444/3109 446/3110 448/3111
f 449/3112 447/3113 445/3114
f 452/3115 441/3116 444/3117
f 442/3118 441/3119 452/3120
f 450/3121 451/3122 452/3123
f 450/3124 449/3125 451/3126
f 446/3127 445/3128 447/3129
f 444/3130 445/3131 446/3132
f 444/3133 443/3134 445/3135
f 441/3136 443/3137 444/3138
f 441/3139 442/3140 443/3141
f 448/3142 449/3143 450/3144
f 448/3145 447/3146 449/3147
f 446/3148 447/3149 448/3150
f 442/3151 452/3152 451/3153
f 442/3154 451/3155 449/3156
f 445/3157 443/3158 442/3159
f 442/3160 449/3161 445/3162
f 592/3163 587/3164 593/3165
f 602/3166 590/3167 599/3168
f 589/3169 586/3170 590/3171
f 598/3172 601/3173 600/3174
f 595/3175 600/3176 601/3177
f 591/3178 588/3179 590/3180
f 597/3181 595/3182 596/3183
f 588/3184 587/3185 589/3186
f 586/3187 595/3188 599/3189
f 594/3190 593/3191 587/3192
f 599/3193 601/3194 598/3195
f 596/3196 598/3197 597/3198
f 599/3199 595/3200 601/3201
f 598/3202 600/3203 597/3204
f 593/3205 586/3206 592/3207
f 594/3208 595/3209 586/3210
f 602/3211 598/3212 596/3213
f 599/3214 598/3215 602/3216
f 595/3217 594/3218 596/3219
f 597/3220 600/3221 595/3222
f 593/3223 594/3224 586/3225
f 592/3226 589/3227 587/3228
f 602/3229 591/3230 590/3231
f 589/3232 592/3233 586/3234
f 596/3235 594/3236 602/3237
f 591/3238 594/3239 588/3240
f 594/3241 591/3242 602/3243
f 586/3244 599/3245 590/3246
f 594/3247 587/3248 588/3249
f 588/3250 589/3251 590/3252
f 472/3253 471/3254 462/3255
f 472/3256 462/3257 461/3258
f 470/3259 471/3260 472/3261
f 470/3262 469/3263 471/3264
f 464/3265 468/3266 472/3267
f 472/3268 461/3269 464/3270
f 468/3271 470/3272 472/3273
f 464/3274 466/3275 468/3276
f 465/3277 463/3278 462/3279
f 462/3280 471/3281 469/3282
f 469/3283 467/3284 465/3285
f 462/3286 469/3287 465/3288
f 464/3289 465/3290 466/3291
f 468/3292 467/3293 469/3294
f 466/3295 467/3296 468/3297
f 466/3298 465/3299 467/3300
f 461/3301 463/3302 464/3303
f 464/3304 463/3305 465/3306
f 461/3307 462/3308 463/3309
f 468/3310 469/3311 470/3312
o Grip
g Grip
usemtl GripRose
v -0.02520 -0.02891 0.15319
v -0.02520 -0.04391 0.12720
v -0.02520 -0.07392 0.12720
v 0.01850 -0.07392 0.12720
v -0.02520 -0.08893 0.15319
v -0.02520 -0.07392 0.17918
v -0.02520 -0.06823 0.13706
v -0.02520 -0.04391 0.17918
v -0.02520 -0.04961 0.13706
v -0.02520 -0.04961 0.16931
v -0.02520 -0.04030 0.15319
v -0.02520 -0.06823 0.16931
v -0.02520 -0.07754 0.15319
v 0.01850 -0.07754 0.15319
v 0.01850 -0.04030 0.15319
v 0.01850 -0.04391 0.12720
v 0.01850 -0.02891 0.15319
v 0.01850 -0.08893 0.15319
v 0.01850 -0.07392 0.17918
v 0.01850 -0.06823 0.13706
v 0.01850 -0.04961 0.13706
v 0.01850 -0.04391 0.17918
v 0.01850 -0.04961 0.16931
v 0.01850 -0.06823 0.16931
v -0.03831 -0.08643 -0.17918
v -0.03831 -0.04610 -0.17918
v -0.07327 -0.04610 -0.13872
v -0.07327 -0.09684 -0.13799
v -0.07327 -0.04610 0.11224
v -0.07327 -0.08643 0.11224
v -0.00335 -0.08643 0.11224
v -0.03831 -0.04610 0.11224
v 0.03161 -0.08643 -0.17918
v 0.06656 -0.09684 -0.13799
v 0.06656 -0.04610 -0.13872
v 0.03161 -0.04610 -0.17918
v 0.06656 -0.04610 0.11224
v 0.01413 -0.09684 -0.13799
v 0.01413 -0.04610 0.11224
v 0.06656 -0.08643 0.11224
v 0.08738 0.09684 0.00954
v -0.09551 0.09684 0.00954
v -0.09551 0.08185 -0.01643
v 0.08738 0.08185 -0.01643
v -0.09551 0.05187 -0.01643
v 0.08738 0.05187 -0.01643
v -0.09551 0.03688 0.00954
v 0.08738 0.03688 0.00954
v -0.09551 0.05187 0.03551
v 0.08738 0.05187 0.03551
v -0.09551 0.08185 0.03551
v 0.08738 0.08185 0.03551
vt 0.85495 0.11833
vt 0.85495 0.27327
vt 0.88249 0.24386
vt 0.85495 0.11833
vt 0.88249 0.24386
vt 0.88249 0.14775
vt 1.00000 0.11833
vt 1.00000 0.27327
vt 1.00000 0.27327
vt 0.85495 0.11833
vt 0.88249 0.24386
vt 0.85495 0.27327
vt 0.85495 0.11833
vt 0.88249 0.14775
vt 0.88249 0.24386
vt 0.92748 0.04087
vt 1.00000 0.11833
vt 1.00000 0.11833
vt 0.85495 0.27327
vt 0.85495 0.11833
vt 0.85495 0.27327
vt 0.92748 0.04087
vt 0.92748 0.04087
vt 1.00000 0.11833
vt 0.92748 0.35074
vt 0.92748 0.35074
vt 0.85495 0.27327
vt 1.00000 0.11833
vt 0.92748 0.04087
vt 0.92748 0.09969
vt 0.92748 0.35074
vt 0.85495 0.27327
vt 0.85495 0.27327
vt 1.00000 0.11833
vt 0.92748 0.09969
vt 0.97247 0.14775
vt 0.92748 0.04087
vt 0.88249 0.14775
vt 0.92748 0.09969
vt 0.97247 0.14775
vt 1.00000 0.27327
vt 1.00000 0.11833
vt 0.97247 0.14775
vt 0.97247 0.24386
vt 1.00000 0.27327
vt 0.88249 0.24386
vt 0.92748 0.29192
vt 0.92748 0.29192
vt 0.97247 0.24386
vt 0.97247 0.14775
vt 0.97247 0.14775
vt 0.92748 0.04087
vt 0.85495 0.11833
vt 0.88249 0.14775
vt 0.97247 0.14775
vt 0.92748 0.09969
vt 0.92748 0.09969
vt 0.92748 0.29192
vt 0.97247 0.24386
vt 0.92748 0.29192
vt 0.85495 0.27327
vt 0.85495 0.11833
vt 0.85495 0.11833
vt 0.85495 0.11833
vt 0.85495 0.11833
vt 0.92748 0.04087
vt 0.85495 0.11833
vt 0.92748 0.04087
vt 0.92748 0.04087
vt 1.00000 0.27327
vt 0.92748 0.35074
vt 0.92748 0.35074
vt 0.92748 0.29192
vt 0.97247 0.24386
vt 0.97247 0.24386
vt 0.88249 0.24386
vt 0.88249 0.24386
vt 0.92748 0.29192
vt 0.92748 0.09969
vt 0.88249 0.14775
vt 0.88249 0.14775
vt 0.97247 0.24386
vt 0.97247 0.24386
vt 0.97247 0.14775
vt 1.00000 0.27327
vt 0.97247 0.14775
vt 1.00000 0.11833
vt 1.00000 0.11833
vt 1.00000 0.27327
vt 1.00000 0.11833
vt 0.85495 0.27327
vt 0.88249 0.24386
vt 0.92748 0.29192
vt 0.85495 0.27327
vt 0.92748 0.29192
vt 0.92748 0.35074
vt 0.92748 0.04087
vt 0.92748 0.09969
vt 0.88249 0.14775
vt 0.92748 0.04087
vt 0.88249 0.14775
vt 0.85495 0.11833
vt 1.00000 0.11833
vt 0.97247 0.14775
vt 0.92748 0.09969
vt 1.00000 0.11833
vt 0.92748 0.09969
vt 0.92748 0.04087
vt 0.97247 0.14775
vt 0.97247 0.14775
vt 0.92748 0.09969
vt 0.88249 0.14775
vt 0.88249 0.24386
vt 0.88249 0.24386
vt 1.00000 0.27327
vt 0.92748 0.35074
vt 1.00000 0.27327
vt 0.88249 0.14775
vt 0.88249 0.14775
vt 0.88249 0.24386
vt 0.92748 0.35074
vt 0.97247 0.24386
vt 1.00000 0.27327
vt 0.92748 0.35074
vt 0.92748 0.29192
vt 0.97247 0.24386
vt 1.00000 0.27327
vt 0.97247 0.24386
vt 0.97247 0.14775
vt 0.92748 0.09969
vt 0.88249 0.14775
vt 0.92748 0.09969
vt 0.97247 0.24386
vt 0.92748 0.29192
vt 0.92748 0.35074
vt 0.97247 0.24386
vt 0.92748 0.35074
vt 1.00000 0.27327
vt 0.85495 0.27327
vt 0.92748 0.35074
vt 0.92748 0.29192
vt 0.85495 0.27327
vt 0.92748 0.29192
vt 0.88249 0.24386
vt 0.00000 0.05379
vt 0.00000 0.26197
vt 0.00000 0.26197
vt 0.81322 0.26197
vt 0.00000 0.26197
vt 0.81322 0.26197
vt 0.11494 0.00000
vt 0.81322 0.26197
vt 0.11290 0.26197
vt 0.00000 0.26197
vt 0.11290 0.26197
vt 0.81322 0.26197
vt 0.81322 0.05379
vt 0.11494 0.00000
vt 0.11494 0.00000
vt 0.81322 0.05379
vt 0.11494 0.00000
vt 0.81322 0.05379
vt 0.00000 0.26197
vt 0.81322 0.26197
vt 0.81322 0.26197
vt 0.00000 0.26197
vt 0.81322 0.26197
vt 0.00000 0.26197
vt 0.11494 0.00000
vt 0.00000 0.05379
vt 0.00000 0.05379
vt 0.81322 0.26197
vt 0.11494 0.00000
vt 0.11290 0.26197
vt 0.81322 0.05379
vt 0.81322 0.26197
vt 0.81322 0.26197
vt 0.81322 0.05379
vt 0.81322 0.26197
vt 0.81322 0.05379
vt 0.81322 0.26197
vt 0.81322 0.05379
vt 0.11494 0.00000
vt 0.00000 0.26197
vt 0.81322 0.26197
vt 0.81322 0.26197
vt 0.81322 0.05379
vt 0.11494 0.00000
vt 0.11494 0.00000
vt 0.81322 0.05379
vt 0.81322 0.05379
vt 0.81322 0.26197
vt 0.81322 0.05379
vt 0.81322 0.26197
vt 0.81322 0.26197
vt 0.81322 0.05379
vt 0.81322 0.05379
vt 0.11494 0.00000
vt 0.11494 0.00000
vt 0.00000 0.05379
vt 0.11494 0.00000
vt 0.81322 0.05379
vt 0.81322 0.26197
vt 0.81322 0.26197
vt 0.00000 0.05379
vt 0.00000 0.26197
vt 0.00000 0.05379
vt 0.00000 0.05379
vt 0.11494 0.00000
vt 0.11290 0.26197
vt 0.00000 0.05379
vt 0.11290 0.26197
vt 0.00000 0.26197
vt 0.11494 0.00000
vt 0.81322 0.05379
vt 0.81322 0.26197
vt 0.00000 0.26197
vt 0.81322 0.26197
vt 0.11290 0.26197
vt 0.00000 0.05379
vt 0.11290 0.26197
vt 0.11494 0.00000
vt 0.00000 0.05379
vt 0.00000 0.26197
vt 0.11290 0.26197
vt 0.11494 0.00000
vt 0.11494 0.00000
vt 0.00000 0.05379
vt 0.52662 1.00000
vt 0.52662 1.00000
vt 0.59908 0.92260
vt 0.52662 0.69039
vt 0.52662 0.69039
vt 0.59908 0.76779
vt 0.52662 0.69039
vt 0.59908 0.76779
vt 0.59908 0.76779
vt 0.45416 0.76779
vt 0.52662 0.69039
vt 0.52662 0.69039
vt 0.59908 0.76779
vt 0.59908 0.92260
vt 0.59908 0.92260
vt 0.45416 0.76779
vt 0.45416 0.76779
vt 0.52662 0.69039
vt 0.45416 0.92260
vt 0.45416 0.76779
vt 0.45416 0.76779
vt 0.45416 0.92260
vt 0.45416 0.92260
vt 0.45416 0.76779
vt 0.52662 1.00000
vt 0.45416 0.92260
vt 0.45416 0.92260
vt 0.45416 0.92260
vt 0.52662 0.69039
vt 0.59908 0.92260
vt 0.52662 1.00000
vt 0.52662 1.00000
vt 0.45416 0.92260
vt 0.52662 0.69039
vt 0.59908 0.76779
vt 0.59908 0.92260
vt 0.45416 0.92260
vt 0.45416 0.76779
vt 0.52662 0.69039
vt 0.59908 0.76779
vt 0.59908 0.76779
vt 0.59908 0.92260
vt 0.52662 1.00000
vt 0.59908 0.92260
vt 0.59908 0.92260
vt 0.45416 0.76779
vt 0.45416 0.92260
vt 0.52662 1.00000
vt 0.59908 0.92260
vt 0.52662 1.00000
vt 0.45416 0.92260
vt 0.52662 1.00000
vt 0.59908 0.92260
vt 0.59908 0.76779
vt 0.52662 1.00000
vt 0.59908 0.76779
vt 0.45416 0.76779
vt 0.59908 0.76779
vt 0.52662 0.69039
vt 0.45416 0.76779
f 608/3313 607/3314 614/3315
f 608/3316 614/3317 612/3318
f 611/3319 613/3320 627/3321
f 609/3322 626/3323 621/3324
f 609/3325 625/3326 626/3327
f 623/3328 611/3329 624/3330
f 607/3331 609/3332 621/3333
f 623/3334 610/3335 611/3336
f 622/3337 606/3338 607/3339
f 611/3340 610/3341 618/3342
f 622/3343 607/3344 621/3345
f 611/3346 618/3347 617/3348
f 610/3349 612/3350 618/3351
f 617/3352 613/3353 611/3354
f 617/3355 615/3356 613/3357
f 614/3358 616/3359 620/3360
f 628/3361 617/3362 629/3363
f 610/3364 608/3365 612/3366
f 617/3367 618/3368 619/3369
f 616/3370 615/3371 620/3372
f 607/3373 608/3374 609/3375
f 609/3376 608/3377 610/3378
f 609/3379 610/3380 623/3381
f 613/3382 606/3383 622/3384
f 620/3385 615/3386 628/3387
f 626/3388 614/3389 620/3390
f 619/3391 612/3392 625/3393
f 628/3394 615/3395 617/3396
f 627/3397 629/3398 624/3399
f 611/3400 627/3401 624/3402
f 621/3403 626/3404 620/3405
f 621/3406 620/3407 622/3408
f 623/3409 619/3410 625/3411
f 623/3412 625/3413 609/3414
f 624/3415 629/3416 619/3417
f 624/3418 619/3419 623/3420
f 629/3421 617/3422 619/3423
f 625/3424 614/3425 626/3426
f 613/3427 622/3428 627/3429
f 625/3430 612/3431 614/3432
f 622/3433 628/3434 627/3435
f 622/3436 620/3437 628/3438
f 627/3439 628/3440 629/3441
f 618/3442 612/3443 619/3444
f 615/3445 616/3446 606/3447
f 615/3448 606/3449 613/3450
f 607/3451 606/3452 616/3453
f 607/3454 616/3455 614/3456
f 638/3457 641/3458 631/3459
f 637/3460 641/3461 644/3462
f 639/3463 642/3464 640/3465
f 641/3466 640/3467 642/3468
f 636/3469 643/3470 633/3471
f 636/3472 633/3473 635/3474
f 641/3475 637/3476 634/3477
f 641/3478 634/3479 631/3480
f 643/3481 638/3482 630/3483
f 634/3484 633/3485 632/3486
f 635/3487 637/3488 644/3489
f 635/3490 644/3491 636/3492
f 634/3493 635/3494 633/3495
f 641/3496 642/3497 644/3498
f 645/3499 639/3500 643/3501
f 645/3502 636/3503 644/3504
f 645/3505 644/3506 642/3507
f 636/3508 645/3509 643/3510
f 643/3511 630/3512 633/3513
f 635/3514 634/3515 637/3516
f 638/3517 631/3518 630/3519
f 638/3520 639/3521 640/3522
f 638/3523 640/3524 641/3525
f 639/3526 645/3527 642/3528
f 631/3529 634/3530 632/3531
f 630/3532 632/3533 633/3534
f 630/3535 631/3536 632/3537
f 643/3538 639/3539 638/3540
f 647/3541 646/3542 657/3543
f 653/3544 652/3545 654/3546
f 653/3547 654/3548 655/3549
f 651/3550 652/3551 653/3552
f 655/3553 656/3554 657/3555
f 651/3556 650/3557 652/3558
f 649/3559 650/3560 651/3561
f 649/3562 648/3563 650/3564
f 646/3565 648/3566 649/3567
f 649/3568 653/3569 657/3570
f 646/3571 647/3572 648/3573
f 653/3574 655/3575 657/3576
f 649/3577 651/3578 653/3579
f 655/3580 654/3581 656/3582
f 647/3583 657/3584 656/3585
f 650/3586 648/3587 647/3588
f 657/3589 646/3590 649/3591
f 647/3592 656/3593 654/3594
f 647/3595 654/3596 650/3597
f 654/3598 652/3599 650/3600
o Accent
g Accent
usemtl AccentHot
v -0.07164 0.58259 -0.59258
v -0.07164 0.59948 -0.60186
v -0.03788 0.59948 -0.60186
v -0.03788 0.58259 -0.59258
v -0.03788 0.59948 -0.64868
v -0.03788 0.58259 -0.65796
v -0.07164 0.59948 -0.64868
v -0.07164 0.58259 -0.65796
v -0.07164 0.56571 -0.64868
v -0.07164 0.56571 -0.60186
v -0.03788 0.56571 -0.60186
v -0.03788 0.56571 -0.64868
v -0.06270 0.65037 -0.36352
v -0.06774 0.58744 -0.37681
v -0.07076 0.63920 -0.33782
v -0.06270 0.65037 -0.43917
v -0.06270 0.58753 -0.43917
v -0.07301 0.65037 -0.43917
v -0.07301 0.63516 -0.46315
v -0.06270 0.63504 -0.46261
v -0.07301 0.65037 -0.36352
v -0.07301 0.58753 -0.43917
v -0.06843 0.60279 -0.46292
v -0.08106 0.63920 -0.33782
v -0.08106 0.60634 -0.31301
v -0.08133 0.57773 -0.36120
v -0.07076 0.55404 -0.31181
v -0.08106 0.55228 -0.29805
v -0.07076 0.60815 -0.31643
v -0.07419 0.55228 -0.17713
v -0.07763 0.60391 -0.18033
v -0.04987 0.80191 -0.20674
v -0.06132 0.78359 -0.19084
v -0.05744 0.80049 -0.19215
v -0.05900 0.77682 -0.42276
v -0.05900 0.77682 -0.20674
v -0.05824 0.80496 -0.42276
v -0.06737 0.77987 -0.42276
v -0.06737 0.77987 -0.20674
v -0.04987 0.80191 -0.42276
v -0.05986 0.79982 -0.19091
v -0.07268 0.75767 -0.44377
v -0.07044 0.76407 -0.42333
v -0.04747 0.75767 -0.44377
vt 0.61718 0.10071
vt 0.71739 0.21394
vt 0.74852 0.00000
vt 0.66580 0.34398
vt 0.71990 0.00696
vt 0.71029 0.22110
vt 0.58472 0.13915
vt 0.61718 0.10071
vt 0.71990 0.00696
vt 0.66580 0.34398
vt 0.58472 0.13915
vt 0.71990 0.00696
vt 0.66580 0.34398
vt 0.71029 0.22110
vt 0.71739 0.21394
vt 0.66580 0.34398
vt 0.66580 0.34398
vt 0.71029 0.22110
vt 0.71990 0.00696
vt 0.61718 0.10071
vt 0.74852 0.00000
vt 0.61718 0.10071
vt 0.66580 0.34398
vt 0.71739 0.21394
vt 0.74852 0.00000
vt 0.71739 0.21394
vt 0.99334 0.20433
vt 0.74852 0.00000
vt 0.99334 0.20433
vt 1.00000 0.00000
vt 0.71739 0.21394
vt 0.71029 0.22110
vt 0.99334 0.20433
vt 0.71029 0.22110
vt 1.00000 0.00000
vt 0.99334 0.20433
vt 0.71029 0.22110
vt 0.71990 0.00696
vt 1.00000 0.00000
vt 0.71990 0.00696
vt 0.74852 0.00000
vt 1.00000 0.00000
vt 0.40562 0.19989
vt 0.40627 0.32752
vt 0.40514 0.32799
vt 0.45501 0.38819
vt 0.61235 0.38819
vt 0.45501 0.38819
vt 0.45501 0.13949
vt 0.45501 0.38819
vt 0.40627 0.32752
vt 0.45501 0.13949
vt 0.40627 0.32752
vt 0.40562 0.19989
vt 0.45501 0.38819
vt 0.45501 0.13949
vt 0.40562 0.19989
vt 0.45501 0.38819
vt 0.40562 0.19989
vt 0.40514 0.32799
vt 0.45501 0.13949
vt 0.45501 0.13949
vt 0.40562 0.19989
vt 0.58472 0.13915
vt 0.45501 0.38819
vt 0.45501 0.13949
vt 0.45501 0.38819
vt 0.45501 0.38819
vt 0.40514 0.32799
vt 0.45501 0.38819
vt 0.40514 0.32799
vt 0.40627 0.32752
vt 0.61235 0.38819
vt 0.58472 0.13915
vt 0.45501 0.13949
vt 0.61235 0.38819
vt 0.45501 0.13949
vt 0.45501 0.38819
vt 0.45501 0.13949
vt 0.58472 0.13915
vt 0.45501 0.13949
vt 0.45501 0.38819
vt 0.61235 0.38819
vt 0.61235 0.38819
vt 0.61235 0.38819
vt 0.58472 0.13915
vt 0.66580 0.34398
vt 0.58472 0.13915
vt 0.61235 0.38819
vt 0.45501 0.38819
vt 0.61235 0.38819
vt 0.66580 0.34398
vt 0.66580 0.34398
vt 0.61235 0.38819
vt 0.61235 0.38819
vt 0.66580 0.34398
vt 0.58472 0.13915
vt 0.66580 0.34398
vt 0.61718 0.10071
vt 0.58472 0.13915
vt 0.61235 0.38819
vt 0.66580 0.34398
vt 0.13597 0.11995
vt 0.11668 0.18676
vt 0.01929 0.18676
vt 0.13597 0.11995
vt 0.11668 0.18676
vt 0.13597 0.11995
vt 0.13597 0.11995
vt 0.11668 0.18676
vt 0.11668 0.18676
vt 0.00000 0.11995
vt 0.11668 0.18676
vt 0.13597 0.11995
vt 0.00000 0.11995
vt 0.01929 0.18676
vt 0.11668 0.18676
vt 0.00000 0.11995
vt 0.01929 0.18676
vt 0.00000 0.11995
vt 0.00000 0.11995
vt 0.01929 0.18676
vt 0.01929 0.18676
vt 0.13597 0.11995
vt 0.01929 0.18676
vt 0.00000 0.11995
vt 0.01929 0.18676
vt 0.11668 0.18676
vt 0.11668 0.18676
vt 0.01929 0.05314
vt 0.11668 0.05314
vt 0.01929 0.05314
vt 0.01929 0.05314
vt 0.11668 0.05314
vt 0.11668 0.05314
vt 0.13597 0.11995
vt 0.11668 0.05314
vt 0.01929 0.05314
vt 0.13597 0.11995
vt 0.01929 0.05314
vt 0.00000 0.11995
vt 0.01929 0.05314
vt 0.00000 0.11995
vt 0.00000 0.11995
vt 0.01929 0.05314
vt 0.00000 0.11995
vt 0.01929 0.05314
vt 0.11668 0.05314
vt 0.13597 0.11995
vt 0.00000 0.11995
vt 0.11668 0.05314
vt 0.00000 0.11995
vt 0.01929 0.05314
vt 0.11668 0.05314
vt 0.13597 0.11995
vt 0.13597 0.11995
vt 0.11668 0.05314
vt 0.13597 0.11995
vt 0.11668 0.05314
vt 0.01929 0.18676
vt 0.11668 0.18676
vt 0.01929 0.18676
vt 0.48914 0.88864
vt 0.48914 0.98795
vt 0.48914 1.00000
vt 0.48914 1.00000
vt 0.96876 0.98232
vt 0.93842 0.90070
vt 0.48914 0.88864
vt 0.48914 0.90070
vt 0.93842 0.90070
vt 0.93842 0.98795
vt 0.96876 0.98232
vt 0.48914 1.00000
vt 0.93842 0.88864
vt 0.93842 0.90070
vt 0.97148 0.91543
vt 0.97134 0.97967
vt 0.96876 0.98232
vt 0.97148 0.91543
vt 0.96876 0.98232
vt 0.97134 0.97967
vt 0.97148 0.91543
vt 0.93842 0.98795
vt 0.48914 1.00000
vt 0.48914 0.98795
vt 0.48914 0.88864
vt 0.93842 0.90070
vt 0.93842 0.88864
vt 0.48914 1.00000
vt 0.93842 0.90070
vt 0.48914 0.90070
vt 0.96876 0.98232
vt 0.97148 0.91543
vt 0.93842 0.90070
vt 0.93842 0.98795
vt 0.97148 0.91543
vt 0.96876 0.98232
vt 0.48914 0.88864
vt 0.48914 1.00000
vt 0.48914 0.90070
vt 0.93842 0.98795
vt 0.48914 0.88864
vt 0.93842 0.88864
vt 0.93842 0.98795
vt 0.93842 0.88864
vt 0.97148 0.91543
vt 0.93842 0.98795
vt 0.48914 0.98795
vt 0.48914 0.88864
vt 0.48797 0.83817
vt 0.44545 0.81285
vt 0.44545 0.81285
vt 0.44545 0.81285
vt 0.48797 0.83817
vt 0.44545 0.81285
f 683/3601 682/3602 685/3603
f 672/3604 684/3605 686/3606
f 671/3607 683/3608 684/3609
f 672/3610 671/3611 684/3612
f 681/3613 686/3614 682/3615
f 681/3616 672/3617 686/3618
f 684/3619 683/3620 685/3621
f 683/3622 681/3623 682/3624
f 685/3625 682/3626 688/3627
f 685/3628 688/3629 687/3630
f 682/3631 686/3632 688/3633
f 686/3634 687/3635 688/3636
f 686/3637 684/3638 687/3639
f 684/3640 685/3641 687/3642
f 680/3643 677/3644 676/3645
f 673/3646 678/3647 675/3648
f 674/3649 673/3650 677/3651
f 674/3652 677/3653 680/3654
f 675/3655 679/3656 680/3657
f 675/3658 680/3659 676/3660
f 679/3661 674/3662 680/3663
f 671/3664 673/3665 674/3666
f 673/3667 675/3668 676/3669
f 673/3670 676/3671 677/3672
f 678/3673 671/3674 679/3675
f 678/3676 679/3677 675/3678
f 679/3679 671/3680 674/3681
f 673/3682 670/3683 678/3684
f 670/3685 671/3686 672/3687
f 671/3688 670/3689 673/3690
f 678/3691 672/3692 681/3693
f 678/3694 670/3695 672/3696
f 671/3697 681/3698 683/3699
f 671/3700 678/3701 681/3702
f 661/3703 660/3704 662/3705
f 658/3706 660/3707 661/3708
f 658/3709 659/3710 660/3711
f 665/3712 659/3713 658/3714
f 665/3715 664/3716 659/3717
f 663/3718 664/3719 665/3720
f 663/3721 662/3722 664/3723
f 661/3724 662/3725 663/3726
f 662/3727 660/3728 659/3729
f 666/3730 668/3731 669/3732
f 666/3733 667/3734 668/3735
f 658/3736 667/3737 666/3738
f 658/3739 666/3740 665/3741
f 669/3742 663/3743 665/3744
f 669/3745 665/3746 666/3747
f 668/3748 661/3749 663/3750
f 668/3751 663/3752 669/3753
f 667/3754 658/3755 661/3756
f 667/3757 661/3758 668/3759
f 662/3760 659/3761 664/3762
f 692/3763 697/3764 694/3765
f 694/3766 691/3767 696/3768
f 692/3769 695/3770 696/3771
f 689/3772 691/3773 694/3774
f 693/3775 696/3776 690/3777
f 698/3778 691/3779 690/3780
f 691/3781 698/3782 690/3783
f 689/3784 694/3785 697/3786
f 692/3787 696/3788 693/3789
f 694/3790 696/3791 695/3792
f 691/3793 690/3794 696/3795
f 689/3796 690/3797 691/3798
f 692/3799 694/3800 695/3801
f 689/3802 692/3803 693/3804
f 689/3805 693/3806 690/3807
f 689/3808 697/3809 692/3810
f 700/3811 701/3812 699/3813
f 701/3814 700/3815 699/3816
o Slide
g Slide
usemtl RosePearl
v -0.00406 0.83914 -1.21781
v -0.00406 0.83914 -1.16141
v -0.06429 0.77913 -1.21784
v -0.01922 0.79492 -1.21782
v 0.02603 0.82840 -1.21781
v -0.00406 0.83914 -1.11891
v 0.01110 0.79492 -1.21782
v 0.02603 0.82840 -1.11891
v -0.03415 0.82840 -1.11891
v -0.04432 0.79358 -1.11891
v -0.05066 0.82250 -1.21782
v -0.04126 0.65965 -1.21784
v 0.03620 0.79358 -1.11891
v -0.05103 0.82237 -1.11892
v 0.04254 0.82250 -1.21782
v 0.05448 0.78688 -1.21776
v 0.04291 0.82237 -1.11892
v 0.05378 0.79359 -1.11890
v -0.04666 0.77872 -1.09211
v -0.06674 0.77872 -1.09073
v -0.06190 0.79359 -1.11890
v -0.06653 0.67441 -1.16098
v -0.05113 0.65965 -1.21784
v -0.06429 0.67417 -1.21784
v -0.05513 0.65962 -1.16098
v -0.00406 0.65960 -1.21783
v -0.00406 0.67417 -1.21784
v 0.03854 0.77872 -1.09211
v -0.07197 0.76209 -1.12303
v 0.05617 0.67417 -1.21784
v 0.05841 0.67441 -1.16098
v 0.05862 0.77872 -1.09073
v -0.04666 0.77872 -0.63634
v -0.06674 0.77872 -0.63634
v -0.07268 0.75767 -1.09073
v -0.08796 0.74210 -1.09073
v -0.07133 0.66137 -1.11804
v 0.01231 0.65854 -1.09073
v 0.04700 0.65962 -1.16098
v 0.04301 0.65965 -1.21786
v 0.06271 0.65944 -1.11762
v 0.06505 0.75746 -1.11934
v 0.03854 0.77872 -0.63634
v -0.04747 0.75767 -0.61337
v -0.08796 0.74210 -0.61337
v -0.08796 0.69467 -0.60436
v -0.08796 0.65854 -1.09073
v 0.07983 0.74210 -1.09073
v 0.07983 0.65854 -1.09073
v 0.05862 0.77872 -0.63634
v -0.07268 0.75767 -0.61337
v -0.07268 0.75767 -0.44377
v -0.08796 0.65854 -0.59750
v -0.08796 0.74210 -0.59284
v -0.08796 0.68742 -0.59253
v -0.08796 0.65854 -0.49938
v 0.03935 0.75767 -0.61337
v -0.03990 0.65854 -0.52391
v -0.06011 0.65854 -0.49938
v -0.03849 0.65854 -1.09073
v -0.08796 0.74210 -0.41385
v 0.06322 0.65854 -0.58690
v 0.07983 0.65854 -0.58690
v 0.07983 0.74210 -0.91737
v 0.06456 0.75767 -0.61337
v 0.06456 0.75767 -0.44377
v -0.00406 0.65854 -0.59750
v -0.02043 0.65854 -1.09073
v -0.07831 0.75193 -0.44377
v 0.01487 0.65854 -0.59750
v 0.03951 0.65854 -0.59220
v 0.07983 0.68742 -0.51118
v 0.07983 0.74210 -0.59284
v -0.07268 0.75767 -0.42333
v -0.04888 0.65854 -0.40135
v -0.01874 0.65854 -0.40135
v 0.00589 0.65854 -0.49938
v -0.07134 0.65854 -0.40135
v -0.08220 0.74797 -0.42333
v -0.08796 0.69483 -0.39992
v -0.08796 0.65854 -0.38923
v 0.03825 0.65854 -0.49938
v 0.07983 0.74210 -0.41385
v 0.07983 0.74210 -0.44377
v -0.07268 0.75767 0.07807
v -0.07442 0.75590 -0.42333
v -0.08225 0.65854 -0.34425
v -0.08612 0.65854 -0.28035
v -0.05544 0.65854 0.11308
v -0.07552 0.65854 0.11308
v 0.00540 0.65854 -0.42245
v 0.04076 0.65854 -0.40135
v 0.06322 0.65854 -0.40135
v 0.07983 0.65854 -0.41190
v 0.07983 0.65854 -0.38923
v 0.07983 0.69483 -0.39992
v 0.07408 0.74797 -0.42333
v 0.06630 0.75590 -0.42333
v 0.06456 0.75767 -0.10681
v -0.06748 0.77253 0.06459
v -0.07442 0.75590 0.07870
v -0.08612 0.65854 -0.38923
v -0.08612 0.74397 -0.40571
v -0.08612 0.65854 -0.38055
v -0.08796 0.65854 -0.38055
v -0.08612 0.65854 -0.37109
v -0.08612 0.74397 -0.38756
v -0.08612 0.65854 -0.36240
v -0.08796 0.65854 -0.36240
v -0.08612 0.65854 -0.35294
v -0.08612 0.74397 -0.36942
v -0.08612 0.65854 -0.34425
v -0.08796 0.68074 -0.34133
v -0.08796 0.68066 -0.35077
v -0.08612 0.65854 -0.33479
v -0.08612 0.74397 -0.35127
v -0.08612 0.65854 -0.32610
v -0.08796 0.65854 -0.32610
v -0.08612 0.65854 -0.31664
v -0.08612 0.74397 -0.33312
v -0.08612 0.65854 -0.30796
v -0.08796 0.65854 -0.30796
v -0.08612 0.65854 -0.29850
v -0.08612 0.74397 -0.31497
v -0.08612 0.65854 -0.28981
v -0.08796 0.65854 -0.28981
v -0.08612 0.74397 -0.29683
v -0.08612 0.65854 -0.27166
v -0.08796 0.65854 -0.27166
v -0.08612 0.65854 -0.26220
v -0.08612 0.74397 -0.27868
v -0.08612 0.65854 -0.25351
v -0.08796 0.65854 -0.25351
v -0.08612 0.65854 -0.24405
v -0.08612 0.74397 -0.26053
v -0.08612 0.65854 -0.23537
v -0.08796 0.65854 -0.23537
v -0.08612 0.65854 -0.22591
v -0.08612 0.74397 -0.24238
v -0.08612 0.65854 -0.21722
v -0.08796 0.65854 -0.21722
v -0.08796 0.69745 -0.21922
v -0.08612 0.74397 -0.23292
v -0.08612 0.65854 -0.20776
v -0.08612 0.74397 -0.22424
v -0.08612 0.65854 -0.19907
v -0.08796 0.74210 -0.22369
v -0.08796 0.69758 -0.21057
v -0.08796 0.65854 -0.19907
v -0.08796 0.69771 -0.20115
v -0.08612 0.74397 -0.21477
v -0.08612 0.65854 -0.18961
v -0.08612 0.74397 -0.20609
v -0.08612 0.65854 -0.18092
v -0.08796 0.69784 -0.19250
v -0.08796 0.65854 -0.18092
v -0.08796 0.69798 -0.18308
v -0.08612 0.74397 -0.19663
v -0.08612 0.65854 -0.17146
v -0.08612 0.74397 -0.18794
v -0.08612 0.65854 -0.16278
v -0.08796 0.69810 -0.17443
v -0.08796 0.65854 -0.16278
v -0.08796 0.69824 -0.16501
v -0.08612 0.74397 -0.17848
v -0.08612 0.65854 -0.15331
v -0.08612 0.74397 -0.16979
v -0.08612 0.65854 -0.14463
v -0.08796 0.65854 -0.14463
v -0.08796 0.69850 -0.14694
v -0.08612 0.74397 -0.16033
v -0.08612 0.65854 -0.13517
v -0.08612 0.74397 -0.15165
v -0.08612 0.65854 -0.12648
v -0.08796 0.68459 0.10389
v -0.08796 0.65854 -0.12648
v -0.05570 0.68425 0.10400
v -0.08612 0.74397 -0.41440
v 0.02531 0.65854 -0.40135
v 0.04731 0.65854 0.11308
v 0.07800 0.74397 -0.41440
v 0.06630 0.75590 -0.10681
v -0.04682 0.75767 0.07807
v -0.02393 0.75767 -0.42333
v -0.06820 0.77046 -0.42333
v -0.04601 0.73812 0.08496
v -0.05977 0.70147 0.09792
v -0.08796 0.65854 0.11308
v -0.08796 0.69495 -0.39127
v -0.08796 0.69509 -0.38185
v -0.08796 0.69522 -0.37320
v -0.08796 0.69535 -0.36378
v -0.08612 0.74397 -0.37810
v -0.08796 0.74210 -0.36887
v -0.08796 0.69562 -0.34571
v -0.08612 0.74397 -0.35996
v -0.08796 0.69574 -0.33706
v -0.08612 0.74397 -0.30551
v -0.08796 0.69588 -0.32764
v -0.08796 0.69600 -0.31899
v -0.08796 0.69614 -0.30957
v -0.08612 0.74397 -0.32366
v -0.08796 0.69627 -0.30092
v -0.08796 0.69640 -0.29150
v -0.08796 0.69653 -0.28285
v -0.08796 0.69666 -0.27343
v -0.08796 0.69679 -0.26478
v -0.08796 0.69693 -0.25536
v -0.08796 0.69705 -0.24671
v -0.08796 0.69719 -0.23729
v -0.08796 0.69732 -0.22864
v -0.08796 0.69836 -0.15636
v -0.08796 0.69863 -0.13829
v 0.06740 0.65854 0.11308
v 0.04758 0.68425 0.10400
v 0.06719 0.68443 0.10394
v 0.07800 0.65854 -0.17146
v 0.07800 0.65854 -0.18092
v 0.07800 0.74397 -0.22424
v 0.07408 0.74797 -0.10681
v 0.07800 0.74397 -0.23292
v 0.05811 0.77610 -0.10681
v 0.06456 0.75767 -0.42333
v -0.03193 0.75767 0.07807
v -0.05014 0.82203 0.01970
v -0.05633 0.70140 0.00875
v -0.05977 0.70147 0.00873
v -0.04640 0.70140 0.09794
v -0.05633 0.70140 0.09794
v -0.03111 0.73812 0.08497
v -0.07524 0.69311 0.10087
v -0.08796 0.74210 -0.39570
v -0.08796 0.74210 -0.40516
v -0.08796 0.74210 -0.37755
v -0.08796 0.74210 -0.38701
v -0.08796 0.74210 -0.35940
v -0.08796 0.74210 -0.34126
v -0.08796 0.74210 -0.35072
v -0.08796 0.74210 -0.32311
v -0.08796 0.74210 -0.33257
v -0.08796 0.74210 -0.30496
v -0.08796 0.74210 -0.31442
v -0.08796 0.74210 -0.28681
v -0.08796 0.74210 -0.29628
v -0.08796 0.74210 -0.26867
v -0.08796 0.74210 -0.27813
v -0.08796 0.74210 -0.25052
v -0.08796 0.74210 -0.25998
v -0.08796 0.74210 -0.23237
v -0.08796 0.74210 -0.24183
v -0.08796 0.74210 -0.21422
v -0.08796 0.74210 -0.19608
v -0.08796 0.74210 -0.20554
v -0.08796 0.74210 -0.17793
v -0.08796 0.74210 -0.18739
v -0.08796 0.74210 -0.15978
v -0.08796 0.74210 -0.16924
v -0.08796 0.74210 0.08359
v -0.08796 0.72699 -0.14664
v 0.07983 0.65854 0.11308
v 0.07800 0.74397 -0.40571
v 0.07800 0.65854 -0.38923
v 0.07800 0.65854 -0.38055
v 0.07983 0.74210 -0.15109
v 0.07725 0.74474 -0.10681
v 0.07800 0.74397 -0.15165
v 0.06456 0.75767 0.07807
v 0.06428 0.75809 0.01415
v 0.04202 0.82203 0.01969
v 0.06008 0.77046 -0.42333
v 0.02857 0.75767 -0.42333
v -0.03193 0.75777 0.02865
v -0.03553 0.82752 0.01485
v -0.05822 0.79896 -0.42333
v -0.05014 0.82203 -0.42333
v -0.03553 0.82752 -0.42333
v 0.04758 0.68425 0.01481
v 0.06705 0.70179 0.09781
v 0.07800 0.74397 -0.16979
v 0.07800 0.65854 -0.15331
v 0.07800 0.65854 -0.14463
v 0.07983 0.69495 -0.39127
v 0.07800 0.65854 -0.12648
v 0.07983 0.65854 -0.12648
v 0.07983 0.69863 -0.13829
v 0.07984 0.74209 -0.10681
v 0.03314 0.75767 0.07807
v 0.02741 0.82752 0.01485
v 0.04202 0.82203 -0.42333
v 0.02741 0.82752 -0.42333
v 0.05010 0.79896 -0.42333
v -0.00406 0.75767 0.02870
v -0.02597 0.83111 0.01168
v -0.01694 0.78935 -0.42333
v -0.02597 0.83111 -0.42333
v 0.07983 0.68196 -0.04675
v 0.07983 0.68196 -0.01677
v 0.07800 0.65854 -0.13517
v 0.07983 0.65854 -0.14463
v 0.07983 0.69836 -0.15636
v 0.07800 0.74397 -0.17848
v 0.07983 0.69824 -0.16501
v 0.07800 0.74397 -0.38756
v 0.07800 0.65854 -0.37109
v 0.07800 0.65854 -0.36240
v 0.07800 0.74397 -0.39625
v 0.07983 0.74210 -0.39570
v 0.07983 0.69509 -0.38185
v 0.07983 0.71199 -0.09876
v 0.07408 0.74797 0.08151
v 0.04821 0.70140 0.09794
v 0.02058 0.80605 0.02603
v 0.02058 0.80605 0.03418
v 0.02170 0.80479 -0.42333
v -0.02854 0.80636 0.02640
v -0.02868 0.80624 0.03402
v -0.00406 0.83935 0.00416
v -0.00406 0.83935 -0.42333
v 0.02381 0.75767 0.02870
v 0.07983 0.69001 -0.07678
v 0.07983 0.74210 0.08359
v 0.07800 0.74397 -0.16033
v 0.07983 0.69850 -0.14694
v 0.07983 0.65854 -0.13517
v 0.07800 0.74397 -0.18794
v 0.07800 0.65854 -0.16278
v 0.07983 0.65854 -0.36240
v 0.07983 0.69522 -0.37320
v 0.07983 0.65854 -0.37109
v 0.07983 0.65854 -0.38055
v 0.07983 0.74210 -0.40516
v 0.07800 0.74397 -0.35127
v 0.07800 0.65854 -0.33479
v 0.07800 0.65854 -0.32610
v 0.07983 0.74210 0.00758
v 0.04820 0.70140 0.00875
v 0.03202 0.70140 0.09794
v 0.02381 0.75767 0.07807
v 0.07983 0.74210 -0.15978
v 0.07983 0.74210 -0.16924
v 0.07983 0.69810 -0.17443
v 0.07983 0.74210 -0.17793
v 0.07983 0.74210 -0.18739
v 0.07983 0.65854 -0.16278
v 0.07983 0.65854 -0.15332
v 0.07800 0.74397 -0.19663
v 0.07983 0.69798 -0.18308
v 0.07800 0.74397 -0.36942
v 0.07800 0.65854 -0.35294
v 0.07800 0.65854 -0.34425
v 0.07983 0.69574 -0.33706
v 0.07800 0.74397 -0.35996
v 0.07983 0.69562 -0.34571
v 0.07800 0.74397 -0.29683
v 0.07800 0.65854 -0.28035
v 0.07800 0.65854 -0.27166
v 0.07800 0.74397 -0.27868
v 0.07800 0.65854 -0.26220
v 0.07800 0.65854 -0.25351
v 0.07800 0.74397 -0.31497
v 0.07800 0.65854 -0.29850
v 0.07800 0.65854 -0.28981
v 0.07983 0.69784 -0.19250
v 0.07800 0.74397 -0.20609
v 0.07800 0.65854 -0.18961
v 0.07800 0.74397 -0.37810
v 0.07983 0.69535 -0.36378
v 0.07983 0.65854 -0.35294
v 0.07983 0.74210 -0.37755
v 0.07983 0.74210 -0.38701
v 0.07983 0.69653 -0.28285
v 0.07983 0.65854 -0.27166
v 0.07983 0.69640 -0.29150
v 0.07800 0.74397 -0.30551
v 0.07983 0.65854 -0.25351
v 0.07983 0.69679 -0.26478
v 0.07800 0.74397 -0.28737
v 0.07983 0.69666 -0.27343
v 0.07800 0.65854 -0.20776
v 0.07800 0.65854 -0.19907
v 0.07983 0.65854 -0.28981
v 0.07983 0.69627 -0.30092
v 0.07800 0.74397 -0.32366
v 0.07983 0.69614 -0.30957
v 0.07800 0.74397 -0.33312
v 0.07800 0.65854 -0.31664
v 0.07800 0.65854 -0.30796
v 0.07983 0.74210 -0.19608
v 0.07983 0.74210 -0.20554
v 0.07983 0.65854 -0.18092
v 0.07983 0.65854 -0.17146
v 0.07800 0.74397 -0.21477
v 0.07983 0.69771 -0.20115
v 0.07983 0.69548 -0.35513
v 0.07983 0.74210 -0.34126
v 0.07983 0.74210 -0.35072
v 0.07983 0.65854 -0.32610
v 0.07983 0.69588 -0.32764
v 0.07983 0.74210 -0.35940
v 0.07983 0.74210 -0.36887
v 0.07983 0.65854 -0.34425
v 0.07983 0.74210 -0.28681
v 0.07983 0.74210 -0.29628
v 0.07983 0.74210 -0.26867
v 0.07983 0.74210 -0.27813
v 0.07800 0.65854 -0.24405
v 0.07800 0.74397 -0.26922
v 0.07983 0.69693 -0.25536
v 0.07800 0.74397 -0.26053
v 0.07800 0.65854 -0.23537
v 0.07800 0.74397 -0.24238
v 0.07800 0.65854 -0.22591
v 0.07800 0.65854 -0.21722
v 0.07983 0.65854 -0.19907
v 0.07983 0.69745 -0.21922
v 0.07983 0.74210 -0.30496
v 0.07983 0.74210 -0.31442
v 0.07983 0.65854 -0.30796
v 0.07983 0.69600 -0.31899
v 0.07800 0.74397 -0.34181
v 0.07983 0.65854 -0.33479
v 0.07983 0.65854 -0.31664
v 0.07983 0.69705 -0.24671
v 0.07983 0.65854 -0.21722
v 0.07983 0.69732 -0.22864
v 0.07983 0.65854 -0.22591
v 0.07983 0.69719 -0.23729
v 0.07983 0.69758 -0.21057
v 0.07983 0.74210 -0.21422
v 0.07983 0.74210 -0.22369
v 0.07983 0.74210 -0.32311
v 0.07983 0.74210 -0.33257
v 0.07983 0.65854 -0.18961
v 0.07983 0.65854 -0.26220
v 0.07983 0.65854 -0.28035
v 0.07983 0.65854 -0.24405
v 0.07983 0.74210 -0.25052
v 0.07983 0.74210 -0.25998
v 0.07983 0.74210 -0.23237
v 0.07983 0.74210 -0.24183
v 0.07983 0.65854 -0.29850
v 0.07983 0.65854 -0.23537
v 0.07983 0.65854 -0.20776
v 0.05811 0.71199 -0.09876
v 0.05811 0.68196 -0.04675
v 0.05811 0.74202 -0.10681
v 0.05811 0.76011 0.01487
v 0.05811 0.77610 0.01487
v 0.05811 0.68196 -0.01677
v 0.05811 0.69001 -0.07678
v 0.03314 0.75767 -0.00010
v 0.02144 0.70140 0.02957
v -0.03111 0.73812 0.02901
v -0.08220 0.74797 0.08151
v -0.08796 0.74210 -0.15109
v -0.04601 0.73812 -0.04963
v -0.00435 0.73378 -1.21783
v -0.08796 0.65854 -0.13517
v -0.08796 0.65854 -0.37109
v -0.08796 0.65854 -0.15332
v -0.08796 0.65854 -0.35294
v -0.08796 0.65854 -0.17146
v -0.08796 0.65854 -0.18961
v -0.08796 0.65854 -0.33479
v -0.08796 0.65854 -0.31664
v -0.08796 0.65854 -0.20776
v -0.08796 0.65854 -0.22591
v -0.08796 0.65854 -0.29850
v -0.08796 0.65854 -0.24405
v -0.08796 0.65854 -0.28035
v -0.08796 0.65854 -0.26220
v -0.08612 0.74397 -0.39625
v -0.08612 0.74397 -0.34181
v -0.08612 0.74397 -0.28737
v -0.08612 0.74397 -0.26922
v -0.08612 0.74397 -0.25107
v 0.07800 0.74397 -0.25107
v -0.05570 0.68425 0.01481
vt 0.09552 0.66464
vt 0.43692 0.66464
vt 0.43692 0.66464
vt 0.09552 0.54826
vt 0.07435 0.74693
vt 0.09552 0.66464
vt 0.00003 0.90681
vt 0.00000 0.00616
vt 0.00007 0.70979
vt 0.07435 0.74693
vt 0.09448 0.66464
vt 0.07434 0.74685
vt 0.00001 0.08644
vt 0.04273 0.00600
vt 0.00001 0.00616
vt 0.07434 0.74685
vt 0.07433 0.90609
vt 0.07435 0.74693
vt 0.07435 0.74693
vt 0.09448 0.66464
vt 0.09552 0.66464
vt 0.04273 0.08775
vt 0.00001 0.66691
vt 0.07124 0.57269
vt 0.07433 0.90609
vt 0.07434 0.74685
vt 0.07435 0.74693
vt 0.07433 0.90609
vt 0.00001 0.66691
vt 0.00003 0.90681
vt 0.53097 0.15973
vt 0.22577 0.46213
vt 0.09552 0.00000
vt 0.43692 0.66464
vt 0.07402 0.54709
vt 0.45418 0.54826
vt 0.45418 0.54826
vt 0.43692 0.66464
vt 0.45418 0.54826
vt 0.45418 0.54826
vt 0.09552 0.46213
vt 0.09552 0.54826
vt 0.46095 0.19982
vt 0.46961 0.46213
vt 0.46984 0.15973
vt 0.09552 0.66464
vt 0.43692 0.66464
vt 0.09448 0.66464
vt 0.09552 0.54826
vt 0.43692 0.66464
vt 0.45418 0.54826
vt 0.45418 0.54826
vt 0.43692 0.66464
vt 0.43692 0.66464
vt 0.07124 0.57269
vt 0.07435 0.74693
vt 0.09552 0.54826
vt 0.07124 0.57269
vt 0.09552 0.54826
vt 0.09552 0.46213
vt 0.45418 0.46213
vt 0.46095 0.19982
vt 0.09552 0.00000
vt 0.09552 0.46213
vt 0.07531 0.00497
vt 0.09552 0.00000
vt 0.09552 0.46213
vt 0.07500 0.01566
vt 0.07124 0.57269
vt 0.04273 0.08775
vt 0.07500 0.01566
vt 0.04273 0.00600
vt 0.09552 0.00000
vt 0.07531 0.00497
vt 0.04273 0.00600
vt 0.00007 0.70979
vt 0.00000 0.00616
vt 0.00001 0.08644
vt 0.07402 0.54709
vt 0.04273 0.08775
vt 0.07531 0.00497
vt 0.00001 0.08644
vt 0.04273 0.00600
vt 0.04273 0.08775
vt 0.00007 0.70979
vt 0.07402 0.54709
vt 0.07435 0.74693
vt 0.07402 0.54709
vt 0.09552 0.66464
vt 0.07435 0.74693
vt 0.46611 0.00000
vt 0.07531 0.00497
vt 0.09552 0.00000
vt 0.47407 0.00000
vt 0.09552 0.00000
vt 0.07531 0.00497
vt 0.45418 0.54826
vt 0.07402 0.54709
vt 0.22577 0.46213
vt 0.58161 0.54826
vt 0.46961 0.46213
vt 0.45418 0.54826
vt 0.09552 0.00000
vt 0.09552 0.00000
vt 0.52140 0.00000
vt 0.52140 0.00000
vt 0.53983 0.00000
vt 0.53983 0.00000
vt 0.46961 0.46213
vt 0.45418 0.46213
vt 0.45418 0.54826
vt 0.58161 0.46213
vt 0.59697 0.54826
vt 0.58161 0.54826
vt 0.97370 0.54826
vt 0.59697 0.53846
vt 0.59697 0.54826
vt 0.65638 0.00000
vt 0.70440 0.00000
vt 0.61348 0.00000
vt 0.53983 0.00000
vt 0.46611 0.00000
vt 0.53983 0.00000
vt 0.60556 0.00000
vt 0.47009 0.00000
vt 0.53983 0.00000
vt 0.53097 0.15973
vt 0.60409 0.46213
vt 0.58161 0.46213
vt 0.46611 0.00000
vt 0.52140 0.00000
vt 0.53983 0.00000
vt 0.46611 0.00000
vt 0.09552 0.00000
vt 0.00002 0.00587
vt 0.53983 0.00000
vt 0.62259 0.00000
vt 0.61348 0.00000
vt 0.52140 0.00000
vt 0.61348 0.00000
vt 0.61348 0.00000
vt 0.59697 0.49458
vt 0.60409 0.46213
vt 0.58161 0.51652
vt 0.53983 0.00000
vt 0.61456 0.20070
vt 0.62259 0.00000
vt 0.53097 0.15973
vt 0.58161 0.46213
vt 0.46961 0.46213
vt 0.22577 0.46213
vt 0.46961 0.46213
vt 0.45418 0.54826
vt 0.46961 0.46213
vt 0.58161 0.54826
vt 0.45418 0.54826
vt 0.59697 0.54826
vt 0.58161 0.51652
vt 0.58161 0.54826
vt 0.52140 0.00000
vt 0.61348 0.00000
vt 0.61348 0.00000
vt 0.69076 0.00000
vt 0.67838 0.47247
vt 0.69729 0.00000
vt 0.70440 0.00000
vt 0.69202 0.47247
vt 0.71093 0.00000
vt 0.71803 0.00000
vt 0.70565 0.47247
vt 0.72456 0.00000
vt 0.73167 0.00000
vt 0.71929 0.47247
vt 0.73820 0.00000
vt 0.63622 0.00000
vt 0.62384 0.47247
vt 0.64275 0.00000
vt 0.64986 0.00000
vt 0.63748 0.47247
vt 0.65638 0.00000
vt 0.65858 0.12278
vt 0.65638 0.00000
vt 0.65149 0.12233
vt 0.66349 0.00000
vt 0.65111 0.47247
vt 0.67002 0.00000
vt 0.67713 0.00000
vt 0.66475 0.47247
vt 0.68365 0.00000
vt 0.59697 0.53846
vt 0.83479 0.54826
vt 0.59697 0.54826
vt 0.59697 0.54826
vt 0.96357 0.63043
vt 0.97370 0.54826
vt 0.97417 0.53846
vt 0.59697 0.49458
vt 0.59697 0.53846
vt 0.62259 0.00000
vt 0.61021 0.47247
vt 0.62911 0.00000
vt 1.00000 0.00000
vt 0.61348 0.00000
vt 1.00000 0.00000
vt 0.61348 0.00000
vt 0.53983 0.00000
vt 0.61348 0.00000
vt 0.61348 0.00000
vt 0.53983 0.00000
vt 0.61348 0.00000
vt 0.60556 0.00000
vt 0.61456 0.20070
vt 0.60409 0.46213
vt 1.00000 0.00000
vt 0.61348 0.00000
vt 0.61348 0.00000
vt 0.60368 0.47247
vt 0.60409 0.46213
vt 0.61456 0.20070
vt 0.59697 0.49458
vt 0.83479 0.53846
vt 0.59697 0.53846
vt 0.59697 0.61900
vt 0.83479 0.54826
vt 0.83479 0.65016
vt 0.59697 0.54826
vt 0.59697 0.61901
vt 0.59697 0.54826
vt 0.59697 0.61901
vt 0.92984 0.90418
vt 0.96357 0.63043
vt 0.79985 0.00000
vt 0.78746 0.47247
vt 0.80637 0.00000
vt 0.80464 0.22101
vt 0.79457 0.47247
vt 0.81348 0.00000
vt 0.81348 0.00000
vt 0.80110 0.47247
vt 0.82001 0.00000
vt 1.00000 0.00000
vt 0.99318 0.14217
vt 1.00000 0.00000
vt 0.61456 0.20070
vt 0.60368 0.47247
vt 0.62259 0.00000
vt 0.77257 0.00000
vt 0.76019 0.47247
vt 0.77910 0.00000
vt 0.76019 0.47247
vt 0.77040 0.21735
vt 0.77910 0.00000
vt 0.77748 0.21811
vt 0.76730 0.47247
vt 0.78621 0.00000
vt 0.78621 0.00000
vt 0.77383 0.47247
vt 0.79274 0.00000
vt 0.77383 0.47247
vt 0.78398 0.21880
vt 0.79274 0.00000
vt 0.79106 0.21956
vt 0.78094 0.47247
vt 0.79985 0.00000
vt 0.74530 0.00000
vt 0.73292 0.47247
vt 0.75183 0.00000
vt 0.75033 0.21521
vt 0.74003 0.47247
vt 0.75894 0.00000
vt 0.75894 0.00000
vt 0.74656 0.47247
vt 0.76547 0.00000
vt 0.74656 0.47247
vt 0.74697 0.46213
vt 0.75683 0.21590
vt 0.76390 0.21665
vt 0.75367 0.47247
vt 0.77257 0.00000
vt 0.70960 0.21085
vt 0.71093 0.00000
vt 0.70252 0.21010
vt 0.71803 0.00000
vt 0.71803 0.00000
vt 0.70960 0.21085
vt 0.72456 0.00000
vt 0.72456 0.00000
vt 0.71609 0.21155
vt 0.72317 0.21230
vt 0.72456 0.00000
vt 0.71609 0.21155
vt 0.73167 0.00000
vt 0.73167 0.00000
vt 0.72317 0.21230
vt 0.72967 0.21300
vt 0.73820 0.00000
vt 0.71929 0.47247
vt 0.73675 0.21375
vt 0.73820 0.00000
vt 0.72967 0.21300
vt 0.74530 0.00000
vt 0.74530 0.00000
vt 0.73675 0.21375
vt 0.66886 0.20650
vt 0.67713 0.00000
vt 0.67713 0.00000
vt 0.67536 0.20719
vt 0.68365 0.00000
vt 0.66475 0.47247
vt 0.68244 0.20795
vt 0.68365 0.00000
vt 0.67536 0.20719
vt 0.69076 0.00000
vt 0.68244 0.20795
vt 0.67186 0.47247
vt 0.69729 0.00000
vt 0.67838 0.47247
vt 0.68894 0.20865
vt 0.69602 0.20940
vt 0.69729 0.00000
vt 0.68894 0.20865
vt 0.69602 0.20940
vt 0.70440 0.00000
vt 0.70440 0.00000
vt 0.70252 0.21010
vt 0.71093 0.00000
vt 0.69202 0.47247
vt 0.64171 0.20360
vt 0.64275 0.00000
vt 0.63463 0.20284
vt 0.64986 0.00000
vt 0.64171 0.20360
vt 0.63095 0.47247
vt 0.65638 0.00000
vt 0.65638 0.00000
vt 0.63789 0.46213
vt 0.65529 0.20505
vt 0.64459 0.47247
vt 0.66349 0.00000
vt 0.67002 0.00000
vt 0.65111 0.47247
vt 0.66179 0.20574
vt 0.68549 0.47247
vt 0.67838 0.47247
vt 0.59697 0.49458
vt 0.66886 0.20650
vt 0.67002 0.00000
vt 0.66179 0.20574
vt 0.98861 0.23745
vt 0.97785 0.46213
vt 0.97888 0.44011
vt 0.61348 0.00000
vt 0.59763 0.00000
vt 0.61348 0.00000
vt 0.99083 0.19120
vt 1.00000 0.00000
vt 0.99309 0.14408
vt 0.62105 0.20139
vt 0.62911 0.00000
vt 0.61021 0.47247
vt 0.62813 0.20215
vt 0.62911 0.00000
vt 0.62105 0.20139
vt 0.63622 0.00000
vt 0.63622 0.00000
vt 0.62813 0.20215
vt 0.63463 0.20284
vt 0.64275 0.00000
vt 0.62384 0.47247
vt 0.63136 0.46213
vt 0.63463 0.20284
vt 0.62426 0.46213
vt 0.64500 0.46213
vt 0.65149 0.12233
vt 0.63789 0.46213
vt 0.65863 0.46213
vt 0.66179 0.20574
vt 0.65153 0.46213
vt 0.67227 0.46213
vt 0.67536 0.20719
vt 0.66516 0.46213
vt 0.68590 0.46213
vt 0.68894 0.20865
vt 0.67880 0.46213
vt 0.69954 0.46213
vt 0.70252 0.21010
vt 0.69243 0.46213
vt 0.71318 0.46213
vt 0.71609 0.21155
vt 0.70607 0.46213
vt 0.72681 0.46213
vt 0.72967 0.21300
vt 0.71970 0.46213
vt 0.98861 0.23745
vt 0.92161 0.23706
vt 0.92159 0.23745
vt 0.98863 0.23706
vt 0.92161 0.23706
vt 0.98863 0.23706
vt 0.97888 0.44011
vt 0.97370 0.54826
vt 0.97889 0.44011
vt 0.61773 0.46213
vt 0.62105 0.20139
vt 0.61062 0.46213
vt 0.97785 0.46213
vt 0.82001 0.00000
vt 0.81114 0.22170
vt 1.00000 0.00000
vt 0.99318 0.14217
vt 0.99313 0.14321
vt 0.78621 0.00000
vt 0.77910 0.00000
vt 0.61348 0.00000
vt 0.74656 0.47247
vt 0.83479 0.49458
vt 0.74003 0.47247
vt 0.92984 0.90418
vt 0.83479 0.65016
vt 0.92621 0.65016
vt 0.73292 0.47247
vt 0.74325 0.21445
vt 0.75183 0.00000
vt 0.75033 0.21521
vt 0.75183 0.00000
vt 0.74325 0.21445
vt 0.76390 0.21665
vt 0.76547 0.00000
vt 0.75683 0.21590
vt 0.77748 0.21811
vt 0.77910 0.00000
vt 0.77040 0.21735
vt 0.79106 0.21956
vt 0.79274 0.00000
vt 0.78398 0.21880
vt 0.78746 0.47247
vt 0.79756 0.22025
vt 0.80637 0.00000
vt 0.80464 0.22101
vt 0.80637 0.00000
vt 0.79756 0.22025
vt 0.81114 0.22170
vt 0.82001 0.00000
vt 0.82001 0.00000
vt 0.97370 0.54826
vt 0.93683 0.44011
vt 0.97889 0.44011
vt 0.92617 0.14217
vt 0.99318 0.14217
vt 1.00000 0.00000
vt 0.92617 0.14217
vt 0.99313 0.14321
vt 0.99318 0.14217
vt 0.78746 0.47247
vt 0.79985 0.00000
vt 0.80637 0.00000
vt 0.62911 0.00000
vt 0.62105 0.20139
vt 0.61021 0.47247
vt 0.97370 0.54826
vt 0.92984 0.90418
vt 0.94060 0.81688
vt 0.92619 0.93457
vt 0.59697 0.90418
vt 0.59697 0.93457
vt 0.99313 0.14321
vt 1.00000 0.00000
vt 1.00000 0.00000
vt 0.61021 0.47247
vt 0.62259 0.00000
vt 0.62911 0.00000
vt 0.80151 0.46213
vt 0.83479 0.47672
vt 0.80110 0.47247
vt 0.59697 0.61900
vt 0.59697 0.54826
vt 0.59697 0.54826
vt 0.74045 0.46213
vt 0.74325 0.21445
vt 0.73334 0.46213
vt 0.75408 0.46213
vt 0.75683 0.21590
vt 0.74697 0.46213
vt 0.76772 0.46213
vt 0.77040 0.21735
vt 0.76061 0.46213
vt 0.78135 0.46213
vt 0.78398 0.21880
vt 0.77424 0.46213
vt 0.79499 0.46213
vt 0.79756 0.22025
vt 0.78788 0.46213
vt 0.97785 0.46213
vt 0.81114 0.22170
vt 0.80486 0.37857
vt 0.99318 0.14217
vt 0.92617 0.14217
vt 1.00000 0.00000
vt 0.99083 0.19120
vt 0.92617 0.14217
vt 0.99318 0.14217
vt 0.81114 0.22170
vt 0.84083 0.29563
vt 0.83479 0.46211
vt 0.98863 0.23707
vt 0.97370 0.54826
vt 0.97370 0.54826
vt 0.94072 0.81582
vt 0.97370 0.54826
vt 0.97370 0.54826
vt 0.94072 0.81582
vt 0.92619 0.93457
vt 0.92984 0.90418
vt 0.59697 0.93457
vt 0.91817 1.00000
vt 0.59697 1.00000
vt 0.82001 0.00000
vt 0.90244 0.12954
vt 0.87992 0.12954
vt 0.80110 0.47247
vt 0.81348 0.00000
vt 0.82001 0.00000
vt 0.80637 0.00000
vt 0.80637 0.00000
vt 0.79756 0.22025
vt 0.78094 0.47247
vt 0.79106 0.21956
vt 0.79985 0.00000
vt 0.62384 0.47247
vt 0.63622 0.00000
vt 0.64275 0.00000
vt 0.61731 0.47247
vt 0.61773 0.46213
vt 0.62813 0.20215
vt 0.59697 0.77659
vt 0.59697 0.54826
vt 0.59697 0.54826
vt 0.94060 0.81688
vt 0.93656 0.54879
vt 0.97370 0.54826
vt 0.94060 0.81688
vt 0.92619 0.93457
vt 0.92382 0.95443
vt 0.59697 0.72344
vt 0.59697 0.93457
vt 0.59697 0.77660
vt 0.92382 0.95443
vt 0.59697 0.93457
vt 0.59697 0.95443
vt 0.82001 0.00000
vt 0.82001 0.00000
vt 0.81114 0.22170
vt 0.59697 0.90418
vt 0.92619 0.93457
vt 0.59697 0.93457
vt 0.94072 0.81582
vt 0.93488 0.81750
vt 0.94060 0.81688
vt 0.93660 0.54827
vt 0.93460 0.81579
vt 0.93660 0.54826
vt 0.80637 0.00000
vt 0.80464 0.22101
vt 0.79756 0.22025
vt 0.62105 0.20139
vt 0.61773 0.46213
vt 0.61062 0.46213
vt 0.62911 0.00000
vt 0.62813 0.20215
vt 0.62105 0.20139
vt 0.65111 0.47247
vt 0.66349 0.00000
vt 0.67002 0.00000
vt 0.92073 0.46212
vt 0.97628 0.49458
vt 0.92567 0.55054
vt 0.97628 0.49458
vt 0.98863 0.23707
vt 0.97370 0.54826
vt 0.92161 0.23706
vt 0.98863 0.23706
vt 0.98863 0.23707
vt 0.93660 0.54826
vt 0.94072 0.81582
vt 0.97370 0.54826
vt 0.97785 0.46213
vt 0.92073 0.46212
vt 0.90244 0.12954
vt 0.79457 0.47247
vt 0.80464 0.22101
vt 0.81348 0.00000
vt 0.77383 0.47247
vt 0.78621 0.00000
vt 0.79274 0.00000
vt 0.64275 0.00000
vt 0.64275 0.00000
vt 0.63463 0.20284
vt 0.59697 0.93457
vt 0.59697 0.80883
vt 0.59697 0.77659
vt 0.59697 0.80883
vt 0.59697 0.72344
vt 0.59697 0.77659
vt 0.59697 1.00000
vt 0.59697 0.95443
vt 0.59697 0.72344
vt 0.91817 1.00000
vt 0.59697 0.95443
vt 0.59697 1.00000
vt 0.69913 0.47247
vt 0.70960 0.21085
vt 0.71803 0.00000
vt 0.74656 0.47247
vt 0.75894 0.00000
vt 0.76547 0.00000
vt 0.69729 0.00000
vt 0.69729 0.00000
vt 0.68894 0.20865
vt 0.67186 0.47247
vt 0.68244 0.20795
vt 0.69076 0.00000
vt 0.66475 0.47247
vt 0.67713 0.00000
vt 0.68365 0.00000
vt 0.77040 0.21735
vt 0.76772 0.46213
vt 0.76061 0.46213
vt 0.77910 0.00000
vt 0.77748 0.21811
vt 0.77040 0.21735
vt 0.76019 0.47247
vt 0.77257 0.00000
vt 0.77910 0.00000
vt 0.63095 0.47247
vt 0.64171 0.20360
vt 0.64986 0.00000
vt 0.63463 0.20284
vt 0.63136 0.46213
vt 0.62426 0.46213
vt 0.64275 0.00000
vt 0.64171 0.20360
vt 0.63463 0.20284
vt 0.70252 0.21010
vt 0.71093 0.00000
vt 0.71093 0.00000
vt 0.69602 0.20940
vt 0.70440 0.00000
vt 0.68549 0.47247
vt 0.72456 0.00000
vt 0.72456 0.00000
vt 0.71609 0.21155
vt 0.66349 0.00000
vt 0.64459 0.47247
vt 0.65529 0.20505
vt 0.69202 0.47247
vt 0.70440 0.00000
vt 0.71093 0.00000
vt 0.70565 0.47247
vt 0.71803 0.00000
vt 0.72456 0.00000
vt 0.67838 0.47247
vt 0.69076 0.00000
vt 0.69729 0.00000
vt 0.77040 0.21735
vt 0.76019 0.47247
vt 0.77910 0.00000
vt 0.79756 0.22025
vt 0.79499 0.46213
vt 0.78788 0.46213
vt 0.78398 0.21880
vt 0.78135 0.46213
vt 0.77424 0.46213
vt 0.79274 0.00000
vt 0.79106 0.21956
vt 0.78398 0.21880
vt 0.78398 0.21880
vt 0.79274 0.00000
vt 0.79274 0.00000
vt 0.76730 0.47247
vt 0.77748 0.21811
vt 0.78621 0.00000
vt 0.63748 0.47247
vt 0.64986 0.00000
vt 0.65638 0.00000
vt 0.66179 0.20574
vt 0.65111 0.47247
vt 0.67002 0.00000
vt 0.74530 0.00000
vt 0.74530 0.00000
vt 0.73675 0.21375
vt 0.75683 0.21590
vt 0.75408 0.46213
vt 0.74697 0.46213
vt 0.67536 0.20719
vt 0.67227 0.46213
vt 0.66516 0.46213
vt 0.68365 0.00000
vt 0.68244 0.20795
vt 0.67536 0.20719
vt 0.76547 0.00000
vt 0.76390 0.21665
vt 0.75683 0.21590
vt 0.66886 0.20650
vt 0.67713 0.00000
vt 0.65822 0.47247
vt 0.71093 0.00000
vt 0.70960 0.21085
vt 0.70252 0.21010
vt 0.69729 0.00000
vt 0.69602 0.20940
vt 0.68894 0.20865
vt 0.72456 0.00000
vt 0.72317 0.21230
vt 0.71609 0.21155
vt 0.73820 0.00000
vt 0.72967 0.21300
vt 0.71929 0.47247
vt 0.75183 0.00000
vt 0.75183 0.00000
vt 0.74325 0.21445
vt 0.71609 0.21155
vt 0.71318 0.46213
vt 0.70607 0.46213
vt 0.73167 0.00000
vt 0.71276 0.47247
vt 0.72317 0.21230
vt 0.71929 0.47247
vt 0.73167 0.00000
vt 0.73820 0.00000
vt 0.73292 0.47247
vt 0.74530 0.00000
vt 0.75183 0.00000
vt 0.74003 0.47247
vt 0.75033 0.21521
vt 0.75894 0.00000
vt 0.68894 0.20865
vt 0.68590 0.46213
vt 0.67880 0.46213
vt 0.68365 0.00000
vt 0.68365 0.00000
vt 0.67536 0.20719
vt 0.77257 0.00000
vt 0.75367 0.47247
vt 0.76390 0.21665
vt 0.64821 0.20429
vt 0.63748 0.47247
vt 0.65638 0.00000
vt 0.66179 0.20574
vt 0.65863 0.46213
vt 0.65153 0.46213
vt 0.67002 0.00000
vt 0.66886 0.20650
vt 0.66179 0.20574
vt 0.64821 0.20429
vt 0.64500 0.46213
vt 0.63789 0.46213
vt 0.65638 0.00000
vt 0.65529 0.20505
vt 0.64821 0.20429
vt 0.70252 0.21010
vt 0.69954 0.46213
vt 0.69243 0.46213
vt 0.83479 0.54826
vt 0.83479 0.53846
vt 0.83479 0.46172
vt 0.83479 0.46172
vt 0.83479 0.65016
vt 0.83479 0.54826
vt 0.83479 0.49458
vt 0.83479 0.47672
vt 0.83479 0.46172
vt 0.83479 0.46172
vt 0.83479 0.53846
vt 0.83479 0.49458
vt 0.85735 0.17404
vt 0.85735 0.17404
vt 0.87992 0.12954
vt 0.84083 0.29563
vt 0.84083 0.29563
vt 0.85735 0.17404
vt 0.84083 0.29563
vt 0.84083 0.29563
vt 0.83479 0.46172
vt 0.84083 0.29563
vt 0.87992 0.12954
vt 0.83479 0.46172
vt 0.90244 0.12954
vt 0.92567 0.55054
vt 0.90244 0.12954
vt 0.90244 0.12954
vt 0.87992 0.12954
vt 0.87992 0.12954
vt 0.85735 0.17404
vt 0.87992 0.12954
vt 0.87992 0.12954
vt 0.84083 0.29563
vt 0.85735 0.17404
vt 0.85735 0.17404
vt 0.84083 0.29563
vt 0.83479 0.46172
vt 0.83479 0.46211
vt 0.83479 0.47672
vt 0.83479 0.46211
vt 0.83479 0.46172
vt 0.72967 0.21300
vt 0.72681 0.46213
vt 0.71970 0.46213
vt 0.74325 0.21445
vt 0.74045 0.46213
vt 0.73334 0.46213
vt 0.75183 0.00000
vt 0.75033 0.21521
vt 0.74325 0.21445
vt 0.73820 0.00000
vt 0.73675 0.21375
vt 0.72967 0.21300
vt 0.00002 0.75427
vt 0.00000 0.00616
vt 0.00003 0.93942
vt 0.07434 0.93942
vt 0.07433 0.90609
vt 0.00003 0.90681
vt 0.04241 0.99885
vt 0.07434 0.93942
vt 0.00003 0.90681
vt 0.00001 0.00616
vt 0.00001 0.08644
vt 0.00002 0.75427
vt 0.00001 0.00616
vt 0.00002 0.75427
vt 0.00001 0.66691
vt 0.00003 0.93942
vt 0.07434 0.93942
vt 0.04241 0.99885
vt 0.97785 0.46213
vt 0.80486 0.37857
vt 0.80151 0.46213
vt 0.97889 0.44011
vt 0.87775 0.44011
vt 0.97888 0.44011
vt 0.97888 0.44011
vt 0.97628 0.49458
vt 0.97417 0.53846
vt 0.98863 0.23706
vt 0.97888 0.44011
vt 0.98863 0.23706
vt 0.98861 0.23745
vt 0.97888 0.44011
vt 0.98863 0.23706
vt 0.97888 0.44011
vt 0.87775 0.44011
vt 0.98863 0.23706
vt 0.00003 0.90681
vt 0.00001 0.66691
vt 0.00002 0.75427
vt 0.97888 0.44011
vt 0.97785 0.46213
vt 0.97628 0.49458
vt 0.97370 0.54826
vt 0.98863 0.23706
vt 0.91496 0.54826
vt 0.93726 0.23706
vt 0.93660 0.54827
vt 0.93660 0.54826
vt 0.93683 0.44011
vt 0.93660 0.54827
vt 0.93726 0.23706
vt 0.07500 0.01566
vt 0.09552 0.00000
vt 0.09552 0.00000
vt 0.00001 0.00616
vt 0.00001 0.00616
vt 0.04273 0.00600
vt 0.04273 0.00600
vt 0.07500 0.01566
vt 0.09552 0.00000
vt 0.09552 0.00000
vt 0.00002 0.00587
vt 0.04273 0.00600
vt 0.04273 0.00600
vt 0.09552 0.00000
vt 0.09552 0.00000
vt 0.00002 0.00587
vt 0.00001 0.00616
vt 0.04273 0.00600
vt 0.07433 0.90609
vt 0.00003 0.90681
vt 0.00007 0.70979
vt 0.07434 0.74685
vt 0.07434 0.93942
vt 0.07433 0.90609
vt 0.07435 0.74693
vt 0.07434 0.74685
vt 0.09448 0.66464
vt 0.07433 0.90609
vt 0.07435 0.74693
vt 0.07124 0.57269
vt 0.04273 0.08775
vt 0.00001 0.08644
vt 0.00001 0.66691
vt 0.07433 0.90609
vt 0.07124 0.57269
vt 0.00001 0.66691
vt 0.00001 0.66691
vt 0.00001 0.08644
vt 0.00001 0.00616
vt 0.00002 0.41609
vt 0.00001 0.08644
vt 0.00000 0.00616
vt 0.00002 0.75427
vt 0.00002 0.41609
vt 0.00000 0.00616
vt 0.00001 0.66691
vt 0.00001 0.00616
vt 0.00001 0.00616
vt 0.00003 0.90681
vt 0.07433 0.90609
vt 0.07434 0.93942
vt 0.07434 0.74685
vt 0.07434 0.99885
vt 0.07434 0.93942
vt 0.07433 0.90609
vt 0.07434 0.93942
vt 0.07434 0.74685
vt 0.09552 0.66464
vt 0.43692 0.66464
vt 0.43692 0.66464
vt 0.09552 0.54826
vt 0.09552 0.66464
vt 0.43692 0.66464
vt 0.45418 0.54826
vt 0.45418 0.54826
vt 0.43692 0.66464
vt 0.46611 0.00000
vt 0.09552 0.00000
vt 0.46984 0.15973
vt 0.09552 0.46213
vt 0.45418 0.46213
vt 0.09552 0.00000
vt 0.46095 0.19982
vt 0.46984 0.15973
vt 0.09552 0.00000
vt 0.09552 0.46213
vt 0.07402 0.54709
vt 0.07531 0.00497
vt 0.04273 0.08775
vt 0.04273 0.00600
vt 0.07531 0.00497
vt 0.07402 0.54709
vt 0.00007 0.70979
vt 0.04273 0.08775
vt 0.00001 0.08644
vt 0.00000 0.00616
vt 0.04273 0.00600
vt 0.00007 0.70979
vt 0.00001 0.08644
vt 0.04273 0.08775
vt 0.09552 0.66464
vt 0.09448 0.66464
vt 0.43692 0.66464
vt 0.09552 0.46213
vt 0.09552 0.00000
vt 0.07500 0.01566
vt 0.00000 0.00616
vt 0.00002 0.00587
vt 0.04273 0.00600
vt 0.00002 0.00587
vt 0.09552 0.00000
vt 0.04273 0.00600
vt 0.00001 0.00616
vt 0.00002 0.00587
vt 0.00001 0.08644
vt 0.00007 0.70979
vt 0.07435 0.74693
vt 0.07433 0.90609
vt 0.07435 0.74693
vt 0.09552 0.66464
vt 0.09448 0.66464
vt 0.07124 0.57269
vt 0.07500 0.01566
vt 0.04273 0.08775
vt 0.00001 0.08644
vt 0.04273 0.08775
vt 0.04273 0.00600
vt 0.00001 0.08644
vt 0.00002 0.00587
vt 0.00000 0.00616
vt 0.46611 0.00000
vt 0.46984 0.15973
vt 0.60409 0.46213
vt 0.53983 0.00000
vt 0.46611 0.00000
vt 0.60409 0.46213
vt 0.47009 0.00000
vt 0.47407 0.00000
vt 0.07531 0.00497
vt 0.47407 0.00000
vt 0.09552 0.00000
vt 0.47407 0.00000
vt 0.22577 0.46213
vt 0.53097 0.15973
vt 0.46961 0.46213
vt 0.52140 0.00000
vt 0.46611 0.00000
vt 0.53983 0.00000
vt 0.46984 0.15973
vt 0.46961 0.46213
vt 0.60409 0.46213
vt 0.46611 0.00000
vt 0.52140 0.00000
vt 0.09552 0.00000
vt 0.46095 0.19982
vt 0.45418 0.46213
vt 0.46961 0.46213
vt 0.09552 0.46213
vt 0.09552 0.00000
vt 0.22577 0.46213
vt 0.47407 0.00000
vt 0.53097 0.15973
vt 0.09552 0.00000
vt 0.43692 0.66464
vt 0.09552 0.66464
vt 0.07402 0.54709
vt 0.45418 0.54826
vt 0.43692 0.66464
vt 0.43692 0.66464
vt 0.45418 0.54826
vt 0.45418 0.46213
vt 0.09552 0.46213
vt 0.45418 0.54826
vt 0.45418 0.54826
vt 0.58161 0.54826
vt 0.09552 0.00000
vt 0.09552 0.00000
vt 0.46611 0.00000
vt 0.46961 0.46213
vt 0.58161 0.46213
vt 0.58161 0.54826
vt 0.59697 0.54826
vt 0.59697 0.53846
vt 0.58161 0.51652
vt 0.46611 0.00000
vt 0.09552 0.00000
vt 0.52140 0.00000
vt 0.46611 0.00000
vt 0.46611 0.00000
vt 0.09552 0.00000
vt 0.46611 0.00000
vt 0.47009 0.00000
vt 0.07531 0.00497
vt 0.47407 0.00000
vt 0.60556 0.00000
vt 0.53097 0.15973
vt 0.46611 0.00000
vt 0.00002 0.00587
vt 0.09552 0.00000
vt 0.58161 0.51652
vt 0.60409 0.46213
vt 0.46961 0.46213
vt 0.07402 0.54709
vt 0.09552 0.46213
vt 0.22577 0.46213
vt 0.58161 0.54826
vt 0.45418 0.54826
vt 0.45418 0.54826
vt 0.58161 0.54826
vt 0.58161 0.51652
vt 0.46961 0.46213
vt 0.82001 0.00000
vt 0.82001 0.00000
vt 1.00000 0.00000
vt 0.80637 0.00000
vt 0.81348 0.00000
vt 0.81348 0.00000
vt 0.82001 0.00000
vt 1.00000 0.00000
vt 0.61348 0.00000
vt 0.80637 0.00000
vt 0.80637 0.00000
vt 0.81348 0.00000
vt 0.81348 0.00000
vt 0.82001 0.00000
vt 0.61348 0.00000
vt 0.61348 0.00000
vt 0.62259 0.00000
vt 0.62911 0.00000
vt 0.62911 0.00000
vt 0.62911 0.00000
vt 0.63622 0.00000
vt 0.62911 0.00000
vt 0.63622 0.00000
vt 0.63622 0.00000
vt 0.97370 0.54826
vt 0.97417 0.53846
vt 0.59697 0.53846
vt 0.59697 0.53846
vt 0.59697 0.49458
vt 0.58161 0.51652
vt 0.53983 0.00000
vt 0.52140 0.00000
vt 0.61348 0.00000
vt 0.53983 0.00000
vt 0.46611 0.00000
vt 0.46611 0.00000
vt 1.00000 0.00000
vt 1.00000 0.00000
vt 0.82001 0.00000
vt 0.61348 0.00000
vt 0.62259 0.00000
vt 0.62259 0.00000
vt 0.60556 0.00000
vt 0.47407 0.00000
vt 0.47009 0.00000
vt 0.60556 0.00000
vt 0.47407 0.00000
vt 0.47407 0.00000
vt 0.53097 0.15973
vt 0.60556 0.00000
vt 0.60409 0.46213
vt 0.58161 0.46213
vt 0.59697 0.53846
vt 0.59697 0.54826
vt 0.53983 0.00000
vt 0.53983 0.00000
vt 0.62259 0.00000
vt 0.52140 0.00000
vt 0.53983 0.00000
vt 0.61348 0.00000
vt 0.53983 0.00000
vt 0.60409 0.46213
vt 0.61456 0.20070
vt 0.53983 0.00000
vt 0.47009 0.00000
vt 0.46611 0.00000
vt 0.76547 0.00000
vt 0.61348 0.00000
vt 0.75894 0.00000
vt 0.75183 0.00000
vt 0.75183 0.00000
vt 0.75894 0.00000
vt 0.75894 0.00000
vt 0.61348 0.00000
vt 0.75183 0.00000
vt 0.65638 0.00000
vt 0.67002 0.00000
vt 0.67713 0.00000
vt 0.67002 0.00000
vt 0.67713 0.00000
vt 0.67713 0.00000
vt 0.75183 0.00000
vt 0.61348 0.00000
vt 0.74530 0.00000
vt 0.73820 0.00000
vt 0.74530 0.00000
vt 0.74530 0.00000
vt 0.74530 0.00000
vt 0.61348 0.00000
vt 0.73820 0.00000
vt 0.77257 0.00000
vt 0.77910 0.00000
vt 0.61348 0.00000
vt 0.64275 0.00000
vt 0.64986 0.00000
vt 0.65638 0.00000
vt 0.65638 0.00000
vt 0.66349 0.00000
vt 0.66349 0.00000
vt 0.67002 0.00000
vt 0.67002 0.00000
vt 0.67713 0.00000
vt 0.65638 0.00000
vt 0.66349 0.00000
vt 0.67002 0.00000
vt 0.77257 0.00000
vt 0.61348 0.00000
vt 0.76547 0.00000
vt 0.76547 0.00000
vt 0.76547 0.00000
vt 0.77257 0.00000
vt 0.75183 0.00000
vt 0.75894 0.00000
vt 0.75894 0.00000
vt 0.79274 0.00000
vt 0.79985 0.00000
vt 0.61348 0.00000
vt 0.77910 0.00000
vt 0.77910 0.00000
vt 0.78621 0.00000
vt 0.78621 0.00000
vt 0.79274 0.00000
vt 0.61348 0.00000
vt 0.61348 0.00000
vt 0.64275 0.00000
vt 0.65638 0.00000
vt 0.64986 0.00000
vt 0.65638 0.00000
vt 0.65638 0.00000
vt 0.64275 0.00000
vt 0.64986 0.00000
vt 0.64986 0.00000
vt 0.77910 0.00000
vt 0.78621 0.00000
vt 0.61348 0.00000
vt 0.76547 0.00000
vt 0.77257 0.00000
vt 0.77257 0.00000
vt 0.80637 0.00000
vt 0.81348 0.00000
vt 0.61348 0.00000
vt 0.79274 0.00000
vt 0.79985 0.00000
vt 0.79985 0.00000
vt 0.79985 0.00000
vt 0.80637 0.00000
vt 0.61348 0.00000
vt 0.61348 0.00000
vt 0.62911 0.00000
vt 0.63622 0.00000
vt 0.64275 0.00000
vt 0.64275 0.00000
vt 0.64986 0.00000
vt 0.61348 0.00000
vt 0.63622 0.00000
vt 0.64275 0.00000
vt 0.79274 0.00000
vt 0.79274 0.00000
vt 0.79985 0.00000
vt 0.77910 0.00000
vt 0.78621 0.00000
vt 0.78621 0.00000
vt 0.60556 0.00000
vt 0.62259 0.00000
vt 0.61456 0.20070
vt 0.58161 0.46213
vt 0.60409 0.46213
vt 0.59697 0.49458
vt 0.58161 0.46213
vt 0.59697 0.49458
vt 0.59697 0.53846
vt 0.59697 0.53846
vt 0.83479 0.53846
vt 0.83479 0.54826
vt 0.59697 0.54826
vt 0.59697 0.61901
vt 0.96357 0.63043
vt 0.97417 0.53846
vt 0.97628 0.49458
vt 0.59697 0.49458
vt 0.59763 0.00000
vt 0.53983 0.00000
vt 0.61348 0.00000
vt 0.65638 0.00000
vt 0.69729 0.00000
vt 0.70440 0.00000
vt 0.71093 0.00000
vt 0.61348 0.00000
vt 0.70440 0.00000
vt 1.00000 0.00000
vt 0.61348 0.00000
vt 0.61348 0.00000
vt 0.61348 0.00000
vt 0.53983 0.00000
vt 0.53983 0.00000
vt 0.61348 0.00000
vt 0.60556 0.00000
vt 0.53983 0.00000
vt 0.65638 0.00000
vt 0.68365 0.00000
vt 0.69076 0.00000
vt 0.69729 0.00000
vt 0.69729 0.00000
vt 0.70440 0.00000
vt 0.65638 0.00000
vt 0.69076 0.00000
vt 0.69729 0.00000
vt 0.72456 0.00000
vt 0.61348 0.00000
vt 0.71803 0.00000
vt 0.71093 0.00000
vt 0.71803 0.00000
vt 0.71803 0.00000
vt 0.71803 0.00000
vt 0.61348 0.00000
vt 0.71093 0.00000
vt 0.69729 0.00000
vt 0.70440 0.00000
vt 0.70440 0.00000
vt 0.71093 0.00000
vt 0.71093 0.00000
vt 0.71803 0.00000
vt 0.65638 0.00000
vt 0.67713 0.00000
vt 0.68365 0.00000
vt 0.68365 0.00000
vt 0.68365 0.00000
vt 0.69076 0.00000
vt 0.68365 0.00000
vt 0.69076 0.00000
vt 0.69076 0.00000
vt 0.73820 0.00000
vt 0.73820 0.00000
vt 0.74530 0.00000
vt 0.72456 0.00000
vt 0.73167 0.00000
vt 0.73167 0.00000
vt 0.73820 0.00000
vt 0.61348 0.00000
vt 0.73167 0.00000
vt 0.72456 0.00000
vt 0.72456 0.00000
vt 0.73167 0.00000
vt 0.73167 0.00000
vt 0.61348 0.00000
vt 0.72456 0.00000
vt 0.75894 0.00000
vt 0.74003 0.47247
vt 0.74656 0.47247
vt 0.76547 0.00000
vt 0.74656 0.47247
vt 0.75683 0.21590
vt 0.75683 0.21590
vt 0.76547 0.00000
vt 0.76547 0.00000
vt 0.76390 0.21665
vt 0.75408 0.46213
vt 0.75367 0.47247
vt 0.77257 0.00000
vt 0.77257 0.00000
vt 0.76390 0.21665
vt 0.73167 0.00000
vt 0.71276 0.47247
vt 0.71929 0.47247
vt 0.74530 0.00000
vt 0.72640 0.47247
vt 0.73292 0.47247
vt 0.75894 0.00000
vt 0.75033 0.21521
vt 0.75894 0.00000
vt 0.74045 0.46213
vt 0.74003 0.47247
vt 0.75033 0.21521
vt 0.67713 0.00000
vt 0.65822 0.47247
vt 0.66475 0.47247
vt 0.69076 0.00000
vt 0.67186 0.47247
vt 0.67838 0.47247
vt 0.70440 0.00000
vt 0.68549 0.47247
vt 0.69202 0.47247
vt 0.71803 0.00000
vt 0.69913 0.47247
vt 0.70565 0.47247
vt 0.62259 0.00000
vt 0.60368 0.47247
vt 0.61021 0.47247
vt 0.63622 0.00000
vt 0.61731 0.47247
vt 0.62384 0.47247
vt 0.64986 0.00000
vt 0.63095 0.47247
vt 0.63748 0.47247
vt 0.65858 0.12278
vt 0.66349 0.00000
vt 0.65638 0.00000
vt 0.66349 0.00000
vt 0.64459 0.47247
vt 0.65111 0.47247
vt 0.62259 0.00000
vt 0.61456 0.20070
vt 0.62259 0.00000
vt 0.60409 0.46213
vt 0.60368 0.47247
vt 0.61456 0.20070
vt 0.61348 0.00000
vt 0.53983 0.00000
vt 0.59763 0.00000
vt 1.00000 0.00000
vt 1.00000 0.00000
vt 0.61348 0.00000
vt 0.62259 0.00000
vt 0.60368 0.47247
vt 0.61456 0.20070
vt 0.61456 0.20070
vt 0.62259 0.00000
vt 0.62259 0.00000
vt 0.79985 0.00000
vt 0.78094 0.47247
vt 0.78746 0.47247
vt 0.80464 0.22101
vt 0.79499 0.46213
vt 0.79457 0.47247
vt 0.81348 0.00000
vt 0.81348 0.00000
vt 0.80464 0.22101
vt 0.81348 0.00000
vt 0.79457 0.47247
vt 0.80110 0.47247
vt 0.99309 0.14408
vt 1.00000 0.00000
vt 0.82001 0.00000
vt 1.00000 0.00000
vt 0.99083 0.19120
vt 0.99318 0.14217
vt 0.78621 0.00000
vt 0.76730 0.47247
vt 0.77383 0.47247
vt 0.79274 0.00000
vt 0.78398 0.21880
vt 0.79274 0.00000
vt 0.77424 0.46213
vt 0.78398 0.21880
vt 0.77383 0.47247
vt 0.79106 0.21956
vt 0.78135 0.46213
vt 0.78094 0.47247
vt 0.79985 0.00000
vt 0.79985 0.00000
vt 0.79106 0.21956
vt 0.77257 0.00000
vt 0.75367 0.47247
vt 0.76019 0.47247
vt 0.77910 0.00000
vt 0.77040 0.21735
vt 0.77910 0.00000
vt 0.76061 0.46213
vt 0.77040 0.21735
vt 0.76019 0.47247
vt 0.78621 0.00000
vt 0.77748 0.21811
vt 0.78621 0.00000
vt 0.76772 0.46213
vt 0.76730 0.47247
vt 0.77748 0.21811
vt 0.65638 0.00000
vt 0.63748 0.47247
vt 0.63789 0.46213
vt 0.63789 0.46213
vt 0.65149 0.12233
vt 0.65638 0.00000
vt 0.65529 0.20505
vt 0.65858 0.12278
vt 0.65149 0.12233
vt 0.65858 0.12278
vt 0.65529 0.20505
vt 0.66349 0.00000
vt 0.64500 0.46213
vt 0.64459 0.47247
vt 0.65529 0.20505
vt 0.66349 0.00000
vt 0.66349 0.00000
vt 0.65858 0.12278
vt 0.65153 0.46213
vt 0.66179 0.20574
vt 0.65111 0.47247
vt 0.62813 0.20215
vt 0.61731 0.47247
vt 0.63622 0.00000
vt 0.63463 0.20284
vt 0.64275 0.00000
vt 0.64275 0.00000
vt 0.62384 0.47247
vt 0.62426 0.46213
vt 0.63463 0.20284
vt 0.64171 0.20360
vt 0.64986 0.00000
vt 0.64275 0.00000
vt 0.63136 0.46213
vt 0.63095 0.47247
vt 0.64171 0.20360
vt 0.64986 0.00000
vt 0.64171 0.20360
vt 0.64986 0.00000
vt 0.99083 0.19120
vt 1.00000 0.00000
vt 1.00000 0.00000
vt 0.61021 0.47247
vt 0.61062 0.46213
vt 0.62105 0.20139
vt 0.62105 0.20139
vt 0.62911 0.00000
vt 0.62911 0.00000
vt 0.62813 0.20215
vt 0.63622 0.00000
vt 0.62911 0.00000
vt 0.61773 0.46213
vt 0.61731 0.47247
vt 0.62813 0.20215
vt 0.59697 0.49458
vt 0.83479 0.49458
vt 0.83479 0.53846
vt 0.59697 0.61900
vt 0.59697 0.54826
vt 0.83479 0.54826
vt 0.97370 0.54826
vt 0.97370 0.54826
vt 0.96357 0.63043
vt 0.59697 0.61901
vt 0.59697 0.77660
vt 0.92984 0.90418
vt 0.97417 0.53846
vt 0.97370 0.54826
vt 0.97888 0.44011
vt 0.97888 0.44011
vt 0.97370 0.54826
vt 0.97370 0.54826
vt 0.98861 0.23745
vt 0.99083 0.19120
vt 0.97785 0.46213
vt 0.76730 0.47247
vt 0.76061 0.46213
vt 0.76019 0.47247
vt 0.75367 0.47247
vt 0.75408 0.46213
vt 0.74697 0.46213
vt 0.59697 0.49458
vt 0.76730 0.47247
vt 0.76019 0.47247
vt 0.75367 0.47247
vt 0.74697 0.46213
vt 0.74656 0.47247
vt 0.59697 0.49458
vt 0.76019 0.47247
vt 0.75367 0.47247
vt 0.63095 0.47247
vt 0.62384 0.47247
vt 0.59697 0.49458
vt 0.64500 0.46213
vt 0.63789 0.46213
vt 0.64459 0.47247
vt 0.63748 0.47247
vt 0.63095 0.47247
vt 0.59697 0.49458
vt 0.61731 0.47247
vt 0.61021 0.47247
vt 0.59697 0.49458
vt 0.78094 0.47247
vt 0.77424 0.46213
vt 0.77383 0.47247
vt 0.76730 0.47247
vt 0.76772 0.46213
vt 0.76061 0.46213
vt 0.78094 0.47247
vt 0.77383 0.47247
vt 0.59697 0.49458
vt 0.62384 0.47247
vt 0.61731 0.47247
vt 0.59697 0.49458
vt 0.63136 0.46213
vt 0.62426 0.46213
vt 0.63095 0.47247
vt 0.63095 0.47247
vt 0.62426 0.46213
vt 0.62384 0.47247
vt 0.59697 0.49458
vt 0.77383 0.47247
vt 0.76730 0.47247
vt 0.97628 0.49458
vt 0.80110 0.47247
vt 0.79457 0.47247
vt 0.60368 0.47247
vt 0.60409 0.46213
vt 0.59697 0.49458
vt 0.61773 0.46213
vt 0.61062 0.46213
vt 0.61731 0.47247
vt 0.61021 0.47247
vt 0.60368 0.47247
vt 0.59697 0.49458
vt 0.97628 0.49458
vt 0.79457 0.47247
vt 0.78746 0.47247
vt 0.78094 0.47247
vt 0.78135 0.46213
vt 0.77424 0.46213
vt 0.59697 0.49458
vt 0.78746 0.47247
vt 0.78094 0.47247
vt 0.61062 0.46213
vt 0.61021 0.47247
vt 0.61731 0.47247
vt 0.67002 0.00000
vt 0.66179 0.20574
vt 0.67002 0.00000
vt 0.59697 0.49458
vt 0.97628 0.49458
vt 0.78746 0.47247
vt 0.97785 0.46213
vt 0.80151 0.46213
vt 0.97628 0.49458
vt 0.79457 0.47247
vt 0.79499 0.46213
vt 0.78788 0.46213
vt 0.97628 0.49458
vt 0.80151 0.46213
vt 0.80110 0.47247
vt 0.79457 0.47247
vt 0.78788 0.46213
vt 0.78746 0.47247
vt 0.67186 0.47247
vt 0.66516 0.46213
vt 0.66475 0.47247
vt 0.59697 0.49458
vt 0.69913 0.47247
vt 0.69202 0.47247
vt 0.68549 0.47247
vt 0.68590 0.46213
vt 0.67880 0.46213
vt 0.59697 0.49458
vt 0.69202 0.47247
vt 0.68549 0.47247
vt 0.67186 0.47247
vt 0.66475 0.47247
vt 0.59697 0.49458
vt 0.68549 0.47247
vt 0.67880 0.46213
vt 0.67838 0.47247
vt 0.67838 0.47247
vt 0.67186 0.47247
vt 0.59697 0.49458
vt 0.66886 0.20650
vt 0.67713 0.00000
vt 0.67002 0.00000
vt 0.65822 0.47247
vt 0.65111 0.47247
vt 0.59697 0.49458
vt 0.67227 0.46213
vt 0.66516 0.46213
vt 0.67186 0.47247
vt 0.66475 0.47247
vt 0.65822 0.47247
vt 0.59697 0.49458
vt 0.71276 0.47247
vt 0.70607 0.46213
vt 0.70565 0.47247
vt 0.69913 0.47247
vt 0.69954 0.46213
vt 0.69243 0.46213
vt 0.59697 0.49458
vt 0.71276 0.47247
vt 0.70565 0.47247
vt 0.69913 0.47247
vt 0.69243 0.46213
vt 0.69202 0.47247
vt 0.59697 0.49458
vt 0.70565 0.47247
vt 0.69913 0.47247
vt 0.72640 0.47247
vt 0.71970 0.46213
vt 0.71929 0.47247
vt 0.59697 0.49458
vt 0.73292 0.47247
vt 0.72640 0.47247
vt 0.65111 0.47247
vt 0.64459 0.47247
vt 0.59697 0.49458
vt 0.65863 0.46213
vt 0.65153 0.46213
vt 0.65822 0.47247
vt 0.65822 0.47247
vt 0.65153 0.46213
vt 0.65111 0.47247
vt 0.59697 0.49458
vt 0.72640 0.47247
vt 0.71929 0.47247
vt 0.71276 0.47247
vt 0.71318 0.46213
vt 0.70607 0.46213
vt 0.59697 0.49458
vt 0.71929 0.47247
vt 0.71276 0.47247
vt 0.59697 0.49458
vt 0.75367 0.47247
vt 0.74656 0.47247
vt 0.74003 0.47247
vt 0.74045 0.46213
vt 0.73334 0.46213
vt 0.59697 0.49458
vt 0.74656 0.47247
vt 0.74003 0.47247
vt 0.64459 0.47247
vt 0.63789 0.46213
vt 0.63748 0.47247
vt 0.63748 0.47247
vt 0.59697 0.49458
vt 0.64459 0.47247
vt 0.74003 0.47247
vt 0.73334 0.46213
vt 0.73292 0.47247
vt 0.72640 0.47247
vt 0.72681 0.46213
vt 0.71970 0.46213
vt 0.59697 0.49458
vt 0.74003 0.47247
vt 0.73292 0.47247
vt 0.70565 0.47247
vt 0.70607 0.46213
vt 0.71609 0.21155
vt 0.70565 0.47247
vt 0.71609 0.21155
vt 0.72456 0.00000
vt 0.72317 0.21230
vt 0.73167 0.00000
vt 0.72456 0.00000
vt 0.71318 0.46213
vt 0.71276 0.47247
vt 0.72317 0.21230
vt 0.72317 0.21230
vt 0.71276 0.47247
vt 0.73167 0.00000
vt 0.71929 0.47247
vt 0.71970 0.46213
vt 0.72967 0.21300
vt 0.68549 0.47247
vt 0.70440 0.00000
vt 0.69602 0.20940
vt 0.70252 0.21010
vt 0.71093 0.00000
vt 0.71093 0.00000
vt 0.69202 0.47247
vt 0.69243 0.46213
vt 0.70252 0.21010
vt 0.70960 0.21085
vt 0.71803 0.00000
vt 0.71093 0.00000
vt 0.69954 0.46213
vt 0.69913 0.47247
vt 0.70960 0.21085
vt 0.70960 0.21085
vt 0.69913 0.47247
vt 0.71803 0.00000
vt 0.69076 0.00000
vt 0.68244 0.20795
vt 0.69076 0.00000
vt 0.67880 0.46213
vt 0.68894 0.20865
vt 0.67838 0.47247
vt 0.69729 0.00000
vt 0.68894 0.20865
vt 0.69729 0.00000
vt 0.69602 0.20940
vt 0.70440 0.00000
vt 0.69729 0.00000
vt 0.69602 0.20940
vt 0.68590 0.46213
vt 0.68549 0.47247
vt 0.66886 0.20650
vt 0.65863 0.46213
vt 0.65822 0.47247
vt 0.65822 0.47247
vt 0.67713 0.00000
vt 0.66886 0.20650
vt 0.66475 0.47247
vt 0.66516 0.46213
vt 0.67536 0.20719
vt 0.67536 0.20719
vt 0.68365 0.00000
vt 0.68365 0.00000
vt 0.68244 0.20795
vt 0.69076 0.00000
vt 0.68365 0.00000
vt 0.67227 0.46213
vt 0.67186 0.47247
vt 0.68244 0.20795
vt 0.67713 0.00000
vt 0.67002 0.00000
vt 0.67002 0.00000
vt 0.69076 0.00000
vt 0.68365 0.00000
vt 0.68365 0.00000
vt 0.67713 0.00000
vt 0.67002 0.00000
vt 0.61348 0.00000
vt 0.69076 0.00000
vt 0.69076 0.00000
vt 0.68365 0.00000
vt 0.68365 0.00000
vt 0.67713 0.00000
vt 0.61348 0.00000
vt 0.69729 0.00000
vt 0.69076 0.00000
vt 0.61348 0.00000
vt 0.66349 0.00000
vt 0.66349 0.00000
vt 0.65638 0.00000
vt 0.69076 0.00000
vt 0.68365 0.00000
vt 0.61348 0.00000
vt 0.80464 0.22101
vt 0.81348 0.00000
vt 0.80637 0.00000
vt 0.80110 0.47247
vt 0.80151 0.46213
vt 0.80486 0.37857
vt 0.80486 0.37857
vt 0.81114 0.22170
vt 0.80110 0.47247
vt 0.82001 0.00000
vt 0.80110 0.47247
vt 0.81114 0.22170
vt 0.97785 0.46213
vt 0.99309 0.14408
vt 0.82001 0.00000
vt 1.00000 0.00000
vt 1.00000 0.00000
vt 0.99318 0.14217
vt 0.67713 0.00000
vt 0.67713 0.00000
vt 0.67002 0.00000
vt 0.74325 0.21445
vt 0.75183 0.00000
vt 0.75183 0.00000
vt 0.75033 0.21521
vt 0.75894 0.00000
vt 0.75183 0.00000
vt 0.76390 0.21665
vt 0.77257 0.00000
vt 0.76547 0.00000
vt 0.77748 0.21811
vt 0.78621 0.00000
vt 0.77910 0.00000
vt 0.79106 0.21956
vt 0.79985 0.00000
vt 0.79274 0.00000
vt 0.78746 0.47247
vt 0.78788 0.46213
vt 0.79756 0.22025
vt 0.80637 0.00000
vt 0.80637 0.00000
vt 0.79756 0.22025
vt 0.72967 0.21300
vt 0.73820 0.00000
vt 0.73820 0.00000
vt 0.73675 0.21375
vt 0.74530 0.00000
vt 0.73820 0.00000
vt 0.72681 0.46213
vt 0.72640 0.47247
vt 0.73675 0.21375
vt 0.73675 0.21375
vt 0.72640 0.47247
vt 0.74530 0.00000
vt 0.73292 0.47247
vt 0.73334 0.46213
vt 0.74325 0.21445
vt 0.72456 0.00000
vt 0.61348 0.00000
vt 0.73167 0.00000
vt 0.73167 0.00000
vt 0.72456 0.00000
vt 0.72456 0.00000
vt 0.73167 0.00000
vt 0.73167 0.00000
vt 0.72456 0.00000
vt 1.00000 0.00000
vt 0.82001 0.00000
vt 0.61348 0.00000
vt 0.81348 0.00000
vt 0.81348 0.00000
vt 0.80637 0.00000
vt 0.81348 0.00000
vt 0.80637 0.00000
vt 0.80637 0.00000
vt 0.73167 0.00000
vt 0.61348 0.00000
vt 0.73820 0.00000
vt 0.74530 0.00000
vt 0.73820 0.00000
vt 0.73820 0.00000
vt 0.63622 0.00000
vt 0.62911 0.00000
vt 0.62911 0.00000
vt 0.62259 0.00000
vt 0.62259 0.00000
vt 0.60556 0.00000
vt 0.64275 0.00000
vt 0.63622 0.00000
vt 0.61348 0.00000
vt 0.62259 0.00000
vt 0.60556 0.00000
vt 0.61348 0.00000
vt 0.63622 0.00000
vt 0.62911 0.00000
vt 0.61348 0.00000
vt 0.62259 0.00000
vt 0.61348 0.00000
vt 0.62911 0.00000
vt 1.00000 0.00000
vt 1.00000 0.00000
vt 0.82001 0.00000
vt 1.00000 0.00000
vt 0.82001 0.00000
vt 0.82001 0.00000
vt 0.70440 0.00000
vt 0.70440 0.00000
vt 0.69729 0.00000
vt 0.71803 0.00000
vt 0.71093 0.00000
vt 0.71093 0.00000
vt 0.70440 0.00000
vt 0.69729 0.00000
vt 0.61348 0.00000
vt 0.71803 0.00000
vt 0.71803 0.00000
vt 0.71093 0.00000
vt 0.71093 0.00000
vt 0.70440 0.00000
vt 0.61348 0.00000
vt 0.72456 0.00000
vt 0.71803 0.00000
vt 0.61348 0.00000
vt 0.63622 0.00000
vt 0.63622 0.00000
vt 0.62911 0.00000
vt 0.71803 0.00000
vt 0.71093 0.00000
vt 0.61348 0.00000
vt 0.66349 0.00000
vt 0.65638 0.00000
vt 0.65638 0.00000
vt 0.64986 0.00000
vt 0.64986 0.00000
vt 0.64275 0.00000
vt 0.67002 0.00000
vt 0.66349 0.00000
vt 0.61348 0.00000
vt 0.64986 0.00000
vt 0.64275 0.00000
vt 0.64275 0.00000
vt 0.66349 0.00000
vt 0.65638 0.00000
vt 0.61348 0.00000
vt 0.64986 0.00000
vt 0.64275 0.00000
vt 0.61348 0.00000
vt 0.70440 0.00000
vt 0.69729 0.00000
vt 0.69729 0.00000
vt 0.65638 0.00000
vt 0.64986 0.00000
vt 0.61348 0.00000
vt 0.63748 0.47247
vt 0.63789 0.46213
vt 0.64459 0.47247
vt 0.64459 0.47247
vt 0.65111 0.47247
vt 0.59697 0.49458
vt 0.63095 0.47247
vt 0.63748 0.47247
vt 0.59697 0.49458
vt 0.66475 0.47247
vt 0.66516 0.46213
vt 0.67186 0.47247
vt 0.63748 0.47247
vt 0.64459 0.47247
vt 0.59697 0.49458
vt 0.66516 0.46213
vt 0.67227 0.46213
vt 0.67186 0.47247
vt 0.67838 0.47247
vt 0.67880 0.46213
vt 0.68549 0.47247
vt 0.65822 0.47247
vt 0.66475 0.47247
vt 0.59697 0.49458
vt 0.77257 0.00000
vt 0.77257 0.00000
vt 0.76547 0.00000
vt 0.78621 0.00000
vt 0.77910 0.00000
vt 0.77910 0.00000
vt 0.77257 0.00000
vt 0.61348 0.00000
vt 0.77910 0.00000
vt 0.79274 0.00000
vt 0.78621 0.00000
vt 0.61348 0.00000
vt 0.65111 0.47247
vt 0.65153 0.46213
vt 0.65822 0.47247
vt 0.65153 0.46213
vt 0.65863 0.46213
vt 0.65822 0.47247
vt 0.63789 0.46213
vt 0.64500 0.46213
vt 0.64459 0.47247
vt 0.65111 0.47247
vt 0.65822 0.47247
vt 0.59697 0.49458
vt 0.75183 0.00000
vt 0.61348 0.00000
vt 0.75894 0.00000
vt 0.79985 0.00000
vt 0.79274 0.00000
vt 0.79274 0.00000
vt 0.75894 0.00000
vt 0.61348 0.00000
vt 0.76547 0.00000
vt 0.77257 0.00000
vt 0.76547 0.00000
vt 0.76547 0.00000
vt 0.76547 0.00000
vt 0.61348 0.00000
vt 0.77257 0.00000
vt 0.80637 0.00000
vt 0.79985 0.00000
vt 0.61348 0.00000
vt 0.78621 0.00000
vt 0.78621 0.00000
vt 0.77910 0.00000
vt 0.79985 0.00000
vt 0.79274 0.00000
vt 0.61348 0.00000
vt 0.73820 0.00000
vt 0.61348 0.00000
vt 0.74530 0.00000
vt 0.82001 0.00000
vt 0.81348 0.00000
vt 0.61348 0.00000
vt 0.79985 0.00000
vt 0.79985 0.00000
vt 0.79274 0.00000
vt 0.81348 0.00000
vt 0.80637 0.00000
vt 0.61348 0.00000
vt 0.74530 0.00000
vt 0.74530 0.00000
vt 0.73820 0.00000
vt 0.75894 0.00000
vt 0.75183 0.00000
vt 0.75183 0.00000
vt 0.74530 0.00000
vt 0.61348 0.00000
vt 0.75183 0.00000
vt 0.75894 0.00000
vt 0.75894 0.00000
vt 0.75183 0.00000
vt 0.78788 0.46213
vt 0.79499 0.46213
vt 0.79457 0.47247
vt 0.78746 0.47247
vt 0.78788 0.46213
vt 0.79457 0.47247
vt 0.79457 0.47247
vt 0.83479 0.49458
vt 0.78746 0.47247
vt 0.59697 0.49458
vt 0.71276 0.47247
vt 0.83479 0.49458
vt 0.71929 0.47247
vt 0.71970 0.46213
vt 0.72640 0.47247
vt 0.71970 0.46213
vt 0.72681 0.46213
vt 0.72640 0.47247
vt 0.78746 0.47247
vt 0.83479 0.49458
vt 0.78094 0.47247
vt 0.77424 0.46213
vt 0.78135 0.46213
vt 0.78094 0.47247
vt 0.70607 0.46213
vt 0.71318 0.46213
vt 0.71276 0.47247
vt 0.69202 0.47247
vt 0.69913 0.47247
vt 0.59697 0.49458
vt 0.70565 0.47247
vt 0.71276 0.47247
vt 0.59697 0.49458
vt 0.69913 0.47247
vt 0.70565 0.47247
vt 0.59697 0.49458
vt 0.59697 0.49458
vt 0.60409 0.46213
vt 0.60368 0.47247
vt 0.83479 0.47672
vt 0.83479 0.49458
vt 0.80110 0.47247
vt 0.79457 0.47247
vt 0.80110 0.47247
vt 0.83479 0.49458
vt 0.61021 0.47247
vt 0.61062 0.46213
vt 0.61731 0.47247
vt 0.61731 0.47247
vt 0.62384 0.47247
vt 0.59697 0.49458
vt 0.60368 0.47247
vt 0.61021 0.47247
vt 0.59697 0.49458
vt 0.69202 0.47247
vt 0.69243 0.46213
vt 0.69913 0.47247
vt 0.61021 0.47247
vt 0.61731 0.47247
vt 0.59697 0.49458
vt 0.69243 0.46213
vt 0.69954 0.46213
vt 0.69913 0.47247
vt 0.70565 0.47247
vt 0.70607 0.46213
vt 0.71276 0.47247
vt 0.68549 0.47247
vt 0.69202 0.47247
vt 0.59697 0.49458
vt 0.67880 0.46213
vt 0.68590 0.46213
vt 0.68549 0.47247
vt 0.66475 0.47247
vt 0.67186 0.47247
vt 0.59697 0.49458
vt 0.67838 0.47247
vt 0.68549 0.47247
vt 0.59697 0.49458
vt 0.62426 0.46213
vt 0.63136 0.46213
vt 0.63095 0.47247
vt 0.67186 0.47247
vt 0.67838 0.47247
vt 0.59697 0.49458
vt 0.62384 0.47247
vt 0.62426 0.46213
vt 0.63095 0.47247
vt 0.61062 0.46213
vt 0.61773 0.46213
vt 0.61731 0.47247
vt 0.62384 0.47247
vt 0.63095 0.47247
vt 0.59697 0.49458
vt 0.59697 0.54826
vt 0.59697 0.77660
vt 0.59697 0.61901
vt 0.59697 0.77660
vt 0.59697 0.90418
vt 0.92984 0.90418
vt 0.98861 0.23745
vt 0.98863 0.23706
vt 0.92161 0.23706
vt 0.97888 0.44011
vt 0.97370 0.54826
vt 0.97370 0.54826
vt 0.99309 0.14408
vt 0.97785 0.46213
vt 0.99083 0.19120
vt 0.61773 0.46213
vt 0.62813 0.20215
vt 0.62105 0.20139
vt 0.92984 0.90418
vt 0.59697 0.77659
vt 0.83479 0.65016
vt 0.92621 0.65016
vt 0.97370 0.54826
vt 0.92984 0.90418
vt 0.59697 0.77659
vt 0.59697 0.61900
vt 0.83479 0.65016
vt 0.97370 0.54826
vt 0.96357 0.63043
vt 0.92984 0.90418
vt 0.76730 0.47247
vt 0.83479 0.49458
vt 0.76019 0.47247
vt 0.73334 0.46213
vt 0.74045 0.46213
vt 0.74003 0.47247
vt 0.76019 0.47247
vt 0.83479 0.49458
vt 0.75367 0.47247
vt 0.74697 0.46213
vt 0.75408 0.46213
vt 0.75367 0.47247
vt 0.75367 0.47247
vt 0.83479 0.49458
vt 0.74656 0.47247
vt 0.72640 0.47247
vt 0.73292 0.47247
vt 0.83479 0.49458
vt 0.74656 0.47247
vt 0.74697 0.46213
vt 0.75367 0.47247
vt 0.73292 0.47247
vt 0.74003 0.47247
vt 0.83479 0.49458
vt 0.78094 0.47247
vt 0.83479 0.49458
vt 0.77383 0.47247
vt 0.71276 0.47247
vt 0.71929 0.47247
vt 0.83479 0.49458
vt 0.73292 0.47247
vt 0.73334 0.46213
vt 0.74003 0.47247
vt 0.71929 0.47247
vt 0.72640 0.47247
vt 0.83479 0.49458
vt 0.77383 0.47247
vt 0.77424 0.46213
vt 0.78094 0.47247
vt 0.76061 0.46213
vt 0.76772 0.46213
vt 0.76730 0.47247
vt 0.77383 0.47247
vt 0.83479 0.49458
vt 0.76730 0.47247
vt 0.76019 0.47247
vt 0.76061 0.46213
vt 0.76730 0.47247
vt 0.59697 0.61900
vt 0.59697 0.77659
vt 0.59697 0.54826
vt 0.97370 0.54826
vt 0.97370 0.54826
vt 0.92984 0.90418
vt 0.59697 0.54826
vt 0.59697 0.72344
vt 0.59697 0.77660
vt 0.59697 0.77660
vt 0.59697 0.93457
vt 0.59697 0.90418
vt 0.92619 0.93457
vt 0.92984 0.90418
vt 0.59697 0.90418
vt 0.99313 0.14321
vt 0.97785 0.46213
vt 1.00000 0.00000
vt 0.61021 0.47247
vt 0.60368 0.47247
vt 0.62259 0.00000
vt 0.80151 0.46213
vt 0.83479 0.46211
vt 0.83479 0.47672
vt 0.97370 0.54826
vt 0.92621 0.65016
vt 0.92567 0.55054
vt 0.92984 0.90418
vt 0.59697 0.90418
vt 0.59697 0.77659
vt 0.74045 0.46213
vt 0.75033 0.21521
vt 0.74325 0.21445
vt 0.75408 0.46213
vt 0.76390 0.21665
vt 0.75683 0.21590
vt 0.76772 0.46213
vt 0.77748 0.21811
vt 0.77040 0.21735
vt 0.78135 0.46213
vt 0.79106 0.21956
vt 0.78398 0.21880
vt 0.79499 0.46213
vt 0.80464 0.22101
vt 0.79756 0.22025
vt 0.63136 0.46213
vt 0.64171 0.20360
vt 0.63463 0.20284
vt 0.64500 0.46213
vt 0.65529 0.20505
vt 0.65149 0.12233
vt 0.65863 0.46213
vt 0.66886 0.20650
vt 0.66179 0.20574
vt 0.67227 0.46213
vt 0.68244 0.20795
vt 0.67536 0.20719
vt 0.68590 0.46213
vt 0.69602 0.20940
vt 0.68894 0.20865
vt 0.69954 0.46213
vt 0.70960 0.21085
vt 0.70252 0.21010
vt 0.71318 0.46213
vt 0.72317 0.21230
vt 0.71609 0.21155
vt 0.72681 0.46213
vt 0.73675 0.21375
vt 0.72967 0.21300
vt 0.94060 0.81688
vt 0.92984 0.90418
vt 0.92619 0.93457
vt 0.59697 0.72344
vt 0.59697 0.95443
vt 0.59697 0.93457
vt 0.92382 0.95443
vt 0.92619 0.93457
vt 0.59697 0.93457
vt 0.93683 0.44011
vt 0.93656 0.54879
vt 0.93660 0.54827
vt 0.82001 0.00000
vt 1.00000 0.00000
vt 0.90244 0.12954
vt 0.59697 0.90418
vt 0.92984 0.90418
vt 0.92619 0.93457
vt 0.59697 0.90418
vt 0.59697 0.93457
vt 0.59697 0.77659
vt 0.59697 0.77659
vt 0.59697 0.72344
vt 0.59697 0.54826
vt 0.94060 0.81688
vt 0.93488 0.81750
vt 0.93656 0.54879
vt 0.93656 0.54879
vt 0.93488 0.81750
vt 0.93660 0.54827
vt 0.61062 0.46213
vt 0.61021 0.47247
vt 0.62105 0.20139
vt 0.62911 0.00000
vt 0.62105 0.20139
vt 0.62911 0.00000
vt 0.81114 0.22170
vt 0.80151 0.46213
vt 0.80110 0.47247
vt 0.80110 0.47247
vt 0.82001 0.00000
vt 0.81114 0.22170
vt 0.97370 0.54826
vt 0.92984 0.90418
vt 0.97370 0.54826
vt 0.99083 0.19120
vt 0.98861 0.23745
vt 0.92159 0.23745
vt 0.97370 0.54826
vt 0.93656 0.54879
vt 0.93683 0.44011
vt 0.97785 0.46213
vt 0.99313 0.14321
vt 0.98853 0.23920
vt 0.78746 0.47247
vt 0.78094 0.47247
vt 0.79985 0.00000
vt 0.59697 0.93457
vt 0.59697 1.00000
vt 0.59697 0.80883
vt 0.59697 0.80883
vt 0.59697 1.00000
vt 0.59697 0.72344
vt 0.92382 0.95443
vt 0.91817 1.00000
vt 0.94060 0.81688
vt 0.91817 1.00000
vt 0.92382 0.95443
vt 0.59697 0.95443
vt 0.83479 0.46211
vt 0.80151 0.46213
vt 0.81114 0.22170
vt 0.97628 0.49458
vt 0.97370 0.54826
vt 0.92567 0.55054
vt 0.98863 0.23707
vt 0.98863 0.23706
vt 0.97370 0.54826
vt 0.94072 0.81582
vt 0.92984 0.90418
vt 0.97370 0.54826
vt 0.94072 0.81582
vt 0.91817 1.00000
vt 0.92619 0.93457
vt 0.59697 0.93457
vt 0.92619 0.93457
vt 0.91817 1.00000
vt 0.78094 0.47247
vt 0.78135 0.46213
vt 0.79106 0.21956
vt 0.79985 0.00000
vt 0.79985 0.00000
vt 0.79106 0.21956
vt 0.62384 0.47247
vt 0.61731 0.47247
vt 0.63622 0.00000
vt 0.63622 0.00000
vt 0.61731 0.47247
vt 0.62813 0.20215
vt 0.62813 0.20215
vt 0.63622 0.00000
vt 0.63622 0.00000
vt 0.81114 0.22170
vt 0.85735 0.17404
vt 0.84083 0.29563
vt 1.00000 0.00000
vt 0.97785 0.46213
vt 0.90244 0.12954
vt 0.80110 0.47247
vt 0.79457 0.47247
vt 0.81348 0.00000
vt 0.78788 0.46213
vt 0.78746 0.47247
vt 0.79756 0.22025
vt 0.79756 0.22025
vt 0.78746 0.47247
vt 0.80637 0.00000
vt 0.93660 0.54827
vt 0.93488 0.81750
vt 0.93460 0.81579
vt 0.97785 0.46213
vt 0.97628 0.49458
vt 0.92073 0.46212
vt 0.80637 0.00000
vt 0.81348 0.00000
vt 0.80464 0.22101
vt 0.79756 0.22025
vt 0.80464 0.22101
vt 0.79499 0.46213
vt 0.78398 0.21880
vt 0.79106 0.21956
vt 0.78135 0.46213
vt 0.79274 0.00000
vt 0.79985 0.00000
vt 0.79106 0.21956
vt 0.97628 0.49458
vt 0.98853 0.23920
vt 0.98863 0.23707
vt 0.97370 0.54826
vt 0.91496 0.54826
vt 0.97370 0.54826
vt 0.93660 0.54826
vt 0.93460 0.81579
vt 0.94072 0.81582
vt 0.94072 0.81582
vt 0.93460 0.81579
vt 0.93488 0.81750
vt 0.91817 1.00000
vt 0.94072 0.81582
vt 0.94060 0.81688
vt 0.77383 0.47247
vt 0.76730 0.47247
vt 0.78621 0.00000
vt 0.62426 0.46213
vt 0.62384 0.47247
vt 0.63463 0.20284
vt 0.63463 0.20284
vt 0.62384 0.47247
vt 0.64275 0.00000
vt 0.62105 0.20139
vt 0.62813 0.20215
vt 0.61773 0.46213
vt 0.62911 0.00000
vt 0.63622 0.00000
vt 0.62813 0.20215
vt 0.65111 0.47247
vt 0.64459 0.47247
vt 0.66349 0.00000
vt 0.85735 0.17404
vt 0.81114 0.22170
vt 0.82001 0.00000
vt 0.82001 0.00000
vt 0.87992 0.12954
vt 0.85735 0.17404
vt 0.98853 0.23920
vt 0.97628 0.49458
vt 0.97785 0.46213
vt 0.81348 0.00000
vt 0.80464 0.22101
vt 0.81348 0.00000
vt 0.79499 0.46213
vt 0.80464 0.22101
vt 0.79457 0.47247
vt 0.64986 0.00000
vt 0.64986 0.00000
vt 0.64171 0.20360
vt 0.63463 0.20284
vt 0.64171 0.20360
vt 0.63136 0.46213
vt 0.64275 0.00000
vt 0.64986 0.00000
vt 0.64171 0.20360
vt 0.70252 0.21010
vt 0.69243 0.46213
vt 0.69202 0.47247
vt 0.69202 0.47247
vt 0.71093 0.00000
vt 0.70252 0.21010
vt 0.68549 0.47247
vt 0.68590 0.46213
vt 0.69602 0.20940
vt 0.98863 0.23707
vt 0.98853 0.23920
vt 0.92161 0.23706
vt 0.77910 0.00000
vt 0.77040 0.21735
vt 0.77910 0.00000
vt 0.76061 0.46213
vt 0.76019 0.47247
vt 0.77040 0.21735
vt 0.76019 0.47247
vt 0.75367 0.47247
vt 0.77257 0.00000
vt 0.63095 0.47247
vt 0.63136 0.46213
vt 0.64171 0.20360
vt 0.65153 0.46213
vt 0.65111 0.47247
vt 0.66179 0.20574
vt 0.64500 0.46213
vt 0.65529 0.20505
vt 0.64459 0.47247
vt 0.66349 0.00000
vt 0.65529 0.20505
vt 0.66349 0.00000
vt 0.69202 0.47247
vt 0.68549 0.47247
vt 0.70440 0.00000
vt 0.70565 0.47247
vt 0.69913 0.47247
vt 0.71803 0.00000
vt 0.67838 0.47247
vt 0.67186 0.47247
vt 0.69076 0.00000
vt 0.78398 0.21880
vt 0.77424 0.46213
vt 0.77383 0.47247
vt 0.77383 0.47247
vt 0.79274 0.00000
vt 0.78398 0.21880
vt 0.76730 0.47247
vt 0.76772 0.46213
vt 0.77748 0.21811
vt 0.78621 0.00000
vt 0.78621 0.00000
vt 0.77748 0.21811
vt 0.63748 0.47247
vt 0.63095 0.47247
vt 0.64986 0.00000
vt 0.67002 0.00000
vt 0.66179 0.20574
vt 0.67002 0.00000
vt 0.64821 0.20429
vt 0.63789 0.46213
vt 0.63748 0.47247
vt 0.65638 0.00000
vt 0.65638 0.00000
vt 0.64821 0.20429
vt 0.66179 0.20574
vt 0.66886 0.20650
vt 0.65863 0.46213
vt 0.67002 0.00000
vt 0.67713 0.00000
vt 0.66886 0.20650
vt 0.64821 0.20429
vt 0.65529 0.20505
vt 0.64500 0.46213
vt 0.65638 0.00000
vt 0.66349 0.00000
vt 0.65529 0.20505
vt 0.70252 0.21010
vt 0.70960 0.21085
vt 0.69954 0.46213
vt 0.71609 0.21155
vt 0.72317 0.21230
vt 0.71318 0.46213
vt 0.77040 0.21735
vt 0.77748 0.21811
vt 0.76772 0.46213
vt 0.77910 0.00000
vt 0.78621 0.00000
vt 0.77748 0.21811
vt 0.75408 0.46213
vt 0.76390 0.21665
vt 0.75367 0.47247
vt 0.77257 0.00000
vt 0.76390 0.21665
vt 0.77257 0.00000
vt 0.74656 0.47247
vt 0.74003 0.47247
vt 0.75894 0.00000
vt 0.67880 0.46213
vt 0.67838 0.47247
vt 0.68894 0.20865
vt 0.68894 0.20865
vt 0.67838 0.47247
vt 0.69729 0.00000
vt 0.67186 0.47247
vt 0.67227 0.46213
vt 0.68244 0.20795
vt 0.68244 0.20795
vt 0.69076 0.00000
vt 0.69076 0.00000
vt 0.66475 0.47247
vt 0.65822 0.47247
vt 0.67713 0.00000
vt 0.69602 0.20940
vt 0.70440 0.00000
vt 0.70440 0.00000
vt 0.70607 0.46213
vt 0.70565 0.47247
vt 0.71609 0.21155
vt 0.71609 0.21155
vt 0.70565 0.47247
vt 0.72456 0.00000
vt 0.69913 0.47247
vt 0.69954 0.46213
vt 0.70960 0.21085
vt 0.71803 0.00000
vt 0.71803 0.00000
vt 0.70960 0.21085
vt 0.73820 0.00000
vt 0.72967 0.21300
vt 0.73820 0.00000
vt 0.73334 0.46213
vt 0.73292 0.47247
vt 0.74325 0.21445
vt 0.74325 0.21445
vt 0.73292 0.47247
vt 0.75183 0.00000
vt 0.72640 0.47247
vt 0.72681 0.46213
vt 0.73675 0.21375
vt 0.72640 0.47247
vt 0.73675 0.21375
vt 0.74530 0.00000
vt 0.66886 0.20650
vt 0.67713 0.00000
vt 0.67713 0.00000
vt 0.71093 0.00000
vt 0.71803 0.00000
vt 0.70960 0.21085
vt 0.69729 0.00000
vt 0.70440 0.00000
vt 0.69602 0.20940
vt 0.72456 0.00000
vt 0.73167 0.00000
vt 0.72317 0.21230
vt 0.71970 0.46213
vt 0.71929 0.47247
vt 0.72967 0.21300
vt 0.74003 0.47247
vt 0.74045 0.46213
vt 0.75033 0.21521
vt 0.75894 0.00000
vt 0.75894 0.00000
vt 0.75033 0.21521
vt 0.68894 0.20865
vt 0.69602 0.20940
vt 0.68590 0.46213
vt 0.66516 0.46213
vt 0.66475 0.47247
vt 0.67536 0.20719
vt 0.67536 0.20719
vt 0.66475 0.47247
vt 0.68365 0.00000
vt 0.65822 0.47247
vt 0.65863 0.46213
vt 0.66886 0.20650
vt 0.71318 0.46213
vt 0.72317 0.21230
vt 0.71276 0.47247
vt 0.73167 0.00000
vt 0.72317 0.21230
vt 0.73167 0.00000
vt 0.71929 0.47247
vt 0.71276 0.47247
vt 0.73167 0.00000
vt 0.73292 0.47247
vt 0.72640 0.47247
vt 0.74530 0.00000
vt 0.75683 0.21590
vt 0.74697 0.46213
vt 0.74656 0.47247
vt 0.74656 0.47247
vt 0.76547 0.00000
vt 0.75683 0.21590
vt 0.76547 0.00000
vt 0.75683 0.21590
vt 0.76547 0.00000
vt 0.92621 0.56172
vt 0.90244 0.12954
vt 0.92567 0.55054
vt 0.90244 0.12954
vt 0.92073 0.46212
vt 0.92567 0.55054
vt 0.90244 0.12954
vt 0.90244 0.12954
vt 0.87992 0.12954
vt 0.83479 0.65016
vt 0.83479 0.46172
vt 0.92621 0.56172
vt 0.84083 0.29563
vt 0.85735 0.17404
vt 0.87992 0.12954
vt 0.87992 0.12954
vt 0.90244 0.12954
vt 0.92621 0.56172
vt 0.92621 0.56172
vt 0.83479 0.46172
vt 0.87992 0.12954
vt 0.92621 0.56172
vt 0.92567 0.55054
vt 0.92621 0.65016
vt 0.72967 0.21300
vt 0.73675 0.21375
vt 0.72681 0.46213
vt 0.74325 0.21445
vt 0.75033 0.21521
vt 0.74045 0.46213
vt 0.75183 0.00000
vt 0.75894 0.00000
vt 0.75033 0.21521
vt 0.73820 0.00000
vt 0.74530 0.00000
vt 0.73675 0.21375
vt 0.92621 0.56172
vt 0.92621 0.65016
vt 0.83479 0.65016
vt 0.75683 0.21590
vt 0.76390 0.21665
vt 0.75408 0.46213
vt 0.67536 0.20719
vt 0.68244 0.20795
vt 0.67227 0.46213
vt 0.68365 0.00000
vt 0.69076 0.00000
vt 0.68244 0.20795
vt 0.76547 0.00000
vt 0.77257 0.00000
vt 0.76390 0.21665
vt 0.00000 0.00616
vt 0.00003 0.90681
vt 0.00003 0.93942
vt 0.00003 0.93942
vt 0.04241 0.99885
vt 0.00003 0.99885
vt 0.07434 0.99885
vt 0.07434 0.93942
vt 0.04241 0.99885
vt 0.00002 0.75427
vt 0.00003 0.93942
vt 0.00003 0.99885
vt 0.00003 0.90681
vt 0.07434 0.93942
vt 0.00003 0.93942
vt 0.07434 0.93942
vt 0.07434 0.99885
vt 0.04241 0.99885
vt 0.07434 0.93942
vt 0.07434 0.99885
vt 0.07434 0.74685
vt 0.00003 0.90681
vt 0.00002 0.75427
vt 0.00003 0.99885
vt 0.04241 0.99885
vt 0.00003 0.90681
vt 0.00003 0.99885
f 721/3817 734/3818 735/3819
f 736/3820 722/3821 721/3822
f 716/3823 741/3824 717/3825
f 719/3826 729/3827 714/3828
f 725/3829 726/3830 724/3831
f 714/3832 718/3833 719/3834
f 722/3835 720/3836 721/3837
f 723/3838 704/3839 730/3840
f 715/3841 711/3842 722/3843
f 715/3844 704/3845 712/3846
f 773/3847 765/3848 750/3849
f 751/3850 743/3851 766/3852
f 758/3853 751/3854 766/3855
f 752/3856 737/3857 736/3858
f 747/3859 755/3860 756/3861
f 733/3862 744/3863 729/3864
f 736/3865 735/3866 752/3867
f 745/3868 735/3869 734/3870
f 730/3871 722/3872 736/3873
f 730/3874 736/3875 737/3876
f 746/3877 747/3878 748/3879
f 749/3880 742/3881 750/3882
f 737/3883 738/3884 730/3885
f 723/3886 738/3887 726/3888
f 739/3889 742/3890 740/3891
f 717/3892 741/3893 731/3894
f 743/3895 732/3896 742/3897
f 731/3898 740/3899 732/3900
f 717/3901 743/3902 719/3903
f 743/3904 733/3905 719/3906
f 771/3907 742/3908 739/3909
f 763/3910 750/3911 742/3912
f 766/3913 743/3914 765/3915
f 753/3916 755/3917 752/3918
f 769/3919 761/3920 759/3921
f 759/3922 757/3923 760/3924
f 755/3925 746/3926 752/3927
f 785/3928 924/3929 767/3930
f 786/3931 787/3932 775/3933
f 788/3934 789/3935 779/3936
f 783/3937 771/3938 778/3939
f 795/3940 772/3941 783/3942
f 773/3943 784/3944 785/3945
f 768/3946 759/3947 778/3948
f 768/3949 739/3950 727/3951
f 760/3952 782/3953 779/3954
f 759/3955 779/3956 776/3957
f 780/3958 762/3959 770/3960
f 757/3961 781/3962 782/3963
f 773/3964 785/3965 774/3966
f 765/3967 774/3968 766/3969
f 774/3970 767/3971 766/3972
f 775/3973 770/3974 753/3975
f 759/3976 776/3977 777/3978
f 824/3979 825/3980 826/3981
f 789/3982 828/3983 829/3984
f 831/3985 832/3986 833/3987
f 835/3988 836/3989 837/3990
f 807/3991 808/3992 809/3993
f 811/3994 812/3995 813/3996
f 814/3997 788/3998 815/3999
f 816/4000 817/4001 818/4002
f 820/4003 821/4004 822/4005
f 799/4006 800/4007 924/4008
f 775/4009 801/4010 786/4011
f 802/4012 780/4013 787/4014
f 803/4015 804/4016 805/4017
f 790/4018 779/4019 791/4020
f 793/4021 778/4022 880/4023
f 794/4024 783/4025 793/4026
f 795/4027 797/4028 784/4029
f 881/4030 794/4031 793/4032
f 882/4033 784/4034 797/4035
f 798/4036 883/4037 799/4038
f 971/4039 800/4040 923/4041
f 885/4042 886/4043 775/4044
f 886/4045 926/4046 801/4047
f 867/4048 868/4049 869/4050
f 871/4051 872/4052 873/4053
f 873/4054 874/4055 875/4056
f 791/4057 878/4058 790/4059
f 781/4060 879/4061 803/4062
f 853/4063 854/4064 855/4065
f 854/4066 856/4067 855/4068
f 858/4069 859/4070 860/4071
f 860/4072 861/4073 862/4074
f 861/4075 863/4076 862/4077
f 865/4078 866/4079 867/4080
f 839/4081 840/4082 841/4083
f 843/4084 844/4085 845/4086
f 845/4087 846/4088 847/4089
f 846/4090 848/4091 849/4092
f 851/4093 852/4094 853/4095
f 907/4096 830/4097 906/4098
f 831/4099 1172/4100 907/4101
f 834/4102 833/4103 908/4104
f 909/4105 834/4106 908/4107
f 835/4108 1170/4109 909/4110
f 910/4111 837/4112 836/4113
f 911/4114 838/4115 910/4116
f 839/4117 1168/4118 911/4119
f 900/4120 820/4121 1166/4122
f 901/4123 822/4124 821/4125
f 902/4126 823/4127 901/4128
f 824/4129 902/4130 903/4131
f 826/4132 825/4133 904/4134
f 905/4135 827/4136 904/4137
f 905/4138 789/4139 1171/4140
f 906/4141 829/4142 828/4143
f 893/4144 810/4145 892/4146
f 811/4147 893/4148 894/4149
f 788/4150 813/4151 895/4152
f 896/4153 897/4154 816/4155
f 818/4156 817/4157 898/4158
f 899/4159 825/4160 780/4161
f 900/4162 819/4163 898/4164
f 888/4165 959/4166 887/4167
f 880/4168 792/4169 777/4170
f 932/4171 889/4172 876/4173
f 890/4174 805/4175 804/4176
f 891/4177 806/4178 890/4179
f 807/4180 1160/4181 891/4182
f 892/4183 809/4184 808/4185
f 935/4186 892/4187 936/4188
f 937/4189 815/4190 895/4191
f 938/4192 898/4193 939/4194
f 940/4195 901/4196 941/4197
f 942/4198 904/4199 943/4200
f 944/4201 906/4202 945/4203
f 946/4204 908/4205 947/4206
f 948/4207 910/4208 949/4209
f 888/4210 927/4211 928/4212
f 929/4213 927/4214 930/4215
f 887/4216 925/4217 931/4218
f 933/4219 890/4220 934/4221
f 959/4222 877/4223 914/4224
f 915/4225 916/4226 917/4227
f 918/4228 919/4229 794/4230
f 920/4231 921/4232 922/4233
f 970/4234 923/4235 1149/4236
f 840/4237 912/4238 841/4239
f 843/4240 842/4241 912/4242
f 851/4243 850/4244 849/4245
f 858/4246 857/4247 856/4248
f 865/4249 864/4250 863/4251
f 868/4252 913/4253 869/4254
f 871/4255 870/4256 913/4257
f 914/4258 877/4259 875/4260
f 925/4261 1154/4262 931/4263
f 978/4264 916/4265 881/4266
f 978/4267 917/4268 916/4269
f 980/4270 981/4271 982/4272
f 964/4273 983/4274 962/4275
f 925/4276 926/4277 1017/4278
f 974/4279 976/4280 977/4281
f 917/4282 961/4283 915/4284
f 962/4285 963/4286 964/4287
f 965/4288 966/4289 967/4290
f 971/4291 972/4292 924/4293
f 950/4294 912/4295 951/4296
f 952/4297 849/4298 848/4299
f 953/4300 856/4301 954/4302
f 955/4303 863/4304 956/4305
f 957/4306 913/4307 958/4308
f 959/4309 914/4310 960/4311
f 878/4312 1179/4313 790/4314
f 932/4315 1179/4316 878/4317
f 986/4318 1010/4319 987/4320
f 1012/4321 988/4322 968/4323
f 1014/4324 988/4325 1039/4326
f 1014/4327 989/4328 970/4329
f 991/4330 1018/4331 1019/4332
f 985/4333 998/4334 997/4335
f 967/4336 999/4337 984/4338
f 982/4339 1000/4340 1001/4341
f 1002/4342 1003/4343 981/4344
f 1004/4345 1005/4346 1006/4347
f 1007/4348 1008/4349 1009/4350
f 992/4351 885/4352 972/4353
f 1017/4354 973/4355 925/4356
f 1017/4357 974/4358 994/4359
f 995/4360 977/4361 975/4362
f 994/4363 977/4364 996/4365
f 984/4366 985/4367 986/4368
f 990/4369 989/4370 991/4371
f 1014/4372 1016/4373 1017/4374
f 993/4375 1013/4376 1020/4377
f 1000/4378 1024/4379 1001/4380
f 983/4381 1008/4382 1032/4383
f 1031/4384 1009/4385 983/4386
f 1033/4387 1034/4388 1035/4389
f 1036/4390 1011/4391 969/4392
f 1011/4393 1012/4394 968/4395
f 1037/4396 1038/4397 1012/4398
f 1020/4399 1014/4400 1039/4401
f 1022/4402 1036/4403 998/4404
f 1023/4405 1024/4406 999/4407
f 1026/4408 918/4409 1027/4410
f 1006/4411 1028/4412 1029/4413
f 991/4414 1015/4415 992/4416
f 1015/4417 995/4418 992/4419
f 1019/4420 996/4421 995/4422
f 1018/4423 996/4424 1019/4425
f 1078/4426 1079/4427 1059/4428
f 920/4429 1080/4430 1081/4431
f 1063/4432 1082/4433 1083/4434
f 1084/4435 1085/4436 1062/4437
f 1086/4438 1087/4439 1088/4440
f 1064/4441 1089/4442 1090/4443
f 1091/4444 1048/4445 1064/4446
f 1065/4447 1066/4448 919/4449
f 1067/4450 1068/4451 1050/4452
f 1029/4453 1070/4454 1071/4455
f 1028/4456 1068/4457 1029/4458
f 1072/4459 1057/4460 1073/4461
f 1074/4462 1056/4463 1075/4464
f 1060/4465 1076/4466 1077/4467
f 1034/4468 1053/4469 1054/4470
f 1055/4471 1056/4472 1057/4473
f 1058/4474 1059/4475 1060/4476
f 1061/4477 1062/4478 1063/4479
f 1064/4480 1065/4481 919/4482
f 1001/4483 1040/4484 1041/4485
f 1042/4486 1043/4487 1044/4488
f 1045/4489 1003/4490 1042/4491
f 1042/4492 1027/4493 1045/4494
f 1047/4495 1048/4496 918/4497
f 1049/4498 1050/4499 1051/4500
f 1052/4501 1033/4502 1035/4503
f 1127/4504 1113/4505 1128/4506
f 1129/4507 1130/4508 1131/4509
f 1120/4510 1132/4511 1133/4512
f 1119/4513 1085/4514 1120/4515
f 1115/4516 1094/4517 1129/4518
f 1099/4519 1087/4520 1121/4521
f 1073/4522 1079/4523 1072/4524
f 1082/4525 1074/4526 1083/4527
f 1076/4528 1109/4529 1077/4530
f 1111/4531 1124/4532 1110/4533
f 1114/4534 1125/4535 1126/4536
f 1077/4537 1105/4538 1106/4539
f 1107/4540 1108/4541 1109/4542
f 1110/4543 1107/4544 1111/4545
f 1112/4546 1113/4547 1114/4548
f 922/4549 1116/4550 1080/4551
f 1083/4552 1117/4553 1118/4554
f 1088/4555 1119/4556 1120/4557
f 1066/4558 1093/4559 1094/4560
f 1095/4561 1049/4562 1051/4563
f 1052/4564 1096/4565 1097/4566
f 1098/4567 1099/4568 1052/4569
f 1095/4570 1100/4571 1101/4572
f 1102/4573 1054/4574 1095/4575
f 1072/4576 1103/4577 1104/4578
f 800/4579 883/4580 1147/4581
f 1147/4582 923/4583 800/4584
f 921/4585 966/4586 1147/4587
f 1147/4588 883/4589 921/4590
f 1151/4591 1021/4592 997/4593
f 1145/4594 1010/4595 1021/4596
f 1010/4597 1145/4598 1147/4599
f 1145/4600 1146/4601 1147/4602
f 998/4603 969/4604 1150/4605
f 998/4606 1146/4607 997/4608
f 1151/4609 997/4610 1146/4611
f 1145/4612 1021/4613 1151/4614
f 1010/4615 1147/4616 987/4617
f 966/4618 987/4619 1147/4620
f 1124/4621 1138/4622 1139/4623
f 1126/4624 1140/4625 1141/4626
f 1125/4627 1116/4628 1126/4629
f 1143/4630 1128/4631 1124/4632
f 708/4633 741/4634 706/4635
f 710/4636 715/4637 712/4638
f 703/4639 710/4640 712/4641
f 713/4642 728/4643 705/4644
f 713/4645 705/4646 704/4647
f 706/4648 709/4649 703/4650
f 959/4651 960/4652 1156/4653
f 931/4654 1157/4655 887/4656
f 887/4657 1155/4658 802/4659
f 930/4660 887/4661 929/4662
f 888/4663 887/4664 930/4665
f 887/4666 1157/4667 929/4668
f 712/4669 704/4670 705/4671
f 887/4672 959/4673 1155/4674
f 988/4675 1038/4676 1152/4677
f 1153/4678 993/4679 1020/4680
f 1154/4681 993/4682 1153/4683
f 738/4684 748/4685 761/4686
f 713/4687 724/4688 726/4689
f 726/4690 738/4691 761/4692
f 769/4693 727/4694 726/4695
f 726/4696 761/4697 769/4698
f 727/4699 713/4700 726/4701
f 718/4702 716/4703 717/4704
f 714/4705 709/4706 718/4707
f 722/4708 711/4709 720/4710
f 715/4711 722/4712 730/4713
f 723/4714 725/4715 704/4716
f 715/4717 730/4718 704/4719
f 704/4720 725/4721 724/4722
f 1158/4723 728/4724 741/4725
f 708/4726 1158/4727 741/4728
f 704/4729 724/4730 713/4731
f 716/4732 718/4733 709/4734
f 714/4735 707/4736 709/4737
f 715/4738 710/4739 711/4740
f 733/4741 751/4742 744/4743
f 736/4744 721/4745 735/4746
f 745/4747 752/4748 735/4749
f 754/4750 748/4751 756/4752
f 737/4753 746/4754 748/4755
f 747/4756 756/4757 748/4758
f 749/4759 743/4760 742/4761
f 732/4762 740/4763 742/4764
f 743/4765 717/4766 732/4767
f 731/4768 741/4769 740/4770
f 717/4771 731/4772 732/4773
f 721/4774 720/4775 734/4776
f 737/4777 748/4778 738/4779
f 741/4780 727/4781 740/4782
f 727/4783 739/4784 740/4785
f 713/4786 727/4787 728/4788
f 717/4789 719/4790 718/4791
f 719/4792 733/4793 729/4794
f 730/4795 738/4796 723/4797
f 725/4798 723/4799 726/4800
f 728/4801 727/4802 741/4803
f 754/4804 756/4805 762/4806
f 757/4807 754/4808 762/4809
f 772/4810 763/4811 742/4812
f 764/4813 750/4814 763/4815
f 765/4816 773/4817 774/4818
f 759/4819 754/4820 757/4821
f 756/4822 755/4823 762/4824
f 754/4825 759/4826 761/4827
f 747/4828 746/4829 755/4830
f 749/4831 750/4832 765/4833
f 764/4834 773/4835 750/4836
f 751/4837 733/4838 743/4839
f 758/4840 744/4841 751/4842
f 752/4843 746/4844 737/4845
f 752/4846 745/4847 753/4848
f 761/4849 748/4850 754/4851
f 774/4852 785/4853 767/4854
f 775/4855 787/4856 770/4857
f 768/4858 769/4859 759/4860
f 768/4861 771/4862 739/4863
f 771/4864 772/4865 742/4866
f 764/4867 795/4868 773/4869
f 768/4870 727/4871 769/4872
f 770/4873 762/4874 755/4875
f 743/4876 749/4877 765/4878
f 767/4879 758/4880 766/4881
f 753/4882 770/4883 755/4884
f 875/4885 877/4886 889/4887
f 870/4888 1159/4889 873/4890
f 875/4891 791/4892 779/4893
f 869/4894 870/4895 873/4896
f 873/4897 875/4898 779/4899
f 779/4900 803/4901 805/4902
f 805/4903 806/4904 1160/4905
f 805/4906 1160/4907 807/4908
f 786/4909 802/4910 787/4911
f 787/4912 780/4913 770/4914
f 778/4915 759/4916 777/4917
f 778/4918 771/4919 768/4920
f 889/4921 791/4922 875/4923
f 779/4924 782/4925 803/4926
f 795/4927 763/4928 772/4929
f 795/4930 764/4931 763/4932
f 773/4933 795/4934 784/4935
f 785/4936 799/4937 924/4938
f 760/4939 757/4940 782/4941
f 759/4942 760/4943 779/4944
f 757/4945 762/4946 781/4947
f 783/4948 772/4949 771/4950
f 847/4951 779/4952 845/4953
f 841/4954 842/4955 845/4956
f 845/4957 779/4958 841/4959
f 788/4960 818/4961 820/4962
f 818/4963 1166/4964 820/4965
f 841/4966 779/4967 839/4968
f 838/4969 1168/4970 839/4971
f 839/4972 779/4973 837/4974
f 853/4975 855/4976 779/4977
f 809/4978 811/4979 788/4980
f 788/4981 1165/4982 816/4983
f 818/4984 819/4985 1166/4986
f 788/4987 816/4988 818/4989
f 853/4990 779/4991 847/4992
f 847/4993 850/4994 853/4995
f 842/4996 1167/4997 845/4998
f 862/4999 867/5000 779/5001
f 855/5002 857/5003 860/5004
f 860/5005 862/5006 779/5007
f 779/5008 809/5009 788/5010
f 811/5011 813/5012 788/5013
f 809/5014 1162/5015 811/5016
f 855/5017 860/5018 779/5019
f 850/5020 1164/5021 853/5022
f 869/5023 873/5024 779/5025
f 864/5026 1161/5027 867/5028
f 867/5029 869/5030 779/5031
f 779/5032 805/5033 807/5034
f 809/5035 810/5036 1162/5037
f 779/5038 807/5039 809/5040
f 862/5041 864/5042 867/5043
f 857/5044 1163/5045 860/5046
f 795/5047 796/5048 797/5049
f 785/5050 784/5051 798/5052
f 785/5053 798/5054 799/5055
f 799/5056 883/5057 800/5058
f 775/5059 886/5060 801/5061
f 802/5062 1155/5063 780/5064
f 792/5065 778/5066 777/5067
f 788/5068 826/5069 789/5070
f 829/5071 779/5072 789/5073
f 790/5074 776/5075 779/5076
f 793/5077 783/5078 778/5079
f 794/5080 795/5081 783/5082
f 788/5083 822/5084 824/5085
f 826/5086 827/5087 1171/5088
f 788/5089 824/5090 826/5091
f 833/5092 779/5093 831/5094
f 830/5095 1172/5096 831/5097
f 831/5098 779/5099 829/5100
f 826/5101 1171/5102 789/5103
f 829/5104 830/5105 831/5106
f 788/5107 820/5108 822/5109
f 822/5110 823/5111 1169/5112
f 822/5113 1169/5114 824/5115
f 837/5116 838/5117 839/5118
f 834/5119 1170/5120 835/5121
f 837/5122 779/5123 835/5124
f 833/5125 834/5126 835/5127
f 835/5128 779/5129 833/5130
f 845/5131 844/5132 846/5133
f 847/5134 846/5135 849/5136
f 849/5137 850/5138 847/5139
f 851/5140 952/5141 852/5142
f 853/5143 1164/5144 851/5145
f 835/5146 1176/5147 836/5148
f 839/5149 1177/5150 840/5151
f 1167/5152 843/5153 845/5154
f 950/5155 844/5156 843/5157
f 820/5158 1174/5159 821/5160
f 824/5161 903/5162 825/5163
f 789/5164 899/5165 828/5166
f 831/5167 1175/5168 832/5169
f 803/5170 879/5171 804/5172
f 807/5173 1173/5174 808/5175
f 811/5176 894/5177 812/5178
f 814/5179 1165/5180 788/5181
f 816/5182 897/5183 817/5184
f 782/5185 781/5186 803/5187
f 762/5188 879/5189 781/5190
f 880/5191 778/5192 792/5193
f 881/5194 915/5195 794/5196
f 963/5197 882/5198 797/5199
f 797/5200 796/5201 963/5202
f 867/5203 866/5204 868/5205
f 871/5206 957/5207 872/5208
f 873/5209 1159/5210 871/5211
f 873/5212 872/5213 874/5214
f 876/5215 889/5216 877/5217
f 791/5218 932/5219 878/5220
f 860/5221 859/5222 861/5223
f 862/5224 863/5225 864/5226
f 956/5227 863/5228 861/5229
f 865/5230 955/5231 866/5232
f 867/5233 1161/5234 865/5235
f 853/5236 852/5237 854/5238
f 855/5239 856/5240 857/5241
f 954/5242 856/5243 854/5244
f 1163/5245 858/5246 860/5247
f 953/5248 859/5249 858/5250
f 813/5251 812/5252 895/5253
f 895/5254 815/5255 788/5256
f 896/5257 814/5258 815/5259
f 814/5260 896/5261 816/5262
f 937/5263 897/5264 896/5265
f 816/5266 1165/5267 814/5268
f 939/5269 898/5270 817/5271
f 891/5272 1173/5273 807/5274
f 892/5275 810/5276 809/5277
f 808/5278 936/5279 892/5280
f 893/5281 1162/5282 810/5283
f 935/5284 894/5285 893/5286
f 1162/5287 893/5288 811/5289
f 932/5290 791/5291 889/5292
f 804/5293 934/5294 890/5295
f 890/5296 806/5297 805/5298
f 891/5299 1160/5300 806/5301
f 933/5302 1173/5303 891/5304
f 798/5305 921/5306 883/5307
f 971/5308 924/5309 800/5310
f 884/5311 786/5312 801/5313
f 886/5314 975/5315 926/5316
f 802/5317 786/5318 887/5319
f 887/5320 786/5321 884/5322
f 888/5323 932/5324 959/5325
f 859/5326 954/5327 854/5328
f 852/5329 952/5330 848/5331
f 780/5332 859/5333 854/5334
f 852/5335 848/5336 846/5337
f 780/5338 854/5339 852/5340
f 894/5341 808/5342 780/5343
f 937/5344 895/5345 897/5346
f 812/5347 894/5348 780/5349
f 1173/5350 804/5351 780/5352
f 866/5353 956/5354 861/5355
f 859/5356 953/5357 954/5358
f 866/5359 861/5360 780/5361
f 808/5362 1173/5363 780/5364
f 935/5365 936/5366 894/5367
f 894/5368 936/5369 808/5370
f 780/5371 861/5372 859/5373
f 1155/5374 874/5375 872/5376
f 879/5377 762/5378 780/5379
f 933/5380 934/5381 1173/5382
f 804/5383 879/5384 780/5385
f 1155/5386 872/5387 868/5388
f 866/5389 955/5390 956/5391
f 780/5392 868/5393 866/5394
f 934/5395 804/5396 1173/5397
f 818/5398 898/5399 819/5400
f 780/5401 1155/5402 868/5403
f 959/5404 1156/5405 1155/5406
f 872/5407 957/5408 958/5409
f 1155/5410 1156/5411 874/5412
f 872/5413 958/5414 868/5415
f 903/5416 941/5417 821/5418
f 780/5419 1175/5420 828/5421
f 899/5422 942/5423 943/5424
f 780/5425 828/5426 899/5427
f 903/5428 821/5429 780/5430
f 899/5431 943/5432 825/5433
f 825/5434 903/5435 780/5436
f 900/5437 1166/5438 819/5439
f 1174/5440 817/5441 780/5442
f 940/5443 941/5444 903/5445
f 821/5446 1174/5447 780/5448
f 1176/5449 947/5450 832/5451
f 1175/5452 944/5453 945/5454
f 780/5455 1176/5456 832/5457
f 1175/5458 945/5459 828/5460
f 780/5461 832/5462 1175/5463
f 1177/5464 949/5465 836/5466
f 780/5467 840/5468 1177/5469
f 817/5470 897/5471 780/5472
f 938/5473 939/5474 1174/5475
f 1174/5476 939/5477 817/5478
f 780/5479 1177/5480 836/5481
f 1176/5482 946/5483 947/5484
f 780/5485 836/5486 1176/5487
f 780/5488 852/5489 846/5490
f 844/5491 950/5492 951/5493
f 780/5494 846/5495 844/5496
f 897/5497 895/5498 812/5499
f 812/5500 780/5501 897/5502
f 844/5503 951/5504 840/5505
f 1177/5506 948/5507 949/5508
f 780/5509 844/5510 840/5511
f 832/5512 947/5513 908/5514
f 832/5515 908/5516 833/5517
f 909/5518 1170/5519 834/5520
f 946/5521 1176/5522 909/5523
f 909/5524 1176/5525 835/5526
f 836/5527 949/5528 910/5529
f 899/5530 789/5531 905/5532
f 906/5533 830/5534 829/5535
f 828/5536 945/5537 906/5538
f 907/5539 1172/5540 830/5541
f 944/5542 1175/5543 907/5544
f 907/5545 1175/5546 831/5547
f 1169/5548 902/5549 824/5550
f 943/5551 904/5552 825/5553
f 826/5554 904/5555 827/5556
f 905/5557 1171/5558 827/5559
f 905/5560 942/5561 899/5562
f 900/5563 938/5564 1174/5565
f 1174/5566 820/5567 900/5568
f 821/5569 941/5570 901/5571
f 901/5572 823/5573 822/5574
f 902/5575 1169/5576 823/5577
f 940/5578 903/5579 902/5580
f 1087/5581 1098/5582 1035/5583
f 1142/5584 1119/5585 1088/5586
f 1087/5587 1035/5588 794/5589
f 1062/5590 1142/5591 1088/5592
f 1088/5593 1087/5594 794/5595
f 1063/5596 1062/5597 794/5598
f 1034/5599 1122/5600 1102/5601
f 1062/5602 1088/5603 794/5604
f 871/5605 1159/5606 870/5607
f 874/5608 1156/5609 960/5610
f 960/5611 914/5612 874/5613
f 875/5614 874/5615 914/5616
f 959/5617 876/5618 877/5619
f 915/5620 881/5621 916/5622
f 1087/5623 1123/5624 1098/5625
f 912/5626 842/5627 841/5628
f 843/5629 1167/5630 842/5631
f 851/5632 1164/5633 850/5634
f 858/5635 1163/5636 857/5637
f 865/5638 1161/5639 864/5640
f 868/5641 958/5642 913/5643
f 870/5644 869/5645 913/5646
f 910/5647 838/5648 837/5649
f 911/5650 1168/5651 838/5652
f 948/5653 1177/5654 911/5655
f 911/5656 1177/5657 839/5658
f 840/5659 951/5660 912/5661
f 1060/5662 794/5663 1107/5664
f 1137/5665 1076/5666 1060/5667
f 1107/5668 1137/5669 1060/5670
f 915/5671 984/5672 794/5673
f 999/5674 1025/5675 1000/5676
f 999/5677 1000/5678 982/5679
f 1107/5680 794/5681 1111/5682
f 1127/5683 1143/5684 1111/5685
f 1005/5686 1031/5687 964/5688
f 963/5689 796/5690 795/5691
f 1006/5692 1005/5693 794/5694
f 963/5695 795/5696 794/5697
f 1005/5698 964/5699 794/5700
f 963/5701 794/5702 964/5703
f 915/5704 961/5705 984/5706
f 961/5707 985/5708 984/5709
f 1056/5710 1136/5711 1063/5712
f 1135/5713 1073/5714 1057/5715
f 1056/5716 1063/5717 794/5718
f 1059/5719 1135/5720 1057/5721
f 1057/5722 1056/5723 794/5724
f 1060/5725 1059/5726 794/5727
f 1005/5728 1030/5729 1031/5730
f 1059/5731 1057/5732 794/5733
f 1034/5734 1102/5735 1051/5736
f 1050/5737 1069/5738 1028/5739
f 1035/5740 1034/5741 794/5742
f 1050/5743 1028/5744 1006/5745
f 1034/5746 1051/5747 794/5748
f 1050/5749 1006/5750 794/5751
f 1136/5752 1082/5753 1063/5754
f 1051/5755 1050/5756 794/5757
f 1049/5758 1101/5759 1053/5760
f 1053/5761 1033/5762 798/5763
f 1067/5764 1049/5765 798/5766
f 1086/5767 1133/5768 1084/5769
f 1049/5770 1053/5771 798/5772
f 1133/5773 1132/5774 1084/5775
f 1061/5776 1118/5777 1075/5778
f 1121/5779 1086/5780 798/5781
f 1066/5782 1134/5783 1081/5784
f 918/5785 1091/5786 919/5787
f 1066/5788 794/5789 919/5790
f 1027/5791 918/5792 794/5793
f 1033/5794 1097/5795 1121/5796
f 1097/5797 1096/5798 1121/5799
f 1101/5800 1100/5801 1053/5802
f 1033/5803 1121/5804 798/5805
f 1114/5806 794/5807 1080/5808
f 981/5809 1045/5810 1027/5811
f 1080/5812 794/5813 1081/5814
f 1134/5815 1115/5816 1081/5817
f 1081/5818 794/5819 1066/5820
f 982/5821 981/5822 794/5823
f 918/5824 1092/5825 1091/5826
f 981/5827 1027/5828 794/5829
f 1111/5830 794/5831 1113/5832
f 984/5833 999/5834 794/5835
f 981/5836 1046/5837 1045/5838
f 999/5839 982/5840 794/5841
f 1113/5842 1127/5843 1111/5844
f 1144/5845 1125/5846 1114/5847
f 1113/5848 794/5849 1114/5850
f 1080/5851 1144/5852 1114/5853
f 1041/5854 1040/5855 1023/5856
f 980/5857 1041/5858 1023/5859
f 1023/5860 921/5861 980/5862
f 798/5863 1108/5864 921/5865
f 1110/5866 1139/5867 1178/5868
f 1139/5869 1138/5870 1178/5871
f 980/5872 921/5873 1002/5874
f 1044/5875 1043/5876 1002/5877
f 1106/5878 1105/5879 1108/5880
f 1055/5881 1078/5882 798/5883
f 1058/5884 1108/5885 798/5886
f 1078/5887 1058/5888 798/5889
f 798/5890 784/5891 882/5892
f 966/5893 921/5894 967/5895
f 1023/5896 967/5897 921/5898
f 962/5899 1032/5900 1007/5901
f 1007/5902 1004/5903 798/5904
f 882/5905 962/5906 798/5907
f 1055/5908 1104/5909 1078/5910
f 962/5911 1007/5912 798/5913
f 1104/5914 1103/5915 1078/5916
f 1058/5917 1106/5918 1108/5919
f 1075/5920 1055/5921 798/5922
f 1118/5923 1117/5924 1075/5925
f 1086/5926 1084/5927 798/5928
f 1061/5929 1075/5930 798/5931
f 1071/5932 1070/5933 1067/5934
f 1084/5935 1061/5936 798/5937
f 1004/5938 1071/5939 1067/5940
f 1032/5941 1008/5942 1007/5943
f 1004/5944 1067/5945 798/5946
f 885/5947 975/5948 886/5949
f 975/5950 976/5951 926/5952
f 888/5953 930/5954 927/5955
f 887/5956 884/5957 925/5958
f 876/5959 959/5960 932/5961
f 933/5962 891/5963 890/5964
f 970/5965 992/5966 923/5967
f 1149/5968 968/5969 970/5970
f 992/5971 971/5972 923/5973
f 884/5974 801/5975 926/5976
f 1047/5977 921/5978 1065/5979
f 1141/5980 1140/5981 922/5982
f 1065/5983 921/5984 1093/5985
f 1131/5986 1130/5987 1093/5988
f 1093/5989 921/5990 920/5991
f 1178/5992 1112/5993 921/5994
f 920/5995 1131/5996 1093/5997
f 1112/5998 922/5999 921/6000
f 1002/6001 921/6002 1026/6003
f 1108/6004 1110/6005 921/6006
f 1112/6007 1141/6008 922/6009
f 1110/6010 1178/6011 921/6012
f 1026/6013 1044/6014 1002/6015
f 1090/6016 1089/6017 1047/6018
f 1026/6019 921/6020 1047/6021
f 1065/6022 1090/6023 1047/6024
f 971/6025 992/6026 972/6027
f 925/6028 884/6029 926/6030
f 885/6031 995/6032 975/6033
f 975/6034 977/6035 976/6036
f 974/6037 926/6038 976/6039
f 917/6040 1022/6041 961/6042
f 962/6043 882/6044 963/6045
f 965/6046 987/6047 966/6048
f 968/6049 1149/6050 969/6051
f 970/6052 990/6053 992/6054
f 950/6055 843/6056 912/6057
f 952/6058 851/6059 849/6060
f 953/6061 858/6062 856/6063
f 955/6064 865/6065 863/6066
f 957/6067 871/6068 913/6069
f 935/6070 893/6071 892/6072
f 937/6073 896/6074 815/6075
f 938/6076 900/6077 898/6078
f 940/6079 902/6080 901/6081
f 942/6082 905/6083 904/6084
f 944/6085 907/6086 906/6087
f 946/6088 909/6089 908/6090
f 948/6091 911/6092 910/6093
f 1017/6094 926/6095 974/6096
f 995/6097 996/6098 977/6099
f 994/6100 974/6101 977/6102
f 1154/6103 973/6104 993/6105
f 985/6106 961/6107 998/6108
f 990/6109 970/6110 989/6111
f 990/6112 991/6113 992/6114
f 992/6115 995/6116 885/6117
f 1017/6118 1016/6119 973/6120
f 973/6121 1016/6122 993/6123
f 1032/6124 962/6125 983/6126
f 1031/6127 983/6128 964/6129
f 986/6130 965/6131 967/6132
f 967/6133 984/6134 986/6135
f 988/6136 970/6137 968/6138
f 932/6139 888/6140 928/6141
f 925/6142 973/6143 1154/6144
f 1022/6145 917/6146 979/6147
f 980/6148 1002/6149 981/6150
f 991/6151 1019/6152 1015/6153
f 1015/6154 1019/6155 995/6156
f 994/6157 1018/6158 1017/6159
f 1018/6160 994/6161 996/6162
f 987/6163 965/6164 986/6165
f 1011/6166 968/6167 969/6168
f 1012/6169 1038/6170 988/6171
f 1014/6172 970/6173 988/6174
f 1014/6175 1018/6176 989/6177
f 991/6178 989/6179 1018/6180
f 1002/6181 1043/6182 1003/6183
f 1046/6184 981/6185 1003/6186
f 1004/6187 1007/6188 1005/6189
f 1005/6190 1007/6191 1009/6192
f 1009/6193 1030/6194 1005/6195
f 986/6196 1021/6197 1010/6198
f 961/6199 1022/6200 998/6201
f 967/6202 1023/6203 999/6204
f 1041/6205 980/6206 1001/6207
f 1001/6208 980/6209 982/6210
f 993/6211 1016/6212 1013/6213
f 1022/6214 1011/6215 1036/6216
f 1000/6217 1025/6218 1024/6219
f 1001/6220 1024/6221 1040/6222
f 1042/6223 1003/6224 1043/6225
f 1045/6226 1046/6227 1003/6228
f 1011/6229 979/6230 1012/6231
f 988/6232 1152/6233 1039/6234
f 1020/6235 1013/6236 1014/6237
f 1014/6238 1013/6239 1016/6240
f 1018/6241 1014/6242 1017/6243
f 1026/6244 1047/6245 918/6246
f 1071/6247 1004/6248 1029/6249
f 1029/6250 1004/6251 1006/6252
f 983/6253 1009/6254 1008/6255
f 1031/6256 1030/6257 1009/6258
f 1033/6259 1053/6260 1034/6261
f 1021/6262 986/6263 985/6264
f 985/6265 997/6266 1021/6267
f 979/6268 1011/6269 1022/6270
f 999/6271 1024/6272 1025/6273
f 1040/6274 1024/6275 1023/6276
f 1069/6277 1050/6278 1068/6279
f 1029/6280 1068/6281 1070/6282
f 1028/6283 1069/6284 1068/6285
f 1072/6286 1104/6287 1055/6288
f 1055/6289 1057/6290 1072/6291
f 1075/6292 1117/6293 1074/6294
f 1012/6295 979/6296 1037/6297
f 1091/6298 1064/6299 919/6300
f 1090/6301 1065/6302 1064/6303
f 1065/6304 1093/6305 1066/6306
f 1067/6307 1070/6308 1068/6309
f 1097/6310 1033/6311 1052/6312
f 1100/6313 1054/6314 1053/6315
f 1034/6316 1054/6317 1122/6318
f 1055/6319 1075/6320 1056/6321
f 1058/6322 1078/6323 1059/6324
f 1061/6325 1084/6326 1062/6327
f 1042/6328 1044/6329 1026/6330
f 1026/6331 1027/6332 1042/6333
f 1047/6334 1089/6335 1048/6336
f 1092/6337 918/6338 1048/6339
f 1049/6340 1067/6341 1050/6342
f 1098/6343 1052/6344 1035/6345
f 1095/6346 1101/6347 1049/6348
f 1051/6349 1102/6350 1095/6351
f 1052/6352 1099/6353 1096/6354
f 1098/6355 1123/6356 1099/6357
f 1095/6358 1054/6359 1100/6360
f 1102/6361 1122/6362 1054/6363
f 1072/6364 1079/6365 1103/6366
f 1077/6367 1109/6368 1105/6369
f 1064/6370 1048/6371 1089/6372
f 1091/6373 1092/6374 1048/6375
f 1130/6376 1094/6377 1093/6378
f 1066/6379 1094/6380 1134/6381
f 920/6382 922/6383 1080/6384
f 1118/6385 1061/6386 1083/6387
f 1083/6388 1061/6389 1063/6390
f 1084/6391 1132/6392 1085/6393
f 1085/6394 1142/6395 1062/6396
f 1086/6397 1121/6398 1087/6399
f 1074/6400 1136/6401 1056/6402
f 1106/6403 1058/6404 1077/6405
f 1077/6406 1058/6407 1060/6408
f 1078/6409 1103/6410 1079/6411
f 1135/6412 1059/6413 1079/6414
f 1143/6415 1124/6416 1111/6417
f 1141/6418 1112/6419 1126/6420
f 1126/6421 1112/6422 1114/6423
f 1178/6424 1138/6425 1128/6426
f 1178/6427 1128/6428 1113/6429
f 1099/6430 1123/6431 1087/6432
f 1073/6433 1135/6434 1079/6435
f 1082/6436 1136/6437 1074/6438
f 1076/6439 1137/6440 1109/6441
f 1139/6442 1110/6443 1124/6444
f 922/6445 1140/6446 1116/6447
f 1144/6448 1080/6449 1116/6450
f 1083/6451 1074/6452 1117/6453
f 1133/6454 1086/6455 1120/6456
f 1120/6457 1086/6458 1088/6459
f 1121/6460 1096/6461 1099/6462
f 1105/6463 1109/6464 1108/6465
f 1107/6466 1109/6467 1137/6468
f 1110/6469 1108/6470 1107/6471
f 1112/6472 1178/6473 1113/6474
f 1129/6475 1131/6476 920/6477
f 920/6478 1081/6479 1129/6480
f 1115/6481 1129/6482 1081/6483
f 1148/6484 1150/6485 969/6486
f 998/6487 1036/6488 969/6489
f 998/6490 1150/6491 1146/6492
f 923/6493 1147/6494 1148/6495
f 1145/6496 1151/6497 1146/6498
f 1146/6499 1150/6500 1148/6501
f 1148/6502 1147/6503 1146/6504
f 1148/6505 969/6506 1149/6507
f 1124/6508 1128/6509 1138/6510
f 1126/6511 1116/6512 1140/6513
f 1125/6514 1144/6515 1116/6516
f 1143/6517 1127/6518 1128/6519
f 1148/6520 1149/6521 923/6522
f 1129/6523 1094/6524 1130/6525
f 1120/6526 1085/6527 1132/6528
f 1119/6529 1142/6530 1085/6531
f 1115/6532 1134/6533 1094/6534
f 741/6535 716/6536 706/6537
f 706/6538 703/6539 702/6540
f 707/6541 710/6542 703/6543
f 708/6544 706/6545 702/6546
f 716/6547 709/6548 706/6549
f 709/6550 707/6551 703/6552
f 710/6553 707/6554 711/6555
f 712/6556 705/6557 702/6558
f 703/6559 712/6560 702/6561
o Mag
g Mag
usemtl GripRose
v 0.06265 0.59021 -0.61223
v 0.06265 0.59021 -0.64027
v 0.06265 0.59830 -0.62625
v 0.06265 0.56593 -0.62625
v 0.06265 0.57403 -0.61223
v 0.06265 0.57403 -0.64027
v -0.04586 0.66486 -1.10792
v -0.00571 0.45314 -0.44304
v -0.03657 0.66486 -0.44304
v -0.03002 0.66486 -0.74229
v 0.04798 0.60604 -0.75621
v 0.04799 0.56718 -0.70166
v 0.04799 0.56718 -0.50401
v 0.04799 0.61624 -1.10792
v 0.04799 0.66486 -0.70166
v 0.04799 0.66486 -1.10792
v 0.04799 0.66486 -0.78291
v 0.04799 0.66486 -0.74229
v 0.04799 0.66486 -0.50401
v 0.04630 0.66486 -0.70166
v 0.04630 0.66486 -0.78291
v 0.04630 0.66486 -0.50401
v 0.04630 0.66486 -0.74229
v 0.03626 0.62221 -1.10792
v 0.00428 0.41078 -0.44304
v -0.02224 0.59752 -1.10792
v -0.02224 0.59752 -0.66057
v -0.05760 0.59021 -0.61223
v -0.05760 0.59021 -0.64027
v -0.05760 0.59830 -0.62625
v -0.05760 0.56593 -0.62625
v -0.05760 0.57403 -0.61223
v -0.05760 0.57403 -0.64027
v -0.03473 0.57075 -0.73968
v -0.03473 0.49257 -0.66057
v -0.03473 0.40890 -0.60872
v -0.03473 0.37435 -0.64444
v -0.03473 0.44272 -0.61801
v -0.03473 0.33880 -0.50848
v -0.03473 0.39793 -0.63832
v -0.03473 0.44420 -0.64212
v -0.03473 0.33188 -0.44304
v -0.03473 0.35396 -0.50848
v -0.03473 0.37135 -0.57850
v -0.03473 0.34704 -0.44304
v -0.03473 0.48806 -0.61391
v -0.03473 0.55450 -0.54415
v -0.03473 0.52305 -0.58529
v 0.02514 0.58394 -1.10792
v 0.02604 0.56764 -0.75443
v 0.02514 0.54865 -0.48385
v 0.02514 0.54865 -0.72489
v -0.03326 0.58394 -1.10792
v -0.03400 0.56739 -0.75448
v -0.03326 0.54865 -0.44304
v -0.03326 0.54865 -0.72489
v 0.02752 0.66486 -0.44304
v 0.02661 0.57075 -0.73968
v 0.02661 0.49183 -0.66018
v 0.02661 0.34048 -0.51999
v 0.02661 0.42646 -0.61679
v 0.02661 0.43223 -0.63938
v 0.02661 0.33188 -0.44304
v 0.02661 0.37525 -0.64339
v 0.02661 0.35396 -0.50848
v 0.02661 0.37135 -0.57850
v 0.02661 0.34704 -0.44304
v 0.02661 0.48806 -0.61391
v 0.02661 0.55450 -0.54415
v 0.02661 0.52305 -0.58529
v 0.01412 0.59752 -1.10792
v 0.01412 0.59752 -0.66057
v -0.04438 0.62221 -1.10792
v -0.04438 0.62221 -0.66057
v -0.05442 0.66486 -0.48342
v -0.05442 0.66486 -0.70166
v -0.05442 0.66486 -0.44304
v -0.05442 0.66486 -0.78291
v -0.05442 0.66486 -0.50401
v -0.05442 0.66486 -0.74229
v -0.05611 0.61966 -0.44304
v -0.05611 0.60604 -0.75621
v -0.05611 0.56718 -0.70166
v -0.05611 0.56718 -0.44304
v -0.05611 0.61624 -1.10792
v -0.05611 0.66486 -0.48342
v -0.05611 0.66486 -0.70166
v -0.05611 0.66486 -1.10792
v -0.05611 0.66486 -0.78291
v -0.05611 0.66486 -0.50401
v -0.05611 0.66486 -0.74229
v 0.03611 0.66486 -0.44304
v 0.00243 0.66486 -0.44304
v 0.03774 0.66486 -1.10792
v 0.03626 0.62221 -0.66057
v -0.02698 0.55769 -0.44304
v 0.01886 0.41078 -0.44304
v 0.01886 0.42699 -0.44304
v 0.01886 0.44328 -0.44734
v 0.01886 0.44564 -0.44304
v 0.01886 0.39614 -0.50434
v 0.01886 0.45314 -0.44304
v 0.01886 0.55769 -0.44304
v 0.01886 0.55692 -0.45229
v 0.01886 0.38027 -0.49768
v 0.01886 0.41069 -0.47342
v 0.01886 0.44300 -0.44304
v 0.01886 0.39656 -0.45547
v -0.01128 0.54865 -0.44304
v 0.02514 0.54865 -0.44304
v 0.06606 0.56718 -0.48342
v 0.06606 0.56718 -0.44304
v 0.06606 0.66486 -0.48342
v 0.06606 0.66486 -0.44304
v -0.00406 0.59691 -1.10792
v -0.00406 0.59691 -0.66057
v -0.01704 0.66486 -0.48342
v -0.01704 0.66486 -0.70166
v 0.00505 0.66486 -0.60284
v 0.02064 0.66486 -0.74229
v 0.03236 0.66486 -0.49371
v 0.01886 0.53947 -0.44304
v -0.02698 0.41078 -0.44304
v -0.02698 0.44328 -0.44734
v -0.02698 0.39614 -0.50434
v -0.02698 0.53947 -0.44304
v -0.02698 0.45314 -0.44304
v -0.02698 0.55692 -0.45229
v -0.02698 0.38027 -0.49768
v -0.02698 0.41069 -0.47342
v -0.02698 0.44300 -0.44304
v -0.02698 0.39656 -0.45547
v -0.05611 0.66486 -0.44304
vt 0.61102 1.00000
vt 0.61102 1.00000
vt 0.54992 1.00000
vt 0.00000 0.79594
vt 0.67282 0.79594
vt 0.67282 0.79776
vt 0.00000 0.79776
vt 0.67282 0.79776
vt 0.67282 0.87191
vt 0.54992 1.00000
vt 0.48882 1.00000
vt 0.52898 0.82335
vt 0.48882 1.00000
vt 0.00000 1.00000
vt 0.00000 0.85399
vt 0.48882 1.00000
vt 0.00000 1.00000
vt 0.00000 1.00000
vt 0.54992 1.00000
vt 0.48882 1.00000
vt 0.48882 1.00000
vt 0.00000 0.75699
vt 0.00000 0.79594
vt 0.00000 0.79776
vt 0.57609 0.65100
vt 0.53158 0.70726
vt 0.52898 0.82335
vt 0.00000 1.00000
vt 0.00000 1.00000
vt 0.00000 0.87191
vt 0.00000 0.75699
vt 0.00000 0.79776
vt 0.00000 0.85399
vt 0.00000 0.87191
vt 0.00000 1.00000
vt 0.00000 0.85399
vt 0.00000 0.75699
vt 0.00000 0.85399
vt 0.52898 0.82335
vt 0.61102 1.00000
vt 0.61102 1.00000
vt 0.54992 1.00000
vt 0.61102 1.00000
vt 0.61102 0.70664
vt 0.52898 0.82335
vt 0.90830 1.00000
vt 0.90830 1.00000
vt 0.92378 1.00000
vt 0.93926 0.70664
vt 0.93926 1.00000
vt 0.90830 1.00000
vt 0.53166 0.70801
vt 0.00000 0.75699
vt 0.53158 0.70726
vt 0.93926 1.00000
vt 0.93926 1.00000
vt 0.90830 1.00000
vt 0.75966 1.00000
vt 0.92378 1.00000
vt 1.00000 1.00000
vt 0.00000 0.79776
vt 0.00000 0.75699
vt 0.00000 0.75699
vt 0.00000 0.79594
vt 0.00000 0.75699
vt 0.00000 0.79776
vt 0.00000 0.85399
vt 0.00000 1.00000
vt 0.00000 0.87191
vt 0.00000 1.00000
vt 0.00000 1.00000
vt 0.00000 0.87191
vt 0.00000 0.85399
vt 0.00000 0.87191
vt 0.00000 0.79776
vt 0.52898 0.82335
vt 0.00000 0.85399
vt 0.00000 0.75699
vt 0.00000 0.75699
vt 0.00000 0.75699
vt 0.53166 0.70801
vt 0.61102 1.00000
vt 0.54992 1.00000
vt 0.52898 0.82335
vt 0.54992 1.00000
vt 0.54992 1.00000
vt 0.61102 1.00000
vt 0.93926 1.00000
vt 0.93926 1.00000
vt 0.90830 1.00000
vt 0.90830 1.00000
vt 0.93926 1.00000
vt 1.00000 0.70664
vt 0.61102 1.00000
vt 0.90830 1.00000
vt 1.00000 0.70664
vt 0.90830 1.00000
vt 0.90830 1.00000
vt 0.61102 1.00000
vt 0.61102 1.00000
vt 0.54992 1.00000
vt 0.54992 1.00000
vt 0.61102 0.70664
vt 1.00000 0.70664
vt 0.57609 0.65100
vt 0.75966 1.00000
vt 0.90830 1.00000
vt 0.61102 1.00000
vt 0.90830 0.70664
vt 0.90830 1.00000
vt 0.61102 1.00000
vt 0.61102 1.00000
vt 0.90830 1.00000
vt 0.90830 1.00000
vt 0.57609 0.65100
vt 0.93861 0.65100
vt 0.57609 0.65100
vt 0.61102 0.70664
vt 0.57609 0.65100
vt 0.93861 0.65100
vt 0.61102 1.00000
vt 0.90830 1.00000
vt 0.92378 1.00000
vt 0.67282 0.79776
vt 0.67282 0.79594
vt 0.00000 0.79594
vt 0.67282 0.87191
vt 0.67282 0.79776
vt 0.00000 0.79776
vt 0.57609 0.65100
vt 0.61102 0.70664
vt 0.52898 0.82335
vt 0.61102 1.00000
vt 0.54992 1.00000
vt 0.54992 1.00000
vt 0.57609 0.65100
vt 0.53166 0.70801
vt 0.53158 0.70726
vt 0.57609 0.65100
vt 0.52898 0.82335
vt 0.61102 0.70664
vt 0.61102 1.00000
vt 0.54992 1.00000
vt 0.54992 1.00000
vt 0.61102 1.00000
vt 0.52898 0.82335
vt 0.54992 1.00000
vt 0.48882 1.00000
vt 0.00000 1.00000
vt 0.48882 1.00000
vt 0.54992 1.00000
vt 0.48882 1.00000
vt 0.54992 1.00000
vt 0.00000 0.79776
vt 0.67282 0.87191
vt 0.00000 0.87191
vt 0.00000 0.87191
vt 0.67282 0.87191
vt 0.00000 1.00000
vt 0.48882 1.00000
vt 0.00000 0.85399
vt 0.52898 0.82335
vt 0.52898 0.82335
vt 0.00000 0.75699
vt 0.53166 0.70801
vt 0.54992 1.00000
vt 0.52898 0.82335
vt 0.48882 1.00000
vt 0.48882 1.00000
vt 0.00000 0.85399
vt 0.00000 1.00000
vt 0.48882 1.00000
vt 0.00000 1.00000
vt 0.00000 1.00000
vt 0.54992 1.00000
vt 0.48882 1.00000
vt 0.48882 1.00000
vt 0.61102 1.00000
vt 0.54992 1.00000
vt 0.54992 1.00000
vt 0.00000 0.79594
vt 0.67282 0.79776
vt 0.00000 0.79776
vt 0.00000 0.87191
vt 0.00000 0.85399
vt 0.00000 0.79776
vt 0.00000 0.75699
vt 0.52898 0.82335
vt 0.53158 0.70726
vt 0.67282 0.79776
vt 0.00000 0.79594
vt 0.00000 0.79776
vt 0.67282 0.87191
vt 0.00000 0.79776
vt 0.00000 0.87191
vt 0.67282 0.87191
vt 0.00000 0.87191
vt 0.00000 1.00000
vt 0.61102 1.00000
vt 0.54992 1.00000
vt 0.75966 1.00000
vt 0.61102 1.00000
vt 0.90830 1.00000
vt 0.61102 1.00000
vt 0.61102 0.70664
vt 0.93861 0.65100
vt 0.90830 0.70664
vt 0.61102 1.00000
vt 0.92378 1.00000
vt 0.75966 1.00000
vt 1.00000 1.00000
vt 0.93926 1.00000
vt 0.75966 1.00000
vt 0.90830 0.70664
vt 0.93861 0.65100
vt 0.93926 0.70664
vt 0.48882 1.00000
vt 0.52898 0.82335
vt 0.00000 0.85399
vt 0.48882 1.00000
vt 0.48882 1.00000
vt 0.00000 1.00000
vt 0.54992 1.00000
vt 0.54992 1.00000
vt 0.48882 1.00000
vt 0.00000 0.75699
vt 0.00000 0.85399
vt 0.00000 0.79776
vt 0.54992 1.00000
vt 0.61102 1.00000
vt 0.75966 1.00000
vt 0.93926 1.00000
vt 0.90830 1.00000
vt 0.90830 1.00000
vt 0.61102 1.00000
vt 0.54992 1.00000
vt 0.61102 1.00000
vt 0.61102 1.00000
vt 0.52898 0.82335
vt 0.61102 0.70664
vt 0.93926 0.70664
vt 0.90830 1.00000
vt 0.90830 0.70664
vt 0.93926 1.00000
vt 0.90830 1.00000
vt 0.75966 1.00000
vt 1.00000 0.70664
vt 1.00000 0.65100
vt 0.57609 0.65100
vt 0.61102 1.00000
vt 1.00000 0.70664
vt 0.61102 0.70664
vt 0.90830 1.00000
vt 0.61102 1.00000
vt 0.61102 1.00000
vt 0.75966 1.00000
vt 0.61102 1.00000
vt 0.61102 1.00000
vt 0.90830 0.70664
vt 0.61102 1.00000
vt 0.61102 0.70664
vt 0.57609 0.65100
vt 0.53166 0.70801
vt 0.57609 0.65100
vt 0.57609 0.65100
vt 0.52898 0.82335
vt 0.53166 0.70801
vt 0.90158 0.06631
vt 0.90158 0.02078
vt 0.69709 0.12754
vt 0.79626 0.11854
vt 0.79626 0.11854
vt 0.75080 0.23129
vt 0.79626 0.11854
vt 0.75080 0.23129
vt 0.73868 0.28403
vt 0.88426 0.02583
vt 0.90158 0.06631
vt 0.79626 0.11854
vt 0.90158 0.06631
vt 0.69709 0.12754
vt 0.79626 0.11854
vt 0.90158 0.02078
vt 0.88426 0.02583
vt 0.69709 0.12754
vt 0.69867 0.13026
vt 0.70628 0.19836
vt 0.69709 0.12754
vt 0.88426 0.02583
vt 0.79626 0.11854
vt 0.69867 0.13026
vt 0.73868 0.28403
vt 0.75080 0.23129
vt 0.73683 0.33286
vt 0.73868 0.28403
vt 0.74301 0.46903
vt 0.74301 0.46903
vt 0.73868 0.28403
vt 0.73683 0.33286
vt 0.74301 0.46903
vt 0.70628 0.19836
vt 0.69867 0.13026
vt 0.70470 0.30138
vt 0.79626 0.11854
vt 0.70628 0.19836
vt 0.75080 0.23129
vt 0.70058 0.33731
vt 0.70470 0.30138
vt 0.67342 0.48036
vt 0.90158 0.06631
vt 0.79626 0.11854
vt 0.79626 0.11854
vt 0.90158 0.06631
vt 0.90158 0.06631
vt 0.79626 0.11854
vt 0.67342 0.48036
vt 0.84792 0.66856
vt 0.55384 0.71737
vt 0.67283 0.48259
vt 0.55384 0.71737
vt 0.55384 0.71737
vt 0.67283 0.48259
vt 0.67342 0.48036
vt 0.55384 0.71737
vt 0.78605 0.57412
vt 0.55384 0.71737
vt 0.84792 0.66856
vt 0.70628 0.19836
vt 0.70470 0.30138
vt 0.70058 0.33731
vt 0.67342 0.48036
vt 0.74301 0.46903
vt 0.78605 0.57412
vt 0.70470 0.30138
vt 0.73868 0.28403
vt 0.74301 0.46903
vt 0.70470 0.30138
vt 0.74301 0.46903
vt 0.67342 0.48036
vt 0.70058 0.33731
vt 0.67342 0.48036
vt 0.67283 0.48259
vt 0.73683 0.33286
vt 0.70058 0.33731
vt 0.67283 0.48259
vt 0.73683 0.33286
vt 0.67283 0.48259
vt 0.74301 0.46903
vt 0.78605 0.57412
vt 0.67283 0.48259
vt 0.55384 0.71737
vt 0.75080 0.23129
vt 0.70628 0.19836
vt 0.70058 0.33731
vt 0.69709 0.12754
vt 0.88426 0.02583
vt 0.69867 0.13026
vt 0.79626 0.11854
vt 0.69709 0.12754
vt 0.70628 0.19836
vt 0.74301 0.46903
vt 0.67283 0.48259
vt 0.78605 0.57412
vt 0.74301 0.46903
vt 0.74301 0.46903
vt 0.78605 0.57412
vt 0.74301 0.46903
vt 0.78605 0.57412
vt 0.78605 0.57412
vt 0.84792 0.66856
vt 0.84792 0.66856
vt 0.55384 0.71737
vt 0.84792 0.66856
vt 0.55384 0.71737
vt 0.55384 0.71737
vt 0.78605 0.57412
vt 0.78605 0.57412
vt 0.84792 0.66856
vt 0.78605 0.57412
vt 0.84792 0.66856
vt 0.84792 0.66856
vt 0.67342 0.48036
vt 0.78605 0.57412
vt 0.84792 0.66856
vt 0.69867 0.13026
vt 0.73868 0.28403
vt 0.70470 0.30138
vt 0.69867 0.13026
vt 0.79626 0.11854
vt 0.73868 0.28403
vt 0.75080 0.23129
vt 0.70058 0.33731
vt 0.73683 0.33286
vt 0.95431 0.23668
vt 0.95431 0.23668
vt 0.90781 0.19298
vt 0.98130 0.19423
vt 0.91782 0.14532
vt 0.91782 0.14532
vt 0.98130 0.19423
vt 0.98130 0.19423
vt 0.91782 0.14532
vt 0.95431 0.23668
vt 0.90781 0.19298
vt 0.90781 0.19298
vt 0.98130 0.19423
vt 0.95431 0.23668
vt 0.90781 0.19298
vt 0.98130 0.19423
vt 0.90781 0.19298
vt 0.91782 0.14532
vt 0.91782 0.14532
vt 0.90781 0.19298
vt 0.91782 0.14532
vt 0.91782 0.14532
vt 0.90781 0.19298
vt 0.90781 0.19298
vt 0.99353 0.33454
vt 0.95431 0.23668
vt 0.95431 0.23668
vt 0.99353 0.33454
vt 0.99353 0.33454
vt 0.95431 0.23668
vt 0.99353 0.33454
vt 0.98130 0.19423
vt 0.95431 0.23668
vt 0.95431 0.23668
vt 0.91782 0.14532
vt 0.90781 0.19298
vt 0.95431 0.23668
vt 0.98130 0.19423
vt 0.91782 0.14532
vt 0.72444 0.80011
vt 0.74553 0.77581
vt 0.74553 0.72720
vt 0.74553 0.72720
vt 0.72444 0.70290
vt 0.70336 0.72720
vt 0.72444 0.80011
vt 0.74553 0.72720
vt 0.70336 0.72720
vt 0.70336 0.72720
vt 0.70336 0.77581
vt 0.72444 0.80011
vt 0.72444 0.80011
vt 0.70336 0.77581
vt 0.70336 0.77581
vt 0.70336 0.77581
vt 0.70336 0.77581
vt 0.70336 0.72720
vt 0.70336 0.77581
vt 0.70336 0.72720
vt 0.70336 0.72720
vt 0.72444 0.70290
vt 0.74553 0.72720
vt 0.74553 0.72720
vt 0.72444 0.70290
vt 0.72444 0.70290
vt 0.74553 0.72720
vt 0.70336 0.72720
vt 0.72444 0.70290
vt 0.72444 0.70290
vt 0.70336 0.72720
vt 0.70336 0.72720
vt 0.72444 0.70290
vt 0.74553 0.72720
vt 0.74553 0.72720
vt 0.74553 0.77581
vt 0.74553 0.72720
vt 0.74553 0.77581
vt 0.74553 0.77581
vt 0.72444 0.80011
vt 0.72444 0.80011
vt 0.74553 0.77581
vt 0.72444 0.80011
vt 0.74553 0.77581
vt 0.74553 0.77581
vt 0.74553 0.77581
vt 0.72444 0.80011
vt 0.70336 0.77581
vt 0.70336 0.77581
vt 0.70336 0.72720
vt 0.72444 0.70290
vt 0.72444 0.70290
vt 0.74553 0.72720
vt 0.74553 0.77581
vt 0.70336 0.77581
vt 0.72444 0.70290
vt 0.74553 0.77581
vt 0.72444 0.80011
vt 0.72444 0.80011
vt 0.70336 0.77581
vt 0.90830 1.00000
vt 0.93926 1.00000
vt 1.00000 1.00000
vt 0.93926 0.70664
vt 0.93861 0.65100
vt 1.00000 0.65100
vt 0.93926 1.00000
vt 0.93926 1.00000
vt 1.00000 1.00000
vt 0.93926 1.00000
vt 0.93926 0.70664
vt 1.00000 0.70664
vt 0.93926 1.00000
vt 0.93926 1.00000
vt 1.00000 1.00000
vt 1.00000 0.70664
vt 0.93926 1.00000
vt 1.00000 0.86423
vt 0.57609 0.65100
vt 1.00000 0.65100
vt 1.00000 0.65100
vt 0.92378 1.00000
vt 0.90830 1.00000
vt 1.00000 1.00000
vt 0.93926 1.00000
vt 1.00000 1.00000
vt 1.00000 1.00000
vt 0.93861 0.65100
vt 0.57609 0.65100
vt 1.00000 0.65100
vt 0.90158 0.06631
vt 0.90158 0.06631
vt 1.00000 0.04553
vt 0.88426 0.02583
vt 0.90158 0.02078
vt 1.00000 0.00000
vt 0.90158 0.02078
vt 0.90158 0.06631
vt 1.00000 0.04553
vt 0.90158 0.06631
vt 0.88426 0.02583
vt 1.00000 0.00000
vt 0.98609 0.67583
vt 0.98609 0.67583
vt 1.00000 0.67815
vt 0.98609 0.67583
vt 0.98609 0.67583
vt 1.00000 0.62341
vt 0.98130 0.19423
vt 0.98130 0.19423
vt 1.00000 0.23696
vt 0.95431 0.23668
vt 0.98130 0.19423
vt 1.00000 0.23696
vt 0.99353 0.33454
vt 0.95431 0.23668
vt 1.00000 0.28563
vt 0.98130 0.19423
vt 0.99353 0.33454
vt 1.00000 0.33372
vt 0.99353 0.33454
vt 0.99353 0.33454
vt 1.00000 0.36417
vt 1.00000 1.00000
vt 1.00000 1.00000
vt 0.93926 1.00000
vt 1.00000 0.65100
vt 1.00000 0.65100
vt 0.93861 0.65100
vt 1.00000 0.04553
vt 1.00000 0.04553
vt 0.90158 0.06631
vt 1.00000 0.00000
vt 1.00000 0.00000
vt 0.88426 0.02583
vt 1.00000 0.23696
vt 1.00000 0.23696
vt 0.98130 0.19423
vt 1.00000 0.23696
vt 1.00000 0.28563
vt 0.95431 0.23668
vt 1.00000 0.28563
vt 1.00000 0.33372
vt 0.99353 0.33454
vt 1.00000 0.33372
vt 1.00000 0.23696
vt 0.98130 0.19423
vt 1.00000 0.36417
vt 1.00000 0.36417
vt 0.99353 0.33454
vt 0.93926 1.00000
vt 1.00000 0.70664
vt 1.00000 1.00000
vt 0.93926 1.00000
vt 1.00000 1.00000
vt 1.00000 1.00000
vt 0.93926 1.00000
vt 1.00000 1.00000
vt 1.00000 1.00000
vt 0.92378 1.00000
vt 1.00000 1.00000
vt 1.00000 1.00000
vt 0.90830 1.00000
vt 1.00000 1.00000
vt 1.00000 1.00000
vt 0.93926 1.00000
vt 1.00000 1.00000
vt 1.00000 0.86423
vt 0.93926 0.70664
vt 1.00000 0.65100
vt 1.00000 0.70664
vt 0.90158 0.02078
vt 1.00000 0.04553
vt 1.00000 0.00000
vt 0.90158 0.06631
vt 1.00000 0.00000
vt 1.00000 0.04553
vt 0.99353 0.33454
vt 1.00000 0.36417
vt 1.00000 0.33372
vt 0.98609 0.67583
vt 1.00000 0.67815
vt 1.00000 0.67815
vt 0.98609 0.67583
vt 1.00000 0.62341
vt 1.00000 0.67815
vt 0.98609 0.67583
vt 1.00000 0.67815
vt 1.00000 0.62341
vt 0.98609 0.67583
vt 1.00000 0.62341
vt 1.00000 0.62341
vt 0.99353 0.33454
vt 1.00000 0.36417
vt 1.00000 0.36417
vt 0.98130 0.19423
vt 1.00000 0.23696
vt 1.00000 0.23696
vt 0.99353 0.33454
vt 1.00000 0.34163
vt 1.00000 0.36417
vt 0.99353 0.33454
vt 1.00000 0.33372
vt 1.00000 0.34163
vt 1.00000 0.36417
vt 1.00000 0.36417
vt 1.00000 0.36417
vt 1.00000 0.36417
vt 1.00000 0.33372
vt 1.00000 0.23696
vt 1.00000 0.23696
vt 1.00000 0.23696
vt 1.00000 0.23696
vt 1.00000 0.23696
vt 1.00000 0.28563
vt 1.00000 0.33372
vt 1.00000 0.34163
vt 1.00000 0.36417
vt 1.00000 0.36417
vt 1.00000 0.36417
vt 1.00000 0.23696
vt 1.00000 0.23696
vt 1.00000 0.33372
vt 1.00000 0.34163
vt 1.00000 0.36417
vt 1.00000 0.36417
vt 1.00000 0.23696
vt 1.00000 0.33372
vt 1.00000 0.86423
vt 1.00000 0.70664
vt 1.00000 0.65100
vt 1.00000 1.00000
vt 1.00000 1.00000
vt 1.00000 0.86423
vt 1.00000 0.86423
vt 1.00000 0.65100
vt 1.00000 0.65100
vt 1.00000 0.65100
vt 1.00000 0.70664
vt 1.00000 1.00000
vt 1.00000 1.00000
vt 1.00000 1.00000
vt 1.00000 0.86423
vt 1.00000 0.65100
vt 1.00000 0.65100
vt 1.00000 1.00000
vt 1.00000 0.86423
vt 1.00000 0.65100
vt 1.00000 1.00000
vt 1.00000 1.00000
vt 1.00000 1.00000
vt 1.00000 0.86423
vt 1.00000 0.86423
vt 1.00000 1.00000
vt 1.00000 1.00000
vt 1.00000 0.86423
vt 1.00000 1.00000
vt 1.00000 1.00000
vt 1.00000 1.00000
vt 1.00000 1.00000
vt 1.00000 0.86423
vt 1.00000 0.04553
vt 1.00000 0.04553
vt 1.00000 0.00000
vt 1.00000 0.00000
vt 1.00000 0.00000
vt 1.00000 0.04553
vt 1.00000 0.67815
vt 1.00000 0.62341
vt 1.00000 0.62341
vt 1.00000 0.62341
vt 1.00000 0.67815
vt 1.00000 0.67815
f 1297/6562 1255/6563 1259/6564
f 1294/6565 1295/6566 1206/6567
f 1205/6568 1206/6569 1253/6570
f 1197/6571 1196/6572 1190/6573
f 1196/6574 1195/6575 1193/6576
f 1200/6577 1273/6578 1195/6579
f 1202/6580 1200/6581 1196/6582
f 1232/6583 1294/6584 1205/6585
f 1235/6586 1233/6587 1261/6588
f 1186/6589 1267/6590 1252/6591
f 1232/6592 1205/6593 1264/6594
f 1252/6595 1267/6596 1264/6597
f 1232/6598 1264/6599 1261/6600
f 1255/6601 1266/6602 1270/6603
f 1266/6604 1262/6605 1261/6606
f 1201/6607 1198/6608 1300/6609
f 1290/6610 1292/6611 1198/6612
f 1229/6613 1232/6614 1233/6615
f 1296/6616 1254/6617 1258/6618
f 1298/6619 1300/6620 1236/6621
f 1250/6622 1232/6623 1228/6624
f 1294/6625 1232/6626 1250/6627
f 1193/6628 1195/6629 1203/6630
f 1195/6631 1273/6632 1203/6633
f 1193/6634 1203/6635 1250/6636
f 1190/6637 1193/6638 1228/6639
f 1228/6640 1232/6641 1229/6642
f 1194/6643 1197/6644 1190/6645
f 1299/6646 1202/6647 1199/6648
f 1254/6649 1265/6650 1269/6651
f 1269/6652 1265/6653 1263/6654
f 1266/6655 1269/6656 1263/6657
f 1258/6658 1269/6659 1266/6660
f 1199/6661 1202/6662 1197/6663
f 1262/6664 1263/6665 1235/6666
f 1298/6667 1258/6668 1255/6669
f 1192/6670 1198/6671 1194/6672
f 1194/6673 1198/6674 1201/6675
f 1235/6676 1230/6677 1231/6678
f 1191/6679 1231/6680 1230/6681
f 1199/6682 1201/6683 1300/6684
f 1251/6685 1295/6686 1294/6687
f 1274/6688 1251/6689 1250/6690
f 1231/6691 1191/6692 1190/6693
f 1297/6694 1189/6695 1299/6696
f 1235/6697 1229/6698 1233/6699
f 1235/6700 1261/6701 1262/6702
f 1255/6703 1270/6704 1259/6705
f 1266/6706 1261/6707 1270/6708
f 1200/6709 1195/6710 1196/6711
f 1202/6712 1196/6713 1197/6714
f 1205/6715 1253/6716 1252/6717
f 1252/6718 1253/6719 1186/6720
f 1196/6721 1193/6722 1190/6723
f 1190/6724 1228/6725 1229/6726
f 1270/6727 1261/6728 1268/6729
f 1268/6730 1264/6731 1267/6732
f 1257/6733 1267/6734 1186/6735
f 1259/6736 1268/6737 1257/6738
f 1297/6739 1259/6740 1189/6741
f 1294/6742 1206/6743 1205/6744
f 1252/6745 1264/6746 1205/6747
f 1232/6748 1261/6749 1233/6750
f 1251/6751 1294/6752 1250/6753
f 1274/6754 1250/6755 1203/6756
f 1274/6757 1203/6758 1273/6759
f 1297/6760 1299/6761 1298/6762
f 1194/6763 1201/6764 1199/6765
f 1191/6766 1230/6767 1192/6768
f 1199/6769 1300/6770 1298/6771
f 1236/6772 1296/6773 1298/6774
f 1192/6775 1230/6776 1290/6777
f 1268/6778 1261/6779 1264/6780
f 1257/6781 1268/6782 1267/6783
f 1259/6784 1270/6785 1268/6786
f 1228/6787 1193/6788 1250/6789
f 1299/6790 1199/6791 1298/6792
f 1254/6793 1269/6794 1258/6795
f 1199/6796 1197/6797 1194/6798
f 1194/6799 1190/6800 1191/6801
f 1290/6802 1198/6803 1192/6804
f 1296/6805 1258/6806 1298/6807
f 1263/6808 1234/6809 1235/6810
f 1266/6811 1263/6812 1262/6813
f 1258/6814 1266/6815 1255/6816
f 1298/6817 1255/6818 1297/6819
f 1192/6820 1194/6821 1191/6822
f 1231/6823 1229/6824 1235/6825
f 1231/6826 1190/6827 1229/6828
f 1222/6829 1218/6830 1216/6831
f 1245/6832 1223/6833 1215/6834
f 1245/6835 1215/6836 1240/6837
f 1239/6838 1244/6839 1245/6840
f 1222/6841 1216/6842 1223/6843
f 1218/6844 1239/6845 1216/6846
f 1243/6847 1219/6848 1216/6849
f 1239/6850 1245/6851 1243/6852
f 1240/6853 1215/6854 1217/6855
f 1240/6856 1225/6857 1247/6858
f 1240/6859 1217/6860 1225/6861
f 1219/6862 1243/6863 1241/6864
f 1223/6865 1219/6866 1215/6867
f 1220/6868 1241/6869 1238/6870
f 1244/6871 1223/6872 1245/6873
f 1244/6874 1222/6875 1223/6876
f 1238/6877 1248/6878 1237/6879
f 1214/6880 1237/6881 1213/6882
f 1214/6883 1238/6884 1237/6885
f 1227/6886 1213/6887 1226/6888
f 1219/6889 1241/6890 1220/6891
f 1238/6892 1247/6893 1249/6894
f 1241/6895 1240/6896 1247/6897
f 1241/6898 1247/6899 1238/6900
f 1220/6901 1238/6902 1214/6903
f 1217/6904 1220/6905 1214/6906
f 1217/6907 1214/6908 1225/6909
f 1227/6910 1214/6911 1213/6912
f 1215/6913 1219/6914 1220/6915
f 1216/6916 1239/6917 1243/6918
f 1223/6919 1216/6920 1219/6921
f 1225/6922 1214/6923 1227/6924
f 1247/6925 1225/6926 1227/6927
f 1247/6928 1227/6929 1249/6930
f 1248/6931 1226/6932 1213/6933
f 1248/6934 1213/6935 1237/6936
f 1249/6937 1227/6938 1226/6939
f 1249/6940 1226/6941 1248/6942
f 1238/6943 1249/6944 1248/6945
f 1243/6946 1240/6947 1241/6948
f 1243/6949 1245/6950 1240/6951
f 1215/6952 1220/6953 1217/6954
f 1285/6955 1309/6956 1304/6957
f 1311/6958 1284/6959 1308/6960
f 1311/6961 1287/6962 1284/6963
f 1285/6964 1304/6965 1280/6966
f 1287/6967 1285/6968 1280/6969
f 1287/6970 1280/6971 1284/6972
f 1284/6973 1304/6974 1308/6975
f 1284/6976 1280/6977 1304/6978
f 1278/6979 1309/6980 1285/6981
f 1278/6982 1303/6983 1309/6984
f 1303/6985 1311/6986 1309/6987
f 1309/6988 1308/6989 1304/6990
f 1309/6991 1311/6992 1308/6993
f 1209/6994 1207/6995 1211/6996
f 1211/6997 1210/6998 1212/6999
f 1209/7000 1211/7001 1212/7002
f 1212/7003 1208/7004 1209/7005
f 1182/7006 1208/7007 1181/7008
f 1181/7009 1208/7010 1212/7011
f 1181/7012 1212/7013 1185/7014
f 1183/7015 1211/7016 1184/7017
f 1183/7018 1210/7019 1211/7020
f 1185/7021 1210/7022 1183/7023
f 1185/7024 1212/7025 1210/7026
f 1184/7027 1211/7028 1207/7029
f 1184/7030 1207/7031 1180/7032
f 1209/7033 1182/7034 1180/7035
f 1209/7036 1180/7037 1207/7038
f 1180/7039 1182/7040 1181/7041
f 1181/7042 1185/7043 1183/7044
f 1183/7045 1184/7046 1180/7047
f 1181/7048 1183/7049 1180/7050
f 1182/7051 1209/7052 1208/7053
f 1198/7054 1292/7055 1293/7056
f 1290/7057 1230/7058 1289/7059
f 1254/7060 1296/7061 1188/7062
f 1292/7063 1290/7064 1291/7065
f 1265/7066 1254/7067 1256/7068
f 1263/7069 1265/7070 1260/7071
f 1235/7072 1234/7073 1288/7074
f 1300/7075 1198/7076 1271/7077
f 1296/7078 1236/7079 1272/7080
f 1230/7081 1235/7082 1288/7083
f 1222/7084 1244/7085 1246/7086
f 1239/7087 1218/7088 1221/7089
f 1218/7090 1222/7091 1224/7092
f 1244/7093 1239/7094 1242/7095
f 1307/7096 1283/7097 1275/7098
f 1283/7099 1307/7100 1301/7101
f 1287/7102 1311/7103 1302/7104
f 1285/7105 1287/7106 1276/7107
f 1278/7108 1285/7109 1277/7110
f 1311/7111 1303/7112 1310/7113
f 1303/7114 1278/7115 1281/7116
f 1256/7117 1312/7118 1265/7119
f 1288/7120 1289/7121 1230/7122
f 1246/7123 1224/7124 1222/7125
f 1221/7126 1242/7127 1239/7128
f 1302/7129 1204/7130 1287/7131
f 1276/7132 1277/7133 1285/7134
f 1277/7135 1286/7136 1278/7137
f 1310/7138 1302/7139 1311/7140
f 1281/7141 1187/7142 1303/7143
f 1292/7144 1291/7145 1293/7146
f 1254/7147 1188/7148 1256/7149
f 1296/7150 1272/7151 1188/7152
f 1300/7153 1271/7154 1236/7155
f 1198/7156 1293/7157 1271/7158
f 1265/7159 1312/7160 1260/7161
f 1290/7162 1289/7163 1291/7164
f 1218/7165 1224/7166 1221/7167
f 1244/7168 1242/7169 1246/7170
f 1303/7171 1306/7172 1310/7173
f 1283/7174 1282/7175 1275/7176
f 1283/7177 1301/7178 1282/7179
f 1307/7180 1275/7181 1305/7182
f 1307/7183 1305/7184 1301/7185
f 1303/7186 1187/7187 1306/7188
f 1287/7189 1204/7190 1276/7191
f 1278/7192 1279/7193 1281/7194
f 1278/7195 1286/7196 1279/7197
f 1281/7198 1187/7199 1306/7200
f 1306/7201 1310/7202 1302/7203
f 1302/7204 1204/7205 1276/7206
f 1276/7207 1277/7208 1286/7209
f 1279/7210 1281/7211 1306/7212
f 1306/7213 1302/7214 1276/7215
f 1286/7216 1279/7217 1306/7218
f 1306/7219 1276/7220 1286/7221
f 1260/7222 1263/7223 1234/7224
f 1256/7225 1312/7226 1260/7227
f 1260/7228 1234/7229 1288/7230
f 1289/7231 1291/7232 1293/7233
f 1188/7234 1256/7235 1260/7236
f 1288/7237 1289/7238 1293/7239
f 1260/7240 1288/7241 1293/7242
f 1272/7243 1188/7244 1260/7245
f 1260/7246 1293/7247 1271/7248
f 1260/7249 1271/7250 1236/7251
f 1236/7252 1272/7253 1260/7254
f 1246/7255 1224/7256 1221/7257
f 1221/7258 1242/7259 1246/7260
f 1275/7261 1305/7262 1301/7263
f 1301/7264 1282/7265 1275/7266
