# Revolver_Python — Pink Panic Stage 1
# muzzle -Z, up +Y, right +X, origin at the grip
mtllib pinkpanic.mtl
o Body
g Body
usemtl BodyPink
v 0.03500 0.04094 -0.12113
v 0.03623 0.04847 -0.11778
v -0.02800 0.03714 -0.12121
v -0.02484 0.01510 -0.12910
v 0.01923 0.05400 -0.10071
v 0.03553 0.06233 -0.09503
v -0.02084 0.06135 -0.08301
v 0.02703 0.06268 -0.07618
v 0.03586 0.06639 -0.06372
v -0.02143 0.06270 -0.07472
v 0.03537 0.06031 -0.03182
v 0.01901 0.05619 -0.04592
v 0.03622 0.06734 0.02392
v 0.01892 0.06146 0.02960
v 0.03509 0.06696 0.02876
v 0.03580 0.03910 0.07556
v 0.03623 0.03471 0.07979
v 0.02574 0.03602 0.07320
v 0.01892 0.04416 0.06229
v 0.03627 0.01359 0.08795
v 0.03508 0.34572 -0.11822
v 0.03623 0.34886 -0.09931
v 0.01856 0.03426 -0.12069
v 0.02981 -0.01295 0.08881
v -0.00165 0.00903 0.08488
v 0.03079 0.01585 -0.13071
v 0.02980 -0.02928 -0.12543
v 0.03004 -0.05668 -0.11691
v 0.01891 -0.06182 -0.11069
v -0.02432 -0.06290 -0.11268
v 0.03004 -0.08499 -0.08852
v 0.01891 -0.08970 -0.07106
v 0.03092 -0.10038 -0.02389
v 0.01891 -0.09348 -0.04705
v 0.01891 -0.09412 -0.00010
v 0.03040 -0.09660 0.00854
v 0.02991 -0.08874 0.04129
v 0.01891 -0.07818 0.05382
v -0.02521 -0.06905 0.06988
v 0.02950 -0.05336 0.07888
v -0.02371 -0.03987 0.08295
v -0.02900 0.05320 -0.10945
v -0.01393 0.05709 -0.04765
v -0.03045 0.06836 -0.07143
v -0.02950 0.06041 -0.03082
v -0.01366 0.06049 0.02859
v -0.03000 0.06609 0.02474
v -0.03035 0.06487 0.03718
v -0.01383 0.04569 0.06100
v -0.02906 0.03208 0.07894
v -0.02982 0.04847 0.06419
v -0.02929 0.34729 -0.11084
v -0.02485 -0.01207 0.08963
v -0.03100 0.01301 0.08940
v -0.02351 -0.03450 -0.12393
v -0.02425 -0.08166 -0.09278
v -0.02504 -0.10223 -0.01287
v -0.02415 -0.09717 -0.05396
v -0.02542 -0.08316 0.05785
v -0.03045 0.34887 0.05293
v 0.03623 0.34887 0.05293
v -0.03044 0.34238 -0.24677
v -0.02347 0.34887 -0.28425
v 0.03623 0.34238 -0.24677
v 0.02924 0.34887 -0.28425
v 0.06792 0.16111 0.04246
v 0.06983 0.20994 0.05083
v 0.08365 0.19349 0.04255
v 0.08596 0.21414 0.04252
v 0.08121 0.24414 0.04256
v 0.03848 0.29157 0.04320
v 0.03650 0.26756 0.05049
v 0.03623 0.21413 0.05479
v 0.03637 0.13878 0.04419
v 0.02057 0.33091 0.06731
v -0.01356 0.33091 0.06731
v -0.01360 0.26652 0.06757
v -0.01360 0.18713 0.15977
v 0.02061 0.25944 0.07083
v 0.02060 0.18620 0.16864
v -0.01354 0.17747 0.24671
v 0.02055 0.17700 0.24666
v 0.06400 -0.01048 0.13006
v 0.07128 0.02851 0.22616
v 0.04648 -0.03853 0.10348
v 0.05826 0.02126 0.13543
v 0.06902 0.06498 0.24555
v 0.06286 0.15667 0.28725
v 0.06588 0.09920 0.26534
v 0.05491 0.17953 0.23480
v 0.07069 0.03205 0.31305
v 0.07560 -0.15201 0.46006
v 0.07589 -0.08185 0.38195
v 0.08504 -0.35095 0.39441
v 0.07872 -0.35108 0.38069
v 0.07424 -0.34800 0.49048
v 0.06172 -0.22811 0.49805
v 0.06119 -0.16720 0.48275
v 0.05741 -0.07035 0.44771
v 0.06680 -0.09981 0.31431
v 0.06507 0.01369 0.23604
v 0.04844 -0.03680 0.19367
v 0.04922 -0.09609 0.24374
v 0.06814 -0.31833 0.28882
v 0.05633 -0.35050 0.26108
v 0.04083 -0.03856 0.16065
v 0.04546 -0.14322 0.24840
v 0.05352 0.16774 0.30707
v 0.04955 0.19387 0.27895
v 0.04572 0.01497 0.10479
v 0.04219 0.16220 0.21712
v 0.05328 0.08796 0.24657
v -0.02301 -0.34780 0.23139
v 0.04392 -0.35042 0.51676
v -0.01575 -0.22044 0.23919
v 0.03581 -0.25533 0.51507
v -0.03107 -0.29506 0.51896
v -0.01860 -0.11213 0.22298
v 0.03658 -0.13084 0.48211
v -0.03983 -0.17732 0.49624
v 0.03891 -0.03362 0.44133
v -0.03303 -0.03285 0.44114
v -0.03074 0.11625 0.34739
v 0.03631 0.11380 0.34864
v -0.02191 -0.05169 0.09953
v 0.00284 -0.05055 0.09224
v 0.03550 0.19529 0.27686
v 0.03622 0.16910 0.22167
v 0.03997 0.02460 0.09947
v 0.03911 0.05262 0.11412
v 0.03623 0.11333 0.20733
v 0.04174 0.11237 0.20714
v 0.02808 -0.35106 0.24132
v 0.03167 -0.34762 0.23183
v 0.02908 -0.23393 0.23965
v 0.03194 -0.16016 0.23716
v 0.02403 -0.08939 0.21089
v 0.02396 -0.14548 0.23247
v 0.02481 -0.06472 0.19409
v -0.00168 -0.04907 0.14959
v 0.02380 -0.04575 0.16102
v 0.02815 -0.05045 0.09429
v 0.05265 -0.34269 0.51810
v 0.05431 0.09537 0.34637
v 0.03636 -0.34638 0.52174
v 0.03806 0.16520 0.32610
v 0.06372 0.01301 0.20344
v 0.03879 -0.02840 0.09199
v 0.03331 -0.00466 0.09524
v -0.06199 0.07790 0.26091
v -0.03398 -0.02618 0.09235
v -0.05726 -0.01433 0.12784
v -0.06506 0.03216 0.24431
v -0.05150 0.18077 0.23891
v -0.06530 0.00253 0.35225
v -0.05718 0.15668 0.28725
v -0.06400 -0.08818 0.43853
v -0.07201 -0.20753 0.46817
v -0.06598 -0.34928 0.49572
v -0.05434 -0.15509 0.48028
v -0.04834 0.01691 0.39762
v -0.06522 -0.17655 0.32332
v -0.07782 -0.35011 0.38521
v -0.05938 0.01385 0.19814
v -0.05655 -0.00607 0.23714
v -0.04225 -0.03526 0.18768
v -0.04318 -0.07481 0.23025
v -0.05421 -0.09712 0.27614
v -0.04381 -0.20709 0.25517
v -0.05589 -0.34994 0.27381
v -0.04270 -0.03844 0.10483
v -0.03964 -0.03626 0.12373
v -0.03477 -0.05766 0.20364
v -0.03664 -0.12795 0.24060
v -0.04353 -0.34946 0.24382
v -0.04704 0.15697 0.31726
v -0.04470 0.19349 0.27917
v -0.03508 0.02405 0.09916
v -0.03636 0.04945 0.11334
v -0.04533 0.14358 0.23695
v -0.03592 0.12376 0.20975
v -0.03312 0.05554 0.11687
v -0.03517 0.10952 0.20334
v -0.04762 0.08078 0.23719
v -0.04735 0.09511 0.24763
v -0.03259 0.15990 0.21518
v -0.07918 -0.26107 0.40453
v -0.03045 0.17390 0.22754
v -0.03052 0.19336 0.26566
v -0.03045 0.10411 0.19674
v -0.03067 -0.35012 0.23750
v -0.02664 -0.17381 0.23934
v -0.02415 -0.08858 0.21420
v -0.01895 -0.05443 0.18308
v -0.02437 -0.04461 0.15516
v -0.02472 -0.04213 0.08997
v -0.02533 -0.04493 0.12643
v -0.02980 -0.24759 0.24185
v -0.05418 -0.28454 0.50765
v -0.03014 -0.34878 0.52102
v -0.02892 0.19333 0.28808
v -0.03045 0.11864 0.20868
v -0.05555 0.02556 0.14833
v -0.03045 0.00408 0.09645
v -0.02473 -0.01319 0.09406
v 0.08584 -0.34252 0.40428
v 0.07591 -0.34638 0.32623
v 0.05311 -0.34786 0.24660
v 0.05241 -0.34882 0.51456
v -0.07937 -0.34638 0.40376
v -0.05069 -0.34861 0.51315
v -0.06972 -0.34481 0.32282
v -0.05711 -0.34559 0.27139
v -0.05015 -0.35106 0.50196
v -0.02369 0.27855 -0.18200
v -0.02279 0.28538 -0.18200
v -0.02790 0.28785 -0.18200
v -0.02015 0.29175 -0.18200
v -0.01595 0.29722 -0.18200
v -0.01048 0.30142 -0.18200
v -0.01266 0.30656 -0.18200
v -0.00411 0.30405 -0.18200
v -0.00218 0.24738 -0.18200
v 0.00284 0.25214 -0.18200
v -0.00411 0.25304 -0.18200
v -0.01048 0.25568 -0.18200
v -0.01709 0.25397 -0.18200
v -0.01595 0.25987 -0.18200
v -0.02015 0.26534 -0.18200
v -0.02673 0.26716 -0.18200
v -0.02279 0.27171 -0.18200
v 0.03434 0.28194 -0.18200
v 0.02846 0.28538 -0.18200
v 0.02935 0.27851 -0.18200
v 0.02633 0.30039 -0.18200
v 0.02582 0.29175 -0.18200
v 0.02162 0.29722 -0.18200
v 0.01615 0.30142 -0.18200
v 0.01800 0.25031 -0.18200
v 0.00979 0.25304 -0.18200
v 0.01615 0.25568 -0.18200
v 0.02162 0.25987 -0.18200
v 0.03183 0.26579 -0.18200
v 0.02582 0.26534 -0.18200
v 0.02846 0.27171 -0.18200
v 0.00284 0.30516 -0.18200
v 0.00688 0.31001 -0.18200
v 0.00979 0.30405 -0.18200
v -0.02601 0.22672 -1.17051
v -0.02601 0.22672 -0.45939
v -0.02228 0.23279 -0.45483
v -0.02221 0.23276 -1.17051
v -0.02837 0.21999 -1.17051
v -0.02837 0.21999 -0.46206
v -0.02916 0.21290 -1.17051
v -0.02916 0.21290 -0.46311
v -0.02837 0.20581 -1.17051
v -0.02837 0.20581 -0.46206
v -0.02601 0.19908 -1.17051
v -0.02601 0.19908 -0.45939
v -0.02221 0.19304 -1.17051
v -0.02228 0.19298 -0.45483
v -0.01717 0.18800 -0.28424
v -0.02617 0.19873 -0.28424
v -0.02227 0.19298 -0.38399
v -0.01717 0.18800 -1.17051
v -0.01113 0.18420 -1.17051
v -0.01113 0.18420 -0.28424
v -0.00440 0.18185 -1.17051
v -0.00440 0.18185 -0.28424
v 0.00284 0.18105 -1.17051
v 0.00284 0.18105 -0.28424
v -0.02542 0.31366 -1.17051
v -0.03255 0.30653 -1.17051
v -0.03255 0.30653 -0.28423
v -0.02541 0.31365 -0.28423
v -0.03792 0.29799 -1.17051
v -0.03791 0.29798 -0.28423
v -0.04125 0.28846 -1.17051
v -0.04125 0.28846 -0.28423
v -0.04238 0.27843 -1.17051
v -0.04238 0.27843 -0.28423
v -0.04125 0.26840 -1.17051
v -0.04125 0.26840 -0.28423
v -0.03792 0.25887 -1.17051
v -0.03791 0.25888 -0.28423
v -0.03255 0.25033 -1.17051
v -0.03255 0.25033 -0.28423
v -0.02542 0.24319 -1.17051
v -0.02541 0.24319 -0.28423
v -0.01701 0.23781 -1.17051
v -0.01701 0.23781 -0.28424
v 0.02269 0.23781 -0.28424
v 0.02789 0.23276 -0.28424
v 0.02789 0.23276 -1.17051
v 0.02269 0.23781 -1.17051
v 0.03168 0.22672 -0.28424
v 0.03168 0.22672 -1.17051
v 0.03404 0.21999 -0.28424
v 0.03404 0.21999 -1.17051
v 0.03484 0.21290 -0.28424
v 0.03483 0.21290 -1.17051
v 0.03404 0.20581 -0.28424
v 0.03404 0.20581 -1.17051
v 0.03168 0.19908 -0.28424
v 0.03168 0.19908 -1.17051
v 0.02789 0.19304 -0.28424
v 0.02789 0.19304 -1.17051
v 0.02284 0.18800 -0.28424
v 0.02284 0.18800 -1.17051
v 0.01680 0.18420 -0.28424
v 0.01680 0.18420 -1.17051
v 0.01007 0.18185 -0.28424
v 0.01007 0.18185 -1.17051
v 0.03109 0.31366 -1.17051
v 0.03108 0.31365 -0.28423
v 0.03822 0.30653 -0.28423
v 0.03822 0.30653 -1.17051
v 0.04358 0.29798 -0.28423
v 0.04359 0.29799 -1.17051
v 0.04692 0.28846 -0.28423
v 0.04693 0.28846 -1.17051
v 0.04805 0.27843 -0.28423
v 0.04806 0.27843 -1.17051
v 0.04692 0.26840 -0.28423
v 0.04693 0.26840 -1.17051
v 0.04358 0.25888 -0.28423
v 0.04359 0.25887 -1.17051
v 0.03822 0.25033 -0.28423
v 0.03822 0.25033 -1.17051
v 0.03108 0.24319 -0.28423
v 0.03109 0.24319 -1.17051
v 0.02269 0.31903 -1.17051
v 0.02268 0.31902 -0.28423
v -0.01701 0.31902 -0.28423
v -0.01701 0.31903 -1.17051
v -0.02322 0.22842 -0.28434
v -0.00755 0.35815 -1.15854
v -0.01290 0.35815 -1.15854
v -0.00757 0.35925 -1.06560
v 0.01858 0.34524 -0.28423
v 0.01858 0.35815 -0.87201
v -0.01290 0.35815 -0.87201
v -0.01290 0.34524 -0.28423
v 0.01858 0.35815 -1.15854
v 0.01324 0.36286 -1.15925
v -0.03056 0.28627 -0.19213
v -0.01156 0.31027 -0.19211
v -0.02407 0.25635 -0.19212
v 0.00402 0.24442 -0.19213
v 0.02791 0.25523 -0.19213
v 0.03709 0.27969 -0.19213
v 0.02336 0.30666 -0.19212
v -0.02370 0.27855 -1.17820
v -0.02280 0.28538 -1.17820
v -0.02016 0.29175 -1.17820
v -0.01596 0.29723 -1.17820
v -0.01049 0.30142 -1.17820
v -0.00412 0.30406 -1.17820
v 0.00284 0.25213 -1.17820
v -0.00412 0.25303 -1.17820
v -0.01049 0.25567 -1.17820
v -0.01596 0.25986 -1.17820
v -0.02016 0.26534 -1.17820
v -0.02280 0.27171 -1.17820
v 0.02847 0.28538 -1.17820
v 0.02937 0.27853 -1.17820
v 0.02583 0.29175 -1.17820
v 0.02163 0.29723 -1.17820
v 0.01616 0.30142 -1.17820
v 0.00979 0.25303 -1.17820
v 0.01616 0.25567 -1.17820
v 0.02163 0.25986 -1.17820
v 0.02583 0.26534 -1.17820
v 0.02847 0.27171 -1.17820
v 0.00284 0.30516 -1.17826
v 0.00979 0.30406 -1.17820
v -0.03045 0.31870 0.02658
v -0.03045 0.32101 -0.18604
v 0.03570 0.31764 -0.19168
v 0.03623 0.31865 0.02516
v 0.02839 0.15123 -0.19213
v 0.00311 0.19578 -0.19213
v 0.03124 0.19036 -0.19213
v 0.00270 0.11414 -0.19068
v -0.01800 0.10886 -0.18339
v 0.03623 0.10888 -0.18338
v 0.03623 0.11041 0.02454
v -0.01798 0.10887 0.02092
v -0.02346 0.33287 -0.28421
v 0.02980 0.23664 -0.19213
v -0.02845 0.23888 -0.19213
v 0.03555 0.22858 -0.19213
v -0.02369 0.10665 -0.18339
v -0.02823 0.10211 -0.18339
v -0.03044 0.09639 -0.18339
v -0.04079 0.08302 -0.18500
v -0.03551 0.06886 -0.18496
v 0.03455 0.11491 -0.19213
v -0.03944 0.06755 0.02457
v -0.04755 0.07279 0.02456
v -0.04952 0.10042 0.02457
v -0.02750 0.33022 -0.25701
v 0.03328 0.33019 -0.25702
v 0.02924 0.33287 -0.28421
v 0.01174 0.22490 -0.19213
v 0.01766 0.21286 -0.19213
v 0.03989 0.20958 -0.19214
v 0.01287 0.20360 -0.19213
v -0.03062 0.10731 0.03608
v 0.01892 0.07098 -0.05038
v 0.01892 0.07097 0.06220
v -0.01325 0.07097 0.06220
v -0.01325 0.07098 -0.05038
v 0.03655 0.29013 0.02747
v 0.03792 0.13809 0.02747
v 0.06804 0.26702 0.02747
v 0.07483 0.17258 0.02747
v 0.06652 0.16071 0.02747
v 0.08306 0.19130 0.02747
v 0.08579 0.22687 0.02747
v -0.03040 0.11023 0.02556
v 0.03079 0.33024 0.07850
v 0.03620 0.33072 0.07241
v 0.02348 0.28952 0.09590
v 0.03620 0.24785 0.11173
v 0.03205 0.24588 0.12235
v 0.03206 0.21514 0.15763
v 0.03197 0.20163 0.19165
v 0.03623 0.19481 0.18785
v 0.03190 0.19811 0.21918
v 0.03173 0.19782 0.27084
v 0.02057 0.33090 0.08220
v 0.02060 0.25944 0.11356
v 0.02058 0.20969 0.17173
v 0.02057 0.20123 0.21942
v 0.02028 0.20126 0.24878
v -0.01353 0.19941 0.24699
v 0.03092 0.19458 0.29575
v -0.00989 0.19575 0.30131
v 0.02736 0.16955 0.33110
v 0.01634 0.18828 0.31201
v -0.02546 0.16789 0.32949
v -0.02984 0.33078 0.07518
v -0.02634 0.29696 0.08973
v -0.02953 0.25977 0.10664
v -0.02904 0.22386 0.14173
v -0.02634 0.21079 0.16637
v -0.03043 0.19684 0.19030
v -0.02604 0.19776 0.20871
v -0.03043 0.19188 0.23319
v -0.02311 0.19972 0.26850
v -0.01353 0.33029 0.08006
v -0.01360 0.25945 0.11356
v -0.01358 0.20968 0.17174
v -0.02645 0.18538 0.30791
v -0.05084 0.09255 0.03185
v -0.04670 0.07046 0.03267
v -0.04631 0.10151 0.03321
v -0.04800 0.27437 -0.19213
v 0.04554 0.25286 -0.19213
v 0.05330 0.28576 -0.19213
v -0.03256 0.31411 -0.19219
v -0.01703 0.32155 -0.98893
v -0.01702 0.32155 -1.10323
v -0.01701 0.34182 -0.28423
v -0.01702 0.33658 -0.33539
v -0.01702 0.32155 -0.33539
v -0.01702 0.34182 -1.17051
v -0.01702 0.33658 -0.98893
v -0.01702 0.33658 -0.88541
v -0.01702 0.33658 -1.10323
v -0.01702 0.32155 -0.88541
v -0.01702 0.33658 -0.77112
v -0.01703 0.32155 -0.77112
v -0.01702 0.32155 -0.66780
v -0.01703 0.33658 -0.66780
v -0.01702 0.33658 -0.55350
v -0.01702 0.32155 -0.55350
v -0.01702 0.32155 -0.44969
v -0.01703 0.33658 -0.44969
v 0.02269 0.32155 -0.44969
v 0.02269 0.32155 -0.33539
v 0.02268 0.34182 -0.28423
v 0.02269 0.33658 -0.33539
v 0.02269 0.33658 -0.44969
v 0.02269 0.34182 -1.17051
v 0.02269 0.33658 -1.10323
v 0.02269 0.32155 -1.10323
v 0.02269 0.33658 -0.98893
v 0.02269 0.33658 -0.88541
v 0.02270 0.32155 -0.88541
v 0.02269 0.32155 -0.98893
v 0.02269 0.33658 -0.77112
v 0.02269 0.33658 -0.66780
v 0.02269 0.32155 -0.66780
v 0.02270 0.32155 -0.77112
v 0.02269 0.33658 -0.55350
v 0.02269 0.32155 -0.55350
v -0.02403 0.22678 -0.38040
v -0.02047 0.23284 -0.38408
v -0.02087 0.19541 -0.38252
v -0.01984 0.19666 -0.28441
v 0.02278 0.23282 -0.28437
v 0.02278 0.23283 -0.45488
v 0.02278 0.19292 -0.28437
v 0.02278 0.19292 -0.45488
v 0.02727 0.22698 -0.45939
v 0.03008 0.22018 -0.46200
v 0.03105 0.21288 -0.46311
v 0.03008 0.20557 -0.46200
v 0.02727 0.19877 -0.45939
v -0.01290 0.34182 -1.15854
v -0.01290 0.34182 -0.28423
v 0.01858 0.34182 -1.15854
v 0.01858 0.34182 -0.28423
v 0.01324 0.37410 -1.15218
v 0.01324 0.35961 -1.06547
v -0.00757 0.37336 -1.15601
v -0.02902 0.30484 -1.17050
v -0.01867 0.31288 -1.17816
v -0.00252 0.31798 -1.17050
v -0.01413 0.24244 -1.17050
v 0.00284 0.23814 -1.17812
v -0.03594 0.26424 -1.17050
v -0.02493 0.24901 -1.17815
v -0.03833 0.28236 -1.17815
v 0.04339 0.27983 -1.17047
v 0.04237 0.28770 -1.17815
v 0.03098 0.30654 -1.17815
v 0.02678 0.31217 -1.17050
v 0.01352 0.31781 -1.17814
v 0.03469 0.25225 -1.17815
v 0.01807 0.23974 -1.17051
v 0.03727 0.25875 -1.17050
v -0.03044 0.03558 -0.13637
v -0.03045 0.33090 0.05293
v -0.02403 -0.02337 -0.13418
v -0.02398 -0.05093 -0.12817
v -0.02472 -0.09648 -0.08304
v -0.02549 -0.09525 0.02659
v -0.03043 0.09639 0.02091
v -0.02823 0.10210 0.02092
v -0.02369 0.10663 0.02093
v 0.01281 0.22473 -0.28421
v 0.00472 0.19685 -0.28430
v 0.01708 0.21133 -0.28421
v -0.03524 0.06920 -0.19211
v -0.03462 0.06913 -0.25102
v 0.00835 0.09575 -0.19210
v 0.01143 0.08607 -0.26436
v -0.00446 0.06138 -0.19210
v -0.01811 0.06080 -0.25937
v 0.00087 0.06620 -0.26023
v 0.00889 0.07787 -0.19210
v 0.00275 0.10602 -0.26911
v 0.00284 0.33658 -1.09713
v 0.00284 0.33658 -0.99503
v 0.00284 0.32155 -0.99503
v 0.00284 0.32155 -1.09713
v 0.00284 0.33658 -0.87932
v 0.00284 0.33658 -0.77721
v 0.00284 0.32155 -0.77721
v 0.00284 0.32155 -0.87932
v 0.00284 0.33658 -0.66170
v 0.00284 0.33658 -0.55960
v 0.00284 0.32155 -0.55960
v 0.00284 0.32155 -0.66170
v 0.00284 0.33658 -0.44359
v 0.00284 0.33658 -0.34149
v 0.00284 0.32155 -0.34149
v 0.00284 0.32155 -0.44359
v 0.02727 0.22698 -0.28437
v 0.03008 0.22018 -0.28437
v 0.03105 0.21288 -0.28437
v 0.03008 0.20557 -0.28437
v 0.02727 0.19877 -0.28437
v 0.00284 0.34182 -1.15854
v 0.00284 0.30497 -1.17815
v 0.03244 0.23727 -0.28421
v 0.03863 0.20387 -0.28421
v -0.04079 0.09026 -0.19210
v -0.03471 0.10308 -0.19210
v 0.02932 0.18477 -0.28424
v 0.00277 0.05117 -0.25727
v -0.02296 0.05555 -0.25666
v 0.03096 0.12683 -0.27188
v 0.03331 0.05788 -0.25636
v -0.03745 0.06715 -0.24868
v -0.03116 0.10893 -0.18711
v 0.03623 0.33090 0.05293
v 0.02387 0.27129 -0.28421
v -0.01820 0.28576 -0.28421
v -0.03181 0.31545 -0.28421
v 0.05217 0.28820 -0.28421
v 0.03649 0.31548 -0.28423
v 0.04951 0.26111 -0.28421
v -0.02893 0.23989 -0.28421
v -0.04763 0.27111 -0.28421
v 0.03614 0.05622 -0.15995
v 0.02907 -0.03766 -0.13231
v 0.02915 0.01848 -0.13578
v 0.02964 -0.06814 -0.11856
v 0.03040 -0.09947 -0.06950
v 0.03040 -0.09970 0.02830
v 0.02964 -0.08528 0.06216
v 0.02967 -0.06598 0.08067
v 0.02740 0.05436 -0.17544
v -0.00267 0.05143 -0.17097
v 0.03040 0.05096 -0.16089
v 0.03575 0.03527 -0.13800
v 0.02566 0.03798 -0.14450
v -0.02804 0.03656 -0.14115
v -0.01323 0.01920 -0.13711
v -0.01323 -0.06831 -0.12135
v 0.02958 -0.08893 -0.09636
v -0.01323 -0.09000 -0.09910
v 0.01899 -0.10635 -0.05850
v -0.01323 -0.10163 -0.07519
v -0.01342 -0.10707 -0.03780
v 0.01916 -0.10230 0.03238
v -0.01310 -0.10286 0.03072
v -0.01354 -0.07982 0.07370
v -0.02873 0.05878 -0.18246
v -0.03018 0.05572 -0.16456
v -0.02138 0.04246 -0.14948
vt 0.58007 0.81354
vt 0.58007 0.86248
vt 0.52591 0.85797
vt 0.58007 0.81354
vt 0.52591 0.85797
vt 0.52591 0.81492
vt 0.74534 0.46627
vt 0.74302 0.49658
vt 0.74483 0.50286
vt 0.58007 0.86248
vt 0.58004 0.91727
vt 0.52591 0.91912
vt 0.58007 0.86248
vt 0.52591 0.91912
vt 0.52591 0.85797
vt 0.61931 0.44375
vt 0.61621 0.50599
vt 0.62210 0.53137
vt 0.66608 0.56162
vt 0.67438 0.56729
vt 0.71001 0.57647
vt 0.71001 0.57647
vt 0.67438 0.56729
vt 0.70716 0.57699
vt 0.71051 0.56888
vt 0.66608 0.56162
vt 0.71001 0.57647
vt 0.74189 0.42914
vt 0.74302 0.49658
vt 0.73950 0.41054
vt 0.61931 0.44375
vt 0.61715 0.50495
vt 0.62019 0.43655
vt 0.74189 0.42914
vt 0.73950 0.41054
vt 0.73420 0.38892
vt 0.74534 0.46627
vt 0.73950 0.41054
vt 0.74302 0.49658
vt 0.73420 0.38892
vt 0.72475 0.37632
vt 0.71738 0.36176
vt 0.73420 0.38892
vt 0.71738 0.36176
vt 0.70873 0.35278
vt 0.73950 0.41054
vt 0.71738 0.36176
vt 0.72475 0.37632
vt 0.73420 0.38892
vt 0.73950 0.41054
vt 0.72475 0.37632
vt 0.70991 0.56755
vt 0.70765 0.57526
vt 0.67496 0.56743
vt 0.66507 0.56285
vt 0.70991 0.56755
vt 0.67496 0.56743
vt 0.67496 0.56743
vt 0.65108 0.57840
vt 0.66507 0.56285
vt 0.64914 0.57059
vt 0.65108 0.57840
vt 0.62871 0.55748
vt 0.64914 0.57059
vt 0.62871 0.55748
vt 0.64426 0.56873
vt 0.66507 0.56285
vt 0.65108 0.57840
vt 0.64914 0.57059
vt 0.74302 0.49658
vt 0.74582 0.46749
vt 0.74568 0.50207
vt 0.74302 0.49658
vt 0.74568 0.50207
vt 0.73953 0.52837
vt 0.71496 0.57358
vt 0.70765 0.57526
vt 0.72898 0.54713
vt 0.72898 0.54713
vt 0.70765 0.57526
vt 0.70991 0.56755
vt 0.73953 0.52837
vt 0.73085 0.55097
vt 0.72898 0.54713
vt 0.71496 0.57358
vt 0.72898 0.54713
vt 0.73085 0.55097
vt 0.62789 0.96303
vt 0.63467 0.96519
vt 0.62355 0.96086
vt 0.72423 0.96520
vt 0.72423 0.96520
vt 0.63467 0.96519
vt 0.72423 0.96520
vt 0.63467 0.96519
vt 0.62789 0.96303
vt 0.54794 0.95626
vt 0.62789 0.96303
vt 0.52589 0.96520
vt 0.62355 0.96086
vt 0.54794 0.95626
vt 0.52589 0.96520
vt 0.74582 0.46749
vt 0.74302 0.49658
vt 0.74189 0.42914
vt 0.72712 0.36946
vt 0.73420 0.38892
vt 0.70873 0.35278
vt 0.72300 0.77363
vt 0.72279 0.85308
vt 0.72533 0.77941
vt 0.72300 0.77363
vt 0.71813 0.82079
vt 0.71851 0.88619
vt 0.72300 0.77363
vt 0.71851 0.88619
vt 0.72279 0.85308
vt 0.71909 0.67550
vt 0.72300 0.77363
vt 0.72533 0.77941
vt 0.72300 0.77363
vt 0.71812 0.75095
vt 0.71811 0.77942
vt 0.72300 0.77363
vt 0.71811 0.77942
vt 0.71813 0.82079
vt 0.62789 0.96303
vt 0.62355 0.96086
vt 0.52589 0.96520
vt 0.62789 0.96303
vt 0.52589 0.96520
vt 0.52589 0.96520
vt 0.71909 0.67550
vt 0.71807 0.70629
vt 0.72300 0.77363
vt 0.72300 0.77363
vt 0.71807 0.70629
vt 0.71812 0.75095
vt 0.83754 0.57373
vt 0.87724 0.52832
vt 0.82613 0.52345
vt 0.79229 0.74089
vt 0.78707 0.74217
vt 0.83819 0.72821
vt 0.83819 0.72821
vt 0.78707 0.74217
vt 0.83822 0.72886
vt 0.76960 0.46968
vt 0.81276 0.50207
vt 0.75396 0.43100
vt 0.73269 0.94045
vt 0.73269 0.94045
vt 0.73284 0.85165
vt 0.73269 0.94045
vt 0.73284 0.85165
vt 0.73476 0.84189
vt 0.73476 0.84189
vt 0.73284 0.85165
vt 0.78707 0.74217
vt 0.73476 0.84189
vt 0.78707 0.74217
vt 0.79229 0.74089
vt 0.84918 0.62092
vt 0.86207 0.70017
vt 0.87724 0.52832
vt 0.84918 0.62092
vt 0.83121 0.73170
vt 0.86207 0.70017
vt 0.82613 0.52345
vt 0.81276 0.50207
vt 0.76960 0.46968
vt 0.85718 0.75147
vt 0.86207 0.70017
vt 0.83121 0.73170
vt 0.76960 0.46968
vt 0.75474 0.50477
vt 0.76023 0.55669
vt 0.82613 0.52345
vt 0.76960 0.46968
vt 0.77276 0.51345
vt 0.82613 0.52345
vt 0.77276 0.51345
vt 0.83754 0.57373
vt 0.86207 0.70017
vt 0.87372 0.71543
vt 0.89684 0.61564
vt 0.85718 0.75147
vt 0.87372 0.71543
vt 0.86207 0.70017
vt 0.84667 0.00080
vt 0.92510 0.00017
vt 0.91703 0.00000
vt 0.83814 0.60543
vt 0.82081 0.70780
vt 0.84918 0.62092
vt 0.82081 0.70780
vt 0.83121 0.73170
vt 0.84918 0.62092
vt 0.83814 0.60543
vt 0.83754 0.57373
vt 0.77276 0.51345
vt 0.96372 0.27451
vt 0.95645 0.38712
vt 0.97706 0.25356
vt 0.83921 0.28664
vt 0.86299 0.04516
vt 0.83815 0.00444
vt 0.83921 0.28664
vt 0.87798 0.34649
vt 0.86299 0.04516
vt 0.83921 0.28664
vt 0.83647 0.35163
vt 0.87798 0.34649
vt 0.83647 0.35163
vt 0.80702 0.43339
vt 0.83194 0.50301
vt 0.83647 0.35163
vt 0.83194 0.50301
vt 0.87798 0.34649
vt 0.87798 0.34649
vt 0.83194 0.50301
vt 0.87724 0.52832
vt 0.87798 0.34649
vt 0.87724 0.52832
vt 0.91777 0.37125
vt 0.91777 0.37125
vt 0.87724 0.52832
vt 0.86207 0.70017
vt 0.91777 0.37125
vt 0.86207 0.70017
vt 0.96372 0.27451
vt 0.96372 0.27451
vt 0.86207 0.70017
vt 0.89684 0.61564
vt 0.96372 0.27451
vt 0.89684 0.61564
vt 0.95645 0.38712
vt 0.86299 0.04516
vt 0.87798 0.34649
vt 0.93091 0.01181
vt 0.93091 0.01181
vt 0.96372 0.27451
vt 0.98161 0.00425
vt 0.98161 0.00425
vt 0.96372 0.27451
vt 0.98606 0.16957
vt 0.87798 0.34649
vt 0.91777 0.37125
vt 0.93091 0.01181
vt 0.93091 0.01181
vt 0.91777 0.37125
vt 0.96372 0.27451
vt 0.96372 0.27451
vt 0.97706 0.25356
vt 0.98606 0.16957
vt 0.85718 0.75147
vt 0.83121 0.73170
vt 0.85595 0.75343
vt 0.81494 0.63908
vt 0.76023 0.55669
vt 0.81505 0.64041
vt 0.83121 0.73170
vt 0.82349 0.71731
vt 0.85595 0.75343
vt 0.82081 0.70780
vt 0.82349 0.71731
vt 0.83121 0.73170
vt 0.88492 0.71193
vt 0.88691 0.71565
vt 0.89744 0.64443
vt 0.88492 0.71193
vt 0.89744 0.64443
vt 0.89818 0.64106
vt 0.74856 0.41455
vt 0.75164 0.41286
vt 0.74735 0.41442
vt 0.80726 0.39488
vt 0.80079 0.40907
vt 0.78781 0.42104
vt 0.97669 0.30370
vt 0.98500 0.23961
vt 0.99608 0.13204
vt 0.82946 0.00478
vt 0.82921 0.00453
vt 0.83379 0.18015
vt 0.82946 0.00478
vt 0.83379 0.18015
vt 0.83406 0.16155
vt 0.99608 0.13204
vt 0.98500 0.23961
vt 0.99837 0.07725
vt 0.82984 0.28352
vt 0.83379 0.18015
vt 0.82426 0.32951
vt 0.95270 0.43777
vt 0.95259 0.43883
vt 0.98500 0.23961
vt 0.95270 0.43777
vt 0.98500 0.23961
vt 0.97669 0.30370
vt 0.83406 0.16155
vt 0.83379 0.18015
vt 0.82984 0.28352
vt 0.82081 0.70780
vt 0.81494 0.63908
vt 0.81505 0.64041
vt 0.81715 0.36086
vt 0.82426 0.32951
vt 0.80079 0.40907
vt 0.81715 0.36086
vt 0.80079 0.40907
vt 0.80726 0.39488
vt 0.89818 0.64106
vt 0.89744 0.64443
vt 0.95259 0.43883
vt 0.89818 0.64106
vt 0.95259 0.43883
vt 0.95270 0.43777
vt 0.82984 0.28352
vt 0.82426 0.32951
vt 0.81715 0.36086
vt 0.82081 0.70780
vt 0.81505 0.64041
vt 0.82349 0.71731
vt 0.99786 0.01157
vt 0.98161 0.00425
vt 0.98606 0.16957
vt 0.83260 0.26328
vt 0.83406 0.16155
vt 0.82984 0.28352
vt 0.99608 0.13204
vt 1.00000 0.00649
vt 0.99786 0.01157
vt 0.89684 0.61564
vt 0.87372 0.71543
vt 0.88492 0.71193
vt 0.87372 0.71543
vt 0.85718 0.75147
vt 0.88492 0.71193
vt 0.95645 0.38712
vt 0.89684 0.61564
vt 0.95270 0.43777
vt 0.82946 0.00478
vt 0.83815 0.00444
vt 0.84667 0.00080
vt 0.82946 0.00478
vt 0.84667 0.00080
vt 0.83505 0.00003
vt 0.83815 0.00444
vt 0.82946 0.00478
vt 0.83406 0.16155
vt 0.83921 0.28664
vt 0.83406 0.16155
vt 0.83260 0.26328
vt 0.83921 0.28664
vt 0.83260 0.26328
vt 0.82984 0.28352
vt 0.95645 0.38712
vt 0.95270 0.43777
vt 0.97669 0.30370
vt 0.98606 0.16957
vt 0.97706 0.25356
vt 0.97669 0.30370
vt 0.98606 0.16957
vt 0.97669 0.30370
vt 0.99608 0.13204
vt 0.99786 0.01157
vt 0.98606 0.16957
vt 0.99608 0.13204
vt 0.89684 0.61564
vt 0.88492 0.71193
vt 0.89818 0.64106
vt 0.85718 0.75147
vt 0.85595 0.75343
vt 0.88492 0.71193
vt 0.89684 0.61564
vt 0.89818 0.64106
vt 0.95270 0.43777
vt 0.97706 0.25356
vt 0.95645 0.38712
vt 0.97669 0.30370
vt 0.87724 0.52832
vt 0.83754 0.57373
vt 0.84918 0.62092
vt 0.83754 0.57373
vt 0.83814 0.60543
vt 0.84918 0.62092
vt 0.83921 0.28664
vt 0.83815 0.00444
vt 0.83406 0.16155
vt 0.74721 0.44497
vt 0.75396 0.43100
vt 0.74856 0.41455
vt 0.80702 0.43339
vt 0.83647 0.35163
vt 0.81715 0.36086
vt 0.80702 0.43339
vt 0.81715 0.36086
vt 0.80726 0.39488
vt 0.83647 0.35163
vt 0.83921 0.28664
vt 0.82984 0.28352
vt 0.83647 0.35163
vt 0.82984 0.28352
vt 0.81715 0.36086
vt 0.80702 0.43339
vt 0.80726 0.39488
vt 0.78781 0.42104
vt 0.78760 0.43095
vt 0.80702 0.43339
vt 0.78781 0.42104
vt 0.75396 0.43100
vt 0.78781 0.42104
vt 0.74856 0.41455
vt 0.78781 0.42104
vt 0.78109 0.41646
vt 0.75164 0.41286
vt 0.78781 0.42104
vt 0.75164 0.41286
vt 0.74856 0.41455
vt 0.74912 0.47771
vt 0.75161 0.51805
vt 0.74721 0.44497
vt 0.78760 0.43095
vt 0.78781 0.42104
vt 0.75396 0.43100
vt 0.78781 0.42104
vt 0.80079 0.40907
vt 0.78109 0.41646
vt 0.75396 0.43100
vt 0.80702 0.43339
vt 0.78760 0.43095
vt 0.75396 0.43100
vt 0.81276 0.50207
vt 0.83194 0.50301
vt 0.75396 0.43100
vt 0.83194 0.50301
vt 0.80702 0.43339
vt 0.83194 0.50301
vt 0.81276 0.50207
vt 0.82613 0.52345
vt 0.83194 0.50301
vt 0.82613 0.52345
vt 0.87724 0.52832
vt 0.84657 0.59155
vt 0.78035 0.51938
vt 0.83680 0.52847
vt 0.86207 0.70018
vt 0.83363 0.73341
vt 0.84657 0.59155
vt 0.84657 0.59155
vt 0.90030 0.48761
vt 0.86207 0.70018
vt 0.76829 0.46436
vt 0.80965 0.50322
vt 0.78035 0.51938
vt 0.74912 0.47771
vt 0.74721 0.44497
vt 0.74856 0.41455
vt 0.76829 0.46436
vt 0.76588 0.43413
vt 0.80965 0.50322
vt 0.92699 0.50745
vt 0.87972 0.70059
vt 0.86207 0.70018
vt 0.83262 0.59553
vt 0.78035 0.51938
vt 0.84657 0.59155
vt 0.83363 0.73341
vt 0.81967 0.70462
vt 0.83248 0.68213
vt 0.83680 0.52847
vt 0.78035 0.51938
vt 0.80965 0.50322
vt 0.86207 0.70018
vt 0.87972 0.70059
vt 0.85731 0.75094
vt 0.85731 0.75094
vt 0.83363 0.73341
vt 0.86207 0.70018
vt 0.82854 0.38096
vt 0.83259 0.47576
vt 0.80349 0.43551
vt 0.85553 0.35020
vt 0.90030 0.48761
vt 0.83259 0.47576
vt 0.90030 0.48761
vt 0.95105 0.36254
vt 0.86207 0.70018
vt 0.95105 0.36254
vt 0.92699 0.50745
vt 0.86207 0.70018
vt 0.83462 0.30770
vt 0.85553 0.35020
vt 0.82854 0.38096
vt 0.82854 0.38096
vt 0.80349 0.43551
vt 0.81288 0.40462
vt 0.82854 0.38096
vt 0.85553 0.35020
vt 0.83259 0.47576
vt 0.83876 0.61528
vt 0.84657 0.59155
vt 0.83363 0.73341
vt 0.83876 0.61528
vt 0.83363 0.73341
vt 0.83248 0.68213
vt 0.96849 0.19795
vt 0.98469 0.00248
vt 0.99171 0.09176
vt 0.83363 0.73341
vt 0.84936 0.75076
vt 0.82694 0.72393
vt 0.88299 0.00865
vt 0.90030 0.48761
vt 0.88328 0.24067
vt 0.93106 0.12412
vt 0.96849 0.19795
vt 0.90030 0.48761
vt 0.96849 0.19795
vt 0.99171 0.09176
vt 0.97561 0.27026
vt 0.84319 0.19855
vt 0.85273 0.00758
vt 0.88299 0.00865
vt 0.96849 0.19795
vt 0.97561 0.27026
vt 0.95105 0.36254
vt 0.84319 0.19855
vt 0.88299 0.00865
vt 0.88328 0.24067
vt 0.88299 0.00865
vt 0.93106 0.12412
vt 0.90030 0.48761
vt 0.84319 0.19855
vt 0.85553 0.35020
vt 0.83462 0.30770
vt 0.84319 0.19855
vt 0.88328 0.24067
vt 0.85553 0.35020
vt 0.88328 0.24067
vt 0.90030 0.48761
vt 0.85553 0.35020
vt 0.90030 0.48761
vt 0.96849 0.19795
vt 0.95105 0.36254
vt 0.85731 0.75094
vt 0.84936 0.75076
vt 0.83363 0.73341
vt 0.81271 0.63515
vt 0.80882 0.62770
vt 0.76184 0.56071
vt 0.81967 0.70462
vt 0.83363 0.73341
vt 0.82694 0.72393
vt 0.75976 0.55232
vt 0.76184 0.56071
vt 0.75142 0.51730
vt 0.99171 0.09176
vt 0.98500 0.23961
vt 0.97561 0.27026
vt 0.95105 0.36254
vt 0.95259 0.43883
vt 0.92699 0.50745
vt 0.83388 0.24445
vt 0.83379 0.18015
vt 0.83536 0.14271
vt 0.83536 0.14271
vt 0.83379 0.18015
vt 0.82921 0.00453
vt 0.99171 0.09176
vt 0.98469 0.00248
vt 0.99495 0.00341
vt 0.76747 0.42217
vt 0.75164 0.41286
vt 0.78109 0.41646
vt 0.80079 0.40907
vt 0.82426 0.32951
vt 0.81909 0.36198
vt 0.83388 0.24445
vt 0.82426 0.32951
vt 0.83379 0.18015
vt 0.78437 0.42261
vt 0.78109 0.41646
vt 0.80079 0.40907
vt 0.74602 0.42603
vt 0.74735 0.41442
vt 0.75164 0.41286
vt 0.99837 0.07725
vt 0.99171 0.09176
vt 0.99495 0.00341
vt 0.99837 0.07725
vt 0.99495 0.00341
vt 0.99958 0.00318
vt 0.95105 0.36254
vt 0.97561 0.27026
vt 0.95259 0.43883
vt 0.82854 0.38096
vt 0.81909 0.36198
vt 0.83462 0.30770
vt 0.80349 0.43551
vt 0.80079 0.40907
vt 0.81288 0.40462
vt 0.80349 0.43551
vt 0.78437 0.42261
vt 0.80079 0.40907
vt 0.75476 0.43113
vt 0.75164 0.41286
vt 0.76747 0.42217
vt 0.83462 0.30770
vt 0.82426 0.32951
vt 0.83388 0.24445
vt 0.97561 0.27026
vt 0.98500 0.23961
vt 0.95259 0.43883
vt 0.99171 0.09176
vt 0.99837 0.07725
vt 0.98500 0.23961
vt 0.92699 0.50745
vt 0.89744 0.64443
vt 0.87972 0.70059
vt 0.87972 0.70059
vt 0.89744 0.64443
vt 0.88691 0.71565
vt 0.87972 0.70059
vt 0.88691 0.71565
vt 0.87422 0.73977
vt 0.87972 0.70059
vt 0.87422 0.73977
vt 0.85731 0.75094
vt 0.85731 0.75094
vt 0.87422 0.73977
vt 0.86255 0.75073
vt 0.92699 0.50745
vt 0.95259 0.43883
vt 0.89744 0.64443
vt 0.81271 0.63515
vt 0.81648 0.65479
vt 0.81585 0.64773
vt 0.85731 0.75094
vt 0.86255 0.75073
vt 0.84936 0.75076
vt 0.83680 0.52847
vt 0.90030 0.48761
vt 0.84657 0.59155
vt 0.84657 0.59155
vt 0.83876 0.61528
vt 0.83262 0.59553
vt 0.81271 0.63515
vt 0.83262 0.59553
vt 0.81648 0.65479
vt 0.83462 0.30770
vt 0.83388 0.24445
vt 0.84319 0.19855
vt 0.84319 0.19855
vt 0.83388 0.24445
vt 0.83536 0.14271
vt 0.75476 0.43113
vt 0.76747 0.42217
vt 0.76588 0.43413
vt 0.74742 0.44803
vt 0.74602 0.42603
vt 0.75164 0.41286
vt 0.74742 0.44803
vt 0.75164 0.41286
vt 0.75476 0.43113
vt 0.81288 0.40462
vt 0.80079 0.40907
vt 0.81909 0.36198
vt 0.81288 0.40462
vt 0.81909 0.36198
vt 0.82854 0.38096
vt 0.83462 0.30770
vt 0.81909 0.36198
vt 0.82426 0.32951
vt 0.81648 0.65479
vt 0.81967 0.70462
vt 0.81585 0.64773
vt 0.76829 0.46436
vt 0.74742 0.44803
vt 0.75476 0.43113
vt 0.74983 0.48975
vt 0.74742 0.44803
vt 0.75142 0.51730
vt 0.74842 0.46593
vt 0.74742 0.44803
vt 0.74983 0.48975
vt 0.74842 0.46593
vt 0.74602 0.42603
vt 0.74742 0.44803
vt 0.75476 0.43113
vt 0.76588 0.43413
vt 0.76829 0.46436
vt 0.76588 0.43413
vt 0.83259 0.47576
vt 0.80965 0.50322
vt 0.78109 0.41646
vt 0.78437 0.42261
vt 0.76747 0.42217
vt 0.80349 0.43551
vt 0.76588 0.43413
vt 0.76747 0.42217
vt 0.80349 0.43551
vt 0.76747 0.42217
vt 0.78437 0.42261
vt 0.83259 0.47576
vt 0.90030 0.48761
vt 0.83680 0.52847
vt 0.83259 0.47576
vt 0.83680 0.52847
vt 0.80965 0.50322
vt 0.76588 0.43413
vt 0.80349 0.43551
vt 0.83259 0.47576
vt 0.81494 0.63908
vt 0.82081 0.70780
vt 0.83814 0.60543
vt 0.74742 0.44803
vt 0.76829 0.46436
vt 0.75142 0.51730
vt 0.75142 0.51730
vt 0.76829 0.46436
vt 0.78035 0.51938
vt 0.77276 0.51345
vt 0.81494 0.63908
vt 0.83814 0.60543
vt 0.75474 0.50477
vt 0.75161 0.51805
vt 0.76023 0.55669
vt 0.76960 0.46968
vt 0.76023 0.55669
vt 0.77276 0.51345
vt 0.77276 0.51345
vt 0.76023 0.55669
vt 0.81494 0.63908
vt 0.74721 0.44497
vt 0.76960 0.46968
vt 0.75396 0.43100
vt 0.74721 0.44497
vt 0.75161 0.51805
vt 0.75474 0.50477
vt 0.74721 0.44497
vt 0.75474 0.50477
vt 0.76960 0.46968
vt 0.83815 0.00444
vt 0.86299 0.04516
vt 0.88499 0.00649
vt 0.99608 0.13204
vt 0.99837 0.07725
vt 0.99958 0.00318
vt 0.99608 0.13204
vt 0.99958 0.00318
vt 1.00000 0.00649
vt 0.81648 0.65479
vt 0.83248 0.68213
vt 0.81967 0.70462
vt 0.86299 0.04516
vt 0.93091 0.01181
vt 0.88499 0.00649
vt 0.83262 0.59553
vt 0.83876 0.61528
vt 0.81648 0.65479
vt 0.83876 0.61528
vt 0.83248 0.68213
vt 0.81648 0.65479
vt 0.75142 0.51730
vt 0.78035 0.51938
vt 0.75976 0.55232
vt 0.78035 0.51938
vt 0.76184 0.56071
vt 0.75976 0.55232
vt 0.78035 0.51938
vt 0.83262 0.59553
vt 0.81271 0.63515
vt 0.78035 0.51938
vt 0.81271 0.63515
vt 0.76184 0.56071
vt 0.83652 0.00224
vt 0.84319 0.19855
vt 0.83536 0.14271
vt 0.83652 0.00224
vt 0.83536 0.14271
vt 0.82921 0.00453
vt 0.93091 0.01181
vt 0.98161 0.00425
vt 0.92510 0.00017
vt 0.88499 0.00649
vt 0.93091 0.01181
vt 0.92510 0.00017
vt 0.83815 0.00444
vt 0.88499 0.00649
vt 0.92510 0.00017
vt 0.83815 0.00444
vt 0.92510 0.00017
vt 0.84667 0.00080
vt 0.85273 0.00758
vt 0.84319 0.19855
vt 0.83652 0.00224
vt 0.96849 0.19795
vt 0.93106 0.12412
vt 0.93060 0.00649
vt 0.96849 0.19795
vt 0.93060 0.00649
vt 0.98469 0.00248
vt 0.93106 0.12412
vt 0.88299 0.00865
vt 0.93060 0.00649
vt 0.99786 0.01157
vt 0.99578 0.00312
vt 0.98161 0.00425
vt 0.99707 0.00092
vt 0.99578 0.00312
vt 0.99786 0.01157
vt 0.99707 0.00092
vt 0.99786 0.01157
vt 1.00000 0.00649
vt 0.99578 0.00312
vt 0.99707 0.00092
vt 0.98161 0.00425
vt 0.98469 0.00248
vt 0.98837 0.00003
vt 0.99495 0.00341
vt 0.83652 0.00224
vt 0.82921 0.00453
vt 0.83280 0.00133
vt 0.98161 0.00425
vt 0.99707 0.00092
vt 0.92510 0.00017
vt 0.83505 0.00003
vt 0.83280 0.00133
vt 0.82921 0.00453
vt 0.83505 0.00003
vt 0.82921 0.00453
vt 0.82946 0.00478
vt 0.98469 0.00248
vt 0.93060 0.00649
vt 0.91969 0.00134
vt 0.93060 0.00649
vt 0.88299 0.00865
vt 0.91969 0.00134
vt 0.88299 0.00865
vt 0.85273 0.00758
vt 0.85416 0.00158
vt 0.88299 0.00865
vt 0.85416 0.00158
vt 0.91969 0.00134
vt 0.85416 0.00158
vt 0.85273 0.00758
vt 0.83652 0.00224
vt 1.00000 0.00649
vt 0.99958 0.00318
vt 0.99707 0.00092
vt 0.58604 0.87291
vt 0.58603 0.87766
vt 0.58603 0.86818
vt 0.58604 0.87291
vt 0.58604 0.89836
vt 0.58603 0.88644
vt 0.58604 0.87291
vt 0.58603 0.88644
vt 0.58603 0.87766
vt 0.58604 0.89836
vt 0.58603 0.89398
vt 0.58603 0.88644
vt 0.58604 0.89836
vt 0.58603 0.89977
vt 0.58603 0.89398
vt 0.58604 0.83434
vt 0.58603 0.83670
vt 0.58603 0.84248
vt 0.58604 0.85253
vt 0.58604 0.83434
vt 0.58603 0.84248
vt 0.58604 0.85253
vt 0.58603 0.84248
vt 0.58603 0.85003
vt 0.58604 0.85253
vt 0.58603 0.85003
vt 0.58603 0.85881
vt 0.58604 0.88106
vt 0.58604 0.85253
vt 0.58603 0.85881
vt 0.58604 0.88106
vt 0.58603 0.85881
vt 0.58603 0.86824
vt 0.58604 0.90686
vt 0.58603 0.89398
vt 0.58603 0.89977
vt 0.58604 0.90686
vt 0.58603 0.89977
vt 0.58603 0.90341
vt 0.58604 0.82525
vt 0.58603 0.83182
vt 0.58603 0.83306
vt 0.58604 0.83434
vt 0.58604 0.82525
vt 0.58603 0.83306
vt 0.58604 0.83434
vt 0.58603 0.83306
vt 0.58603 0.83670
vt 0.98837 0.00003
vt 0.99958 0.00318
vt 0.99495 0.00341
vt 0.58604 0.88106
vt 0.58603 0.86824
vt 0.58603 0.87766
vt 0.58604 0.88106
vt 0.58603 0.87766
vt 0.58603 0.88644
vt 0.58604 0.90686
vt 0.58604 0.88106
vt 0.58603 0.88644
vt 0.58604 0.90686
vt 0.58603 0.88644
vt 0.58603 0.89398
vt 0.62210 0.53137
vt 0.62871 0.55748
vt 0.62180 0.53534
vt 0.63385 0.55860
vt 0.64426 0.56873
vt 0.62871 0.55748
vt 0.58604 0.91163
vt 0.58603 0.90493
vt 0.58603 0.90341
vt 0.62210 0.53137
vt 0.62180 0.53534
vt 0.61715 0.50495
vt 0.63719 0.57007
vt 0.62184 0.54058
vt 0.62381 0.55097
vt 0.63385 0.55860
vt 0.62210 0.53137
vt 0.62184 0.54058
vt 0.63385 0.55860
vt 0.62184 0.54058
vt 0.63719 0.57007
vt 0.62210 0.53137
vt 0.63385 0.55860
vt 0.62871 0.55748
vt 0.58604 0.85065
vt 0.58603 0.85881
vt 0.58603 0.85003
vt 0.58604 0.85065
vt 0.58604 0.87291
vt 0.58603 0.86818
vt 0.58604 0.85065
vt 0.58603 0.86818
vt 0.58603 0.85881
vt 0.58604 0.91163
vt 0.58604 0.90686
vt 0.58603 0.90341
vt 0.58604 0.91163
vt 0.58603 0.90341
vt 0.58603 0.90493
vt 0.58604 0.89836
vt 0.58604 0.91163
vt 0.58603 0.90341
vt 0.58604 0.89836
vt 0.58603 0.90341
vt 0.58603 0.89977
vt 0.58604 0.82525
vt 0.58604 0.82930
vt 0.58603 0.83306
vt 0.58604 0.82525
vt 0.58603 0.83306
vt 0.58603 0.83182
vt 0.58604 0.82930
vt 0.58603 0.83670
vt 0.58603 0.83306
vt 0.58604 0.82930
vt 0.58603 0.84248
vt 0.58603 0.83670
vt 0.58604 0.82930
vt 0.58604 0.85065
vt 0.58603 0.85003
vt 0.58604 0.82930
vt 0.58603 0.85003
vt 0.58603 0.84248
vt 0.61715 0.50495
vt 0.61417 0.45190
vt 0.62019 0.43655
vt 0.62019 0.43655
vt 0.61417 0.45190
vt 0.61770 0.41390
vt 0.62019 0.43655
vt 0.61770 0.41390
vt 0.62681 0.39739
vt 0.62681 0.39739
vt 0.61770 0.41390
vt 0.64424 0.35109
vt 0.62681 0.39739
vt 0.64424 0.35109
vt 0.63852 0.37152
vt 0.64828 0.57057
vt 0.66507 0.56285
vt 0.64914 0.57059
vt 0.61715 0.50495
vt 0.62180 0.53534
vt 0.61288 0.53320
vt 0.74568 0.50207
vt 0.74582 0.46749
vt 0.74842 0.46593
vt 0.74568 0.50207
vt 0.74842 0.46593
vt 0.74983 0.48975
vt 0.64828 0.57057
vt 0.64914 0.57059
vt 0.64426 0.56873
vt 0.66608 0.56162
vt 0.64828 0.57057
vt 0.65561 0.57568
vt 0.66608 0.56162
vt 0.65561 0.57568
vt 0.67438 0.56729
vt 0.64828 0.57057
vt 0.66608 0.56162
vt 0.66507 0.56285
vt 0.64828 0.57057
vt 0.63385 0.55860
vt 0.63719 0.57007
vt 0.63385 0.55860
vt 0.64828 0.57057
vt 0.64426 0.56873
vt 0.65561 0.57568
vt 0.64828 0.57057
vt 0.63719 0.57007
vt 0.59629 0.56096
vt 0.62871 0.55748
vt 0.65108 0.57840
vt 0.59629 0.56096
vt 0.65108 0.57840
vt 0.58576 0.56518
vt 0.70765 0.57526
vt 0.65108 0.57840
vt 0.67496 0.56743
vt 0.70540 0.62491
vt 0.70813 0.63613
vt 0.70540 0.63117
vt 0.58522 0.62493
vt 0.70540 0.62491
vt 0.70540 0.63117
vt 0.74189 0.42914
vt 0.74842 0.46593
vt 0.74582 0.46749
vt 0.76184 0.56071
vt 0.71496 0.57358
vt 0.73085 0.55097
vt 0.70539 0.61705
vt 0.58522 0.61705
vt 0.70765 0.57526
vt 0.73420 0.38892
vt 0.74602 0.42603
vt 0.74189 0.42914
vt 0.74189 0.42914
vt 0.74602 0.42603
vt 0.74842 0.46593
vt 0.63852 0.37152
vt 0.64424 0.35109
vt 0.66135 0.35013
vt 0.66135 0.35013
vt 0.64424 0.35109
vt 0.68552 0.34316
vt 0.66135 0.35013
vt 0.68552 0.34316
vt 0.70873 0.35278
vt 0.58009 0.61617
vt 0.53479 0.63032
vt 0.53759 0.60282
vt 0.70873 0.92360
vt 0.62789 0.96303
vt 0.58366 0.92679
vt 0.74983 0.48975
vt 0.75142 0.51730
vt 0.74568 0.50207
vt 0.58007 0.77766
vt 0.52591 0.79403
vt 0.52591 0.77555
vt 0.58007 0.79426
vt 0.52591 0.79403
vt 0.58007 0.77766
vt 0.62871 0.55748
vt 0.59629 0.56096
vt 0.61006 0.53454
vt 0.62871 0.55748
vt 0.61006 0.53454
vt 0.61288 0.53320
vt 0.62871 0.55748
vt 0.61288 0.53320
vt 0.62180 0.53534
vt 0.70873 0.92360
vt 0.72423 0.94043
vt 0.62789 0.96303
vt 0.58522 0.62493
vt 0.70540 0.63117
vt 0.58522 0.63119
vt 0.70539 0.61705
vt 0.70813 0.63613
vt 0.70540 0.62491
vt 0.70540 0.63426
vt 0.70540 0.63117
vt 0.70813 0.63613
vt 0.58522 0.63119
vt 0.70540 0.63117
vt 0.70540 0.63426
vt 0.58522 0.63119
vt 0.70540 0.63426
vt 0.58522 0.63424
vt 0.58522 0.61705
vt 0.70539 0.61705
vt 0.70540 0.62491
vt 0.58522 0.61705
vt 0.70540 0.62491
vt 0.58522 0.62493
vt 0.53479 0.63032
vt 0.58093 0.64152
vt 0.58007 0.75411
vt 0.76184 0.56071
vt 0.73085 0.55097
vt 0.73953 0.52837
vt 0.58366 0.92679
vt 0.54794 0.95626
vt 0.54191 0.93949
vt 0.53479 0.63032
vt 0.58007 0.75411
vt 0.52586 0.75558
vt 0.52591 0.91912
vt 0.58004 0.91727
vt 0.58366 0.92679
vt 0.83027 0.74873
vt 0.82694 0.72393
vt 0.84936 0.75076
vt 0.83027 0.74873
vt 0.80503 0.75557
vt 0.81967 0.70462
vt 0.83027 0.74873
vt 0.81967 0.70462
vt 0.82694 0.72393
vt 0.76184 0.56071
vt 0.73953 0.52837
vt 0.74568 0.50207
vt 0.76184 0.56071
vt 0.74568 0.50207
vt 0.75142 0.51730
vt 0.58009 0.56876
vt 0.54002 0.57541
vt 0.54053 0.56797
vt 0.58009 0.59151
vt 0.58009 0.61617
vt 0.53759 0.60282
vt 0.58009 0.56876
vt 0.58009 0.59151
vt 0.53759 0.60282
vt 0.71813 0.82079
vt 0.70925 0.85234
vt 0.71851 0.88619
vt 0.71851 0.88619
vt 0.70925 0.85234
vt 0.70925 0.88420
vt 0.58007 0.81354
vt 0.52591 0.79403
vt 0.58007 0.79426
vt 0.58007 0.81354
vt 0.52591 0.81492
vt 0.52591 0.79403
vt 0.71811 0.77942
vt 0.70925 0.79697
vt 0.71813 0.82079
vt 0.71813 0.82079
vt 0.70925 0.79697
vt 0.70925 0.85234
vt 0.58007 0.76488
vt 0.52586 0.75558
vt 0.58007 0.75411
vt 0.58007 0.77766
vt 0.52591 0.77555
vt 0.52586 0.75558
vt 0.58007 0.77766
vt 0.52586 0.75558
vt 0.58007 0.76488
vt 0.53479 0.63032
vt 0.58009 0.61617
vt 0.58093 0.64152
vt 0.72423 0.94043
vt 0.72423 0.96520
vt 0.62789 0.96303
vt 0.71432 0.63211
vt 0.71496 0.57358
vt 0.76184 0.56071
vt 0.71432 0.63211
vt 0.76184 0.56071
vt 0.80882 0.62770
vt 0.71909 0.67550
vt 0.70925 0.67455
vt 0.71807 0.70629
vt 0.71812 0.75095
vt 0.70925 0.74792
vt 0.70925 0.79697
vt 0.71812 0.75095
vt 0.70925 0.79697
vt 0.71811 0.77942
vt 0.00456 0.92407
vt 0.17226 0.92753
vt 0.11137 0.92753
vt 0.00456 0.92407
vt 0.23950 0.92753
vt 0.17226 0.92753
vt 0.52590 0.92405
vt 0.49580 0.92753
vt 0.42857 0.92753
vt 0.00456 0.95549
vt 0.23950 0.94825
vt 0.30027 0.94825
vt 0.58366 0.92679
vt 0.54191 0.93949
vt 0.52591 0.91912
vt 0.58366 0.92679
vt 0.62789 0.96303
vt 0.54794 0.95626
vt 0.71807 0.70629
vt 0.70925 0.67455
vt 0.70925 0.70574
vt 0.71807 0.70629
vt 0.70925 0.70574
vt 0.70925 0.72211
vt 0.71807 0.70629
vt 0.70925 0.72211
vt 0.70925 0.74792
vt 0.71807 0.70629
vt 0.70925 0.74792
vt 0.71812 0.75095
vt 0.58009 0.56876
vt 0.53759 0.60282
vt 0.54002 0.57541
vt 0.58009 0.57955
vt 0.58009 0.56876
vt 0.54053 0.56797
vt 0.58009 0.57955
vt 0.54053 0.56797
vt 0.54543 0.57946
vt 0.70539 0.61705
vt 0.70765 0.57526
vt 0.70813 0.63613
vt 0.70873 0.92360
vt 0.73732 0.94026
vt 0.72423 0.94043
vt 0.65108 0.57840
vt 0.58522 0.61705
vt 0.58576 0.56518
vt 0.70813 0.63613
vt 0.81967 0.70462
vt 0.80503 0.75557
vt 0.30027 0.92753
vt 0.36751 0.92753
vt 0.52590 0.92405
vt 0.52590 0.95549
vt 0.42857 0.94825
vt 0.36751 0.94825
vt 0.36751 0.92753
vt 0.42857 0.92753
vt 0.52590 0.92405
vt 0.11137 0.94825
vt 0.04414 0.94825
vt 0.00456 0.95549
vt 0.00456 0.92407
vt 0.23950 0.92753
vt 0.30027 0.92753
vt 0.00456 0.92407
vt 0.30027 0.92753
vt 0.52590 0.92405
vt 0.52590 0.95549
vt 0.30027 0.94825
vt 0.23950 0.94825
vt 0.52590 0.95549
vt 0.23950 0.94825
vt 0.00456 0.95549
vt 0.00456 0.81472
vt 0.00007 0.83197
vt 0.00457 0.84093
vt 0.00457 0.84093
vt 0.00007 0.83197
vt 0.00458 0.87000
vt 0.00458 0.87000
vt 0.00007 0.83197
vt 0.00007 0.88086
vt 0.36751 0.94825
vt 0.30027 0.94825
vt 0.52590 0.95549
vt 0.00457 0.91460
vt 0.00007 0.92238
vt 0.00457 0.92262
vt 0.00456 0.81472
vt 0.00008 0.81251
vt 0.00007 0.83197
vt 0.00456 0.95549
vt 0.30027 0.94825
vt 0.52590 0.95549
vt 0.36751 0.92753
vt 0.30027 0.92753
vt 0.52590 0.92405
vt 0.52590 0.92405
vt 0.42857 0.92753
vt 0.36751 0.92753
vt 0.36751 0.94825
vt 0.42857 0.94825
vt 0.52590 0.95549
vt 0.30027 0.94825
vt 0.36751 0.94825
vt 0.52590 0.95549
vt 0.23950 0.92753
vt 0.00456 0.92407
vt 0.52590 0.92405
vt 0.23950 0.92753
vt 0.52590 0.92405
vt 0.30027 0.92753
vt 0.00457 0.84850
vt 0.00007 0.87350
vt 0.00007 0.82751
vt 0.00457 0.92262
vt 0.00007 0.92238
vt 0.00006 0.91558
vt 0.00456 0.81472
vt 0.00457 0.81845
vt 0.00008 0.81251
vt 0.00457 0.81845
vt 0.00007 0.82751
vt 0.00008 0.81251
vt 0.00457 0.81845
vt 0.00457 0.84850
vt 0.00007 0.82751
vt 0.00457 0.90450
vt 0.00006 0.91558
vt 0.00007 0.87350
vt 0.00457 0.90450
vt 0.00457 0.92262
vt 0.00006 0.91558
vt 0.17226 0.94825
vt 0.11137 0.94825
vt 0.00456 0.95549
vt 0.23950 0.94825
vt 0.17226 0.94825
vt 0.00456 0.95549
vt 0.00456 0.92407
vt 0.04414 0.92753
vt 0.11137 0.92753
vt 0.00456 0.92407
vt 0.11137 0.92753
vt 0.17226 0.92753
vt 0.00456 0.92407
vt 0.17226 0.92753
vt 0.23950 0.92753
vt 0.00456 0.95549
vt 0.04414 0.94825
vt 0.11137 0.94825
vt 0.42857 0.94825
vt 0.49580 0.94825
vt 0.52590 0.95549
vt 0.00456 0.95549
vt 0.17226 0.94825
vt 0.23950 0.94825
vt 0.01160 0.95549
vt 0.52590 0.96020
vt 0.18015 0.97800
vt 0.01160 0.95549
vt 0.18015 0.97800
vt 0.01160 0.97801
vt 0.01160 0.95549
vt 0.01160 0.97801
vt 0.18015 0.97800
vt 0.01160 0.95549
vt 0.18015 0.97800
vt 0.52590 0.96020
vt 0.01160 0.95549
vt 0.52590 0.96020
vt 0.52590 0.95549
vt 0.42068 0.77771
vt 0.42133 0.78774
vt 0.42129 0.78748
vt 0.42129 0.76793
vt 0.42133 0.76761
vt 0.42068 0.77768
vt 0.42129 0.76793
vt 0.42068 0.77768
vt 0.42068 0.77771
vt 0.42129 0.76793
vt 0.42286 0.75865
vt 0.42286 0.75822
vt 0.42129 0.76793
vt 0.42286 0.75822
vt 0.42133 0.76761
vt 0.42286 0.75865
vt 0.42555 0.75025
vt 0.42552 0.75016
vt 0.42286 0.75865
vt 0.42552 0.75016
vt 0.42286 0.75822
vt 0.01160 0.95549
vt 0.52590 0.95549
vt 0.52590 0.96020
vt 0.42552 0.80519
vt 0.46716 0.80521
vt 0.42555 0.80514
vt 0.46808 0.75359
vt 0.42552 0.75016
vt 0.42555 0.75025
vt 0.46808 0.75359
vt 0.42555 0.75025
vt 0.46722 0.75024
vt 0.42286 0.79677
vt 0.42286 0.79713
vt 0.42552 0.80519
vt 0.42286 0.79677
vt 0.42552 0.80519
vt 0.42555 0.80514
vt 0.42129 0.78748
vt 0.42133 0.78774
vt 0.42286 0.79713
vt 0.42129 0.78748
vt 0.42286 0.79713
vt 0.42286 0.79677
vt 0.42068 0.77771
vt 0.42068 0.77768
vt 0.42133 0.78774
vt 0.00458 0.87000
vt 0.00007 0.88086
vt 0.00457 0.91460
vt 0.00457 0.91460
vt 0.00007 0.88086
vt 0.00007 0.90684
vt 0.00457 0.91460
vt 0.00007 0.90684
vt 0.00007 0.92238
vt 0.00456 0.95549
vt 0.04414 0.94825
vt 0.04414 0.92753
vt 0.00456 0.95549
vt 0.04414 0.92753
vt 0.00456 0.92407
vt 0.11137 0.94825
vt 0.17226 0.94825
vt 0.17226 0.92753
vt 0.11137 0.94825
vt 0.17226 0.92753
vt 0.11137 0.92753
vt 0.23950 0.94825
vt 0.30027 0.94825
vt 0.30027 0.92753
vt 0.23950 0.94825
vt 0.30027 0.92753
vt 0.23950 0.92753
vt 0.36751 0.94825
vt 0.42857 0.94825
vt 0.42857 0.92753
vt 0.36751 0.94825
vt 0.42857 0.92753
vt 0.36751 0.92753
vt 0.23950 0.94825
vt 0.23950 0.92753
vt 0.30027 0.92753
vt 0.23950 0.94825
vt 0.30027 0.92753
vt 0.30027 0.94825
vt 0.36751 0.94825
vt 0.36751 0.92753
vt 0.42857 0.92753
vt 0.36751 0.94825
vt 0.42857 0.92753
vt 0.42857 0.94825
vt 0.42857 0.92753
vt 0.49580 0.92753
vt 0.52590 0.92405
vt 0.52590 0.95549
vt 0.52590 0.92405
vt 0.49580 0.92753
vt 0.52590 0.95549
vt 0.49580 0.92753
vt 0.49580 0.94825
vt 0.49580 0.94825
vt 0.42857 0.94825
vt 0.52590 0.95549
vt 0.00456 0.92407
vt 0.11137 0.92753
vt 0.04414 0.92753
vt 0.52590 0.95549
vt 0.49580 0.94825
vt 0.49580 0.92753
vt 0.52590 0.95549
vt 0.49580 0.92753
vt 0.52590 0.92405
vt 0.00456 0.95549
vt 0.11137 0.94825
vt 0.17226 0.94825
vt 0.00456 0.95549
vt 0.00456 0.92407
vt 0.04414 0.92753
vt 0.00456 0.95549
vt 0.04414 0.92753
vt 0.04414 0.94825
vt 0.11137 0.94825
vt 0.11137 0.92753
vt 0.17226 0.92753
vt 0.11137 0.94825
vt 0.17226 0.92753
vt 0.17226 0.94825
vt 0.01534 1.00000
vt 0.06635 0.98002
vt 0.01118 0.98450
vt 0.06627 0.97952
vt 0.01309 0.99897
vt 0.01160 0.97801
vt 0.00457 0.84850
vt 0.00457 0.90450
vt 0.00007 0.87350
vt 0.58007 0.81354
vt 0.58008 0.83762
vt 0.58007 0.86248
vt 0.58007 0.81354
vt 0.58008 0.82117
vt 0.58008 0.83762
vt 0.58007 0.83282
vt 0.58008 0.83608
vt 0.58007 0.81045
vt 0.58008 0.83608
vt 0.58008 0.82117
vt 0.58007 0.81045
vt 0.58034 0.92214
vt 0.58008 0.90701
vt 0.58007 0.87818
vt 0.00456 0.79676
vt 0.42286 0.79677
vt 0.42555 0.80514
vt 0.00456 0.79676
vt 0.42555 0.80514
vt 0.00456 0.80509
vt 0.00456 0.78748
vt 0.42129 0.78748
vt 0.42286 0.79677
vt 0.00456 0.78748
vt 0.42286 0.79677
vt 0.00456 0.79676
vt 0.00456 0.77771
vt 0.42068 0.77771
vt 0.42129 0.78748
vt 0.00456 0.77771
vt 0.42129 0.78748
vt 0.00456 0.78748
vt 0.00456 0.76793
vt 0.42129 0.76793
vt 0.42068 0.77771
vt 0.52584 0.79911
vt 0.46933 0.79685
vt 0.46716 0.80521
vt 0.52582 0.80518
vt 0.46716 0.80521
vt 0.42552 0.80519
vt 0.52582 0.75016
vt 0.42552 0.75016
vt 0.46808 0.75359
vt 0.52582 0.75016
vt 0.46808 0.75359
vt 0.52579 0.75531
vt 0.52582 0.80518
vt 0.52584 0.79911
vt 0.46716 0.80521
vt 0.00456 0.75032
vt 0.42555 0.75025
vt 0.42286 0.75865
vt 0.00456 0.75032
vt 0.42286 0.75865
vt 0.00456 0.75865
vt 0.52590 0.74337
vt 0.52589 0.75817
vt 0.46722 0.75024
vt 0.52590 0.74337
vt 0.46722 0.75024
vt 0.00456 0.74337
vt 0.00456 0.74337
vt 0.46722 0.75024
vt 0.42555 0.75025
vt 0.00456 0.74337
vt 0.42555 0.75025
vt 0.00456 0.75032
vt 0.00456 0.74337
vt 0.00456 0.73813
vt 0.52590 0.73813
vt 0.00456 0.74337
vt 0.52590 0.73813
vt 0.52590 0.74337
vt 0.58007 0.87818
vt 0.58008 0.90701
vt 0.58008 0.86981
vt 0.00456 0.76793
vt 0.42068 0.77771
vt 0.00456 0.77771
vt 0.00456 0.75865
vt 0.42286 0.75865
vt 0.42129 0.76793
vt 0.00456 0.75865
vt 0.42129 0.76793
vt 0.00456 0.76793
vt 0.58004 0.91727
vt 0.58007 0.86248
vt 0.58008 0.87889
vt 0.58004 0.91727
vt 0.58008 0.87889
vt 0.58009 0.91197
vt 0.58034 0.92214
vt 0.58004 0.91727
vt 0.58009 0.91197
vt 0.58008 0.86981
vt 0.58008 0.83608
vt 0.58007 0.83282
vt 0.58008 0.86981
vt 0.58007 0.83282
vt 0.58007 0.87818
vt 0.58009 0.91197
vt 0.58008 0.90701
vt 0.58034 0.92214
vt 0.52590 0.80509
vt 0.52590 0.79676
vt 0.00456 0.79676
vt 0.52590 0.80509
vt 0.00456 0.79676
vt 0.00456 0.80509
vt 0.52590 0.79676
vt 0.52590 0.78748
vt 0.00456 0.78748
vt 0.52590 0.79676
vt 0.00456 0.78748
vt 0.00456 0.79676
vt 0.52590 0.78748
vt 0.52590 0.77771
vt 0.00456 0.77771
vt 0.52590 0.78748
vt 0.00456 0.77771
vt 0.00456 0.78748
vt 0.52590 0.77771
vt 0.52590 0.76793
vt 0.00456 0.76793
vt 0.52590 0.77771
vt 0.00456 0.76793
vt 0.00456 0.77771
vt 0.00456 0.84110
vt 0.00456 0.82932
vt 0.52590 0.82932
vt 0.00456 0.84110
vt 0.52590 0.82932
vt 0.52590 0.84111
vt 0.00456 0.82932
vt 0.00456 0.81948
vt 0.52590 0.81949
vt 0.00456 0.82932
vt 0.52590 0.81949
vt 0.52590 0.82932
vt 0.00456 0.81948
vt 0.00456 0.81206
vt 0.52590 0.81206
vt 0.00456 0.81948
vt 0.52590 0.81206
vt 0.52590 0.81949
vt 0.52590 0.81206
vt 0.52590 0.80509
vt 0.00456 0.80509
vt 0.52590 0.81206
vt 0.00456 0.80509
vt 0.00456 0.81206
vt 0.00456 0.89504
vt 0.00456 0.88191
vt 0.52590 0.88190
vt 0.00456 0.89504
vt 0.52590 0.88190
vt 0.52590 0.89504
vt 0.00456 0.88191
vt 0.00456 0.86807
vt 0.52590 0.86807
vt 0.00456 0.88191
vt 0.52590 0.86807
vt 0.52590 0.88190
vt 0.00456 0.86807
vt 0.00456 0.85424
vt 0.52590 0.85424
vt 0.00456 0.86807
vt 0.52590 0.85424
vt 0.52590 0.86807
vt 0.00456 0.85424
vt 0.00456 0.84110
vt 0.52590 0.84111
vt 0.00456 0.85424
vt 0.52590 0.84111
vt 0.52590 0.85424
vt 0.00456 0.73813
vt 0.00456 0.73489
vt 0.52590 0.73489
vt 0.00456 0.73813
vt 0.52590 0.73489
vt 0.52590 0.73813
vt 0.00456 0.73489
vt 0.00456 0.73379
vt 0.52590 0.73379
vt 0.00456 0.73489
vt 0.52590 0.73379
vt 0.52590 0.73489
vt 0.00456 0.91666
vt 0.00456 0.90683
vt 0.52590 0.90682
vt 0.00456 0.91666
vt 0.52590 0.90682
vt 0.52590 0.91665
vt 0.00456 0.90683
vt 0.00456 0.89504
vt 0.52590 0.89504
vt 0.00456 0.90683
vt 0.52590 0.89504
vt 0.52590 0.90682
vt 0.00456 0.84110
vt 0.52590 0.84111
vt 0.52590 0.82932
vt 0.00456 0.84110
vt 0.52590 0.82932
vt 0.00456 0.82932
vt 0.00456 0.82932
vt 0.52590 0.82932
vt 0.52590 0.81949
vt 0.00456 0.82932
vt 0.52590 0.81949
vt 0.00456 0.81948
vt 0.00456 0.81948
vt 0.52590 0.81949
vt 0.52590 0.81206
vt 0.00456 0.81948
vt 0.52590 0.81206
vt 0.00456 0.81206
vt 0.00456 0.91666
vt 0.00456 0.92407
vt 0.52590 0.92405
vt 0.00456 0.91666
vt 0.52590 0.92405
vt 0.52590 0.91665
vt 0.00456 0.89504
vt 0.52590 0.89504
vt 0.52590 0.88190
vt 0.00456 0.89504
vt 0.52590 0.88190
vt 0.00456 0.88191
vt 0.00456 0.88191
vt 0.52590 0.88190
vt 0.52590 0.86807
vt 0.00456 0.88191
vt 0.52590 0.86807
vt 0.00456 0.86807
vt 0.00456 0.86807
vt 0.52590 0.86807
vt 0.52590 0.85424
vt 0.00456 0.86807
vt 0.52590 0.85424
vt 0.00456 0.85424
vt 0.00456 0.85424
vt 0.52590 0.85424
vt 0.52590 0.84111
vt 0.00456 0.85424
vt 0.52590 0.84111
vt 0.00456 0.84110
vt 0.52590 0.73813
vt 0.52590 0.73489
vt 0.00456 0.73489
vt 0.52590 0.73813
vt 0.00456 0.73489
vt 0.00456 0.73813
vt 0.52590 0.73489
vt 0.52590 0.73379
vt 0.00456 0.73379
vt 0.52590 0.73489
vt 0.00456 0.73379
vt 0.00456 0.73489
vt 0.00456 0.91666
vt 0.52590 0.91665
vt 0.52590 0.90682
vt 0.00456 0.91666
vt 0.52590 0.90682
vt 0.00456 0.90683
vt 0.00456 0.90683
vt 0.52590 0.90682
vt 0.52590 0.89504
vt 0.00456 0.90683
vt 0.52590 0.89504
vt 0.00456 0.89504
vt 0.52590 0.76793
vt 0.52590 0.75865
vt 0.00456 0.75865
vt 0.52590 0.76793
vt 0.00456 0.75865
vt 0.00456 0.76793
vt 0.52590 0.75865
vt 0.52590 0.75032
vt 0.00456 0.75032
vt 0.52590 0.75865
vt 0.00456 0.75032
vt 0.00456 0.75865
vt 0.52590 0.75032
vt 0.52590 0.74337
vt 0.00456 0.74337
vt 0.52590 0.75032
vt 0.00456 0.74337
vt 0.00456 0.75032
vt 0.52590 0.74337
vt 0.52590 0.73813
vt 0.00456 0.73813
vt 0.52590 0.74337
vt 0.00456 0.73813
vt 0.00456 0.74337
vt 0.85103 0.75954
vt 0.83838 0.75911
vt 0.81587 0.75683
vt 0.86255 0.75073
vt 0.85103 0.75954
vt 0.84936 0.75076
vt 0.86255 0.75073
vt 0.87034 0.75406
vt 0.85103 0.75954
vt 0.01160 0.97801
vt 0.18015 0.97800
vt 0.06627 0.97952
vt 0.06635 0.98002
vt 0.18015 0.97800
vt 0.01160 0.97801
vt 0.79096 0.77480
vt 0.79412 0.77327
vt 0.77647 0.79283
vt 0.81587 0.75683
vt 0.79412 0.77327
vt 0.79096 0.77480
vt 0.81587 0.75683
vt 0.83838 0.75911
vt 0.79412 0.77327
vt 0.52589 0.75817
vt 0.46808 0.75359
vt 0.46722 0.75024
vt 0.01160 0.97801
vt 0.01160 0.97801
vt 0.06627 0.97952
vt 0.52590 0.96020
vt 0.18015 0.97800
vt 0.18015 0.97800
vt 0.52590 0.96020
vt 0.18015 0.97800
vt 0.52590 0.96020
vt 0.06635 0.98002
vt 0.01160 0.97801
vt 0.01118 0.98450
vt 0.06635 0.98002
vt 0.06627 0.97952
vt 0.18015 0.97800
vt 0.06635 0.98002
vt 0.18015 0.97800
vt 0.18015 0.97800
vt 0.00456 0.91666
vt 0.52590 0.91665
vt 0.52590 0.92405
vt 0.00456 0.91666
vt 0.52590 0.92405
vt 0.00456 0.92407
vt 0.46716 0.80521
vt 0.52584 0.79911
vt 0.52590 0.81206
vt 0.46716 0.80521
vt 0.52590 0.81206
vt 0.42555 0.80514
vt 0.42555 0.80514
vt 0.52590 0.81206
vt 0.00456 0.81206
vt 0.42555 0.80514
vt 0.00456 0.81206
vt 0.00456 0.80509
vt 0.52584 0.79911
vt 0.46716 0.80521
vt 0.46933 0.79685
vt 0.75582 0.84235
vt 0.74588 0.89363
vt 0.73732 0.94026
vt 0.58007 0.86248
vt 0.58008 0.83762
vt 0.58008 0.87889
vt 0.86706 0.75245
vt 0.88492 0.71193
vt 0.85595 0.75343
vt 0.87034 0.75406
vt 0.87663 0.74376
vt 0.86706 0.75245
vt 0.71231 0.58129
vt 0.71432 0.63211
vt 0.71263 0.62410
vt 0.71231 0.58129
vt 0.71263 0.62410
vt 0.71183 0.61175
vt 0.58007 0.81354
vt 0.58007 0.81045
vt 0.58008 0.82117
vt 0.88691 0.71565
vt 0.87034 0.75406
vt 0.87422 0.73977
vt 0.87034 0.75406
vt 0.86255 0.75073
vt 0.87422 0.73977
vt 0.78582 0.78080
vt 0.76507 0.82319
vt 0.75990 0.84189
vt 0.78582 0.78080
vt 0.75990 0.84189
vt 0.79411 0.77328
vt 0.80583 0.76218
vt 0.78582 0.78080
vt 0.79411 0.77328
vt 0.82203 0.75731
vt 0.80583 0.76218
vt 0.79411 0.77328
vt 0.77647 0.79283
vt 0.75989 0.84190
vt 0.75582 0.84235
vt 0.77647 0.79283
vt 0.79412 0.77327
vt 0.75989 0.84190
vt 0.73927 0.93952
vt 0.74145 0.94042
vt 0.74950 0.88336
vt 0.76507 0.82319
vt 0.74950 0.88336
vt 0.75990 0.84189
vt 0.81587 0.75683
vt 0.83027 0.74873
vt 0.84936 0.75076
vt 0.81587 0.75683
vt 0.84936 0.75076
vt 0.85103 0.75954
vt 0.74588 0.89363
vt 0.74019 0.93959
vt 0.73732 0.94026
vt 0.75582 0.84235
vt 0.75989 0.84190
vt 0.74019 0.93959
vt 0.75582 0.84235
vt 0.74019 0.93959
vt 0.74588 0.89363
vt 0.79096 0.77480
vt 0.77647 0.79283
vt 0.80503 0.75557
vt 0.79096 0.77480
vt 0.80503 0.75557
vt 0.81587 0.75683
vt 0.81587 0.75683
vt 0.80503 0.75557
vt 0.83027 0.74873
vt 0.54176 0.55469
vt 0.59252 0.55505
vt 0.58576 0.56518
vt 0.54229 0.56394
vt 0.59901 0.56165
vt 0.58990 0.55909
vt 0.54229 0.56394
vt 0.58990 0.55909
vt 0.54176 0.55469
vt 0.54176 0.55469
vt 0.58576 0.56518
vt 0.54212 0.56073
vt 0.88786 0.71793
vt 0.87034 0.75406
vt 0.88691 0.71565
vt 0.88786 0.71793
vt 0.86706 0.75245
vt 0.87663 0.74376
vt 0.54681 0.57673
vt 0.54212 0.56073
vt 0.58576 0.56518
vt 0.54681 0.57673
vt 0.58576 0.56518
vt 0.58429 0.57908
vt 0.54176 0.55469
vt 0.58990 0.55909
vt 0.59252 0.55505
vt 0.85595 0.75343
vt 0.85241 0.75692
vt 0.86706 0.75245
vt 0.87034 0.75406
vt 0.86706 0.75245
vt 0.83943 0.76165
vt 0.87034 0.75406
vt 0.83943 0.76165
vt 0.85103 0.75954
vt 0.86706 0.75245
vt 0.85241 0.75692
vt 0.83943 0.76165
vt 0.88492 0.71193
vt 0.86706 0.75245
vt 0.88786 0.71793
vt 0.88786 0.71793
vt 0.87663 0.74376
vt 0.87034 0.75406
vt 0.82203 0.75731
vt 0.79411 0.77328
vt 0.82216 0.76162
vt 0.85595 0.75343
vt 0.82203 0.75731
vt 0.82216 0.76162
vt 0.85595 0.75343
vt 0.82216 0.76162
vt 0.83943 0.76165
vt 0.85241 0.75692
vt 0.85595 0.75343
vt 0.83943 0.76165
vt 0.83943 0.76165
vt 0.83838 0.75911
vt 0.85103 0.75954
vt 0.61715 0.50495
vt 0.61244 0.51061
vt 0.61417 0.45190
vt 0.64424 0.35109
vt 0.61770 0.41390
vt 0.62171 0.38993
vt 0.64424 0.35109
vt 0.62171 0.38993
vt 0.63480 0.36002
vt 0.61288 0.53320
vt 0.61006 0.53454
vt 0.61715 0.50495
vt 0.61244 0.51061
vt 0.61715 0.50495
vt 0.61006 0.53454
vt 0.58007 0.83282
vt 0.52591 0.84419
vt 0.58007 0.87818
vt 0.58007 0.83282
vt 0.52591 0.81131
vt 0.52591 0.84419
vt 0.58007 0.81045
vt 0.52591 0.81131
vt 0.58007 0.83282
vt 0.58007 0.87818
vt 0.52591 0.88154
vt 0.52590 0.91916
vt 0.58007 0.87818
vt 0.52590 0.91916
vt 0.58034 0.92214
vt 0.58007 0.87818
vt 0.52591 0.84419
vt 0.52591 0.88154
vt 0.73644 0.37406
vt 0.71214 0.34306
vt 0.72966 0.36654
vt 0.73644 0.37406
vt 0.72966 0.36654
vt 0.74055 0.39315
vt 0.74856 0.41455
vt 0.74735 0.41442
vt 0.74055 0.39315
vt 0.74735 0.41442
vt 0.73644 0.37406
vt 0.74055 0.39315
vt 0.72966 0.36654
vt 0.71214 0.34306
vt 0.70974 0.34664
vt 0.73644 0.37406
vt 0.71117 0.34229
vt 0.71214 0.34306
vt 0.72712 0.36946
vt 0.70873 0.35278
vt 0.71117 0.34229
vt 0.72712 0.36946
vt 0.71117 0.34229
vt 0.73644 0.37406
vt 0.73420 0.38892
vt 0.72712 0.36946
vt 0.73644 0.37406
vt 0.74602 0.42603
vt 0.73420 0.38892
vt 0.73644 0.37406
vt 0.74602 0.42603
vt 0.73644 0.37406
vt 0.74735 0.41442
vt 0.64424 0.35109
vt 0.63480 0.36002
vt 0.64886 0.34399
vt 0.64424 0.35109
vt 0.64886 0.34399
vt 0.67086 0.33648
vt 0.68552 0.34316
vt 0.64424 0.35109
vt 0.67086 0.33648
vt 0.70873 0.35278
vt 0.68552 0.34316
vt 0.67086 0.33648
vt 0.70873 0.35278
vt 0.67086 0.33648
vt 0.71117 0.34229
vt 0.62171 0.38993
vt 0.61770 0.41390
vt 0.61527 0.43220
vt 0.62171 0.38993
vt 0.61527 0.43220
vt 0.62335 0.39016
vt 0.63480 0.36002
vt 0.62171 0.38993
vt 0.62335 0.39016
vt 0.60516 0.54268
vt 0.59629 0.56096
vt 0.59252 0.55505
vt 0.61322 0.50961
vt 0.61417 0.45190
vt 0.61244 0.51061
vt 0.61770 0.41390
vt 0.61417 0.45190
vt 0.61527 0.43220
vt 0.59252 0.55505
vt 0.59629 0.56096
vt 0.58576 0.56518
vt 0.60516 0.54268
vt 0.61006 0.53454
vt 0.59629 0.56096
vt 0.61322 0.50961
vt 0.61527 0.43220
vt 0.61417 0.45190
vt 0.59845 0.55440
vt 0.58990 0.55909
vt 0.59901 0.56165
vt 0.59252 0.55505
vt 0.58990 0.55909
vt 0.59845 0.55440
vt 0.71117 0.34229
vt 0.65868 0.33748
vt 0.71214 0.34306
vt 0.80360 0.75277
vt 0.81505 0.64041
vt 0.71909 0.67550
vt 0.67904 0.34571
vt 0.65868 0.33748
vt 0.65221 0.34697
vt 0.70974 0.34664
vt 0.71214 0.34306
vt 0.65868 0.33748
vt 0.70974 0.34664
vt 0.65868 0.33748
vt 0.67904 0.34571
vt 0.71117 0.34229
vt 0.67086 0.33648
vt 0.65868 0.33748
vt 0.63480 0.36002
vt 0.62335 0.39016
vt 0.63641 0.36149
vt 0.65221 0.34697
vt 0.65868 0.33748
vt 0.63641 0.36149
vt 0.64886 0.34399
vt 0.63480 0.36002
vt 0.63641 0.36149
vt 0.64886 0.34399
vt 0.63641 0.36149
vt 0.65868 0.33748
vt 0.67086 0.33648
vt 0.64886 0.34399
vt 0.65868 0.33748
vt 0.58034 0.92214
vt 0.54794 0.95626
vt 0.62355 0.96086
vt 0.54191 0.93945
vt 0.58034 0.92214
vt 0.52590 0.91916
vt 0.63467 0.96519
vt 0.72423 0.96520
vt 0.72423 0.94043
vt 0.63467 0.96519
vt 0.72423 0.94043
vt 0.62355 0.96086
vt 0.71909 0.67550
vt 0.72533 0.77941
vt 0.75882 0.82590
vt 0.72533 0.77941
vt 0.72279 0.85308
vt 0.75882 0.82590
vt 0.61244 0.51061
vt 0.60810 0.53650
vt 0.61322 0.50961
vt 0.58522 0.63427
vt 0.59901 0.56165
vt 0.54229 0.56394
vt 0.58522 0.63427
vt 0.54229 0.56394
vt 0.53317 0.65902
vt 0.58007 0.64259
vt 0.53317 0.65902
vt 0.58007 0.69267
vt 0.58034 0.92214
vt 0.54191 0.93945
vt 0.54794 0.95626
vt 0.61006 0.53454
vt 0.60516 0.54268
vt 0.60810 0.53650
vt 0.61322 0.50961
vt 0.60810 0.53650
vt 0.61192 0.53277
vt 0.61322 0.50961
vt 0.61192 0.53277
vt 0.61621 0.50599
vt 0.61244 0.51061
vt 0.61006 0.53454
vt 0.60810 0.53650
vt 0.60810 0.53650
vt 0.59845 0.55440
vt 0.59901 0.56165
vt 0.60810 0.53650
vt 0.59252 0.55505
vt 0.59845 0.55440
vt 0.60516 0.54268
vt 0.59252 0.55505
vt 0.60810 0.53650
vt 0.61192 0.53277
vt 0.60810 0.53650
vt 0.59901 0.56165
vt 0.63719 0.57007
vt 0.59901 0.56165
vt 0.58522 0.63427
vt 0.76023 0.55669
vt 0.71001 0.57647
vt 0.81505 0.64041
vt 0.71909 0.67550
vt 0.81505 0.64041
vt 0.70753 0.63638
vt 0.76023 0.55669
vt 0.75161 0.51805
vt 0.74483 0.50286
vt 0.76023 0.55669
vt 0.74483 0.50286
vt 0.74003 0.53200
vt 0.76023 0.55669
vt 0.74003 0.53200
vt 0.73754 0.53805
vt 0.76023 0.55669
vt 0.73754 0.53805
vt 0.71001 0.57647
vt 0.70790 0.92353
vt 0.72423 0.94043
vt 0.73569 0.94018
vt 0.73569 0.94018
vt 0.71851 0.88619
vt 0.70790 0.92353
vt 0.71851 0.88619
vt 0.70925 0.88420
vt 0.70790 0.92353
vt 0.71001 0.57647
vt 0.70716 0.57699
vt 0.70753 0.63638
vt 0.71001 0.57647
vt 0.70753 0.63638
vt 0.81505 0.64041
vt 0.71909 0.67550
vt 0.75882 0.82590
vt 0.80360 0.75277
vt 0.72279 0.85308
vt 0.71851 0.88619
vt 0.73569 0.94018
vt 0.72279 0.85308
vt 0.73569 0.94018
vt 0.75882 0.82590
vt 0.70925 0.67455
vt 0.71909 0.67550
vt 0.70753 0.63638
vt 0.70790 0.92353
vt 0.58034 0.92214
vt 0.62355 0.96086
vt 0.70790 0.92353
vt 0.62355 0.96086
vt 0.72423 0.94043
vt 0.62432 0.40597
vt 0.63641 0.36149
vt 0.62335 0.39016
vt 0.64102 0.36693
vt 0.65221 0.34697
vt 0.63641 0.36149
vt 0.64102 0.36693
vt 0.67904 0.34571
vt 0.65221 0.34697
vt 0.67904 0.34571
vt 0.69812 0.35092
vt 0.70974 0.34664
vt 0.61931 0.44375
vt 0.61527 0.43220
vt 0.61322 0.50961
vt 0.61931 0.44375
vt 0.62432 0.40597
vt 0.62335 0.39016
vt 0.61931 0.44375
vt 0.62335 0.39016
vt 0.61527 0.43220
vt 0.62432 0.40597
vt 0.64102 0.36693
vt 0.63641 0.36149
vt 0.81505 0.64041
vt 0.80360 0.75277
vt 0.82349 0.71731
vt 0.58522 0.63427
vt 0.53317 0.65902
vt 0.58007 0.64259
vt 0.58007 0.69267
vt 0.53317 0.65902
vt 0.52589 0.73893
vt 0.58007 0.74663
vt 0.58007 0.69267
vt 0.52589 0.73893
vt 0.63719 0.57007
vt 0.58522 0.63427
vt 0.65561 0.57568
vt 0.67438 0.56729
vt 0.65561 0.57568
vt 0.70753 0.63638
vt 0.67438 0.56729
vt 0.70753 0.63638
vt 0.70716 0.57699
vt 0.65561 0.57568
vt 0.58522 0.63427
vt 0.70753 0.63638
vt 0.58007 0.74663
vt 0.52589 0.73893
vt 0.52591 0.76525
vt 0.58007 0.74663
vt 0.52591 0.76525
vt 0.58007 0.77313
vt 0.58007 0.79934
vt 0.52591 0.81131
vt 0.58007 0.81045
vt 0.58007 0.77313
vt 0.52591 0.81131
vt 0.58007 0.79934
vt 0.58007 0.77313
vt 0.52591 0.76525
vt 0.52591 0.81131
vt 0.73950 0.41054
vt 0.74856 0.41455
vt 0.74055 0.39315
vt 0.73950 0.41054
vt 0.74534 0.46627
vt 0.74912 0.47771
vt 0.73950 0.41054
vt 0.74912 0.47771
vt 0.74856 0.41455
vt 0.61931 0.44375
vt 0.61322 0.50961
vt 0.61621 0.50599
vt 0.80360 0.75277
vt 0.85595 0.75343
vt 0.82349 0.71731
vt 0.69812 0.35092
vt 0.71738 0.36176
vt 0.70974 0.34664
vt 0.71738 0.36176
vt 0.72966 0.36654
vt 0.70974 0.34664
vt 0.71738 0.36176
vt 0.73950 0.41054
vt 0.74055 0.39315
vt 0.71738 0.36176
vt 0.74055 0.39315
vt 0.72966 0.36654
vt 0.52582 0.76761
vt 0.52590 0.75865
vt 0.52590 0.76793
vt 0.52582 0.75822
vt 0.52582 0.75016
vt 0.52590 0.75032
vt 0.52582 0.75822
vt 0.52590 0.75032
vt 0.52590 0.75865
vt 0.52582 0.80518
vt 0.52582 0.79713
vt 0.52590 0.79676
vt 0.52582 0.80518
vt 0.52590 0.79676
vt 0.52590 0.80509
vt 0.52590 0.74337
vt 0.52579 0.75531
vt 0.52589 0.75817
vt 0.52584 0.79911
vt 0.52582 0.80518
vt 0.52590 0.81206
vt 0.52584 0.79911
vt 0.52590 0.81206
vt 0.52590 0.81206
vt 0.52582 0.79713
vt 0.52582 0.78774
vt 0.52590 0.78748
vt 0.52582 0.79713
vt 0.52590 0.78748
vt 0.52590 0.79676
vt 0.52582 0.78774
vt 0.52582 0.77768
vt 0.52590 0.77771
vt 0.52582 0.78774
vt 0.52590 0.77771
vt 0.52590 0.78748
vt 0.52582 0.77768
vt 0.52582 0.76761
vt 0.52590 0.76793
vt 0.52582 0.77768
vt 0.52590 0.76793
vt 0.52590 0.77771
vt 0.52582 0.76761
vt 0.52582 0.75822
vt 0.52590 0.75865
vt 0.61621 0.50599
vt 0.61192 0.53277
vt 0.62184 0.54058
vt 0.74483 0.50286
vt 0.74912 0.47771
vt 0.74534 0.46627
vt 0.72973 0.54502
vt 0.72898 0.54713
vt 0.72968 0.58199
vt 0.72973 0.54502
vt 0.72968 0.58199
vt 0.72968 0.58199
vt 0.62381 0.55097
vt 0.59901 0.56165
vt 0.63719 0.57007
vt 0.62381 0.55097
vt 0.62184 0.54058
vt 0.61192 0.53277
vt 0.62381 0.55097
vt 0.61192 0.53277
vt 0.59901 0.56165
vt 0.74912 0.47771
vt 0.74483 0.50286
vt 0.75161 0.51805
vt 0.70925 0.85234
vt 0.70925 0.70574
vt 0.70925 0.67455
vt 0.70925 0.72211
vt 0.70925 0.85234
vt 0.70925 0.79697
vt 0.70925 0.72211
vt 0.70925 0.79697
vt 0.70925 0.74792
vt 0.83838 0.75911
vt 0.83943 0.76165
vt 0.83819 0.72821
vt 0.83838 0.75911
vt 0.83819 0.72821
vt 0.83822 0.72886
vt 0.70925 0.85234
vt 0.70925 0.72211
vt 0.70925 0.70574
vt 0.52590 0.73489
vt 0.52590 0.73813
vt 0.52590 0.73813
vt 0.52590 0.73489
vt 0.52590 0.73379
vt 0.52590 0.73489
vt 0.54681 0.57673
vt 0.58429 0.57908
vt 0.58009 0.57955
vt 0.54681 0.57673
vt 0.58009 0.57955
vt 0.54543 0.57946
vt 0.66507 0.56285
vt 0.66608 0.56162
vt 0.66346 0.58200
vt 0.66507 0.56285
vt 0.66346 0.58200
vt 0.66346 0.58200
vt 0.88691 0.71565
vt 0.88492 0.71193
vt 0.88786 0.71793
vt 0.52582 0.80518
vt 0.52590 0.80509
vt 0.52590 0.81206
vt 0.52590 0.74337
vt 0.52582 0.75016
vt 0.52579 0.75531
vt 0.52590 0.74337
vt 0.52579 0.75531
vt 0.52590 0.74337
vt 0.52590 0.74337
vt 0.52590 0.75032
vt 0.52582 0.75016
vt 0.52590 0.73813
vt 0.52590 0.73813
vt 0.52590 0.74337
vt 0.52590 0.73813
vt 0.52590 0.74337
vt 0.52590 0.74337
vt 0.52590 0.73489
vt 0.52590 0.73489
vt 0.52590 0.73813
vt 0.52591 0.85823
vt 0.52590 0.91916
vt 0.52591 0.88154
vt 0.52591 0.85823
vt 0.52591 0.84419
vt 0.52591 0.81131
vt 0.80583 0.76218
vt 0.82203 0.75731
vt 0.80360 0.75277
vt 0.82203 0.75731
vt 0.85595 0.75343
vt 0.80360 0.75277
vt 0.52591 0.87819
vt 0.52591 0.85797
vt 0.52591 0.91912
vt 0.73927 0.93952
vt 0.75882 0.82590
vt 0.73569 0.94018
vt 0.74950 0.88336
vt 0.76507 0.82319
vt 0.75882 0.82590
vt 0.76507 0.82319
vt 0.78582 0.78080
vt 0.75882 0.82590
vt 0.78582 0.78080
vt 0.80360 0.75277
vt 0.75882 0.82590
vt 0.78582 0.78080
vt 0.80583 0.76218
vt 0.80360 0.75277
vt 0.70813 0.63613
vt 0.70925 0.67455
vt 0.70753 0.63638
vt 0.70873 0.92360
vt 0.70790 0.92353
vt 0.70925 0.88420
vt 0.70873 0.92360
vt 0.70925 0.88420
vt 0.70925 0.67455
vt 0.70873 0.92360
vt 0.70925 0.67455
vt 0.70813 0.63613
vt 0.73927 0.93952
vt 0.74950 0.88336
vt 0.75882 0.82590
vt 0.42857 0.94825
vt 0.43216 0.94826
vt 0.43216 0.92753
vt 0.42857 0.94825
vt 0.43216 0.92753
vt 0.42857 0.92753
vt 0.01160 0.95549
vt 0.00456 0.95549
vt 0.00456 0.95549
vt 0.52579 0.75531
vt 0.46808 0.75359
vt 0.52589 0.75817
vt 0.17226 0.94825
vt 0.17585 0.94826
vt 0.17585 0.92753
vt 0.17226 0.94825
vt 0.17585 0.92753
vt 0.17226 0.92753
vt 0.36751 0.92753
vt 0.36392 0.92753
vt 0.36392 0.94826
vt 0.36751 0.92753
vt 0.36392 0.94826
vt 0.36751 0.94825
vt 0.30027 0.94825
vt 0.30386 0.94826
vt 0.30386 0.92753
vt 0.30027 0.94825
vt 0.30386 0.92753
vt 0.30027 0.92753
vt 0.49580 0.92753
vt 0.49222 0.92753
vt 0.49222 0.94826
vt 0.49580 0.92753
vt 0.49222 0.94826
vt 0.49580 0.94825
vt 0.72423 0.94043
vt 0.72423 0.94043
vt 0.73269 0.94045
vt 0.72423 0.94043
vt 0.73269 0.94045
vt 0.73269 0.94045
vt 0.73569 0.94018
vt 0.72423 0.94043
vt 0.73269 0.94045
vt 0.74019 0.93959
vt 0.73269 0.94045
vt 0.73732 0.94026
vt 0.52591 0.87819
vt 0.52591 0.81492
vt 0.52591 0.85797
vt 0.52591 0.85823
vt 0.52591 0.88154
vt 0.52591 0.84419
vt 0.52590 0.91916
vt 0.52591 0.85823
vt 0.52591 0.87819
vt 0.52590 0.91916
vt 0.52591 0.87819
vt 0.52591 0.91912
vt 0.73269 0.94045
vt 0.74145 0.94042
vt 0.73927 0.93952
vt 0.73269 0.94045
vt 0.73927 0.93952
vt 0.73569 0.94018
vt 0.73269 0.94045
vt 0.72423 0.94043
vt 0.73732 0.94026
vt 0.00456 0.95549
vt 0.52590 0.95549
vt 0.52590 0.95549
vt 0.11137 0.92753
vt 0.10778 0.92753
vt 0.10778 0.94826
vt 0.11137 0.92753
vt 0.10778 0.94826
vt 0.11137 0.94825
vt 0.04414 0.94825
vt 0.04773 0.94826
vt 0.04773 0.92753
vt 0.04414 0.94825
vt 0.04773 0.92753
vt 0.04414 0.92753
vt 0.23950 0.92753
vt 0.23591 0.92753
vt 0.23591 0.94826
vt 0.23950 0.92753
vt 0.23591 0.94826
vt 0.23950 0.94825
vt 0.30027 0.94825
vt 0.30027 0.92753
vt 0.30386 0.92753
vt 0.30027 0.94825
vt 0.30386 0.92753
vt 0.30386 0.94826
vt 0.49580 0.92753
vt 0.49580 0.94825
vt 0.49222 0.94826
vt 0.49580 0.92753
vt 0.49222 0.94826
vt 0.49222 0.92753
vt 0.42857 0.94825
vt 0.42857 0.92753
vt 0.43216 0.92753
vt 0.42857 0.94825
vt 0.43216 0.92753
vt 0.43216 0.94826
vt 0.01160 0.95549
vt 0.01160 0.95549
vt 0.00456 0.95549
vt 0.00456 0.95549
vt 0.01160 0.95549
vt 0.52590 0.95549
vt 0.04414 0.94825
vt 0.04414 0.92753
vt 0.04773 0.92753
vt 0.04414 0.94825
vt 0.04773 0.92753
vt 0.04773 0.94826
vt 0.23950 0.92753
vt 0.23950 0.94825
vt 0.23591 0.94826
vt 0.23950 0.92753
vt 0.23591 0.94826
vt 0.23591 0.92753
vt 0.17226 0.94825
vt 0.17226 0.92753
vt 0.17585 0.92753
vt 0.17226 0.94825
vt 0.17585 0.92753
vt 0.17585 0.94826
vt 0.36751 0.92753
vt 0.36751 0.94825
vt 0.36392 0.94826
vt 0.36751 0.92753
vt 0.36392 0.94826
vt 0.36392 0.92753
vt 0.00456 0.95549
vt 0.01160 0.95549
vt 0.01160 0.95549
vt 0.00456 0.95549
vt 0.52590 0.95549
vt 0.52590 0.95549
vt 0.00456 0.95549
vt 0.52590 0.95549
vt 0.01160 0.95549
vt 0.11137 0.92753
vt 0.11137 0.94825
vt 0.10778 0.94826
vt 0.11137 0.92753
vt 0.10778 0.94826
vt 0.10778 0.92753
vt 0.70925 0.67455
vt 0.70925 0.88420
vt 0.70925 0.85234
vt 0.71051 0.56888
vt 0.72973 0.54502
vt 0.72968 0.58199
vt 0.72898 0.54713
vt 0.70991 0.56755
vt 0.72968 0.58199
vt 0.70991 0.56755
vt 0.66507 0.56285
vt 0.66346 0.58200
vt 0.70991 0.56755
vt 0.66346 0.58200
vt 0.72968 0.58199
vt 0.71231 0.58129
vt 0.71496 0.57358
vt 0.71432 0.63211
vt 0.66608 0.56162
vt 0.71051 0.56888
vt 0.66346 0.58200
vt 0.71051 0.56888
vt 0.72968 0.58199
vt 0.66346 0.58200
vt 0.58007 0.77313
vt 0.58007 0.76488
vt 0.58007 0.75411
vt 0.58007 0.75411
vt 0.58007 0.74663
vt 0.58007 0.77313
vt 0.58522 0.63427
vt 0.58007 0.64259
vt 0.58093 0.64152
vt 0.58093 0.64152
vt 0.58007 0.64259
vt 0.58007 0.69267
vt 0.70765 0.57526
vt 0.70755 0.57728
vt 0.70754 0.58450
vt 0.70765 0.57526
vt 0.70754 0.58450
vt 0.70813 0.63613
vt 0.70754 0.58450
vt 0.70755 0.62261
vt 0.70813 0.63613
vt 0.58429 0.57908
vt 0.58522 0.61705
vt 0.58427 0.59861
vt 0.58576 0.56518
vt 0.58522 0.61705
vt 0.58429 0.57908
vt 0.58522 0.63119
vt 0.58522 0.63424
vt 0.58303 0.63434
vt 0.85416 0.00158
vt 0.84667 0.00080
vt 0.91703 0.00000
vt 0.85416 0.00158
vt 0.91703 0.00000
vt 0.91969 0.00134
vt 0.84667 0.00080
vt 0.83652 0.00224
vt 0.83280 0.00133
vt 0.84667 0.00080
vt 0.83280 0.00133
vt 0.83505 0.00003
vt 0.99707 0.00092
vt 0.98837 0.00003
vt 0.98469 0.00248
vt 0.99707 0.00092
vt 0.98469 0.00248
vt 0.92510 0.00017
vt 0.91969 0.00134
vt 0.91703 0.00000
vt 0.92510 0.00017
vt 0.91969 0.00134
vt 0.92510 0.00017
vt 0.98469 0.00248
vt 0.98837 0.00003
vt 0.99707 0.00092
vt 0.99958 0.00318
vt 0.83652 0.00224
vt 0.84667 0.00080
vt 0.85416 0.00158
vt 0.79412 0.77327
vt 0.83838 0.75911
vt 0.78707 0.74217
vt 0.83838 0.75911
vt 0.83822 0.72886
vt 0.78707 0.74217
vt 0.83943 0.76165
vt 0.82216 0.76162
vt 0.83819 0.72821
vt 0.58007 0.77766
vt 0.58007 0.76488
vt 0.58007 0.77313
vt 0.75989 0.84190
vt 0.79412 0.77327
vt 0.78707 0.74217
vt 0.75989 0.84190
vt 0.78707 0.74217
vt 0.73284 0.85165
vt 0.54191 0.93945
vt 0.52591 0.94315
vt 0.52589 0.96520
vt 0.54794 0.95626
vt 0.52589 0.96520
vt 0.54191 0.93949
vt 0.58007 0.79426
vt 0.58007 0.77313
vt 0.58007 0.79934
vt 0.58007 0.79934
vt 0.58007 0.81354
vt 0.58007 0.79426
vt 0.58007 0.77313
vt 0.58007 0.79426
vt 0.58007 0.77766
vt 0.52591 0.94315
vt 0.52591 0.91912
vt 0.54191 0.93949
vt 0.54191 0.93945
vt 0.52590 0.91916
vt 0.52591 0.94315
vt 0.71231 0.58129
vt 0.70765 0.57526
vt 0.71496 0.57358
vt 0.52591 0.81131
vt 0.52591 0.76525
vt 0.52591 0.79403
vt 0.70755 0.62261
vt 0.71432 0.63211
vt 0.70813 0.63613
vt 0.71231 0.58129
vt 0.70755 0.57728
vt 0.70765 0.57526
vt 0.75990 0.84189
vt 0.74950 0.88336
vt 0.73269 0.94045
vt 0.75990 0.84189
vt 0.73269 0.94045
vt 0.73476 0.84189
vt 0.52591 0.85823
vt 0.52591 0.81131
vt 0.52591 0.81492
vt 0.52591 0.85823
vt 0.52591 0.81492
vt 0.52591 0.87819
vt 0.82216 0.76162
vt 0.79411 0.77328
vt 0.79229 0.74089
vt 0.82216 0.76162
vt 0.79229 0.74089
vt 0.83819 0.72821
vt 0.79411 0.77328
vt 0.73476 0.84189
vt 0.79229 0.74089
vt 0.79411 0.77328
vt 0.75990 0.84189
vt 0.73476 0.84189
vt 0.53759 0.60282
vt 0.54229 0.56394
vt 0.54176 0.55469
vt 0.53479 0.63032
vt 0.53317 0.65902
vt 0.53759 0.60282
vt 0.53759 0.60282
vt 0.53317 0.65902
vt 0.54229 0.56394
vt 0.74019 0.93959
vt 0.75989 0.84190
vt 0.73284 0.85165
vt 0.74019 0.93959
vt 0.73284 0.85165
vt 0.73269 0.94045
vt 0.53479 0.63032
vt 0.52589 0.73893
vt 0.53317 0.65902
vt 0.72423 0.96520
vt 0.72423 0.94043
vt 0.72423 0.94043
vt 0.72423 0.96520
vt 0.72423 0.94043
vt 0.72423 0.96520
vt 0.71263 0.62410
vt 0.71432 0.63211
vt 0.70755 0.62261
vt 0.70754 0.58450
vt 0.70755 0.57728
vt 0.71231 0.58129
vt 0.54176 0.55469
vt 0.54002 0.57541
vt 0.53759 0.60282
vt 0.74950 0.88336
vt 0.74145 0.94042
vt 0.73269 0.94045
vt 0.52589 0.96520
vt 0.52591 0.94315
vt 0.52591 0.94315
vt 0.52589 0.96520
vt 0.52591 0.94315
vt 0.52589 0.96520
vt 0.52591 0.94315
vt 0.52590 0.91916
vt 0.52591 0.91912
vt 0.52591 0.94315
vt 0.52591 0.91912
vt 0.52591 0.94315
vt 0.58303 0.63434
vt 0.58093 0.64152
vt 0.58009 0.61617
vt 0.58303 0.63434
vt 0.58009 0.61617
vt 0.58009 0.62627
vt 0.52591 0.79403
vt 0.52591 0.76525
vt 0.52591 0.77555
vt 0.52589 0.73893
vt 0.52591 0.77555
vt 0.52591 0.76525
vt 0.52591 0.77555
vt 0.52589 0.73893
vt 0.52586 0.75558
vt 0.70755 0.62261
vt 0.70754 0.58450
vt 0.71231 0.58129
vt 0.70755 0.62261
vt 0.71231 0.58129
vt 0.71183 0.61175
vt 0.66346 0.58200
vt 0.72968 0.58199
vt 0.72968 0.58199
vt 0.66346 0.58200
vt 0.72968 0.58199
vt 0.66346 0.58200
vt 0.52591 0.79403
vt 0.52591 0.81492
vt 0.52591 0.81131
vt 0.54543 0.57946
vt 0.54212 0.56073
vt 0.54681 0.57673
vt 0.70755 0.62261
vt 0.71183 0.61175
vt 0.71263 0.62410
vt 0.58009 0.61617
vt 0.58009 0.59151
vt 0.58009 0.57955
vt 0.58009 0.61617
vt 0.58009 0.57955
vt 0.58009 0.60859
vt 0.58009 0.59151
vt 0.58009 0.56876
vt 0.58009 0.57955
vt 0.00007 0.92238
vt 0.00003 0.90342
vt 0.00007 0.90467
vt 0.00008 0.81251
vt 0.00003 0.83180
vt 0.00003 0.83305
vt 0.00008 0.81251
vt 0.00003 0.83305
vt 0.00003 0.83668
vt 0.00008 0.81251
vt 0.00003 0.83668
vt 0.00007 0.83197
vt 0.00007 0.83197
vt 0.00003 0.83668
vt 0.00003 0.84247
vt 0.00007 0.88086
vt 0.00003 0.87766
vt 0.00003 0.88645
vt 0.00007 0.88086
vt 0.00003 0.88645
vt 0.00003 0.89399
vt 0.00007 0.88086
vt 0.00003 0.89399
vt 0.00007 0.90684
vt 0.00007 0.90684
vt 0.00003 0.89399
vt 0.00003 0.89978
vt 0.00007 0.90684
vt 0.00003 0.89978
vt 0.00007 0.92238
vt 0.00007 0.92238
vt 0.00003 0.89978
vt 0.00003 0.90342
vt 0.54002 0.57541
vt 0.54176 0.55469
vt 0.54053 0.56797
vt 0.54212 0.56073
vt 0.54543 0.57946
vt 0.54053 0.56797
vt 0.00007 0.87350
vt 0.00003 0.86824
vt 0.00003 0.85880
vt 0.00007 0.88086
vt 0.00003 0.86821
vt 0.00003 0.87766
vt 0.58009 0.61617
vt 0.58009 0.60859
vt 0.58009 0.62627
vt 0.53479 0.63032
vt 0.52586 0.75558
vt 0.52589 0.73893
vt 0.54176 0.55469
vt 0.54212 0.56073
vt 0.54053 0.56797
vt 0.00006 0.91558
vt 0.00003 0.89978
vt 0.00003 0.89399
vt 0.00006 0.91558
vt 0.00003 0.90342
vt 0.00003 0.89978
vt 0.00006 0.91558
vt 0.00007 0.92238
vt 0.00007 0.90467
vt 0.00006 0.91558
vt 0.00007 0.90467
vt 0.00003 0.90342
vt 0.00008 0.81251
vt 0.00003 0.83305
vt 0.00003 0.83180
vt 0.00008 0.81251
vt 0.00007 0.82751
vt 0.00003 0.83668
vt 0.00007 0.87350
vt 0.00003 0.87766
vt 0.00003 0.86824
vt 0.00007 0.87350
vt 0.00003 0.88645
vt 0.00003 0.87766
vt 0.00007 0.87350
vt 0.00006 0.91558
vt 0.00003 0.89399
vt 0.00007 0.87350
vt 0.00003 0.89399
vt 0.00003 0.88645
vt 0.01160 0.97801
vt 0.01309 0.99897
vt 0.01118 0.98450
vt 0.01118 0.98450
vt 0.01309 0.99897
vt 0.01534 1.00000
vt 0.00007 0.83197
vt 0.00003 0.84247
vt 0.00003 0.85002
vt 0.00007 0.83197
vt 0.00003 0.85002
vt 0.00003 0.85880
vt 0.00007 0.83197
vt 0.00003 0.85880
vt 0.00003 0.86821
vt 0.00007 0.83197
vt 0.00003 0.86821
vt 0.00007 0.88086
vt 0.00456 0.85424
vt 0.00458 0.87000
vt 0.00456 0.86807
vt 0.00456 0.81472
vt 0.00456 0.80509
vt 0.00456 0.80509
vt 0.00456 0.88191
vt 0.00457 0.90450
vt 0.00457 0.84850
vt 0.00456 0.88191
vt 0.00457 0.84850
vt 0.00456 0.86807
vt 0.00456 0.95549
vt 0.00456 0.92407
vt 0.00457 0.92262
vt 0.00456 0.95549
vt 0.00456 0.95549
vt 0.00457 0.92262
vt 0.00456 0.81472
vt 0.00456 0.81206
vt 0.00457 0.81845
vt 0.00456 0.90683
vt 0.00457 0.91460
vt 0.00456 0.91666
vt 0.00456 0.91666
vt 0.00457 0.91460
vt 0.00456 0.92407
vt 0.00456 0.92407
vt 0.00457 0.91460
vt 0.00457 0.92262
vt 0.00457 0.92262
vt 0.00456 0.92407
vt 0.00456 0.95549
vt 0.00456 0.82932
vt 0.00457 0.81845
vt 0.00456 0.81948
vt 0.00456 0.81472
vt 0.00456 0.81948
vt 0.00456 0.81206
vt 0.00456 0.81206
vt 0.00456 0.81948
vt 0.00457 0.81845
vt 0.00456 0.81206
vt 0.00456 0.80509
vt 0.00456 0.81472
vt 0.00456 0.81472
vt 0.00456 0.80509
vt 0.00456 0.81206
vt 0.00008 0.81251
vt 0.00003 0.83668
vt 0.00003 0.83305
vt 0.00007 0.82751
vt 0.00003 0.84247
vt 0.00003 0.83668
vt 0.00007 0.82751
vt 0.00003 0.85002
vt 0.00003 0.84247
vt 0.00007 0.82751
vt 0.00007 0.87350
vt 0.00003 0.85880
vt 0.00007 0.82751
vt 0.00003 0.85880
vt 0.00003 0.85002
vt 0.00456 0.82932
vt 0.00457 0.84850
vt 0.00457 0.81845
vt 0.00458 0.87000
vt 0.00456 0.88191
vt 0.00456 0.86807
vt 0.00457 0.91460
vt 0.00456 0.89504
vt 0.00456 0.88191
vt 0.00457 0.91460
vt 0.00456 0.88191
vt 0.00458 0.87000
vt 0.00456 0.89504
vt 0.00457 0.91460
vt 0.00456 0.90683
vt 0.00457 0.92262
vt 0.00457 0.90450
vt 0.00456 0.91666
vt 0.52582 0.78774
vt 0.42133 0.78774
vt 0.42068 0.77768
vt 0.52582 0.78774
vt 0.42068 0.77768
vt 0.52582 0.77768
vt 0.42068 0.77768
vt 0.42133 0.76761
vt 0.52582 0.76761
vt 0.42068 0.77768
vt 0.52582 0.76761
vt 0.52582 0.77768
vt 0.42133 0.76761
vt 0.42286 0.75822
vt 0.52582 0.75822
vt 0.42133 0.76761
vt 0.52582 0.75822
vt 0.52582 0.76761
vt 0.42286 0.75822
vt 0.42552 0.75016
vt 0.52582 0.75016
vt 0.42286 0.75822
vt 0.52582 0.75016
vt 0.52582 0.75822
vt 0.49580 0.94825
vt 0.49222 0.94826
vt 0.43216 0.94826
vt 0.49580 0.94825
vt 0.43216 0.94826
vt 0.42857 0.94825
vt 0.42857 0.92753
vt 0.43216 0.92753
vt 0.49222 0.92753
vt 0.42857 0.92753
vt 0.49222 0.92753
vt 0.49580 0.92753
vt 0.52582 0.80518
vt 0.42552 0.80519
vt 0.42286 0.79713
vt 0.52582 0.80518
vt 0.42286 0.79713
vt 0.52582 0.79713
vt 0.52582 0.79713
vt 0.42286 0.79713
vt 0.42133 0.78774
vt 0.52582 0.79713
vt 0.42133 0.78774
vt 0.52582 0.78774
vt 0.01160 0.95549
vt 0.01160 0.95549
vt 0.01160 0.97801
vt 0.01160 0.95549
vt 0.01160 0.97801
vt 0.01160 0.97801
vt 0.01160 0.95549
vt 0.01160 0.97801
vt 0.01118 0.98450
vt 0.01160 0.95549
vt 0.01118 0.98450
vt 0.01160 0.97801
vt 0.01160 0.95549
vt 0.01160 0.97801
vt 0.01160 0.95549
vt 0.06635 0.98002
vt 0.01534 1.00000
vt 0.01309 0.99897
vt 0.06635 0.98002
vt 0.01309 0.99897
vt 0.06627 0.97952
vt 0.30027 0.92753
vt 0.36392 0.92753
vt 0.36751 0.92753
vt 0.49580 0.94825
vt 0.42857 0.94825
vt 0.43216 0.94826
vt 0.49580 0.94825
vt 0.43216 0.94826
vt 0.49222 0.94826
vt 0.42857 0.92753
vt 0.49580 0.92753
vt 0.49222 0.92753
vt 0.42857 0.92753
vt 0.49222 0.92753
vt 0.43216 0.92753
vt 0.11137 0.94825
vt 0.10778 0.94826
vt 0.04773 0.94826
vt 0.11137 0.94825
vt 0.04773 0.94826
vt 0.04414 0.94825
vt 0.04414 0.92753
vt 0.04773 0.92753
vt 0.10778 0.92753
vt 0.04414 0.92753
vt 0.10778 0.92753
vt 0.11137 0.92753
vt 0.23950 0.94825
vt 0.17226 0.94825
vt 0.17585 0.94826
vt 0.23950 0.94825
vt 0.17585 0.94826
vt 0.23591 0.94826
vt 0.17226 0.92753
vt 0.23950 0.92753
vt 0.23591 0.92753
vt 0.17226 0.92753
vt 0.23591 0.92753
vt 0.17585 0.92753
vt 0.36751 0.94825
vt 0.30027 0.94825
vt 0.30386 0.94826
vt 0.36751 0.94825
vt 0.30386 0.94826
vt 0.36392 0.94826
vt 0.30027 0.92753
vt 0.36751 0.92753
vt 0.36392 0.92753
vt 0.30027 0.92753
vt 0.36392 0.92753
vt 0.30386 0.92753
vt 0.00456 0.73813
vt 0.00456 0.74337
vt 0.00456 0.74337
vt 0.00456 0.73489
vt 0.00456 0.73489
vt 0.00456 0.73813
vt 0.00456 0.73489
vt 0.00456 0.73813
vt 0.00456 0.73813
vt 0.00456 0.73489
vt 0.00456 0.73379
vt 0.00456 0.73489
vt 0.11137 0.94825
vt 0.04414 0.94825
vt 0.04773 0.94826
vt 0.11137 0.94825
vt 0.04773 0.94826
vt 0.10778 0.94826
vt 0.04414 0.92753
vt 0.11137 0.92753
vt 0.10778 0.92753
vt 0.04414 0.92753
vt 0.10778 0.92753
vt 0.04773 0.92753
vt 0.00457 0.92262
vt 0.00456 0.91666
vt 0.00456 0.92407
vt 0.00456 0.86807
vt 0.00457 0.84850
vt 0.00456 0.85424
vt 0.00456 0.85424
vt 0.00457 0.84850
vt 0.00456 0.84110
vt 0.00456 0.84110
vt 0.00457 0.84850
vt 0.00456 0.82932
vt 0.00456 0.73813
vt 0.00456 0.73813
vt 0.00456 0.74337
vt 0.00456 0.77771
vt 0.00456 0.78748
vt 0.00456 0.78748
vt 0.00456 0.76793
vt 0.00456 0.76793
vt 0.00456 0.77771
vt 0.00456 0.76793
vt 0.00456 0.77771
vt 0.00456 0.77771
vt 0.00456 0.75865
vt 0.00456 0.75865
vt 0.00456 0.76793
vt 0.00456 0.75865
vt 0.00456 0.76793
vt 0.00456 0.76793
vt 0.00456 0.75032
vt 0.00456 0.75032
vt 0.00456 0.75865
vt 0.00456 0.75032
vt 0.00456 0.75865
vt 0.00456 0.75865
vt 0.00456 0.74337
vt 0.00456 0.74337
vt 0.00456 0.75032
vt 0.00456 0.82932
vt 0.00457 0.84093
vt 0.00456 0.84110
vt 0.00456 0.81948
vt 0.00456 0.81472
vt 0.00456 0.82932
vt 0.00456 0.79676
vt 0.00456 0.79676
vt 0.00456 0.80509
vt 0.00456 0.79676
vt 0.00456 0.80509
vt 0.00456 0.80509
vt 0.00456 0.78748
vt 0.00456 0.78748
vt 0.00456 0.79676
vt 0.00456 0.78748
vt 0.00456 0.79676
vt 0.00456 0.79676
vt 0.00456 0.77771
vt 0.00456 0.77771
vt 0.00456 0.78748
vt 0.00456 0.91666
vt 0.00457 0.90450
vt 0.00456 0.90683
vt 0.00457 0.90450
vt 0.00456 0.89504
vt 0.00456 0.90683
vt 0.00457 0.90450
vt 0.00456 0.88191
vt 0.00456 0.89504
vt 0.00456 0.84110
vt 0.00457 0.84093
vt 0.00458 0.87000
vt 0.00456 0.84110
vt 0.00458 0.87000
vt 0.00456 0.85424
vt 0.00456 0.82932
vt 0.00456 0.81472
vt 0.00457 0.84093
vt 0.23950 0.94825
vt 0.23591 0.94826
vt 0.17585 0.94826
vt 0.23950 0.94825
vt 0.17585 0.94826
vt 0.17226 0.94825
vt 0.17226 0.92753
vt 0.17585 0.92753
vt 0.23591 0.92753
vt 0.17226 0.92753
vt 0.23591 0.92753
vt 0.23950 0.92753
vt 0.36751 0.94825
vt 0.36392 0.94826
vt 0.30386 0.94826
vt 0.36751 0.94825
vt 0.30386 0.94826
vt 0.30027 0.94825
vt 0.30027 0.92753
vt 0.30386 0.92753
vt 0.36392 0.92753
vt 0.70753 0.63638
vt 0.58522 0.63424
vt 0.70540 0.63426
vt 0.58093 0.64152
vt 0.58303 0.63434
vt 0.58522 0.63424
vt 0.58522 0.63119
vt 0.58303 0.63434
vt 0.58522 0.62493
vt 0.58522 0.62493
vt 0.58303 0.63434
vt 0.58522 0.61705
vt 0.58004 0.91727
vt 0.58034 0.92214
vt 0.58366 0.92679
vt 0.70813 0.63613
vt 0.70753 0.63638
vt 0.70540 0.63426
vt 0.52591 0.94315
vt 0.54191 0.93949
vt 0.52589 0.96520
vt 0.58007 0.81045
vt 0.58007 0.81354
vt 0.58007 0.79934
vt 0.70753 0.63638
vt 0.58522 0.63427
vt 0.58522 0.63424
vt 0.58007 0.75411
vt 0.58093 0.64152
vt 0.58007 0.69267
vt 0.58007 0.75411
vt 0.58007 0.69267
vt 0.58007 0.74663
vt 0.58093 0.64152
vt 0.58522 0.63424
vt 0.58522 0.63427
vt 0.00456 0.74337
vt 0.00456 0.75032
vt 0.00456 0.75032
vt 0.58603 0.90341
vt 0.00000 0.90493
vt 0.00003 0.90342
vt 0.52589 0.96520
vt 0.54794 0.95626
vt 0.54191 0.93945
vt 0.70873 0.92360
vt 0.58366 0.92679
vt 0.58034 0.92214
vt 0.70873 0.92360
vt 0.58034 0.92214
vt 0.70790 0.92353
vt 0.58603 0.85003
vt 0.58603 0.85881
vt 0.00003 0.85880
vt 0.58603 0.85003
vt 0.00003 0.85880
vt 0.00003 0.85002
vt 0.58603 0.85881
vt 0.58603 0.86818
vt 0.00003 0.86821
vt 0.58603 0.85881
vt 0.00003 0.86821
vt 0.00003 0.85880
vt 0.58603 0.90493
vt 0.58603 0.90341
vt 0.00003 0.90342
vt 0.58603 0.90493
vt 0.00003 0.90342
vt 0.00000 0.90493
vt 0.58603 0.89977
vt 0.58603 0.90341
vt 0.00003 0.90342
vt 0.58603 0.89977
vt 0.00003 0.90342
vt 0.00003 0.89978
vt 0.58603 0.83182
vt 0.58603 0.83306
vt 0.00003 0.83305
vt 0.58603 0.83182
vt 0.00003 0.83305
vt 0.00003 0.83180
vt 0.58603 0.83306
vt 0.58603 0.83670
vt 0.00003 0.83668
vt 0.58603 0.83306
vt 0.00003 0.83668
vt 0.00003 0.83305
vt 0.58603 0.83670
vt 0.58603 0.84248
vt 0.00003 0.84247
vt 0.58603 0.83670
vt 0.00003 0.84247
vt 0.00003 0.83668
vt 0.58603 0.84248
vt 0.58603 0.85003
vt 0.00003 0.85002
vt 0.58603 0.84248
vt 0.00003 0.85002
vt 0.00003 0.84247
vt 0.58603 0.86818
vt 0.58603 0.87766
vt 0.00003 0.87766
vt 0.58603 0.86818
vt 0.00003 0.87766
vt 0.00003 0.86821
vt 0.58603 0.87766
vt 0.58603 0.88644
vt 0.00003 0.88645
vt 0.58603 0.87766
vt 0.00003 0.88645
vt 0.00003 0.87766
vt 0.58603 0.88644
vt 0.58603 0.89398
vt 0.00003 0.89399
vt 0.58603 0.88644
vt 0.00003 0.89399
vt 0.00003 0.88645
vt 0.58603 0.89398
vt 0.58603 0.89977
vt 0.00003 0.89978
vt 0.58603 0.89398
vt 0.00003 0.89978
vt 0.00003 0.89399
vt 0.58427 0.59861
vt 0.58522 0.61705
vt 0.58303 0.63434
vt 0.58603 0.84248
vt 0.00003 0.83668
vt 0.00003 0.84247
vt 0.58603 0.85003
vt 0.58603 0.84248
vt 0.00003 0.84247
vt 0.58603 0.85003
vt 0.00003 0.84247
vt 0.00003 0.85002
vt 0.58603 0.85881
vt 0.58603 0.85003
vt 0.00003 0.85002
vt 0.58603 0.85881
vt 0.00003 0.85002
vt 0.00003 0.85880
vt 0.58603 0.86824
vt 0.58603 0.85881
vt 0.00003 0.85880
vt 0.58603 0.86824
vt 0.00003 0.85880
vt 0.00003 0.86824
vt 0.58603 0.89977
vt 0.58603 0.89398
vt 0.00003 0.89399
vt 0.58603 0.89977
vt 0.00003 0.89399
vt 0.00003 0.89978
vt 0.58603 0.90341
vt 0.58603 0.89977
vt 0.00003 0.89978
vt 0.58603 0.90341
vt 0.00003 0.89978
vt 0.00003 0.90342
vt 0.58603 0.83306
vt 0.58603 0.83182
vt 0.00003 0.83180
vt 0.58603 0.83306
vt 0.00003 0.83180
vt 0.00003 0.83305
vt 0.58603 0.83670
vt 0.58603 0.83306
vt 0.00003 0.83305
vt 0.58603 0.83670
vt 0.00003 0.83305
vt 0.00003 0.83668
vt 0.58008 0.90701
vt 0.58009 0.91197
vt 0.58604 0.91163
vt 0.58603 0.87766
vt 0.58603 0.86824
vt 0.00003 0.86824
vt 0.58603 0.87766
vt 0.00003 0.86824
vt 0.00003 0.87766
vt 0.58603 0.88644
vt 0.58603 0.87766
vt 0.00003 0.87766
vt 0.58603 0.88644
vt 0.00003 0.87766
vt 0.00003 0.88645
vt 0.58603 0.89398
vt 0.58603 0.88644
vt 0.00003 0.88645
vt 0.58603 0.89398
vt 0.00003 0.88645
vt 0.00003 0.89399
vt 0.58008 0.83608
vt 0.58008 0.86981
vt 0.58604 0.85065
vt 0.58008 0.86981
vt 0.58604 0.87291
vt 0.58604 0.85065
vt 0.58009 0.91197
vt 0.58604 0.90686
vt 0.58604 0.91163
vt 0.58008 0.90701
vt 0.58604 0.91163
vt 0.58604 0.89836
vt 0.58603 0.90341
vt 0.58603 0.90493
vt 0.00000 0.90493
vt 0.58008 0.82117
vt 0.58604 0.82930
vt 0.58604 0.82525
vt 0.58008 0.82117
vt 0.58008 0.83608
vt 0.58604 0.82930
vt 0.58008 0.83608
vt 0.58604 0.85065
vt 0.58604 0.82930
vt 0.58008 0.86981
vt 0.58008 0.90701
vt 0.58604 0.89836
vt 0.58008 0.86981
vt 0.58604 0.89836
vt 0.58604 0.87291
vt 0.58008 0.83762
vt 0.58604 0.83434
vt 0.58604 0.85253
vt 0.58008 0.87889
vt 0.58008 0.83762
vt 0.58604 0.85253
vt 0.58008 0.87889
vt 0.58604 0.85253
vt 0.58604 0.88106
vt 0.58008 0.83762
vt 0.58008 0.82117
vt 0.58604 0.82525
vt 0.58008 0.83762
vt 0.58604 0.82525
vt 0.58604 0.83434
vt 0.58603 0.84248
vt 0.58603 0.83670
vt 0.00003 0.83668
vt 0.58009 0.91197
vt 0.58008 0.87889
vt 0.58604 0.88106
vt 0.58009 0.91197
vt 0.58604 0.88106
vt 0.58604 0.90686
vt 0.74483 0.50286
vt 0.73615 0.53380
vt 0.73754 0.53805
vt 0.73615 0.53380
vt 0.74483 0.50286
vt 0.74302 0.49658
vt 0.73615 0.53380
vt 0.74302 0.49658
vt 0.73953 0.52837
vt 0.61621 0.50599
vt 0.62184 0.54058
vt 0.62210 0.53137
vt 0.72973 0.54502
vt 0.73615 0.53380
vt 0.73953 0.52837
vt 0.72973 0.54502
vt 0.73953 0.52837
vt 0.72898 0.54713
vt 0.71001 0.57647
vt 0.73754 0.53805
vt 0.73615 0.53380
vt 0.71001 0.57647
vt 0.73615 0.53380
vt 0.72973 0.54502
vt 0.71001 0.57647
vt 0.72973 0.54502
vt 0.71051 0.56888
vt 0.74483 0.50286
vt 0.73754 0.53805
vt 0.74003 0.53200
vt 0.81967 0.70462
vt 0.80882 0.62770
vt 0.81271 0.63515
vt 0.65108 0.57840
vt 0.70765 0.57526
vt 0.58522 0.61705
vt 0.70813 0.63613
vt 0.80503 0.75557
vt 0.77647 0.79283
vt 0.75582 0.84235
vt 0.73732 0.94026
vt 0.70873 0.92360
vt 0.75582 0.84235
vt 0.70873 0.92360
vt 0.70813 0.63613
vt 0.70813 0.63613
vt 0.77647 0.79283
vt 0.75582 0.84235
vt 0.81585 0.64773
vt 0.81967 0.70462
vt 0.81271 0.63515
vt 0.80882 0.62770
vt 0.81967 0.70462
vt 0.70813 0.63613
vt 0.80882 0.62770
vt 0.70813 0.63613
vt 0.71432 0.63211
vt 0.70873 0.35278
vt 0.66542 0.35522
vt 0.66135 0.35013
vt 0.69812 0.35092
vt 0.67904 0.34571
vt 0.69304 0.35434
vt 0.71738 0.36176
vt 0.69812 0.35092
vt 0.69304 0.35434
vt 0.70873 0.35278
vt 0.71738 0.36176
vt 0.69304 0.35434
vt 0.66135 0.35013
vt 0.64102 0.36693
vt 0.63852 0.37152
vt 0.67904 0.34571
vt 0.64102 0.36693
vt 0.65129 0.36044
vt 0.67904 0.34571
vt 0.65129 0.36044
vt 0.66542 0.35522
vt 0.66135 0.35013
vt 0.66542 0.35522
vt 0.65129 0.36044
vt 0.67904 0.34571
vt 0.66542 0.35522
vt 0.69304 0.35434
vt 0.70873 0.35278
vt 0.69304 0.35434
vt 0.66542 0.35522
vt 0.62019 0.43655
vt 0.62799 0.39888
vt 0.62432 0.40597
vt 0.64102 0.36693
vt 0.62432 0.40597
vt 0.62799 0.39888
vt 0.63852 0.37152
vt 0.64102 0.36693
vt 0.62799 0.39888
vt 0.63852 0.37152
vt 0.62799 0.39888
vt 0.62681 0.39739
vt 0.66135 0.35013
vt 0.65129 0.36044
vt 0.64102 0.36693
vt 0.61715 0.50495
vt 0.61931 0.44375
vt 0.62210 0.53137
vt 0.62019 0.43655
vt 0.62432 0.40597
vt 0.61931 0.44375
vt 0.62019 0.43655
vt 0.62681 0.39739
vt 0.62799 0.39888
vt 0.58009 0.62627
vt 0.58009 0.60859
vt 0.58303 0.63434
vt 0.58009 0.60859
vt 0.58427 0.59861
vt 0.58303 0.63434
vt 0.58009 0.60859
vt 0.58009 0.57955
vt 0.58427 0.59861
vt 0.58009 0.57955
vt 0.58429 0.57908
vt 0.58427 0.59861
f 392/1 460/2 599/3
f 392/4 599/5 598/6
f 24/7 25/8 20/9
f 460/10 463/11 594/12
f 460/13 594/14 599/15
f 27/16 26/17 23/18
f 12/19 11/20 15/21
f 15/22 11/23 13/24
f 14/25 12/26 15/27
f 41/28 25/29 40/30
f 27/31 4/32 55/33
f 41/34 40/35 39/36
f 24/37 40/38 25/39
f 39/40 38/41 37/42
f 39/43 37/44 541/45
f 40/46 37/47 38/48
f 39/49 40/50 38/51
f 46/52 47/53 45/54
f 43/55 46/56 45/57
f 45/58 44/59 43/60
f 10/61 44/62 42/63
f 10/64 42/65 7/66
f 43/67 44/68 10/69
f 25/70 53/71 54/72
f 25/73 54/74 50/75
f 48/76 47/77 49/78
f 49/79 47/80 46/81
f 50/82 51/83 49/84
f 48/85 49/86 51/87
f 52/88 22/89 21/90
f 60/91 61/92 22/93
f 60/94 22/95 52/96
f 62/97 52/98 63/99
f 21/100 64/101 65/102
f 53/103 25/104 41/105
f 59/106 39/107 541/108
f 67/109 72/110 73/111
f 67/112 70/113 71/114
f 67/115 71/116 72/117
f 74/118 67/119 73/120
f 67/121 68/122 69/123
f 67/124 69/125 70/126
f 52/127 21/128 65/129
f 52/130 65/131 63/132
f 74/133 66/134 67/135
f 67/136 66/137 68/138
f 87/139 91/140 84/141
f 80/142 78/143 82/144
f 82/145 78/146 81/147
f 83/148 147/149 85/150
f 75/151 76/152 77/153
f 75/154 77/155 79/156
f 79/157 77/158 78/159
f 79/160 78/161 80/162
f 89/163 88/164 91/165
f 89/166 90/167 88/168
f 84/169 147/170 83/171
f 109/172 88/173 90/174
f 83/175 110/176 130/177
f 84/178 83/179 86/180
f 84/181 86/182 87/183
f 88/184 108/185 144/186
f 109/187 108/188 88/189
f 105/190 94/191 95/192
f 112/193 111/194 89/195
f 111/196 90/197 89/198
f 112/199 87/200 86/201
f 92/202 99/203 98/204
f 107/205 104/206 208/207
f 107/208 100/209 104/210
f 107/211 103/212 100/213
f 103/214 102/215 101/216
f 103/217 101/218 100/219
f 100/220 101/221 91/222
f 100/223 91/224 93/225
f 93/226 91/227 88/228
f 93/229 88/230 92/231
f 92/232 88/233 144/234
f 92/235 144/236 99/237
f 104/238 100/239 206/240
f 206/241 92/242 96/243
f 96/244 92/245 97/246
f 100/247 93/248 206/249
f 206/250 93/251 92/252
f 92/253 98/254 97/255
f 109/256 90/257 127/258
f 132/259 130/260 131/261
f 90/262 128/263 127/264
f 111/265 128/266 90/267
f 146/268 443/269 123/270
f 146/271 123/272 124/273
f 142/274 125/275 126/276
f 139/277 194/278 141/279
f 119/280 120/281 116/282
f 134/283 113/284 115/285
f 134/286 115/287 135/288
f 116/289 120/290 117/291
f 138/292 115/293 118/294
f 121/295 122/296 120/297
f 121/298 120/299 119/300
f 135/301 115/302 138/303
f 111/304 132/305 131/306
f 137/307 118/308 194/309
f 137/310 194/311 139/312
f 124/313 123/314 122/315
f 124/316 122/317 121/318
f 138/319 118/320 137/321
f 111/322 131/323 128/324
f 143/325 96/326 97/327
f 136/328 135/329 138/330
f 116/331 145/332 143/333
f 144/334 108/335 146/336
f 108/337 109/338 146/339
f 99/340 144/341 121/342
f 134/343 208/344 105/345
f 134/346 105/347 133/348
f 208/349 134/350 135/351
f 107/352 135/353 136/354
f 107/355 136/356 138/357
f 99/358 121/359 119/360
f 97/361 98/362 119/363
f 97/364 119/365 116/366
f 143/367 97/368 116/369
f 144/370 146/371 124/372
f 109/373 127/374 146/375
f 144/376 124/377 121/378
f 98/379 99/380 119/381
f 91/382 87/383 89/384
f 87/385 112/386 89/387
f 107/388 208/389 135/390
f 148/391 85/392 142/393
f 102/394 103/395 137/396
f 102/397 137/398 139/399
f 103/400 107/401 138/402
f 103/403 138/404 137/405
f 102/406 139/407 141/408
f 106/409 102/410 141/411
f 85/412 141/413 142/414
f 141/415 140/416 125/417
f 141/418 125/419 142/420
f 149/421 129/422 148/423
f 106/424 141/425 85/426
f 141/427 194/428 140/429
f 85/430 102/431 106/432
f 85/433 147/434 101/435
f 85/436 101/437 102/438
f 101/439 147/440 84/441
f 101/442 84/443 91/444
f 150/445 203/446 153/447
f 156/448 154/449 150/450
f 150/451 155/452 156/453
f 152/454 164/455 203/456
f 149/457 148/458 142/459
f 152/460 172/461 164/462
f 161/463 176/464 156/465
f 184/466 203/467 150/468
f 154/469 186/470 180/471
f 153/472 203/473 164/474
f 156/475 176/476 177/477
f 177/478 154/479 156/480
f 167/481 165/482 166/483
f 168/484 155/485 165/486
f 155/487 157/488 156/489
f 157/490 161/491 156/492
f 174/493 168/494 167/495
f 167/496 166/497 173/498
f 167/499 168/500 165/501
f 185/502 150/503 154/504
f 185/505 154/506 180/507
f 158/508 159/509 199/510
f 154/511 189/512 188/513
f 212/514 155/515 162/516
f 187/517 158/518 155/519
f 158/520 199/521 160/522
f 169/523 213/524 212/525
f 158/526 160/527 157/528
f 169/529 212/530 162/531
f 212/532 187/533 155/534
f 169/535 168/536 174/537
f 169/538 162/539 168/540
f 162/541 155/542 168/543
f 155/544 158/545 157/546
f 177/547 189/548 154/549
f 183/550 190/551 182/552
f 186/553 154/554 188/555
f 179/556 182/557 178/558
f 199/559 120/560 160/561
f 157/562 122/563 161/564
f 192/565 115/566 198/567
f 198/568 115/569 113/570
f 199/571 159/572 211/573
f 197/574 125/575 140/576
f 194/577 118/578 193/579
f 192/580 118/581 115/582
f 195/583 140/584 194/585
f 196/586 126/587 125/588
f 117/589 199/590 211/591
f 117/592 211/593 200/594
f 157/595 160/596 122/597
f 167/598 193/599 174/600
f 166/601 194/602 173/603
f 166/604 195/605 194/606
f 171/607 125/608 197/609
f 174/610 118/611 192/612
f 160/613 120/614 122/615
f 199/616 117/617 120/618
f 161/619 123/620 176/621
f 176/622 123/623 443/624
f 176/625 443/626 456/627
f 176/628 456/629 177/630
f 177/631 456/632 201/633
f 161/634 122/635 123/636
f 183/637 181/638 202/639
f 177/640 201/641 189/642
f 153/643 155/644 150/645
f 150/646 185/647 184/648
f 183/649 184/650 181/651
f 174/652 192/653 169/654
f 169/655 192/656 198/657
f 171/658 197/659 172/660
f 151/661 196/662 125/663
f 151/664 125/665 171/666
f 173/667 194/668 193/669
f 173/670 193/671 167/672
f 174/673 193/674 118/675
f 181/676 186/677 202/678
f 152/679 151/680 171/681
f 204/682 151/683 178/684
f 205/685 151/686 204/687
f 205/688 196/689 151/690
f 171/691 172/692 152/693
f 172/694 165/695 164/696
f 140/697 195/698 197/699
f 166/700 172/701 197/702
f 166/703 197/704 195/705
f 165/706 155/707 153/708
f 165/709 153/710 164/711
f 172/712 166/713 165/714
f 132/715 111/716 112/717
f 151/718 152/719 178/720
f 178/721 152/722 203/723
f 86/724 132/725 112/726
f 110/727 129/728 130/729
f 83/730 130/731 86/732
f 86/733 130/734 132/735
f 148/736 83/737 85/738
f 148/739 129/740 110/741
f 148/742 110/743 83/744
f 208/745 104/746 207/747
f 116/748 117/749 200/750
f 116/751 200/752 145/753
f 181/754 180/755 186/756
f 104/757 206/758 207/759
f 184/760 185/761 181/762
f 185/763 180/764 181/765
f 178/766 203/767 179/768
f 203/769 182/770 179/771
f 203/772 184/773 183/774
f 203/775 183/776 182/777
f 175/778 169/779 198/780
f 175/781 198/782 113/783
f 206/784 96/785 94/786
f 207/787 206/788 94/789
f 208/790 207/791 94/792
f 208/793 94/794 105/795
f 213/796 169/797 175/798
f 158/799 187/800 210/801
f 158/802 210/803 159/804
f 187/805 212/806 210/807
f 143/808 209/809 96/810
f 114/811 209/812 143/813
f 114/814 143/815 145/816
f 209/817 114/818 96/819
f 159/820 214/821 211/822
f 175/823 113/824 191/825
f 96/826 114/827 94/828
f 133/829 191/830 113/831
f 133/832 113/833 134/834
f 159/835 210/836 163/837
f 210/838 212/839 163/840
f 212/841 213/842 170/843
f 212/844 170/845 163/846
f 170/847 213/848 175/849
f 145/850 200/851 114/852
f 232/853 233/854 234/855
f 232/856 235/857 236/858
f 232/859 236/860 233/861
f 235/862 237/863 236/864
f 235/865 238/866 237/867
f 227/868 226/869 228/870
f 230/871 227/872 228/873
f 230/874 228/875 229/876
f 230/877 229/878 231/879
f 217/880 230/881 231/882
f 217/883 231/884 215/885
f 221/886 219/887 220/888
f 221/889 220/890 222/891
f 223/892 224/893 225/894
f 227/895 223/896 225/897
f 227/898 225/899 226/900
f 214/901 200/902 211/903
f 217/904 215/905 216/906
f 217/907 216/908 218/909
f 221/910 217/911 218/912
f 221/913 218/914 219/915
f 23/916 42/917 3/918
f 5/919 7/920 42/921
f 247/922 246/923 248/924
f 23/925 3/926 4/927
f 6/928 1/929 2/930
f 5/931 23/932 1/933
f 5/934 1/935 6/936
f 23/937 5/938 42/939
f 243/940 245/941 244/942
f 243/943 232/944 234/945
f 243/946 234/947 245/948
f 247/949 221/950 222/951
f 247/952 222/953 246/954
f 235/955 247/956 248/957
f 235/958 248/959 238/960
f 223/961 239/962 240/963
f 223/964 240/965 224/966
f 239/967 241/968 240/969
f 239/970 242/971 241/972
f 239/973 243/974 244/975
f 239/976 244/977 242/978
f 4/979 538/980 55/981
f 55/982 538/983 539/984
f 55/985 539/986 30/987
f 30/988 539/989 540/990
f 30/991 540/992 56/993
f 8/994 43/995 10/996
f 4/997 3/998 536/999
f 54/1000 53/1001 205/1002
f 54/1003 205/1004 204/1005
f 8/1006 10/1007 7/1008
f 12/1009 8/1010 9/1011
f 12/1012 9/1013 11/1014
f 8/1015 12/1016 43/1017
f 8/1018 5/1019 6/1020
f 5/1021 8/1022 7/1023
f 9/1024 8/1025 6/1026
f 625/1027 42/1028 44/1029
f 625/1030 44/1031 624/1032
f 47/1033 44/1034 45/1035
f 543/1036 422/1037 544/1038
f 395/1039 543/1040 544/1041
f 41/1042 205/1043 53/1044
f 182/1045 48/1046 51/1047
f 542/1048 396/1049 47/1050
f 39/1051 196/1052 41/1053
f 41/1054 196/1055 205/1056
f 56/1057 540/1058 58/1059
f 58/1060 540/1061 57/1062
f 58/1063 57/1064 541/1065
f 550/1066 556/1067 551/1068
f 378/1069 52/1070 379/1071
f 204/1072 178/1073 54/1074
f 407/1075 545/1076 547/1077
f 406/1078 545/1079 407/1080
f 42/1081 625/1082 613/1083
f 42/1084 613/1085 536/1086
f 42/1087 536/1088 3/1089
f 378/1090 537/1091 52/1092
f 395/1093 544/1094 394/1095
f 542/1096 422/1097 543/1098
f 389/1099 544/1100 422/1101
f 394/1102 544/1103 389/1104
f 394/1105 389/1106 386/1107
f 396/1108 542/1109 543/1110
f 396/1111 543/1112 395/1113
f 556/1114 385/1115 383/1116
f 182/1117 51/1118 50/1119
f 379/1120 62/1121 403/1122
f 556/1123 383/1124 546/1125
f 594/1126 463/1127 379/1128
f 451/1129 188/1130 189/1131
f 451/1132 449/1133 186/1134
f 451/1135 186/1136 188/1137
f 182/1138 50/1139 54/1140
f 182/1141 54/1142 178/1143
f 552/1144 554/1145 553/1146
f 555/1147 550/1148 551/1149
f 552/1150 555/1151 551/1152
f 70/1153 417/1154 71/1155
f 71/1156 417/1157 415/1158
f 392/1159 545/1160 406/1161
f 392/1162 598/1163 545/1164
f 69/1165 421/1166 70/1167
f 70/1168 421/1169 417/1170
f 409/1171 546/1172 383/1173
f 407/1174 547/1175 546/1176
f 407/1177 546/1178 409/1179
f 556/1180 550/1181 385/1182
f 537/1183 60/1184 52/1185
f 410/1186 48/1187 182/1188
f 410/1189 182/1190 190/1191
f 74/1192 416/1193 66/1194
f 68/1195 420/1196 421/1197
f 68/1198 421/1199 69/1200
f 336/1201 473/1202 464/1203
f 336/1204 475/1205 473/1206
f 335/1207 468/1208 480/1209
f 469/1210 474/1211 477/1212
f 379/1213 403/1214 594/1215
f 379/1216 52/1217 62/1218
f 66/1219 416/1220 419/1221
f 66/1222 419/1223 418/1224
f 66/1225 418/1226 420/1227
f 66/1228 420/1229 68/1230
f 552/1231 551/1232 554/1233
f 548/1234 552/1235 553/1236
f 548/1237 553/1238 549/1239
f 542/1240 47/1241 422/1242
f 378/1243 444/1244 537/1245
f 44/1246 396/1247 624/1248
f 422/1249 186/1250 449/1251
f 496/1252 499/1253 334/1254
f 484/1255 486/1256 498/1257
f 499/1258 482/1259 334/1260
f 490/1261 488/1262 487/1263
f 333/1264 497/1265 496/1266
f 333/1267 496/1268 334/1269
f 484/1270 495/1271 494/1272
f 484/1273 494/1274 487/1275
f 534/1276 533/1277 535/1278
f 535/1279 533/1280 528/1281
f 528/1282 533/1283 529/1284
f 498/1285 495/1286 484/1287
f 531/1288 532/1289 522/1290
f 534/1291 524/1292 533/1293
f 469/1294 477/1295 466/1296
f 479/1297 476/1298 335/1299
f 335/1300 480/1301 479/1302
f 478/1303 481/1304 466/1305
f 477/1306 478/1307 466/1308
f 475/1309 336/1310 335/1311
f 475/1312 335/1313 476/1314
f 525/1315 527/1316 526/1317
f 522/1318 532/1319 521/1320
f 534/1321 523/1322 524/1323
f 523/1324 526/1325 524/1326
f 523/1327 525/1328 526/1329
f 520/1330 521/1331 527/1332
f 520/1333 522/1334 521/1335
f 491/1336 490/1337 487/1338
f 494/1339 491/1340 487/1341
f 333/1342 489/1343 493/1344
f 333/1345 493/1346 492/1347
f 333/1348 492/1349 497/1350
f 469/1351 472/1352 470/1353
f 481/1354 467/1355 466/1356
f 469/1357 471/1358 474/1359
f 513/1360 344/1361 343/1362
f 513/1363 343/1364 339/1365
f 515/1366 345/1367 342/1368
f 515/1369 342/1370 341/1371
f 515/1372 341/1373 516/1374
f 256/1375 509/1376 254/1377
f 258/1378 511/1379 510/1380
f 258/1381 510/1382 256/1383
f 258/1384 260/1385 512/1386
f 258/1387 512/1388 511/1389
f 260/1390 262/1391 507/1392
f 260/1393 507/1394 512/1395
f 513/1396 514/1397 344/1398
f 505/1399 501/1400 251/1401
f 502/1402 507/1403 262/1404
f 502/1405 262/1406 265/1407
f 250/1408 508/1409 505/1410
f 250/1411 505/1412 251/1413
f 254/1414 509/1415 508/1416
f 254/1417 508/1418 250/1419
f 256/1420 510/1421 509/1422
f 528/1423 529/1424 531/1425
f 531/1426 529/1427 530/1428
f 531/1429 530/1430 532/1431
f 487/1432 488/1433 489/1434
f 487/1435 489/1436 333/1437
f 490/1438 491/1439 492/1440
f 490/1441 492/1442 493/1443
f 494/1444 495/1445 496/1446
f 494/1447 496/1448 497/1449
f 498/1450 486/1451 482/1452
f 498/1453 482/1454 499/1455
f 474/1456 475/1457 476/1458
f 474/1459 476/1460 477/1461
f 478/1462 479/1463 480/1464
f 478/1465 480/1466 481/1467
f 482/1468 483/1469 334/1470
f 484/1471 334/1472 483/1473
f 484/1474 483/1475 485/1476
f 485/1477 486/1478 484/1479
f 336/1480 464/1481 465/1482
f 466/1483 467/1484 468/1485
f 466/1486 468/1487 335/1488
f 469/1489 470/1490 471/1491
f 469/1492 336/1493 465/1494
f 469/1495 465/1496 472/1497
f 470/1498 464/1499 473/1500
f 470/1501 473/1502 471/1503
f 517/1504 518/1505 346/1506
f 340/1507 519/1508 338/1509
f 525/1510 520/1511 527/1512
f 392/1513 349/1514 460/1515
f 392/1516 350/1517 349/1518
f 461/1519 351/1520 391/1521
f 351/1522 350/1523 391/1524
f 380/1525 353/1526 462/1527
f 249/1528 250/1529 251/1530
f 249/1531 251/1532 252/1533
f 253/1534 254/1535 250/1536
f 253/1537 250/1538 249/1539
f 255/1540 256/1541 254/1542
f 255/1543 254/1544 253/1545
f 257/1546 258/1547 256/1548
f 337/1549 500/1550 501/1551
f 504/1552 501/1553 505/1554
f 506/1555 507/1556 502/1557
f 506/1558 502/1559 503/1560
f 504/1561 337/1562 501/1563
f 261/1564 262/1565 260/1566
f 261/1567 260/1568 259/1569
f 263/1570 264/1571 265/1572
f 263/1573 265/1574 266/1575
f 266/1576 265/1577 262/1578
f 266/1579 262/1580 261/1581
f 266/1582 267/1583 268/1584
f 266/1585 268/1586 263/1587
f 462/1588 353/1589 352/1590
f 257/1591 256/1592 255/1593
f 259/1594 260/1595 258/1596
f 259/1597 258/1598 257/1599
f 463/1600 460/1601 347/1602
f 463/1603 347/1604 348/1605
f 380/1606 463/1607 348/1608
f 352/1609 351/1610 461/1611
f 352/1612 461/1613 462/1614
f 348/1615 353/1616 380/1617
f 294/1618 297/1619 298/1620
f 294/1621 298/1622 295/1623
f 297/1624 299/1625 300/1626
f 297/1627 300/1628 298/1629
f 299/1630 301/1631 302/1632
f 299/1633 302/1634 300/1635
f 301/1636 303/1637 304/1638
f 301/1639 304/1640 302/1641
f 285/1642 287/1643 288/1644
f 285/1645 288/1646 286/1647
f 287/1648 289/1649 290/1650
f 287/1651 290/1652 288/1653
f 289/1654 291/1655 292/1656
f 289/1657 292/1658 290/1659
f 293/1660 294/1661 295/1662
f 293/1663 295/1664 296/1665
f 277/1666 279/1667 280/1668
f 277/1669 280/1670 278/1671
f 279/1672 281/1673 282/1674
f 279/1675 282/1676 280/1677
f 281/1678 283/1679 284/1680
f 281/1681 284/1682 282/1683
f 283/1684 285/1685 286/1686
f 283/1687 286/1688 284/1689
f 267/1690 269/1691 270/1692
f 267/1693 270/1694 268/1695
f 269/1696 271/1697 272/1698
f 269/1699 272/1700 270/1701
f 273/1702 274/1703 275/1704
f 273/1705 275/1706 276/1707
f 274/1708 277/1709 278/1710
f 274/1711 278/1712 275/1713
f 328/1714 327/1715 329/1716
f 328/1717 329/1718 330/1719
f 330/1720 329/1721 331/1722
f 330/1723 331/1724 332/1725
f 332/1726 331/1727 293/1728
f 332/1729 293/1730 296/1731
f 315/1732 333/1733 334/1734
f 315/1735 334/1736 316/1737
f 320/1738 319/1739 321/1740
f 320/1741 321/1742 322/1743
f 322/1744 321/1745 323/1746
f 322/1747 323/1748 324/1749
f 324/1750 323/1751 325/1752
f 324/1753 325/1754 326/1755
f 326/1756 325/1757 327/1758
f 326/1759 327/1760 328/1761
f 311/1762 313/1763 314/1764
f 311/1765 314/1766 312/1767
f 313/1768 272/1769 271/1770
f 313/1771 271/1772 314/1773
f 315/1774 316/1775 317/1776
f 315/1777 317/1778 318/1779
f 318/1780 317/1781 319/1782
f 318/1783 319/1784 320/1785
f 303/1786 305/1787 306/1788
f 303/1789 306/1790 304/1791
f 305/1792 307/1793 308/1794
f 305/1795 308/1796 306/1797
f 307/1798 309/1799 310/1800
f 307/1801 310/1802 308/1803
f 309/1804 311/1805 312/1806
f 309/1807 312/1808 310/1809
f 452/1810 438/1811 450/1812
f 201/1813 452/1814 189/1815
f 201/1816 440/1817 452/1818
f 339/1819 343/1820 340/1821
f 518/1822 342/1823 345/1824
f 448/1825 455/1826 447/1827
f 450/1828 455/1829 448/1830
f 450/1831 438/1832 455/1833
f 264/1834 502/1835 265/1836
f 338/1837 339/1838 340/1839
f 341/1840 342/1841 343/1842
f 341/1843 343/1844 344/1845
f 518/1846 345/1847 346/1848
f 518/1849 340/1850 343/1851
f 518/1852 343/1853 342/1854
f 273/1855 276/1856 335/1857
f 273/1858 335/1859 336/1860
f 501/1861 337/1862 292/1863
f 501/1864 292/1865 251/1866
f 251/1867 292/1868 291/1869
f 251/1870 291/1871 252/1872
f 337/1873 501/1874 500/1875
f 446/1876 445/1877 444/1878
f 460/1879 349/1880 347/1881
f 439/1882 146/1883 127/1884
f 440/1885 442/1886 439/1887
f 458/1888 410/1889 459/1890
f 458/1891 459/1892 457/1893
f 392/1894 391/1895 350/1896
f 443/1897 440/1898 456/1899
f 440/1900 201/1901 456/1902
f 428/1903 427/1904 434/1905
f 428/1906 434/1907 435/1908
f 429/1909 428/1910 435/1911
f 431/1912 429/1913 435/1914
f 447/1915 454/1916 446/1917
f 447/1918 455/1919 454/1920
f 423/1921 433/1922 425/1923
f 427/1924 425/1925 434/1926
f 450/1927 451/1928 189/1929
f 450/1930 189/1931 452/1932
f 445/1933 453/1934 444/1935
f 446/1936 454/1937 453/1938
f 446/1939 453/1940 445/1941
f 448/1942 447/1943 449/1944
f 448/1945 449/1946 450/1947
f 450/1948 449/1949 451/1950
f 585/1951 609/1952 624/1953
f 588/1954 600/1955 608/1956
f 588/1957 608/1958 585/1959
f 585/1960 624/1961 586/1962
f 441/1963 440/1964 443/1965
f 441/1966 439/1967 442/1968
f 589/1969 586/1970 624/1971
f 589/1972 624/1973 398/1974
f 585/1975 608/1976 609/1977
f 127/1978 432/1979 439/1980
f 440/1981 439/1982 437/1983
f 440/1984 437/1985 452/1986
f 439/1987 432/1988 437/1989
f 146/1990 439/1991 441/1992
f 441/1993 442/1994 440/1995
f 431/1996 435/1997 436/1998
f 127/1999 431/2000 436/2001
f 127/2002 436/2003 437/2004
f 432/2005 127/2006 437/2007
f 437/2008 438/2009 452/2010
f 4/2011 614/2012 538/2013
f 540/2014 539/2015 615/2016
f 540/2017 615/2018 617/2019
f 536/2020 613/2021 4/2022
f 614/2023 4/2024 613/2025
f 461/2026 597/2027 462/2028
f 461/2029 580/2030 597/2031
f 391/2032 580/2033 461/2034
f 462/2035 595/2036 596/2037
f 462/2038 596/2039 380/2040
f 462/2041 597/2042 595/2043
f 623/2044 621/2045 606/2046
f 623/2047 606/2048 607/2049
f 142/2050 126/2051 607/2052
f 126/2053 623/2054 607/2055
f 606/2056 621/2057 605/2058
f 623/2059 622/2060 621/2061
f 59/2062 541/2063 622/2064
f 59/2065 622/2066 623/2067
f 39/2068 59/2069 623/2070
f 196/2071 39/2072 623/2073
f 196/2074 623/2075 126/2076
f 540/2077 617/2078 619/2079
f 540/2080 619/2081 620/2082
f 57/2083 540/2084 620/2085
f 541/2086 57/2087 620/2088
f 541/2089 620/2090 622/2091
f 615/2092 539/2093 601/2094
f 615/2095 601/2096 603/2097
f 617/2098 615/2099 603/2100
f 626/2101 625/2102 609/2103
f 602/2104 538/2105 614/2106
f 539/2107 538/2108 601/2109
f 609/2110 625/2111 624/2112
f 626/2113 613/2114 625/2115
f 602/2116 601/2117 538/2118
f 610/2119 608/2120 600/2121
f 609/2122 608/2123 610/2124
f 622/2125 618/2126 621/2127
f 430/2128 131/2129 74/2130
f 33/2131 618/2132 604/2133
f 605/2134 621/2135 618/2136
f 605/2137 618/2138 33/2139
f 622/2140 620/2141 618/2142
f 617/2143 603/2144 616/2145
f 604/2146 618/2147 616/2148
f 619/2149 617/2150 616/2151
f 619/2152 616/2153 618/2154
f 620/2155 619/2156 618/2157
f 380/2158 64/2159 21/2160
f 404/2161 380/2162 596/2163
f 22/2164 61/2165 591/2166
f 22/2167 591/2168 21/2169
f 74/2170 73/2171 426/2172
f 73/2173 72/2174 426/2175
f 614/2176 612/2177 602/2178
f 387/2179 600/2180 588/2181
f 387/2182 588/2183 587/2184
f 399/2185 587/2186 382/2187
f 380/2188 404/2189 64/2190
f 613/2191 626/2192 612/2193
f 602/2194 612/2195 611/2196
f 602/2197 611/2198 26/2199
f 614/2200 613/2201 612/2202
f 612/2203 610/2204 600/2205
f 612/2206 609/2207 610/2208
f 626/2209 609/2210 612/2211
f 611/2212 612/2213 600/2214
f 6/2215 600/2216 387/2217
f 130/2218 15/2219 131/2220
f 74/2221 131/2222 388/2223
f 130/2224 129/2225 20/2226
f 130/2227 20/2228 17/2229
f 130/2230 17/2231 16/2232
f 130/2233 16/2234 15/2235
f 381/2236 591/2237 424/2238
f 424/2239 71/2240 381/2241
f 71/2242 415/2243 381/2244
f 15/2245 13/2246 388/2247
f 15/2248 388/2249 131/2250
f 74/2251 426/2252 430/2253
f 72/2254 71/2255 424/2256
f 72/2257 424/2258 426/2259
f 416/2260 74/2261 388/2262
f 381/2263 380/2264 21/2265
f 381/2266 21/2267 591/2268
f 28/2269 616/2270 603/2271
f 31/2272 604/2273 616/2274
f 31/2275 33/2276 604/2277
f 33/2278 36/2279 605/2280
f 27/2281 601/2282 602/2283
f 27/2284 28/2285 603/2286
f 27/2287 603/2288 601/2289
f 28/2290 31/2291 616/2292
f 131/2293 430/2294 128/2295
f 387/2296 587/2297 399/2298
f 382/2299 587/2300 584/2301
f 384/2302 382/2303 584/2304
f 6/2305 387/2306 9/2307
f 11/2308 9/2309 388/2310
f 11/2311 388/2312 13/2313
f 9/2314 387/2315 388/2316
f 384/2317 584/2318 581/2319
f 384/2320 581/2321 408/2322
f 393/2323 580/2324 391/2325
f 408/2326 580/2327 393/2328
f 408/2329 581/2330 580/2331
f 40/2332 142/2333 607/2334
f 40/2335 24/2336 149/2337
f 40/2338 149/2339 142/2340
f 27/2341 602/2342 26/2343
f 430/2344 127/2345 128/2346
f 36/2347 37/2348 605/2349
f 37/2350 606/2351 605/2352
f 37/2353 40/2354 607/2355
f 37/2356 607/2357 606/2358
f 576/2359 305/2360 303/2361
f 577/2362 506/2363 307/2364
f 577/2365 307/2366 305/2367
f 504/2368 573/2369 297/2370
f 504/2371 297/2372 294/2373
f 263/2374 503/2375 264/2376
f 337/2377 504/2378 293/2379
f 337/2380 293/2381 292/2382
f 573/2383 574/2384 299/2385
f 573/2386 299/2387 297/2388
f 574/2389 575/2390 301/2391
f 574/2392 301/2393 299/2394
f 575/2395 576/2396 303/2397
f 575/2398 303/2399 301/2400
f 576/2401 577/2402 305/2403
f 26/2404 611/2405 1/2406
f 20/2407 149/2408 24/2409
f 19/2410 49/2411 413/2412
f 19/2413 413/2414 412/2415
f 2/2416 600/2417 6/2418
f 2/2419 1/2420 611/2421
f 2/2422 611/2423 600/2424
f 149/2425 20/2426 129/2427
f 417/2428 419/2429 416/2430
f 418/2431 417/2432 421/2433
f 418/2434 421/2435 420/2436
f 438/2437 437/2438 82/2439
f 438/2440 82/2441 81/2442
f 417/2443 418/2444 419/2445
f 270/2446 311/2447 268/2448
f 270/2449 272/2450 313/2451
f 589/2452 398/2453 548/2454
f 589/2455 548/2456 549/2457
f 43/2458 12/2459 411/2460
f 43/2461 411/2462 414/2463
f 443/2464 146/2465 441/2466
f 504/2467 294/2468 293/2469
f 309/2470 506/2471 503/2472
f 309/2473 503/2474 263/2475
f 309/2476 307/2477 506/2478
f 268/2479 311/2480 309/2481
f 268/2482 309/2483 263/2484
f 270/2485 313/2486 311/2487
f 592/2488 596/2489 595/2490
f 592/2491 597/2492 580/2493
f 429/2494 431/2495 430/2496
f 431/2497 127/2498 430/2499
f 593/2500 599/2501 594/2502
f 423/2503 426/2504 424/2505
f 425/2506 427/2507 426/2508
f 427/2509 428/2510 426/2511
f 428/2512 430/2513 426/2514
f 428/2515 429/2516 430/2517
f 422/2518 416/2519 388/2520
f 378/2521 381/2522 415/2523
f 378/2524 415/2525 416/2526
f 378/2527 416/2528 422/2529
f 423/2530 425/2531 426/2532
f 486/2533 569/2534 572/2535
f 486/2536 572/2537 482/2538
f 578/2539 487/2540 469/2541
f 503/2542 502/2543 264/2544
f 491/2545 561/2546 564/2547
f 491/2548 564/2549 492/2550
f 499/2551 567/2552 566/2553
f 499/2554 566/2555 498/2556
f 495/2557 565/2558 568/2559
f 495/2560 568/2561 496/2562
f 483/2563 571/2564 570/2565
f 483/2566 570/2567 485/2568
f 591/2569 537/2570 76/2571
f 591/2572 76/2573 75/2574
f 424/2575 591/2576 75/2577
f 453/2578 76/2579 444/2580
f 593/2581 598/2582 599/2583
f 592/2584 595/2585 597/2586
f 596/2587 592/2588 593/2589
f 596/2590 593/2591 594/2592
f 75/2593 433/2594 423/2595
f 75/2596 423/2597 424/2598
f 76/2599 537/2600 444/2601
f 487/2602 516/2603 484/2604
f 493/2605 559/2606 558/2607
f 493/2608 558/2609 490/2610
f 488/2611 557/2612 560/2613
f 488/2614 560/2615 489/2616
f 497/2617 563/2618 562/2619
f 497/2620 562/2621 494/2622
f 477/2623 476/2624 568/2625
f 477/2626 568/2627 565/2628
f 468/2629 467/2630 570/2631
f 468/2632 570/2633 571/2634
f 481/2635 480/2636 572/2637
f 481/2638 572/2639 569/2640
f 578/2641 515/2642 487/2643
f 487/2644 515/2645 516/2646
f 472/2647 465/2648 560/2649
f 472/2650 560/2651 557/2652
f 475/2653 474/2654 562/2655
f 475/2656 562/2657 563/2658
f 471/2659 473/2660 564/2661
f 471/2662 564/2663 561/2664
f 479/2665 478/2666 566/2667
f 479/2668 566/2669 567/2670
f 469/2671 513/2672 578/2673
f 469/2674 466/2675 514/2676
f 469/2677 514/2678 513/2679
f 464/2680 470/2681 558/2682
f 464/2683 558/2684 559/2685
f 416/2686 415/2687 417/2688
f 14/2689 19/2690 412/2691
f 49/2692 46/2693 413/2694
f 46/2695 43/2696 414/2697
f 46/2698 414/2699 413/2700
f 458/2701 48/2702 410/2703
f 12/2704 14/2705 411/2706
f 14/2707 412/2708 411/2709
f 408/2710 409/2711 383/2712
f 383/2713 384/2714 408/2715
f 387/2716 399/2717 385/2718
f 385/2719 399/2720 382/2721
f 47/2722 400/2723 401/2724
f 47/2725 401/2726 422/2727
f 401/2728 402/2729 422/2730
f 398/2731 396/2732 397/2733
f 624/2734 396/2735 398/2736
f 394/2737 386/2738 590/2739
f 170/2740 105/2741 95/2742
f 170/2743 95/2744 163/2745
f 105/2746 175/2747 191/2748
f 105/2749 191/2750 133/2751
f 114/2752 214/2753 159/2754
f 114/2755 159/2756 94/2757
f 163/2758 95/2759 94/2760
f 163/2761 94/2762 159/2763
f 214/2764 114/2765 200/2766
f 175/2767 105/2768 170/2769
f 455/2770 438/2771 78/2772
f 438/2773 81/2774 78/2775
f 437/2776 436/2777 82/2778
f 407/2779 409/2780 408/2781
f 454/2782 455/2783 78/2784
f 454/2785 78/2786 77/2787
f 404/2788 405/2789 65/2790
f 62/2791 63/2792 403/2793
f 406/2794 408/2795 393/2796
f 393/2797 392/2798 406/2799
f 408/2800 406/2801 407/2802
f 390/2803 594/2804 403/2805
f 404/2806 596/2807 405/2808
f 458/2809 47/2810 48/2811
f 580/2812 581/2813 545/2814
f 402/2815 410/2816 422/2817
f 458/2818 400/2819 47/2820
f 434/2821 425/2822 75/2823
f 434/2824 75/2825 79/2826
f 592/2827 580/2828 598/2829
f 592/2830 598/2831 593/2832
f 436/2833 435/2834 80/2835
f 436/2836 80/2837 82/2838
f 435/2839 79/2840 80/2841
f 435/2842 434/2843 79/2844
f 551/2845 588/2846 585/2847
f 556/2848 587/2849 551/2850
f 551/2851 587/2852 588/2853
f 453/2854 454/2855 77/2856
f 453/2857 77/2858 76/2859
f 556/2860 584/2861 587/2862
f 60/2863 537/2864 591/2865
f 60/2866 591/2867 61/2868
f 459/2869 410/2870 402/2871
f 401/2872 400/2873 458/2874
f 585/2875 554/2876 551/2877
f 425/2878 433/2879 75/2880
f 65/2881 405/2882 390/2883
f 65/2884 390/2885 63/2886
f 405/2887 596/2888 594/2889
f 405/2890 594/2891 390/2892
f 590/2893 385/2894 550/2895
f 590/2896 550/2897 583/2898
f 545/2899 581/2900 547/2901
f 584/2902 547/2903 581/2904
f 547/2905 584/2906 546/2907
f 402/2908 401/2909 458/2910
f 402/2911 458/2912 457/2913
f 411/2914 412/2915 413/2916
f 411/2917 413/2918 414/2919
f 545/2920 598/2921 580/2922
f 549/2923 586/2924 589/2925
f 402/2926 457/2927 459/2928
f 550/2929 555/2930 548/2931
f 550/2932 548/2933 582/2934
f 555/2935 552/2936 548/2937
f 532/2938 377/2939 579/2940
f 524/2941 360/2942 371/2943
f 524/2944 371/2945 372/2946
f 524/2947 372/2948 533/2949
f 533/2950 372/2951 373/2952
f 529/2953 366/2954 368/2955
f 529/2956 368/2957 369/2958
f 529/2959 369/2960 530/2961
f 530/2962 369/2963 370/2964
f 530/2965 370/2966 532/2967
f 532/2968 370/2969 377/2970
f 554/2971 585/2972 553/2973
f 586/2974 549/2975 553/2976
f 527/2977 354/2978 365/2979
f 529/2980 367/2981 366/2982
f 550/2983 582/2984 583/2985
f 556/2986 546/2987 584/2988
f 585/2989 586/2990 553/2991
f 521/2992 358/2993 357/2994
f 521/2995 359/2996 358/2997
f 521/2998 532/2999 579/3000
f 521/3001 579/3002 359/3003
f 524/3004 361/3005 360/3006
f 524/3007 526/3008 362/3009
f 527/3010 355/3011 354/3012
f 527/3013 356/3014 355/3015
f 527/3016 521/3017 357/3018
f 527/3019 357/3020 356/3021
f 338/3022 519/3023 346/3024
f 346/3025 519/3026 517/3027
f 533/3028 373/3029 374/3030
f 533/3031 374/3032 375/3033
f 533/3034 375/3035 367/3036
f 533/3037 367/3038 529/3039
f 326/3040 528/3041 324/3042
f 534/3043 295/3044 252/3045
f 279/3046 520/3047 525/3048
f 279/3049 525/3050 281/3051
f 487/3052 333/3053 522/3054
f 469/3055 487/3056 522/3057
f 534/3058 291/3059 523/3060
f 318/3061 531/3062 315/3063
f 315/3064 531/3065 333/3066
f 333/3067 531/3068 522/3069
f 522/3070 336/3071 469/3072
f 287/3073 523/3074 289/3075
f 534/3076 332/3077 296/3078
f 291/3079 289/3080 523/3081
f 296/3082 295/3083 534/3084
f 534/3085 252/3086 291/3087
f 524/3088 362/3089 361/3090
f 526/3091 363/3092 362/3093
f 526/3094 364/3095 363/3096
f 526/3097 527/3098 365/3099
f 526/3100 365/3101 364/3102
f 287/3103 525/3104 523/3105
f 528/3106 322/3107 324/3108
f 531/3109 320/3110 322/3111
f 531/3112 322/3113 528/3114
f 320/3115 531/3116 318/3117
f 522/3118 520/3119 273/3120
f 574/3121 509/3122 510/3123
f 574/3124 510/3125 575/3126
f 510/3127 511/3128 576/3129
f 510/3130 576/3131 575/3132
f 511/3133 512/3134 577/3135
f 511/3136 577/3137 576/3138
f 512/3139 507/3140 506/3141
f 512/3142 506/3143 577/3144
f 485/3145 570/3146 569/3147
f 485/3148 569/3149 486/3150
f 482/3151 572/3152 571/3153
f 482/3154 571/3155 483/3156
f 504/3157 505/3158 508/3159
f 504/3160 508/3161 573/3162
f 573/3163 508/3164 509/3165
f 573/3166 509/3167 574/3168
f 578/3169 513/3170 339/3171
f 578/3172 339/3173 338/3174
f 578/3175 338/3176 346/3177
f 578/3178 346/3179 345/3180
f 578/3181 345/3182 515/3183
f 518/3184 517/3185 519/3186
f 518/3187 519/3188 340/3189
f 496/3190 567/3191 499/3192
f 467/3193 481/3194 569/3195
f 467/3196 569/3197 570/3198
f 480/3199 468/3200 571/3201
f 480/3202 571/3203 572/3204
f 490/3205 558/3206 557/3207
f 490/3208 557/3209 488/3210
f 489/3211 560/3212 559/3213
f 489/3214 559/3215 493/3216
f 474/3217 471/3218 561/3219
f 474/3220 561/3221 562/3222
f 473/3223 475/3224 563/3225
f 473/3226 563/3227 564/3228
f 478/3229 477/3230 565/3231
f 478/3232 565/3233 566/3234
f 476/3235 479/3236 567/3237
f 476/3238 567/3239 568/3240
f 312/3241 266/3242 310/3243
f 314/3244 269/3245 267/3246
f 314/3247 267/3248 312/3249
f 314/3250 271/3251 269/3252
f 470/3253 472/3254 557/3255
f 470/3256 557/3257 558/3258
f 465/3259 464/3260 559/3261
f 465/3262 559/3263 560/3264
f 522/3265 273/3266 336/3267
f 281/3268 525/3269 283/3270
f 283/3271 525/3272 285/3273
f 285/3274 525/3275 287/3276
f 312/3277 267/3278 266/3279
f 302/3280 253/3281 300/3282
f 304/3283 257/3284 255/3285
f 304/3286 255/3287 302/3288
f 306/3289 259/3290 257/3291
f 306/3292 257/3293 304/3294
f 308/3295 261/3296 259/3297
f 308/3298 259/3299 306/3300
f 310/3301 266/3302 261/3303
f 330/3304 535/3305 328/3306
f 332/3307 534/3308 330/3309
f 298/3310 249/3311 252/3312
f 298/3313 252/3314 295/3315
f 300/3316 253/3317 249/3318
f 300/3319 249/3320 298/3321
f 302/3322 255/3323 253/3324
f 273/3325 520/3326 274/3327
f 520/3328 277/3329 274/3330
f 520/3331 279/3332 277/3333
f 328/3334 535/3335 528/3336
f 328/3337 528/3338 326/3339
f 330/3340 534/3341 535/3342
f 494/3343 562/3344 561/3345
f 494/3346 561/3347 491/3348
f 492/3349 564/3350 563/3351
f 492/3352 563/3353 497/3354
f 498/3355 566/3356 565/3357
f 498/3358 565/3359 495/3360
f 496/3361 568/3362 567/3363
f 388/3364 386/3365 389/3366
f 385/3367 590/3368 386/3369
f 394/3370 590/3371 395/3372
f 395/3373 590/3374 396/3375
f 463/3376 380/3377 379/3378
f 422/3379 388/3380 389/3381
f 390/3382 403/3383 63/3384
f 391/3385 392/3386 393/3387
f 388/3388 387/3389 386/3390
f 383/3391 385/3392 382/3393
f 383/3394 382/3395 384/3396
f 385/3397 386/3398 387/3399
f 310/3400 261/3401 308/3402
f 248/3403 376/3404 377/3405
f 65/3406 64/3407 404/3408
f 378/3409 379/3410 380/3411
f 378/3412 380/3413 381/3414
f 244/3415 245/3416 375/3417
f 244/3418 375/3419 374/3420
f 245/3421 234/3422 367/3423
f 245/3424 367/3425 375/3426
f 246/3427 222/3428 359/3429
f 246/3430 359/3431 376/3432
f 238/3433 248/3434 377/3435
f 238/3436 377/3437 370/3438
f 224/3439 240/3440 371/3441
f 224/3442 371/3443 360/3444
f 240/3445 241/3446 372/3447
f 240/3448 372/3449 371/3450
f 241/3451 242/3452 373/3453
f 241/3454 373/3455 372/3456
f 242/3457 244/3458 374/3459
f 242/3460 374/3461 373/3462
f 234/3463 233/3464 366/3465
f 234/3466 366/3467 367/3468
f 233/3469 236/3470 368/3471
f 233/3472 368/3473 366/3474
f 236/3475 237/3476 369/3477
f 236/3478 369/3479 368/3480
f 237/3481 238/3482 370/3483
f 237/3484 370/3485 369/3486
f 397/3487 396/3488 590/3489
f 228/3490 362/3491 363/3492
f 229/3493 228/3494 363/3495
f 229/3496 363/3497 364/3498
f 231/3499 229/3500 364/3501
f 231/3502 364/3503 365/3504
f 215/3505 231/3506 365/3507
f 215/3508 365/3509 354/3510
f 220/3511 219/3512 357/3513
f 220/3514 357/3515 358/3516
f 222/3517 220/3518 358/3519
f 222/3520 358/3521 359/3522
f 225/3523 224/3524 360/3525
f 225/3526 360/3527 361/3528
f 226/3529 225/3530 361/3531
f 226/3532 361/3533 362/3534
f 353/3535 348/3536 247/3537
f 216/3538 215/3539 354/3540
f 216/3541 354/3542 355/3543
f 218/3544 216/3545 355/3546
f 218/3547 355/3548 356/3549
f 219/3550 218/3551 356/3552
f 219/3553 356/3554 357/3555
f 351/3556 352/3557 243/3558
f 352/3559 232/3560 243/3561
f 348/3562 221/3563 247/3564
f 353/3565 247/3566 235/3567
f 248/3568 246/3569 376/3570
f 350/3571 239/3572 223/3573
f 350/3574 351/3575 239/3576
f 351/3577 243/3578 239/3579
f 352/3580 353/3581 235/3582
f 352/3583 235/3584 232/3585
f 349/3586 227/3587 230/3588
f 347/3589 349/3590 230/3591
f 347/3592 230/3593 217/3594
f 349/3595 350/3596 223/3597
f 349/3598 223/3599 227/3600
f 228/3601 226/3602 362/3603
f 348/3604 347/3605 217/3606
f 348/3607 217/3608 221/3609
f 20/3610 18/3611 16/3612
f 18/3613 20/3614 25/3615
f 18/3616 25/3617 50/3618
f 26/3619 1/3620 23/3621
f 19/3622 18/3623 50/3624
f 19/3625 50/3626 49/3627
f 15/3628 16/3629 18/3630
f 15/3631 18/3632 19/3633
f 15/3634 19/3635 14/3636
f 20/3637 16/3638 17/3639
f 186/3640 190/3641 183/3642
f 44/3643 47/3644 396/3645
f 422/3646 449/3647 447/3648
f 446/3649 444/3650 378/3651
f 446/3652 378/3653 422/3654
f 422/3655 447/3656 446/3657
f 202/3658 186/3659 183/3660
f 190/3661 186/3662 422/3663
f 190/3664 422/3665 410/3666
f 541/3667 34/3668 58/3669
f 36/3670 33/3671 35/3672
f 37/3673 36/3674 35/3675
f 541/3676 37/3677 35/3678
f 58/3679 31/3680 56/3681
f 33/3682 31/3683 32/3684
f 33/3685 32/3686 34/3687
f 58/3688 34/3689 32/3690
f 33/3691 34/3692 35/3693
f 541/3694 35/3695 34/3696
f 55/3697 29/3698 28/3699
f 31/3700 28/3701 29/3702
f 56/3703 31/3704 29/3705
f 56/3706 29/3707 30/3708
f 58/3709 32/3710 31/3711
f 4/3712 27/3713 23/3714
f 55/3715 28/3716 27/3717
f 55/3718 30/3719 29/3720
f 583/3721 582/3722 590/3723
f 582/3724 397/3725 590/3726
f 582/3727 548/3728 397/3729
f 548/3730 398/3731 397/3732
o Panel
g Panel
usemtl PanelCream
v -0.01702 0.36526 0.05787
v -0.02992 0.36998 0.07723
v -0.01781 0.36998 0.06549
v -0.00477 0.36759 0.06229
v -0.01654 0.36232 0.06229
v 0.02222 0.36232 0.06229
v 0.02257 0.36450 0.05752
v 0.02348 0.36998 0.06549
v 0.03559 0.36943 0.05779
v 0.03559 0.36998 0.07723
v 0.02264 0.36486 0.07723
v 0.01043 0.36680 0.06869
v -0.01654 0.36232 0.06868
v -0.01717 0.36614 0.07723
v 0.02222 0.36232 0.06868
v -0.04945 0.14909 0.02781
v -0.04961 0.22603 0.02996
v -0.05377 0.23852 0.02749
v -0.07101 0.25605 0.02858
v -0.03682 0.28670 0.02746
v -0.03043 0.28869 0.02746
v -0.03043 0.14036 0.02746
v -0.04430 0.24574 0.05542
v -0.07456 0.24256 0.04255
v -0.05629 0.22942 0.05454
v -0.08019 0.21445 0.04264
v -0.05645 0.18532 0.05032
v -0.07812 0.19168 0.04083
v -0.06553 0.16739 0.04255
v -0.04584 0.14720 0.04265
v -0.03722 0.18316 0.05751
v -0.04606 0.19347 0.06678
v -0.05655 0.20847 0.06019
v -0.05466 0.22524 0.08993
v -0.03592 0.23678 0.08405
v -0.06269 0.20730 0.12216
v -0.06513 0.23139 0.10868
v -0.05962 0.19314 0.10722
v -0.05677 0.23595 0.10441
v -0.06838 0.21066 0.10688
v -0.04758 0.18901 0.11463
v -0.05415 0.19881 0.09712
v -0.04296 0.18855 0.09748
v -0.05652 0.21428 0.09404
v -0.05382 0.27737 0.04251
v -0.03043 0.18683 0.06379
v -0.04665 0.20991 0.12900
v -0.04692 0.23961 0.11766
v -0.03043 0.19050 0.08689
v -0.03043 0.23798 0.08689
v -0.03043 0.23328 0.12258
v -0.03043 0.21797 0.12850
v -0.03043 0.24205 0.10178
v -0.03043 0.19123 0.11931
v -0.03043 0.18613 0.10535
v -0.03043 0.28869 0.04255
v -0.03043 0.14036 0.04256
v -0.03043 0.24176 0.06379
v 0.01719 0.16077 0.22682
v -0.01152 0.16137 0.22784
v 0.01719 0.19869 0.20994
v 0.01719 0.22620 0.17961
v -0.01152 0.21450 0.19632
v 0.01719 0.23763 0.13921
v -0.01152 0.23868 0.14105
v 0.02912 0.31659 0.21587
v -0.01725 0.31400 0.23519
v 0.02974 0.31019 0.18407
v -0.02393 0.31536 0.20508
v 0.01865 0.30668 0.17710
v -0.02199 0.31020 0.18390
v 0.01721 0.28656 0.14865
v -0.01153 0.28621 0.14600
v -0.01152 0.28988 0.11204
v 0.01719 0.29036 0.11337
v 0.01663 0.32457 0.09898
v -0.00849 0.32773 0.09813
v -0.01137 0.30200 0.17096
v 0.01740 0.21056 -0.44599
v 0.00964 0.22772 -0.44599
v 0.01686 0.22050 -0.42801
v -0.00397 0.22772 -0.42801
v -0.01120 0.20689 -0.42801
v -0.01335 0.21664 -0.44599
v 0.00396 0.19813 -0.44599
v 0.00964 0.19966 -0.42801
v 0.01686 0.22050 -0.39139
v 0.00964 0.22772 -0.41911
v -0.00397 0.22772 -0.39139
v -0.01335 0.21664 -0.41910
v -0.01173 0.21056 -0.39139
v 0.00396 0.19813 -0.41911
v 0.01740 0.21056 -0.41910
v 0.00578 0.19750 -0.39140
v -0.02813 0.21980 -0.18140
v -0.02834 0.21866 -0.18937
v -0.01470 0.23991 -0.18140
v 0.00902 0.24462 -0.18140
v -0.01112 0.24299 -0.18939
v 0.02913 0.23119 -0.18140
v 0.01944 0.24054 -0.18937
v 0.03629 0.20901 -0.18942
v 0.03385 0.20747 -0.18140
v 0.02041 0.18736 -0.18140
v -0.00331 0.18264 -0.18140
v 0.01014 0.18288 -0.18937
v -0.01891 0.18949 -0.18938
v -0.02341 0.19608 -0.18140
v -0.00971 0.14947 -0.18218
v 0.00282 0.14712 -0.18606
v 0.03408 0.14020 0.01581
v 0.03331 0.13728 0.02135
v 0.02647 0.16841 0.01865
v 0.02985 0.16272 0.02135
v 0.01842 0.17414 0.01592
v -0.02080 0.16873 0.01581
v -0.00388 0.17845 0.02135
v -0.02419 0.16271 0.02135
v -0.02838 0.14712 0.01592
v -0.02852 0.14040 0.02135
v -0.01278 0.12009 0.01592
v -0.00702 0.11661 0.02135
v 0.00282 0.11591 0.01592
v 0.01843 0.12009 0.02135
v 0.02720 0.14712 -0.16191
v 0.00705 0.13508 -0.18218
v 0.01556 0.11984 0.01542
v 0.00742 0.12126 -0.15984
v 0.01650 0.12342 -0.13900
v 0.01647 0.12346 0.01488
v -0.01598 0.12631 0.01485
v -0.02446 0.13439 0.01542
v -0.02453 0.14712 -0.13900
v -0.01730 0.16715 0.01492
v -0.01636 0.16371 -0.16178
v 0.00542 0.17710 0.01542
v 0.00716 0.17257 -0.16099
v 0.00282 0.17442 0.01488
v 0.02647 0.16077 0.01488
v 0.02317 0.16410 -0.15831
v 0.03026 0.13983 0.01492
v 0.02769 0.13878 -0.15930
v -0.01065 0.12514 -0.15877
v -0.02134 0.13886 -0.16143
v -0.01086 0.17080 -0.13900
v 0.01113 0.15679 -0.18218
v 0.06043 0.18044 -0.18606
v 0.08772 0.19593 0.01740
v 0.06732 0.21172 0.01581
v 0.07603 0.20745 0.02135
v 0.06043 0.21164 0.02135
v 0.04483 0.20746 0.01592
v 0.03893 0.20421 0.02135
v 0.03341 0.19603 0.01592
v 0.02990 0.17079 0.01581
v 0.02911 0.17372 0.02135
v 0.05350 0.14915 0.01582
v 0.05057 0.14994 0.02135
v 0.08406 0.15880 0.01582
v 0.08192 0.15666 0.02135
v 0.09163 0.18044 0.01592
v 0.09164 0.18044 0.02135
v 0.07993 0.19760 -0.16040
v 0.07246 0.18466 -0.18218
v 0.08644 0.18029 -0.15831
v 0.08123 0.16163 0.01485
v 0.08774 0.18044 0.01488
v 0.06043 0.15312 0.01488
v 0.04678 0.15678 0.01488
v 0.03679 0.16679 0.01488
v 0.04797 0.18044 -0.18075
v 0.04352 0.20053 -0.15984
v 0.05182 0.20712 0.01485
v 0.03674 0.19411 -0.13900
v 0.07408 0.20407 0.01488
v 0.06651 0.20637 -0.15775
v 0.08407 0.19408 0.01488
v 0.07966 0.16364 -0.16143
v 0.06496 0.15432 -0.15832
v 0.04364 0.16121 -0.16144
v 0.03363 0.18751 0.01474
v 0.03473 0.17522 -0.15930
v 0.05807 0.16790 -0.18218
v 0.05329 0.19113 -0.18134
v 0.06661 0.23620 -0.18075
v 0.06038 0.24699 -0.18606
v 0.06038 0.27817 0.01592
v 0.03869 0.26998 0.01714
v 0.05366 0.27830 0.02135
v 0.02909 0.25392 0.01581
v 0.02917 0.24699 0.02135
v 0.03335 0.23139 0.01592
v 0.05128 0.21673 0.01714
v 0.03659 0.22552 0.02135
v 0.07005 0.21645 0.01582
v 0.07598 0.21996 0.02135
v 0.09166 0.24007 0.01582
v 0.08740 0.23139 0.02135
v 0.09171 0.25372 0.02135
v 0.08740 0.26259 0.01592
v 0.07655 0.27411 0.01879
v 0.04819 0.26810 -0.16191
v 0.07351 0.26944 -0.15831
v 0.07241 0.25121 -0.18218
v 0.08706 0.25560 0.01485
v 0.08403 0.23333 0.01488
v 0.07404 0.22334 0.01488
v 0.05309 0.21955 0.01492
v 0.05204 0.22212 -0.15929
v 0.06038 0.22261 -0.16191
v 0.05207 0.23732 -0.18218
v 0.03363 0.23968 0.01475
v 0.03303 0.24699 -0.13900
v 0.03673 0.26064 0.01488
v 0.04673 0.27063 0.01488
v 0.04095 0.26522 -0.15775
v 0.06746 0.27379 0.01474
v 0.05997 0.27275 -0.15891
v 0.08304 0.25928 -0.15877
v 0.08615 0.24630 -0.15877
v 0.08235 0.23351 -0.15877
v 0.07267 0.22433 -0.15876
v 0.03616 0.23802 -0.16099
v 0.05323 0.25768 -0.18134
v -0.00283 0.27965 -0.18610
v -0.02855 0.28713 0.01581
v -0.02848 0.28022 0.02135
v -0.02431 0.26462 0.01592
v -0.02431 0.26462 0.02135
v -0.01289 0.25320 0.01592
v -0.00712 0.24971 0.02135
v 0.01234 0.24967 0.01581
v 0.01831 0.25321 0.02135
v 0.03298 0.27042 0.01865
v 0.02973 0.26462 0.02135
v 0.03392 0.28022 0.01592
v 0.02974 0.29582 0.01592
v 0.01182 0.31049 0.01715
v 0.02649 0.30171 0.02135
v -0.00392 0.31134 0.01865
v -0.01893 0.30325 0.01715
v -0.02190 0.28853 -0.16040
v -0.01016 0.30281 -0.15832
v -0.00459 0.30697 0.01474
v 0.01637 0.30387 0.01488
v 0.00970 0.30624 -0.15724
v 0.02637 0.29388 0.01488
v 0.03007 0.28022 -0.13900
v 0.03017 0.27296 0.01492
v 0.02473 0.26737 -0.15944
v 0.00986 0.26953 -0.18134
v 0.00734 0.25434 -0.15977
v 0.00999 0.25347 0.01474
v -0.01609 0.25942 0.01485
v -0.02463 0.28022 -0.13900
v -0.02473 0.28751 0.01492
v 0.01490 0.30134 -0.16191
v 0.02687 0.28847 -0.16144
v 0.01639 0.25653 -0.13900
v -0.01076 0.25824 -0.15876
v -0.01995 0.26793 -0.15876
v -0.00151 0.29225 -0.18218
v 0.01477 0.28404 -0.18094
v -0.00581 0.27088 -0.18094
v -0.05912 0.25893 -0.18218
v -0.05038 0.25015 -0.18610
v -0.07651 0.22328 0.01581
v -0.06471 0.21640 0.02135
v -0.04525 0.21634 0.01581
v -0.03929 0.21987 0.02135
v -0.02787 0.23130 0.01592
v -0.02436 0.25654 0.01581
v -0.02440 0.23704 0.02135
v -0.02788 0.26249 0.02135
v -0.03929 0.27392 0.01592
v -0.03929 0.27392 0.02135
v -0.05467 0.27829 0.01740
v -0.07853 0.26853 0.01582
v -0.07639 0.27067 0.02135
v -0.08567 0.23967 0.01715
v -0.08610 0.24690 0.02135
v -0.05983 0.22185 -0.16144
v -0.06342 0.23756 -0.18094
v -0.06736 0.24690 -0.18075
v -0.08090 0.24704 -0.15831
v -0.07570 0.26570 0.01485
v -0.05490 0.27421 0.01488
v -0.04124 0.27055 0.01488
v -0.04790 0.27292 -0.15724
v -0.02749 0.25431 0.01492
v -0.03052 0.24690 -0.16191
v -0.04254 0.24418 -0.18094
v -0.04122 0.22321 -0.13900
v -0.03124 0.23324 0.01488
v -0.04629 0.22021 0.01485
v -0.06854 0.22326 0.01488
v -0.08164 0.23963 0.01474
v -0.07455 0.22953 -0.15930
v -0.07687 0.26038 -0.15876
v -0.06719 0.26955 -0.15877
v -0.03543 0.26399 -0.16056
v -0.02754 0.24690 -0.13900
v -0.03501 0.23042 -0.16100
v -0.05107 0.23484 -0.18094
v -0.04654 0.19002 -0.18218
v -0.05484 0.18034 -0.18606
v -0.05484 0.14916 0.01592
v -0.03925 0.15334 0.01592
v -0.04812 0.14903 0.02135
v -0.02777 0.16445 0.01740
v -0.02364 0.18034 0.01592
v -0.02351 0.18708 0.02135
v -0.02978 0.19610 0.01549
v -0.03925 0.20735 0.01592
v -0.04500 0.21083 0.02135
v -0.06452 0.21088 0.01582
v -0.07044 0.20737 0.02135
v -0.08187 0.19595 0.01592
v -0.08187 0.19595 0.02135
v -0.08618 0.17362 0.02135
v -0.07044 0.15332 0.02135
v -0.03562 0.16355 -0.16143
v -0.04770 0.16965 -0.18134
v -0.06703 0.15923 -0.16191
v -0.06554 0.17320 -0.18134
v -0.07210 0.15568 0.01542
v -0.07900 0.17209 -0.16143
v -0.06852 0.15665 -0.13900
v -0.06192 0.15354 0.01474
v -0.08212 0.16761 0.01542
v -0.08219 0.18034 -0.13900
v -0.08483 0.18296 0.01542
v -0.06850 0.20400 0.01488
v -0.07388 0.19941 -0.15723
v -0.04756 0.20779 0.01492
v -0.04876 0.20628 -0.15775
v -0.04265 0.20146 -0.16191
v -0.02743 0.17446 0.01485
v -0.02749 0.18034 -0.13900
v -0.04119 0.15671 0.01488
v -0.04963 0.15464 -0.15929
v -0.06703 0.20146 -0.16191
v -0.03063 0.18931 -0.16099
v -0.06418 0.18887 -0.18094
v -0.02992 0.34064 0.07722
v -0.02992 0.36943 0.05779
v -0.01370 0.35263 -0.02312
v 0.01937 0.35442 -0.01974
v -0.01370 0.35622 0.05295
v 0.01937 0.35622 0.05295
v 0.01937 0.34071 -0.11741
v -0.01370 0.34071 -0.11741
v -0.01370 0.35084 -0.10872
v 0.01937 0.35084 -0.10872
v -0.02991 0.34510 0.05065
v 0.03559 0.34064 0.07722
v 0.03558 0.34510 0.05065
v 0.02974 0.29644 0.19086
v 0.02888 0.30468 0.21824
v 0.02018 0.30718 0.23888
v -0.02407 0.29644 0.19086
v -0.02335 0.30477 0.21727
v 0.01469 0.31053 0.24278
v -0.01031 0.30982 0.24251
v -0.01370 0.34063 0.05295
v -0.00477 0.36759 0.06869
v 0.01937 0.34063 0.05295
v 0.01046 0.36839 0.06229
v 0.01719 0.16001 0.18368
v 0.01719 0.23877 0.08995
v 0.01719 0.25194 0.10991
v 0.01719 0.25132 0.13759
v 0.01720 0.27583 0.15830
v 0.01816 0.29307 0.18379
v -0.01152 0.16001 0.18368
v -0.01152 0.25194 0.10991
v -0.01152 0.23877 0.08995
v -0.01152 0.24937 0.13706
v -0.01154 0.27402 0.15619
v -0.01246 0.29313 0.18377
v 0.01516 0.32290 0.08267
v -0.00439 0.32357 0.08270
v -0.01128 0.31853 0.08399
vt 0.38415 0.50661
vt 0.38415 0.45373
vt 0.37258 0.49052
vt 0.38415 0.50661
vt 0.37258 0.49052
vt 0.37255 0.50017
vt 0.37250 0.36642
vt 0.37258 0.26360
vt 0.37256 0.28958
vt 0.37250 0.36642
vt 0.37256 0.28958
vt 0.37255 0.50017
vt 0.38415 0.45373
vt 0.38415 0.36037
vt 0.37250 0.36642
vt 0.38415 0.28123
vt 0.37258 0.26360
vt 0.37250 0.36642
vt 0.38415 0.36037
vt 0.38415 0.28123
vt 0.37250 0.36642
vt 0.38415 0.31554
vt 0.37258 0.40444
vt 0.37256 0.28958
vt 0.37255 0.50017
vt 0.37258 0.49052
vt 0.37250 0.36642
vt 0.37258 0.40444
vt 0.37255 0.50017
vt 0.37256 0.28958
vt 0.38415 0.26266
vt 0.37256 0.28958
vt 0.37258 0.26360
vt 0.38415 0.26266
vt 0.38415 0.31554
vt 0.37256 0.28958
vt 0.38415 0.40890
vt 0.37255 0.50017
vt 0.37258 0.40444
vt 0.38415 0.40890
vt 0.38415 0.48804
vt 0.37255 0.50017
vt 0.38415 0.48804
vt 0.38415 0.50661
vt 0.37255 0.50017
vt 0.38415 0.28123
vt 0.38415 0.26266
vt 0.37258 0.26360
vt 0.38415 0.45373
vt 0.37250 0.36642
vt 0.37258 0.49052
vt 0.38415 0.31554
vt 0.38415 0.40890
vt 0.37258 0.40444
vt 0.00000 0.44008
vt 0.00000 0.39645
vt 0.02610 0.44008
vt 0.00000 0.37254
vt 0.00000 0.44008
vt 0.02610 0.41164
vt 0.00000 0.44008
vt 0.02610 0.44008
vt 0.02610 0.41164
vt 0.00000 0.37254
vt 0.00000 0.32363
vt 0.00000 0.39645
vt 0.02610 0.44008
vt 0.02610 0.35808
vt 0.02610 0.41164
vt 0.00000 0.37254
vt 0.00000 0.39645
vt 0.00000 0.44008
vt 0.02610 0.35808
vt 0.02610 0.32962
vt 0.02610 0.41164
vt 0.00000 0.32363
vt 0.02610 0.32962
vt 0.02610 0.35808
vt 0.00000 0.37254
vt 0.02610 0.41164
vt 0.02610 0.32962
vt 0.00000 0.32363
vt 0.00000 0.37254
vt 0.02610 0.32962
vt 0.00000 0.39645
vt 0.02610 0.35808
vt 0.02610 0.44008
vt 0.00000 0.39645
vt 0.00000 0.32363
vt 0.02610 0.35808
vt 0.03903 0.39645
vt 0.03902 0.32363
vt 0.07925 0.32112
vt 0.03902 0.44008
vt 0.07927 0.44008
vt 0.07927 0.41164
vt 0.03904 0.37254
vt 0.03902 0.32363
vt 0.03902 0.44008
vt 0.03902 0.32363
vt 0.03903 0.39645
vt 0.03902 0.44008
vt 0.03902 0.44008
vt 0.03903 0.39645
vt 0.07927 0.44008
vt 0.03903 0.39645
vt 0.07927 0.37254
vt 0.07927 0.44008
vt 0.03904 0.37254
vt 0.03902 0.44008
vt 0.07927 0.41164
vt 0.03902 0.32363
vt 0.03904 0.37254
vt 0.07925 0.32112
vt 0.03903 0.39645
vt 0.07925 0.32112
vt 0.07927 0.37254
vt 0.07927 0.44008
vt 0.07925 0.32112
vt 0.07927 0.41164
vt 0.03904 0.37254
vt 0.07927 0.41164
vt 0.07925 0.32112
vt 0.07927 0.44008
vt 0.07927 0.37254
vt 0.07925 0.32112
vt 0.68789 0.13059
vt 0.70680 0.29822
vt 0.69101 0.43342
vt 0.68743 0.48259
vt 0.69101 0.43342
vt 0.68901 0.55157
vt 0.69101 0.43342
vt 0.70680 0.29822
vt 0.68901 0.55157
vt 0.68743 0.48259
vt 0.68739 0.67221
vt 0.69101 0.43342
vt 0.69101 0.43342
vt 0.68739 0.67221
vt 0.68789 0.13059
vt 0.68789 0.13059
vt 0.70944 0.12316
vt 0.70930 0.20261
vt 0.70930 0.20261
vt 0.70680 0.29822
vt 0.68789 0.13059
vt 0.70930 0.49849
vt 0.68901 0.55157
vt 0.70943 0.38784
vt 0.70943 0.38784
vt 0.68901 0.55157
vt 0.70680 0.29822
vt 0.82487 0.35971
vt 0.80530 0.45453
vt 0.80269 0.37292
vt 0.80319 0.30397
vt 0.82487 0.35971
vt 0.80269 0.37292
vt 0.81834 0.48686
vt 0.79911 0.47247
vt 0.80530 0.45453
vt 0.72670 0.44676
vt 0.72057 0.27319
vt 0.73491 0.36429
vt 0.76955 0.47573
vt 0.72670 0.44676
vt 0.77809 0.43030
vt 0.77809 0.43030
vt 0.79911 0.47247
vt 0.76955 0.47573
vt 0.83481 0.36998
vt 0.81834 0.48686
vt 0.80530 0.45453
vt 0.70924 0.63549
vt 0.70930 0.68005
vt 0.68739 0.68005
vt 0.70924 0.63549
vt 0.68739 0.68005
vt 0.68739 0.67221
vt 0.70924 0.63549
vt 0.68901 0.55157
vt 0.70930 0.49849
vt 0.68789 0.13059
vt 0.68739 0.09622
vt 0.70930 0.09624
vt 0.70924 0.63549
vt 0.68739 0.67221
vt 0.68901 0.55157
vt 0.68789 0.13059
vt 0.70930 0.09624
vt 0.70944 0.12316
vt 0.76955 0.47573
vt 0.79911 0.47247
vt 0.81834 0.48686
vt 0.81394 0.28770
vt 0.78905 0.28590
vt 0.80047 0.27638
vt 0.81394 0.28770
vt 0.80047 0.27638
vt 0.82074 0.29647
vt 0.81394 0.28770
vt 0.83481 0.36998
vt 0.82487 0.35971
vt 0.80319 0.30397
vt 0.78905 0.28590
vt 0.81394 0.28770
vt 0.79911 0.47247
vt 0.77809 0.43030
vt 0.78405 0.38717
vt 0.79911 0.47247
vt 0.78405 0.38717
vt 0.80530 0.45453
vt 0.80530 0.45453
vt 0.78405 0.38717
vt 0.78852 0.32629
vt 0.80269 0.37292
vt 0.80530 0.45453
vt 0.78852 0.32629
vt 0.80269 0.37292
vt 0.78852 0.32629
vt 0.78905 0.28590
vt 0.80269 0.37292
vt 0.78905 0.28590
vt 0.80319 0.30397
vt 0.83481 0.36998
vt 0.80530 0.45453
vt 0.82487 0.35971
vt 0.70930 0.68005
vt 0.70924 0.63549
vt 0.72798 0.51101
vt 0.74014 0.27915
vt 0.73102 0.26468
vt 0.70944 0.12316
vt 0.74014 0.27915
vt 0.70944 0.12316
vt 0.70930 0.09624
vt 0.77367 0.29359
vt 0.74447 0.30528
vt 0.74014 0.27915
vt 0.81834 0.48686
vt 0.82548 0.46198
vt 0.79529 0.49648
vt 0.81834 0.48686
vt 0.83481 0.36998
vt 0.83409 0.40169
vt 0.81834 0.48686
vt 0.83409 0.40169
vt 0.82548 0.46198
vt 0.76955 0.47573
vt 0.81834 0.48686
vt 0.79529 0.49648
vt 0.83481 0.36998
vt 0.82074 0.29647
vt 0.83409 0.40169
vt 0.83481 0.36998
vt 0.81394 0.28770
vt 0.82074 0.29647
vt 0.74447 0.30528
vt 0.78905 0.28590
vt 0.78852 0.32629
vt 0.73491 0.36429
vt 0.74447 0.30528
vt 0.78852 0.32629
vt 0.72670 0.44676
vt 0.76955 0.47573
vt 0.72798 0.51101
vt 0.77367 0.29359
vt 0.78905 0.28590
vt 0.74447 0.30528
vt 0.77367 0.48047
vt 0.74014 0.49535
vt 0.76955 0.47573
vt 0.77809 0.43030
vt 0.73491 0.36429
vt 0.78852 0.32629
vt 0.77809 0.43030
vt 0.78852 0.32629
vt 0.78405 0.38717
vt 0.76955 0.47573
vt 0.79529 0.49648
vt 0.77367 0.48047
vt 0.78905 0.28590
vt 0.77367 0.29359
vt 0.80047 0.27638
vt 0.74014 0.49535
vt 0.70930 0.68005
vt 0.72798 0.51101
vt 0.73102 0.26468
vt 0.74014 0.27915
vt 0.74447 0.30528
vt 0.74014 0.49535
vt 0.72798 0.51101
vt 0.76955 0.47573
vt 0.73491 0.36429
vt 0.77809 0.43030
vt 0.72670 0.44676
vt 0.81394 0.28770
vt 0.82487 0.35971
vt 0.80319 0.30397
vt 0.72057 0.27319
vt 0.74447 0.30528
vt 0.73491 0.36429
vt 0.70930 0.49849
vt 0.72670 0.44676
vt 0.72798 0.51101
vt 0.70930 0.49849
vt 0.72798 0.51101
vt 0.70924 0.63549
vt 0.70943 0.38784
vt 0.72670 0.44676
vt 0.70930 0.49849
vt 0.70943 0.38784
vt 0.72057 0.27319
vt 0.72670 0.44676
vt 0.70680 0.29822
vt 0.72057 0.27319
vt 0.70943 0.38784
vt 0.70930 0.20261
vt 0.72057 0.27319
vt 0.70680 0.29822
vt 0.70944 0.12316
vt 0.73102 0.26468
vt 0.72057 0.27319
vt 0.70944 0.12316
vt 0.72057 0.27319
vt 0.70930 0.20261
vt 0.74447 0.30528
vt 0.72057 0.27319
vt 0.73102 0.26468
vt 0.68739 0.67221
vt 0.68739 0.09622
vt 0.68789 0.13059
vt 0.68739 0.67221
vt 0.68739 0.68005
vt 0.68739 0.09622
vt 0.68739 0.67221
vt 0.68743 0.48259
vt 0.68901 0.55157
vt 0.80709 0.53542
vt 0.81018 0.68474
vt 0.76946 0.79752
vt 0.91419 0.17356
vt 0.77812 0.48356
vt 0.80709 0.53542
vt 0.84964 0.47907
vt 0.80709 0.53542
vt 0.84727 0.53297
vt 0.91419 0.17356
vt 0.80709 0.53542
vt 0.84964 0.47907
vt 0.91419 0.17356
vt 0.80709 0.53542
vt 0.77812 0.48356
vt 0.87428 0.62232
vt 0.81018 0.68474
vt 0.80709 0.53542
vt 0.91419 0.17356
vt 0.84964 0.47907
vt 0.95232 0.32583
vt 0.84964 0.47907
vt 0.90829 0.43409
vt 0.95232 0.32583
vt 0.80709 0.53542
vt 0.87735 0.62944
vt 0.84727 0.53297
vt 0.80709 0.53542
vt 0.76754 0.81470
vt 0.79122 0.82127
vt 0.80709 0.53542
vt 0.79122 0.82127
vt 0.81211 0.68662
vt 0.79122 0.82127
vt 0.79000 0.83374
vt 0.81018 0.68474
vt 0.86334 0.67167
vt 0.85949 0.67028
vt 0.89573 0.73245
vt 0.98898 0.77969
vt 0.96296 0.74334
vt 0.99961 0.76323
vt 0.90464 0.75086
vt 0.91452 0.76473
vt 0.91477 0.76466
vt 0.90464 0.75086
vt 0.86334 0.67167
vt 0.89573 0.73245
vt 0.81211 0.68662
vt 0.79122 0.82127
vt 0.81018 0.68474
vt 0.86334 0.67167
vt 0.81211 0.68662
vt 0.81018 0.68474
vt 0.86334 0.67167
vt 0.81018 0.68474
vt 0.85949 0.67028
vt 1.00000 0.76602
vt 0.96094 0.78987
vt 0.98898 0.77969
vt 0.97682 0.17655
vt 0.95232 0.32583
vt 0.97832 0.17892
vt 0.96094 0.78987
vt 0.94527 0.78503
vt 0.98898 0.77969
vt 0.96094 0.78987
vt 0.91477 0.76466
vt 0.91452 0.76473
vt 0.96094 0.78987
vt 0.91452 0.76473
vt 0.94527 0.78503
vt 0.95232 0.32583
vt 0.90829 0.43409
vt 0.93254 0.38805
vt 0.90829 0.43409
vt 0.85231 0.48323
vt 0.93254 0.38805
vt 0.90829 0.43409
vt 0.84964 0.47907
vt 0.85231 0.48323
vt 0.90464 0.75086
vt 0.89573 0.73245
vt 0.91452 0.76473
vt 0.95232 0.32583
vt 0.93254 0.38805
vt 0.97832 0.17892
vt 0.87735 0.62944
vt 0.91436 0.69729
vt 0.91432 0.69752
vt 0.92463 0.71058
vt 0.96296 0.74334
vt 0.92463 0.71058
vt 0.96437 0.74299
vt 0.99434 0.75285
vt 1.00000 0.76602
vt 0.92463 0.71058
vt 0.91432 0.69752
vt 0.91436 0.69729
vt 0.76758 0.81735
vt 0.76946 0.79752
vt 0.79000 0.83374
vt 0.90464 0.75086
vt 0.91477 0.76466
vt 0.92463 0.71058
vt 0.76946 0.79752
vt 0.81018 0.68474
vt 0.79000 0.83374
vt 0.92463 0.71058
vt 0.91452 0.76473
vt 0.91432 0.69752
vt 0.76754 0.81470
vt 0.79000 0.83374
vt 0.79122 0.82127
vt 0.79000 0.83374
vt 0.76754 0.81470
vt 0.76758 0.81735
vt 0.91452 0.76473
vt 0.92463 0.71058
vt 0.96296 0.74334
vt 0.91452 0.76473
vt 0.96296 0.74334
vt 0.94527 0.78503
vt 1.00000 0.76602
vt 0.98898 0.77969
vt 0.99961 0.76323
vt 0.96094 0.78987
vt 1.00000 0.76602
vt 0.99434 0.75285
vt 0.96094 0.78987
vt 0.99434 0.75285
vt 0.96437 0.74299
vt 0.76946 0.79752
vt 0.76758 0.81735
vt 0.76754 0.81470
vt 0.92463 0.71058
vt 0.96437 0.74299
vt 0.96296 0.74334
vt 0.84964 0.47907
vt 0.84727 0.53297
vt 0.84651 0.52528
vt 0.96437 0.74299
vt 1.00000 0.76602
vt 0.99961 0.76323
vt 0.96437 0.74299
vt 0.99961 0.76323
vt 0.96296 0.74334
vt 0.92463 0.71058
vt 0.92463 0.71058
vt 0.91432 0.69752
vt 0.84727 0.53297
vt 0.87428 0.62232
vt 0.84651 0.52528
vt 0.84964 0.47907
vt 0.84651 0.52528
vt 0.85231 0.48323
vt 0.84727 0.53297
vt 0.87735 0.62944
vt 0.87428 0.62232
vt 0.87735 0.62944
vt 0.91432 0.69752
vt 0.87428 0.62232
vt 0.77812 0.48356
vt 0.91419 0.17356
vt 0.91419 0.17356
vt 0.77812 0.48356
vt 0.91419 0.17356
vt 0.77812 0.48356
vt 0.91419 0.17356
vt 0.97682 0.17655
vt 0.97832 0.17892
vt 0.91419 0.17356
vt 0.97832 0.17892
vt 0.91419 0.17356
vt 0.76754 0.81470
vt 0.80709 0.53542
vt 0.80709 0.53542
vt 0.76754 0.81470
vt 0.80709 0.53542
vt 0.76946 0.79752
vt 0.80709 0.53542
vt 0.77812 0.48356
vt 0.77812 0.48356
vt 0.80709 0.53542
vt 0.77812 0.48356
vt 0.80709 0.53542
vt 0.90464 0.75086
vt 0.92463 0.71058
vt 0.91436 0.69729
vt 0.95232 0.32583
vt 0.97682 0.17655
vt 0.91419 0.17356
vt 0.91432 0.69752
vt 0.91452 0.76473
vt 0.89573 0.73245
vt 0.87428 0.62232
vt 0.89573 0.73245
vt 0.85949 0.67028
vt 0.87735 0.62944
vt 0.80709 0.53542
vt 0.81211 0.68662
vt 0.87735 0.62944
vt 0.81211 0.68662
vt 0.86334 0.67167
vt 0.86334 0.67167
vt 0.90464 0.75086
vt 0.91436 0.69729
vt 0.86334 0.67167
vt 0.91436 0.69729
vt 0.87735 0.62944
vt 0.91477 0.76466
vt 0.96094 0.78987
vt 0.96437 0.74299
vt 0.91477 0.76466
vt 0.96437 0.74299
vt 0.92463 0.71058
vt 0.94527 0.78503
vt 0.96296 0.74334
vt 0.98898 0.77969
vt 0.91419 0.17356
vt 0.97832 0.17892
vt 0.93254 0.38805
vt 0.84651 0.52528
vt 0.87428 0.62232
vt 0.80709 0.53542
vt 0.87428 0.62232
vt 0.85949 0.67028
vt 0.81018 0.68474
vt 0.91419 0.17356
vt 0.93254 0.38805
vt 0.85231 0.48323
vt 0.85231 0.48323
vt 0.84651 0.52528
vt 0.80709 0.53542
vt 0.91419 0.17356
vt 0.85231 0.48323
vt 0.80709 0.53542
vt 0.89573 0.73245
vt 0.87428 0.62232
vt 0.91432 0.69752
vt 0.41263 0.18812
vt 0.41378 0.22300
vt 0.38301 0.16090
vt 0.41263 0.18812
vt 0.38301 0.16090
vt 0.38301 0.13208
vt 0.66990 0.24085
vt 0.41767 0.18967
vt 0.41378 0.22300
vt 0.66990 0.24085
vt 0.41378 0.22300
vt 0.66912 0.23030
vt 0.66918 0.09414
vt 0.66912 0.02971
vt 0.44571 0.02957
vt 0.66918 0.09414
vt 0.44571 0.02957
vt 0.41624 0.09001
vt 0.67048 0.20790
vt 0.67852 0.09638
vt 0.67852 0.18421
vt 0.67048 0.09560
vt 0.67459 0.20664
vt 0.67851 0.18422
vt 0.67048 0.09560
vt 0.67851 0.18422
vt 0.67851 0.08412
vt 0.38301 0.13208
vt 0.41314 0.09032
vt 0.41263 0.18812
vt 0.38301 0.16090
vt 0.41378 0.22300
vt 0.41767 0.18967
vt 0.38301 0.16090
vt 0.41767 0.18967
vt 0.41244 0.12282
vt 0.38301 0.13208
vt 0.38301 0.16090
vt 0.37739 0.12282
vt 0.37739 0.12282
vt 0.38301 0.16090
vt 0.38301 0.07545
vt 0.67851 0.24615
vt 0.67852 0.18421
vt 0.67852 0.09638
vt 0.67851 0.24615
vt 0.67852 0.09638
vt 0.67852 0.00276
vt 0.67851 0.08412
vt 0.67851 0.24615
vt 0.67852 0.00276
vt 0.66907 0.04094
vt 0.67064 0.01645
vt 0.66990 0.07275
vt 0.66912 0.02971
vt 0.67048 0.09560
vt 0.66990 0.01545
vt 0.67851 0.08412
vt 0.67851 0.18422
vt 0.67459 0.20664
vt 0.67851 0.08412
vt 0.67459 0.20664
vt 0.67851 0.24615
vt 0.44571 0.21604
vt 0.41378 0.22300
vt 0.41263 0.18812
vt 0.66918 0.09414
vt 0.41624 0.09001
vt 0.41767 0.18967
vt 0.66918 0.09414
vt 0.41767 0.18967
vt 0.66912 0.17656
vt 0.38301 0.07545
vt 0.38301 0.13208
vt 0.37739 0.12282
vt 0.41263 0.18812
vt 0.41314 0.09032
vt 0.44571 0.12282
vt 0.66918 0.20165
vt 0.44571 0.21604
vt 0.41263 0.18812
vt 0.66918 0.20165
vt 0.66912 0.23030
vt 0.41378 0.22300
vt 0.66918 0.20165
vt 0.41378 0.22300
vt 0.44571 0.21604
vt 0.66912 0.02971
vt 0.66918 0.09414
vt 0.67048 0.09560
vt 0.66912 0.23030
vt 0.66918 0.20165
vt 0.67048 0.20790
vt 0.66912 0.23030
vt 0.67048 0.20790
vt 0.66990 0.24085
vt 0.66918 0.20165
vt 0.66990 0.07275
vt 0.67064 0.12282
vt 0.67851 0.08412
vt 0.67852 0.00276
vt 0.67852 0.01644
vt 0.66907 0.04094
vt 0.66990 0.01545
vt 0.67064 0.00000
vt 0.66907 0.04094
vt 0.67064 0.00000
vt 0.67064 0.01645
vt 0.66918 0.09414
vt 0.66912 0.17656
vt 0.67459 0.20664
vt 0.66918 0.09414
vt 0.67459 0.20664
vt 0.67048 0.09560
vt 0.66912 0.17656
vt 0.66990 0.24085
vt 0.67063 0.22918
vt 0.66912 0.17656
vt 0.67063 0.22918
vt 0.67459 0.20664
vt 0.66990 0.07275
vt 0.67852 0.00276
vt 0.67852 0.09638
vt 0.67064 0.01645
vt 0.67064 0.00000
vt 0.67852 0.00276
vt 0.67064 0.00000
vt 0.66990 0.01545
vt 0.67852 0.01644
vt 0.67064 0.00000
vt 0.67852 0.01644
vt 0.67852 0.00276
vt 0.67063 0.22918
vt 0.66990 0.24085
vt 0.67851 0.24615
vt 0.67063 0.22918
vt 0.67851 0.24615
vt 0.67459 0.20664
vt 0.66990 0.24085
vt 0.67048 0.20790
vt 0.67851 0.24615
vt 0.66990 0.07275
vt 0.67064 0.01645
vt 0.67852 0.00276
vt 0.66918 0.20165
vt 0.67064 0.12282
vt 0.67048 0.20790
vt 0.38301 0.13208
vt 0.41700 0.03631
vt 0.41314 0.09032
vt 0.41244 0.12282
vt 0.41767 0.18967
vt 0.41624 0.09001
vt 0.41624 0.09001
vt 0.44571 0.02957
vt 0.41544 0.02105
vt 0.66990 0.01545
vt 0.44571 0.02957
vt 0.66912 0.02971
vt 0.67064 0.12282
vt 0.66990 0.07275
vt 0.67852 0.09638
vt 0.38301 0.07545
vt 0.41544 0.02105
vt 0.41700 0.03631
vt 0.38301 0.13208
vt 0.38301 0.07545
vt 0.41700 0.03631
vt 0.66918 0.20165
vt 0.44571 0.12282
vt 0.66990 0.07275
vt 0.66990 0.01545
vt 0.67048 0.09560
vt 0.67851 0.08412
vt 0.66990 0.01545
vt 0.67851 0.08412
vt 0.67852 0.01644
vt 0.41244 0.12282
vt 0.41624 0.09001
vt 0.38301 0.07545
vt 0.41244 0.12282
vt 0.38301 0.07545
vt 0.38301 0.16090
vt 0.41624 0.09001
vt 0.41544 0.02105
vt 0.38301 0.07545
vt 0.66990 0.01545
vt 0.41544 0.02105
vt 0.44571 0.02957
vt 0.66912 0.17656
vt 0.41767 0.18967
vt 0.66990 0.24085
vt 0.66907 0.04094
vt 0.41700 0.03631
vt 0.41544 0.02105
vt 0.66907 0.04094
vt 0.41544 0.02105
vt 0.66990 0.01545
vt 0.66907 0.04094
vt 0.41314 0.09032
vt 0.41700 0.03631
vt 0.66990 0.07275
vt 0.44571 0.12282
vt 0.41314 0.09032
vt 0.66990 0.07275
vt 0.41314 0.09032
vt 0.66907 0.04094
vt 0.66918 0.20165
vt 0.41263 0.18812
vt 0.44571 0.12282
vt 0.67048 0.20790
vt 0.67064 0.12282
vt 0.67852 0.09638
vt 0.67048 0.20790
vt 0.67852 0.18421
vt 0.67851 0.24615
vt 0.66912 0.14647
vt 0.41765 0.15116
vt 0.66907 0.17993
vt 0.67048 0.16882
vt 0.67064 0.25397
vt 0.67852 0.25397
vt 0.67048 0.16882
vt 0.67852 0.25397
vt 0.67852 0.16038
vt 0.67064 0.25397
vt 0.67278 0.31494
vt 0.67852 0.25397
vt 0.67048 0.21600
vt 0.67048 0.13084
vt 0.67852 0.13393
vt 0.67048 0.21600
vt 0.67852 0.13393
vt 0.67851 0.22752
vt 0.67048 0.13084
vt 0.67048 0.16882
vt 0.67852 0.16038
vt 0.67048 0.13084
vt 0.67852 0.16038
vt 0.67852 0.13393
vt 0.67047 0.37710
vt 0.67851 0.37680
vt 0.67851 0.36028
vt 0.66907 0.35900
vt 0.44571 0.30780
vt 0.66892 0.28183
vt 0.66907 0.35900
vt 0.41848 0.35605
vt 0.41545 0.33305
vt 0.67851 0.22752
vt 0.67852 0.13393
vt 0.67852 0.16038
vt 0.66912 0.20025
vt 0.67048 0.13084
vt 0.67048 0.21600
vt 0.66912 0.16086
vt 0.66912 0.14647
vt 0.67048 0.13084
vt 0.66907 0.17993
vt 0.67064 0.25397
vt 0.67048 0.16882
vt 0.66912 0.25397
vt 0.66912 0.30768
vt 0.67278 0.31494
vt 0.66912 0.25397
vt 0.67278 0.31494
vt 0.67064 0.25397
vt 0.67851 0.36028
vt 0.67851 0.37680
vt 0.67851 0.34753
vt 0.67851 0.36028
vt 0.67851 0.34753
vt 0.67851 0.22752
vt 0.66892 0.28183
vt 0.44571 0.30780
vt 0.41623 0.23344
vt 0.66912 0.30768
vt 0.66912 0.25397
vt 0.41766 0.25340
vt 0.66912 0.30768
vt 0.41766 0.25340
vt 0.41464 0.32154
vt 0.66907 0.35900
vt 0.41545 0.33305
vt 0.44571 0.30780
vt 0.66912 0.34701
vt 0.41848 0.35605
vt 0.66907 0.35900
vt 0.66912 0.34701
vt 0.66912 0.30768
vt 0.41464 0.32154
vt 0.66912 0.34701
vt 0.41464 0.32154
vt 0.41848 0.35605
vt 0.66912 0.16086
vt 0.41313 0.17828
vt 0.41765 0.15116
vt 0.66912 0.16086
vt 0.41765 0.15116
vt 0.66912 0.14647
vt 0.38423 0.29606
vt 0.41545 0.33305
vt 0.41848 0.35605
vt 0.38301 0.27059
vt 0.38423 0.29606
vt 0.41848 0.35605
vt 0.38301 0.27059
vt 0.41848 0.35605
vt 0.41464 0.32154
vt 0.38301 0.20464
vt 0.38301 0.27059
vt 0.41314 0.18787
vt 0.66912 0.30768
vt 0.66912 0.34701
vt 0.67047 0.37710
vt 0.66912 0.30768
vt 0.67047 0.37710
vt 0.67278 0.31494
vt 0.66912 0.34701
vt 0.66907 0.35900
vt 0.67047 0.37710
vt 0.67851 0.36028
vt 0.67851 0.22752
vt 0.67852 0.16038
vt 0.67851 0.36028
vt 0.67852 0.16038
vt 0.67852 0.25397
vt 0.67278 0.31494
vt 0.67851 0.36028
vt 0.67852 0.25397
vt 0.66912 0.14647
vt 0.66907 0.17993
vt 0.67048 0.16882
vt 0.66912 0.14647
vt 0.67048 0.16882
vt 0.67048 0.13084
vt 0.66907 0.17993
vt 0.66912 0.25397
vt 0.67064 0.25397
vt 0.66907 0.35900
vt 0.67063 0.36033
vt 0.67047 0.37710
vt 0.66907 0.35900
vt 0.66892 0.28183
vt 0.67063 0.31536
vt 0.66907 0.35900
vt 0.67063 0.31536
vt 0.67063 0.36033
vt 0.66892 0.28183
vt 0.67048 0.21600
vt 0.67063 0.31536
vt 0.66892 0.28183
vt 0.66912 0.20025
vt 0.67048 0.21600
vt 0.66912 0.20025
vt 0.66912 0.16086
vt 0.67048 0.13084
vt 0.38301 0.20464
vt 0.41314 0.18787
vt 0.41765 0.15116
vt 0.38301 0.20464
vt 0.41765 0.15116
vt 0.41313 0.17828
vt 0.41623 0.23344
vt 0.44571 0.30780
vt 0.41545 0.33305
vt 0.38301 0.27059
vt 0.41766 0.25340
vt 0.41314 0.18787
vt 0.38509 0.25397
vt 0.38423 0.29606
vt 0.37739 0.25397
vt 0.37739 0.25397
vt 0.38301 0.20464
vt 0.38509 0.25397
vt 0.38423 0.29606
vt 0.38301 0.27059
vt 0.37739 0.25397
vt 0.37739 0.25397
vt 0.38301 0.27059
vt 0.38301 0.20464
vt 0.66912 0.20025
vt 0.66892 0.28183
vt 0.41623 0.23344
vt 0.41313 0.17828
vt 0.38509 0.25397
vt 0.38301 0.20464
vt 0.41623 0.23344
vt 0.41545 0.33305
vt 0.38423 0.29606
vt 0.41623 0.23344
vt 0.38423 0.29606
vt 0.38509 0.25397
vt 0.41464 0.32154
vt 0.41766 0.25340
vt 0.38301 0.27059
vt 0.66907 0.17993
vt 0.41314 0.18787
vt 0.41766 0.25340
vt 0.66907 0.17993
vt 0.41766 0.25340
vt 0.66912 0.25397
vt 0.66907 0.17993
vt 0.41765 0.15116
vt 0.41314 0.18787
vt 0.66912 0.20025
vt 0.41623 0.23344
vt 0.41313 0.17828
vt 0.66912 0.20025
vt 0.41313 0.17828
vt 0.66912 0.16086
vt 0.41313 0.17828
vt 0.41623 0.23344
vt 0.38509 0.25397
vt 0.67278 0.31494
vt 0.67047 0.37710
vt 0.67851 0.36028
vt 0.67063 0.31536
vt 0.67048 0.21600
vt 0.67851 0.22752
vt 0.67063 0.31536
vt 0.67851 0.22752
vt 0.67851 0.34753
vt 0.67047 0.37710
vt 0.67063 0.36033
vt 0.67851 0.34753
vt 0.67047 0.37710
vt 0.67851 0.34753
vt 0.67851 0.37680
vt 0.67063 0.36033
vt 0.67063 0.31536
vt 0.67851 0.34753
vt 0.66918 0.40791
vt 0.66892 0.48716
vt 0.41378 0.48060
vt 0.66918 0.40791
vt 0.41378 0.48060
vt 0.41624 0.41804
vt 0.66892 0.62140
vt 0.41767 0.60427
vt 0.41681 0.61733
vt 0.41244 0.41996
vt 0.41624 0.41804
vt 0.38301 0.47785
vt 0.41624 0.41804
vt 0.41378 0.48060
vt 0.38301 0.47785
vt 0.66892 0.48716
vt 0.44571 0.51592
vt 0.41378 0.48060
vt 0.67047 0.54318
vt 0.67851 0.51592
vt 0.67240 0.60643
vt 0.66912 0.60896
vt 0.41849 0.58768
vt 0.66912 0.56966
vt 0.66912 0.60896
vt 0.66892 0.62140
vt 0.41681 0.61733
vt 0.66912 0.60896
vt 0.41681 0.61733
vt 0.41849 0.58768
vt 0.67048 0.39573
vt 0.67852 0.40954
vt 0.67241 0.39683
vt 0.38509 0.47344
vt 0.38301 0.47785
vt 0.37739 0.51592
vt 0.67064 0.63866
vt 0.67240 0.60643
vt 0.67852 0.63918
vt 0.67047 0.54318
vt 0.67851 0.43141
vt 0.67851 0.51592
vt 0.67063 0.45451
vt 0.67241 0.39683
vt 0.67851 0.43141
vt 0.67048 0.39573
vt 0.67048 0.48869
vt 0.67852 0.45451
vt 0.67048 0.39573
vt 0.67852 0.45451
vt 0.67852 0.40954
vt 0.67048 0.48869
vt 0.67852 0.54240
vt 0.67852 0.45451
vt 0.67048 0.48869
vt 0.67064 0.57733
vt 0.67852 0.54240
vt 0.66892 0.62140
vt 0.66912 0.60896
vt 0.67240 0.60643
vt 0.66892 0.62140
vt 0.67240 0.60643
vt 0.67064 0.63866
vt 0.66912 0.60896
vt 0.66912 0.56966
vt 0.67047 0.54318
vt 0.66912 0.56966
vt 0.66892 0.48716
vt 0.67047 0.54318
vt 0.66892 0.48716
vt 0.67063 0.45451
vt 0.67047 0.54318
vt 0.66892 0.48716
vt 0.66918 0.40791
vt 0.67241 0.39683
vt 0.66892 0.48716
vt 0.67241 0.39683
vt 0.67063 0.45451
vt 0.66912 0.42283
vt 0.66912 0.46218
vt 0.67048 0.48869
vt 0.66912 0.42283
vt 0.67048 0.48869
vt 0.67048 0.39573
vt 0.66912 0.46218
vt 0.66907 0.54982
vt 0.67048 0.48869
vt 0.66912 0.60896
vt 0.67047 0.54318
vt 0.67240 0.60643
vt 0.66918 0.40791
vt 0.67048 0.39573
vt 0.67241 0.39683
vt 0.66918 0.40791
vt 0.66912 0.42283
vt 0.67048 0.39573
vt 0.66907 0.54982
vt 0.67064 0.57733
vt 0.67048 0.48869
vt 0.67852 0.63918
vt 0.67240 0.60643
vt 0.67851 0.51592
vt 0.67852 0.63918
vt 0.67851 0.51592
vt 0.67851 0.43141
vt 0.67064 0.57733
vt 0.67480 0.62267
vt 0.67852 0.54240
vt 0.67047 0.54318
vt 0.67063 0.45451
vt 0.67851 0.43141
vt 0.38423 0.55801
vt 0.41849 0.58768
vt 0.41244 0.59902
vt 0.38301 0.47785
vt 0.38423 0.55801
vt 0.37739 0.51592
vt 0.38423 0.55801
vt 0.38301 0.53255
vt 0.37739 0.51592
vt 0.37739 0.51592
vt 0.38301 0.53255
vt 0.38509 0.47344
vt 0.66907 0.54982
vt 0.66892 0.62140
vt 0.67480 0.62267
vt 0.66907 0.54982
vt 0.67480 0.62267
vt 0.67064 0.57733
vt 0.66892 0.62140
vt 0.67064 0.63866
vt 0.67480 0.62267
vt 0.41849 0.58768
vt 0.41681 0.61733
vt 0.41244 0.59902
vt 0.41681 0.61733
vt 0.38301 0.53255
vt 0.38423 0.55801
vt 0.66907 0.54982
vt 0.41700 0.56430
vt 0.41767 0.60427
vt 0.66907 0.54982
vt 0.41767 0.60427
vt 0.66892 0.62140
vt 0.38301 0.53255
vt 0.41767 0.60427
vt 0.41700 0.56430
vt 0.38301 0.53255
vt 0.41700 0.56430
vt 0.41701 0.51323
vt 0.38301 0.53255
vt 0.41701 0.51323
vt 0.41700 0.46289
vt 0.66912 0.42283
vt 0.41700 0.46289
vt 0.66912 0.46218
vt 0.66918 0.40791
vt 0.41624 0.41804
vt 0.41701 0.42673
vt 0.66918 0.40791
vt 0.41701 0.42673
vt 0.66912 0.42283
vt 0.67480 0.62267
vt 0.67064 0.63866
vt 0.67852 0.63918
vt 0.41244 0.59902
vt 0.41681 0.61733
vt 0.38423 0.55801
vt 0.41681 0.61733
vt 0.41767 0.60427
vt 0.38301 0.53255
vt 0.66912 0.46218
vt 0.41700 0.46289
vt 0.41701 0.51323
vt 0.66912 0.46218
vt 0.41701 0.51323
vt 0.66907 0.54982
vt 0.66912 0.42283
vt 0.41701 0.42673
vt 0.41700 0.46289
vt 0.67851 0.43141
vt 0.67241 0.39683
vt 0.67852 0.40954
vt 0.67851 0.43141
vt 0.67852 0.40954
vt 0.67852 0.54240
vt 0.67852 0.40954
vt 0.67852 0.45451
vt 0.67852 0.54240
vt 0.67852 0.63918
vt 0.67851 0.43141
vt 0.67852 0.54240
vt 0.67852 0.63918
vt 0.67852 0.54240
vt 0.67480 0.62267
vt 0.38509 0.47344
vt 0.38301 0.53255
vt 0.41700 0.46289
vt 0.38509 0.47344
vt 0.41700 0.46289
vt 0.41701 0.42673
vt 0.38301 0.47785
vt 0.38509 0.47344
vt 0.41701 0.42673
vt 0.38301 0.47785
vt 0.41701 0.42673
vt 0.41244 0.41996
vt 0.38423 0.55801
vt 0.38301 0.47785
vt 0.41378 0.48060
vt 0.38423 0.55801
vt 0.41378 0.48060
vt 0.41849 0.58768
vt 0.41244 0.41996
vt 0.41701 0.42673
vt 0.41624 0.41804
vt 0.66912 0.56966
vt 0.41849 0.58768
vt 0.44571 0.51592
vt 0.66912 0.56966
vt 0.44571 0.51592
vt 0.66892 0.48716
vt 0.66907 0.54982
vt 0.41701 0.51323
vt 0.41700 0.56430
vt 0.41849 0.58768
vt 0.41378 0.48060
vt 0.44571 0.51592
vt 0.67064 0.70812
vt 0.67241 0.76588
vt 0.67852 0.73131
vt 0.67064 0.64671
vt 0.67852 0.73131
vt 0.67460 0.60814
vt 0.67851 0.64673
vt 0.67851 0.54040
vt 0.67852 0.73131
vt 0.67851 0.64673
vt 0.67852 0.73131
vt 0.67460 0.76922
vt 0.67852 0.73131
vt 0.67241 0.76588
vt 0.67460 0.76922
vt 0.67064 0.64671
vt 0.67064 0.70812
vt 0.67852 0.73131
vt 0.66918 0.67540
vt 0.41766 0.73564
vt 0.41464 0.67942
vt 0.67851 0.64673
vt 0.67851 0.52664
vt 0.67851 0.54040
vt 0.67851 0.54040
vt 0.67852 0.58532
vt 0.67460 0.60814
vt 0.67241 0.73737
vt 0.67851 0.64673
vt 0.67460 0.76922
vt 0.66907 0.56486
vt 0.67063 0.54035
vt 0.67063 0.58532
vt 0.66907 0.56486
vt 0.66892 0.54144
vt 0.67047 0.52647
vt 0.66907 0.56486
vt 0.67047 0.52647
vt 0.67063 0.54035
vt 0.66918 0.61813
vt 0.67064 0.64671
vt 0.67460 0.60814
vt 0.38301 0.69407
vt 0.38482 0.66176
vt 0.37732 0.64449
vt 0.37732 0.64449
vt 0.38423 0.60463
vt 0.38482 0.60996
vt 0.38301 0.69407
vt 0.41766 0.73564
vt 0.41923 0.74915
vt 0.38301 0.69407
vt 0.41923 0.74915
vt 0.41244 0.72983
vt 0.66892 0.75201
vt 0.67241 0.73737
vt 0.67460 0.76922
vt 0.66892 0.75201
vt 0.66918 0.67540
vt 0.67048 0.67394
vt 0.66892 0.75201
vt 0.67048 0.67394
vt 0.67241 0.73737
vt 0.67851 0.64673
vt 0.67851 0.58530
vt 0.67851 0.52664
vt 0.66892 0.54144
vt 0.66918 0.61813
vt 0.67460 0.60814
vt 0.66892 0.54144
vt 0.67460 0.60814
vt 0.67047 0.52647
vt 0.66912 0.70047
vt 0.67241 0.76588
vt 0.67064 0.70812
vt 0.66912 0.73982
vt 0.66892 0.75201
vt 0.67460 0.76922
vt 0.66912 0.73982
vt 0.67460 0.76922
vt 0.67241 0.76588
vt 0.38482 0.60996
vt 0.38423 0.60463
vt 0.41555 0.54485
vt 0.38482 0.60996
vt 0.41555 0.54485
vt 0.41701 0.56022
vt 0.38482 0.60996
vt 0.41701 0.56022
vt 0.41701 0.59834
vt 0.37732 0.64449
vt 0.38482 0.60996
vt 0.41701 0.59834
vt 0.37732 0.64449
vt 0.41701 0.59834
vt 0.41464 0.67942
vt 0.66918 0.61813
vt 0.66912 0.70047
vt 0.67064 0.70812
vt 0.66918 0.61813
vt 0.67064 0.70812
vt 0.67064 0.64671
vt 0.66912 0.70047
vt 0.66912 0.73982
vt 0.67241 0.76588
vt 0.66918 0.67540
vt 0.66907 0.56486
vt 0.67063 0.58532
vt 0.66918 0.67540
vt 0.67063 0.58532
vt 0.67048 0.67394
vt 0.67851 0.54040
vt 0.67460 0.60814
vt 0.67852 0.73131
vt 0.41603 0.59613
vt 0.41313 0.67921
vt 0.44571 0.64671
vt 0.66918 0.61813
vt 0.66892 0.54144
vt 0.44571 0.55348
vt 0.66918 0.61813
vt 0.44571 0.55348
vt 0.41603 0.59613
vt 0.66892 0.54144
vt 0.41555 0.54485
vt 0.44571 0.55348
vt 0.41464 0.67942
vt 0.41701 0.59834
vt 0.44571 0.64671
vt 0.41603 0.59613
vt 0.44571 0.55348
vt 0.41555 0.54485
vt 0.38482 0.66176
vt 0.38301 0.69407
vt 0.41244 0.72983
vt 0.38482 0.66176
vt 0.41244 0.72983
vt 0.41313 0.67921
vt 0.38423 0.60463
vt 0.38482 0.66176
vt 0.41313 0.67921
vt 0.38423 0.60463
vt 0.41313 0.67921
vt 0.41603 0.59613
vt 0.41464 0.67942
vt 0.41766 0.73564
vt 0.38301 0.69407
vt 0.66892 0.75201
vt 0.41923 0.74915
vt 0.41766 0.73564
vt 0.66912 0.73982
vt 0.41923 0.74915
vt 0.66892 0.75201
vt 0.66912 0.70047
vt 0.41313 0.67921
vt 0.41923 0.74915
vt 0.66912 0.70047
vt 0.41923 0.74915
vt 0.66912 0.73982
vt 0.66918 0.61813
vt 0.44571 0.64671
vt 0.41313 0.67921
vt 0.66918 0.61813
vt 0.41313 0.67921
vt 0.66912 0.70047
vt 0.66918 0.61813
vt 0.41603 0.59613
vt 0.44571 0.64671
vt 0.41603 0.59613
vt 0.41555 0.54485
vt 0.38423 0.60463
vt 0.66907 0.56486
vt 0.41701 0.56022
vt 0.41555 0.54485
vt 0.66907 0.56486
vt 0.41555 0.54485
vt 0.66892 0.54144
vt 0.66907 0.56486
vt 0.41701 0.59834
vt 0.41701 0.56022
vt 0.66918 0.67540
vt 0.44571 0.64671
vt 0.41701 0.59834
vt 0.66918 0.67540
vt 0.41701 0.59834
vt 0.66907 0.56486
vt 0.66918 0.67540
vt 0.41464 0.67942
vt 0.44571 0.64671
vt 0.66918 0.67540
vt 0.66892 0.75201
vt 0.41766 0.73564
vt 0.41464 0.67942
vt 0.38301 0.69407
vt 0.37732 0.64449
vt 0.41313 0.67921
vt 0.41244 0.72983
vt 0.41923 0.74915
vt 0.38482 0.66176
vt 0.38423 0.60463
vt 0.37732 0.64449
vt 0.67048 0.67394
vt 0.67851 0.64673
vt 0.67241 0.73737
vt 0.67048 0.67394
vt 0.67063 0.58532
vt 0.67851 0.58530
vt 0.67048 0.67394
vt 0.67851 0.58530
vt 0.67851 0.64673
vt 0.67063 0.58532
vt 0.67063 0.54035
vt 0.67851 0.52664
vt 0.67063 0.58532
vt 0.67851 0.52664
vt 0.67851 0.58530
vt 0.67063 0.54035
vt 0.67047 0.52647
vt 0.67851 0.52664
vt 0.67047 0.52647
vt 0.67851 0.54040
vt 0.67851 0.52664
vt 0.67047 0.52647
vt 0.67460 0.60814
vt 0.67852 0.58532
vt 0.67047 0.52647
vt 0.67852 0.58532
vt 0.67851 0.54040
vt 0.66918 0.54472
vt 0.44571 0.51556
vt 0.41441 0.58284
vt 0.66918 0.54472
vt 0.66912 0.46181
vt 0.41377 0.45070
vt 0.66918 0.54472
vt 0.41377 0.45070
vt 0.44571 0.51556
vt 0.41313 0.41698
vt 0.41377 0.45070
vt 0.44571 0.42231
vt 0.67048 0.55350
vt 0.67852 0.57695
vt 0.67851 0.47677
vt 0.67048 0.55350
vt 0.67064 0.62192
vt 0.67852 0.62193
vt 0.67048 0.55350
vt 0.67852 0.62193
vt 0.67852 0.57695
vt 0.67063 0.45416
vt 0.67048 0.55350
vt 0.67851 0.47677
vt 0.66907 0.41052
vt 0.41313 0.41698
vt 0.44571 0.42231
vt 0.41244 0.51556
vt 0.41377 0.45070
vt 0.38482 0.50488
vt 0.66907 0.41052
vt 0.44571 0.42231
vt 0.41377 0.45070
vt 0.66907 0.41052
vt 0.41377 0.45070
vt 0.66912 0.46181
vt 0.38301 0.56291
vt 0.41701 0.56862
vt 0.41700 0.60474
vt 0.38301 0.56291
vt 0.41700 0.60474
vt 0.41922 0.61799
vt 0.38301 0.56291
vt 0.41922 0.61799
vt 0.41441 0.58284
vt 0.37732 0.52838
vt 0.38301 0.56291
vt 0.41441 0.58284
vt 0.67047 0.39528
vt 0.67851 0.40918
vt 0.67851 0.39552
vt 0.67047 0.39528
vt 0.67063 0.45416
vt 0.67851 0.47677
vt 0.67047 0.39528
vt 0.67851 0.47677
vt 0.67851 0.40918
vt 0.44571 0.51556
vt 0.41377 0.45070
vt 0.41244 0.51556
vt 0.38301 0.56291
vt 0.38509 0.51556
vt 0.41767 0.51613
vt 0.38301 0.56291
vt 0.41767 0.51613
vt 0.41701 0.56862
vt 0.67048 0.42260
vt 0.67851 0.39552
vt 0.67241 0.48712
vt 0.67048 0.42260
vt 0.67047 0.39528
vt 0.67851 0.39552
vt 0.67048 0.60070
vt 0.67241 0.48712
vt 0.67852 0.51556
vt 0.67048 0.60070
vt 0.67852 0.51556
vt 0.67852 0.60913
vt 0.41313 0.41698
vt 0.41624 0.44719
vt 0.38482 0.47880
vt 0.41441 0.58284
vt 0.44571 0.51556
vt 0.41244 0.51556
vt 0.67064 0.62192
vt 0.67278 0.63912
vt 0.67852 0.62193
vt 0.67278 0.63912
vt 0.67048 0.60070
vt 0.67852 0.60913
vt 0.38509 0.51556
vt 0.38301 0.56291
vt 0.37732 0.52838
vt 0.38482 0.46810
vt 0.38482 0.47880
vt 0.37732 0.52838
vt 0.38482 0.46810
vt 0.38482 0.50488
vt 0.41377 0.45070
vt 0.38482 0.46810
vt 0.41377 0.45070
vt 0.41313 0.41698
vt 0.38482 0.47880
vt 0.38482 0.46810
vt 0.41313 0.41698
vt 0.38482 0.47880
vt 0.38509 0.51556
vt 0.37732 0.52838
vt 0.37732 0.52838
vt 0.38482 0.50488
vt 0.38482 0.46810
vt 0.66912 0.42252
vt 0.41624 0.44719
vt 0.41313 0.41698
vt 0.66912 0.42252
vt 0.41313 0.41698
vt 0.66907 0.41052
vt 0.66912 0.42252
vt 0.66892 0.48694
vt 0.41624 0.44719
vt 0.66892 0.48694
vt 0.41767 0.51613
vt 0.41624 0.44719
vt 0.66912 0.60866
vt 0.41922 0.61799
vt 0.66912 0.62306
vt 0.66918 0.54472
vt 0.41441 0.58284
vt 0.41922 0.61799
vt 0.66918 0.54472
vt 0.41922 0.61799
vt 0.66912 0.60866
vt 0.41441 0.58284
vt 0.41244 0.51556
vt 0.38482 0.50488
vt 0.41441 0.58284
vt 0.38482 0.50488
vt 0.37732 0.52838
vt 0.41624 0.44719
vt 0.41767 0.51613
vt 0.38509 0.51556
vt 0.41624 0.44719
vt 0.38509 0.51556
vt 0.38482 0.47880
vt 0.66907 0.58957
vt 0.41701 0.56862
vt 0.41767 0.51613
vt 0.66907 0.58957
vt 0.41767 0.51613
vt 0.66892 0.48694
vt 0.66907 0.58957
vt 0.41700 0.60474
vt 0.41701 0.56862
vt 0.66912 0.62306
vt 0.41922 0.61799
vt 0.41700 0.60474
vt 0.66912 0.62306
vt 0.41700 0.60474
vt 0.66907 0.58957
vt 0.66912 0.62306
vt 0.67048 0.60070
vt 0.67278 0.63912
vt 0.66907 0.58957
vt 0.67241 0.48712
vt 0.67048 0.60070
vt 0.66907 0.41052
vt 0.67063 0.45416
vt 0.67047 0.39528
vt 0.66912 0.46181
vt 0.66918 0.54472
vt 0.67048 0.55350
vt 0.66912 0.46181
vt 0.67048 0.55350
vt 0.67063 0.45416
vt 0.66912 0.60866
vt 0.67278 0.63912
vt 0.67064 0.62192
vt 0.66912 0.62306
vt 0.66907 0.58957
vt 0.67048 0.60070
vt 0.66918 0.54472
vt 0.66912 0.60866
vt 0.67064 0.62192
vt 0.66918 0.54472
vt 0.67064 0.62192
vt 0.67048 0.55350
vt 0.66912 0.60866
vt 0.66912 0.62306
vt 0.67278 0.63912
vt 0.66892 0.48694
vt 0.66912 0.42252
vt 0.67048 0.42260
vt 0.66907 0.58957
vt 0.66892 0.48694
vt 0.67241 0.48712
vt 0.66907 0.41052
vt 0.66912 0.46181
vt 0.67063 0.45416
vt 0.66912 0.42252
vt 0.67047 0.39528
vt 0.67048 0.42260
vt 0.66912 0.42252
vt 0.66907 0.41052
vt 0.67047 0.39528
vt 0.67241 0.48712
vt 0.67851 0.39552
vt 0.67852 0.51556
vt 0.67851 0.39552
vt 0.67852 0.60913
vt 0.67852 0.51556
vt 0.67851 0.39552
vt 0.67851 0.40918
vt 0.67851 0.47677
vt 0.66892 0.48694
vt 0.67048 0.42260
vt 0.67241 0.48712
vt 0.67851 0.39552
vt 0.67851 0.47677
vt 0.67852 0.60913
vt 0.67852 0.62193
vt 0.67278 0.63912
vt 0.67852 0.60913
vt 0.67851 0.47677
vt 0.67852 0.62193
vt 0.67852 0.60913
vt 0.67851 0.47677
vt 0.67852 0.57695
vt 0.67852 0.62193
vt 0.67851 0.37358
vt 0.67852 0.35999
vt 0.67852 0.22714
vt 0.66892 0.14812
vt 0.67064 0.13086
vt 0.66990 0.15651
vt 0.67852 0.35999
vt 0.67852 0.31503
vt 0.67852 0.22714
vt 0.67851 0.13035
vt 0.67851 0.37358
vt 0.67852 0.22714
vt 0.38482 0.28717
vt 0.38423 0.22549
vt 0.41314 0.22112
vt 0.38482 0.28717
vt 0.41314 0.22112
vt 0.41923 0.32865
vt 0.67851 0.13035
vt 0.67851 0.28013
vt 0.67851 0.37358
vt 0.38301 0.29169
vt 0.38423 0.21151
vt 0.37739 0.25361
vt 0.38423 0.21151
vt 0.38423 0.22549
vt 0.37739 0.25361
vt 0.38423 0.22549
vt 0.38482 0.28717
vt 0.37739 0.25361
vt 0.38423 0.21151
vt 0.38301 0.29169
vt 0.41378 0.28890
vt 0.38423 0.21151
vt 0.41378 0.28890
vt 0.41314 0.18751
vt 0.38482 0.28717
vt 0.38301 0.29169
vt 0.37739 0.25361
vt 0.67064 0.13086
vt 0.67063 0.14730
vt 0.67851 0.13035
vt 0.66990 0.20349
vt 0.66990 0.15651
vt 0.67852 0.14723
vt 0.66990 0.20349
vt 0.67852 0.14723
vt 0.67852 0.22714
vt 0.66990 0.15651
vt 0.67064 0.13086
vt 0.67851 0.13035
vt 0.66990 0.15651
vt 0.67851 0.13035
vt 0.67852 0.14723
vt 0.41314 0.18751
vt 0.41624 0.15243
vt 0.38423 0.21151
vt 0.67048 0.37380
vt 0.67852 0.35999
vt 0.67851 0.37358
vt 0.67048 0.37380
vt 0.67064 0.31502
vt 0.67852 0.31503
vt 0.67048 0.37380
vt 0.67852 0.31503
vt 0.67852 0.35999
vt 0.67064 0.31502
vt 0.66990 0.26390
vt 0.67852 0.22714
vt 0.67064 0.31502
vt 0.67852 0.22714
vt 0.67852 0.31503
vt 0.66990 0.26390
vt 0.66990 0.20349
vt 0.67852 0.22714
vt 0.67277 0.19105
vt 0.67063 0.25361
vt 0.67851 0.28013
vt 0.67063 0.25361
vt 0.67000 0.31561
vt 0.67851 0.28013
vt 0.67000 0.31561
vt 0.67063 0.35992
vt 0.67851 0.37358
vt 0.67000 0.31561
vt 0.67851 0.37358
vt 0.67851 0.28013
vt 0.67063 0.35992
vt 0.67048 0.37380
vt 0.67851 0.37358
vt 0.67063 0.14730
vt 0.67277 0.19105
vt 0.67851 0.13035
vt 0.66918 0.36162
vt 0.67000 0.31561
vt 0.41378 0.28890
vt 0.66918 0.36162
vt 0.41378 0.28890
vt 0.41849 0.35569
vt 0.66892 0.14812
vt 0.44571 0.16036
vt 0.41624 0.15243
vt 0.41314 0.22112
vt 0.41244 0.17050
vt 0.44571 0.16036
vt 0.66918 0.36162
vt 0.41923 0.32865
vt 0.66912 0.34670
vt 0.41923 0.32865
vt 0.41314 0.22112
vt 0.44571 0.25361
vt 0.66907 0.23044
vt 0.44571 0.25361
vt 0.41378 0.28890
vt 0.66907 0.23044
vt 0.41378 0.28890
vt 0.67000 0.31561
vt 0.66907 0.23044
vt 0.41314 0.18751
vt 0.44571 0.25361
vt 0.66990 0.15651
vt 0.44571 0.16036
vt 0.66892 0.14812
vt 0.66912 0.16057
vt 0.41624 0.15243
vt 0.41314 0.18751
vt 0.66912 0.16057
vt 0.41314 0.18751
vt 0.66907 0.23044
vt 0.66912 0.16057
vt 0.66892 0.14812
vt 0.41624 0.15243
vt 0.66912 0.34670
vt 0.41923 0.32865
vt 0.66990 0.26390
vt 0.66918 0.36162
vt 0.41849 0.35569
vt 0.41923 0.32865
vt 0.41624 0.15243
vt 0.38423 0.22549
vt 0.38423 0.21151
vt 0.66990 0.15651
vt 0.41314 0.22112
vt 0.44571 0.16036
vt 0.38482 0.28717
vt 0.41923 0.32865
vt 0.41244 0.33671
vt 0.38301 0.29169
vt 0.38482 0.28717
vt 0.41244 0.33671
vt 0.38301 0.29169
vt 0.41244 0.33671
vt 0.41849 0.35569
vt 0.41624 0.15243
vt 0.44571 0.16036
vt 0.41244 0.17050
vt 0.41849 0.35569
vt 0.41378 0.28890
vt 0.41244 0.33671
vt 0.38423 0.22549
vt 0.41244 0.17050
vt 0.41314 0.22112
vt 0.41314 0.18751
vt 0.41378 0.28890
vt 0.44571 0.25361
vt 0.66907 0.23044
vt 0.67063 0.25361
vt 0.67277 0.19105
vt 0.66907 0.23044
vt 0.67000 0.31561
vt 0.67063 0.25361
vt 0.41849 0.35569
vt 0.41244 0.33671
vt 0.41923 0.32865
vt 0.66912 0.34670
vt 0.66990 0.26390
vt 0.67064 0.31502
vt 0.66912 0.34670
vt 0.67064 0.31502
vt 0.67048 0.37380
vt 0.66918 0.36162
vt 0.67048 0.37380
vt 0.67063 0.35992
vt 0.66918 0.36162
vt 0.66912 0.34670
vt 0.67048 0.37380
vt 0.67851 0.13035
vt 0.67277 0.19105
vt 0.67851 0.28013
vt 0.66912 0.16057
vt 0.67277 0.19105
vt 0.67063 0.14730
vt 0.67000 0.31561
vt 0.66918 0.36162
vt 0.67063 0.35992
vt 0.67851 0.13035
vt 0.67852 0.22714
vt 0.67852 0.14723
vt 0.66892 0.14812
vt 0.66912 0.16057
vt 0.67063 0.14730
vt 0.66892 0.14812
vt 0.67063 0.14730
vt 0.67064 0.13086
vt 0.66912 0.16057
vt 0.66907 0.23044
vt 0.67277 0.19105
vt 0.66990 0.20349
vt 0.44571 0.25361
vt 0.41314 0.22112
vt 0.66990 0.20349
vt 0.41314 0.22112
vt 0.66990 0.15651
vt 0.66990 0.26390
vt 0.41923 0.32865
vt 0.44571 0.25361
vt 0.66990 0.26390
vt 0.44571 0.25361
vt 0.66990 0.20349
vt 0.41849 0.35569
vt 0.41244 0.33671
vt 0.38301 0.29169
vt 0.41244 0.33671
vt 0.41378 0.28890
vt 0.38301 0.29169
vt 0.41624 0.15243
vt 0.41244 0.17050
vt 0.38423 0.22549
vt 0.74723 0.96986
vt 0.74724 0.99061
vt 0.74259 1.00000
vt 0.73795 0.96986
vt 0.74259 1.00000
vt 0.73795 0.99061
vt 0.72105 0.90208
vt 0.72439 0.88450
vt 0.72439 0.94584
vt 0.75965 1.00000
vt 0.75963 0.88452
vt 0.75964 0.98491
vt 0.72105 0.90208
vt 0.73142 0.99784
vt 0.73153 0.98142
vt 0.72105 0.90208
vt 0.73153 0.98142
vt 0.72439 0.94584
vt 0.72105 0.90208
vt 0.73103 0.97844
vt 0.73142 0.99784
vt 0.74723 0.96986
vt 0.74259 1.00000
vt 0.74724 0.98748
vt 0.73795 0.96986
vt 0.73795 0.99374
vt 0.74259 1.00000
vt 0.74724 0.98748
vt 0.74724 0.99061
vt 0.74723 0.96986
vt 0.73153 0.98142
vt 0.73142 0.99784
vt 0.74259 1.00000
vt 0.73103 0.97844
vt 0.74259 1.00000
vt 0.73142 0.99784
vt 0.73795 0.96986
vt 0.73103 0.97844
vt 0.73153 0.98142
vt 0.73795 0.96986
vt 0.73795 0.96986
vt 0.73103 0.97844
vt 0.75965 1.00000
vt 0.73142 0.99784
vt 0.75963 0.88452
vt 0.75963 0.88452
vt 0.72105 0.90208
vt 0.73142 0.99784
vt 0.75965 1.00000
vt 0.75963 0.88452
vt 0.73142 0.99784
vt 0.61885 0.93879
vt 0.61394 0.93173
vt 0.72439 0.94584
vt 0.61885 0.93879
vt 0.72439 0.94584
vt 0.72439 0.94584
vt 0.47706 0.88481
vt 0.47706 0.88481
vt 0.48968 0.92468
vt 0.47706 0.88481
vt 0.48968 0.92468
vt 0.48968 0.92468
vt 0.61394 0.93173
vt 0.61885 0.93879
vt 0.48968 0.92468
vt 0.61394 0.93173
vt 0.48968 0.92468
vt 0.48968 0.92468
vt 0.75963 0.88452
vt 0.73142 0.99784
vt 0.72105 0.90208
vt 0.72439 0.94584
vt 0.72439 0.94584
vt 0.73153 0.98142
vt 0.72439 0.94584
vt 0.73153 0.98142
vt 0.73103 0.97844
vt 0.72105 0.90208
vt 0.72439 0.94584
vt 0.72439 0.88450
vt 0.75965 1.00000
vt 0.75964 0.97988
vt 0.75963 0.88452
vt 0.74724 0.98748
vt 0.74723 0.96986
vt 0.74723 0.96986
vt 0.75963 0.88452
vt 0.72105 0.90208
vt 0.72439 0.88450
vt 0.75963 0.88452
vt 0.72439 0.88450
vt 0.72439 0.88450
vt 0.75963 0.88452
vt 0.72439 0.88450
vt 0.75963 0.88452
vt 0.75964 0.97988
vt 0.74259 1.00000
vt 0.74723 0.96986
vt 0.73103 0.97844
vt 0.73795 0.96986
vt 0.74259 1.00000
vt 0.73153 0.98142
vt 0.74259 1.00000
vt 0.73795 0.96986
vt 0.61885 0.93879
vt 0.72439 0.94584
vt 0.72439 0.88450
vt 0.61885 0.93879
vt 0.72439 0.88450
vt 0.47706 0.88481
vt 0.61885 0.93879
vt 0.47706 0.88481
vt 0.48968 0.92468
vt 0.73795 0.99061
vt 0.74724 0.99061
vt 0.74724 0.98748
vt 0.73795 0.99061
vt 0.74724 0.98748
vt 0.73795 0.99374
vt 0.72439 0.88450
vt 0.72105 0.90208
vt 0.75963 0.88452
vt 0.61394 0.93173
vt 0.72439 0.88450
vt 0.72439 0.94584
vt 0.61394 0.93173
vt 0.48968 0.92468
vt 0.47706 0.88481
vt 0.61394 0.93173
vt 0.47706 0.88481
vt 0.72439 0.88450
vt 0.75964 0.98491
vt 0.74723 0.96986
vt 0.74259 1.00000
vt 0.73795 0.99374
vt 0.73795 0.96986
vt 0.73795 0.96986
vt 0.73795 0.99374
vt 0.73795 0.96986
vt 0.73795 0.99061
vt 0.75964 0.97988
vt 0.75964 0.98491
vt 0.75963 0.88452
vt 0.75964 0.97988
vt 0.75963 0.88452
vt 0.75963 0.88452
vt 0.72105 0.90208
vt 0.72439 0.94584
vt 0.73103 0.97844
vt 0.75965 1.00000
vt 0.74259 1.00000
vt 0.75964 0.97988
vt 0.73142 0.99784
vt 0.74259 1.00000
vt 0.75965 1.00000
vt 0.74259 1.00000
vt 0.73795 0.99374
vt 0.74724 0.98748
vt 0.74723 0.96986
vt 0.75964 0.98491
vt 0.75964 0.97988
vt 0.74723 0.96986
vt 0.75964 0.97988
vt 0.74723 0.96986
vt 0.75965 1.00000
vt 0.75964 0.98491
vt 0.74259 1.00000
vt 0.73142 0.99784
vt 0.75965 1.00000
vt 0.74259 1.00000
vt 0.74259 1.00000
vt 0.74724 0.99061
vt 0.73795 0.99061
f 724/3733 726/3734 727/3735
f 724/3736 727/3737 725/3738
f 728/3739 732/3740 733/3741
f 728/3742 733/3743 725/3744
f 726/3745 729/3746 728/3747
f 730/3748 732/3749 728/3750
f 729/3751 730/3752 728/3753
f 734/3754 722/3755 733/3756
f 725/3757 727/3758 728/3759
f 722/3760 725/3761 733/3762
f 731/3763 733/3764 732/3765
f 731/3766 734/3767 733/3768
f 721/3769 725/3770 722/3771
f 721/3772 723/3773 725/3774
f 723/3775 724/3776 725/3777
f 730/3778 731/3779 732/3780
f 726/3781 728/3782 727/3783
f 734/3784 721/3785 722/3786
f 706/3787 710/3788 708/3789
f 705/3790 706/3791 707/3792
f 706/3793 708/3794 707/3795
f 705/3796 711/3797 710/3798
f 708/3799 709/3800 707/3801
f 705/3802 710/3803 706/3804
f 709/3805 712/3806 707/3807
f 711/3808 712/3809 709/3810
f 705/3811 707/3812 712/3813
f 711/3814 705/3815 712/3816
f 710/3817 709/3818 708/3819
f 710/3820 711/3821 709/3822
f 716/3823 718/3824 720/3825
f 714/3826 715/3827 713/3828
f 719/3829 718/3830 714/3831
f 718/3832 716/3833 714/3834
f 714/3835 716/3836 715/3837
f 716/3838 717/3839 715/3840
f 719/3841 714/3842 713/3843
f 718/3844 719/3845 720/3846
f 716/3847 720/3848 717/3849
f 715/3850 720/3851 713/3852
f 719/3853 713/3854 720/3855
f 715/3856 717/3857 720/3858
f 642/3859 654/3860 643/3861
f 644/3862 643/3863 645/3864
f 643/3865 654/3866 645/3867
f 644/3868 646/3869 643/3870
f 643/3871 646/3872 642/3873
f 642/3874 656/3875 655/3876
f 655/3877 654/3878 642/3879
f 650/3880 645/3881 652/3882
f 652/3883 645/3884 654/3885
f 662/3886 663/3887 666/3888
f 664/3889 662/3890 666/3891
f 674/3892 665/3893 663/3894
f 651/3895 653/3896 659/3897
f 661/3898 651/3899 660/3900
f 660/3901 665/3902 661/3903
f 673/3904 674/3905 663/3906
f 671/3907 682/3908 647/3909
f 671/3910 647/3911 646/3912
f 671/3913 645/3914 650/3915
f 642/3916 648/3917 683/3918
f 671/3919 646/3920 645/3921
f 642/3922 683/3923 656/3924
f 661/3925 665/3926 674/3927
f 667/3928 669/3929 681/3930
f 667/3931 681/3932 680/3933
f 667/3934 673/3935 662/3936
f 664/3937 669/3938 667/3939
f 665/3940 660/3941 670/3942
f 665/3943 670/3944 663/3945
f 663/3946 670/3947 668/3948
f 666/3949 663/3950 668/3951
f 666/3952 668/3953 669/3954
f 666/3955 669/3956 664/3957
f 673/3958 663/3959 662/3960
f 682/3961 671/3962 649/3963
f 672/3964 657/3965 656/3966
f 672/3967 656/3968 683/3969
f 675/3970 658/3971 672/3972
f 674/3973 677/3974 679/3975
f 674/3976 673/3977 678/3978
f 674/3979 678/3980 677/3981
f 661/3982 674/3983 679/3984
f 673/3985 680/3986 678/3987
f 673/3988 667/3989 680/3990
f 658/3991 669/3992 668/3993
f 659/3994 658/3995 668/3996
f 651/3997 661/3998 649/3999
f 675/4000 669/4001 658/4002
f 676/4003 684/4004 661/4005
f 660/4006 659/4007 668/4008
f 660/4009 668/4010 670/4011
f 661/4012 679/4013 676/4014
f 669/4015 675/4016 681/4017
f 684/4018 682/4019 649/4020
f 657/4021 672/4022 658/4023
f 684/4024 649/4025 661/4026
f 659/4027 660/4028 651/4029
f 667/4030 662/4031 664/4032
f 653/4033 658/4034 659/4035
f 650/4036 651/4037 649/4038
f 650/4039 649/4040 671/4041
f 652/4042 651/4043 650/4044
f 652/4045 653/4046 651/4047
f 654/4048 653/4049 652/4050
f 655/4051 653/4052 654/4053
f 656/4054 657/4055 653/4056
f 656/4057 653/4058 655/4059
f 658/4060 653/4061 657/4062
f 646/4063 648/4064 642/4065
f 646/4066 647/4067 648/4068
f 646/4069 644/4070 645/4071
f 1002/4072 700/4073 1009/4074
f 995/4075 996/4076 997/4077
f 690/4078 997/4079 998/4080
f 995/4081 997/4082 690/4083
f 1001/4084 1002/4085 1003/4086
f 1005/4087 700/4088 1002/4089
f 995/4090 690/4091 687/4092
f 690/4093 688/4094 687/4095
f 997/4096 999/4097 998/4098
f 997/4099 1007/4100 702/4101
f 997/4102 702/4103 701/4104
f 702/4105 703/4106 700/4107
f 698/4108 699/4109 704/4110
f 693/4111 988/4112 990/4113
f 696/4114 697/4115 694/4116
f 696/4117 698/4118 704/4119
f 701/4120 702/4121 700/4122
f 698/4123 701/4124 700/4125
f 698/4126 700/4127 699/4128
f 989/4129 692/4130 693/4131
f 685/4132 687/4133 686/4134
f 692/4135 695/4136 693/4137
f 692/4138 694/4139 697/4140
f 692/4141 697/4142 695/4143
f 687/4144 688/4145 689/4146
f 688/4147 691/4148 689/4149
f 688/4150 690/4151 691/4152
f 696/4153 704/4154 697/4155
f 687/4156 689/4157 686/4158
f 999/4159 1000/4160 1006/4161
f 984/4162 988/4163 987/4164
f 985/4165 986/4166 989/4167
f 984/4168 1006/4169 1000/4170
f 1008/4171 1009/4172 703/4173
f 696/4174 694/4175 984/4176
f 1009/4177 700/4178 703/4179
f 987/4180 697/4181 1006/4182
f 1007/4183 703/4184 702/4185
f 703/4186 1007/4187 1008/4188
f 697/4189 987/4190 988/4191
f 697/4192 988/4193 695/4194
f 989/4195 693/4196 990/4197
f 692/4198 989/4199 986/4200
f 692/4201 986/4202 985/4203
f 1009/4204 1008/4205 1007/4206
f 984/4207 985/4208 988/4209
f 690/4210 998/4211 1004/4212
f 985/4213 989/4214 990/4215
f 985/4216 990/4217 988/4218
f 984/4219 987/4220 1006/4221
f 998/4222 1005/4223 1004/4224
f 690/4225 1004/4226 691/4227
f 998/4228 999/4229 1005/4230
f 999/4231 1006/4232 1005/4233
f 996/4234 995/4235 1001/4236
f 996/4237 1001/4238 1003/4239
f 995/4240 685/4241 686/4242
f 995/4243 686/4244 1001/4245
f 1007/4246 997/4247 1002/4248
f 1007/4249 1002/4250 1009/4251
f 997/4252 996/4253 1003/4254
f 997/4255 1003/4256 1002/4257
f 696/4258 984/4259 1000/4260
f 687/4261 685/4262 995/4263
f 1006/4264 697/4265 704/4266
f 1005/4267 704/4268 699/4269
f 999/4270 997/4271 701/4272
f 999/4273 701/4274 698/4275
f 698/4276 696/4277 1000/4278
f 698/4279 1000/4280 999/4281
f 694/4282 692/4283 985/4284
f 694/4285 985/4286 984/4287
f 695/4288 988/4289 693/4290
f 1001/4291 686/4292 689/4293
f 1004/4294 1005/4295 1002/4296
f 1005/4297 699/4298 700/4299
f 1001/4300 689/4301 691/4302
f 691/4303 1004/4304 1002/4305
f 1001/4306 691/4307 1002/4308
f 704/4309 1005/4310 1006/4311
f 761/4312 763/4313 772/4314
f 761/4315 772/4316 735/4317
f 762/4318 766/4319 763/4320
f 762/4321 763/4322 764/4323
f 767/4324 756/4325 755/4326
f 767/4327 755/4328 768/4329
f 742/4330 746/4331 744/4332
f 737/4333 739/4334 740/4335
f 737/4336 740/4337 738/4338
f 735/4339 770/4340 761/4341
f 772/4342 763/4343 766/4344
f 772/4345 766/4346 751/4347
f 735/4348 772/4349 736/4350
f 736/4351 772/4352 752/4353
f 743/4354 744/4355 746/4356
f 743/4357 746/4358 748/4359
f 738/4360 743/4361 748/4362
f 757/4363 747/4364 758/4365
f 756/4366 737/4367 753/4368
f 738/4369 740/4370 739/4371
f 738/4372 739/4373 743/4374
f 771/4375 763/4376 761/4377
f 767/4378 768/4379 766/4380
f 767/4381 766/4382 765/4383
f 752/4384 735/4385 736/4386
f 761/4387 770/4388 759/4389
f 760/4390 771/4391 761/4392
f 760/4393 764/4394 763/4395
f 760/4396 763/4397 771/4398
f 756/4399 767/4400 737/4401
f 764/4402 760/4403 742/4404
f 764/4405 742/4406 762/4407
f 760/4408 758/4409 745/4410
f 738/4411 748/4412 750/4413
f 757/4414 753/4415 749/4416
f 757/4417 749/4418 747/4419
f 767/4420 765/4421 739/4422
f 767/4423 739/4424 737/4425
f 765/4426 762/4427 741/4428
f 765/4429 741/4430 739/4431
f 758/4432 748/4433 746/4434
f 747/4435 749/4436 748/4437
f 749/4438 753/4439 750/4440
f 749/4441 750/4442 748/4443
f 741/4444 762/4445 743/4446
f 741/4447 743/4448 739/4449
f 762/4450 742/4451 743/4452
f 758/4453 747/4454 748/4455
f 760/4456 745/4457 742/4458
f 735/4459 769/4460 770/4461
f 751/4462 766/4463 768/4464
f 768/4465 755/4466 754/4467
f 753/4468 755/4469 756/4470
f 745/4471 758/4472 746/4473
f 752/4474 754/4475 769/4476
f 735/4477 752/4478 769/4479
f 760/4480 759/4481 758/4482
f 753/4483 737/4484 738/4485
f 753/4486 738/4487 750/4488
f 751/4489 768/4490 752/4491
f 751/4492 752/4493 772/4494
f 768/4495 754/4496 752/4497
f 753/4498 754/4499 755/4500
f 765/4501 766/4502 762/4503
f 757/4504 769/4505 754/4506
f 757/4507 754/4508 753/4509
f 757/4510 770/4511 769/4512
f 758/4513 759/4514 770/4515
f 758/4516 770/4517 757/4518
f 760/4519 761/4520 759/4521
f 742/4522 745/4523 746/4524
f 742/4525 744/4526 743/4527
f 794/4528 805/4529 792/4530
f 785/4531 787/4532 788/4533
f 785/4534 788/4535 786/4536
f 787/4537 774/4538 788/4539
f 781/4540 783/4541 784/4542
f 781/4543 784/4544 782/4545
f 783/4546 785/4547 786/4548
f 783/4549 786/4550 784/4551
f 775/4552 777/4553 776/4554
f 799/4555 800/4556 807/4557
f 799/4558 802/4559 798/4560
f 782/4561 784/4562 786/4563
f 796/4564 783/4565 781/4566
f 795/4567 794/4568 783/4569
f 792/4570 787/4571 785/4572
f 793/4573 803/4574 774/4575
f 793/4576 774/4577 787/4578
f 776/4579 777/4580 779/4581
f 776/4582 779/4583 782/4584
f 807/4585 800/4586 808/4587
f 803/4588 793/4589 791/4590
f 803/4591 791/4592 789/4593
f 799/4594 798/4595 800/4596
f 801/4597 802/4598 799/4599
f 801/4600 803/4601 789/4602
f 801/4603 789/4604 802/4605
f 795/4606 806/4607 805/4608
f 795/4609 805/4610 794/4611
f 810/4612 798/4613 802/4614
f 790/4615 810/4616 802/4617
f 790/4618 802/4619 789/4620
f 809/4621 790/4622 804/4623
f 803/4624 801/4625 775/4626
f 803/4627 775/4628 774/4629
f 801/4630 799/4631 775/4632
f 776/4633 782/4634 786/4635
f 776/4636 786/4637 788/4638
f 774/4639 776/4640 788/4641
f 794/4642 792/4643 785/4644
f 794/4645 785/4646 783/4647
f 792/4648 793/4649 787/4650
f 799/4651 778/4652 775/4653
f 799/4654 807/4655 780/4656
f 799/4657 780/4658 778/4659
f 807/4660 781/4661 780/4662
f 807/4663 796/4664 781/4665
f 796/4666 795/4667 783/4668
f 809/4669 804/4670 805/4671
f 809/4672 805/4673 806/4674
f 808/4675 800/4676 798/4677
f 790/4678 791/4679 804/4680
f 797/4681 810/4682 773/4683
f 773/4684 809/4685 797/4686
f 810/4687 790/4688 773/4689
f 773/4690 790/4691 809/4692
f 796/4693 807/4694 808/4695
f 806/4696 797/4697 809/4698
f 808/4699 798/4700 810/4701
f 808/4702 810/4703 797/4704
f 789/4705 791/4706 790/4707
f 792/4708 804/4709 791/4710
f 792/4711 791/4712 793/4713
f 792/4714 805/4715 804/4716
f 796/4717 808/4718 806/4719
f 796/4720 806/4721 795/4722
f 806/4723 808/4724 797/4725
f 774/4726 775/4727 776/4728
f 780/4729 781/4730 782/4731
f 780/4732 782/4733 779/4734
f 775/4735 778/4736 779/4737
f 775/4738 779/4739 777/4740
f 778/4741 780/4742 779/4743
f 834/4744 838/4745 849/4746
f 834/4747 849/4748 835/4749
f 843/4750 829/4751 844/4752
f 836/4753 835/4754 837/4755
f 835/4756 849/4757 837/4758
f 838/4759 839/4760 849/4761
f 816/4762 817/4763 814/4764
f 841/4765 842/4766 840/4767
f 841/4768 843/4769 844/4770
f 841/4771 844/4772 842/4773
f 821/4774 822/4775 819/4776
f 811/4777 837/4778 812/4779
f 813/4780 814/4781 815/4782
f 816/4783 820/4784 817/4785
f 818/4786 819/4787 820/4788
f 821/4789 823/4790 824/4791
f 821/4792 824/4793 822/4794
f 823/4795 825/4796 824/4797
f 823/4798 826/4799 825/4800
f 843/4801 841/4802 814/4803
f 843/4804 814/4805 813/4806
f 841/4807 840/4808 816/4809
f 840/4810 838/4811 816/4812
f 838/4813 818/4814 816/4815
f 838/4816 834/4817 819/4818
f 838/4819 819/4820 818/4821
f 833/4822 832/4823 823/4824
f 833/4825 823/4826 821/4827
f 832/4828 831/4829 823/4830
f 841/4831 816/4832 814/4833
f 834/4834 821/4835 819/4836
f 834/4837 833/4838 821/4839
f 831/4840 826/4841 823/4842
f 815/4843 814/4844 817/4845
f 815/4846 817/4847 820/4848
f 826/4849 827/4850 825/4851
f 816/4852 818/4853 820/4854
f 850/4855 842/4856 828/4857
f 837/4858 850/4859 812/4860
f 850/4861 830/4862 812/4863
f 812/4864 830/4865 811/4866
f 831/4867 843/4868 827/4869
f 831/4870 827/4871 826/4872
f 843/4873 813/4874 827/4875
f 842/4876 844/4877 828/4878
f 844/4879 830/4880 850/4881
f 831/4882 845/4883 829/4884
f 831/4885 829/4886 843/4887
f 830/4888 829/4889 845/4890
f 830/4891 845/4892 846/4893
f 830/4894 846/4895 847/4896
f 833/4897 847/4898 832/4899
f 834/4900 835/4901 848/4902
f 834/4903 848/4904 833/4905
f 827/4906 813/4907 815/4908
f 828/4909 844/4910 850/4911
f 844/4912 829/4913 830/4914
f 832/4915 847/4916 846/4917
f 832/4918 846/4919 831/4920
f 833/4921 848/4922 847/4923
f 820/4924 819/4925 822/4926
f 820/4927 822/4928 825/4929
f 822/4930 824/4931 825/4932
f 815/4933 820/4934 825/4935
f 815/4936 825/4937 827/4938
f 811/4939 830/4940 847/4941
f 811/4942 847/4943 848/4944
f 837/4945 811/4946 848/4947
f 837/4948 848/4949 836/4950
f 850/4951 837/4952 849/4953
f 850/4954 849/4955 842/4956
f 836/4957 848/4958 835/4959
f 840/4960 842/4961 839/4962
f 840/4963 839/4964 838/4965
f 831/4966 846/4967 845/4968
f 842/4969 849/4970 839/4971
f 863/4972 864/4973 865/4974
f 862/4975 865/4976 860/4977
f 853/4978 859/4979 865/4980
f 853/4981 865/4982 866/4983
f 865/4984 864/4985 866/4986
f 862/4987 863/4988 865/4989
f 882/4990 869/4991 868/4992
f 853/4993 857/4994 859/4995
f 859/4996 861/4997 860/4998
f 867/4999 853/5000 866/5001
f 880/5002 856/5003 854/5004
f 880/5005 879/5006 858/5007
f 880/5008 858/5009 856/5010
f 875/5011 862/5012 860/5013
f 888/5014 889/5015 851/5016
f 851/5017 877/5018 890/5019
f 888/5020 869/5021 872/5022
f 888/5023 872/5024 883/5025
f 870/5026 867/5027 866/5028
f 870/5029 882/5030 852/5031
f 870/5032 852/5033 867/5034
f 853/5035 855/5036 857/5037
f 879/5038 875/5039 860/5040
f 879/5041 860/5042 858/5043
f 873/5044 864/5045 863/5046
f 871/5047 870/5048 866/5049
f 871/5050 866/5051 864/5052
f 890/5053 877/5054 878/5055
f 890/5056 878/5057 886/5058
f 890/5059 886/5060 887/5061
f 851/5062 890/5063 887/5064
f 851/5065 887/5066 868/5067
f 875/5068 873/5069 863/5070
f 875/5071 863/5072 862/5073
f 873/5074 871/5075 864/5076
f 882/5077 880/5078 854/5079
f 882/5080 854/5081 852/5082
f 859/5083 860/5084 865/5085
f 876/5086 884/5087 874/5088
f 875/5089 879/5090 885/5091
f 875/5092 885/5093 876/5094
f 879/5095 878/5096 885/5097
f 868/5098 887/5099 881/5100
f 876/5101 885/5102 878/5103
f 889/5104 888/5105 883/5106
f 889/5107 883/5108 884/5109
f 877/5110 889/5111 884/5112
f 877/5113 884/5114 876/5115
f 868/5116 869/5117 888/5118
f 870/5119 872/5120 869/5121
f 871/5122 872/5123 870/5124
f 873/5125 884/5126 872/5127
f 873/5128 872/5129 871/5130
f 875/5131 874/5132 884/5133
f 875/5134 884/5135 873/5136
f 875/5137 876/5138 874/5139
f 876/5140 878/5141 877/5142
f 880/5143 886/5144 878/5145
f 880/5146 878/5147 879/5148
f 880/5149 887/5150 886/5151
f 882/5152 881/5153 887/5154
f 882/5155 887/5156 880/5157
f 882/5158 868/5159 881/5160
f 882/5161 870/5162 869/5163
f 868/5164 888/5165 851/5166
f 884/5167 883/5168 872/5169
f 889/5170 877/5171 851/5172
f 852/5173 853/5174 867/5175
f 852/5176 854/5177 855/5178
f 852/5179 855/5180 853/5181
f 854/5182 856/5183 857/5184
f 854/5185 857/5186 855/5187
f 856/5188 858/5189 857/5190
f 858/5191 859/5192 857/5193
f 858/5194 860/5195 861/5196
f 858/5197 861/5198 859/5199
f 916/5200 928/5201 927/5202
f 916/5203 920/5204 929/5205
f 916/5206 929/5207 928/5208
f 908/5209 929/5210 919/5211
f 898/5212 900/5213 899/5214
f 898/5215 901/5216 902/5217
f 898/5218 902/5219 900/5220
f 897/5221 898/5222 899/5223
f 921/5224 908/5225 919/5226
f 917/5227 929/5228 918/5229
f 921/5230 919/5231 929/5232
f 921/5233 929/5234 920/5235
f 891/5236 925/5237 926/5238
f 891/5239 926/5240 915/5241
f 891/5242 915/5243 927/5244
f 892/5245 891/5246 927/5247
f 895/5248 896/5249 894/5250
f 895/5251 897/5252 899/5253
f 895/5254 899/5255 896/5256
f 928/5257 929/5258 917/5259
f 891/5260 910/5261 911/5262
f 891/5263 911/5264 925/5265
f 893/5266 894/5267 906/5268
f 893/5269 895/5270 894/5271
f 904/5272 906/5273 907/5274
f 904/5275 907/5276 905/5277
f 908/5278 924/5279 909/5280
f 927/5281 928/5282 917/5283
f 901/5284 903/5285 902/5286
f 903/5287 904/5288 905/5289
f 910/5290 891/5291 892/5292
f 930/5293 909/5294 892/5295
f 930/5296 918/5297 929/5298
f 930/5299 929/5300 908/5301
f 909/5302 930/5303 908/5304
f 909/5305 910/5306 892/5307
f 892/5308 918/5309 930/5310
f 922/5311 924/5312 908/5313
f 922/5314 908/5315 921/5316
f 922/5317 923/5318 924/5319
f 923/5320 911/5321 924/5322
f 914/5323 915/5324 913/5325
f 916/5326 927/5327 915/5328
f 916/5329 915/5330 914/5331
f 927/5332 917/5333 918/5334
f 927/5335 918/5336 892/5337
f 924/5338 911/5339 910/5340
f 924/5341 910/5342 909/5343
f 912/5344 925/5345 911/5346
f 912/5347 911/5348 923/5349
f 912/5350 926/5351 925/5352
f 913/5353 915/5354 926/5355
f 913/5356 926/5357 912/5358
f 913/5359 904/5360 903/5361
f 912/5362 906/5363 904/5364
f 921/5365 897/5366 895/5367
f 920/5368 916/5369 898/5370
f 920/5371 898/5372 897/5373
f 914/5374 903/5375 901/5376
f 913/5377 912/5378 904/5379
f 916/5380 914/5381 901/5382
f 916/5383 901/5384 898/5385
f 914/5386 913/5387 903/5388
f 923/5389 922/5390 893/5391
f 912/5392 923/5393 906/5394
f 921/5395 920/5396 897/5397
f 922/5398 895/5399 893/5400
f 922/5401 921/5402 895/5403
f 906/5404 894/5405 907/5406
f 894/5407 905/5408 907/5409
f 894/5410 896/5411 899/5412
f 923/5413 893/5414 906/5415
f 894/5416 899/5417 905/5418
f 902/5419 903/5420 905/5421
f 899/5422 902/5423 905/5424
f 899/5425 900/5426 902/5427
f 941/5428 943/5429 946/5430
f 955/5431 933/5432 952/5433
f 943/5434 945/5435 946/5436
f 935/5437 941/5438 946/5439
f 970/5440 951/5441 953/5442
f 970/5443 953/5444 960/5445
f 935/5446 938/5447 941/5448
f 931/5449 949/5450 932/5451
f 949/5452 951/5453 932/5454
f 951/5455 970/5456 932/5457
f 949/5458 931/5459 969/5460
f 949/5461 969/5462 948/5463
f 970/5464 931/5465 932/5466
f 933/5467 934/5468 935/5469
f 956/5470 952/5471 947/5472
f 956/5473 947/5474 946/5475
f 952/5476 933/5477 935/5478
f 952/5479 935/5480 947/5481
f 948/5482 967/5483 949/5484
f 942/5485 943/5486 941/5487
f 942/5488 944/5489 945/5490
f 942/5491 945/5492 943/5493
f 944/5494 958/5495 946/5496
f 944/5497 946/5498 945/5499
f 958/5500 956/5501 946/5502
f 936/5503 937/5504 938/5505
f 937/5506 939/5507 938/5508
f 939/5509 940/5510 941/5511
f 939/5512 941/5513 938/5514
f 940/5515 942/5516 941/5517
f 934/5518 936/5519 935/5520
f 961/5521 939/5522 969/5523
f 961/5524 969/5525 962/5526
f 955/5527 954/5528 967/5529
f 953/5530 950/5531 954/5532
f 961/5533 960/5534 959/5535
f 960/5536 953/5537 957/5538
f 964/5539 965/5540 969/5541
f 964/5542 969/5543 939/5544
f 964/5545 948/5546 965/5547
f 952/5548 954/5549 955/5550
f 966/5551 967/5552 948/5553
f 966/5554 948/5555 964/5556
f 966/5557 955/5558 967/5559
f 959/5560 960/5561 958/5562
f 961/5563 962/5564 960/5565
f 967/5566 951/5567 949/5568
f 952/5569 953/5570 954/5571
f 970/5572 960/5573 968/5574
f 931/5575 970/5576 968/5577
f 931/5578 968/5579 962/5580
f 967/5581 954/5582 950/5583
f 962/5584 969/5585 963/5586
f 951/5587 950/5588 953/5589
f 948/5590 969/5591 965/5592
f 964/5593 937/5594 936/5595
f 964/5596 939/5597 937/5598
f 962/5599 968/5600 960/5601
f 959/5602 958/5603 944/5604
f 959/5605 944/5606 942/5607
f 961/5608 942/5609 940/5610
f 961/5611 959/5612 942/5613
f 935/5614 936/5615 938/5616
f 966/5617 936/5618 934/5619
f 939/5620 961/5621 940/5622
f 935/5623 946/5624 947/5625
f 955/5626 966/5627 934/5628
f 955/5629 934/5630 933/5631
f 966/5632 964/5633 936/5634
f 956/5635 957/5636 953/5637
f 956/5638 953/5639 952/5640
f 958/5641 960/5642 957/5643
f 958/5644 957/5645 956/5646
f 962/5647 963/5648 931/5649
f 963/5650 969/5651 931/5652
f 967/5653 950/5654 951/5655
f 639/5656 992/5657 629/5658
f 631/5659 629/5660 630/5661
f 983/5662 993/5663 976/5664
f 628/5665 971/5666 640/5667
f 981/5668 972/5669 627/5670
f 981/5671 627/5672 975/5673
f 983/5674 633/5675 635/5676
f 641/5677 634/5678 638/5679
f 632/5680 994/5681 634/5682
f 638/5683 992/5684 639/5685
f 627/5686 972/5687 629/5688
f 633/5689 634/5690 635/5691
f 631/5692 633/5693 627/5694
f 631/5695 632/5696 633/5697
f 628/5698 972/5699 971/5700
f 982/5701 983/5702 635/5703
f 636/5704 982/5705 635/5706
f 974/5707 973/5708 975/5709
f 974/5710 975/5711 976/5712
f 977/5713 978/5714 979/5715
f 977/5716 979/5717 980/5718
f 973/5719 974/5720 980/5721
f 973/5722 980/5723 979/5724
f 971/5725 972/5726 981/5727
f 976/5728 975/5729 627/5730
f 976/5731 627/5732 633/5733
f 981/5734 975/5735 991/5736
f 636/5737 637/5738 982/5739
f 638/5740 639/5741 641/5742
f 971/5743 981/5744 991/5745
f 971/5746 991/5747 993/5748
f 971/5749 993/5750 982/5751
f 637/5752 634/5753 641/5754
f 633/5755 632/5756 634/5757
f 627/5758 629/5759 631/5760
f 974/5761 976/5762 993/5763
f 974/5764 993/5765 977/5766
f 974/5767 977/5768 980/5769
f 630/5770 992/5771 638/5772
f 630/5773 638/5774 994/5775
f 993/5776 983/5777 982/5778
f 973/5779 991/5780 975/5781
f 973/5782 979/5783 978/5784
f 973/5785 978/5786 991/5787
f 640/5788 639/5789 629/5790
f 994/5791 632/5792 631/5793
f 994/5794 631/5795 630/5796
f 637/5797 640/5798 971/5799
f 637/5800 971/5801 982/5802
f 983/5803 976/5804 633/5805
f 636/5806 634/5807 637/5808
f 635/5809 634/5810 636/5811
f 634/5812 994/5813 638/5814
f 639/5815 640/5816 637/5817
f 639/5818 637/5819 641/5820
f 628/5821 640/5822 629/5823
f 972/5824 628/5825 629/5826
f 629/5827 992/5828 630/5829
o Grip
g Grip
usemtl GripRose
v -0.01228 0.04910 -0.05075
v 0.01795 0.04910 -0.05075
v 0.01795 0.01575 -0.04221
v -0.01227 -0.08005 -0.06630
v 0.01795 -0.08236 -0.06617
v -0.01227 -0.05676 -0.02156
v 0.01795 -0.05393 -0.02068
v -0.01227 -0.00540 -0.02027
v 0.01795 -0.01349 -0.01348
v -0.01227 0.04909 -0.01431
v 0.01795 0.04909 -0.01431
v -0.01228 0.08350 -0.00486
v 0.01795 0.08350 -0.00486
v 0.01795 -0.00557 0.01104
v -0.01227 0.01020 0.00899
v -0.01227 -0.04602 0.00307
v -0.01227 -0.07824 -0.03107
v 0.01795 -0.05897 -0.00285
v -0.01227 0.03741 0.03940
v -0.01228 0.08216 0.06805
v 0.01795 0.08079 0.06980
v 0.01795 0.01432 0.00622
vt 0.38204 0.79257
vt 0.45141 1.00000
vt 0.45141 1.00000
vt 0.53287 0.58293
vt 0.38810 0.41524
vt 0.17703 0.59156
vt 0.32872 0.15434
vt 0.33523 0.17139
vt 0.00100 0.00000
vt 0.25888 0.02483
vt 0.32872 0.15434
vt 0.00000 0.01395
vt 0.17703 0.59156
vt 0.38204 0.79257
vt 0.53287 0.58293
vt 0.98716 0.99194
vt 0.77661 0.72211
vt 1.00000 0.98370
vt 0.45141 1.00000
vt 0.98716 0.99194
vt 1.00000 0.98370
vt 0.77661 0.72211
vt 0.53287 0.58293
vt 1.00000 0.98370
vt 0.77661 0.72211
vt 0.55324 0.55810
vt 0.53287 0.58293
vt 0.45141 1.00000
vt 1.00000 0.98370
vt 0.45141 1.00000
vt 0.55324 0.55810
vt 0.33825 0.46400
vt 0.50971 0.21913
vt 0.50971 0.21913
vt 0.33825 0.46400
vt 0.32872 0.15434
vt 0.46620 0.14103
vt 0.00100 0.00000
vt 0.33523 0.17139
vt 0.50971 0.21913
vt 0.32872 0.15434
vt 0.25888 0.02483
vt 0.25888 0.02483
vt 0.00100 0.00000
vt 0.46620 0.14103
vt 0.33825 0.46400
vt 0.55324 0.55810
vt 0.38204 0.79257
vt 0.55324 0.55810
vt 0.56829 0.46297
vt 0.53287 0.58293
vt 0.50971 0.21913
vt 0.25888 0.02483
vt 0.46620 0.14103
vt 0.33825 0.46400
vt 0.38204 0.79257
vt 0.11425 0.79260
vt 0.77661 0.72211
vt 0.98716 0.99194
vt 0.45141 1.00000
vt 0.38204 0.79257
vt 0.55324 0.55810
vt 0.77661 0.72211
vt 0.33825 0.46400
vt 0.11425 0.79260
vt 0.11425 0.79260
vt 0.33825 0.46400
vt 0.17703 0.59156
vt 0.38810 0.41524
vt 0.32872 0.15434
vt 0.33825 0.46400
vt 0.38810 0.41524
vt 0.32872 0.15434
vt 0.38810 0.41524
vt 0.33523 0.17139
vt 0.11425 0.79260
vt 0.38204 0.79257
vt 0.38204 0.79257
vt 0.11425 0.79260
vt 0.38204 0.79257
vt 0.11425 0.79260
vt 0.56829 0.46297
vt 0.46620 0.14103
vt 0.38810 0.41524
vt 0.38204 0.79257
vt 0.45141 1.00000
vt 0.38204 0.79257
vt 0.55324 0.55810
vt 0.50971 0.21913
vt 0.46620 0.14103
vt 0.55324 0.55810
vt 0.46620 0.14103
vt 0.56829 0.46297
vt 0.38204 0.79257
vt 0.45141 1.00000
vt 1.00000 0.98370
vt 0.38204 0.79257
vt 1.00000 0.98370
vt 0.53287 0.58293
vt 0.53287 0.58293
vt 0.56829 0.46297
vt 0.38810 0.41524
vt 0.46620 0.14103
vt 0.33523 0.17139
vt 0.38810 0.41524
vt 0.17703 0.59156
vt 0.11425 0.79260
vt 0.38204 0.79257
vt 0.33825 0.46400
vt 0.11425 0.79260
vt 0.17703 0.59156
vt 0.00000 0.01395
vt 0.32872 0.15434
vt 0.00100 0.00000
vt 0.25888 0.02483
vt 0.00000 0.01395
vt 0.00100 0.00000
vt 0.38204 0.79257
vt 0.77661 0.72211
vt 0.45141 1.00000
f 1019/5830 1021/5831 1022/5832
f 1031/5833 1018/5834 1012/5835
f 1015/5836 1016/5837 1014/5838
f 1026/5839 1015/5840 1013/5841
f 1012/5842 1020/5843 1031/5844
f 1029/5845 1028/5846 1030/5847
f 1021/5848 1029/5849 1030/5850
f 1028/5851 1031/5852 1030/5853
f 1028/5854 1024/5855 1031/5856
f 1021/5857 1030/5858 1022/5859
f 1024/5860 1017/5861 1025/5862
f 1025/5863 1017/5864 1015/5865
f 1027/5866 1014/5867 1016/5868
f 1025/5869 1015/5870 1026/5871
f 1026/5872 1014/5873 1027/5874
f 1017/5875 1024/5876 1019/5877
f 1024/5878 1023/5879 1031/5880
f 1025/5881 1026/5882 1027/5883
f 1017/5884 1019/5885 1010/5886
f 1028/5887 1029/5888 1021/5889
f 1019/5890 1024/5891 1028/5892
f 1017/5893 1010/5894 1011/5895
f 1017/5896 1012/5897 1018/5898
f 1015/5899 1017/5900 1018/5901
f 1015/5902 1018/5903 1016/5904
f 1010/5905 1019/5906 1020/5907
f 1010/5908 1020/5909 1011/5910
f 1023/5911 1027/5912 1018/5913
f 1019/5914 1022/5915 1020/5916
f 1024/5917 1025/5918 1027/5919
f 1024/5920 1027/5921 1023/5922
f 1020/5923 1022/5924 1030/5925
f 1020/5926 1030/5927 1031/5928
f 1031/5929 1023/5930 1018/5931
f 1027/5932 1016/5933 1018/5934
f 1012/5935 1011/5936 1020/5937
f 1017/5938 1011/5939 1012/5940
f 1013/5941 1015/5942 1014/5943
f 1026/5944 1013/5945 1014/5946
f 1019/5947 1028/5948 1021/5949
o Accent
g Accent
usemtl AccentHot
v -0.02376 0.23681 -0.19213
v -0.02376 0.23681 -0.28323
v -0.03107 0.22762 -0.19213
v -0.03306 0.22234 -0.28323
v -0.03315 0.20423 -0.19213
v -0.03114 0.19844 -0.28323
v -0.02356 0.18650 -0.19213
v -0.02314 0.18367 -0.28332
v -0.02396 0.14003 -0.19213
v -0.02791 0.10888 -0.19213
v -0.02628 0.11126 -0.26667
v -0.03472 0.10309 -0.25783
v -0.03801 0.09880 -0.19213
v -0.03918 0.09536 -0.25286
v -0.04082 0.08215 -0.24865
v -0.04055 0.08221 -0.19213
v -0.03176 0.06685 -0.25148
v 0.01685 0.21031 -0.19213
v 0.01763 0.21440 -0.28323
v 0.01415 0.22312 -0.19213
v 0.01095 0.22545 -0.28323
v 0.01272 0.20370 -0.28323
v 0.01213 0.20340 -0.19213
v 0.01039 0.08660 -0.19213
v -0.02860 0.06341 -0.19213
v -0.01455 0.05998 -0.25837
v -0.00552 0.06252 -0.19213
v 0.01164 0.08096 -0.26235
v 0.00442 0.07014 -0.19213
v 0.00886 0.07788 -0.19213
v 0.00315 0.19479 -0.19213
v 0.00314 0.19484 -0.28368
v 0.00283 0.15996 -0.27856
v 0.00282 0.10431 -0.26688
v 0.00313 0.10452 -0.19213
vt 1.00000 0.01437
vt 0.27647 0.00000
vt 0.23299 0.11863
vt 0.00488 0.81278
vt 0.00488 0.78300
vt 0.00488 0.91816
vt 0.23299 0.11863
vt 1.00000 0.15055
vt 1.00000 0.10123
vt 1.00000 0.01939
vt 0.27647 0.00000
vt 1.00000 0.01437
vt 0.18580 0.28998
vt 0.18351 0.25067
vt 0.27647 0.00000
vt 0.00389 0.69951
vt 0.00000 0.76264
vt 0.05592 0.56541
vt 1.00000 0.71548
vt 0.00488 0.78300
vt 0.00389 0.69951
vt 1.00000 0.71548
vt 1.00000 0.25189
vt 1.00000 0.76240
vt 0.38261 0.12534
vt 0.35176 0.03881
vt 1.00000 0.01939
vt 0.38261 0.12534
vt 1.00000 0.01939
vt 1.00000 0.12570
vt 1.00000 0.92259
vt 1.00000 0.85013
vt 0.00488 0.87329
vt 1.00000 0.81579
vt 1.00000 0.76240
vt 1.00000 0.81107
vt 1.00000 0.01437
vt 0.23299 0.11863
vt 1.00000 0.05742
vt 1.00000 0.25189
vt 0.18351 0.25067
vt 0.05592 0.56541
vt 1.00000 0.85013
vt 1.00000 0.81107
vt 0.00488 0.81278
vt 1.00000 0.85013
vt 0.00488 0.81278
vt 0.00488 0.87329
vt 0.00000 0.76264
vt 1.00000 0.81107
vt 1.00000 0.76240
vt 1.00000 0.92259
vt 0.00488 0.87329
vt 0.00488 0.93579
vt 1.00000 0.01939
vt 0.35176 0.03881
vt 0.27647 0.00000
vt 1.00000 0.25189
vt 0.23299 0.11863
vt 0.18351 0.25067
vt 1.00000 0.15055
vt 0.23299 0.11863
vt 1.00000 0.25189
vt 1.00000 0.76240
vt 0.05592 0.56541
vt 0.00000 0.76264
vt 1.00000 0.76240
vt 1.00000 0.25189
vt 0.05592 0.56541
vt 0.00000 0.76264
vt 0.00488 0.78300
vt 0.00488 0.81278
vt 0.35176 0.03881
vt 0.38261 0.12534
vt 0.28237 0.24378
vt 0.35176 0.03881
vt 0.28237 0.24378
vt 0.18580 0.28998
vt 0.00000 0.76264
vt 0.00389 0.69951
vt 0.00488 0.78300
vt 0.00488 0.93579
vt 0.00488 0.87329
vt 0.00488 0.91816
vt 1.00000 0.94802
vt 0.00488 1.00000
vt 0.00488 0.91816
vt 1.00000 0.01939
vt 1.00000 0.01437
vt 1.00000 0.05742
vt 1.00000 1.00000
vt 0.00488 0.93579
vt 0.00488 1.00000
vt 1.00000 0.05742
vt 0.23299 0.11863
vt 1.00000 0.10123
vt 1.00000 0.27655
vt 1.00000 0.21954
vt 1.00000 0.01939
vt 1.00000 0.25189
vt 1.00000 0.27655
vt 1.00000 0.05742
vt 0.18351 0.25067
vt 0.23299 0.11863
vt 0.27647 0.00000
vt 1.00000 0.21954
vt 1.00000 0.12570
vt 1.00000 0.01939
vt 0.00488 0.91816
vt 0.00488 1.00000
vt 0.00488 0.93579
vt 0.18351 0.25067
vt 0.18580 0.28998
vt 0.00389 0.69951
vt 0.33663 0.20008
vt 0.28237 0.24378
vt 0.38261 0.12534
vt 1.00000 0.27655
vt 1.00000 0.01939
vt 1.00000 0.05742
vt 1.00000 0.27655
vt 0.18580 0.28998
vt 0.28237 0.24378
vt 1.00000 0.27655
vt 0.28237 0.24378
vt 1.00000 0.21954
vt 0.18351 0.25067
vt 0.00389 0.69951
vt 0.05592 0.56541
vt 0.27647 0.00000
vt 0.35176 0.03881
vt 0.18580 0.28998
vt 1.00000 0.21954
vt 0.28237 0.24378
vt 0.33663 0.20008
vt 1.00000 0.81579
vt 1.00000 0.81107
vt 1.00000 0.85013
vt 0.00488 0.81278
vt 0.00488 0.91816
vt 0.00488 0.87329
vt 1.00000 0.81579
vt 0.00488 0.91816
vt 0.00488 0.78300
vt 1.00000 0.81579
vt 1.00000 0.94802
vt 0.00488 0.91816
vt 1.00000 0.71548
vt 1.00000 0.81579
vt 0.00488 0.78300
vt 1.00000 0.21954
vt 0.38261 0.12534
vt 1.00000 0.12570
vt 1.00000 0.45272
vt 0.00389 0.69951
vt 0.18580 0.28998
vt 1.00000 0.71548
vt 0.00389 0.69951
vt 1.00000 0.45272
vt 1.00000 0.94802
vt 1.00000 1.00000
vt 0.00488 1.00000
vt 1.00000 0.21954
vt 0.33663 0.20008
vt 0.38261 0.12534
vt 0.18580 0.28998
vt 1.00000 0.27655
vt 1.00000 0.45272
vt 1.00000 0.94802
vt 1.00000 0.92259
vt 1.00000 1.00000
vt 1.00000 0.05742
vt 1.00000 0.10123
vt 1.00000 0.25189
vt 1.00000 0.71548
vt 1.00000 0.76240
vt 1.00000 0.81579
vt 1.00000 0.71548
vt 1.00000 0.45272
vt 1.00000 0.25189
vt 1.00000 0.81579
vt 1.00000 0.92259
vt 1.00000 0.94802
vt 1.00000 0.81579
vt 1.00000 0.85013
vt 1.00000 0.92259
vt 1.00000 0.45272
vt 1.00000 0.27655
vt 1.00000 0.25189
vt 1.00000 1.00000
vt 1.00000 0.92259
vt 0.00488 0.93579
vt 1.00000 0.15055
vt 1.00000 0.25189
vt 1.00000 0.10123
vt 0.00000 0.76264
vt 0.00488 0.81278
vt 1.00000 0.81107
f 1058/5950 1057/5951 1059/5952
f 1053/5953 1037/5954 1035/5955
f 1059/5956 1055/5957 1061/5958
f 1056/5959 1057/5960 1058/5961
f 1042/5962 1065/5963 1057/5964
f 1039/5965 1063/5966 1064/5967
f 1038/5968 1037/5969 1039/5970
f 1038/5971 1066/5972 1062/5973
f 1046/5974 1048/5975 1056/5976
f 1046/5977 1056/5978 1047/5979
f 1051/5980 1049/5981 1050/5982
f 1036/5983 1062/5984 1054/5985
f 1058/5986 1059/5987 1060/5988
f 1066/5989 1065/5990 1064/5991
f 1049/5992 1054/5993 1053/5994
f 1049/5995 1053/5996 1050/5997
f 1063/5998 1054/5999 1062/6000
f 1051/6001 1050/6002 1052/6003
f 1056/6004 1048/6005 1057/6006
f 1066/6007 1059/6008 1065/6009
f 1055/6010 1059/6011 1066/6012
f 1062/6013 1064/6014 1063/6015
f 1062/6016 1066/6017 1064/6018
f 1063/6019 1037/6020 1053/6021
f 1048/6022 1046/6023 1043/6024
f 1048/6025 1043/6026 1042/6027
f 1063/6028 1039/6029 1037/6030
f 1052/6031 1050/6032 1035/6033
f 1034/6034 1033/6035 1035/6036
f 1056/6037 1058/6038 1060/6039
f 1032/6040 1052/6041 1033/6042
f 1060/6043 1059/6044 1061/6045
f 1041/6046 1044/6047 1056/6048
f 1066/6049 1041/6050 1060/6051
f 1065/6052 1059/6053 1057/6054
f 1044/6055 1047/6056 1056/6057
f 1035/6058 1033/6059 1052/6060
f 1065/6061 1042/6062 1039/6063
f 1045/6064 1043/6065 1046/6066
f 1041/6067 1056/6068 1060/6069
f 1041/6070 1042/6071 1043/6072
f 1041/6073 1043/6074 1044/6075
f 1065/6076 1039/6077 1064/6078
f 1057/6079 1048/6080 1042/6081
f 1044/6082 1043/6083 1045/6084
f 1036/6085 1054/6086 1049/6087
f 1053/6088 1035/6089 1050/6090
f 1036/6091 1035/6092 1037/6093
f 1036/6094 1034/6095 1035/6096
f 1038/6097 1036/6098 1037/6099
f 1044/6100 1046/6101 1047/6102
f 1040/6103 1039/6104 1042/6105
f 1038/6106 1039/6107 1040/6108
f 1034/6109 1032/6110 1033/6111
f 1044/6112 1045/6113 1046/6114
f 1042/6115 1041/6116 1040/6117
f 1034/6118 1051/6119 1032/6120
f 1060/6121 1061/6122 1066/6123
f 1038/6124 1062/6125 1036/6126
f 1038/6127 1040/6128 1066/6129
f 1036/6130 1051/6131 1034/6132
f 1036/6133 1049/6134 1051/6135
f 1040/6136 1041/6137 1066/6138
f 1032/6139 1051/6140 1052/6141
f 1055/6142 1066/6143 1061/6144
f 1063/6145 1053/6146 1054/6147
o Cylinder
g Cylinder
usemtl GoldSoft
v 0.03264 0.14929 -0.18139
v 0.03618 0.16650 -0.18139
v 0.04611 0.13847 -0.18142
v 0.01020 0.11885 -0.18171
v -0.01121 0.12298 -0.18139
v -0.02997 0.11958 -0.18079
v -0.02785 0.14713 -0.18139
v 0.00875 0.17515 -0.18139
v 0.03908 0.19966 -0.18139
v 0.03244 0.18045 -0.18139
v 0.03613 0.26094 -0.18139
v 0.03067 0.27270 -0.18138
v 0.05149 0.27426 -0.18139
v 0.08105 0.26760 -0.18171
v 0.08830 0.24098 -0.18139
v 0.07423 0.22283 -0.18139
v -0.00337 0.25220 -0.18139
v 0.01659 0.25606 -0.18139
v 0.03302 0.23819 -0.18139
v 0.06029 0.21910 -0.18139
v 0.06785 0.20849 -0.18138
v 0.08449 0.19440 -0.18139
v 0.08852 0.17029 -0.18185
v 0.07429 0.15629 -0.18139
v 0.05283 0.15241 -0.18139
v 0.04634 0.22283 -0.18139
v -0.04073 0.13847 -0.18142
v -0.04612 0.15310 -0.18139
v -0.07568 0.15976 -0.18171
v -0.08281 0.18037 -0.18139
v -0.07544 0.20090 -0.18139
v -0.03075 0.19432 -0.18139
v -0.01121 0.17130 -0.18139
v -0.02690 0.17435 -0.18139
v -0.05496 0.21901 -0.18139
v -0.04757 0.20774 -0.18139
v -0.07417 0.22565 -0.18139
v -0.08319 0.25458 -0.18171
v -0.06891 0.27107 -0.18139
v -0.05496 0.27480 -0.18139
v -0.03443 0.26743 -0.18138
v -0.03370 0.22770 -0.18139
v -0.02152 0.26627 -0.18139
v -0.04073 0.28889 -0.18142
v -0.02537 0.28624 -0.18139
v -0.00482 0.30851 -0.18171
v 0.02185 0.30147 -0.18139
v -0.02706 0.24690 -0.18139
v 0.04540 0.29009 -0.18201
v 0.09021 0.21490 -0.18201
v -0.08415 0.21368 -0.18142
v 0.03519 0.30986 -0.06724
v 0.03284 0.31098 -0.17900
v -0.08653 0.16345 -0.17700
v -0.09751 0.20065 -0.04476
v -0.09513 0.19491 -0.18079
v -0.09493 0.23220 -0.18091
v -0.08544 0.26580 -0.17700
v -0.06436 0.28992 -0.06723
v -0.06251 0.28898 -0.18079
v -0.00444 0.31535 -0.17690
v -0.03008 0.30747 -0.18091
v 0.06753 0.28896 -0.18091
v 0.09182 0.26395 -0.17705
v 0.10224 0.23363 -0.06725
v 0.10085 0.23300 -0.18028
v 0.09428 0.16904 -0.17692
v 0.10030 0.19516 -0.18091
v 0.00160 0.11133 -0.17702
v -0.03613 0.12039 -0.04477
v -0.06216 0.13840 -0.18091
v 0.06408 0.13343 -0.04479
v 0.07163 0.13866 -0.17957
v 0.03546 0.11988 -0.18091
v 0.00780 0.31279 0.01476
v -0.08005 0.15462 0.01475
v -0.09687 0.23359 -0.06718
v -0.08979 0.25587 0.01475
v -0.06111 0.29355 0.01475
v -0.02985 0.30985 -0.06718
v -0.00411 0.31439 0.01476
v 0.06971 0.28994 -0.06718
v 0.07744 0.28250 0.01475
v 0.09111 0.25888 0.01476
v 0.10224 0.19377 -0.06720
v 0.09337 0.16918 0.01475
v -0.00240 0.11458 0.01476
v -0.06434 0.13742 -0.06718
v 0.08478 0.15331 0.01476
v 0.03522 0.11750 -0.06719
v 0.02494 0.11457 0.01475
v -0.09960 0.20453 0.01476
v 0.04681 0.30537 0.01476
v 0.05331 0.30140 -0.04065
v 0.10420 0.22143 0.01476
v 0.10396 0.21370 -0.04065
v -0.04797 0.30138 -0.04065
v -0.04831 0.12534 0.01477
v 0.06012 0.12966 0.01477
v -0.01465 0.17278 0.01443
v -0.04894 0.15239 0.01475
v 0.00274 0.17499 0.01475
v 0.02393 0.16634 0.01475
v 0.03617 0.23306 0.01475
v 0.02875 0.22956 0.01672
v 0.03307 0.25576 0.01475
v 0.03622 0.19438 0.01475
v 0.02877 0.19812 0.01701
v 0.05432 0.20841 0.01475
v -0.05592 0.21090 0.01475
v -0.03442 0.20087 0.01475
v -0.02338 0.19780 0.01672
v -0.04211 0.21871 0.01447
v -0.02769 0.17160 0.01475
v -0.03085 0.26082 0.01475
v -0.02457 0.28904 0.01475
v -0.02711 0.24690 0.01475
v -0.03084 0.23298 0.01475
v -0.02339 0.22924 0.01701
v 0.00264 0.25236 0.01475
v 0.00365 0.24423 0.01665
v 0.04641 0.21776 0.01466
v 0.08157 0.19961 0.01475
v 0.03234 0.17297 0.01475
v 0.03057 0.14714 0.01475
v 0.02001 0.25457 0.01445
v 0.06246 0.27685 0.01475
v 0.02325 0.12664 0.01475
v 0.05305 0.15311 0.01475
v 0.07952 0.15923 0.01475
v 0.08031 0.22701 0.01475
v 0.02996 0.28757 0.01475
v -0.07415 0.26813 0.01475
v -0.04767 0.27424 0.01475
v -0.08297 0.23939 0.01475
v -0.07904 0.19430 0.01475
v -0.08289 0.17436 0.01475
v -0.06884 0.15624 0.01475
v -0.02458 0.13978 0.01475
v 0.08990 0.21368 -0.06980
v -0.04092 0.13815 -0.06980
v 0.04629 0.28921 -0.06980
v 0.04629 0.13815 -0.06980
v -0.08452 0.21368 -0.06980
v -0.04092 0.28921 -0.06980
v 0.01803 0.21805 0.01893
v 0.00341 0.18316 0.01671
v -0.01612 0.18124 0.02113
v 0.02274 0.17721 0.01525
v 0.02393 0.18133 0.01886
v 0.02188 0.24767 0.01905
v -0.01498 0.25292 0.01493
v 0.00689 0.22941 0.01886
v -0.00841 0.22511 0.01880
v -0.00134 0.19780 0.01895
v -0.01449 0.20371 0.01979
v 0.01716 0.23375 0.01886
v -0.02196 0.21619 0.01886
v 0.01294 0.19079 0.01886
v -0.01144 0.19464 0.02145
v 0.01847 0.20833 0.01949
v 0.01105 0.20141 0.02032
v -0.00737 0.23609 0.02225
v -0.01252 0.20984 0.01872
v 0.00893 0.22729 0.02348
v 0.01953 0.24250 0.02406
v -0.00590 0.22588 0.02357
v -0.01611 0.24513 0.02218
v 0.01924 0.18456 0.02391
v 0.03968 0.21426 0.02157
v 0.01741 0.21501 0.02348
v 0.02726 0.21166 0.02310
v -0.03481 0.21376 0.02112
v -0.02196 0.21569 0.02310
v -0.00359 0.20005 0.02348
v -0.01207 0.21284 0.02342
vt 0.95488 0.99532
vt 0.95486 0.89317
vt 0.95485 0.87104
vt 0.95484 0.83901
vt 0.95489 0.95108
vt 0.95485 0.81131
vt 0.95489 0.95108
vt 0.95488 0.98747
vt 0.95485 0.86384
vt 0.95490 0.53966
vt 0.95487 0.72320
vt 0.95485 0.56702
vt 0.95487 0.72320
vt 0.95484 0.83901
vt 0.95485 0.81131
vt 0.95487 0.20579
vt 0.95485 0.28358
vt 0.95484 0.23478
vt 0.95485 0.28358
vt 0.95490 0.53966
vt 0.95485 0.43273
vt 0.95485 0.13948
vt 0.95485 0.20127
vt 0.95493 0.06868
vt 0.95486 0.89317
vt 0.95484 0.79851
vt 0.95485 0.87104
vt 0.95493 0.06868
vt 0.95488 0.01595
vt 0.95485 0.13948
vt 0.95485 0.86384
vt 0.95485 0.81131
vt 0.95489 0.95108
vt 0.95485 0.56702
vt 0.95485 0.43273
vt 0.95490 0.53966
vt 0.55724 0.12787
vt 0.00535 0.13269
vt 0.00286 0.13303
vt 0.55727 0.59929
vt 0.00535 0.59243
vt 0.00286 0.50168
vt 0.55727 0.59929
vt 0.00286 0.50168
vt 0.54452 0.50168
vt 0.55693 0.59946
vt 0.00000 0.50764
vt 0.00838 0.59638
vt 0.55719 0.03028
vt 0.00535 0.04192
vt 0.00286 0.13304
vt 0.55719 0.03028
vt 0.00286 0.13304
vt 0.54452 0.13149
vt 0.66598 0.04440
vt 0.54453 0.13149
vt 0.00286 0.13303
vt 0.66598 0.04440
vt 0.00286 0.13303
vt 0.00593 0.04043
vt 0.95488 0.01595
vt 0.00302 0.05712
vt 0.00301 0.17549
vt 0.95488 0.01595
vt 0.00301 0.17549
vt 0.95485 0.13948
vt 0.55724 0.12787
vt 0.00286 0.13303
vt 0.54453 0.13149
vt 0.55693 0.59946
vt 0.54453 0.50168
vt 0.00000 0.50764
vt 0.00302 0.18607
vt 0.95485 0.07507
vt 0.95484 0.17554
vt 0.55716 0.40407
vt 0.00535 0.41091
vt 0.00000 0.50764
vt 0.55716 0.40407
vt 0.00000 0.50764
vt 0.54453 0.50168
vt 0.95485 0.07507
vt 0.00143 0.03688
vt 0.95488 0.01595
vt 0.95488 0.01595
vt 0.00143 0.03688
vt 0.00302 0.05712
vt 0.00287 0.87032
vt 0.54453 0.87187
vt 0.55723 0.97307
vt 0.00287 0.87032
vt 0.55723 0.97307
vt 0.00535 0.96141
vt 0.00302 0.18607
vt 0.95484 0.17554
vt 0.95484 0.26962
vt 0.55696 0.97312
vt 0.54453 0.87187
vt 0.00000 0.87618
vt 0.95485 0.07507
vt 0.00302 0.18607
vt 0.00143 0.03688
vt 0.00000 0.87618
vt 0.55725 0.87546
vt 0.00534 0.87064
vt 0.55701 0.87537
vt 0.54453 0.87187
vt 0.00287 0.87032
vt 0.55701 0.87537
vt 0.00287 0.87032
vt 0.00594 0.87075
vt 0.66603 0.43782
vt 0.54452 0.50168
vt 0.00286 0.50168
vt 0.66603 0.43782
vt 0.00286 0.50168
vt 0.00594 0.40966
vt 0.66592 0.10831
vt 0.54452 0.13149
vt 0.00286 0.13304
vt 0.66592 0.10831
vt 0.00286 0.13304
vt 0.01184 0.13397
vt 0.66592 0.10831
vt 0.55719 0.03028
vt 0.54452 0.13149
vt 0.95484 0.59627
vt 0.00302 0.57038
vt 0.95349 0.52634
vt 0.66598 0.04440
vt 0.55724 0.12787
vt 0.54453 0.13149
vt 0.66603 0.43782
vt 0.55727 0.59929
vt 0.54452 0.50168
vt 0.55693 0.59946
vt 0.68599 0.50177
vt 0.54453 0.50168
vt 0.68599 0.50177
vt 0.55716 0.40407
vt 0.54453 0.50168
vt 0.55701 0.87537
vt 0.68599 0.93153
vt 0.54453 0.87187
vt 0.68599 0.93153
vt 0.55723 0.97307
vt 0.54453 0.87187
vt 0.95570 0.69399
vt 0.00302 0.69051
vt 0.00302 0.75944
vt 0.55696 0.97312
vt 0.68599 0.93163
vt 0.54453 0.87187
vt 0.68599 0.93163
vt 0.55725 0.87546
vt 0.54453 0.87187
vt 0.95484 0.40668
vt 0.00300 0.43903
vt 0.95484 0.48806
vt 0.00303 0.79097
vt 0.95338 0.70208
vt 0.95485 0.86384
vt 0.00303 0.79097
vt 0.00302 0.70939
vt 0.95338 0.70208
vt 0.95338 0.70208
vt 0.00302 0.70939
vt 0.00302 0.69051
vt 0.95338 0.70208
vt 0.00302 0.69051
vt 0.95484 0.69129
vt 0.95484 0.69129
vt 0.00302 0.69051
vt 0.95570 0.69399
vt 0.95488 0.99532
vt 0.00143 0.96648
vt 0.95488 0.98747
vt 0.95488 0.98747
vt 0.00143 0.96648
vt 0.00302 0.93197
vt 0.95488 0.98747
vt 0.00302 0.93197
vt 0.95485 0.86384
vt 0.95485 0.86384
vt 0.00302 0.93197
vt 0.00303 0.79097
vt 0.95349 0.52634
vt 0.00302 0.57038
vt 0.00302 0.52781
vt 0.00301 0.85732
vt 0.95485 0.87104
vt 0.95570 0.69399
vt 0.00301 0.85732
vt 0.95570 0.69399
vt 0.00302 0.75944
vt 0.95485 0.87104
vt 0.00301 0.85732
vt 0.00143 0.96648
vt 0.95485 0.87104
vt 0.00143 0.96648
vt 0.95488 0.99532
vt 0.00303 0.76513
vt 0.95484 0.73275
vt 0.95484 0.79851
vt 0.00303 0.76513
vt 0.00302 0.66453
vt 0.95484 0.66453
vt 0.00303 0.76513
vt 0.95484 0.66453
vt 0.95484 0.73275
vt 0.95484 0.66453
vt 0.00302 0.66453
vt 0.00302 0.57038
vt 0.95484 0.66453
vt 0.00302 0.57038
vt 0.95484 0.59627
vt 0.95485 0.43273
vt 0.00302 0.40717
vt 0.00079 0.28902
vt 0.95485 0.43273
vt 0.00079 0.28902
vt 0.95485 0.28358
vt 0.95485 0.62771
vt 0.00143 0.70215
vt 0.95484 0.76858
vt 0.95484 0.76858
vt 0.00143 0.70215
vt 0.00302 0.78295
vt 0.95484 0.76858
vt 0.00302 0.78295
vt 0.00302 0.80127
vt 0.95484 0.76858
vt 0.00302 0.80127
vt 0.95484 0.79851
vt 0.95484 0.79851
vt 0.00302 0.80127
vt 0.00303 0.76513
vt 0.00301 0.56036
vt 0.95484 0.48806
vt 0.95349 0.52634
vt 0.00301 0.56036
vt 0.95349 0.52634
vt 0.00302 0.52781
vt 0.00301 0.56036
vt 0.95485 0.62771
vt 0.95484 0.48806
vt 0.95485 0.62771
vt 0.00301 0.56036
vt 0.00143 0.70215
vt 0.00300 0.43903
vt 0.00302 0.47255
vt 0.95484 0.48806
vt 0.00302 0.47255
vt 0.95485 0.43888
vt 0.95484 0.48806
vt 0.95485 0.43888
vt 0.00302 0.47255
vt 0.00302 0.40676
vt 0.95485 0.43888
vt 0.00302 0.40676
vt 0.00302 0.30892
vt 0.95485 0.43888
vt 0.00302 0.30892
vt 0.95484 0.29543
vt 0.95484 0.22012
vt 0.00143 0.23739
vt 0.95484 0.30897
vt 0.95484 0.30897
vt 0.00143 0.23739
vt 0.00302 0.33839
vt 0.95484 0.30897
vt 0.00302 0.33839
vt 0.00300 0.43903
vt 0.95484 0.30897
vt 0.00300 0.43903
vt 0.95484 0.40668
vt 0.01184 0.13397
vt 0.00079 0.28902
vt 0.02470 0.28286
vt 0.02470 0.28286
vt 0.00079 0.28902
vt 0.00535 0.41091
vt 0.98793 0.50454
vt 0.96438 0.57951
vt 0.97514 0.52309
vt 0.02480 1.00000
vt 0.00143 0.96648
vt 0.00535 0.96141
vt 0.95484 0.31204
vt 0.00302 0.31282
vt 0.95484 0.26962
vt 0.95484 0.47582
vt 0.00302 0.43298
vt 0.00303 0.47624
vt 0.00301 0.20474
vt 0.95485 0.20127
vt 0.95484 0.29543
vt 0.00301 0.20474
vt 0.95484 0.29543
vt 0.00302 0.30892
vt 0.95485 0.20127
vt 0.00301 0.20474
vt 0.00143 0.23739
vt 0.95485 0.20127
vt 0.00143 0.23739
vt 0.95484 0.22012
vt 0.00300 0.20136
vt 0.00302 0.27043
vt 0.95484 0.30213
vt 0.00300 0.20136
vt 0.95484 0.30213
vt 0.95485 0.20482
vt 0.00302 0.27043
vt 0.00302 0.33880
vt 0.95484 0.30213
vt 0.95484 0.30213
vt 0.00302 0.33880
vt 0.00302 0.43298
vt 0.95484 0.30213
vt 0.00302 0.43298
vt 0.95484 0.40706
vt 0.95484 0.40706
vt 0.00302 0.43298
vt 0.95484 0.47582
vt 0.95485 0.28358
vt 0.00079 0.28902
vt 0.95484 0.23478
vt 0.95484 0.23478
vt 0.00079 0.28902
vt 0.00302 0.22040
vt 0.95484 0.23478
vt 0.00302 0.22040
vt 0.00300 0.20136
vt 0.95484 0.23478
vt 0.00300 0.20136
vt 0.95485 0.20482
vt 0.95484 0.70792
vt 0.00302 0.62181
vt 0.00302 0.73331
vt 0.00303 0.47624
vt 0.95485 0.43273
vt 0.95484 0.47582
vt 0.00303 0.47624
vt 0.00302 0.40717
vt 0.95485 0.43273
vt 0.99090 0.65583
vt 0.96580 0.57792
vt 0.97451 0.55770
vt 0.98579 0.34266
vt 0.96437 0.35208
vt 0.97521 0.42383
vt 0.95570 0.69399
vt 0.96580 0.57792
vt 0.99090 0.65583
vt 0.96580 0.57792
vt 0.95349 0.52634
vt 0.98577 0.50207
vt 0.02419 0.00000
vt 0.00143 0.03688
vt 0.00535 0.04192
vt 0.02407 0.74806
vt 0.00838 0.59638
vt 0.00143 0.76596
vt 0.01462 0.97860
vt 0.00143 0.96648
vt 0.02480 1.00000
vt 0.02407 0.74806
vt 0.00143 0.76596
vt 0.00534 0.87064
vt 0.02430 0.75716
vt 0.00594 0.87075
vt 0.00143 0.70215
vt 0.02431 0.25546
vt 0.00594 0.40966
vt 0.00143 0.23739
vt 0.02430 0.75716
vt 0.00143 0.70215
vt 0.00535 0.59243
vt 0.02419 0.00000
vt 0.00593 0.04043
vt 0.00143 0.03688
vt 0.97569 0.66829
vt 0.96407 0.65142
vt 0.97479 0.57880
vt 0.02431 0.25546
vt 0.00143 0.23739
vt 0.00535 0.13269
vt 0.95349 0.52634
vt 0.96438 0.42382
vt 0.98577 0.50207
vt 0.96438 0.42382
vt 0.95329 0.30123
vt 0.98579 0.34266
vt 0.95440 0.52168
vt 0.96438 0.57951
vt 0.98793 0.50454
vt 0.96438 0.57951
vt 0.95338 0.70208
vt 0.97569 0.66829
vt 0.95338 0.70208
vt 0.96407 0.65142
vt 0.97569 0.66829
vt 0.95329 0.30123
vt 0.96437 0.35208
vt 0.98579 0.34266
vt 0.95727 0.32293
vt 0.96580 0.42543
vt 0.97477 0.34311
vt 0.97514 0.52309
vt 0.97479 0.57880
vt 0.97411 0.48285
vt 0.97514 0.52309
vt 0.97411 0.48285
vt 0.97521 0.42383
vt 0.97785 0.47547
vt 0.98186 0.44152
vt 0.96580 0.42543
vt 0.97477 0.34311
vt 0.96580 0.42543
vt 0.98186 0.44152
vt 0.96438 0.57951
vt 0.97569 0.66829
vt 0.97477 0.60004
vt 0.96437 0.35208
vt 0.95727 0.32293
vt 0.97477 0.38946
vt 0.96437 0.35208
vt 0.97477 0.38946
vt 0.97521 0.42383
vt 0.96438 0.42382
vt 0.98579 0.34266
vt 0.98733 0.40834
vt 0.96438 0.42382
vt 0.98733 0.40834
vt 0.97929 0.45283
vt 0.00593 0.04043
vt 0.00286 0.13303
vt 0.00301 0.17549
vt 0.00302 0.31282
vt 0.00302 0.43298
vt 0.00302 0.33880
vt 0.00302 0.18607
vt 0.00302 0.27043
vt 0.00300 0.20136
vt 0.00286 0.13304
vt 0.00535 0.04192
vt 0.00302 0.18607
vt 0.00302 0.18607
vt 0.00535 0.04192
vt 0.00143 0.03688
vt 0.00302 0.05712
vt 0.00593 0.04043
vt 0.00301 0.17549
vt 0.00302 0.31282
vt 0.00302 0.33880
vt 0.00302 0.27043
vt 0.00302 0.31282
vt 0.00302 0.27043
vt 0.00302 0.18607
vt 0.00302 0.40717
vt 0.00535 0.41091
vt 0.00079 0.28902
vt 0.00143 0.03688
vt 0.00593 0.04043
vt 0.00302 0.05712
vt 0.00000 0.50764
vt 0.00302 0.54654
vt 0.00302 0.63548
vt 0.00302 0.62181
vt 0.00302 0.69051
vt 0.00302 0.70939
vt 0.96438 0.57951
vt 0.97477 0.60004
vt 0.97514 0.52309
vt 0.96580 0.57792
vt 0.98577 0.50207
vt 0.97477 0.51396
vt 0.96580 0.57792
vt 0.97477 0.51396
vt 0.97451 0.55770
vt 0.00302 0.73331
vt 0.00303 0.79097
vt 0.00301 0.79860
vt 0.00301 0.79860
vt 0.00534 0.87064
vt 0.00143 0.76596
vt 0.96580 0.42543
vt 0.95440 0.52168
vt 0.97785 0.47547
vt 0.98577 0.50207
vt 0.96438 0.42382
vt 0.97929 0.45283
vt 0.98577 0.50207
vt 0.97929 0.45283
vt 0.97411 0.48285
vt 0.95570 0.69399
vt 0.99125 0.61154
vt 0.97479 0.57880
vt 0.95570 0.69399
vt 0.97479 0.57880
vt 0.96407 0.65142
vt 0.97514 0.52309
vt 0.97521 0.42383
vt 0.98186 0.44152
vt 0.97514 0.52309
vt 0.98186 0.44152
vt 0.97785 0.47547
vt 0.00302 0.33839
vt 0.00594 0.40966
vt 0.00300 0.43903
vt 0.00594 0.40966
vt 0.00286 0.50168
vt 0.00300 0.43903
vt 0.00302 0.43298
vt 0.00302 0.54654
vt 0.00302 0.52822
vt 0.00302 0.43298
vt 0.00302 0.52822
vt 0.00303 0.47624
vt 0.00286 0.13303
vt 0.00535 0.13269
vt 0.00301 0.20474
vt 0.00302 0.22040
vt 0.00079 0.28902
vt 0.01184 0.13397
vt 0.00143 0.23739
vt 0.00594 0.40966
vt 0.00302 0.33839
vt 0.00302 0.62181
vt 0.00302 0.70939
vt 0.00303 0.79097
vt 0.00302 0.62181
vt 0.00303 0.79097
vt 0.00302 0.73331
vt 0.00303 0.47624
vt 0.00302 0.52822
vt 0.00302 0.54654
vt 0.97451 0.55770
vt 0.97411 0.48285
vt 0.97479 0.57880
vt 0.00302 0.30892
vt 0.00301 0.17549
vt 0.00301 0.20474
vt 0.00143 0.76596
vt 0.00838 0.59638
vt 0.00302 0.63548
vt 0.00302 0.63548
vt 0.00838 0.59638
vt 0.00000 0.50764
vt 0.00302 0.22040
vt 0.01184 0.13397
vt 0.00300 0.20136
vt 0.01184 0.13397
vt 0.00286 0.13304
vt 0.00300 0.20136
vt 0.00302 0.43298
vt 0.00302 0.62181
vt 0.00302 0.54654
vt 0.98579 0.34266
vt 0.97521 0.42383
vt 0.99721 0.43486
vt 0.99538 0.49179
vt 0.99719 0.50822
vt 0.97785 0.47547
vt 0.00302 0.78295
vt 0.00594 0.87075
vt 0.00302 0.80127
vt 0.00594 0.87075
vt 0.00287 0.87032
vt 0.00303 0.76513
vt 0.00302 0.40676
vt 0.00302 0.31282
vt 0.00302 0.29394
vt 0.00302 0.40676
vt 0.00302 0.29394
vt 0.00302 0.30892
vt 0.00302 0.30892
vt 0.00302 0.29394
vt 0.00301 0.17549
vt 0.00302 0.52781
vt 0.00302 0.47255
vt 0.00300 0.43903
vt 0.00302 0.52781
vt 0.00300 0.43903
vt 0.00301 0.56036
vt 0.00301 0.20474
vt 0.00535 0.13269
vt 0.00143 0.23739
vt 0.00143 0.70215
vt 0.00594 0.87075
vt 0.00302 0.78295
vt 0.97411 0.48285
vt 0.97451 0.55770
vt 0.99690 0.49755
vt 0.97477 0.51396
vt 0.99538 0.51155
vt 0.97451 0.55770
vt 0.97477 0.51396
vt 0.98577 0.50207
vt 0.99538 0.51155
vt 0.95727 0.32293
vt 0.97477 0.34311
vt 0.99928 0.35896
vt 0.97411 0.48285
vt 0.97929 0.45283
vt 0.98733 0.40834
vt 0.97411 0.48285
vt 0.98733 0.40834
vt 0.99721 0.43486
vt 0.98577 0.50207
vt 0.99690 0.49755
vt 0.99538 0.51155
vt 0.98579 0.34266
vt 0.99721 0.43486
vt 0.98733 0.40834
vt 0.97514 0.52309
vt 1.00000 0.64295
vt 0.99722 0.56840
vt 0.99090 0.65583
vt 0.99765 0.56149
vt 0.99125 0.61154
vt 0.97521 0.42383
vt 0.99928 0.35896
vt 0.98186 0.44152
vt 0.98793 0.50454
vt 0.99719 0.50822
vt 0.99538 0.49179
vt 0.00302 0.75944
vt 0.00303 0.76513
vt 0.00301 0.85732
vt 0.00301 0.56036
vt 0.00535 0.59243
vt 0.00143 0.70215
vt 0.97477 0.34311
vt 0.98186 0.44152
vt 0.99928 0.35896
vt 0.98793 0.50454
vt 0.97514 0.52309
vt 0.99719 0.50822
vt 0.00302 0.57038
vt 0.00302 0.47255
vt 0.00302 0.52781
vt 0.97569 0.66829
vt 0.97479 0.57880
vt 0.99722 0.56840
vt 0.97569 0.66829
vt 0.99722 0.56840
vt 1.00000 0.64295
vt 0.99090 0.65583
vt 0.97451 0.55770
vt 0.99765 0.56149
vt 0.97411 0.48285
vt 0.99690 0.49755
vt 0.98577 0.50207
vt 0.99538 0.51155
vt 0.99690 0.49755
vt 0.97451 0.55770
vt 0.97479 0.57880
vt 0.99125 0.61154
vt 0.99765 0.56149
vt 0.97479 0.57880
vt 0.97514 0.52309
vt 0.99722 0.56840
vt 0.97477 0.60004
vt 1.00000 0.64295
vt 0.97514 0.52309
vt 0.97477 0.60004
vt 0.97569 0.66829
vt 1.00000 0.64295
vt 0.00302 0.43298
vt 0.00302 0.40676
vt 0.00302 0.69051
vt 0.00302 0.43298
vt 0.00302 0.69051
vt 0.00302 0.62181
vt 0.00302 0.69051
vt 0.00302 0.40676
vt 0.00302 0.57038
vt 0.00000 0.87618
vt 0.00303 0.79097
vt 0.00302 0.93197
vt 0.00302 0.69051
vt 0.00302 0.57038
vt 0.00302 0.66453
vt 0.00302 0.69051
vt 0.00302 0.66453
vt 0.00303 0.76513
vt 0.00302 0.69051
vt 0.00303 0.76513
vt 0.00302 0.75944
vt 0.00000 0.87618
vt 0.00301 0.79860
vt 0.00303 0.79097
vt 0.00303 0.76513
vt 0.00287 0.87032
vt 0.00301 0.85732
vt 0.00301 0.85732
vt 0.00535 0.96141
vt 0.00143 0.96648
vt 0.00143 0.96648
vt 0.01462 0.97860
vt 0.00302 0.93197
vt 0.00302 0.93197
vt 0.01462 0.97860
vt 0.00000 0.87618
vt 0.00594 0.87075
vt 0.00303 0.76513
vt 0.00302 0.80127
vt 0.00302 0.57038
vt 0.00302 0.40676
vt 0.00302 0.47255
vt 0.00286 0.50168
vt 0.00535 0.59243
vt 0.00301 0.56036
vt 0.00000 0.50764
vt 0.00535 0.41091
vt 0.00302 0.40717
vt 0.00000 0.50764
vt 0.00302 0.40717
vt 0.00303 0.47624
vt 0.00286 0.50168
vt 0.00301 0.56036
vt 0.00300 0.43903
vt 0.98793 0.50454
vt 0.99538 0.49179
vt 0.97785 0.47547
vt 0.98793 0.50454
vt 0.97785 0.47547
vt 0.95440 0.52168
vt 0.00300 0.20136
vt 0.00286 0.13304
vt 0.00302 0.18607
vt 0.00301 0.17549
vt 0.00286 0.13303
vt 0.00301 0.20474
vt 0.97477 0.38946
vt 0.99928 0.35896
vt 0.97521 0.42383
vt 0.97477 0.38946
vt 0.95727 0.32293
vt 0.99928 0.35896
vt 0.97514 0.52309
vt 0.97785 0.47547
vt 0.99719 0.50822
vt 0.97451 0.55770
vt 0.97479 0.57880
vt 0.99765 0.56149
vt 0.99125 0.61154
vt 0.95570 0.69399
vt 0.99090 0.65583
vt 0.97521 0.42383
vt 0.97411 0.48285
vt 0.99721 0.43486
vt 0.02407 0.74806
vt 0.55693 0.59946
vt 0.00838 0.59638
vt 0.02430 0.75716
vt 0.55701 0.87537
vt 0.00594 0.87075
vt 0.02431 0.25546
vt 0.66603 0.43782
vt 0.00594 0.40966
vt 0.00287 0.87032
vt 0.00535 0.96141
vt 0.00301 0.85732
vt 0.00000 0.87618
vt 0.00534 0.87064
vt 0.00301 0.79860
vt 0.55723 0.97307
vt 0.95488 0.99532
vt 0.02480 1.00000
vt 0.55723 0.97307
vt 0.02480 1.00000
vt 0.00535 0.96141
vt 0.00302 0.40676
vt 0.00302 0.43298
vt 0.00302 0.31282
vt 0.00302 0.54654
vt 0.00000 0.50764
vt 0.00303 0.47624
vt 0.55727 0.59929
vt 0.95486 0.70848
vt 0.02430 0.75716
vt 0.55727 0.59929
vt 0.02430 0.75716
vt 0.00535 0.59243
vt 0.55719 0.03028
vt 0.95483 0.01589
vt 0.02419 0.00000
vt 0.55719 0.03028
vt 0.02419 0.00000
vt 0.00535 0.04192
vt 0.95486 0.89317
vt 0.55701 0.87537
vt 0.02430 0.75716
vt 0.55724 0.12787
vt 0.95486 0.21222
vt 0.02431 0.25546
vt 0.55724 0.12787
vt 0.02431 0.25546
vt 0.00535 0.13269
vt 0.95487 0.45684
vt 0.66603 0.43782
vt 0.02431 0.25546
vt 0.55716 0.40407
vt 0.95485 0.28358
vt 0.02470 0.28286
vt 0.55716 0.40407
vt 0.02470 0.28286
vt 0.00535 0.41091
vt 0.95488 0.98747
vt 0.01462 0.97860
vt 0.02480 1.00000
vt 0.02419 0.00000
vt 0.66598 0.04440
vt 0.00593 0.04043
vt 0.55725 0.87546
vt 0.95484 0.83901
vt 0.02407 0.74806
vt 0.55725 0.87546
vt 0.02407 0.74806
vt 0.00534 0.87064
vt 0.95487 0.72320
vt 0.55693 0.59946
vt 0.02407 0.74806
vt 0.95485 0.28358
vt 0.95487 0.20579
vt 0.02470 0.28286
vt 0.55696 0.97312
vt 0.95488 0.98747
vt 0.95489 0.95108
vt 0.95484 0.83901
vt 0.95487 0.72320
vt 0.02407 0.74806
vt 0.95487 0.20579
vt 0.01184 0.13397
vt 0.02470 0.28286
vt 0.95486 0.70848
vt 0.95486 0.89317
vt 0.02430 0.75716
vt 0.95488 0.99532
vt 0.95488 0.98747
vt 0.02480 1.00000
vt 0.95488 0.98747
vt 0.55696 0.97312
vt 0.01462 0.97860
vt 0.95486 0.21222
vt 0.95487 0.45684
vt 0.02431 0.25546
vt 0.95489 0.95108
vt 0.95484 0.83901
vt 0.55725 0.87546
vt 0.95489 0.95108
vt 0.55725 0.87546
vt 0.68599 0.93163
vt 0.95493 0.06868
vt 0.55724 0.12787
vt 0.66598 0.04440
vt 0.95490 0.53966
vt 0.55716 0.40407
vt 0.68599 0.50177
vt 0.55693 0.59946
vt 0.95487 0.72320
vt 0.95490 0.53966
vt 0.95486 0.89317
vt 0.55723 0.97307
vt 0.68599 0.93153
vt 0.95486 0.89317
vt 0.68599 0.93153
vt 0.55701 0.87537
vt 0.66592 0.10831
vt 0.95487 0.20579
vt 0.95492 0.08984
vt 0.95487 0.20579
vt 0.66592 0.10831
vt 0.01184 0.13397
vt 0.95483 0.01589
vt 0.95488 0.01595
vt 0.02419 0.00000
vt 0.95489 0.95108
vt 0.68599 0.93163
vt 0.55696 0.97312
vt 0.95490 0.53966
vt 0.95485 0.28358
vt 0.55716 0.40407
vt 0.95486 0.70848
vt 0.55727 0.59929
vt 0.95487 0.45684
vt 0.95488 0.01595
vt 0.66598 0.04440
vt 0.02419 0.00000
vt 0.66598 0.04440
vt 0.95488 0.01595
vt 0.95493 0.06868
vt 0.95486 0.21222
vt 0.55724 0.12787
vt 0.95493 0.06868
vt 0.95440 0.52168
vt 0.95484 0.59668
vt 0.96438 0.57951
vt 0.95484 0.59668
vt 0.95484 0.70792
vt 0.95338 0.70208
vt 0.95484 0.59668
vt 0.95338 0.70208
vt 0.96438 0.57951
vt 0.95484 0.30213
vt 0.95484 0.40706
vt 0.96580 0.42543
vt 0.95484 0.40706
vt 0.95484 0.47582
vt 0.95440 0.52168
vt 0.95484 0.40706
vt 0.95440 0.52168
vt 0.96580 0.42543
vt 0.95329 0.30123
vt 0.95484 0.31204
vt 0.96437 0.35208
vt 0.95492 0.08984
vt 0.95483 0.01589
vt 0.55719 0.03028
vt 0.95485 0.43888
vt 0.95329 0.30123
vt 0.96438 0.42382
vt 0.95484 0.31204
vt 0.95484 0.26962
vt 0.95727 0.32293
vt 0.95484 0.31204
vt 0.95727 0.32293
vt 0.96437 0.35208
vt 0.95487 0.45684
vt 0.55727 0.59929
vt 0.66603 0.43782
vt 0.95484 0.30213
vt 0.96580 0.42543
vt 0.95727 0.32293
vt 0.95329 0.30123
vt 0.95484 0.29543
vt 0.95485 0.20127
vt 0.95329 0.30123
vt 0.95485 0.20127
vt 0.95485 0.13948
vt 0.95490 0.53966
vt 0.68599 0.50177
vt 0.55693 0.59946
vt 0.95486 0.89317
vt 0.95488 0.99532
vt 0.55723 0.97307
vt 0.95492 0.08984
vt 0.55719 0.03028
vt 0.66592 0.10831
vt 0.95483 0.01589
vt 0.95492 0.08984
vt 0.95484 0.17554
vt 0.95483 0.01589
vt 0.95484 0.17554
vt 0.95485 0.07507
vt 0.95492 0.08984
vt 0.95487 0.20579
vt 0.95484 0.23478
vt 0.95492 0.08984
vt 0.95484 0.23478
vt 0.95485 0.20482
vt 0.95440 0.52168
vt 0.95484 0.47582
vt 0.95485 0.43273
vt 0.95440 0.52168
vt 0.95485 0.43273
vt 0.95485 0.56702
vt 0.95485 0.20482
vt 0.95484 0.30213
vt 0.95484 0.26962
vt 0.95485 0.20482
vt 0.95484 0.26962
vt 0.95484 0.17554
vt 0.95338 0.70208
vt 0.95484 0.70792
vt 0.95485 0.81131
vt 0.95488 0.01595
vt 0.95483 0.01589
vt 0.95485 0.07507
vt 0.95484 0.66453
vt 0.95484 0.59627
vt 0.96580 0.57792
vt 0.95484 0.66453
vt 0.96580 0.57792
vt 0.95570 0.69399
vt 0.95484 0.59627
vt 0.95349 0.52634
vt 0.96580 0.57792
vt 0.95338 0.70208
vt 0.95484 0.69129
vt 0.96407 0.65142
vt 0.95484 0.69129
vt 0.95570 0.69399
vt 0.96407 0.65142
vt 0.95485 0.43888
vt 0.96438 0.42382
vt 0.95349 0.52634
vt 0.95485 0.43888
vt 0.95484 0.29543
vt 0.95329 0.30123
vt 0.95338 0.70208
vt 0.95485 0.81131
vt 0.95485 0.86384
vt 0.95484 0.73275
vt 0.95570 0.69399
vt 0.95485 0.87104
vt 0.95484 0.73275
vt 0.95485 0.87104
vt 0.95484 0.79851
vt 0.55696 0.97312
vt 0.00000 0.87618
vt 0.01462 0.97860
vt 0.00000 0.87618
vt 0.54453 0.87187
vt 0.55725 0.87546
vt 0.00302 0.54654
vt 0.00302 0.52822
vt 0.95440 0.52168
vt 0.00302 0.54654
vt 0.95440 0.52168
vt 0.95485 0.56702
vt 0.00302 0.52822
vt 0.00302 0.54654
vt 0.95440 0.52168
vt 0.95440 0.52168
vt 0.00302 0.54654
vt 0.00302 0.62181
vt 0.95440 0.52168
vt 0.00302 0.62181
vt 0.95484 0.59668
vt 0.95484 0.59668
vt 0.00302 0.62181
vt 0.95484 0.70792
vt 0.95485 0.81131
vt 0.00143 0.76596
vt 0.95487 0.72320
vt 0.95487 0.72320
vt 0.00143 0.76596
vt 0.00302 0.63548
vt 0.95487 0.72320
vt 0.00302 0.63548
vt 0.95485 0.56702
vt 0.95485 0.56702
vt 0.00302 0.63548
vt 0.00302 0.54654
vt 0.95484 0.26962
vt 0.00302 0.31282
vt 0.00302 0.18607
vt 0.00301 0.79860
vt 0.95485 0.81131
vt 0.95484 0.70792
vt 0.00301 0.79860
vt 0.95484 0.70792
vt 0.00302 0.73331
vt 0.95485 0.81131
vt 0.00301 0.79860
vt 0.00143 0.76596
vt 0.00301 0.17549
vt 0.95329 0.30123
vt 0.95485 0.13948
vt 0.00301 0.17549
vt 0.00302 0.29394
vt 0.95329 0.30123
vt 0.95329 0.30123
vt 0.00302 0.29394
vt 0.00302 0.31282
vt 0.95329 0.30123
vt 0.00302 0.31282
vt 0.95484 0.31204
vt 0.95486 0.89317
vt 0.95484 0.76858
vt 0.95484 0.79851
vt 0.95486 0.89317
vt 0.95486 0.70848
vt 0.95484 0.76858
vt 0.95486 0.70848
vt 0.95485 0.62771
vt 0.95484 0.76858
vt 0.95486 0.70848
vt 0.95487 0.45684
vt 0.95485 0.62771
vt 0.95487 0.45684
vt 0.95484 0.48806
vt 0.95485 0.62771
vt 0.95487 0.45684
vt 0.95484 0.40668
vt 0.95484 0.48806
vt 0.95485 0.20482
vt 0.95484 0.17554
vt 0.95492 0.08984
vt 0.95487 0.45684
vt 0.95484 0.30897
vt 0.95484 0.40668
vt 0.95487 0.45684
vt 0.95486 0.21222
vt 0.95484 0.30897
vt 0.95486 0.21222
vt 0.95484 0.22012
vt 0.95484 0.30897
vt 0.95486 0.21222
vt 0.95493 0.06868
vt 0.95485 0.20127
vt 0.95486 0.21222
vt 0.95485 0.20127
vt 0.95484 0.22012
vt 0.95484 0.73275
vt 0.95484 0.66453
vt 0.95570 0.69399
vt 0.95484 0.48806
vt 0.95485 0.43888
vt 0.95349 0.52634
vt 0.95484 0.30213
vt 0.95727 0.32293
vt 0.95484 0.26962
f 1147/6148 1145/6149 1182/6150
f 1149/6151 1159/6152 1193/6153
f 1159/6154 1141/6155 1198/6156
f 1161/6157 1150/6158 1197/6159
f 1150/6160 1149/6161 1193/6162
f 1155/6163 1152/6164 1196/6165
f 1152/6166 1161/6167 1189/6168
f 1205/6169 1167/6170 1164/6171
f 1145/6172 1200/6173 1182/6174
f 1164/6175 1153/6176 1205/6177
f 1198/6178 1193/6179 1159/6180
f 1197/6181 1189/6182 1161/6183
f 1154/6184 1137/6185 1093/6186
f 1143/6187 1123/6188 1117/6189
f 1143/6190 1117/6191 1210/6192
f 1131/6193 1116/6194 1132/6195
f 1156/6196 1140/6197 1069/6198
f 1156/6199 1069/6200 1209/6201
f 1136/6202 1207/6203 1093/6204
f 1136/6205 1093/6206 1072/6207
f 1153/6208 1071/6209 1073/6210
f 1153/6211 1073/6212 1205/6213
f 1154/6214 1093/6215 1207/6216
f 1131/6217 1206/6218 1116/6219
f 1067/6220 1194/6221 1191/6222
f 1151/6223 1134/6224 1116/6225
f 1151/6226 1116/6227 1206/6228
f 1194/6229 1070/6230 1153/6231
f 1153/6232 1070/6233 1071/6234
f 1110/6235 1211/6236 1146/6237
f 1110/6238 1146/6239 1128/6240
f 1067/6241 1191/6242 1169/6243
f 1118/6244 1208/6245 1115/6246
f 1194/6247 1067/6248 1070/6249
f 1115/6250 1148/6251 1129/6252
f 1125/6253 1211/6254 1110/6255
f 1125/6256 1110/6257 1126/6258
f 1121/6259 1210/6260 1117/6261
f 1121/6262 1117/6263 1122/6264
f 1138/6265 1209/6266 1069/6267
f 1138/6268 1069/6269 1139/6270
f 1138/6271 1156/6272 1209/6273
f 1184/6274 1108/6275 1179/6276
f 1136/6277 1154/6278 1207/6279
f 1121/6280 1143/6281 1210/6282
f 1131/6283 1162/6284 1206/6285
f 1162/6286 1151/6287 1206/6288
f 1125/6289 1163/6290 1211/6291
f 1163/6292 1146/6293 1211/6294
f 1218/6295 1083/6296 1109/6297
f 1118/6298 1160/6299 1208/6300
f 1160/6301 1148/6302 1208/6303
f 1202/6304 1097/6305 1176/6306
f 1078/6307 1192/6308 1198/6309
f 1078/6310 1084/6311 1192/6312
f 1192/6313 1084/6314 1083/6315
f 1192/6316 1083/6317 1186/6318
f 1186/6319 1083/6320 1218/6321
f 1147/6322 1112/6323 1141/6324
f 1141/6325 1112/6326 1113/6327
f 1141/6328 1113/6329 1198/6330
f 1198/6331 1113/6332 1078/6333
f 1179/6334 1108/6335 1101/6336
f 1111/6337 1182/6338 1218/6339
f 1111/6340 1218/6341 1109/6342
f 1182/6343 1111/6344 1112/6345
f 1182/6346 1112/6347 1147/6348
f 1107/6349 1181/6350 1200/6351
f 1107/6352 1114/6353 1183/6354
f 1107/6355 1183/6356 1181/6357
f 1183/6358 1114/6359 1108/6360
f 1183/6361 1108/6362 1184/6363
f 1189/6364 1088/6365 1089/6366
f 1189/6367 1089/6368 1152/6369
f 1201/6370 1104/6371 1199/6372
f 1199/6373 1104/6374 1105/6375
f 1199/6376 1105/6377 1106/6378
f 1199/6379 1106/6380 1200/6381
f 1200/6382 1106/6383 1107/6384
f 1103/6385 1176/6386 1179/6387
f 1103/6388 1179/6389 1101/6390
f 1103/6391 1201/6392 1176/6393
f 1201/6394 1103/6395 1104/6396
f 1097/6397 1102/6398 1176/6399
f 1102/6400 1177/6401 1176/6402
f 1177/6403 1102/6404 1098/6405
f 1177/6406 1098/6407 1100/6408
f 1177/6409 1100/6410 1180/6411
f 1204/6412 1095/6413 1203/6414
f 1203/6415 1095/6416 1096/6417
f 1203/6418 1096/6419 1097/6420
f 1203/6421 1097/6422 1202/6423
f 1139/6424 1089/6425 1133/6426
f 1133/6427 1089/6428 1134/6429
f 1236/6430 1171/6431 1212/6432
f 1127/6433 1112/6434 1128/6435
f 1168/6436 1074/6437 1169/6438
f 1175/6439 1075/6440 1087/6441
f 1094/6442 1167/6443 1180/6444
f 1094/6445 1180/6446 1100/6447
f 1167/6448 1094/6449 1095/6450
f 1167/6451 1095/6452 1204/6453
f 1091/6454 1068/6455 1190/6456
f 1091/6457 1190/6458 1195/6459
f 1068/6460 1076/6461 1190/6462
f 1190/6463 1076/6464 1075/6465
f 1190/6466 1075/6467 1173/6468
f 1173/6469 1075/6470 1175/6471
f 1152/6472 1089/6473 1196/6474
f 1196/6475 1089/6476 1090/6477
f 1196/6478 1090/6479 1091/6480
f 1196/6481 1091/6482 1195/6483
f 1172/6484 1085/6485 1077/6486
f 1087/6487 1189/6488 1175/6489
f 1087/6490 1088/6491 1189/6492
f 1234/6493 1185/6494 1220/6495
f 1214/6496 1213/6497 1221/6498
f 1218/6499 1185/6500 1234/6501
f 1185/6502 1179/6503 1239/6504
f 1135/6505 1070/6506 1140/6507
f 1130/6508 1132/6509 1080/6510
f 1119/6511 1112/6512 1127/6513
f 1130/6514 1080/6515 1129/6516
f 1124/6517 1126/6518 1104/6519
f 1120/6520 1122/6521 1095/6522
f 1124/6523 1104/6524 1123/6525
f 1135/6526 1072/6527 1070/6528
f 1217/6529 1187/6530 1219/6531
f 1120/6532 1095/6533 1137/6534
f 1179/6535 1178/6536 1239/6537
f 1178/6538 1166/6539 1214/6540
f 1188/6541 1171/6542 1236/6543
f 1171/6544 1192/6545 1217/6546
f 1192/6547 1187/6548 1217/6549
f 1166/6550 1213/6551 1214/6552
f 1215/6553 1174/6554 1216/6555
f 1212/6556 1219/6557 1230/6558
f 1212/6559 1230/6560 1221/6561
f 1227/6562 1228/6563 1174/6564
f 1216/6565 1174/6566 1228/6567
f 1171/6568 1217/6569 1223/6570
f 1213/6571 1215/6572 1225/6573
f 1213/6574 1225/6575 1221/6576
f 1178/6577 1214/6578 1226/6579
f 1178/6580 1226/6581 1222/6582
f 1072/6583 1093/6584 1073/6585
f 1074/6586 1075/6587 1076/6588
f 1067/6589 1068/6590 1091/6591
f 1069/6592 1140/6593 1067/6594
f 1067/6595 1140/6596 1070/6597
f 1071/6598 1072/6599 1073/6600
f 1074/6601 1076/6602 1068/6603
f 1074/6604 1068/6605 1067/6606
f 1088/6607 1134/6608 1089/6609
f 1070/6610 1072/6611 1071/6612
f 1116/6613 1082/6614 1081/6615
f 1085/6616 1083/6617 1084/6618
f 1171/6619 1223/6620 1212/6621
f 1185/6622 1239/6623 1224/6624
f 1185/6625 1224/6626 1220/6627
f 1077/6628 1078/6629 1079/6630
f 1079/6631 1129/6632 1080/6633
f 1174/6634 1188/6635 1227/6636
f 1239/6637 1178/6638 1222/6639
f 1239/6640 1222/6641 1230/6642
f 1218/6643 1229/6644 1219/6645
f 1218/6646 1219/6647 1187/6648
f 1212/6649 1221/6650 1228/6651
f 1212/6652 1228/6653 1227/6654
f 1096/6655 1122/6656 1097/6657
f 1122/6658 1117/6659 1097/6660
f 1075/6661 1092/6662 1086/6663
f 1075/6664 1086/6665 1087/6666
f 1093/6667 1137/6668 1094/6669
f 1090/6670 1089/6671 1139/6672
f 1095/6673 1122/6674 1096/6675
f 1085/6676 1084/6677 1078/6678
f 1085/6679 1078/6680 1077/6681
f 1087/6682 1086/6683 1082/6684
f 1220/6685 1230/6686 1219/6687
f 1100/6688 1073/6689 1094/6690
f 1080/6691 1132/6692 1081/6693
f 1081/6694 1132/6695 1116/6696
f 1090/6697 1139/6698 1091/6699
f 1139/6700 1069/6701 1091/6702
f 1075/6703 1085/6704 1092/6705
f 1214/6706 1221/6707 1241/6708
f 1238/6709 1237/6710 1227/6711
f 1105/6712 1126/6713 1106/6714
f 1126/6715 1110/6716 1107/6717
f 1098/6718 1074/6719 1099/6720
f 1098/6721 1099/6722 1100/6723
f 1100/6724 1099/6725 1073/6726
f 1101/6727 1102/6728 1097/6729
f 1101/6730 1097/6731 1103/6732
f 1094/6733 1137/6734 1095/6735
f 1104/6736 1126/6737 1105/6738
f 1230/6739 1220/6740 1242/6741
f 1224/6742 1240/6743 1220/6744
f 1224/6745 1239/6746 1240/6747
f 1215/6748 1216/6749 1235/6750
f 1230/6751 1222/6752 1226/6753
f 1230/6754 1226/6755 1241/6756
f 1239/6757 1242/6758 1240/6759
f 1214/6760 1241/6761 1226/6762
f 1212/6763 1232/6764 1231/6765
f 1234/6766 1233/6767 1229/6768
f 1221/6769 1235/6770 1228/6771
f 1236/6772 1237/6773 1238/6774
f 1109/6775 1107/6776 1111/6777
f 1103/6778 1123/6779 1104/6780
f 1216/6781 1228/6782 1235/6783
f 1236/6784 1212/6785 1237/6786
f 1108/6787 1102/6788 1101/6789
f 1217/6790 1219/6791 1231/6792
f 1217/6793 1231/6794 1232/6795
f 1234/6796 1220/6797 1233/6798
f 1230/6799 1242/6800 1239/6801
f 1240/6802 1242/6803 1220/6804
f 1219/6805 1229/6806 1233/6807
f 1219/6808 1212/6809 1231/6810
f 1223/6811 1232/6812 1212/6813
f 1223/6814 1217/6815 1232/6816
f 1075/6817 1098/6818 1083/6819
f 1075/6820 1083/6821 1085/6822
f 1083/6823 1098/6824 1108/6825
f 1115/6826 1078/6827 1113/6828
f 1083/6829 1108/6830 1114/6831
f 1083/6832 1114/6833 1107/6834
f 1083/6835 1107/6836 1109/6837
f 1115/6838 1079/6839 1078/6840
f 1107/6841 1110/6842 1111/6843
f 1111/6844 1128/6845 1112/6846
f 1112/6847 1119/6848 1113/6849
f 1113/6850 1119/6851 1115/6852
f 1126/6853 1107/6854 1106/6855
f 1108/6856 1098/6857 1102/6858
f 1117/6859 1123/6860 1103/6861
f 1116/6862 1134/6863 1088/6864
f 1116/6865 1088/6866 1087/6867
f 1117/6868 1103/6869 1097/6870
f 1236/6871 1238/6872 1227/6873
f 1236/6874 1227/6875 1188/6876
f 1091/6877 1069/6878 1067/6879
f 1073/6880 1093/6881 1094/6882
f 1225/6883 1235/6884 1221/6885
f 1225/6886 1215/6887 1235/6888
f 1212/6889 1227/6890 1237/6891
f 1220/6892 1219/6893 1233/6894
f 1229/6895 1218/6896 1234/6897
f 1221/6898 1230/6899 1241/6900
f 1130/6901 1131/6902 1132/6903
f 1124/6904 1125/6905 1126/6906
f 1120/6907 1121/6908 1122/6909
f 1110/6910 1128/6911 1111/6912
f 1115/6913 1129/6914 1079/6915
f 1146/6916 1147/6917 1127/6918
f 1146/6919 1127/6920 1128/6921
f 1098/6922 1075/6923 1074/6924
f 1082/6925 1116/6926 1087/6927
f 1143/6928 1144/6929 1124/6930
f 1143/6931 1124/6932 1123/6933
f 1156/6934 1157/6935 1135/6936
f 1156/6937 1135/6938 1140/6939
f 1145/6940 1125/6941 1124/6942
f 1154/6943 1142/6944 1120/6945
f 1154/6946 1120/6947 1137/6948
f 1158/6949 1121/6950 1120/6951
f 1151/6952 1152/6953 1133/6954
f 1151/6955 1133/6956 1134/6957
f 1141/6958 1119/6959 1127/6960
f 1135/6961 1136/6962 1072/6963
f 1148/6964 1149/6965 1130/6966
f 1148/6967 1130/6968 1129/6969
f 1150/6970 1131/6971 1130/6972
f 1152/6973 1155/6974 1133/6975
f 1118/6976 1141/6977 1159/6978
f 1149/6979 1150/6980 1130/6981
f 1155/6982 1139/6983 1133/6984
f 1144/6985 1145/6986 1124/6987
f 1147/6988 1141/6989 1127/6990
f 1141/6991 1118/6992 1119/6993
f 1142/6994 1158/6995 1120/6996
f 1159/6997 1149/6998 1148/6999
f 1159/7000 1148/7001 1160/7002
f 1164/7003 1154/7004 1136/7005
f 1161/7006 1151/7007 1162/7008
f 1131/7009 1150/7010 1161/7011
f 1145/7012 1146/7013 1163/7014
f 1145/7015 1163/7016 1125/7017
f 1138/7018 1155/7019 1165/7020
f 1155/7021 1138/7022 1139/7023
f 1157/7024 1153/7025 1135/7026
f 1159/7027 1160/7028 1118/7029
f 1161/7030 1152/7031 1151/7032
f 1144/7033 1143/7034 1158/7035
f 1153/7036 1136/7037 1135/7038
f 1136/7039 1153/7040 1164/7041
f 1142/7042 1154/7043 1164/7044
f 1188/7045 1170/7046 1171/7047
f 1170/7048 1172/7049 1192/7050
f 1170/7051 1192/7052 1171/7053
f 1190/7054 1173/7055 1174/7056
f 1173/7057 1175/7058 1188/7059
f 1173/7060 1188/7061 1174/7062
f 1166/7063 1168/7064 1213/7065
f 1165/7066 1157/7067 1156/7068
f 1177/7069 1166/7070 1178/7071
f 1168/7072 1169/7073 1215/7074
f 1168/7075 1215/7076 1213/7077
f 1158/7078 1143/7079 1121/7080
f 1190/7081 1174/7082 1215/7083
f 1166/7084 1180/7085 1167/7086
f 1166/7087 1167/7088 1205/7089
f 1161/7090 1162/7091 1131/7092
f 1145/7093 1147/7094 1146/7095
f 1165/7096 1156/7097 1138/7098
f 1157/7099 1165/7100 1191/7101
f 1157/7102 1191/7103 1194/7104
f 1165/7105 1155/7106 1196/7107
f 1165/7108 1196/7109 1195/7110
f 1188/7111 1175/7112 1189/7113
f 1188/7114 1189/7115 1197/7116
f 1195/7117 1190/7118 1169/7119
f 1195/7120 1169/7121 1191/7122
f 1192/7123 1172/7124 1193/7125
f 1153/7126 1157/7127 1194/7128
f 1183/7129 1184/7130 1185/7131
f 1183/7132 1185/7133 1218/7134
f 1184/7135 1179/7136 1185/7137
f 1192/7138 1186/7139 1187/7140
f 1186/7141 1218/7142 1187/7143
f 1177/7144 1178/7145 1179/7146
f 1177/7147 1180/7148 1166/7149
f 1192/7150 1193/7151 1198/7152
f 1181/7153 1218/7154 1182/7155
f 1181/7156 1182/7157 1200/7158
f 1118/7159 1115/7160 1119/7161
f 1115/7162 1208/7163 1148/7164
f 1082/7165 1086/7166 1188/7167
f 1082/7168 1188/7169 1197/7170
f 1086/7171 1092/7172 1188/7173
f 1188/7174 1092/7175 1085/7176
f 1188/7177 1085/7178 1170/7179
f 1170/7180 1085/7181 1172/7182
f 1193/7183 1080/7184 1150/7185
f 1150/7186 1080/7187 1081/7188
f 1150/7189 1081/7190 1197/7191
f 1197/7192 1081/7193 1082/7194
f 1169/7195 1074/7196 1067/7197
f 1079/7198 1193/7199 1172/7200
f 1079/7201 1172/7202 1077/7203
f 1193/7204 1079/7205 1080/7206
f 1073/7207 1166/7208 1205/7209
f 1073/7210 1099/7211 1166/7212
f 1166/7213 1099/7214 1074/7215
f 1166/7216 1074/7217 1168/7218
f 1145/7219 1199/7220 1200/7221
f 1145/7222 1144/7223 1199/7224
f 1144/7225 1201/7226 1199/7227
f 1144/7228 1158/7229 1201/7230
f 1158/7231 1176/7232 1201/7233
f 1158/7234 1202/7235 1176/7236
f 1195/7237 1191/7238 1165/7239
f 1158/7240 1203/7241 1202/7242
f 1158/7243 1142/7244 1203/7245
f 1142/7246 1204/7247 1203/7248
f 1142/7249 1164/7250 1167/7251
f 1142/7252 1167/7253 1204/7254
f 1181/7255 1183/7256 1218/7257
f 1176/7258 1177/7259 1179/7260
f 1190/7261 1215/7262 1169/7263
