# Rifle_M4A1 — Pink Panic Stage 1
# muzzle -Z, up +Y, right +X, origin at the grip
mtllib pinkpanic.mtl
o Body
g Body
usemtl BodyPink
v -0.07881 0.16524 -0.85245
v -0.08957 0.17057 -1.21435
v -0.07881 0.16524 -1.21435
v -0.08957 0.17057 -0.85245
v -0.10017 0.16498 -1.21435
v -0.10017 0.16498 -0.85245
v -0.10000 0.15405 -1.21435
v -0.08923 0.14872 -0.85245
v -0.08923 0.14872 -1.21435
v -0.07864 0.15431 -1.21435
v -0.07864 0.15431 -0.85245
v -0.10000 0.15405 -0.85245
v -0.16551 0.20406 -0.48942
v -0.15209 0.16696 -0.52418
v -0.12914 0.14798 -0.45219
v -0.10841 0.18393 -0.46322
v -0.17713 0.14849 -0.47973
v -0.17713 0.23499 -0.47973
v -0.20670 0.18945 -0.47775
v -0.12953 0.23429 -0.44817
v -0.09094 0.13028 -1.03258
v -0.08486 0.08201 -1.03483
v -0.07720 0.08874 -1.02060
v -0.08350 0.08416 -0.88054
v -0.08251 0.15280 -1.19412
v -0.07879 0.09883 -1.19412
v -0.09377 0.15144 -0.88552
v -0.08038 0.08104 -1.17228
v -0.08554 0.09801 -1.06929
v -0.08251 0.15280 -1.05133
v -0.09377 0.15144 -1.06929
v -0.08291 0.09859 -0.88552
v -0.09377 0.15144 -1.18603
v -0.08554 0.09801 -1.18199
v -0.07178 0.08315 -0.88357
v -0.09377 0.15144 -0.99719
v -0.09114 0.15202 -0.99719
v -0.09114 0.15202 -1.18199
v -0.08291 0.09859 -1.06929
v -0.08291 0.09859 -1.18199
v -0.08511 0.09811 -0.99719
v -0.09114 0.15202 -1.06929
v -0.09114 0.15202 -0.88552
v -0.07604 0.14982 -1.19476
v -0.08940 0.15965 -1.06795
v -0.10277 0.16947 -1.19476
v -0.07647 0.16221 -0.87161
v -0.08940 0.15965 -0.99843
v -0.10630 0.15735 -0.87161
v -0.08439 0.15257 -0.87251
v -0.04943 0.30703 -0.68925
v -0.04681 0.33945 -0.78914
v -0.04832 0.29559 -0.79969
v -0.09698 0.18717 -0.50373
v 0.00883 0.17353 -0.72136
v -0.13225 0.22585 -0.51682
v -0.02119 0.23275 -0.73250
v -0.06511 0.17166 -0.74881
v -0.05358 0.22417 -1.18479
v -0.04198 0.16412 -1.15564
v -0.05111 0.22936 -0.91323
v -0.04286 0.20037 -1.18477
v -0.06056 0.16387 -0.91323
v -0.04198 0.16412 -0.91323
v -0.07496 0.19111 -1.19369
v 0.03484 0.12416 -0.45296
v -0.05633 0.14081 -0.86402
v -0.08014 0.19174 -0.85781
v -0.03935 0.25842 -0.45296
v -0.03208 0.27267 -0.86029
v 0.08134 0.21603 -0.45296
v 0.05862 0.14081 -1.20394
v 0.08278 0.17579 -1.25794
v 0.00114 0.11971 -1.25794
v -0.09190 0.18345 -1.20834
v -0.07292 0.16676 -1.25794
v -0.03401 0.26338 -1.25794
v -0.06320 0.23158 -1.19315
v -0.02697 0.27162 -1.21085
v -0.04196 0.13554 -1.20117
v 0.05862 0.24267 -1.25794
v -0.09685 0.14177 -1.20164
v -0.10905 0.14990 -0.86402
v -0.07069 0.15907 -0.45296
v -0.01003 0.20707 -1.25794
v -0.05005 0.23164 -1.17328
v -0.06138 0.16275 -1.18399
v -0.05017 0.23137 -0.89468
v -0.05940 0.22275 -0.87924
v -0.07263 0.17624 -0.87621
v 0.00362 0.24613 -0.76635
v -0.03576 0.18078 -0.76488
v 0.00095 0.24828 -0.87569
v -0.03900 0.18162 -0.87873
v -0.08586 0.28150 -0.80454
v -0.11743 0.22408 -0.80431
v -0.14720 0.19178 -1.37053
v -0.11922 0.14770 -1.38292
v -0.11879 0.14770 -1.38292
v -0.11922 0.23585 -1.38292
v -0.11922 0.23585 -1.35814
v -0.11879 0.23585 -1.35814
v -0.11922 0.14770 -1.35814
v -0.11879 0.23585 -1.38292
v -0.11879 0.14770 -1.35814
v -0.14720 0.19178 -1.42110
v -0.11922 0.14770 -1.43342
v -0.11879 0.14770 -1.43342
v -0.11922 0.23585 -1.43342
v -0.11922 0.23585 -1.40879
v -0.11879 0.23585 -1.40879
v -0.11922 0.14770 -1.40879
v -0.11879 0.23585 -1.43342
v -0.11879 0.14770 -1.40879
v -0.14720 0.19178 -1.47161
v -0.11922 0.14770 -1.48393
v -0.11879 0.14770 -1.48393
v -0.11922 0.23585 -1.48393
v -0.11922 0.23585 -1.45929
v -0.11879 0.23585 -1.45929
v -0.11922 0.14770 -1.45929
v -0.11879 0.23585 -1.48393
v -0.11879 0.14770 -1.45929
v -0.14720 0.19178 -1.52211
v -0.11922 0.14770 -1.53443
v -0.11879 0.14770 -1.53443
v -0.11922 0.23585 -1.53443
v -0.11922 0.23585 -1.50979
v -0.11879 0.23585 -1.50979
v -0.11922 0.14770 -1.50979
v -0.11879 0.23585 -1.53443
v -0.11879 0.14770 -1.50979
v -0.14720 0.19178 -1.57262
v -0.11922 0.14770 -1.58493
v -0.11879 0.14770 -1.58493
v -0.11922 0.23585 -1.58493
v -0.11922 0.23585 -1.56030
v -0.11879 0.23585 -1.56030
v -0.11922 0.14770 -1.56030
v -0.11879 0.23585 -1.58493
v -0.11879 0.14770 -1.56030
v -0.14720 0.19178 -1.62312
v -0.11922 0.14770 -1.63544
v -0.11879 0.14770 -1.63544
v -0.11922 0.23585 -1.63544
v -0.11922 0.23585 -1.61080
v -0.11879 0.23585 -1.61080
v -0.11922 0.14770 -1.61080
v -0.11879 0.23585 -1.63544
v -0.11879 0.14770 -1.61080
v -0.11922 0.14770 -1.68594
v -0.11879 0.14770 -1.68594
v -0.11922 0.23585 -1.68594
v -0.11922 0.23585 -1.66131
v -0.11879 0.23585 -1.66131
v -0.11922 0.14770 -1.66131
v -0.11879 0.23585 -1.68594
v -0.11879 0.14770 -1.66131
v -0.14720 0.19178 -1.67362
v -0.14720 0.19178 -1.72413
v -0.11922 0.14770 -1.73645
v -0.11879 0.14770 -1.73645
v -0.11922 0.23585 -1.73645
v -0.11922 0.23585 -1.71181
v -0.11879 0.23585 -1.71181
v -0.11922 0.14770 -1.71181
v -0.11879 0.23585 -1.73645
v -0.11879 0.14770 -1.71181
v -0.11922 0.14770 -1.78695
v -0.11879 0.14770 -1.78695
v -0.11922 0.23585 -1.78695
v -0.11922 0.23585 -1.76231
v -0.11879 0.23585 -1.76231
v -0.11922 0.14770 -1.76231
v -0.11879 0.23585 -1.78695
v -0.11879 0.14770 -1.76231
v -0.14720 0.19178 -1.77463
v -0.14720 0.19178 -1.82513
v -0.11922 0.14770 -1.83745
v -0.11879 0.14770 -1.83745
v -0.11922 0.23585 -1.83745
v -0.11922 0.23585 -1.81282
v -0.11879 0.23585 -1.81282
v -0.11922 0.14770 -1.81282
v -0.11879 0.23585 -1.83745
v -0.11879 0.14770 -1.81282
v -0.14720 0.19178 -1.87564
v -0.11922 0.14770 -1.88796
v -0.11879 0.14770 -1.88796
v -0.11922 0.23585 -1.88796
v -0.11922 0.23585 -1.86332
v -0.11879 0.23585 -1.86332
v -0.11922 0.14770 -1.86332
v -0.11879 0.23585 -1.88796
v -0.11879 0.14770 -1.86332
v -0.04286 0.20037 -0.88410
v -0.02542 0.40538 -0.75681
v -0.02542 0.35141 -0.74481
v 0.03958 0.25464 -1.46569
v -0.00428 0.30675 -1.46569
v -0.04207 0.47446 -0.60003
v 0.05086 0.08480 -1.46569
v 0.07283 0.28710 -0.50719
v 0.02019 0.46990 -0.63557
v -0.08015 0.22446 -1.46569
v -0.03303 0.28334 -1.46569
v -0.04857 0.08480 -1.46569
v -0.03303 0.28334 -1.39355
v -0.03255 0.08480 -1.46569
v -0.04423 0.27661 -1.44249
v -0.04423 0.27661 -1.46569
v 0.03316 0.30144 -0.59882
v 0.08243 0.22446 -1.46569
v -0.06857 0.15426 -1.46216
v -0.07069 0.15401 -1.46569
v -0.12151 0.19164 -1.28132
v 0.04849 0.31202 -1.25800
v 0.05865 0.00601 -0.93675
v 0.05865 -0.00549 -0.88014
v -0.03861 0.20562 -1.20648
v -0.04787 0.08179 -1.42728
v -0.04860 0.08487 -1.46569
v 0.03630 0.31949 -1.16709
v 0.03630 0.31949 -1.14858
v 0.05016 0.30839 -1.20373
v 0.03630 0.31949 -1.13045
v 0.03630 0.31949 -1.18522
v 0.05865 -0.00921 -0.74789
v 0.04652 0.27661 -1.44249
v 0.04652 0.27661 -1.46569
v 0.03630 0.31949 -1.09380
v 0.03630 0.31949 -1.07530
v 0.03630 0.31949 -1.05716
v 0.03630 0.31949 -1.11194
v 0.03630 0.31949 -1.02052
v 0.03630 0.31949 -1.00201
v 0.03630 0.31949 -1.03865
v 0.05813 -0.00948 -0.58484
v 0.03531 0.28334 -1.46569
v 0.03630 0.31949 -0.94723
v 0.03630 0.31949 -0.87395
v 0.03630 0.31949 -0.92873
v 0.03630 0.31949 -0.98387
v 0.03630 0.31949 -0.96537
v 0.03630 0.31949 -0.91059
v 0.03630 0.31949 -0.89208
v -0.04751 0.31049 -1.40879
v 0.03531 0.28334 -1.39355
v -0.03729 0.25465 -1.46569
v 0.03630 0.31949 -0.85544
v 0.03630 0.31949 -0.80066
v 0.03630 0.31949 -0.78215
v 0.03630 0.31949 -0.72738
v 0.03630 0.31949 -0.83730
v 0.03630 0.31949 -0.81880
v 0.03630 0.31949 -0.76402
v 0.03630 0.31949 -0.74551
v 0.05865 0.13468 -0.87666
v 0.05865 0.13468 -0.85024
v 0.05865 0.13468 -0.79143
v 0.05274 0.24472 -1.41588
v -0.04632 0.31419 -1.38292
v -0.04751 0.31049 -1.35814
v 0.03630 0.31949 -0.70887
v 0.00114 0.31949 -0.64237
v 0.03630 0.31949 -0.69073
v 0.05865 0.13468 -0.73261
v 0.05865 0.13468 -0.67379
v 0.05865 0.07714 -0.51877
v -0.04743 0.26215 -1.46569
v 0.12108 0.14770 -1.43342
v 0.12108 0.14770 -1.45929
v -0.04632 0.31419 -1.43342
v 0.00656 0.30675 -1.46569
v 0.12108 0.14770 -1.40879
v -0.04419 0.40347 -0.59268
v 0.05865 0.13468 -0.45297
v 0.12108 0.14770 -1.38292
v 0.12108 0.14770 -1.35814
v 0.07918 0.23686 -1.46569
v 0.03479 0.12127 -1.35815
v -0.02553 0.30596 -0.52999
v -0.04252 0.40326 -0.69428
v 0.12108 0.23585 -1.46569
v 0.12108 0.23585 -1.43342
v 0.12108 0.23585 -1.38292
v 0.12108 0.23585 -1.45929
v 0.12108 0.23585 -1.40879
v 0.06876 0.24320 -1.46569
v 0.08147 0.15858 -1.46569
v 0.08482 0.16039 -1.46569
v 0.12108 0.23585 -1.35814
v 0.08482 0.22330 -1.46569
v 0.08482 0.16039 -1.39355
v -0.07097 0.08961 -1.23852
v -0.07097 0.11182 -1.20967
v 0.08482 0.22330 -1.39355
v -0.07097 0.12569 -1.24333
v 0.04648 0.40347 -0.59268
v 0.06000 0.23617 -1.46569
v 0.04436 0.47446 -0.60003
v -0.03860 0.12746 -1.46569
v 0.04847 0.16763 -1.46569
v 0.10750 0.28710 -0.54197
v 0.04985 0.30656 -1.16709
v 0.04985 0.30656 -1.14858
v 0.04985 0.30656 -1.13045
v 0.04985 0.30656 -1.18522
v -0.02476 0.13706 -1.10601
v 0.04985 0.30656 -1.09380
v 0.04985 0.30656 -1.07530
v 0.04985 0.30656 -1.05716
v 0.04985 0.30656 -1.11194
v 0.04985 0.30656 -1.02052
v 0.04985 0.30656 -1.00201
v 0.04985 0.30656 -1.03865
v 0.04985 0.30656 -0.98387
v 0.04985 0.30656 -0.94723
v 0.04985 0.30656 -0.87395
v 0.04985 0.30656 -0.92873
v 0.04985 0.30656 -0.85544
v 0.04985 0.30656 -0.96537
v 0.04985 0.30656 -0.91059
v 0.04985 0.30656 -0.89208
v -0.03593 0.19517 -1.25016
v 0.04985 0.30656 -0.80066
v 0.04985 0.30656 -0.78215
v 0.04985 0.30656 -0.72738
v 0.04985 0.30656 -0.83730
v 0.04985 0.30656 -0.81880
v 0.04985 0.30656 -0.76402
v 0.04985 0.30656 -0.74551
v 0.04985 0.30656 -0.70887
v 0.04985 0.30656 -0.69073
v 0.05134 0.30924 -0.67139
v -0.03123 0.09747 -1.46569
v 0.04931 0.46538 -0.75312
v -0.04857 0.08480 -1.35815
v -0.03123 0.09747 -1.39355
v 0.04059 0.28595 -0.61425
v -0.08849 0.26720 -0.52103
v -0.02100 0.12033 -1.17753
v 0.06245 0.03665 -0.65946
v 0.10071 0.15664 -1.46569
v -0.07327 0.31612 -0.53527
v 0.00114 0.30675 -1.35815
v 0.06245 0.06384 -0.64061
v 0.06245 0.08078 -0.55925
v 0.06245 0.11935 -0.55411
v 0.06245 0.10452 -0.59008
v -0.04262 0.24845 -1.41778
v -0.05768 0.23620 -1.46569
v -0.05768 0.23620 -1.46480
v 0.04463 0.28511 -1.46569
v -0.09596 0.15531 -1.46569
v -0.06763 0.23056 -1.46568
v 0.04463 0.28511 -1.35815
v -0.03183 0.12006 -1.12815
v 0.01904 0.14077 -1.17904
v -0.06964 0.14111 -1.46026
v -0.06296 0.14277 -1.42013
v -0.06964 0.14111 -1.46569
v -0.05826 -0.03295 -0.97723
v -0.06476 -0.03401 -0.94425
v 0.04237 0.26808 -0.53953
v 0.06008 0.14694 -1.46569
v 0.06008 0.14694 -1.46480
v -0.07065 0.23962 -1.46198
v -0.05493 0.01109 -0.94037
v 0.01819 0.11796 -0.95970
v -0.06360 0.08833 -1.20416
v 0.07015 0.14452 -1.42510
v -0.06331 0.08560 -0.94008
v -0.06250 0.08537 -0.97771
v -0.05493 0.11592 -1.20967
v -0.04442 0.11073 -1.46569
v 0.06618 0.29754 -0.76845
v 0.07249 0.28850 -0.73978
v 0.06022 0.06093 -0.85230
v -0.05692 0.12283 -1.19707
v 0.06063 0.32337 -0.75158
v 0.07025 0.32262 -0.71583
v -0.07919 0.22493 -1.46569
v -0.05826 0.12117 -0.87465
v 0.04410 0.10282 -1.46569
v 0.07094 0.34705 -0.76245
v -0.02406 0.25670 -1.25305
v 0.06905 0.24294 -1.46569
v 0.06905 0.24294 -1.46480
v -0.01645 0.12209 -1.18058
v 0.08799 0.30891 -0.52805
v 0.08300 0.31612 -0.48837
v -0.07225 0.25670 -1.34661
v 0.06389 0.28710 -0.55259
v 0.04432 0.28654 -1.46569
v -0.08585 0.11488 -1.28129
v 0.04471 0.07311 -0.45673
v -0.03569 0.26544 -1.46569
v -0.04301 0.19525 -1.23218
v -0.06428 0.13367 -1.27879
v -0.08585 0.26840 -1.28129
v -0.07259 0.19164 -1.26865
v 0.00485 0.18845 -1.24269
v 0.00485 0.19503 -1.24269
v -0.05598 0.24225 -1.27801
v 0.03997 0.25383 -1.46569
v 0.07920 0.15736 -1.46569
v 0.00485 0.18845 -1.10376
v 0.03310 0.09771 -0.96619
v -0.02326 0.42981 -0.62569
v -0.02169 0.43632 -0.63295
v -0.04560 0.20771 -0.83057
v -0.09053 0.23036 -1.46569
v -0.02973 0.29367 -1.25800
v -0.03150 0.10255 -1.46569
v -0.05779 0.14697 -1.46478
v -0.03112 0.19136 -1.06532
v 0.05123 0.29559 -0.69456
v 0.05123 0.33357 -0.79542
v -0.00410 0.19174 -1.24269
v 0.04990 0.30660 -1.16709
v 0.04990 0.30660 -1.14858
v 0.04990 0.30660 -1.13045
v 0.04990 0.30660 -1.18522
v 0.03424 0.11100 -1.46569
v -0.02973 0.29367 -0.64237
v 0.04515 0.28279 -1.46569
v 0.04990 0.30660 -1.09380
v 0.04990 0.30660 -1.07530
v 0.04990 0.30660 -1.02052
v 0.04990 0.30660 -1.00201
v 0.04990 0.30660 -1.05716
v 0.04990 0.30660 -1.03865
v 0.04990 0.30660 -1.11194
v 0.10058 0.22666 -1.46569
v 0.04990 0.30660 -0.94723
v 0.04990 0.30660 -0.92873
v 0.04990 0.30660 -0.98387
v 0.04990 0.30660 -0.96537
v 0.04990 0.30660 -0.87395
v 0.04990 0.30660 -0.85544
v 0.04990 0.30660 -0.91059
v 0.04990 0.30660 -0.89208
v -0.00410 0.19174 -1.10376
v 0.04990 0.30660 -0.80066
v 0.04990 0.30660 -0.78215
v 0.04990 0.30660 -0.72738
v 0.04990 0.30660 -0.83730
v 0.04990 0.30660 -0.81880
v 0.04990 0.30660 -0.76402
v 0.04990 0.30660 -0.74551
v -0.01711 0.21845 -1.06513
v 0.04990 0.30660 -0.70887
v 0.04990 0.30660 -0.69073
v -0.04762 0.12049 -1.46569
v -0.04762 0.12073 -1.46483
v -0.00998 0.35890 -0.65040
v 0.04971 0.26219 -1.46569
v 0.04971 0.26219 -1.46480
v -0.07717 0.14517 -1.46569
v 0.01239 0.15152 -1.12645
v 0.00395 0.14497 -1.12830
v 0.00861 0.12358 -0.96145
v 0.01829 0.12861 -0.95849
v 0.01829 0.13212 -0.95973
v -0.05783 0.13468 -0.79203
v -0.05783 0.13468 -0.87726
v -0.05783 0.14698 -0.87726
v 0.02957 0.14467 -0.95925
v 0.02191 0.15697 -0.96046
v -0.05783 0.13468 -0.73322
v -0.05783 0.13468 -0.67440
v -0.05783 0.14698 -0.73322
v 0.01154 0.25408 -1.36731
v 0.00887 0.13154 -1.12764
v -0.05750 0.14664 -1.46569
v -0.05783 0.13468 -0.45296
v -0.05783 0.14698 -0.45296
v -0.02493 0.15498 -1.20648
v -0.01117 0.15787 -1.24342
v -0.04515 0.27247 -1.46569
v -0.00833 0.16167 -1.46549
v 0.03418 0.16510 -1.20648
v 0.00114 0.18709 -1.24269
v 0.00744 0.22261 -1.24689
v -0.00134 0.22916 -1.21762
v 0.03167 0.14349 -1.12746
v 0.02243 0.12790 -1.12843
v -0.04899 0.30675 -1.46569
v -0.01943 0.26590 -0.62000
v -0.00882 0.10467 -0.96158
v 0.00114 0.14341 -1.22741
v 0.06937 0.15206 -1.46569
v 0.09308 0.15253 -1.46569
v 0.03627 0.27691 -1.46569
v -0.02708 0.12598 -0.95941
v 0.00114 0.18709 -1.10376
v 0.00294 0.19637 -1.10376
v -0.02961 0.13717 -0.96144
v -0.02810 0.09747 -1.46569
v -0.01857 0.10956 -1.12773
v -0.03306 0.16991 -1.22741
v -0.09579 0.22786 -1.46569
v 0.04053 0.30675 -1.46569
v 0.05825 0.09195 -0.54168
v -0.08341 0.20820 -0.45287
v 0.04999 0.29559 -0.79969
v 0.04999 0.33357 -0.69883
v -0.02231 0.14820 -0.83057
v -0.07952 0.23561 -1.46569
v 0.00114 0.08275 -1.28126
v -0.03341 0.11772 -1.35818
v 0.04413 0.10532 -1.34669
v -0.04817 0.25990 -1.46569
v 0.00114 0.13468 -0.87666
v 0.00114 0.13468 -0.87726
v -0.01511 0.38528 -0.68912
v -0.00007 0.11962 -1.27762
v -0.07285 0.23325 -1.43461
v -0.04298 0.13763 -1.26007
v -0.00452 0.10589 -0.96128
v 0.04696 0.36092 -0.59882
v -0.05463 0.10777 -0.54728
v 0.05825 0.09191 -0.45287
v -0.01300 0.25737 -1.25800
v 0.00872 0.39451 -0.65335
v 0.00114 0.27942 -1.25800
v 0.03045 0.26740 -0.45287
v -0.02502 0.27410 -1.12727
v 0.08227 0.14669 -1.46569
v -0.00134 0.28274 -1.34649
v 0.00114 0.13468 -0.45297
v 0.00114 0.13468 -0.45296
v 0.00114 0.26411 -1.27762
v 0.04592 0.32914 -0.80516
v 0.00114 0.27410 -1.12727
v 0.00114 0.27824 -1.35818
v 0.00639 0.19174 -1.24269
v 0.04592 0.35185 -0.80981
v 0.04592 0.36278 -0.74540
v 0.02730 0.27410 -1.12727
v 0.07670 0.16781 -0.51021
v 0.00114 0.29105 -1.12727
v 0.00114 0.30053 -1.28126
v -0.04364 0.33066 -0.79674
v -0.02502 0.29557 -1.12727
v 0.04965 0.34278 -0.57618
v -0.04305 0.28197 -1.46569
v 0.12151 0.14770 -1.43342
v 0.12151 0.14770 -1.45929
v 0.12151 0.14770 -1.40879
v -0.04364 0.42796 -0.67188
v -0.04364 0.35551 -0.75181
v -0.03520 0.31973 -0.52725
v 0.02730 0.29557 -1.12727
v 0.00821 0.09585 -1.12748
v 0.01494 0.43353 -0.60320
v -0.03868 0.12754 -1.46569
v -0.03868 0.12754 -1.46480
v 0.04592 0.38599 -0.69066
v 0.04592 0.41948 -0.74267
v -0.04364 0.43001 -0.74267
v -0.04360 0.39552 -0.58022
v 0.00046 0.11438 -1.10337
v 0.04391 0.26201 -0.49488
v 0.04592 0.40896 -0.59357
v -0.02502 0.27410 -0.60691
v -0.04364 0.37614 -0.69066
v 0.04592 0.41978 -0.67188
v -0.04364 0.40896 -0.59357
v -0.02941 0.25904 -0.53593
v 0.03425 0.25875 -0.45117
v 0.04435 0.40061 -0.57745
v 0.00114 0.27410 -0.60691
v 0.00882 0.45687 -0.63474
v 0.00114 0.29367 -0.64237
v 0.00639 0.19174 -1.10376
v 0.09214 0.26832 -0.49353
v -0.02502 0.29557 -0.60691
v -0.06090 0.36817 -0.63168
v 0.12151 0.14770 -1.38292
v 0.12151 0.14770 -1.35814
v 0.12151 0.23585 -1.43342
v 0.12151 0.23585 -1.38292
v 0.12151 0.23585 -1.35814
v 0.12151 0.23585 -1.45929
v 0.00755 0.14107 -0.95932
v 0.00114 0.26720 -0.59854
v 0.02730 0.27410 -0.60691
v -0.03440 0.31949 -0.55448
v 0.00114 0.29105 -0.60691
v -0.06817 0.26720 -0.48649
v -0.00662 0.17503 -1.25305
v 0.12151 0.23585 -1.40879
v 0.05086 0.08480 -1.35815
v 0.02730 0.29557 -0.60691
v 0.00114 0.31612 -0.50994
v 0.02730 0.30245 -0.59857
v -0.05596 0.09195 -0.45287
v 0.08111 0.18721 -0.45287
v -0.00257 0.18845 -1.24269
v -0.00257 0.19503 -1.24269
v 0.03308 0.16344 -1.25265
v 0.04472 0.19287 -1.22877
v -0.06761 0.13926 -1.46569
v -0.03737 0.25411 -1.46480
v -0.03737 0.25411 -1.46569
v -0.00257 0.19503 -1.10376
v -0.00257 0.18845 -1.10376
v 0.06011 0.13468 -0.87726
v -0.04119 0.10093 -1.46569
v 0.06011 0.13468 -0.79203
v 0.06011 0.13468 -0.73322
v -0.07708 0.02090 -0.91290
v 0.06011 0.13468 -0.67440
v 0.06011 0.14698 -0.87726
v 0.06011 0.14698 -0.67440
v -0.07708 0.08266 -0.90776
v 0.06011 0.13468 -0.45296
v -0.01726 0.21278 -1.46629
v 0.03521 0.21090 -1.20648
v 0.06011 0.14698 -0.45296
v 0.02171 0.26590 -0.62000
v 0.02171 0.30204 -0.62000
v 0.04566 0.19136 -1.22741
v -0.04692 0.43332 -0.65609
v 0.04572 0.28023 -1.46569
v -0.04521 0.42260 -0.61470
v 0.04235 0.09747 -1.46569
v 0.08243 0.15910 -1.46569
v -0.00104 0.35889 -0.62078
v 0.04235 0.09747 -1.35815
v 0.05039 0.17895 -0.83057
v 0.03572 0.28061 -1.46569
v -0.04090 0.10002 -1.46569
v 0.10764 0.16039 -1.35815
v 0.11707 0.15471 -1.46569
v 0.12116 0.14779 -1.35815
v -0.04818 0.12154 -1.46569
v -0.03896 0.02753 -0.92273
v -0.03896 0.03016 -0.89560
v -0.04025 0.07242 -1.46569
v 0.04235 0.29544 -1.46569
v -0.03168 0.10599 -1.46569
v 0.01640 0.23649 -0.83057
v 0.10764 0.22330 -1.46569
v -0.04672 0.31003 -1.25800
v -0.03896 0.08266 -0.91290
v 0.04581 0.30539 -1.35815
v -0.08046 0.41587 -0.60845
v -0.07993 0.43376 -0.66587
v 0.10764 0.22330 -1.35815
v -0.04814 0.31020 -1.20373
v -0.04762 0.30660 -1.18522
v -0.04762 0.30660 -1.16709
v -0.04762 0.30660 -1.14858
v -0.04618 0.07711 -1.35815
v -0.04744 0.08095 -1.38294
v -0.04419 0.07398 -1.40880
v -0.04684 0.07648 -1.46221
v -0.03504 0.26979 -1.46569
v 0.00114 0.08480 -1.46569
v 0.00114 0.09747 -1.46569
v -0.08916 0.21009 -0.49496
v -0.06075 0.47016 -0.63401
v -0.04762 0.30660 -1.09380
v -0.04762 0.30660 -1.07530
v -0.04762 0.30660 -1.02052
v -0.04762 0.30660 -1.00201
v -0.04762 0.30660 -1.13045
v -0.04762 0.30660 -1.05716
v -0.04762 0.30660 -1.03865
v -0.04762 0.30660 -1.11194
v 0.01739 0.10916 -1.17795
v 0.00114 0.09747 -1.39355
v 0.12116 0.23590 -1.35815
v -0.05049 0.12574 -1.35815
v -0.04762 0.30660 -0.94723
v -0.04762 0.30660 -0.87395
v -0.04762 0.30660 -0.92873
v -0.04762 0.30660 -0.98387
v -0.04762 0.30660 -0.96537
v -0.04762 0.30660 -0.91059
v -0.04762 0.30660 -0.89208
v -0.07692 0.22604 -1.46569
v 0.03588 0.27951 -1.46569
v 0.04398 0.27262 -1.13914
v -0.04762 0.30660 -0.85544
v -0.04762 0.30660 -0.80066
v -0.04762 0.30660 -0.78215
v -0.04762 0.30660 -0.72738
v -0.04762 0.30660 -0.83730
v -0.04762 0.30660 -0.81880
v -0.04762 0.30660 -0.76402
v -0.04762 0.30660 -0.74551
v 0.00114 0.12127 -1.35815
v 0.04806 0.27148 -1.05778
v 0.03202 0.27942 -1.25800
v 0.03202 0.29367 -1.25800
v -0.04788 0.26016 -1.46569
v -0.04788 0.26016 -1.46480
v 0.04681 0.11293 -1.46369
v -0.04762 0.30660 -0.70887
v -0.04762 0.30660 -0.69073
v -0.04903 0.30899 -0.67139
v -0.11887 0.23590 -1.46569
v -0.11887 0.14779 -1.35815
v 0.07920 0.22604 -1.46569
v 0.04318 0.10002 -1.46569
v 0.00114 0.30675 -1.46569
v 0.00114 0.28339 -1.39355
v -0.10536 0.16039 -1.46569
v 0.05128 0.30675 -1.35815
v 0.05258 0.25547 -1.35815
v 0.05016 0.26016 -1.46569
v 0.05016 0.26016 -1.46480
v -0.05030 0.25547 -1.35815
v 0.02235 0.43565 -0.63762
v -0.10536 0.22330 -1.46569
v -0.10536 0.16039 -1.35815
v 0.02626 0.15365 -1.12970
v 0.13852 0.16068 -1.42521
v 0.13852 0.16068 -1.37466
v -0.11887 0.23590 -1.35815
v 0.08814 0.11488 -1.28129
v 0.05575 0.19308 -1.14573
v -0.04006 0.09747 -1.46569
v -0.03729 0.25466 -1.46569
v -0.03729 0.25466 -1.46480
v 0.02234 0.43324 -0.62763
v -0.10536 0.22330 -1.35815
v 0.06982 0.16156 -1.25305
v 0.13852 0.22288 -1.41700
v 0.13852 0.16068 -1.46478
v -0.08015 0.15910 -1.46569
v 0.04548 0.19308 -1.05169
v -0.03360 0.27951 -1.46569
v 0.03202 0.27942 -0.64237
v 0.03202 0.29367 -0.64237
v -0.04006 0.09747 -1.35815
v 0.06656 0.24961 -1.27879
v 0.03733 0.26979 -1.44249
v 0.03733 0.26979 -1.46569
v 0.13852 0.22288 -1.36640
v 0.04348 0.10093 -1.46569
v 0.08814 0.26840 -1.28129
v 0.07025 0.25287 -1.35818
v -0.04006 0.29544 -1.46569
v 0.07351 0.25893 -1.34652
v -0.04329 0.30472 -1.35815
v -0.03343 0.28061 -1.46569
v -0.00801 0.12976 -1.12842
v 0.03386 0.18324 -1.24269
v -0.05793 0.06394 -0.86100
v -0.05793 0.05792 -0.84360
v -0.04343 0.28023 -1.46569
v 0.03061 0.19430 -1.46633
v 0.05776 0.13995 -1.27801
v 0.03797 0.14212 -0.96328
v -0.07296 0.21781 -0.44673
v 0.05328 0.23784 -1.26475
v 0.03961 0.25428 -1.46527
v 0.03966 0.25411 -1.46480
v 0.03966 0.25411 -1.39355
v 0.04096 0.12754 -1.46569
v -0.07411 0.00665 -0.94484
v -0.07413 -0.02695 -0.96831
v -0.08103 0.31612 -0.48924
v -0.07505 0.00788 -0.87448
v 0.05089 0.08487 -1.46569
v -0.07400 0.10667 -1.20928
v -0.07998 0.14669 -1.44249
v -0.07998 0.14669 -1.46569
v 0.00046 0.13069 -1.09726
v -0.07419 0.11324 -0.88397
v -0.06016 0.03516 -0.63633
v -0.02325 0.22675 -1.22741
v -0.01992 0.10891 -1.12400
v -0.03812 0.43005 -0.63729
v 0.00640 0.05491 -0.44006
v 0.00114 0.28339 -1.46569
v -0.06016 0.05296 -0.67359
v -0.06016 0.09067 -0.58666
v -0.06016 0.07161 -0.63927
v 0.03896 0.18146 -1.25265
v 0.04533 0.28197 -1.46569
v -0.06016 0.11243 -0.54897
v -0.03921 0.22651 -1.46569
v 0.04972 0.08095 -1.35815
v 0.04847 0.07711 -1.38294
v 0.04852 0.07807 -1.41866
v -0.05708 0.00784 -0.86747
v 0.13414 0.23011 -1.46463
v 0.05089 0.08487 -1.43344
v 0.05004 0.08191 -1.45931
v 0.04766 0.07594 -1.46569
v 0.00373 0.11258 -1.12860
v 0.01204 0.09308 -0.95714
v 0.01621 0.11528 -0.95754
v 0.03039 0.09747 -1.46569
v 0.01660 0.08882 -0.96272
v 0.01591 0.12343 -0.96612
v 0.01467 0.09801 -0.95998
v 0.07566 0.23155 -1.44272
v 0.08181 0.23561 -1.46569
v -0.04702 0.40559 -0.69255
v 0.04979 0.31049 -1.43342
v 0.07299 0.22906 -1.46569
v -0.06691 0.08968 -0.87984
v -0.05860 0.09543 -0.87068
v 0.04860 0.31419 -1.35814
v 0.04979 0.31049 -1.38292
v 0.04860 0.31419 -1.40879
v 0.06008 0.14694 -1.46569
v 0.07326 0.11182 -1.25134
v -0.09079 0.15253 -1.46569
v 0.07326 0.08961 -1.22249
v -0.04702 0.47752 -0.74292
v 0.07326 0.12569 -1.21768
v 0.09808 0.22786 -1.46569
v 0.05979 0.14664 -1.46569
v -0.04757 0.30656 -1.16709
v -0.04757 0.30656 -1.14858
v -0.04757 0.30656 -1.18522
v -0.04757 0.30656 -1.09380
v -0.04757 0.30656 -1.02052
v -0.04757 0.30656 -1.00201
v -0.04757 0.30656 -1.13045
v -0.04757 0.30656 -1.11194
v -0.04757 0.30656 -1.03865
v -0.04757 0.30656 -0.98387
v -0.04757 0.30656 -1.07530
v -0.04757 0.30656 -1.05716
v -0.04757 0.30656 -0.87395
v -0.04757 0.30656 -0.92873
v -0.04757 0.30656 -0.96537
v -0.04757 0.30656 -0.91059
v -0.04757 0.30656 -0.81880
v 0.12116 0.23590 -1.46569
v -0.03398 0.27691 -1.46569
v -0.04757 0.30656 -0.94723
v -0.04757 0.30656 -0.85544
v -0.04757 0.30656 -0.80066
v -0.04757 0.30656 -0.70887
v -0.04757 0.30656 -0.89208
v -0.04757 0.30656 -0.76402
v -0.04757 0.30656 -0.69073
v -0.04757 0.30656 -0.74551
v 0.05005 0.30520 -1.46569
v -0.04757 0.30656 -0.78215
v -0.04757 0.30656 -0.72738
v -0.04757 0.30656 -0.83730
v 0.06263 0.28718 -0.48597
v -0.05636 -0.01661 -0.93261
v 0.06774 0.13845 -1.46566
v -0.00178 0.14300 -0.96227
v 0.04744 0.27247 -1.46569
v -0.05636 -0.00474 -0.76018
v -0.05636 0.04206 -0.91230
v -0.04355 0.48238 -0.69457
v 0.03735 0.11672 -1.42714
v -0.11887 0.14779 -1.46569
v -0.05636 0.13468 -0.87666
v -0.05583 -0.01093 -0.58529
v -0.05636 0.13468 -0.85024
v -0.05636 0.13468 -0.79143
v -0.03142 0.10109 -1.46569
v -0.05636 0.13468 -0.73261
v -0.05636 0.13468 -0.67379
v -0.04432 0.05383 -0.51149
v 0.05128 0.30675 -1.46569
v 0.12380 0.19164 -1.28132
v -0.04743 0.26219 -1.46569
v -0.04743 0.26219 -1.46480
v -0.05636 0.13468 -0.45297
v 0.06033 0.14719 -1.46422
v 0.06033 0.14719 -1.46569
v -0.02735 0.26720 -0.53946
v -0.09830 0.22666 -1.46569
v 0.03479 0.12127 -1.39355
v -0.03554 0.11223 -0.96133
v 0.01450 0.10395 -1.17924
v 0.06909 0.24290 -1.46569
v 0.02770 0.35002 -0.75825
v 0.02765 0.25775 -0.52962
v -0.03401 0.31949 -1.16709
v -0.03401 0.31949 -1.14858
v -0.03401 0.31949 -1.09380
v -0.03401 0.31949 -1.13045
v -0.03401 0.31949 -1.18522
v -0.03401 0.31949 -1.11194
v -0.04223 0.17885 -1.00911
v -0.04286 0.28279 -1.46569
v 0.03471 0.30642 -0.54396
v -0.03401 0.31949 -1.07530
v -0.03401 0.31949 -1.05716
v -0.03401 0.31949 -1.02052
v -0.03401 0.31949 -1.00201
v -0.03401 0.31949 -1.03865
v -0.03401 0.31949 -0.98387
v -0.03401 0.31949 -0.96537
v 0.02770 0.42476 -0.74412
v -0.07691 0.15736 -1.46569
v -0.03401 0.31949 -0.94723
v -0.03401 0.31949 -0.87395
v -0.03401 0.31949 -0.92873
v -0.03401 0.31949 -0.85544
v -0.03401 0.31949 -0.91059
v -0.03401 0.31949 -0.89208
v -0.03401 0.31949 -0.83730
v -0.03401 0.31949 -0.81880
v 0.09282 0.23036 -1.46569
v -0.03401 0.31949 -0.80066
v -0.03401 0.31949 -0.78215
v -0.03401 0.31949 -0.72738
v -0.03401 0.31949 -0.76402
v -0.03401 0.31949 -0.74551
v -0.03401 0.31949 -0.70887
v -0.03401 0.31949 -0.69073
v -0.04788 0.12127 -1.46569
v -0.01576 0.22934 -1.01228
v 0.10137 0.34340 -0.73289
v 0.10784 0.30898 -0.75727
v -0.01034 0.47102 -0.63662
v -0.00287 0.42981 -0.59600
v 0.04481 0.40326 -0.69428
v -0.03768 0.25383 -1.46569
v 0.04583 0.48238 -0.69457
v -0.04182 0.10282 -1.46569
v 0.02705 0.35901 -0.65182
v -0.04102 0.07781 -0.45673
v 0.01807 0.39452 -0.61839
v 0.05595 0.39225 -0.66152
v 0.03803 0.13098 -0.95997
v -0.00342 -0.00951 -0.54171
v 0.04939 0.08480 -1.46569
v -0.04203 0.28654 -1.46569
v 0.02688 0.03188 -0.53307
v 0.12116 0.14761 -1.46569
v -0.04619 0.16763 -1.46569
v 0.04369 0.06368 -0.45294
v 0.08242 0.19056 -1.27833
v -0.06677 0.24294 -1.46569
v 0.08147 0.22493 -1.46569
v -0.05779 0.14694 -1.46569
v 0.03652 0.12396 -1.46521
v -0.00926 0.27139 -1.36731
v 0.05278 0.12574 -1.35815
v 0.09825 0.15531 -1.46569
v 0.07193 0.24032 -1.45848
v 0.07193 0.24032 -1.46569
v -0.10213 0.15571 -1.34700
v -0.08227 0.22226 -1.35818
v 0.05997 0.23620 -1.46569
v 0.06000 0.23584 -1.46528
v -0.01943 0.30204 -0.62000
v -0.01251 0.25982 -1.46569
v -0.04235 0.28511 -1.35815
v -0.04235 0.28511 -1.46569
v -0.04702 0.41422 -0.73871
v -0.02865 0.30291 -0.52524
v -0.09842 0.15664 -1.46569
v 0.03804 0.30249 -0.53657
v 0.01260 0.26455 -1.46569
v -0.04047 0.25246 -1.25800
v 0.04931 0.40146 -0.70081
v 0.03668 0.27605 -1.25800
v 0.03352 0.09747 -1.46569
v -0.04702 0.48194 -0.69255
v -0.01194 0.27410 -1.12727
v 0.04931 0.48194 -0.69255
v 0.03352 0.09747 -1.39355
v 0.01422 0.27410 -1.12727
v -0.01194 0.29105 -1.12727
v -0.01194 0.29557 -1.12727
v 0.10493 0.19164 -1.34684
v 0.08456 0.16102 -1.35818
v 0.01422 0.29105 -1.12727
v 0.01422 0.29557 -1.12727
v 0.07651 0.19117 -0.44323
v 0.04847 0.21606 -1.46569
v -0.03724 0.25074 -0.64237
v -0.02634 0.28397 -0.57953
v -0.03219 0.11542 -1.46569
v 0.03691 0.26521 -0.62554
v -0.03440 0.31949 -0.64237
v 0.03741 0.10892 -0.96070
v -0.01194 0.27410 -0.60691
v -0.06758 0.13923 -1.46569
v -0.06758 0.13923 -1.46480
v 0.03668 0.31949 -0.64237
v 0.03222 0.27447 -0.57810
v 0.03058 0.27345 -0.62434
v 0.01422 0.29105 -0.60691
v 0.01422 0.29557 -0.60691
v 0.01422 0.27410 -0.60691
v -0.01194 0.29105 -0.60691
v -0.02240 0.29835 -0.60532
v 0.02546 0.09678 -1.12619
v 0.02437 0.11701 -1.12726
v -0.03852 0.11665 -1.42658
v -0.04312 0.10680 -1.46569
v -0.00745 0.11223 -0.95983
v -0.09138 0.19164 -1.27957
v -0.04330 0.06674 -0.45296
v -0.07918 0.15858 -1.46569
v -0.05771 0.23617 -1.46569
v -0.08253 0.16039 -1.46569
v -0.08253 0.21722 -1.46569
v -0.08253 0.22330 -1.46569
v -0.08253 0.16039 -1.39355
v -0.08253 0.22330 -1.39355
v -0.03462 0.12697 -1.46447
v -0.00377 0.12882 -0.96036
v -0.03250 0.12127 -1.39355
v 0.04137 0.29031 -0.53992
v -0.01897 0.39226 -0.58559
v -0.07689 0.23686 -1.46569
v 0.03483 0.08480 -1.46569
v 0.07298 0.15401 -1.44249
v 0.07298 0.15401 -1.46569
v 0.04020 0.08480 -1.46569
v 0.04972 0.26215 -1.46569
v -0.05969 0.23443 -1.46046
v -0.05969 0.23443 -1.46569
v -0.01740 0.39321 -0.63579
v 0.04020 0.08480 -1.35815
v -0.03737 0.25411 -1.39355
vt 0.43512 0.57590
vt 0.43512 0.38879
vt 0.43512 0.46685
vt 0.46938 0.42112
vt 0.47401 0.34039
vt 0.47433 0.32832
vt 0.43512 0.29768
vt 0.43512 0.46685
vt 0.43512 0.38879
vt 0.69332 0.45387
vt 0.69668 0.49721
vt 0.69876 0.40716
vt 0.47987 0.51432
vt 0.68601 0.51392
vt 0.49359 0.51443
vt 0.48565 0.49996
vt 0.69332 0.45387
vt 0.48566 0.45387
vt 0.43512 0.57590
vt 0.46765 0.59185
vt 0.47987 0.51432
vt 0.47242 0.33853
vt 0.99109 0.30629
vt 0.99109 0.48419
vt 0.69668 0.49721
vt 0.47987 0.51432
vt 0.70976 0.59388
vt 0.70976 0.59388
vt 0.69876 0.40716
vt 0.69668 0.49721
vt 0.47242 0.33853
vt 0.99109 0.48419
vt 0.43512 0.40628
vt 0.47433 0.32832
vt 0.48620 0.38102
vt 0.69876 0.40716
vt 0.48566 0.45387
vt 0.47950 0.43594
vt 0.48565 0.49996
vt 0.48620 0.38102
vt 0.47950 0.43594
vt 0.48566 0.45387
vt 0.43512 0.57590
vt 0.46938 0.42112
vt 0.43512 0.38879
vt 0.47987 0.51432
vt 0.46765 0.59185
vt 0.70976 0.59388
vt 0.47950 0.43594
vt 0.47433 0.32832
vt 0.47401 0.34039
vt 0.71148 0.43716
vt 0.70719 0.33853
vt 0.70719 0.35614
vt 0.68601 0.51392
vt 0.69668 0.49721
vt 0.67320 0.51002
vt 0.43512 0.53579
vt 0.46765 0.59185
vt 0.43512 0.57590
vt 0.47950 0.43594
vt 0.47401 0.34039
vt 0.46938 0.42112
vt 0.67320 0.51002
vt 0.69668 0.49721
vt 0.69332 0.45387
vt 0.43512 0.29768
vt 0.47242 0.33853
vt 0.43512 0.40628
vt 0.99109 0.48419
vt 0.99109 0.56630
vt 0.70976 0.59388
vt 0.99109 0.56630
vt 0.99109 0.37389
vt 0.71148 0.43716
vt 0.71148 0.43716
vt 0.70719 0.35614
vt 0.70976 0.59388
vt 0.47433 0.32832
vt 0.47950 0.43594
vt 0.48620 0.38102
vt 0.67320 0.38319
vt 0.48620 0.38102
vt 0.50578 0.38368
vt 0.67320 0.38368
vt 0.69332 0.45387
vt 0.69876 0.40716
vt 0.48565 0.49996
vt 0.67320 0.51002
vt 0.69332 0.45387
vt 0.47987 0.51432
vt 0.69668 0.49721
vt 0.68601 0.51392
vt 0.47987 0.51432
vt 0.48565 0.49996
vt 0.47950 0.43594
vt 0.99109 0.56630
vt 0.71148 0.43716
vt 0.70976 0.59388
vt 0.43512 0.29768
vt 0.47433 0.32832
vt 0.47242 0.33853
vt 0.69876 0.40716
vt 0.48620 0.38102
vt 0.67320 0.38319
vt 0.68601 0.51392
vt 0.67320 0.51002
vt 0.49359 0.51443
vt 0.43512 0.29768
vt 0.43512 0.40628
vt 0.43512 0.46685
vt 0.43512 0.53579
vt 0.43512 0.46685
vt 0.43512 0.40628
vt 0.99109 0.56630
vt 0.99109 0.48419
vt 0.99109 0.30629
vt 0.69876 0.40716
vt 0.70719 0.33853
vt 0.47433 0.32832
vt 0.46938 0.42112
vt 0.47433 0.32832
vt 0.43512 0.38879
vt 0.43512 0.57590
vt 0.47987 0.51432
vt 0.46938 0.42112
vt 0.99109 0.37389
vt 0.99109 0.30629
vt 0.47242 0.33853
vt 0.47433 0.32832
vt 0.43512 0.29768
vt 0.43512 0.38879
vt 0.99109 0.37389
vt 0.47242 0.33853
vt 0.70719 0.33853
vt 0.99109 0.37389
vt 0.70719 0.33853
vt 0.71148 0.43716
vt 0.43512 0.57590
vt 0.43512 0.46685
vt 0.43512 0.53579
vt 0.67320 0.51002
vt 0.48565 0.49996
vt 0.49359 0.51443
vt 0.43512 0.53579
vt 0.70976 0.59388
vt 0.46765 0.59185
vt 0.69876 0.40716
vt 0.70976 0.59388
vt 0.70719 0.35614
vt 0.99109 0.48419
vt 0.43512 0.53579
vt 0.43512 0.40628
vt 0.47987 0.51432
vt 0.47950 0.43594
vt 0.46938 0.42112
vt 0.69876 0.40716
vt 0.70719 0.35614
vt 0.70719 0.33853
vt 0.50578 0.38368
vt 0.48620 0.38102
vt 0.48566 0.45387
vt 0.69876 0.40716
vt 0.67320 0.38319
vt 0.67320 0.38368
vt 0.67320 0.38319
vt 0.50578 0.38368
vt 0.67320 0.38368
vt 0.99109 0.56630
vt 0.99109 0.30629
vt 0.99109 0.37389
vt 0.47987 0.51432
vt 0.49359 0.51443
vt 0.48565 0.49996
vt 0.99109 0.48419
vt 0.70976 0.59388
vt 0.43512 0.53579
vt 0.94698 0.50322
vt 0.78676 0.39828
vt 0.79802 0.51658
vt 0.78676 0.39828
vt 0.80572 0.40189
vt 0.79802 0.51658
vt 0.78676 0.39828
vt 0.94190 0.38918
vt 0.80572 0.40189
vt 0.95602 0.42831
vt 0.94698 0.50322
vt 0.79802 0.51658
vt 0.99162 0.35241
vt 0.99440 0.51956
vt 0.98400 0.42204
vt 0.94190 0.38918
vt 0.98400 0.42204
vt 0.95602 0.42831
vt 0.97260 0.35340
vt 0.99162 0.35241
vt 0.98400 0.42204
vt 0.95602 0.42831
vt 0.79802 0.51658
vt 0.80572 0.40189
vt 0.94698 0.50322
vt 0.94190 0.38918
vt 0.78676 0.39828
vt 0.80572 0.40189
vt 0.94190 0.38918
vt 0.95602 0.42831
vt 0.96591 0.46101
vt 0.97260 0.35340
vt 0.98400 0.42204
vt 0.99162 0.35241
vt 0.97397 0.43273
vt 0.99440 0.51956
vt 0.97260 0.52092
vt 0.99440 0.51956
vt 0.97397 0.43273
vt 0.97260 0.35340
vt 0.97397 0.43273
vt 0.99162 0.35241
vt 0.97260 0.52092
vt 0.96591 0.46101
vt 0.99440 0.51956
vt 0.96591 0.46101
vt 0.97397 0.43273
vt 0.97260 0.35340
vt 0.94190 0.38918
vt 0.96591 0.46101
vt 0.98400 0.42204
vt 0.94190 0.38918
vt 0.94698 0.50322
vt 0.96591 0.46101
vt 0.94698 0.50322
vt 0.95602 0.42831
vt 0.98400 0.42204
vt 0.96591 0.46101
vt 0.97260 0.52092
vt 0.97397 0.43273
vt 0.98400 0.42204
vt 0.99440 0.51956
vt 0.96591 0.46101
vt 0.94698 0.50322
vt 0.98400 0.42204
vt 0.96591 0.46101
vt 0.56542 0.35912
vt 0.56542 0.25677
vt 0.56542 0.36024
vt 0.56542 0.35912
vt 0.48758 0.36024
vt 0.48479 0.35912
vt 0.56542 0.35912
vt 0.56542 0.36024
vt 0.48758 0.36024
vt 0.48758 0.25565
vt 0.48758 0.25677
vt 0.56542 0.25677
vt 0.57782 0.36176
vt 0.61521 0.35912
vt 0.56542 0.35912
vt 0.61521 0.36024
vt 0.69234 0.36024
vt 0.69234 0.25677
vt 0.48758 0.36024
vt 0.56542 0.36024
vt 0.56542 0.25677
vt 0.56542 0.35912
vt 0.61521 0.35912
vt 0.61521 0.25584
vt 0.61521 0.36024
vt 0.69234 0.25677
vt 0.61521 0.25584
vt 0.56542 0.35912
vt 0.56542 0.25565
vt 0.56542 0.25677
vt 0.69234 0.35912
vt 0.69234 0.25677
vt 0.69234 0.36024
vt 0.48758 0.25565
vt 0.56542 0.25677
vt 0.56542 0.25565
vt 0.57782 0.36176
vt 0.56542 0.35912
vt 0.48479 0.35912
vt 0.70132 0.36132
vt 0.57782 0.36176
vt 0.69368 0.22688
vt 0.69234 0.35912
vt 0.69234 0.36024
vt 0.61521 0.36024
vt 0.70132 0.36132
vt 0.69234 0.35912
vt 0.61521 0.35912
vt 0.47920 0.36176
vt 0.48479 0.35912
vt 0.47920 0.25723
vt 0.48758 0.25565
vt 0.49428 0.22279
vt 0.47920 0.25723
vt 0.61521 0.35912
vt 0.61521 0.36024
vt 0.61521 0.25584
vt 0.48479 0.35912
vt 0.48758 0.36024
vt 0.48758 0.25677
vt 0.69234 0.35912
vt 0.69578 0.22883
vt 0.69234 0.25677
vt 0.69234 0.35912
vt 0.70132 0.36132
vt 0.69578 0.22883
vt 0.48479 0.35912
vt 0.48758 0.25565
vt 0.47920 0.25723
vt 0.69368 0.22688
vt 0.49428 0.22279
vt 0.69578 0.22883
vt 0.57782 0.36176
vt 0.49428 0.22279
vt 0.69368 0.22688
vt 0.61521 0.25584
vt 0.69234 0.25677
vt 0.69578 0.22883
vt 0.56542 0.35912
vt 0.61521 0.25584
vt 0.56542 0.25565
vt 0.69578 0.22883
vt 0.70132 0.36132
vt 0.69368 0.22688
vt 0.57782 0.36176
vt 0.47920 0.25723
vt 0.49428 0.22279
vt 0.56542 0.25565
vt 0.61521 0.25584
vt 0.69578 0.22883
vt 0.48479 0.35912
vt 0.48758 0.25677
vt 0.48758 0.25565
vt 0.57782 0.36176
vt 0.48479 0.35912
vt 0.47920 0.36176
vt 0.56542 0.25565
vt 0.49428 0.22279
vt 0.48758 0.25565
vt 0.56542 0.25565
vt 0.69578 0.22883
vt 0.49428 0.22279
vt 0.47920 0.36176
vt 0.47920 0.25723
vt 0.57782 0.36176
vt 0.70132 0.36132
vt 0.61521 0.35912
vt 0.57782 0.36176
vt 0.69234 0.35912
vt 0.61521 0.36024
vt 0.61521 0.35912
vt 0.48758 0.36024
vt 0.56542 0.25677
vt 0.48758 0.25677
vt 0.69703 0.41757
vt 0.69912 0.54666
vt 0.74827 0.61099
vt 0.77464 0.54248
vt 0.69703 0.41757
vt 0.77566 0.41595
vt 0.77464 0.54248
vt 0.74827 0.61099
vt 0.69912 0.54666
vt 0.69703 0.41757
vt 0.74827 0.61099
vt 0.74842 0.49979
vt 0.69703 0.41757
vt 0.74842 0.49979
vt 0.77566 0.41595
vt 0.77464 0.54248
vt 0.77566 0.41595
vt 0.74827 0.61099
vt 0.77566 0.41595
vt 0.74842 0.49979
vt 0.74827 0.61099
vt 0.77464 0.54248
vt 0.69912 0.54666
vt 0.69703 0.41757
vt 0.59077 0.31814
vt 0.58921 0.22467
vt 0.59904 0.23770
vt 0.58921 0.22467
vt 0.59077 0.31814
vt 0.59904 0.23770
vt 0.75162 0.63828
vt 0.75890 0.72320
vt 0.82789 0.66042
vt 0.75890 0.72320
vt 0.75162 0.63828
vt 0.82789 0.66042
vt 0.71518 0.38584
vt 0.71518 0.36469
vt 0.71518 0.35386
vt 0.71518 0.36469
vt 0.71518 0.38584
vt 0.46523 0.38584
vt 0.71518 0.35386
vt 0.71518 0.36469
vt 0.46523 0.36469
vt 0.71518 0.35386
vt 0.71518 0.36418
vt 0.71518 0.38533
vt 0.71518 0.36469
vt 0.46523 0.38584
vt 0.46523 0.36469
vt 0.71518 0.38533
vt 0.71518 0.39616
vt 0.71518 0.35386
vt 0.71518 0.39616
vt 0.46523 0.38533
vt 0.46523 0.39616
vt 0.71518 0.38584
vt 0.46523 0.39616
vt 0.46523 0.38584
vt 0.46523 0.36469
vt 0.46523 0.38584
vt 0.46523 0.39616
vt 0.71518 0.35386
vt 0.46523 0.36469
vt 0.46523 0.35386
vt 0.46523 0.36418
vt 0.71518 0.35386
vt 0.46523 0.35386
vt 0.71518 0.38533
vt 0.46523 0.36418
vt 0.46523 0.38533
vt 0.71518 0.38533
vt 0.71518 0.36418
vt 0.46523 0.36418
vt 0.71518 0.38584
vt 0.71518 0.35386
vt 0.71518 0.39616
vt 0.46523 0.36418
vt 0.46523 0.35386
vt 0.46523 0.36469
vt 0.46523 0.39616
vt 0.46523 0.38533
vt 0.46523 0.36469
vt 0.46523 0.38533
vt 0.46523 0.36418
vt 0.46523 0.36469
vt 0.71518 0.38584
vt 0.71518 0.39616
vt 0.46523 0.39616
vt 0.71518 0.39616
vt 0.71518 0.38533
vt 0.46523 0.38533
vt 0.46523 0.36418
vt 0.71518 0.36418
vt 0.71518 0.35386
vt 0.56634 0.37501
vt 0.47876 0.39403
vt 0.47876 0.35599
vt 0.56634 0.37501
vt 0.47876 0.35599
vt 0.47876 0.39403
vt 0.70194 0.37056
vt 0.70194 0.37998
vt 0.61436 0.37501
vt 0.70194 0.37998
vt 0.70194 0.37056
vt 0.61436 0.37501
vt 0.34881 0.35187
vt 0.34881 0.52259
vt 0.34881 0.52259
vt 0.34881 0.52259
vt 0.36592 0.35187
vt 0.36592 0.52259
vt 0.34881 0.35187
vt 0.34881 0.35187
vt 0.34881 0.52259
vt 0.36592 0.52259
vt 0.36592 0.35187
vt 0.36592 0.35187
vt 0.36592 0.52259
vt 0.34881 0.52259
vt 0.34881 0.52259
vt 0.34881 0.35187
vt 0.36592 0.35187
vt 0.34881 0.35187
vt 0.34881 0.52259
vt 0.34881 0.35187
vt 0.36592 0.35187
vt 0.35736 0.43723
vt 0.36592 0.35187
vt 0.34881 0.35187
vt 0.35736 0.43723
vt 0.34881 0.52259
vt 0.36592 0.52259
vt 0.36592 0.52259
vt 0.34881 0.52259
vt 0.36592 0.52259
vt 0.34881 0.35187
vt 0.36592 0.35187
vt 0.36592 0.35187
vt 0.35736 0.43723
vt 0.34881 0.35187
vt 0.34881 0.52259
vt 0.36592 0.52259
vt 0.36592 0.52259
vt 0.36592 0.35187
vt 0.35736 0.43723
vt 0.36592 0.52259
vt 0.36592 0.35187
vt 0.31393 0.35187
vt 0.31393 0.35187
vt 0.31393 0.52259
vt 0.33094 0.52259
vt 0.33094 0.52259
vt 0.33094 0.35187
vt 0.32243 0.43723
vt 0.31393 0.52259
vt 0.33094 0.52259
vt 0.33094 0.52259
vt 0.31393 0.52259
vt 0.31393 0.52259
vt 0.31393 0.35187
vt 0.33094 0.35187
vt 0.33094 0.35187
vt 0.32243 0.43723
vt 0.33094 0.35187
vt 0.31393 0.35187
vt 0.31393 0.52259
vt 0.31393 0.35187
vt 0.33094 0.35187
vt 0.32243 0.43723
vt 0.31393 0.35187
vt 0.31393 0.52259
vt 0.31393 0.52259
vt 0.33094 0.35187
vt 0.33094 0.52259
vt 0.33094 0.52259
vt 0.31393 0.52259
vt 0.33094 0.52259
vt 0.31393 0.35187
vt 0.31393 0.52259
vt 0.31393 0.52259
vt 0.32243 0.43723
vt 0.33094 0.52259
vt 0.33094 0.35187
vt 0.33094 0.52259
vt 0.33094 0.35187
vt 0.33094 0.35187
vt 0.31393 0.35187
vt 0.33094 0.35187
vt 0.31393 0.35187
vt 0.28755 0.43723
vt 0.27905 0.35187
vt 0.27905 0.52259
vt 0.29606 0.52259
vt 0.29606 0.35187
vt 0.29606 0.35187
vt 0.29606 0.52259
vt 0.27905 0.52259
vt 0.29606 0.52259
vt 0.27905 0.52259
vt 0.29606 0.35187
vt 0.29606 0.52259
vt 0.27905 0.35187
vt 0.29606 0.35187
vt 0.27905 0.35187
vt 0.28755 0.43723
vt 0.27905 0.52259
vt 0.29606 0.52259
vt 0.28755 0.43723
vt 0.29606 0.35187
vt 0.27905 0.35187
vt 0.27905 0.35187
vt 0.27905 0.52259
vt 0.27905 0.52259
vt 0.28755 0.43723
vt 0.29606 0.52259
vt 0.29606 0.35187
vt 0.27905 0.52259
vt 0.27905 0.35187
vt 0.29606 0.35187
vt 0.29606 0.52259
vt 0.27905 0.52259
vt 0.27905 0.52259
vt 0.27905 0.35187
vt 0.27905 0.35187
vt 0.27905 0.52259
vt 0.29606 0.52259
vt 0.29606 0.52259
vt 0.29606 0.35187
vt 0.27905 0.35187
vt 0.29606 0.35187
vt 0.29606 0.35187
vt 0.24416 0.35187
vt 0.24416 0.35187
vt 0.24416 0.52259
vt 0.25267 0.43723
vt 0.26118 0.52259
vt 0.26118 0.35187
vt 0.24416 0.35187
vt 0.26118 0.35187
vt 0.26118 0.35187
vt 0.26118 0.52259
vt 0.26118 0.52259
vt 0.26118 0.35187
vt 0.24416 0.35187
vt 0.24416 0.52259
vt 0.24416 0.52259
vt 0.24416 0.52259
vt 0.24416 0.35187
vt 0.26118 0.35187
vt 0.25267 0.43723
vt 0.24416 0.35187
vt 0.24416 0.52259
vt 0.26118 0.52259
vt 0.26118 0.35187
vt 0.26118 0.35187
vt 0.26118 0.52259
vt 0.24416 0.52259
vt 0.24416 0.52259
vt 0.25267 0.43723
vt 0.24416 0.52259
vt 0.26118 0.52259
vt 0.25267 0.43723
vt 0.26118 0.35187
vt 0.24416 0.35187
vt 0.24416 0.52259
vt 0.26118 0.35187
vt 0.26118 0.52259
vt 0.24416 0.35187
vt 0.26118 0.35187
vt 0.24416 0.35187
vt 0.26118 0.52259
vt 0.24416 0.52259
vt 0.26118 0.52259
vt 0.22630 0.52259
vt 0.22630 0.35187
vt 0.22630 0.35187
vt 0.21779 0.43723
vt 0.20928 0.52259
vt 0.22630 0.52259
vt 0.20928 0.52259
vt 0.20928 0.35187
vt 0.22630 0.35187
vt 0.22630 0.52259
vt 0.22630 0.52259
vt 0.22630 0.35187
vt 0.21779 0.43723
vt 0.22630 0.35187
vt 0.20928 0.35187
vt 0.20928 0.35187
vt 0.20928 0.35187
vt 0.20928 0.52259
vt 0.22630 0.52259
vt 0.20928 0.52259
vt 0.20928 0.52259
vt 0.21779 0.43723
vt 0.22630 0.52259
vt 0.22630 0.35187
vt 0.21779 0.43723
vt 0.20928 0.35187
vt 0.20928 0.52259
vt 0.20928 0.35187
vt 0.20928 0.52259
vt 0.20928 0.52259
vt 0.20928 0.35187
vt 0.22630 0.35187
vt 0.22630 0.35187
vt 0.20928 0.35187
vt 0.22630 0.35187
vt 0.20928 0.35187
vt 0.20928 0.52259
vt 0.22630 0.35187
vt 0.22630 0.52259
vt 0.22630 0.52259
vt 0.20928 0.52259
vt 0.22630 0.52259
vt 0.17440 0.35187
vt 0.19142 0.35187
vt 0.17440 0.35187
vt 0.17440 0.52259
vt 0.19142 0.35187
vt 0.19142 0.52259
vt 0.17440 0.35187
vt 0.17440 0.52259
vt 0.17440 0.52259
vt 0.18291 0.43723
vt 0.17440 0.52259
vt 0.19142 0.52259
vt 0.18291 0.43723
vt 0.19142 0.35187
vt 0.17440 0.35187
vt 0.19142 0.52259
vt 0.17440 0.52259
vt 0.19142 0.52259
vt 0.19142 0.52259
vt 0.19142 0.35187
vt 0.19142 0.35187
vt 0.19142 0.52259
vt 0.19142 0.52259
vt 0.19142 0.35187
vt 0.18291 0.43723
vt 0.19142 0.52259
vt 0.19142 0.35187
vt 0.18291 0.43723
vt 0.17440 0.35187
vt 0.17440 0.52259
vt 0.17440 0.35187
vt 0.17440 0.35187
vt 0.17440 0.52259
vt 0.19142 0.52259
vt 0.17440 0.52259
vt 0.17440 0.52259
vt 0.17440 0.52259
vt 0.17440 0.35187
vt 0.19142 0.35187
vt 0.17440 0.35187
vt 0.19142 0.35187
vt 0.19142 0.35187
vt 0.13952 0.35187
vt 0.13952 0.52259
vt 0.13952 0.52259
vt 0.14803 0.43723
vt 0.13952 0.35187
vt 0.13952 0.52259
vt 0.15654 0.52259
vt 0.15654 0.35187
vt 0.15654 0.35187
vt 0.13952 0.35187
vt 0.15654 0.35187
vt 0.15654 0.35187
vt 0.14803 0.43723
vt 0.15654 0.52259
vt 0.15654 0.35187
vt 0.14803 0.43723
vt 0.15654 0.35187
vt 0.13952 0.35187
vt 0.14803 0.43723
vt 0.13952 0.52259
vt 0.15654 0.52259
vt 0.15654 0.52259
vt 0.13952 0.52259
vt 0.13952 0.52259
vt 0.15654 0.52259
vt 0.15654 0.52259
vt 0.15654 0.35187
vt 0.13952 0.52259
vt 0.13952 0.35187
vt 0.15654 0.35187
vt 0.13952 0.35187
vt 0.13952 0.35187
vt 0.13952 0.52259
vt 0.13952 0.52259
vt 0.15654 0.35187
vt 0.15654 0.52259
vt 0.15654 0.52259
vt 0.13952 0.52259
vt 0.15654 0.52259
vt 0.13952 0.35187
vt 0.15654 0.35187
vt 0.13952 0.35187
vt 0.11315 0.43723
vt 0.10464 0.52259
vt 0.12166 0.52259
vt 0.10464 0.35187
vt 0.12166 0.35187
vt 0.10464 0.35187
vt 0.10464 0.52259
vt 0.10464 0.35187
vt 0.12166 0.35187
vt 0.12166 0.52259
vt 0.10464 0.52259
vt 0.10464 0.52259
vt 0.11315 0.43723
vt 0.10464 0.35187
vt 0.10464 0.52259
vt 0.11315 0.43723
vt 0.12166 0.35187
vt 0.10464 0.35187
vt 0.10464 0.35187
vt 0.10464 0.52259
vt 0.10464 0.52259
vt 0.10464 0.35187
vt 0.12166 0.35187
vt 0.12166 0.35187
vt 0.11315 0.43723
vt 0.12166 0.52259
vt 0.12166 0.35187
vt 0.12166 0.52259
vt 0.12166 0.35187
vt 0.12166 0.35187
vt 0.12166 0.52259
vt 0.10464 0.52259
vt 0.12166 0.52259
vt 0.10464 0.52259
vt 0.12166 0.35187
vt 0.12166 0.52259
vt 0.10464 0.35187
vt 0.10464 0.35187
vt 0.10464 0.52259
vt 0.12166 0.52259
vt 0.12166 0.52259
vt 0.12166 0.35187
vt 0.08678 0.52259
vt 0.08678 0.52259
vt 0.08678 0.35187
vt 0.06976 0.35187
vt 0.06976 0.52259
vt 0.06976 0.52259
vt 0.06976 0.52259
vt 0.06976 0.35187
vt 0.08678 0.35187
vt 0.07827 0.43723
vt 0.08678 0.52259
vt 0.08678 0.35187
vt 0.08678 0.52259
vt 0.08678 0.35187
vt 0.08678 0.35187
vt 0.07827 0.43723
vt 0.06976 0.52259
vt 0.08678 0.52259
vt 0.08678 0.52259
vt 0.06976 0.52259
vt 0.06976 0.52259
vt 0.06976 0.35187
vt 0.06976 0.35187
vt 0.06976 0.52259
vt 0.06976 0.35187
vt 0.08678 0.35187
vt 0.06976 0.35187
vt 0.07827 0.43723
vt 0.06976 0.35187
vt 0.06976 0.52259
vt 0.06976 0.35187
vt 0.08678 0.35187
vt 0.08678 0.35187
vt 0.07827 0.43723
vt 0.08678 0.35187
vt 0.06976 0.35187
vt 0.06976 0.52259
vt 0.08678 0.35187
vt 0.08678 0.52259
vt 0.08678 0.52259
vt 0.06976 0.52259
vt 0.08678 0.52259
vt 0.03488 0.35187
vt 0.03488 0.52259
vt 0.03488 0.52259
vt 0.03488 0.35187
vt 0.05190 0.35187
vt 0.05190 0.35187
vt 0.03488 0.52259
vt 0.03488 0.35187
vt 0.05190 0.35187
vt 0.04339 0.43723
vt 0.03488 0.52259
vt 0.05190 0.52259
vt 0.05190 0.52259
vt 0.03488 0.52259
vt 0.03488 0.52259
vt 0.03488 0.35187
vt 0.03488 0.35187
vt 0.03488 0.52259
vt 0.05190 0.52259
vt 0.03488 0.52259
vt 0.05190 0.52259
vt 0.05190 0.52259
vt 0.05190 0.52259
vt 0.05190 0.35187
vt 0.05190 0.52259
vt 0.05190 0.35187
vt 0.05190 0.35187
vt 0.04339 0.43723
vt 0.03488 0.35187
vt 0.03488 0.52259
vt 0.04339 0.43723
vt 0.05190 0.52259
vt 0.05190 0.35187
vt 0.04339 0.43723
vt 0.05190 0.35187
vt 0.03488 0.35187
vt 0.03488 0.35187
vt 0.05190 0.35187
vt 0.03488 0.35187
vt 0.03488 0.52259
vt 0.05190 0.35187
vt 0.05190 0.52259
vt 0.00000 0.52259
vt 0.01702 0.35187
vt 0.01702 0.52259
vt 0.00000 0.35187
vt 0.00000 0.35187
vt 0.00000 0.52259
vt 0.01702 0.52259
vt 0.00000 0.52259
vt 0.01702 0.52259
vt 0.00851 0.43723
vt 0.01702 0.52259
vt 0.01702 0.35187
vt 0.00851 0.43723
vt 0.01702 0.35187
vt 0.00000 0.35187
vt 0.00851 0.43723
vt 0.00000 0.35187
vt 0.00000 0.52259
vt 0.00851 0.43723
vt 0.00000 0.52259
vt 0.01702 0.52259
vt 0.01702 0.52259
vt 0.00000 0.52259
vt 0.00000 0.52259
vt 0.00000 0.35187
vt 0.00000 0.52259
vt 0.00000 0.52259
vt 0.00000 0.52259
vt 0.00000 0.35187
vt 0.01702 0.35187
vt 0.01702 0.52259
vt 0.01702 0.35187
vt 0.01702 0.35187
vt 0.00000 0.35187
vt 0.01702 0.35187
vt 0.01702 0.35187
vt 0.01702 0.52259
vt 0.01702 0.52259
vt 0.01702 0.35187
vt 0.00000 0.35187
vt 0.01702 0.35187
vt 0.00000 0.35187
vt 0.36592 0.37644
vt 0.36592 0.35205
vt 0.36592 0.52268
vt 0.36592 0.25461
vt 0.36592 0.30936
vt 0.36592 0.30069
vt 0.34146 0.55794
vt 0.34146 0.61455
vt 0.32473 0.54699
vt 0.36592 0.61798
vt 0.32473 0.54699
vt 0.30766 0.60152
vt 0.29420 0.52988
vt 0.31311 0.51754
vt 0.36592 0.49828
vt 0.31311 0.51754
vt 0.36592 0.56058
vt 0.36592 0.49828
vt 0.36592 0.37644
vt 0.32311 0.34233
vt 0.30766 0.34992
vt 0.36592 0.37644
vt 0.36592 0.30936
vt 0.32311 0.34233
vt 0.36592 0.30936
vt 0.36592 0.25461
vt 0.31865 0.29175
vt 0.36592 0.61798
vt 0.36592 0.56058
vt 0.32473 0.54699
vt 0.36592 0.61798
vt 0.36592 0.65989
vt 0.36592 0.56058
vt 0.36592 0.49828
vt 0.36592 0.56058
vt 0.36592 0.30936
vt 0.29408 0.36458
vt 0.30766 0.34992
vt 0.32311 0.34233
vt 0.29226 0.55901
vt 0.29226 0.57358
vt 0.30766 0.60152
vt 0.30751 0.51425
vt 0.29192 0.52256
vt 0.29226 0.53631
vt 0.36592 0.30936
vt 0.31865 0.29175
vt 0.32311 0.34233
vt 0.29223 0.29964
vt 0.29226 0.33547
vt 0.29227 0.35047
vt 0.34146 0.49828
vt 0.32473 0.54699
vt 0.31311 0.51754
vt 0.34146 0.49828
vt 0.34146 0.55794
vt 0.32473 0.54699
vt 0.29408 0.36458
vt 0.32311 0.34233
vt 0.34146 0.37644
vt 0.34146 0.25461
vt 0.34146 0.30069
vt 0.31865 0.29175
vt 0.32311 0.34233
vt 0.34146 0.30069
vt 0.34146 0.37644
vt 0.29226 0.57358
vt 0.29226 0.55901
vt 0.29226 0.55794
vt 0.29539 0.33911
vt 0.29408 0.36458
vt 0.29227 0.35047
vt 0.29223 0.29964
vt 0.29226 0.31283
vt 0.29248 0.31173
vt 0.36592 0.49828
vt 0.36592 0.30936
vt 0.36592 0.37644
vt 0.36592 0.23008
vt 0.36592 0.30069
vt 0.36592 0.23008
vt 0.36592 0.30936
vt 0.36592 0.56058
vt 0.36592 0.30069
vt 0.36592 0.56058
vt 0.36592 0.56058
vt 0.36592 0.30936
vt 0.31311 0.51754
vt 0.32473 0.54699
vt 0.36592 0.56058
vt 0.36592 0.37644
vt 0.36592 0.52268
vt 0.36592 0.49828
vt 0.36592 0.65594
vt 0.36592 0.65989
vt 0.36592 0.61798
vt 0.36592 0.25461
vt 0.36592 0.30069
vt 0.36592 0.23008
vt 0.29226 0.31283
vt 0.29223 0.29964
vt 0.29227 0.35047
vt 0.29226 0.55901
vt 0.30766 0.60152
vt 0.32473 0.54699
vt 0.29226 0.55794
vt 0.29226 0.57358
vt 0.29226 0.56966
vt 0.29166 0.33396
vt 0.29302 0.28455
vt 0.29197 0.30591
vt 0.32604 0.53977
vt 0.30766 0.60152
vt 0.30766 0.58831
vt 0.30751 0.51425
vt 0.29226 0.53631
vt 0.29662 0.53123
vt 0.36592 0.52268
vt 0.36592 0.37644
vt 0.36592 0.49828
vt 0.36592 0.30069
vt 0.36592 0.30069
vt 0.36592 0.30936
vt 0.36592 0.23008
vt 0.36592 0.30069
vt 0.36592 0.30069
vt 0.29420 0.52988
vt 0.29226 0.52326
vt 0.29525 0.51983
vt 0.36592 0.30936
vt 0.36592 0.49828
vt 0.36592 0.37644
vt 0.36592 0.25461
vt 0.36592 0.30069
vt 0.36592 0.30936
vt 0.29193 0.55826
vt 0.30766 0.60152
vt 0.29226 0.57358
vt 0.36592 0.56058
vt 0.36592 0.61798
vt 0.36592 0.56058
vt 0.36592 0.25461
vt 0.36592 0.30936
vt 0.31826 0.29188
vt 0.36592 0.52268
vt 0.36592 0.35205
vt 0.36592 0.37644
vt 0.36592 0.56058
vt 0.36592 0.65989
vt 0.36592 0.65724
vt 0.30766 0.60152
vt 0.32604 0.53977
vt 0.36592 0.61798
vt 0.36592 0.56058
vt 0.36592 0.61798
vt 0.32604 0.53977
vt 0.36592 0.25461
vt 0.31826 0.29188
vt 0.29302 0.28455
vt 0.36592 0.30936
vt 0.36592 0.30069
vt 0.36592 0.56058
vt 0.34146 0.37644
vt 0.31967 0.34571
vt 0.30766 0.36409
vt 0.34146 0.37644
vt 0.34146 0.30069
vt 0.31967 0.34571
vt 0.34146 0.61455
vt 0.32604 0.53977
vt 0.30766 0.58831
vt 0.34146 0.61455
vt 0.34146 0.55794
vt 0.32604 0.53977
vt 0.36592 0.56058
vt 0.36592 0.65724
vt 0.36592 0.61798
vt 0.36592 0.25461
vt 0.36592 0.23008
vt 0.36592 0.23008
vt 0.36592 0.30936
vt 0.36592 0.56058
vt 0.36592 0.49828
vt 0.36592 0.25461
vt 0.36592 0.23008
vt 0.36592 0.30069
vt 0.34146 0.30069
vt 0.32311 0.34233
vt 0.31865 0.29175
vt 0.29226 0.55794
vt 0.29226 0.52326
vt 0.29226 0.56966
vt 0.29226 0.56966
vt 0.29226 0.57358
vt 0.29226 0.55794
vt 0.29226 0.52326
vt 0.29420 0.52988
vt 0.29226 0.56966
vt 0.31865 0.29175
vt 0.29223 0.29964
vt 0.29248 0.31173
vt 0.31967 0.34571
vt 0.36592 0.30936
vt 0.36592 0.37644
vt 0.36592 0.49828
vt 0.32604 0.53977
vt 0.30751 0.51425
vt 0.36592 0.49828
vt 0.36592 0.56058
vt 0.32604 0.53977
vt 0.29525 0.51983
vt 0.31311 0.51754
vt 0.29420 0.52988
vt 0.29227 0.35047
vt 0.29226 0.33547
vt 0.29539 0.33911
vt 0.29539 0.33911
vt 0.30766 0.34992
vt 0.29408 0.36458
vt 0.29226 0.53631
vt 0.29192 0.52256
vt 0.29226 0.56966
vt 0.29226 0.55794
vt 0.29193 0.55826
vt 0.29226 0.57358
vt 0.29192 0.52256
vt 0.29226 0.55794
vt 0.29226 0.56966
vt 0.30766 0.36409
vt 0.31967 0.34571
vt 0.29166 0.33396
vt 0.29266 0.35090
vt 0.30766 0.36409
vt 0.29166 0.33396
vt 0.31826 0.29188
vt 0.31967 0.34571
vt 0.34146 0.30069
vt 0.31826 0.29188
vt 0.29197 0.30591
vt 0.29302 0.28455
vt 0.29166 0.33396
vt 0.29226 0.35041
vt 0.29266 0.35090
vt 0.29197 0.30591
vt 0.29226 0.35041
vt 0.29166 0.33396
vt 0.31826 0.29188
vt 0.34146 0.30069
vt 0.34146 0.25461
vt 0.32604 0.53977
vt 0.34146 0.55794
vt 0.34146 0.49828
vt 0.30751 0.51425
vt 0.32604 0.53977
vt 0.34146 0.49828
vt 0.31967 0.34571
vt 0.31826 0.29188
vt 0.36592 0.30936
vt 0.29193 0.55826
vt 0.30766 0.58831
vt 0.30766 0.60152
vt 0.45621 0.50497
vt 0.29178 0.37892
vt 0.45621 0.39489
vt 0.45621 0.50497
vt 0.29122 0.47792
vt 0.29178 0.37892
vt 0.45621 0.43642
vt 0.45621 0.39489
vt 0.29178 0.37892
vt 0.45621 0.50497
vt 0.45621 0.43642
vt 0.29120 0.44212
vt 0.45621 0.43642
vt 0.29178 0.37892
vt 0.29120 0.44212
vt 0.45621 0.50497
vt 0.29120 0.44212
vt 0.29122 0.47792
vt 0.45621 0.43642
vt 0.45621 0.34358
vt 0.45621 0.39489
vt 0.49787 0.65951
vt 0.49787 0.65958
vt 0.49787 0.68455
vt 0.82687 0.68455
vt 0.81434 0.68455
vt 0.81434 0.68455
vt 0.80156 0.68455
vt 0.78903 0.68455
vt 0.78903 0.68455
vt 0.52318 0.68455
vt 0.51065 0.68455
vt 0.51065 0.65958
vt 0.49787 0.68455
vt 0.48535 0.68455
vt 0.48535 0.65958
vt 0.62441 0.65958
vt 0.62441 0.65951
vt 0.62441 0.68455
vt 0.80156 0.65951
vt 0.80156 0.65951
vt 0.80156 0.68455
vt 0.80156 0.65951
vt 0.80156 0.65958
vt 0.80156 0.68455
vt 0.64972 0.68455
vt 0.63719 0.68455
vt 0.63719 0.68455
vt 0.62441 0.68455
vt 0.61188 0.68455
vt 0.61188 0.68455
vt 0.59910 0.68455
vt 0.58658 0.68455
vt 0.58658 0.68455
vt 0.52318 0.65958
vt 0.52318 0.65951
vt 0.52318 0.68455
vt 0.52318 0.65951
vt 0.52318 0.65951
vt 0.52318 0.68455
vt 0.52318 0.65951
vt 0.52318 0.65958
vt 0.52318 0.68455
vt 0.49787 0.65958
vt 0.49787 0.65951
vt 0.49787 0.68455
vt 0.49787 0.65951
vt 0.49787 0.65951
vt 0.49787 0.68455
vt 0.47256 0.66305
vt 0.48535 0.65951
vt 0.48535 0.65951
vt 0.48535 0.65958
vt 0.48535 0.65951
vt 0.48535 0.68455
vt 0.48535 0.65951
vt 0.48535 0.65951
vt 0.48535 0.68455
vt 0.75095 0.65951
vt 0.75095 0.65951
vt 0.75095 0.68455
vt 0.75095 0.65951
vt 0.75095 0.65958
vt 0.75095 0.68455
vt 0.72564 0.68455
vt 0.71311 0.68455
vt 0.71311 0.68455
vt 0.70033 0.68455
vt 0.68780 0.68455
vt 0.68780 0.68455
vt 0.67502 0.68455
vt 0.66250 0.68455
vt 0.66250 0.68455
vt 0.59910 0.65958
vt 0.59910 0.65951
vt 0.59910 0.68455
vt 0.59910 0.65951
vt 0.59910 0.65951
vt 0.59910 0.68455
vt 0.59910 0.65951
vt 0.59910 0.65958
vt 0.59910 0.68455
vt 0.57379 0.68455
vt 0.56127 0.68455
vt 0.56127 0.68455
vt 0.54849 0.68455
vt 0.53596 0.68455
vt 0.53596 0.68455
vt 0.52318 0.68455
vt 0.51065 0.68455
vt 0.51065 0.68455
vt 0.49787 0.68455
vt 0.48535 0.68455
vt 0.48535 0.68455
vt 0.67502 0.65951
vt 0.68780 0.65951
vt 0.68780 0.65951
vt 0.54849 0.65958
vt 0.54849 0.65951
vt 0.54849 0.68455
vt 0.54849 0.65951
vt 0.54849 0.65951
vt 0.54849 0.68455
vt 0.54849 0.65951
vt 0.54849 0.65958
vt 0.54849 0.68455
vt 0.63719 0.65958
vt 0.63719 0.65951
vt 0.63719 0.68455
vt 0.63719 0.65951
vt 0.63719 0.65951
vt 0.63719 0.68455
vt 0.70033 0.65951
vt 0.71311 0.65951
vt 0.71311 0.65951
vt 0.62441 0.65951
vt 0.63719 0.65951
vt 0.63719 0.65951
vt 0.72564 0.65958
vt 0.72564 0.65951
vt 0.72564 0.68455
vt 0.68780 0.65958
vt 0.68780 0.65951
vt 0.68780 0.68455
vt 0.68780 0.65951
vt 0.68780 0.65951
vt 0.68780 0.68455
vt 0.68780 0.65951
vt 0.68780 0.65958
vt 0.68780 0.68455
vt 0.75095 0.65958
vt 0.75095 0.65951
vt 0.75095 0.68455
vt 0.73842 0.65958
vt 0.73842 0.65951
vt 0.73842 0.68455
vt 0.73842 0.65951
vt 0.73842 0.65951
vt 0.73842 0.68455
vt 0.73842 0.65951
vt 0.73842 0.65958
vt 0.73842 0.68455
vt 0.75095 0.65951
vt 0.76373 0.65951
vt 0.76373 0.65951
vt 0.51065 0.65958
vt 0.51065 0.65951
vt 0.51065 0.68455
vt 0.51065 0.65951
vt 0.51065 0.65951
vt 0.51065 0.68455
vt 0.63719 0.65951
vt 0.63719 0.65958
vt 0.63719 0.68455
vt 0.80156 0.65951
vt 0.81434 0.65951
vt 0.81434 0.65951
vt 0.43508 0.63454
vt 0.61188 0.65951
vt 0.62441 0.65951
vt 0.43508 0.60696
vt 0.43508 0.63454
vt 0.43508 0.56426
vt 0.86027 0.68455
vt 0.92097 0.68455
vt 0.93788 0.65835
vt 0.86027 0.55142
vt 0.86027 0.68455
vt 0.90367 0.61577
vt 0.64972 0.65951
vt 0.66250 0.65951
vt 0.66250 0.65951
vt 0.58658 0.65958
vt 0.58658 0.65951
vt 0.58658 0.68455
vt 0.58658 0.65951
vt 0.58658 0.65951
vt 0.58658 0.68455
vt 0.58658 0.65951
vt 0.58658 0.65958
vt 0.58658 0.68455
vt 0.51065 0.65951
vt 0.51065 0.65958
vt 0.51065 0.68455
vt 0.70033 0.65958
vt 0.70033 0.65951
vt 0.70033 0.68455
vt 0.70033 0.65951
vt 0.70033 0.65951
vt 0.70033 0.68455
vt 0.70033 0.65951
vt 0.70033 0.65958
vt 0.70033 0.68455
vt 0.64972 0.65958
vt 0.64972 0.65951
vt 0.64972 0.68455
vt 0.64972 0.65951
vt 0.64972 0.65951
vt 0.64972 0.68455
vt 0.64972 0.65951
vt 0.64972 0.65958
vt 0.64972 0.68455
vt 0.90466 0.59738
vt 0.93814 0.56500
vt 0.87572 0.58078
vt 0.47256 0.66656
vt 0.43508 0.66624
vt 0.43508 0.67009
vt 0.90367 0.61577
vt 0.93788 0.65835
vt 0.87572 0.65076
vt 0.92824 0.65925
vt 0.86027 0.68455
vt 0.89035 0.64961
vt 0.86027 0.68455
vt 0.87189 0.57943
vt 0.87272 0.59540
vt 0.86027 0.68455
vt 0.87272 0.59540
vt 0.89035 0.64961
vt 0.93378 0.56749
vt 0.86027 0.55142
vt 0.90367 0.61577
vt 0.75095 0.68455
vt 0.73842 0.68455
vt 0.75095 0.68455
vt 0.72564 0.68455
vt 0.71311 0.68455
vt 0.72564 0.68455
vt 0.70033 0.68455
vt 0.68780 0.68455
vt 0.70033 0.68455
vt 0.67502 0.68455
vt 0.66250 0.68455
vt 0.67502 0.68455
vt 0.64972 0.68455
vt 0.63719 0.68455
vt 0.64972 0.68455
vt 0.62441 0.68455
vt 0.61188 0.68455
vt 0.62441 0.68455
vt 0.54849 0.68455
vt 0.53596 0.65958
vt 0.54849 0.65958
vt 0.52318 0.68455
vt 0.51065 0.65958
vt 0.52318 0.65958
vt 0.54849 0.68455
vt 0.53596 0.68455
vt 0.54849 0.68455
vt 0.52318 0.68455
vt 0.51065 0.68455
vt 0.52318 0.68455
vt 0.49787 0.68455
vt 0.48535 0.68455
vt 0.49787 0.68455
vt 0.67502 0.65951
vt 0.68780 0.65951
vt 0.67502 0.65951
vt 0.47256 0.66305
vt 0.48535 0.65951
vt 0.47256 0.66656
vt 0.48535 0.68455
vt 0.48535 0.68455
vt 0.48535 0.65951
vt 0.80156 0.68455
vt 0.78903 0.68455
vt 0.80156 0.68455
vt 0.77625 0.68455
vt 0.76373 0.68455
vt 0.77625 0.68455
vt 0.59910 0.68455
vt 0.58658 0.68455
vt 0.59910 0.68455
vt 0.57379 0.68455
vt 0.56127 0.68455
vt 0.57379 0.68455
vt 0.93814 0.56500
vt 0.93378 0.56749
vt 0.87572 0.58078
vt 0.90367 0.61577
vt 0.87572 0.65076
vt 0.87572 0.58078
vt 0.90466 0.59738
vt 0.87572 0.58078
vt 0.87572 0.65076
vt 0.77625 0.68455
vt 0.77625 0.68455
vt 0.77625 0.65951
vt 0.57379 0.65951
vt 0.58658 0.65951
vt 0.57379 0.65951
vt 0.75095 0.65958
vt 0.73842 0.68455
vt 0.75095 0.68455
vt 0.72564 0.65958
vt 0.71311 0.68455
vt 0.72564 0.68455
vt 0.70033 0.65958
vt 0.68780 0.68455
vt 0.70033 0.68455
vt 0.67502 0.65958
vt 0.66250 0.68455
vt 0.67502 0.68455
vt 0.64972 0.65958
vt 0.63719 0.68455
vt 0.64972 0.68455
vt 0.62441 0.65958
vt 0.61188 0.68455
vt 0.62441 0.68455
vt 0.71311 0.68455
vt 0.71311 0.68455
vt 0.71311 0.65951
vt 0.78903 0.68455
vt 0.78903 0.68455
vt 0.78903 0.65951
vt 0.54849 0.68455
vt 0.53596 0.65958
vt 0.53596 0.68455
vt 0.52318 0.68455
vt 0.51065 0.65958
vt 0.51065 0.68455
vt 0.49787 0.68455
vt 0.48535 0.65958
vt 0.48535 0.68455
vt 0.82687 0.65958
vt 0.81434 0.68455
vt 0.81434 0.65958
vt 0.80156 0.65958
vt 0.78903 0.68455
vt 0.78903 0.65958
vt 0.77625 0.68455
vt 0.76373 0.65958
vt 0.77625 0.65958
vt 0.80156 0.65958
vt 0.78903 0.68455
vt 0.80156 0.68455
vt 0.77625 0.65958
vt 0.76373 0.68455
vt 0.77625 0.68455
vt 0.59910 0.65958
vt 0.58658 0.68455
vt 0.59910 0.68455
vt 0.57379 0.65958
vt 0.56127 0.68455
vt 0.57379 0.68455
vt 0.49787 0.68455
vt 0.48535 0.65958
vt 0.49787 0.65958
vt 0.62441 0.68455
vt 0.62441 0.68455
vt 0.62441 0.65951
vt 0.76373 0.68455
vt 0.76373 0.68455
vt 0.76373 0.65951
vt 0.52318 0.68455
vt 0.52318 0.68455
vt 0.52318 0.65951
vt 0.49787 0.68455
vt 0.49787 0.68455
vt 0.49787 0.65951
vt 0.82687 0.68455
vt 0.81434 0.68455
vt 0.82687 0.68455
vt 0.75095 0.68455
vt 0.73842 0.65958
vt 0.75095 0.65958
vt 0.72564 0.65958
vt 0.71311 0.68455
vt 0.71311 0.65958
vt 0.62441 0.65958
vt 0.61188 0.68455
vt 0.61188 0.65958
vt 0.59910 0.65958
vt 0.58658 0.68455
vt 0.58658 0.65958
vt 0.57379 0.68455
vt 0.56127 0.65958
vt 0.57379 0.65958
vt 0.86027 0.55142
vt 0.86027 0.60696
vt 0.87189 0.57943
vt 0.43508 0.56426
vt 0.86027 0.55142
vt 0.87189 0.57943
vt 0.86027 0.60696
vt 0.43508 0.60043
vt 0.87189 0.57943
vt 0.47256 0.66656
vt 0.43508 0.67009
vt 0.47256 0.66305
vt 0.93814 0.56500
vt 0.87572 0.58078
vt 0.87572 0.58078
vt 0.70033 0.65958
vt 0.68780 0.68455
vt 0.68780 0.65958
vt 0.67502 0.65958
vt 0.66250 0.68455
vt 0.66250 0.65958
vt 0.64972 0.68455
vt 0.63719 0.65958
vt 0.64972 0.65958
vt 0.66250 0.68455
vt 0.66250 0.68455
vt 0.66250 0.65951
vt 0.56127 0.68455
vt 0.56127 0.68455
vt 0.56127 0.65951
vt 0.80156 0.68455
vt 0.80156 0.68455
vt 0.80156 0.65951
vt 0.80156 0.65951
vt 0.81434 0.65951
vt 0.80156 0.65951
vt 0.90466 0.59738
vt 0.87572 0.65076
vt 0.92824 0.65925
vt 0.93788 0.65835
vt 0.87572 0.65076
vt 0.87572 0.65076
vt 0.59910 0.65951
vt 0.61188 0.65951
vt 0.59910 0.65951
vt 0.72564 0.65951
vt 0.73842 0.65951
vt 0.73842 0.65951
vt 0.82687 0.68455
vt 0.82687 0.68455
vt 0.82687 0.65951
vt 0.54849 0.65951
vt 0.56127 0.65951
vt 0.54849 0.65951
vt 0.77625 0.65951
vt 0.78903 0.65951
vt 0.77625 0.65951
vt 0.82687 0.65958
vt 0.81434 0.68455
vt 0.82687 0.68455
vt 0.59910 0.68455
vt 0.59910 0.68455
vt 0.59910 0.65951
vt 0.67502 0.68455
vt 0.67502 0.68455
vt 0.67502 0.65951
vt 0.58658 0.68455
vt 0.58658 0.68455
vt 0.58658 0.65951
vt 0.75095 0.65951
vt 0.76373 0.65951
vt 0.75095 0.65951
vt 0.49787 0.65951
vt 0.51065 0.65951
vt 0.49787 0.65951
vt 0.53596 0.68455
vt 0.53596 0.68455
vt 0.53596 0.65951
vt 0.52318 0.65951
vt 0.53596 0.65951
vt 0.52318 0.65951
vt 0.82687 0.65951
vt 0.84023 0.66422
vt 0.82687 0.65951
vt 0.86027 0.63454
vt 0.86027 0.60696
vt 0.86027 0.55142
vt 0.90367 0.61577
vt 0.87572 0.58078
vt 0.93378 0.56749
vt 0.56127 0.65958
vt 0.56127 0.65951
vt 0.56127 0.68455
vt 0.56127 0.65951
vt 0.56127 0.65951
vt 0.56127 0.68455
vt 0.48535 0.65951
vt 0.48535 0.65958
vt 0.48535 0.68455
vt 0.77625 0.65958
vt 0.77625 0.65951
vt 0.77625 0.68455
vt 0.77625 0.65951
vt 0.77625 0.65951
vt 0.77625 0.68455
vt 0.43508 0.63454
vt 0.43508 0.67009
vt 0.43508 0.66624
vt 0.86027 0.68455
vt 0.84023 0.66471
vt 0.86027 0.63454
vt 0.86027 0.63454
vt 0.43508 0.60696
vt 0.86027 0.60696
vt 0.43508 0.63454
vt 0.43508 0.60696
vt 0.43508 0.60696
vt 0.61188 0.65951
vt 0.59910 0.65951
vt 0.43508 0.63454
vt 0.66250 0.65958
vt 0.66250 0.65951
vt 0.66250 0.68455
vt 0.66250 0.65951
vt 0.66250 0.65951
vt 0.66250 0.68455
vt 0.66250 0.65951
vt 0.66250 0.65958
vt 0.66250 0.68455
vt 0.92097 0.68455
vt 0.86027 0.68455
vt 0.86027 0.68455
vt 0.92824 0.65925
vt 0.87572 0.65076
vt 0.93788 0.65835
vt 0.43508 0.63454
vt 0.47256 0.66656
vt 0.48535 0.65951
vt 0.48535 0.65951
vt 0.48535 0.65958
vt 0.49787 0.65958
vt 0.73842 0.68455
vt 0.73842 0.68455
vt 0.73842 0.65951
vt 0.54849 0.68455
vt 0.54849 0.68455
vt 0.54849 0.65951
vt 0.63719 0.68455
vt 0.63719 0.68455
vt 0.63719 0.65951
vt 0.76373 0.65951
vt 0.86027 0.63454
vt 0.75095 0.65951
vt 0.43508 0.63454
vt 0.51065 0.65951
vt 0.52318 0.65951
vt 0.51065 0.68455
vt 0.51065 0.68455
vt 0.51065 0.65951
vt 0.70033 0.68455
vt 0.70033 0.68455
vt 0.70033 0.65951
vt 0.64972 0.68455
vt 0.64972 0.68455
vt 0.64972 0.65951
vt 0.57379 0.68455
vt 0.57379 0.68455
vt 0.57379 0.65951
vt 0.70033 0.65951
vt 0.71311 0.65951
vt 0.70033 0.65951
vt 0.62441 0.65951
vt 0.63719 0.65951
vt 0.62441 0.65951
vt 0.72564 0.68455
vt 0.72564 0.68455
vt 0.72564 0.65951
vt 0.81434 0.68455
vt 0.81434 0.68455
vt 0.81434 0.65951
vt 0.89035 0.64961
vt 0.90466 0.59738
vt 0.92824 0.65925
vt 0.68780 0.68455
vt 0.68780 0.68455
vt 0.68780 0.65951
vt 0.75095 0.68455
vt 0.75095 0.68455
vt 0.75095 0.65951
vt 0.70033 0.65951
vt 0.71311 0.65951
vt 0.86027 0.63454
vt 0.43508 0.63454
vt 0.56127 0.65951
vt 0.57379 0.65951
vt 0.64972 0.65951
vt 0.66250 0.65951
vt 0.64972 0.65951
vt 0.61188 0.68455
vt 0.61188 0.68455
vt 0.61188 0.65951
vt 0.90466 0.59738
vt 0.87189 0.57943
vt 0.93814 0.56500
vt 0.86027 0.68455
vt 0.92097 0.68455
vt 0.86027 0.68455
vt 0.81434 0.65958
vt 0.82687 0.65958
vt 0.82687 0.65951
vt 0.61188 0.65951
vt 0.61188 0.65958
vt 0.62441 0.65958
vt 0.43508 0.63454
vt 0.59910 0.65951
vt 0.61188 0.65951
vt 0.86027 0.68455
vt 0.93788 0.65835
vt 0.90367 0.61577
vt 0.48535 0.65951
vt 0.49787 0.65958
vt 0.49787 0.65951
vt 0.80156 0.65951
vt 0.86027 0.63454
vt 0.78903 0.65951
vt 0.78903 0.65958
vt 0.80156 0.65958
vt 0.78903 0.65951
vt 0.43508 0.60696
vt 0.43508 0.66624
vt 0.43508 0.63454
vt 0.86027 0.63454
vt 0.43508 0.63454
vt 0.64972 0.65951
vt 0.84023 0.66422
vt 0.86027 0.63454
vt 0.82687 0.65951
vt 0.43508 0.63454
vt 0.43508 0.66624
vt 0.47256 0.66656
vt 0.76373 0.65958
vt 0.77625 0.65958
vt 0.77625 0.65951
vt 0.77625 0.65951
vt 0.86027 0.63454
vt 0.76373 0.65951
vt 0.76373 0.65951
vt 0.76373 0.65958
vt 0.77625 0.65951
vt 0.82687 0.65951
vt 0.86027 0.63454
vt 0.81434 0.65951
vt 0.81434 0.65951
vt 0.81434 0.65958
vt 0.82687 0.65951
vt 0.81434 0.65951
vt 0.86027 0.63454
vt 0.80156 0.65951
vt 0.72564 0.65951
vt 0.86027 0.63454
vt 0.71311 0.65951
vt 0.43508 0.63454
vt 0.52318 0.65951
vt 0.53596 0.65951
vt 0.53596 0.65951
vt 0.53596 0.65958
vt 0.54849 0.65958
vt 0.80156 0.65958
vt 0.80156 0.65951
vt 0.78903 0.65951
vt 0.78903 0.65951
vt 0.86027 0.63454
vt 0.77625 0.65951
vt 0.43508 0.63454
vt 0.48535 0.65951
vt 0.49787 0.65951
vt 0.51065 0.65951
vt 0.51065 0.65958
vt 0.52318 0.65958
vt 0.43508 0.63454
vt 0.49787 0.65951
vt 0.51065 0.65951
vt 0.56127 0.65951
vt 0.56127 0.65958
vt 0.57379 0.65958
vt 0.43508 0.63454
vt 0.54849 0.65951
vt 0.56127 0.65951
vt 0.70033 0.65951
vt 0.86027 0.63454
vt 0.68780 0.65951
vt 0.43508 0.67009
vt 0.43508 0.63454
vt 0.47256 0.66305
vt 0.86027 0.63454
vt 0.81434 0.65951
vt 0.80156 0.65951
vt 0.51065 0.65951
vt 0.52318 0.65958
vt 0.52318 0.65951
vt 0.75095 0.65951
vt 0.86027 0.63454
vt 0.73842 0.65951
vt 0.73842 0.65958
vt 0.75095 0.65958
vt 0.75095 0.65951
vt 0.56127 0.65951
vt 0.57379 0.65958
vt 0.57379 0.65951
vt 0.68780 0.65951
vt 0.86027 0.63454
vt 0.67502 0.65951
vt 0.66250 0.65958
vt 0.67502 0.65958
vt 0.66250 0.65951
vt 0.53596 0.65951
vt 0.54849 0.65958
vt 0.54849 0.65951
vt 0.73842 0.65951
vt 0.73842 0.65958
vt 0.75095 0.65951
vt 0.71311 0.65958
vt 0.72564 0.65958
vt 0.72564 0.65951
vt 0.72564 0.65951
vt 0.73842 0.65951
vt 0.86027 0.63454
vt 0.43508 0.63454
vt 0.53596 0.65951
vt 0.54849 0.65951
vt 0.58658 0.65951
vt 0.59910 0.65958
vt 0.59910 0.65951
vt 0.63719 0.65958
vt 0.64972 0.65958
vt 0.64972 0.65951
vt 0.43508 0.63454
vt 0.58658 0.65951
vt 0.59910 0.65951
vt 0.71311 0.65951
vt 0.71311 0.65958
vt 0.72564 0.65951
vt 0.68780 0.65958
vt 0.70033 0.65958
vt 0.68780 0.65951
vt 0.70033 0.65958
vt 0.70033 0.65951
vt 0.68780 0.65951
vt 0.51065 0.65951
vt 0.43508 0.63454
vt 0.52318 0.65951
vt 0.75095 0.65951
vt 0.73842 0.65958
vt 0.73842 0.65951
vt 0.63719 0.65951
vt 0.64972 0.65951
vt 0.43508 0.63454
vt 0.86027 0.68455
vt 0.86027 0.68455
vt 0.86027 0.55142
vt 0.67502 0.65958
vt 0.67502 0.65951
vt 0.66250 0.65951
vt 0.67502 0.65951
vt 0.86027 0.63454
vt 0.66250 0.65951
vt 0.66250 0.65951
vt 0.86027 0.63454
vt 0.64972 0.65951
vt 0.43508 0.63454
vt 0.57379 0.65951
vt 0.58658 0.65951
vt 0.58658 0.65951
vt 0.58658 0.65958
vt 0.59910 0.65958
vt 0.54849 0.65951
vt 0.53596 0.65951
vt 0.43508 0.63454
vt 0.57379 0.65958
vt 0.56127 0.65958
vt 0.56127 0.65951
vt 0.63719 0.65951
vt 0.63719 0.65958
vt 0.64972 0.65951
vt 0.61188 0.65951
vt 0.62441 0.65958
vt 0.62441 0.65951
vt 0.62441 0.65951
vt 0.63719 0.65951
vt 0.43508 0.63454
vt 0.43508 0.63454
vt 0.43508 0.66624
vt 0.43508 0.60696
vt 0.86027 0.55142
vt 0.86027 0.63454
vt 0.86027 0.63454
vt 0.82687 0.65951
vt 0.81434 0.65958
vt 0.81434 0.65951
vt 0.86027 0.63454
vt 0.82687 0.65951
vt 0.81434 0.65951
vt 0.43508 0.55476
vt 0.43508 0.56426
vt 0.86027 0.55142
vt 0.43508 0.56426
vt 0.43508 0.63454
vt 0.86027 0.63454
vt 0.59910 0.65951
vt 0.58658 0.65951
vt 0.43508 0.63454
vt 0.43508 0.63454
vt 0.62441 0.65951
vt 0.61188 0.65951
vt 0.48535 0.65951
vt 0.47256 0.66305
vt 0.43508 0.63454
vt 0.49787 0.65958
vt 0.48535 0.65958
vt 0.48535 0.65951
vt 0.49787 0.65951
vt 0.49787 0.65958
vt 0.48535 0.65951
vt 0.43508 0.63454
vt 0.86027 0.63454
vt 0.64972 0.65951
vt 0.82687 0.65951
vt 0.82687 0.65958
vt 0.81434 0.65958
vt 0.86027 0.63454
vt 0.84023 0.66471
vt 0.82687 0.65951
vt 0.52318 0.65958
vt 0.51065 0.65958
vt 0.51065 0.65951
vt 0.51065 0.65951
vt 0.49787 0.65951
vt 0.43508 0.63454
vt 0.86027 0.63454
vt 0.76373 0.65951
vt 0.75095 0.65951
vt 0.86027 0.63454
vt 0.43508 0.63454
vt 0.43508 0.60696
vt 0.80156 0.65951
vt 0.80156 0.65958
vt 0.78903 0.65951
vt 0.80156 0.65958
vt 0.78903 0.65958
vt 0.78903 0.65951
vt 0.86027 0.63454
vt 0.80156 0.65951
vt 0.78903 0.65951
vt 0.72564 0.65951
vt 0.72564 0.65958
vt 0.71311 0.65958
vt 0.86027 0.63454
vt 0.73842 0.65951
vt 0.72564 0.65951
vt 0.72564 0.65951
vt 0.71311 0.65958
vt 0.71311 0.65951
vt 0.77625 0.65951
vt 0.77625 0.65958
vt 0.76373 0.65958
vt 0.86027 0.63454
vt 0.78903 0.65951
vt 0.77625 0.65951
vt 0.77625 0.65951
vt 0.76373 0.65958
vt 0.76373 0.65951
vt 0.86027 0.63454
vt 0.77625 0.65951
vt 0.76373 0.65951
vt 0.49787 0.65951
vt 0.48535 0.65951
vt 0.43508 0.63454
vt 0.70033 0.65951
vt 0.70033 0.65958
vt 0.68780 0.65951
vt 0.70033 0.65958
vt 0.68780 0.65958
vt 0.68780 0.65951
vt 0.86027 0.63454
vt 0.70033 0.65951
vt 0.68780 0.65951
vt 0.75095 0.65951
vt 0.75095 0.65958
vt 0.73842 0.65958
vt 0.86027 0.63454
vt 0.75095 0.65951
vt 0.73842 0.65951
vt 0.52318 0.65958
vt 0.51065 0.65951
vt 0.52318 0.65951
vt 0.82687 0.65951
vt 0.82687 0.65958
vt 0.82687 0.68455
vt 0.54849 0.65951
vt 0.56127 0.65951
vt 0.56127 0.65951
vt 0.86027 0.63454
vt 0.68780 0.65951
vt 0.67502 0.65951
vt 0.86027 0.63454
vt 0.67502 0.65951
vt 0.66250 0.65951
vt 0.57379 0.65958
vt 0.56127 0.65951
vt 0.57379 0.65951
vt 0.86027 0.63454
vt 0.72564 0.65951
vt 0.71311 0.65951
vt 0.53596 0.65951
vt 0.52318 0.65951
vt 0.43508 0.63454
vt 0.54849 0.65958
vt 0.53596 0.65958
vt 0.53596 0.65951
vt 0.54849 0.65951
vt 0.54849 0.65958
vt 0.53596 0.65951
vt 0.86027 0.63454
vt 0.71311 0.65951
vt 0.70033 0.65951
vt 0.59910 0.65951
vt 0.59910 0.65958
vt 0.58658 0.65951
vt 0.64972 0.65951
vt 0.63719 0.65958
vt 0.63719 0.65951
vt 0.62441 0.65951
vt 0.62441 0.65958
vt 0.61188 0.65951
vt 0.57379 0.65958
vt 0.56127 0.65958
vt 0.56127 0.68455
vt 0.54849 0.68455
vt 0.54849 0.65958
vt 0.53596 0.65958
vt 0.56127 0.65951
vt 0.54849 0.65951
vt 0.43508 0.63454
vt 0.67502 0.65951
vt 0.67502 0.65958
vt 0.66250 0.65951
vt 0.67502 0.65958
vt 0.66250 0.65958
vt 0.66250 0.65951
vt 0.87189 0.57943
vt 0.86027 0.68455
vt 0.86027 0.68455
vt 0.93814 0.56500
vt 0.87189 0.57943
vt 0.86027 0.55142
vt 0.56127 0.65951
vt 0.43508 0.63454
vt 0.57379 0.65951
vt 0.86027 0.63454
vt 0.66250 0.65951
vt 0.64972 0.65951
vt 0.64972 0.65951
vt 0.64972 0.65958
vt 0.63719 0.65958
vt 0.58658 0.65951
vt 0.57379 0.65951
vt 0.43508 0.63454
vt 0.59910 0.65958
vt 0.58658 0.65958
vt 0.58658 0.65951
vt 0.43508 0.60043
vt 0.43508 0.56426
vt 0.87189 0.57943
vt 0.43508 0.56426
vt 0.43508 0.55476
vt 0.86027 0.55142
vt 0.86027 0.60696
vt 0.43508 0.60696
vt 0.43508 0.60043
vt 0.62441 0.65958
vt 0.61188 0.65958
vt 0.61188 0.65951
vt 0.43508 0.63454
vt 0.64972 0.65951
vt 0.63719 0.65951
vt 0.43508 0.63454
vt 0.63719 0.65951
vt 0.62441 0.65951
vt 0.62441 0.65951
vt 0.62441 0.65951
vt 0.62441 0.68455
vt 0.62441 0.65951
vt 0.62441 0.65958
vt 0.62441 0.68455
vt 0.53596 0.65951
vt 0.53596 0.65951
vt 0.53596 0.68455
vt 0.53596 0.65951
vt 0.53596 0.65958
vt 0.53596 0.68455
vt 0.52318 0.65951
vt 0.53596 0.65951
vt 0.53596 0.65951
vt 0.43508 0.60696
vt 0.43508 0.60696
vt 0.43508 0.56426
vt 0.86027 0.63454
vt 0.86027 0.63454
vt 0.86027 0.60696
vt 0.78903 0.65951
vt 0.78903 0.65951
vt 0.78903 0.68455
vt 0.78903 0.65951
vt 0.78903 0.65958
vt 0.78903 0.68455
vt 0.59910 0.65951
vt 0.61188 0.65951
vt 0.61188 0.65951
vt 0.77625 0.68455
vt 0.76373 0.68455
vt 0.76373 0.68455
vt 0.75095 0.68455
vt 0.73842 0.68455
vt 0.73842 0.68455
vt 0.49787 0.65951
vt 0.51065 0.65951
vt 0.51065 0.65951
vt 0.53596 0.65958
vt 0.53596 0.65951
vt 0.53596 0.68455
vt 0.77625 0.65951
vt 0.78903 0.65951
vt 0.78903 0.65951
vt 0.82687 0.65958
vt 0.81434 0.65958
vt 0.81434 0.68455
vt 0.80156 0.65958
vt 0.78903 0.65958
vt 0.78903 0.68455
vt 0.82687 0.65951
vt 0.84023 0.66471
vt 0.84023 0.66422
vt 0.71311 0.65958
vt 0.71311 0.65951
vt 0.71311 0.68455
vt 0.71311 0.65951
vt 0.71311 0.65951
vt 0.71311 0.68455
vt 0.71311 0.65951
vt 0.71311 0.65958
vt 0.71311 0.68455
vt 0.78903 0.65958
vt 0.78903 0.65951
vt 0.78903 0.68455
vt 0.64972 0.65958
vt 0.63719 0.65958
vt 0.63719 0.68455
vt 0.62441 0.65958
vt 0.61188 0.65958
vt 0.61188 0.68455
vt 0.59910 0.65958
vt 0.58658 0.65958
vt 0.58658 0.68455
vt 0.72564 0.65951
vt 0.72564 0.65951
vt 0.73842 0.65951
vt 0.82687 0.65958
vt 0.82687 0.65951
vt 0.82687 0.68455
vt 0.82687 0.65951
vt 0.82687 0.65951
vt 0.82687 0.68455
vt 0.77625 0.65951
vt 0.77625 0.65958
vt 0.77625 0.68455
vt 0.57379 0.65951
vt 0.58658 0.65951
vt 0.58658 0.65951
vt 0.80156 0.65958
vt 0.80156 0.68455
vt 0.78903 0.68455
vt 0.77625 0.68455
vt 0.76373 0.68455
vt 0.76373 0.65958
vt 0.75095 0.68455
vt 0.73842 0.68455
vt 0.73842 0.65958
vt 0.77625 0.65958
vt 0.76373 0.65958
vt 0.76373 0.68455
vt 0.75095 0.65958
vt 0.73842 0.65958
vt 0.73842 0.68455
vt 0.72564 0.65958
vt 0.71311 0.65958
vt 0.71311 0.68455
vt 0.70033 0.65958
vt 0.68780 0.65958
vt 0.68780 0.68455
vt 0.67502 0.65958
vt 0.66250 0.65958
vt 0.66250 0.68455
vt 0.59910 0.65958
vt 0.59910 0.68455
vt 0.58658 0.68455
vt 0.57379 0.68455
vt 0.56127 0.68455
vt 0.56127 0.65958
vt 0.54849 0.68455
vt 0.53596 0.68455
vt 0.53596 0.65958
vt 0.56127 0.65951
vt 0.56127 0.65958
vt 0.56127 0.68455
vt 0.80156 0.65958
vt 0.80156 0.65951
vt 0.80156 0.68455
vt 0.52318 0.68455
vt 0.52318 0.65958
vt 0.51065 0.65958
vt 0.49787 0.68455
vt 0.49787 0.65958
vt 0.48535 0.65958
vt 0.82687 0.65958
vt 0.82687 0.68455
vt 0.81434 0.68455
vt 0.76373 0.65958
vt 0.76373 0.65951
vt 0.76373 0.68455
vt 0.76373 0.65951
vt 0.76373 0.65951
vt 0.76373 0.68455
vt 0.76373 0.65951
vt 0.76373 0.65958
vt 0.76373 0.68455
vt 0.72564 0.65958
vt 0.72564 0.68455
vt 0.71311 0.68455
vt 0.70033 0.65958
vt 0.70033 0.68455
vt 0.68780 0.68455
vt 0.67502 0.65958
vt 0.67502 0.68455
vt 0.66250 0.68455
vt 0.64972 0.68455
vt 0.63719 0.68455
vt 0.63719 0.65958
vt 0.62441 0.65958
vt 0.62441 0.68455
vt 0.61188 0.68455
vt 0.61188 0.65958
vt 0.61188 0.65951
vt 0.61188 0.68455
vt 0.61188 0.65951
vt 0.61188 0.65951
vt 0.61188 0.68455
vt 0.61188 0.65951
vt 0.61188 0.65958
vt 0.61188 0.68455
vt 0.90466 0.59738
vt 0.89035 0.64961
vt 0.87189 0.57943
vt 0.86027 0.68455
vt 0.92824 0.65925
vt 0.92097 0.68455
vt 0.72564 0.65951
vt 0.72564 0.65951
vt 0.72564 0.68455
vt 0.72564 0.65951
vt 0.72564 0.65958
vt 0.72564 0.68455
vt 0.81434 0.65958
vt 0.81434 0.65951
vt 0.81434 0.68455
vt 0.81434 0.65951
vt 0.81434 0.65951
vt 0.81434 0.68455
vt 0.81434 0.65951
vt 0.81434 0.65958
vt 0.81434 0.68455
vt 0.89035 0.64961
vt 0.87272 0.59540
vt 0.87189 0.57943
vt 0.57379 0.65958
vt 0.57379 0.65951
vt 0.57379 0.68455
vt 0.57379 0.65951
vt 0.57379 0.65951
vt 0.57379 0.68455
vt 0.57379 0.65951
vt 0.57379 0.65958
vt 0.57379 0.68455
vt 0.67502 0.65958
vt 0.67502 0.65951
vt 0.67502 0.68455
vt 0.67502 0.65951
vt 0.67502 0.65951
vt 0.67502 0.68455
vt 0.67502 0.65951
vt 0.67502 0.65958
vt 0.67502 0.68455
vt 0.87189 0.57943
vt 0.86027 0.68455
vt 0.86027 0.55142
vt 0.93814 0.56500
vt 0.86027 0.55142
vt 0.93378 0.56749
vt 0.92097 0.68455
vt 0.92824 0.65925
vt 0.93788 0.65835
vt 0.43508 0.60696
vt 0.43508 0.56426
vt 0.43508 0.60043
vt 0.43508 0.56426
vt 0.86027 0.63454
vt 0.86027 0.55142
vt 0.86027 0.68455
vt 0.86027 0.63454
vt 0.84023 0.66422
vt 0.86027 0.68455
vt 0.84023 0.66422
vt 0.84023 0.66471
vt 0.86604 0.97633
vt 0.88370 0.87119
vt 0.84404 0.90583
vt 0.85079 0.90499
vt 0.87938 0.88422
vt 0.86604 0.97633
vt 0.86604 0.97633
vt 0.87938 0.88422
vt 0.88370 0.87119
vt 0.85079 0.90499
vt 0.84404 0.90583
vt 0.88370 0.87119
vt 0.86378 0.89865
vt 0.85079 0.90499
vt 0.87938 0.88422
vt 0.85079 0.90499
vt 0.88370 0.87119
vt 0.87938 0.88422
vt 0.87938 0.88422
vt 0.85079 0.90499
vt 0.86378 0.89865
vt 0.85079 0.90499
vt 0.86604 0.97633
vt 0.84404 0.90583
vt 0.82422 0.63828
vt 0.82127 0.71182
vt 0.75457 0.71182
vt 0.75162 0.63828
vt 0.75457 0.71182
vt 0.82127 0.71182
vt 0.75162 0.63828
vt 0.82127 0.71182
vt 0.82422 0.63828
vt 0.82422 0.63828
vt 0.75457 0.71182
vt 0.75162 0.63828
vt 0.82442 0.84677
vt 0.89459 0.84718
vt 0.88951 0.98465
vt 0.88951 0.98465
vt 0.82422 1.00000
vt 0.82442 0.84677
vt 0.82422 1.00000
vt 0.88951 0.98465
vt 0.82442 0.84677
vt 0.89459 0.84718
vt 0.82442 0.84677
vt 0.88951 0.98465
vt 0.82561 0.85129
vt 0.79373 0.86800
vt 0.82561 0.99914
vt 0.79083 0.99057
vt 0.82561 0.99914
vt 0.79373 0.86800
vt 0.82561 0.99914
vt 0.79083 0.99057
vt 0.79373 0.86800
vt 0.79373 0.86800
vt 0.82561 0.85129
vt 0.82561 0.99914
vt 0.78378 0.96708
vt 0.81991 0.84330
vt 0.82561 0.99914
vt 0.81991 0.84330
vt 0.78378 0.96708
vt 0.82561 0.99914
vt 0.79000 0.88841
vt 0.78952 0.74637
vt 0.78123 0.85089
vt 0.79000 0.88841
vt 0.78123 0.85089
vt 0.78024 0.74367
vt 0.78024 0.74367
vt 0.78123 0.85089
vt 0.78952 0.74637
vt 0.79000 0.88841
vt 0.78024 0.74367
vt 0.78952 0.74637
vt 0.88476 0.63824
vt 0.52537 0.63824
vt 0.52537 0.63824
vt 0.88476 0.59665
vt 0.52537 0.59665
vt 0.52537 0.59665
vt 0.89052 0.65156
vt 0.88476 0.63824
vt 0.88476 0.63824
vt 0.89052 0.65156
vt 0.88476 0.63824
vt 0.88476 0.59665
vt 0.52537 0.63824
vt 0.52537 0.63824
vt 0.52537 0.59665
vt 0.52537 0.59665
vt 0.52537 0.63824
vt 0.52537 0.63824
vt 0.88476 0.59665
vt 0.52537 0.59665
vt 0.52537 0.59665
vt 0.93130 0.58499
vt 0.93334 0.65162
vt 0.89052 0.65156
vt 0.89052 0.65156
vt 0.88476 0.59665
vt 0.89054 0.58329
vt 0.52537 0.63824
vt 0.52537 0.59665
vt 0.52537 0.59665
vt 0.52537 0.59665
vt 0.52537 0.63824
vt 0.52537 0.59665
vt 0.88476 0.59665
vt 0.52537 0.59665
vt 0.88476 0.59665
vt 0.96829 0.62198
vt 0.93130 0.58499
vt 0.96307 0.58546
vt 0.88586 0.64361
vt 0.88476 0.59665
vt 0.88476 0.63824
vt 0.95173 0.67803
vt 0.96663 0.67803
vt 0.96603 0.67803
vt 0.95173 0.67803
vt 0.96603 0.67803
vt 0.93424 0.67803
vt 0.52537 0.63824
vt 0.52537 0.62948
vt 0.52537 0.63824
vt 0.88586 0.64361
vt 0.93135 0.58329
vt 0.89054 0.58329
vt 0.88476 0.63824
vt 0.52537 0.63824
vt 0.52537 0.59665
vt 0.88476 0.59665
vt 0.52537 0.59665
vt 0.52537 0.63824
vt 0.52537 0.63824
vt 0.52537 0.62948
vt 0.52537 0.62948
vt 0.88586 0.64361
vt 0.88476 0.62948
vt 0.88476 0.62948
vt 0.88586 0.64361
vt 0.88476 0.62948
vt 0.88476 0.62948
vt 0.93130 0.58499
vt 0.96829 0.62198
vt 0.93334 0.65162
vt 0.93334 0.65162
vt 0.96829 0.62198
vt 0.93922 0.66407
vt 0.96829 0.62198
vt 0.96663 0.67803
vt 0.93922 0.66407
vt 0.88586 0.64361
vt 0.88476 0.62948
vt 0.88476 0.63824
vt 0.88476 0.63824
vt 0.52537 0.59665
vt 0.88476 0.59665
vt 0.93135 0.58329
vt 0.96307 0.58546
vt 0.93130 0.58499
vt 0.89054 0.58329
vt 0.88476 0.59665
vt 0.88476 0.59665
vt 0.89052 0.65156
vt 0.88586 0.64361
vt 0.88476 0.63824
vt 0.88586 0.64361
vt 0.89054 0.58329
vt 0.88476 0.59665
vt 0.94407 0.58329
vt 0.93135 0.58329
vt 0.93424 0.67803
vt 0.88476 0.62948
vt 0.52537 0.62948
vt 0.88476 0.62948
vt 0.88476 0.62948
vt 0.52537 0.62948
vt 0.88476 0.62948
vt 0.88476 0.59665
vt 0.52537 0.59665
vt 0.88476 0.59665
vt 0.52537 0.63824
vt 0.52537 0.59665
vt 0.52537 0.59665
vt 0.88476 0.59665
vt 0.52537 0.63824
vt 0.88476 0.63824
vt 0.93130 0.58499
vt 0.89052 0.65156
vt 0.89054 0.58329
vt 0.93135 0.58329
vt 0.94117 0.65244
vt 0.93424 0.67803
vt 0.96663 0.67803
vt 0.96829 0.62198
vt 0.96603 0.67803
vt 0.88586 0.64361
vt 0.94117 0.65244
vt 0.93135 0.58329
vt 0.96307 0.58546
vt 0.94407 0.58329
vt 0.96793 0.58329
vt 0.94407 0.58329
vt 0.93424 0.67803
vt 0.96603 0.67803
vt 0.52537 0.63824
vt 0.88476 0.62948
vt 0.88586 0.64361
vt 0.88476 0.59665
vt 0.52537 0.59665
vt 0.88476 0.59665
vt 0.88476 0.63824
vt 0.52537 0.63824
vt 0.88586 0.64361
vt 0.88476 0.63824
vt 0.52537 0.62948
vt 0.52537 0.63824
vt 0.88586 0.64361
vt 0.89052 0.65156
vt 0.94117 0.65244
vt 0.96603 0.67803
vt 0.96793 0.58329
vt 0.94407 0.58329
vt 0.93130 0.58499
vt 0.89054 0.58329
vt 0.93135 0.58329
vt 0.93135 0.58329
vt 0.94407 0.58329
vt 0.96307 0.58546
vt 0.93424 0.67803
vt 0.94117 0.65244
vt 0.95173 0.67803
vt 0.88476 0.63824
vt 0.52537 0.63824
vt 0.88476 0.63824
vt 0.88476 0.59665
vt 0.52537 0.59665
vt 0.88476 0.59665
vt 0.52537 0.59665
vt 0.52537 0.63824
vt 0.52537 0.59665
vt 0.89054 0.58329
vt 0.88476 0.59665
vt 0.88476 0.59665
vt 0.94117 0.65244
vt 0.93334 0.65162
vt 0.95173 0.67803
vt 0.89052 0.65156
vt 0.93334 0.65162
vt 0.94117 0.65244
vt 0.95173 0.67803
vt 0.93922 0.66407
vt 0.96663 0.67803
vt 0.96793 0.58329
vt 0.96829 0.62198
vt 0.96307 0.58546
vt 0.88476 0.59665
vt 0.52537 0.59665
vt 0.52537 0.59665
vt 0.52537 0.63824
vt 0.52537 0.63824
vt 0.52537 0.59665
vt 0.89054 0.58329
vt 0.88476 0.59665
vt 0.88476 0.59665
vt 0.89054 0.58329
vt 0.88476 0.59665
vt 0.88476 0.59665
vt 0.88476 0.62948
vt 0.52537 0.62948
vt 0.52537 0.62948
vt 0.88476 0.62948
vt 0.52537 0.62948
vt 0.52537 0.62948
vt 0.52537 0.63824
vt 0.52537 0.62948
vt 0.52537 0.62948
vt 0.95173 0.67803
vt 0.93334 0.65162
vt 0.93922 0.66407
vt 0.52537 0.63824
vt 0.52537 0.62948
vt 0.88476 0.62948
vt 0.88476 0.59665
vt 0.52537 0.59665
vt 0.52537 0.59665
vt 0.88476 0.63824
vt 0.52537 0.63824
vt 0.52537 0.63824
vt 0.88476 0.63824
vt 0.88476 0.62948
vt 0.52537 0.62948
vt 0.96603 0.67803
vt 0.96829 0.62198
vt 0.96793 0.58329
vt 0.75365 0.70619
vt 0.78468 0.75430
vt 0.82692 0.79426
vt 0.90320 0.83178
vt 0.90598 0.72965
vt 0.90511 0.84164
vt 0.82692 0.81333
vt 0.90511 0.84164
vt 0.79100 0.87819
vt 0.78468 0.75430
vt 0.75365 0.70619
vt 0.74463 0.74722
vt 0.82692 0.79426
vt 0.90320 0.83178
vt 0.93978 0.68502
vt 0.89398 0.85781
vt 0.79100 0.87819
vt 0.90511 0.84164
vt 0.79100 0.89858
vt 0.89398 0.85781
vt 0.82692 0.79426
vt 0.90320 0.83178
vt 0.90511 0.84164
vt 0.93978 0.68502
vt 0.78911 0.76838
vt 0.82692 0.81333
vt 0.79100 0.87819
vt 0.90320 0.83178
vt 0.82692 0.81333
vt 0.82692 0.79426
vt 0.74784 0.70324
vt 0.90598 0.72965
vt 0.82692 0.81333
vt 0.79100 0.87819
vt 0.83989 0.87876
vt 0.83989 0.89461
vt 0.89398 0.85780
vt 0.83989 0.87876
vt 0.79100 0.87819
vt 0.78911 0.76838
vt 0.74463 0.74722
vt 0.74784 0.70324
vt 0.89398 0.85780
vt 0.89398 0.85781
vt 0.83989 0.87876
vt 0.93978 0.68502
vt 0.75365 0.70619
vt 0.82692 0.79426
vt 0.90598 0.72965
vt 0.82692 0.79426
vt 0.82692 0.81333
vt 0.83989 0.89461
vt 0.79100 0.89858
vt 0.79100 0.87819
vt 0.78911 0.76838
vt 0.79100 0.87819
vt 0.79100 0.89858
vt 0.78468 0.75430
vt 0.74463 0.74722
vt 0.78911 0.76838
vt 0.90598 0.72965
vt 0.74784 0.70324
vt 0.75365 0.70619
vt 0.89398 0.85780
vt 0.79100 0.87819
vt 0.89398 0.85781
vt 0.90320 0.83178
vt 0.82692 0.79426
vt 0.89398 0.85781
vt 0.79100 0.89858
vt 0.78468 0.75430
vt 0.78911 0.76838
vt 0.74463 0.74722
vt 0.75365 0.70619
vt 0.74784 0.70324
vt 0.78911 0.76838
vt 0.74784 0.70324
vt 0.82692 0.81333
vt 0.93978 0.68502
vt 0.90511 0.84164
vt 0.90598 0.72965
vt 0.89398 0.85781
vt 0.90511 0.84164
vt 0.90320 0.83178
vt 0.82692 0.79426
vt 0.90598 0.72965
vt 0.90320 0.83178
vt 0.75365 0.70619
vt 0.93978 0.68502
vt 0.90598 0.72965
vt 0.82692 0.79426
vt 0.78468 0.75430
vt 0.79100 0.89858
vt 0.83989 0.87876
vt 0.89398 0.85781
vt 0.83989 0.89461
vt 0.79100 0.89858
vt 0.83989 0.89461
vt 0.89398 0.85781
vt 0.90320 0.83178
vt 0.90511 0.84164
vt 0.82692 0.81333
vt 0.85374 0.76108
vt 0.82798 0.81196
vt 0.85472 0.76087
vt 0.85472 0.76087
vt 0.87518 0.76085
vt 0.85374 0.76108
vt 0.86765 0.77882
vt 0.87518 0.76085
vt 0.85472 0.76087
vt 0.86765 0.77882
vt 0.89035 0.76479
vt 0.87518 0.76085
vt 0.89948 0.82546
vt 0.86482 0.82732
vt 0.87683 0.82985
vt 0.82798 0.81196
vt 0.84705 0.82546
vt 0.85269 0.82983
vt 0.87683 0.82985
vt 0.84705 0.82546
vt 0.89035 0.76479
vt 0.87683 0.82985
vt 0.85269 0.82983
vt 0.84705 0.82546
vt 0.82798 0.81196
vt 0.86482 0.82732
vt 0.86765 0.77882
vt 0.82798 0.81196
vt 0.85269 0.82983
vt 0.86482 0.82732
vt 0.89035 0.76479
vt 0.85374 0.76108
vt 0.87518 0.76085
vt 0.86765 0.77882
vt 0.85472 0.76087
vt 0.82798 0.81196
vt 0.86765 0.77882
vt 0.86482 0.82732
vt 0.89948 0.82546
vt 0.87683 0.82985
vt 0.86482 0.82732
vt 0.85269 0.82983
vt 0.89948 0.82546
vt 0.87683 0.82985
vt 0.89035 0.76479
vt 0.84705 0.82546
vt 0.85374 0.76108
vt 0.89035 0.76479
vt 0.84705 0.82546
vt 0.82798 0.81196
vt 0.85374 0.76108
vt 0.86765 0.77882
vt 0.89948 0.82546
vt 0.89035 0.76479
vt 0.77319 0.64205
vt 0.77734 0.73793
vt 0.78484 0.69207
vt 0.77734 0.73793
vt 0.77319 0.64205
vt 0.78092 0.66421
vt 0.77734 0.73793
vt 0.78092 0.66421
vt 0.79775 0.73085
vt 0.80953 0.69062
vt 0.77734 0.73793
vt 0.79775 0.73085
vt 0.80953 0.69062
vt 0.78092 0.66421
vt 0.79299 0.62454
vt 0.80953 0.69062
vt 0.79775 0.73085
vt 0.78092 0.66421
vt 0.79299 0.62454
vt 0.78092 0.66421
vt 0.77319 0.64205
vt 0.78484 0.69207
vt 0.77734 0.73793
vt 0.80953 0.69062
vt 0.78484 0.69207
vt 0.80953 0.69062
vt 0.79299 0.62454
vt 0.78484 0.69207
vt 0.79299 0.62454
vt 0.77319 0.64205
vt 0.88732 0.90540
vt 0.87045 0.90483
vt 0.89230 0.89820
vt 0.87179 0.89820
vt 0.88732 0.90540
vt 0.89230 0.89820
vt 0.87045 0.90483
vt 0.88732 0.90540
vt 0.87179 0.89820
vt 0.87179 0.89820
vt 0.89230 0.89820
vt 0.87045 0.90483
vt 0.86424 0.97800
vt 0.86497 0.97582
vt 0.86554 0.95059
vt 0.86678 0.91080
vt 0.86424 0.97800
vt 0.86554 0.95059
vt 0.86355 0.90950
vt 0.86554 0.95059
vt 0.86424 0.97800
vt 0.86355 0.90950
vt 0.86424 0.97800
vt 0.86678 0.91080
vt 0.86497 0.97582
vt 0.86554 0.95059
vt 0.86355 0.90950
vt 0.86678 0.91080
vt 0.86554 0.95059
vt 0.86355 0.90950
vt 0.86424 0.97800
vt 0.86554 0.95059
vt 0.86497 0.97582
vt 0.86497 0.97582
vt 0.86355 0.90950
vt 0.86554 0.95059
vt 0.92228 0.62182
vt 0.87969 0.61959
vt 0.93103 0.62805
vt 0.92961 0.62182
vt 0.92228 0.62182
vt 0.95363 0.62182
vt 0.92228 0.62182
vt 0.93103 0.62805
vt 0.95363 0.62182
vt 0.93103 0.62805
vt 0.87969 0.61959
vt 0.92228 0.62182
vt 0.92228 0.62182
vt 0.95363 0.62182
vt 0.93103 0.62805
vt 0.92961 0.62182
vt 0.95363 0.62182
vt 0.92228 0.62182
vt 0.96214 0.57325
vt 0.99115 0.42839
vt 0.99115 0.58368
vt 0.99115 0.58368
vt 0.96208 0.47270
vt 0.96214 0.57325
vt 0.96208 0.47270
vt 0.99115 0.46903
vt 0.92595 0.27455
vt 0.92595 0.27455
vt 0.95155 0.39082
vt 0.96208 0.47270
vt 0.99115 0.58368
vt 0.99115 0.24391
vt 0.99115 0.46903
vt 0.92981 0.24391
vt 0.99115 0.24383
vt 0.99115 0.42839
vt 0.92981 0.24391
vt 0.95155 0.39082
vt 0.92595 0.27455
vt 0.92981 0.24391
vt 0.99115 0.42839
vt 0.95155 0.39082
vt 0.99115 0.46903
vt 0.99115 0.24391
vt 0.92595 0.27455
vt 0.92595 0.27455
vt 0.99115 0.24391
vt 0.99115 0.24383
vt 0.96214 0.57325
vt 0.96208 0.47270
vt 0.95155 0.39082
vt 0.99115 0.58368
vt 0.99115 0.24383
vt 0.99115 0.24391
vt 0.99115 0.58368
vt 0.99115 0.46903
vt 0.96208 0.47270
vt 0.92981 0.24391
vt 0.92595 0.27455
vt 0.99115 0.24383
vt 0.96214 0.57325
vt 0.95155 0.39082
vt 0.99115 0.42839
vt 0.99115 0.24383
vt 0.99115 0.58368
vt 0.99115 0.42839
vt 0.99781 0.43606
vt 0.98848 0.20744
vt 0.98848 0.21653
vt 0.99781 0.43606
vt 0.99539 0.48764
vt 0.99232 0.56693
vt 0.98848 0.20744
vt 0.99781 0.43606
vt 0.99232 0.56693
vt 0.99232 0.56693
vt 0.99539 0.48764
vt 0.98848 0.21653
vt 0.98848 0.20744
vt 1.00000 0.17219
vt 0.98848 0.21653
vt 1.00000 0.17219
vt 0.98848 0.20744
vt 0.98848 0.21653
vt 0.99781 0.43606
vt 0.98848 0.21653
vt 0.99539 0.48764
vt 0.98848 0.21653
vt 0.98848 0.20744
vt 0.99232 0.56693
vt 0.82442 0.84677
vt 0.89459 0.84718
vt 0.88951 0.98465
vt 0.82422 1.00000
vt 0.82442 0.84677
vt 0.88951 0.98465
vt 0.82442 0.84677
vt 0.82422 1.00000
vt 0.88951 0.98465
vt 0.88951 0.98465
vt 0.89459 0.84718
vt 0.82442 0.84677
vt 0.73029 0.35284
vt 0.73029 0.46809
vt 0.73029 0.52383
vt 0.60698 0.41220
vt 0.73029 0.35284
vt 0.47067 0.36597
vt 0.47067 0.38557
vt 0.45292 0.44395
vt 0.47067 0.36597
vt 0.73029 0.52383
vt 0.46297 0.50962
vt 0.47067 0.47426
vt 0.60479 0.50998
vt 0.60698 0.41220
vt 0.56816 0.43643
vt 0.54161 0.44353
vt 0.54161 0.43716
vt 0.54161 0.43080
vt 0.44565 0.43716
vt 0.44565 0.43080
vt 0.54161 0.43080
vt 0.44565 0.43716
vt 0.54161 0.43716
vt 0.54161 0.43080
vt 0.44565 0.44352
vt 0.54161 0.44612
vt 0.54161 0.43716
vt 0.44565 0.44352
vt 0.54161 0.44353
vt 0.54161 0.44612
vt 0.60698 0.41220
vt 0.60479 0.50998
vt 0.73029 0.46809
vt 0.56829 0.48889
vt 0.47067 0.46403
vt 0.46297 0.50962
vt 0.73029 0.52383
vt 0.60479 0.50998
vt 0.46297 0.50962
vt 0.54161 0.43080
vt 0.54161 0.43716
vt 0.54161 0.44353
vt 0.44565 0.42071
vt 0.44565 0.42816
vt 0.44515 0.37157
vt 0.54161 0.43716
vt 0.54161 0.44612
vt 0.54161 0.44353
vt 0.73029 0.52383
vt 0.73029 0.46809
vt 0.60479 0.50998
vt 0.44050 0.44380
vt 0.44565 0.43716
vt 0.44565 0.44352
vt 0.44515 0.37157
vt 0.44565 0.42816
vt 0.44565 0.43080
vt 0.45292 0.44395
vt 0.44515 0.37157
vt 0.44050 0.44380
vt 0.44515 0.37157
vt 0.45527 0.43935
vt 0.43878 0.38235
vt 0.45527 0.43935
vt 0.46297 0.50962
vt 0.44276 0.49693
vt 0.56816 0.43643
vt 0.56829 0.48889
vt 0.60479 0.50998
vt 0.44565 0.43716
vt 0.54161 0.43080
vt 0.44565 0.43080
vt 0.44515 0.37157
vt 0.44565 0.43716
vt 0.44050 0.44380
vt 0.47067 0.46403
vt 0.47067 0.36597
vt 0.45292 0.44395
vt 0.44050 0.44380
vt 0.44565 0.44352
vt 0.44276 0.49693
vt 0.44565 0.42816
vt 0.54161 0.43080
vt 0.44565 0.43080
vt 0.54161 0.44353
vt 0.54161 0.43080
vt 0.54161 0.43080
vt 0.44565 0.44352
vt 0.54161 0.43716
vt 0.44565 0.43716
vt 0.44565 0.44352
vt 0.54161 0.44612
vt 0.44276 0.49693
vt 0.60479 0.50998
vt 0.56829 0.48889
vt 0.46297 0.50962
vt 0.73029 0.41240
vt 0.73029 0.52383
vt 0.47067 0.47426
vt 0.47067 0.36597
vt 0.47067 0.46403
vt 0.56816 0.43643
vt 0.47067 0.46403
vt 0.56829 0.48889
vt 0.56816 0.43643
vt 0.47067 0.46403
vt 0.45292 0.44395
vt 0.46297 0.50962
vt 0.43878 0.41726
vt 0.44565 0.42071
vt 0.44515 0.37157
vt 0.73029 0.52383
vt 0.73029 0.41240
vt 0.73029 0.35284
vt 0.45527 0.43935
vt 0.43878 0.41726
vt 0.43878 0.38235
vt 0.44565 0.42816
vt 0.54161 0.42816
vt 0.54161 0.43080
vt 0.44515 0.37157
vt 0.44565 0.43080
vt 0.44565 0.43716
vt 0.44565 0.42071
vt 0.44276 0.49693
vt 0.44565 0.44352
vt 0.44515 0.37157
vt 0.43878 0.38235
vt 0.43878 0.41726
vt 0.45292 0.44395
vt 0.44050 0.44380
vt 0.44276 0.49693
vt 0.73029 0.41240
vt 0.47067 0.47426
vt 0.47067 0.38557
vt 0.45292 0.44395
vt 0.44276 0.49693
vt 0.46297 0.50962
vt 0.54161 0.43080
vt 0.54161 0.42816
vt 0.54161 0.43080
vt 0.44565 0.44352
vt 0.44565 0.43716
vt 0.54161 0.43716
vt 0.44565 0.44352
vt 0.44276 0.49693
vt 0.54161 0.44612
vt 0.44565 0.42816
vt 0.44565 0.43080
vt 0.54161 0.43080
vt 0.47067 0.38557
vt 0.47067 0.47426
vt 0.45527 0.43935
vt 0.47067 0.38557
vt 0.44515 0.37157
vt 0.45292 0.44395
vt 0.73029 0.35284
vt 0.73029 0.41240
vt 0.47067 0.38557
vt 0.60698 0.41220
vt 0.73029 0.46809
vt 0.73029 0.35284
vt 0.47067 0.36597
vt 0.56816 0.43643
vt 0.60698 0.41220
vt 0.44565 0.42071
vt 0.44565 0.43080
vt 0.44565 0.42816
vt 0.43878 0.41726
vt 0.44276 0.49693
vt 0.44565 0.42071
vt 0.45527 0.43935
vt 0.44276 0.49693
vt 0.43878 0.41726
vt 0.73029 0.35284
vt 0.47067 0.38557
vt 0.47067 0.36597
vt 0.44565 0.42816
vt 0.54161 0.43080
vt 0.54161 0.42816
vt 0.44565 0.43716
vt 0.54161 0.43080
vt 0.54161 0.43716
vt 0.47067 0.47426
vt 0.46297 0.50962
vt 0.45527 0.43935
vt 0.47067 0.38557
vt 0.45527 0.43935
vt 0.44515 0.37157
vt 0.44565 0.44352
vt 0.54161 0.43716
vt 0.54161 0.44353
vt 0.44565 0.42071
vt 0.44565 0.44352
vt 0.44565 0.43716
vt 0.44565 0.42071
vt 0.44565 0.43716
vt 0.44565 0.43080
vt 0.36589 0.60467
vt 0.37388 0.56296
vt 0.36589 0.49626
vt 0.36589 0.55555
vt 0.37373 0.43697
vt 0.37395 0.56727
vt 0.36589 0.55555
vt 0.37397 0.61338
vt 0.36589 0.60467
vt 0.37388 0.56296
vt 0.37397 0.61338
vt 0.41902 0.64783
vt 0.37361 0.36738
vt 0.37388 0.56296
vt 0.41900 0.58561
vt 0.37373 0.43697
vt 0.41898 0.43697
vt 0.41900 0.58561
vt 0.37373 0.43697
vt 0.37383 0.26980
vt 0.41900 0.28832
vt 0.37361 0.36738
vt 0.41900 0.28832
vt 0.41902 0.22611
vt 0.37388 0.56296
vt 0.41902 0.64783
vt 0.41900 0.58561
vt 0.37373 0.43697
vt 0.41900 0.58561
vt 0.37395 0.56727
vt 0.42126 0.53498
vt 0.42773 0.43697
vt 0.42018 0.43697
vt 0.42072 0.32471
vt 0.42018 0.43697
vt 0.42773 0.43697
vt 0.37373 0.43697
vt 0.41900 0.28832
vt 0.41898 0.43697
vt 0.37361 0.36738
vt 0.41902 0.22611
vt 0.37383 0.26980
vt 0.37361 0.36738
vt 0.41900 0.58561
vt 0.41898 0.43697
vt 0.36589 0.29383
vt 0.36589 0.49626
vt 0.37361 0.36738
vt 0.36589 0.60467
vt 0.37397 0.61338
vt 0.37388 0.56296
vt 0.41902 0.64783
vt 0.42153 0.57731
vt 0.42126 0.53498
vt 0.36589 0.55555
vt 0.36589 0.37768
vt 0.37373 0.43697
vt 0.36589 0.37768
vt 0.37383 0.26980
vt 0.37373 0.43697
vt 0.41902 0.64783
vt 0.41900 0.58561
vt 0.42072 0.54923
vt 0.42153 0.57731
vt 0.42072 0.54923
vt 0.43042 0.52643
vt 0.41900 0.28832
vt 0.42126 0.33687
vt 0.42104 0.43488
vt 0.41900 0.58561
vt 0.41898 0.43697
vt 0.42104 0.43488
vt 0.41900 0.58561
vt 0.42126 0.53498
vt 0.42018 0.43697
vt 0.41902 0.22611
vt 0.41900 0.28832
vt 0.42072 0.32471
vt 0.42153 0.29749
vt 0.42072 0.32471
vt 0.43365 0.33238
vt 0.37395 0.56727
vt 0.41900 0.58561
vt 0.41902 0.64783
vt 0.36589 0.49626
vt 0.37388 0.56296
vt 0.37361 0.36738
vt 0.36589 0.55555
vt 0.37395 0.56727
vt 0.37397 0.61338
vt 0.36589 0.37768
vt 0.36589 0.29383
vt 0.37383 0.26980
vt 0.37361 0.36738
vt 0.41898 0.43697
vt 0.41900 0.28832
vt 0.41900 0.28832
vt 0.41898 0.43697
vt 0.42018 0.43697
vt 0.41902 0.22611
vt 0.42153 0.29749
vt 0.42126 0.33687
vt 0.42126 0.53498
vt 0.42153 0.57731
vt 0.43850 0.56297
vt 0.43042 0.52643
vt 0.43850 0.56297
vt 0.42153 0.57731
vt 0.42153 0.29749
vt 0.43850 0.37871
vt 0.42126 0.33687
vt 0.43850 0.56297
vt 0.43850 0.40479
vt 0.42773 0.43697
vt 0.36589 0.29383
vt 0.37361 0.36738
vt 0.37383 0.26980
vt 0.42072 0.32471
vt 0.42773 0.43697
vt 0.43365 0.33238
vt 0.42072 0.54923
vt 0.42104 0.43488
vt 0.43042 0.52643
vt 0.43850 0.56297
vt 0.43042 0.52643
vt 0.43850 0.40479
vt 0.42104 0.43488
vt 0.43850 0.37871
vt 0.43042 0.52643
vt 0.42126 0.53498
vt 0.43850 0.56297
vt 0.42773 0.43697
vt 0.41900 0.28832
vt 0.42104 0.43488
vt 0.41898 0.43697
vt 0.41900 0.58561
vt 0.42104 0.43488
vt 0.42072 0.54923
vt 0.41902 0.64783
vt 0.42126 0.53498
vt 0.41900 0.58561
vt 0.37395 0.56727
vt 0.41902 0.64783
vt 0.37397 0.61338
vt 0.37383 0.26980
vt 0.41902 0.22611
vt 0.41900 0.28832
vt 0.41900 0.28832
vt 0.42018 0.43697
vt 0.42072 0.32471
vt 0.41902 0.22611
vt 0.42126 0.33687
vt 0.41900 0.28832
vt 0.41902 0.64783
vt 0.42072 0.54923
vt 0.42153 0.57731
vt 0.41900 0.58561
vt 0.42018 0.43697
vt 0.41898 0.43697
vt 0.41902 0.22611
vt 0.42072 0.32471
vt 0.42153 0.29749
vt 0.43365 0.33238
vt 0.43850 0.40479
vt 0.43850 0.37871
vt 0.42126 0.33687
vt 0.43850 0.37871
vt 0.42104 0.43488
vt 0.42153 0.29749
vt 0.43365 0.33238
vt 0.43850 0.37871
vt 0.43042 0.52643
vt 0.43850 0.37871
vt 0.43850 0.40479
vt 0.43365 0.33238
vt 0.42773 0.43697
vt 0.43850 0.40479
vt 0.36592 0.67429
vt 0.36592 0.66712
vt 0.34881 0.67429
vt 0.34881 0.66712
vt 0.34881 0.67429
vt 0.36592 0.66712
vt 0.34881 0.66712
vt 0.36592 0.66712
vt 0.36592 0.67429
vt 0.36592 0.67429
vt 0.34881 0.67429
vt 0.34881 0.66712
vt 0.31393 0.66712
vt 0.31393 0.67429
vt 0.33094 0.66712
vt 0.33094 0.67429
vt 0.31393 0.67429
vt 0.31393 0.66712
vt 0.33094 0.67429
vt 0.33094 0.66712
vt 0.31393 0.67429
vt 0.31393 0.66712
vt 0.33094 0.66712
vt 0.33094 0.67429
vt 0.64092 0.31949
vt 0.64194 0.31492
vt 0.64142 0.34601
vt 0.52593 0.35927
vt 0.52369 0.36339
vt 0.52524 0.34373
vt 0.64108 0.32171
vt 0.64136 0.33904
vt 0.64142 0.34601
vt 0.64058 0.36983
vt 0.64136 0.33904
vt 0.63933 0.34277
vt 0.64136 0.33904
vt 0.64108 0.32171
vt 0.64194 0.31492
vt 0.52466 0.34659
vt 0.48962 0.33847
vt 0.52369 0.36339
vt 0.52466 0.34659
vt 0.52369 0.36339
vt 0.52593 0.35927
vt 0.52512 0.32059
vt 0.52457 0.31354
vt 0.48962 0.33847
vt 0.52369 0.36339
vt 0.48962 0.33847
vt 0.52524 0.34373
vt 0.52593 0.35927
vt 0.64058 0.36983
vt 0.63933 0.34277
vt 0.52512 0.32059
vt 0.63933 0.34277
vt 0.63990 0.30517
vt 0.52457 0.31354
vt 0.63990 0.30517
vt 0.63863 0.34107
vt 0.52524 0.34373
vt 0.63863 0.34107
vt 0.64058 0.36983
vt 0.64092 0.31949
vt 0.64142 0.34601
vt 0.63863 0.34107
vt 0.63863 0.34107
vt 0.63990 0.30517
vt 0.64092 0.31949
vt 0.52512 0.32059
vt 0.48962 0.33847
vt 0.52466 0.34659
vt 0.52524 0.34373
vt 0.48962 0.33847
vt 0.52457 0.31354
vt 0.63990 0.30517
vt 0.63933 0.34277
vt 0.64136 0.33904
vt 0.63863 0.34107
vt 0.64142 0.34601
vt 0.64058 0.36983
vt 0.64058 0.36983
vt 0.64142 0.34601
vt 0.64136 0.33904
vt 0.64194 0.31492
vt 0.63990 0.30517
vt 0.64136 0.33904
vt 0.64194 0.31492
vt 0.64108 0.32171
vt 0.64142 0.34601
vt 0.52466 0.34659
vt 0.52593 0.35927
vt 0.63933 0.34277
vt 0.52593 0.35927
vt 0.52524 0.34373
vt 0.64058 0.36983
vt 0.52512 0.32059
vt 0.52466 0.34659
vt 0.63933 0.34277
vt 0.52457 0.31354
vt 0.52512 0.32059
vt 0.63990 0.30517
vt 0.52524 0.34373
vt 0.52457 0.31354
vt 0.63863 0.34107
vt 0.63990 0.30517
vt 0.64194 0.31492
vt 0.64092 0.31949
vt 0.57337 0.59158
vt 0.57757 0.43975
vt 0.51717 0.59379
vt 0.57337 0.59158
vt 0.51262 0.43975
vt 0.57757 0.43975
vt 0.57757 0.43975
vt 0.51262 0.43975
vt 0.51717 0.59379
vt 0.57337 0.59158
vt 0.51717 0.59379
vt 0.51262 0.43975
vt 0.36592 0.52259
vt 0.36022 0.49746
vt 0.36592 0.35187
vt 0.36592 0.52259
vt 0.36592 0.52259
vt 0.36592 0.35187
vt 0.36592 0.35187
vt 0.36592 0.35187
vt 0.36592 0.52259
vt 0.34881 0.35187
vt 0.35451 0.37700
vt 0.34881 0.52259
vt 0.34881 0.35187
vt 0.34881 0.35187
vt 0.34881 0.52259
vt 0.34881 0.52259
vt 0.34881 0.52259
vt 0.34881 0.35187
vt 0.35451 0.37700
vt 0.36022 0.49746
vt 0.34881 0.52259
vt 0.36592 0.35187
vt 0.36592 0.35187
vt 0.34881 0.35187
vt 0.36592 0.52259
vt 0.34881 0.52259
vt 0.36022 0.49746
vt 0.34881 0.35187
vt 0.36592 0.35187
vt 0.35451 0.37700
vt 0.34881 0.52259
vt 0.34881 0.52259
vt 0.36592 0.52259
vt 0.36592 0.35187
vt 0.34881 0.35187
vt 0.34881 0.52259
vt 0.34881 0.52259
vt 0.36592 0.52259
vt 0.36592 0.52259
vt 0.36022 0.49746
vt 0.35451 0.37700
vt 0.36592 0.35187
vt 0.36592 0.35187
vt 0.34881 0.35187
vt 0.34881 0.35187
vt 0.36592 0.35187
vt 0.34881 0.52259
vt 0.36592 0.52259
vt 0.31393 0.35187
vt 0.31393 0.35187
vt 0.31393 0.52259
vt 0.31393 0.35187
vt 0.31960 0.37700
vt 0.31393 0.52259
vt 0.33094 0.35187
vt 0.33094 0.35187
vt 0.33094 0.52259
vt 0.31393 0.52259
vt 0.31393 0.52259
vt 0.31393 0.35187
vt 0.33094 0.52259
vt 0.32527 0.49746
vt 0.33094 0.35187
vt 0.31393 0.52259
vt 0.31393 0.52259
vt 0.33094 0.52259
vt 0.33094 0.35187
vt 0.31393 0.35187
vt 0.31393 0.52259
vt 0.33094 0.35187
vt 0.33094 0.35187
vt 0.31393 0.35187
vt 0.31393 0.35187
vt 0.33094 0.35187
vt 0.31960 0.37700
vt 0.33094 0.52259
vt 0.31393 0.52259
vt 0.32527 0.49746
vt 0.33094 0.52259
vt 0.33094 0.52259
vt 0.33094 0.35187
vt 0.32527 0.49746
vt 0.31960 0.37700
vt 0.33094 0.35187
vt 0.31960 0.37700
vt 0.32527 0.49746
vt 0.31393 0.52259
vt 0.31393 0.52259
vt 0.33094 0.52259
vt 0.33094 0.52259
vt 0.33094 0.35187
vt 0.31393 0.35187
vt 0.31393 0.35187
vt 0.33094 0.35187
vt 0.31393 0.52259
vt 0.33094 0.52259
vt 0.29237 0.51147
vt 0.29227 0.37700
vt 0.29606 0.35187
vt 0.29606 0.52259
vt 0.29237 0.51147
vt 0.29606 0.35187
vt 0.29606 0.52259
vt 0.29606 0.52259
vt 0.29606 0.35187
vt 0.29606 0.35187
vt 0.29606 0.35187
vt 0.29606 0.52259
vt 0.52763 0.27677
vt 0.63998 0.28319
vt 0.63980 0.26856
vt 0.63980 0.26856
vt 0.63998 0.28319
vt 0.64130 0.30981
vt 0.52763 0.27677
vt 0.63990 0.33148
vt 0.63998 0.28319
vt 0.54005 0.33128
vt 0.64065 0.31531
vt 0.63990 0.33148
vt 0.54610 0.31894
vt 0.63980 0.26856
vt 0.64065 0.31531
vt 0.63980 0.26856
vt 0.64102 0.28319
vt 0.64065 0.31531
vt 0.54610 0.31894
vt 0.52763 0.27677
vt 0.63980 0.26856
vt 0.54005 0.33128
vt 0.54610 0.31894
vt 0.64065 0.31531
vt 0.52763 0.27677
vt 0.54005 0.33128
vt 0.63990 0.33148
vt 0.52476 0.29834
vt 0.48855 0.30229
vt 0.49066 0.29888
vt 0.52476 0.29834
vt 0.48855 0.30229
vt 0.52458 0.31715
vt 0.54610 0.31894
vt 0.52458 0.31715
vt 0.52763 0.27677
vt 0.52458 0.31715
vt 0.48855 0.30229
vt 0.52505 0.27801
vt 0.52476 0.29834
vt 0.49066 0.29888
vt 0.48855 0.30229
vt 0.52476 0.29834
vt 0.52505 0.27801
vt 0.48855 0.30229
vt 0.63998 0.28319
vt 0.63990 0.33148
vt 0.64130 0.30981
vt 0.64130 0.30981
vt 0.64065 0.31531
vt 0.64102 0.28319
vt 0.63980 0.26856
vt 0.64130 0.30981
vt 0.64102 0.28319
vt 0.64065 0.31531
vt 0.64130 0.30981
vt 0.63990 0.33148
vt 0.52505 0.27801
vt 0.52476 0.29834
vt 0.52763 0.27677
vt 0.52476 0.29834
vt 0.52458 0.31715
vt 0.54005 0.33128
vt 0.52763 0.27677
vt 0.52476 0.29834
vt 0.54005 0.33128
vt 0.52763 0.27677
vt 0.52458 0.31715
vt 0.52505 0.27801
vt 0.54005 0.33128
vt 0.52458 0.31715
vt 0.54610 0.31894
vt 0.62866 0.23117
vt 0.65446 0.08733
vt 0.65466 0.23162
vt 0.62866 0.23117
vt 0.69341 0.28514
vt 0.65466 0.23162
vt 0.69984 0.30050
vt 0.69341 0.28514
vt 0.46873 0.27241
vt 0.69984 0.30050
vt 0.46873 0.27241
vt 0.47716 0.30372
vt 0.65466 0.23162
vt 0.65446 0.08733
vt 0.65137 0.07873
vt 0.47716 0.30372
vt 0.46873 0.27241
vt 0.46846 0.29033
vt 0.63516 0.01367
vt 0.65137 0.07873
vt 0.65178 0.00000
vt 0.69626 0.23951
vt 0.69341 0.28514
vt 0.69984 0.30050
vt 0.62866 0.23117
vt 0.65466 0.23162
vt 0.65137 0.07873
vt 0.69626 0.23951
vt 0.70259 0.25065
vt 0.69984 0.30050
vt 0.47716 0.30372
vt 0.46846 0.29033
vt 0.47227 0.23690
vt 0.62866 0.23117
vt 0.62900 0.00205
vt 0.65446 0.08733
vt 0.69984 0.30050
vt 0.47716 0.30372
vt 0.62866 0.23117
vt 0.62866 0.23117
vt 0.46873 0.27241
vt 0.69341 0.28514
vt 0.65178 0.00000
vt 0.62900 0.00205
vt 0.63516 0.01367
vt 0.65137 0.07873
vt 0.70480 0.08104
vt 0.69996 0.08111
vt 0.69626 0.23951
vt 0.69984 0.30050
vt 0.70259 0.25065
vt 0.46846 0.29033
vt 0.46873 0.27241
vt 0.47227 0.23690
vt 0.62866 0.23117
vt 0.63516 0.01367
vt 0.62900 0.00205
vt 0.65137 0.07873
vt 0.69996 0.08111
vt 0.70480 0.08104
vt 0.62866 0.23117
vt 0.65137 0.07873
vt 0.63516 0.01367
vt 0.47716 0.30372
vt 0.47227 0.23690
vt 0.62866 0.23117
vt 0.47227 0.23690
vt 0.46873 0.27241
vt 0.62866 0.23117
vt 0.65446 0.08733
vt 0.65178 0.00000
vt 0.65137 0.07873
vt 0.69341 0.28514
vt 0.69626 0.23951
vt 0.65466 0.23162
vt 0.65446 0.08733
vt 0.70480 0.08104
vt 0.65137 0.07873
vt 0.65137 0.07873
vt 0.70480 0.08104
vt 0.65446 0.08733
vt 0.69984 0.30050
vt 0.65466 0.23162
vt 0.69626 0.23951
vt 0.62900 0.00205
vt 0.65178 0.00000
vt 0.65446 0.08733
vt 0.69984 0.30050
vt 0.62866 0.23117
vt 0.65466 0.23162
vt 0.67343 0.22593
vt 0.66664 0.11916
vt 0.68537 0.12427
vt 0.67343 0.22593
vt 0.67343 0.10633
vt 0.66664 0.11916
vt 0.67698 0.22593
vt 0.67343 0.22593
vt 0.68537 0.12427
vt 0.67343 0.22593
vt 0.67698 0.22593
vt 0.67343 0.10633
vt 0.67698 0.22593
vt 0.68537 0.12427
vt 0.67343 0.10633
vt 0.66664 0.11916
vt 0.67343 0.10633
vt 0.68537 0.12427
vt 0.86444 0.13395
vt 0.86241 0.20453
vt 0.86148 0.18949
vt 0.83871 0.16842
vt 0.86444 0.13395
vt 0.84847 0.13682
vt 0.86148 0.18949
vt 0.86241 0.20453
vt 0.83871 0.16842
vt 0.83871 0.16842
vt 0.86241 0.20453
vt 0.86444 0.13395
vt 0.84847 0.13682
vt 0.86444 0.13395
vt 0.86148 0.18949
vt 0.86148 0.18949
vt 0.83871 0.16842
vt 0.84847 0.13682
vt 0.64041 0.27678
vt 0.64287 0.24610
vt 0.64110 0.29429
vt 0.64001 0.27091
vt 0.64110 0.29429
vt 0.64287 0.24610
vt 0.64287 0.24610
vt 0.64091 0.25566
vt 0.64110 0.29429
vt 0.64110 0.29429
vt 0.64091 0.25566
vt 0.64287 0.24610
vt 0.63902 0.23786
vt 0.64287 0.24610
vt 0.64041 0.27678
vt 0.63667 0.30489
vt 0.64110 0.29429
vt 0.64001 0.27091
vt 0.52538 0.29244
vt 0.52446 0.28387
vt 0.48948 0.26716
vt 0.52538 0.29244
vt 0.63662 0.25506
vt 0.64041 0.27678
vt 0.52523 0.25147
vt 0.52446 0.28387
vt 0.54188 0.28736
vt 0.54188 0.28736
vt 0.52446 0.28387
vt 0.52538 0.29244
vt 0.63662 0.25506
vt 0.52612 0.25328
vt 0.63902 0.23786
vt 0.52612 0.25328
vt 0.64001 0.27091
vt 0.63902 0.23786
vt 0.52538 0.29244
vt 0.52612 0.25328
vt 0.63662 0.25506
vt 0.54188 0.28736
vt 0.52538 0.29244
vt 0.63667 0.30489
vt 0.52523 0.25147
vt 0.54188 0.28736
vt 0.64001 0.27091
vt 0.52612 0.25328
vt 0.52523 0.25147
vt 0.64001 0.27091
vt 0.54188 0.28736
vt 0.63667 0.30489
vt 0.64001 0.27091
vt 0.52538 0.29244
vt 0.64041 0.27678
vt 0.63667 0.30489
vt 0.64091 0.25566
vt 0.64259 0.28909
vt 0.64110 0.29429
vt 0.52538 0.29244
vt 0.49037 0.27724
vt 0.48948 0.26716
vt 0.52523 0.25147
vt 0.48948 0.26716
vt 0.52446 0.28387
vt 0.52538 0.29244
vt 0.48948 0.26716
vt 0.49037 0.27724
vt 0.52538 0.29244
vt 0.48948 0.26716
vt 0.52612 0.25328
vt 0.52612 0.25328
vt 0.48948 0.26716
vt 0.52523 0.25147
vt 0.64110 0.29429
vt 0.64259 0.28909
vt 0.64091 0.25566
vt 0.64001 0.27091
vt 0.64287 0.24610
vt 0.63902 0.23786
vt 0.63667 0.30489
vt 0.64041 0.27678
vt 0.64110 0.29429
vt 0.63662 0.25506
vt 0.63902 0.23786
vt 0.64041 0.27678
vt 0.95066 0.17009
vt 0.92979 0.04745
vt 0.89969 0.04469
vt 0.94563 0.21524
vt 0.99108 0.32666
vt 0.83857 0.32666
vt 0.65696 0.07749
vt 0.71670 0.32666
vt 0.69846 0.32666
vt 0.99109 0.32666
vt 0.99109 0.32666
vt 0.99108 0.32666
vt 0.83815 0.32666
vt 0.79753 0.32666
vt 0.79795 0.32666
vt 0.99108 0.32666
vt 0.99109 0.32666
vt 0.99109 0.32666
vt 0.79795 0.32666
vt 0.79753 0.32666
vt 0.83815 0.32666
vt 0.75732 0.32666
vt 0.75691 0.32666
vt 0.79753 0.32666
vt 0.83857 0.32666
vt 0.83815 0.32666
vt 0.99109 0.32666
vt 0.78740 0.04802
vt 0.83857 0.32666
vt 0.79795 0.32666
vt 0.94563 0.21524
vt 0.99110 0.18916
vt 0.99108 0.32666
vt 0.69605 0.05523
vt 0.71670 0.32666
vt 0.65696 0.07749
vt 0.83857 0.32666
vt 0.89969 0.04469
vt 0.77890 0.05667
vt 0.99108 0.32666
vt 0.99109 0.32666
vt 0.99108 0.32666
vt 0.79795 0.32666
vt 0.83815 0.32666
vt 0.83857 0.32666
vt 0.79753 0.32666
vt 0.75691 0.32666
vt 0.75732 0.32666
vt 0.99109 0.32666
vt 0.83815 0.32666
vt 0.83857 0.32666
vt 0.99109 0.35049
vt 0.83815 0.35049
vt 0.83815 0.32666
vt 0.99108 0.32666
vt 0.95066 0.17009
vt 0.83857 0.32666
vt 0.95066 0.17009
vt 0.93576 0.12759
vt 0.92979 0.04745
vt 0.67384 0.14730
vt 0.69846 0.32666
vt 0.71670 0.32666
vt 0.90000 0.04749
vt 0.83857 0.32666
vt 0.78740 0.04802
vt 0.83815 0.32666
vt 0.79753 0.35049
vt 0.99109 0.35049
vt 0.69804 0.32666
vt 0.69804 0.35049
vt 0.69804 0.35049
vt 0.69846 0.32666
vt 0.69846 0.32666
vt 0.69804 0.32666
vt 0.71670 0.32666
vt 0.69804 0.32666
vt 0.75691 0.32666
vt 0.75691 0.32666
vt 0.69804 0.35049
vt 0.79753 0.35049
vt 0.79795 0.32666
vt 0.83857 0.32666
vt 0.77890 0.05667
vt 0.99108 0.32666
vt 0.99109 0.19510
vt 0.95066 0.17009
vt 0.69846 0.32666
vt 0.69846 0.32666
vt 0.67384 0.14730
vt 0.67384 0.14730
vt 0.71670 0.32666
vt 0.65981 0.03369
vt 0.69605 0.05523
vt 0.65981 0.03369
vt 0.77890 0.05667
vt 0.75732 0.32666
vt 0.79795 0.32666
vt 0.77890 0.05667
vt 0.99109 0.19510
vt 0.99110 0.18916
vt 0.95066 0.17009
vt 0.79753 0.32666
vt 0.75732 0.32666
vt 0.79795 0.32666
vt 0.99109 0.32666
vt 0.83857 0.32666
vt 0.99108 0.32666
vt 0.78740 0.04802
vt 0.79795 0.32666
vt 0.75732 0.32666
vt 0.99109 0.19510
vt 0.99108 0.32666
vt 0.99108 0.32666
vt 0.92979 0.04745
vt 0.93576 0.12759
vt 0.90000 0.04749
vt 0.90000 0.04749
vt 0.94563 0.21524
vt 0.83857 0.32666
vt 0.99109 0.35049
vt 0.99109 0.35049
vt 0.99109 0.32666
vt 0.69846 0.32666
vt 0.69804 0.32666
vt 0.69804 0.32666
vt 0.83815 0.35049
vt 0.69804 0.35049
vt 0.79753 0.32666
vt 0.75691 0.32666
vt 0.69804 0.32666
vt 0.71670 0.32666
vt 0.69804 0.35049
vt 0.69804 0.32666
vt 0.75691 0.32666
vt 0.99109 0.35049
vt 0.83815 0.32666
vt 0.99109 0.32666
vt 0.69804 0.35049
vt 0.75691 0.32666
vt 0.79753 0.32666
vt 0.65696 0.07749
vt 0.69846 0.32666
vt 0.69846 0.32666
vt 0.69605 0.05523
vt 0.65696 0.07749
vt 0.65981 0.03369
vt 0.99108 0.32666
vt 0.99108 0.32666
vt 0.99109 0.19510
vt 0.83857 0.32666
vt 0.95066 0.17009
vt 0.89969 0.04469
vt 0.65696 0.07749
vt 0.67384 0.14730
vt 0.65981 0.03369
vt 0.69804 0.32666
vt 0.69846 0.32666
vt 0.71670 0.32666
vt 0.99109 0.32666
vt 0.99108 0.32666
vt 0.99108 0.32666
vt 0.83815 0.32666
vt 0.79795 0.32666
vt 0.83857 0.32666
vt 0.99109 0.35049
vt 0.99109 0.32666
vt 0.99109 0.32666
vt 0.69846 0.32666
vt 0.69804 0.32666
vt 0.69846 0.32666
vt 0.83815 0.35049
vt 0.79753 0.32666
vt 0.83815 0.32666
vt 0.75691 0.32666
vt 0.71670 0.32666
vt 0.75732 0.32666
vt 0.75732 0.32666
vt 0.79753 0.32666
vt 0.79795 0.32666
vt 0.83857 0.32666
vt 0.99109 0.32666
vt 0.99108 0.32666
vt 0.69804 0.32666
vt 0.69804 0.35049
vt 0.75691 0.32666
vt 0.83815 0.32666
vt 0.99109 0.35049
vt 0.99109 0.32666
vt 0.69804 0.35049
vt 0.69804 0.32666
vt 0.69804 0.32666
vt 0.69804 0.32666
vt 0.69804 0.35049
vt 0.69804 0.32666
vt 0.99109 0.32666
vt 0.99109 0.35049
vt 0.99109 0.32666
vt 0.69846 0.32666
vt 0.69804 0.32666
vt 0.69804 0.32666
vt 0.79753 0.32666
vt 0.79753 0.35049
vt 0.83815 0.32666
vt 0.71670 0.32666
vt 0.75691 0.32666
vt 0.75732 0.32666
vt 0.75691 0.32666
vt 0.79753 0.35049
vt 0.79753 0.32666
vt 0.69846 0.32666
vt 0.69804 0.32666
vt 0.71670 0.32666
vt 0.78740 0.04802
vt 0.89969 0.04469
vt 0.90000 0.04749
vt 0.89969 0.04469
vt 0.78740 0.04802
vt 0.77890 0.05667
vt 0.65696 0.07749
vt 0.69846 0.32666
vt 0.67384 0.14730
vt 0.65981 0.03369
vt 0.71670 0.32666
vt 0.75732 0.32666
vt 0.75732 0.32666
vt 0.77890 0.05667
vt 0.65981 0.03369
vt 0.99109 0.19510
vt 0.99108 0.32666
vt 0.99110 0.18916
vt 0.93576 0.12759
vt 0.94563 0.21524
vt 0.90000 0.04749
vt 0.89969 0.04469
vt 0.92979 0.04745
vt 0.90000 0.04749
vt 0.78740 0.04802
vt 0.69605 0.05523
vt 0.77890 0.05667
vt 0.69605 0.05523
vt 0.75732 0.32666
vt 0.71670 0.32666
vt 0.78740 0.04802
vt 0.75732 0.32666
vt 0.69605 0.05523
vt 0.95066 0.17009
vt 0.99110 0.18916
vt 0.93576 0.12759
vt 0.94563 0.21524
vt 0.93576 0.12759
vt 0.99110 0.18916
vt 0.72129 0.17801
vt 0.70927 0.18968
vt 0.71528 0.18384
vt 0.70927 0.18968
vt 0.72129 0.17801
vt 0.71528 0.18384
vt 0.89875 0.24144
vt 0.91768 0.22228
vt 0.89638 0.26825
vt 0.92478 0.28357
vt 0.89638 0.26825
vt 0.92123 0.29698
vt 0.91768 0.22228
vt 0.89875 0.24144
vt 0.92478 0.28357
vt 0.92478 0.28357
vt 0.89875 0.24144
vt 0.89638 0.26825
vt 0.89638 0.26825
vt 0.91768 0.22228
vt 0.92123 0.29698
vt 0.92478 0.28357
vt 0.92123 0.29698
vt 0.91768 0.22228
vt 0.44522 0.30926
vt 0.43968 0.28239
vt 0.46293 0.30926
vt 0.46846 0.28239
vt 0.44522 0.30926
vt 0.46293 0.30926
vt 0.44854 0.23939
vt 0.44522 0.30926
vt 0.46846 0.28239
vt 0.44854 0.23939
vt 0.46846 0.28239
vt 0.45961 0.23939
vt 0.44522 0.30926
vt 0.44854 0.23939
vt 0.43968 0.28239
vt 0.43968 0.28239
vt 0.45961 0.23939
vt 0.46293 0.30926
vt 0.46846 0.28239
vt 0.46293 0.30926
vt 0.45961 0.23939
vt 0.44854 0.23939
vt 0.45961 0.23939
vt 0.43968 0.28239
vt 0.32412 0.21703
vt 0.31817 0.22424
vt 0.31391 0.23021
vt 0.31817 0.22424
vt 0.32412 0.21703
vt 0.33093 0.20912
vt 0.32412 0.21703
vt 0.31817 0.22424
vt 0.33093 0.20912
vt 0.31391 0.23021
vt 0.31817 0.22424
vt 0.32412 0.21703
vt 0.34880 0.21518
vt 0.36591 0.21518
vt 0.36591 0.22261
vt 0.34880 0.21518
vt 0.34880 0.22261
vt 0.36591 0.21518
vt 0.36591 0.22261
vt 0.36591 0.21518
vt 0.34880 0.22261
vt 0.36591 0.22261
vt 0.34880 0.22261
vt 0.34880 0.21518
vt 0.30766 0.60152
vt 0.29226 0.57358
vt 0.29164 0.57358
vt 0.36592 0.25461
vt 0.36592 0.23008
vt 0.29164 0.23008
vt 0.36592 0.61798
vt 0.30766 0.60152
vt 0.29164 0.60152
vt 0.36592 0.52268
vt 0.36592 0.35205
vt 0.29164 0.52268
vt 0.34146 0.25461
vt 0.34146 0.25461
vt 0.29164 0.25461
vt 0.29226 0.57358
vt 0.29226 0.56966
vt 0.29164 0.56966
vt 0.29226 0.55794
vt 0.29226 0.55901
vt 0.29164 0.55899
vt 0.32473 0.54699
vt 0.34146 0.61455
vt 0.29164 0.60210
vt 0.29226 0.55901
vt 0.32473 0.54699
vt 0.29164 0.57989
vt 0.29420 0.52988
vt 0.36592 0.49828
vt 0.29164 0.51196
vt 0.30766 0.34992
vt 0.29539 0.33911
vt 0.29164 0.33911
vt 0.36592 0.65989
vt 0.36592 0.65594
vt 0.29164 0.65989
vt 0.36592 0.49828
vt 0.36592 0.52268
vt 0.29164 0.52268
vt 0.31865 0.29175
vt 0.36592 0.25461
vt 0.29164 0.26497
vt 0.29223 0.29964
vt 0.31865 0.29175
vt 0.29164 0.28029
vt 0.34146 0.25461
vt 0.31865 0.29175
vt 0.29164 0.28936
vt 0.29539 0.33911
vt 0.29226 0.33547
vt 0.29164 0.33552
vt 0.31311 0.51754
vt 0.29525 0.51983
vt 0.29164 0.51983
vt 0.29408 0.36458
vt 0.34146 0.37644
vt 0.29164 0.37058
vt 0.34146 0.61455
vt 0.34146 0.61465
vt 0.29164 0.61465
vt 0.34146 0.49828
vt 0.31311 0.51754
vt 0.29164 0.51234
vt 0.34146 0.37644
vt 0.34146 0.49828
vt 0.29164 0.48650
vt 0.29226 0.31283
vt 0.29227 0.35047
vt 0.29164 0.34983
vt 0.29226 0.56966
vt 0.29420 0.52988
vt 0.29164 0.53631
vt 0.29226 0.52326
vt 0.29226 0.55794
vt 0.29164 0.55741
vt 0.36592 0.37644
vt 0.36592 0.35205
vt 0.29164 0.36546
vt 0.36592 0.35205
vt 0.36592 0.37644
vt 0.29164 0.37644
vt 0.36592 0.23008
vt 0.36592 0.23008
vt 0.29164 0.23008
vt 0.29226 0.33547
vt 0.29223 0.29964
vt 0.29164 0.30122
vt 0.36592 0.37644
vt 0.30766 0.34992
vt 0.29164 0.34992
vt 0.36592 0.65594
vt 0.36592 0.61798
vt 0.29164 0.62074
vt 0.29226 0.35041
vt 0.29197 0.30591
vt 0.29164 0.31283
vt 0.36592 0.23008
vt 0.36592 0.23008
vt 0.29164 0.23008
vt 0.36592 0.65724
vt 0.36592 0.65989
vt 0.29164 0.65687
vt 0.36592 0.52268
vt 0.36592 0.49828
vt 0.29164 0.52268
vt 0.36592 0.35205
vt 0.36592 0.52268
vt 0.29164 0.52268
vt 0.36592 0.65989
vt 0.36592 0.65724
vt 0.29164 0.65989
vt 0.29226 0.56966
vt 0.29226 0.57358
vt 0.29164 0.57352
vt 0.29226 0.57358
vt 0.30766 0.60152
vt 0.29164 0.59349
vt 0.31967 0.34571
vt 0.36592 0.37644
vt 0.29164 0.36122
vt 0.34146 0.49828
vt 0.34146 0.37644
vt 0.29164 0.37644
vt 0.30766 0.60152
vt 0.36592 0.61798
vt 0.29164 0.60853
vt 0.30766 0.36409
vt 0.29266 0.35090
vt 0.29164 0.35090
vt 0.30766 0.58831
vt 0.29193 0.55826
vt 0.29164 0.55897
vt 0.34146 0.37644
vt 0.30766 0.36409
vt 0.29164 0.36409
vt 0.34146 0.25461
vt 0.34146 0.25461
vt 0.29164 0.25461
vt 0.36592 0.23008
vt 0.36592 0.25461
vt 0.29164 0.23008
vt 0.36592 0.65724
vt 0.36592 0.65989
vt 0.29164 0.65989
vt 0.36592 0.61798
vt 0.36592 0.65724
vt 0.29164 0.63798
vt 0.30751 0.51425
vt 0.29662 0.53123
vt 0.29164 0.53123
vt 0.36592 0.49828
vt 0.30751 0.51425
vt 0.29164 0.52212
vt 0.29525 0.51983
vt 0.29226 0.52326
vt 0.29164 0.52321
vt 0.29248 0.31173
vt 0.29226 0.31283
vt 0.29164 0.31268
vt 0.29266 0.35090
vt 0.29226 0.35041
vt 0.29164 0.35041
vt 0.29226 0.55794
vt 0.29192 0.52256
vt 0.29164 0.52326
vt 0.30751 0.51425
vt 0.34146 0.49828
vt 0.29164 0.50358
vt 0.34146 0.61455
vt 0.30766 0.58831
vt 0.29164 0.58831
vt 0.31826 0.29188
vt 0.34146 0.25461
vt 0.29164 0.28081
vt 0.29226 0.53631
vt 0.29226 0.56966
vt 0.29164 0.56966
vt 0.29662 0.53123
vt 0.29226 0.53631
vt 0.29164 0.53624
vt 0.34146 0.61465
vt 0.34146 0.61455
vt 0.29164 0.61455
vt 0.45621 0.50497
vt 0.45621 0.39489
vt 0.29164 0.50449
vt 0.45621 0.34358
vt 0.45621 0.43642
vt 0.29178 0.37892
vt 0.45621 0.39489
vt 0.45621 0.34358
vt 0.29164 0.39047
vt 0.45621 0.43642
vt 0.45621 0.50497
vt 0.29164 0.48425
vt 0.35958 0.55789
vt 0.35958 0.59141
vt 0.29164 0.57815
vt 0.35958 0.59141
vt 0.35958 0.55789
vt 0.29164 0.56900
vt 0.29605 0.22446
vt 0.29404 0.21397
vt 0.29164 0.23021
vt 0.29404 0.21397
vt 0.29605 0.22446
vt 0.29164 0.21291
vt 0.29606 0.52259
vt 0.29606 0.52259
vt 0.29164 0.52259
vt 0.29606 0.52259
vt 0.29606 0.35187
vt 0.29164 0.35170
vt 0.29606 0.35187
vt 0.29606 0.35187
vt 0.29164 0.35170
vt 0.29606 0.35187
vt 0.29227 0.37700
vt 0.29164 0.35170
vt 0.29164 0.57358
vt 0.29164 0.59349
vt 0.30766 0.60152
vt 0.29164 0.60152
vt 0.29164 0.60853
vt 0.36592 0.61798
vt 0.29164 0.25461
vt 0.29164 0.25461
vt 0.34146 0.25461
vt 0.29164 0.56966
vt 0.29164 0.57352
vt 0.29226 0.57358
vt 0.29164 0.55899
vt 0.29164 0.55794
vt 0.29226 0.55794
vt 0.29164 0.60210
vt 0.29164 0.58831
vt 0.32473 0.54699
vt 0.29164 0.57989
vt 0.29164 0.55901
vt 0.29226 0.55901
vt 0.29164 0.51196
vt 0.29164 0.52212
vt 0.29420 0.52988
vt 0.29164 0.33911
vt 0.29164 0.34698
vt 0.30766 0.34992
vt 0.29164 0.65989
vt 0.29164 0.65989
vt 0.36592 0.65989
vt 0.29164 0.26497
vt 0.29164 0.27267
vt 0.31865 0.29175
vt 0.29164 0.28029
vt 0.29164 0.29918
vt 0.29223 0.29964
vt 0.29164 0.28936
vt 0.29164 0.27111
vt 0.34146 0.25461
vt 0.29164 0.33552
vt 0.29164 0.33911
vt 0.29539 0.33911
vt 0.29164 0.51983
vt 0.29164 0.51234
vt 0.31311 0.51754
vt 0.29164 0.37058
vt 0.29164 0.36409
vt 0.29408 0.36458
vt 0.29164 0.61465
vt 0.29164 0.61455
vt 0.34146 0.61455
vt 0.29164 0.51234
vt 0.29164 0.50358
vt 0.34146 0.49828
vt 0.29164 0.48650
vt 0.29164 0.37644
vt 0.34146 0.37644
vt 0.29164 0.34983
vt 0.29164 0.31283
vt 0.29226 0.31283
vt 0.29164 0.53631
vt 0.29164 0.56915
vt 0.29226 0.56966
vt 0.29164 0.55741
vt 0.29164 0.52326
vt 0.29226 0.52326
vt 0.29164 0.37644
vt 0.29164 0.35205
vt 0.36592 0.35205
vt 0.29164 0.23008
vt 0.29164 0.23008
vt 0.36592 0.23008
vt 0.29164 0.30122
vt 0.29164 0.33547
vt 0.29226 0.33547
vt 0.29164 0.34992
vt 0.29164 0.36122
vt 0.36592 0.37644
vt 0.29164 0.62074
vt 0.29164 0.63798
vt 0.36592 0.65594
vt 0.29164 0.31283
vt 0.29164 0.34983
vt 0.29226 0.35041
vt 0.29164 0.23008
vt 0.29164 0.23008
vt 0.36592 0.23008
vt 0.29164 0.65687
vt 0.29164 0.63798
vt 0.36592 0.65724
vt 0.29164 0.23008
vt 0.29164 0.23008
vt 0.36592 0.23008
vt 0.29164 0.52268
vt 0.29164 0.36546
vt 0.36592 0.35205
vt 0.29164 0.57352
vt 0.29164 0.56966
vt 0.29226 0.56966
vt 0.29164 0.59349
vt 0.29164 0.57358
vt 0.29226 0.57358
vt 0.29302 0.28455
vt 0.29164 0.26497
vt 0.36592 0.25461
vt 0.29164 0.36122
vt 0.29164 0.34992
vt 0.31967 0.34571
vt 0.29164 0.60853
vt 0.29164 0.60152
vt 0.30766 0.60152
vt 0.29164 0.35090
vt 0.29164 0.36033
vt 0.30766 0.36409
vt 0.29164 0.36409
vt 0.29164 0.37058
vt 0.34146 0.37644
vt 0.29164 0.25461
vt 0.29164 0.25461
vt 0.34146 0.25461
vt 0.29164 0.65989
vt 0.29164 0.65989
vt 0.36592 0.65724
vt 0.29408 0.36458
vt 0.29164 0.35041
vt 0.29227 0.35047
vt 0.29164 0.63798
vt 0.29164 0.65989
vt 0.36592 0.65594
vt 0.29164 0.63798
vt 0.29164 0.62074
vt 0.36592 0.61798
vt 0.29164 0.53123
vt 0.29164 0.52455
vt 0.30751 0.51425
vt 0.29164 0.52212
vt 0.29164 0.51196
vt 0.36592 0.49828
vt 0.29164 0.52321
vt 0.29164 0.51983
vt 0.29525 0.51983
vt 0.29164 0.35041
vt 0.29164 0.35090
vt 0.29266 0.35090
vt 0.29164 0.52326
vt 0.29164 0.55741
vt 0.29226 0.55794
vt 0.29164 0.50358
vt 0.29164 0.50944
vt 0.30751 0.51425
vt 0.29164 0.58831
vt 0.29164 0.60210
vt 0.34146 0.61455
vt 0.29164 0.56966
vt 0.29164 0.53682
vt 0.29226 0.53631
vt 0.29164 0.53624
vt 0.29164 0.53123
vt 0.29662 0.53123
vt 0.29164 0.61455
vt 0.29164 0.61465
vt 0.34146 0.61465
vt 0.29164 0.23021
vt 0.29164 0.23021
vt 0.29605 0.22446
vt 0.29164 0.21291
vt 0.29164 0.20610
vt 0.29404 0.21397
vt 0.29164 0.52259
vt 0.29237 0.51147
vt 0.29606 0.52259
vt 0.29164 0.35170
vt 0.29164 0.52259
vt 0.29606 0.52259
vt 0.36592 0.61798
vt 0.29164 0.61189
vt 0.29164 0.61348
vt 0.36592 0.61798
vt 0.29164 0.60853
vt 0.29164 0.61189
vt 0.30766 0.60152
vt 0.29164 0.59349
vt 0.29164 0.60152
vt 0.32473 0.54699
vt 0.29164 0.58831
vt 0.29164 0.57989
vt 0.29226 0.57358
vt 0.29164 0.57352
vt 0.29164 0.57358
vt 0.36592 0.23008
vt 0.29164 0.23008
vt 0.29164 0.23008
vt 0.34146 0.61455
vt 0.29164 0.61455
vt 0.29164 0.60927
vt 0.31865 0.29175
vt 0.29248 0.31173
vt 0.29164 0.28936
vt 0.36592 0.61798
vt 0.29164 0.61348
vt 0.29164 0.61798
vt 0.29226 0.55901
vt 0.29164 0.55901
vt 0.29164 0.55899
vt 0.36592 0.49828
vt 0.29164 0.50711
vt 0.29164 0.51196
vt 0.29420 0.52988
vt 0.29164 0.52212
vt 0.29164 0.52455
vt 0.36592 0.49828
vt 0.29164 0.49828
vt 0.29164 0.50479
vt 0.36592 0.37644
vt 0.29164 0.36919
vt 0.29164 0.37644
vt 0.29223 0.29964
vt 0.29164 0.29918
vt 0.29164 0.30069
vt 0.36592 0.25461
vt 0.29164 0.25955
vt 0.29164 0.26130
vt 0.36592 0.25461
vt 0.29164 0.26130
vt 0.29164 0.26497
vt 0.36592 0.25461
vt 0.29164 0.25461
vt 0.29164 0.25955
vt 0.31865 0.29175
vt 0.29164 0.27267
vt 0.29164 0.28029
vt 0.34146 0.37644
vt 0.29164 0.37644
vt 0.29164 0.37396
vt 0.34146 0.25461
vt 0.29164 0.27111
vt 0.29164 0.26444
vt 0.34146 0.25461
vt 0.29164 0.26161
vt 0.29164 0.25461
vt 0.34146 0.61455
vt 0.29164 0.60713
vt 0.29164 0.60210
vt 0.34146 0.37644
vt 0.29164 0.37295
vt 0.29164 0.37058
vt 0.34146 0.61455
vt 0.29164 0.60927
vt 0.29164 0.60713
vt 0.34146 0.49828
vt 0.29164 0.50358
vt 0.29164 0.50144
vt 0.29226 0.33547
vt 0.29164 0.33547
vt 0.29164 0.33552
vt 0.29223 0.29964
vt 0.29164 0.30069
vt 0.29164 0.30122
vt 0.34146 0.49828
vt 0.29164 0.50053
vt 0.29164 0.49828
vt 0.36592 0.61798
vt 0.29164 0.62074
vt 0.29164 0.61798
vt 0.36592 0.37644
vt 0.29164 0.36919
vt 0.29164 0.36662
vt 0.34146 0.25461
vt 0.29164 0.26444
vt 0.29164 0.26161
vt 0.34146 0.49828
vt 0.29164 0.50144
vt 0.29164 0.50053
vt 0.34146 0.37644
vt 0.29164 0.37396
vt 0.29164 0.37295
vt 0.34146 0.49828
vt 0.29164 0.49828
vt 0.29164 0.48650
vt 0.36592 0.65989
vt 0.29164 0.65989
vt 0.29164 0.65989
vt 0.36592 0.37644
vt 0.29164 0.36662
vt 0.29164 0.36919
vt 0.36592 0.61798
vt 0.29164 0.61798
vt 0.29164 0.62074
vt 0.36592 0.49828
vt 0.29164 0.50479
vt 0.29164 0.50711
vt 0.34146 0.25461
vt 0.29164 0.25461
vt 0.29164 0.25461
vt 0.36592 0.25461
vt 0.29164 0.23008
vt 0.29164 0.25461
vt 0.36592 0.49828
vt 0.29164 0.52268
vt 0.29164 0.49828
vt 0.36592 0.37644
vt 0.29164 0.36122
vt 0.29164 0.36662
vt 0.30766 0.34992
vt 0.29164 0.34698
vt 0.29164 0.34992
vt 0.29192 0.52256
vt 0.29164 0.52321
vt 0.29164 0.52326
vt 0.36592 0.49828
vt 0.29164 0.49828
vt 0.29164 0.52268
vt 0.36592 0.25461
vt 0.29164 0.25461
vt 0.29164 0.23008
vt 0.34146 0.49828
vt 0.29164 0.37644
vt 0.29164 0.49828
vt 0.36592 0.65724
vt 0.29164 0.65989
vt 0.29164 0.65989
vt 0.36592 0.65989
vt 0.29164 0.65989
vt 0.29164 0.65989
vt 0.29226 0.53631
vt 0.29164 0.53682
vt 0.29164 0.53631
vt 0.36592 0.61798
vt 0.29164 0.61348
vt 0.29164 0.61189
vt 0.34146 0.49828
vt 0.29164 0.50053
vt 0.29164 0.50144
vt 0.34146 0.25461
vt 0.29164 0.25461
vt 0.29164 0.25461
vt 0.36592 0.65989
vt 0.29164 0.65989
vt 0.29164 0.65687
vt 0.36592 0.49828
vt 0.29164 0.50711
vt 0.29164 0.50479
vt 0.36592 0.23008
vt 0.29164 0.23008
vt 0.29164 0.23008
vt 0.36592 0.25461
vt 0.29164 0.26130
vt 0.29164 0.25955
vt 0.29226 0.57358
vt 0.29164 0.57358
vt 0.29164 0.57352
vt 0.36592 0.61798
vt 0.29164 0.61798
vt 0.29164 0.61348
vt 0.36592 0.25461
vt 0.29164 0.25955
vt 0.29164 0.25461
vt 0.36592 0.49828
vt 0.29164 0.50479
vt 0.29164 0.49828
vt 0.36592 0.37644
vt 0.29164 0.36662
vt 0.29164 0.36122
vt 0.31967 0.34571
vt 0.29164 0.34992
vt 0.29166 0.33396
vt 0.36592 0.25461
vt 0.29164 0.26497
vt 0.29164 0.26130
vt 0.30766 0.60152
vt 0.29164 0.60152
vt 0.29164 0.59349
vt 0.34146 0.61455
vt 0.29164 0.60210
vt 0.29164 0.60713
vt 0.30766 0.36409
vt 0.29164 0.36033
vt 0.29164 0.36409
vt 0.34146 0.37644
vt 0.29164 0.37396
vt 0.29164 0.37644
vt 0.36592 0.23008
vt 0.29164 0.23008
vt 0.29164 0.23008
vt 0.36592 0.61798
vt 0.29164 0.61189
vt 0.29164 0.60853
vt 0.30766 0.58831
vt 0.29164 0.55897
vt 0.29164 0.58831
vt 0.34146 0.61455
vt 0.29164 0.60713
vt 0.29164 0.60927
vt 0.36592 0.35205
vt 0.29164 0.35205
vt 0.29164 0.52268
vt 0.29226 0.56966
vt 0.29164 0.56915
vt 0.29164 0.56966
vt 0.29227 0.35047
vt 0.29164 0.35041
vt 0.29164 0.34983
vt 0.36592 0.37644
vt 0.29164 0.36546
vt 0.29164 0.36919
vt 0.36592 0.49828
vt 0.29164 0.51196
vt 0.29164 0.50711
vt 0.30751 0.51425
vt 0.29164 0.52455
vt 0.29164 0.52212
vt 0.29226 0.52326
vt 0.29164 0.52326
vt 0.29164 0.52321
vt 0.29226 0.31283
vt 0.29164 0.31283
vt 0.29164 0.31268
vt 0.34146 0.61455
vt 0.29164 0.60927
vt 0.29164 0.61455
vt 0.29226 0.55794
vt 0.29164 0.55794
vt 0.29164 0.55741
vt 0.29226 0.35041
vt 0.29164 0.34983
vt 0.29164 0.35041
vt 0.29226 0.35041
vt 0.29164 0.35041
vt 0.29164 0.35041
vt 0.29226 0.55794
vt 0.29164 0.55741
vt 0.29193 0.55826
vt 0.34146 0.37644
vt 0.29164 0.37295
vt 0.29164 0.37396
vt 0.34146 0.49828
vt 0.29164 0.50144
vt 0.29164 0.50358
vt 0.30751 0.51425
vt 0.29164 0.50944
vt 0.29192 0.52256
vt 0.34146 0.49828
vt 0.29164 0.49828
vt 0.29164 0.50053
vt 0.34146 0.37644
vt 0.29164 0.37058
vt 0.29164 0.37295
vt 0.31826 0.29188
vt 0.29164 0.28081
vt 0.29197 0.30591
vt 0.34146 0.25461
vt 0.29164 0.25461
vt 0.29164 0.28081
vt 0.29226 0.53631
vt 0.29164 0.53631
vt 0.29164 0.53624
vt 0.45621 0.39489
vt 0.29164 0.39047
vt 0.29164 0.50449
vt 0.45621 0.34358
vt 0.29178 0.37892
vt 0.29164 0.39047
vt 0.45621 0.43642
vt 0.29164 0.48425
vt 0.29164 0.39047
vt 0.45621 0.43642
vt 0.29164 0.39047
vt 0.29178 0.37892
vt 0.45621 0.50497
vt 0.29164 0.50449
vt 0.29164 0.48425
vt 0.35958 0.59141
vt 0.29164 0.56900
vt 0.29164 0.57815
vt 0.35958 0.55789
vt 0.29164 0.57815
vt 0.29164 0.56900
vt 0.29605 0.22446
vt 0.29164 0.23021
vt 0.29164 0.21291
vt 0.29164 0.50144
vt 0.29164 0.50358
vt 0.29164 0.50944
vt 0.29164 0.52321
vt 0.29164 0.52326
vt 0.29164 0.55741
vt 0.29164 0.55741
vt 0.29193 0.55826
vt 0.29164 0.55897
vt 0.29164 0.60210
vt 0.29164 0.60713
vt 0.29164 0.60927
vt 0.29164 0.61455
vt 0.29164 0.60927
vt 0.29164 0.60713
vt 0.29164 0.58831
vt 0.29164 0.57989
vt 0.29164 0.55901
vt 0.29164 0.55901
vt 0.29164 0.55899
vt 0.29164 0.55794
vt 0.29164 0.55794
vt 0.29164 0.55741
vt 0.29164 0.52326
vt 0.29164 0.52321
vt 0.29164 0.51983
vt 0.29164 0.51234
vt 0.29164 0.37396
vt 0.29164 0.37295
vt 0.29164 0.37058
vt 0.29164 0.35041
vt 0.29164 0.34983
vt 0.29164 0.31283
vt 0.29164 0.27111
vt 0.29164 0.26444
vt 0.29164 0.26161
vt 0.29164 0.25461
vt 0.29164 0.25461
vt 0.29164 0.25461
vt 0.29164 0.25461
vt 0.29164 0.25461
vt 0.29164 0.25461
vt 0.29164 0.31283
vt 0.29164 0.34983
vt 0.29164 0.35041
vt 0.29164 0.35041
vt 0.29164 0.35041
vt 0.29164 0.35090
vt 0.29164 0.36033
vt 0.29164 0.36409
vt 0.29164 0.37058
vt 0.29164 0.36919
vt 0.29164 0.36662
vt 0.29164 0.36122
vt 0.29164 0.26497
vt 0.29164 0.26130
vt 0.29164 0.25955
vt 0.29164 0.23008
vt 0.29164 0.23008
vt 0.29164 0.23008
vt 0.29164 0.23008
vt 0.29164 0.23008
vt 0.29164 0.23008
vt 0.29164 0.25461
vt 0.29164 0.25955
vt 0.29164 0.26130
vt 0.29164 0.26130
vt 0.29164 0.26497
vt 0.29164 0.27267
vt 0.29164 0.27267
vt 0.29164 0.28029
vt 0.29164 0.29918
vt 0.29164 0.33547
vt 0.29164 0.33552
vt 0.29164 0.33911
vt 0.29164 0.34992
vt 0.29164 0.36122
vt 0.29164 0.36662
vt 0.29164 0.36662
vt 0.29164 0.36919
vt 0.29164 0.37644
vt 0.29164 0.49828
vt 0.29164 0.50479
vt 0.29164 0.50711
vt 0.29164 0.50711
vt 0.29164 0.51196
vt 0.29164 0.52212
vt 0.29164 0.53631
vt 0.29164 0.56915
vt 0.29164 0.56966
vt 0.29164 0.57352
vt 0.29164 0.57358
vt 0.29164 0.59349
vt 0.29164 0.60152
vt 0.29164 0.60853
vt 0.29164 0.61189
vt 0.29164 0.61798
vt 0.29164 0.62074
vt 0.29164 0.63798
vt 0.29164 0.65989
vt 0.29164 0.65989
vt 0.29164 0.65989
vt 0.29164 0.63798
vt 0.29164 0.62074
vt 0.29164 0.61798
vt 0.29164 0.61798
vt 0.29164 0.61348
vt 0.29164 0.61189
vt 0.29164 0.61189
vt 0.29164 0.60853
vt 0.29164 0.60152
vt 0.29164 0.60152
vt 0.29164 0.59349
vt 0.29164 0.57358
vt 0.29164 0.56966
vt 0.29164 0.53682
vt 0.29164 0.53631
vt 0.29164 0.53631
vt 0.29164 0.53624
vt 0.29164 0.53123
vt 0.29164 0.53123
vt 0.29164 0.52455
vt 0.29164 0.52212
vt 0.29164 0.52212
vt 0.29164 0.51196
vt 0.29164 0.50711
vt 0.29164 0.50053
vt 0.29164 0.50144
vt 0.29164 0.50944
vt 0.29164 0.50944
vt 0.29192 0.52256
vt 0.29164 0.52321
vt 0.29164 0.52321
vt 0.29164 0.55741
vt 0.29164 0.55897
vt 0.29164 0.58831
vt 0.29164 0.60210
vt 0.29164 0.60927
vt 0.29164 0.61455
vt 0.29164 0.60713
vt 0.29164 0.60210
vt 0.29164 0.58831
vt 0.29164 0.55901
vt 0.29164 0.55794
vt 0.29164 0.55794
vt 0.29164 0.52326
vt 0.29164 0.52321
vt 0.29164 0.52321
vt 0.29164 0.51234
vt 0.29164 0.50358
vt 0.29164 0.37396
vt 0.29164 0.37058
vt 0.29164 0.36409
vt 0.29164 0.35041
vt 0.29164 0.31283
vt 0.29164 0.31268
vt 0.29164 0.31268
vt 0.29248 0.31173
vt 0.29164 0.28936
vt 0.29164 0.27111
vt 0.29164 0.26161
vt 0.29164 0.25461
vt 0.29164 0.31283
vt 0.29164 0.35041
vt 0.29164 0.35090
vt 0.29164 0.36033
vt 0.29164 0.37058
vt 0.29164 0.37295
vt 0.29164 0.37644
vt 0.29164 0.49828
vt 0.29164 0.49828
vt 0.29164 0.49828
vt 0.29164 0.52268
vt 0.29164 0.36546
vt 0.29164 0.36919
vt 0.29164 0.36122
vt 0.29164 0.34992
vt 0.29164 0.26497
vt 0.29164 0.25955
vt 0.29164 0.25461
vt 0.29164 0.25461
vt 0.29164 0.23008
vt 0.29164 0.23008
vt 0.29164 0.23008
vt 0.29164 0.23008
vt 0.29164 0.23008
vt 0.29164 0.25461
vt 0.29164 0.26130
vt 0.29164 0.27267
vt 0.29164 0.30122
vt 0.29164 0.33547
vt 0.29164 0.33911
vt 0.29164 0.34992
vt 0.29164 0.36662
vt 0.29164 0.37644
vt 0.29164 0.37644
vt 0.29164 0.35205
vt 0.29164 0.52268
vt 0.29164 0.50711
vt 0.29164 0.52212
vt 0.29164 0.52455
vt 0.29164 0.56966
vt 0.29164 0.57352
vt 0.29164 0.59349
vt 0.29164 0.60152
vt 0.29164 0.61189
vt 0.29164 0.61348
vt 0.29164 0.61348
vt 0.29164 0.61798
vt 0.29164 0.63798
vt 0.29164 0.65989
vt 0.29164 0.65989
vt 0.29164 0.65989
vt 0.29164 0.65989
vt 0.29164 0.65989
vt 0.29164 0.65687
vt 0.29164 0.63798
vt 0.29164 0.61798
vt 0.29164 0.61189
vt 0.29164 0.61189
vt 0.29164 0.60152
vt 0.29164 0.57358
vt 0.29164 0.56966
vt 0.29164 0.53631
vt 0.29164 0.53123
vt 0.29164 0.53123
vt 0.29164 0.52212
vt 0.29164 0.50711
vt 0.29164 0.50711
vt 0.29164 0.50479
vt 0.29164 0.49828
vt 0.29164 0.49828
vt 0.29164 0.49828
vt 0.29164 0.50053
vt 0.29164 0.50053
vt 0.29164 0.50944
vt 0.29164 0.52321
vt 0.29164 0.58831
vt 0.29164 0.55794
vt 0.29164 0.52321
vt 0.29164 0.52321
vt 0.29164 0.50358
vt 0.29164 0.50144
vt 0.29164 0.37644
vt 0.29164 0.37396
vt 0.29164 0.36409
vt 0.29164 0.36409
vt 0.29408 0.36458
vt 0.29164 0.35041
vt 0.29164 0.35041
vt 0.29164 0.31268
vt 0.29164 0.28936
vt 0.29164 0.28081
vt 0.29197 0.30591
vt 0.29164 0.31283
vt 0.29164 0.31283
vt 0.29164 0.35090
vt 0.29164 0.36033
vt 0.29164 0.36033
vt 0.29164 0.37295
vt 0.29164 0.37396
vt 0.29164 0.25461
vt 0.29164 0.23008
vt 0.29164 0.23008
vt 0.29164 0.23008
vt 0.29164 0.23008
vt 0.29164 0.25461
vt 0.29164 0.25461
vt 0.29164 0.27267
vt 0.29164 0.29918
vt 0.29164 0.37644
vt 0.29164 0.52268
vt 0.29164 0.49828
vt 0.29164 0.60152
vt 0.29164 0.61348
vt 0.29164 0.63798
vt 0.29164 0.63798
vt 0.29164 0.65989
vt 0.29164 0.65989
vt 0.29164 0.65989
vt 0.29164 0.65989
vt 0.29164 0.65687
vt 0.29164 0.63798
vt 0.29164 0.61189
vt 0.29164 0.57358
vt 0.29164 0.53123
vt 0.29164 0.50711
vt 0.29164 0.49828
vt 0.29164 0.49828
vt 0.29164 0.50053
vt 0.29164 0.52321
vt 0.29164 0.52321
vt 0.29164 0.55897
vt 0.29164 0.58831
vt 0.29164 0.60210
vt 0.29164 0.58831
vt 0.29164 0.52321
vt 0.29164 0.52321
vt 0.29164 0.50144
vt 0.29164 0.50053
vt 0.29164 0.37644
vt 0.29164 0.36409
vt 0.29164 0.35041
vt 0.29164 0.35041
vt 0.29164 0.28936
vt 0.29164 0.27111
vt 0.29164 0.25461
vt 0.29164 0.28081
vt 0.29164 0.31283
vt 0.29164 0.31283
vt 0.29164 0.36033
vt 0.29164 0.37396
vt 0.29164 0.37644
vt 0.29164 0.49828
vt 0.29164 0.36546
vt 0.29164 0.25461
vt 0.29164 0.23008
vt 0.29164 0.25461
vt 0.29164 0.34992
vt 0.29164 0.37644
vt 0.29164 0.49828
vt 0.29164 0.59349
vt 0.29164 0.60152
vt 0.29164 0.63798
vt 0.29164 0.63798
vt 0.29164 0.65989
vt 0.29164 0.65687
vt 0.29164 0.63798
vt 0.29164 0.57358
vt 0.29164 0.57352
vt 0.29164 0.53123
vt 0.29164 0.49828
vt 0.29164 0.52321
vt 0.29164 0.52321
vt 0.29164 0.58831
vt 0.29164 0.60927
vt 0.29164 0.61455
vt 0.29164 0.60210
vt 0.29164 0.52321
vt 0.29164 0.52321
vt 0.29164 0.50053
vt 0.29164 0.49828
vt 0.29164 0.37644
vt 0.29164 0.35041
vt 0.29164 0.27111
vt 0.29164 0.31283
vt 0.29164 0.37396
vt 0.29164 0.37644
vt 0.29164 0.37644
vt 0.29164 0.36546
vt 0.29164 0.36919
vt 0.29164 0.34698
vt 0.29164 0.34992
vt 0.29164 0.49828
vt 0.29164 0.56966
vt 0.29164 0.59349
vt 0.29164 0.63798
vt 0.29164 0.63798
vt 0.29164 0.65687
vt 0.29164 0.63798
vt 0.29164 0.56966
vt 0.29164 0.53123
vt 0.29164 0.52321
vt 0.29164 0.52321
vt 0.29164 0.60927
vt 0.29164 0.61455
vt 0.29164 0.31283
vt 0.29164 0.37644
vt 0.29164 0.36919
vt 0.29164 0.56966
vt 0.29164 0.52321
vt 0.29164 0.61455
vt 0.29164 0.31283
vt 0.29164 0.36919
vt 0.29164 0.34992
vt 0.29164 0.57352
vt 0.29164 0.56966
vt 0.29164 0.61455
vt 0.29164 0.31283
vt 0.29164 0.34992
vt 0.29166 0.33396
vt 0.29164 0.63798
vt 0.29164 0.57352
vt 0.29164 0.61455
vt 0.29164 0.63798
vt 0.29164 0.63798
vt 0.29164 0.61455
vt 0.29164 0.63798
vt 0.29164 0.61455
vt 0.29164 0.61465
vt 0.29164 0.31283
vt 0.29166 0.33396
vt 0.29302 0.28455
vt 0.29164 0.25461
vt 0.29164 0.31283
vt 0.29302 0.28455
vt 0.29164 0.63798
vt 0.29164 0.61465
vt 0.29164 0.61455
vt 0.29164 0.56966
vt 0.29164 0.63798
vt 0.29164 0.61455
vt 0.29164 0.56966
vt 0.29164 0.61455
vt 0.29164 0.52321
vt 0.29164 0.53631
vt 0.29164 0.56966
vt 0.29164 0.52321
vt 0.29164 0.25461
vt 0.29302 0.28455
vt 0.29164 0.26497
vt 0.29420 0.52988
vt 0.29164 0.53631
vt 0.29164 0.52321
vt 0.29164 0.25461
vt 0.29164 0.26497
vt 0.29164 0.25461
vt 0.29164 0.52455
vt 0.29420 0.52988
vt 0.29164 0.52321
vt 0.29164 0.25461
vt 0.29164 0.25461
vt 0.29164 0.25461
vt 0.29164 0.50711
vt 0.29164 0.52455
vt 0.29164 0.52321
vt 0.29164 0.25461
vt 0.29164 0.25461
vt 0.29164 0.25461
vt 0.29164 0.49828
vt 0.29164 0.50711
vt 0.29164 0.52321
vt 0.29164 0.25461
vt 0.29164 0.25461
vt 0.29164 0.25461
vt 0.29164 0.49828
vt 0.29164 0.52321
vt 0.29164 0.49828
vt 0.29164 0.27111
vt 0.29164 0.25461
vt 0.29164 0.25461
vt 0.29164 0.49828
vt 0.29164 0.49828
vt 0.29164 0.48650
vt 0.29164 0.27111
vt 0.29164 0.25461
vt 0.29164 0.29918
vt 0.29164 0.49828
vt 0.29164 0.48650
vt 0.29164 0.37644
vt 0.29164 0.27111
vt 0.29164 0.29918
vt 0.29164 0.30069
vt 0.29164 0.34698
vt 0.29164 0.49828
vt 0.29164 0.37644
vt 0.29164 0.37644
vt 0.29164 0.27111
vt 0.29164 0.30069
vt 0.29164 0.33911
vt 0.29164 0.34698
vt 0.29164 0.37644
vt 0.29164 0.37644
vt 0.29164 0.30069
vt 0.29164 0.30122
vt 0.29164 0.30122
vt 0.29164 0.33911
vt 0.29164 0.37644
vt 0.29404 0.21397
vt 0.29164 0.23021
vt 0.29164 0.23021
vt 0.29404 0.21397
vt 0.29164 0.23021
vt 0.29164 0.21291
vt 0.29404 0.21397
vt 0.29164 0.21291
vt 0.29164 0.20610
vt 0.29164 0.35170
vt 0.29164 0.52259
vt 0.29237 0.51147
vt 0.29164 0.35170
vt 0.29237 0.51147
vt 0.29227 0.37700
vt 0.29120 0.44212
vt 0.29164 0.48425
vt 0.29164 0.39047
vt 0.29178 0.37892
vt 0.29120 0.44212
vt 0.29164 0.39047
vt 0.29164 0.50449
vt 0.29164 0.48425
vt 0.29120 0.44212
vt 0.29164 0.50449
vt 0.29120 0.44212
vt 0.29122 0.47792
vt 0.29122 0.47792
vt 0.29178 0.37892
vt 0.29164 0.39047
vt 0.29122 0.47792
vt 0.29164 0.39047
vt 0.29164 0.50449
f 77/1 76/2 85/3
f 75/4 82/5 80/6
f 74/7 85/8 76/9
f 196/10 89/11 90/12
f 78/13 88/14 86/15
f 59/16 196/17 62/18
f 77/19 79/20 78/21
f 72/22 66/23 71/24
f 89/25 78/26 70/27
f 70/28 90/29 89/30
f 72/31 71/32 73/33
f 80/34 87/35 90/36
f 62/37 65/38 59/39
f 87/40 65/41 62/42
f 77/43 75/44 76/45
f 78/46 79/47 70/48
f 65/49 80/50 82/51
f 68/52 67/53 83/54
f 88/55 89/56 61/57
f 81/58 79/59 77/60
f 65/61 82/62 75/63
f 61/64 89/65 196/66
f 74/67 72/68 73/69
f 71/70 69/71 70/72
f 69/73 84/74 68/75
f 68/76 83/77 70/78
f 80/79 65/80 87/81
f 63/82 87/83 60/84
f 64/85 196/86 90/87
f 59/88 61/89 196/90
f 78/91 89/92 88/93
f 78/94 59/95 65/96
f 69/97 68/98 70/99
f 74/100 80/101 72/102
f 90/103 87/104 63/105
f 88/106 61/107 86/108
f 74/109 73/110 85/111
f 81/112 85/113 73/114
f 69/115 71/116 66/117
f 90/118 67/119 80/120
f 75/121 80/122 76/123
f 77/124 78/125 75/126
f 84/127 66/128 72/129
f 80/130 74/131 76/132
f 84/133 72/134 67/135
f 84/136 67/137 68/138
f 77/139 85/140 81/141
f 61/142 59/143 86/144
f 81/145 70/146 79/147
f 90/148 70/149 83/150
f 71/151 81/152 73/153
f 78/154 65/155 75/156
f 90/157 83/158 67/159
f 60/160 87/161 62/162
f 90/163 63/164 64/165
f 63/166 60/167 64/168
f 69/169 66/170 84/171
f 78/172 86/173 59/174
f 71/175 70/176 81/177
f 56/178 58/179 57/180
f 58/181 55/182 57/183
f 58/184 14/185 55/186
f 54/187 56/188 57/189
f 15/190 20/191 16/192
f 14/193 16/194 54/195
f 17/196 15/197 16/198
f 54/199 57/200 55/201
f 56/202 14/203 58/204
f 55/205 14/206 54/207
f 13/208 17/209 16/210
f 15/211 19/212 20/213
f 18/214 20/215 19/216
f 17/217 19/218 15/219
f 18/220 13/221 20/222
f 13/223 19/224 17/225
f 14/226 13/227 16/228
f 14/229 56/230 13/231
f 56/232 54/233 16/234
f 13/235 18/236 19/237
f 16/238 20/239 13/240
f 56/241 16/242 13/243
f 31/244 39/245 42/246
f 31/247 38/248 33/249
f 31/250 42/251 38/252
f 34/253 40/254 39/255
f 30/256 36/257 31/258
f 37/259 43/260 32/261
f 38/262 42/263 39/264
f 31/265 36/266 41/267
f 37/268 32/269 41/270
f 31/271 29/272 39/273
f 27/274 32/275 43/276
f 34/277 39/278 29/279
f 30/280 31/281 33/282
f 50/283 30/284 35/285
f 27/286 43/287 37/288
f 50/289 27/290 36/291
f 25/292 33/293 26/294
f 34/295 28/296 26/297
f 36/298 37/299 41/300
f 33/301 38/302 40/303
f 27/304 24/305 32/306
f 27/307 50/308 24/309
f 33/310 34/311 26/312
f 35/313 28/314 24/315
f 30/316 28/317 35/318
f 41/319 32/320 24/321
f 31/322 41/323 29/324
f 24/325 50/326 35/327
f 30/328 26/329 28/330
f 29/331 41/332 24/333
f 33/334 40/335 34/336
f 30/337 33/338 25/339
f 29/340 28/341 34/342
f 29/343 24/344 28/345
f 25/346 26/347 30/348
f 50/349 36/350 30/351
f 27/352 37/353 36/354
f 38/355 39/356 40/357
f 94/358 93/359 95/360
f 91/361 94/362 92/363
f 91/364 95/365 93/366
f 94/367 95/368 96/369
f 94/370 96/371 92/372
f 91/373 92/374 95/375
f 92/376 96/377 95/378
f 91/379 93/380 94/381
f 21/382 22/383 23/384
f 22/385 21/386 23/387
f 53/388 52/389 51/390
f 52/391 53/392 51/393
f 1/394 11/395 8/396
f 11/397 1/398 3/399
f 8/400 11/401 10/402
f 8/403 12/404 6/405
f 11/406 3/407 10/408
f 6/409 4/410 8/411
f 4/412 5/413 2/414
f 1/415 2/416 3/417
f 10/418 3/419 2/420
f 8/421 10/422 9/423
f 7/424 8/425 9/426
f 6/427 7/428 5/429
f 6/430 12/431 7/432
f 1/433 8/434 4/435
f 7/436 9/437 10/438
f 2/439 5/440 10/441
f 5/442 7/443 10/444
f 1/445 4/446 2/447
f 4/448 6/449 5/450
f 7/451 12/452 8/453
f 45/454 46/455 44/456
f 45/457 44/458 46/459
f 49/460 47/461 48/462
f 47/463 49/464 48/465
f 99/466 104/467 100/468
f 104/469 105/470 102/471
f 98/472 99/473 100/474
f 102/475 105/476 103/477
f 101/478 100/479 104/480
f 98/481 105/482 99/483
f 104/484 99/485 105/486
f 97/487 103/488 98/489
f 97/490 100/491 101/492
f 101/493 104/494 102/495
f 98/496 103/497 105/498
f 97/499 98/500 100/501
f 101/502 102/503 103/504
f 97/505 101/506 103/507
f 107/508 108/509 109/510
f 110/511 111/512 112/513
f 106/514 109/515 110/516
f 110/517 109/518 113/519
f 107/520 112/521 114/522
f 106/523 112/524 107/525
f 113/526 108/527 114/528
f 106/529 107/530 109/531
f 113/532 114/533 111/534
f 110/535 113/536 111/537
f 108/538 113/539 109/540
f 106/541 110/542 112/543
f 111/544 114/545 112/546
f 107/547 114/548 108/549
f 115/550 116/551 118/552
f 120/553 123/554 121/555
f 119/556 122/557 120/558
f 122/559 123/560 120/561
f 116/562 123/563 117/564
f 115/565 118/566 119/567
f 115/568 121/569 116/570
f 117/571 122/572 118/573
f 115/574 119/575 121/576
f 122/577 117/578 123/579
f 119/580 118/581 122/582
f 116/583 117/584 118/585
f 119/586 120/587 121/588
f 116/589 121/590 123/591
f 125/592 126/593 127/594
f 124/595 128/596 130/597
f 125/598 130/599 132/600
f 128/601 129/602 130/603
f 126/604 131/605 127/606
f 131/607 126/608 132/609
f 124/610 125/611 127/612
f 129/613 132/614 130/615
f 128/616 127/617 131/618
f 124/619 127/620 128/621
f 124/622 130/623 125/624
f 131/625 132/626 129/627
f 125/628 132/629 126/630
f 128/631 131/632 129/633
f 138/634 141/635 139/636
f 133/637 136/638 137/639
f 140/640 135/641 141/642
f 137/643 138/644 139/645
f 133/646 139/647 134/648
f 134/649 135/650 136/651
f 137/652 136/653 140/654
f 133/655 137/656 139/657
f 133/658 134/659 136/660
f 135/661 140/662 136/663
f 134/664 139/665 141/666
f 134/667 141/668 135/669
f 140/670 141/671 138/672
f 137/673 140/674 138/675
f 143/676 150/677 144/678
f 149/679 150/680 147/681
f 144/682 149/683 145/684
f 142/685 145/686 146/687
f 142/688 148/689 143/690
f 146/691 149/692 147/693
f 147/694 150/695 148/696
f 146/697 147/698 148/699
f 142/700 146/701 148/702
f 142/703 143/704 145/705
f 143/706 144/707 145/708
f 146/709 145/710 149/711
f 149/712 144/713 150/714
f 143/715 148/716 150/717
f 152/718 157/719 153/720
f 159/721 151/722 153/723
f 155/724 158/725 156/726
f 151/727 156/728 158/729
f 159/730 154/731 156/732
f 159/733 156/734 151/735
f 159/736 153/737 154/738
f 154/739 153/740 157/741
f 154/742 155/743 156/744
f 157/745 152/746 158/747
f 151/748 152/749 153/750
f 157/751 158/752 155/753
f 154/754 157/755 155/756
f 151/757 158/758 152/759
f 160/760 163/761 164/762
f 161/763 168/764 162/765
f 167/766 162/767 168/768
f 164/769 163/770 167/771
f 160/772 161/773 163/774
f 160/775 166/776 161/777
f 162/778 167/779 163/780
f 161/781 166/782 168/783
f 160/784 164/785 166/786
f 165/787 168/788 166/789
f 164/790 167/791 165/792
f 167/793 168/794 165/795
f 161/796 162/797 163/798
f 164/799 165/800 166/801
f 172/802 173/803 174/804
f 170/805 175/806 171/807
f 175/808 170/809 176/810
f 177/811 172/812 174/813
f 173/814 176/815 174/816
f 177/817 171/818 172/819
f 172/820 171/821 175/822
f 169/823 170/824 171/825
f 169/826 176/827 170/828
f 177/829 169/830 171/831
f 169/832 174/833 176/834
f 177/835 174/836 169/837
f 175/838 176/839 173/840
f 172/841 175/842 173/843
f 180/844 185/845 181/846
f 179/847 184/848 186/849
f 185/850 180/851 186/852
f 178/853 181/854 182/855
f 182/856 181/857 185/858
f 179/859 180/860 181/861
f 182/862 185/863 183/864
f 182/865 183/866 184/867
f 183/868 186/869 184/870
f 178/871 179/872 181/873
f 178/874 182/875 184/876
f 178/877 184/878 179/879
f 179/880 186/881 180/882
f 185/883 186/884 183/885
f 194/886 195/887 192/888
f 188/889 189/890 190/891
f 191/892 194/893 192/894
f 187/895 191/896 193/897
f 187/898 193/899 188/900
f 187/901 188/902 190/903
f 187/904 190/905 191/906
f 191/907 190/908 194/909
f 189/910 194/911 190/912
f 194/913 189/914 195/915
f 192/916 195/917 193/918
f 188/919 193/920 195/921
f 191/922 192/923 193/924
f 188/925 195/926 189/927
f 720/928 707/929 724/930
f 740/931 677/932 696/933
f 1028/934 208/935 351/936
f 958/937 351/938 210/939
f 368/940 519/941 731/942
f 519/943 717/944 731/945
f 720/946 361/947 772/948
f 720/949 677/950 361/951
f 677/952 740/953 1001/954
f 958/955 717/956 351/957
f 958/958 346/959 717/960
f 731/961 717/962 677/963
f 214/964 772/965 361/966
f 729/967 874/968 210/969
f 804/970 955/971 389/972
f 677/973 1001/974 361/975
f 456/976 990/977 416/978
f 1012/979 351/980 519/981
f 1012/982 1028/983 351/984
f 214/985 361/986 1011/987
f 339/988 1015/989 1001/990
f 361/991 1015/992 1011/993
f 874/994 729/995 606/996
f 360/997 214/998 416/999
f 456/1000 559/1001 1013/1002
f 731/1003 677/1004 720/1005
f 338/1006 696/1007 1027/1008
f 677/1009 714/1010 696/1011
f 717/1012 714/1013 677/1014
f 519/1015 351/1016 717/1017
f 720/1018 724/1019 731/1020
f 750/1021 346/1022 958/1023
f 740/1024 696/1025 338/1026
f 559/1027 456/1028 416/1029
f 729/1030 210/1031 351/1032
f 763/1033 459/1034 716/1035
f 855/1036 702/1037 946/1038
f 261/1039 229/1040 742/1041
f 804/1042 389/1043 950/1044
f 676/1045 636/1046 652/1047
f 281/1048 696/1049 948/1050
f 1027/1051 696/1052 281/1053
f 368/1054 353/1055 1024/1056
f 948/1057 652/1058 636/1059
f 632/1060 281/1061 948/1062
f 762/1063 229/1064 459/1065
f 717/1066 357/1067 714/1068
f 632/1069 948/1070 861/1071
f 676/1072 638/1073 636/1074
f 717/1075 346/1076 649/1077
f 229/1078 261/1079 357/1080
f 714/1081 357/1082 261/1083
f 632/1084 861/1085 702/1086
f 948/1087 696/1088 714/1089
f 294/1090 372/1091 1020/1092
f 294/1093 880/1094 372/1095
f 248/1096 261/1097 742/1098
f 248/1099 764/1100 261/1101
f 717/1102 649/1103 357/1104
f 632/1105 595/1106 1027/1107
f 948/1108 714/1109 652/1110
f 632/1111 1027/1112 281/1113
f 1015/1114 361/1115 1001/1116
f 606/1117 353/1118 701/1119
f 701/1120 874/1121 606/1122
f 353/1123 368/1124 701/1125
f 1001/1126 456/1127 1013/1128
f 372/1129 948/1130 636/1131
f 652/1132 261/1133 804/1134
f 652/1135 714/1136 261/1137
f 1024/1138 519/1139 368/1140
f 416/1141 990/1142 360/1143
f 360/1144 772/1145 214/1146
f 389/1147 955/1148 716/1149
f 763/1150 762/1151 459/1152
f 955/1153 763/1154 716/1155
f 1020/1156 372/1157 855/1158
f 876/1159 1020/1160 855/1161
f 861/1162 372/1163 880/1164
f 861/1165 946/1166 702/1167
f 855/1168 367/1169 876/1170
f 946/1171 367/1172 855/1173
f 861/1174 880/1175 972/1176
f 261/1177 764/1178 297/1179
f 804/1180 261/1181 297/1182
f 372/1183 861/1184 948/1185
f 762/1186 742/1187 229/1188
f 777/1189 482/1190 502/1191
f 777/1192 620/1193 482/1194
f 625/1195 502/1196 482/1197
f 777/1198 625/1199 757/1200
f 625/1201 482/1202 757/1203
f 777/1204 757/1205 620/1206
f 625/1207 492/1208 502/1209
f 822/1210 655/1211 886/1212
f 919/1213 918/1214 264/1215
f 915/1216 917/1217 257/1218
f 226/1219 224/1220 422/1221
f 223/1222 227/1223 424/1224
f 438/1225 317/1226 243/1227
f 328/1228 851/1229 915/1230
f 851/1231 691/1232 915/1233
f 904/1234 901/1235 244/1236
f 900/1237 898/1238 236/1239
f 897/1240 899/1241 237/1242
f 423/1243 307/1244 226/1245
f 307/1246 828/1247 889/1248
f 828/1249 670/1250 889/1251
f 421/1252 305/1253 223/1254
f 305/1255 822/1256 886/1257
f 225/1258 308/1259 824/1260
f 654/1261 824/1262 890/1263
f 824/1264 308/1265 227/1266
f 326/1267 843/1268 913/1269
f 843/1270 689/1271 913/1272
f 910/1273 907/1274 250/1275
f 905/1276 909/1277 246/1278
f 908/1279 906/1280 242/1281
f 430/1282 314/1283 235/1284
f 314/1285 826/1286 897/1287
f 826/1288 668/1289 897/1290
f 896/1291 895/1292 232/1293
f 888/1294 891/1295 234/1296
f 889/1297 887/1298 224/1299
f 886/1300 890/1301 227/1302
f 323/1303 324/1304 845/1305
f 428/1306 310/1307 231/1308
f 310/1309 825/1310 888/1311
f 825/1312 666/1313 888/1314
f 682/1315 836/1316 901/1317
f 836/1318 322/1319 244/1320
f 319/1321 321/1322 842/1323
f 317/1324 322/1325 836/1326
f 448/1327 329/1328 254/1329
f 684/1330 845/1331 909/1332
f 845/1333 324/1334 246/1335
f 324/1336 443/1337 246/1338
f 445/1339 326/1340 251/1341
f 693/1342 838/1343 911/1344
f 838/1345 330/1346 255/1347
f 330/1348 449/1349 255/1350
f 326/1351 327/1352 850/1353
f 656/1354 823/1355 887/1356
f 823/1357 306/1358 224/1359
f 322/1360 439/1361 244/1362
f 328/1363 333/1364 844/1365
f 414/1366 827/1367 831/1368
f 527/1369 414/1370 525/1371
f 986/1372 590/1373 282/1374
f 982/1375 986/1376 983/1377
f 318/1378 320/1379 835/1380
f 672/1381 830/1382 899/1383
f 830/1384 316/1385 237/1386
f 316/1387 433/1388 237/1389
f 306/1390 422/1391 224/1392
f 440/1393 319/1394 241/1395
f 319/1396 834/1397 905/1398
f 834/1399 679/1400 905/1401
f 436/1402 318/1403 240/1404
f 318/1405 841/1406 904/1407
f 841/1408 678/1409 904/1410
f 992/1411 885/1412 623/1413
f 653/1414 647/1415 217/1416
f 983/1417 282/1418 956/1419
f 894/1420 991/1421 212/1422
f 991/1423 985/1424 993/1425
f 991/1426 993/1427 212/1428
f 571/1429 982/1430 983/1431
f 913/1432 255/1433 251/1434
f 910/1435 250/1436 254/1437
f 905/1438 246/1439 241/1440
f 908/1441 242/1442 245/1443
f 904/1444 244/1445 240/1446
f 900/1447 236/1448 243/1449
f 231/1450 434/1451 428/1452
f 226/1453 422/1454 423/1455
f 888/1456 234/1457 231/1458
f 889/1459 224/1460 226/1461
f 886/1462 227/1463 223/1464
f 323/1465 845/1466 837/1467
f 225/1468 824/1469 653/1470
f 227/1471 890/1472 824/1473
f 915/1474 257/1475 253/1476
f 916/1477 252/1478 256/1479
f 897/1480 237/1481 235/1482
f 896/1483 232/1484 233/1485
f 885/1486 571/1487 490/1488
f 983/1489 956/1490 490/1491
f 992/1492 623/1493 624/1494
f 916/1495 256/1496 331/1497
f 312/1498 830/1499 833/1500
f 689/1501 911/1502 913/1503
f 692/1504 907/1505 910/1506
f 679/1507 909/1508 905/1509
f 683/1510 906/1511 908/1512
f 678/1513 901/1514 904/1515
f 681/1516 898/1517 900/1518
f 250/1519 907/1520 842/1521
f 257/1522 917/1523 848/1524
f 888/1525 673/1526 891/1527
f 889/1528 656/1529 887/1530
f 886/1531 654/1532 890/1533
f 454/1534 264/1535 453/1536
f 447/1537 257/1538 451/1539
f 256/1540 446/1541 450/1542
f 691/1543 917/1544 915/1545
f 694/1546 914/1547 916/1548
f 668/1549 899/1550 897/1551
f 671/1552 895/1553 896/1554
f 223/1555 424/1556 421/1557
f 900/1558 243/1559 317/1560
f 252/1561 914/1562 850/1563
f 889/1564 226/1565 307/1566
f 886/1567 223/1568 305/1569
f 919/1570 264/1571 266/1572
f 251/1573 449/1574 445/1575
f 448/1576 250/1577 441/1578
f 438/1579 236/1580 431/1581
f 430/1582 237/1583 433/1584
f 233/1585 429/1586 432/1587
f 982/1588 738/1589 985/1590
f 525/1591 982/1592 985/1593
f 738/1594 967/1595 985/1596
f 653/1597 217/1598 225/1599
f 885/1600 490/1601 623/1602
f 440/1603 246/1604 443/1605
f 442/1606 242/1607 437/1608
f 240/1609 439/1610 436/1611
f 242/1612 906/1613 835/1614
f 232/1615 895/1616 832/1617
f 915/1618 253/1619 328/1620
f 328/1621 844/1622 851/1623
f 992/1624 624/1625 894/1626
f 282/1627 624/1628 956/1629
f 314/1630 827/1631 826/1632
f 852/1633 330/1634 838/1635
f 919/1636 266/1637 334/1638
f 310/1639 832/1640 825/1641
f 331/1642 848/1643 846/1644
f 704/1645 918/1646 919/1647
f 897/1648 235/1649 314/1650
f 908/1651 245/1652 323/1653
f 237/1654 899/1655 830/1656
f 326/1657 850/1658 843/1659
f 305/1660 823/1661 822/1662
f 234/1663 891/1664 829/1665
f 307/1666 829/1667 828/1668
f 334/1669 705/1670 847/1671
f 576/1672 738/1673 982/1674
f 983/1675 490/1676 571/1677
f 667/1678 832/1679 895/1680
f 832/1681 311/1682 232/1683
f 308/1684 424/1685 227/1686
f 450/1687 331/1688 256/1689
f 331/1690 846/1691 916/1692
f 699/1693 217/1694 647/1695
f 265/1696 335/1697 739/1698
f 739/1699 698/1700 738/1701
f 699/1702 527/1703 698/1704
f 315/1705 314/1706 699/1707
f 680/1708 835/1709 906/1710
f 835/1711 320/1712 242/1713
f 320/1714 437/1715 242/1716
f 590/1717 986/1718 265/1719
f 894/1720 624/1721 282/1722
f 414/1723 653/1724 824/1725
f 824/1726 654/1727 655/1728
f 255/1729 911/1730 838/1731
f 888/1732 231/1733 310/1734
f 244/1735 901/1736 836/1737
f 850/1738 426/1739 843/1740
f 414/1741 823/1742 828/1743
f 224/1744 887/1745 823/1746
f 905/1747 241/1748 319/1749
f 904/1750 240/1751 318/1752
f 896/1753 233/1754 312/1755
f 319/1756 842/1757 834/1758
f 317/1759 836/1760 831/1761
f 910/1762 254/1763 329/1764
f 264/1765 918/1766 844/1767
f 212/1768 992/1769 894/1770
f 246/1771 909/1772 845/1773
f 913/1774 251/1775 326/1776
f 834/1777 842/1778 426/1779
f 414/1780 832/1781 833/1782
f 318/1783 835/1784 841/1785
f 236/1786 898/1787 827/1788
f 992/1789 985/1790 885/1791
f 991/1792 590/1793 265/1794
f 703/1795 704/1796 847/1797
f 827/1798 669/1799 681/1800
f 414/1801 826/1802 827/1803
f 986/1804 282/1805 983/1806
f 824/1807 655/1808 822/1809
f 851/1810 426/1811 848/1812
f 695/1813 691/1814 848/1815
f 527/1816 647/1817 414/1818
f 426/1819 414/1820 841/1821
f 705/1822 426/1823 847/1824
f 414/1825 647/1826 653/1827
f 690/1828 694/1829 846/1830
f 846/1831 426/1832 850/1833
f 850/1834 690/1835 846/1836
f 847/1837 426/1838 844/1839
f 844/1840 703/1841 847/1842
f 844/1843 426/1844 851/1845
f 852/1846 426/1847 842/1848
f 414/1849 828/1850 829/1851
f 829/1852 673/1853 666/1854
f 691/1855 851/1856 848/1857
f 848/1858 426/1859 846/1860
f 414/1861 824/1862 822/1863
f 823/1864 656/1865 670/1866
f 414/1867 822/1868 823/1869
f 832/1870 667/1871 671/1872
f 414/1873 825/1874 832/1875
f 834/1876 426/1877 845/1878
f 217/1879 699/1880 225/1881
f 739/1882 333/1883 328/1884
f 823/1885 670/1886 828/1887
f 843/1888 426/1889 838/1890
f 693/1891 689/1892 843/1893
f 832/1894 671/1895 833/1896
f 845/1897 426/1898 837/1899
f 680/1900 683/1901 835/1902
f 829/1903 666/1904 825/1905
f 838/1906 693/1907 843/1908
f 688/1909 692/1910 852/1911
f 852/1912 838/1913 426/1914
f 414/1915 829/1916 825/1917
f 830/1918 668/1919 826/1920
f 682/1921 678/1922 841/1923
f 414/1924 830/1925 826/1926
f 842/1927 688/1928 852/1929
f 684/1930 679/1931 845/1932
f 679/1933 834/1934 845/1935
f 306/1936 699/1937 307/1938
f 326/1939 449/1940 330/1941
f 836/1942 841/1943 414/1944
f 265/1945 986/1946 982/1947
f 683/1948 837/1949 835/1950
f 837/1951 426/1952 835/1953
f 835/1954 426/1955 841/1956
f 414/1957 833/1958 830/1959
f 830/1960 672/1961 668/1962
f 310/1963 313/1964 699/1965
f 432/1966 429/1967 311/1968
f 836/1969 682/1970 841/1971
f 827/1972 681/1973 831/1974
f 831/1975 836/1976 414/1977
f 699/1978 647/1979 527/1980
f 982/1981 426/1982 576/1983
f 334/1984 453/1985 333/1986
f 739/1987 334/1988 333/1989
f 965/1990 525/1991 982/1992
f 525/1993 414/1994 426/1995
f 314/1996 316/1997 699/1998
f 699/1999 317/2000 315/2001
f 308/2002 225/2003 699/2004
f 421/2005 424/2006 308/2007
f 305/2008 421/2009 308/2010
f 699/2011 739/2012 318/2013
f 334/2014 454/2015 453/2016
f 739/2017 335/2018 334/2019
f 423/2020 422/2021 306/2022
f 306/2023 305/2024 699/2025
f 739/2026 327/2027 326/2028
f 739/2029 699/2030 698/2031
f 328/2032 447/2033 332/2034
f 447/2035 451/2036 332/2037
f 739/2038 328/2039 332/2040
f 329/2041 448/2042 441/2043
f 739/2044 330/2045 329/2046
f 329/2047 441/2048 321/2049
f 331/2050 450/2051 446/2052
f 739/2053 332/2054 331/2055
f 331/2056 446/2057 327/2058
f 739/2059 331/2060 327/2061
f 305/2062 308/2063 699/2064
f 319/2065 440/2066 324/2067
f 440/2068 443/2069 324/2070
f 739/2071 319/2072 324/2073
f 326/2074 445/2075 449/2076
f 739/2077 326/2078 330/2079
f 423/2080 306/2081 307/2082
f 847/2083 704/2084 919/2085
f 310/2086 311/2087 832/2088
f 739/2089 324/2090 323/2091
f 739/2092 323/2093 320/2094
f 432/2095 311/2096 312/2097
f 739/2098 329/2099 321/2100
f 313/2101 307/2102 699/2103
f 428/2104 434/2105 313/2106
f 310/2107 428/2108 313/2109
f 739/2110 321/2111 319/2112
f 314/2113 430/2114 316/2115
f 318/2116 439/2117 322/2118
f 317/2119 438/2120 315/2121
f 671/2122 667/2123 895/2124
f 888/2125 666/2126 673/2127
f 311/2128 310/2129 699/2130
f 323/2131 442/2132 320/2133
f 442/2134 437/2135 320/2136
f 985/2137 991/2138 265/2139
f 885/2140 985/2141 982/2142
f 311/2143 699/2144 312/2145
f 739/2146 320/2147 318/2148
f 318/2149 436/2150 439/2151
f 316/2152 312/2153 699/2154
f 430/2155 433/2156 316/2157
f 967/2158 525/2159 985/2160
f 525/2161 965/2162 982/2163
f 738/2164 698/2165 967/2166
f 438/2167 431/2168 315/2169
f 699/2170 318/2171 322/2172
f 699/2173 322/2174 317/2175
f 317/2176 831/2177 900/2178
f 831/2179 681/2180 900/2181
f 829/2182 313/2183 234/2184
f 313/2185 434/2186 234/2187
f 307/2188 313/2189 829/2190
f 698/2191 527/2192 525/2193
f 576/2194 739/2195 738/2196
f 848/2197 332/2198 257/2199
f 332/2200 451/2201 257/2202
f 314/2203 315/2204 827/2205
f 916/2206 914/2207 252/2208
f 913/2209 911/2210 255/2211
f 305/2212 306/2213 823/2214
f 673/2215 829/2216 891/2217
f 331/2218 332/2219 848/2220
f 704/2221 703/2222 918/2223
f 691/2224 695/2225 917/2226
f 334/2227 335/2228 705/2229
f 688/2230 842/2231 907/2232
f 842/2233 321/2234 250/2235
f 321/2236 441/2237 250/2238
f 695/2239 848/2240 917/2241
f 678/2242 682/2243 901/2244
f 681/2245 669/2246 898/2247
f 668/2248 672/2249 899/2250
f 852/2251 329/2252 330/2253
f 454/2254 334/2255 266/2256
f 334/2257 847/2258 919/2259
f 846/2260 694/2261 916/2262
f 312/2263 316/2264 830/2265
f 447/2266 253/2267 257/2268
f 256/2269 252/2270 446/2271
f 251/2272 255/2273 449/2274
f 694/2275 690/2276 914/2277
f 689/2278 693/2279 911/2280
f 692/2281 688/2282 907/2283
f 679/2284 684/2285 909/2286
f 683/2287 680/2288 906/2289
f 430/2290 235/2291 237/2292
f 233/2293 232/2294 429/2295
f 231/2296 234/2297 434/2298
f 311/2299 429/2300 232/2301
f 447/2302 328/2303 253/2304
f 889/2305 670/2306 656/2307
f 886/2308 655/2309 654/2310
f 454/2311 266/2312 264/2313
f 690/2314 850/2315 914/2316
f 850/2317 327/2318 252/2319
f 327/2320 446/2321 252/2322
f 448/2323 254/2324 250/2325
f 440/2326 241/2327 246/2328
f 442/2329 245/2330 242/2331
f 240/2332 244/2333 439/2334
f 438/2335 243/2336 236/2337
f 669/2338 827/2339 898/2340
f 827/2341 315/2342 236/2343
f 315/2344 431/2345 236/2346
f 992/2347 212/2348 985/2349
f 991/2350 894/2351 590/2352
f 329/2353 852/2354 910/2355
f 852/2356 692/2357 910/2358
f 703/2359 844/2360 918/2361
f 844/2362 333/2363 264/2364
f 333/2365 453/2366 264/2367
f 212/2368 993/2369 985/2370
f 432/2371 312/2372 233/2373
f 312/2374 833/2375 896/2376
f 833/2377 671/2378 896/2379
f 442/2380 323/2381 245/2382
f 323/2383 837/2384 908/2385
f 837/2386 683/2387 908/2388
f 985/2389 265/2390 982/2391
f 885/2392 982/2393 571/2394
f 590/2395 894/2396 282/2397
f 698/2398 525/2399 967/2400
f 525/2401 426/2402 982/2403
f 265/2404 426/2405 705/2406
f 265/2407 705/2408 335/2409
f 665/2410 650/2411 651/2412
f 626/2413 628/2414 665/2415
f 665/2416 628/2417 650/2418
f 626/2419 651/2420 650/2421
f 779/2422 626/2423 628/2424
f 626/2425 650/2426 628/2427
f 628/2428 626/2429 779/2430
f 626/2431 665/2432 651/2433
f 418/2434 508/2435 419/2436
f 507/2437 419/2438 508/2439
f 507/2440 508/2441 418/2442
f 418/2443 419/2444 507/2445
f 283/2446 276/2447 201/2448
f 201/2449 860/2450 283/2451
f 860/2452 201/2453 283/2454
f 276/2455 283/2456 201/2457
f 806/2458 960/2459 969/2460
f 818/2461 969/2462 960/2463
f 969/2464 818/2465 960/2466
f 960/2467 806/2468 969/2469
f 337/2470 966/2471 971/2472
f 966/2473 337/2474 971/2475
f 902/2476 198/2477 197/2478
f 902/2479 197/2480 884/2481
f 884/2482 197/2483 198/2484
f 902/2485 884/2486 198/2487
f 995/2488 979/2489 555/2490
f 996/2491 973/2492 536/2493
f 598/2494 995/2495 596/2496
f 598/2497 596/2498 589/2499
f 975/2500 546/2501 529/2502
f 541/2503 555/2504 979/2505
f 589/2506 541/2507 973/2508
f 365/2509 963/2510 598/2511
f 598/2512 589/2513 588/2514
f 975/2515 529/2516 970/2517
f 541/2518 979/2519 973/2520
f 589/2521 973/2522 996/2523
f 853/2524 365/2525 578/2526
f 998/2527 567/2528 579/2529
f 597/2530 392/2531 768/2532
f 597/2533 768/2534 345/2535
f 979/2536 974/2537 975/2538
f 998/2539 878/2540 588/2541
f 596/2542 555/2543 541/2544
f 567/2545 529/2546 546/2547
f 979/2548 543/2549 974/2550
f 998/2551 997/2552 591/2553
f 998/2554 591/2555 994/2556
f 365/2557 853/2558 963/2559
f 963/2560 853/2561 391/2562
f 853/2563 392/2564 391/2565
f 998/2566 994/2567 995/2568
f 596/2569 541/2570 589/2571
f 878/2572 578/2573 365/2574
f 588/2575 574/2576 988/2577
f 598/2578 998/2579 995/2580
f 998/2581 588/2582 567/2583
f 341/2584 878/2585 345/2586
f 591/2587 978/2588 994/2589
f 997/2590 543/2591 591/2592
f 988/2593 529/2594 567/2595
f 979/2596 970/2597 536/2598
f 567/2599 546/2600 579/2601
f 365/2602 598/2603 588/2604
f 878/2605 961/2606 345/2607
f 392/2608 853/2609 768/2610
f 998/2611 961/2612 878/2613
f 578/2614 341/2615 592/2616
f 341/2617 345/2618 768/2619
f 975/2620 997/2621 998/2622
f 574/2623 970/2624 988/2625
f 579/2626 975/2627 998/2628
f 995/2629 978/2630 979/2631
f 998/2632 598/2633 961/2634
f 768/2635 592/2636 341/2637
f 365/2638 588/2639 878/2640
f 878/2641 341/2642 578/2643
f 345/2644 961/2645 597/2646
f 995/2647 555/2648 596/2649
f 996/2650 536/2651 574/2652
f 973/2653 979/2654 536/2655
f 588/2656 589/2657 996/2658
f 961/2659 963/2660 597/2661
f 598/2662 963/2663 961/2664
f 597/2665 391/2666 392/2667
f 592/2668 853/2669 578/2670
f 988/2671 970/2672 529/2673
f 979/2674 975/2675 970/2676
f 588/2677 988/2678 567/2679
f 588/2680 996/2681 574/2682
f 591/2683 543/2684 978/2685
f 997/2686 974/2687 543/2688
f 979/2689 978/2690 543/2691
f 597/2692 963/2693 391/2694
f 975/2695 974/2696 997/2697
f 574/2698 536/2699 970/2700
f 579/2701 546/2702 975/2703
f 995/2704 994/2705 978/2706
f 768/2707 853/2708 592/2709
f 545/2710 553/2711 568/2712
f 563/2713 547/2714 573/2715
f 560/2716 573/2717 561/2718
f 553/2719 545/2720 539/2721
f 568/2722 563/2723 554/2724
f 570/2725 561/2726 573/2727
f 562/2728 570/2729 568/2730
f 563/2731 573/2732 554/2733
f 540/2734 560/2735 561/2736
f 563/2737 560/2738 568/2739
f 535/2740 547/2741 560/2742
f 561/2743 569/2744 552/2745
f 566/2746 569/2747 561/2748
f 540/2749 539/2750 535/2751
f 566/2752 570/2753 569/2754
f 554/2755 545/2756 568/2757
f 547/2758 568/2759 560/2760
f 552/2761 562/2762 561/2763
f 540/2764 561/2765 562/2766
f 553/2767 539/2768 540/2769
f 547/2770 535/2771 545/2772
f 566/2773 561/2774 570/2775
f 563/2776 568/2777 570/2778
f 562/2779 553/2780 540/2781
f 539/2782 545/2783 535/2784
f 540/2785 535/2786 560/2787
f 554/2788 573/2789 547/2790
f 570/2791 573/2792 563/2793
f 568/2794 547/2795 563/2796
f 545/2797 554/2798 547/2799
f 568/2800 553/2801 562/2802
f 569/2803 570/2804 552/2805
f 562/2806 552/2807 570/2808
f 563/2809 573/2810 560/2811
f 930/2812 517/2813 457/2814
f 457/2815 631/2816 930/2817
f 580/2818 631/2819 457/2820
f 580/2821 522/2822 631/2823
f 1017/2824 1026/2825 932/2826
f 517/2827 933/2828 526/2829
f 932/2830 933/2831 522/2832
f 932/2833 526/2834 933/2835
f 517/2836 1026/2837 580/2838
f 517/2839 526/2840 1026/2841
f 522/2842 930/2843 631/2844
f 580/2845 457/2846 517/2847
f 580/2848 1026/2849 1017/2850
f 932/2851 1026/2852 526/2853
f 1017/2854 932/2855 522/2856
f 933/2857 930/2858 522/2859
f 933/2860 517/2861 930/2862
f 580/2863 1017/2864 522/2865
f 377/2866 386/2867 381/2868
f 386/2869 377/2870 923/2871
f 386/2872 923/2873 922/2874
f 382/2875 386/2876 922/2877
f 382/2878 923/2879 378/2880
f 382/2881 922/2882 923/2883
f 378/2884 923/2885 377/2886
f 381/2887 386/2888 382/2889
f 381/2890 382/2891 378/2892
f 381/2893 378/2894 377/2895
f 557/2896 730/2897 925/2898
f 410/2899 557/2900 925/2901
f 730/2902 557/2903 410/2904
f 410/2905 925/2906 730/2907
f 924/2908 204/2909 575/2910
f 411/2911 924/2912 575/2913
f 718/2914 575/2915 924/2916
f 718/2917 924/2918 411/2919
f 204/2920 575/2921 718/2922
f 411/2923 575/2924 718/2925
f 924/2926 575/2927 204/2928
f 204/2929 718/2930 575/2931
f 394/2932 340/2933 1016/2934
f 304/2935 394/2936 203/2937
f 394/2938 1016/2939 203/2940
f 1016/2941 340/2942 394/2943
f 394/2944 203/2945 1016/2946
f 304/2947 203/2948 394/2949
f 565/2950 600/2951 528/2952
f 528/2953 664/2954 565/2955
f 664/2956 506/2957 523/2958
f 523/2959 542/2960 664/2961
f 528/2962 599/2963 506/2964
f 505/2965 524/2966 600/2967
f 505/2968 542/2969 523/2970
f 505/2971 600/2972 542/2973
f 506/2974 599/2975 523/2976
f 523/2977 599/2978 524/2979
f 565/2980 664/2981 542/2982
f 528/2983 524/2984 599/2985
f 528/2986 506/2987 664/2988
f 505/2989 523/2990 524/2991
f 565/2992 542/2993 600/2994
f 524/2995 528/2996 600/2997
f 980/2998 397/2999 931/3000
f 980/3001 760/3002 572/3003
f 397/3004 980/3005 572/3006
f 572/3007 760/3008 931/3009
f 397/3010 780/3011 931/3012
f 780/3013 397/3014 931/3015
f 980/3016 931/3017 760/3018
f 931/3019 397/3020 572/3021
f 926/3022 299/3023 301/3024
f 928/3025 926/3026 301/3027
f 926/3028 928/3029 301/3030
f 301/3031 299/3032 926/3033
f 509/3034 412/3035 645/3036
f 892/3037 509/3038 479/3039
f 483/3040 399/3041 479/3042
f 645/3043 486/3044 621/3045
f 921/3046 892/3047 417/3048
f 608/3049 444/3050 609/3051
f 420/3052 601/3053 609/3054
f 538/3055 577/3056 408/3057
f 404/3058 498/3059 577/3060
f 602/3061 608/3062 498/3063
f 892/3064 921/3065 412/3066
f 452/3067 220/3068 486/3069
f 645/3070 921/3071 486/3072
f 408/3073 577/3074 608/3075
f 753/3076 484/3077 480/3078
f 577/3079 498/3080 608/3081
f 645/3082 412/3083 921/3084
f 325/3085 420/3086 602/3087
f 480/3088 484/3089 601/3090
f 399/3091 480/3092 325/3093
f 480/3094 604/3095 603/3096
f 604/3097 486/3098 485/3099
f 417/3100 452/3101 921/3102
f 538/3103 408/3104 403/3105
f 480/3106 420/3107 325/3108
f 220/3109 479/3110 399/3111
f 325/3112 602/3113 485/3114
f 484/3115 609/3116 601/3117
f 608/3118 609/3119 408/3120
f 404/3121 577/3122 538/3123
f 602/3124 498/3125 485/3126
f 921/3127 452/3128 486/3129
f 633/3130 645/3131 621/3132
f 479/3133 220/3134 417/3135
f 220/3136 452/3137 417/3138
f 220/3139 399/3140 486/3141
f 785/3142 753/3143 480/3144
f 645/3145 633/3146 509/3147
f 604/3148 785/3149 603/3150
f 484/3151 497/3152 609/3153
f 480/3154 601/3155 420/3156
f 753/3157 485/3158 404/3159
f 480/3160 603/3161 785/3162
f 399/3163 325/3164 485/3165
f 633/3166 621/3167 483/3168
f 399/3169 485/3170 486/3171
f 609/3172 497/3173 408/3174
f 602/3175 420/3176 444/3177
f 404/3178 485/3179 498/3180
f 484/3181 403/3182 408/3183
f 483/3184 621/3185 604/3186
f 483/3187 480/3188 399/3189
f 509/3190 633/3191 483/3192
f 892/3193 412/3194 509/3195
f 479/3196 417/3197 892/3198
f 753/3199 403/3200 484/3201
f 785/3202 485/3203 753/3204
f 604/3205 485/3206 785/3207
f 509/3208 483/3209 479/3210
f 484/3211 408/3212 497/3213
f 420/3214 609/3215 444/3216
f 621/3217 486/3218 604/3219
f 483/3220 604/3221 480/3222
f 602/3223 444/3224 608/3225
f 753/3226 404/3227 538/3228
f 753/3229 538/3230 403/3231
f 537/3232 393/3233 953/3234
f 747/3235 976/3236 749/3237
f 747/3238 531/3239 537/3240
f 393/3241 531/3242 544/3243
f 952/3244 393/3245 401/3246
f 976/3247 872/3248 746/3249
f 976/3250 513/3251 725/3252
f 952/3253 396/3254 511/3255
f 393/3256 544/3257 401/3258
f 976/3259 746/3260 749/3261
f 405/3262 402/3263 1004/3264
f 400/3265 1004/3266 402/3267
f 976/3268 725/3269 872/3270
f 952/3271 511/3272 513/3273
f 952/3274 401/3275 216/3276
f 512/3277 953/3278 952/3279
f 537/3280 531/3281 393/3282
f 544/3283 534/3284 405/3285
f 747/3286 977/3287 976/3288
f 977/3289 513/3290 976/3291
f 544/3292 746/3293 741/3294
f 534/3295 741/3296 761/3297
f 725/3298 758/3299 942/3300
f 746/3301 872/3302 942/3303
f 401/3304 405/3305 1004/3306
f 511/3307 396/3308 400/3309
f 518/3310 400/3311 520/3312
f 749/3313 746/3314 544/3315
f 953/3316 393/3317 952/3318
f 747/3319 749/3320 531/3321
f 977/3322 512/3323 513/3324
f 952/3325 216/3326 396/3327
f 396/3328 216/3329 1004/3330
f 511/3331 518/3332 758/3333
f 405/3334 534/3335 387/3336
f 761/3337 387/3338 534/3339
f 518/3340 732/3341 758/3342
f 387/3343 593/3344 402/3345
f 512/3346 952/3347 513/3348
f 400/3349 402/3350 520/3351
f 741/3352 942/3353 761/3354
f 387/3355 761/3356 593/3357
f 942/3358 732/3359 761/3360
f 405/3361 387/3362 402/3363
f 725/3364 942/3365 872/3366
f 746/3367 942/3368 741/3369
f 544/3370 405/3371 401/3372
f 749/3373 544/3374 531/3375
f 513/3376 511/3377 725/3378
f 396/3379 1004/3380 400/3381
f 511/3382 758/3383 725/3384
f 544/3385 741/3386 534/3387
f 401/3388 1004/3389 216/3390
f 511/3391 400/3392 518/3393
f 520/3394 593/3395 732/3396
f 758/3397 732/3398 942/3399
f 518/3400 520/3401 732/3402
f 761/3403 732/3404 593/3405
f 520/3406 402/3407 593/3408
f 811/3409 263/3410 262/3411
f 812/3412 262/3413 263/3414
f 812/3415 263/3416 811/3417
f 811/3418 262/3419 812/3420
f 807/3421 273/3422 247/3423
f 813/3424 273/3425 807/3426
f 813/3427 247/3428 273/3429
f 807/3430 247/3431 813/3432
f 934/3433 464/3434 469/3435
f 461/3436 721/3437 487/3438
f 465/3439 587/3440 469/3441
f 470/3442 587/3443 856/3444
f 587/3445 465/3446 464/3447
f 462/3448 359/3449 721/3450
f 462/3451 721/3452 461/3453
f 475/3454 488/3455 359/3456
f 721/3457 359/3458 487/3459
f 461/3460 470/3461 856/3462
f 475/3463 856/3464 463/3465
f 488/3466 463/3467 759/3468
f 487/3469 759/3470 470/3471
f 934/3472 469/3473 759/3474
f 759/3475 463/3476 934/3477
f 475/3478 359/3479 462/3480
f 487/3481 359/3482 488/3483
f 463/3484 856/3485 587/3486
f 759/3487 469/3488 470/3489
f 470/3490 469/3491 587/3492
f 464/3493 463/3494 587/3495
f 464/3496 465/3497 469/3498
f 462/3499 461/3500 856/3501
f 461/3502 487/3503 470/3504
f 475/3505 462/3506 856/3507
f 488/3508 475/3509 463/3510
f 487/3511 488/3512 759/3513
f 463/3514 464/3515 934/3516
f 697/3517 736/3518 687/3519
f 697/3520 726/3521 736/3522
f 736/3523 726/3524 687/3525
f 697/3526 687/3527 726/3528
f 585/3529 744/3530 582/3531
f 292/3532 585/3533 582/3534
f 582/3535 279/3536 292/3537
f 581/3538 723/3539 584/3540
f 278/3541 581/3542 584/3543
f 584/3544 286/3545 278/3546
f 723/3547 744/3548 584/3549
f 279/3550 582/3551 581/3552
f 585/3553 584/3554 744/3555
f 581/3556 582/3557 723/3558
f 286/3559 584/3560 585/3561
f 279/3562 278/3563 286/3564
f 286/3565 585/3566 292/3567
f 744/3568 723/3569 582/3570
f 279/3571 581/3572 278/3573
f 279/3574 286/3575 292/3576
f 271/3577 549/3578 583/3579
f 549/3580 722/3581 583/3582
f 551/3583 275/3584 288/3585
f 583/3586 285/3587 271/3588
f 594/3589 733/3590 551/3591
f 285/3592 583/3593 594/3594
f 275/3595 271/3596 285/3597
f 275/3598 551/3599 549/3600
f 549/3601 551/3602 722/3603
f 594/3604 583/3605 733/3606
f 288/3607 594/3608 551/3609
f 733/3610 722/3611 551/3612
f 722/3613 733/3614 583/3615
f 285/3616 594/3617 288/3618
f 275/3619 549/3620 271/3621
f 275/3622 285/3623 288/3624
f 793/3625 734/3626 550/3627
f 586/3628 793/3629 550/3630
f 287/3631 586/3632 550/3633
f 550/3634 272/3635 287/3636
f 778/3637 881/3638 491/3639
f 491/3640 881/3641 496/3642
f 778/3643 499/3644 881/3645
f 309/3646 1014/3647 499/3648
f 774/3649 491/3650 1014/3651
f 491/3652 1003/3653 1014/3654
f 774/3655 778/3656 491/3657
f 309/3658 774/3659 1014/3660
f 778/3661 309/3662 499/3663
f 358/3664 390/3665 342/3666
f 358/3667 390/3668 752/3669
f 774/3670 752/3671 778/3672
f 752/3673 390/3674 501/3675
f 358/3676 342/3677 390/3678
f 358/3679 501/3680 390/3681
f 881/3682 499/3683 496/3684
f 496/3685 1014/3686 1003/3687
f 491/3688 496/3689 1003/3690
f 1014/3691 496/3692 499/3693
f 501/3694 358/3695 778/3696
f 358/3697 752/3698 309/3699
f 778/3700 358/3701 309/3702
f 778/3703 752/3704 501/3705
f 309/3706 752/3707 774/3708
f 374/3709 369/3710 373/3711
f 374/3712 775/3713 373/3714
f 384/3715 775/3716 771/3717
f 384/3718 771/3719 380/3720
f 373/3721 369/3722 766/3723
f 380/3724 771/3725 375/3726
f 767/3727 766/3728 364/3729
f 809/3730 775/3731 384/3732
f 374/3733 373/3734 766/3735
f 809/3736 810/3737 384/3738
f 380/3739 375/3740 371/3741
f 374/3742 363/3743 369/3744
f 384/3745 380/3746 374/3747
f 374/3748 771/3749 775/3750
f 364/3751 363/3752 767/3753
f 766/3754 792/3755 769/3756
f 809/3757 384/3758 810/3759
f 375/3760 771/3761 371/3762
f 374/3763 767/3764 363/3765
f 766/3766 769/3767 792/3768
f 374/3769 766/3770 767/3771
f 380/3772 371/3773 374/3774
f 371/3775 771/3776 374/3777
f 369/3778 364/3779 766/3780
f 775/3781 809/3782 373/3783
f 369/3784 792/3785 766/3786
f 766/3787 792/3788 369/3789
f 384/3790 373/3791 809/3792
f 363/3793 364/3794 369/3795
f 384/3796 374/3797 373/3798
f 648/3799 640/3800 641/3801
f 648/3802 614/3803 640/3804
f 618/3805 648/3806 641/3807
f 648/3808 618/3809 614/3810
f 618/3811 641/3812 614/3813
f 640/3814 614/3815 641/3816
f 776/3817 784/3818 347/3819
f 782/3820 776/3821 343/3822
f 347/3823 784/3824 782/3825
f 782/3826 784/3827 776/3828
f 343/3829 776/3830 347/3831
f 347/3832 782/3833 343/3834
f 987/3835 798/3836 370/3837
f 521/3838 370/3839 798/3840
f 798/3841 803/3842 370/3843
f 370/3844 803/3845 798/3846
f 801/3847 798/3848 987/3849
f 802/3850 370/3851 521/3852
f 1000/3853 797/3854 882/3855
f 1000/3856 409/3857 987/3858
f 556/3859 797/3860 564/3861
f 564/3862 797/3863 1000/3864
f 409/3865 999/3866 801/3867
f 999/3868 521/3869 801/3870
f 1000/3871 999/3872 409/3873
f 564/3874 1000/3875 802/3876
f 556/3877 564/3878 521/3879
f 999/3880 556/3881 521/3882
f 564/3883 802/3884 521/3885
f 1000/3886 987/3887 802/3888
f 803/3889 799/3890 370/3891
f 1000/3892 674/3893 882/3894
f 556/3895 882/3896 797/3897
f 1000/3898 882/3899 674/3900
f 1000/3901 882/3902 999/3903
f 999/3904 882/3905 556/3906
f 370/3907 799/3908 803/3909
f 521/3910 798/3911 801/3912
f 802/3913 987/3914 370/3915
f 409/3916 801/3917 987/3918
f 870/3919 935/3920 864/3921
f 269/3922 277/3923 268/3924
f 218/3925 259/3926 258/3927
f 533/3928 619/3929 277/3930
f 615/3931 613/3932 267/3933
f 875/3934 477/3935 533/3936
f 868/3937 471/3938 472/3939
f 866/3940 466/3941 471/3942
f 869/3943 472/3944 477/3945
f 228/3946 268/3947 267/3948
f 269/3949 941/3950 277/3951
f 219/3952 259/3953 218/3954
f 869/3955 864/3956 858/3957
f 875/3958 533/3959 532/3960
f 868/3961 472/3962 869/3963
f 613/3964 612/3965 260/3966
f 619/3967 615/3968 268/3969
f 622/3970 617/3971 615/3972
f 875/3973 870/3974 869/3975
f 870/3976 938/3977 935/3978
f 859/3979 863/3980 865/3981
f 238/3982 268/3983 228/3984
f 472/3985 473/3986 478/3987
f 516/3988 616/3989 468/3990
f 863/3991 515/3992 516/3993
f 865/3994 467/3995 466/3996
f 466/3997 468/3998 473/3999
f 868/4000 869/4001 858/4002
f 875/4003 1005/4004 870/4005
f 515/4006 863/4007 859/4008
f 859/4009 865/4010 854/4011
f 219/4012 854/4013 858/4014
f 866/4015 868/4016 858/4017
f 1005/4018 941/4019 870/4020
f 613/4021 260/4022 267/4023
f 619/4024 268/4025 277/4026
f 228/4027 267/4028 260/4029
f 1005/4030 532/4031 277/4032
f 935/4033 938/4034 238/4035
f 238/4036 269/4037 268/4038
f 478/4039 622/4040 619/4041
f 258/4042 610/4043 516/4044
f 617/4045 616/4046 613/4047
f 612/4048 610/4049 259/4050
f 616/4051 610/4052 612/4053
f 622/4054 615/4055 619/4056
f 616/4057 612/4058 613/4059
f 218/4060 258/4061 515/4062
f 219/4063 218/4064 854/4065
f 875/4066 532/4067 1005/4068
f 869/4069 870/4070 864/4071
f 218/4072 859/4073 854/4074
f 610/4075 258/4076 259/4077
f 533/4078 277/4079 532/4080
f 615/4081 267/4082 268/4083
f 478/4084 619/4085 533/4086
f 258/4087 516/4088 515/4089
f 617/4090 613/4091 615/4092
f 612/4093 259/4094 260/4095
f 866/4096 471/4097 868/4098
f 869/4099 477/4100 875/4101
f 467/4102 468/4103 466/4104
f 472/4105 478/4106 477/4107
f 616/4108 516/4109 610/4110
f 516/4111 468/4112 467/4113
f 477/4114 478/4115 533/4116
f 863/4117 516/4118 467/4119
f 471/4120 473/4121 472/4122
f 865/4123 466/4124 866/4125
f 466/4126 473/4127 471/4128
f 863/4129 467/4130 865/4131
f 228/4132 864/4133 238/4134
f 864/4135 228/4136 858/4137
f 218/4138 515/4139 859/4140
f 854/4141 865/4142 866/4143
f 866/4144 858/4145 854/4146
f 1005/4147 277/4148 941/4149
f 938/4150 269/4151 238/4152
f 864/4153 935/4154 238/4155
f 228/4156 219/4157 858/4158
f 219/4159 260/4160 259/4161
f 228/4162 260/4163 219/4164
f 870/4165 941/4166 938/4167
f 269/4168 938/4169 941/4170
f 755/4171 754/4172 379/4173
f 754/4174 755/4175 379/4176
f 783/4177 348/4178 350/4179
f 787/4180 350/4181 349/4182
f 348/4183 783/4184 787/4185
f 787/4186 783/4187 350/4188
f 350/4189 348/4190 349/4191
f 787/4192 349/4193 348/4194
f 298/4195 815/4196 819/4197
f 296/4198 298/4199 819/4200
f 295/4201 298/4202 296/4203
f 295/4204 296/4205 817/4206
f 298/4207 295/4208 815/4209
f 815/4210 817/4211 819/4212
f 296/4213 819/4214 817/4215
f 295/4216 817/4217 815/4218
f 791/4219 221/4220 794/4221
f 221/4222 791/4223 659/4224
f 791/4225 221/4226 659/4227
f 794/4228 221/4229 791/4230
f 790/4231 657/4232 789/4233
f 790/4234 658/4235 657/4236
f 789/4237 657/4238 658/4239
f 789/4240 658/4241 790/4242
f 210/4243 874/4244 873/4245
f 740/4246 338/4247 207/4248
f 958/4249 210/4250 211/4251
f 724/4252 707/4253 706/4254
f 675/4255 339/4256 500/4257
f 874/4258 701/4259 700/4260
f 606/4261 729/4262 249/4263
f 351/4264 208/4265 840/4266
f 729/4267 351/4268 398/4269
f 368/4270 731/4271 413/4272
f 772/4273 360/4274 362/4275
f 346/4276 750/4277 489/4278
f 731/4279 724/4280 706/4281
f 1001/4282 740/4283 929/4284
f 456/4285 1001/4286 376/4287
f 339/4288 1001/4289 984/4290
f 360/4291 990/4292 605/4293
f 519/4294 1024/4295 1025/4296
f 214/4297 1011/4298 903/4299
f 208/4300 711/4301 781/4302
f 1012/4303 519/4304 356/4305
f 1011/4306 1012/4307 1009/4308
f 559/4309 416/4310 476/4311
f 701/4312 368/4313 943/4314
f 353/4315 606/4316 927/4317
f 636/4318 638/4319 637/4320
f 707/4321 720/4322 712/4323
f 338/4324 1027/4325 662/4326
f 990/4327 456/4328 639/4329
f 720/4330 772/4331 773/4332
f 750/4333 958/4334 937/4335
f 367/4336 946/4337 765/4338
f 1027/4339 595/4340 936/4341
f 649/4342 713/4343 849/4344
f 676/4345 652/4346 839/4347
f 638/4348 676/4349 839/4350
f 713/4351 649/4352 871/4353
f 716/4354 459/4355 1023/4356
f 459/4357 229/4358 857/4359
f 372/4360 636/4361 494/4362
f 297/4363 294/4364 291/4365
f 229/4366 357/4367 627/4368
f 1020/4369 876/4370 877/4371
f 742/4372 762/4373 199/4374
f 294/4375 1020/4376 1021/4377
f 972/4378 675/4379 663/4380
f 595/4381 632/4382 202/4383
f 649/4384 346/4385 274/4386
f 357/4387 649/4388 643/4389
f 804/4390 950/4391 951/4392
f 652/4393 804/4394 805/4395
f 1024/4396 353/4397 1007/4398
f 1013/4399 559/4400 302/4401
f 876/4402 367/4403 814/4404
f 763/4405 955/4406 954/4407
f 804/4408 297/4409 708/4410
f 248/4411 742/4412 743/4413
f 861/4414 972/4415 425/4416
f 389/4417 716/4418 715/4419
f 950/4420 389/4421 883/4422
f 711/4423 248/4424 239/4425
f 777/4426 502/4427 788/4428
f 492/4429 625/4430 482/4431
f 502/4432 492/4433 940/4434
f 625/4435 777/4436 981/4437
f 474/4438 947/4439 964/4440
f 947/4441 474/4442 957/4443
f 795/4444 660/4445 222/4446
f 660/4447 795/4448 796/4449
f 586/4450 287/4451 284/4452
f 287/4453 272/4454 939/4455
f 272/4456 550/4457 939/4458
f 550/4459 734/4460 939/4461
f 873/4462 481/4463 210/4464
f 211/4465 756/4466 958/4467
f 500/4468 663/4469 675/4470
f 700/4471 270/4472 874/4473
f 249/4474 607/4475 606/4476
f 840/4477 661/4478 351/4479
f 398/4480 728/4481 729/4482
f 413/4483 510/4484 368/4485
f 362/4486 460/4487 772/4488
f 489/4489 200/4490 346/4491
f 929/4492 1002/4493 1001/4494
f 376/4495 455/4496 456/4497
f 984/4498 644/4499 339/4500
f 605/4501 362/4502 360/4503
f 1025/4504 356/4505 519/4506
f 903/4507 215/4508 214/4509
f 781/4510 206/4511 208/4512
f 356/4513 685/4514 1012/4515
f 1009/4516 1008/4517 1011/4518
f 476/4519 558/4520 559/4521
f 943/4522 514/4523 701/4524
f 927/4525 352/4526 353/4527
f 712/4528 862/4529 707/4530
f 662/4531 209/4532 338/4533
f 639/4534 989/4535 990/4536
f 773/4537 816/4538 720/4539
f 937/4540 748/4541 750/4542
f 765/4543 821/4544 367/4545
f 936/4546 1022/4547 1027/4548
f 849/4549 643/4550 649/4551
f 1019/4552 662/4553 1027/4554
f 839/4555 637/4556 638/4557
f 1023/4558 715/4559 716/4560
f 857/4561 458/4562 459/4563
f 702/4564 385/4565 632/4566
f 494/4567 530/4568 372/4569
f 627/4570 230/4571 229/4572
f 877/4573 493/4574 1020/4575
f 1021/4576 407/4577 294/4578
f 663/4579 800/4580 972/4581
f 274/4582 504/4583 649/4584
f 214/4585 945/4586 416/4587
f 748/4588 489/4589 750/4590
f 643/4591 395/4592 357/4593
f 951/4594 280/4595 804/4596
f 805/4597 912/4598 652/4599
f 1007/4600 1025/4601 1024/4602
f 814/4603 877/4604 876/4605
f 954/4606 406/4607 763/4608
f 708/4609 808/4610 804/4611
f 743/4612 495/4613 248/4614
f 715/4615 289/4616 389/4617
f 883/4618 951/4619 950/4620
f 239/4621 781/4622 711/4623
f 222/4624 770/4625 795/4626
f 796/4627 642/4628 660/4629
f 284/4630 793/4631 586/4632
f 939/4633 284/4634 287/4635
f 958/4636 548/4637 893/4638
f 958/4639 756/4640 548/4641
f 210/4642 481/4643 211/4644
f 351/4645 661/4646 398/4647
f 874/4648 270/4649 873/4650
f 338/4651 209/4652 207/4653
f 208/4654 206/4655 751/4656
f 1001/4657 1013/4658 984/4659
f 958/4660 893/4661 959/4662
f 729/4663 728/4664 249/4665
f 731/4666 503/4667 413/4668
f 368/4669 510/4670 1018/4671
f 731/4672 719/4673 879/4674
f 720/4675 962/4676 712/4677
f 456/4678 455/4679 920/4680
f 740/4681 635/4682 611/4683
f 740/4684 611/4685 929/4686
f 740/4687 727/4688 635/4689
f 1001/4690 1002/4691 376/4692
f 1011/4693 1008/4694 735/4695
f 339/4696 644/4697 415/4698
f 339/4699 867/4700 336/4701
f 208/4702 737/4703 840/4704
f 1011/4705 1006/4706 903/4707
f 208/4708 751/4709 737/4710
f 1012/4711 685/4712 383/4713
f 990/4714 989/4715 605/4716
f 456/4717 920/4718 639/4719
f 1012/4720 205/4721 1010/4722
f 357/4723 395/4724 354/4725
f 636/4726 344/4727 949/4728
f 339/4729 415/4730 867/4731
f 1012/4732 383/4733 205/4734
f 1011/4735 735/4736 1006/4737
f 1012/4738 1010/4739 1009/4740
f 346/4741 200/4742 710/4743
f 720/4744 355/4745 962/4746
f 958/4747 959/4748 937/4749
f 731/4750 879/4751 503/4752
f 339/4753 336/4754 500/4755
f 740/4756 207/4757 727/4758
f 731/4759 706/4760 719/4761
f 720/4762 816/4763 355/4764
f 772/4765 460/4766 773/4767
f 955/4768 300/4769 954/4770
f 652/4771 646/4772 839/4773
f 632/4774 629/4775 202/4776
f 297/4777 291/4778 293/4779
f 649/4780 504/4781 871/4782
f 346/4783 710/4784 274/4785
f 389/4786 289/4787 388/4788
f 357/4789 427/4790 786/4791
f 297/4792 213/4793 944/4794
f 972/4795 800/4796 968/4797
f 713/4798 871/4799 849/4800
f 652/4801 820/4802 435/4803
f 595/4804 202/4805 936/4806
f 632/4807 745/4808 709/4809
f 459/4810 458/4811 1023/4812
f 357/4813 354/4814 427/4815
f 632/4816 709/4817 629/4818
f 652/4819 435/4820 646/4821
f 636/4822 949/4823 494/4824
f 372/4825 530/4826 855/4827
f 632/4828 385/4829 745/4830
f 229/4831 230/4832 857/4833
f 248/4834 495/4835 686/4836
f 1020/4837 493/4838 1021/4839
f 294/4840 630/4841 291/4842
f 1027/4843 1022/4844 1019/4845
f 357/4846 786/4847 627/4848
f 742/4849 199/4850 743/4851
f 248/4852 686/4853 634/4854
f 707/4855 862/4856 706/4857
f 701/4858 514/4859 700/4860
f 416/4861 945/4862 476/4863
f 636/4864 637/4865 344/4866
f 652/4867 912/4868 820/4869
f 804/4870 280/4871 805/4872
f 353/4873 352/4874 1007/4875
f 559/4876 558/4877 302/4878
f 248/4879 634/4880 239/4881
f 606/4882 607/4883 927/4884
f 367/4885 821/4886 366/4887
f 367/4888 366/4889 814/4890
f 763/4891 406/4892 762/4893
f 294/4894 290/4895 630/4896
f 297/4897 944/4898 708/4899
f 804/4900 808/4901 955/4902
f 297/4903 293/4904 213/4905
f 294/4906 407/4907 290/4908
f 861/4909 425/4910 946/4911
f 972/4912 968/4913 425/4914
f 389/4915 388/4916 883/4917
f 502/4918 940/4919 788/4920
f 492/4921 482/4922 940/4923
f 625/4924 981/4925 303/4926
f 625/4927 303/4928 482/4929
f 777/4930 788/4931 981/4932
f 947/4933 957/4934 964/4935
f 474/4936 964/4937 957/4938
f 795/4939 770/4940 796/4941
f 944/4942 708/4943 808/4944
f 300/4945 954/4946 406/4947
f 406/4948 762/4949 199/4950
f 495/4951 686/4952 634/4953
f 206/4954 751/4955 737/4956
f 661/4957 398/4958 728/4959
f 728/4960 249/4961 607/4962
f 607/4963 927/4964 352/4965
f 1007/4966 1025/4967 356/4968
f 735/4969 1006/4970 903/4971
f 945/4972 476/4973 558/4974
f 644/4975 415/4976 867/4977
f 336/4978 500/4979 663/4980
f 663/4981 800/4982 968/4983
f 765/4984 821/4985 366/4986
f 366/4987 814/4988 877/4989
f 493/4990 1021/4991 407/4992
f 344/4993 949/4994 494/4995
f 385/4996 745/4997 709/4998
f 936/4999 1022/5000 1019/5001
f 1019/5002 662/5003 209/5004
f 727/5005 635/5006 611/5007
f 611/5008 929/5009 1002/5010
f 1002/5011 376/5012 455/5013
f 989/5014 605/5015 362/5016
f 773/5017 816/5018 355/5019
f 355/5020 962/5021 712/5022
f 719/5023 879/5024 503/5025
f 503/5026 413/5027 510/5028
f 943/5029 514/5030 700/5031
f 270/5032 873/5033 481/5034
f 211/5035 756/5036 548/5037
f 959/5038 937/5039 748/5040
f 200/5041 710/5042 274/5043
f 643/5044 395/5045 354/5046
f 354/5047 427/5048 786/5049
f 786/5050 627/5051 230/5052
f 230/5053 857/5054 458/5055
f 715/5056 289/5057 388/5058
f 388/5059 883/5060 951/5061
f 951/5062 280/5063 805/5064
f 805/5065 912/5066 820/5067
f 213/5068 944/5069 808/5070
f 808/5071 955/5072 300/5073
f 300/5074 406/5075 199/5076
f 743/5077 495/5078 634/5079
f 206/5080 737/5081 840/5082
f 661/5083 728/5084 607/5085
f 607/5086 352/5087 1007/5088
f 1007/5089 356/5090 685/5091
f 735/5092 903/5093 215/5094
f 945/5095 558/5096 302/5097
f 302/5098 1013/5099 984/5100
f 644/5101 867/5102 336/5103
f 765/5104 366/5105 877/5106
f 493/5107 407/5108 290/5109
f 291/5110 293/5111 646/5112
f 646/5113 839/5114 637/5115
f 344/5116 494/5117 530/5118
f 385/5119 709/5120 629/5121
f 629/5122 202/5123 936/5124
f 936/5125 1019/5126 209/5127
f 727/5128 611/5129 1002/5130
f 639/5131 989/5132 362/5133
f 773/5134 355/5135 712/5136
f 712/5137 862/5138 706/5139
f 503/5140 510/5141 1018/5142
f 700/5143 270/5144 481/5145
f 211/5146 548/5147 893/5148
f 893/5149 959/5150 748/5151
f 200/5152 274/5153 504/5154
f 504/5155 871/5156 849/5157
f 643/5158 354/5159 786/5160
f 786/5161 230/5162 458/5163
f 715/5164 388/5165 951/5166
f 951/5167 805/5168 820/5169
f 820/5170 435/5171 646/5172
f 646/5173 293/5174 213/5175
f 213/5176 808/5177 300/5178
f 661/5179 607/5180 1007/5181
f 1007/5182 685/5183 383/5184
f 1008/5185 735/5186 215/5187
f 215/5188 214/5189 945/5190
f 945/5191 302/5192 984/5193
f 425/5194 946/5195 765/5196
f 765/5197 877/5198 493/5199
f 493/5200 290/5201 630/5202
f 629/5203 936/5204 209/5205
f 209/5206 207/5207 727/5208
f 727/5209 1002/5210 455/5211
f 712/5212 706/5213 719/5214
f 211/5215 893/5216 748/5217
f 748/5218 489/5219 200/5220
f 200/5221 504/5222 849/5223
f 643/5224 786/5225 458/5226
f 951/5227 820/5228 646/5229
f 646/5230 213/5231 300/5232
f 300/5233 199/5234 743/5235
f 840/5236 661/5237 1007/5238
f 1007/5239 383/5240 205/5241
f 1008/5242 215/5243 945/5244
f 945/5245 984/5246 644/5247
f 968/5248 425/5249 765/5250
f 765/5251 493/5252 630/5253
f 291/5254 646/5255 637/5256
f 629/5257 209/5258 727/5259
f 773/5260 712/5261 719/5262
f 481/5263 211/5264 748/5265
f 748/5266 200/5267 849/5268
f 643/5269 458/5270 1023/5271
f 951/5272 646/5273 300/5274
f 300/5275 743/5276 634/5277
f 206/5278 840/5279 1007/5280
f 1007/5281 205/5282 1010/5283
f 1008/5284 945/5285 644/5286
f 765/5287 630/5288 291/5289
f 291/5290 637/5291 344/5292
f 460/5293 773/5294 719/5295
f 700/5296 481/5297 748/5298
f 748/5299 849/5300 643/5301
f 715/5302 951/5303 300/5304
f 300/5305 634/5306 239/5307
f 765/5308 291/5309 344/5310
f 715/5311 300/5312 239/5313
f 765/5314 344/5315 530/5316
f 1023/5317 715/5318 239/5319
f 765/5320 530/5321 855/5322
f 643/5323 1023/5324 239/5325
f 748/5326 643/5327 239/5328
f 748/5329 239/5330 781/5331
f 765/5332 855/5333 702/5334
f 968/5335 765/5336 702/5337
f 748/5338 781/5339 206/5340
f 700/5341 748/5342 206/5343
f 700/5344 206/5345 1007/5346
f 943/5347 700/5348 1007/5349
f 968/5350 702/5351 385/5352
f 368/5353 943/5354 1007/5355
f 968/5356 385/5357 629/5358
f 1018/5359 368/5360 1007/5361
f 663/5362 968/5363 629/5364
f 503/5365 1018/5366 1007/5367
f 336/5368 663/5369 629/5370
f 719/5371 503/5372 1007/5373
f 336/5374 629/5375 727/5376
f 719/5377 1007/5378 1010/5379
f 644/5380 336/5381 727/5382
f 719/5383 1010/5384 1009/5385
f 644/5386 727/5387 455/5388
f 719/5389 1009/5390 1008/5391
f 644/5392 455/5393 920/5394
f 460/5395 719/5396 1008/5397
f 1008/5398 644/5399 920/5400
f 362/5401 460/5402 1008/5403
f 1008/5404 920/5405 639/5406
f 639/5407 362/5408 1008/5409
f 660/5410 222/5411 770/5412
f 660/5413 770/5414 796/5415
f 660/5416 796/5417 642/5418
f 939/5419 284/5420 793/5421
f 939/5422 793/5423 734/5424
f 757/5425 981/5426 303/5427
f 482/5428 757/5429 303/5430
f 788/5431 981/5432 757/5433
f 788/5434 757/5435 620/5436
f 620/5437 482/5438 940/5439
f 620/5440 940/5441 788/5442
o Panel
g Panel
usemtl PanelCream
v 0.03958 0.25465 -1.46569
v -0.00428 0.30675 -1.46569
v -0.03982 0.26680 -1.97595
v -0.04423 0.27249 -2.07862
v -0.04123 0.09573 -1.46569
v 0.04352 0.09573 -1.46569
v -0.03857 0.26943 -1.86856
v -0.04423 0.27661 -1.64859
v -0.04423 0.27661 -1.75164
v -0.08015 0.22446 -1.46569
v 0.03531 0.28334 -2.13995
v -0.04423 0.27661 -1.54554
v -0.03303 0.28334 -1.46569
v -0.04691 0.31234 -2.12816
v 0.04652 0.27661 -1.85469
v -0.03792 0.08480 -1.46569
v -0.04632 0.31419 -2.03947
v -0.04751 0.31049 -2.06534
v -0.04751 0.31049 -2.01483
v 0.04652 0.27661 -1.64859
v -0.07183 0.14707 -1.66292
v -0.04632 0.31419 -2.08997
v -0.03255 0.08480 -1.46569
v -0.04423 0.27661 -1.46569
v 0.12108 0.14770 -2.14048
v -0.04751 0.31049 -1.91382
v 0.04652 0.27661 -1.75164
v -0.06944 0.15440 -1.54587
v 0.12108 0.14770 -2.03947
v 0.12108 0.14770 -2.06534
v 0.12108 0.14770 -2.08997
v 0.12108 0.14770 -2.11584
v 0.08243 0.22446 -1.46569
v -0.04775 0.08191 -1.48394
v 0.04652 0.27661 -1.54554
v 0.03918 0.11471 -2.07444
v -0.07069 0.15401 -1.46569
v -0.04691 0.31234 -1.97665
v -0.04568 0.07558 -1.46569
v -0.04632 0.31419 -1.93846
v 0.12108 0.14770 -1.73645
v 0.12108 0.14770 -1.76231
v 0.12108 0.14770 -1.78695
v 0.12108 0.14770 -1.93846
v 0.12108 0.14770 -1.96433
v 0.12108 0.14770 -1.91382
v 0.12108 0.23585 -2.14048
v 0.12108 0.23585 -2.11584
v 0.04652 0.27661 -1.46569
v 0.05300 0.24513 -1.67523
v 0.05235 0.24514 -1.72494
v 0.12108 0.14770 -1.71181
v 0.12108 0.14770 -1.81282
v 0.12108 0.14770 -1.88796
v 0.12108 0.14770 -1.83745
v 0.12108 0.14770 -1.86332
v 0.12108 0.14770 -1.98896
v 0.12108 0.14770 -2.01483
v 0.03531 0.28334 -1.46569
v 0.08482 0.16039 -2.13995
v 0.07271 0.23647 -1.55750
v 0.06198 0.23443 -1.46569
v 0.06198 0.23443 -1.52757
v 0.12108 0.23585 -1.96433
v -0.04602 0.31512 -1.48393
v -0.03729 0.25465 -1.46569
v 0.12108 0.14770 -1.66131
v 0.12108 0.14770 -1.68594
v 0.12108 0.23585 -1.83745
v 0.12108 0.23585 -1.78695
v 0.12108 0.23585 -1.86332
v 0.12108 0.23585 -1.98896
v 0.12108 0.23585 -1.93846
v 0.12108 0.23585 -1.88796
v 0.12108 0.23585 -2.01483
v 0.12108 0.23585 -1.91382
v 0.12108 0.23585 -2.08997
v 0.12108 0.23585 -2.03947
v 0.12108 0.23585 -2.06534
v -0.03771 0.46585 -2.33561
v 0.03998 0.11256 -1.96742
v -0.04743 0.26215 -1.46569
v 0.12770 0.14953 -1.47213
v 0.12108 0.14770 -1.56030
v 0.12108 0.14770 -1.53443
v 0.12108 0.14770 -1.61080
v 0.12108 0.14770 -1.63544
v 0.12108 0.14770 -1.58493
v 0.12108 0.23585 -1.81282
v 0.00656 0.30675 -1.46569
v 0.04541 0.10680 -1.85469
v 0.08482 0.22330 -2.13995
v 0.12108 0.14770 -1.50979
v 0.12108 0.23585 -1.76231
v 0.12108 0.23585 -1.73645
v 0.04541 0.10680 -1.54554
v 0.04541 0.10680 -1.64859
v 0.04541 0.10680 -1.75164
v 0.12108 0.23585 -1.61080
v 0.12108 0.23585 -1.50979
v 0.12108 0.23585 -1.63544
v 0.12108 0.23585 -1.71181
v 0.12108 0.23585 -1.66131
v 0.12108 0.23585 -1.68594
v 0.07918 0.23686 -1.46569
v 0.04975 0.12801 -1.46569
v 0.12108 0.23585 -1.56030
v 0.12108 0.23585 -1.53443
v 0.12108 0.23585 -1.58493
v -0.01661 0.32522 -2.34545
v -0.01661 0.38802 -2.30188
v 0.06876 0.24320 -1.46569
v 0.08147 0.15858 -1.46569
v 0.08482 0.16039 -1.46569
v 0.08482 0.22330 -1.46569
v 0.06000 0.23617 -1.46569
v -0.03860 0.12746 -1.46569
v 0.05089 0.13197 -1.68945
v 0.05397 0.13553 -1.78078
v 0.04847 0.16803 -1.46569
v 0.04847 0.16763 -1.46768
v 0.04847 0.16763 -1.46569
v -0.03123 0.09747 -2.13995
v 0.03229 0.19184 -1.46615
v 0.02200 0.21791 -2.32043
v 0.04847 0.21606 -1.46768
v 0.04847 0.21606 -1.46569
v 0.03447 0.11542 -1.75164
v 0.02200 0.26639 -2.33850
v 0.02200 0.22290 -2.20037
v 0.03447 0.11542 -1.54554
v 0.03447 0.11542 -1.64859
v 0.02200 0.26603 -2.18213
v 0.03447 0.11542 -1.46569
v -0.03123 0.09747 -1.46569
v 0.12593 0.23248 -1.46569
v 0.00114 0.12849 -2.21015
v 0.04463 0.28511 -2.13995
v 0.10071 0.15664 -1.46569
v 0.00114 0.16694 -2.15048
v -0.06734 0.14769 -2.07516
v 0.03094 0.20801 -2.17814
v -0.05768 0.23620 -1.46569
v -0.07386 0.23186 -1.85910
v -0.05768 0.23620 -1.52324
v -0.07144 0.23228 -1.96703
v -0.04964 0.24756 -1.93167
v 0.04463 0.28511 -1.46569
v 0.03094 0.38859 -2.33883
v -0.05969 0.23443 -1.46569
v -0.06964 0.14111 -1.52778
v 0.04916 0.13472 -1.88238
v -0.06964 0.14111 -1.46569
v 0.04815 0.07615 -1.48394
v 0.04476 0.07563 -1.46569
v -0.03226 0.11684 -1.46569
v 0.00075 0.24007 -1.46569
v -0.04711 0.08480 -1.46569
v -0.04442 0.11073 -1.46569
v 0.06905 0.24294 -1.52324
v -0.07919 0.22493 -1.46569
v 0.04410 0.10282 -1.46569
v 0.06905 0.24294 -1.46569
v 0.00114 0.12849 -2.15426
v 0.00114 0.16694 -2.21393
v 0.04432 0.28654 -1.46569
v -0.03569 0.26544 -1.46569
v 0.03997 0.25383 -1.46569
v -0.04346 0.12674 -2.13995
v 0.07920 0.15736 -1.46569
v -0.04707 0.31185 -1.46569
v -0.07279 0.15104 -1.85037
v -0.09053 0.23036 -1.46569
v -0.04683 0.13628 -1.67852
v -0.03150 0.10255 -1.46569
v -0.05804 0.14719 -1.52382
v -0.06743 0.14445 -1.94299
v -0.05804 0.14719 -1.46569
v 0.04090 0.27053 -2.07463
v 0.03371 0.10109 -1.46569
v 0.04515 0.28279 -1.46569
v 0.10058 0.22666 -1.46569
v 0.01501 0.23972 -2.17045
v 0.11930 0.14952 -1.46569
v 0.05236 0.24522 -1.77836
v -0.04762 0.12049 -1.52324
v -0.04374 0.10867 -1.55470
v 0.04642 0.25248 -1.56927
v 0.04605 0.19752 -2.13945
v 0.04605 0.18633 -2.21896
v -0.04762 0.12049 -1.46569
v 0.01501 0.23972 -1.84872
v 0.04971 0.26219 -1.52324
v 0.04971 0.26219 -1.46569
v 0.00114 0.15989 -2.71925
v -0.03972 0.30675 -1.46569
v 0.00114 0.22379 -2.71925
v -0.05750 0.14664 -1.46569
v -0.11887 0.23590 -1.46569
v 0.04053 0.30675 -2.13995
v -0.04515 0.27247 -1.46569
v -0.04776 0.30520 -1.46569
v 0.06033 0.14719 -1.46569
v 0.09308 0.15253 -1.46569
v 0.03627 0.27691 -1.46569
v 0.00114 0.15989 -1.51089
v 0.00114 0.22379 -1.51089
v 0.03094 0.21148 -2.34912
v -0.02810 0.09747 -1.46569
v 0.02932 0.39295 -2.25270
v -0.09579 0.22786 -1.46569
v 0.04053 0.30675 -1.46569
v -0.07952 0.23561 -1.75164
v 0.00114 0.14341 -1.46768
v 0.00114 0.14341 -1.46569
v 0.01885 0.40617 -2.35660
v -0.07070 0.22906 -1.75164
v -0.07952 0.23561 -1.64859
v -0.07070 0.22906 -1.64859
v 0.00114 0.24027 -1.46768
v 0.00114 0.24027 -1.46569
v -0.07070 0.22906 -1.54554
v -0.07952 0.23561 -1.46569
v -0.07952 0.23561 -1.54554
v -0.07070 0.22906 -1.46569
v 0.12151 0.14770 -2.14048
v 0.12151 0.23585 -2.14048
v -0.06964 0.24032 -1.46569
v -0.01272 0.23972 -2.17045
v 0.12151 0.14770 -2.03947
v 0.12151 0.14770 -2.06534
v 0.12151 0.14770 -2.08997
v 0.12151 0.14770 -2.11584
v 0.12151 0.23585 -2.11584
v 0.08227 0.14669 -1.75164
v -0.06481 0.15242 -1.97341
v 0.12151 0.14770 -1.73645
v 0.12151 0.14770 -1.76231
v 0.12151 0.14770 -1.78695
v 0.12151 0.14770 -1.93846
v 0.12151 0.14770 -1.96433
v 0.12151 0.14770 -1.91382
v 0.12151 0.23585 -1.81282
v 0.12151 0.23585 -1.83745
v 0.12151 0.23585 -1.78695
v 0.12151 0.23585 -1.98896
v 0.12151 0.23585 -1.93846
v 0.12151 0.23585 -2.06534
v 0.12151 0.23585 -1.96433
v 0.12151 0.23585 -2.01483
v 0.12151 0.23585 -1.91382
v 0.12151 0.23585 -2.08997
v -0.01272 0.23972 -1.84872
v 0.12151 0.14770 -1.81282
v 0.12151 0.14770 -1.88796
v 0.12151 0.14770 -1.83745
v 0.12151 0.14770 -1.86332
v 0.12151 0.14770 -1.98896
v 0.12151 0.14770 -2.01483
v 0.12151 0.23585 -2.03947
v 0.12151 0.23585 -1.88796
v 0.12151 0.23585 -1.86332
v 0.07651 0.14434 -1.53365
v 0.08227 0.14669 -1.46569
v 0.08227 0.14669 -1.64859
v 0.05086 0.08480 -2.13995
v -0.05024 0.13463 -1.77984
v 0.12151 0.14770 -1.63544
v -0.04305 0.28197 -1.46569
v 0.12151 0.14770 -1.71181
v 0.12151 0.14770 -1.56030
v 0.12151 0.14770 -1.50979
v 0.12151 0.14770 -1.68594
v 0.12151 0.14770 -1.53443
v 0.12151 0.14770 -1.61080
v 0.12151 0.14770 -1.58493
v 0.12151 0.23585 -1.71181
v 0.12151 0.23585 -1.73645
v 0.12151 0.23585 -1.68594
v 0.12151 0.23585 -1.76231
v -0.03868 0.12754 -1.46569
v -0.04153 0.13185 -1.57138
v 0.12151 0.14770 -1.66131
v 0.12151 0.23585 -1.56030
v 0.12151 0.23585 -1.53443
v 0.12151 0.23585 -1.66131
v 0.12151 0.23585 -1.61080
v 0.12151 0.23585 -1.63544
v 0.12151 0.23585 -1.58493
v -0.03868 0.12754 -1.52324
v 0.12151 0.23585 -1.50979
v 0.12111 0.23589 -1.46569
v 0.05086 0.08480 -1.46569
v 0.00114 0.28339 -1.46569
v -0.04458 0.25312 -2.13995
v -0.05008 0.24522 -1.77836
v -0.04850 0.24712 -1.83125
v -0.01421 0.18399 -1.51840
v -0.06761 0.13926 -1.46569
v -0.03737 0.25411 -1.46569
v -0.03737 0.25411 -1.52324
v -0.04119 0.10093 -1.46569
v 0.04235 0.09747 -2.13995
v -0.02541 0.19355 -1.46721
v 0.00114 0.17614 -1.51840
v 0.00114 0.20755 -1.51840
v -0.01420 0.19970 -2.71924
v -0.14720 0.19178 -2.07765
v 0.10764 0.16039 -2.13995
v -0.01420 0.18399 -2.71924
v 0.04235 0.29544 -2.13995
v 0.12116 0.14779 -2.13995
v -0.14720 0.19178 -1.97665
v -0.14720 0.19178 -2.02715
v 0.01649 0.18399 -1.51840
v 0.10764 0.22330 -2.13995
v 0.00114 0.08480 -2.13995
v 0.04572 0.28023 -1.46569
v 0.12116 0.23590 -2.13995
v -0.14720 0.19178 -2.12816
v 0.01649 0.19970 -1.51840
v 0.04235 0.09747 -1.46569
v 0.00115 0.20755 -2.71924
v 0.08243 0.15910 -1.46569
v -0.03669 0.11348 -1.96224
v -0.14720 0.19178 -1.92614
v 0.04026 0.27245 -1.95774
v 0.00114 0.09747 -2.13995
v 0.00115 0.17614 -2.71924
v 0.10764 0.16039 -1.46569
v 0.05203 0.24773 -1.82861
v 0.03572 0.28061 -1.46569
v -0.04090 0.10002 -1.46569
v -0.11887 0.14779 -2.13995
v -0.03504 0.26979 -1.75164
v 0.07267 0.15034 -1.95018
v 0.04770 0.12684 -2.03778
v -0.03327 0.18555 -2.13945
v 0.12116 0.15991 -1.46569
v 0.12116 0.14779 -1.46569
v -0.04818 0.12154 -1.46569
v -0.03504 0.26979 -1.64859
v 0.04686 0.25312 -2.13995
v 0.06060 0.13873 -1.82980
v 0.04235 0.29544 -1.46569
v -0.03168 0.10599 -1.46569
v 0.00114 0.28339 -2.13995
v -0.10536 0.16039 -2.13995
v 0.05128 0.30675 -2.13995
v -0.04899 0.30675 -2.13995
v 0.10764 0.22330 -1.46569
v -0.03851 0.26527 -1.56271
v 0.00114 0.30675 -2.13995
v -0.03327 0.19830 -2.21896
v -0.04788 0.12127 -1.52324
v 0.01650 0.18399 -2.71924
v 0.01650 0.19970 -2.71924
v 0.03957 0.25466 -1.52324
v 0.03957 0.25466 -1.46569
v -0.03504 0.26979 -1.46569
v 0.05774 0.24274 -1.93286
v 0.05068 0.13269 -1.61040
v 0.04480 0.12446 -1.72935
v -0.11887 0.23590 -2.13995
v 0.00114 0.08480 -1.46569
v 0.00114 0.09747 -1.46569
v 0.12116 0.23590 -1.46569
v -0.04006 0.09747 -2.13995
v -0.06014 0.24015 -1.72853
v -0.10536 0.22330 -2.13995
v 0.14948 0.19178 -2.07765
v 0.14948 0.19178 -2.12816
v 0.14948 0.19178 -1.97665
v 0.05945 0.23717 -1.87505
v -0.04788 0.12127 -1.46569
v -0.04555 0.25073 -2.03521
v 0.14948 0.19178 -1.92614
v 0.14948 0.19178 -1.77463
v 0.14948 0.19178 -1.87564
v -0.07692 0.22604 -1.46569
v 0.03588 0.27951 -1.46569
v 0.03397 0.10599 -1.46569
v 0.14948 0.19178 -1.82513
v -0.11887 0.14779 -1.46569
v 0.03094 0.28163 -2.16981
v -0.04788 0.26016 -1.52324
v -0.04788 0.26016 -1.46569
v 0.14948 0.19178 -2.02715
v 0.14948 0.19178 -1.72413
v -0.11887 0.15991 -1.46569
v 0.07920 0.22604 -1.46569
v 0.04318 0.10002 -1.46569
v 0.05128 0.30675 -1.46569
v -0.04899 0.30675 -1.46569
v 0.14948 0.19178 -1.52211
v 0.14948 0.19178 -1.67362
v 0.14948 0.19178 -1.62312
v 0.05016 0.26016 -1.52324
v 0.00114 0.30675 -1.46569
v -0.04006 0.29544 -2.13995
v -0.05001 0.24523 -1.67532
v 0.05016 0.26016 -1.46569
v 0.03733 0.26979 -1.85469
v -0.03729 0.25466 -1.52324
v -0.10536 0.22330 -1.46569
v -0.04006 0.09747 -1.46569
v 0.03733 0.26979 -1.64859
v 0.03733 0.26979 -1.75164
v -0.03729 0.25466 -1.46569
v 0.13272 0.23208 -1.47663
v -0.03360 0.27951 -1.46569
v 0.14948 0.19178 -1.57262
v 0.03733 0.26979 -1.54554
v 0.03733 0.26979 -1.46569
v 0.00153 0.14361 -1.46569
v 0.04348 0.10093 -1.46569
v -0.04006 0.29544 -1.46569
v -0.03343 0.28061 -1.46569
v -0.04343 0.28023 -1.46569
v -0.04857 0.08480 -2.13995
v 0.05239 0.24546 -1.62185
v 0.03966 0.25411 -1.52324
v -0.11922 0.14770 -2.14048
v -0.11922 0.14770 -2.11584
v -0.11922 0.14770 -2.06534
v -0.11922 0.14770 -2.08997
v 0.03966 0.25411 -1.46569
v -0.11922 0.14770 -2.03947
v -0.11922 0.14770 -2.01483
v -0.04857 0.08480 -1.46569
v -0.11922 0.14770 -1.98896
v -0.11922 0.14770 -1.96433
v -0.11922 0.23585 -2.14048
v 0.04870 0.12864 -1.57157
v -0.11922 0.14770 -1.93846
v -0.11922 0.14770 -1.91382
v -0.11922 0.23585 -2.08997
v -0.11922 0.23585 -2.11584
v -0.11922 0.23585 -2.06534
v -0.11922 0.23585 -2.03947
v -0.07615 0.14949 -1.74693
v -0.11922 0.23585 -1.93846
v -0.11922 0.23585 -1.91382
v -0.11922 0.23585 -1.98896
v -0.11922 0.23585 -1.96433
v -0.11922 0.23585 -2.01483
v -0.06949 0.14231 -1.56445
v 0.04920 0.31234 -2.07765
v 0.04860 0.31419 -2.11584
v 0.04979 0.31049 -2.14048
v 0.04920 0.31234 -2.02715
v 0.04979 0.31049 -1.98896
v 0.06136 0.23770 -1.97857
v 0.04920 0.31234 -1.92614
v 0.04533 0.28197 -1.46569
v 0.07299 0.22906 -1.75164
v -0.04619 0.16763 -1.46768
v -0.04619 0.16763 -1.46569
v 0.04860 0.31419 -1.96433
v 0.08181 0.23561 -1.75164
v -0.04619 0.21606 -1.46768
v -0.04619 0.21606 -1.46569
v -0.04619 0.21566 -1.46569
v 0.07299 0.22906 -1.64859
v 0.05089 0.08487 -1.46569
v 0.08181 0.23561 -1.64859
v 0.03039 0.09747 -1.46569
v 0.07299 0.22906 -1.54554
v 0.04861 0.31215 -1.47564
v 0.05089 0.30670 -1.46569
v 0.08181 0.23561 -1.46569
v 0.07299 0.22906 -1.46569
v -0.03824 0.30675 -2.13995
v -0.06709 0.15206 -1.46569
v -0.02865 0.21148 -2.35014
v -0.02865 0.20801 -2.16783
v 0.09808 0.22786 -1.46569
v -0.02505 0.40326 -2.25792
v -0.03824 0.30675 -1.46569
v 0.10950 0.22503 -1.46569
v -0.03398 0.27691 -1.46569
v 0.03878 0.11685 -1.84405
v 0.05005 0.30520 -1.46569
v 0.07945 0.14517 -1.46569
v 0.04744 0.27247 -1.46569
v 0.04575 0.12674 -2.13995
v 0.07600 0.15105 -2.06079
v -0.05804 0.14719 -1.46569
v -0.03142 0.10109 -1.46569
v -0.04134 0.25664 -1.72918
v -0.04743 0.26219 -1.52324
v 0.04959 0.13553 -1.51778
v 0.04201 0.30675 -1.46569
v -0.04743 0.26219 -1.46569
v -0.09830 0.22666 -1.46569
v 0.03237 0.20782 -2.71925
v 0.03237 0.17587 -2.71925
v 0.03379 0.10255 -1.46569
v 0.06909 0.24290 -1.46569
v -0.04286 0.28279 -1.46569
v -0.07691 0.15736 -1.46569
v 0.09282 0.23036 -1.46569
v -0.04762 0.12050 -1.46569
v 0.03237 0.20782 -1.51089
v 0.03237 0.17587 -1.51089
v -0.03768 0.25383 -1.46569
v -0.04182 0.10282 -1.46569
v 0.00808 0.22917 -2.16908
v 0.00808 0.25027 -2.17182
v 0.04939 0.08480 -1.46569
v -0.04203 0.28654 -1.46569
v 0.03797 0.26544 -1.46569
v 0.00808 0.22917 -1.84735
v -0.04580 0.16743 -1.46569
v 0.00808 0.25027 -1.85010
v -0.06683 0.24259 -1.52354
v 0.08147 0.22493 -1.46569
v -0.05779 0.14694 -1.52324
v -0.05779 0.14694 -1.46569
v 0.00114 0.26276 -1.65710
v 0.07671 0.15040 -1.85947
v 0.03455 0.11684 -1.46569
v 0.06945 0.23285 -2.05113
v 0.09825 0.15531 -1.46569
v -0.00579 0.22917 -2.16908
v -0.04235 0.28511 -2.13995
v 0.03950 0.46585 -2.34465
v 0.07193 0.24032 -1.46569
v 0.07193 0.24032 -1.52955
v 0.03352 0.09747 -2.13995
v -0.00579 0.25027 -2.17182
v -0.03009 0.17587 -2.71925
v -0.00579 0.22917 -1.84735
v -0.02865 0.28163 -2.17486
v -0.00579 0.25027 -1.85010
v -0.02707 0.39390 -2.35166
v 0.05997 0.23620 -1.52324
v 0.06998 0.23053 -1.46569
v 0.05997 0.23620 -1.46569
v -0.03009 0.20782 -2.71925
v -0.04235 0.28511 -1.46569
v 0.03352 0.09747 -1.46569
v -0.03219 0.11542 -1.75164
v -0.03219 0.11542 -1.54554
v -0.03219 0.11542 -1.64859
v 0.04808 0.21626 -1.46569
v -0.03219 0.11542 -1.46569
v -0.03009 0.17587 -1.51089
v -0.06758 0.13923 -1.46569
v -0.06758 0.13923 -1.52324
v -0.03009 0.20782 -1.51089
v -0.08253 0.16039 -2.13995
v -0.03678 0.11403 -1.85953
v -0.04312 0.10680 -1.75164
v -0.08253 0.22330 -2.13995
v -0.04312 0.10680 -1.64859
v -0.01971 0.21927 -2.32442
v -0.03720 0.11853 -2.04394
v -0.01971 0.26796 -2.18214
v -0.01971 0.26520 -2.33528
v -0.04312 0.10680 -1.46569
v -0.11879 0.14770 -2.14048
v -0.01971 0.22087 -2.19795
v -0.09788 0.16088 -1.46569
v -0.11879 0.14770 -2.11584
v -0.05771 0.23617 -1.46569
v -0.04720 0.13414 -1.72398
v -0.11879 0.14770 -1.93846
v -0.11879 0.14770 -1.96433
v -0.11879 0.14770 -1.91382
v -0.11879 0.14770 -2.08997
v -0.11879 0.14770 -2.03947
v -0.11879 0.14770 -2.06534
v -0.08253 0.21722 -1.46569
v -0.08253 0.22330 -1.46569
v -0.05059 0.13543 -1.61938
v -0.11879 0.14770 -1.98896
v -0.11879 0.14770 -2.01483
v -0.11879 0.23585 -2.14048
v -0.03250 0.12127 -1.46569
v -0.03250 0.12127 -1.53766
v -0.11879 0.23585 -2.11584
v -0.11879 0.23585 -1.98896
v -0.11879 0.23585 -1.96433
v -0.11879 0.23585 -2.01483
v -0.11879 0.23585 -2.08997
v -0.11879 0.23585 -2.06534
v -0.11879 0.23585 -2.03947
v -0.05967 0.23549 -2.07898
v 0.04020 0.08480 -2.13995
v -0.11879 0.23585 -1.93846
v -0.11879 0.23585 -1.91382
v 0.01889 0.33204 -2.31791
v 0.01889 0.39253 -2.35091
v 0.01889 0.38927 -2.29254
v 0.07298 0.15401 -1.75164
v 0.07298 0.15401 -1.64859
v -0.07689 0.23686 -1.46569
v 0.07298 0.15401 -1.54554
v -0.03303 0.28334 -2.13995
v -0.05840 0.24011 -1.56880
v -0.05011 0.24546 -1.62185
v 0.03483 0.08480 -1.46569
v 0.07298 0.15401 -1.46569
v -0.05969 0.23443 -1.52757
v -0.03792 0.08480 -2.13995
v 0.04020 0.08480 -1.46569
v 0.04972 0.26215 -1.46569
vt 0.93630 0.51510
vt 0.87543 0.43528
vt 0.85410 0.51510
vt 0.62828 0.44066
vt 0.59295 0.48997
vt 0.67862 0.49670
vt 0.67862 0.49670
vt 0.59295 0.48997
vt 0.46213 0.53689
vt 0.93630 0.51510
vt 0.92261 0.48604
vt 0.87543 0.43528
vt 0.92261 0.48604
vt 0.91775 0.42157
vt 0.87543 0.43528
vt 0.59295 0.48997
vt 0.54568 0.44880
vt 0.51105 0.50456
vt 0.46213 0.56336
vt 0.46213 0.53248
vt 0.46213 0.59234
vt 0.46213 0.05609
vt 0.46213 0.02364
vt 0.46213 0.02364
vt 0.46213 0.05609
vt 0.46213 0.02364
vt 0.46213 0.02364
vt 0.83278 0.43469
vt 0.79033 0.42168
vt 0.78981 0.46393
vt 0.85410 0.51510
vt 0.83278 0.43469
vt 0.78981 0.46393
vt 0.59295 0.48997
vt 0.51105 0.50456
vt 0.46213 0.53689
vt 0.85410 0.51510
vt 0.78981 0.46393
vt 0.77189 0.51510
vt 0.70838 0.43955
vt 0.67862 0.49670
vt 0.75058 0.43468
vt 0.46213 0.53235
vt 0.54568 0.44880
vt 0.59295 0.48997
vt 0.46213 0.53235
vt 0.51076 0.40973
vt 0.54568 0.44880
vt 0.93630 0.10208
vt 0.91569 0.14419
vt 0.87740 0.15335
vt 0.46213 0.53235
vt 0.46213 0.45492
vt 0.51076 0.40973
vt 0.46213 0.13110
vt 0.53871 0.11005
vt 0.51381 0.18477
vt 0.79396 0.15005
vt 0.77189 0.10208
vt 0.85410 0.10208
vt 0.83023 0.15553
vt 0.79396 0.15005
vt 0.85410 0.10208
vt 0.74940 0.15130
vt 0.68583 0.09853
vt 0.77189 0.10208
vt 0.68583 0.09853
vt 0.46213 0.05609
vt 0.77189 0.10208
vt 0.77189 0.49763
vt 0.83278 0.43469
vt 0.85410 0.49763
vt 0.46213 0.53235
vt 0.67862 0.49670
vt 0.77189 0.49763
vt 0.67862 0.49670
vt 0.70838 0.43955
vt 0.75058 0.43468
vt 0.59295 0.48997
vt 0.62828 0.44066
vt 0.67862 0.49670
vt 0.46213 0.53235
vt 0.59295 0.48997
vt 0.67862 0.49670
vt 0.46213 0.45492
vt 0.46213 0.53235
vt 0.46213 0.53689
vt 0.77189 0.51510
vt 0.75058 0.43468
vt 0.67862 0.49670
vt 0.46213 0.37851
vt 0.60007 0.40152
vt 0.68617 0.40043
vt 0.85410 0.41005
vt 0.87543 0.43528
vt 0.93630 0.41005
vt 0.79033 0.42168
vt 0.83278 0.43469
vt 0.85410 0.41005
vt 0.51076 0.40973
vt 0.54568 0.44880
vt 0.60007 0.40152
vt 0.87543 0.43528
vt 0.91775 0.42157
vt 0.93630 0.41005
vt 0.60007 0.40152
vt 0.62828 0.44066
vt 0.68617 0.40043
vt 0.68617 0.40043
vt 0.75058 0.43468
vt 0.77189 0.41005
vt 0.46213 0.37851
vt 0.51076 0.40973
vt 0.60007 0.40152
vt 0.51381 0.18477
vt 0.46213 0.21730
vt 0.61925 0.17646
vt 0.51381 0.18477
vt 0.46213 0.13110
vt 0.46213 0.21730
vt 0.77189 0.41005
vt 0.79033 0.42168
vt 0.85410 0.41005
vt 0.46213 0.37851
vt 0.68617 0.40043
vt 0.77189 0.41005
vt 0.46213 0.05609
vt 0.51381 0.18477
vt 0.53871 0.11005
vt 0.46213 0.05609
vt 0.46213 0.13110
vt 0.51381 0.18477
vt 0.46213 0.45492
vt 0.46213 0.53689
vt 0.51105 0.50456
vt 0.46213 0.05609
vt 0.53871 0.11005
vt 0.60389 0.09712
vt 0.46213 0.37851
vt 0.46213 0.41079
vt 0.46213 0.18502
vt 0.68583 0.09853
vt 0.74940 0.15130
vt 0.77189 0.07999
vt 0.83023 0.15553
vt 0.85410 0.07999
vt 0.79396 0.15005
vt 0.79396 0.15005
vt 0.84266 0.18318
vt 0.83023 0.15553
vt 0.85410 0.07999
vt 0.87740 0.15335
vt 0.92900 0.08479
vt 0.68583 0.09853
vt 0.69314 0.19336
vt 0.74940 0.15130
vt 0.46213 0.05609
vt 0.68583 0.09853
vt 0.77189 0.07999
vt 0.87740 0.15335
vt 0.92122 0.17098
vt 0.92900 0.08479
vt 0.60389 0.09712
vt 0.61925 0.17646
vt 0.68583 0.09853
vt 0.46213 0.05609
vt 0.60389 0.09712
vt 0.68583 0.09853
vt 0.95410 0.13313
vt 0.95410 0.18285
vt 0.95410 0.11706
vt 0.85410 0.39327
vt 0.85410 0.41005
vt 0.83278 0.43469
vt 0.95410 0.18285
vt 0.95410 0.16309
vt 0.95410 0.11706
vt 0.94259 0.11706
vt 0.95410 0.13313
vt 0.95410 0.11507
vt 0.77189 0.20096
vt 0.77189 0.18220
vt 0.74865 0.15361
vt 0.60389 0.09712
vt 0.53871 0.11005
vt 0.51381 0.18477
vt 0.79396 0.15005
vt 0.77565 0.18938
vt 0.84266 0.18318
vt 0.68583 0.09853
vt 0.61925 0.17646
vt 0.69314 0.19336
vt 0.95410 0.11507
vt 0.92900 0.08479
vt 0.94259 0.11706
vt 0.68617 0.40043
vt 0.70838 0.43955
vt 0.75058 0.43468
vt 0.67345 0.41403
vt 0.68968 0.49763
vt 0.68968 0.51510
vt 0.46213 0.13110
vt 0.46213 0.05609
vt 0.46213 0.05609
vt 0.93630 0.51510
vt 0.95410 0.47814
vt 0.95410 0.45886
vt 0.46213 0.21730
vt 0.69314 0.19336
vt 0.77565 0.18938
vt 0.77565 0.18938
vt 0.83023 0.15553
vt 0.84266 0.18318
vt 0.84266 0.18318
vt 0.87740 0.15335
vt 0.93604 0.20197
vt 0.77565 0.18938
vt 0.79396 0.15005
vt 0.83023 0.15553
vt 0.46213 0.21730
vt 0.59498 0.19690
vt 0.69314 0.19336
vt 0.93630 0.10208
vt 0.87740 0.15335
vt 0.85410 0.10208
vt 0.69314 0.19336
vt 0.74940 0.15130
vt 0.77565 0.18938
vt 0.46213 0.21730
vt 0.51381 0.18477
vt 0.59498 0.19690
vt 0.60389 0.09712
vt 0.46213 0.05609
vt 0.68583 0.09853
vt 0.53871 0.11005
vt 0.46213 0.05609
vt 0.60389 0.09712
vt 0.87543 0.43528
vt 0.91775 0.42157
vt 0.92261 0.48604
vt 0.53871 0.11005
vt 0.46213 0.13110
vt 0.46213 0.05609
vt 0.51076 0.40973
vt 0.46213 0.45492
vt 0.46213 0.37851
vt 0.77189 0.49763
vt 0.78981 0.46393
vt 0.83278 0.43469
vt 0.67862 0.49670
vt 0.75058 0.43468
vt 0.77189 0.49763
vt 0.93630 0.39327
vt 0.91775 0.42157
vt 0.85410 0.39327
vt 0.51076 0.40973
vt 0.46213 0.37851
vt 0.60007 0.40152
vt 0.79033 0.42168
vt 0.77189 0.39327
vt 0.85410 0.39327
vt 0.83278 0.43469
vt 0.79033 0.42168
vt 0.85410 0.39327
vt 0.75058 0.43468
vt 0.68617 0.40043
vt 0.77189 0.39327
vt 0.91775 0.42157
vt 0.87543 0.43528
vt 0.85410 0.39327
vt 0.60007 0.40152
vt 0.46213 0.37851
vt 0.68617 0.40043
vt 0.46213 0.21730
vt 0.46213 0.13110
vt 0.51381 0.18477
vt 0.61925 0.17646
vt 0.46213 0.21730
vt 0.69314 0.19336
vt 0.68617 0.40043
vt 0.46213 0.37851
vt 0.77189 0.39327
vt 0.95386 0.42793
vt 0.93630 0.39327
vt 0.95064 0.40702
vt 0.77189 0.51510
vt 0.78981 0.46393
vt 0.77189 0.49763
vt 0.85410 0.07999
vt 0.85410 0.10208
vt 0.87740 0.15335
vt 0.51076 0.40973
vt 0.51105 0.50456
vt 0.54568 0.44880
vt 0.75058 0.43468
vt 0.77189 0.51510
vt 0.77189 0.49763
vt 0.62828 0.44066
vt 0.67862 0.49670
vt 0.68617 0.40043
vt 0.54568 0.44880
vt 0.59295 0.48997
vt 0.60007 0.40152
vt 0.46213 0.21730
vt 0.46213 0.37850
vt 0.46213 0.21730
vt 0.46213 0.53235
vt 0.46213 0.56336
vt 0.46213 0.53248
vt 0.46213 0.37850
vt 0.77189 0.41005
vt 0.67345 0.41403
vt 0.95410 0.16309
vt 0.95410 0.18285
vt 0.95363 0.18350
vt 0.60389 0.09712
vt 0.68583 0.09853
vt 0.69314 0.19336
vt 0.95410 0.47295
vt 0.95410 0.41156
vt 0.95410 0.45744
vt 0.53298 0.40299
vt 0.51423 0.49951
vt 0.46213 0.45492
vt 0.77189 0.07999
vt 0.79396 0.15005
vt 0.85410 0.07999
vt 0.85410 0.49763
vt 0.87543 0.43528
vt 0.92261 0.48604
vt 0.46213 0.56336
vt 0.46213 0.59234
vt 0.46213 0.59234
vt 0.46213 0.53689
vt 0.77189 0.51510
vt 0.67862 0.49670
vt 0.46213 0.37851
vt 0.46213 0.45492
vt 0.46213 0.37851
vt 0.46213 0.45492
vt 0.51105 0.50456
vt 0.51076 0.40973
vt 0.46213 0.37851
vt 0.46213 0.21730
vt 0.46213 0.21730
vt 0.46213 0.37851
vt 0.46213 0.18502
vt 0.46213 0.21730
vt 0.46213 0.53235
vt 0.46213 0.56336
vt 0.46213 0.53689
vt 0.95410 0.47295
vt 0.95386 0.42793
vt 0.95410 0.41156
vt 0.92900 0.08479
vt 0.93630 0.10208
vt 0.94259 0.11706
vt 0.95410 0.11706
vt 0.95410 0.11507
vt 0.95410 0.13313
vt 0.77189 0.07999
vt 0.77189 0.10208
vt 0.79396 0.15005
vt 0.93630 0.51510
vt 0.95410 0.45886
vt 0.92261 0.48604
vt 0.69314 0.19336
vt 0.77565 0.18938
vt 0.74940 0.15130
vt 0.61925 0.17646
vt 0.60389 0.09712
vt 0.51381 0.18477
vt 0.83278 0.43469
vt 0.85410 0.51510
vt 0.85410 0.49763
vt 0.46213 0.05609
vt 0.46213 0.02364
vt 0.46213 0.05609
vt 0.46213 0.05609
vt 0.46213 0.02364
vt 0.46213 0.05609
vt 0.46213 0.53248
vt 0.46213 0.59234
vt 0.46213 0.59234
vt 0.94906 0.42211
vt 0.95410 0.42883
vt 0.95064 0.40702
vt 0.61352 0.19155
vt 0.59976 0.09476
vt 0.54363 0.13133
vt 0.95410 0.47295
vt 0.95410 0.47814
vt 0.95410 0.45744
vt 0.79320 0.43447
vt 0.77189 0.51510
vt 0.77189 0.49763
vt 0.46213 0.21730
vt 0.46213 0.21730
vt 0.46213 0.13110
vt 0.92122 0.17098
vt 0.87740 0.15335
vt 0.84266 0.18318
vt 0.46213 0.37851
vt 0.46213 0.45492
vt 0.51076 0.40973
vt 0.46213 0.37851
vt 0.46213 0.37851
vt 0.46213 0.21730
vt 0.46213 0.53235
vt 0.46213 0.53248
vt 0.46213 0.56336
vt 0.69314 0.19336
vt 0.46213 0.21730
vt 0.77565 0.18938
vt 0.75058 0.43468
vt 0.67345 0.41403
vt 0.71049 0.44111
vt 0.87543 0.43528
vt 0.85410 0.51510
vt 0.85410 0.49763
vt 0.77189 0.07999
vt 0.74865 0.15361
vt 0.68968 0.07999
vt 0.46213 0.18502
vt 0.46213 0.37850
vt 0.46213 0.21730
vt 0.46213 0.05609
vt 0.46213 0.13110
vt 0.46213 0.05609
vt 0.95410 0.45886
vt 0.93630 0.51510
vt 0.93630 0.49763
vt 0.85410 0.51510
vt 0.87543 0.43528
vt 0.85410 0.49763
vt 0.46213 0.02364
vt 0.46213 0.05609
vt 0.46213 0.05609
vt 0.46213 0.56336
vt 0.46213 0.59234
vt 0.46213 0.53248
vt 0.46213 0.02364
vt 0.46213 0.05609
vt 0.46213 0.05609
vt 0.71049 0.44111
vt 0.68968 0.51510
vt 0.68968 0.49763
vt 0.46213 0.21730
vt 0.68587 0.19170
vt 0.61352 0.19155
vt 0.77189 0.49763
vt 0.75058 0.43468
vt 0.68968 0.49763
vt 0.46213 0.45492
vt 0.46213 0.53689
vt 0.46213 0.53235
vt 0.46213 0.37850
vt 0.46213 0.37850
vt 0.46213 0.45492
vt 0.46213 0.53248
vt 0.46213 0.59234
vt 0.46213 0.59234
vt 0.77189 0.41005
vt 0.71049 0.44111
vt 0.67345 0.41403
vt 0.77189 0.41005
vt 0.75058 0.43468
vt 0.71049 0.44111
vt 0.85410 0.41005
vt 0.79320 0.43447
vt 0.77189 0.41005
vt 0.62733 0.42832
vt 0.59086 0.41539
vt 0.67345 0.41403
vt 0.69818 0.10575
vt 0.68968 0.07999
vt 0.74865 0.15361
vt 0.46213 0.02364
vt 0.46213 0.02364
vt 0.46213 0.05609
vt 0.46213 0.18502
vt 0.46213 0.41079
vt 0.46213 0.37850
vt 0.46213 0.53689
vt 0.51423 0.49951
vt 0.60748 0.50443
vt 0.93630 0.07999
vt 0.88456 0.14635
vt 0.85410 0.07999
vt 0.59976 0.09476
vt 0.51439 0.10027
vt 0.46213 0.05609
vt 0.66760 0.15154
vt 0.61352 0.19155
vt 0.59976 0.09476
vt 0.46213 0.53689
vt 0.46213 0.45492
vt 0.51423 0.49951
vt 0.51423 0.49951
vt 0.59086 0.41539
vt 0.60748 0.50443
vt 0.53298 0.40299
vt 0.46213 0.37850
vt 0.59086 0.41539
vt 0.67345 0.41403
vt 0.59086 0.41539
vt 0.46213 0.37850
vt 0.46213 0.13110
vt 0.46213 0.05609
vt 0.51439 0.10027
vt 0.95363 0.18350
vt 0.93604 0.20197
vt 0.95048 0.16791
vt 0.79033 0.42168
vt 0.77189 0.41005
vt 0.77189 0.39327
vt 0.83023 0.15553
vt 0.85410 0.10208
vt 0.85410 0.07999
vt 0.95048 0.16791
vt 0.95410 0.16309
vt 0.95363 0.18350
vt 0.93604 0.20197
vt 0.92122 0.17098
vt 0.95048 0.16791
vt 0.46213 0.13110
vt 0.51439 0.10027
vt 0.52527 0.19338
vt 0.85410 0.07999
vt 0.78967 0.12525
vt 0.77189 0.07999
vt 0.46213 0.21730
vt 0.52527 0.19338
vt 0.61352 0.19155
vt 0.85410 0.18220
vt 0.88456 0.14635
vt 0.94579 0.17618
vt 0.77189 0.18220
vt 0.82150 0.14448
vt 0.85410 0.18220
vt 0.51423 0.49951
vt 0.53298 0.40299
vt 0.59086 0.41539
vt 0.46213 0.21730
vt 0.61352 0.19155
vt 0.68587 0.19170
vt 0.70954 0.16180
vt 0.74865 0.15361
vt 0.77189 0.18220
vt 0.68587 0.19170
vt 0.70954 0.16180
vt 0.77189 0.18220
vt 0.54363 0.13133
vt 0.51439 0.10027
vt 0.59976 0.09476
vt 0.68968 0.49763
vt 0.60748 0.50443
vt 0.46213 0.53235
vt 0.78967 0.12525
vt 0.82150 0.14448
vt 0.85410 0.10208
vt 0.77189 0.10208
vt 0.78967 0.12525
vt 0.85410 0.10208
vt 0.46213 0.05609
vt 0.69818 0.10575
vt 0.77189 0.10208
vt 0.46213 0.53689
vt 0.60748 0.50443
vt 0.68968 0.51510
vt 0.85410 0.51510
vt 0.87543 0.43528
vt 0.93630 0.51510
vt 0.68968 0.51510
vt 0.71049 0.44111
vt 0.75058 0.43468
vt 0.46213 0.53689
vt 0.68968 0.51510
vt 0.77189 0.51510
vt 0.60748 0.50443
vt 0.62733 0.42832
vt 0.67345 0.41403
vt 0.46213 0.45492
vt 0.51423 0.49951
vt 0.53298 0.40299
vt 0.85410 0.49763
vt 0.79320 0.43447
vt 0.77189 0.49763
vt 0.60748 0.50443
vt 0.51423 0.49951
vt 0.46213 0.53235
vt 0.67345 0.41403
vt 0.62733 0.42832
vt 0.60748 0.50443
vt 0.93630 0.49763
vt 0.91738 0.45327
vt 0.87543 0.43528
vt 0.59086 0.41539
vt 0.51423 0.49951
vt 0.60748 0.50443
vt 0.59086 0.41539
vt 0.53298 0.40299
vt 0.51423 0.49951
vt 0.68968 0.49763
vt 0.46213 0.53235
vt 0.77189 0.49763
vt 0.91554 0.13595
vt 0.93630 0.10208
vt 0.85410 0.10208
vt 0.88456 0.14635
vt 0.91554 0.13595
vt 0.85410 0.10208
vt 0.52527 0.19338
vt 0.46213 0.13110
vt 0.46213 0.21730
vt 0.46213 0.45492
vt 0.46213 0.53235
vt 0.51423 0.49951
vt 0.60748 0.50443
vt 0.67345 0.41403
vt 0.68968 0.51510
vt 0.91738 0.45327
vt 0.93630 0.51510
vt 0.87543 0.43528
vt 0.46213 0.56336
vt 0.46213 0.59234
vt 0.46213 0.59234
vt 0.77189 0.51510
vt 0.79320 0.43447
vt 0.85410 0.51510
vt 0.68968 0.51510
vt 0.75058 0.43468
vt 0.77189 0.51510
vt 0.83285 0.43445
vt 0.85410 0.51510
vt 0.79320 0.43447
vt 0.93630 0.07999
vt 0.91554 0.13595
vt 0.88456 0.14635
vt 0.74865 0.15361
vt 0.70954 0.16180
vt 0.69818 0.10575
vt 0.68968 0.07999
vt 0.66760 0.15154
vt 0.59976 0.09476
vt 0.68968 0.07999
vt 0.46213 0.05609
vt 0.77189 0.07999
vt 0.59976 0.09476
vt 0.46213 0.05609
vt 0.68968 0.07999
vt 0.85410 0.07999
vt 0.82150 0.14448
vt 0.78967 0.12525
vt 0.71049 0.44111
vt 0.68968 0.49763
vt 0.75058 0.43468
vt 0.68968 0.49763
vt 0.67345 0.41403
vt 0.60748 0.50443
vt 0.85410 0.49763
vt 0.83285 0.43445
vt 0.79320 0.43447
vt 0.93630 0.49763
vt 0.87543 0.43528
vt 0.85410 0.49763
vt 0.46213 0.02364
vt 0.46213 0.02364
vt 0.46213 0.05609
vt 0.46213 0.13110
vt 0.52527 0.19338
vt 0.51439 0.10027
vt 0.61925 0.17646
vt 0.60389 0.09712
vt 0.69314 0.19336
vt 0.69314 0.19336
vt 0.59498 0.19690
vt 0.61925 0.17646
vt 0.59498 0.19690
vt 0.51381 0.18477
vt 0.53871 0.11005
vt 0.77189 0.39327
vt 0.77189 0.41005
vt 0.75058 0.43468
vt 0.60389 0.09712
vt 0.61925 0.17646
vt 0.59498 0.19690
vt 0.74940 0.15130
vt 0.77189 0.10208
vt 0.77189 0.07999
vt 0.53871 0.11005
vt 0.60389 0.09712
vt 0.59498 0.19690
vt 0.91569 0.14419
vt 0.92900 0.08479
vt 0.92122 0.17098
vt 0.95386 0.42793
vt 0.93630 0.41005
vt 0.93630 0.39327
vt 0.95064 0.40702
vt 0.95410 0.41156
vt 0.95386 0.42793
vt 0.95410 0.45744
vt 0.95410 0.45886
vt 0.95410 0.47814
vt 0.87543 0.43528
vt 0.85410 0.41005
vt 0.85410 0.39327
vt 0.95410 0.45744
vt 0.95410 0.47814
vt 0.95410 0.47295
vt 0.83278 0.43469
vt 0.78981 0.46393
vt 0.79033 0.42168
vt 0.46213 0.53235
vt 0.46213 0.53689
vt 0.46213 0.56336
vt 0.46213 0.13110
vt 0.46213 0.21730
vt 0.46213 0.21730
vt 0.46213 0.21730
vt 0.46213 0.37850
vt 0.46213 0.37850
vt 0.92676 0.41226
vt 0.87543 0.43528
vt 0.85410 0.41005
vt 0.85410 0.41005
vt 0.83285 0.43445
vt 0.79320 0.43447
vt 0.46213 0.21730
vt 0.68587 0.19170
vt 0.77189 0.18220
vt 0.53298 0.40299
vt 0.46213 0.45492
vt 0.46213 0.37850
vt 0.93604 0.20197
vt 0.87740 0.15335
vt 0.91569 0.14419
vt 0.70838 0.43955
vt 0.68617 0.40043
vt 0.75058 0.43468
vt 0.46213 0.21730
vt 0.46213 0.13110
vt 0.52527 0.19338
vt 0.93630 0.39327
vt 0.93630 0.41005
vt 0.91775 0.42157
vt 0.91569 0.14419
vt 0.93630 0.10208
vt 0.92900 0.08479
vt 0.93604 0.20197
vt 0.91569 0.14419
vt 0.92122 0.17098
vt 0.68617 0.40043
vt 0.67862 0.49670
vt 0.62828 0.44066
vt 0.62828 0.44066
vt 0.60007 0.40152
vt 0.68617 0.40043
vt 0.60007 0.40152
vt 0.59295 0.48997
vt 0.54568 0.44880
vt 0.54568 0.44880
vt 0.51076 0.40973
vt 0.60007 0.40152
vt 0.69314 0.19336
vt 0.68583 0.09853
vt 0.74940 0.15130
vt 0.95410 0.42883
vt 0.95410 0.41156
vt 0.95064 0.40702
vt 0.93630 0.20096
vt 0.94579 0.17618
vt 0.88456 0.14635
vt 0.66760 0.15154
vt 0.59976 0.09476
vt 0.61352 0.19155
vt 0.74865 0.15361
vt 0.69818 0.10575
vt 0.70954 0.16180
vt 0.70954 0.16180
vt 0.68587 0.19170
vt 0.74865 0.15361
vt 0.93630 0.39327
vt 0.92676 0.41226
vt 0.94906 0.42211
vt 0.95064 0.40702
vt 0.93630 0.39327
vt 0.94906 0.42211
vt 0.88456 0.14635
vt 0.85410 0.10208
vt 0.85410 0.07999
vt 0.85410 0.39327
vt 0.85410 0.41005
vt 0.87543 0.43528
vt 0.85410 0.07999
vt 0.85410 0.10208
vt 0.82150 0.14448
vt 0.77189 0.18220
vt 0.77189 0.20096
vt 0.82150 0.14448
vt 0.93630 0.20096
vt 0.95845 0.15361
vt 0.94579 0.17618
vt 0.54363 0.13133
vt 0.52527 0.19338
vt 0.61352 0.19155
vt 0.59976 0.09476
vt 0.51439 0.10027
vt 0.54363 0.13133
vt 0.77189 0.39327
vt 0.77189 0.41005
vt 0.79320 0.43447
vt 0.77189 0.07999
vt 0.77189 0.10208
vt 0.74865 0.15361
vt 0.95410 0.41156
vt 0.95410 0.42883
vt 0.95410 0.47295
vt 0.95410 0.45744
vt 0.95410 0.41156
vt 0.95410 0.47295
vt 0.95410 0.47814
vt 0.95410 0.45886
vt 0.95410 0.45744
vt 0.77189 0.41005
vt 0.77189 0.39327
vt 0.75058 0.43468
vt 0.93630 0.07999
vt 0.93630 0.10208
vt 0.91554 0.13595
vt 0.91738 0.45327
vt 0.92676 0.41226
vt 0.87543 0.43528
vt 0.46213 0.37850
vt 0.46213 0.45492
vt 0.53298 0.40299
vt 0.46213 0.21730
vt 0.77189 0.20096
vt 0.68587 0.19170
vt 0.61352 0.19155
vt 0.52527 0.19338
vt 0.46213 0.21730
vt 0.95845 0.15361
vt 0.93630 0.10208
vt 0.93630 0.07999
vt 0.77189 0.20096
vt 0.74865 0.15361
vt 0.68587 0.19170
vt 0.85410 0.20096
vt 0.82150 0.14448
vt 0.77189 0.20096
vt 0.93630 0.20096
vt 0.88456 0.14635
vt 0.85410 0.20096
vt 0.52527 0.19338
vt 0.59976 0.09476
vt 0.61352 0.19155
vt 0.52527 0.19338
vt 0.54363 0.13133
vt 0.59976 0.09476
vt 0.85410 0.18220
vt 0.85410 0.20096
vt 0.88456 0.14635
vt 0.85410 0.20096
vt 0.85410 0.18220
vt 0.82150 0.14448
vt 0.95410 0.45886
vt 0.95410 0.47814
vt 0.93630 0.51510
vt 0.46213 0.37850
vt 0.59086 0.41539
vt 0.67345 0.41403
vt 0.46213 0.37850
vt 0.67345 0.41403
vt 0.77189 0.39327
vt 0.92676 0.41226
vt 0.93630 0.39327
vt 0.85410 0.39327
vt 0.87543 0.43528
vt 0.92676 0.41226
vt 0.85410 0.39327
vt 0.68587 0.19170
vt 0.66760 0.15154
vt 0.61352 0.19155
vt 0.59086 0.41539
vt 0.62733 0.42832
vt 0.67345 0.41403
vt 0.46213 0.37850
vt 0.53298 0.40299
vt 0.59086 0.41539
vt 0.83285 0.43445
vt 0.85410 0.49763
vt 0.85410 0.51510
vt 0.46213 0.05609
vt 0.46213 0.13110
vt 0.51439 0.10027
vt 0.46213 0.05609
vt 0.59976 0.09476
vt 0.69818 0.10575
vt 0.59976 0.09476
vt 0.66760 0.15154
vt 0.69818 0.10575
vt 0.69818 0.10575
vt 0.74865 0.15361
vt 0.77189 0.10208
vt 0.67345 0.41403
vt 0.75058 0.43468
vt 0.77189 0.39327
vt 0.46213 0.05609
vt 0.51439 0.10027
vt 0.59976 0.09476
vt 0.61352 0.19155
vt 0.66760 0.15154
vt 0.68587 0.19170
vt 0.85410 0.41005
vt 0.85410 0.39327
vt 0.83285 0.43445
vt 0.78967 0.12525
vt 0.77189 0.10208
vt 0.77189 0.07999
vt 0.75058 0.43468
vt 0.77189 0.49763
vt 0.77189 0.51510
vt 0.79320 0.43447
vt 0.83285 0.43445
vt 0.85410 0.39327
vt 0.77189 0.39327
vt 0.79320 0.43447
vt 0.85410 0.39327
vt 0.68968 0.07999
vt 0.69818 0.10575
vt 0.66760 0.15154
vt 0.91738 0.45327
vt 0.93630 0.49763
vt 0.93630 0.51510
vt 0.92676 0.41226
vt 0.91738 0.45327
vt 0.87543 0.43528
vt 0.95795 0.31802
vt 0.00001 0.31803
vt 0.00001 0.33815
vt 0.00000 0.33884
vt 0.96395 0.37977
vt 0.96395 0.33884
vt 0.96395 0.33884
vt 0.99841 0.42199
vt 0.99841 0.35994
vt 0.96395 0.33884
vt 0.99841 0.42199
vt 0.96395 0.37977
vt 0.00000 0.33884
vt 0.96395 0.25697
vt 0.96395 0.33884
vt 0.00000 0.25697
vt 0.96395 0.33884
vt 0.96395 0.25697
vt 0.96395 0.21603
vt 0.99841 0.23586
vt 0.99841 0.17381
vt 0.00000 0.25697
vt 0.96395 0.21603
vt 0.96395 0.25697
vt 0.00000 0.21603
vt 0.96395 0.25697
vt 0.96395 0.21603
vt 0.95795 0.25766
vt 0.00001 0.27779
vt 0.95795 0.27778
vt 0.95795 0.27778
vt 0.00001 0.31803
vt 0.95795 0.31802
vt 0.95795 0.27778
vt 0.99879 0.30227
vt 0.00001 0.31803
vt 0.95795 0.27778
vt 0.00001 0.31803
vt 0.00001 0.27779
vt 0.96395 0.25697
vt 0.99841 0.17381
vt 0.99841 0.23586
vt 0.96395 0.33884
vt 0.99841 0.23586
vt 0.96395 0.25697
vt 0.96395 0.25697
vt 0.99841 0.35994
vt 0.96395 0.33884
vt 0.00000 0.21603
vt 0.00000 0.25697
vt 0.96395 0.25697
vt 0.95795 0.33814
vt 0.00001 0.31803
vt 0.99879 0.30227
vt 0.00000 0.37977
vt 0.96395 0.33884
vt 0.96395 0.37977
vt 0.00000 0.33884
vt 0.00000 0.37977
vt 0.96395 0.37977
vt 0.00000 0.25697
vt 0.00000 0.33884
vt 0.96395 0.33884
vt 0.00000 0.37977
vt 0.00000 0.33884
vt 0.96395 0.33884
vt 0.95795 0.31802
vt 0.00001 0.33815
vt 0.95795 0.33814
vt 0.00000 0.25697
vt 0.00000 0.21603
vt 0.96395 0.21603
vt 0.95795 0.27778
vt 0.00001 0.25767
vt 0.95795 0.25766
vt 0.00000 0.33884
vt 0.00000 0.25697
vt 0.96395 0.25697
vt 0.96395 0.33884
vt 0.99841 0.35994
vt 0.99841 0.42199
vt 0.96395 0.25697
vt 0.96395 0.21603
vt 0.99841 0.17381
vt 0.95795 0.27778
vt 0.00001 0.27779
vt 0.00001 0.25767
vt 0.96395 0.25697
vt 0.99841 0.23586
vt 0.99841 0.35994
vt 0.96395 0.33884
vt 0.96395 0.37977
vt 0.99841 0.42199
vt 0.96395 0.21603
vt 0.96395 0.25697
vt 0.99841 0.23586
vt 0.96395 0.33884
vt 0.99841 0.35994
vt 0.99841 0.23586
vt 0.95795 0.25766
vt 0.00001 0.25767
vt 0.00001 0.27779
vt 0.95795 0.27778
vt 0.00001 0.27779
vt 0.00001 0.31803
vt 0.95795 0.33814
vt 0.00001 0.33815
vt 0.00001 0.31803
vt 0.69335 0.44762
vt 0.43780 0.42058
vt 0.43670 0.44762
vt 0.69335 0.44762
vt 0.69445 0.42058
vt 0.43780 0.42058
vt 0.69554 0.39354
vt 0.43780 0.42058
vt 0.43889 0.39354
vt 0.69554 0.39354
vt 0.69445 0.42058
vt 0.43780 0.42058
vt 0.69445 0.42058
vt 0.43889 0.39354
vt 0.43780 0.42058
vt 0.69445 0.42058
vt 0.69554 0.39354
vt 0.43889 0.39354
vt 0.69445 0.42058
vt 0.43670 0.44762
vt 0.43780 0.42058
vt 0.69445 0.42058
vt 0.69335 0.44762
vt 0.43670 0.44762
vt 0.84731 0.47962
vt 0.69554 0.39354
vt 0.69445 0.42058
vt 0.43780 0.42058
vt 0.43889 0.39354
vt 0.43889 0.39354
vt 0.43889 0.39354
vt 0.43780 0.42058
vt 0.43780 0.42058
vt 0.43780 0.42058
vt 0.43670 0.44762
vt 0.43780 0.42058
vt 0.43670 0.44762
vt 0.43670 0.44762
vt 0.43780 0.42058
vt 0.84731 0.47962
vt 0.69335 0.44762
vt 0.69335 0.44762
vt 0.69335 0.44762
vt 0.43670 0.44762
vt 0.43670 0.44762
vt 0.69335 0.44762
vt 0.69335 0.44762
vt 0.43670 0.44762
vt 0.69554 0.39354
vt 0.43889 0.39354
vt 0.43889 0.39354
vt 0.69554 0.39354
vt 0.69554 0.39354
vt 0.43889 0.39354
vt 0.84731 0.47962
vt 0.69335 0.44762
vt 0.69445 0.42058
vt 0.84731 0.47962
vt 0.69445 0.42058
vt 0.69554 0.39354
vt 0.84731 0.47962
vt 0.69554 0.39354
vt 0.69554 0.39354
vt 0.84731 0.47962
vt 0.69445 0.42058
vt 0.69335 0.44762
vt 0.39910 0.28377
vt 0.39910 0.31444
vt 0.46253 0.28177
vt 0.39910 0.31444
vt 0.39910 0.28377
vt 0.46253 0.31244
vt 0.39910 0.31444
vt 0.46253 0.31244
vt 0.46253 0.28177
vt 0.39910 0.28377
vt 0.46253 0.28177
vt 0.46253 0.31244
vt 0.62286 0.18479
vt 0.62286 0.41067
vt 0.62286 0.41067
vt 0.62286 0.18479
vt 0.64251 0.18479
vt 0.64251 0.18479
vt 0.63269 0.29773
vt 0.62286 0.18479
vt 0.62286 0.41067
vt 0.63269 0.29773
vt 0.64251 0.18479
vt 0.62286 0.18479
vt 0.64251 0.41067
vt 0.64251 0.41067
vt 0.64251 0.18479
vt 0.62286 0.18479
vt 0.64251 0.18479
vt 0.62286 0.18479
vt 0.64251 0.41067
vt 0.62286 0.41067
vt 0.64251 0.41067
vt 0.63269 0.29773
vt 0.64251 0.41067
vt 0.64251 0.18479
vt 0.64251 0.41067
vt 0.64251 0.18479
vt 0.64251 0.18479
vt 0.62286 0.41067
vt 0.64251 0.18479
vt 0.64251 0.41067
vt 0.63269 0.29773
vt 0.62286 0.41067
vt 0.64251 0.41067
vt 0.64251 0.41067
vt 0.62286 0.41067
vt 0.62286 0.41067
vt 0.62286 0.41067
vt 0.62286 0.18479
vt 0.64251 0.18479
vt 0.62286 0.18479
vt 0.62286 0.18479
vt 0.62286 0.41067
vt 0.60223 0.41067
vt 0.60223 0.41067
vt 0.60223 0.18479
vt 0.59240 0.29773
vt 0.60223 0.18479
vt 0.58257 0.18479
vt 0.59240 0.29773
vt 0.58257 0.18479
vt 0.58257 0.41067
vt 0.58257 0.41067
vt 0.58257 0.18479
vt 0.60223 0.18479
vt 0.60223 0.41067
vt 0.60223 0.18479
vt 0.60223 0.18479
vt 0.60223 0.41067
vt 0.58257 0.41067
vt 0.58257 0.41067
vt 0.59240 0.29773
vt 0.58257 0.41067
vt 0.60223 0.41067
vt 0.60223 0.41067
vt 0.58257 0.41067
vt 0.60223 0.41067
vt 0.58257 0.41067
vt 0.60223 0.18479
vt 0.60223 0.41067
vt 0.58257 0.18479
vt 0.60223 0.18479
vt 0.58257 0.18479
vt 0.58257 0.18479
vt 0.58257 0.18479
vt 0.58257 0.41067
vt 0.58257 0.18479
vt 0.58257 0.41067
vt 0.58257 0.41067
vt 0.59240 0.29773
vt 0.60223 0.41067
vt 0.60223 0.18479
vt 0.58257 0.18479
vt 0.60223 0.18479
vt 0.60223 0.18479
vt 0.54228 0.18479
vt 0.54228 0.41067
vt 0.54228 0.41067
vt 0.54228 0.18479
vt 0.56194 0.18479
vt 0.54228 0.18479
vt 0.54228 0.18479
vt 0.54228 0.18479
vt 0.54228 0.41067
vt 0.54228 0.18479
vt 0.56194 0.18479
vt 0.56194 0.18479
vt 0.54228 0.41067
vt 0.56194 0.18479
vt 0.56194 0.41067
vt 0.56194 0.41067
vt 0.56194 0.41067
vt 0.56194 0.18479
vt 0.55211 0.29773
vt 0.54228 0.41067
vt 0.56194 0.41067
vt 0.56194 0.41067
vt 0.56194 0.18479
vt 0.56194 0.18479
vt 0.55211 0.29773
vt 0.56194 0.41067
vt 0.56194 0.18479
vt 0.55211 0.29773
vt 0.56194 0.18479
vt 0.54228 0.18479
vt 0.54228 0.41067
vt 0.54228 0.18479
vt 0.56194 0.18479
vt 0.56194 0.41067
vt 0.54228 0.41067
vt 0.54228 0.41067
vt 0.55211 0.29773
vt 0.54228 0.18479
vt 0.54228 0.41067
vt 0.56194 0.41067
vt 0.54228 0.41067
vt 0.56194 0.41067
vt 0.51182 0.29773
vt 0.52165 0.41067
vt 0.52165 0.18479
vt 0.52165 0.41067
vt 0.52165 0.41067
vt 0.52165 0.18479
vt 0.50200 0.18479
vt 0.52165 0.18479
vt 0.52165 0.18479
vt 0.51182 0.29773
vt 0.50200 0.18479
vt 0.50200 0.41067
vt 0.52165 0.41067
vt 0.52165 0.18479
vt 0.52165 0.18479
vt 0.50200 0.18479
vt 0.52165 0.18479
vt 0.50200 0.18479
vt 0.51182 0.29773
vt 0.52165 0.18479
vt 0.50200 0.18479
vt 0.52165 0.41067
vt 0.50200 0.41067
vt 0.50200 0.41067
vt 0.50200 0.18479
vt 0.50200 0.41067
vt 0.50200 0.41067
vt 0.51182 0.29773
vt 0.50200 0.41067
vt 0.52165 0.41067
vt 0.50200 0.41067
vt 0.52165 0.18479
vt 0.52165 0.41067
vt 0.52165 0.41067
vt 0.50200 0.41067
vt 0.52165 0.41067
vt 0.50200 0.41067
vt 0.50200 0.18479
vt 0.52165 0.18479
vt 0.50200 0.18479
vt 0.50200 0.18479
vt 0.50200 0.41067
vt 0.48136 0.41067
vt 0.46171 0.41067
vt 0.46171 0.41067
vt 0.47153 0.29773
vt 0.46171 0.41067
vt 0.48136 0.41067
vt 0.46171 0.41067
vt 0.48136 0.18479
vt 0.48136 0.41067
vt 0.48136 0.41067
vt 0.46171 0.41067
vt 0.48136 0.41067
vt 0.46171 0.18479
vt 0.48136 0.18479
vt 0.46171 0.18479
vt 0.48136 0.41067
vt 0.48136 0.41067
vt 0.48136 0.18479
vt 0.46171 0.18479
vt 0.46171 0.18479
vt 0.46171 0.41067
vt 0.46171 0.41067
vt 0.46171 0.18479
vt 0.48136 0.18479
vt 0.48136 0.41067
vt 0.48136 0.18479
vt 0.48136 0.18479
vt 0.46171 0.18479
vt 0.48136 0.18479
vt 0.48136 0.18479
vt 0.47153 0.29773
vt 0.46171 0.18479
vt 0.46171 0.41067
vt 0.46171 0.18479
vt 0.46171 0.41067
vt 0.46171 0.41067
vt 0.47153 0.29773
vt 0.48136 0.18479
vt 0.46171 0.18479
vt 0.47153 0.29773
vt 0.48136 0.41067
vt 0.48136 0.18479
vt 0.82430 0.41067
vt 0.82430 0.41067
vt 0.82430 0.18479
vt 0.84396 0.41067
vt 0.82430 0.41067
vt 0.83413 0.29773
vt 0.82430 0.18479
vt 0.84396 0.18479
vt 0.83413 0.29773
vt 0.82430 0.18479
vt 0.82430 0.18479
vt 0.82430 0.41067
vt 0.84396 0.18479
vt 0.84396 0.18479
vt 0.82430 0.18479
vt 0.84396 0.41067
vt 0.84396 0.41067
vt 0.84396 0.18479
vt 0.82430 0.18479
vt 0.83413 0.29773
vt 0.82430 0.41067
vt 0.84396 0.18479
vt 0.82430 0.18479
vt 0.82430 0.18479
vt 0.84396 0.41067
vt 0.83413 0.29773
vt 0.84396 0.18479
vt 0.84396 0.18479
vt 0.84396 0.18479
vt 0.84396 0.41067
vt 0.82430 0.41067
vt 0.82430 0.41067
vt 0.84396 0.41067
vt 0.84396 0.18479
vt 0.82430 0.18479
vt 0.82430 0.41067
vt 0.82430 0.41067
vt 0.84396 0.41067
vt 0.84396 0.41067
vt 0.84396 0.18479
vt 0.82430 0.41067
vt 0.84396 0.41067
vt 0.78401 0.41067
vt 0.78401 0.41067
vt 0.78401 0.18479
vt 0.78401 0.18479
vt 0.78401 0.18479
vt 0.78401 0.41067
vt 0.80367 0.41067
vt 0.79384 0.29773
vt 0.80367 0.18479
vt 0.80367 0.41067
vt 0.80367 0.41067
vt 0.80367 0.18479
vt 0.78401 0.18479
vt 0.80367 0.18479
vt 0.79384 0.29773
vt 0.80367 0.18479
vt 0.80367 0.18479
vt 0.78401 0.18479
vt 0.80367 0.18479
vt 0.78401 0.41067
vt 0.80367 0.41067
vt 0.78401 0.41067
vt 0.80367 0.41067
vt 0.80367 0.41067
vt 0.80367 0.18479
vt 0.78401 0.18479
vt 0.78401 0.18479
vt 0.80367 0.41067
vt 0.78401 0.41067
vt 0.79384 0.29773
vt 0.78401 0.41067
vt 0.78401 0.41067
vt 0.80367 0.41067
vt 0.80367 0.18479
vt 0.78401 0.18479
vt 0.78401 0.41067
vt 0.80367 0.18479
vt 0.80367 0.18479
vt 0.80367 0.41067
vt 0.78401 0.18479
vt 0.79384 0.29773
vt 0.78401 0.41067
vt 0.74373 0.18479
vt 0.74373 0.18479
vt 0.74373 0.41067
vt 0.74373 0.41067
vt 0.74373 0.41067
vt 0.74373 0.18479
vt 0.76338 0.18479
vt 0.74373 0.18479
vt 0.74373 0.18479
vt 0.74373 0.41067
vt 0.76338 0.41067
vt 0.76338 0.41067
vt 0.76338 0.18479
vt 0.74373 0.41067
vt 0.76338 0.41067
vt 0.76338 0.18479
vt 0.76338 0.18479
vt 0.74373 0.18479
vt 0.76338 0.41067
vt 0.76338 0.41067
vt 0.76338 0.18479
vt 0.76338 0.18479
vt 0.76338 0.18479
vt 0.76338 0.41067
vt 0.74373 0.18479
vt 0.75355 0.29773
vt 0.74373 0.41067
vt 0.76338 0.41067
vt 0.75355 0.29773
vt 0.76338 0.18479
vt 0.76338 0.18479
vt 0.74373 0.18479
vt 0.74373 0.41067
vt 0.74373 0.41067
vt 0.74373 0.41067
vt 0.76338 0.41067
vt 0.74373 0.18479
vt 0.76338 0.18479
vt 0.75355 0.29773
vt 0.76338 0.41067
vt 0.74373 0.41067
vt 0.75355 0.29773
vt 0.70344 0.41067
vt 0.70344 0.41067
vt 0.70344 0.18479
vt 0.70344 0.18479
vt 0.71326 0.29773
vt 0.70344 0.41067
vt 0.72309 0.18479
vt 0.70344 0.18479
vt 0.70344 0.18479
vt 0.72309 0.18479
vt 0.70344 0.41067
vt 0.72309 0.41067
vt 0.72309 0.18479
vt 0.72309 0.18479
vt 0.72309 0.41067
vt 0.70344 0.18479
vt 0.70344 0.18479
vt 0.70344 0.41067
vt 0.70344 0.41067
vt 0.70344 0.41067
vt 0.72309 0.41067
vt 0.72309 0.41067
vt 0.70344 0.41067
vt 0.71326 0.29773
vt 0.72309 0.18479
vt 0.70344 0.18479
vt 0.70344 0.41067
vt 0.72309 0.41067
vt 0.71326 0.29773
vt 0.72309 0.18479
vt 0.70344 0.18479
vt 0.72309 0.18479
vt 0.71326 0.29773
vt 0.72309 0.41067
vt 0.72309 0.41067
vt 0.72309 0.18479
vt 0.72309 0.18479
vt 0.72309 0.18479
vt 0.70344 0.18479
vt 0.70344 0.41067
vt 0.72309 0.41067
vt 0.72309 0.41067
vt 0.68280 0.18479
vt 0.68280 0.18479
vt 0.66315 0.18479
vt 0.66315 0.41067
vt 0.68280 0.41067
vt 0.68280 0.41067
vt 0.66315 0.18479
vt 0.66315 0.18479
vt 0.66315 0.41067
vt 0.68280 0.18479
vt 0.66315 0.41067
vt 0.68280 0.41067
vt 0.68280 0.18479
vt 0.66315 0.18479
vt 0.66315 0.18479
vt 0.68280 0.41067
vt 0.66315 0.41067
vt 0.67298 0.29773
vt 0.66315 0.18479
vt 0.68280 0.18479
vt 0.67298 0.29773
vt 0.66315 0.41067
vt 0.66315 0.41067
vt 0.68280 0.41067
vt 0.68280 0.18479
vt 0.68280 0.18479
vt 0.68280 0.41067
vt 0.66315 0.18479
vt 0.67298 0.29773
vt 0.66315 0.41067
vt 0.68280 0.41067
vt 0.68280 0.41067
vt 0.68280 0.18479
vt 0.68280 0.41067
vt 0.67298 0.29773
vt 0.68280 0.18479
vt 0.68280 0.18479
vt 0.66315 0.18479
vt 0.66315 0.41067
vt 0.66315 0.41067
vt 0.66315 0.41067
vt 0.66315 0.18479
vt 0.64251 0.18479
vt 0.62286 0.41067
vt 0.64251 0.41067
vt 0.62286 0.41067
vt 0.64251 0.41067
vt 0.64251 0.41067
vt 0.62286 0.41067
vt 0.62286 0.41067
vt 0.64251 0.41067
vt 0.64251 0.18479
vt 0.64251 0.18479
vt 0.64251 0.41067
vt 0.62286 0.18479
vt 0.63269 0.29773
vt 0.62286 0.41067
vt 0.64251 0.18479
vt 0.62286 0.18479
vt 0.62286 0.41067
vt 0.64251 0.41067
vt 0.62286 0.41067
vt 0.63269 0.29773
vt 0.62286 0.41067
vt 0.62286 0.41067
vt 0.62286 0.18479
vt 0.64251 0.18479
vt 0.64251 0.18479
vt 0.62286 0.18479
vt 0.62286 0.18479
vt 0.64251 0.18479
vt 0.63269 0.29773
vt 0.64251 0.41067
vt 0.64251 0.41067
vt 0.64251 0.18479
vt 0.62286 0.18479
vt 0.62286 0.18479
vt 0.62286 0.41067
vt 0.64251 0.41067
vt 0.63269 0.29773
vt 0.64251 0.18479
vt 0.64251 0.18479
vt 0.62286 0.18479
vt 0.62286 0.18479
vt 0.58257 0.18479
vt 0.58257 0.18479
vt 0.58257 0.41067
vt 0.58257 0.41067
vt 0.58257 0.41067
vt 0.58257 0.18479
vt 0.60223 0.18479
vt 0.58257 0.18479
vt 0.58257 0.41067
vt 0.58257 0.41067
vt 0.58257 0.41067
vt 0.60223 0.41067
vt 0.58257 0.41067
vt 0.60223 0.41067
vt 0.60223 0.41067
vt 0.60223 0.18479
vt 0.58257 0.41067
vt 0.60223 0.41067
vt 0.60223 0.18479
vt 0.58257 0.18479
vt 0.58257 0.18479
vt 0.60223 0.18479
vt 0.60223 0.18479
vt 0.58257 0.18479
vt 0.58257 0.18479
vt 0.60223 0.18479
vt 0.59240 0.29773
vt 0.60223 0.41067
vt 0.58257 0.41067
vt 0.59240 0.29773
vt 0.58257 0.18479
vt 0.59240 0.29773
vt 0.58257 0.41067
vt 0.60223 0.18479
vt 0.60223 0.18479
vt 0.60223 0.41067
vt 0.60223 0.41067
vt 0.60223 0.41067
vt 0.60223 0.18479
vt 0.60223 0.41067
vt 0.59240 0.29773
vt 0.60223 0.18479
vt 0.56194 0.41067
vt 0.54228 0.41067
vt 0.55211 0.29773
vt 0.54228 0.41067
vt 0.54228 0.41067
vt 0.56194 0.41067
vt 0.56194 0.18479
vt 0.54228 0.18479
vt 0.54228 0.41067
vt 0.54228 0.18479
vt 0.56194 0.18479
vt 0.55211 0.29773
vt 0.56194 0.18479
vt 0.56194 0.18479
vt 0.54228 0.18479
vt 0.54228 0.41067
vt 0.56194 0.41067
vt 0.56194 0.41067
vt 0.56194 0.18479
vt 0.54228 0.18479
vt 0.54228 0.18479
vt 0.56194 0.18479
vt 0.54228 0.41067
vt 0.56194 0.41067
vt 0.56194 0.18479
vt 0.56194 0.18479
vt 0.56194 0.41067
vt 0.54228 0.18479
vt 0.55211 0.29773
vt 0.54228 0.41067
vt 0.54228 0.41067
vt 0.54228 0.41067
vt 0.54228 0.18479
vt 0.54228 0.18479
vt 0.54228 0.18479
vt 0.54228 0.41067
vt 0.56194 0.41067
vt 0.56194 0.41067
vt 0.56194 0.18479
vt 0.56194 0.41067
vt 0.55211 0.29773
vt 0.56194 0.18479
vt 0.52165 0.18479
vt 0.50200 0.41067
vt 0.52165 0.41067
vt 0.50200 0.41067
vt 0.50200 0.41067
vt 0.52165 0.41067
vt 0.50200 0.18479
vt 0.51182 0.29773
vt 0.50200 0.41067
vt 0.52165 0.18479
vt 0.52165 0.18479
vt 0.50200 0.18479
vt 0.50200 0.18479
vt 0.50200 0.18479
vt 0.50200 0.41067
vt 0.52165 0.41067
vt 0.50200 0.41067
vt 0.51182 0.29773
vt 0.50200 0.18479
vt 0.52165 0.18479
vt 0.51182 0.29773
vt 0.50200 0.41067
vt 0.50200 0.41067
vt 0.50200 0.18479
vt 0.52165 0.18479
vt 0.52165 0.18479
vt 0.52165 0.41067
vt 0.52165 0.41067
vt 0.52165 0.41067
vt 0.52165 0.18479
vt 0.52165 0.41067
vt 0.51182 0.29773
vt 0.52165 0.18479
vt 0.50200 0.41067
vt 0.52165 0.41067
vt 0.52165 0.41067
vt 0.52165 0.18479
vt 0.50200 0.18479
vt 0.50200 0.41067
vt 0.52165 0.18479
vt 0.50200 0.18479
vt 0.50200 0.18479
vt 0.48136 0.18479
vt 0.46171 0.18479
vt 0.46171 0.18479
vt 0.46171 0.41067
vt 0.46171 0.41067
vt 0.48136 0.41067
vt 0.48136 0.18479
vt 0.46171 0.18479
vt 0.46171 0.41067
vt 0.48136 0.18479
vt 0.48136 0.18479
vt 0.48136 0.41067
vt 0.46171 0.41067
vt 0.46171 0.41067
vt 0.46171 0.18479
vt 0.46171 0.18479
vt 0.46171 0.18479
vt 0.46171 0.41067
vt 0.46171 0.18479
vt 0.48136 0.18479
vt 0.47153 0.29773
vt 0.46171 0.18479
vt 0.47153 0.29773
vt 0.46171 0.41067
vt 0.48136 0.18479
vt 0.46171 0.41067
vt 0.48136 0.41067
vt 0.46171 0.41067
vt 0.48136 0.41067
vt 0.48136 0.41067
vt 0.48136 0.41067
vt 0.47153 0.29773
vt 0.48136 0.18479
vt 0.48136 0.41067
vt 0.48136 0.41067
vt 0.48136 0.18479
vt 0.48136 0.18479
vt 0.48136 0.18479
vt 0.46171 0.18479
vt 0.48136 0.41067
vt 0.46171 0.41067
vt 0.47153 0.29773
vt 0.40311 0.23408
vt 0.45373 0.23408
vt 0.45071 0.13558
vt 0.40311 0.23408
vt 0.45071 0.13558
vt 0.40612 0.13558
vt 0.45373 0.23408
vt 0.40612 0.13558
vt 0.45071 0.13558
vt 0.45373 0.23408
vt 0.40311 0.23408
vt 0.40612 0.13558
vt 0.45071 0.13558
vt 0.45373 0.23408
vt 0.40311 0.23408
vt 0.45071 0.13558
vt 0.40311 0.23408
vt 0.40612 0.13558
vt 0.40612 0.13558
vt 0.45373 0.23408
vt 0.45071 0.13558
vt 0.40612 0.13558
vt 0.40311 0.23408
vt 0.45373 0.23408
vt 0.37219 0.81319
vt 0.36802 0.83962
vt 0.28930 0.84708
vt 0.29527 0.34821
vt 0.29324 0.81564
vt 0.29445 0.34821
vt 0.43831 0.52796
vt 0.36802 0.83962
vt 0.37219 0.81319
vt 0.28930 0.84708
vt 0.36802 0.83962
vt 0.29324 0.81564
vt 0.43428 0.52796
vt 0.43831 0.52796
vt 0.37219 0.81319
vt 0.29527 0.34821
vt 0.28930 0.84708
vt 0.29324 0.81564
vt 0.43166 0.33932
vt 0.43989 0.33932
vt 0.43831 0.52796
vt 0.29324 0.81564
vt 0.36802 0.83962
vt 0.37219 0.81319
vt 0.36802 0.83962
vt 0.43831 0.52796
vt 0.43428 0.52796
vt 0.29527 0.34821
vt 0.30347 0.80202
vt 0.29883 0.99999
vt 0.29324 0.81564
vt 0.30604 1.00000
vt 0.36802 0.83962
vt 0.36802 0.83962
vt 0.43428 0.52796
vt 0.37219 0.81319
vt 0.43428 0.52796
vt 0.43989 0.33932
vt 0.43166 0.33932
vt 0.29527 0.34821
vt 0.29324 0.81564
vt 0.30347 0.80202
vt 0.36802 0.83962
vt 0.30604 1.00000
vt 0.29324 0.81564
vt 0.43831 0.52796
vt 0.43989 0.33932
vt 0.43428 0.52796
vt 0.28930 0.84708
vt 0.29883 0.99999
vt 0.37219 0.81319
vt 0.30347 0.80202
vt 0.37219 0.81319
vt 0.29883 0.99999
vt 0.29883 0.99999
vt 0.28930 0.84708
vt 0.29527 0.34821
vt 0.43166 0.33932
vt 0.43831 0.52796
vt 0.43428 0.52796
vt 0.37219 0.81319
vt 0.30347 0.80202
vt 0.29324 0.81564
vt 0.29324 0.81564
vt 0.29527 0.34821
vt 0.29445 0.34821
vt 0.41393 0.37748
vt 0.42848 0.48798
vt 0.31815 0.36470
vt 0.42848 0.48798
vt 0.30630 0.48586
vt 0.30374 0.48891
vt 0.30374 0.48891
vt 0.30630 0.48586
vt 0.31497 0.36817
vt 0.42848 0.48798
vt 0.41393 0.37748
vt 0.41586 0.37228
vt 0.42848 0.48798
vt 0.41586 0.37228
vt 0.42847 0.49295
vt 0.30374 0.48891
vt 0.31497 0.36817
vt 0.31815 0.36470
vt 0.41393 0.37748
vt 0.31497 0.36817
vt 0.41586 0.37228
vt 0.30630 0.48586
vt 0.41586 0.37228
vt 0.31497 0.36817
vt 0.31815 0.36470
vt 0.42848 0.48798
vt 0.30374 0.48891
vt 0.30630 0.48586
vt 0.42847 0.49295
vt 0.41586 0.37228
vt 0.42848 0.48798
vt 0.42847 0.49295
vt 0.30630 0.48586
vt 0.41393 0.37748
vt 0.31815 0.36470
vt 0.31497 0.36817
vt 0.34040 0.80377
vt 0.29383 0.81213
vt 0.32016 0.65712
vt 0.29383 0.81213
vt 0.29820 0.63964
vt 0.32016 0.65712
vt 0.34040 0.80377
vt 0.33295 0.80058
vt 0.29383 0.81213
vt 0.29820 0.63964
vt 0.33295 0.80058
vt 0.32016 0.65712
vt 0.33295 0.80058
vt 0.34040 0.80377
vt 0.32016 0.65712
vt 0.29383 0.81213
vt 0.33295 0.80058
vt 0.29820 0.63964
vt 0.63269 0.60665
vt 0.64251 0.60191
vt 0.62286 0.61139
vt 0.63269 0.60665
vt 0.62286 0.61139
vt 0.64251 0.60191
vt 0.60223 0.61139
vt 0.59240 0.60665
vt 0.58257 0.60191
vt 0.58257 0.60191
vt 0.59240 0.60665
vt 0.60223 0.61139
vt 0.55211 0.60665
vt 0.56194 0.60191
vt 0.54228 0.61139
vt 0.55211 0.60665
vt 0.54228 0.61139
vt 0.56194 0.60191
vt 0.51182 0.60665
vt 0.52165 0.60191
vt 0.50200 0.61139
vt 0.51182 0.60665
vt 0.50200 0.61139
vt 0.52165 0.60191
vt 0.48136 0.61139
vt 0.47153 0.60665
vt 0.46171 0.60191
vt 0.46171 0.60191
vt 0.47153 0.60665
vt 0.48136 0.61139
vt 0.96482 0.18479
vt 0.96482 0.18479
vt 0.96482 0.41067
vt 0.94517 0.18479
vt 0.96482 0.18479
vt 0.95499 0.29773
vt 0.94517 0.41067
vt 0.94517 0.41067
vt 0.94517 0.18479
vt 0.94517 0.41067
vt 0.96482 0.41067
vt 0.96482 0.41067
vt 0.96482 0.18479
vt 0.94517 0.41067
vt 0.96482 0.41067
vt 0.96482 0.18479
vt 0.96482 0.18479
vt 0.94517 0.18479
vt 0.96482 0.41067
vt 0.96482 0.41067
vt 0.96482 0.18479
vt 0.96482 0.41067
vt 0.95499 0.29773
vt 0.96482 0.18479
vt 0.94517 0.18479
vt 0.95499 0.29773
vt 0.94517 0.41067
vt 0.96482 0.41067
vt 0.94517 0.41067
vt 0.95499 0.29773
vt 0.94517 0.41067
vt 0.94517 0.41067
vt 0.96482 0.41067
vt 0.96482 0.18479
vt 0.94517 0.18479
vt 0.94517 0.41067
vt 0.94517 0.18479
vt 0.94517 0.18479
vt 0.94517 0.41067
vt 0.96482 0.18479
vt 0.94517 0.18479
vt 0.94517 0.18479
vt 0.90488 0.41067
vt 0.92453 0.41067
vt 0.92453 0.41067
vt 0.92453 0.18479
vt 0.90488 0.41067
vt 0.92453 0.41067
vt 0.92453 0.41067
vt 0.92453 0.41067
vt 0.92453 0.18479
vt 0.92453 0.18479
vt 0.90488 0.18479
vt 0.90488 0.18479
vt 0.90488 0.18479
vt 0.92453 0.18479
vt 0.91471 0.29773
vt 0.90488 0.18479
vt 0.90488 0.18479
vt 0.90488 0.41067
vt 0.92453 0.41067
vt 0.90488 0.41067
vt 0.91471 0.29773
vt 0.92453 0.41067
vt 0.91471 0.29773
vt 0.92453 0.18479
vt 0.92453 0.18479
vt 0.90488 0.18479
vt 0.90488 0.41067
vt 0.90488 0.41067
vt 0.90488 0.41067
vt 0.92453 0.41067
vt 0.90488 0.41067
vt 0.90488 0.41067
vt 0.90488 0.18479
vt 0.92453 0.18479
vt 0.92453 0.18479
vt 0.90488 0.18479
vt 0.90488 0.18479
vt 0.91471 0.29773
vt 0.90488 0.41067
vt 0.92453 0.18479
vt 0.92453 0.18479
vt 0.92453 0.41067
vt 0.86459 0.41067
vt 0.86459 0.41067
vt 0.86459 0.18479
vt 0.86459 0.18479
vt 0.87442 0.29773
vt 0.86459 0.41067
vt 0.86459 0.18479
vt 0.86459 0.18479
vt 0.86459 0.41067
vt 0.88424 0.18479
vt 0.88424 0.18479
vt 0.86459 0.18479
vt 0.88424 0.18479
vt 0.88424 0.18479
vt 0.88424 0.41067
vt 0.88424 0.41067
vt 0.86459 0.41067
vt 0.87442 0.29773
vt 0.86459 0.41067
vt 0.86459 0.41067
vt 0.88424 0.41067
vt 0.88424 0.18479
vt 0.86459 0.41067
vt 0.88424 0.41067
vt 0.86459 0.18479
vt 0.88424 0.18479
vt 0.87442 0.29773
vt 0.88424 0.41067
vt 0.88424 0.41067
vt 0.88424 0.18479
vt 0.88424 0.41067
vt 0.87442 0.29773
vt 0.88424 0.18479
vt 0.88424 0.18479
vt 0.86459 0.18479
vt 0.86459 0.41067
vt 0.88424 0.18479
vt 0.86459 0.18479
vt 0.86459 0.18479
vt 0.86459 0.41067
vt 0.88424 0.41067
vt 0.88424 0.41067
vt 0.85410 0.51510
vt 0.77189 0.51510
vt 1.00000 0.53094
vt 0.93630 0.51510
vt 0.85410 0.51510
vt 1.00000 0.52882
vt 0.95410 0.47814
vt 0.93630 0.51510
vt 1.00000 0.51510
vt 0.92261 0.48604
vt 0.95410 0.45886
vt 1.00000 0.48649
vt 0.95410 0.47295
vt 0.95410 0.47814
vt 1.00000 0.47814
vt 0.46213 0.02364
vt 0.46213 0.02364
vt 1.00000 0.02364
vt 0.46213 0.02364
vt 0.46213 0.02364
vt 1.00000 0.02364
vt 0.46213 0.56336
vt 0.46213 0.59234
vt 1.00000 0.59234
vt 0.46213 0.53235
vt 0.77189 0.49763
vt 1.00000 0.52536
vt 0.94259 0.11706
vt 0.93630 0.10208
vt 1.00000 0.10208
vt 0.77189 0.51510
vt 0.46213 0.53689
vt 1.00000 0.53689
vt 0.95410 0.45886
vt 0.95410 0.45744
vt 1.00000 0.45884
vt 0.85410 0.41005
vt 0.93630 0.41005
vt 1.00000 0.39661
vt 0.93630 0.41005
vt 0.95386 0.42793
vt 1.00000 0.41326
vt 0.46213 0.37851
vt 0.77189 0.41005
vt 1.00000 0.38713
vt 0.77565 0.18938
vt 0.46213 0.21730
vt 1.00000 0.21856
vt 0.95410 0.11507
vt 0.95410 0.11706
vt 1.00000 0.11510
vt 0.77189 0.07999
vt 0.85410 0.07999
vt 1.00000 0.06494
vt 0.85410 0.07999
vt 0.92900 0.08479
vt 1.00000 0.06981
vt 0.46213 0.05609
vt 0.77189 0.07999
vt 1.00000 0.06263
vt 0.92900 0.08479
vt 0.95410 0.11507
vt 1.00000 0.09007
vt 0.46213 0.21730
vt 0.77565 0.18938
vt 1.00000 0.21856
vt 0.93630 0.10208
vt 0.85410 0.10208
vt 1.00000 0.06910
vt 0.77189 0.10208
vt 0.46213 0.05609
vt 1.00000 0.05609
vt 0.85410 0.49763
vt 0.92261 0.48604
vt 1.00000 0.51587
vt 0.84266 0.18318
vt 0.93604 0.20197
vt 1.00000 0.20954
vt 0.77189 0.49763
vt 0.85410 0.49763
vt 1.00000 0.52253
vt 0.93604 0.20197
vt 0.95363 0.18350
vt 1.00000 0.19598
vt 0.93630 0.39327
vt 0.85410 0.39327
vt 1.00000 0.38268
vt 0.95410 0.16309
vt 0.95048 0.16791
vt 1.00000 0.16316
vt 0.95410 0.11706
vt 0.95410 0.16309
vt 1.00000 0.11777
vt 0.95064 0.40702
vt 0.93630 0.39327
vt 1.00000 0.39327
vt 0.77189 0.39327
vt 0.46213 0.37851
vt 1.00000 0.37850
vt 0.46213 0.56336
vt 0.46213 0.53689
vt 1.00000 0.53689
vt 0.77189 0.18220
vt 0.85410 0.18220
vt 1.00000 0.20430
vt 0.85410 0.10208
vt 0.77189 0.10208
vt 1.00000 0.06536
vt 0.85410 0.39327
vt 0.77189 0.39327
vt 1.00000 0.38148
vt 0.77565 0.18938
vt 0.84266 0.18318
vt 1.00000 0.21856
vt 0.46213 0.37851
vt 0.46213 0.21730
vt 1.00000 0.36292
vt 0.46213 0.59234
vt 0.46213 0.59234
vt 1.00000 0.59234
vt 0.84266 0.18318
vt 0.77565 0.18938
vt 1.00000 0.21856
vt 0.46213 0.53689
vt 0.46213 0.56336
vt 1.00000 0.54053
vt 0.77189 0.41005
vt 0.85410 0.41005
vt 1.00000 0.39018
vt 0.46213 0.05609
vt 0.46213 0.05609
vt 1.00000 0.05609
vt 0.46213 0.53248
vt 0.46213 0.53235
vt 1.00000 0.53248
vt 0.46213 0.02364
vt 0.46213 0.05609
vt 1.00000 0.05609
vt 0.46213 0.41079
vt 0.46213 0.37851
vt 1.00000 0.37850
vt 0.46213 0.21730
vt 0.46213 0.18502
vt 1.00000 0.18502
vt 0.92122 0.17098
vt 0.84266 0.18318
vt 1.00000 0.21856
vt 0.95048 0.16791
vt 0.92122 0.17098
vt 1.00000 0.21856
vt 0.95064 0.40702
vt 0.95410 0.41156
vt 1.00000 0.41156
vt 0.46213 0.37850
vt 0.46213 0.41079
vt 1.00000 0.38295
vt 0.46213 0.41079
vt 0.46213 0.18502
vt 1.00000 0.18502
vt 0.46213 0.05609
vt 0.46213 0.02364
vt 1.00000 0.05163
vt 0.46213 0.21730
vt 0.46213 0.37850
vt 1.00000 0.37850
vt 0.46213 0.59234
vt 0.46213 0.59234
vt 1.00000 0.59234
vt 0.46213 0.59234
vt 0.46213 0.59234
vt 1.00000 0.59234
vt 0.95410 0.47295
vt 0.95410 0.42883
vt 1.00000 0.42883
vt 0.77189 0.51510
vt 0.85410 0.51510
vt 1.00000 0.52882
vt 0.77189 0.10208
vt 0.85410 0.10208
vt 1.00000 0.06910
vt 0.46213 0.53235
vt 0.46213 0.53248
vt 1.00000 0.53248
vt 0.77189 0.39327
vt 0.85410 0.39327
vt 1.00000 0.38268
vt 0.46213 0.05609
vt 0.46213 0.05609
vt 1.00000 0.05609
vt 0.46213 0.59234
vt 0.46213 0.56336
vt 1.00000 0.58835
vt 0.85410 0.41005
vt 0.77189 0.41005
vt 1.00000 0.38713
vt 0.46213 0.02364
vt 0.46213 0.02364
vt 1.00000 0.02364
vt 0.85410 0.07999
vt 0.77189 0.07999
vt 1.00000 0.06263
vt 0.95410 0.47814
vt 0.95410 0.47295
vt 1.00000 0.47806
vt 0.46213 0.53689
vt 0.77189 0.51510
vt 1.00000 0.53094
vt 0.77189 0.07999
vt 0.46213 0.05609
vt 1.00000 0.05609
vt 0.77189 0.41005
vt 0.46213 0.37850
vt 1.00000 0.37850
vt 0.85410 0.18220
vt 0.94579 0.17618
vt 1.00000 0.19716
vt 0.93630 0.07999
vt 0.85410 0.07999
vt 1.00000 0.06494
vt 0.95845 0.15361
vt 0.93630 0.07999
vt 1.00000 0.13434
vt 0.85410 0.10208
vt 0.93630 0.10208
vt 1.00000 0.07792
vt 0.93630 0.51510
vt 0.95410 0.47814
vt 1.00000 0.50448
vt 0.95410 0.45744
vt 0.95410 0.45886
vt 1.00000 0.45886
vt 0.93630 0.49763
vt 0.85410 0.49763
vt 1.00000 0.52253
vt 0.95845 0.15361
vt 0.93630 0.20096
vt 1.00000 0.20096
vt 0.77189 0.20096
vt 0.46213 0.21730
vt 1.00000 0.21730
vt 0.46213 0.02364
vt 0.46213 0.02364
vt 1.00000 0.02364
vt 0.85410 0.51510
vt 0.93630 0.51510
vt 1.00000 0.52439
vt 0.95410 0.45886
vt 0.93630 0.49763
vt 1.00000 0.49763
vt 0.85410 0.49763
vt 0.77189 0.49763
vt 1.00000 0.52536
vt 0.46213 0.18502
vt 0.46213 0.41079
vt 1.00000 0.21608
vt 0.95386 0.42793
vt 0.95410 0.47295
vt 1.00000 0.47295
vt 0.95410 0.18285
vt 0.95410 0.13313
vt 1.00000 0.18209
vt 0.46213 0.59234
vt 0.46213 0.59234
vt 1.00000 0.59234
vt 0.46213 0.18502
vt 0.46213 0.21730
vt 1.00000 0.18946
vt 0.46213 0.21730
vt 0.77189 0.18220
vt 1.00000 0.20771
vt 0.95363 0.18350
vt 0.95410 0.18285
vt 1.00000 0.18348
vt 0.92676 0.41226
vt 0.85410 0.41005
vt 1.00000 0.39018
vt 0.94906 0.42211
vt 0.92676 0.41226
vt 1.00000 0.41005
vt 0.95410 0.41156
vt 0.95064 0.40702
vt 1.00000 0.41149
vt 0.95410 0.13313
vt 0.94259 0.11706
vt 1.00000 0.13294
vt 0.77189 0.49763
vt 0.46213 0.53235
vt 1.00000 0.53235
vt 0.95410 0.45744
vt 0.95410 0.41156
vt 1.00000 0.45674
vt 0.95410 0.41156
vt 0.95410 0.45744
vt 1.00000 0.45744
vt 0.85410 0.20096
vt 0.77189 0.20096
vt 1.00000 0.21401
vt 0.85410 0.39327
vt 0.93630 0.39327
vt 1.00000 0.38551
vt 0.93630 0.39327
vt 0.95064 0.40702
vt 1.00000 0.39702
vt 0.46213 0.37850
vt 0.77189 0.39327
vt 1.00000 0.38148
vt 0.93630 0.20096
vt 0.85410 0.20096
vt 1.00000 0.21268
vt 0.93630 0.10208
vt 0.95845 0.15361
vt 1.00000 0.10573
vt 0.46213 0.05609
vt 0.77189 0.10208
vt 1.00000 0.06536
vt 0.95410 0.42883
vt 0.94906 0.42211
vt 1.00000 0.42874
vt 0.94579 0.17618
vt 0.95845 0.15361
vt 1.00000 0.13434
vt 0.99841 0.23586
vt 0.99841 0.35994
vt 1.00000 0.35892
vt 0.95795 0.31802
vt 0.95795 0.33814
vt 0.99963 0.29790
vt 0.95795 0.27778
vt 0.95795 0.31802
vt 0.99963 0.29790
vt 0.95795 0.25766
vt 0.95795 0.27778
vt 0.99963 0.29790
vt 0.99841 0.17381
vt 0.99841 0.23586
vt 1.00000 0.23534
vt 0.99841 0.35994
vt 0.99841 0.42199
vt 1.00000 0.42148
vt 0.99841 0.35994
vt 0.99841 0.23586
vt 1.00000 0.23688
vt 0.99841 0.23586
vt 0.99841 0.17381
vt 1.00000 0.17433
vt 0.99841 0.42199
vt 0.99841 0.35994
vt 1.00000 0.36046
vt 0.95795 0.27778
vt 0.95795 0.25766
vt 0.99879 0.30227
vt 0.98544 0.00147
vt 0.98544 0.01621
vt 1.00000 0.00000
vt 0.98544 0.01621
vt 0.98544 0.00147
vt 1.00000 0.02381
vt 0.99207 0.60616
vt 0.98546 0.61376
vt 1.00000 0.60540
vt 0.99487 0.18948
vt 0.99127 0.40100
vt 1.00000 0.41076
vt 1.00000 0.53094
vt 1.00000 0.52882
vt 0.85410 0.51510
vt 1.00000 0.52882
vt 1.00000 0.52439
vt 0.93630 0.51510
vt 1.00000 0.51510
vt 1.00000 0.50448
vt 0.95410 0.47814
vt 1.00000 0.48649
vt 1.00000 0.49763
vt 0.92261 0.48604
vt 1.00000 0.47814
vt 1.00000 0.47806
vt 0.95410 0.47295
vt 1.00000 0.02364
vt 1.00000 0.02364
vt 0.46213 0.02364
vt 1.00000 0.02364
vt 1.00000 0.02364
vt 0.46213 0.02364
vt 1.00000 0.59234
vt 1.00000 0.58835
vt 0.46213 0.56336
vt 1.00000 0.52536
vt 1.00000 0.53235
vt 0.46213 0.53235
vt 1.00000 0.10208
vt 1.00000 0.10573
vt 0.94259 0.11706
vt 1.00000 0.53689
vt 1.00000 0.53094
vt 0.77189 0.51510
vt 1.00000 0.45884
vt 1.00000 0.45886
vt 0.95410 0.45886
vt 1.00000 0.39661
vt 1.00000 0.39018
vt 0.85410 0.41005
vt 1.00000 0.41326
vt 1.00000 0.41005
vt 0.93630 0.41005
vt 1.00000 0.38713
vt 1.00000 0.37850
vt 0.46213 0.37851
vt 1.00000 0.11510
vt 1.00000 0.11507
vt 0.95410 0.11507
vt 1.00000 0.06494
vt 1.00000 0.06263
vt 0.77189 0.07999
vt 1.00000 0.06981
vt 1.00000 0.06494
vt 0.85410 0.07999
vt 1.00000 0.06263
vt 1.00000 0.05609
vt 0.46213 0.05609
vt 1.00000 0.09007
vt 1.00000 0.07999
vt 0.92900 0.08479
vt 1.00000 0.06910
vt 1.00000 0.07792
vt 0.93630 0.10208
vt 1.00000 0.05609
vt 1.00000 0.06536
vt 0.77189 0.10208
vt 1.00000 0.51587
vt 1.00000 0.52253
vt 0.85410 0.49763
vt 1.00000 0.20954
vt 1.00000 0.21856
vt 0.84266 0.18318
vt 1.00000 0.52253
vt 1.00000 0.52536
vt 0.77189 0.49763
vt 1.00000 0.19598
vt 1.00000 0.20096
vt 0.93604 0.20197
vt 1.00000 0.38268
vt 1.00000 0.38552
vt 0.93630 0.39327
vt 1.00000 0.16316
vt 1.00000 0.16309
vt 0.95410 0.16309
vt 1.00000 0.11777
vt 1.00000 0.11706
vt 0.95410 0.11706
vt 1.00000 0.39327
vt 1.00000 0.40702
vt 0.95064 0.40702
vt 1.00000 0.37850
vt 1.00000 0.38148
vt 0.77189 0.39327
vt 1.00000 0.53689
vt 1.00000 0.54053
vt 0.46213 0.56336
vt 1.00000 0.20430
vt 1.00000 0.20771
vt 0.77189 0.18220
vt 1.00000 0.06536
vt 1.00000 0.06910
vt 0.85410 0.10208
vt 1.00000 0.38148
vt 1.00000 0.38268
vt 0.85410 0.39327
vt 1.00000 0.36292
vt 1.00000 0.37850
vt 0.46213 0.37851
vt 1.00000 0.59234
vt 1.00000 0.59234
vt 0.46213 0.59234
vt 1.00000 0.54053
vt 1.00000 0.53689
vt 0.46213 0.53689
vt 1.00000 0.39018
vt 1.00000 0.38713
vt 0.77189 0.41005
vt 1.00000 0.05609
vt 1.00000 0.05609
vt 0.46213 0.05609
vt 1.00000 0.05609
vt 1.00000 0.05163
vt 0.46213 0.02364
vt 1.00000 0.37850
vt 1.00000 0.41079
vt 0.46213 0.41079
vt 1.00000 0.18502
vt 1.00000 0.21856
vt 0.46213 0.21730
vt 1.00000 0.41156
vt 1.00000 0.41149
vt 0.95064 0.40702
vt 1.00000 0.38295
vt 1.00000 0.37850
vt 0.46213 0.37850
vt 1.00000 0.18502
vt 1.00000 0.21608
vt 0.46213 0.41079
vt 1.00000 0.05163
vt 1.00000 0.05609
vt 0.46213 0.05609
vt 1.00000 0.59234
vt 1.00000 0.59234
vt 0.46213 0.59234
vt 1.00000 0.59234
vt 1.00000 0.59234
vt 0.46213 0.59234
vt 1.00000 0.42883
vt 1.00000 0.42951
vt 0.95410 0.47295
vt 1.00000 0.52882
vt 1.00000 0.53094
vt 0.77189 0.51510
vt 1.00000 0.06910
vt 1.00000 0.06536
vt 0.77189 0.10208
vt 1.00000 0.38268
vt 1.00000 0.38148
vt 0.77189 0.39327
vt 1.00000 0.05609
vt 1.00000 0.05609
vt 0.46213 0.05609
vt 1.00000 0.58835
vt 1.00000 0.59234
vt 0.46213 0.59234
vt 1.00000 0.38713
vt 1.00000 0.39018
vt 0.85410 0.41005
vt 1.00000 0.02364
vt 1.00000 0.02364
vt 0.46213 0.02364
vt 1.00000 0.06263
vt 1.00000 0.06494
vt 0.85410 0.07999
vt 1.00000 0.47806
vt 1.00000 0.47814
vt 0.95410 0.47814
vt 1.00000 0.53094
vt 1.00000 0.53689
vt 0.46213 0.53689
vt 1.00000 0.05609
vt 1.00000 0.06263
vt 0.77189 0.07999
vt 1.00000 0.37850
vt 1.00000 0.38713
vt 0.77189 0.41005
vt 1.00000 0.19716
vt 1.00000 0.20430
vt 0.85410 0.18220
vt 1.00000 0.17831
vt 1.00000 0.18220
vt 0.94579 0.17618
vt 1.00000 0.06494
vt 1.00000 0.06981
vt 0.93630 0.07999
vt 1.00000 0.07792
vt 1.00000 0.06910
vt 0.85410 0.10208
vt 1.00000 0.50448
vt 1.00000 0.51510
vt 0.93630 0.51510
vt 1.00000 0.45886
vt 1.00000 0.45884
vt 0.95410 0.45744
vt 1.00000 0.52253
vt 1.00000 0.51587
vt 0.93630 0.49763
vt 1.00000 0.20096
vt 1.00000 0.18350
vt 0.95845 0.15361
vt 1.00000 0.21730
vt 1.00000 0.21401
vt 0.77189 0.20096
vt 1.00000 0.02364
vt 1.00000 0.02364
vt 0.46213 0.02364
vt 1.00000 0.52439
vt 1.00000 0.52882
vt 0.85410 0.51510
vt 1.00000 0.49763
vt 1.00000 0.48649
vt 0.95410 0.45886
vt 1.00000 0.52536
vt 1.00000 0.52253
vt 0.85410 0.49763
vt 1.00000 0.21608
vt 1.00000 0.18502
vt 0.46213 0.18502
vt 1.00000 0.47295
vt 1.00000 0.42211
vt 0.95386 0.42793
vt 1.00000 0.18209
vt 1.00000 0.18285
vt 0.95410 0.18285
vt 1.00000 0.59234
vt 1.00000 0.59234
vt 0.46213 0.59234
vt 1.00000 0.18946
vt 1.00000 0.18502
vt 0.46213 0.18502
vt 1.00000 0.20771
vt 1.00000 0.21730
vt 0.46213 0.21730
vt 1.00000 0.18348
vt 1.00000 0.18350
vt 0.95363 0.18350
vt 1.00000 0.39018
vt 1.00000 0.39661
vt 0.92676 0.41226
vt 1.00000 0.41005
vt 1.00000 0.41326
vt 0.94906 0.42211
vt 1.00000 0.41149
vt 1.00000 0.41156
vt 0.95410 0.41156
vt 1.00000 0.13294
vt 1.00000 0.13313
vt 0.95410 0.13313
vt 1.00000 0.53235
vt 1.00000 0.52536
vt 0.77189 0.49763
vt 1.00000 0.45674
vt 1.00000 0.45744
vt 0.95410 0.45744
vt 1.00000 0.18350
vt 1.00000 0.13434
vt 0.95845 0.15361
vt 1.00000 0.45744
vt 1.00000 0.45674
vt 0.95410 0.41156
vt 1.00000 0.21401
vt 1.00000 0.21268
vt 0.85410 0.20096
vt 1.00000 0.38551
vt 1.00000 0.38268
vt 0.85410 0.39327
vt 1.00000 0.39702
vt 1.00000 0.39327
vt 0.93630 0.39327
vt 1.00000 0.38148
vt 1.00000 0.37850
vt 0.46213 0.37850
vt 1.00000 0.21268
vt 1.00000 0.20954
vt 0.93630 0.20096
vt 1.00000 0.10573
vt 1.00000 0.10208
vt 0.93630 0.10208
vt 1.00000 0.06536
vt 1.00000 0.05609
vt 0.46213 0.05609
vt 1.00000 0.42874
vt 1.00000 0.42883
vt 0.95410 0.42883
vt 1.00000 0.35892
vt 1.00000 0.23586
vt 0.99841 0.23586
vt 1.00000 0.23534
vt 1.00000 0.17381
vt 0.99841 0.17381
vt 1.00000 0.42148
vt 1.00000 0.35994
vt 0.99841 0.35994
vt 1.00000 0.23688
vt 1.00000 0.35994
vt 0.99841 0.35994
vt 1.00000 0.17433
vt 1.00000 0.23586
vt 0.99841 0.23586
vt 1.00000 0.36046
vt 1.00000 0.42199
vt 0.99841 0.42199
vt 0.99207 0.60616
vt 1.00000 0.60540
vt 0.98546 0.61376
vt 1.00000 0.40203
vt 1.00000 0.41076
vt 0.99127 0.40100
vt 0.95410 0.47814
vt 1.00000 0.50448
vt 1.00000 0.47814
vt 0.46213 0.02364
vt 1.00000 0.05163
vt 1.00000 0.02364
vt 0.93630 0.51510
vt 1.00000 0.52439
vt 1.00000 0.51510
vt 0.46213 0.41079
vt 1.00000 0.41079
vt 1.00000 0.21608
vt 0.46213 0.59234
vt 1.00000 0.59234
vt 1.00000 0.59234
vt 0.46213 0.05609
vt 1.00000 0.05609
vt 1.00000 0.05609
vt 0.95410 0.47295
vt 1.00000 0.47806
vt 1.00000 0.47295
vt 0.95410 0.45744
vt 1.00000 0.45744
vt 1.00000 0.45884
vt 0.92261 0.48604
vt 1.00000 0.49763
vt 1.00000 0.51587
vt 0.95410 0.45886
vt 1.00000 0.45886
vt 1.00000 0.48649
vt 0.93630 0.41005
vt 1.00000 0.41005
vt 1.00000 0.39661
vt 0.95386 0.42793
vt 1.00000 0.42211
vt 1.00000 0.41326
vt 0.95048 0.16791
vt 1.00000 0.21856
vt 1.00000 0.16791
vt 0.95410 0.11706
vt 1.00000 0.11706
vt 1.00000 0.11510
vt 0.46213 0.59234
vt 1.00000 0.59234
vt 1.00000 0.59234
vt 0.92900 0.08479
vt 1.00000 0.07999
vt 1.00000 0.06981
vt 0.95410 0.11507
vt 1.00000 0.11507
vt 1.00000 0.09007
vt 0.93630 0.10208
vt 1.00000 0.07792
vt 1.00000 0.10208
vt 0.95048 0.16791
vt 1.00000 0.16791
vt 1.00000 0.16316
vt 0.93604 0.20197
vt 1.00000 0.20096
vt 1.00000 0.20954
vt 0.94259 0.11706
vt 1.00000 0.10573
vt 1.00000 0.11706
vt 0.46213 0.53235
vt 1.00000 0.53235
vt 1.00000 0.53248
vt 0.93630 0.39327
vt 1.00000 0.38552
vt 1.00000 0.39327
vt 0.95363 0.18350
vt 1.00000 0.18350
vt 1.00000 0.19598
vt 0.46213 0.21730
vt 1.00000 0.21856
vt 1.00000 0.36292
vt 0.95410 0.13313
vt 1.00000 0.13313
vt 1.00000 0.18209
vt 0.95410 0.41156
vt 1.00000 0.41156
vt 1.00000 0.45674
vt 0.46213 0.21730
vt 1.00000 0.21730
vt 1.00000 0.18946
vt 0.46213 0.02364
vt 1.00000 0.02364
vt 1.00000 0.02364
vt 0.46213 0.02364
vt 1.00000 0.02364
vt 1.00000 0.02364
vt 0.95410 0.16309
vt 1.00000 0.16309
vt 1.00000 0.11777
vt 0.46213 0.56336
vt 1.00000 0.56336
vt 1.00000 0.54053
vt 0.46213 0.02364
vt 1.00000 0.02364
vt 1.00000 0.02364
vt 0.46213 0.56336
vt 1.00000 0.56336
vt 1.00000 0.58835
vt 0.46213 0.02364
vt 1.00000 0.02364
vt 1.00000 0.02364
vt 0.46213 0.41079
vt 1.00000 0.41079
vt 1.00000 0.38295
vt 0.46213 0.41079
vt 1.00000 0.21608
vt 1.00000 0.41079
vt 0.46213 0.59234
vt 1.00000 0.59234
vt 1.00000 0.59234
vt 0.95410 0.47295
vt 1.00000 0.47295
vt 1.00000 0.47806
vt 0.95410 0.47814
vt 1.00000 0.47814
vt 1.00000 0.50448
vt 0.93630 0.07999
vt 1.00000 0.06981
vt 1.00000 0.13434
vt 0.94579 0.17618
vt 1.00000 0.18220
vt 1.00000 0.19716
vt 0.46213 0.21730
vt 1.00000 0.37850
vt 1.00000 0.21730
vt 0.93630 0.51510
vt 1.00000 0.51510
vt 1.00000 0.52439
vt 0.95410 0.45886
vt 1.00000 0.48649
vt 1.00000 0.45886
vt 0.93630 0.20096
vt 1.00000 0.20954
vt 1.00000 0.20096
vt 0.46213 0.05609
vt 1.00000 0.05609
vt 1.00000 0.05609
vt 0.95410 0.45744
vt 1.00000 0.45884
vt 1.00000 0.45744
vt 0.46213 0.02364
vt 1.00000 0.02364
vt 1.00000 0.05163
vt 0.46213 0.59234
vt 1.00000 0.59234
vt 1.00000 0.59234
vt 0.95410 0.18285
vt 1.00000 0.18285
vt 1.00000 0.18348
vt 0.46213 0.56336
vt 1.00000 0.58835
vt 1.00000 0.56336
vt 0.94579 0.17618
vt 1.00000 0.13434
vt 1.00000 0.17831
vt 0.46213 0.56336
vt 1.00000 0.54053
vt 1.00000 0.56336
vt 0.94906 0.42211
vt 1.00000 0.41326
vt 1.00000 0.42211
vt 0.92676 0.41226
vt 1.00000 0.39661
vt 1.00000 0.41005
vt 0.95064 0.40702
vt 1.00000 0.40702
vt 1.00000 0.41149
vt 0.94259 0.11706
vt 1.00000 0.11706
vt 1.00000 0.13294
vt 0.95410 0.41156
vt 1.00000 0.45674
vt 1.00000 0.41156
vt 0.95064 0.40702
vt 1.00000 0.41149
vt 1.00000 0.40702
vt 0.95845 0.15361
vt 1.00000 0.13434
vt 1.00000 0.10573
vt 0.95064 0.40702
vt 1.00000 0.40702
vt 1.00000 0.39702
vt 0.93630 0.39327
vt 1.00000 0.39327
vt 1.00000 0.38551
vt 0.93630 0.49763
vt 1.00000 0.51587
vt 1.00000 0.49763
vt 0.93630 0.10208
vt 1.00000 0.10208
vt 1.00000 0.07792
vt 0.95410 0.47295
vt 1.00000 0.42951
vt 1.00000 0.47295
vt 0.94906 0.42211
vt 1.00000 0.42211
vt 1.00000 0.42874
vt 0.46213 0.53235
vt 1.00000 0.53248
vt 1.00000 0.53235
vt 0.99841 0.23586
vt 1.00000 0.23586
vt 1.00000 0.23688
vt 0.99841 0.35994
vt 1.00000 0.35994
vt 1.00000 0.35892
vt 0.99841 0.17381
vt 1.00000 0.17381
vt 1.00000 0.17433
vt 0.95795 0.33814
vt 0.99879 0.30227
vt 0.99963 0.29790
vt 0.99841 0.42199
vt 1.00000 0.42199
vt 1.00000 0.42148
vt 0.99841 0.23586
vt 1.00000 0.23586
vt 1.00000 0.23534
vt 0.99841 0.35994
vt 1.00000 0.35994
vt 1.00000 0.36046
vt 0.95795 0.25766
vt 0.99963 0.29790
vt 0.99879 0.30227
vt 0.98544 0.01621
vt 1.00000 0.02381
vt 1.00000 0.00000
vt 0.98544 0.00147
vt 1.00000 0.00012
vt 1.00000 0.02381
vt 0.98544 0.00147
vt 1.00000 0.00000
vt 1.00000 0.00012
vt 0.99207 0.60616
vt 1.00000 0.60540
vt 1.00000 0.59220
vt 1.00000 0.38268
vt 1.00000 0.38552
vt 1.00000 0.39327
vt 1.00000 0.41149
vt 1.00000 0.41156
vt 1.00000 0.45674
vt 1.00000 0.45674
vt 1.00000 0.45744
vt 1.00000 0.45884
vt 1.00000 0.45884
vt 1.00000 0.45886
vt 1.00000 0.48649
vt 1.00000 0.51587
vt 1.00000 0.52253
vt 1.00000 0.52536
vt 1.00000 0.52536
vt 1.00000 0.52253
vt 1.00000 0.51587
vt 1.00000 0.48649
vt 1.00000 0.45886
vt 1.00000 0.45884
vt 1.00000 0.45884
vt 1.00000 0.45744
vt 1.00000 0.45674
vt 1.00000 0.45674
vt 1.00000 0.41156
vt 1.00000 0.41149
vt 1.00000 0.41149
vt 1.00000 0.40702
vt 1.00000 0.39702
vt 1.00000 0.39327
vt 1.00000 0.38551
vt 1.00000 0.38268
vt 1.00000 0.21268
vt 1.00000 0.20954
vt 1.00000 0.20096
vt 1.00000 0.10573
vt 1.00000 0.10208
vt 1.00000 0.07792
vt 1.00000 0.06910
vt 1.00000 0.06536
vt 1.00000 0.05609
vt 1.00000 0.05609
vt 1.00000 0.05609
vt 1.00000 0.05609
vt 1.00000 0.05609
vt 1.00000 0.05609
vt 1.00000 0.05609
vt 1.00000 0.06536
vt 1.00000 0.06910
vt 1.00000 0.07792
vt 1.00000 0.10208
vt 1.00000 0.10573
vt 1.00000 0.11706
vt 1.00000 0.13294
vt 1.00000 0.13313
vt 1.00000 0.18209
vt 1.00000 0.18285
vt 1.00000 0.18348
vt 1.00000 0.18350
vt 1.00000 0.20096
vt 1.00000 0.20954
vt 1.00000 0.21856
vt 1.00000 0.16791
vt 1.00000 0.16316
vt 1.00000 0.16309
vt 1.00000 0.11706
vt 1.00000 0.11510
vt 1.00000 0.11507
vt 1.00000 0.11507
vt 1.00000 0.09007
vt 1.00000 0.07999
vt 1.00000 0.07999
vt 1.00000 0.06981
vt 1.00000 0.06494
vt 1.00000 0.06494
vt 1.00000 0.06263
vt 1.00000 0.05609
vt 1.00000 0.05163
vt 1.00000 0.02364
vt 1.00000 0.02364
vt 1.00000 0.02364
vt 1.00000 0.02364
vt 1.00000 0.02364
vt 1.00000 0.02364
vt 1.00000 0.02364
vt 1.00000 0.02364
vt 1.00000 0.02364
vt 1.00000 0.02364
vt 1.00000 0.02364
vt 1.00000 0.02364
vt 1.00000 0.02364
vt 1.00000 0.05163
vt 1.00000 0.05609
vt 1.00000 0.06263
vt 1.00000 0.06494
vt 1.00000 0.18220
vt 1.00000 0.19716
vt 1.00000 0.20430
vt 1.00000 0.18946
vt 1.00000 0.18502
vt 1.00000 0.21608
vt 1.00000 0.21608
vt 1.00000 0.41079
vt 1.00000 0.38295
vt 1.00000 0.37850
vt 1.00000 0.38713
vt 1.00000 0.39018
vt 1.00000 0.39018
vt 1.00000 0.39661
vt 1.00000 0.41005
vt 1.00000 0.41005
vt 1.00000 0.41326
vt 1.00000 0.42211
vt 1.00000 0.42211
vt 1.00000 0.42874
vt 1.00000 0.42883
vt 1.00000 0.42883
vt 1.00000 0.42951
vt 1.00000 0.47295
vt 1.00000 0.47806
vt 1.00000 0.47814
vt 1.00000 0.50448
vt 1.00000 0.50448
vt 1.00000 0.51510
vt 1.00000 0.52439
vt 1.00000 0.52882
vt 1.00000 0.53094
vt 1.00000 0.53689
vt 1.00000 0.53689
vt 1.00000 0.54053
vt 1.00000 0.56336
vt 1.00000 0.56336
vt 1.00000 0.58835
vt 1.00000 0.59234
vt 1.00000 0.59234
vt 1.00000 0.59234
vt 1.00000 0.59234
vt 1.00000 0.59234
vt 1.00000 0.59234
vt 1.00000 0.59234
vt 1.00000 0.59234
vt 1.00000 0.58835
vt 1.00000 0.56336
vt 1.00000 0.56336
vt 1.00000 0.54053
vt 1.00000 0.53689
vt 1.00000 0.53094
vt 1.00000 0.52882
vt 1.00000 0.52439
vt 1.00000 0.50448
vt 1.00000 0.47814
vt 1.00000 0.47806
vt 1.00000 0.41326
vt 1.00000 0.41005
vt 1.00000 0.39661
vt 1.00000 0.39018
vt 1.00000 0.38713
vt 1.00000 0.37850
vt 1.00000 0.21608
vt 1.00000 0.18502
vt 1.00000 0.21856
vt 1.00000 0.38148
vt 1.00000 0.38268
vt 1.00000 0.39327
vt 1.00000 0.39327
vt 1.00000 0.40702
vt 1.00000 0.41149
vt 1.00000 0.41149
vt 1.00000 0.45674
vt 1.00000 0.45884
vt 1.00000 0.45884
vt 1.00000 0.48649
vt 1.00000 0.49763
vt 1.00000 0.51587
vt 1.00000 0.52536
vt 1.00000 0.53235
vt 1.00000 0.52536
vt 1.00000 0.51587
vt 1.00000 0.49763
vt 1.00000 0.48649
vt 1.00000 0.45884
vt 1.00000 0.45674
vt 1.00000 0.45674
vt 1.00000 0.41149
vt 1.00000 0.39702
vt 1.00000 0.39327
vt 1.00000 0.38268
vt 1.00000 0.38148
vt 1.00000 0.21401
vt 1.00000 0.21268
vt 1.00000 0.20096
vt 1.00000 0.10573
vt 1.00000 0.07792
vt 1.00000 0.06910
vt 1.00000 0.05609
vt 1.00000 0.06536
vt 1.00000 0.07792
vt 1.00000 0.07792
vt 1.00000 0.10208
vt 1.00000 0.11706
vt 1.00000 0.13294
vt 1.00000 0.18209
vt 1.00000 0.18285
vt 1.00000 0.18285
vt 1.00000 0.18350
vt 1.00000 0.19598
vt 1.00000 0.16791
vt 1.00000 0.16309
vt 1.00000 0.11777
vt 1.00000 0.11507
vt 1.00000 0.07999
vt 1.00000 0.06494
vt 1.00000 0.05609
vt 1.00000 0.05163
vt 1.00000 0.02364
vt 1.00000 0.02364
vt 1.00000 0.02364
vt 1.00000 0.02364
vt 1.00000 0.02364
vt 1.00000 0.02364
vt 1.00000 0.05163
vt 1.00000 0.05609
vt 1.00000 0.06494
vt 1.00000 0.06981
vt 1.00000 0.18220
vt 1.00000 0.20430
vt 1.00000 0.20771
vt 1.00000 0.21730
vt 1.00000 0.18946
vt 1.00000 0.21608
vt 1.00000 0.21608
vt 1.00000 0.38295
vt 1.00000 0.37850
vt 1.00000 0.39018
vt 1.00000 0.41005
vt 1.00000 0.42211
vt 1.00000 0.42211
vt 1.00000 0.42883
vt 1.00000 0.47295
vt 1.00000 0.47806
vt 1.00000 0.50448
vt 1.00000 0.52439
vt 1.00000 0.52882
vt 1.00000 0.53689
vt 1.00000 0.56336
vt 1.00000 0.56336
vt 1.00000 0.59234
vt 1.00000 0.59234
vt 1.00000 0.59234
vt 1.00000 0.59234
vt 1.00000 0.59234
vt 1.00000 0.59234
vt 1.00000 0.59234
vt 1.00000 0.56336
vt 1.00000 0.56336
vt 1.00000 0.53689
vt 1.00000 0.53094
vt 1.00000 0.53094
vt 1.00000 0.52439
vt 1.00000 0.51510
vt 1.00000 0.50448
vt 1.00000 0.47806
vt 1.00000 0.47295
vt 1.00000 0.41326
vt 1.00000 0.39661
vt 1.00000 0.39018
vt 1.00000 0.37850
vt 1.00000 0.41079
vt 1.00000 0.21608
vt 1.00000 0.21608
vt 1.00000 0.21856
vt 1.00000 0.36292
vt 1.00000 0.38148
vt 1.00000 0.39327
vt 1.00000 0.41149
vt 1.00000 0.41149
vt 1.00000 0.45884
vt 1.00000 0.49763
vt 1.00000 0.49763
vt 1.00000 0.48649
vt 1.00000 0.45674
vt 1.00000 0.45674
vt 1.00000 0.39702
vt 1.00000 0.39327
vt 1.00000 0.21730
vt 1.00000 0.21401
vt 1.00000 0.20096
vt 1.00000 0.20096
vt 1.00000 0.18350
vt 1.00000 0.13434
vt 1.00000 0.07792
vt 1.00000 0.11706
vt 1.00000 0.13294
vt 1.00000 0.13294
vt 1.00000 0.18285
vt 1.00000 0.19598
vt 1.00000 0.11507
vt 1.00000 0.06494
vt 1.00000 0.05609
vt 1.00000 0.05609
vt 1.00000 0.02364
vt 1.00000 0.02364
vt 1.00000 0.02364
vt 1.00000 0.05163
vt 1.00000 0.05609
vt 1.00000 0.21730
vt 1.00000 0.21608
vt 1.00000 0.37850
vt 1.00000 0.37850
vt 1.00000 0.39018
vt 1.00000 0.42211
vt 1.00000 0.47806
vt 1.00000 0.52439
vt 1.00000 0.52882
vt 1.00000 0.56336
vt 1.00000 0.59234
vt 1.00000 0.59234
vt 1.00000 0.59234
vt 1.00000 0.59234
vt 1.00000 0.59234
vt 1.00000 0.56336
vt 1.00000 0.53094
vt 1.00000 0.51510
vt 1.00000 0.39018
vt 1.00000 0.37850
vt 1.00000 0.21608
vt 1.00000 0.21608
vt 1.00000 0.36292
vt 1.00000 0.37850
vt 1.00000 0.37850
vt 1.00000 0.38148
vt 1.00000 0.41149
vt 1.00000 0.41149
vt 1.00000 0.49763
vt 1.00000 0.51587
vt 1.00000 0.52536
vt 1.00000 0.49763
vt 1.00000 0.45674
vt 1.00000 0.45674
vt 1.00000 0.39327
vt 1.00000 0.38148
vt 1.00000 0.21730
vt 1.00000 0.20096
vt 1.00000 0.13434
vt 1.00000 0.13434
vt 1.00000 0.10573
vt 1.00000 0.06910
vt 1.00000 0.05609
vt 1.00000 0.07792
vt 1.00000 0.13294
vt 1.00000 0.13294
vt 1.00000 0.19598
vt 1.00000 0.20096
vt 1.00000 0.05609
vt 1.00000 0.02364
vt 1.00000 0.05609
vt 1.00000 0.20771
vt 1.00000 0.21730
vt 1.00000 0.37850
vt 1.00000 0.47806
vt 1.00000 0.52882
vt 1.00000 0.56336
vt 1.00000 0.56336
vt 1.00000 0.59234
vt 1.00000 0.59234
vt 1.00000 0.56336
vt 1.00000 0.51510
vt 1.00000 0.50448
vt 1.00000 0.41326
vt 1.00000 0.39018
vt 1.00000 0.21608
vt 1.00000 0.41149
vt 1.00000 0.51587
vt 1.00000 0.53235
vt 1.00000 0.53235
vt 1.00000 0.52536
vt 1.00000 0.45674
vt 1.00000 0.45674
vt 1.00000 0.38148
vt 1.00000 0.37850
vt 1.00000 0.13434
vt 1.00000 0.06910
vt 1.00000 0.05609
vt 1.00000 0.05609
vt 1.00000 0.13294
vt 1.00000 0.20096
vt 1.00000 0.18220
vt 1.00000 0.20771
vt 1.00000 0.37850
vt 1.00000 0.56336
vt 1.00000 0.59234
vt 1.00000 0.56336
vt 1.00000 0.56336
vt 1.00000 0.50448
vt 1.00000 0.47295
vt 1.00000 0.41326
vt 1.00000 0.21608
vt 1.00000 0.37850
vt 1.00000 0.20096
vt 1.00000 0.21856
vt 1.00000 0.16791
vt 1.00000 0.17831
vt 1.00000 0.18220
vt 1.00000 0.37850
vt 1.00000 0.42211
vt 1.00000 0.41326
vt 1.00000 0.37850
vt 1.00000 0.20096
vt 1.00000 0.16791
vt 1.00000 0.11777
vt 1.00000 0.20096
vt 1.00000 0.11777
vt 1.00000 0.11706
vt 1.00000 0.47295
vt 1.00000 0.42211
vt 1.00000 0.37850
vt 1.00000 0.05609
vt 1.00000 0.20096
vt 1.00000 0.11706
vt 1.00000 0.47295
vt 1.00000 0.37850
vt 1.00000 0.41149
vt 1.00000 0.05609
vt 1.00000 0.11706
vt 1.00000 0.11507
vt 1.00000 0.47295
vt 1.00000 0.41149
vt 1.00000 0.53235
vt 1.00000 0.05609
vt 1.00000 0.11507
vt 1.00000 0.05609
vt 1.00000 0.56336
vt 1.00000 0.47295
vt 1.00000 0.53235
vt 1.00000 0.05609
vt 1.00000 0.05609
vt 1.00000 0.05609
vt 1.00000 0.56336
vt 1.00000 0.56336
vt 1.00000 0.53235
vt 1.00000 0.05609
vt 1.00000 0.05609
vt 1.00000 0.05609
vt 1.00000 0.56336
vt 1.00000 0.53235
vt 1.00000 0.53248
vt 1.00000 0.05609
vt 1.00000 0.05609
vt 1.00000 0.05609
vt 1.00000 0.05609
vt 1.00000 0.05609
vt 1.00000 0.06981
vt 1.00000 0.05609
vt 1.00000 0.06981
vt 1.00000 0.13434
vt 1.00000 0.56336
vt 1.00000 0.53248
vt 1.00000 0.53235
vt 1.00000 0.47806
vt 1.00000 0.56336
vt 1.00000 0.53235
vt 1.00000 0.47295
vt 1.00000 0.47806
vt 1.00000 0.53235
vt 1.00000 0.47295
vt 1.00000 0.53235
vt 1.00000 0.45674
vt 1.00000 0.42211
vt 1.00000 0.47295
vt 1.00000 0.45674
vt 1.00000 0.37850
vt 1.00000 0.42211
vt 1.00000 0.45674
vt 1.00000 0.37850
vt 1.00000 0.45674
vt 1.00000 0.37850
vt 1.00000 0.37850
vt 1.00000 0.37850
vt 1.00000 0.21730
vt 1.00000 0.17831
vt 1.00000 0.37850
vt 1.00000 0.21730
vt 1.00000 0.21730
vt 1.00000 0.13434
vt 1.00000 0.17831
vt 1.00000 0.02381
vt 1.00000 0.00000
vt 1.00000 0.00012
vt 1.00000 0.59220
vt 0.99207 0.60616
vt 1.00000 0.60540
vt 0.99487 0.18948
vt 0.99127 0.40100
vt 1.00000 0.40203
vt 1.00000 0.41076
vt 0.99487 0.18948
vt 1.00000 0.40203
vt 1.00000 0.23586
vt 1.00000 0.23534
vt 1.00000 0.17381
vt 1.00000 0.17433
vt 1.00000 0.23586
vt 1.00000 0.23688
vt 1.00000 0.23688
vt 1.00000 0.35994
vt 1.00000 0.36046
vt 1.00000 0.36046
vt 1.00000 0.42199
vt 1.00000 0.42148
vt 1.00000 0.42148
vt 1.00000 0.35994
vt 1.00000 0.35892
vt 1.00000 0.35892
vt 1.00000 0.23586
vt 0.99879 0.30227
vt 1.00000 0.23586
vt 1.00000 0.17381
vt 1.00000 0.17433
vt 0.99879 0.30227
vt 1.00000 0.23586
vt 1.00000 0.17433
vt 1.00000 0.42148
vt 1.00000 0.35892
vt 0.99879 0.30227
vt 0.99963 0.29790
vt 0.99879 0.30227
vt 1.00000 0.17433
vt 1.00000 0.36046
vt 1.00000 0.42148
vt 0.99879 0.30227
vt 0.99963 0.29790
vt 1.00000 0.17433
vt 1.00000 0.23688
vt 1.00000 0.36046
vt 0.99879 0.30227
vt 0.99963 0.29790
vt 1.00000 0.23688
vt 1.00000 0.36046
vt 0.99963 0.29790
f 1040/5443 1630/5444 1036/5445
f 1175/5446 1031/5447 1035/5448
f 1035/5449 1031/5450 1554/5451
f 1040/5452 1380/5453 1630/5454
f 1380/5455 1629/5456 1630/5457
f 1031/5458 1404/5459 1032/5460
f 1428/5461 1375/5462 1501/5463
f 1151/5464 1634/5465 1345/5466
f 1396/5467 1448/5468 1634/5469
f 1429/5470 1397/5471 1518/5472
f 1036/5473 1429/5474 1518/5475
f 1031/5476 1032/5477 1554/5478
f 1036/5479 1518/5480 1037/5481
f 1325/5482 1035/5483 1324/5484
f 1628/5485 1404/5486 1031/5487
f 1628/5488 1617/5489 1404/5490
f 1572/5491 1310/5492 1604/5493
f 1628/5494 1323/5495 1617/5496
f 1197/5497 1586/5498 1169/5499
f 1595/5500 1571/5501 1573/5502
f 1202/5503 1595/5504 1573/5505
f 1295/5506 1581/5507 1571/5508
f 1581/5509 1151/5510 1571/5511
f 1363/5512 1429/5513 1370/5514
f 1628/5515 1035/5516 1363/5517
f 1035/5518 1325/5519 1324/5520
f 1031/5521 1175/5522 1035/5523
f 1628/5524 1031/5525 1035/5526
f 1323/5527 1628/5528 1554/5529
f 1037/5530 1324/5531 1035/5532
f 1398/5533 1174/5534 1172/5535
f 1246/5536 1630/5537 1252/5538
f 1397/5539 1429/5540 1246/5541
f 1617/5542 1404/5543 1174/5544
f 1630/5545 1629/5546 1252/5547
f 1174/5548 1175/5549 1172/5550
f 1172/5551 1324/5552 1241/5553
f 1398/5554 1617/5555 1174/5556
f 1169/5557 1376/5558 1205/5559
f 1169/5560 1197/5561 1376/5562
f 1241/5563 1397/5564 1246/5565
f 1398/5566 1172/5567 1241/5568
f 1396/5569 1169/5570 1586/5571
f 1396/5572 1197/5573 1169/5574
f 1323/5575 1554/5576 1032/5577
f 1396/5578 1586/5579 1353/5580
f 1398/5581 1392/5582 1362/5583
f 1581/5584 1295/5585 1582/5586
f 1202/5587 1584/5588 1595/5589
f 1595/5590 1049/5591 1202/5592
f 1584/5593 1604/5594 1215/5595
f 1581/5596 1200/5597 1295/5598
f 1396/5599 1581/5600 1582/5601
f 1604/5602 1475/5603 1215/5604
f 1353/5605 1205/5606 1581/5607
f 1396/5608 1353/5609 1581/5610
f 1318/5611 1546/5612 1383/5613
f 1247/5614 1246/5615 1429/5616
f 1546/5617 1578/5618 1383/5619
f 1609/5620 1318/5621 1214/5622
f 1624/5623 1263/5624 1147/5625
f 1353/5626 1586/5627 1169/5628
f 1595/5629 1469/5630 1049/5631
f 1581/5632 1205/5633 1200/5634
f 1214/5635 1215/5636 1609/5637
f 1172/5638 1325/5639 1324/5640
f 1402/5641 1431/5642 1043/5643
f 1197/5644 1396/5645 1151/5646
f 1040/5647 1519/5648 1432/5649
f 1580/5650 1200/5651 1469/5652
f 1469/5653 1202/5654 1049/5655
f 1049/5656 1604/5657 1056/5658
f 1469/5659 1595/5660 1202/5661
f 1580/5662 1264/5663 1200/5664
f 1572/5665 1604/5666 1573/5667
f 1200/5668 1295/5669 1469/5670
f 1580/5671 1169/5672 1264/5673
f 1353/5674 1151/5675 1581/5676
f 1586/5677 1151/5678 1353/5679
f 1630/5680 1629/5681 1380/5682
f 1586/5683 1197/5684 1151/5685
f 1617/5686 1323/5687 1583/5688
f 1363/5689 1518/5690 1429/5691
f 1035/5692 1324/5693 1363/5694
f 1250/5695 1629/5696 1247/5697
f 1617/5698 1583/5699 1174/5700
f 1397/5701 1245/5702 1247/5703
f 1429/5704 1397/5705 1247/5706
f 1324/5707 1172/5708 1245/5709
f 1629/5710 1630/5711 1247/5712
f 1174/5713 1583/5714 1172/5715
f 1580/5716 1197/5717 1169/5718
f 1205/5719 1376/5720 1200/5721
f 1172/5722 1583/5723 1245/5724
f 1544/5725 1250/5726 1633/5727
f 1037/5728 1518/5729 1363/5730
f 1584/5731 1573/5732 1604/5733
f 1617/5734 1032/5735 1404/5736
f 1324/5737 1037/5738 1363/5739
f 1175/5740 1035/5741 1172/5742
f 1404/5743 1031/5744 1174/5745
f 1337/5746 1120/5747 1088/5748
f 1039/5749 1339/5750 1375/5751
f 1344/5752 1488/5753 1402/5754
f 1578/5755 1546/5756 1204/5757
f 1353/5758 1581/5759 1200/5760
f 1414/5761 1173/5762 1329/5763
f 1551/5764 1207/5765 1371/5766
f 1582/5767 1595/5768 1584/5769
f 1370/5770 1630/5771 1380/5772
f 1428/5773 1501/5774 1378/5775
f 1554/5776 1037/5777 1035/5778
f 1583/5779 1323/5780 1398/5781
f 1323/5782 1032/5783 1617/5784
f 1583/5785 1376/5786 1580/5787
f 1398/5788 1362/5789 1376/5790
f 1628/5791 1428/5792 1554/5793
f 1414/5794 1544/5795 1173/5796
f 1215/5797 1572/5798 1609/5799
f 1383/5800 1214/5801 1318/5802
f 1582/5803 1571/5804 1595/5805
f 1040/5806 1432/5807 1380/5808
f 1200/5809 1469/5810 1295/5811
f 1205/5812 1353/5813 1169/5814
f 1429/5815 1036/5816 1370/5817
f 1151/5818 1345/5819 1356/5820
f 1396/5821 1634/5822 1151/5823
f 1375/5824 1381/5825 1501/5826
f 1557/5827 1188/5828 1091/5829
f 1364/5830 1109/5831 1365/5832
f 1426/5833 1221/5834 1450/5835
f 1079/5836 1055/5837 1436/5838
f 1580/5839 1376/5840 1197/5841
f 1475/5842 1604/5843 1049/5844
f 1398/5845 1323/5846 1617/5847
f 1583/5848 1398/5849 1376/5850
f 1628/5851 1375/5852 1428/5853
f 1200/5854 1376/5855 1469/5856
f 1213/5857 1402/5858 1359/5859
f 1449/5860 1048/5861 1435/5862
f 1126/5863 1147/5864 1119/5865
f 1340/5866 1344/5867 1337/5868
f 1331/5869 1514/5870 1558/5871
f 1386/5872 1063/5873 1441/5874
f 1036/5875 1630/5876 1370/5877
f 1618/5878 1331/5879 1558/5880
f 1339/5881 1228/5882 1375/5883
f 1345/5884 1558/5885 1356/5886
f 1359/5887 1043/5888 1431/5889
f 1088/5890 1549/5891 1364/5892
f 1436/5893 1213/5894 1431/5895
f 1371/5896 1166/5897 1039/5898
f 1120/5899 1344/5900 1371/5901
f 1375/5902 1228/5903 1381/5904
f 1488/5905 1359/5906 1402/5907
f 1488/5908 1213/5909 1359/5910
f 1494/5911 1079/5912 1488/5913
f 1389/5914 1481/5915 1402/5916
f 1510/5917 1119/5918 1147/5919
f 1618/5920 1294/5921 1331/5922
f 1340/5923 1347/5924 1344/5925
f 1166/5926 1207/5927 1355/5928
f 1124/5929 1390/5930 1125/5931
f 1109/5932 1064/5933 1331/5934
f 1180/5935 1364/5936 1109/5937
f 1166/5938 1371/5939 1207/5940
f 1207/5941 1481/5942 1355/5943
f 1551/5944 1344/5945 1481/5946
f 1402/5947 1481/5948 1344/5949
f 1514/5950 1331/5951 1064/5952
f 1204/5953 1056/5954 1179/5955
f 1397/5956 1241/5957 1245/5958
f 1202/5959 1573/5960 1584/5961
f 1179/5962 1578/5963 1204/5964
f 1056/5965 1475/5966 1179/5967
f 1514/5968 1064/5969 1515/5970
f 1125/5971 1391/5972 1126/5973
f 1337/5974 1515/5975 1364/5976
f 1293/5977 1390/5978 1291/5979
f 1263/5980 1146/5981 1293/5982
f 1207/5983 1551/5984 1481/5985
f 1337/5986 1364/5987 1549/5988
f 1372/5989 1147/5990 1263/5991
f 1549/5992 1372/5993 1263/5994
f 1365/5995 1064/5996 1109/5997
f 1431/5998 1355/5999 1039/6000
f 1391/6001 1146/6002 1160/6003
f 1156/6004 1391/6005 1160/6006
f 1558/6007 1510/6008 1156/6009
f 1166/6010 1355/6011 1043/6012
f 1048/6013 1449/6014 1063/6015
f 1043/6016 1359/6017 1213/6018
f 1166/6019 1043/6020 1055/6021
f 1355/6022 1389/6023 1402/6024
f 1371/6025 1207/6026 1551/6027
f 1435/6028 1079/6029 1436/6030
f 1355/6031 1207/6032 1039/6033
f 1402/6034 1389/6035 1355/6036
f 1441/6037 1216/6038 1449/6039
f 1481/6040 1207/6041 1355/6042
f 1481/6043 1551/6044 1207/6045
f 1431/6046 1039/6047 1436/6048
f 1462/6049 1159/6050 1160/6051
f 1390/6052 1462/6053 1160/6054
f 1515/6055 1514/6056 1088/6057
f 1371/6058 1039/6059 1207/6060
f 1355/6061 1402/6062 1043/6063
f 1216/6064 1063/6065 1449/6066
f 1339/6067 1377/6068 1228/6069
f 1055/6070 1079/6071 1048/6072
f 1043/6073 1213/6074 1055/6075
f 1078/6076 1048/6077 1079/6078
f 1124/6079 1462/6080 1390/6081
f 1147/6082 1372/6083 1510/6084
f 1119/6085 1180/6086 1109/6087
f 1119/6088 1331/6089 1126/6090
f 1109/6091 1331/6092 1119/6093
f 1125/6094 1146/6095 1391/6096
f 1359/6097 1431/6098 1213/6099
f 1431/6100 1402/6101 1355/6102
f 1435/6103 1078/6104 1079/6105
f 1441/6106 1449/6107 1435/6108
f 1345/6109 1618/6110 1558/6111
f 1514/6112 1515/6113 1064/6114
f 1205/6115 1353/6116 1200/6117
f 1200/6118 1264/6119 1205/6120
f 1264/6121 1169/6122 1586/6123
f 1245/6124 1241/6125 1324/6126
f 1353/6127 1205/6128 1264/6129
f 1295/6130 1571/6131 1582/6132
f 1586/6133 1353/6134 1264/6135
f 1310/6136 1215/6137 1475/6138
f 1544/6139 1252/6140 1250/6141
f 1633/6142 1173/6143 1544/6144
f 1329/6145 1432/6146 1519/6147
f 1630/6148 1246/6149 1247/6150
f 1329/6151 1519/6152 1414/6153
f 1429/6154 1518/6155 1397/6156
f 1039/6157 1166/6158 1339/6159
f 1514/6160 1337/6161 1088/6162
f 1337/6163 1344/6164 1120/6165
f 1089/6166 1449/6167 1494/6168
f 1494/6169 1078/6170 1079/6171
f 1337/6172 1549/6173 1263/6174
f 1551/6175 1371/6176 1344/6177
f 1056/6178 1604/6179 1310/6180
f 1325/6181 1172/6182 1324/6183
f 1337/6184 1514/6185 1515/6186
f 1250/6187 1252/6188 1629/6189
f 1310/6190 1572/6191 1215/6192
f 1056/6193 1310/6194 1475/6195
f 1172/6196 1035/6197 1175/6198
f 1175/6199 1174/6200 1172/6201
f 1174/6202 1031/6203 1404/6204
f 1404/6205 1617/6206 1174/6207
f 1200/6208 1581/6209 1295/6210
f 1188/6211 1565/6212 1091/6213
f 1627/6214 1291/6215 1390/6216
f 1180/6217 1109/6218 1364/6219
f 1147/6220 1510/6221 1372/6222
f 1372/6223 1549/6224 1147/6225
f 1496/6226 1089/6227 1557/6228
f 1091/6229 1496/6230 1557/6231
f 1390/6232 1160/6233 1125/6234
f 1492/6235 1494/6236 1449/6237
f 1125/6238 1160/6239 1146/6240
f 1263/6241 1624/6242 1146/6243
f 1627/6244 1520/6245 1291/6246
f 1365/6247 1515/6248 1364/6249
f 1109/6250 1064/6251 1365/6252
f 1484/6253 1488/6254 1079/6255
f 1126/6256 1156/6257 1147/6258
f 1565/6259 1188/6260 1426/6261
f 1450/6262 1565/6263 1426/6264
f 1221/6265 1386/6266 1450/6267
f 1488/6268 1484/6269 1213/6270
f 1124/6271 1159/6272 1462/6273
f 1216/6274 1089/6275 1449/6276
f 1120/6277 1371/6278 1551/6279
f 1088/6280 1624/6281 1549/6282
f 1364/6283 1515/6284 1088/6285
f 1520/6286 1159/6287 1124/6288
f 1624/6289 1147/6290 1549/6291
f 1625/6292 1146/6293 1624/6294
f 1627/6295 1390/6296 1625/6297
f 1515/6298 1109/6299 1364/6300
f 1515/6301 1365/6302 1109/6303
f 1293/6304 1625/6305 1390/6306
f 1625/6307 1293/6308 1146/6309
f 1386/6310 1221/6311 1063/6312
f 1120/6313 1481/6314 1402/6315
f 1120/6316 1402/6317 1484/6318
f 1089/6319 1496/6320 1492/6321
f 1449/6322 1089/6323 1492/6324
f 1549/6325 1180/6326 1364/6327
f 1481/6328 1389/6329 1402/6330
f 1120/6331 1551/6332 1481/6333
f 1078/6334 1435/6335 1048/6336
f 1558/6337 1514/6338 1064/6339
f 1558/6340 1109/6341 1510/6342
f 1109/6343 1180/6344 1510/6345
f 1510/6346 1147/6347 1156/6348
f 1402/6349 1213/6350 1484/6351
f 1558/6352 1064/6353 1109/6354
f 1364/6355 1180/6356 1549/6357
f 1494/6358 1492/6359 1078/6360
f 1391/6361 1156/6362 1126/6363
f 1213/6364 1436/6365 1055/6366
f 1079/6367 1078/6368 1492/6369
f 1484/6370 1079/6371 1492/6372
f 1119/6373 1510/6374 1180/6375
f 1216/6376 1441/6377 1063/6378
f 1089/6379 1216/6380 1449/6381
f 1349/6382 1385/6383 1351/6384
f 1568/6385 1235/6386 1579/6387
f 1579/6388 1248/6389 1489/6390
f 1532/6391 1248/6392 1235/6393
f 1524/6394 1533/6395 1532/6396
f 1560/6397 1579/6398 1576/6399
f 1234/6400 1485/6401 1242/6402
f 1525/6403 1234/6404 1533/6405
f 1223/6406 1576/6407 1234/6408
f 1333/6409 1384/6410 1343/6411
f 1343/6412 1385/6413 1349/6414
f 1326/6415 1332/6416 1335/6417
f 1326/6418 1335/6419 1338/6420
f 1533/6421 1242/6422 1149/6423
f 1579/6424 1485/6425 1576/6426
f 1533/6427 1154/6428 1532/6429
f 1223/6430 1560/6431 1576/6432
f 1334/6433 1335/6434 1332/6435
f 1225/6436 1532/6437 1235/6438
f 1568/6439 1225/6440 1235/6441
f 1560/6442 1568/6443 1579/6444
f 1225/6445 1524/6446 1532/6447
f 1349/6448 1351/6449 1334/6450
f 1525/6451 1223/6452 1234/6453
f 1326/6454 1357/6455 1333/6456
f 1524/6457 1525/6458 1533/6459
f 1532/6460 1154/6461 1248/6462
f 1533/6463 1234/6464 1242/6465
f 1326/6466 1338/6467 1357/6468
f 1533/6469 1149/6470 1154/6471
f 1579/6472 1235/6473 1248/6474
f 1234/6475 1576/6476 1485/6477
f 1579/6478 1489/6479 1485/6480
f 1333/6481 1357/6482 1384/6483
f 1343/6484 1384/6485 1385/6486
f 1334/6487 1351/6488 1335/6489
f 1563/6490 1257/6491 1559/6492
f 1563/6493 1281/6494 1257/6495
f 1541/6496 1211/6497 1536/6498
f 1541/6499 1220/6500 1211/6501
f 1281/6502 1553/6503 1257/6504
f 1281/6505 1561/6506 1553/6507
f 1220/6508 1537/6509 1211/6510
f 1220/6511 1543/6512 1537/6513
f 1548/6514 1561/6515 1281/6516
f 1257/6517 1553/6518 1536/6519
f 1536/6520 1211/6521 1257/6522
f 1211/6523 1537/6524 1257/6525
f 1537/6526 1559/6527 1257/6528
f 1548/6529 1563/6530 1543/6531
f 1543/6532 1559/6533 1537/6534
f 1543/6535 1563/6536 1559/6537
f 1561/6538 1536/6539 1553/6540
f 1561/6541 1541/6542 1536/6543
f 1548/6544 1543/6545 1220/6546
f 1548/6547 1220/6548 1541/6549
f 1548/6550 1541/6551 1561/6552
f 1548/6553 1281/6554 1563/6555
f 1218/6556 1382/6557 1366/6558
f 1382/6559 1218/6560 1217/6561
f 1382/6562 1217/6563 1366/6564
f 1218/6565 1366/6566 1217/6567
f 1596/6568 1619/6569 1470/6570
f 1463/6571 1464/6572 1598/6573
f 1354/6574 1463/6575 1470/6576
f 1354/6577 1464/6578 1463/6579
f 1471/6580 1620/6581 1464/6582
f 1463/6583 1598/6584 1596/6585
f 1471/6586 1619/6587 1620/6588
f 1354/6589 1471/6590 1464/6591
f 1620/6592 1598/6593 1464/6594
f 1619/6595 1598/6596 1620/6597
f 1354/6598 1470/6599 1471/6600
f 1471/6601 1470/6602 1619/6603
f 1619/6604 1596/6605 1598/6606
f 1463/6607 1596/6608 1470/6609
f 1473/6610 1612/6611 1460/6612
f 1341/6613 1460/6614 1459/6615
f 1341/6616 1459/6617 1472/6618
f 1611/6619 1605/6620 1597/6621
f 1612/6622 1597/6623 1460/6624
f 1473/6625 1472/6626 1611/6627
f 1341/6628 1472/6629 1473/6630
f 1473/6631 1611/6632 1612/6633
f 1611/6634 1597/6635 1612/6636
f 1459/6637 1597/6638 1605/6639
f 1459/6640 1605/6641 1472/6642
f 1605/6643 1611/6644 1472/6645
f 1341/6646 1473/6647 1460/6648
f 1459/6649 1460/6650 1597/6651
f 1600/6652 1616/6653 1468/6654
f 1456/6655 1606/6656 1600/6657
f 1456/6658 1600/6659 1468/6660
f 1456/6661 1457/6662 1606/6663
f 1616/6664 1606/6665 1613/6666
f 1474/6667 1613/6668 1457/6669
f 1342/6670 1468/6671 1474/6672
f 1613/6673 1606/6674 1457/6675
f 1342/6676 1474/6677 1457/6678
f 1342/6679 1457/6680 1456/6681
f 1616/6682 1600/6683 1606/6684
f 1474/6685 1468/6686 1616/6687
f 1342/6688 1456/6689 1468/6690
f 1474/6691 1616/6692 1613/6693
f 1336/6694 1467/6695 1453/6696
f 1467/6697 1615/6698 1453/6699
f 1454/6700 1453/6701 1601/6702
f 1336/6703 1454/6704 1465/6705
f 1615/6706 1601/6707 1453/6708
f 1454/6709 1601/6710 1599/6711
f 1336/6712 1453/6713 1454/6714
f 1467/6715 1465/6716 1614/6717
f 1599/6718 1614/6719 1465/6720
f 1336/6721 1465/6722 1467/6723
f 1614/6724 1601/6725 1615/6726
f 1467/6727 1614/6728 1615/6729
f 1614/6730 1599/6731 1601/6732
f 1454/6733 1599/6734 1465/6735
f 1466/6736 1461/6737 1607/6738
f 1348/6739 1461/6740 1466/6741
f 1607/6742 1593/6743 1610/6744
f 1466/6745 1607/6746 1610/6747
f 1451/6748 1593/6749 1590/6750
f 1466/6751 1610/6752 1452/6753
f 1451/6754 1590/6755 1461/6756
f 1607/6757 1590/6758 1593/6759
f 1610/6760 1593/6761 1452/6762
f 1451/6763 1452/6764 1593/6765
f 1348/6766 1451/6767 1461/6768
f 1590/6769 1607/6770 1461/6771
f 1348/6772 1452/6773 1451/6774
f 1348/6775 1466/6776 1452/6777
f 1307/6778 1132/6779 1096/6780
f 1314/6781 1307/6782 1424/6783
f 1301/6784 1311/6785 1424/6786
f 1096/6787 1301/6788 1307/6789
f 1095/6790 1311/6791 1301/6792
f 1131/6793 1314/6794 1311/6795
f 1301/6796 1424/6797 1307/6798
f 1095/6799 1301/6800 1096/6801
f 1314/6802 1424/6803 1311/6804
f 1311/6805 1095/6806 1131/6807
f 1132/6808 1307/6809 1314/6810
f 1095/6811 1096/6812 1132/6813
f 1132/6814 1314/6815 1131/6816
f 1095/6817 1132/6818 1131/6819
f 1306/6820 1123/6821 1069/6822
f 1069/6823 1265/6824 1306/6825
f 1305/6826 1417/6827 1298/6828
f 1130/6829 1305/6830 1298/6831
f 1265/6832 1298/6833 1417/6834
f 1080/6835 1298/6836 1265/6837
f 1080/6838 1123/6839 1130/6840
f 1123/6841 1305/6842 1130/6843
f 1080/6844 1265/6845 1069/6846
f 1305/6847 1306/6848 1417/6849
f 1123/6850 1306/6851 1305/6852
f 1080/6853 1069/6854 1123/6855
f 1298/6856 1080/6857 1130/6858
f 1265/6859 1417/6860 1306/6861
f 1071/6862 1267/6863 1273/6864
f 1273/6865 1098/6866 1071/6867
f 1070/6868 1267/6869 1071/6870
f 1098/6871 1308/6872 1122/6873
f 1070/6874 1098/6875 1122/6876
f 1070/6877 1266/6878 1267/6879
f 1122/6880 1308/6881 1266/6882
f 1266/6883 1070/6884 1122/6885
f 1267/6886 1406/6887 1273/6888
f 1308/6889 1406/6890 1266/6891
f 1070/6892 1071/6893 1098/6894
f 1098/6895 1273/6896 1308/6897
f 1267/6898 1266/6899 1406/6900
f 1308/6901 1273/6902 1406/6903
f 1272/6904 1097/6905 1083/6906
f 1284/6907 1411/6908 1272/6909
f 1081/6910 1284/6911 1083/6912
f 1081/6913 1097/6914 1117/6915
f 1282/6916 1081/6917 1117/6918
f 1083/6919 1284/6920 1272/6921
f 1097/6922 1272/6923 1271/6924
f 1271/6925 1272/6926 1411/6927
f 1081/6928 1083/6929 1097/6930
f 1271/6931 1411/6932 1282/6933
f 1284/6934 1282/6935 1411/6936
f 1117/6937 1271/6938 1282/6939
f 1081/6940 1282/6941 1284/6942
f 1097/6943 1271/6944 1117/6945
f 1084/6946 1285/6947 1283/6948
f 1102/6949 1290/6950 1099/6951
f 1082/6952 1283/6953 1289/6954
f 1084/6955 1102/6956 1099/6957
f 1084/6958 1283/6959 1082/6960
f 1290/6961 1289/6962 1407/6963
f 1283/6964 1285/6965 1407/6966
f 1102/6967 1289/6968 1290/6969
f 1285/6970 1084/6971 1099/6972
f 1283/6973 1407/6974 1289/6975
f 1099/6976 1290/6977 1285/6978
f 1290/6979 1407/6980 1285/6981
f 1084/6982 1082/6983 1102/6984
f 1289/6985 1102/6986 1082/6987
f 1074/6988 1101/6989 1104/6990
f 1101/6991 1279/6992 1104/6993
f 1101/6994 1275/6995 1279/6996
f 1270/6997 1074/6998 1104/6999
f 1268/7000 1405/7001 1275/7002
f 1074/7003 1072/7004 1101/7005
f 1279/7006 1275/7007 1405/7008
f 1275/7009 1101/7010 1072/7011
f 1074/7012 1270/7013 1268/7014
f 1268/7015 1270/7016 1405/7017
f 1104/7018 1279/7019 1270/7020
f 1072/7021 1268/7022 1275/7023
f 1279/7024 1405/7025 1270/7026
f 1074/7027 1268/7028 1072/7029
f 1085/7030 1286/7031 1274/7032
f 1274/7033 1100/7034 1085/7035
f 1073/7036 1085/7037 1100/7038
f 1100/7039 1274/7040 1277/7041
f 1100/7042 1277/7043 1092/7044
f 1073/7045 1100/7046 1092/7047
f 1073/7048 1286/7049 1085/7050
f 1073/7051 1269/7052 1286/7053
f 1286/7054 1269/7055 1401/7056
f 1277/7057 1274/7058 1401/7059
f 1286/7060 1401/7061 1274/7062
f 1269/7063 1073/7064 1092/7065
f 1092/7066 1277/7067 1269/7068
f 1277/7069 1401/7070 1269/7071
f 1278/7072 1288/7073 1416/7074
f 1106/7075 1288/7076 1278/7077
f 1086/7078 1057/7079 1106/7080
f 1258/7081 1287/7082 1416/7083
f 1086/7084 1287/7085 1258/7086
f 1106/7087 1278/7088 1103/7089
f 1086/7090 1258/7091 1057/7092
f 1086/7093 1106/7094 1103/7095
f 1287/7096 1086/7097 1103/7098
f 1258/7099 1416/7100 1288/7101
f 1288/7102 1106/7103 1057/7104
f 1057/7105 1258/7106 1288/7107
f 1103/7108 1278/7109 1287/7110
f 1278/7111 1416/7112 1287/7113
f 1058/7114 1105/7115 1107/7116
f 1105/7117 1280/7118 1276/7119
f 1260/7120 1399/7121 1280/7122
f 1058/7123 1259/7124 1260/7125
f 1059/7126 1260/7127 1280/7128
f 1276/7129 1280/7130 1399/7131
f 1260/7132 1259/7133 1399/7134
f 1280/7135 1105/7136 1059/7137
f 1259/7138 1058/7139 1107/7140
f 1107/7141 1276/7142 1259/7143
f 1276/7144 1399/7145 1259/7146
f 1105/7147 1276/7148 1107/7149
f 1058/7150 1059/7151 1105/7152
f 1058/7153 1260/7154 1059/7155
f 1060/7156 1254/7157 1053/7158
f 1075/7159 1255/7160 1262/7161
f 1060/7162 1053/7163 1075/7164
f 1261/7165 1060/7166 1076/7167
f 1255/7168 1075/7169 1053/7170
f 1053/7171 1254/7172 1255/7173
f 1254/7174 1261/7175 1400/7176
f 1254/7177 1400/7178 1255/7179
f 1060/7180 1075/7181 1076/7182
f 1075/7183 1262/7184 1076/7185
f 1262/7186 1400/7187 1261/7188
f 1076/7189 1262/7190 1261/7191
f 1060/7192 1261/7193 1254/7194
f 1262/7195 1255/7196 1400/7197
f 1193/7198 1168/7199 1192/7200
f 1193/7201 1192/7202 1165/7203
f 1168/7204 1165/7205 1192/7206
f 1168/7207 1193/7208 1165/7209
f 1192/7210 1168/7211 1193/7212
f 1192/7213 1193/7214 1165/7215
f 1165/7216 1168/7217 1192/7218
f 1165/7219 1193/7220 1168/7221
f 1238/7222 1506/7223 1244/7224
f 1236/7225 1564/7226 1503/7227
f 1413/7228 1506/7229 1238/7230
f 1244/7231 1506/7232 1564/7233
f 1562/7234 1413/7235 1238/7236
f 1236/7237 1244/7238 1564/7239
f 1170/7240 1504/7241 1413/7242
f 1564/7243 1506/7244 1238/7245
f 1506/7246 1413/7247 1562/7248
f 1236/7249 1177/7250 1555/7251
f 1564/7252 1108/7253 1506/7254
f 1506/7255 1562/7256 1238/7257
f 1562/7258 1504/7259 1170/7260
f 1236/7261 1564/7262 1177/7263
f 1506/7264 1108/7265 1564/7266
f 1413/7267 1504/7268 1562/7269
f 1244/7270 1555/7271 1238/7272
f 1177/7273 1238/7274 1555/7275
f 1555/7276 1244/7277 1236/7278
f 1170/7279 1413/7280 1562/7281
f 1238/7282 1177/7283 1564/7284
f 1564/7285 1236/7286 1503/7287
f 1158/7288 1161/7289 1153/7290
f 1161/7291 1588/7292 1157/7293
f 1157/7294 1588/7295 1585/7296
f 1161/7297 1158/7298 1591/7299
f 1161/7300 1591/7301 1587/7302
f 1157/7303 1585/7304 1153/7305
f 1158/7306 1585/7307 1591/7308
f 1588/7309 1591/7310 1585/7311
f 1153/7312 1161/7313 1157/7314
f 1588/7315 1587/7316 1591/7317
f 1161/7318 1587/7319 1588/7320
f 1158/7321 1153/7322 1585/7323
f 1623/7324 1622/7325 1621/7326
f 1622/7327 1138/7328 1621/7329
f 1623/7330 1139/7331 1622/7332
f 1138/7333 1139/7334 1621/7335
f 1139/7336 1623/7337 1621/7338
f 1622/7339 1139/7340 1138/7341
f 1482/7342 1054/7343 1068/7344
f 1482/7345 1068/7346 1054/7347
f 1487/7348 1066/7349 1480/7350
f 1480/7351 1066/7352 1487/7353
f 1479/7354 1047/7355 1045/7356
f 1479/7357 1045/7358 1047/7359
f 1476/7360 1046/7361 1050/7362
f 1476/7363 1050/7364 1046/7365
f 1477/7366 1042/7367 1478/7368
f 1478/7369 1042/7370 1477/7371
f 1300/7372 1121/7373 1128/7374
f 1302/7375 1300/7376 1423/7377
f 1313/7378 1136/7379 1113/7380
f 1136/7381 1319/7382 1128/7383
f 1121/7384 1136/7385 1128/7386
f 1121/7387 1300/7388 1302/7389
f 1128/7390 1319/7391 1300/7392
f 1319/7393 1423/7394 1300/7395
f 1302/7396 1423/7397 1313/7398
f 1319/7399 1313/7400 1423/7401
f 1136/7402 1313/7403 1319/7404
f 1121/7405 1113/7406 1136/7407
f 1113/7408 1302/7409 1313/7410
f 1121/7411 1302/7412 1113/7413
f 1137/7414 1312/7415 1135/7416
f 1112/7417 1137/7418 1135/7419
f 1135/7420 1312/7421 1299/7422
f 1112/7423 1304/7424 1116/7425
f 1304/7426 1299/7427 1440/7428
f 1116/7429 1304/7430 1317/7431
f 1312/7432 1317/7433 1440/7434
f 1312/7435 1440/7436 1299/7437
f 1112/7438 1116/7439 1137/7440
f 1137/7441 1317/7442 1312/7443
f 1317/7444 1137/7445 1116/7446
f 1112/7447 1299/7448 1304/7449
f 1304/7450 1440/7451 1317/7452
f 1299/7453 1112/7454 1135/7455
f 1316/7456 1129/7457 1115/7458
f 1296/7459 1425/7460 1316/7461
f 1115/7462 1296/7463 1316/7464
f 1114/7465 1303/7466 1296/7467
f 1303/7468 1114/7469 1127/7470
f 1315/7471 1316/7472 1425/7473
f 1129/7474 1316/7475 1315/7476
f 1114/7477 1129/7478 1127/7479
f 1296/7480 1303/7481 1425/7482
f 1127/7483 1315/7484 1303/7485
f 1315/7486 1425/7487 1303/7488
f 1114/7489 1115/7490 1129/7491
f 1114/7492 1296/7493 1115/7494
f 1129/7495 1315/7496 1127/7497
f 1036/7498 1037/7499 1528/7500
f 1040/7501 1036/7502 1297/7503
f 1519/7504 1040/7505 1052/7506
f 1380/7507 1432/7508 1195/7509
f 1414/7510 1519/7511 1522/7512
f 1345/7513 1634/7514 1044/7515
f 1634/7516 1448/7517 1458/7518
f 1428/7519 1378/7520 1422/7521
f 1628/7522 1363/7523 1446/7524
f 1609/7525 1572/7526 1575/7527
f 1037/7528 1554/7529 1569/7530
f 1432/7531 1329/7532 1094/7533
f 1246/7534 1252/7535 1201/7536
f 1252/7537 1544/7538 1626/7539
f 1398/7540 1241/7541 1523/7542
f 1469/7543 1376/7544 1592/7545
f 1214/7546 1383/7547 1531/7548
f 1582/7549 1584/7550 1330/7551
f 1584/7552 1215/7553 1535/7554
f 1396/7555 1582/7556 1361/7557
f 1215/7558 1214/7559 1187/7560
f 1580/7561 1469/7562 1592/7563
f 1572/7564 1573/7565 1203/7566
f 1571/7567 1151/7568 1163/7569
f 1370/7570 1380/7571 1509/7572
f 1049/7573 1056/7574 1529/7575
f 1363/7576 1370/7577 1439/7578
f 1056/7579 1204/7580 1502/7581
f 1250/7582 1247/7583 1189/7584
f 1578/7585 1179/7586 1327/7587
f 1383/7588 1578/7589 1369/7590
f 1633/7591 1250/7592 1253/7593
f 1245/7594 1583/7595 1603/7596
f 1339/7597 1166/7598 1176/7599
f 1263/7600 1293/7601 1552/7602
f 1573/7603 1571/7604 1517/7605
f 1247/7606 1245/7607 1038/7608
f 1469/7609 1049/7610 1592/7611
f 1583/7612 1580/7613 1602/7614
f 1501/7615 1381/7616 1427/7617
f 1049/7618 1469/7619 1592/7620
f 1554/7621 1428/7622 1539/7623
f 1241/7624 1246/7625 1239/7626
f 1151/7627 1356/7628 1237/7629
f 1375/7630 1628/7631 1322/7632
f 1448/7633 1396/7634 1434/7635
f 1392/7636 1398/7637 1433/7638
f 1376/7639 1362/7640 1412/7641
f 1475/7642 1049/7643 1592/7644
f 1179/7645 1475/7646 1592/7647
f 1091/7648 1565/7649 1567/7650
f 1344/7651 1347/7652 1508/7653
f 1347/7654 1340/7655 1368/7656
f 1331/7657 1294/7658 1034/7659
f 1088/7660 1120/7661 1143/7662
f 1228/7663 1377/7664 1521/7665
f 1381/7666 1228/7667 1118/7668
f 1426/7669 1188/7670 1191/7671
f 1055/7672 1048/7673 1483/7674
f 1156/7675 1160/7676 1526/7677
f 1039/7678 1375/7679 1322/7680
f 1484/7681 1492/7682 1545/7683
f 1356/7684 1558/7685 1570/7686
f 1377/7687 1339/7688 1511/7689
f 1494/7690 1488/7691 1210/7692
f 1294/7693 1618/7694 1538/7695
f 1125/7696 1126/7697 1420/7698
f 1221/7699 1426/7700 1636/7701
f 1166/7702 1055/7703 1209/7704
f 1126/7705 1331/7706 1350/7707
f 1488/7708 1344/7709 1379/7710
f 1293/7711 1291/7712 1232/7713
f 1124/7714 1125/7715 1444/7716
f 1520/7717 1124/7718 1134/7719
f 1160/7720 1159/7721 1410/7722
f 1063/7723 1221/7724 1513/7725
f 1450/7726 1386/7727 1387/7728
f 1441/7729 1435/7730 1409/7731
f 1520/7732 1627/7733 1632/7734
f 1624/7735 1088/7736 1142/7737
f 1618/7738 1345/7739 1631/7740
f 1048/7741 1063/7742 1346/7743
f 1386/7744 1441/7745 1442/7746
f 1435/7747 1436/7748 1360/7749
f 1362/7750 1392/7751 1418/7752
f 1544/7753 1414/7754 1415/7755
f 1546/7756 1318/7757 1226/7758
f 1378/7759 1501/7760 1507/7761
f 1340/7762 1337/7763 1212/7764
f 1337/7765 1263/7766 1167/7767
f 1204/7768 1546/7769 1516/7770
f 1089/7771 1494/7772 1505/7773
f 1557/7774 1089/7775 1499/7776
f 1173/7777 1633/7778 1594/7779
f 1318/7780 1609/7781 1145/7782
f 1436/7783 1039/7784 1087/7785
f 1329/7786 1173/7787 1534/7788
f 1565/7789 1450/7790 1455/7791
f 1625/7792 1624/7793 1352/7794
f 1492/7795 1496/7796 1419/7797
f 1496/7798 1091/7799 1566/7800
f 1120/7801 1484/7802 1061/7803
f 1627/7804 1625/7805 1141/7806
f 1159/7807 1520/7808 1550/7809
f 1558/7810 1156/7811 1208/7812
f 1188/7813 1557/7814 1527/7815
f 1291/7816 1520/7817 1134/7818
f 1485/7819 1489/7820 1491/7821
f 1349/7822 1334/7823 1152/7824
f 1343/7825 1349/7826 1152/7827
f 1333/7828 1343/7829 1152/7830
f 1242/7831 1485/7832 1542/7833
f 1489/7834 1248/7835 1185/7836
f 1154/7837 1149/7838 1148/7839
f 1149/7840 1242/7841 1443/7842
f 1248/7843 1154/7844 1574/7845
f 1326/7846 1333/7847 1332/7848
f 1182/7849 1062/7850 1067/7851
f 1062/7852 1182/7853 1493/7854
f 1497/7855 1093/7856 1199/7857
f 1111/7858 1438/7859 1320/7860
f 1528/7861 1297/7862 1036/7863
f 1297/7864 1447/7865 1040/7866
f 1052/7867 1229/7868 1519/7869
f 1195/7870 1388/7871 1380/7872
f 1522/7873 1110/7874 1414/7875
f 1044/7876 1051/7877 1345/7878
f 1458/7879 1186/7880 1634/7881
f 1422/7882 1230/7883 1428/7884
f 1446/7885 1041/7886 1628/7887
f 1575/7888 1184/7889 1609/7890
f 1569/7891 1528/7892 1037/7893
f 1094/7894 1437/7895 1432/7896
f 1201/7897 1239/7898 1246/7899
f 1626/7900 1251/7901 1252/7902
f 1523/7903 1433/7904 1398/7905
f 1531/7906 1219/7907 1214/7908
f 1330/7909 1361/7910 1582/7911
f 1535/7912 1330/7913 1584/7914
f 1361/7915 1434/7916 1396/7917
f 1187/7918 1589/7919 1215/7920
f 1203/7921 1374/7922 1572/7923
f 1163/7924 1517/7925 1571/7926
f 1509/7927 1439/7928 1370/7929
f 1529/7930 1592/7931 1049/7932
f 1439/7933 1446/7934 1363/7935
f 1502/7936 1065/7937 1056/7938
f 1189/7939 1408/7940 1250/7941
f 1327/7942 1577/7943 1578/7944
f 1369/7945 1403/7946 1383/7947
f 1253/7948 1178/7949 1633/7950
f 1603/7951 1038/7952 1245/7953
f 1176/7954 1194/7955 1339/7956
f 1552/7957 1167/7958 1263/7959
f 1517/7960 1203/7961 1573/7962
f 1038/7963 1189/7964 1247/7965
f 1602/7966 1603/7967 1583/7968
f 1427/7969 1030/7970 1501/7971
f 1539/7972 1569/7973 1554/7974
f 1239/7975 1523/7976 1241/7977
f 1237/7978 1163/7979 1151/7980
f 1434/7981 1033/7982 1448/7983
f 1433/7984 1227/7985 1392/7986
f 1412/7987 1592/7988 1376/7989
f 1567/7990 1144/7991 1091/7992
f 1508/7993 1379/7994 1344/7995
f 1368/7996 1367/7997 1347/7998
f 1034/7999 1350/8000 1331/8001
f 1521/8002 1240/8003 1228/8004
f 1118/8005 1427/8006 1381/8007
f 1191/8008 1140/8009 1426/8010
f 1483/8011 1209/8012 1055/8013
f 1526/8014 1208/8015 1156/8016
f 1545/8017 1061/8018 1484/8019
f 1570/8020 1495/8021 1356/8022
f 1511/8023 1421/8024 1377/8025
f 1210/8026 1505/8027 1494/8028
f 1538/8029 1321/8030 1294/8031
f 1420/8032 1444/8033 1125/8034
f 1636/8035 1222/8036 1221/8037
f 1209/8038 1176/8039 1166/8040
f 1350/8041 1420/8042 1126/8043
f 1379/8044 1210/8045 1488/8046
f 1232/8047 1552/8048 1293/8049
f 1512/8050 1292/8051 1291/8052
f 1444/8053 1190/8054 1124/8055
f 1410/8056 1526/8057 1160/8058
f 1513/8059 1077/8060 1063/8061
f 1387/8062 1029/8063 1450/8064
f 1409/8065 1233/8066 1441/8067
f 1632/8068 1231/8069 1520/8070
f 1142/8071 1352/8072 1624/8073
f 1631/8074 1635/8075 1618/8076
f 1346/8077 1483/8078 1048/8079
f 1442/8080 1540/8081 1386/8082
f 1360/8083 1409/8084 1435/8085
f 1418/8086 1412/8087 1362/8088
f 1415/8089 1256/8090 1544/8091
f 1226/8092 1547/8093 1546/8094
f 1507/8095 1224/8096 1378/8097
f 1212/8098 1368/8099 1340/8100
f 1167/8101 1358/8102 1337/8103
f 1516/8104 1206/8105 1204/8106
f 1505/8107 1530/8108 1089/8109
f 1499/8110 1133/8111 1557/8112
f 1594/8113 1171/8114 1173/8115
f 1145/8116 1309/8117 1318/8118
f 1087/8119 1360/8120 1436/8121
f 1534/8122 1328/8123 1329/8124
f 1231/8125 1134/8126 1520/8127
f 1455/8128 1196/8129 1565/8130
f 1352/8131 1141/8132 1625/8133
f 1419/8134 1545/8135 1492/8136
f 1566/8137 1500/8138 1496/8139
f 1061/8140 1143/8141 1120/8142
f 1141/8143 1198/8144 1627/8145
f 1550/8146 1162/8147 1159/8148
f 1208/8149 1570/8150 1558/8151
f 1527/8152 1191/8153 1188/8154
f 1491/8155 1486/8156 1485/8157
f 1542/8158 1243/8159 1242/8160
f 1185/8161 1490/8162 1489/8163
f 1148/8164 1155/8165 1154/8166
f 1443/8167 1150/8168 1149/8169
f 1574/8170 1249/8171 1248/8172
f 1497/8173 1199/8174 1093/8175
f 1164/8176 1320/8177 1438/8178
f 1519/8179 1229/8180 1522/8181
f 1448/8182 1033/8183 1458/8184
f 1040/8185 1447/8186 1052/8187
f 1392/8188 1227/8189 1418/8190
f 1378/8191 1224/8192 1422/8193
f 1356/8194 1394/8195 1237/8196
f 1414/8197 1110/8198 1415/8199
f 1329/8200 1328/8201 1094/8202
f 1380/8203 1388/8204 1509/8205
f 1432/8206 1437/8207 1195/8208
f 1252/8209 1251/8210 1201/8211
f 1544/8212 1256/8213 1626/8214
f 1179/8215 1592/8216 1181/8217
f 1383/8218 1403/8219 1531/8220
f 1501/8221 1030/8222 1507/8223
f 1215/8224 1589/8225 1535/8226
f 1214/8227 1219/8228 1187/8229
f 1572/8230 1374/8231 1575/8232
f 1179/8233 1181/8234 1327/8235
f 1056/8236 1065/8237 1529/8238
f 1609/8239 1184/8240 1608/8241
f 1628/8242 1041/8243 1322/8244
f 1250/8245 1408/8246 1253/8247
f 1204/8248 1206/8249 1502/8250
f 1580/8251 1592/8252 1602/8253
f 1318/8254 1309/8255 1226/8256
f 1173/8257 1171/8258 1534/8259
f 1337/8260 1358/8261 1212/8262
f 1634/8263 1186/8264 1044/8265
f 1345/8266 1051/8267 1393/8268
f 1578/8269 1577/8270 1369/8271
f 1428/8272 1445/8273 1539/8274
f 1618/8275 1635/8276 1538/8277
f 1339/8278 1373/8279 1511/8280
f 1345/8281 1393/8282 1631/8283
f 1347/8284 1395/8285 1508/8286
f 1347/8287 1367/8288 1395/8289
f 1377/8290 1421/8291 1521/8292
f 1426/8293 1430/8294 1636/8295
f 1221/8296 1222/8297 1513/8298
f 1124/8299 1190/8300 1134/8301
f 1291/8302 1292/8303 1232/8304
f 1088/8305 1143/8306 1142/8307
f 1063/8308 1077/8309 1346/8310
f 1386/8311 1540/8312 1387/8313
f 1627/8314 1198/8315 1632/8316
f 1356/8317 1495/8318 1394/8319
f 1450/8320 1029/8321 1455/8322
f 1294/8323 1321/8324 1034/8325
f 1228/8326 1240/8327 1118/8328
f 1546/8329 1547/8330 1516/8331
f 1428/8332 1230/8333 1445/8334
f 1291/8335 1134/8336 1512/8337
f 1339/8338 1194/8339 1373/8340
f 1557/8341 1133/8342 1556/8343
f 1089/8344 1530/8345 1499/8346
f 1633/8347 1178/8348 1594/8349
f 1609/8350 1608/8351 1145/8352
f 1565/8353 1196/8354 1567/8355
f 1091/8356 1144/8357 1090/8358
f 1520/8359 1134/8360 1550/8361
f 1091/8362 1090/8363 1566/8364
f 1496/8365 1500/8366 1419/8367
f 1441/8368 1233/8369 1442/8370
f 1159/8371 1162/8372 1410/8373
f 1426/8374 1140/8375 1430/8376
f 1557/8377 1556/8378 1527/8379
f 1039/8380 1322/8381 1087/8382
f 1149/8383 1150/8384 1148/8385
f 1489/8386 1490/8387 1491/8388
f 1242/8389 1243/8390 1443/8391
f 1334/8392 1332/8393 1152/8394
f 1248/8395 1249/8396 1185/8397
f 1485/8398 1486/8399 1542/8400
f 1154/8401 1155/8402 1574/8403
f 1333/8404 1152/8405 1332/8406
f 1062/8407 1493/8408 1067/8409
f 1182/8410 1183/8411 1493/8412
f 1182/8413 1067/8414 1183/8415
f 1497/8416 1199/8417 1498/8418
f 1189/8419 1408/8420 1253/8421
f 1594/8422 1171/8423 1534/8424
f 1534/8425 1328/8426 1094/8427
f 1094/8428 1437/8429 1195/8430
f 1509/8431 1439/8432 1446/8433
f 1360/8434 1409/8435 1233/8436
f 1540/8437 1387/8438 1029/8439
f 1029/8440 1455/8441 1196/8442
f 1196/8443 1567/8444 1144/8445
f 1144/8446 1090/8447 1566/8448
f 1500/8449 1419/8450 1545/8451
f 1141/8452 1198/8453 1632/8454
f 1550/8455 1162/8456 1410/8457
f 1526/8458 1208/8459 1570/8460
f 1570/8461 1495/8462 1394/8463
f 1394/8464 1237/8465 1163/8466
f 1517/8467 1203/8468 1374/8469
f 1575/8470 1184/8471 1608/8472
f 1145/8473 1309/8474 1226/8475
f 1547/8476 1516/8477 1206/8478
f 1065/8479 1529/8480 1592/8481
f 1181/8482 1327/8483 1577/8484
f 1403/8485 1531/8486 1219/8487
f 1219/8488 1187/8489 1589/8490
f 1589/8491 1535/8492 1330/8493
f 1330/8494 1361/8495 1434/8496
f 1033/8497 1458/8498 1186/8499
f 1186/8500 1044/8501 1051/8502
f 1051/8503 1393/8504 1631/8505
f 1631/8506 1635/8507 1538/8508
f 1538/8509 1321/8510 1034/8511
f 1350/8512 1420/8513 1444/8514
f 1292/8515 1232/8516 1552/8517
f 1212/8518 1368/8519 1367/8520
f 1367/8521 1395/8522 1508/8523
f 1379/8524 1210/8525 1505/8526
f 1505/8527 1530/8528 1499/8529
f 1499/8530 1133/8531 1556/8532
f 1556/8533 1527/8534 1191/8535
f 1191/8536 1140/8537 1430/8538
f 1636/8539 1222/8540 1513/8541
f 1513/8542 1077/8543 1346/8544
f 1483/8545 1209/8546 1176/8547
f 1176/8548 1194/8549 1373/8550
f 1373/8551 1511/8552 1421/8553
f 1118/8554 1427/8555 1030/8556
f 1507/8557 1224/8558 1422/8559
f 1422/8560 1230/8561 1445/8562
f 1445/8563 1539/8564 1569/8565
f 1528/8566 1297/8567 1447/8568
f 1229/8569 1522/8570 1110/8571
f 1626/8572 1251/8573 1201/8574
f 1239/8575 1523/8576 1433/8577
f 1418/8578 1412/8579 1592/8580
f 1038/8581 1189/8582 1253/8583
f 1253/8584 1178/8585 1594/8586
f 1594/8587 1534/8588 1094/8589
f 1094/8590 1195/8591 1388/8592
f 1509/8593 1446/8594 1041/8595
f 1360/8596 1233/8597 1442/8598
f 1540/8599 1029/8600 1196/8601
f 1196/8602 1144/8603 1566/8604
f 1500/8605 1545/8606 1061/8607
f 1352/8608 1141/8609 1632/8610
f 1550/8611 1410/8612 1526/8613
f 1163/8614 1517/8615 1374/8616
f 1374/8617 1575/8618 1608/8619
f 1145/8620 1226/8621 1547/8622
f 1547/8623 1206/8624 1502/8625
f 1181/8626 1577/8627 1369/8628
f 1219/8629 1589/8630 1330/8631
f 1434/8632 1033/8633 1186/8634
f 1186/8635 1051/8636 1631/8637
f 1631/8638 1538/8639 1034/8640
f 1350/8641 1444/8642 1190/8643
f 1292/8644 1552/8645 1167/8646
f 1358/8647 1212/8648 1367/8649
f 1367/8650 1508/8651 1379/8652
f 1505/8653 1499/8654 1556/8655
f 1556/8656 1191/8657 1430/8658
f 1636/8659 1513/8660 1346/8661
f 1483/8662 1176/8663 1373/8664
f 1373/8665 1421/8666 1521/8667
f 1240/8668 1118/8669 1030/8670
f 1507/8671 1422/8672 1445/8673
f 1445/8674 1569/8675 1528/8676
f 1528/8677 1447/8678 1052/8679
f 1229/8680 1110/8681 1415/8682
f 1626/8683 1201/8684 1239/8685
f 1433/8686 1227/8687 1418/8688
f 1418/8689 1592/8690 1602/8691
f 1038/8692 1253/8693 1594/8694
f 1594/8695 1094/8696 1388/8697
f 1442/8698 1540/8699 1196/8700
f 1196/8701 1566/8702 1500/8703
f 1142/8704 1352/8705 1632/8706
f 1632/8707 1231/8708 1134/8709
f 1374/8710 1608/8711 1145/8712
f 1145/8713 1547/8714 1502/8715
f 1219/8716 1330/8717 1434/8718
f 1434/8719 1186/8720 1631/8721
f 1631/8722 1034/8723 1350/8724
f 1358/8725 1367/8726 1379/8727
f 1379/8728 1505/8729 1556/8730
f 1636/8731 1346/8732 1483/8733
f 1373/8734 1521/8735 1240/8736
f 1240/8737 1030/8738 1507/8739
f 1445/8740 1528/8741 1052/8742
f 1239/8743 1433/8744 1418/8745
f 1418/8746 1602/8747 1603/8748
f 1603/8749 1038/8750 1594/8751
f 1594/8752 1388/8753 1509/8754
f 1360/8755 1442/8756 1196/8757
f 1196/8758 1500/8759 1061/8760
f 1142/8761 1632/8762 1134/8763
f 1134/8764 1550/8765 1526/8766
f 1163/8767 1374/8768 1145/8769
f 1145/8770 1502/8771 1065/8772
f 1434/8773 1631/8774 1350/8775
f 1167/8776 1358/8777 1379/8778
f 1636/8779 1483/8780 1373/8781
f 1373/8782 1240/8783 1507/8784
f 1445/8785 1052/8786 1229/8787
f 1626/8788 1239/8789 1418/8790
f 1594/8791 1509/8792 1041/8793
f 1087/8794 1360/8795 1196/8796
f 1196/8797 1061/8798 1143/8799
f 1134/8800 1526/8801 1570/8802
f 1163/8803 1145/8804 1065/8805
f 1292/8806 1167/8807 1379/8808
f 1373/8809 1507/8810 1445/8811
f 1445/8812 1229/8813 1415/8814
f 1626/8815 1418/8816 1603/8817
f 1065/8818 1592/8819 1181/8820
f 1512/8821 1292/8822 1379/8823
f 1256/8824 1626/8825 1603/8826
f 1065/8827 1181/8828 1369/8829
f 1065/8830 1369/8831 1403/8832
f 1415/8833 1256/8834 1603/8835
f 1163/8836 1065/8837 1403/8838
f 1415/8839 1603/8840 1594/8841
f 1163/8842 1403/8843 1219/8844
f 1415/8845 1594/8846 1041/8847
f 1163/8848 1219/8849 1434/8850
f 1445/8851 1415/8852 1041/8853
f 1394/8854 1163/8855 1434/8856
f 1373/8857 1445/8858 1041/8859
f 1394/8860 1434/8861 1350/8862
f 1373/8863 1041/8864 1322/8865
f 1570/8866 1394/8867 1350/8868
f 1570/8869 1350/8870 1190/8871
f 1570/8872 1190/8873 1134/8874
f 1373/8875 1322/8876 1087/8877
f 1636/8878 1373/8879 1087/8880
f 1430/8881 1636/8882 1087/8883
f 1430/8884 1087/8885 1196/8886
f 1556/8887 1430/8888 1196/8889
f 1379/8890 1556/8891 1196/8892
f 1379/8893 1196/8894 1143/8895
f 1379/8896 1143/8897 1142/8898
f 1512/8899 1379/8900 1142/8901
f 1142/8902 1134/8903 1512/8904
f 1493/8905 1067/8906 1183/8907
f 1498/8908 1497/8909 1199/8910
f 1111/8911 1438/8912 1164/8913
f 1320/8914 1111/8915 1164/8916
f 1486/8917 1542/8918 1243/8919
f 1443/8920 1150/8921 1148/8922
f 1148/8923 1155/8924 1574/8925
f 1574/8926 1249/8927 1185/8928
f 1185/8929 1490/8930 1491/8931
f 1491/8932 1486/8933 1332/8934
f 1486/8935 1243/8936 1443/8937
f 1332/8938 1486/8939 1443/8940
f 1185/8941 1491/8942 1332/8943
f 1152/8944 1332/8945 1443/8946
f 1574/8947 1185/8948 1332/8949
f 1152/8950 1443/8951 1148/8952
f 1574/8953 1332/8954 1152/8955
f 1148/8956 1574/8957 1152/8958
o Grip
g Grip
usemtl GripRose
v 0.00318 0.14109 -0.38455
v -0.00990 0.13727 -0.40667
v -0.03981 0.23188 -0.40667
v -0.05601 0.18994 -0.38455
v -0.06112 0.19718 -0.40667
v 0.05228 0.22003 -0.40667
v 0.00013 0.24276 -0.38455
v 0.00422 0.24804 -0.40667
v 0.04517 0.15273 -0.40667
v -0.03783 0.15465 -0.38455
v -0.04071 0.22628 -0.38455
v 0.04156 0.22755 -0.38455
v 0.05479 0.17084 -0.38455
v 0.00465 -0.06063 0.00433
v -0.01472 -0.06658 -0.02151
v 0.01472 -0.05930 -0.02680
v -0.02584 0.07014 -0.08624
v 0.02812 0.06579 -0.07119
v 0.02812 0.04949 -0.11071
v -0.02584 0.04297 -0.11071
v -0.02584 0.02233 -0.08624
v 0.02812 0.02341 -0.07683
v -0.02584 0.04623 -0.06258
v -0.02584 -0.05056 0.36208
v 0.02812 -0.05056 0.34326
v -0.02584 -0.06142 0.33197
v 0.02812 -0.09294 0.33761
v -0.02584 -0.09620 0.34326
v -0.02584 -0.08533 0.37337
v 0.02812 -0.07664 0.37714
v 0.02605 0.06299 0.38959
v -0.02376 0.06050 0.38948
v -0.02376 0.08639 0.38651
v 0.03046 -0.25600 0.37394
v -0.02817 -0.25835 0.36906
v -0.02817 -0.13209 0.37795
v 0.02605 0.12486 0.06456
v 0.02605 0.11162 -0.26216
v -0.02376 0.00729 -0.12865
v -0.02376 0.06607 -0.17807
v 0.02605 0.00729 0.06456
v 0.02605 0.06607 -0.17807
v 0.02605 0.00729 -0.12865
v -0.02715 -0.04837 0.21296
v -0.02376 -0.12002 0.37653
v 0.02605 -0.12002 0.37653
v -0.02376 0.11135 -0.26058
v -0.02376 0.05437 0.24063
v 0.02815 -0.04950 0.21467
v -0.02376 0.12486 0.06456
v 0.02605 -0.04882 0.22190
v -0.02376 -0.03109 0.18339
v 0.02605 0.09062 0.38289
v 0.02605 0.05437 0.24063
v -0.02597 0.00729 0.06456
v -0.02817 -0.04882 0.22190
v 0.03046 -0.03109 0.18339
v 0.03046 -0.12002 0.37653
v 0.03046 -0.00478 0.06598
v -0.02817 -0.00478 0.06598
v -0.02817 -0.12002 0.37653
v -0.02376 0.08131 0.22905
v 0.02605 0.07690 0.22789
v -0.06364 0.16879 0.26825
v -0.05534 0.17820 0.36634
v -0.06368 0.16900 0.13235
v -0.06232 0.16687 0.14727
v -0.06232 0.16687 0.02602
v -0.07130 0.17820 0.03310
v -0.05534 0.16864 -0.09549
v -0.05534 0.16193 0.00260
v -0.06934 0.17149 -0.09549
v -0.06331 0.17200 -0.11189
v -0.05534 0.17007 -0.21674
v -0.06397 0.16109 -0.11941
v -0.04023 0.11684 0.26825
v -0.04590 0.11645 0.37354
v -0.04023 0.11684 0.14701
v -0.04957 0.11759 0.25913
v -0.04574 0.11106 0.03010
v -0.05316 0.12286 0.02852
v -0.04944 0.11694 0.13780
v -0.04023 0.11480 0.00838
v -0.04853 0.11699 -0.09549
v -0.04824 0.11704 -0.11131
v -0.05661 0.12781 -0.20942
v -0.04322 0.11535 -0.21608
v -0.05110 0.14118 0.26825
v -0.06134 0.14404 0.26825
v -0.05689 0.14172 0.14701
v -0.05650 0.14083 0.25229
v -0.05710 0.14169 0.02576
v -0.05735 0.14493 -0.09479
v -0.05745 0.14163 0.00994
v -0.05646 0.13395 -0.08768
v -0.05110 0.14118 -0.21674
v -0.05745 0.14163 -0.11131
v -0.06601 0.16007 -0.21359
v 0.00114 0.09779 -0.25974
v -0.05337 0.24018 -0.25974
v -0.07524 0.19173 -0.25974
v -0.07524 0.19173 0.40360
v -0.04785 0.09779 0.39461
v 0.00114 0.09779 0.39461
v -0.05337 0.24018 0.40634
v -0.04785 0.09779 -0.25974
v 0.03216 0.25688 0.40760
v -0.05747 0.13968 0.37220
v -0.07130 0.17820 0.00260
v -0.06287 0.16679 0.37310
v -0.07130 0.17820 0.12385
v -0.05686 0.13583 0.12867
v -0.06647 0.16165 0.24831
v -0.05974 0.17128 0.25228
v -0.05483 0.12174 0.25088
v -0.06329 0.15074 0.12385
v -0.06353 0.16894 0.00994
v -0.05275 0.11881 0.00982
v 0.05763 0.16193 0.27560
v 0.06531 0.16889 0.37369
v 0.06175 0.16823 0.25203
v 0.06279 0.16996 0.14699
v 0.05763 0.16864 0.02576
v 0.05763 0.17149 0.13119
v 0.07358 0.17820 0.03310
v 0.06673 0.16822 0.01488
v 0.05763 0.16864 -0.09549
v 0.06314 0.15950 -0.11894
v 0.05763 0.16864 -0.21674
v 0.07163 0.17149 -0.21674
v 0.04251 0.11684 0.26825
v 0.04819 0.11645 0.37354
v 0.05116 0.11740 0.13490
v 0.04746 0.11626 0.25199
v 0.04681 0.11835 0.14702
v 0.05374 0.11014 0.15435
v 0.05544 0.12286 0.02852
v 0.05374 0.11014 0.12385
v 0.04802 0.11106 0.03010
v 0.04251 0.12085 -0.09503
v 0.04665 0.11150 0.00587
v 0.05115 0.10930 -0.08739
v 0.04665 0.11150 -0.11538
v 0.05277 0.11319 -0.21521
v 0.06072 0.14501 0.26898
v 0.05775 0.12620 0.27319
v 0.05957 0.14166 0.25244
v 0.05683 0.14639 0.14814
v 0.05339 0.14652 0.13048
v 0.05957 0.14166 0.02576
v 0.06082 0.13970 0.13869
v 0.05945 0.13876 -0.09407
v 0.05876 0.13237 0.00531
v 0.05339 0.14652 0.00923
v 0.05992 0.14486 -0.21606
v 0.05878 0.14083 -0.11145
v 0.05124 0.12728 -0.21032
v 0.03349 0.26107 -0.25974
v 0.07753 0.19173 0.40360
v 0.07753 0.19173 -0.25974
v 0.05014 0.09779 0.39461
v 0.05014 0.09779 -0.25974
v 0.07081 0.17127 -0.10376
v 0.05964 0.13970 0.37220
v 0.07082 0.16872 0.13849
v 0.06853 0.16990 0.26405
v 0.05712 0.12174 0.25088
v 0.05518 0.11902 -0.10626
v 0.00114 0.04170 0.38653
v 0.00114 -0.25570 0.36176
v 0.00114 -0.26264 0.36093
v 0.08166 0.18581 0.40777
v 0.06553 0.24270 0.40344
v 0.00114 0.18640 0.39870
v -0.06324 0.24270 0.40344
v -0.07938 0.18581 0.40777
v 0.00114 -0.26354 0.37606
v 0.00114 0.26682 0.40575
v -0.05980 0.23981 0.42219
v 0.04440 -0.26306 0.36850
v 0.05577 0.04080 0.40166
v 0.04112 -0.25658 0.37656
v 0.05156 0.04110 0.40160
v 0.07549 0.18263 0.41351
v 0.05577 0.04170 0.38653
v -0.05348 0.04080 0.40166
v -0.05348 0.04170 0.38653
v 0.00114 -0.25658 0.37656
v 0.00114 0.26222 0.42356
v -0.04212 -0.26306 0.36850
v 0.00114 0.26217 0.40561
v 0.00114 0.18351 0.39871
v 0.04112 -0.25723 0.38419
v 0.06209 0.23981 0.42219
v 0.05156 0.04045 0.40923
v -0.04927 0.04110 0.40160
v -0.07321 0.18198 0.42114
v -0.04927 0.04045 0.40923
v 0.00114 0.04198 0.38680
v 0.00114 0.18286 0.40634
v -0.07321 0.18263 0.41351
v -0.03883 -0.25658 0.37656
v 0.00114 0.26153 0.41324
v 0.00114 0.18587 0.40633
v -0.03883 -0.25723 0.38419
v 0.00114 -0.25635 0.36940
v 0.00114 0.04133 0.39444
v 0.07549 0.18198 0.42114
v 0.00114 0.26637 0.41339
v 0.00114 -0.26013 0.38398
v 0.00114 0.04104 0.39415
v 0.00114 -0.26358 0.36853
v 0.07358 0.17820 0.00260
v 0.00114 0.26547 0.42853
v 0.00114 -0.26682 0.41130
v -0.03944 0.00691 -0.01768
v -0.03944 0.11425 -0.01086
v -0.00267 0.11425 -0.04647
v 0.00496 0.00691 -0.04647
v 0.00496 0.11425 0.01793
v -0.01679 0.00691 0.01304
v 0.04173 0.11425 -0.01768
v 0.03990 0.00691 0.00099
v 0.02437 -0.05566 -0.01519
v 0.02329 -0.00822 -0.02830
v -0.00870 -0.05566 -0.03139
v -0.01224 -0.00822 -0.03465
v -0.02026 -0.05566 -0.00682
v -0.02100 -0.00822 0.00009
v 0.01453 -0.00822 0.00643
v -0.04367 -0.12206 0.18369
v -0.04079 0.05159 -0.10442
v -0.04367 -0.01374 -0.10442
v 0.04788 -0.01906 0.05667
v -0.04560 -0.01880 0.05673
v -0.04367 -0.03311 0.18543
v -0.04259 0.04761 0.07292
v -0.03599 -0.01030 0.06160
v 0.03827 -0.00947 0.06165
v 0.04308 -0.12206 0.18369
v 0.04488 0.04761 0.07292
v 0.04308 0.05159 -0.10442
v 0.04596 -0.01070 -0.10442
v 0.04640 -0.03311 0.18543
v -0.05260 0.04014 0.40929
v 0.08040 0.18497 0.42147
v 0.05488 0.04014 0.40929
v -0.07478 0.22778 0.45289
v -0.05260 0.03780 0.43693
v -0.04161 -0.26571 0.39749
v 0.04389 -0.26571 0.39749
v 0.06449 0.23898 0.45385
v -0.07811 0.18497 0.42147
v 0.07319 0.17747 0.44868
v 0.00114 0.26314 0.45600
v -0.02510 0.16990 0.13005
v 0.02739 0.10709 0.13005
v -0.02510 0.10709 0.13005
v 0.02739 0.16990 0.13005
v 0.02739 0.10709 -0.29614
v 0.02739 0.16990 -0.33053
v -0.02510 0.10709 -0.29614
v -0.02510 0.16990 -0.33053
v 0.07104 0.19174 -0.40667
v 0.05057 0.23554 -0.45617
v -0.03368 0.24909 -0.45617
v -0.06876 0.19174 -0.45617
v -0.04829 0.14794 -0.40667
v -0.02783 0.13362 -0.45617
v 0.06626 0.16322 -0.45617
v -0.02360 0.24136 0.19397
v 0.02695 0.13913 0.19397
v 0.05674 0.21609 0.19397
v -0.05833 0.17630 0.19397
vt 0.21534 0.85928
vt 0.50294 0.83393
vt 0.53638 0.83393
vt 0.66124 0.81848
vt 0.78957 0.81838
vt 0.94255 0.85928
vt 0.53638 0.83393
vt 0.65192 0.81617
vt 0.94255 0.85928
vt 0.37360 0.70894
vt 0.26952 0.73852
vt 0.26416 0.71211
vt 0.94255 0.85928
vt 0.21534 0.98923
vt 0.21534 0.85928
vt 0.93270 0.68325
vt 0.94695 0.98137
vt 0.94255 0.85928
vt 0.36970 0.79889
vt 0.26248 0.82136
vt 0.26323 0.77146
vt 0.65192 0.81617
vt 0.66124 0.81848
vt 0.94255 0.85928
vt 0.37791 0.76391
vt 0.26323 0.77146
vt 0.26952 0.73852
vt 0.93270 0.68325
vt 0.21534 0.68325
vt 0.93270 0.68325
vt 0.21534 0.68325
vt 0.53309 0.70811
vt 0.50653 0.70894
vt 0.77684 0.76545
vt 0.79497 0.77174
vt 0.78957 0.81838
vt 0.79497 0.77174
vt 0.90813 0.76178
vt 0.90977 0.81648
vt 0.90977 0.81648
vt 0.78957 0.81838
vt 0.79497 0.77174
vt 0.90813 0.76178
vt 0.93270 0.68325
vt 0.94255 0.85928
vt 0.94255 0.85928
vt 0.90977 0.81648
vt 0.90813 0.76178
vt 0.78957 0.81838
vt 0.77639 0.81525
vt 0.77684 0.76545
vt 0.26952 0.73852
vt 0.26323 0.77146
vt 0.26416 0.71211
vt 0.26323 0.77146
vt 0.21534 0.68325
vt 0.26416 0.71211
vt 0.37791 0.76391
vt 0.26952 0.73852
vt 0.38360 0.72304
vt 0.77513 0.72812
vt 0.79959 0.73649
vt 0.77684 0.76545
vt 0.66127 0.72177
vt 0.65214 0.76178
vt 0.64798 0.71999
vt 0.93270 0.68325
vt 0.93270 0.68325
vt 0.94695 0.98137
vt 0.90960 0.71821
vt 0.93270 0.68325
vt 0.90813 0.76178
vt 0.79497 0.77174
vt 0.77684 0.76545
vt 0.79959 0.73649
vt 0.77639 0.81525
vt 0.65192 0.81617
vt 0.77684 0.76545
vt 0.65214 0.76178
vt 0.66250 0.77431
vt 0.65192 0.81617
vt 0.66250 0.77431
vt 0.77684 0.76545
vt 0.65192 0.81617
vt 0.65192 0.81617
vt 0.51641 0.81523
vt 0.52833 0.76545
vt 0.50592 0.74805
vt 0.52833 0.76545
vt 0.51641 0.81523
vt 0.52833 0.76545
vt 0.65214 0.76178
vt 0.65192 0.81617
vt 0.37791 0.76391
vt 0.39697 0.76002
vt 0.38634 0.82094
vt 0.36970 0.79889
vt 0.37791 0.76391
vt 0.38634 0.82094
vt 0.21534 0.68325
vt 0.26323 0.77146
vt 0.21534 0.85928
vt 0.78957 0.81838
vt 0.90977 0.81648
vt 0.94255 0.85928
vt 0.94255 0.85928
vt 0.21534 0.85928
vt 0.53638 0.83393
vt 0.50294 0.83393
vt 0.21534 0.85928
vt 0.38634 0.82094
vt 0.50294 0.83393
vt 0.51641 0.81523
vt 0.53638 0.83393
vt 0.26248 0.82136
vt 0.21534 0.85928
vt 0.26323 0.77146
vt 0.21534 0.85928
vt 0.26248 0.82136
vt 0.38634 0.82094
vt 0.39697 0.76002
vt 0.50592 0.74805
vt 0.51641 0.81523
vt 0.39697 0.76002
vt 0.51641 0.81523
vt 0.38634 0.82094
vt 0.79418 0.76991
vt 0.90814 0.76175
vt 0.79418 0.76456
vt 0.94556 0.95008
vt 0.94695 0.98137
vt 0.94255 0.85928
vt 0.93270 0.68325
vt 0.94695 0.98137
vt 0.93270 0.68325
vt 0.26594 0.79997
vt 0.37807 0.76540
vt 0.26248 0.76456
vt 0.21534 0.68325
vt 0.21534 0.95008
vt 0.21534 0.85928
vt 0.53638 0.83393
vt 0.63586 0.83393
vt 0.64519 0.81670
vt 0.53638 0.83393
vt 0.64519 0.81670
vt 0.52862 0.81269
vt 0.66126 0.76557
vt 0.77231 0.80292
vt 0.77668 0.76391
vt 0.90814 0.76175
vt 0.79418 0.76991
vt 0.79418 0.76456
vt 0.64519 0.81670
vt 0.77667 0.82096
vt 0.66154 0.81269
vt 0.38634 0.82094
vt 0.26248 0.82136
vt 0.26248 0.81601
vt 0.64392 0.82136
vt 0.53638 0.83393
vt 0.52833 0.81601
vt 0.51641 0.81523
vt 0.38634 0.82094
vt 0.39541 0.81601
vt 0.50592 0.74805
vt 0.39697 0.76002
vt 0.39592 0.72646
vt 0.50653 0.70894
vt 0.39592 0.72646
vt 0.40429 0.70481
vt 0.53309 0.70811
vt 0.63586 0.70638
vt 0.64798 0.71999
vt 0.90960 0.71821
vt 0.79959 0.73649
vt 0.79418 0.71895
vt 0.79418 0.81630
vt 0.90912 0.81255
vt 0.90814 0.76175
vt 0.53638 0.83393
vt 0.50294 0.83393
vt 0.21534 0.85928
vt 0.21534 0.95008
vt 0.94255 0.85928
vt 0.21534 0.85928
vt 0.21534 0.68325
vt 0.93270 0.68325
vt 0.93270 0.68325
vt 0.21534 0.98923
vt 0.94556 0.95008
vt 0.21534 0.95008
vt 0.52833 0.81601
vt 0.65192 0.81617
vt 0.64392 0.82136
vt 0.27051 0.73951
vt 0.37807 0.71932
vt 0.26320 0.71616
vt 0.51099 0.76540
vt 0.39541 0.82136
vt 0.51099 0.81658
vt 0.37807 0.76540
vt 0.26594 0.79997
vt 0.36919 0.80187
vt 0.26594 0.79997
vt 0.21534 0.68325
vt 0.21534 0.85928
vt 0.94255 0.85928
vt 0.90912 0.81255
vt 0.79418 0.81630
vt 0.94255 0.85928
vt 0.90814 0.76175
vt 0.90912 0.81255
vt 0.63586 0.78248
vt 0.52862 0.81269
vt 0.64519 0.81670
vt 0.37807 0.76540
vt 0.39617 0.77158
vt 0.39541 0.71924
vt 0.53136 0.73022
vt 0.51086 0.72263
vt 0.51099 0.76540
vt 0.94255 0.85928
vt 0.93270 0.68325
vt 0.90814 0.76175
vt 0.39617 0.77158
vt 0.37807 0.76540
vt 0.39541 0.82136
vt 0.51099 0.76540
vt 0.39617 0.77158
vt 0.39541 0.82136
vt 0.37807 0.76540
vt 0.36919 0.80187
vt 0.37743 0.82232
vt 0.39541 0.82136
vt 0.37807 0.76540
vt 0.37743 0.82232
vt 0.77231 0.80292
vt 0.66126 0.76557
vt 0.66154 0.81269
vt 0.66154 0.81269
vt 0.64115 0.75454
vt 0.64519 0.81670
vt 0.63586 0.78248
vt 0.52833 0.76551
vt 0.52862 0.81269
vt 0.66126 0.76557
vt 0.64115 0.75454
vt 0.66154 0.81269
vt 0.37807 0.76540
vt 0.37807 0.71932
vt 0.27051 0.73951
vt 0.21534 0.68325
vt 0.26594 0.79997
vt 0.27051 0.73951
vt 0.52833 0.76551
vt 0.51099 0.76540
vt 0.52862 0.81269
vt 0.64115 0.75454
vt 0.63586 0.78248
vt 0.64519 0.81670
vt 0.79418 0.76991
vt 0.77668 0.76391
vt 0.77231 0.80292
vt 0.90814 0.76175
vt 0.79418 0.76991
vt 0.79418 0.81630
vt 0.21534 0.68325
vt 0.51086 0.72263
vt 0.53309 0.70811
vt 0.65116 0.71913
vt 0.78418 0.72036
vt 0.93270 0.68325
vt 0.79418 0.76991
vt 0.77231 0.80292
vt 0.79418 0.81630
vt 0.39617 0.77158
vt 0.40397 0.75101
vt 0.39541 0.71924
vt 0.40397 0.75101
vt 0.51099 0.76540
vt 0.51086 0.72263
vt 0.39541 0.71924
vt 0.37807 0.71932
vt 0.37807 0.76540
vt 0.40397 0.75101
vt 0.51086 0.72263
vt 0.39541 0.71924
vt 0.64115 0.75454
vt 0.53136 0.73022
vt 0.52833 0.76551
vt 0.51099 0.76540
vt 0.52833 0.76551
vt 0.53136 0.73022
vt 0.77639 0.81525
vt 0.78957 0.81838
vt 0.66124 0.81848
vt 0.66124 0.81848
vt 0.65192 0.81617
vt 0.77639 0.81525
vt 0.90977 0.81648
vt 0.78957 0.81838
vt 0.80223 0.80344
vt 0.64392 0.82136
vt 0.65192 0.81617
vt 0.53638 0.83393
vt 0.52833 0.81601
vt 0.51641 0.81523
vt 0.65192 0.81617
vt 0.52833 0.81601
vt 0.53638 0.83393
vt 0.51641 0.81523
vt 0.80223 0.80344
vt 0.78957 0.81838
vt 0.90977 0.81648
vt 0.52862 0.81269
vt 0.51099 0.76540
vt 0.51099 0.81658
vt 0.94255 0.85928
vt 0.77667 0.82096
vt 0.64519 0.81670
vt 0.94255 0.85928
vt 0.64519 0.81670
vt 0.63586 0.83393
vt 0.94255 0.85928
vt 0.63586 0.83393
vt 0.53638 0.83393
vt 0.53638 0.83393
vt 0.52862 0.81269
vt 0.51099 0.81658
vt 0.39541 0.82136
vt 0.37743 0.82232
vt 0.21534 0.85928
vt 0.53638 0.83393
vt 0.51099 0.81658
vt 0.50294 0.83393
vt 0.50294 0.83393
vt 0.39541 0.82136
vt 0.21534 0.85928
vt 0.37743 0.82232
vt 0.26594 0.79997
vt 0.21534 0.85928
vt 0.21534 0.85928
vt 0.94255 0.85928
vt 0.53638 0.83393
vt 0.94255 0.85928
vt 0.79418 0.81630
vt 0.77667 0.82096
vt 0.79418 0.81630
vt 0.77231 0.80292
vt 0.77667 0.82096
vt 0.78418 0.72036
vt 0.90814 0.76175
vt 0.90960 0.71821
vt 0.65116 0.71913
vt 0.77513 0.72812
vt 0.78418 0.72036
vt 0.78418 0.72036
vt 0.65116 0.71913
vt 0.66126 0.71895
vt 0.36919 0.80187
vt 0.26594 0.79997
vt 0.26248 0.81869
vt 0.90960 0.71821
vt 0.78418 0.72036
vt 0.79418 0.71895
vt 0.79418 0.81630
vt 0.90912 0.81255
vt 0.90171 0.83393
vt 0.26248 0.81869
vt 0.26594 0.79997
vt 0.37743 0.82232
vt 0.51099 0.81658
vt 0.39541 0.82136
vt 0.39541 0.81601
vt 0.39541 0.82136
vt 0.50294 0.83393
vt 0.51099 0.81658
vt 0.50928 0.71513
vt 0.39541 0.71924
vt 0.51086 0.72263
vt 0.65116 0.71913
vt 0.78418 0.72036
vt 0.66126 0.71895
vt 0.51086 0.72263
vt 0.39541 0.71924
vt 0.50928 0.71513
vt 0.53136 0.73022
vt 0.64115 0.75454
vt 0.65116 0.71913
vt 0.77231 0.80292
vt 0.66154 0.81269
vt 0.77667 0.82096
vt 0.53309 0.70811
vt 0.53136 0.73022
vt 0.65116 0.71913
vt 0.26248 0.81869
vt 0.37743 0.82232
vt 0.36919 0.80187
vt 0.90912 0.81255
vt 0.79418 0.81630
vt 0.90171 0.83393
vt 0.78418 0.72036
vt 0.90960 0.71821
vt 0.79418 0.71895
vt 0.51099 0.81658
vt 0.39541 0.81601
vt 0.50294 0.80344
vt 0.39541 0.82136
vt 0.51099 0.81658
vt 0.39541 0.81601
vt 0.50294 0.80344
vt 0.39541 0.81601
vt 0.51099 0.81658
vt 0.77513 0.72812
vt 0.65116 0.71913
vt 0.77668 0.76391
vt 0.78418 0.72036
vt 0.77513 0.72812
vt 0.79418 0.76991
vt 0.66126 0.76557
vt 0.77668 0.76391
vt 0.65116 0.71913
vt 0.77668 0.76391
vt 0.79418 0.76991
vt 0.77513 0.72812
vt 0.65116 0.71913
vt 0.64115 0.75454
vt 0.66126 0.76557
vt 0.52833 0.76551
vt 0.63586 0.78248
vt 0.64115 0.75454
vt 0.79418 0.76991
vt 0.90814 0.76175
vt 0.78418 0.72036
vt 0.53309 0.70811
vt 0.65116 0.71913
vt 0.93270 0.68325
vt 0.21534 0.68325
vt 0.21534 0.85928
vt 0.21534 0.68325
vt 0.93270 0.68325
vt 0.94255 0.85928
vt 0.94695 0.98137
vt 0.90814 0.76175
vt 0.93270 0.68325
vt 0.90960 0.71821
vt 0.51086 0.72263
vt 0.21534 0.68325
vt 0.39541 0.71924
vt 0.51086 0.72263
vt 0.53136 0.73022
vt 0.53309 0.70811
vt 0.21534 0.68325
vt 0.21534 0.98923
vt 0.21534 0.95008
vt 0.27051 0.73951
vt 0.26594 0.79997
vt 0.26248 0.76456
vt 0.21534 0.68325
vt 0.37807 0.71932
vt 0.39541 0.71924
vt 0.93270 0.68325
vt 0.21534 0.68325
vt 0.53309 0.70811
vt 0.78418 0.72036
vt 0.90960 0.71821
vt 0.93270 0.68325
vt 0.21534 0.95008
vt 0.94556 0.95008
vt 0.94255 0.85928
vt 0.21534 0.68325
vt 0.26320 0.71616
vt 0.37807 0.71932
vt 0.21534 0.68325
vt 0.21534 0.68325
vt 0.93270 0.68325
vt 0.21534 0.98923
vt 0.94695 0.98137
vt 0.94556 0.95008
vt 0.21534 0.68325
vt 0.27051 0.73951
vt 0.26320 0.71616
vt 0.51099 0.76540
vt 0.40397 0.75101
vt 0.39617 0.77158
vt 0.37807 0.76540
vt 0.27051 0.73951
vt 0.26248 0.76456
vt 0.66127 0.72177
vt 0.66931 0.70638
vt 0.77634 0.71787
vt 0.39541 0.81601
vt 0.38634 0.82094
vt 0.51641 0.81523
vt 0.90960 0.71821
vt 0.90813 0.76178
vt 0.79959 0.73649
vt 0.79418 0.71895
vt 0.79959 0.73649
vt 0.90960 0.71821
vt 0.64798 0.71999
vt 0.53136 0.73022
vt 0.53309 0.70811
vt 0.66127 0.72177
vt 0.64798 0.71999
vt 0.66931 0.70638
vt 0.77634 0.71787
vt 0.77513 0.72812
vt 0.66127 0.72177
vt 0.51641 0.81523
vt 0.50294 0.83393
vt 0.38634 0.82094
vt 0.39592 0.72646
vt 0.39697 0.76002
vt 0.38360 0.72304
vt 0.50653 0.70894
vt 0.50592 0.74805
vt 0.39592 0.72646
vt 0.90813 0.76178
vt 0.79497 0.77174
vt 0.79959 0.73649
vt 0.51022 0.77457
vt 0.50592 0.74805
vt 0.39697 0.76002
vt 0.77684 0.76545
vt 0.66250 0.77431
vt 0.65214 0.76178
vt 0.65214 0.76178
vt 0.64314 0.77457
vt 0.52833 0.76545
vt 0.64314 0.77457
vt 0.65214 0.76178
vt 0.52833 0.76545
vt 0.26248 0.81601
vt 0.26248 0.82136
vt 0.36970 0.79889
vt 0.36970 0.79889
vt 0.38634 0.82094
vt 0.26248 0.81601
vt 0.38360 0.72304
vt 0.37360 0.70894
vt 0.40429 0.70481
vt 0.50592 0.74805
vt 0.51022 0.77457
vt 0.39697 0.76002
vt 0.93270 0.68325
vt 0.90960 0.71821
vt 0.79959 0.73649
vt 0.93270 0.68325
vt 0.21534 0.68325
vt 0.21534 0.68325
vt 0.94255 0.85928
vt 0.94695 0.98137
vt 0.21534 0.98923
vt 0.93270 0.68325
vt 0.77634 0.71787
vt 0.66931 0.70638
vt 0.93270 0.68325
vt 0.79959 0.73649
vt 0.77634 0.71787
vt 0.21534 0.68325
vt 0.93270 0.68325
vt 0.53309 0.70811
vt 0.37360 0.70894
vt 0.26416 0.71211
vt 0.21534 0.68325
vt 0.79959 0.73649
vt 0.77513 0.72812
vt 0.77634 0.71787
vt 0.21534 0.68325
vt 0.21534 0.85928
vt 0.21534 0.68325
vt 0.50653 0.70894
vt 0.40429 0.70481
vt 0.21534 0.68325
vt 0.53309 0.70811
vt 0.50592 0.74805
vt 0.50653 0.70894
vt 0.40429 0.70481
vt 0.37360 0.70894
vt 0.21534 0.68325
vt 0.53309 0.70811
vt 0.53136 0.73022
vt 0.50592 0.74805
vt 0.93270 0.68325
vt 0.63586 0.70638
vt 0.53309 0.70811
vt 0.93270 0.68325
vt 0.66931 0.70638
vt 0.63586 0.70638
vt 0.66931 0.70638
vt 0.64798 0.71999
vt 0.63586 0.70638
vt 0.39592 0.72646
vt 0.38360 0.72304
vt 0.40429 0.70481
vt 0.52833 0.76545
vt 0.50592 0.74805
vt 0.53136 0.73022
vt 0.66127 0.72177
vt 0.77513 0.72812
vt 0.65214 0.76178
vt 0.77684 0.76545
vt 0.65214 0.76178
vt 0.77513 0.72812
vt 0.64798 0.71999
vt 0.52833 0.76545
vt 0.53136 0.73022
vt 0.39697 0.76002
vt 0.37791 0.76391
vt 0.38360 0.72304
vt 0.37791 0.76391
vt 0.36970 0.79889
vt 0.26323 0.77146
vt 0.21534 0.68325
vt 0.21534 0.85928
vt 0.21534 0.98923
vt 0.65214 0.76178
vt 0.52833 0.76545
vt 0.64798 0.71999
vt 0.37360 0.70894
vt 0.38360 0.72304
vt 0.26952 0.73852
vt 0.92720 0.61804
vt 0.74336 0.40852
vt 0.91288 0.27510
vt 0.76389 0.60188
vt 0.74993 0.64410
vt 0.73543 0.40724
vt 0.91288 0.27510
vt 0.91444 0.25248
vt 0.91288 0.27510
vt 0.74336 0.40852
vt 0.91288 0.27510
vt 0.91288 0.27510
vt 0.70115 0.44174
vt 0.57243 0.49104
vt 0.73543 0.40724
vt 0.91288 0.27510
vt 0.74336 0.40852
vt 0.73356 0.40935
vt 0.57087 0.51366
vt 0.70115 0.44174
vt 0.73543 0.40724
vt 0.75120 0.65236
vt 0.91985 0.66981
vt 0.74993 0.64410
vt 0.76389 0.60188
vt 0.74993 0.64410
vt 0.76389 0.60188
vt 0.91288 0.27510
vt 0.73543 0.40724
vt 0.91004 0.02029
vt 0.73543 0.40724
vt 0.57243 0.49104
vt 0.73356 0.40935
vt 0.57087 0.51366
vt 0.57243 0.49104
vt 0.57243 0.49104
vt 0.73543 0.40724
vt 0.90469 0.01588
vt 0.91004 0.02029
vt 0.73356 0.40935
vt 0.57243 0.49104
vt 0.57087 0.51366
vt 0.91288 0.27510
vt 0.73356 0.40935
vt 0.74336 0.40852
vt 0.92720 0.61804
vt 0.92382 0.66188
vt 0.92707 0.61336
vt 0.75120 0.65236
vt 0.92382 0.66188
vt 0.91985 0.66981
vt 0.76389 0.60188
vt 0.92720 0.61804
vt 0.92707 0.61336
vt 0.92707 0.61336
vt 0.76389 0.60188
vt 0.76389 0.60188
vt 0.76389 0.60188
vt 0.75120 0.65236
vt 0.74993 0.64410
vt 0.92720 0.61804
vt 0.91985 0.66981
vt 0.92382 0.66188
vt 0.30487 0.62381
vt 0.30487 0.62381
vt 0.35906 0.51366
vt 0.73356 0.40935
vt 0.76389 0.60188
vt 0.92707 0.61336
vt 0.92382 0.66188
vt 0.91985 0.66981
vt 0.92720 0.61804
vt 0.21269 0.70916
vt 0.21442 0.70866
vt 0.30487 0.62381
vt 0.74336 0.40852
vt 0.73543 0.40724
vt 0.91288 0.27510
vt 0.70115 0.44174
vt 0.57087 0.51366
vt 0.57243 0.49104
vt 0.57087 0.73397
vt 0.21269 0.70916
vt 0.30487 0.62381
vt 0.57087 0.73397
vt 0.21442 0.70866
vt 0.21269 0.70916
vt 0.57087 0.51366
vt 0.57087 0.51366
vt 0.57243 0.49104
vt 0.91288 0.27510
vt 0.91444 0.25248
vt 0.73356 0.40935
vt 0.73543 0.40724
vt 0.73356 0.40935
vt 0.90469 0.01588
vt 0.92720 0.61804
vt 0.73543 0.40724
vt 0.74336 0.40852
vt 0.73543 0.40724
vt 0.92720 0.61804
vt 0.76389 0.60188
vt 0.70115 0.44174
vt 0.57087 0.73397
vt 0.76389 0.60188
vt 0.70115 0.44174
vt 0.73356 0.40935
vt 0.57087 0.51366
vt 0.91288 0.27510
vt 0.91288 0.27510
vt 0.74336 0.40852
vt 0.57087 0.73397
vt 0.57087 0.51366
vt 0.35906 0.51366
vt 0.57087 0.51366
vt 0.35906 0.51366
vt 0.35906 0.51366
vt 0.73543 0.40724
vt 0.57243 0.49104
vt 0.57243 0.49104
vt 0.91288 0.27510
vt 0.91004 0.02029
vt 0.91444 0.25248
vt 0.92707 0.61336
vt 0.92720 0.61804
vt 0.91288 0.27510
vt 0.74993 0.64410
vt 0.35906 0.51366
vt 0.57087 0.51366
vt 0.91985 0.66981
vt 0.92382 0.66188
vt 0.57087 0.73397
vt 0.57087 0.73397
vt 0.74993 0.64410
vt 0.91985 0.66981
vt 0.75120 0.65236
vt 0.57087 0.73397
vt 0.92382 0.66188
vt 0.30487 0.62381
vt 0.35906 0.51366
vt 0.35906 0.51366
vt 0.57087 0.73397
vt 0.30487 0.62381
vt 0.21442 0.70866
vt 0.57087 0.73397
vt 0.21269 0.70916
vt 0.57087 0.73397
vt 0.92382 0.66188
vt 0.92720 0.61804
vt 0.92707 0.61336
vt 0.21269 0.70916
vt 0.30487 0.62381
vt 0.30487 0.62381
vt 0.57087 0.73397
vt 0.30487 0.62381
vt 0.35906 0.51366
vt 0.91004 0.02029
vt 0.90469 0.01588
vt 0.91444 0.25248
vt 0.91985 0.66981
vt 0.57087 0.73397
vt 0.57087 0.73397
vt 0.57087 0.73397
vt 0.35906 0.51366
vt 0.30487 0.62381
vt 0.57087 0.51366
vt 0.35906 0.51366
vt 0.57087 0.51366
vt 0.57087 0.51366
vt 0.57087 0.73397
vt 0.70115 0.44174
vt 0.73356 0.40935
vt 0.91444 0.25248
vt 0.90469 0.01588
vt 0.73356 0.40935
vt 0.92707 0.61336
vt 0.91288 0.27510
vt 0.74993 0.64410
vt 0.57087 0.51366
vt 0.73543 0.40724
vt 0.92707 0.61336
vt 0.91288 0.27510
vt 0.91288 0.27510
vt 0.57087 0.73397
vt 0.75120 0.65236
vt 0.76389 0.60188
vt 0.70115 0.44174
vt 0.76389 0.60188
vt 0.73356 0.40935
vt 0.57087 0.73397
vt 0.35906 0.51366
vt 0.74993 0.64410
vt 0.96293 0.94939
vt 0.96444 0.99138
vt 0.94492 1.00000
vt 0.92384 0.57815
vt 0.94713 0.84819
vt 0.93719 0.84929
vt 0.94043 0.57646
vt 0.94037 0.57702
vt 0.95342 0.84223
vt 0.94713 0.84819
vt 0.96293 0.94939
vt 0.94238 0.95479
vt 0.94043 0.57646
vt 0.90407 0.00705
vt 0.91291 0.01918
vt 0.94238 0.95479
vt 0.94492 1.00000
vt 0.93719 0.84929
vt 0.90407 0.00705
vt 0.89578 0.00784
vt 0.91236 0.00615
vt 0.91291 0.01918
vt 0.94037 0.57702
vt 0.94873 0.57580
vt 0.94492 1.00000
vt 0.96444 0.99138
vt 0.96293 0.94939
vt 0.90407 0.00705
vt 0.92384 0.57815
vt 0.92384 0.57815
vt 0.92384 0.57815
vt 0.94043 0.57646
vt 0.90407 0.00705
vt 0.92384 0.57815
vt 0.92384 0.57815
vt 0.90407 0.00705
vt 0.90407 0.00705
vt 0.94043 0.57646
vt 0.92384 0.57815
vt 0.93719 0.84929
vt 0.94713 0.84819
vt 0.92384 0.57815
vt 0.94037 0.57702
vt 0.95342 0.84223
vt 0.96178 0.84102
vt 0.91291 0.01918
vt 0.92128 0.01797
vt 0.94873 0.57580
vt 0.95342 0.84223
vt 0.96178 0.84102
vt 0.96293 0.94939
vt 0.91291 0.01918
vt 0.92105 0.01254
vt 0.92128 0.01797
vt 0.91236 0.00615
vt 0.91291 0.01918
vt 0.91291 0.01918
vt 0.91236 0.00615
vt 0.90407 0.00705
vt 0.91291 0.01918
vt 0.94043 0.57646
vt 0.94037 0.57702
vt 0.91291 0.01918
vt 0.94713 0.84819
vt 0.95342 0.84223
vt 0.96293 0.94939
vt 0.93719 0.84929
vt 0.94492 1.00000
vt 0.94238 0.95479
vt 0.94043 0.57646
vt 0.94713 0.84819
vt 0.95342 0.84223
vt 0.91291 0.01918
vt 0.92128 0.01797
vt 0.92105 0.01254
vt 0.94037 0.57702
vt 0.94873 0.57580
vt 0.96178 0.84102
vt 0.94238 0.95479
vt 0.96293 0.94939
vt 0.94713 0.84819
vt 0.96444 0.99138
vt 0.96989 0.99747
vt 0.96293 0.94939
vt 0.96989 0.99747
vt 0.99765 0.94783
vt 1.00000 0.99310
vt 0.94880 0.57522
vt 0.99197 0.83256
vt 0.96215 0.84662
vt 0.93585 0.00209
vt 0.95100 0.00000
vt 0.92105 0.01254
vt 0.93585 0.00209
vt 0.94880 0.57522
vt 0.97909 0.57083
vt 0.96989 0.99747
vt 1.00000 0.99310
vt 0.99659 0.92683
vt 0.96178 0.84102
vt 0.96215 0.84662
vt 0.94880 0.57522
vt 0.92128 0.01797
vt 0.93585 0.00209
vt 0.94880 0.57522
vt 0.96293 0.94939
vt 0.96178 0.84102
vt 0.96215 0.84662
vt 0.96178 0.84102
vt 0.94873 0.57580
vt 0.94880 0.57522
vt 0.92128 0.01797
vt 0.93585 0.00209
vt 0.92105 0.01254
vt 0.94880 0.57522
vt 0.99659 0.92683
vt 0.97909 0.57083
vt 0.95342 0.84223
vt 0.96293 0.94939
vt 0.96178 0.84102
vt 0.94037 0.57702
vt 0.96178 0.84102
vt 0.95342 0.84223
vt 0.91291 0.01918
vt 0.94873 0.57580
vt 0.92128 0.01797
vt 0.91291 0.01918
vt 0.92105 0.01254
vt 0.91291 0.01918
vt 0.91236 0.00615
vt 0.91291 0.01918
vt 0.90407 0.00705
vt 0.94043 0.57646
vt 0.95342 0.84223
vt 0.94037 0.57702
vt 0.94043 0.57646
vt 0.91291 0.01918
vt 0.90407 0.00705
vt 0.91236 0.00615
vt 0.91291 0.01918
vt 0.91291 0.01918
vt 0.94713 0.84819
vt 0.96293 0.94939
vt 0.95342 0.84223
vt 0.96178 0.84102
vt 0.94880 0.57522
vt 0.94873 0.57580
vt 0.92128 0.01797
vt 0.94880 0.57522
vt 0.94873 0.57580
vt 0.92128 0.01797
vt 0.92105 0.01254
vt 0.93585 0.00209
vt 0.92128 0.01797
vt 0.94880 0.57522
vt 0.93585 0.00209
vt 0.94880 0.57522
vt 0.96215 0.84662
vt 0.99659 0.92683
vt 0.96989 0.99747
vt 0.96293 0.94939
vt 0.99765 0.94783
vt 0.96293 0.94939
vt 0.96215 0.84662
vt 0.96178 0.84102
vt 0.93585 0.00209
vt 0.99197 0.83256
vt 0.94880 0.57522
vt 0.96215 0.84662
vt 0.99765 0.94783
vt 0.96293 0.94939
vt 0.96989 0.99747
vt 0.99659 0.92683
vt 0.96293 0.94939
vt 0.93585 0.00209
vt 0.99197 0.83256
vt 0.95100 0.00000
vt 0.99197 0.83256
vt 0.93585 0.00209
vt 0.95100 0.00000
vt 0.97909 0.57083
vt 1.00000 0.99310
vt 0.99197 0.83256
vt 1.00000 0.99310
vt 0.99765 0.94783
vt 0.99197 0.83256
vt 0.96444 0.99138
vt 0.96293 0.94939
vt 0.96989 0.99747
vt 0.96178 0.84102
vt 0.94880 0.57522
vt 0.96215 0.84662
vt 0.92128 0.01797
vt 0.94873 0.57580
vt 0.94880 0.57522
vt 0.94713 0.84819
vt 0.94043 0.57646
vt 0.92384 0.57815
vt 0.96215 0.84662
vt 0.99197 0.83256
vt 0.99765 0.94783
vt 0.92384 0.57815
vt 0.93719 0.84929
vt 0.92384 0.57815
vt 0.94043 0.57646
vt 0.95342 0.84223
vt 0.94713 0.84819
vt 0.94043 0.57646
vt 0.91291 0.01918
vt 0.94037 0.57702
vt 0.94238 0.95479
vt 0.93719 0.84929
vt 0.94713 0.84819
vt 0.96293 0.94939
vt 0.94492 1.00000
vt 0.94238 0.95479
vt 0.90407 0.00705
vt 0.92384 0.57815
vt 0.89578 0.00784
vt 0.93719 0.84929
vt 0.92384 0.57815
vt 0.92384 0.57815
vt 0.94043 0.57646
vt 0.94713 0.84819
vt 0.92384 0.57815
vt 0.94492 1.00000
vt 0.96293 0.94939
vt 0.94238 0.95479
vt 0.89578 0.00784
vt 0.90407 0.00705
vt 0.91236 0.00615
vt 0.92384 0.57815
vt 0.90407 0.00705
vt 0.89578 0.00784
vt 0.96215 0.84662
vt 0.96293 0.94939
vt 0.99659 0.92683
vt 0.97909 0.57083
vt 0.99659 0.92683
vt 1.00000 0.99310
vt 0.91291 0.01918
vt 0.92128 0.01797
vt 0.91291 0.01918
vt 0.91291 0.01918
vt 0.94873 0.57580
vt 0.94037 0.57702
vt 0.94037 0.57702
vt 0.96178 0.84102
vt 0.94873 0.57580
vt 0.93585 0.00209
vt 0.97909 0.57083
vt 0.99197 0.83256
vt 0.93719 0.84929
vt 0.94238 0.95479
vt 0.94713 0.84819
vt 0.93585 0.00209
vt 0.92105 0.01254
vt 0.95100 0.00000
vt 0.56222 0.46428
vt 0.70338 0.43795
vt 0.58004 0.58922
vt 0.56222 0.46428
vt 0.70147 0.27126
vt 0.70338 0.43795
vt 0.70147 0.27126
vt 0.56762 0.48069
vt 0.56768 0.48225
vt 0.56768 0.48225
vt 0.56762 0.48069
vt 0.38562 0.47424
vt 0.58004 0.58922
vt 0.38562 0.59667
vt 0.56762 0.48069
vt 0.38562 0.59667
vt 0.38562 0.47424
vt 0.56762 0.48069
vt 0.70338 0.43795
vt 0.58004 0.58922
vt 0.56762 0.48069
vt 0.38562 0.47995
vt 0.38562 0.59667
vt 0.56768 0.48225
vt 0.56222 0.46428
vt 0.38562 0.47995
vt 0.38562 0.47424
vt 0.38562 0.59667
vt 0.58004 0.58922
vt 0.56768 0.48225
vt 0.58004 0.58922
vt 0.70338 0.43795
vt 0.56768 0.48225
vt 0.56229 0.46477
vt 0.70338 0.43795
vt 0.70147 0.27126
vt 0.38562 0.59667
vt 0.58004 0.58922
vt 0.38562 0.47424
vt 0.70338 0.43795
vt 0.70147 0.27126
vt 0.56768 0.48225
vt 0.56768 0.48225
vt 0.70147 0.27126
vt 0.70147 0.27126
vt 0.56768 0.48225
vt 0.38562 0.47424
vt 0.38562 0.47995
vt 0.56762 0.48069
vt 0.70147 0.27126
vt 0.70338 0.43795
vt 0.56222 0.46428
vt 0.58004 0.58922
vt 0.38562 0.47995
vt 0.38562 0.47424
vt 0.56229 0.46477
vt 0.56222 0.46428
vt 0.56229 0.46477
vt 0.58004 0.58922
vt 0.70338 0.43795
vt 0.70147 0.27126
vt 0.70147 0.27126
vt 0.56222 0.46428
vt 0.58004 0.58922
vt 0.38562 0.59667
vt 0.38562 0.47995
vt 0.56229 0.46477
vt 0.70147 0.27126
vt 0.56222 0.46428
vt 0.38562 0.47424
vt 0.58004 0.58922
vt 0.56229 0.46477
vt 0.05427 0.93452
vt 0.07851 0.85592
vt 0.05427 0.86951
vt 0.05427 0.91232
vt 0.07851 0.95491
vt 0.05427 0.96480
vt 0.05427 0.75723
vt 0.07851 0.82013
vt 0.05427 0.78619
vt 0.05427 0.86951
vt 0.07851 0.78980
vt 0.05427 0.75723
vt 0.05427 0.78619
vt 0.07851 0.82013
vt 0.05427 0.91232
vt 0.05427 0.96480
vt 0.07851 0.92402
vt 0.05427 0.93452
vt 0.07851 0.92641
vt 0.07851 0.82013
vt 0.71275 0.90493
vt 0.00000 0.94138
vt 0.00000 0.96677
vt 0.00000 0.80586
vt 0.71275 0.76072
vt 0.71275 0.83037
vt 0.71275 0.95229
vt 0.05427 0.85930
vt 0.05427 0.91232
vt 0.00000 0.94138
vt 0.07851 0.95491
vt 0.07851 0.92641
vt 0.71275 0.90493
vt 0.07851 0.92402
vt 0.71275 0.95229
vt 0.71275 0.83037
vt 0.71275 0.95229
vt 0.71275 0.90493
vt 0.71275 0.76072
vt 0.07851 0.78980
vt 0.71275 0.83037
vt 0.71275 0.76072
vt 0.05427 0.78619
vt 0.05427 0.85930
vt 0.00000 0.80586
vt 0.05427 0.75723
vt 0.05427 0.78619
vt 0.00000 0.80586
vt 0.07851 0.76440
vt 0.71275 0.76072
vt 0.07851 0.82013
vt 0.05427 0.75723
vt 0.00000 0.80586
vt 0.00000 0.75039
vt 0.00000 0.94138
vt 0.05427 0.91232
vt 0.05427 0.96480
vt 0.00000 0.85930
vt 0.05427 0.77723
vt 0.00000 0.75039
vt 0.00000 0.96677
vt 0.05427 0.86951
vt 0.00000 0.85930
vt 0.05427 0.77723
vt 0.05427 0.86951
vt 0.05427 0.75723
vt 0.07851 0.82013
vt 0.71275 0.76072
vt 0.71275 0.90493
vt 0.00000 0.96677
vt 0.00000 0.85930
vt 0.00000 0.75039
vt 0.00000 0.80586
vt 0.00000 0.96677
vt 0.00000 0.75039
vt 0.07851 0.78980
vt 0.71275 0.76072
vt 0.07851 0.76440
vt 0.07851 0.95491
vt 0.71275 0.95229
vt 0.07851 0.92402
vt 0.07851 0.85592
vt 0.71275 0.83037
vt 0.07851 0.78980
vt 0.05427 0.96480
vt 0.05427 0.93452
vt 0.00000 0.96677
vt 0.05427 0.78619
vt 0.05427 0.91232
vt 0.05427 0.85930
vt 0.05427 0.85930
vt 0.00000 0.94138
vt 0.00000 0.80586
vt 0.07851 0.95491
vt 0.71275 0.90493
vt 0.71275 0.95229
vt 0.07851 0.92402
vt 0.71275 0.83037
vt 0.07851 0.85592
vt 0.05427 0.93452
vt 0.07851 0.92402
vt 0.07851 0.85592
vt 0.05427 0.75723
vt 0.07851 0.78980
vt 0.07851 0.76440
vt 0.05427 0.75723
vt 0.07851 0.76440
vt 0.07851 0.82013
vt 0.05427 0.91232
vt 0.07851 0.92641
vt 0.07851 0.95491
vt 0.05427 0.86951
vt 0.07851 0.85592
vt 0.07851 0.78980
vt 0.05427 0.96480
vt 0.07851 0.95491
vt 0.07851 0.92402
vt 0.05427 0.91232
vt 0.07851 0.82013
vt 0.07851 0.92641
vt 0.00000 0.94138
vt 0.05427 0.96480
vt 0.00000 0.96677
vt 0.05427 0.77723
vt 0.05427 0.75723
vt 0.00000 0.75039
vt 0.00000 0.85930
vt 0.05427 0.86951
vt 0.05427 0.77723
vt 0.00000 0.96677
vt 0.05427 0.93452
vt 0.05427 0.86951
vt 0.46568 0.39570
vt 0.49262 0.39570
vt 0.47651 0.37523
vt 0.47072 0.38887
vt 0.47651 0.37523
vt 0.50484 0.38639
vt 0.46568 0.39570
vt 0.47651 0.37523
vt 0.47072 0.38887
vt 0.49262 0.39570
vt 0.50484 0.38639
vt 0.47651 0.37523
vt 0.50715 0.48459
vt 0.50019 0.48459
vt 0.46211 0.48459
vt 0.50019 0.48459
vt 0.50715 0.48459
vt 0.50484 0.38639
vt 0.50715 0.48459
vt 0.46906 0.48459
vt 0.48344 0.39570
vt 0.48344 0.39570
vt 0.46906 0.48459
vt 0.47072 0.38887
vt 0.46211 0.48459
vt 0.46906 0.48459
vt 0.50715 0.48459
vt 0.46211 0.48459
vt 0.50019 0.48459
vt 0.49262 0.39570
vt 0.46906 0.48459
vt 0.46211 0.48459
vt 0.46568 0.39570
vt 0.50715 0.48459
vt 0.48344 0.39570
vt 0.50484 0.38639
vt 0.46906 0.48459
vt 0.46568 0.39570
vt 0.47072 0.38887
vt 0.46211 0.48459
vt 0.49262 0.39570
vt 0.46568 0.39570
vt 0.50019 0.48459
vt 0.50484 0.38639
vt 0.49262 0.39570
vt 0.48344 0.39570
vt 0.47072 0.38887
vt 0.50484 0.38639
vt 0.91236 0.00615
vt 0.89669 0.02084
vt 0.91291 0.01918
vt 0.92414 0.57867
vt 0.94556 0.84267
vt 0.93720 0.84388
vt 0.92384 0.57815
vt 0.89669 0.02084
vt 0.89578 0.00784
vt 0.92384 0.57815
vt 0.93720 0.84388
vt 0.93719 0.84929
vt 0.93719 0.84929
vt 0.94476 0.99129
vt 0.93720 0.84388
vt 0.93719 0.84929
vt 0.94492 1.00000
vt 0.94476 0.99129
vt 0.92414 0.57867
vt 0.93251 0.57745
vt 0.94556 0.84267
vt 0.90506 0.01962
vt 0.93220 0.57691
vt 0.90411 0.00608
vt 0.94476 0.99129
vt 0.95312 0.99008
vt 0.94556 0.84267
vt 0.91291 0.01918
vt 0.89669 0.02084
vt 0.90506 0.01962
vt 0.95312 0.99008
vt 0.95329 0.99916
vt 0.94555 0.84831
vt 0.89669 0.02084
vt 0.92414 0.57867
vt 0.93251 0.57745
vt 0.92105 0.01254
vt 0.90411 0.00608
vt 0.95100 0.00000
vt 0.92384 0.57815
vt 0.92414 0.57867
vt 0.93720 0.84388
vt 0.94556 0.84267
vt 0.93251 0.57745
vt 0.93220 0.57691
vt 0.89669 0.02084
vt 0.93251 0.57745
vt 0.90506 0.01962
vt 0.90506 0.01962
vt 0.93251 0.57745
vt 0.93220 0.57691
vt 0.90506 0.01962
vt 0.90411 0.00608
vt 0.92105 0.01254
vt 0.96444 0.99138
vt 0.95329 0.99916
vt 0.95312 0.99008
vt 0.94556 0.84267
vt 0.93220 0.57691
vt 0.94555 0.84831
vt 0.94492 1.00000
vt 0.96444 0.99138
vt 0.94476 0.99129
vt 0.95312 0.99008
vt 0.94555 0.84831
vt 0.94556 0.84267
vt 0.94476 0.99129
vt 0.94556 0.84267
vt 0.93720 0.84388
vt 0.96444 0.99138
vt 0.96989 0.99747
vt 0.95329 0.99916
vt 0.96444 0.99138
vt 0.95312 0.99008
vt 0.94476 0.99129
vt 0.91291 0.01918
vt 0.90506 0.01962
vt 0.92105 0.01254
vt 0.91236 0.00615
vt 0.89578 0.00784
vt 0.89669 0.02084
vt 0.92384 0.57815
vt 0.92414 0.57867
vt 0.89669 0.02084
vt 0.44915 0.51295
vt 0.48071 0.51295
vt 0.51439 0.51295
vt 0.48819 0.71410
vt 0.51975 0.71410
vt 0.51439 0.51295
vt 0.44915 0.51295
vt 0.50118 0.51295
vt 0.48071 0.71410
vt 0.48071 0.51295
vt 0.44915 0.51295
vt 0.44915 0.71410
vt 0.51439 0.51295
vt 0.50118 0.51295
vt 0.44915 0.51295
vt 0.44915 0.71410
vt 0.48071 0.71410
vt 0.51975 0.71410
vt 0.51975 0.71410
vt 0.48819 0.71410
vt 0.44915 0.71410
vt 0.48071 0.51295
vt 0.44915 0.71410
vt 0.48819 0.71410
vt 0.44915 0.51295
vt 0.48071 0.71410
vt 0.44915 0.71410
vt 0.50118 0.51295
vt 0.51975 0.71410
vt 0.48071 0.71410
vt 0.48819 0.71410
vt 0.51439 0.51295
vt 0.48071 0.51295
vt 0.51975 0.71410
vt 0.50118 0.51295
vt 0.51439 0.51295
vt 0.40555 0.63144
vt 0.37872 0.59275
vt 0.42205 0.62329
vt 0.37872 0.58053
vt 0.41586 0.54388
vt 0.37872 0.59275
vt 0.42205 0.62329
vt 0.43149 0.58664
vt 0.40555 0.63144
vt 0.37872 0.58053
vt 0.40555 0.54184
vt 0.41586 0.54388
vt 0.40555 0.54184
vt 0.43149 0.58664
vt 0.41586 0.54388
vt 0.43149 0.58664
vt 0.40555 0.54184
vt 0.37872 0.58053
vt 0.43149 0.58664
vt 0.42205 0.62329
vt 0.41586 0.54388
vt 0.37872 0.59275
vt 0.41586 0.54388
vt 0.42205 0.62329
vt 0.40555 0.63144
vt 0.43149 0.58664
vt 0.37872 0.58053
vt 0.40555 0.63144
vt 0.37872 0.58053
vt 0.37872 0.59275
vt 0.87641 0.31974
vt 0.91355 0.35639
vt 0.87022 0.32585
vt 0.86403 0.38490
vt 0.87022 0.32585
vt 0.87641 0.40526
vt 0.89704 0.40526
vt 0.87641 0.40526
vt 0.91355 0.35639
vt 0.90942 0.34010
vt 0.87641 0.31974
vt 0.89704 0.40526
vt 0.90942 0.34010
vt 0.89704 0.40526
vt 0.91355 0.35639
vt 0.86403 0.38490
vt 0.87641 0.31974
vt 0.87022 0.32585
vt 0.89704 0.40526
vt 0.86403 0.38490
vt 0.87641 0.40526
vt 0.87641 0.31974
vt 0.86403 0.38490
vt 0.89704 0.40526
vt 0.87641 0.31974
vt 0.90942 0.34010
vt 0.91355 0.35639
vt 0.91355 0.35639
vt 0.87641 0.40526
vt 0.87022 0.32585
vt 0.64267 0.81837
vt 0.13774 0.81837
vt 0.13774 0.81837
vt 0.64267 0.81837
vt 0.64267 0.70068
vt 0.64267 0.70068
vt 0.17544 0.70068
vt 0.64267 0.70068
vt 0.64267 0.70068
vt 0.13774 0.81837
vt 0.17544 0.70068
vt 0.17544 0.70068
vt 0.64267 0.81837
vt 0.64267 0.81837
vt 0.13774 0.81837
vt 0.64267 0.81837
vt 0.64267 0.81837
vt 0.64267 0.70068
vt 0.17544 0.70068
vt 0.17544 0.70068
vt 0.64267 0.70068
vt 0.17544 0.70068
vt 0.13774 0.81837
vt 0.64267 0.81837
vt 0.64267 0.81837
vt 0.17544 0.70068
vt 0.64267 0.70068
vt 0.17544 0.70068
vt 0.64267 0.81837
vt 0.64267 0.70068
vt 0.13774 0.81837
vt 0.13774 0.81837
vt 0.17544 0.70068
vt 0.64267 0.81837
vt 0.13774 0.81837
vt 0.17544 0.70068
f 1796/8959 1849/8960 1761/8961
f 1758/8962 1802/8963 1795/8964
f 1761/8965 1801/8966 1795/8967
f 1779/8968 1793/8969 1780/8970
f 1795/8971 1794/8972 1796/8973
f 1797/8974 1743/8975 1795/8976
f 1764/8977 1766/8978 1791/8979
f 1801/8980 1758/8981 1795/8982
f 1792/8983 1791/8984 1793/8985
f 1797/8986 1735/8987 1740/8988
f 1798/8989 1775/8990 1777/8991
f 1783/8992 1781/8993 1802/8994
f 1781/8995 1800/8996 1756/8997
f 1756/8998 1802/8999 1781/9000
f 1800/9001 1797/9002 1795/9003
f 1795/9004 1756/9005 1800/9006
f 1802/9007 1757/9008 1783/9009
f 1793/9010 1791/9011 1780/9012
f 1791/9013 1798/9014 1780/9015
f 1792/9016 1793/9017 1804/9018
f 1803/9019 1782/9020 1783/9021
f 1771/9022 1787/9023 1769/9024
f 1797/9025 1740/9026 1743/9027
f 1768/9028 1797/9029 1800/9030
f 1781/9031 1783/9032 1782/9033
f 1757/9034 1801/9035 1783/9036
f 1787/9037 1784/9038 1801/9039
f 1784/9040 1783/9041 1801/9042
f 1801/9043 1762/9044 1786/9045
f 1789/9046 1786/9047 1762/9048
f 1786/9049 1787/9050 1801/9051
f 1792/9052 1788/9053 1799/9054
f 1764/9055 1792/9056 1799/9057
f 1798/9058 1791/9059 1796/9060
f 1802/9061 1756/9062 1795/9063
f 1795/9064 1796/9065 1761/9066
f 1849/9067 1796/9068 1799/9069
f 1849/9070 1762/9071 1761/9072
f 1766/9073 1796/9074 1791/9075
f 1796/9076 1766/9077 1799/9078
f 1788/9079 1789/9080 1762/9081
f 1788/9082 1762/9083 1799/9084
f 1725/9085 1744/9086 1724/9087
f 1741/9088 1743/9089 1738/9090
f 1739/9091 1743/9092 1740/9093
f 1734/9094 1733/9095 1732/9096
f 1735/9097 1736/9098 1737/9099
f 1705/9100 1747/9101 1702/9102
f 1705/9103 1702/9104 1704/9105
f 1726/9106 1749/9107 1727/9108
f 1744/9109 1725/9110 1724/9111
f 1702/9112 1750/9113 1703/9114
f 1799/9115 1766/9116 1765/9117
f 1760/9118 1761/9119 1759/9120
f 1762/9121 1799/9122 1763/9123
f 1789/9124 1788/9125 1776/9126
f 1777/9127 1776/9128 1778/9129
f 1775/9130 1774/9131 1769/9132
f 1768/9133 1782/9134 1767/9135
f 1700/9136 1746/9137 1744/9138
f 1705/9139 1745/9140 1737/9141
f 1736/9142 1738/9143 1737/9144
f 1735/9145 1739/9146 1740/9147
f 1794/9148 1741/9149 1736/9150
f 1759/9151 1801/9152 1760/9153
f 1722/9154 1721/9155 1723/9156
f 1730/9157 1708/9158 1753/9159
f 1733/9160 1734/9161 1711/9162
f 1734/9163 1742/9164 1737/9165
f 1738/9166 1746/9167 1700/9168
f 1738/9169 1744/9170 1746/9171
f 1752/9172 1704/9173 1702/9174
f 1733/9175 1729/9176 1720/9177
f 1717/9178 1754/9179 1730/9180
f 1738/9181 1739/9182 1744/9183
f 1729/9184 1733/9185 1708/9186
f 1730/9187 1729/9188 1708/9189
f 1733/9190 1711/9191 1709/9192
f 1708/9193 1733/9194 1709/9195
f 1749/9196 1726/9197 1703/9198
f 1703/9199 1748/9200 1702/9201
f 1752/9202 1728/9203 1704/9204
f 1726/9205 1748/9206 1703/9207
f 1733/9208 1721/9209 1722/9210
f 1742/9211 1734/9212 1722/9213
f 1728/9214 1730/9215 1704/9216
f 1748/9217 1752/9218 1702/9219
f 1725/9220 1727/9221 1749/9222
f 1744/9223 1725/9224 1700/9225
f 1742/9226 1754/9227 1716/9228
f 1718/9229 1715/9230 1739/9231
f 1725/9232 1749/9233 1700/9234
f 1729/9235 1731/9236 1720/9237
f 1731/9238 1730/9239 1754/9240
f 1720/9241 1721/9242 1733/9243
f 1731/9244 1754/9245 1720/9246
f 1748/9247 1717/9248 1728/9249
f 1730/9250 1728/9251 1717/9252
f 1757/9253 1802/9254 1758/9255
f 1758/9256 1801/9257 1757/9258
f 1756/9259 1802/9260 1755/9261
f 1760/9262 1801/9263 1761/9264
f 1759/9265 1762/9266 1801/9267
f 1759/9268 1761/9269 1762/9270
f 1755/9271 1802/9272 1756/9273
f 1704/9274 1730/9275 1753/9276
f 1738/9277 1750/9278 1702/9279
f 1738/9280 1702/9281 1747/9282
f 1738/9283 1747/9284 1705/9285
f 1705/9286 1704/9287 1753/9288
f 1708/9289 1709/9290 1737/9291
f 1705/9292 1753/9293 1745/9294
f 1745/9295 1708/9296 1737/9297
f 1709/9298 1734/9299 1737/9300
f 1737/9301 1738/9302 1705/9303
f 1738/9304 1700/9305 1750/9306
f 1700/9307 1749/9308 1750/9309
f 1715/9310 1744/9311 1713/9312
f 1718/9313 1751/9314 1715/9315
f 1715/9316 1718/9317 1714/9318
f 1711/9319 1734/9320 1710/9321
f 1713/9322 1715/9323 1712/9324
f 1700/9325 1746/9326 1701/9327
f 1710/9328 1734/9329 1709/9330
f 1753/9331 1708/9332 1706/9333
f 1708/9334 1745/9335 1753/9336
f 1719/9337 1720/9338 1754/9339
f 1718/9340 1715/9341 1714/9342
f 1754/9343 1720/9344 1719/9345
f 1717/9346 1748/9347 1718/9348
f 1749/9349 1703/9350 1750/9351
f 1716/9352 1717/9353 1718/9354
f 1710/9355 1709/9356 1711/9357
f 1746/9358 1700/9359 1701/9360
f 1715/9361 1713/9362 1712/9363
f 1753/9364 1706/9365 1707/9366
f 1708/9367 1753/9368 1706/9369
f 1707/9370 1706/9371 1753/9372
f 1751/9373 1718/9374 1727/9375
f 1715/9376 1751/9377 1725/9378
f 1726/9379 1727/9380 1718/9381
f 1727/9382 1725/9383 1751/9384
f 1718/9385 1748/9386 1726/9387
f 1728/9388 1752/9389 1748/9390
f 1725/9391 1744/9392 1715/9393
f 1716/9394 1718/9395 1739/9396
f 1735/9397 1737/9398 1742/9399
f 1739/9400 1738/9401 1743/9402
f 1744/9403 1739/9404 1713/9405
f 1754/9406 1742/9407 1720/9408
f 1754/9409 1717/9410 1716/9411
f 1735/9412 1794/9413 1736/9414
f 1722/9415 1734/9416 1732/9417
f 1742/9418 1721/9419 1720/9420
f 1739/9421 1742/9422 1716/9423
f 1715/9424 1713/9425 1739/9426
f 1736/9427 1741/9428 1738/9429
f 1742/9430 1723/9431 1721/9432
f 1735/9433 1742/9434 1739/9435
f 1794/9436 1743/9437 1741/9438
f 1742/9439 1722/9440 1723/9441
f 1730/9442 1731/9443 1729/9444
f 1733/9445 1722/9446 1732/9447
f 1771/9448 1772/9449 1770/9450
f 1763/9451 1799/9452 1762/9453
f 1768/9454 1800/9455 1782/9456
f 1767/9457 1782/9458 1768/9459
f 1769/9460 1773/9461 1775/9462
f 1771/9463 1769/9464 1772/9465
f 1770/9466 1803/9467 1771/9468
f 1762/9469 1849/9470 1799/9471
f 1776/9472 1788/9473 1804/9474
f 1777/9475 1789/9476 1776/9477
f 1800/9478 1781/9479 1782/9480
f 1790/9481 1789/9482 1788/9483
f 1783/9484 1784/9485 1787/9486
f 1787/9487 1785/9488 1786/9489
f 1785/9490 1787/9491 1786/9492
f 1765/9493 1766/9494 1764/9495
f 1764/9496 1799/9497 1765/9498
f 1804/9499 1779/9500 1778/9501
f 1789/9502 1790/9503 1788/9504
f 1797/9505 1768/9506 1782/9507
f 1797/9508 1798/9509 1735/9510
f 1795/9511 1743/9512 1794/9513
f 1797/9514 1770/9515 1772/9516
f 1797/9517 1782/9518 1770/9519
f 1798/9520 1797/9521 1775/9522
f 1779/9523 1780/9524 1798/9525
f 1782/9526 1803/9527 1770/9528
f 1798/9529 1796/9530 1735/9531
f 1777/9532 1778/9533 1798/9534
f 1775/9535 1789/9536 1777/9537
f 1778/9538 1779/9539 1798/9540
f 1775/9541 1773/9542 1789/9543
f 1797/9544 1774/9545 1775/9546
f 1797/9547 1772/9548 1774/9549
f 1772/9550 1769/9551 1774/9552
f 1776/9553 1804/9554 1778/9555
f 1786/9556 1789/9557 1773/9558
f 1771/9559 1803/9560 1787/9561
f 1783/9562 1787/9563 1803/9564
f 1769/9565 1786/9566 1773/9567
f 1788/9568 1792/9569 1804/9570
f 1792/9571 1764/9572 1791/9573
f 1735/9574 1796/9575 1794/9576
f 1787/9577 1786/9578 1769/9579
f 1779/9580 1804/9581 1793/9582
f 1667/9583 1687/9584 1682/9585
f 1690/9586 1699/9587 1685/9588
f 1694/9589 1672/9590 1697/9591
f 1687/9592 1694/9593 1682/9594
f 1693/9595 1695/9596 1685/9597
f 1681/9598 1692/9599 1680/9600
f 1677/9601 1693/9602 1685/9603
f 1698/9604 1689/9605 1699/9606
f 1684/9607 1699/9608 1690/9609
f 1694/9610 1685/9611 1670/9612
f 1685/9613 1696/9614 1680/9615
f 1677/9616 1696/9617 1695/9618
f 1685/9619 1671/9620 1670/9621
f 1680/9622 1696/9623 1691/9624
f 1697/9625 1680/9626 1692/9627
f 1667/9628 1669/9629 1668/9630
f 1698/9631 1669/9632 1689/9633
f 1690/9634 1667/9635 1668/9636
f 1668/9637 1684/9638 1690/9639
f 1684/9640 1698/9641 1699/9642
f 1667/9643 1689/9644 1669/9645
f 1678/9646 1676/9647 1675/9648
f 1680/9649 1684/9650 1668/9651
f 1669/9652 1689/9653 1667/9654
f 1674/9655 1683/9656 1676/9657
f 1687/9658 1685/9659 1694/9660
f 1693/9661 1677/9662 1695/9663
f 1673/9664 1674/9665 1678/9666
f 1686/9667 1683/9668 1674/9669
f 1677/9670 1691/9671 1696/9672
f 1697/9673 1672/9674 1680/9675
f 1685/9676 1680/9677 1671/9678
f 1667/9679 1685/9680 1687/9681
f 1685/9682 1667/9683 1690/9684
f 1688/9685 1686/9686 1684/9687
f 1688/9688 1680/9689 1691/9690
f 1681/9691 1697/9692 1692/9693
f 1686/9694 1691/9695 1675/9696
f 1677/9697 1679/9698 1675/9699
f 1685/9700 1695/9701 1696/9702
f 1694/9703 1670/9704 1672/9705
f 1668/9706 1667/9707 1682/9708
f 1699/9709 1679/9710 1677/9711
f 1689/9712 1669/9713 1686/9714
f 1673/9715 1699/9716 1689/9717
f 1698/9718 1686/9719 1669/9720
f 1678/9721 1675/9722 1679/9723
f 1686/9724 1676/9725 1683/9726
f 1686/9727 1674/9728 1673/9729
f 1669/9730 1667/9731 1668/9732
f 1674/9733 1676/9734 1678/9735
f 1673/9736 1678/9737 1679/9738
f 1670/9739 1671/9740 1672/9741
f 1689/9742 1686/9743 1673/9744
f 1686/9745 1675/9746 1676/9747
f 1677/9748 1675/9749 1691/9750
f 1691/9751 1686/9752 1688/9753
f 1680/9754 1672/9755 1671/9756
f 1680/9757 1668/9758 1681/9759
f 1699/9760 1677/9761 1685/9762
f 1668/9763 1682/9764 1681/9765
f 1686/9766 1698/9767 1684/9768
f 1688/9769 1684/9770 1680/9771
f 1673/9772 1679/9773 1699/9774
f 1830/9775 1825/9776 1814/9777
f 1821/9778 1808/9779 1810/9780
f 1817/9781 1819/9782 1820/9783
f 1808/9784 1830/9785 1809/9786
f 1817/9787 1816/9788 1818/9789
f 1809/9790 1814/9791 1810/9792
f 1816/9793 1807/9794 1813/9795
f 1838/9796 1832/9797 1834/9798
f 1814/9799 1825/9800 1815/9801
f 1816/9802 1821/9803 1805/9804
f 1823/9805 1822/9806 1826/9807
f 1805/9808 1823/9809 1826/9810
f 1816/9811 1817/9812 1821/9813
f 1810/9814 1812/9815 1823/9816
f 1832/9817 1837/9818 1833/9819
f 1818/9820 1829/9821 1831/9822
f 1820/9823 1844/9824 1830/9825
f 1824/9826 1846/9827 1829/9828
f 1813/9829 1824/9830 1818/9831
f 1813/9832 1826/9833 1838/9834
f 1822/9835 1832/9836 1838/9837
f 1808/9838 1820/9839 1830/9840
f 1810/9841 1814/9842 1811/9843
f 1822/9844 1812/9845 1837/9846
f 1838/9847 1841/9848 1846/9849
f 1819/9850 1831/9851 1844/9852
f 1811/9853 1815/9854 1812/9855
f 1825/9856 1850/9857 1815/9858
f 1850/9859 1888/9860 1891/9861
f 1883/9862 1890/9863 1882/9864
f 1886/9865 1851/9866 1846/9867
f 1886/9868 1881/9869 1885/9870
f 1850/9871 1891/9872 1884/9873
f 1833/9874 1889/9875 1881/9876
f 1829/9877 1887/9878 1883/9879
f 1830/9880 1844/9881 1882/9882
f 1844/9883 1831/9884 1883/9885
f 1841/9886 1886/9887 1846/9888
f 1881/9889 1884/9890 1885/9891
f 1837/9892 1815/9893 1833/9894
f 1819/9895 1844/9896 1820/9897
f 1838/9898 1834/9899 1841/9900
f 1838/9901 1846/9902 1824/9903
f 1813/9904 1818/9905 1816/9906
f 1822/9907 1837/9908 1832/9909
f 1822/9910 1838/9911 1826/9912
f 1813/9913 1838/9914 1824/9915
f 1812/9916 1815/9917 1837/9918
f 1833/9919 1881/9920 1834/9921
f 1829/9922 1883/9923 1831/9924
f 1829/9925 1846/9926 1887/9927
f 1841/9928 1881/9929 1886/9930
f 1881/9931 1889/9932 1884/9933
f 1850/9934 1830/9935 1888/9936
f 1815/9937 1889/9938 1833/9939
f 1887/9940 1890/9941 1883/9942
f 1882/9943 1888/9944 1830/9945
f 1850/9946 1884/9947 1815/9948
f 1886/9949 1890/9950 1851/9951
f 1890/9952 1887/9953 1851/9954
f 1885/9955 1891/9956 1890/9957
f 1891/9958 1888/9959 1890/9960
f 1825/9961 1830/9962 1850/9963
f 1844/9964 1883/9965 1882/9966
f 1841/9967 1834/9968 1881/9969
f 1812/9970 1822/9971 1823/9972
f 1882/9973 1890/9974 1888/9975
f 1821/9976 1810/9977 1805/9978
f 1817/9979 1820/9980 1808/9981
f 1817/9982 1818/9983 1819/9984
f 1809/9985 1810/9986 1808/9987
f 1830/9988 1814/9989 1809/9990
f 1816/9991 1805/9992 1807/9993
f 1810/9994 1823/9995 1805/9996
f 1817/9997 1808/9998 1821/9999
f 1814/10000 1815/10001 1811/10002
f 1807/10003 1826/10004 1813/10005
f 1805/10006 1826/10007 1807/10008
f 1889/10009 1815/10010 1884/10011
f 1885/10012 1884/10013 1891/10014
f 1824/10015 1829/10016 1818/10017
f 1818/10018 1831/10019 1819/10020
f 1832/10021 1833/10022 1834/10023
f 1886/10024 1885/10025 1890/10026
f 1810/10027 1811/10028 1812/10029
f 1887/10030 1846/10031 1851/10032
f 1870/10033 1880/10034 1877/10035
f 1870/10036 1876/10037 1880/10038
f 1867/10039 1874/10040 1875/10041
f 1875/10042 1874/10043 1869/10044
f 1873/10045 1868/10046 1874/10047
f 1868/10048 1869/10049 1874/10050
f 1872/10051 1873/10052 1874/10053
f 1879/10054 1878/10055 1875/10056
f 1870/10057 1879/10058 1869/10059
f 1878/10060 1877/10061 1875/10062
f 1877/10063 1880/10064 1875/10065
f 1871/10066 1872/10067 1867/10068
f 1868/10069 1873/10070 1869/10071
f 1880/10072 1876/10073 1875/10074
f 1875/10075 1876/10076 1867/10077
f 1875/10078 1869/10079 1879/10080
f 1874/10081 1867/10082 1872/10083
f 1870/10084 1877/10085 1879/10086
f 1869/10087 1871/10088 1870/10089
f 1871/10090 1873/10091 1872/10092
f 1867/10093 1876/10094 1870/10095
f 1877/10096 1878/10097 1879/10098
f 1871/10099 1867/10100 1870/10101
f 1869/10102 1873/10103 1871/10104
f 1639/10105 1640/10106 1641/10107
f 1642/10108 1643/10109 1644/10110
f 1638/10111 1649/10112 1645/10113
f 1641/10114 1646/10115 1638/10116
f 1645/10117 1649/10118 1642/10119
f 1644/10120 1647/10121 1639/10122
f 1648/10123 1649/10124 1909/10125
f 1901/10126 1902/10127 1906/10128
f 1908/10129 1910/10130 1907/10131
f 1900/10132 1642/10133 1901/10134
f 1643/10135 1648/10136 1909/10137
f 1647/10138 1907/10139 1910/10140
f 1907/10141 1909/10142 1908/10143
f 1646/10144 1910/10145 1908/10146
f 1645/10147 1900/10148 1906/10149
f 1638/10150 1645/10151 1906/10152
f 1637/10153 1908/10154 1649/10155
f 1638/10156 1906/10157 1905/10158
f 1901/10159 1642/10160 1644/10161
f 1903/10162 1904/10163 1905/10164
f 1902/10165 1641/10166 1903/10167
f 1904/10168 1641/10169 1638/10170
f 1649/10171 1908/10172 1909/10173
f 1902/10174 1903/10175 1905/10176
f 1906/10177 1902/10178 1905/10179
f 1646/10180 1908/10181 1637/10182
f 1643/10183 1907/10184 1647/10185
f 1640/10186 1910/10187 1646/10188
f 1644/10189 1639/10190 1902/10191
f 1645/10192 1642/10193 1900/10194
f 1900/10195 1901/10196 1906/10197
f 1643/10198 1909/10199 1907/10200
f 1647/10201 1910/10202 1640/10203
f 1639/10204 1647/10205 1640/10206
f 1638/10207 1646/10208 1637/10209
f 1638/10210 1637/10211 1649/10212
f 1642/10213 1648/10214 1643/10215
f 1641/10216 1640/10217 1646/10218
f 1644/10219 1643/10220 1647/10221
f 1642/10222 1649/10223 1648/10224
f 1901/10225 1644/10226 1902/10227
f 1904/10228 1638/10229 1905/10230
f 1903/10231 1641/10232 1904/10233
f 1902/10234 1639/10235 1641/10236
f 1862/10237 1864/10238 1651/10239
f 1652/10240 1651/10241 1650/10242
f 1862/10243 1651/10244 1652/10245
f 1864/10246 1650/10247 1651/10248
f 1866/10249 1865/10250 1863/10251
f 1865/10252 1866/10253 1650/10254
f 1866/10255 1861/10256 1860/10257
f 1860/10258 1861/10259 1652/10260
f 1863/10261 1861/10262 1866/10263
f 1863/10264 1865/10265 1864/10266
f 1861/10267 1863/10268 1862/10269
f 1866/10270 1860/10271 1650/10272
f 1861/10273 1862/10274 1652/10275
f 1863/10276 1864/10277 1862/10278
f 1865/10279 1650/10280 1864/10281
f 1860/10282 1652/10283 1650/10284
f 1813/10285 1806/10286 1824/10287
f 1835/10288 1836/10289 1828/10290
f 1805/10291 1806/10292 1807/10293
f 1805/10294 1828/10295 1810/10296
f 1810/10297 1827/10298 1828/10299
f 1810/10300 1814/10301 1827/10302
f 1835/10303 1843/10304 1836/10305
f 1842/10306 1847/10307 1848/10308
f 1827/10309 1839/10310 1836/10311
f 1824/10312 1806/10313 1842/10314
f 1839/10315 1845/10316 1840/10317
f 1806/10318 1835/10319 1843/10320
f 1846/10321 1848/10322 1851/10323
f 1805/10324 1835/10325 1828/10326
f 1836/10327 1843/10328 1847/10329
f 1806/10330 1843/10331 1842/10332
f 1842/10333 1843/10334 1847/10335
f 1842/10336 1848/10337 1846/10338
f 1825/10339 1845/10340 1839/10341
f 1836/10342 1847/10343 1840/10344
f 1814/10345 1825/10346 1827/10347
f 1839/10348 1840/10349 1836/10350
f 1827/10351 1836/10352 1828/10353
f 1825/10354 1850/10355 1845/10356
f 1825/10357 1839/10358 1827/10359
f 1824/10360 1842/10361 1846/10362
f 1813/10363 1807/10364 1806/10365
f 1805/10366 1835/10367 1806/10368
f 1855/10369 1852/10370 1857/10371
f 1853/10372 1856/10373 1857/10374
f 1855/10375 1859/10376 1858/10377
f 1852/10378 1855/10379 1854/10380
f 1857/10381 1859/10382 1855/10383
f 1854/10384 1858/10385 1856/10386
f 1856/10387 1853/10388 1854/10389
f 1852/10390 1854/10391 1853/10392
f 1855/10393 1858/10394 1854/10395
f 1859/10396 1856/10397 1858/10398
f 1853/10399 1857/10400 1852/10401
f 1856/10402 1859/10403 1857/10404
f 1653/10405 1655/10406 1654/10407
f 1656/10408 1658/10409 1655/10410
f 1654/10411 1659/10412 1653/10413
f 1656/10414 1657/10415 1658/10416
f 1657/10417 1659/10418 1658/10419
f 1659/10420 1657/10421 1656/10422
f 1659/10423 1654/10424 1658/10425
f 1655/10426 1658/10427 1654/10428
f 1653/10429 1659/10430 1656/10431
f 1653/10432 1656/10433 1655/10434
f 1664/10435 1666/10436 1663/10437
f 1662/10438 1663/10439 1661/10440
f 1660/10441 1661/10442 1666/10443
f 1665/10444 1664/10445 1660/10446
f 1665/10447 1660/10448 1666/10449
f 1662/10450 1664/10451 1663/10452
f 1660/10453 1662/10454 1661/10455
f 1664/10456 1662/10457 1660/10458
f 1664/10459 1665/10460 1666/10461
f 1666/10462 1661/10463 1663/10464
f 1895/10465 1899/10466 1897/10467
f 1892/10468 1893/10469 1894/10470
f 1896/10471 1894/10472 1893/10473
f 1897/10474 1898/10475 1896/10476
f 1895/10477 1892/10478 1899/10479
f 1892/10480 1895/10481 1893/10482
f 1896/10483 1898/10484 1894/10485
f 1898/10486 1899/10487 1892/10488
f 1895/10489 1896/10490 1893/10491
f 1898/10492 1892/10493 1894/10494
f 1897/10495 1899/10496 1898/10497
f 1895/10498 1897/10499 1896/10500
o Accent
g Accent
usemtl AccentHot
v -0.02278 0.15571 -2.33082
v 0.02507 0.14821 -2.32395
v -0.02278 0.14253 -2.34794
v 0.02507 0.14015 -2.34720
v -0.02278 0.13430 -2.32796
v -0.01831 0.16694 -2.30989
v 0.02060 0.16694 -2.36110
v -0.01831 0.12849 -2.35732
v 0.02060 0.12849 -2.35732
v 0.02060 0.16694 -2.30989
v -0.01831 0.16694 -2.36110
v 0.02060 0.12849 -2.31367
v -0.01831 0.12849 -2.31367
v 0.04000 0.17204 -2.36273
v 0.00114 0.15217 -2.30864
v -0.03771 0.21180 -2.36273
v -0.04376 0.18633 -2.30864
v 0.00114 0.23168 -2.30864
v -0.02281 0.15829 -2.36273
v 0.03078 0.22410 -2.36273
v 0.04605 0.19752 -2.30864
v -0.01774 0.22846 -2.70987
v 0.00114 0.19184 -2.70987
v 0.04189 0.21151 -2.72558
v 0.01043 0.20985 -2.70986
v 0.02437 0.15923 -2.70987
v 0.00306 0.18890 -2.70986
v 0.01527 0.17651 -2.70986
v 0.01491 0.17353 -2.73603
v -0.03654 0.17257 -2.70987
v -0.02026 0.18918 -2.70986
v 0.02093 0.20325 -2.73603
v -0.01262 0.21017 -2.73603
v -0.02431 0.23042 -2.73605
v 0.04138 0.17126 -2.73605
v 0.00274 0.15007 -2.74608
v -0.01863 0.18044 -2.73603
v 0.02344 0.18044 -2.75610
v -0.01791 0.20215 -2.76002
v -0.01935 0.18320 -2.75610
v 0.02103 0.19722 -2.75851
v 0.00115 0.21190 -2.76002
v -0.03872 0.21223 -2.76004
v 0.04101 0.17065 -2.76004
v -0.04230 0.16962 -2.74106
v -0.03762 0.17201 -2.76082
v 0.00114 0.23263 -2.76004
v 0.00076 0.17160 -2.76002
v 0.04101 0.21224 -2.76004
v -0.01845 0.18182 -2.76395
v 0.02343 0.20325 -2.76395
v 0.02164 0.18320 -2.76395
v 0.00092 0.15072 -2.77371
v -0.03938 0.21093 -2.78346
v -0.01259 0.17256 -2.78344
v 0.04291 0.17171 -2.78762
v 0.02690 0.18864 -2.78344
v 0.00046 0.23369 -2.78762
v -0.01373 0.21313 -2.78344
v -0.00105 0.18848 -2.78344
v 0.04239 0.21293 -2.78762
v -0.04413 0.20485 -2.79422
v -0.00048 0.14950 -2.79178
v 0.00907 0.22880 -2.82063
v 0.04659 0.21509 -2.94383
v -0.03917 0.19184 -2.92924
v 0.04037 0.18281 -2.80773
v -0.03917 0.17122 -2.94383
v -0.03917 0.21247 -2.94383
v 0.03633 0.20984 -2.94383
v 0.04146 0.17122 -2.94383
v 0.00524 0.15072 -2.93924
v -0.03405 0.20725 -2.83678
v -0.02457 0.22346 -2.79619
v 0.00697 0.15258 -2.81895
v -0.01624 0.15949 -2.83678
v 0.03722 0.20278 -2.80002
v 0.00114 0.15584 -2.79619
v -0.01443 0.18700 -2.79619
v 0.01672 0.19668 -2.79619
v -0.00240 0.18821 -2.73331
v 0.01533 0.19184 -2.73331
v 0.04317 0.19643 -2.81820
v 0.04146 0.19184 -2.92924
v -0.04248 0.17724 -2.78906
v -0.00760 0.23056 -2.82277
v -0.03732 0.18607 -2.80957
v 0.01853 0.22420 -2.90918
v 0.00114 0.15584 -2.92924
v -0.00233 0.23250 -2.93760
v -0.01624 0.15948 -2.90918
vt 0.23243 0.64823
vt 0.33143 0.56773
vt 0.33143 0.60223
vt 0.36833 0.60223
vt 0.36833 0.29220
vt 0.36833 0.41897
vt 0.36833 0.60223
vt 0.34360 0.78921
vt 0.36833 0.29220
vt 0.36833 0.41897
vt 0.32712 0.96896
vt 0.36833 0.95037
vt 0.28935 0.98999
vt 0.24593 1.00000
vt 0.24593 0.80271
vt 0.36833 0.41897
vt 0.31922 0.39096
vt 0.32712 0.96896
vt 0.34360 0.78921
vt 0.32712 0.40653
vt 0.36833 0.29220
vt 0.23243 0.90282
vt 0.19396 0.95355
vt 0.19059 0.97032
vt 0.31133 0.20511
vt 0.28811 0.41369
vt 0.31922 0.39096
vt 0.19396 0.95355
vt 0.23243 0.90282
vt 0.22641 0.70620
vt 0.00000 0.40616
vt 0.02296 0.60225
vt 0.21427 0.51638
vt 0.34360 0.78921
vt 0.28935 0.40073
vt 0.32712 0.40653
vt 0.31922 0.39096
vt 0.28935 0.79609
vt 0.32712 0.96896
vt 0.36833 0.29220
vt 0.32712 0.40653
vt 0.31133 0.20511
vt 0.24593 1.00000
vt 0.19059 0.97032
vt 0.19396 0.95355
vt 0.24593 0.80271
vt 0.24593 1.00000
vt 0.19396 0.95355
vt 0.05456 0.90981
vt 0.00981 0.98875
vt 0.00000 0.82324
vt 0.24593 0.80271
vt 0.19396 0.95355
vt 0.00000 0.82324
vt 0.19660 0.22898
vt 0.23938 0.19972
vt 0.24593 0.41089
vt 0.00000 0.40616
vt 0.00722 0.21133
vt 0.19660 0.22898
vt 0.24593 0.41089
vt 0.24593 0.80271
vt 0.19778 0.64584
vt 0.24593 0.41089
vt 0.19778 0.64584
vt 0.21427 0.51638
vt 0.02296 0.60225
vt 0.00000 0.82324
vt 0.00000 0.40616
vt 0.24593 0.41089
vt 0.21427 0.51638
vt 0.00000 0.40616
vt 0.00000 0.82324
vt 0.02296 0.60225
vt 0.19778 0.64584
vt 0.00000 0.40616
vt 0.00000 0.79830
vt 0.02296 0.60225
vt 0.21137 0.54732
vt 0.23554 0.72591
vt 0.24366 0.46340
vt 0.00000 0.40616
vt 0.02296 0.60225
vt 0.24366 0.46340
vt 0.00000 0.82324
vt 0.19778 0.64584
vt 0.24593 0.80271
vt 0.22641 0.70620
vt 0.02296 0.60225
vt 0.00000 0.77336
vt 0.21137 0.54732
vt 0.16854 0.74870
vt 0.23554 0.72591
vt 0.00722 0.21133
vt 0.02296 0.25997
vt 0.05456 0.29463
vt 0.19660 0.22898
vt 0.23243 0.25996
vt 0.16854 0.29463
vt 0.00000 0.40616
vt 0.05456 0.29463
vt 0.16854 0.29463
vt 0.16854 0.29463
vt 0.23243 0.25996
vt 0.21137 0.54732
vt 0.00000 0.77336
vt 0.00981 0.98875
vt 0.05456 0.90981
vt 0.19396 0.95355
vt 0.05456 0.90981
vt 0.00000 0.82324
vt 0.23554 0.72591
vt 0.02296 0.60225
vt 0.00000 0.79830
vt 0.24593 0.41089
vt 0.00000 0.40616
vt 0.19660 0.22898
vt 0.21427 0.51638
vt 0.02296 0.60225
vt 0.00000 0.40616
vt 0.23554 0.72591
vt 0.00000 0.79830
vt 0.19059 0.97032
vt 0.16854 0.29463
vt 0.05456 0.29463
vt 0.00000 0.40616
vt 0.00981 0.98875
vt 0.00000 0.77336
vt 0.00000 0.82324
vt 0.00000 0.79830
vt 0.16854 0.74870
vt 0.23243 0.90282
vt 0.00000 0.40616
vt 0.19660 0.22898
vt 0.00722 0.21133
vt 0.00000 0.79830
vt 0.19059 0.97032
vt 0.00981 0.98875
vt 0.00000 0.40616
vt 0.16854 0.29463
vt 0.21137 0.54732
vt 0.00000 0.77336
vt 0.19396 0.95355
vt 0.22641 0.70620
vt 0.23243 0.25996
vt 0.23243 0.55623
vt 0.21137 0.54732
vt 0.23243 0.90282
vt 0.23243 0.64823
vt 0.22641 0.70620
vt 0.23243 0.25996
vt 0.23243 0.64823
vt 0.23243 0.55623
vt 0.22641 0.70620
vt 0.23243 0.64823
vt 0.21427 0.51638
vt 0.19059 0.97032
vt 0.24593 1.00000
vt 0.23554 0.72591
vt 0.00000 0.79830
vt 0.00981 0.98875
vt 0.19059 0.97032
vt 0.24366 0.46340
vt 0.23938 0.19972
vt 0.16854 0.29463
vt 0.23938 0.19972
vt 0.19660 0.22898
vt 0.16854 0.29463
vt 0.24366 0.46340
vt 0.16854 0.29463
vt 0.00000 0.40616
vt 0.05456 0.29463
vt 0.00722 0.21133
vt 0.00000 0.40616
vt 0.02296 0.60225
vt 0.00000 0.40616
vt 0.21137 0.54732
vt 0.23243 0.90282
vt 0.23243 0.55623
vt 0.23243 0.64823
vt 0.23243 0.64823
vt 0.33143 0.56773
vt 0.23243 0.55623
vt 0.23243 0.55623
vt 0.33143 0.56773
vt 0.23243 0.64823
vt 0.25248 0.78364
vt 0.24366 0.46340
vt 0.23554 0.72591
vt 0.24593 0.41089
vt 0.23938 0.19972
vt 0.26782 0.21130
vt 0.28935 0.79609
vt 0.25248 0.78364
vt 0.24593 1.00000
vt 0.28935 0.40073
vt 0.24593 0.41089
vt 0.26782 0.21130
vt 0.25248 0.78364
vt 0.23554 0.72591
vt 0.24593 1.00000
vt 0.26782 0.21130
vt 0.23938 0.19972
vt 0.24366 0.46340
vt 0.31133 0.20511
vt 0.26782 0.21130
vt 0.28811 0.41369
vt 0.28811 0.41369
vt 0.24366 0.46340
vt 0.25248 0.78364
vt 0.32712 0.96896
vt 0.28935 0.79612
vt 0.34360 0.78921
vt 0.28935 0.40073
vt 0.26782 0.21130
vt 0.31133 0.20511
vt 0.28811 0.41369
vt 0.25248 0.78364
vt 0.28935 0.79609
vt 0.28935 0.79612
vt 0.24593 0.41089
vt 0.28935 0.40073
vt 0.28811 0.41369
vt 0.26782 0.21130
vt 0.24366 0.46340
vt 0.36833 0.95037
vt 0.32712 0.96896
vt 0.34360 0.78921
vt 0.36833 0.41897
vt 0.36833 0.29220
vt 0.31133 0.20511
vt 0.32712 0.96896
vt 0.28935 0.79609
vt 0.28935 0.98999
vt 0.28935 0.79612
vt 0.24593 0.80271
vt 0.24593 0.41089
vt 0.28935 0.79609
vt 0.24593 1.00000
vt 0.28935 0.98999
vt 0.28935 0.98999
vt 0.24593 0.80271
vt 0.28935 0.79612
vt 0.34360 0.78921
vt 0.28935 0.79612
vt 0.28935 0.40073
vt 0.36833 0.60223
vt 0.36833 0.95037
vt 0.34360 0.78921
vt 0.31133 0.20511
vt 0.32712 0.40653
vt 0.28935 0.40073
vt 0.32712 0.96896
vt 0.28935 0.98999
vt 0.28935 0.79612
vt 0.28935 0.79609
vt 0.31922 0.39096
vt 0.28811 0.41369
vt 0.36833 0.60223
vt 0.36833 0.41897
vt 0.36833 0.95037
vt 0.00000 0.82324
vt 0.00000 0.77336
vt 0.00000 0.40616
vt 0.16854 0.74870
vt 0.21137 0.54732
vt 0.23243 0.90282
vt 0.00000 0.79830
vt 0.02296 0.60225
vt 0.16854 0.74870
vt 0.21427 0.51638
vt 0.23243 0.25996
vt 0.19660 0.22898
vt 0.21427 0.51638
vt 0.19660 0.22898
vt 0.00000 0.40616
vt 0.00000 0.40616
vt 0.00000 0.77336
vt 0.02296 0.60225
vt 0.19778 0.64584
vt 0.22641 0.70620
vt 0.21427 0.51638
vt 0.02296 0.60225
vt 0.22641 0.70620
vt 0.19778 0.64584
vt 0.02296 0.60225
vt 0.23554 0.72591
vt 0.16854 0.74870
vt 0.23243 0.90282
vt 0.19059 0.97032
vt 0.00000 0.79830
vt 0.00000 0.40616
vt 0.00722 0.21133
vt 0.05456 0.29463
vt 0.02296 0.60225
vt 0.00000 0.79830
vt 0.00000 0.40616
vt 0.00000 0.77336
vt 0.05456 0.90981
vt 0.19396 0.95355
vt 0.23243 0.90282
vt 0.21137 0.54732
vt 0.23243 0.55623
vt 0.23243 0.25996
vt 0.21427 0.51638
vt 0.23243 0.64823
vt 0.23243 0.64823
vt 0.33143 0.60223
vt 0.33143 0.56773
vt 0.21137 0.54732
vt 0.24366 0.46340
vt 0.02296 0.60225
vt 0.00722 0.21133
vt 0.05456 0.29463
vt 0.02296 0.25997
vt 0.36833 0.41897
vt 0.31133 0.20511
vt 0.31922 0.39096
vt 0.36835 0.57428
vt 0.36835 0.45647
vt 0.36835 0.77340
vt 0.36835 0.57428
vt 0.36835 0.57692
vt 0.36835 0.45647
vt 0.36835 0.57692
vt 0.32714 0.77642
vt 0.32715 0.49385
vt 0.28319 0.50698
vt 0.28937 0.70021
vt 0.25250 0.80460
vt 0.36835 0.57692
vt 0.32715 0.49385
vt 0.32714 0.42813
vt 0.32714 0.77642
vt 0.28937 0.70021
vt 0.29555 0.52008
vt 0.32714 0.77642
vt 0.28937 0.79288
vt 0.28937 0.70021
vt 0.32714 0.42813
vt 0.28937 0.40981
vt 0.29556 0.49385
vt 0.36835 0.45647
vt 0.32714 0.42813
vt 0.32715 0.71071
vt 0.25250 0.41890
vt 0.25250 0.57028
vt 0.25250 0.57177
vt 0.32715 0.71071
vt 0.29175 0.65337
vt 0.28937 0.79288
vt 0.32715 0.49385
vt 0.29555 0.52008
vt 0.28937 0.40981
vt 0.32714 0.42813
vt 0.29556 0.49385
vt 0.29175 0.65337
vt 0.36835 0.57428
vt 0.36835 0.77340
vt 0.36835 0.57692
vt 0.36835 0.77340
vt 0.32715 0.71071
vt 0.32714 0.77642
vt 0.28319 0.71067
vt 0.25250 0.80460
vt 0.28937 0.79288
vt 0.32714 0.42813
vt 0.29175 0.65337
vt 0.32715 0.71071
vt 0.28937 0.79288
vt 0.25250 0.80460
vt 0.28937 0.70021
vt 0.32715 0.49385
vt 0.28937 0.40981
vt 0.32714 0.42813
vt 0.32714 0.77642
vt 0.29555 0.52008
vt 0.32715 0.49385
vt 0.28319 0.52009
vt 0.25250 0.57177
vt 0.28319 0.71067
vt 0.29175 0.65337
vt 0.28319 0.52009
vt 0.28319 0.71067
vt 0.28937 0.40981
vt 0.28319 0.52009
vt 0.29175 0.65337
vt 0.28319 0.50698
vt 0.25250 0.80460
vt 0.25250 0.41890
vt 0.29555 0.52008
vt 0.28319 0.50698
vt 0.28937 0.40981
vt 0.28937 0.40981
vt 0.28319 0.50698
vt 0.25250 0.41890
vt 0.29175 0.65337
vt 0.28319 0.71067
vt 0.28937 0.79288
vt 0.25250 0.41890
vt 0.25250 0.80460
vt 0.25250 0.57028
vt 0.28937 0.40981
vt 0.25250 0.41890
vt 0.25250 0.57177
vt 0.28319 0.71067
vt 0.25250 0.57177
vt 0.25250 0.80460
vt 0.25250 0.80460
vt 0.25250 0.57177
vt 0.25250 0.57028
vt 0.28937 0.40981
vt 0.29175 0.65337
vt 0.29556 0.49385
vt 0.36835 0.45647
vt 0.32715 0.71071
vt 0.36835 0.77340
vt 0.36835 0.57692
vt 0.32714 0.42813
vt 0.36835 0.45647
vt 0.32715 0.71071
vt 0.28937 0.79288
vt 0.32714 0.77642
vt 0.28937 0.40981
vt 0.25250 0.57177
vt 0.28319 0.52009
vt 0.28937 0.70021
vt 0.28319 0.50698
vt 0.29555 0.52008
vt 0.36835 0.77340
vt 0.32714 0.77642
vt 0.36835 0.57692
vt 0.96508 0.25879
vt 0.93813 0.13349
vt 0.93929 0.11087
vt 0.96508 0.25879
vt 0.96957 0.05518
vt 0.93813 0.13349
vt 0.96957 0.05518
vt 0.97590 0.18744
vt 0.93929 0.11087
vt 0.93813 0.13349
vt 0.96957 0.05518
vt 0.93929 0.11087
vt 0.96508 0.25879
vt 0.93929 0.11087
vt 0.97590 0.18744
vt 0.96957 0.05518
vt 0.96508 0.25879
vt 0.97590 0.18744
vt 0.91484 0.90886
vt 0.91484 0.79196
vt 0.91484 0.41402
vt 0.91484 0.90886
vt 0.91484 0.41402
vt 1.00000 0.65617
vt 0.91484 0.79196
vt 0.91484 0.90886
vt 1.00000 0.98092
vt 0.91484 0.41402
vt 0.91484 0.28330
vt 1.00000 0.22506
vt 0.91484 0.41402
vt 0.91484 0.79196
vt 0.91484 0.28330
vt 1.00000 0.54981
vt 0.91484 0.28330
vt 0.91484 0.79196
vt 0.91484 0.41402
vt 1.00000 0.22506
vt 1.00000 0.65617
vt 0.91484 0.28330
vt 1.00000 0.54981
vt 1.00000 0.22506
vt 1.00000 0.22506
vt 1.00000 0.54981
vt 1.00000 0.65617
vt 1.00000 0.54981
vt 1.00000 0.98092
vt 1.00000 0.65617
vt 0.91484 0.79196
vt 1.00000 0.98092
vt 1.00000 0.54981
vt 0.91484 0.90886
vt 1.00000 0.65617
vt 1.00000 0.98092
vt 0.99803 0.36546
vt 0.99803 0.36546
vt 0.99208 0.00000
vt 0.99803 0.36546
vt 0.99208 0.00000
vt 0.99208 0.00000
vt 0.91741 0.36546
vt 0.92336 0.00000
vt 0.92336 0.00000
vt 0.91741 0.36546
vt 0.91741 0.36546
vt 0.92336 0.00000
vt 0.91741 0.36546
vt 0.99803 0.36546
vt 0.91741 0.36546
vt 0.99803 0.36546
vt 0.99803 0.36546
vt 0.91741 0.36546
vt 0.92336 0.00000
vt 0.92336 0.00000
vt 0.99208 0.00000
vt 0.92336 0.00000
vt 0.99208 0.00000
vt 0.99208 0.00000
vt 0.99803 0.36546
vt 0.99208 0.00000
vt 0.92336 0.00000
vt 0.99803 0.36546
vt 0.92336 0.00000
vt 0.99208 0.00000
vt 0.99803 0.36546
vt 0.91741 0.36546
vt 0.92336 0.00000
vt 0.99208 0.00000
vt 0.99803 0.36546
vt 0.99803 0.36546
vt 0.99208 0.00000
vt 0.99803 0.36546
vt 0.99208 0.00000
vt 0.92336 0.00000
vt 0.91741 0.36546
vt 0.99803 0.36546
vt 0.92336 0.00000
vt 0.91741 0.36546
vt 0.91741 0.36546
vt 0.92336 0.00000
vt 0.91741 0.36546
vt 0.92336 0.00000
vt 0.91741 0.36546
vt 0.99803 0.36546
vt 0.91741 0.36546
vt 0.91741 0.36546
vt 0.99803 0.36546
vt 0.99803 0.36546
vt 0.99208 0.00000
vt 0.92336 0.00000
vt 0.92336 0.00000
vt 0.99208 0.00000
vt 0.92336 0.00000
vt 0.99208 0.00000
vt 0.99208 0.00000
vt 0.91741 0.36546
vt 0.92336 0.00000
vt 0.99208 0.00000
vt 0.99803 0.36546
vt 0.91741 0.36546
vt 0.92336 0.00000
vt 0.99803 0.36546
vt 0.99208 0.00000
f 1990/10501 1991/10502 1992/10503
f 1933/10504 1936/10505 1940/10506
f 1933/10507 1934/10508 1936/10509
f 1940/10510 1944/10511 1932/10512
f 1957/10513 1968/10514 1971/10515
f 1940/10516 1955/10517 1944/10518
f 1934/10519 1945/10520 1936/10521
f 1984/10522 1974/10523 1996/10524
f 1946/10525 1956/10526 1955/10527
f 1974/10528 1984/10529 1987/10530
f 1981/10531 1994/10532 1977/10533
f 1934/10534 1954/10535 1945/10536
f 1955/10537 1953/10538 1944/10539
f 1936/10540 1945/10541 1946/10542
f 1968/10543 1996/10544 1974/10545
f 1971/10546 1968/10547 1974/10548
f 1998/10549 2000/10550 1975/10551
f 1971/10552 1974/10553 1975/10554
f 1985/10555 1973/10556 1966/10557
f 1981/10558 1982/10559 1985/10560
f 1966/10561 1971/10562 1993/10563
f 1966/10564 1993/10565 1977/10566
f 1994/10567 1975/10568 1981/10569
f 1966/10570 1977/10571 1981/10572
f 1975/10573 1994/10574 1993/10575
f 1978/10576 1979/10577 1976/10578
f 1997/10579 1972/10580 1995/10581
f 1978/10582 1976/10583 1995/10584
f 1975/10585 1993/10586 1971/10587
f 1987/10588 1994/10589 1980/10590
f 1997/10591 1983/10592 1972/10593
f 1982/10594 1999/10595 2001/10596
f 1985/10597 1988/10598 1986/10599
f 1978/10600 2001/10601 1986/10602
f 1986/10603 1988/10604 1997/10605
f 1980/10606 2000/10607 1998/10608
f 1974/10609 1998/10610 1975/10611
f 1972/10612 1976/10613 1979/10614
f 1966/10615 1981/10616 1985/10617
f 1977/10618 1994/10619 1981/10620
f 1972/10621 1979/10622 1996/10623
f 1986/10624 2001/10625 1978/10626
f 2000/10627 1980/10628 1975/10629
f 1979/10630 1983/10631 1984/10632
f 1981/10633 1985/10634 1982/10635
f 1979/10636 1996/10637 2000/10638
f 1978/10639 1986/10640 1997/10641
f 1980/10642 1974/10643 1987/10644
f 1988/10645 1989/10646 1997/10647
f 1984/10648 1990/10649 1987/10650
f 1988/10651 1990/10652 1989/10653
f 1987/10654 1990/10655 1977/10656
f 1996/10657 1968/10658 1972/10659
f 1979/10660 2000/10661 1996/10662
f 1995/10663 1973/10664 1986/10665
f 1973/10666 1985/10667 1986/10668
f 1995/10669 1986/10670 1978/10671
f 2001/10672 1982/10673 1978/10674
f 1976/10675 1978/10676 1997/10677
f 1984/10678 1989/10679 1990/10680
f 1990/10681 1991/10682 1989/10683
f 1989/10684 1991/10685 1990/10686
f 1964/10687 1995/10688 1972/10689
f 1966/10690 1973/10691 1963/10692
f 1953/10693 1964/10694 1968/10695
f 1954/10696 1966/10697 1963/10698
f 1964/10699 1972/10700 1968/10701
f 1963/10702 1973/10703 1995/10704
f 1946/10705 1963/10706 1956/10707
f 1956/10708 1995/10709 1964/10710
f 1944/10711 1959/10712 1934/10713
f 1954/10714 1963/10715 1946/10716
f 1956/10717 1964/10718 1953/10719
f 1959/10720 1966/10721 1954/10722
f 1956/10723 1963/10724 1995/10725
f 1932/10726 1944/10727 1934/10728
f 1940/10729 1936/10730 1946/10731
f 1944/10732 1953/10733 1957/10734
f 1959/10735 1971/10736 1966/10737
f 1953/10738 1968/10739 1957/10740
f 1957/10741 1971/10742 1959/10743
f 1934/10744 1959/10745 1954/10746
f 1933/10747 1932/10748 1934/10749
f 1946/10750 1945/10751 1954/10752
f 1944/10753 1957/10754 1959/10755
f 1953/10756 1955/10757 1956/10758
f 1933/10759 1940/10760 1932/10761
f 1975/10762 1980/10763 1981/10764
f 1983/10765 1997/10766 1984/10767
f 1979/10768 1976/10769 1983/10770
f 1977/10771 1988/10772 1985/10773
f 1977/10774 1985/10775 1981/10776
f 1981/10777 1980/10778 1994/10779
f 1993/10780 1987/10781 1977/10782
f 1994/10783 1987/10784 1993/10785
f 1976/10786 1972/10787 1983/10788
f 1984/10789 1996/10790 1979/10791
f 1978/10792 1982/10793 2001/10794
f 1976/10795 1979/10796 1978/10797
f 1980/10798 1998/10799 1974/10800
f 1984/10801 1997/10802 1989/10803
f 1988/10804 1977/10805 1990/10806
f 1990/10807 1992/10808 1991/10809
f 1997/10810 1995/10811 1976/10812
f 1982/10813 2001/10814 1999/10815
f 1940/10816 1946/10817 1955/10818
f 1937/10819 1938/10820 1935/10821
f 1937/10822 1941/10823 1938/10824
f 1941/10825 1943/10826 1947/10827
f 1960/10828 1949/10829 1969/10830
f 1941/10831 1947/10832 1939/10833
f 1943/10834 1949/10835 1950/10836
f 1943/10837 1952/10838 1949/10839
f 1939/10840 1958/10841 1948/10842
f 1938/10843 1939/10844 1942/10845
f 1965/10846 1970/10847 1967/10848
f 1942/10849 1951/10850 1952/10851
f 1947/10852 1950/10853 1958/10854
f 1939/10855 1948/10856 1951/10857
f 1937/10858 1935/10859 1941/10860
f 1935/10861 1942/10862 1943/10863
f 1961/10864 1969/10865 1952/10866
f 1939/10867 1951/10868 1942/10869
f 1952/10870 1969/10871 1949/10872
f 1947/10873 1958/10874 1939/10875
f 1943/10876 1950/10877 1947/10878
f 1962/10879 1967/10880 1961/10881
f 1951/10882 1962/10883 1961/10884
f 1958/10885 1962/10886 1951/10887
f 1960/10888 1969/10889 1965/10890
f 1950/10891 1960/10892 1958/10893
f 1958/10894 1960/10895 1965/10896
f 1951/10897 1961/10898 1952/10899
f 1965/10900 1969/10901 1970/10902
f 1958/10903 1965/10904 1967/10905
f 1961/10906 1967/10907 1969/10908
f 1969/10909 1967/10910 1970/10911
f 1958/10912 1951/10913 1948/10914
f 1938/10915 1942/10916 1935/10917
f 1941/10918 1939/10919 1938/10920
f 1942/10921 1952/10922 1943/10923
f 1958/10924 1967/10925 1962/10926
f 1949/10927 1960/10928 1950/10929
f 1935/10930 1943/10931 1941/10932
f 1911/10933 1913/10934 1914/10935
f 1911/10936 1915/10937 1913/10938
f 1915/10939 1912/10940 1914/10941
f 1913/10942 1915/10943 1914/10944
f 1911/10945 1914/10946 1912/10947
f 1915/10948 1911/10949 1912/10950
f 1930/10951 1926/10952 1924/10953
f 1930/10954 1924/10955 1931/10956
f 1926/10957 1930/10958 1928/10959
f 1924/10960 1929/10961 1925/10962
f 1924/10963 1926/10964 1929/10965
f 1927/10966 1929/10967 1926/10968
f 1924/10969 1925/10970 1931/10971
f 1929/10972 1927/10973 1925/10974
f 1925/10975 1927/10976 1931/10977
f 1927/10978 1928/10979 1931/10980
f 1926/10981 1928/10982 1927/10983
f 1930/10984 1931/10985 1928/10986
f 1916/10987 1920/10988 1922/10989
f 1916/10990 1922/10991 1923/10992
f 1917/10993 1918/10994 1919/10995
f 1917/10996 1921/10997 1918/10998
f 1917/10999 1916/11000 1921/11001
f 1920/11002 1916/11003 1917/11004
f 1919/11005 1918/11006 1923/11007
f 1919/11008 1923/11009 1922/11010
f 1916/11011 1923/11012 1918/11013
f 1920/11014 1919/11015 1922/11016
f 1920/11017 1917/11018 1919/11019
f 1923/11020 1916/11021 1920/11022
f 1923/11023 1920/11024 1922/11025
f 1918/11026 1921/11027 1916/11028
f 1919/11029 1917/11030 1921/11031
f 1919/11032 1921/11033 1918/11034
f 1917/11035 1916/11036 1921/11037
f 1917/11038 1920/11039 1916/11040
f 1922/11041 1919/11042 1918/11043
f 1922/11044 1918/11045 1923/11046
f 1922/11047 1917/11048 1919/11049
f 1922/11050 1920/11051 1917/11052
f 1918/11053 1916/11054 1923/11055
o Bolt
g Bolt
usemtl GoldSoft
v -0.02948 0.15297 -0.84165
v -0.02948 0.15297 -0.64165
v -0.02948 0.22297 -0.84165
v -0.02948 0.22297 -0.64165
v 0.12839 0.15297 -0.84165
v 0.12839 0.15297 -0.64165
v 0.12839 0.22297 -0.84165
v 0.12839 0.22297 -0.64165
vt 1.00000 0.00000
vt 1.00000 1.00000
vt 0.00000 0.00000
vt 0.00000 0.00000
vt 1.00000 0.00000
vt 0.00000 0.00000
vt 0.00000 0.00000
vt 1.00000 1.00000
vt 0.00000 1.00000
vt 0.00000 1.00000
vt 0.00000 0.00000
vt 0.00000 0.00000
vt 1.00000 0.00000
vt 1.00000 1.00000
vt 1.00000 1.00000
vt 1.00000 0.00000
vt 1.00000 0.00000
vt 0.00000 0.00000
vt 1.00000 0.00000
vt 1.00000 1.00000
vt 1.00000 0.00000
vt 1.00000 1.00000
vt 1.00000 1.00000
vt 0.00000 1.00000
vt 0.00000 1.00000
vt 0.00000 0.00000
vt 0.00000 1.00000
vt 0.00000 1.00000
vt 1.00000 1.00000
vt 0.00000 1.00000
vt 0.00000 1.00000
vt 1.00000 0.00000
vt 0.00000 0.00000
vt 1.00000 1.00000
vt 1.00000 0.00000
vt 0.00000 1.00000
f 2003/11056 2005/11057 2002/11058
f 2006/11059 2003/11060 2002/11061
f 2002/11062 2005/11063 2004/11064
f 2004/11065 2006/11066 2002/11067
f 2003/11068 2009/11069 2005/11070
f 2007/11071 2003/11072 2006/11073
f 2007/11074 2009/11075 2003/11076
f 2005/11077 2009/11078 2004/11079
f 2008/11080 2006/11081 2004/11082
f 2004/11083 2009/11084 2008/11085
f 2008/11086 2007/11087 2006/11088
f 2009/11089 2007/11090 2008/11091
o Mag
g Mag
usemtl GripRose
v -0.04344 -0.11581 -0.72191
v -0.04344 -0.12879 -0.72677
v 0.04573 -0.11750 -0.72677
v 0.04573 -0.13048 -0.72191
v 0.04573 -0.11581 -0.91807
v -0.04344 -0.12699 -0.92170
v 0.04573 -0.12944 -0.91989
v -0.04344 -0.11930 -0.90839
v 0.04573 -0.12420 -0.90718
v 0.06022 0.03503 -0.77319
v -0.05793 0.02297 -0.77319
v 0.06022 0.02052 -0.76134
v 0.06022 0.03352 -0.75840
v 0.06934 0.04562 -0.91176
v 0.04828 0.03376 -0.91569
v 0.06934 0.02796 -0.91038
v 0.04828 0.03998 -0.89773
v 0.06934 0.03687 -0.89747
v -0.01611 -0.00075 -0.76640
v -0.01611 -0.08296 -0.75335
v 0.01840 -0.00150 -0.76835
v 0.01840 -0.03301 -0.78157
v 0.01840 -0.00278 -0.81765
v -0.01611 -0.03301 -0.78157
v -0.01611 -0.08164 -0.76862
v -0.01611 -0.00278 -0.81765
v 0.01840 -0.05745 -0.75511
v -0.01611 -0.11405 -0.78290
v 0.01840 -0.09347 -0.76740
v 0.01840 -0.11528 -0.78147
v -0.05793 0.03503 -0.75927
v -0.03950 -0.01366 -0.55099
v -0.05506 -0.13535 -0.69561
v 0.03135 -0.36552 -0.55601
v -0.02540 -0.38848 -0.56183
v -0.02906 -0.40876 -0.54793
v -0.05509 -0.36084 -0.38381
v -0.05498 -0.39655 -0.53130
v -0.04730 -0.14676 -0.67036
v -0.05506 -0.06967 -0.57578
v -0.04662 -0.23494 -0.62221
v -0.02441 -0.33875 -0.35580
v -0.02952 -0.23591 -0.66275
v -0.04646 -0.20080 -0.64110
v 0.02598 -0.05378 -0.54678
v -0.02370 -0.05378 -0.54678
v -0.05506 -0.01694 -0.68903
v 0.05735 -0.02010 -0.68916
v 0.05319 -0.01366 -0.55803
v 0.02398 -0.34776 -0.35037
v 0.05735 -0.13535 -0.69561
v 0.03135 -0.23705 -0.62678
v 0.05737 -0.36225 -0.38635
v 0.04851 -0.14820 -0.67258
v 0.05726 -0.39655 -0.53130
v 0.05677 -0.21199 -0.61676
v 0.05735 -0.06967 -0.57578
v 0.03135 -0.20330 -0.64537
v 0.03126 -0.23645 -0.66365
v 0.03011 -0.39882 -0.56434
v -0.05145 -0.53233 -1.06703
v -0.05145 -0.52606 -1.09422
v -0.05145 0.13664 -0.94870
v -0.05145 0.13672 -1.14102
v -0.05145 0.13664 -0.99548
v -0.05145 -0.17132 -0.94984
v -0.04175 -0.50180 -1.19504
v -0.04005 0.13672 -1.17986
v -0.05145 -0.17230 -1.18765
v -0.05145 0.13672 -1.10815
v -0.05146 -0.49960 -1.20438
v -0.04052 -0.16440 -1.12306
v -0.05145 -0.42081 -0.98943
v -0.05145 -0.18439 -1.10945
v -0.04175 -0.38729 -1.15580
v -0.02687 -0.34126 -0.96222
v -0.02687 0.12406 -0.94026
v -0.03838 0.13690 -1.10890
v -0.05146 -0.52070 -1.11646
v 0.02916 -0.54390 -1.01803
v -0.05146 -0.17114 -1.14185
v -0.05145 -0.13206 -1.02642
v -0.04179 -0.25385 -1.04539
v -0.05145 -0.25139 -1.03646
v -0.04005 0.13665 -0.95064
v -0.04175 0.12451 -1.03853
v -0.05007 0.13754 -1.03852
v -0.05146 -0.18659 -1.05274
v -0.05145 -0.50690 -1.17372
v -0.04755 -0.32331 -1.00225
v -0.04172 -0.20005 -0.98860
v -0.05145 -0.13091 -0.97551
v -0.04175 -0.53466 -1.05730
v -0.04005 0.13672 -1.05065
v -0.03611 0.14813 -1.03139
v -0.05146 -0.30412 -1.01234
v -0.05145 -0.53702 -1.04757
v -0.04762 0.13174 -0.98488
v -0.04060 0.13672 -1.12737
v -0.03358 0.13672 -1.13371
v -0.04069 -0.05153 -1.12242
v -0.04175 -0.50391 -1.18661
v -0.03520 -0.12069 -0.99048
v -0.02273 0.16200 -0.94898
v -0.04175 -0.52281 -1.10827
v 0.00114 -0.52563 -1.09648
v -0.01286 -0.53947 -1.03739
v 0.00114 -0.53233 -1.06703
v -0.05145 -0.54329 -1.02155
v -0.02603 0.16345 -1.04308
v -0.03921 0.15158 -1.10809
v -0.03520 -0.12367 -1.11362
v 0.00114 -0.51995 -1.12006
v -0.03642 0.15155 -0.97649
v -0.02687 -0.08260 -0.94453
v -0.02687 -0.26179 -0.95995
v -0.02687 -0.42081 -0.98943
v -0.05145 -0.37354 -1.22258
v 0.05374 -0.12702 -1.18722
v -0.02170 -0.50134 -1.19726
v -0.02688 0.12558 -0.95063
v 0.00114 0.12477 -1.18727
v -0.02687 -0.54391 -1.01629
v 0.02916 -0.21747 -0.94447
v -0.02687 -0.13316 -0.94032
v 0.00114 0.11169 -0.94027
v -0.05145 0.13664 -0.97546
v -0.05145 -0.48793 -1.25288
v -0.05145 0.13672 -1.18728
v -0.03462 0.14501 -0.98452
v -0.04005 -0.12069 -0.97546
v -0.04005 -0.12069 -0.95452
v -0.03520 -0.12367 -1.04459
v -0.03520 -0.12367 -1.13554
v 0.04234 -0.12069 -0.95452
v -0.04005 -0.12367 -1.17986
v -0.04005 -0.12367 -1.02640
v 0.02129 -0.48793 -1.25288
v -0.03860 0.15580 -0.94895
v -0.02296 0.15762 -1.04188
v 0.05805 -0.53002 -1.07706
v 0.04779 -0.38538 -1.07114
v 0.05374 0.13664 -0.99548
v 0.04309 0.15569 -0.94900
v 0.05374 -0.20367 -0.95257
v 0.05374 -0.54411 -1.01794
v 0.05374 -0.49960 -1.20437
v 0.04403 -0.50134 -1.19726
v 0.05374 -0.22624 -1.19536
v 0.05374 -0.37354 -1.22258
v 0.05374 0.13672 -1.14102
v 0.05374 0.13672 -1.10815
v 0.05374 -0.48793 -1.25288
v 0.04403 -0.18109 -1.12102
v 0.05373 -0.25939 -1.11665
v 0.04403 -0.50474 -1.18306
v 0.02916 0.12554 -0.94876
v 0.04197 0.13675 -1.10985
v 0.05374 -0.17933 -1.14287
v 0.04400 -0.19815 -1.04145
v 0.05374 -0.20937 -1.03045
v 0.04234 0.13664 -0.94967
v 0.02632 0.15898 -0.94897
v 0.05034 0.13744 -1.04010
v 0.05374 0.13672 -1.02640
v 0.05374 -0.18659 -1.05274
v 0.05374 -0.50647 -1.17596
v 0.04403 -0.13054 -0.98551
v 0.04403 -0.25604 -0.99627
v 0.05374 -0.21180 -0.97979
v 0.05374 0.13664 -0.97546
v 0.04234 0.13672 -1.05065
v 0.04150 0.15158 -1.10809
v 0.05026 -0.34714 -1.01322
v 0.05101 -0.53617 -1.05102
v 0.04990 0.13174 -0.98488
v 0.04403 0.13672 -1.13006
v 0.03587 0.13672 -1.13371
v 0.04404 -0.30837 -1.14910
v 0.04297 -0.05153 -1.12242
v 0.02399 -0.50391 -1.18661
v 0.02916 -0.50647 -1.17596
v 0.03839 0.14813 -1.03139
v 0.04234 0.13664 -0.99548
v 0.02755 0.16382 -1.03917
v 0.04404 -0.52282 -1.10827
v 0.04234 0.13672 -1.17986
v 0.03263 -0.12367 -1.12458
v 0.02916 -0.10365 -0.94634
v 0.02916 -0.26179 -0.95995
v 0.05374 -0.52079 -1.11648
v 0.02586 0.16443 -0.94898
v 0.02916 -0.40657 -0.98395
v 0.02916 -0.53233 -1.06703
v 0.05374 0.13664 -0.94870
v 0.05374 0.13672 -1.18728
v 0.03769 0.15186 -0.97924
v 0.04234 -0.12069 -0.97546
v 0.03749 -0.12069 -0.99048
v 0.04234 -0.12367 -1.17986
v 0.03749 -0.12367 -1.04459
v 0.04234 -0.12367 -1.10815
v 0.02525 0.15762 -1.04188
v 0.06716 0.03325 -0.88831
v 0.04802 0.02986 -0.88971
v 0.06708 0.02991 -1.03873
v 0.04794 0.03329 -1.04013
v 0.05751 0.05020 -1.02873
v 0.05759 0.05020 -0.89952
v 0.08008 0.12641 -0.92393
v 0.08690 0.11973 -0.91820
v 0.07553 0.13309 -0.92965
v 0.08026 0.12641 -0.89433
v 0.08564 0.17683 -0.92206
v 0.07679 0.17683 -0.89619
v 0.07734 0.08506 -0.91820
v 0.06560 0.08627 -0.89929
v 0.07925 0.08655 -0.90005
v 0.06692 0.08711 -0.91901
v 0.07160 0.06469 -0.90913
v 0.06532 0.04482 -0.61852
v 0.07169 0.08671 -0.64491
v 0.06288 0.09082 -0.64747
v 0.06453 0.06965 -0.67781
v 0.06851 0.03668 -0.67781
v 0.06811 0.02204 -0.63900
v 0.06993 -0.04077 -0.65568
v 0.07731 -0.03494 -0.63604
v 0.07351 0.04498 -0.63972
v 0.08042 -0.03475 -0.66321
v 0.07731 0.04087 -0.66421
v 0.04408 0.03102 -0.88721
v 0.05530 0.05070 -0.89842
v 0.06651 0.02363 -0.89842
v 0.06651 0.03716 -0.88760
v 0.06651 0.06402 -0.90281
v 0.04929 0.11189 -0.90913
v 0.04929 0.06218 -0.91093
v -0.06423 -0.11737 -0.93586
v -0.05551 0.15491 -1.19783
v 0.06077 -0.13836 -0.93784
v -0.05551 -0.13544 -0.94384
v 0.06651 0.04738 -1.20490
v -0.07333 -0.13897 -0.92982
v -0.06423 0.01413 -0.93583
v -0.01202 0.01413 -0.93583
v -0.05551 -0.09130 -1.20228
v -0.06423 0.13522 -0.93585
v -0.06424 0.01293 -0.87197
v -0.07333 -0.07656 -1.21487
v -0.06464 -0.06944 -1.20769
v -0.07333 -0.12612 -0.92761
v 0.00114 -0.03494 -0.93198
v 0.06651 -0.11737 -0.93585
v -0.03420 0.06990 -1.21715
v -0.06423 0.05362 -1.20627
v -0.06423 0.13304 -1.20490
v -0.03420 0.13396 -1.22509
v -0.06423 0.11215 -1.26327
v -0.03420 0.10722 -1.26151
v 0.06651 -0.02106 -0.93213
v 0.05780 0.15491 -1.19783
v 0.05780 0.03310 -1.04130
v 0.00114 0.01092 -0.87190
v 0.06651 0.01151 -0.87428
v -0.07333 -0.08940 -1.21708
v 0.06651 0.13522 -0.93585
v 0.06651 0.13304 -1.20490
v 0.06356 0.05070 -1.02970
v 0.06176 -0.09123 -1.20433
v 0.07562 -0.12612 -0.92761
v 0.07562 -0.07656 -1.21487
v 0.06702 -0.06990 -1.20808
v 0.00114 0.13522 -0.87190
v 0.06651 0.13522 -0.87190
v -0.05551 0.15483 -0.94654
v 0.06276 0.06997 -1.21717
v 0.04149 0.09942 -1.25644
v 0.03649 0.12756 -1.25238
v 0.03649 0.13304 -1.22112
v 0.06651 0.13035 -1.24848
v 0.01292 0.13304 -1.20490
v -0.06423 0.13522 -0.87190
v 0.06651 0.11189 -0.90913
v 0.06651 0.07178 -0.92018
v 0.06829 0.02363 -0.98602
v 0.06753 -0.11553 -0.98563
v 0.07436 0.13477 -1.05272
v 0.06889 -0.10444 -1.05272
v 0.06342 0.13477 -1.05272
v 0.06930 0.03864 -1.04120
v 0.07436 0.13477 -0.98633
v 0.07339 0.13477 -1.05168
v 0.06438 0.13524 -1.05168
v 0.06438 0.13477 -1.05168
v 0.06342 0.13477 -0.98633
v 0.07339 0.13477 -0.98737
v 0.06438 0.13477 -0.98737
v 0.06343 0.13524 -0.98633
v 0.06438 0.13524 -0.98737
v 0.07339 0.13524 -0.98737
v 0.07339 0.13524 -1.05168
v 0.07434 0.13524 -1.05272
v 0.06343 0.13524 -1.05272
v 0.07434 0.13987 -0.98633
v 0.07071 0.14682 -1.05272
v 0.06343 0.14682 -0.98633
v 0.06843 0.05070 -0.98609
v 0.06966 0.02363 -1.02970
v 0.04558 0.02363 -0.94654
v 0.04442 -0.01775 -0.72638
v 0.04442 -0.09407 -0.71375
v -0.04214 -0.01293 -0.73218
v 0.04442 -0.13128 -0.74554
v -0.04214 -0.13401 -0.61459
v 0.04442 -0.13401 -0.61459
v -0.03915 -0.01877 -0.56795
v -0.04214 -0.12773 -0.74575
v -0.04214 -0.08674 -0.71158
v 0.04429 -0.00954 -0.58002
v 0.03128 -0.01633 -0.56058
v -0.02393 -0.01027 -0.55880
v 0.04332 -0.13205 -0.89958
v -0.04103 -0.13253 -0.89824
v -0.04103 -0.13616 -0.94148
v -0.04103 -0.00363 -0.94148
v 0.04332 -0.00363 -0.94148
v 0.04332 -0.01082 -0.90278
v -0.04103 -0.01245 -0.90128
v 0.04332 -0.13616 -0.94148
v 0.04332 -0.08169 -0.92647
v -0.04103 -0.07483 -0.92762
v 0.04601 0.09789 -0.87773
v 0.08564 0.11493 -0.87773
v 0.08606 0.11404 -0.94053
v 0.08464 0.09021 -0.94053
v 0.04601 0.08822 -0.91953
v 0.04601 0.11722 -0.89872
v 0.08529 0.11435 -0.89872
v 0.08464 0.11524 -0.91953
v 0.04601 0.11722 -0.94053
v 0.08564 0.09052 -0.89872
v 0.04601 0.11722 -0.91953
v 0.08529 0.09110 -0.87773
v 0.04601 0.08822 -0.89872
v 0.04601 0.08822 -0.94053
v 0.08606 0.09141 -0.91953
v -0.03276 -0.12530 -0.71397
v 0.03504 -0.13350 -0.71397
v -0.03276 -0.13350 -0.71397
v 0.03504 -0.12530 -0.71397
v 0.03504 -0.13350 -0.91864
v 0.03504 -0.12530 -0.91864
v -0.03276 -0.13350 -0.91864
v -0.03276 -0.12530 -0.91864
v -0.06423 0.13522 -1.20490
v 0.05436 0.10276 -0.94654
v 0.06651 0.13522 -1.20490
v -0.03420 0.13522 -1.20490
v -0.06580 0.13522 -0.93548
v -0.03154 0.13522 -0.87190
v -0.06580 0.13522 -0.87009
v 0.00114 0.13522 -1.20706
v 0.03649 0.13522 -1.20490
v 0.06808 0.13522 -0.93548
v 0.00114 0.17155 -1.20706
v 0.06808 0.17155 -0.93548
v 0.06808 0.15338 -0.87009
v 0.00114 0.13522 -0.87009
v 0.06808 0.17155 -0.87009
v 0.00114 0.15338 -0.87009
v 0.06808 0.17155 -1.20706
v 0.06808 0.13522 -1.20706
v 0.06808 0.13522 -0.87009
v -0.06580 0.15338 -1.20706
v -0.06898 0.13743 -1.20706
v -0.06580 0.15338 -0.87009
vt 0.96337 0.25421
vt 0.75309 0.65808
vt 0.99405 0.28485
vt 0.62183 0.56698
vt 0.77253 0.73578
vt 0.62889 0.72684
vt 0.70223 0.42884
vt 0.68154 0.47619
vt 0.75309 0.65808
vt 0.75309 0.65808
vt 1.00000 0.27236
vt 0.78485 0.68013
vt 0.96059 0.25225
vt 0.80181 0.20468
vt 0.78359 0.18774
vt 1.00000 0.27236
vt 0.78359 0.18774
vt 0.96337 0.25421
vt 0.99405 0.28485
vt 1.00000 0.27236
vt 0.96337 0.25421
vt 0.75309 0.65808
vt 0.96337 0.25421
vt 0.80181 0.20468
vt 0.70223 0.42884
vt 0.80181 0.20468
vt 0.76837 0.21588
vt 0.62903 0.73122
vt 0.78024 0.73578
vt 0.75309 0.65808
vt 0.80181 0.20468
vt 0.75309 0.65808
vt 0.70820 0.46068
vt 0.64705 0.54916
vt 0.75309 0.65808
vt 0.62183 0.56698
vt 0.70223 0.42884
vt 0.76837 0.21588
vt 0.77474 0.24772
vt 0.62183 0.56698
vt 0.62889 0.72684
vt 0.62903 0.73122
vt 0.62903 0.73122
vt 0.77253 0.73578
vt 0.78024 0.73578
vt 0.65782 0.42749
vt 0.68154 0.47619
vt 0.70223 0.42884
vt 0.75309 0.65808
vt 0.78485 0.68013
vt 0.99405 0.28485
vt 0.80181 0.20468
vt 0.78359 0.18774
vt 0.76837 0.21588
vt 0.78024 0.73578
vt 0.78485 0.68013
vt 0.75309 0.65808
vt 0.80181 0.20468
vt 0.96337 0.25421
vt 0.78359 0.18774
vt 0.64948 0.55116
vt 0.68154 0.47619
vt 0.64705 0.54916
vt 0.75309 0.65808
vt 0.68154 0.47619
vt 0.64948 0.55116
vt 0.78485 0.68013
vt 0.78485 0.68013
vt 0.99405 0.28485
vt 0.75309 0.65808
vt 0.64948 0.55116
vt 0.62183 0.56698
vt 0.75309 0.65808
vt 0.80181 0.20468
vt 0.70223 0.42884
vt 0.76837 0.21588
vt 0.76561 0.20154
vt 0.77474 0.24772
vt 0.77474 0.24772
vt 0.69722 0.42591
vt 0.70223 0.42884
vt 0.62903 0.73122
vt 0.75309 0.65808
vt 0.62183 0.56698
vt 0.99405 0.28485
vt 0.78485 0.68013
vt 1.00000 0.27236
vt 0.77253 0.73578
vt 0.62903 0.73122
vt 0.62889 0.72684
vt 0.70223 0.42884
vt 0.69722 0.42591
vt 0.65683 0.42675
vt 0.70820 0.46068
vt 0.75309 0.65808
vt 0.64705 0.54916
vt 0.68154 0.47619
vt 0.65683 0.42675
vt 0.67685 0.47273
vt 0.62183 0.56698
vt 0.62889 0.72684
vt 0.62183 0.56698
vt 0.68154 0.47619
vt 0.65782 0.42749
vt 0.65683 0.42675
vt 0.70223 0.42884
vt 0.65683 0.42675
vt 0.65782 0.42749
vt 0.64705 0.54916
vt 0.68154 0.47619
vt 0.67685 0.47273
vt 0.78359 0.18774
vt 1.00000 0.27236
vt 0.96059 0.25225
vt 0.70820 0.46068
vt 0.67685 0.47273
vt 0.65683 0.42675
vt 0.77474 0.24772
vt 0.76561 0.20154
vt 0.80181 0.20468
vt 0.70820 0.46068
vt 0.69722 0.42591
vt 0.77474 0.24772
vt 0.78485 0.68013
vt 0.78024 0.73578
vt 0.77253 0.73578
vt 0.62183 0.56698
vt 0.64705 0.54916
vt 0.62183 0.56698
vt 0.62183 0.56698
vt 0.64948 0.55116
vt 0.64705 0.54916
vt 0.64705 0.54916
vt 0.67685 0.47273
vt 0.70820 0.46068
vt 0.80181 0.20468
vt 0.76561 0.20154
vt 0.78359 0.18774
vt 0.78485 0.68013
vt 0.77253 0.73578
vt 0.75309 0.65808
vt 0.96059 0.25225
vt 1.00000 0.27236
vt 0.75309 0.65808
vt 0.75309 0.65808
vt 0.77253 0.73578
vt 0.62183 0.56698
vt 0.76837 0.21588
vt 0.78359 0.18774
vt 0.76561 0.20154
vt 0.78485 0.68013
vt 0.77253 0.73578
vt 0.78485 0.68013
vt 0.70820 0.46068
vt 0.77474 0.24772
vt 0.80181 0.20468
vt 0.65683 0.42675
vt 0.69722 0.42591
vt 0.70820 0.46068
vt 0.80181 0.20468
vt 0.96059 0.25225
vt 0.75309 0.65808
vt 0.56713 0.57263
vt 0.71058 0.56883
vt 0.71058 0.56883
vt 0.71058 0.56883
vt 0.60195 0.62424
vt 0.56713 0.57263
vt 0.58812 0.73010
vt 0.60433 0.63440
vt 0.60195 0.62424
vt 0.60195 0.62424
vt 0.60433 0.63440
vt 0.56690 0.57755
vt 0.60195 0.62424
vt 0.71058 0.56883
vt 0.74844 0.74149
vt 0.56690 0.57755
vt 0.60433 0.63440
vt 0.71058 0.56883
vt 0.58177 0.73678
vt 0.76166 0.72869
vt 0.60433 0.63440
vt 0.74844 0.74149
vt 0.58812 0.73010
vt 0.60195 0.62424
vt 0.71058 0.56883
vt 0.76974 0.73207
vt 0.74844 0.74149
vt 0.60195 0.62424
vt 0.56690 0.57755
vt 0.56713 0.57263
vt 0.76166 0.72869
vt 0.58177 0.73678
vt 0.74844 0.74149
vt 0.76974 0.73207
vt 0.71058 0.56883
vt 0.76166 0.72869
vt 0.58177 0.73678
vt 0.58812 0.73010
vt 0.74844 0.74149
vt 0.74844 0.74149
vt 0.76974 0.73207
vt 0.77169 0.74048
vt 0.76166 0.72869
vt 0.77169 0.74048
vt 0.76974 0.73207
vt 0.71058 0.56883
vt 0.71058 0.56883
vt 0.76166 0.72869
vt 0.60433 0.63440
vt 0.76166 0.72869
vt 0.71058 0.56883
vt 0.77169 0.74048
vt 0.76166 0.72869
vt 0.74844 0.74149
vt 0.58812 0.73010
vt 0.58177 0.73678
vt 0.60433 0.63440
vt 0.56713 0.57263
vt 0.56690 0.57755
vt 0.71058 0.56883
vt 0.58769 0.57608
vt 0.58769 0.59173
vt 0.59302 0.57373
vt 0.58769 0.57608
vt 0.59302 0.57373
vt 0.58769 0.59173
vt 0.59302 0.59408
vt 0.58769 0.57608
vt 0.58769 0.59173
vt 0.58769 0.57608
vt 0.59302 0.59408
vt 0.58769 0.59173
vt 0.30337 0.94873
vt 0.23064 0.95836
vt 0.23064 0.94230
vt 0.30223 0.94230
vt 0.23064 0.94230
vt 0.23179 0.94230
vt 0.23179 0.94230
vt 0.23064 0.94230
vt 0.23064 0.94230
vt 0.30223 0.94230
vt 0.30337 0.94873
vt 0.30223 0.94230
vt 0.23064 0.94230
vt 0.23064 0.95836
vt 0.23064 0.94230
vt 0.35869 0.77433
vt 0.06244 0.82909
vt 0.35866 0.94228
vt 0.42872 0.76987
vt 0.42872 0.94228
vt 0.42872 0.94228
vt 0.42864 0.77265
vt 0.42872 0.76987
vt 0.35869 0.77433
vt 0.30223 0.94165
vt 0.23179 0.94230
vt 0.23179 0.94165
vt 0.06395 0.94228
vt 0.06157 0.94228
vt 0.06157 0.94228
vt 0.30337 0.94165
vt 0.23179 0.94165
vt 0.23064 0.94165
vt 0.42872 0.94228
vt 0.43069 0.94228
vt 0.43069 0.94228
vt 0.43069 0.94228
vt 0.43069 0.96747
vt 0.43069 0.96747
vt 0.43069 0.99267
vt 0.35907 0.99267
vt 0.43069 0.96747
vt 0.43069 0.94228
vt 0.43069 0.94228
vt 0.42872 0.94228
vt 0.42872 0.94228
vt 0.43069 0.94228
vt 0.35907 0.94228
vt 0.06457 0.62818
vt 0.36769 0.57978
vt 0.05303 0.64853
vt 0.35648 0.56280
vt 0.36769 0.57978
vt 0.36769 0.57978
vt 0.36274 0.72551
vt 0.42872 0.76987
vt 0.42611 0.77068
vt 0.06395 0.93926
vt 0.04183 0.94054
vt 0.06395 0.93926
vt 0.06681 0.62808
vt 0.36526 0.56196
vt 0.34991 0.56686
vt 0.05303 0.64853
vt 0.35866 0.59192
vt 0.06046 0.65777
vt 0.42872 0.94228
vt 0.35866 0.94228
vt 0.35907 0.94228
vt 0.24326 0.80832
vt 0.25586 0.82504
vt 0.06395 0.82043
vt 0.06046 0.65777
vt 0.36274 0.72551
vt 0.06395 0.82043
vt 0.07169 0.96959
vt 0.25586 0.82504
vt 0.24315 0.80063
vt 0.06395 0.94228
vt 0.06395 0.94228
vt 0.06395 0.93926
vt 0.06395 0.94228
vt 0.06157 0.94534
vt 0.35907 0.94228
vt 0.35866 0.94228
vt 0.06395 0.93926
vt 0.06395 0.82043
vt 0.35866 0.94228
vt 0.06395 0.82043
vt 0.25586 0.82504
vt 0.35865 0.59192
vt 0.35866 0.59192
vt 0.36769 0.57978
vt 0.39486 0.84353
vt 0.38794 0.90992
vt 0.38794 0.90992
vt 0.43069 0.96747
vt 0.06157 0.99267
vt 0.06157 0.94228
vt 0.06157 0.94534
vt 0.06157 0.99267
vt 0.06157 0.96747
vt 0.35907 0.94228
vt 0.06157 0.94534
vt 0.43069 0.96747
vt 0.06395 0.93926
vt 0.05050 0.85177
vt 0.06395 0.82043
vt 0.04618 0.93926
vt 0.06395 0.93926
vt 0.06395 0.93926
vt 0.06395 0.82043
vt 0.05052 0.85168
vt 0.06244 0.82909
vt 0.01193 0.93166
vt 0.01621 0.93553
vt 0.04618 0.93926
vt 0.06046 0.65777
vt 0.35866 0.59192
vt 0.36274 0.72551
vt 0.35648 0.56280
vt 0.06457 0.62818
vt 0.24315 0.80063
vt 0.06457 0.62818
vt 0.07169 0.96959
vt 0.24315 0.80063
vt 0.06395 0.93926
vt 0.06244 0.82909
vt 0.00000 0.91028
vt 0.05052 0.85168
vt 0.05050 0.85177
vt 0.04618 0.93926
vt 0.34695 0.78750
vt 0.39966 0.82504
vt 0.34695 0.89726
vt 0.01193 0.93166
vt 0.04618 0.93926
vt 0.00749 0.89263
vt 0.04618 0.93926
vt 0.05050 0.85177
vt 0.00749 0.89263
vt 0.35865 0.59192
vt 0.36290 0.70626
vt 0.35866 0.59192
vt 0.06681 0.62808
vt 0.05060 0.63071
vt 0.36526 0.56196
vt 0.36274 0.72551
vt 0.42611 0.77068
vt 0.39966 0.78750
vt 0.36274 0.72551
vt 0.39966 0.78750
vt 0.25586 0.78750
vt 0.37583 0.85428
vt 0.35866 0.94228
vt 0.25586 0.82504
vt 0.23064 0.60986
vt 0.30413 0.59447
vt 0.25586 0.78750
vt 0.30413 0.59447
vt 0.30371 0.78750
vt 0.25586 0.78750
vt 0.30363 0.82504
vt 0.30337 0.94165
vt 0.24326 0.80832
vt 0.30337 0.94165
vt 0.23064 0.94165
vt 0.24326 0.80832
vt 0.06395 0.93926
vt 0.00000 0.91028
vt 0.04183 0.94054
vt 0.42872 0.94228
vt 0.38794 0.90992
vt 0.39486 0.84353
vt 0.41152 0.80627
vt 0.42872 0.94228
vt 0.39486 0.84353
vt 0.39966 0.82504
vt 0.41152 0.80627
vt 0.39486 0.84353
vt 0.35866 0.59192
vt 0.36769 0.57978
vt 0.36769 0.57978
vt 0.36274 0.72551
vt 0.36290 0.70626
vt 0.42872 0.76987
vt 0.41195 0.79775
vt 0.41152 0.80627
vt 0.39966 0.82504
vt 0.39966 0.78750
vt 0.41152 0.80627
vt 0.41195 0.79775
vt 0.06395 0.93926
vt 0.04183 0.94054
vt 0.04618 0.93926
vt 0.23064 0.60986
vt 0.25586 0.78750
vt 0.24326 0.80832
vt 0.23064 0.60986
vt 0.24326 0.80832
vt 0.23064 0.94165
vt 0.06395 0.82043
vt 0.36274 0.72551
vt 0.25586 0.78750
vt 0.07169 0.96959
vt 0.34695 0.89726
vt 0.25586 0.82504
vt 0.06395 0.82043
vt 0.06244 0.82909
vt 0.06089 0.65840
vt 0.06089 0.65840
vt 0.06244 0.82909
vt 0.35865 0.59192
vt 0.06681 0.62808
vt 0.34991 0.56686
vt 0.34695 0.96948
vt 0.23064 0.94230
vt 0.23064 0.95836
vt 0.30337 0.95836
vt 0.41152 0.80627
vt 0.39966 0.78750
vt 0.42611 0.77068
vt 0.42872 0.94228
vt 0.35866 0.94228
vt 0.38794 0.90992
vt 0.42611 0.77068
vt 0.42872 0.94228
vt 0.41152 0.80627
vt 0.07169 0.96959
vt 0.07169 0.96959
vt 0.06457 0.62818
vt 0.34991 0.56686
vt 0.35648 0.56280
vt 0.34695 0.78750
vt 0.01621 0.93553
vt 0.00749 0.89263
vt 0.05050 0.85177
vt 0.06395 0.93926
vt 0.01621 0.93553
vt 0.05050 0.85177
vt 0.04618 0.93926
vt 0.01621 0.93553
vt 0.06395 0.93926
vt 0.05052 0.85168
vt 0.00193 0.90344
vt 0.00000 0.91028
vt 0.30363 0.82504
vt 0.24326 0.80832
vt 0.25586 0.82504
vt 0.35865 0.59192
vt 0.36769 0.57978
vt 0.05303 0.64853
vt 0.06457 0.62818
vt 0.35648 0.56280
vt 0.36769 0.57978
vt 0.06395 0.82043
vt 0.05050 0.85177
vt 0.05052 0.85168
vt 0.35866 0.59192
vt 0.36290 0.70626
vt 0.36274 0.72551
vt 0.06395 0.82043
vt 0.25586 0.78750
vt 0.24326 0.80832
vt 0.30413 0.59447
vt 0.23064 0.60986
vt 0.25586 0.78750
vt 0.34695 0.96948
vt 0.34991 0.56686
vt 0.34695 0.78750
vt 0.38596 0.84096
vt 0.38794 0.90992
vt 0.37583 0.85428
vt 0.23064 0.94165
vt 0.25586 0.82504
vt 0.24326 0.80832
vt 0.24326 0.80832
vt 0.25586 0.78750
vt 0.23064 0.60986
vt 0.42872 0.94228
vt 0.42611 0.77068
vt 0.42872 0.76987
vt 0.35866 0.94228
vt 0.37583 0.85428
vt 0.38794 0.90992
vt 0.23064 0.94165
vt 0.23064 0.94165
vt 0.23064 0.60986
vt 0.24315 0.80063
vt 0.34695 0.78750
vt 0.35648 0.56280
vt 0.39486 0.84353
vt 0.37583 0.85428
vt 0.25586 0.82504
vt 0.39966 0.82504
vt 0.39486 0.84353
vt 0.25586 0.82504
vt 0.06681 0.62808
vt 0.06457 0.62818
vt 0.05060 0.63071
vt 0.35866 0.94228
vt 0.06395 0.94228
vt 0.06395 0.93926
vt 0.35866 0.94228
vt 0.42864 0.77265
vt 0.35869 0.77433
vt 0.35869 0.77433
vt 0.35865 0.59192
vt 0.06244 0.82909
vt 0.43069 0.96747
vt 0.43069 0.96747
vt 0.43069 0.94228
vt 0.00749 0.89263
vt 0.01621 0.93553
vt 0.01193 0.93166
vt 0.37583 0.85428
vt 0.39486 0.84353
vt 0.38596 0.84096
vt 0.30223 0.94230
vt 0.30337 0.94873
vt 0.23064 0.94230
vt 0.23179 0.94230
vt 0.23179 0.94230
vt 0.23064 0.94230
vt 0.42864 0.77265
vt 0.35866 0.94228
vt 0.42872 0.94228
vt 0.42872 0.76987
vt 0.42864 0.77265
vt 0.42872 0.94228
vt 0.34695 0.89726
vt 0.34695 0.96948
vt 0.34695 0.78750
vt 0.05303 0.64853
vt 0.36769 0.57978
vt 0.35866 0.59192
vt 0.05060 0.63071
vt 0.06457 0.62818
vt 0.05303 0.64853
vt 0.30223 0.94165
vt 0.30223 0.94230
vt 0.23179 0.94230
vt 0.30337 0.94165
vt 0.30223 0.94165
vt 0.30223 0.94165
vt 0.06157 0.96747
vt 0.43069 0.96747
vt 0.06157 0.94534
vt 0.06395 0.94228
vt 0.06395 0.93926
vt 0.06395 0.93926
vt 0.06395 0.94228
vt 0.35907 0.94228
vt 0.35866 0.94228
vt 0.42872 0.94228
vt 0.43069 0.94228
vt 0.42872 0.94228
vt 0.30371 0.78750
vt 0.30413 0.59447
vt 0.25586 0.78750
vt 0.30223 0.94230
vt 0.30337 0.94230
vt 0.30337 0.94873
vt 0.30337 0.94873
vt 0.30337 0.95836
vt 0.23064 0.95836
vt 0.30337 0.94230
vt 0.30337 0.95836
vt 0.30337 0.94873
vt 0.30337 0.94165
vt 0.30223 0.94165
vt 0.23179 0.94165
vt 0.23179 0.94165
vt 0.23179 0.94230
vt 0.23179 0.94230
vt 0.23064 0.94165
vt 0.23064 0.94165
vt 0.23179 0.94165
vt 0.42872 0.76987
vt 0.42872 0.94228
vt 0.42872 0.94228
vt 0.30337 0.94165
vt 0.23064 0.94165
vt 0.23179 0.94165
vt 0.23179 0.94230
vt 0.23064 0.94230
vt 0.30337 0.94230
vt 0.30223 0.94165
vt 0.30223 0.94230
vt 0.30223 0.94230
vt 0.23179 0.94165
vt 0.23179 0.94230
vt 0.30223 0.94230
vt 0.23064 0.94165
vt 0.30337 0.94165
vt 0.25586 0.82504
vt 0.30337 0.94165
vt 0.30363 0.82504
vt 0.25586 0.82504
vt 0.43069 0.96747
vt 0.35907 0.94228
vt 0.43069 0.94228
vt 0.07169 0.96959
vt 0.06457 0.62818
vt 0.06681 0.62808
vt 0.43069 0.96747
vt 0.43069 0.94228
vt 0.43069 0.94228
vt 0.05060 0.63071
vt 0.05303 0.64853
vt 0.06046 0.65777
vt 0.06157 0.99267
vt 0.06157 0.94228
vt 0.06157 0.94228
vt 0.35907 0.99267
vt 0.06157 0.99267
vt 0.43069 0.96747
vt 0.43069 0.94228
vt 0.42872 0.94228
vt 0.42872 0.94228
vt 0.42872 0.94228
vt 0.35907 0.94228
vt 0.35866 0.94228
vt 0.06395 0.94228
vt 0.06157 0.94228
vt 0.06395 0.94228
vt 0.43069 0.99267
vt 0.43069 0.96747
vt 0.43069 0.96747
vt 0.34695 0.78750
vt 0.41195 0.79775
vt 0.39966 0.82504
vt 0.41195 0.79775
vt 0.34695 0.78750
vt 0.39966 0.78750
vt 0.34695 0.78750
vt 0.24315 0.80063
vt 0.25586 0.78750
vt 0.06395 0.94228
vt 0.06395 0.94228
vt 0.06157 0.94534
vt 0.06395 0.93926
vt 0.06395 0.94228
vt 0.06395 0.94228
vt 0.35907 0.94228
vt 0.06157 0.94228
vt 0.06395 0.94228
vt 0.06157 0.99267
vt 0.06157 0.99267
vt 0.35907 0.99267
vt 0.06395 0.94228
vt 0.06157 0.94228
vt 0.06157 0.94534
vt 0.06395 0.93926
vt 0.06395 0.94228
vt 0.06395 0.93926
vt 0.35907 0.94228
vt 0.06395 0.94228
vt 0.35866 0.94228
vt 0.06157 0.99267
vt 0.35907 0.99267
vt 0.43069 0.99267
vt 0.42872 0.94228
vt 0.35907 0.94228
vt 0.43069 0.94228
vt 0.06157 0.99267
vt 0.06157 0.99267
vt 0.06157 0.94228
vt 0.23179 0.94165
vt 0.23179 0.94230
vt 0.23179 0.94165
vt 0.23064 0.94165
vt 0.23179 0.94165
vt 0.23179 0.94165
vt 0.30337 0.94165
vt 0.30223 0.94165
vt 0.30337 0.94165
vt 0.30337 0.94165
vt 0.23179 0.94165
vt 0.30223 0.94165
vt 0.23179 0.94230
vt 0.30337 0.94230
vt 0.30223 0.94230
vt 0.23179 0.94165
vt 0.30223 0.94230
vt 0.30223 0.94165
vt 0.38794 0.90992
vt 0.38794 0.90992
vt 0.37583 0.85428
vt 0.06395 0.93926
vt 0.06395 0.94228
vt 0.06395 0.94228
vt 0.43069 0.96747
vt 0.06157 0.94228
vt 0.35907 0.94228
vt 0.06157 0.94228
vt 0.06157 0.99267
vt 0.06157 0.94534
vt 0.35907 0.94228
vt 0.43069 0.96747
vt 0.43069 0.94228
vt 0.23064 0.60986
vt 0.23064 0.94165
vt 0.24326 0.80832
vt 0.30223 0.94165
vt 0.30223 0.94230
vt 0.30223 0.94165
vt 0.06395 0.94228
vt 0.06157 0.94228
vt 0.06395 0.94228
vt 0.43069 0.96747
vt 0.43069 0.99267
vt 0.43069 0.96747
vt 0.42872 0.94228
vt 0.43069 0.94228
vt 0.42872 0.94228
vt 0.43069 0.94228
vt 0.43069 0.96747
vt 0.43069 0.94228
vt 0.05303 0.64853
vt 0.36769 0.57978
vt 0.36526 0.56196
vt 0.05052 0.85168
vt 0.04618 0.93926
vt 0.04183 0.94054
vt 0.00000 0.91028
vt 0.00193 0.90344
vt 0.04183 0.94054
vt 0.24315 0.80063
vt 0.24326 0.80832
vt 0.25586 0.78750
vt 0.36769 0.57978
vt 0.35648 0.56280
vt 0.36526 0.56196
vt 0.06395 0.93926
vt 0.06395 0.94228
vt 0.35866 0.94228
vt 0.25586 0.78750
vt 0.39966 0.78750
vt 0.34695 0.78750
vt 0.23064 0.94230
vt 0.30337 0.95836
vt 0.30337 0.94230
vt 0.24315 0.80063
vt 0.25586 0.82504
vt 0.24326 0.80832
vt 0.05052 0.85168
vt 0.00000 0.91028
vt 0.06244 0.82909
vt 0.00193 0.90344
vt 0.05052 0.85168
vt 0.04183 0.94054
vt 0.30363 0.82504
vt 0.30337 0.94165
vt 0.30337 0.94165
vt 0.39486 0.84353
vt 0.38794 0.90992
vt 0.38596 0.84096
vt 0.06681 0.62808
vt 0.34695 0.96948
vt 0.07169 0.96959
vt 0.06395 0.82043
vt 0.06089 0.65840
vt 0.06046 0.65777
vt 0.35648 0.56280
vt 0.34991 0.56686
vt 0.36526 0.56196
vt 0.35869 0.77433
vt 0.35869 0.77433
vt 0.35865 0.59192
vt 0.06395 0.93926
vt 0.35866 0.94228
vt 0.06244 0.82909
vt 0.05303 0.64853
vt 0.36526 0.56196
vt 0.05060 0.63071
vt 0.06089 0.65840
vt 0.05060 0.63071
vt 0.06046 0.65777
vt 0.35869 0.77433
vt 0.35869 0.77433
vt 0.42864 0.77265
vt 0.35865 0.59192
vt 0.05303 0.64853
vt 0.06089 0.65840
vt 0.05303 0.64853
vt 0.05060 0.63071
vt 0.06089 0.65840
vt 0.36290 0.70626
vt 0.35865 0.59192
vt 0.35869 0.77433
vt 0.37377 1.00000
vt 0.37799 0.92079
vt 0.40415 0.93006
vt 0.40415 0.93006
vt 0.37711 0.87554
vt 0.37173 0.93006
vt 0.37799 0.87271
vt 0.37711 0.87554
vt 0.38794 0.84444
vt 0.40415 0.93006
vt 0.39788 0.87477
vt 0.39871 0.87438
vt 0.40415 0.93006
vt 0.39871 0.87438
vt 0.37711 0.87554
vt 0.40415 0.93006
vt 0.40210 1.00000
vt 0.37377 1.00000
vt 0.36546 0.93933
vt 0.37377 1.00000
vt 0.40210 1.00000
vt 0.37799 0.92079
vt 0.37173 0.93006
vt 0.37711 0.87554
vt 0.39788 0.87477
vt 0.38794 0.84444
vt 0.39871 0.87438
vt 0.37377 1.00000
vt 0.36546 0.93933
vt 0.37173 0.93006
vt 0.40210 1.00000
vt 0.40415 0.93006
vt 0.37173 0.93006
vt 0.37799 0.92079
vt 0.39788 0.87477
vt 0.40415 0.93006
vt 0.37377 1.00000
vt 0.37173 0.93006
vt 0.37799 0.92079
vt 0.37799 0.87271
vt 0.38794 0.84444
vt 0.39788 0.87477
vt 0.37799 0.92079
vt 0.37711 0.87554
vt 0.37799 0.87271
vt 0.39871 0.87438
vt 0.38794 0.84444
vt 0.37711 0.87554
vt 0.36546 0.93933
vt 0.40210 1.00000
vt 0.37173 0.93006
vt 0.37799 0.92079
vt 0.37799 0.87271
vt 0.39788 0.87477
vt 0.68384 0.78529
vt 0.64132 0.80559
vt 0.67455 0.88070
vt 0.64132 0.80559
vt 0.64132 0.85133
vt 0.67455 0.88070
vt 0.64132 0.80559
vt 0.68384 0.78529
vt 0.67736 0.87499
vt 0.67736 0.87499
vt 0.64132 0.85133
vt 0.64132 0.80559
vt 0.70627 0.81688
vt 0.68384 0.78529
vt 0.67455 0.88070
vt 0.67455 0.88070
vt 0.67736 0.87499
vt 0.70627 0.81688
vt 0.68384 0.78529
vt 0.70627 0.81688
vt 0.67736 0.87499
vt 0.64132 0.85133
vt 0.67736 0.87499
vt 0.67455 0.88070
vt 0.41074 0.80084
vt 0.25693 0.82436
vt 0.24597 0.79620
vt 0.25693 0.82436
vt 0.24444 0.80090
vt 0.24597 0.79620
vt 0.25693 0.82436
vt 0.40921 0.79614
vt 0.24444 0.80090
vt 0.24597 0.79620
vt 0.40921 0.79614
vt 0.41074 0.80084
vt 0.39846 0.82436
vt 0.41074 0.80084
vt 0.40921 0.79614
vt 0.25693 0.82436
vt 0.39846 0.82436
vt 0.40921 0.79614
vt 0.41074 0.80084
vt 0.39846 0.82436
vt 0.25693 0.82436
vt 0.24597 0.79620
vt 0.24444 0.80090
vt 0.40921 0.79614
vt 0.65622 0.81141
vt 0.65732 0.70652
vt 0.68708 0.70625
vt 0.65622 0.81141
vt 0.68305 0.81711
vt 0.66556 0.69817
vt 0.68305 0.81711
vt 0.68708 0.70625
vt 0.66556 0.69817
vt 0.65732 0.70652
vt 0.65622 0.81141
vt 0.66556 0.69817
vt 0.66556 0.69817
vt 0.68708 0.70625
vt 0.65732 0.70652
vt 0.65622 0.81141
vt 0.68708 0.70625
vt 0.68305 0.81711
vt 0.39933 0.88028
vt 0.42233 0.89050
vt 0.42233 0.88108
vt 0.42233 0.91413
vt 0.39933 0.91732
vt 0.39933 0.91333
vt 0.42233 0.91413
vt 0.39933 0.91333
vt 0.39933 0.88028
vt 0.39933 0.88028
vt 0.39933 0.87709
vt 0.42233 0.89050
vt 0.39933 0.87709
vt 0.39933 0.88028
vt 0.39933 0.91333
vt 0.42233 0.89050
vt 0.42233 0.91413
vt 0.42233 0.88108
vt 0.39933 0.87709
vt 0.39933 0.91732
vt 0.42233 0.89050
vt 0.42233 0.91413
vt 0.42233 0.89050
vt 0.39933 0.91732
vt 0.39933 0.87709
vt 0.39933 0.91333
vt 0.39933 0.91732
vt 0.42233 0.91413
vt 0.39933 0.88028
vt 0.42233 0.88108
vt 0.37654 0.91457
vt 0.37654 0.88151
vt 0.37654 0.91732
vt 0.37654 0.91457
vt 0.37654 0.91732
vt 0.35354 0.91732
vt 0.37654 0.91457
vt 0.35354 0.91732
vt 0.35354 0.91289
vt 0.35354 0.87984
vt 0.37654 0.87709
vt 0.37654 0.88151
vt 0.35354 0.91289
vt 0.35354 0.87709
vt 0.35354 0.87984
vt 0.35354 0.87709
vt 0.37654 0.91732
vt 0.37654 0.87709
vt 0.35354 0.91289
vt 0.35354 0.91732
vt 0.35354 0.87709
vt 0.35354 0.91732
vt 0.37654 0.91732
vt 0.35354 0.87709
vt 0.37654 0.91732
vt 0.37654 0.88151
vt 0.37654 0.87709
vt 0.37654 0.88151
vt 0.37654 0.91457
vt 0.35354 0.91289
vt 0.35354 0.87984
vt 0.35354 0.87709
vt 0.37654 0.87709
vt 0.37654 0.88151
vt 0.35354 0.91289
vt 0.35354 0.87984
vt 0.54983 0.78319
vt 0.55209 0.80330
vt 0.55304 0.80121
vt 0.55209 0.80330
vt 0.53684 0.80330
vt 0.55304 0.80121
vt 0.55304 0.80121
vt 0.53684 0.80330
vt 0.54983 0.78319
vt 0.55209 0.80330
vt 0.53684 0.78659
vt 0.53684 0.80330
vt 0.53684 0.78659
vt 0.55209 0.80330
vt 0.54983 0.78319
vt 0.53684 0.78659
vt 0.54983 0.78319
vt 0.53684 0.80330
vt 0.38505 0.81800
vt 0.38075 0.80155
vt 0.38656 0.79351
vt 0.38656 0.79351
vt 0.40070 0.80586
vt 0.38505 0.81800
vt 0.38656 0.79351
vt 0.38075 0.80155
vt 0.40042 0.81018
vt 0.40042 0.81018
vt 0.38505 0.81800
vt 0.40070 0.80586
vt 0.38656 0.79351
vt 0.40042 0.81018
vt 0.40070 0.80586
vt 0.38505 0.81800
vt 0.40042 0.81018
vt 0.38075 0.80155
vt 0.35383 0.92680
vt 0.35382 0.90964
vt 0.34915 0.64015
vt 0.33226 0.39160
vt 0.35376 0.57002
vt 0.32978 0.28137
vt 0.25401 0.96018
vt 0.29882 0.58731
vt 0.30535 0.95586
vt 0.23291 0.94436
vt 0.23955 0.58318
vt 0.25401 0.96018
vt 0.24744 0.00644
vt 0.26479 0.00114
vt 0.27055 0.00029
vt 0.33226 0.39160
vt 0.29998 0.17103
vt 0.34334 0.51709
vt 0.34459 0.94424
vt 0.34247 0.92890
vt 0.34334 0.51709
vt 0.31527 0.94424
vt 0.34431 0.97083
vt 0.34459 0.94424
vt 0.23062 0.49591
vt 0.24619 0.92743
vt 0.23868 0.40262
vt 0.21496 0.01635
vt 0.16979 0.02956
vt 0.22563 0.01312
vt 0.16993 0.94436
vt 0.16999 0.96497
vt 0.24619 0.94550
vt 0.15429 0.68325
vt 0.14888 0.94436
vt 0.16993 0.94436
vt 0.01138 0.07793
vt 0.08398 0.05577
vt 0.07231 0.05933
vt 0.09138 0.94436
vt 0.13992 0.58318
vt 0.14192 0.94436
vt 0.30535 0.95586
vt 0.31527 0.58731
vt 0.31415 0.96493
vt 0.31415 0.96493
vt 0.33821 0.58731
vt 0.34246 0.94426
vt 0.16910 0.94461
vt 0.23955 0.58318
vt 0.23291 0.94436
vt 0.34246 0.94426
vt 0.33821 0.58731
vt 0.34247 0.92890
vt 0.34247 0.92890
vt 0.34915 0.64015
vt 0.34334 0.51709
vt 0.13301 0.51733
vt 0.14888 0.94436
vt 0.15429 0.68325
vt 0.24299 0.47987
vt 0.25948 0.94436
vt 0.24447 0.94535
vt 0.24549 0.98195
vt 0.24251 0.97335
vt 0.16999 0.96497
vt 0.31114 0.96535
vt 0.24251 0.97335
vt 0.34429 0.97524
vt 0.34428 0.98279
vt 0.24549 0.98195
vt 0.34426 0.97067
vt 0.16993 0.94436
vt 0.23062 0.49591
vt 0.24447 0.94535
vt 0.14192 0.94436
vt 0.14888 0.94436
vt 0.13392 0.94436
vt 0.16910 0.94461
vt 0.14888 0.94436
vt 0.14192 0.94436
vt 0.34429 0.97524
vt 0.24251 0.97335
vt 0.24549 0.98195
vt 0.34429 0.97524
vt 0.24549 0.98195
vt 0.34428 0.98279
vt 0.15583 0.50354
vt 0.16993 0.94436
vt 0.15429 0.68325
vt 0.15359 0.52668
vt 0.06452 0.06175
vt 0.13301 0.51733
vt 0.31053 0.46094
vt 0.34459 0.94424
vt 0.31527 0.94424
vt 0.13189 0.50598
vt 0.14593 0.94436
vt 0.13392 0.94436
vt 0.25948 0.94436
vt 0.30496 0.93746
vt 0.29334 0.94424
vt 0.30426 0.57366
vt 0.31527 0.94424
vt 0.30496 0.93746
vt 0.30496 0.93746
vt 0.31527 0.94424
vt 0.31521 0.57314
vt 0.04458 0.23659
vt 0.01138 0.07793
vt 0.04458 0.23659
vt 0.14192 0.94436
vt 0.16393 0.58318
vt 0.16910 0.94461
vt 0.31415 0.96493
vt 0.34428 0.97942
vt 0.24251 0.97335
vt 0.34915 0.64015
vt 0.33226 0.39160
vt 0.34334 0.51709
vt 0.24744 0.00644
vt 0.21496 0.01635
vt 0.26479 0.00114
vt 0.23291 0.94436
vt 0.25401 0.96018
vt 0.16999 0.96497
vt 0.16910 0.94461
vt 0.16999 0.96497
vt 0.16993 0.94436
vt 0.30088 0.47724
vt 0.27487 0.33289
vt 0.30496 0.93746
vt 0.28593 0.30627
vt 0.21496 0.01635
vt 0.27487 0.33289
vt 0.23868 0.40262
vt 0.16082 0.03247
vt 0.23062 0.49591
vt 0.22563 0.01312
vt 0.23628 0.00984
vt 0.26479 0.00114
vt 0.27487 0.33289
vt 0.18519 0.02505
vt 0.24845 0.40603
vt 0.25946 0.57155
vt 0.27487 0.33289
vt 0.24845 0.40603
vt 0.29334 0.94424
vt 0.31527 0.94424
vt 0.30496 0.93746
vt 0.04458 0.23659
vt 0.01138 0.07793
vt 0.01138 0.07793
vt 0.29998 0.17103
vt 0.29998 0.17103
vt 0.26479 0.00114
vt 0.34334 0.51709
vt 0.23628 0.00984
vt 0.28593 0.30627
vt 0.24619 0.94550
vt 0.16999 0.96497
vt 0.34431 0.97083
vt 0.01138 0.07793
vt 0.01138 0.07793
vt 0.06452 0.06175
vt 0.08284 0.51573
vt 0.08325 0.94436
vt 0.13392 0.94436
vt 0.21496 0.01635
vt 0.22563 0.01312
vt 0.26479 0.00114
vt 0.09138 0.94436
vt 0.09138 0.58318
vt 0.13992 0.58318
vt 0.32978 0.28137
vt 0.26864 0.00030
vt 0.27055 0.00029
vt 0.35376 0.57002
vt 0.34922 0.45308
vt 0.32978 0.28137
vt 0.29998 0.17103
vt 0.27055 0.00029
vt 0.26479 0.00114
vt 0.07439 0.44091
vt 0.04458 0.23659
vt 0.04458 0.23659
vt 0.31415 0.96493
vt 0.24251 0.97335
vt 0.25401 0.96018
vt 0.24251 0.97335
vt 0.34428 0.97942
vt 0.24121 0.98143
vt 0.33226 0.39160
vt 0.29998 0.17103
vt 0.29998 0.17103
vt 0.34459 0.94424
vt 0.34246 0.94426
vt 0.34247 0.92890
vt 0.30535 0.95586
vt 0.29882 0.58731
vt 0.31527 0.58731
vt 0.31415 0.96493
vt 0.31527 0.58731
vt 0.33821 0.58731
vt 0.16910 0.94461
vt 0.16393 0.58318
vt 0.23955 0.58318
vt 0.09138 0.94436
vt 0.13392 0.94436
vt 0.08325 0.94436
vt 0.16062 0.39493
vt 0.15583 0.50354
vt 0.08786 0.05462
vt 0.14192 0.94436
vt 0.09138 0.94436
vt 0.13392 0.94436
vt 0.29334 0.94424
vt 0.31527 0.94424
vt 0.34426 0.97067
vt 0.31521 0.57314
vt 0.31527 0.94424
vt 0.34334 0.51709
vt 0.23062 0.49591
vt 0.24619 0.94550
vt 0.24619 0.92743
vt 0.25946 0.57155
vt 0.29334 0.94424
vt 0.30496 0.93746
vt 0.30088 0.47724
vt 0.30496 0.93746
vt 0.31521 0.57314
vt 0.25504 0.46432
vt 0.24299 0.47987
vt 0.21047 0.22017
vt 0.34459 0.94424
vt 0.34353 0.94425
vt 0.34429 0.97524
vt 0.16910 0.94461
vt 0.16993 0.94436
vt 0.14888 0.94436
vt 0.08398 0.05577
vt 0.09810 0.05162
vt 0.16082 0.03247
vt 0.28593 0.30627
vt 0.22563 0.01312
vt 0.21496 0.01635
vt 0.23062 0.49591
vt 0.16082 0.03247
vt 0.09810 0.05162
vt 0.23868 0.40262
vt 0.16979 0.02956
vt 0.16082 0.03247
vt 0.25946 0.57155
vt 0.30496 0.93746
vt 0.27487 0.33289
vt 0.27487 0.33289
vt 0.21496 0.01635
vt 0.18519 0.02505
vt 0.29998 0.17103
vt 0.26479 0.00114
vt 0.23628 0.00984
vt 0.16850 0.49896
vt 0.09810 0.05162
vt 0.11773 0.21753
vt 0.34334 0.51709
vt 0.29998 0.17103
vt 0.23628 0.00984
vt 0.01138 0.07793
vt 0.06452 0.06175
vt 0.07475 0.05870
vt 0.30088 0.47724
vt 0.28593 0.30627
vt 0.27487 0.33289
vt 0.16979 0.02956
vt 0.18519 0.02505
vt 0.21496 0.01635
vt 0.13301 0.51733
vt 0.06452 0.06175
vt 0.04458 0.23659
vt 0.25946 0.57155
vt 0.24845 0.40603
vt 0.23868 0.40262
vt 0.24845 0.40603
vt 0.18519 0.02505
vt 0.23868 0.40262
vt 0.16850 0.49896
vt 0.16993 0.94436
vt 0.24619 0.94550
vt 0.11773 0.21753
vt 0.08398 0.05577
vt 0.07475 0.05870
vt 0.15359 0.52668
vt 0.07475 0.05870
vt 0.06452 0.06175
vt 0.15359 0.52668
vt 0.11773 0.21753
vt 0.07475 0.05870
vt 0.15429 0.68325
vt 0.15359 0.52668
vt 0.13301 0.51733
vt 0.13301 0.51733
vt 0.13392 0.94436
vt 0.14888 0.94436
vt 0.33226 0.39160
vt 0.34915 0.64015
vt 0.35376 0.57002
vt 0.29998 0.17103
vt 0.32978 0.28137
vt 0.27055 0.00029
vt 0.26864 0.00030
vt 0.24744 0.00644
vt 0.27055 0.00029
vt 0.31521 0.57314
vt 0.34334 0.51709
vt 0.28593 0.30627
vt 0.07231 0.05933
vt 0.01138 0.07793
vt 0.07231 0.05933
vt 0.14192 0.94436
vt 0.13992 0.58318
vt 0.16393 0.58318
vt 0.28593 0.30627
vt 0.23628 0.00984
vt 0.22563 0.01312
vt 0.31521 0.57314
vt 0.28593 0.30627
vt 0.30088 0.47724
vt 0.29334 0.94424
vt 0.24619 0.94550
vt 0.34431 0.97083
vt 0.25946 0.57155
vt 0.24619 0.94550
vt 0.29334 0.94424
vt 0.34452 0.92885
vt 0.35383 0.92680
vt 0.34247 0.92890
vt 0.15688 0.03352
vt 0.08398 0.05577
vt 0.16979 0.02956
vt 0.07231 0.05933
vt 0.07231 0.05933
vt 0.08398 0.05577
vt 0.25401 0.96018
vt 0.25948 0.58318
vt 0.29882 0.58731
vt 0.34459 0.94424
vt 0.34429 0.97524
vt 0.34426 0.97067
vt 0.29334 0.94424
vt 0.34426 0.97067
vt 0.25948 0.94436
vt 0.31053 0.46094
vt 0.27392 0.27321
vt 0.23250 0.01102
vt 0.23062 0.49591
vt 0.16062 0.39493
vt 0.16080 0.03236
vt 0.34922 0.45308
vt 0.35376 0.57002
vt 0.35382 0.90964
vt 0.08331 0.57853
vt 0.13189 0.50598
vt 0.13392 0.94436
vt 0.34459 0.94424
vt 0.34035 0.47222
vt 0.34717 0.61095
vt 0.15429 0.68325
vt 0.16993 0.94436
vt 0.16807 0.94440
vt 0.08786 0.05462
vt 0.16080 0.03236
vt 0.09565 0.05221
vt 0.16062 0.39493
vt 0.08786 0.05462
vt 0.09565 0.05221
vt 0.33226 0.39160
vt 0.30597 0.19078
vt 0.34922 0.45308
vt 0.07231 0.05933
vt 0.08398 0.05577
vt 0.08786 0.05462
vt 0.34353 0.94425
vt 0.34452 0.92885
vt 0.33821 0.58731
vt 0.16807 0.94440
vt 0.23291 0.94436
vt 0.23955 0.58318
vt 0.31114 0.96535
vt 0.34353 0.94425
vt 0.33821 0.58731
vt 0.34452 0.92885
vt 0.34247 0.92890
vt 0.33821 0.58731
vt 0.09138 0.94436
vt 0.14192 0.94436
vt 0.15193 0.58318
vt 0.29334 0.94424
vt 0.31114 0.96535
vt 0.29882 0.58731
vt 0.16993 0.94436
vt 0.16062 0.39493
vt 0.23062 0.49591
vt 0.30426 0.57366
vt 0.31053 0.46094
vt 0.31527 0.94424
vt 0.25948 0.94436
vt 0.25504 0.46432
vt 0.30496 0.93746
vt 0.23062 0.49591
vt 0.24299 0.47987
vt 0.24447 0.94535
vt 0.13189 0.50598
vt 0.15429 0.68325
vt 0.14593 0.94436
vt 0.21047 0.22017
vt 0.16979 0.02953
vt 0.20398 0.01955
vt 0.31053 0.46094
vt 0.34035 0.47222
vt 0.34459 0.94424
vt 0.15583 0.50354
vt 0.16062 0.39493
vt 0.16993 0.94436
vt 0.24299 0.47987
vt 0.25504 0.46432
vt 0.25948 0.94436
vt 0.16807 0.94440
vt 0.23955 0.58318
vt 0.16993 0.58318
vt 0.31114 0.96535
vt 0.33821 0.58731
vt 0.31527 0.58731
vt 0.15688 0.03352
vt 0.16979 0.02953
vt 0.16080 0.03236
vt 0.24744 0.00644
vt 0.26864 0.00030
vt 0.26874 0.00000
vt 0.21496 0.01635
vt 0.23250 0.01102
vt 0.21496 0.01635
vt 0.21496 0.01635
vt 0.23250 0.01102
vt 0.20398 0.01955
vt 0.18270 0.02564
vt 0.16979 0.02953
vt 0.16979 0.02956
vt 0.08398 0.05577
vt 0.16080 0.03236
vt 0.09565 0.05221
vt 0.31114 0.96535
vt 0.31527 0.58731
vt 0.29882 0.58731
vt 0.09138 0.94436
vt 0.08325 0.94436
vt 0.13392 0.94436
vt 0.09565 0.05221
vt 0.08786 0.05462
vt 0.08398 0.05577
vt 0.34717 0.61095
vt 0.34035 0.47222
vt 0.33226 0.39160
vt 0.33226 0.39160
vt 0.26874 0.00000
vt 0.30597 0.19078
vt 0.26874 0.00000
vt 0.26864 0.00030
vt 0.30597 0.19078
vt 0.21047 0.22017
vt 0.16080 0.03236
vt 0.16979 0.02953
vt 0.24299 0.47987
vt 0.16080 0.03236
vt 0.21047 0.22017
vt 0.27392 0.27321
vt 0.20398 0.01955
vt 0.23250 0.01102
vt 0.30426 0.57366
vt 0.27392 0.27321
vt 0.29247 0.39957
vt 0.25504 0.46432
vt 0.27392 0.27321
vt 0.30496 0.93746
vt 0.15429 0.68325
vt 0.13189 0.50598
vt 0.12507 0.32699
vt 0.15583 0.50354
vt 0.12507 0.32699
vt 0.08786 0.05462
vt 0.12507 0.32699
vt 0.06452 0.06175
vt 0.07231 0.05933
vt 0.25401 0.96018
vt 0.29882 0.58731
vt 0.23955 0.58318
vt 0.18270 0.02564
vt 0.21496 0.01635
vt 0.16979 0.02953
vt 0.24251 0.97335
vt 0.31114 0.96535
vt 0.25401 0.96018
vt 0.33226 0.39160
vt 0.34922 0.45308
vt 0.34717 0.61095
vt 0.34452 0.92885
vt 0.35382 0.90964
vt 0.35383 0.92680
vt 0.34922 0.45308
vt 0.30597 0.19078
vt 0.32978 0.28137
vt 0.08325 0.92778
vt 0.08325 0.94436
vt 0.08331 0.57853
vt 0.35376 0.57002
vt 0.34915 0.64015
vt 0.35382 0.90964
vt 0.15359 0.52668
vt 0.15429 0.68325
vt 0.16850 0.49896
vt 0.14192 0.94436
vt 0.13392 0.94436
vt 0.14593 0.94436
vt 0.23868 0.40262
vt 0.24619 0.92743
vt 0.25946 0.57155
vt 0.16850 0.49896
vt 0.24619 0.94550
vt 0.23062 0.49591
vt 0.25401 0.96018
vt 0.23955 0.58318
vt 0.25948 0.58318
vt 0.09138 0.94436
vt 0.09138 0.58318
vt 0.09138 0.58318
vt 0.34247 0.92890
vt 0.33821 0.58731
vt 0.33821 0.58731
vt 0.16910 0.94461
vt 0.23291 0.94436
vt 0.16999 0.96497
vt 0.16999 0.96497
vt 0.24121 0.98143
vt 0.34431 0.97083
vt 0.21496 0.01635
vt 0.18270 0.02564
vt 0.16979 0.02956
vt 0.27392 0.27321
vt 0.21047 0.22017
vt 0.20398 0.01955
vt 0.27392 0.27321
vt 0.25504 0.46432
vt 0.21047 0.22017
vt 0.23291 0.94436
vt 0.16999 0.96497
vt 0.25401 0.96018
vt 0.24299 0.47987
vt 0.23062 0.49591
vt 0.16080 0.03236
vt 0.30426 0.57366
vt 0.30496 0.93746
vt 0.27392 0.27321
vt 0.16807 0.94440
vt 0.16993 0.94436
vt 0.16999 0.96497
vt 0.12507 0.32699
vt 0.13189 0.50598
vt 0.06452 0.06175
vt 0.08786 0.05462
vt 0.12507 0.32699
vt 0.07231 0.05933
vt 0.16807 0.94440
vt 0.14192 0.94436
vt 0.14593 0.94436
vt 0.15429 0.68325
vt 0.16993 0.94436
vt 0.16850 0.49896
vt 0.08284 0.51573
vt 0.04458 0.23659
vt 0.07439 0.44091
vt 0.14192 0.94436
vt 0.13392 0.94436
vt 0.09138 0.94436
vt 0.06452 0.06175
vt 0.01138 0.07793
vt 0.04458 0.23659
vt 0.08398 0.05577
vt 0.16082 0.03247
vt 0.16979 0.02956
vt 0.34247 0.92890
vt 0.35383 0.92680
vt 0.34915 0.64015
vt 0.09810 0.05162
vt 0.08398 0.05577
vt 0.11773 0.21753
vt 0.33226 0.39160
vt 0.32978 0.28137
vt 0.29998 0.17103
vt 0.16850 0.49896
vt 0.11773 0.21753
vt 0.15359 0.52668
vt 0.23062 0.49591
vt 0.09810 0.05162
vt 0.16850 0.49896
vt 0.24619 0.92743
vt 0.24619 0.94550
vt 0.25946 0.57155
vt 0.34459 0.94424
vt 0.34431 0.97083
vt 0.34246 0.94426
vt 0.13301 0.51733
vt 0.04458 0.23659
vt 0.08284 0.51573
vt 0.08331 0.57853
vt 0.08325 0.94436
vt 0.08284 0.51573
vt 0.30535 0.95586
vt 0.31415 0.96493
vt 0.25401 0.96018
vt 0.31415 0.96493
vt 0.34246 0.94426
vt 0.34431 0.97083
vt 0.29334 0.94424
vt 0.30496 0.93746
vt 0.31527 0.94424
vt 0.16979 0.02956
vt 0.21496 0.01635
vt 0.22563 0.01312
vt 0.08284 0.51573
vt 0.07439 0.44091
vt 0.08331 0.57853
vt 0.01138 0.07793
vt 0.07475 0.05870
vt 0.08398 0.05577
vt 0.29334 0.94424
vt 0.34431 0.97083
vt 0.31527 0.94424
vt 0.08284 0.51573
vt 0.13392 0.94436
vt 0.13301 0.51733
vt 0.31527 0.94424
vt 0.34459 0.94424
vt 0.34334 0.51709
vt 0.18519 0.02505
vt 0.16979 0.02956
vt 0.23868 0.40262
vt 0.24447 0.94535
vt 0.25948 0.94436
vt 0.34426 0.97067
vt 0.34035 0.47222
vt 0.31053 0.46094
vt 0.23250 0.01102
vt 0.08325 0.94436
vt 0.08325 0.92778
vt 0.08325 0.94436
vt 0.06452 0.06175
vt 0.04458 0.23659
vt 0.01138 0.07793
vt 0.13189 0.50598
vt 0.08331 0.57853
vt 0.07439 0.44091
vt 0.13189 0.50598
vt 0.07439 0.44091
vt 0.04458 0.23659
vt 0.09138 0.94436
vt 0.08325 0.94436
vt 0.08325 0.94436
vt 0.33226 0.39160
vt 0.34035 0.47222
vt 0.26874 0.00000
vt 0.31527 0.94424
vt 0.34459 0.94424
vt 0.34426 0.97067
vt 0.16993 0.94436
vt 0.24447 0.94535
vt 0.16999 0.96497
vt 0.34353 0.94425
vt 0.31114 0.96535
vt 0.34429 0.97524
vt 0.23291 0.94436
vt 0.25401 0.96018
vt 0.23955 0.58318
vt 0.21496 0.01635
vt 0.20398 0.01955
vt 0.16979 0.02953
vt 0.34452 0.92885
vt 0.34717 0.61095
vt 0.35382 0.90964
vt 0.32978 0.28137
vt 0.30597 0.19078
vt 0.26864 0.00030
vt 0.18270 0.02564
vt 0.21496 0.01635
vt 0.21496 0.01635
vt 0.15688 0.03352
vt 0.16979 0.02956
vt 0.16979 0.02953
vt 0.14192 0.94436
vt 0.16807 0.94440
vt 0.15193 0.58318
vt 0.31053 0.46094
vt 0.29247 0.39957
vt 0.27392 0.27321
vt 0.31053 0.46094
vt 0.30426 0.57366
vt 0.29247 0.39957
vt 0.16080 0.03236
vt 0.16062 0.39493
vt 0.09565 0.05221
vt 0.01138 0.07793
vt 0.07231 0.05933
vt 0.06452 0.06175
vt 0.25401 0.96018
vt 0.29334 0.94424
vt 0.29882 0.58731
vt 0.08398 0.05577
vt 0.09565 0.05221
vt 0.08398 0.05577
vt 0.07231 0.05933
vt 0.08398 0.05577
vt 0.08398 0.05577
vt 0.14593 0.94436
vt 0.15429 0.68325
vt 0.16807 0.94440
vt 0.15583 0.50354
vt 0.15429 0.68325
vt 0.12507 0.32699
vt 0.21496 0.01635
vt 0.24744 0.00644
vt 0.23250 0.01102
vt 0.24744 0.00644
vt 0.26874 0.00000
vt 0.23250 0.01102
vt 0.09138 0.94436
vt 0.09138 0.94436
vt 0.09138 0.58318
vt 0.16999 0.96497
vt 0.24251 0.97335
vt 0.25401 0.96018
vt 0.34429 0.97524
vt 0.34428 0.98279
vt 0.34426 0.97067
vt 0.08398 0.05577
vt 0.15688 0.03352
vt 0.16080 0.03236
vt 0.29334 0.94424
vt 0.25401 0.96018
vt 0.31114 0.96535
vt 0.16807 0.94440
vt 0.16999 0.96497
vt 0.23291 0.94436
vt 0.34353 0.94425
vt 0.34717 0.61095
vt 0.34452 0.92885
vt 0.08325 0.92778
vt 0.08331 0.57853
vt 0.08325 0.94436
vt 0.34922 0.45308
vt 0.35382 0.90964
vt 0.34717 0.61095
vt 0.08331 0.57853
vt 0.13392 0.94436
vt 0.08325 0.94436
vt 0.34459 0.94424
vt 0.34717 0.61095
vt 0.34353 0.94425
vt 0.13189 0.50598
vt 0.04458 0.23659
vt 0.06452 0.06175
vt 0.09138 0.94436
vt 0.08325 0.94436
vt 0.09138 0.94436
vt 0.24447 0.94535
vt 0.34426 0.97067
vt 0.16999 0.96497
vt 0.34035 0.47222
vt 0.23250 0.01102
vt 0.26874 0.00000
vt 0.04458 0.23659
vt 0.01138 0.07793
vt 0.01138 0.07793
vt 0.31415 0.96493
vt 0.34431 0.97083
vt 0.34428 0.97942
vt 0.16999 0.96497
vt 0.24251 0.97335
vt 0.24121 0.98143
vt 0.34431 0.97083
vt 0.24121 0.98143
vt 0.34428 0.97942
vt 0.16999 0.96497
vt 0.25401 0.96018
vt 0.24251 0.97335
vt 0.01138 0.07793
vt 0.06452 0.06175
vt 0.01138 0.07793
vt 0.09565 0.05221
vt 0.16080 0.03236
vt 0.08786 0.05462
vt 0.09138 0.94436
vt 0.15193 0.58318
vt 0.09138 0.58318
vt 0.24549 0.98195
vt 0.16999 0.96497
vt 0.34426 0.97067
vt 0.16807 0.94440
vt 0.16993 0.58318
vt 0.15193 0.58318
vt 0.39987 0.57090
vt 0.36893 0.64142
vt 0.39839 0.57156
vt 0.35250 0.56586
vt 0.36893 0.64142
vt 0.35250 0.74968
vt 0.35250 0.56586
vt 0.36768 0.65093
vt 0.39987 0.57090
vt 0.39489 0.73971
vt 0.35250 0.74968
vt 0.35250 0.74968
vt 0.35250 0.56586
vt 0.39987 0.57090
vt 0.39839 0.57156
vt 0.35250 0.56586
vt 0.35250 0.56586
vt 0.39987 0.57090
vt 0.39489 0.73971
vt 0.39653 0.73744
vt 0.35250 0.74968
vt 0.36768 0.65093
vt 0.35250 0.74968
vt 0.39653 0.73744
vt 0.36768 0.65093
vt 0.39653 0.73744
vt 0.39489 0.73971
vt 0.35250 0.74968
vt 0.35250 0.74968
vt 0.35250 0.56586
vt 0.36768 0.65093
vt 0.39489 0.73971
vt 0.36893 0.64142
vt 0.39987 0.57090
vt 0.36768 0.65093
vt 0.36893 0.64142
vt 0.36768 0.65093
vt 0.35250 0.56586
vt 0.35250 0.74968
vt 0.35250 0.56586
vt 0.35250 0.74968
vt 0.35250 0.56586
vt 0.35250 0.56586
vt 0.39839 0.57156
vt 0.36893 0.64142
vt 0.36893 0.64142
vt 0.39489 0.73971
vt 0.35250 0.74968
vt 0.54215 0.75264
vt 0.48814 0.75087
vt 0.52766 0.70893
vt 0.54318 0.62508
vt 0.54185 0.64148
vt 0.52620 0.59653
vt 0.48814 0.75087
vt 0.48814 0.75087
vt 0.52766 0.70893
vt 0.52766 0.70893
vt 0.52766 0.70893
vt 0.54185 0.64148
vt 0.54215 0.75264
vt 0.55665 0.67503
vt 0.55857 0.63966
vt 0.52766 0.70893
vt 0.54318 0.62508
vt 0.55665 0.67503
vt 0.55665 0.67503
vt 0.54318 0.62508
vt 0.55857 0.63966
vt 0.54215 0.75264
vt 0.54428 0.75368
vt 0.48814 0.75087
vt 0.54185 0.64148
vt 0.55857 0.63966
vt 0.52620 0.59653
vt 0.55857 0.63966
vt 0.54318 0.62508
vt 0.52777 0.59481
vt 0.52766 0.70893
vt 0.48814 0.75087
vt 0.54428 0.75368
vt 0.55857 0.63966
vt 0.52777 0.59481
vt 0.52620 0.59653
vt 0.54215 0.75264
vt 0.48814 0.75087
vt 0.48814 0.75087
vt 0.54318 0.62508
vt 0.52620 0.59653
vt 0.52777 0.59481
vt 0.52766 0.70893
vt 0.54185 0.64148
vt 0.54318 0.62508
vt 0.54428 0.75368
vt 0.54215 0.75264
vt 0.55857 0.63966
vt 0.52766 0.70893
vt 0.55665 0.67503
vt 0.54215 0.75264
vt 0.48814 0.75087
vt 0.52766 0.70893
vt 0.52766 0.70893
vt 0.52766 0.70893
vt 0.54428 0.75368
vt 0.55857 0.63966
vt 0.52766 0.70893
vt 0.55857 0.63966
vt 0.54185 0.64148
vt 0.37416 0.57858
vt 0.39007 0.58245
vt 0.37615 0.57518
vt 0.37416 0.57858
vt 0.37615 0.57518
vt 0.37814 0.59408
vt 0.37814 0.59408
vt 0.38874 0.58924
vt 0.37416 0.57858
vt 0.39007 0.58245
vt 0.37814 0.59408
vt 0.37615 0.57518
vt 0.37416 0.57858
vt 0.38874 0.58924
vt 0.39007 0.58245
vt 0.38874 0.58924
vt 0.37814 0.59408
vt 0.39007 0.58245
vt 0.60171 0.58092
vt 0.60171 0.58092
vt 0.60171 0.56955
vt 0.37751 0.58092
vt 0.37751 0.58092
vt 0.37751 0.56955
vt 0.60171 0.58092
vt 0.60171 0.58092
vt 0.37751 0.58092
vt 0.37751 0.56955
vt 0.37751 0.56955
vt 0.60171 0.56955
vt 0.37751 0.58092
vt 0.60171 0.58092
vt 0.60171 0.56955
vt 0.60171 0.58092
vt 0.37751 0.58092
vt 0.37751 0.56955
vt 0.37751 0.58092
vt 0.37751 0.56955
vt 0.37751 0.56955
vt 0.37751 0.56955
vt 0.60171 0.56955
vt 0.60171 0.56955
vt 0.60171 0.58092
vt 0.37751 0.58092
vt 0.37751 0.58092
vt 0.37751 0.58092
vt 0.60171 0.56955
vt 0.37751 0.56955
vt 0.60171 0.58092
vt 0.60171 0.56955
vt 0.60171 0.56955
vt 0.60171 0.58092
vt 0.37751 0.56955
vt 0.60171 0.56955
f 2046/11092 2049/11093 2051/11094
f 2060/11095 2058/11096 2057/11097
f 2050/11098 2053/11099 2049/11100
f 2066/11101 2059/11102 2054/11103
f 2062/11104 2064/11105 2045/11106
f 2059/11107 2045/11108 2046/11109
f 2051/11110 2059/11111 2046/11112
f 2049/11113 2046/11114 2047/11115
f 2050/11116 2047/11117 2044/11118
f 2056/11119 2041/11120 2049/11121
f 2064/11122 2066/11123 2065/11124
f 2063/11125 2066/11126 2060/11127
f 2050/11128 2044/11129 2043/11130
f 2042/11131 2057/11132 2056/11133
f 2056/11134 2058/11135 2041/11136
f 2052/11137 2053/11138 2050/11139
f 2049/11140 2055/11141 2051/11142
f 2047/11143 2045/11144 2044/11145
f 2041/11146 2055/11147 2049/11148
f 2047/11149 2046/11150 2045/11151
f 2048/11152 2053/11153 2063/11154
f 2049/11155 2053/11156 2048/11157
f 2055/11158 2054/11159 2051/11160
f 2049/11161 2048/11162 2042/11163
f 2049/11164 2047/11165 2050/11166
f 2044/11167 2069/11168 2043/11169
f 2043/11170 2061/11171 2050/11172
f 2056/11173 2049/11174 2042/11175
f 2051/11176 2054/11177 2059/11178
f 2058/11179 2056/11180 2057/11181
f 2050/11182 2061/11183 2068/11184
f 2065/11185 2066/11186 2063/11187
f 2053/11188 2068/11189 2067/11190
f 2060/11191 2057/11192 2042/11193
f 2053/11194 2052/11195 2068/11196
f 2050/11197 2068/11198 2052/11199
f 2063/11200 2053/11201 2067/11202
f 2045/11203 2059/11204 2062/11205
f 2065/11206 2067/11207 2068/11208
f 2043/11209 2069/11210 2064/11211
f 2065/11212 2061/11213 2043/11214
f 2055/11215 2041/11216 2058/11217
f 2042/11218 2063/11219 2060/11220
f 2042/11221 2048/11222 2063/11223
f 2063/11224 2067/11225 2065/11226
f 2064/11227 2069/11228 2045/11229
f 2054/11230 2058/11231 2066/11232
f 2062/11233 2059/11234 2066/11235
f 2066/11236 2058/11237 2060/11238
f 2044/11239 2045/11240 2069/11241
f 2055/11242 2058/11243 2054/11244
f 2065/11245 2043/11246 2064/11247
f 2068/11248 2061/11249 2065/11250
f 2064/11251 2062/11252 2066/11253
f 2323/11254 2324/11255 2325/11256
f 2325/11257 2321/11258 2323/11259
f 2320/11260 2328/11261 2321/11262
f 2321/11263 2328/11264 2327/11265
f 2321/11266 2325/11267 2329/11268
f 2327/11269 2328/11270 2324/11271
f 2322/11272 2326/11273 2328/11274
f 2329/11275 2320/11276 2321/11277
f 2325/11278 2330/11279 2329/11280
f 2321/11281 2327/11282 2323/11283
f 2326/11284 2322/11285 2329/11286
f 2330/11287 2325/11288 2326/11289
f 2322/11290 2320/11291 2329/11292
f 2329/11293 2330/11294 2331/11295
f 2326/11296 2331/11297 2330/11298
f 2325/11299 2324/11300 2326/11301
f 2328/11302 2326/11303 2324/11304
f 2331/11305 2326/11306 2329/11307
f 2320/11308 2322/11309 2328/11310
f 2323/11311 2327/11312 2324/11313
f 2011/11314 2012/11315 2013/11316
f 2011/11317 2013/11318 2012/11319
f 2010/11320 2011/11321 2012/11322
f 2011/11323 2010/11324 2012/11325
f 2314/11326 2315/11327 2312/11328
f 2310/11329 2312/11330 2311/11331
f 2303/11332 2312/11333 2313/11334
f 2309/11335 2314/11336 2310/11337
f 2312/11338 2315/11339 2313/11340
f 2254/11341 2265/11342 2257/11343
f 2273/11344 2292/11345 2283/11346
f 2258/11347 2273/11348 2255/11349
f 2306/11350 2311/11351 2302/11352
f 2373/11353 2382/11354 2372/11355
f 2301/11356 2302/11357 2297/11358
f 2370/11359 2371/11360 2378/11361
f 2371/11362 2386/11363 2380/11364
f 2379/11365 2376/11366 2377/11367
f 2378/11368 2383/11369 2284/11370
f 2284/11371 2383/11372 2374/11373
f 2279/11374 2280/11375 2281/11376
f 2250/11377 2261/11378 2280/11379
f 2270/11380 2273/11381 2274/11382
f 2266/11383 2267/11384 2291/11385
f 2256/11386 2253/11387 2251/11388
f 2281/11389 2263/11390 2282/11391
f 2292/11392 2257/11393 2369/11394
f 2300/11395 2278/11396 2252/11397
f 2282/11398 2270/11399 2252/11400
f 2271/11401 2278/11402 2272/11403
f 2368/11404 2365/11405 2266/11406
f 2365/11407 2385/11408 2369/11409
f 2276/11410 2277/11411 2252/11412
f 2276/11413 2252/11414 2278/11415
f 2248/11416 2263/11417 2261/11418
f 2245/11419 2293/11420 2246/11421
f 2377/11422 2381/11423 2382/11424
f 2385/11425 2375/11426 2384/11427
f 2369/11428 2385/11429 2386/11430
f 2277/11431 2286/11432 2252/11433
f 2289/11434 2277/11435 2291/11436
f 2252/11437 2264/11438 2265/11439
f 2288/11440 2290/11441 2289/11442
f 2282/11443 2263/11444 2270/11445
f 2250/11446 2279/11447 2272/11448
f 2279/11449 2271/11450 2272/11451
f 2266/11452 2265/11453 2268/11454
f 2264/11455 2286/11456 2289/11457
f 2319/11458 2242/11459 2366/11460
f 2288/11461 2289/11462 2287/11463
f 2289/11464 2286/11465 2287/11466
f 2248/11467 2262/11468 2263/11469
f 2256/11470 2275/11471 2253/11472
f 2270/11473 2274/11474 2243/11475
f 2270/11476 2243/11477 2318/11478
f 2294/11479 2276/11480 2278/11481
f 2298/11482 2296/11483 2318/11484
f 2296/11485 2295/11486 2318/11487
f 2317/11488 2301/11489 2300/11490
f 2301/11491 2297/11492 2300/11493
f 2266/11494 2268/11495 2267/11496
f 2284/11497 2293/11498 2245/11499
f 2244/11500 2284/11501 2245/11502
f 2242/11503 2244/11504 2245/11505
f 2263/11506 2280/11507 2261/11508
f 2270/11509 2262/11510 2273/11511
f 2241/11512 2244/11513 2242/11514
f 2243/11515 2244/11516 2241/11517
f 2291/11518 2267/11519 2289/11520
f 2298/11521 2318/11522 2300/11523
f 2298/11524 2300/11525 2297/11526
f 2252/11527 2270/11528 2318/11529
f 2271/11530 2366/11531 2278/11532
f 2252/11533 2265/11534 2260/11535
f 2260/11536 2265/11537 2248/11538
f 2256/11539 2251/11540 2285/11541
f 2313/11542 2315/11543 2316/11544
f 2244/11545 2243/11546 2274/11547
f 2284/11548 2276/11549 2293/11550
f 2274/11551 2284/11552 2244/11553
f 2249/11554 2271/11555 2279/11556
f 2251/11557 2250/11558 2319/11559
f 2290/11560 2287/11561 2286/11562
f 2277/11563 2290/11564 2286/11565
f 2289/11566 2290/11567 2277/11568
f 2264/11569 2269/11570 2268/11571
f 2317/11572 2300/11573 2278/11574
f 2248/11575 2261/11576 2259/11577
f 2279/11578 2250/11579 2280/11580
f 2252/11581 2286/11582 2264/11583
f 2263/11584 2262/11585 2270/11586
f 2252/11587 2318/11588 2300/11589
f 2296/11590 2298/11591 2318/11592
f 2285/11593 2251/11594 2319/11595
f 2247/11596 2246/11597 2294/11598
f 2299/11599 2278/11600 2300/11601
f 2300/11602 2318/11603 2298/11604
f 2284/11605 2274/11606 2273/11607
f 2276/11608 2294/11609 2293/11610
f 2297/11611 2299/11612 2298/11613
f 2272/11614 2319/11615 2250/11616
f 2245/11617 2294/11618 2278/11619
f 2242/11620 2245/11621 2278/11622
f 2256/11623 2279/11624 2275/11625
f 2276/11626 2367/11627 2277/11628
f 2257/11629 2258/11630 2254/11631
f 2254/11632 2248/11633 2265/11634
f 2380/11635 2377/11636 2383/11637
f 2287/11638 2290/11639 2288/11640
f 2294/11641 2245/11642 2247/11643
f 2310/11644 2314/11645 2312/11646
f 2303/11647 2311/11648 2312/11649
f 2258/11650 2257/11651 2292/11652
f 2273/11653 2258/11654 2292/11655
f 2366/11656 2285/11657 2319/11658
f 2281/11659 2280/11660 2263/11661
f 2275/11662 2279/11663 2281/11664
f 2306/11665 2310/11666 2311/11667
f 2305/11668 2307/11669 2306/11670
f 2384/11671 2386/11672 2385/11673
f 2368/11674 2266/11675 2291/11676
f 2365/11677 2369/11678 2257/11679
f 2292/11680 2371/11681 2370/11682
f 2295/11683 2296/11684 2318/11685
f 2309/11686 2308/11687 2314/11688
f 2314/11689 2316/11690 2315/11691
f 2308/11692 2316/11693 2314/11694
f 2301/11695 2306/11696 2302/11697
f 2302/11698 2311/11699 2303/11700
f 2299/11701 2297/11702 2302/11703
f 2273/11704 2283/11705 2284/11706
f 2305/11707 2299/11708 2304/11709
f 2303/11710 2313/11711 2308/11712
f 2307/11713 2309/11714 2310/11715
f 2304/11716 2303/11717 2309/11718
f 2299/11719 2305/11720 2278/11721
f 2305/11722 2317/11723 2278/11724
f 2377/11725 2374/11726 2383/11727
f 2249/11728 2279/11729 2256/11730
f 2380/11731 2383/11732 2378/11733
f 2275/11734 2281/11735 2282/11736
f 2381/11737 2372/11738 2382/11739
f 2376/11740 2381/11741 2377/11742
f 2378/11743 2284/11744 2283/11745
f 2284/11746 2374/11747 2276/11748
f 2367/11749 2382/11750 2373/11751
f 2379/11752 2377/11753 2380/11754
f 2319/11755 2241/11756 2242/11757
f 2241/11758 2319/11759 2243/11760
f 2319/11761 2272/11762 2318/11763
f 2365/11764 2368/11765 2385/11766
f 2277/11767 2367/11768 2373/11769
f 2374/11770 2382/11771 2367/11772
f 2375/11773 2381/11774 2376/11775
f 2368/11776 2372/11777 2385/11778
f 2277/11779 2373/11780 2291/11781
f 2374/11782 2367/11783 2276/11784
f 2375/11785 2376/11786 2379/11787
f 2292/11788 2369/11789 2371/11790
f 2381/11791 2375/11792 2372/11793
f 2302/11794 2303/11795 2304/11796
f 2299/11797 2302/11798 2304/11799
f 2305/11800 2306/11801 2301/11802
f 2305/11803 2304/11804 2307/11805
f 2303/11806 2308/11807 2309/11808
f 2304/11809 2309/11810 2307/11811
f 2246/11812 2293/11813 2294/11814
f 2291/11815 2373/11816 2368/11817
f 2377/11818 2382/11819 2374/11820
f 2372/11821 2375/11822 2385/11823
f 2369/11824 2386/11825 2371/11826
f 2298/11827 2299/11828 2300/11829
f 2307/11830 2310/11831 2306/11832
f 2373/11833 2372/11834 2368/11835
f 2386/11836 2379/11837 2380/11838
f 2370/11839 2378/11840 2283/11841
f 2371/11842 2380/11843 2378/11844
f 2259/11845 2261/11846 2253/11847
f 2264/11848 2289/11849 2267/11850
f 2268/11851 2269/11852 2267/11853
f 2272/11854 2300/11855 2318/11856
f 2261/11857 2250/11858 2253/11859
f 2266/11860 2365/11861 2257/11862
f 2318/11863 2243/11864 2319/11865
f 2313/11866 2316/11867 2308/11868
f 2272/11869 2278/11870 2300/11871
f 2264/11872 2268/11873 2265/11874
f 2269/11875 2264/11876 2267/11877
f 2317/11878 2305/11879 2301/11880
f 2245/11881 2246/11882 2247/11883
f 2256/11884 2285/11885 2249/11886
f 2252/11887 2260/11888 2282/11889
f 2250/11890 2251/11891 2253/11892
f 2254/11893 2255/11894 2248/11895
f 2266/11896 2257/11897 2265/11898
f 2259/11899 2253/11900 2275/11901
f 2260/11902 2275/11903 2282/11904
f 2255/11905 2254/11906 2258/11907
f 2248/11908 2259/11909 2260/11910
f 2259/11911 2275/11912 2260/11913
f 2262/11914 2248/11915 2255/11916
f 2223/11917 2220/11918 2222/11919
f 2222/11920 2228/11921 2219/11922
f 2225/11923 2228/11924 2229/11925
f 2222/11926 2227/11927 2226/11928
f 2222/11929 2226/11930 2228/11931
f 2222/11932 2224/11933 2223/11934
f 2221/11935 2223/11936 2224/11937
f 2220/11938 2219/11939 2228/11940
f 2227/11941 2229/11942 2226/11943
f 2223/11944 2221/11945 2219/11946
f 2224/11947 2222/11948 2219/11949
f 2220/11950 2227/11951 2222/11952
f 2223/11953 2219/11954 2220/11955
f 2225/11956 2229/11957 2227/11958
f 2220/11959 2228/11960 2225/11961
f 2226/11962 2229/11963 2228/11964
f 2221/11965 2224/11966 2219/11967
f 2220/11968 2225/11969 2227/11970
f 2235/11971 2234/11972 2232/11973
f 2234/11974 2233/11975 2232/11976
f 2234/11977 2235/11978 2231/11979
f 2231/11980 2233/11981 2234/11982
f 2230/11983 2235/11984 2232/11985
f 2232/11986 2231/11987 2230/11988
f 2235/11989 2230/11990 2231/11991
f 2233/11992 2231/11993 2232/11994
f 2213/11995 2217/11996 2215/11997
f 2217/11998 2216/11999 2215/12000
f 2217/12001 2214/12002 2216/12003
f 2215/12004 2214/12005 2213/12006
f 2218/12007 2213/12008 2214/12009
f 2217/12010 2218/12011 2214/12012
f 2213/12013 2218/12014 2217/12015
f 2215/12016 2216/12017 2214/12018
f 2240/12019 2239/12020 2237/12021
f 2240/12022 2238/12023 2236/12024
f 2238/12025 2237/12026 2236/12027
f 2239/12028 2240/12029 2236/12030
f 2236/12031 2237/12032 2239/12033
f 2240/12034 2237/12035 2238/12036
f 2351/12037 2342/12038 2353/12039
f 2343/12040 2347/12041 2348/12042
f 2343/12043 2348/12044 2351/12045
f 2351/12046 2354/12047 2342/12048
f 2354/12049 2351/12050 2348/12051
f 2342/12052 2343/12053 2353/12054
f 2354/12055 2347/12056 2342/12057
f 2343/12058 2342/12059 2347/12060
f 2354/12061 2348/12062 2347/12063
f 2343/12064 2351/12065 2353/12066
f 2349/12067 2356/12068 2352/12069
f 2349/12070 2352/12071 2350/12072
f 2349/12073 2350/12074 2344/12075
f 2345/12076 2346/12077 2356/12078
f 2344/12079 2355/12080 2345/12081
f 2355/12082 2352/12083 2346/12084
f 2344/12085 2350/12086 2355/12087
f 2350/12088 2352/12089 2355/12090
f 2352/12091 2356/12092 2346/12093
f 2356/12094 2349/12095 2344/12096
f 2345/12097 2355/12098 2346/12099
f 2356/12100 2344/12101 2345/12102
f 2021/12103 2040/12104 2022/12105
f 2040/12106 2019/12107 2022/12108
f 2022/12109 2019/12110 2021/12111
f 2040/12112 2020/12113 2019/12114
f 2020/12115 2040/12116 2021/12117
f 2020/12118 2021/12119 2019/12120
f 2023/12121 2024/12122 2025/12123
f 2025/12124 2027/12125 2023/12126
f 2025/12127 2024/12128 2026/12129
f 2026/12130 2023/12131 2027/12132
f 2025/12133 2026/12134 2027/12135
f 2023/12136 2026/12137 2024/12138
f 2086/12139 2135/12140 2124/12141
f 2125/12142 2134/12143 2085/12144
f 2104/12145 2112/12146 2139/12147
f 2103/12148 2142/12149 2104/12150
f 2116/12151 2118/12152 2132/12153
f 2125/12154 2082/12155 2075/12156
f 2072/12157 2130/12158 2075/12159
f 2136/12160 2148/12161 2072/12162
f 2097/12163 2095/12164 2092/12165
f 2117/12166 2114/12167 2102/12168
f 2079/12169 2120/12170 2096/12171
f 2110/12172 2108/12173 2079/12174
f 2147/12175 2111/12176 2129/12177
f 2077/12178 2143/12179 2109/12180
f 2139/12181 2140/12182 2123/12183
f 2123/12184 2141/12185 2094/12186
f 2087/12187 2142/12188 2103/12189
f 2094/12190 2141/12191 2130/12192
f 2130/12193 2124/12194 2075/12195
f 2090/12196 2108/12197 2110/12198
f 2169/12199 2174/12200 2173/12201
f 2194/12202 2212/12203 2182/12204
f 2206/12205 2212/12206 2172/12207
f 2201/12208 2194/12209 2153/12210
f 2161/12211 2175/12212 2173/12213
f 2109/12214 2108/12215 2073/12216
f 2087/12217 2108/12218 2109/12219
f 2172/12220 2212/12221 2194/12222
f 2172/12223 2194/12224 2201/12225
f 2163/12226 2161/12227 2189/12228
f 2081/12229 2080/12230 2090/12231
f 2179/12232 2204/12233 2180/12234
f 2168/12235 2186/12236 2160/12237
f 2174/12238 2185/12239 2152/12240
f 2177/12241 2180/12242 2185/12243
f 2107/12244 2136/12245 2101/12246
f 2127/12247 2147/12248 2159/12249
f 2109/12250 2121/12251 2087/12252
f 2123/12253 2113/12254 2149/12255
f 2124/12256 2125/12257 2075/12258
f 2116/12259 2117/12260 2118/12261
f 2103/12262 2104/12263 2120/12264
f 2087/12265 2120/12266 2079/12267
f 2100/12268 2105/12269 2107/12270
f 2099/12271 2070/12272 2105/12273
f 2092/12274 2088/12275 2097/12276
f 2102/12277 2106/12278 2118/12279
f 2105/12280 2071/12281 2093/12282
f 2091/12283 2105/12284 2093/12285
f 2074/12286 2136/12287 2107/12288
f 2127/12289 2137/12290 2147/12291
f 2082/12292 2126/12293 2118/12294
f 2075/12295 2106/12296 2099/12297
f 2096/12298 2120/12299 2148/12300
f 2147/12301 2137/12302 2080/12303
f 2078/12304 2138/12305 2073/12306
f 2117/12307 2102/12308 2118/12309
f 2077/12310 2145/12311 2143/12312
f 2085/12313 2089/12314 2132/12315
f 2134/12316 2133/12317 2085/12318
f 2126/12319 2132/12320 2118/12321
f 2158/12322 2127/12323 2159/12324
f 2123/12325 2149/12326 2104/12327
f 2149/12328 2113/12329 2119/12330
f 2125/12331 2126/12332 2082/12333
f 2072/12334 2094/12335 2130/12336
f 2139/12337 2112/12338 2140/12339
f 2123/12340 2140/12341 2141/12342
f 2087/12343 2121/12344 2142/12345
f 2077/12346 2073/12347 2138/12348
f 2164/12349 2163/12350 2165/12351
f 2187/12352 2196/12353 2160/12354
f 2152/12355 2180/12356 2153/12357
f 2101/12358 2136/12359 2075/12360
f 2097/12361 2096/12362 2095/12363
f 2091/12364 2074/12365 2107/12366
f 2100/12367 2107/12368 2101/12369
f 2170/12370 2169/12371 2151/12372
f 2204/12373 2171/12374 2172/12375
f 2087/12376 2079/12377 2108/12378
f 2111/12379 2098/12380 2088/12381
f 2099/12382 2102/12383 2070/12384
f 2097/12385 2088/12386 2098/12387
f 2092/12388 2114/12389 2088/12390
f 2091/12391 2107/12392 2105/12393
f 2105/12394 2070/12395 2071/12396
f 2082/12397 2118/12398 2106/12399
f 2083/12400 2098/12401 2084/12402
f 2075/12403 2082/12404 2106/12405
f 2147/12406 2080/12407 2076/12408
f 2100/12409 2099/12410 2105/12411
f 2114/12412 2071/12413 2070/12414
f 2090/12415 2080/12416 2127/12417
f 2091/12418 2093/12419 2092/12420
f 2093/12421 2071/12422 2092/12423
f 2083/12424 2079/12425 2096/12426
f 2084/12427 2111/12428 2076/12429
f 2081/12430 2076/12431 2080/12432
f 2081/12433 2084/12434 2076/12435
f 2110/12436 2081/12437 2090/12438
f 2090/12439 2073/12440 2108/12441
f 2125/12442 2124/12443 2134/12444
f 2126/12445 2085/12446 2132/12447
f 2089/12448 2116/12449 2132/12450
f 2101/12451 2075/12452 2099/12453
f 2157/12454 2147/12455 2129/12456
f 2109/12457 2143/12458 2121/12459
f 2099/12460 2106/12461 2102/12462
f 2101/12463 2099/12464 2100/12465
f 2074/12466 2096/12467 2148/12468
f 2091/12469 2096/12470 2074/12471
f 2166/12472 2086/12473 2130/12474
f 2122/12475 2111/12476 2114/12477
f 2157/12478 2129/12479 2111/12480
f 2104/12481 2146/12482 2112/12483
f 2204/12484 2172/12485 2153/12486
f 2152/12487 2153/12488 2174/12489
f 2179/12490 2183/12491 2184/12492
f 2175/12493 2164/12494 2200/12495
f 2133/12496 2134/12497 2135/12498
f 2128/12499 2168/12500 2160/12501
f 2204/12502 2154/12503 2198/12504
f 2189/12505 2161/12506 2167/12507
f 2165/12508 2200/12509 2176/12510
f 2164/12511 2165/12512 2176/12513
f 2199/12514 2202/12515 2133/12516
f 2157/12517 2190/12518 2165/12519
f 2171/12520 2166/12521 2144/12522
f 2167/12523 2181/12524 2210/12525
f 2206/12526 2171/12527 2144/12528
f 2166/12529 2130/12530 2144/12531
f 2196/12532 2187/12533 2197/12534
f 2193/12535 2206/12536 2208/12537
f 2161/12538 2164/12539 2175/12540
f 2177/12541 2179/12542 2180/12543
f 2174/12544 2170/12545 2185/12546
f 2175/12547 2169/12548 2173/12549
f 2168/12550 2189/12551 2186/12552
f 2151/12553 2195/12554 2150/12555
f 2179/12556 2154/12557 2204/12558
f 2163/12559 2164/12560 2161/12561
f 2169/12562 2170/12563 2174/12564
f 2167/12565 2210/12566 2211/12567
f 2206/12568 2144/12569 2207/12570
f 2122/12571 2195/12572 2200/12573
f 2116/12574 2089/12575 2155/12576
f 2117/12577 2184/12578 2203/12579
f 2203/12580 2184/12581 2150/12582
f 2115/12583 2195/12584 2114/12585
f 2111/12586 2200/12587 2191/12588
f 2206/12589 2207/12590 2208/12591
f 2196/12592 2205/12593 2160/12594
f 2191/12595 2165/12596 2190/12597
f 2198/12598 2154/12599 2199/12600
f 2199/12601 2155/12602 2202/12603
f 2155/12604 2089/12605 2202/12606
f 2151/12607 2200/12608 2195/12609
f 2169/12610 2200/12611 2151/12612
f 2183/12613 2150/12614 2184/12615
f 2177/12616 2183/12617 2178/12618
f 2170/12619 2183/12620 2185/12621
f 2189/12622 2168/12623 2188/12624
f 2163/12625 2188/12626 2165/12627
f 2188/12628 2156/12629 2157/12630
f 2192/12631 2208/12632 2210/12633
f 2115/12634 2203/12635 2195/12636
f 2212/12637 2206/12638 2192/12639
f 2199/12640 2133/12641 2198/12642
f 2166/12643 2135/12644 2086/12645
f 2133/12646 2202/12647 2085/12648
f 2131/12649 2138/12650 2128/12651
f 2134/12652 2124/12653 2135/12654
f 2081/12655 2110/12656 2083/12657
f 2187/12658 2160/12659 2186/12660
f 2092/12661 2095/12662 2091/12663
f 2083/12664 2096/12665 2097/12666
f 2104/12667 2142/12668 2146/12669
f 2077/12670 2209/12671 2145/12672
f 2130/12673 2141/12674 2144/12675
f 2087/12676 2103/12677 2120/12678
f 2120/12679 2119/12680 2148/12681
f 2117/12682 2115/12683 2114/12684
f 2183/12685 2151/12686 2150/12687
f 2183/12688 2170/12689 2151/12690
f 2181/12691 2182/12692 2192/12693
f 2169/12694 2175/12695 2200/12696
f 2177/12697 2185/12698 2183/12699
f 2167/12700 2161/12701 2182/12702
f 2188/12703 2168/12704 2156/12705
f 2165/12706 2188/12707 2157/12708
f 2167/12709 2187/12710 2186/12711
f 2110/12712 2079/12713 2083/12714
f 2078/12715 2127/12716 2158/12717
f 2109/12718 2073/12719 2077/12720
f 2080/12721 2137/12722 2127/12723
f 2111/12724 2088/12725 2114/12726
f 2130/12727 2086/12728 2124/12729
f 2098/12730 2111/12731 2084/12732
f 2125/12733 2085/12734 2126/12735
f 2083/12736 2084/12737 2081/12738
f 2097/12739 2098/12740 2083/12741
f 2095/12742 2096/12743 2091/12744
f 2072/12745 2148/12746 2094/12747
f 2090/12748 2127/12749 2078/12750
f 2128/12751 2138/12752 2078/12753
f 2139/12754 2123/12755 2104/12756
f 2123/12757 2094/12758 2148/12759
f 2152/12760 2185/12761 2180/12762
f 2114/12763 2070/12764 2102/12765
f 2078/12766 2158/12767 2128/12768
f 2147/12769 2076/12770 2111/12771
f 2074/12772 2148/12773 2136/12774
f 2078/12775 2073/12776 2090/12777
f 2136/12778 2072/12779 2075/12780
f 2071/12781 2114/12782 2092/12783
f 2173/12784 2174/12785 2153/12786
f 2154/12787 2179/12788 2184/12789
f 2138/12790 2131/12791 2205/12792
f 2156/12793 2159/12794 2162/12795
f 2168/12796 2128/12797 2158/12798
f 2168/12799 2158/12800 2159/12801
f 2077/12802 2138/12803 2205/12804
f 2199/12805 2154/12806 2155/12807
f 2180/12808 2204/12809 2153/12810
f 2161/12811 2173/12812 2182/12813
f 2171/12814 2206/12815 2172/12816
f 2181/12817 2192/12818 2210/12819
f 2203/12820 2150/12821 2195/12822
f 2166/12823 2198/12824 2135/12825
f 2085/12826 2202/12827 2089/12828
f 2115/12829 2117/12830 2203/12831
f 2122/12832 2114/12833 2195/12834
f 2187/12835 2167/12836 2197/12837
f 2179/12838 2178/12839 2183/12840
f 2179/12841 2177/12842 2178/12843
f 2200/12844 2164/12845 2176/12846
f 2147/12847 2157/12848 2156/12849
f 2192/12850 2193/12851 2208/12852
f 2111/12853 2191/12854 2190/12855
f 2157/12856 2111/12857 2190/12858
f 2186/12859 2189/12860 2167/12861
f 2163/12862 2189/12863 2188/12864
f 2117/12865 2116/12866 2184/12867
f 2116/12868 2155/12869 2184/12870
f 2077/12871 2196/12872 2209/12873
f 2182/12874 2212/12875 2192/12876
f 2172/12877 2201/12878 2153/12879
f 2111/12880 2122/12881 2200/12882
f 2193/12883 2192/12884 2206/12885
f 2167/12886 2182/12887 2181/12888
f 2171/12889 2198/12890 2166/12891
f 2131/12892 2128/12893 2205/12894
f 2133/12895 2135/12896 2198/12897
f 2128/12898 2160/12899 2205/12900
f 2204/12901 2198/12902 2171/12903
f 2168/12904 2159/12905 2156/12906
f 2077/12907 2205/12908 2196/12909
f 2173/12910 2153/12911 2182/12912
f 2154/12913 2184/12914 2155/12915
f 2159/12916 2147/12917 2162/12918
f 2123/12919 2148/12920 2113/12921
f 2120/12922 2149/12923 2119/12924
f 2148/12925 2119/12926 2113/12927
f 2120/12928 2104/12929 2149/12930
f 2147/12931 2156/12932 2162/12933
f 2191/12934 2200/12935 2165/12936
f 2196/12937 2197/12938 2209/12939
f 2194/12940 2182/12941 2153/12942
f 2167/12943 2211/12944 2197/12945
f 2333/12946 2340/12947 2332/12948
f 2339/12949 2340/12950 2336/12951
f 2334/12952 2341/12953 2333/12954
f 2337/12955 2335/12956 2336/12957
f 2339/12958 2333/12959 2332/12960
f 2339/12961 2334/12962 2333/12963
f 2337/12964 2338/12965 2335/12966
f 2341/12967 2335/12968 2338/12969
f 2341/12970 2338/12971 2337/12972
f 2336/12973 2335/12974 2334/12975
f 2341/12976 2337/12977 2340/12978
f 2333/12979 2341/12980 2340/12981
f 2341/12982 2334/12983 2335/12984
f 2339/12985 2336/12986 2334/12987
f 2339/12988 2332/12989 2340/12990
f 2340/12991 2337/12992 2336/12993
f 2030/12994 2032/12995 2031/12996
f 2038/12997 2034/12998 2037/12999
f 2032/13000 2035/13001 2033/13002
f 2031/13003 2033/13004 2034/13005
f 2030/13006 2036/13007 2029/13008
f 2031/13009 2038/13010 2036/13011
f 2036/13012 2038/13013 2029/13014
f 2030/13015 2028/13016 2035/13017
f 2034/13018 2029/13019 2037/13020
f 2029/13021 2038/13022 2039/13023
f 2033/13024 2035/13025 2028/13026
f 2029/13027 2039/13028 2037/13029
f 2030/13030 2035/13031 2032/13032
f 2038/13033 2037/13034 2039/13035
f 2031/13036 2034/13037 2038/13038
f 2028/13039 2030/13040 2029/13041
f 2031/13042 2036/13043 2030/13044
f 2032/13045 2033/13046 2031/13047
f 2033/13048 2028/13049 2029/13050
f 2033/13051 2029/13052 2034/13053
f 2015/13054 2018/13055 2016/13056
f 2015/13057 2016/13058 2014/13059
f 2014/13060 2017/13061 2015/13062
f 2018/13063 2014/13064 2016/13065
f 2015/13066 2017/13067 2018/13068
f 2017/13069 2014/13070 2018/13071
f 2357/13072 2360/13073 2358/13074
f 2362/13075 2364/13076 2363/13077
f 2360/13078 2357/13079 2364/13080
f 2361/13081 2363/13082 2359/13083
f 2364/13084 2357/13085 2359/13086
f 2360/13087 2362/13088 2361/13089
f 2362/13090 2363/13091 2361/13092
f 2361/13093 2359/13094 2358/13095
f 2360/13096 2364/13097 2362/13098
f 2364/13099 2359/13100 2363/13101
f 2357/13102 2358/13103 2359/13104
f 2360/13105 2361/13106 2358/13107
