# Sniper_M82 — Pink Panic Stage 1
# muzzle -Z, up +Y, right +X, origin at the grip
mtllib pinkpanic.mtl
o Body
g Body
usemtl BodyPink
v -0.05299 0.16385 -1.92819
v -0.03921 0.17318 -1.91900
v -0.04492 0.15912 -1.92679
v -0.05978 0.14905 -1.87143
v -0.05063 0.14505 -1.91900
v -0.05063 0.14505 -1.87143
v -0.04710 0.17667 -1.91900
v -0.03921 0.17318 -1.87143
v -0.05978 0.14905 -1.91900
v -0.04111 0.16849 -2.00575
v -0.05978 0.14905 -1.95429
v -0.05063 0.14505 -1.95429
v -0.04710 0.17667 -2.00185
v -0.03921 0.17318 -1.95429
v -0.05978 0.14905 -2.00185
v -0.05063 0.14505 -2.00185
v -0.05299 0.16385 -2.01105
v -0.04111 0.16849 -2.08861
v -0.05978 0.14905 -2.03715
v -0.04873 0.14974 -2.03325
v -0.04710 0.17667 -2.08471
v -0.03921 0.17318 -2.03715
v -0.05978 0.14905 -2.08471
v -0.05063 0.14505 -2.08471
v -0.05299 0.16385 -2.09391
v -0.04111 0.16849 -2.17147
v -0.05978 0.14905 -2.12001
v -0.05063 0.14505 -2.12001
v -0.04710 0.17667 -2.16757
v -0.03921 0.17318 -2.12001
v -0.05978 0.14905 -2.16757
v -0.05063 0.14505 -2.16757
v -0.05299 0.16385 -2.17676
v -0.03921 0.17318 -2.25043
v -0.04492 0.15912 -2.25823
v -0.05978 0.14905 -2.20287
v -0.05063 0.14505 -2.25043
v -0.04873 0.14974 -2.19897
v -0.04710 0.17667 -2.20287
v -0.05978 0.14905 -2.25043
v -0.05291 0.16401 -2.25920
v -0.04111 0.16849 -2.33719
v -0.05978 0.14905 -2.28573
v -0.04873 0.14974 -2.28183
v -0.04710 0.17667 -2.33329
v -0.03921 0.17318 -2.28573
v -0.05978 0.14905 -2.33329
v -0.05063 0.14505 -2.33329
v -0.05299 0.16385 -2.34248
v -0.03921 0.17318 -2.41615
v -0.04492 0.15912 -2.42394
v -0.05978 0.14905 -2.36859
v -0.05063 0.14505 -2.41615
v -0.04873 0.14974 -2.36469
v -0.03921 0.17318 -2.36859
v -0.05824 0.15241 -2.42154
v -0.04818 0.17432 -2.42170
v -0.05299 0.16385 -2.50820
v -0.03921 0.17318 -2.49901
v -0.04301 0.16380 -2.50680
v -0.05862 0.15159 -2.44546
v -0.05063 0.14505 -2.45145
v -0.04779 0.17518 -2.44792
v -0.03921 0.17318 -2.45145
v -0.05978 0.14905 -2.49901
v -0.05063 0.14505 -2.49901
v -0.07088 0.08693 -2.61510
v -0.07114 0.12249 -0.85813
v -0.07088 0.08693 -0.01967
v -0.07088 0.08693 -0.77307
v -0.07088 0.08693 -2.59606
v -0.02856 0.08693 -2.59606
v -0.02951 0.20061 -0.01967
v -0.03611 0.20061 -2.61510
v -0.02951 0.20061 -2.61510
v -0.05808 0.12488 -0.01967
v -0.03611 0.20061 -0.01967
v -0.04710 0.17667 -2.12001
v -0.05808 0.08693 -0.01967
v -0.04301 0.16380 -2.27793
v -0.05291 0.16401 -2.27695
v -0.05299 0.16385 -2.02796
v -0.04710 0.17667 -2.03715
v -0.05299 0.16385 -1.94510
v -0.04710 0.17667 -1.95429
v -0.05133 0.16746 -1.86364
v -0.04710 0.17667 -1.87143
v -0.04710 0.17667 -2.28573
v -0.04301 0.16380 -2.02935
v -0.05299 0.16385 -2.11082
v -0.04492 0.15912 -1.86364
v -0.05556 0.15826 -1.86364
v -0.04492 0.15912 -2.11221
v -0.04301 0.16380 -2.36079
v -0.05299 0.16385 -2.35939
v -0.04492 0.15912 -1.94650
v -0.04111 0.16849 -2.19897
v -0.05299 0.16385 -2.19368
v -0.04301 0.16380 -2.44365
v -0.04682 0.15443 -2.44365
v -0.04710 0.17667 -2.36859
v -0.07088 0.12488 -0.01967
v -0.07088 0.12488 -2.61510
v 0.00096 0.20061 -0.01967
v 0.00096 0.20061 -2.61510
v -0.07088 0.08693 -0.85718
v -0.05808 0.08693 -0.77307
v 0.00096 0.08693 -0.77307
v -0.07088 0.12488 -2.59606
v -0.07088 0.08693 -1.57615
v 0.04112 0.17318 -1.91900
v 0.05490 0.16385 -1.92819
v 0.05254 0.14505 -1.87143
v 0.06169 0.14905 -1.91900
v 0.06169 0.14905 -1.87143
v 0.04112 0.17318 -1.87143
v 0.04902 0.17667 -1.91900
v 0.04683 0.15912 -1.92679
v 0.05254 0.14505 -1.91900
v 0.04112 0.17318 -2.00185
v 0.05490 0.16385 -2.01105
v 0.05254 0.14505 -2.00185
v 0.06169 0.14905 -1.95429
v 0.05254 0.14505 -1.95429
v 0.04112 0.17318 -1.95429
v 0.04902 0.17667 -2.00185
v 0.04683 0.15912 -2.00965
v 0.06169 0.14905 -2.00185
v 0.04112 0.17318 -2.08471
v 0.05490 0.16385 -2.09391
v 0.05254 0.14505 -2.08471
v 0.06169 0.14905 -2.03715
v 0.04112 0.17318 -2.03715
v 0.04902 0.17667 -2.08471
v 0.04683 0.15912 -2.09251
v 0.06169 0.14905 -2.08471
v 0.04112 0.17318 -2.16757
v 0.05254 0.14505 -2.16757
v 0.06169 0.14905 -2.12001
v 0.04112 0.17318 -2.12001
v 0.04902 0.17667 -2.16757
v 0.04683 0.15912 -2.17537
v 0.06169 0.14905 -2.16757
v 0.05490 0.16385 -2.17676
v 0.04112 0.17318 -2.25043
v 0.04493 0.16380 -2.25823
v 0.05254 0.14505 -2.25043
v 0.06169 0.14905 -2.20287
v 0.05254 0.14505 -2.20287
v 0.04902 0.17667 -2.20287
v 0.04902 0.17667 -2.25043
v 0.06169 0.14905 -2.25043
v 0.05483 0.16401 -2.25920
v 0.04112 0.17318 -2.33329
v 0.05254 0.14505 -2.33329
v 0.06101 0.15055 -2.28220
v 0.05254 0.14505 -2.28573
v 0.04112 0.17318 -2.28573
v 0.04970 0.17518 -2.33682
v 0.04683 0.15912 -2.34109
v 0.06169 0.14905 -2.33329
v 0.05747 0.15826 -2.34109
v 0.04970 0.17518 -2.41968
v 0.04302 0.16849 -2.42005
v 0.05254 0.14505 -2.41615
v 0.06169 0.14905 -2.36859
v 0.05254 0.14505 -2.36859
v 0.04112 0.17318 -2.36859
v 0.06169 0.14905 -2.41615
v 0.05747 0.15826 -2.42394
v 0.04112 0.17318 -2.49901
v 0.04493 0.16380 -2.50680
v 0.05254 0.14505 -2.49901
v 0.06169 0.14905 -2.45145
v 0.04902 0.17667 -2.45145
v 0.04902 0.17667 -2.49901
v 0.06169 0.14905 -2.49901
v 0.05490 0.16385 -2.50820
v 0.07279 0.12488 -2.61510
v 0.07279 0.08693 -0.01967
v 0.07279 0.12488 -0.77307
v 0.07279 0.08693 -0.77307
v 0.07279 0.08693 -2.61510
v 0.05999 0.08693 -2.59606
v 0.03803 0.20061 -2.61510
v 0.03142 0.20061 -0.01967
v 0.03142 0.20061 -2.61510
v 0.03803 0.20061 -0.01967
v 0.07279 0.12488 -0.01967
v -0.00000 0.08693 -0.01967
v 0.04683 0.15912 -2.27793
v 0.05064 0.14974 -2.03325
v 0.04493 0.16380 -2.02935
v 0.04683 0.15912 -1.94650
v 0.05490 0.16385 -1.94510
v 0.04112 0.17318 -2.45145
v 0.04493 0.16380 -2.44365
v 0.05324 0.16746 -1.86364
v 0.04683 0.15912 -1.86364
v 0.07279 0.12488 -2.59606
v 0.05324 0.16746 -2.27793
v 0.05490 0.16385 -2.02796
v 0.05490 0.16385 -2.11082
v 0.04493 0.16380 -2.11221
v 0.05064 0.14974 -2.11611
v 0.05490 0.16385 -2.35939
v 0.04683 0.15912 -2.36079
v 0.05747 0.15826 -1.86364
v 0.05490 0.16385 -2.19368
v 0.04683 0.15912 -2.19507
v 0.05064 0.14974 -2.44755
v 0.04112 0.17318 -2.20287
v 0.05999 0.08693 -0.77307
v -0.05808 0.08693 -1.57615
v -0.06554 0.13651 -0.87263
v -0.06230 0.14357 -1.05209
v -0.05652 0.12105 -0.85718
v -0.05543 0.15853 -1.57615
v -0.05794 0.15305 -1.57615
v -0.05118 0.13651 -1.03222
v -0.06554 0.13651 -1.03222
v -0.05118 0.13651 -0.87263
v -0.05003 0.17029 -1.12724
v -0.03568 0.17029 -1.56439
v -0.05003 0.17029 -1.56439
v -0.07088 0.12488 -1.57615
v -0.03568 0.17029 -1.12724
v -0.04107 0.15853 -1.57615
v -0.04710 0.17667 -2.25043
v -0.04710 0.17667 -2.49901
v 0.04902 0.17667 -1.87143
v 0.04902 0.17667 -1.95429
v 0.04902 0.17667 -2.03715
v 0.04902 0.17667 -2.12001
v 0.04902 0.17667 -2.28573
v 0.04902 0.17667 -2.36859
v 0.05483 0.16401 -2.44267
v -0.05761 0.30545 -1.90698
v 0.04237 0.34687 -1.90698
v -0.04756 0.37823 -1.90698
v 0.00096 0.26110 -1.90698
v 0.07161 0.30045 -1.84207
v 0.06181 0.26886 -1.84569
v 0.00096 0.41577 -1.91912
v -0.05989 0.26886 -1.84569
v -0.02831 0.25905 -1.84207
v -0.05758 0.38825 -1.84207
v -0.08510 0.32971 -1.84569
v -0.05989 0.39057 -1.84569
v 0.06181 0.39057 -1.84569
v 0.03022 0.40037 -1.84207
v -0.08182 0.32971 -1.84207
v 0.00096 0.41577 -1.84569
v 0.00096 0.26110 -1.91912
v 0.00096 0.24366 -1.91912
v 0.06181 0.39057 -1.91912
v 0.08701 0.32971 -1.91912
v 0.08701 0.32971 -1.84569
v 0.06181 0.26886 -1.91912
v 0.00096 0.24366 -1.84569
v -0.05989 0.26886 -1.91912
v -0.05989 0.39057 -1.91912
v -0.08510 0.32971 -1.91912
v 0.04947 0.28120 -1.90331
v 0.00096 0.26110 -1.90331
v -0.04756 0.28120 -1.91912
v -0.06766 0.32971 -1.91912
v 0.00096 0.39833 -1.91912
v 0.04947 0.37823 -1.91912
v 0.06957 0.32971 -1.91912
v 0.04947 0.28120 -1.91912
v -0.04756 0.37823 -1.91912
v -0.06766 0.32971 -1.90331
v 0.00096 0.39833 -1.90331
v 0.04947 0.37823 -1.90331
v 0.06957 0.32971 -1.90331
v -0.04756 0.28120 -1.90331
v -0.04756 0.37823 -1.90331
v -0.02546 0.22093 -0.88924
v 0.02322 0.21384 -0.88924
v -0.02131 0.21384 -0.88924
v 0.02737 0.22093 -0.88924
v 0.02322 0.21384 -2.54237
v 0.02737 0.22093 -2.54237
v -0.02131 0.21384 -2.54237
v -0.02546 0.22093 -2.54237
v 0.02322 0.19801 -2.54237
v -0.02131 0.19801 -0.88924
v 0.02322 0.19801 -0.88924
v -0.02131 0.19801 -2.54237
v 0.01679 0.23307 -1.69541
v 0.02748 0.22101 -1.67768
v 0.02488 0.23119 -1.67768
v -0.02614 0.22163 -1.69541
v -0.02613 0.22347 -1.67768
v -0.01487 0.23307 -1.69541
v -0.01487 0.23307 -1.67768
v 0.02846 0.22186 -1.70688
v 0.01679 0.23307 -1.72461
v 0.01679 0.23307 -1.70688
v -0.02557 0.22101 -1.72461
v -0.02613 0.22347 -1.70688
v -0.02120 0.23181 -1.72461
v -0.01487 0.23307 -1.70688
v 0.02846 0.22186 -1.73608
v 0.01679 0.23307 -1.75381
v -0.02614 0.22163 -1.75381
v -0.02613 0.22347 -1.73608
v -0.01487 0.23307 -1.75381
v -0.01487 0.23307 -1.73608
v 0.02798 0.22210 -1.78301
v 0.01679 0.23307 -1.78301
v 0.02846 0.22186 -1.76528
v 0.01679 0.23307 -1.76528
v -0.02613 0.22347 -1.76528
v -0.01487 0.23307 -1.78301
v -0.02614 0.22163 -1.78301
v 0.02805 0.22347 -1.79448
v 0.01679 0.23307 -1.81221
v -0.02557 0.22101 -1.79448
v 0.01679 0.23307 -1.79448
v -0.02138 0.23156 -1.79448
v -0.01487 0.23307 -1.81221
v -0.02607 0.22210 -1.81221
v 0.02748 0.22101 -1.82368
v 0.02805 0.22163 -1.84141
v 0.01679 0.23307 -1.84141
v 0.02401 0.23056 -1.82368
v -0.02613 0.22347 -1.82368
v -0.01487 0.23307 -1.84141
v -0.02607 0.22210 -1.84141
v -0.01487 0.23307 -1.82368
v 0.02846 0.22186 -1.85288
v 0.01679 0.23307 -1.87061
v 0.01679 0.23307 -1.85288
v -0.02607 0.22210 -1.87061
v -0.02613 0.22347 -1.85288
v -0.01487 0.23307 -1.87061
v 0.02846 0.22186 -1.88208
v 0.01679 0.23307 -1.89981
v -0.02557 0.22101 -1.89981
v -0.02613 0.22347 -1.88208
v -0.02120 0.23181 -1.89981
v -0.01487 0.23307 -1.88208
v 0.02748 0.22101 -1.92901
v 0.02805 0.22347 -1.91128
v 0.02311 0.23181 -1.92901
v 0.01679 0.23307 -1.91128
v -0.02614 0.22163 -1.92901
v -0.02349 0.23007 -1.91128
v -0.02557 0.22101 -1.91128
v -0.01487 0.23307 -1.92901
v 0.02748 0.22101 -1.94048
v 0.02805 0.22163 -1.95821
v 0.01679 0.23307 -1.95821
v -0.02613 0.22347 -1.94048
v -0.02282 0.23148 -1.95821
v -0.02557 0.22101 -1.95821
v -0.01487 0.23307 -1.94048
v 0.02748 0.22101 -1.96968
v 0.02805 0.22163 -1.98741
v 0.01679 0.23307 -1.98741
v 0.02329 0.23156 -1.96968
v -0.02613 0.22347 -1.96968
v -0.02282 0.23148 -1.98741
v -0.02557 0.22101 -1.98741
v -0.01487 0.23307 -1.96968
v 0.01679 0.23307 -2.01661
v 0.02805 0.22163 -2.01661
v 0.01679 0.23307 -1.99888
v 0.02805 0.22347 -1.99888
v -0.02607 0.22210 -2.01661
v -0.02655 0.22186 -1.99888
v -0.01487 0.23307 -2.01661
v 0.02846 0.22186 -2.02808
v 0.02798 0.22210 -2.04581
v 0.01679 0.23307 -2.04581
v -0.02614 0.22163 -2.04581
v -0.02613 0.22347 -2.02808
v -0.01487 0.23307 -2.04581
v -0.01487 0.23307 -2.02808
v 0.02748 0.22101 -2.05728
v 0.01679 0.23307 -2.07501
v 0.02488 0.23119 -2.05728
v -0.02614 0.22163 -2.07501
v -0.02613 0.22347 -2.05728
v -0.01487 0.23307 -2.07501
v -0.01487 0.23307 -2.05728
v 0.02798 0.22210 -2.10421
v 0.01679 0.23307 -2.10421
v -0.02557 0.22101 -2.08648
v 0.01679 0.23307 -2.08648
v 0.02805 0.22347 -2.08648
v -0.02614 0.22163 -2.10421
v -0.02209 0.23056 -2.08648
v -0.01487 0.23307 -2.10421
v 0.02805 0.22347 -2.11568
v 0.01679 0.23307 -2.13341
v 0.02805 0.22163 -2.13341
v 0.01679 0.23307 -2.11568
v -0.02607 0.22210 -2.13341
v -0.02655 0.22186 -2.11568
v -0.01487 0.23307 -2.13341
v -0.01487 0.23307 -2.11568
v 0.02805 0.22347 -2.14488
v 0.01679 0.23307 -2.16261
v -0.02557 0.22101 -2.14488
v 0.01679 0.23307 -2.14488
v -0.02607 0.22210 -2.16261
v -0.01487 0.23307 -2.16261
v -0.02296 0.23119 -2.14488
v 0.02805 0.22347 -2.17409
v 0.02798 0.22210 -2.19181
v 0.01679 0.23307 -2.19181
v -0.02614 0.22163 -2.19181
v 0.01679 0.23307 -2.17409
v -0.02655 0.22186 -2.17409
v -0.01487 0.23307 -2.19181
v 0.02748 0.22101 -2.20329
v 0.02798 0.22210 -2.22101
v 0.01679 0.23307 -2.22101
v 0.02401 0.23056 -2.20329
v -0.02613 0.22347 -2.20329
v -0.02614 0.22163 -2.22101
v -0.01487 0.23307 -2.22101
v -0.01487 0.23307 -2.20329
v 0.02805 0.22163 -2.25022
v 0.01679 0.23307 -2.25022
v 0.02748 0.22101 -2.23249
v -0.02613 0.22347 -2.23249
v -0.01487 0.23307 -2.25022
v -0.02607 0.22210 -2.25022
v -0.01487 0.23307 -2.23249
v 0.02805 0.22163 -2.27942
v 0.02846 0.22186 -2.26169
v 0.01679 0.23307 -2.27942
v 0.01679 0.23307 -2.26169
v -0.02557 0.22101 -2.27942
v -0.02613 0.22347 -2.26169
v -0.02297 0.22932 -2.27942
v 0.02805 0.22347 -2.29089
v 0.01679 0.23307 -2.30862
v -0.01487 0.23307 -2.30862
v 0.01679 0.23307 -2.29089
v -0.02614 0.22163 -2.30862
v -0.02557 0.22101 -2.29089
v -0.02296 0.23119 -2.29089
v 0.02805 0.22347 -2.32009
v 0.01679 0.23307 -2.33782
v -0.02557 0.22101 -2.32009
v 0.01679 0.23307 -2.32009
v -0.02607 0.22210 -2.33782
v -0.02349 0.23007 -2.32009
v -0.01487 0.23307 -2.33782
v 0.02805 0.22163 -2.36702
v 0.01679 0.23307 -2.36702
v -0.02557 0.22101 -2.34929
v 0.01679 0.23307 -2.34929
v 0.02805 0.22347 -2.34929
v -0.02209 0.23056 -2.34929
v -0.01487 0.23307 -2.36702
v -0.02607 0.22210 -2.36702
v 0.02805 0.22347 -2.37849
v 0.02798 0.22210 -2.39622
v 0.01679 0.23307 -2.39622
v -0.02557 0.22101 -2.37849
v 0.01679 0.23307 -2.37849
v -0.02614 0.22163 -2.39622
v -0.02349 0.23007 -2.37849
v -0.01487 0.23307 -2.39622
v 0.02748 0.22101 -2.40769
v 0.02798 0.22210 -2.42542
v 0.01679 0.23307 -2.42542
v 0.02329 0.23156 -2.40769
v -0.02614 0.22163 -2.42542
v -0.02613 0.22347 -2.40769
v -0.01487 0.23307 -2.42542
v -0.01487 0.23307 -2.40769
v 0.02798 0.22210 -1.69541
v 0.02805 0.22163 -1.72461
v 0.02798 0.22210 -1.75381
v 0.01679 0.23307 -1.73608
v -0.01487 0.23307 -1.76528
v 0.02805 0.22163 -1.81221
v 0.02805 0.22163 -1.87061
v -0.01487 0.23307 -1.85288
v 0.02805 0.22163 -1.89981
v 0.01679 0.23307 -1.88208
v 0.02329 0.23156 -1.94048
v -0.01487 0.23307 -1.99888
v 0.01679 0.23307 -2.02808
v 0.02798 0.22210 -2.07501
v 0.02805 0.22163 -2.16261
v -0.01487 0.23307 -2.17409
v 0.02329 0.23156 -2.23249
v -0.01487 0.23307 -2.26169
v 0.02798 0.22210 -2.30862
v 0.02805 0.22163 -2.33782
v 0.05721 -0.02470 -1.58392
v 0.05721 -0.04196 -1.50692
v 0.05721 0.05496 -1.11775
v 0.05721 0.05496 -1.07783
v 0.05721 0.05496 -1.62225
v 0.05721 -0.13818 -1.07783
v -0.03148 0.37916 -1.18208
v -0.03148 0.37916 -1.24897
v -0.03148 0.28282 -1.18208
v -0.03148 0.28282 -1.24897
v 0.02727 0.06214 -1.35910
v 0.02431 0.08677 -1.37026
v 0.02313 0.08644 -1.41202
v 0.02065 0.40375 -0.79667
v 0.02065 0.39721 -0.79290
v 0.02065 0.40549 -0.79063
v 0.02065 0.39939 -0.78913
v 0.02065 0.39939 -0.79667
v 0.02883 0.03531 -0.78733
v 0.02883 0.03531 -1.61155
v -0.01554 0.38645 -0.78346
v -0.01554 0.38856 -0.81148
v -0.01554 0.40967 -0.78346
v -0.01554 0.40967 -0.79664
v 0.04828 0.04607 -1.70983
v -0.04897 0.32971 -0.78284
v -0.03627 -0.02266 -0.98397
v -0.03627 -0.01891 -0.99047
v -0.03627 -0.01891 -0.97747
v -0.03627 -0.01140 -0.99047
v -0.03627 -0.01140 -0.97747
v -0.03627 0.01298 -0.85593
v -0.03627 -0.00765 -0.98397
v -0.03627 0.01674 -0.84943
v -0.03627 0.01674 -0.86243
v -0.03627 0.02424 -0.84943
v -0.03627 0.02424 -0.86243
v -0.03627 0.02800 -0.85593
v 0.04123 0.21136 -1.36788
v 0.04123 0.21136 -1.07280
v 0.04123 0.21136 -1.28733
v 0.04123 0.24905 -1.36788
v 0.04123 0.24905 -1.07280
v 0.04123 0.24905 -1.28733
v 0.04123 0.24905 -1.15335
v -0.05870 0.09485 -1.70983
v -0.02349 0.05918 -1.12912
v -0.02349 0.09145 -1.13168
v -0.04471 0.04211 -1.70983
v -0.02211 0.07674 -1.11775
v 0.03234 0.05921 -1.14914
v 0.03234 0.09141 -1.14914
v 0.05048 0.21852 -1.32866
v 0.05048 0.23682 -1.31809
v 0.05048 0.23682 -1.33922
v 0.05048 0.22462 -1.31809
v 0.05048 0.22462 -1.33922
v 0.05048 0.24291 -1.32866
v -0.02612 0.12600 -1.56409
v -0.02612 0.12600 -1.51655
v -0.02612 0.08502 -1.56409
v -0.02612 0.08502 -1.51655
v 0.05001 0.33003 -0.96528
v -0.01660 0.25138 -0.96847
v -0.01660 0.25138 -0.88181
v -0.01660 0.23345 -0.88181
v -0.01660 0.23329 -0.96847
v -0.01660 0.23329 -0.88181
v -0.00798 0.05317 -1.14914
v -0.00798 0.03583 -1.13081
v -0.00798 0.00274 -1.47617
v -0.00798 0.04058 -1.46206
v -0.00882 0.04985 -1.13509
v -0.00798 0.04743 -1.14267
v -0.00744 -0.00593 -1.35736
v -0.00769 -0.00111 -1.41203
v -0.00641 0.02416 -1.52387
v -0.00853 0.04786 -1.35736
v -0.00828 0.04304 -1.41203
v -0.00798 -0.00550 -1.13509
v -0.00798 -0.00840 -1.14596
v -0.00798 0.00666 -1.13161
v -0.00798 0.00554 -1.13013
v -0.00798 -0.01131 -1.13509
v -0.00798 -0.01131 -1.12912
v -0.00798 0.05324 -1.12912
v -0.04788 0.12253 -0.90077
v -0.04788 0.11879 -0.80157
v -0.04788 0.11922 -0.76076
v -0.04788 0.11918 -0.88763
v -0.04788 0.12240 -0.85832
v -0.04788 0.11905 -0.84518
v -0.04788 0.12231 -0.72894
v -0.04788 0.12171 -0.94374
v -0.04788 0.12214 -0.81470
v -0.04788 0.11895 -0.71581
v -0.04788 0.12258 -0.77390
v -0.04788 0.11835 -0.93060
v 0.03240 0.05918 -1.13210
v 0.03240 0.09145 -1.13509
v 0.03240 0.09145 -1.12912
v -0.05821 0.09556 -0.04207
v -0.05821 0.09556 -0.78733
v -0.05821 0.09556 -1.61155
v -0.05821 0.09556 -1.62334
v -0.05821 0.09556 -1.70983
v 0.02805 0.22347 -1.61928
v 0.02748 0.22101 -1.63701
v 0.02805 0.22347 -0.88927
v 0.02846 0.22186 -1.03527
v 0.02846 0.22186 -0.94767
v 0.02805 0.22347 -1.53168
v 0.02805 0.22347 -1.38567
v 0.02748 0.22101 -1.14060
v 0.02748 0.22101 -1.43260
v 0.02748 0.22101 -0.99460
v 0.02805 0.22347 -1.59008
v 0.02748 0.22101 -1.19900
v 0.02748 0.22101 -1.54941
v 0.02805 0.22347 -1.21047
v 0.02748 0.22101 -1.35647
v 0.02846 0.22186 -0.91847
v 0.02805 0.22163 -1.11140
v 0.02846 0.22186 -1.06447
v 0.02805 0.22347 -1.41487
v 0.02805 0.22347 -0.97687
v 0.02805 0.22347 -1.47328
v 0.02748 0.22568 -1.32727
v 0.02798 0.22210 -1.52021
v 0.02805 0.22347 -1.18127
v 0.02805 0.22163 -1.37420
v 0.02805 0.22347 -1.23967
v 0.02805 0.22163 -1.57861
v 0.02748 0.22568 -1.43260
v 0.02798 0.22210 -1.28660
v 0.02748 0.22568 -1.63701
v 0.02805 0.22347 -1.44408
v 0.02805 0.22347 -1.29807
v 0.02798 0.22210 -1.49100
v 0.02798 0.22210 -1.34500
v 0.02805 0.22347 -1.64848
v 0.02748 0.22568 -1.54941
v 0.02805 0.22347 -1.50248
v 0.02748 0.22568 -1.35647
v 0.02805 0.22347 -1.56088
v 0.02805 0.22347 -1.26887
v 0.02805 0.22163 -1.31580
v 0.02798 0.22210 -1.16980
v 0.02798 0.22210 -0.93620
v 0.02805 0.22163 -1.08220
v 0.02805 0.22347 -1.09367
v 0.02805 0.22347 -1.15207
v 0.02329 0.23156 -1.00607
v 0.02798 0.22210 -0.90700
v 0.02798 0.22210 -0.96540
v 0.02807 0.22152 -1.12287
v 0.02805 0.22163 -1.02380
v 0.03626 0.29441 -0.80198
v 0.03626 0.29441 -0.78284
v 0.03626 0.36502 -0.80198
v 0.03626 0.36502 -0.78284
v -0.01540 0.06385 -1.37026
v -0.01451 0.06436 -1.41203
v -0.01802 0.08777 -1.36128
v 0.01179 0.25138 -1.00130
v 0.01179 0.23329 -1.00130
v -0.06303 0.08567 -1.70983
v -0.05240 0.31245 -1.35407
v -0.05550 0.31245 -1.30239
v -0.05240 0.31245 -1.14041
v -0.05240 0.31245 -1.08550
v -0.05240 0.34554 -1.09733
v -0.05240 0.34554 -1.12858
v -0.05457 0.34554 -1.30078
v -0.04992 0.34554 -1.31207
v -0.01607 0.15324 -1.00573
v -0.01607 0.15324 -0.78982
v -0.01607 0.09426 -1.00573
v -0.01607 0.09426 -0.78982
v -0.03597 0.00539 -0.89313
v -0.03597 0.00539 -0.91816
v -0.03597 -0.01629 -0.90565
v -0.03597 0.01261 -0.90565
v -0.03597 -0.00906 -0.89313
v -0.03597 -0.00906 -0.91816
v -0.05894 0.07593 -1.70983
v 0.04438 0.31245 -1.09410
v 0.04748 0.31245 -1.12858
v 0.04748 0.31245 -1.14041
v 0.04748 0.31245 -1.31099
v 0.04748 0.31245 -1.34224
v 0.04748 0.34554 -1.09733
v 0.04748 0.34554 -1.34224
v 0.04997 0.34554 -1.12751
v 0.04748 0.34554 -1.35407
v 0.04748 0.34554 -1.29916
v 0.04531 0.34554 -1.30938
v -0.02955 0.00787 -1.13673
v -0.03342 0.03565 -1.13509
v 0.06504 0.08589 -1.70983
v 0.05949 0.38825 -1.64341
v 0.05949 0.27118 -1.64341
v -0.02154 0.06030 -1.34675
v 0.00096 0.24693 -1.70983
v -0.05646 0.12600 -1.56409
v -0.05646 0.12600 -1.51655
v -0.05646 0.12600 -1.58366
v -0.05646 0.08502 -1.56409
v -0.05646 0.08502 -1.51655
v -0.05646 0.08502 -1.47094
v -0.05646 0.08502 -1.58366
v -0.03284 0.18603 -0.84114
v -0.03284 0.26702 -0.85550
v 0.06553 0.46265 -0.80025
v 0.06553 0.45439 -0.81315
v 0.06553 0.32971 -0.78284
v 0.06553 0.32971 -0.85011
v -0.06362 0.46265 -0.80025
v -0.06362 0.45439 -0.81315
v -0.06362 0.32971 -0.78284
v -0.06362 0.32971 -0.85011
v 0.05838 0.12600 -1.56409
v 0.05838 0.12600 -1.51655
v 0.05838 0.08502 -1.56409
v 0.05677 0.08502 -1.47094
v 0.05838 0.08502 -1.58366
v -0.05758 0.27118 -1.70983
v 0.01852 0.23345 -0.88181
v 0.01852 0.25138 -0.96847
v 0.01852 0.23329 -0.96847
v 0.01852 0.23329 -0.88181
v -0.04783 0.32971 -0.96586
v 0.04979 0.12298 -0.86582
v 0.04979 0.11985 -0.74966
v 0.04979 0.11925 -0.96445
v 0.04979 0.11968 -0.83542
v 0.04979 0.12012 -0.79461
v 0.04979 0.12007 -0.92148
v 0.04979 0.12288 -0.73644
v 0.04979 0.12229 -0.95124
v 0.04979 0.12272 -0.82220
v 0.04979 0.12315 -0.78140
v 0.04979 0.11994 -0.87903
v 0.04979 0.12311 -0.90827
v -0.05758 0.38825 -1.64341
v -0.05758 0.27118 -1.64341
v 0.01128 0.01053 -1.41203
v -0.06313 0.08589 -1.70983
v -0.04557 0.31245 -1.09733
v -0.04992 0.31245 -1.12751
v -0.04216 0.31245 -1.34815
v -0.04340 0.31245 -1.30078
v -0.04805 0.31245 -1.31207
v -0.04992 0.34554 -1.35514
v -0.04557 0.34554 -1.29916
v -0.04992 0.34554 -1.14148
v -0.04557 0.34554 -1.08550
v 0.06085 0.07593 -1.70983
v 0.03789 0.00539 -0.89313
v 0.03789 0.00539 -0.91816
v 0.03789 -0.01629 -0.90565
v 0.03789 0.01261 -0.90565
v 0.03789 -0.00906 -0.89313
v 0.03789 -0.00906 -0.91816
v 0.01798 0.15324 -1.00573
v 0.01798 0.15324 -0.78982
v 0.01798 0.09426 -1.00573
v 0.01798 0.09426 -0.78982
v 0.03339 0.37916 -1.18208
v 0.03339 0.37916 -1.24897
v 0.03339 0.28282 -1.18208
v 0.03339 0.28282 -1.24897
v 0.05431 0.31245 -1.09733
v 0.05431 0.31245 -1.29916
v 0.05431 0.31245 -1.14041
v 0.05183 0.31245 -1.08443
v 0.05431 0.31245 -1.34224
v 0.05741 0.34554 -1.09410
v 0.05431 0.34554 -1.35407
v 0.05675 0.34554 -1.30170
v 0.05431 0.34554 -1.14041
v 0.04997 0.34554 -1.08443
v 0.05431 0.34554 -1.31099
v 0.06495 0.08567 -1.70983
v -0.01222 0.06587 -1.46608
v -0.01001 0.08397 -1.48239
v -0.03435 0.29441 -0.80198
v -0.03435 0.29441 -0.78284
v -0.03435 0.36502 -0.80198
v -0.03435 0.36502 -0.78284
v 0.01781 0.06760 -1.13086
v 0.01757 0.08272 -1.13140
v -0.00842 0.06788 -1.13071
v -0.00842 0.08293 -1.13217
v -0.00793 0.08247 -1.12939
v 0.03695 -0.01001 -0.89920
v 0.03695 -0.01001 -0.91208
v 0.03695 -0.07914 -0.89920
v 0.03695 -0.07914 -0.91208
v 0.03516 0.26334 -0.86778
v 0.03516 0.25100 -0.88915
v 0.03516 0.25100 -0.84640
v 0.03516 0.22632 -0.88915
v 0.03516 0.22632 -0.84640
v 0.03516 0.21398 -0.86778
v -0.02607 0.22210 -1.66621
v -0.02557 0.22101 -1.53168
v -0.02607 0.22210 -1.57861
v -0.02614 0.22163 -1.63701
v -0.02557 0.22101 -1.59008
v -0.02614 0.22163 -1.54941
v -0.02557 0.22101 -1.56088
v -0.02607 0.22210 -1.60781
v -0.02557 0.22101 -0.88927
v -0.02613 0.22347 -1.03527
v -0.02613 0.22347 -1.32727
v -0.02614 0.22163 -0.93620
v -0.02557 0.22101 -1.08220
v -0.02557 0.22101 -1.37420
v -0.02607 0.22210 -1.22820
v -0.02613 0.22347 -0.94767
v -0.02557 0.22101 -1.38567
v -0.02557 0.22101 -1.23967
v -0.02614 0.22163 -1.14060
v -0.02614 0.22163 -0.99460
v -0.02557 0.22101 -1.29807
v -0.02614 0.22163 -1.19900
v -0.02614 0.22163 -1.49100
v -0.02607 0.22210 -1.05300
v -0.02613 0.22347 -1.35647
v -0.02613 0.22347 -0.91847
v -0.02607 0.22210 -1.25740
v -0.02607 0.22210 -1.11140
v -0.02607 0.22210 -1.40340
v -0.02614 0.22163 -0.96540
v -0.02557 0.22101 -1.41487
v -0.02607 0.22210 -1.46180
v -0.02557 0.22101 -1.26887
v -0.02557 0.22101 -1.02380
v -0.02607 0.22210 -1.31580
v -0.02614 0.22163 -1.16980
v -0.02557 0.22568 -1.61928
v -0.02557 0.22568 -1.47328
v -0.02614 0.22163 -1.52021
v -0.02655 0.22186 -1.18127
v -0.02557 0.22568 -1.37420
v -0.02557 0.22568 -1.53168
v -0.02557 0.22568 -1.38567
v -0.02557 0.22568 -1.23967
v -0.02614 0.22163 -1.43260
v -0.02614 0.22163 -1.28660
v -0.02655 0.22186 -1.15207
v -0.02557 0.22568 -1.59008
v -0.02557 0.22568 -1.44408
v -0.02557 0.22568 -1.29807
v -0.02614 0.22163 -1.34500
v -0.02557 0.22568 -1.64848
v -0.02557 0.22568 -1.21047
v -0.02557 0.22568 -1.50248
v -0.02557 0.22568 -1.56088
v -0.02557 0.22568 -1.41487
v -0.02557 0.22568 -1.26887
v -0.02613 0.22347 -1.12287
v -0.02296 0.23119 -0.88927
v -0.02613 0.22347 -1.00607
v -0.02614 0.22163 -0.90700
v -0.02613 0.22347 -1.06447
v -0.02282 0.23148 -1.02380
v 0.06013 0.09556 -0.04207
v 0.06013 0.09556 -0.78733
v 0.06013 0.09556 -1.61155
v -0.02981 0.23382 -0.84114
v -0.02374 0.23382 -0.88894
v -0.02374 0.26702 -0.85550
v -0.03133 0.26702 -0.88894
v -0.02958 0.29748 -1.21570
v -0.02958 0.36414 -1.21570
v -0.02958 0.34747 -1.18684
v -0.02958 0.34747 -1.24457
v -0.02958 0.31414 -1.18684
v -0.02958 0.31414 -1.24457
v -0.04407 0.36395 -1.26233
v -0.04353 0.29836 -1.26148
v -0.04516 0.29801 -1.17127
v 0.04662 0.04211 -1.70983
v 0.06061 0.09485 -1.70983
v -0.03932 0.21136 -1.28733
v -0.03932 0.24905 -1.36788
v -0.03932 0.24905 -1.07280
v -0.03932 0.24905 -1.28733
v -0.03932 0.24905 -1.15335
v 0.03819 -0.02266 -0.98397
v 0.03819 -0.01891 -0.99047
v 0.03819 -0.01891 -0.97747
v 0.03819 -0.01140 -0.99047
v 0.03819 -0.01140 -0.97747
v 0.03819 0.01298 -0.85593
v 0.03819 -0.00765 -0.98397
v 0.03819 0.01674 -0.84943
v 0.03819 0.01674 -0.86243
v 0.03819 0.02424 -0.84943
v 0.03819 0.02424 -0.86243
v 0.03819 0.02800 -0.85593
v 0.05088 0.32971 -0.80198
v 0.05088 0.32971 -0.78284
v -0.00114 0.24940 -0.92338
v -0.00189 0.24478 -0.92753
v -0.04637 0.04607 -1.70983
v 0.04539 0.32971 -1.00192
v 0.01745 0.38645 -0.78346
v 0.01745 0.38728 -0.81129
v 0.01745 0.40967 -0.79664
v 0.01745 0.40967 -0.78346
v -0.01874 0.40375 -0.78913
v -0.01874 0.40375 -0.79667
v -0.01874 0.39765 -0.79063
v -0.01874 0.40593 -0.79290
v -0.01874 0.39939 -0.79667
v -0.02692 0.03531 -0.78733
v -0.02692 0.03531 -1.61155
v 0.00751 0.24940 -0.91628
v 0.00979 0.24477 -0.92606
v 0.06013 0.09556 -1.70983
v -0.05529 -0.02470 -1.58392
v -0.05529 -0.04196 -1.50692
v -0.05529 -0.13818 -1.07783
v -0.05529 0.05496 -1.11775
v -0.05529 0.05496 -1.07783
v -0.05529 0.05496 -1.62225
v 0.00686 0.07273 -1.52369
v 0.00726 0.07693 -1.52349
v -0.04120 -0.12986 -1.11494
v -0.04120 -0.02470 -1.58392
v -0.04120 0.05496 -1.11775
v -0.04120 0.05496 -1.62225
v 0.04310 0.07674 -1.53857
v 0.04309 0.07674 -1.62225
v -0.06467 0.07674 -1.07783
v -0.06467 0.07674 -1.53941
v -0.06467 0.07674 -1.62225
v -0.06467 0.07674 -1.11775
v -0.02744 0.23255 -0.98965
v -0.02744 0.25155 -1.00659
v 0.00440 0.02812 -1.12939
v 0.08373 0.32971 -1.70983
v 0.04662 0.28405 -0.78284
v 0.04662 0.28405 -0.85011
v 0.04662 0.42421 -0.77561
v 0.04662 0.41594 -0.78851
v 0.04662 0.37538 -0.78284
v 0.04662 0.37538 -0.85011
v 0.04662 0.50109 -0.82489
v 0.04662 0.49283 -0.83778
v -0.02110 0.01356 -1.13115
v -0.02134 0.02868 -1.13115
v 0.04986 0.13790 -1.47094
v 0.04986 0.13790 -0.96707
v -0.01858 0.24789 -0.86343
v -0.01546 0.23708 -0.98965
v 0.04728 0.07674 -1.11775
v 0.03114 0.07674 -1.07783
v 0.02403 0.07674 -1.11775
v -0.04215 0.03605 -1.70983
v -0.04215 0.03605 -1.54492
v -0.01211 0.01900 -1.52325
v -0.00491 0.24940 -0.91560
v 0.05646 -0.07914 -0.89920
v 0.05646 -0.07914 -0.91208
v 0.05646 -0.02651 -0.89920
v 0.05646 -0.02651 -0.91208
v -0.04517 0.04321 -1.70983
v 0.06509 0.08601 -1.70983
v 0.03440 0.37916 -1.24796
v 0.03440 0.28282 -1.24796
v 0.03440 0.28282 -1.18309
v -0.04851 0.05116 -1.70983
v -0.05014 0.03655 -1.53902
v -0.08182 0.32971 -1.64341
v -0.03557 0.24989 -0.86734
v -0.03557 0.24439 -0.87686
v -0.03557 0.24039 -0.85609
v -0.03557 0.22840 -0.87167
v -0.05324 0.12600 -0.96707
v -0.05324 0.08502 -1.47094
v -0.05324 0.08502 -0.96707
v -0.03283 0.36350 -0.99715
v -0.03143 0.29851 -1.00117
v -0.00612 0.40563 -0.78074
v -0.00988 0.40500 -0.79287
v -0.00966 0.42012 -0.79061
v 0.01801 0.03598 -1.34675
v 0.05570 0.43188 -1.21514
v 0.05570 0.39857 -1.21514
v -0.03358 0.08559 -0.85374
v -0.03358 0.15577 -0.72039
v -0.03358 0.15517 -0.93518
v -0.03358 0.15241 -0.70725
v -0.03358 0.15560 -0.80615
v -0.03358 0.15604 -0.76534
v -0.03358 0.08885 -0.73750
v -0.03358 0.15599 -0.89221
v -0.03358 0.15181 -0.92205
v -0.03358 0.15224 -0.79301
v -0.03358 0.15268 -0.75221
v -0.03358 0.08825 -0.95229
v -0.03358 0.08549 -0.72436
v -0.03358 0.08869 -0.82326
v -0.03358 0.08912 -0.78245
v -0.03358 0.15263 -0.87908
v -0.03358 0.08908 -0.90932
v -0.03358 0.08490 -0.93916
v -0.03358 0.08533 -0.81012
v -0.03358 0.08576 -0.76932
v -0.03358 0.15586 -0.84976
v -0.03358 0.08572 -0.89619
v -0.03358 0.15250 -0.83663
v -0.03358 0.08895 -0.86687
v 0.00871 0.01135 -1.46493
v 0.00830 0.03037 -1.46772
v -0.03386 0.03805 -0.77025
v -0.03386 0.03805 -1.07949
v -0.03386 -0.05350 -0.86720
v -0.03386 -0.05350 -1.07949
v 0.02602 0.06222 -1.13673
v 0.02737 0.08854 -1.13509
v 0.02737 0.08854 -1.14267
v -0.02423 -0.13603 -1.08740
v -0.02423 -0.10049 -1.09452
v -0.02423 -0.12986 -1.11494
v -0.02423 -0.10049 -1.11775
v 0.02558 -0.13818 -1.07783
v 0.02842 0.14948 -0.82835
v 0.02842 0.14992 -0.78754
v 0.02842 0.09311 -0.74338
v 0.02842 0.09252 -0.95817
v 0.02842 0.14987 -0.91442
v 0.02842 0.09295 -0.82914
v 0.02842 0.09338 -0.78833
v 0.02842 0.09334 -0.91520
v 0.02842 0.14974 -0.87197
v 0.02842 0.14664 -0.75567
v 0.02842 0.09612 -0.73030
v 0.02842 0.09321 -0.87275
v 0.02842 0.09552 -0.94509
v 0.02842 0.14605 -0.97046
v 0.02842 0.14648 -0.84143
v 0.02842 0.09595 -0.81606
v 0.02842 0.14691 -0.80062
v 0.02842 0.09639 -0.77525
v 0.02842 0.14687 -0.92750
v 0.02842 0.09634 -0.90212
v 0.02842 0.14965 -0.74259
v 0.02842 0.14905 -0.95738
v 0.02842 0.14674 -0.88505
v 0.02842 0.09621 -0.85967
v 0.03650 0.29535 -0.96464
v 0.03601 0.36410 -0.96538
v -0.01451 0.08593 -1.41202
v -0.02446 0.19061 -0.96707
v -0.14137 0.16187 -1.55459
v -0.14137 0.18230 -1.57836
v -0.14137 0.17354 -1.58364
v -0.14137 0.15404 -1.57330
v -0.14137 0.15404 -1.55930
v -0.06376 0.08739 -1.70983
v 0.01187 0.03243 -1.37026
v 0.01069 0.03209 -1.41202
v 0.01449 0.00851 -1.36128
v 0.03002 0.30065 -1.42321
v 0.03002 0.35878 -1.00668
v 0.03002 0.35878 -1.42321
v 0.02833 0.43188 -1.16773
v 0.02833 0.43188 -1.26255
v 0.02833 0.39857 -1.16773
v 0.02833 0.39857 -1.26255
v 0.04205 0.32971 -1.42321
v -0.03593 0.00483 -1.13210
v -0.03593 0.03711 -1.12912
v -0.02051 0.13790 -1.56409
v -0.02051 0.13790 -1.51655
v -0.03587 0.00487 -1.14914
v -0.03408 0.03541 -1.14649
v -0.02182 0.03805 -0.74935
v -0.02182 -0.05350 -0.84629
v 0.00446 0.06045 -1.13081
v 0.00446 0.04595 -1.14596
v 0.00446 0.04304 -1.13210
v 0.00446 0.10759 -1.13210
v 0.00446 0.10751 -1.14914
v 0.00446 0.09018 -1.13081
v 0.00446 0.10020 -1.13666
v 0.00446 0.04885 -1.13509
v 0.00434 0.24940 -0.92647
v 0.00429 0.24478 -0.92693
v 0.01996 0.00483 -1.12912
v 0.01996 0.03711 -1.13253
v -0.01487 0.23307 -1.61928
v -0.01487 0.23307 -1.66621
v -0.01487 0.23307 -1.52021
v -0.01487 0.23307 -1.53168
v -0.01487 0.23307 -1.57861
v -0.01487 0.23307 -1.43260
v -0.01487 0.23307 -1.59008
v -0.01487 0.23307 -1.44408
v -0.01487 0.23307 -1.49100
v -0.01487 0.23307 -1.54941
v -0.01487 0.23307 -1.50248
v -0.01487 0.23307 -1.40340
v -0.01487 0.23307 -1.56088
v -0.01487 0.23307 -1.60781
v -0.01487 0.23307 -1.46180
v -0.01487 0.23307 -1.16980
v -0.01487 0.23307 -1.03527
v -0.01487 0.23307 -1.32727
v -0.02120 0.23181 -1.08220
v -0.01487 0.23307 -1.37420
v -0.01487 0.23307 -1.22820
v -0.01487 0.23307 -0.94767
v -0.02349 0.23007 -1.09367
v -0.01487 0.23307 -1.23967
v -0.01487 0.23307 -1.14060
v -0.01487 0.23307 -0.99460
v -0.01487 0.23307 -1.28660
v -0.01487 0.23307 -1.15207
v -0.01487 0.23307 -1.00607
v -0.01487 0.23307 -1.29807
v -0.01487 0.23307 -1.19900
v -0.01487 0.23307 -1.05300
v -0.01487 0.23307 -1.34500
v -0.01487 0.23307 -0.90700
v -0.01487 0.23307 -1.21047
v -0.01487 0.23307 -1.35647
v -0.01487 0.23307 -0.91847
v -0.01487 0.23307 -1.25740
v -0.01487 0.23307 -1.11140
v -0.01487 0.23307 -1.06447
v -0.01487 0.23307 -0.96540
v -0.01487 0.23307 -1.26887
v -0.01487 0.23307 -1.31580
v 0.04686 0.04270 -1.70983
v -0.03292 0.24205 -1.00659
v -0.04374 -0.00998 -1.54492
v -0.02196 0.25138 -1.00130
v -0.02196 0.25138 -0.86030
v -0.02196 0.23329 -0.86030
v -0.02784 0.03243 -1.37026
v -0.02695 0.03158 -1.41202
v -0.03080 0.00782 -1.35919
v -0.02695 0.01002 -1.41203
v 0.02789 0.19061 -1.53717
v 0.02789 0.19061 -1.58366
v 0.06462 0.21128 -1.32886
v 0.06462 0.21128 -1.11304
v 0.06462 0.25052 -1.32886
v 0.06462 0.25052 -1.11304
v 0.06462 0.22109 -1.09605
v 0.06462 0.22109 -1.13003
v 0.06462 0.22109 -1.31187
v 0.06462 0.22109 -1.34585
v 0.06462 0.24071 -1.09605
v 0.06462 0.24071 -1.13003
v 0.06462 0.24071 -1.31187
v 0.06462 0.24071 -1.34585
v 0.04675 0.10236 -1.70983
v 0.04675 0.15524 -1.70983
v -0.02747 0.24629 -0.86343
v -0.03074 0.24652 -0.98965
v 0.06017 0.34096 -1.16085
v 0.06017 0.34096 -1.06392
v 0.06017 0.34096 -1.37563
v 0.06017 0.34096 -1.27870
v 0.06017 0.31714 -1.16085
v 0.06017 0.31714 -1.06392
v 0.06017 0.31714 -1.37563
v 0.06017 0.31714 -1.27870
v -0.05538 0.31245 -1.34446
v -0.05581 0.31245 -1.13449
v -0.05457 0.31245 -1.09572
v -0.05484 0.34554 -1.34478
v -0.05581 0.34554 -1.13449
v -0.05457 0.34554 -1.08712
v 0.05028 0.22074 -1.12006
v 0.05028 0.23682 -1.12294
v 0.05028 0.22462 -1.10181
v 0.05028 0.24117 -1.10634
v -0.04536 0.07674 -1.11775
v -0.03443 0.34096 -1.16085
v -0.03443 0.34096 -1.06392
v -0.03443 0.34096 -1.37563
v -0.03443 0.34096 -1.27870
v -0.03443 0.31714 -1.16085
v -0.03443 0.31714 -1.06392
v -0.03443 0.31714 -1.37563
v -0.03443 0.31714 -1.27870
v -0.03309 0.12375 -1.00573
v -0.03309 0.12375 -0.78982
v 0.00096 0.08073 -0.94022
v 0.00096 0.08116 -0.81119
v 0.00096 0.16281 -0.93123
v 0.00096 0.07104 -0.94270
v -0.00051 0.24940 -0.92890
v 0.00096 0.16165 -0.87677
v 0.00096 0.16486 -0.84739
v 0.00096 0.08005 -0.91156
v 0.00096 0.08159 -0.77038
v 0.00096 0.07147 -0.81367
v 0.00096 0.08474 -0.86781
v 0.00096 0.07190 -0.77286
v 0.00096 0.16570 -0.87563
v 0.00096 0.07670 -0.89849
v 0.03172 0.23382 -0.84114
v 0.02565 0.23382 -0.88894
v 0.00535 0.25138 -0.86030
v 0.00096 0.16268 -0.88878
v 0.00096 0.08203 -0.74083
v 0.00096 0.08513 -0.85713
v 0.00096 0.08042 -0.77158
v 0.00096 0.16152 -0.83433
v 0.00096 0.07386 -0.86149
v 0.00096 0.08038 -0.89846
v 0.00096 0.08186 -0.82659
v 0.00096 0.08142 -0.85481
v 0.00096 0.07741 -0.78473
v 0.00096 0.07341 -0.86385
v 0.00096 0.16476 -0.71802
v 0.00096 0.16561 -0.74626
v 0.00096 0.07736 -0.91160
v 0.00096 0.15930 -0.93398
v -0.00525 0.24477 -0.91524
v 0.00096 0.16460 -0.80378
v 0.00096 0.16503 -0.76297
v 0.00096 0.16501 -0.96105
v 0.00096 0.16544 -0.83201
v 0.00096 0.16588 -0.79121
v -0.00051 0.24478 -0.92322
v 0.00096 0.16499 -0.88984
v 0.00096 0.08503 -0.72775
v 0.00096 0.07376 -0.73212
v 0.00096 0.16903 -0.93164
v 0.00096 0.23345 -0.88181
v 0.00096 0.16259 -0.75940
v 0.00096 0.07982 -0.73974
v 0.00096 0.16142 -0.70495
v 0.00096 0.16583 -0.91808
v 0.00096 0.08212 -0.87021
v 0.00096 0.16199 -0.97420
v 0.00096 0.08293 -0.94908
v 0.00096 0.07648 -0.72667
v 0.00096 0.08487 -0.81351
v 0.00096 0.16083 -0.91974
v 0.00096 0.07317 -0.94691
v 0.00096 0.07360 -0.81788
v 0.00096 0.23329 -0.96847
v 0.00096 0.23329 -0.88181
v -0.02196 0.23329 -1.00130
v 0.00096 0.07922 -0.95453
v 0.00096 0.16242 -0.84516
v 0.00096 0.16286 -0.80436
v 0.00096 0.07966 -0.82550
v 0.00096 0.16126 -0.79071
v 0.00096 0.16169 -0.74990
v 0.00096 0.08009 -0.78469
v 0.04407 0.31245 -1.13449
v 0.04504 0.31245 -1.30170
v 0.04438 0.31245 -1.35084
v 0.04407 0.34554 -1.34815
v 0.04531 0.34554 -1.13879
v 0.04407 0.34554 -1.09142
v 0.04675 0.10236 -1.59638
v 0.04675 0.15524 -1.59638
v -0.02014 0.06014 -1.13509
v -0.01762 0.08806 -1.13637
v 0.04958 0.32965 -1.37566
v 0.04958 0.32965 -1.06452
v 0.04958 0.32965 -1.16177
v 0.04958 0.32965 -1.27841
v -0.08908 0.11191 -1.52832
v -0.08908 0.11191 -1.55123
v -0.08908 0.15404 -1.55044
v -0.03788 0.11879 -0.80157
v -0.03788 0.11922 -0.76076
v -0.03788 0.12237 -0.85819
v -0.03788 0.11918 -0.88763
v -0.03788 0.11905 -0.84518
v -0.03788 0.12227 -0.72881
v -0.03788 0.12168 -0.94361
v -0.03788 0.12211 -0.81457
v -0.03788 0.12254 -0.77376
v -0.03788 0.12250 -0.90064
v -0.03788 0.11895 -0.71581
v -0.03788 0.11835 -0.93060
v -0.03932 0.21136 -1.07280
v -0.02656 0.24905 -1.36788
v -0.02656 0.24905 -1.07280
v -0.02656 0.24905 -1.28733
v -0.02656 0.32415 -1.07280
v -0.06913 0.11191 -1.52845
v -0.06913 0.11191 -1.55131
v -0.06913 0.13648 -1.56400
v -0.06913 0.18230 -1.56542
v -0.06913 0.18230 -1.57836
v -0.06913 0.17354 -1.58364
v 0.02727 0.11360 -1.70983
v -0.01521 0.24205 -0.86343
v -0.06098 0.08078 -1.70983
v -0.09623 0.29748 -1.21570
v -0.09623 0.36414 -1.21570
v -0.09623 0.34747 -1.18684
v -0.09623 0.34747 -1.24457
v -0.09623 0.31414 -1.18684
v -0.09623 0.31414 -1.24457
v -0.01204 0.24533 -0.98965
v -0.05085 0.13790 -1.56409
v -0.05085 0.13790 -1.51655
v -0.05422 0.12978 -1.47104
v 0.00446 0.05921 -1.48022
v 0.00446 0.04897 -1.35925
v 0.00215 0.07271 -1.52400
v 0.00446 0.09492 -1.46206
v 0.00446 0.07900 -1.52330
v 0.00446 0.05239 -1.41203
v 0.00391 0.10221 -1.35736
v 0.00416 0.09739 -1.41203
v 0.00446 0.05329 -1.41219
v 0.01990 0.00487 -1.14914
v 0.01745 0.03565 -1.14598
v -0.02536 0.14399 -1.70983
v -0.03398 0.03598 -1.34675
v -0.05758 0.38825 -1.70983
v -0.03669 0.32206 -1.21514
v -0.03669 0.39735 -1.21514
v 0.02727 0.14399 -1.70983
v 0.03860 0.32206 -1.21514
v 0.03860 0.39735 -1.21514
v -0.03551 0.03605 -1.70983
v 0.04775 0.04480 -1.70983
v 0.00096 0.39942 -0.78948
v 0.01978 0.32206 -1.24774
v 0.01978 0.32206 -1.18254
v 0.01978 0.39735 -1.24774
v 0.01978 0.39735 -1.18254
v 0.03979 0.11988 -0.74952
v 0.03979 0.12298 -0.86582
v 0.03979 0.11928 -0.96432
v 0.03979 0.11971 -0.83528
v 0.03979 0.12015 -0.79448
v 0.03979 0.12010 -0.92135
v 0.03979 0.12288 -0.73644
v 0.03979 0.11997 -0.87890
v 0.03979 0.12229 -0.95124
v 0.03979 0.12272 -0.82220
v 0.03979 0.12315 -0.78140
v 0.03979 0.12311 -0.90827
v 0.06567 0.08739 -0.04207
v 0.06567 0.08739 -0.75009
v 0.06567 0.08739 -1.53313
v 0.06567 0.08739 -1.70983
v 0.06567 0.08739 -1.54492
v -0.04552 0.04404 -1.70983
v 0.05949 0.38825 -1.70983
v 0.03534 0.29527 -1.37566
v 0.03534 0.29527 -1.06452
v 0.03534 0.29527 -1.16177
v 0.03534 0.29527 -1.27841
v 0.03534 0.36404 -1.37566
v 0.03534 0.36404 -1.06452
v 0.03534 0.36404 -1.16177
v 0.03534 0.36404 -1.27841
v 0.00096 0.28193 -0.99715
v 0.00096 0.28103 -1.27841
v 0.03440 0.37916 -1.18309
v 0.00096 0.38197 -0.95846
v 0.00096 0.28103 -1.37566
v 0.00096 0.28103 -1.06452
v 0.00096 0.28103 -1.16177
v 0.00135 0.27997 -0.96415
v -0.04277 0.36397 -1.16855
v 0.00096 0.09556 -0.04207
v 0.00096 0.09556 -0.78733
v -0.03932 0.21136 -1.36788
v -0.03932 0.21136 -1.15335
v 0.00096 0.09556 -1.61155
v 0.00096 0.09556 -1.62334
v 0.00096 0.09556 -1.70983
v 0.00179 0.37468 -1.00117
v 0.00096 0.37750 -0.96739
v 0.02847 0.24905 -1.36788
v -0.02656 0.24905 -1.15335
v 0.00096 0.37964 -0.80198
v -0.02557 0.22101 -1.61928
v 0.02805 0.22163 -1.66621
v -0.02557 0.22101 -1.64848
v 0.02805 0.22163 -1.60781
v 0.00096 0.37964 -0.78284
v -0.02557 0.22101 -1.47328
v 0.02748 0.22101 -1.32727
v 0.02805 0.22163 -1.22820
v -0.02557 0.22101 -1.09367
v -0.02557 0.22101 -1.44408
v 0.02748 0.22101 -1.00607
v 0.02805 0.22163 -1.05300
v -0.02557 0.22101 -1.21047
v -0.02557 0.22101 -1.50248
v 0.02805 0.22163 -1.25740
v 0.02805 0.22163 -1.40340
v 0.02805 0.22163 -1.46180
v -0.02557 0.22101 -0.97687
v 0.00096 0.37081 -1.42321
v 0.01679 0.23307 -1.66621
v -0.01487 0.23307 -1.47328
v 0.01679 0.23307 -1.53168
v -0.01487 0.23307 -1.63701
v 0.01679 0.23307 -1.59008
v 0.01679 0.23307 -1.49100
v -0.01487 0.23307 -1.64848
v 0.01679 0.23307 -1.54941
v 0.01679 0.23307 -1.46180
v 0.01679 0.23307 -1.03527
v -0.01487 0.23307 -0.93620
v -0.01487 0.23307 -1.18127
v 0.01679 0.23307 -1.22820
v 0.01679 0.23307 -1.09367
v -0.01487 0.23307 -1.38567
v 0.01679 0.23307 -1.23967
v 0.02311 0.23181 -1.14060
v 0.02311 0.23181 -0.99460
v 0.01679 0.23307 -1.28660
v 0.02311 0.23181 -1.19900
v 0.01679 0.23307 -0.90700
v 0.01679 0.23307 -0.91847
v 0.01679 0.23307 -1.25740
v 0.01679 0.23307 -1.11140
v 0.01679 0.23307 -1.40340
v -0.01487 0.23307 -1.41487
v 0.01679 0.23307 -1.26887
v -0.01487 0.23307 -1.12287
v -0.02296 0.23119 -0.97687
v 0.00096 0.39429 -0.78284
v 0.00096 0.39429 -0.85011
v 0.00096 0.51702 -0.83510
v 0.00096 0.41250 -1.64341
v 0.00096 0.50875 -0.84799
v 0.00096 -0.10049 -1.11775
v 0.00096 0.24693 -1.64341
v -0.02656 0.32415 -1.36788
v -0.02656 0.32415 -1.28733
v -0.02656 0.32415 -1.15335
v -0.04215 0.03605 -0.04207
v -0.04215 0.03605 -1.53313
v 0.00096 0.03605 -1.54492
v 0.00096 0.05496 -1.11775
v -0.00000 0.07674 -1.07783
v -0.03249 0.28282 -1.18309
v 0.00096 0.26514 -0.78284
v 0.00096 0.26514 -0.85011
v 0.00096 0.37828 -1.37566
v 0.00096 0.37828 -1.06452
v 0.00096 0.37828 -1.16177
v 0.00096 0.37828 -1.27841
v -0.01639 0.07674 -1.08812
v 0.00096 0.07674 -1.11775
v 0.00096 0.40828 -0.76541
v 0.00096 0.28861 -1.00668
v 0.00096 0.28861 -1.42321
v 0.00096 0.27978 -0.80198
v 0.00096 0.27978 -0.78284
v 0.00096 0.40002 -0.77830
v 0.02727 0.14399 -1.59638
v 0.02727 0.11360 -1.59638
v 0.00096 0.41250 -1.70983
v 0.04743 0.04404 -1.70983
v -0.03342 0.29527 -1.37566
v -0.03342 0.29527 -1.06452
v -0.03342 0.29527 -1.16177
v -0.03342 0.29527 -1.27841
v -0.03342 0.36404 -1.37566
v -0.03342 0.36404 -1.06452
v -0.03342 0.36404 -1.16177
v -0.03342 0.36404 -1.27841
v -0.06376 0.08739 -0.04207
v -0.06376 0.08739 -0.75009
v -0.06376 0.08739 -1.53313
v -0.06376 0.08739 -1.54492
v -0.01337 0.02408 -1.51603
v -0.02427 0.03037 -1.46772
v -0.01786 0.32206 -1.24774
v -0.01786 0.32206 -1.18254
v -0.01786 0.39735 -1.24774
v -0.01786 0.39735 -1.18254
v 0.04339 -0.02500 -0.90565
v 0.04339 0.00975 -0.88559
v 0.04339 0.00975 -0.92571
v 0.04339 -0.01342 -0.88559
v 0.04339 -0.01342 -0.92571
v 0.04339 0.02133 -0.90565
v 0.02387 0.25138 -0.99046
v 0.02208 0.25138 -0.88181
v 0.02387 0.25138 -0.86030
v 0.02387 0.23329 -0.99046
v 0.02387 0.23329 -0.86030
v -0.04584 0.04480 -1.70983
v 0.00489 0.01354 -1.13100
v 0.00505 0.02812 -1.13217
v 0.00537 0.02868 -1.12912
v -0.02536 0.11360 -1.70983
v 0.00096 0.15919 -1.70983
v 0.00096 0.09841 -1.70983
v -0.04484 0.10236 -1.70983
v -0.02037 0.02812 -1.13078
v -0.02037 0.01382 -1.12939
v -0.02575 0.01071 -1.44829
v 0.05949 0.27118 -1.70983
v 0.05276 0.13790 -1.54032
v 0.05826 0.12637 -1.47119
v 0.05838 0.12600 -1.58366
v -0.04014 0.32971 -1.42321
v 0.00096 0.18168 -1.70983
v 0.00096 0.07592 -1.70983
v -0.02641 0.43188 -1.16773
v -0.02641 0.43188 -1.26255
v -0.02641 0.39857 -1.16773
v -0.02641 0.39857 -1.26255
v 0.02372 0.06453 -1.41202
v 0.04123 0.21136 -1.15335
v 0.02847 0.24905 -1.07280
v 0.02847 0.24905 -1.28733
v 0.02847 0.24905 -1.15335
v 0.02847 0.32415 -1.36788
v 0.02847 0.32415 -1.07280
v 0.02847 0.32415 -1.28733
v 0.02847 0.32415 -1.15335
v 0.06289 0.08078 -1.70983
v -0.06913 0.13648 -1.54113
v -0.05946 0.09644 -1.52055
v -0.05946 0.09644 -1.54341
v -0.04767 0.32965 -1.37566
v -0.04767 0.32965 -1.06452
v -0.04767 0.32965 -1.16177
v -0.04767 0.32965 -1.27841
v -0.02536 0.14399 -1.59638
v -0.02536 0.11360 -1.59638
v -0.04247 0.31245 -1.13718
v -0.04340 0.31245 -1.08712
v -0.04258 0.34554 -1.34446
v -0.04247 0.34554 -1.13181
v -0.04216 0.34554 -1.30508
v -0.04340 0.34554 -1.09572
v 0.00096 0.18168 -1.59638
v 0.00096 0.07592 -1.59638
v 0.00096 0.15919 -1.59638
v 0.00096 0.09841 -1.59638
v 0.03500 0.12375 -1.00573
v 0.03500 0.12375 -0.78982
v 0.03635 0.34096 -1.16085
v 0.03635 0.34096 -1.06392
v 0.03635 0.34096 -1.37563
v 0.03635 0.34096 -1.27870
v 0.03635 0.31714 -1.16085
v 0.03635 0.31714 -1.06392
v 0.03635 0.31714 -1.37563
v 0.03635 0.31714 -1.27870
v 0.05741 0.31245 -1.13181
v 0.05648 0.31245 -1.30938
v 0.05772 0.31245 -1.09142
v 0.05648 0.31245 -1.35246
v 0.05648 0.34554 -1.34385
v 0.05772 0.34554 -1.13449
v -0.05825 0.34096 -1.16085
v -0.05825 0.34096 -1.06392
v -0.05825 0.34096 -1.37563
v -0.05825 0.34096 -1.27870
v -0.05825 0.31714 -1.16085
v -0.05825 0.31714 -1.06392
v -0.05825 0.31714 -1.37563
v -0.05825 0.31714 -1.27870
v -0.02650 0.14496 -0.92380
v -0.02650 0.14539 -0.79476
v -0.02650 0.09576 -0.86499
v -0.02650 0.14583 -0.75396
v -0.02650 0.09257 -0.89444
v -0.02650 0.14898 -0.85138
v -0.02650 0.14578 -0.88083
v -0.02650 0.09244 -0.85199
v -0.02650 0.14565 -0.83838
v -0.02650 0.09567 -0.73561
v -0.02650 0.14888 -0.72201
v -0.02650 0.09507 -0.95041
v -0.02650 0.09550 -0.82137
v -0.02650 0.14828 -0.93680
v -0.02650 0.09594 -0.78057
v -0.02650 0.14872 -0.80777
v -0.02650 0.14915 -0.76696
v -0.02650 0.09589 -0.90744
v -0.02650 0.14911 -0.89383
v -0.02650 0.09234 -0.72261
v -0.02650 0.14556 -0.70901
v -0.02650 0.09175 -0.93741
v -0.02650 0.09218 -0.80837
v -0.02650 0.09261 -0.76756
v -0.00558 0.01838 -1.52369
v -0.02522 0.19061 -1.46517
v -0.02597 0.19061 -1.58366
v -0.04595 0.21852 -1.32866
v -0.04595 0.21907 -1.11718
v -0.04595 0.23682 -1.31809
v -0.04595 0.23682 -1.33922
v -0.04595 0.22462 -1.31809
v -0.04595 0.22462 -1.33922
v -0.04595 0.23238 -1.09989
v -0.04595 0.24070 -1.12006
v -0.04595 0.24291 -1.32866
v -0.10253 0.16187 -1.55459
v -0.14137 0.18230 -1.56542
v -0.08908 0.15404 -1.57330
v -0.10253 0.15404 -1.55930
v 0.04569 -0.00985 -1.53313
v 0.04561 -0.01017 -1.54492
v -0.04495 0.04270 -1.70983
v 0.01679 0.23307 -1.61928
v 0.01679 0.23307 -1.47328
v 0.01679 0.23307 -1.52021
v 0.01679 0.23307 -1.57861
v 0.01679 0.23307 -1.63701
v 0.01679 0.23307 -1.44408
v 0.01679 0.23307 -1.64848
v 0.01679 0.23307 -1.50248
v 0.01679 0.23307 -1.56088
v 0.01679 0.23307 -1.60781
v 0.01679 0.23307 -1.16980
v 0.01679 0.23307 -0.88927
v 0.01679 0.23307 -1.32727
v 0.01679 0.23307 -0.93620
v 0.01679 0.23307 -1.18127
v 0.01679 0.23307 -1.08220
v 0.01679 0.23307 -1.37420
v 0.01679 0.23307 -0.94767
v 0.01679 0.23307 -1.38567
v 0.01679 0.23307 -1.43260
v 0.01679 0.23307 -1.15207
v 0.01679 0.23307 -1.29807
v 0.01679 0.23307 -1.05300
v 0.01679 0.23307 -1.34500
v 0.01679 0.23307 -1.21047
v 0.01679 0.23307 -1.35647
v 0.01679 0.23307 -1.06447
v 0.01679 0.23307 -0.96540
v 0.01679 0.23307 -1.41487
v 0.01679 0.23307 -1.12287
v 0.01679 0.23307 -1.02380
v 0.01679 0.23307 -1.31580
v 0.01679 0.23307 -0.97687
v -0.02532 0.24789 -0.98965
v -0.02287 0.23515 -0.86343
v -0.02532 0.23621 -0.98965
v 0.04768 0.21128 -1.32886
v 0.04768 0.21128 -1.11304
v 0.04768 0.25052 -1.32886
v 0.04768 0.25052 -1.11304
v 0.04768 0.22109 -1.09605
v 0.04768 0.22109 -1.13003
v 0.04768 0.22109 -1.31187
v 0.04768 0.22109 -1.34585
v 0.04768 0.24071 -1.09605
v 0.04768 0.24071 -1.13003
v 0.04768 0.24071 -1.31187
v 0.04768 0.24071 -1.34585
v 0.03549 0.15377 -0.80234
v 0.03549 0.08922 -0.72871
v 0.03549 0.15373 -0.92921
v 0.03549 0.08863 -0.94351
v 0.03549 0.08906 -0.81447
v 0.03549 0.08949 -0.77367
v 0.03549 0.08629 -0.87130
v 0.03549 0.15654 -0.74417
v 0.03549 0.08945 -0.90054
v 0.03549 0.15594 -0.95897
v 0.03549 0.15638 -0.82993
v 0.03549 0.15681 -0.78913
v 0.03549 0.15360 -0.88676
v 0.03549 0.15677 -0.91600
v 0.03549 0.08932 -0.85809
v 0.03549 0.08619 -0.74193
v 0.03549 0.08559 -0.95672
v 0.03549 0.15664 -0.87355
v 0.03549 0.08603 -0.82769
v 0.03549 0.08646 -0.78688
v 0.03549 0.15350 -0.75739
v 0.03549 0.08641 -0.91375
v 0.03549 0.15291 -0.97218
v 0.03549 0.15334 -0.84315
v 0.04707 0.36397 -1.25977
v 0.04544 0.36362 -1.16956
v 0.04509 0.29759 -1.26223
v 0.04574 0.29838 -1.16853
v 0.03474 0.36350 -0.99715
v 0.03238 0.29829 -1.00192
v 0.03748 0.24939 -0.87167
v 0.03748 0.24439 -0.85783
v 0.03748 0.23340 -0.87686
v 0.03748 0.22840 -0.86302
v -0.02046 0.23082 -1.00659
v -0.01647 0.25155 -0.98965
v -0.01255 0.24748 -1.00659
v -0.02810 0.30065 -1.42321
v -0.02810 0.35878 -1.00668
v -0.02810 0.35878 -1.42321
v -0.01942 0.13648 -1.54114
v -0.01942 0.13648 -1.56405
v -0.01942 0.09644 -1.52055
v -0.01942 0.09644 -1.54341
v 0.01914 0.24293 -0.92117
v 0.01914 0.24617 -0.91468
v 0.01914 0.23968 -0.91468
v 0.02713 0.19061 -1.46517
v 0.02638 0.19061 -0.96707
v -0.04319 -0.01073 -1.53313
v -0.03249 0.37916 -1.24796
v -0.03249 0.37916 -1.18309
v -0.03249 0.28282 -1.24796
v -0.03458 0.29480 -0.96381
v -0.03458 0.36408 -0.96464
v 0.02614 -0.13603 -1.08740
v 0.02614 -0.10049 -1.11775
v 0.02614 -0.10049 -1.09452
v 0.02614 -0.12986 -1.11494
v 0.03463 0.05496 -1.07783
v 0.02614 -0.13818 -1.07783
v 0.03071 -0.02500 -0.90565
v 0.03071 0.00975 -0.88559
v 0.03071 0.00975 -0.92571
v 0.03071 -0.01342 -0.88559
v 0.03071 -0.01342 -0.92571
v 0.03071 0.02133 -0.90565
v -0.01820 0.24617 -0.91684
v -0.01820 0.23968 -0.92117
v -0.01820 0.23968 -0.91468
v 0.03577 0.03805 -0.77025
v 0.03577 0.03805 -1.07949
v 0.03577 -0.05350 -0.86720
v 0.03577 -0.05350 -1.07949
v 0.00451 0.24709 -0.93464
v 0.00660 0.24477 -0.91574
v 0.01684 0.06816 -1.13078
v 0.01684 0.08247 -1.12939
v 0.02373 0.03805 -0.74935
v 0.02373 -0.05350 -0.84629
v -0.00890 0.08303 -1.12912
v -0.05379 0.43188 -1.21514
v -0.05379 0.39857 -1.21514
v -0.03284 0.18603 -0.88894
v 0.02565 0.26702 -0.85550
v -0.04484 0.15524 -1.70983
v 0.01221 0.41343 -0.78737
v 0.01192 0.40550 -0.79311
v 0.02115 0.06569 -1.46493
v 0.01892 0.08397 -1.48239
v 0.05516 0.12600 -1.47094
v 0.05516 0.12600 -0.96707
v 0.05516 0.08502 -0.96707
v 0.08373 0.32971 -1.64341
v 0.05205 0.03655 -1.53902
v 0.05043 0.05116 -1.70983
v -0.04484 0.10236 -1.59638
v -0.04484 0.15524 -1.59638
v -0.06318 0.08601 -1.70983
v 0.04708 0.04321 -1.70983
v 0.06139 0.26334 -0.86778
v 0.06139 0.25100 -0.88915
v 0.06139 0.25100 -0.84640
v 0.06139 0.22632 -0.88915
v 0.06139 0.22632 -0.84640
v 0.06139 0.21398 -0.86778
v -0.00783 0.24940 -0.92970
v -0.00728 0.24477 -0.92873
v -0.04237 0.32971 -1.00350
v -0.04897 0.32971 -0.80198
v 0.03045 0.09032 -1.34675
v 0.04407 0.03605 -0.04207
v 0.04407 0.03605 -1.53313
v 0.04407 0.03605 -1.70983
v 0.04407 0.03605 -1.54492
v -0.04795 0.13790 -1.47094
v -0.02098 0.06064 -1.14598
v -0.02343 0.09141 -1.14914
v -0.04470 0.28405 -0.85011
v -0.04470 0.42421 -0.77561
v -0.04470 0.41594 -0.78851
v -0.04470 0.37538 -0.78284
v -0.04470 0.37538 -0.85011
v -0.04470 0.50109 -0.82489
v -0.04470 0.49283 -0.83778
v -0.04470 0.28405 -0.78284
v -0.08182 0.32971 -1.70983
v 0.04335 -0.01001 -0.89920
v 0.04335 -0.01001 -0.91208
v 0.03476 0.18603 -0.84114
v 0.03476 0.18603 -0.88894
v 0.03476 0.26702 -0.85550
v 0.03324 0.26702 -0.88894
v 0.06658 0.07674 -1.07783
v 0.06658 0.07674 -1.53941
v 0.06658 0.07674 -1.62225
v 0.06658 0.07674 -1.11775
v 0.01829 0.00580 -1.13509
v 0.01493 0.00774 -1.14267
v 0.01493 0.03420 -1.13509
v -0.04118 0.07674 -1.53941
v -0.04118 0.07674 -1.62225
v 0.04311 -0.12986 -1.11494
v 0.04311 -0.02470 -1.58392
v 0.04311 0.05496 -1.11775
v 0.04311 0.05496 -1.62225
v 0.04311 -0.13818 -1.07783
vt 0.40030 0.44450
vt 0.40030 0.40150
vt 0.28953 0.45244
vt 0.00000 0.34358
vt 0.00734 0.40150
vt 0.00000 0.40150
vt 1.00000 0.34358
vt 0.70972 0.34358
vt 0.70972 0.34358
vt 1.00000 0.34358
vt 0.70972 0.34358
vt 0.70972 0.34358
vt 0.70972 0.34358
vt 0.70972 0.40150
vt 0.00734 0.40150
vt 0.70972 0.34358
vt 0.67731 0.34358
vt 0.67695 0.39784
vt 0.00000 0.40150
vt 0.00000 0.51708
vt 0.00734 0.40150
vt 0.00000 0.51708
vt 0.04119 0.46097
vt 0.00734 0.40150
vt 0.70972 0.34358
vt 0.00000 0.34358
vt 0.00734 0.34358
vt 0.00734 0.40150
vt 0.04119 0.46097
vt 0.04473 0.43839
vt 0.28653 0.43839
vt 0.28953 0.45244
vt 0.40030 0.40150
vt 0.25815 0.46097
vt 0.26466 0.46097
vt 0.26820 0.43839
vt 0.28653 0.43839
vt 0.40030 0.40150
vt 0.26820 0.43839
vt 0.25460 0.43839
vt 0.25815 0.46097
vt 0.26820 0.43839
vt 0.26820 0.43839
vt 0.40030 0.40150
vt 0.25460 0.43839
vt 0.00734 0.40150
vt 0.04473 0.43839
vt 0.06536 0.44225
vt 0.16237 0.46097
vt 0.15883 0.48054
vt 0.15883 0.47521
vt 0.28953 0.45244
vt 0.28953 0.46649
vt 0.28953 0.45375
vt 0.25460 0.43839
vt 0.25815 0.46097
vt 0.25761 0.45375
vt 0.06305 0.43839
vt 0.06644 0.46122
vt 0.06456 0.43944
vt 0.19430 0.46097
vt 0.19075 0.48054
vt 0.19075 0.47521
vt 0.09852 0.46097
vt 0.09498 0.48054
vt 0.09498 0.47521
vt 0.00000 0.51708
vt 0.00000 0.51708
vt 0.00000 0.40150
vt 1.00000 0.34358
vt 1.00000 0.51708
vt 1.00000 0.51708
vt 0.00000 0.51708
vt 1.00000 0.51708
vt 1.00000 0.51708
vt 0.00000 0.34358
vt 0.00000 0.40150
vt 0.00000 0.51708
vt 0.09498 0.43839
vt 0.10504 0.46097
vt 0.10858 0.43839
vt 0.15883 0.43839
vt 0.16237 0.46097
vt 0.17243 0.43839
vt 0.14050 0.43839
vt 0.15883 0.43839
vt 0.00734 0.40150
vt 0.00734 0.40150
vt 0.09498 0.43839
vt 0.10858 0.43839
vt 0.00734 0.40150
vt 0.10858 0.43839
vt 0.12690 0.43839
vt 0.15883 0.43839
vt 0.17243 0.43839
vt 0.00734 0.40150
vt 0.14050 0.43839
vt 0.00734 0.40150
vt 0.12690 0.43839
vt 0.17243 0.43839
vt 0.19075 0.43839
vt 0.00734 0.40150
vt 0.14050 0.43839
vt 0.12690 0.43839
vt 0.13029 0.46122
vt 0.40030 0.34358
vt 0.00734 0.34358
vt 0.00734 0.34358
vt 0.67136 0.41924
vt 0.60987 0.41924
vt 0.60222 0.43002
vt 1.00000 0.40150
vt 0.67695 0.39784
vt 0.67136 0.41924
vt 0.22268 0.43839
vt 0.40030 0.40150
vt 0.20435 0.43839
vt 0.06536 0.44225
vt 0.07451 0.47695
vt 0.07458 0.44352
vt 0.25460 0.43839
vt 0.40030 0.40150
vt 0.23628 0.43839
vt 0.22622 0.46097
vt 0.23274 0.46097
vt 0.23628 0.43839
vt 0.23628 0.43839
vt 0.40030 0.40150
vt 0.22268 0.43839
vt 0.22268 0.43839
vt 0.22622 0.46097
vt 0.23628 0.43839
vt 0.19430 0.46097
vt 0.20081 0.46097
vt 0.19075 0.43839
vt 0.15883 0.43839
vt 0.16237 0.46097
vt 0.16183 0.45375
vt 0.19075 0.43839
vt 0.20081 0.46097
vt 0.20435 0.43839
vt 0.20435 0.43839
vt 0.40030 0.40150
vt 0.00734 0.40150
vt 0.00734 0.40150
vt 0.06536 0.44225
vt 0.07458 0.44352
vt 0.09498 0.43839
vt 0.09852 0.46097
vt 0.10504 0.46097
vt 0.00734 0.40150
vt 0.07458 0.44352
vt 0.09498 0.43839
vt 0.19075 0.43839
vt 0.20435 0.43839
vt 0.00734 0.40150
vt 0.16237 0.46097
vt 0.16889 0.46097
vt 0.17243 0.43839
vt 0.70972 0.40150
vt 1.00000 0.40150
vt 0.28953 0.45244
vt 0.25815 0.46097
vt 0.25460 0.48054
vt 0.25460 0.47521
vt 0.06644 0.46122
vt 0.06305 0.48054
vt 0.06305 0.47521
vt 0.28953 0.46649
vt 0.28653 0.48054
vt 0.28653 0.47521
vt 0.04119 0.46097
vt 0.00000 0.51708
vt 0.00734 0.40150
vt 0.00000 0.51708
vt 0.00000 0.40150
vt 0.00734 0.40150
vt 0.22622 0.46097
vt 0.22268 0.48054
vt 0.22268 0.47521
vt 0.04473 0.43839
vt 0.04119 0.46097
vt 0.00734 0.40150
vt 0.06305 0.43839
vt 0.04473 0.43839
vt 0.00734 0.40150
vt 0.70972 0.40150
vt 0.28953 0.45244
vt 0.28653 0.43839
vt 0.26820 0.43839
vt 0.26466 0.46097
vt 0.25815 0.46097
vt 0.70972 0.40150
vt 0.28653 0.43839
vt 0.00734 0.40150
vt 0.06305 0.43839
vt 0.00734 0.40150
vt 0.07665 0.43839
vt 0.12991 0.46649
vt 0.13712 0.46122
vt 0.14050 0.48054
vt 0.19075 0.48054
vt 0.20435 0.48054
vt 0.00000 0.51708
vt 0.16237 0.46097
vt 0.16889 0.46097
vt 0.17243 0.48054
vt 0.12690 0.48054
vt 0.12991 0.46649
vt 0.14050 0.48054
vt 0.15883 0.48054
vt 0.16237 0.46097
vt 0.17243 0.48054
vt 0.26820 0.43839
vt 0.25815 0.46097
vt 0.25460 0.43839
vt 0.15883 0.48054
vt 0.17243 0.48054
vt 0.00000 0.51708
vt 0.00000 0.51708
vt 0.12690 0.48054
vt 0.14050 0.48054
vt 0.12991 0.45375
vt 0.12826 0.44067
vt 0.12991 0.46649
vt 0.26466 0.46097
vt 0.26820 0.47521
vt 0.26520 0.45375
vt 0.22268 0.43839
vt 0.20435 0.43839
vt 0.00734 0.40150
vt 0.17243 0.43839
vt 0.16889 0.46097
vt 0.16237 0.46097
vt 0.20435 0.43839
vt 0.19075 0.43839
vt 0.00734 0.40150
vt 0.13712 0.46122
vt 0.12991 0.46649
vt 0.12826 0.44067
vt 0.17243 0.43839
vt 0.16237 0.46097
vt 0.15883 0.43839
vt 0.14050 0.43839
vt 0.13712 0.46122
vt 0.12826 0.44067
vt 0.19075 0.43839
vt 0.17243 0.43839
vt 0.00734 0.40150
vt 0.12826 0.44067
vt 0.00734 0.40150
vt 0.14050 0.43839
vt 0.17243 0.43839
vt 0.15883 0.43839
vt 0.00734 0.40150
vt 0.12991 0.46649
vt 0.12690 0.48054
vt 0.12690 0.47521
vt 0.09498 0.43839
vt 0.09852 0.46097
vt 0.09798 0.45375
vt 0.28653 0.43839
vt 0.28953 0.45244
vt 0.28953 0.45375
vt 0.19075 0.43839
vt 0.19430 0.46097
vt 0.19226 0.43944
vt 0.23628 0.43839
vt 0.22268 0.43839
vt 0.00734 0.40150
vt 0.23628 0.43839
vt 0.23274 0.46097
vt 0.22622 0.46097
vt 0.28653 0.43839
vt 0.26820 0.43839
vt 0.00734 0.40150
vt 0.23628 0.43839
vt 0.22622 0.46097
vt 0.22268 0.43839
vt 0.26820 0.43839
vt 0.25460 0.43839
vt 0.00734 0.40150
vt 0.07365 0.45244
vt 0.06644 0.46122
vt 0.06305 0.43839
vt 0.25460 0.43839
vt 0.23628 0.43839
vt 0.00734 0.40150
vt 0.20435 0.43839
vt 0.20081 0.46097
vt 0.19075 0.43839
vt 0.67136 0.41924
vt 0.67136 0.41924
vt 0.60987 0.41924
vt 0.07665 0.43839
vt 0.07365 0.45244
vt 0.06305 0.43839
vt 0.10558 0.45244
vt 0.09852 0.46097
vt 0.09498 0.43839
vt 0.07665 0.43839
vt 0.00734 0.40150
vt 0.09498 0.43839
vt 0.10858 0.43839
vt 0.10558 0.45244
vt 0.09498 0.43839
vt 0.09498 0.43839
vt 0.00734 0.40150
vt 0.10858 0.43839
vt 0.20081 0.46097
vt 0.19430 0.46097
vt 0.19075 0.43839
vt 0.10858 0.43839
vt 0.00734 0.40150
vt 0.12826 0.44067
vt 0.22622 0.46097
vt 0.22268 0.47521
vt 0.22568 0.46090
vt 0.20435 0.47521
vt 0.20081 0.46097
vt 0.20135 0.45375
vt 0.00000 0.51708
vt 1.00000 0.51708
vt 0.00000 0.51708
vt 1.00000 0.34358
vt 1.00000 0.51708
vt 1.00000 0.40150
vt 0.00000 0.51708
vt 0.14050 0.48054
vt 0.15883 0.48054
vt 0.00000 0.51708
vt 0.00000 0.51708
vt 0.00000 0.40150
vt 0.25815 0.46097
vt 0.25460 0.47521
vt 0.25761 0.45375
vt 0.12826 0.44067
vt 0.12991 0.45375
vt 0.12690 0.43228
vt 0.06644 0.46122
vt 0.06305 0.47521
vt 0.06606 0.46090
vt 0.28953 0.46649
vt 0.28653 0.47521
vt 0.28953 0.45375
vt 0.15883 0.43839
vt 0.14050 0.43839
vt 0.00734 0.40150
vt 0.12991 0.46649
vt 0.12690 0.47521
vt 0.12991 0.45375
vt 0.28653 0.43839
vt 0.26820 0.43228
vt 0.28653 0.43228
vt 0.28653 0.43228
vt 0.26820 0.43839
vt 0.28653 0.43839
vt 1.00000 0.40150
vt 1.00000 0.51708
vt 1.00000 0.51708
vt 0.20435 0.48054
vt 0.19075 0.48054
vt 0.00000 0.51708
vt 0.00000 0.51708
vt 0.00000 0.51708
vt 0.00000 0.34358
vt 1.00000 0.40150
vt 1.00000 0.34358
vt 1.00000 0.34358
vt 0.70972 0.34358
vt 1.00000 0.34358
vt 1.00000 0.34358
vt 0.70972 0.34358
vt 1.00000 0.34358
vt 1.00000 0.34358
vt 0.00734 0.40150
vt 0.40030 0.34358
vt 0.00734 0.34358
vt 0.26820 0.47521
vt 0.26466 0.46097
vt 0.26520 0.45375
vt 0.26820 0.48054
vt 0.28653 0.47521
vt 0.26820 0.47521
vt 0.28653 0.47521
vt 0.26820 0.48054
vt 0.26820 0.47521
vt 0.26520 0.45375
vt 0.26820 0.43839
vt 0.26820 0.43228
vt 0.23628 0.47521
vt 0.23274 0.46097
vt 0.23328 0.45375
vt 0.23628 0.43228
vt 0.25460 0.43839
vt 0.25460 0.43228
vt 0.25460 0.47521
vt 0.23628 0.48054
vt 0.23628 0.47521
vt 0.23328 0.45375
vt 0.23628 0.43839
vt 0.23628 0.43228
vt 1.00000 0.34358
vt 1.00000 0.40150
vt 1.00000 0.34358
vt 0.25460 0.43839
vt 0.25761 0.45375
vt 0.25460 0.43228
vt 0.06644 0.46122
vt 0.06606 0.46090
vt 0.06456 0.43944
vt 0.19430 0.46097
vt 0.19075 0.47521
vt 0.19376 0.46090
vt 0.16237 0.46097
vt 0.15883 0.47521
vt 0.16183 0.45375
vt 0.09852 0.46097
vt 0.09498 0.47521
vt 0.09798 0.45375
vt 0.00000 0.51708
vt 1.00000 0.51708
vt 0.00000 0.51708
vt 0.06536 0.44225
vt 0.04473 0.43228
vt 0.06305 0.43228
vt 0.04473 0.47521
vt 0.06441 0.47826
vt 0.06305 0.47521
vt 0.04119 0.46097
vt 0.04173 0.46090
vt 0.04473 0.43228
vt 1.00000 0.51708
vt 0.00000 0.51708
vt 0.00000 0.51708
vt 0.26820 0.43839
vt 0.26520 0.45375
vt 0.26820 0.43228
vt 0.25460 0.43839
vt 0.23628 0.43228
vt 0.25460 0.43228
vt 0.23628 0.48054
vt 0.25460 0.47521
vt 0.23478 0.46806
vt 0.67695 0.39784
vt 1.00000 0.34358
vt 0.70972 0.34358
vt 1.00000 0.34358
vt 1.00000 0.51708
vt 1.00000 0.51708
vt 1.00000 0.51708
vt 0.00000 0.51708
vt 0.00000 0.51708
vt 0.00000 0.51708
vt 0.00000 0.34358
vt 0.00000 0.34358
vt 0.67731 0.34358
vt 0.70972 0.34358
vt 0.70972 0.34358
vt 0.00000 0.40150
vt 0.00734 0.34358
vt 0.00000 0.34358
vt 0.28653 0.43839
vt 0.28953 0.45375
vt 0.28653 0.43228
vt 0.15883 0.43839
vt 0.16183 0.45375
vt 0.15883 0.43228
vt 0.10558 0.45375
vt 0.10858 0.43839
vt 0.10858 0.43228
vt 0.14050 0.47521
vt 0.13712 0.46122
vt 0.13750 0.46090
vt 0.14050 0.43228
vt 0.15883 0.43839
vt 0.15883 0.43228
vt 0.14050 0.47521
vt 0.15883 0.48054
vt 0.14050 0.48054
vt 0.10858 0.47521
vt 0.10722 0.47826
vt 0.10558 0.45375
vt 0.10858 0.43228
vt 0.12826 0.44067
vt 0.12690 0.43228
vt 0.12690 0.47521
vt 0.10722 0.47826
vt 0.10858 0.47521
vt 0.07665 0.43228
vt 0.09498 0.43839
vt 0.09498 0.43228
vt 0.09498 0.47521
vt 0.07530 0.47826
vt 0.07515 0.46806
vt 0.04473 0.47521
vt 0.04119 0.46097
vt 0.04173 0.46090
vt 0.20435 0.43228
vt 0.22268 0.43839
vt 0.22418 0.43944
vt 0.67136 0.41924
vt 0.67695 0.39784
vt 0.67136 0.41924
vt 0.57326 0.47081
vt 0.57326 0.47081
vt 0.40483 0.47081
vt 0.60222 0.43002
vt 0.60987 0.41924
vt 0.60987 0.41924
vt 0.40483 0.47081
vt 0.40483 0.47081
vt 0.40030 0.45286
vt 0.57326 0.47081
vt 0.60222 0.43002
vt 0.57326 0.47081
vt 0.04473 0.43228
vt 0.06305 0.43839
vt 0.06456 0.43944
vt 0.22268 0.47521
vt 0.20435 0.48054
vt 0.20435 0.47521
vt 0.20135 0.45375
vt 0.20435 0.43839
vt 0.20435 0.43228
vt 0.17243 0.47521
vt 0.16889 0.46097
vt 0.16943 0.45375
vt 0.17243 0.43228
vt 0.19075 0.43839
vt 0.19226 0.43944
vt 0.19075 0.47521
vt 0.17243 0.48054
vt 0.17243 0.47521
vt 0.16943 0.45375
vt 0.17243 0.43839
vt 0.17243 0.43228
vt 0.06606 0.46090
vt 0.06441 0.47826
vt 0.06536 0.44225
vt 0.28653 0.43839
vt 0.28953 0.45375
vt 0.28953 0.45244
vt 0.19075 0.43839
vt 0.19376 0.45375
vt 0.19430 0.46097
vt 0.15883 0.43839
vt 0.16033 0.43944
vt 0.16237 0.46097
vt 0.28953 0.45244
vt 0.28953 0.45375
vt 0.28953 0.46649
vt 0.25460 0.43839
vt 0.25761 0.45375
vt 0.25815 0.46097
vt 0.19430 0.46097
vt 0.19075 0.47521
vt 0.19075 0.48054
vt 0.16237 0.46097
vt 0.16033 0.46806
vt 0.15883 0.48054
vt 0.09852 0.46097
vt 0.09498 0.47521
vt 0.09498 0.48054
vt 1.00000 0.40150
vt 1.00000 0.34358
vt 1.00000 0.34358
vt 0.00000 0.34358
vt 0.00000 0.51708
vt 0.00000 0.40150
vt 0.00000 0.34358
vt 0.00734 0.34358
vt 0.00734 0.34358
vt 0.22622 0.46097
vt 0.22268 0.47521
vt 0.22268 0.48054
vt 0.04473 0.47521
vt 0.06305 0.48054
vt 0.04473 0.48054
vt 0.04173 0.46090
vt 0.04119 0.46097
vt 0.04473 0.43228
vt 1.00000 0.34358
vt 0.70972 0.40150
vt 0.70972 0.34358
vt 0.22268 0.43839
vt 0.22418 0.43944
vt 0.22622 0.46097
vt 0.22268 0.43839
vt 0.22622 0.46097
vt 0.22418 0.43944
vt 0.25815 0.46097
vt 0.25460 0.47521
vt 0.25460 0.48054
vt 0.12690 0.43839
vt 0.12841 0.43944
vt 0.13029 0.46122
vt 0.28953 0.46649
vt 0.28653 0.47521
vt 0.28653 0.48054
vt 0.13029 0.46122
vt 0.12690 0.47521
vt 0.12690 0.48054
vt 0.09498 0.43839
vt 0.09648 0.43944
vt 0.09852 0.46097
vt 0.04473 0.43839
vt 0.04119 0.46097
vt 0.04473 0.43228
vt 0.09498 0.43839
vt 0.07458 0.44352
vt 0.07665 0.43228
vt 0.07451 0.47695
vt 0.09498 0.48054
vt 0.09498 0.47521
vt 0.04119 0.46097
vt 0.04473 0.48054
vt 0.04473 0.47521
vt 0.06536 0.44225
vt 0.04473 0.43839
vt 0.04473 0.43228
vt 0.04473 0.47521
vt 0.04473 0.48054
vt 0.06441 0.47826
vt 0.67695 0.39784
vt 1.00000 0.40150
vt 1.00000 0.34358
vt 1.00000 0.51708
vt 1.00000 0.51708
vt 0.00000 0.51708
vt 1.00000 0.40150
vt 1.00000 0.40150
vt 1.00000 0.51708
vt 1.00000 0.51708
vt 1.00000 0.40150
vt 0.60222 0.43002
vt 1.00000 0.51708
vt 0.60222 0.43002
vt 0.57326 0.47081
vt 0.14050 0.43839
vt 0.13712 0.46122
vt 0.13750 0.45375
vt 0.16889 0.46097
vt 0.17243 0.48054
vt 0.17093 0.46806
vt 0.19075 0.43839
vt 0.17243 0.43839
vt 0.17243 0.43228
vt 0.17243 0.48054
vt 0.19075 0.48054
vt 0.19075 0.47521
vt 0.17243 0.43839
vt 0.16889 0.46097
vt 0.17243 0.43228
vt 0.13712 0.46122
vt 0.14050 0.48054
vt 0.14050 0.47521
vt 0.15883 0.43839
vt 0.14050 0.43839
vt 0.14050 0.43228
vt 0.14050 0.47521
vt 0.14050 0.48054
vt 0.15883 0.48054
vt 0.04473 0.48054
vt 0.04119 0.46097
vt 0.00000 0.51708
vt 0.10504 0.46097
vt 0.10858 0.48054
vt 0.10708 0.46806
vt 0.12690 0.43839
vt 0.10858 0.43839
vt 0.10858 0.43228
vt 0.10858 0.48054
vt 0.12690 0.48054
vt 0.12690 0.47521
vt 0.10858 0.43839
vt 0.10504 0.46097
vt 0.10858 0.43228
vt 0.00000 0.51708
vt 0.26820 0.48054
vt 0.25460 0.48054
vt 0.10504 0.46097
vt 0.09852 0.46097
vt 0.09498 0.48054
vt 0.10858 0.48054
vt 0.10504 0.46097
vt 0.09498 0.48054
vt 0.26820 0.48054
vt 0.26466 0.46097
vt 0.25815 0.46097
vt 0.26820 0.48054
vt 0.25815 0.46097
vt 0.25460 0.48054
vt 0.10858 0.48054
vt 0.09498 0.48054
vt 0.00000 0.51708
vt 0.12690 0.48054
vt 0.10858 0.48054
vt 0.00000 0.51708
vt 0.00000 0.51708
vt 0.25460 0.48054
vt 0.23628 0.48054
vt 0.13712 0.46122
vt 0.13029 0.46122
vt 0.14050 0.48054
vt 0.14050 0.48054
vt 0.13029 0.46122
vt 0.12690 0.48054
vt 0.06441 0.47826
vt 0.04473 0.48054
vt 0.00000 0.51708
vt 0.00000 0.51708
vt 1.00000 0.51708
vt 0.28653 0.48054
vt 1.00000 0.51708
vt 0.57326 0.47081
vt 0.28653 0.48054
vt 0.40030 0.45286
vt 0.40030 0.44450
vt 0.28953 0.45244
vt 0.40030 0.45286
vt 0.28953 0.45244
vt 0.28953 0.46649
vt 0.07451 0.47695
vt 0.06536 0.44225
vt 0.06441 0.47826
vt 0.40483 0.47081
vt 0.40030 0.45286
vt 0.28653 0.48054
vt 0.40030 0.45286
vt 0.28953 0.46649
vt 0.28653 0.48054
vt 0.07451 0.47695
vt 0.06441 0.47826
vt 0.00000 0.51708
vt 0.09498 0.48054
vt 0.07451 0.47695
vt 0.00000 0.51708
vt 0.57326 0.47081
vt 0.40483 0.47081
vt 0.28653 0.48054
vt 0.00000 0.51708
vt 0.28653 0.48054
vt 0.26820 0.48054
vt 0.40483 0.47081
vt 0.40030 0.45286
vt 0.40030 0.45286
vt 0.67695 0.39784
vt 0.67731 0.39566
vt 0.67136 0.41924
vt 0.40030 0.44450
vt 0.40030 0.45286
vt 0.40030 0.40150
vt 0.26466 0.46097
vt 0.26820 0.48054
vt 0.26820 0.47521
vt 0.28653 0.43839
vt 0.26820 0.43839
vt 0.26820 0.43228
vt 0.26820 0.43839
vt 0.26466 0.46097
vt 0.26520 0.45375
vt 0.60222 0.43002
vt 0.60987 0.41924
vt 0.57326 0.47081
vt 0.23274 0.46097
vt 0.23628 0.48054
vt 0.23478 0.46806
vt 0.25460 0.43839
vt 0.23628 0.43839
vt 0.23628 0.43228
vt 0.23628 0.48054
vt 0.25460 0.48054
vt 0.25460 0.47521
vt 0.23628 0.43839
vt 0.23274 0.46097
vt 0.23628 0.43228
vt 0.00734 0.34358
vt 0.00000 0.34358
vt 0.00734 0.34358
vt 0.09498 0.43839
vt 0.09798 0.45375
vt 0.09498 0.43228
vt 0.40030 0.34358
vt 0.00734 0.34358
vt 0.40030 0.34358
vt 0.70972 0.34358
vt 0.00734 0.34358
vt 0.70972 0.34358
vt 1.00000 0.34358
vt 0.70972 0.34358
vt 1.00000 0.34358
vt 0.70972 0.34358
vt 0.00734 0.40150
vt 0.00000 0.34358
vt 0.13029 0.46122
vt 0.13712 0.46122
vt 0.14050 0.43839
vt 0.22622 0.46097
vt 0.22568 0.46090
vt 0.22418 0.43944
vt 0.67136 0.41924
vt 0.60222 0.43002
vt 1.00000 0.40150
vt 0.67731 0.34358
vt 0.67731 0.39566
vt 0.67695 0.39784
vt 0.40030 0.45286
vt 0.40030 0.45286
vt 0.40030 0.44450
vt 0.67136 0.41924
vt 0.60987 0.41924
vt 0.60987 0.41924
vt 0.57326 0.47081
vt 0.40483 0.47081
vt 0.40483 0.47081
vt 0.40030 0.40150
vt 0.40030 0.45286
vt 0.40030 0.34358
vt 0.07451 0.47695
vt 0.09498 0.47521
vt 0.07665 0.47521
vt 0.12690 0.43839
vt 0.10858 0.43228
vt 0.12841 0.43944
vt 0.10858 0.48054
vt 0.12690 0.47521
vt 0.10708 0.46806
vt 0.26820 0.48054
vt 0.28653 0.48054
vt 0.28653 0.47521
vt 0.10504 0.46097
vt 0.10708 0.46806
vt 0.10858 0.43228
vt 0.07451 0.47695
vt 0.07665 0.47521
vt 0.07365 0.45375
vt 0.09498 0.43839
vt 0.07665 0.43228
vt 0.09648 0.43944
vt 0.14050 0.43839
vt 0.13750 0.45375
vt 0.14050 0.43228
vt 0.07458 0.44352
vt 0.07365 0.45375
vt 0.07665 0.43228
vt 0.07458 0.44352
vt 0.07451 0.47695
vt 0.07365 0.45375
vt 0.04119 0.46097
vt 0.04473 0.47521
vt 0.04173 0.46090
vt 0.20081 0.46097
vt 0.20435 0.48054
vt 0.20285 0.46806
vt 0.22268 0.43839
vt 0.20435 0.43839
vt 0.20435 0.43228
vt 0.20435 0.48054
vt 0.22268 0.48054
vt 0.22268 0.47521
vt 0.20435 0.43839
vt 0.20081 0.46097
vt 0.20435 0.43228
vt 0.19430 0.46097
vt 0.19376 0.46090
vt 0.19226 0.43944
vt 0.23274 0.46097
vt 0.23478 0.46806
vt 0.23628 0.43228
vt 0.22268 0.43839
vt 0.20435 0.43228
vt 0.22418 0.43944
vt 0.20435 0.48054
vt 0.22268 0.47521
vt 0.20285 0.46806
vt 0.20081 0.46097
vt 0.20285 0.46806
vt 0.20435 0.43228
vt 0.17243 0.48054
vt 0.19075 0.48054
vt 0.00000 0.51708
vt 0.19075 0.43839
vt 0.17243 0.43228
vt 0.19075 0.43228
vt 0.17243 0.48054
vt 0.19075 0.47521
vt 0.17093 0.46806
vt 0.16889 0.46097
vt 0.17093 0.46806
vt 0.17243 0.43228
vt 0.13712 0.46122
vt 0.14050 0.47521
vt 0.13750 0.45375
vt 0.15883 0.43839
vt 0.14050 0.43228
vt 0.16033 0.43944
vt 0.14050 0.47521
vt 0.15883 0.48054
vt 0.16033 0.46806
vt 0.10558 0.45375
vt 0.10558 0.45244
vt 0.10858 0.43839
vt 0.14050 0.47521
vt 0.14050 0.48054
vt 0.13712 0.46122
vt 0.14050 0.43228
vt 0.14050 0.43839
vt 0.15883 0.43839
vt 0.14050 0.47521
vt 0.15883 0.47521
vt 0.15883 0.48054
vt 0.14050 0.43228
vt 0.13712 0.46122
vt 0.14050 0.43839
vt 0.13712 0.46122
vt 0.14050 0.43228
vt 0.13750 0.46090
vt 0.10858 0.43228
vt 0.10858 0.43839
vt 0.12826 0.44067
vt 0.12690 0.47521
vt 0.12690 0.48054
vt 0.10722 0.47826
vt 0.16943 0.45375
vt 0.16889 0.46097
vt 0.17243 0.43839
vt 0.10558 0.45375
vt 0.10722 0.47826
vt 0.10558 0.45244
vt 0.07665 0.43228
vt 0.07665 0.43839
vt 0.09498 0.43839
vt 0.09498 0.47521
vt 0.09498 0.48054
vt 0.07530 0.47826
vt 0.07665 0.43228
vt 0.07365 0.45244
vt 0.07665 0.43839
vt 0.07365 0.45244
vt 0.07665 0.43228
vt 0.07515 0.46806
vt 0.07515 0.46806
vt 0.07530 0.47826
vt 0.07365 0.45244
vt 0.04473 0.47521
vt 0.04473 0.48054
vt 0.04119 0.46097
vt 0.04473 0.43228
vt 0.04473 0.43839
vt 0.06305 0.43839
vt 0.04473 0.47521
vt 0.06305 0.47521
vt 0.06305 0.48054
vt 0.23328 0.45375
vt 0.23274 0.46097
vt 0.23628 0.43839
vt 0.70972 0.34358
vt 0.70972 0.34358
vt 1.00000 0.34358
vt 0.00734 0.40150
vt 0.40030 0.40150
vt 0.40030 0.34358
vt 0.26820 0.47521
vt 0.26820 0.48054
vt 0.26466 0.46097
vt 0.28653 0.43228
vt 0.26820 0.43228
vt 0.26820 0.43839
vt 0.28653 0.47521
vt 0.28653 0.48054
vt 0.26820 0.48054
vt 0.26520 0.45375
vt 0.26466 0.46097
vt 0.26820 0.43839
vt 0.23628 0.47521
vt 0.23628 0.48054
vt 0.23274 0.46097
vt 0.23628 0.43228
vt 0.23628 0.43839
vt 0.25460 0.43839
vt 0.25460 0.47521
vt 0.25460 0.48054
vt 0.23628 0.48054
vt 0.04473 0.43228
vt 0.04119 0.46097
vt 0.04473 0.43839
vt 0.20435 0.47521
vt 0.20435 0.48054
vt 0.20081 0.46097
vt 0.20435 0.43228
vt 0.20435 0.43839
vt 0.22268 0.43839
vt 0.22268 0.47521
vt 0.22268 0.48054
vt 0.20435 0.48054
vt 0.20135 0.45375
vt 0.20081 0.46097
vt 0.20435 0.43839
vt 0.17243 0.47521
vt 0.17243 0.48054
vt 0.16889 0.46097
vt 0.17243 0.43228
vt 0.17243 0.43839
vt 0.19075 0.43839
vt 0.19075 0.47521
vt 0.19075 0.48054
vt 0.17243 0.48054
vt 0.09498 0.48054
vt 0.09852 0.46097
vt 0.10722 0.47826
vt 0.06305 0.48054
vt 0.07530 0.47826
vt 0.00000 0.51708
vt 0.25460 0.48054
vt 0.26820 0.48054
vt 0.00000 0.51708
vt 0.22622 0.46097
vt 0.23274 0.46097
vt 0.23628 0.48054
vt 0.00000 0.51708
vt 0.07530 0.47826
vt 0.09498 0.48054
vt 0.22268 0.48054
vt 0.22622 0.46097
vt 0.23628 0.48054
vt 0.20435 0.48054
vt 0.22268 0.48054
vt 0.00000 0.51708
vt 0.23628 0.48054
vt 0.25460 0.48054
vt 0.00000 0.51708
vt 0.09852 0.46097
vt 0.10558 0.45244
vt 0.10722 0.47826
vt 0.22268 0.48054
vt 0.23628 0.48054
vt 0.00000 0.51708
vt 0.19430 0.46097
vt 0.20081 0.46097
vt 0.19075 0.48054
vt 0.09498 0.48054
vt 0.10722 0.47826
vt 0.00000 0.51708
vt 0.19075 0.48054
vt 0.20081 0.46097
vt 0.20435 0.48054
vt 0.00000 0.51708
vt 0.10722 0.47826
vt 0.12690 0.48054
vt 0.28653 0.48054
vt 0.28953 0.46649
vt 1.00000 0.51708
vt 1.00000 0.34358
vt 1.00000 0.40150
vt 0.70972 0.40150
vt 0.00000 0.51708
vt 1.00000 0.51708
vt 1.00000 0.51708
vt 1.00000 0.34358
vt 1.00000 0.51708
vt 1.00000 0.51708
vt 0.28953 0.45244
vt 1.00000 0.40150
vt 1.00000 0.51708
vt 0.00000 0.51708
vt 0.04119 0.46097
vt 0.04473 0.48054
vt 0.00000 0.51708
vt 0.04473 0.48054
vt 0.06305 0.48054
vt 0.28953 0.46649
vt 0.28953 0.45244
vt 1.00000 0.51708
vt 0.70972 0.34358
vt 0.70972 0.34358
vt 1.00000 0.34358
vt 1.00000 0.51708
vt 0.00000 0.51708
vt 0.28653 0.48054
vt 0.26820 0.48054
vt 0.28653 0.48054
vt 0.00000 0.51708
vt 0.25815 0.46097
vt 0.26466 0.46097
vt 0.26820 0.48054
vt 0.06305 0.48054
vt 0.06644 0.46122
vt 0.07530 0.47826
vt 0.06644 0.46122
vt 0.07365 0.45244
vt 0.07530 0.47826
vt 0.25460 0.48054
vt 0.25815 0.46097
vt 0.26820 0.48054
vt 0.23628 0.48054
vt 0.23274 0.46097
vt 0.22622 0.46097
vt 0.12841 0.43944
vt 0.12991 0.46090
vt 0.13029 0.46122
vt 0.22622 0.46097
vt 0.22568 0.46090
vt 0.22268 0.47521
vt 0.25815 0.46097
vt 0.25761 0.45375
vt 0.25460 0.47521
vt 0.06441 0.47826
vt 0.06606 0.46090
vt 0.06305 0.47521
vt 0.13029 0.46122
vt 0.12991 0.46090
vt 0.12690 0.47521
vt 0.22622 0.46097
vt 0.22418 0.43944
vt 0.22568 0.46090
vt 0.28653 0.43839
vt 0.28653 0.43228
vt 0.28953 0.45375
vt 0.19075 0.43839
vt 0.19075 0.43228
vt 0.19376 0.45375
vt 0.23628 0.48054
vt 0.22622 0.46097
vt 0.22268 0.48054
vt 0.14050 0.48054
vt 0.12690 0.48054
vt 0.00000 0.51708
vt 0.15883 0.48054
vt 0.14050 0.48054
vt 0.00000 0.51708
vt 0.00000 0.51708
vt 0.23628 0.48054
vt 0.22268 0.48054
vt 0.00000 0.51708
vt 0.22268 0.48054
vt 0.20435 0.48054
vt 0.28953 0.46649
vt 0.28953 0.45375
vt 0.28653 0.47521
vt 0.16889 0.46097
vt 0.16237 0.46097
vt 0.17243 0.48054
vt 0.17243 0.48054
vt 0.16237 0.46097
vt 0.15883 0.48054
vt 0.20435 0.48054
vt 0.20081 0.46097
vt 0.19075 0.48054
vt 0.19075 0.48054
vt 0.17243 0.48054
vt 0.00000 0.51708
vt 0.20081 0.46097
vt 0.19430 0.46097
vt 0.19075 0.48054
vt 0.17243 0.48054
vt 0.15883 0.48054
vt 0.00000 0.51708
vt 0.09852 0.46097
vt 0.09798 0.46090
vt 0.09498 0.47521
vt 0.00000 0.40150
vt 0.00734 0.40150
vt 0.00734 0.34358
vt 0.00000 0.34358
vt 0.00000 0.34358
vt 0.00734 0.34358
vt 1.00000 0.51708
vt 1.00000 0.51708
vt 0.00000 0.51708
vt 1.00000 0.34358
vt 1.00000 0.40150
vt 1.00000 0.51708
vt 0.00000 0.34358
vt 0.00000 0.51708
vt 0.00000 0.51708
vt 1.00000 0.40150
vt 1.00000 0.40150
vt 1.00000 0.34358
vt 0.09852 0.46097
vt 0.09648 0.43944
vt 0.09798 0.46090
vt 0.19430 0.46097
vt 0.19376 0.45375
vt 0.19075 0.47521
vt 0.25460 0.43839
vt 0.25460 0.43228
vt 0.25761 0.45375
vt 0.16237 0.46097
vt 0.16033 0.43944
vt 0.16033 0.46806
vt 0.06606 0.44659
vt 0.06606 0.46090
vt 0.06536 0.44225
vt 0.06536 0.44225
vt 0.06305 0.43228
vt 0.06606 0.44659
vt 0.26815 0.62125
vt 0.26815 0.60940
vt 0.26815 0.64007
vt 0.26815 0.71412
vt 0.26815 0.64007
vt 0.26815 0.62125
vt 0.26815 0.80700
vt 0.26815 0.81885
vt 0.26815 0.78818
vt 0.26815 0.71412
vt 0.26815 0.78818
vt 0.26815 0.80700
vt 0.26815 0.60940
vt 0.26815 0.64007
vt 0.27425 0.64007
vt 0.29784 0.60628
vt 0.29645 0.62125
vt 0.29645 0.71412
vt 0.29645 0.62125
vt 0.26815 0.62125
vt 0.29645 0.71412
vt 0.26815 0.71412
vt 0.26815 0.78818
vt 0.26815 0.71412
vt 0.26815 0.80700
vt 0.26815 0.81885
vt 0.26815 0.84547
vt 0.29645 0.84547
vt 0.26815 0.84547
vt 0.26815 0.80700
vt 0.29645 0.62125
vt 0.26815 0.62125
vt 0.29645 0.58278
vt 0.26815 0.71412
vt 0.26815 0.80700
vt 0.26815 0.78818
vt 0.26815 0.71412
vt 0.26815 0.71412
vt 0.26815 0.64007
vt 0.26815 0.71412
vt 0.26815 0.71412
vt 0.26815 0.78818
vt 0.26815 0.78818
vt 0.26815 0.81885
vt 0.27425 0.81885
vt 0.29645 0.71412
vt 0.26815 0.71412
vt 0.26815 0.62125
vt 0.29784 0.82197
vt 0.29645 0.80700
vt 0.29645 0.71412
vt 0.29645 0.80700
vt 0.26815 0.80700
vt 0.29645 0.71412
vt 0.26815 0.62125
vt 0.26815 0.64007
vt 0.26815 0.60940
vt 0.26815 0.80700
vt 0.26815 0.78818
vt 0.26815 0.81885
vt 0.26815 0.71412
vt 0.26815 0.62125
vt 0.26815 0.64007
vt 0.26815 0.64007
vt 0.27425 0.71412
vt 0.26815 0.71412
vt 0.26815 0.78818
vt 0.27425 0.81885
vt 0.26815 0.81885
vt 0.29645 0.80700
vt 0.26815 0.80700
vt 0.26815 0.84547
vt 0.29784 0.60628
vt 0.29645 0.58278
vt 0.29645 0.62125
vt 0.29784 0.80347
vt 0.29784 0.71412
vt 0.29645 0.71412
vt 0.29645 0.58278
vt 0.26815 0.62125
vt 0.29645 0.62125
vt 0.29784 0.60628
vt 0.29784 0.66945
vt 0.29645 0.62125
vt 0.29784 0.82197
vt 0.29645 0.84547
vt 0.29645 0.80700
vt 0.29784 0.60628
vt 0.29645 0.71412
vt 0.29784 0.71412
vt 0.29784 0.60628
vt 0.29645 0.62125
vt 0.29645 0.58278
vt 0.29784 0.82197
vt 0.29645 0.80700
vt 0.29645 0.84547
vt 0.29784 0.80347
vt 0.29645 0.71412
vt 0.29645 0.80700
vt 0.29645 0.71412
vt 0.26815 0.80700
vt 0.29645 0.80700
vt 0.29784 0.66945
vt 0.29645 0.71412
vt 0.29645 0.62125
vt 0.26815 0.62125
vt 0.26815 0.60940
vt 0.26815 0.58278
vt 0.26815 0.80700
vt 0.26815 0.71412
vt 0.29645 0.71412
vt 0.26815 0.60940
vt 0.27425 0.64007
vt 0.27425 0.60940
vt 0.26815 0.71412
vt 0.26815 0.64007
vt 0.26815 0.71412
vt 0.26815 0.62125
vt 0.26815 0.58278
vt 0.29645 0.58278
vt 0.29784 0.82197
vt 0.29645 0.71412
vt 0.29784 0.66945
vt 0.26815 0.71412
vt 0.27425 0.64007
vt 0.26815 0.64007
vt 0.26815 0.60940
vt 0.27425 0.64007
vt 0.26815 0.64007
vt 0.26815 0.71412
vt 0.27425 0.78818
vt 0.26815 0.78818
vt 0.26815 0.78818
vt 0.27425 0.81885
vt 0.27425 0.78818
vt 0.29645 0.84547
vt 0.26815 0.80700
vt 0.29645 0.80700
vt 0.29645 0.71412
vt 0.26815 0.62125
vt 0.26815 0.71412
vt 0.29645 0.71412
vt 0.26815 0.62125
vt 0.29645 0.62125
vt 0.29645 0.80700
vt 0.26815 0.84547
vt 0.29645 0.84547
vt 0.26815 0.71412
vt 0.27425 0.78818
vt 0.27425 0.71412
vt 0.26815 0.71412
vt 0.27425 0.71412
vt 0.27425 0.64007
vt 0.26815 0.71412
vt 0.26815 0.78818
vt 0.27425 0.78818
vt 0.29645 0.58278
vt 0.26815 0.58278
vt 0.26815 0.62125
vt 0.29645 0.71412
vt 0.26815 0.71412
vt 0.26815 0.80700
vt 0.26815 0.71412
vt 0.27425 0.71412
vt 0.27425 0.78818
vt 0.26815 0.80700
vt 0.26815 0.84547
vt 0.26815 0.81885
vt 0.26815 0.78818
vt 0.27425 0.78818
vt 0.27425 0.81885
vt 0.26815 0.64007
vt 0.27425 0.64007
vt 0.27425 0.71412
vt 0.26815 0.60940
vt 0.27425 0.60940
vt 0.27425 0.64007
vt 0.26815 0.62125
vt 0.26815 0.58278
vt 0.26815 0.60940
vt 0.29784 0.82197
vt 0.29784 0.80347
vt 0.29645 0.80700
vt 0.36118 0.55197
vt 0.36118 0.56662
vt 0.36118 0.54822
vt 0.35435 0.54988
vt 0.35435 0.54916
vt 0.36118 0.54822
vt 0.36118 0.55197
vt 0.35435 0.56662
vt 0.36118 0.56662
vt 0.36118 0.54822
vt 0.35435 0.54916
vt 0.36118 0.55197
vt 0.35435 0.56662
vt 0.35435 0.56662
vt 0.35435 0.54916
vt 0.36118 0.56375
vt 0.35435 0.54988
vt 0.36118 0.54822
vt 0.36118 0.56375
vt 0.35435 0.56662
vt 0.35435 0.56662
vt 0.35435 0.56662
vt 0.35435 0.54988
vt 0.36118 0.56375
vt 0.35435 0.56662
vt 0.36118 0.56375
vt 0.36118 0.56662
vt 0.36118 0.56375
vt 0.36118 0.54822
vt 0.36118 0.56662
vt 0.36118 0.55197
vt 0.35435 0.54916
vt 0.35435 0.56662
vt 0.35435 0.54988
vt 0.35435 0.56662
vt 0.35435 0.54916
vt 0.34310 0.56662
vt 0.34310 0.54916
vt 0.34993 0.54951
vt 0.34993 0.55197
vt 0.34993 0.56662
vt 0.34993 0.54951
vt 0.34310 0.56469
vt 0.34993 0.56662
vt 0.34993 0.56662
vt 0.34993 0.54951
vt 0.34310 0.54822
vt 0.34993 0.55197
vt 0.34310 0.56469
vt 0.34310 0.54822
vt 0.34310 0.54916
vt 0.34993 0.56662
vt 0.34993 0.54951
vt 0.34993 0.56662
vt 0.34310 0.56662
vt 0.34310 0.56469
vt 0.34310 0.54916
vt 0.34310 0.56662
vt 0.34993 0.54951
vt 0.34993 0.56662
vt 0.34310 0.54822
vt 0.34310 0.56469
vt 0.34993 0.55197
vt 0.34993 0.56662
vt 0.34310 0.56469
vt 0.34310 0.56662
vt 0.34993 0.55197
vt 0.34310 0.56469
vt 0.34993 0.56662
vt 0.34993 0.54951
vt 0.34310 0.54916
vt 0.34310 0.54822
vt 0.33185 0.56662
vt 0.33185 0.54988
vt 0.33868 0.54951
vt 0.33185 0.54988
vt 0.33185 0.54916
vt 0.33868 0.54951
vt 0.33185 0.54988
vt 0.33185 0.56662
vt 0.33185 0.54916
vt 0.33868 0.56662
vt 0.33868 0.54951
vt 0.33868 0.56662
vt 0.33868 0.55197
vt 0.33868 0.56662
vt 0.33868 0.54951
vt 0.33868 0.54951
vt 0.33185 0.54916
vt 0.33868 0.55197
vt 0.33868 0.55197
vt 0.33185 0.56662
vt 0.33868 0.56662
vt 0.33185 0.56662
vt 0.33185 0.56662
vt 0.33185 0.54916
vt 0.33868 0.55197
vt 0.33185 0.54916
vt 0.33185 0.56662
vt 0.33868 0.56662
vt 0.33185 0.56662
vt 0.33185 0.56662
vt 0.33185 0.56662
vt 0.33868 0.54951
vt 0.33868 0.56662
vt 0.33185 0.56662
vt 0.33868 0.56662
vt 0.33868 0.56662
vt 0.32060 0.56662
vt 0.32743 0.54951
vt 0.32743 0.56662
vt 0.32060 0.54916
vt 0.32060 0.56662
vt 0.32060 0.56662
vt 0.32743 0.55197
vt 0.32060 0.54916
vt 0.32060 0.56662
vt 0.32060 0.54988
vt 0.32060 0.54916
vt 0.32743 0.54951
vt 0.32060 0.54988
vt 0.32060 0.56662
vt 0.32060 0.54916
vt 0.32743 0.56662
vt 0.32743 0.56662
vt 0.32743 0.54951
vt 0.32060 0.56662
vt 0.32060 0.54988
vt 0.32743 0.54951
vt 0.32743 0.56662
vt 0.32743 0.56662
vt 0.32060 0.56662
vt 0.32743 0.54951
vt 0.32060 0.54916
vt 0.32743 0.55197
vt 0.32060 0.56662
vt 0.32743 0.56662
vt 0.32060 0.56662
vt 0.32743 0.55197
vt 0.32060 0.56662
vt 0.32743 0.56662
vt 0.32743 0.55197
vt 0.32743 0.56662
vt 0.32743 0.54951
vt 0.31618 0.56431
vt 0.30935 0.54988
vt 0.30935 0.56662
vt 0.30935 0.54916
vt 0.30935 0.56662
vt 0.30935 0.54988
vt 0.31618 0.54822
vt 0.30935 0.54916
vt 0.30935 0.54988
vt 0.30935 0.56662
vt 0.31618 0.56431
vt 0.30935 0.56662
vt 0.31618 0.56662
vt 0.31618 0.56431
vt 0.30935 0.56662
vt 0.30935 0.56662
vt 0.30935 0.54916
vt 0.31618 0.55197
vt 0.31618 0.56431
vt 0.31618 0.56662
vt 0.31618 0.54822
vt 0.30935 0.54916
vt 0.30935 0.56662
vt 0.30935 0.56662
vt 0.30935 0.54916
vt 0.31618 0.54822
vt 0.31618 0.55197
vt 0.31618 0.54822
vt 0.30935 0.54988
vt 0.31618 0.56431
vt 0.31618 0.56662
vt 0.31618 0.55197
vt 0.31618 0.54822
vt 0.30935 0.56662
vt 0.31618 0.55197
vt 0.31618 0.56662
vt 0.30493 0.55197
vt 0.29810 0.56662
vt 0.30493 0.56662
vt 0.30493 0.56279
vt 0.30493 0.56662
vt 0.29810 0.56662
vt 0.29810 0.56662
vt 0.29810 0.54916
vt 0.30493 0.56279
vt 0.30493 0.54822
vt 0.30493 0.56279
vt 0.29810 0.54916
vt 0.30493 0.56662
vt 0.30493 0.56279
vt 0.30493 0.54822
vt 0.30493 0.55197
vt 0.29810 0.54988
vt 0.29810 0.56662
vt 0.30493 0.55197
vt 0.30493 0.56662
vt 0.30493 0.54822
vt 0.30493 0.54822
vt 0.29810 0.54988
vt 0.30493 0.55197
vt 0.29810 0.54916
vt 0.29810 0.56662
vt 0.29810 0.54988
vt 0.30493 0.54822
vt 0.29810 0.54916
vt 0.29810 0.54988
vt 0.29810 0.54916
vt 0.29810 0.56662
vt 0.29810 0.56662
vt 0.29810 0.56662
vt 0.30493 0.56662
vt 0.29810 0.56662
vt 0.29368 0.54951
vt 0.28685 0.54916
vt 0.28685 0.54988
vt 0.28685 0.54916
vt 0.28685 0.56662
vt 0.28685 0.56662
vt 0.29368 0.55197
vt 0.29368 0.56662
vt 0.29368 0.54951
vt 0.28685 0.56662
vt 0.29368 0.54951
vt 0.29368 0.56662
vt 0.29368 0.55197
vt 0.28685 0.56662
vt 0.29368 0.56662
vt 0.29368 0.54951
vt 0.28685 0.54988
vt 0.29368 0.55197
vt 0.28685 0.56662
vt 0.28685 0.54916
vt 0.29368 0.54951
vt 0.29368 0.56662
vt 0.29368 0.56662
vt 0.29368 0.54951
vt 0.29368 0.55197
vt 0.28685 0.54988
vt 0.28685 0.56662
vt 0.29368 0.56662
vt 0.29368 0.56662
vt 0.28685 0.56662
vt 0.28685 0.56662
vt 0.29368 0.56662
vt 0.28685 0.56662
vt 0.28685 0.54916
vt 0.28685 0.56662
vt 0.28685 0.54988
vt 0.27560 0.56662
vt 0.27560 0.54916
vt 0.28243 0.54951
vt 0.28243 0.56662
vt 0.27560 0.56469
vt 0.27560 0.56662
vt 0.27560 0.56469
vt 0.28243 0.56662
vt 0.28243 0.56662
vt 0.28243 0.56662
vt 0.28243 0.54951
vt 0.28243 0.56662
vt 0.27560 0.54822
vt 0.27560 0.56469
vt 0.28243 0.55197
vt 0.28243 0.55197
vt 0.27560 0.56469
vt 0.28243 0.56662
vt 0.28243 0.54951
vt 0.27560 0.54916
vt 0.27560 0.54822
vt 0.27560 0.56469
vt 0.27560 0.54822
vt 0.27560 0.54916
vt 0.28243 0.54951
vt 0.27560 0.54822
vt 0.28243 0.55197
vt 0.28243 0.55197
vt 0.28243 0.56662
vt 0.28243 0.54951
vt 0.27560 0.56662
vt 0.28243 0.54951
vt 0.28243 0.56662
vt 0.27560 0.56662
vt 0.27560 0.56469
vt 0.27560 0.54916
vt 0.26435 0.54916
vt 0.26435 0.56469
vt 0.26435 0.56662
vt 0.26435 0.56469
vt 0.27118 0.56204
vt 0.26435 0.56662
vt 0.26435 0.56469
vt 0.27118 0.55197
vt 0.27118 0.56662
vt 0.26435 0.54822
vt 0.27118 0.54822
vt 0.27118 0.55197
vt 0.27118 0.56662
vt 0.27118 0.54822
vt 0.27118 0.56204
vt 0.27118 0.56662
vt 0.27118 0.55197
vt 0.27118 0.54822
vt 0.26435 0.54916
vt 0.27118 0.56204
vt 0.27118 0.54822
vt 0.26435 0.54916
vt 0.26435 0.54822
vt 0.26435 0.56469
vt 0.26435 0.54822
vt 0.26435 0.54916
vt 0.27118 0.54822
vt 0.27118 0.56204
vt 0.26435 0.54916
vt 0.26435 0.56662
vt 0.27118 0.55197
vt 0.26435 0.56469
vt 0.26435 0.54822
vt 0.26435 0.56469
vt 0.27118 0.56662
vt 0.27118 0.56204
vt 0.25993 0.55197
vt 0.25309 0.56420
vt 0.25993 0.56662
vt 0.25993 0.55197
vt 0.25993 0.56662
vt 0.25993 0.54822
vt 0.25309 0.56662
vt 0.25309 0.56420
vt 0.25309 0.54916
vt 0.25309 0.56662
vt 0.25309 0.54916
vt 0.25993 0.56431
vt 0.25993 0.54822
vt 0.25309 0.54822
vt 0.25993 0.55197
vt 0.25993 0.56431
vt 0.25309 0.56420
vt 0.25309 0.56662
vt 0.25993 0.56431
vt 0.25993 0.54822
vt 0.25993 0.56662
vt 0.25993 0.54822
vt 0.25993 0.56431
vt 0.25309 0.54916
vt 0.25309 0.56420
vt 0.25993 0.56431
vt 0.25993 0.56662
vt 0.25993 0.55197
vt 0.25309 0.54822
vt 0.25309 0.56420
vt 0.25309 0.56420
vt 0.25309 0.54822
vt 0.25309 0.54916
vt 0.25993 0.54822
vt 0.25309 0.54916
vt 0.25309 0.54822
vt 0.24184 0.56662
vt 0.24184 0.54916
vt 0.24867 0.56431
vt 0.24867 0.56431
vt 0.24867 0.54822
vt 0.24867 0.56662
vt 0.24867 0.54822
vt 0.24184 0.54822
vt 0.24867 0.55197
vt 0.24867 0.55197
vt 0.24184 0.56420
vt 0.24867 0.56662
vt 0.24867 0.56431
vt 0.24184 0.56420
vt 0.24184 0.56662
vt 0.24184 0.56662
vt 0.24184 0.56420
vt 0.24184 0.54916
vt 0.24867 0.54822
vt 0.24184 0.54916
vt 0.24184 0.54822
vt 0.24184 0.56420
vt 0.24867 0.56431
vt 0.24867 0.56662
vt 0.24867 0.54822
vt 0.24867 0.56431
vt 0.24184 0.54916
vt 0.24867 0.55197
vt 0.24184 0.54822
vt 0.24184 0.56420
vt 0.24184 0.56420
vt 0.24184 0.54822
vt 0.24184 0.54916
vt 0.24867 0.55197
vt 0.24867 0.56662
vt 0.24867 0.54822
vt 0.23742 0.56662
vt 0.23742 0.55197
vt 0.23742 0.54951
vt 0.23059 0.54916
vt 0.23742 0.54951
vt 0.23742 0.55197
vt 0.23059 0.54916
vt 0.23059 0.56662
vt 0.23059 0.54988
vt 0.23742 0.54951
vt 0.23059 0.56662
vt 0.23742 0.56662
vt 0.23059 0.56662
vt 0.23742 0.56662
vt 0.23059 0.56662
vt 0.23742 0.54951
vt 0.23059 0.54988
vt 0.23059 0.56662
vt 0.23059 0.56662
vt 0.23059 0.54916
vt 0.23742 0.55197
vt 0.23742 0.56662
vt 0.23742 0.56662
vt 0.23742 0.54951
vt 0.23742 0.56662
vt 0.23742 0.56662
vt 0.23059 0.56662
vt 0.23059 0.54916
vt 0.23059 0.56662
vt 0.23059 0.56662
vt 0.23742 0.54951
vt 0.23059 0.54916
vt 0.23059 0.54988
vt 0.23059 0.56662
vt 0.23742 0.55197
vt 0.23742 0.56662
vt 0.21934 0.54988
vt 0.21934 0.56662
vt 0.21934 0.54916
vt 0.21934 0.56662
vt 0.21934 0.56662
vt 0.21934 0.54916
vt 0.21934 0.56662
vt 0.21934 0.54988
vt 0.22617 0.54951
vt 0.22617 0.56662
vt 0.22617 0.54951
vt 0.22617 0.56662
vt 0.22617 0.55197
vt 0.21934 0.54916
vt 0.21934 0.56662
vt 0.21934 0.56662
vt 0.22617 0.56662
vt 0.22617 0.56662
vt 0.21934 0.54988
vt 0.21934 0.54916
vt 0.22617 0.54951
vt 0.22617 0.56662
vt 0.21934 0.56662
vt 0.21934 0.56662
vt 0.21934 0.56662
vt 0.22617 0.54951
vt 0.22617 0.56662
vt 0.22617 0.55197
vt 0.22617 0.56662
vt 0.22617 0.54951
vt 0.22617 0.55197
vt 0.21934 0.56662
vt 0.22617 0.56662
vt 0.22617 0.54951
vt 0.21934 0.54916
vt 0.22617 0.55197
vt 0.20809 0.56662
vt 0.20809 0.54988
vt 0.21492 0.56375
vt 0.20809 0.56662
vt 0.21492 0.56375
vt 0.21492 0.56662
vt 0.21492 0.56375
vt 0.21492 0.54822
vt 0.21492 0.56662
vt 0.21492 0.55197
vt 0.20809 0.56662
vt 0.21492 0.56662
vt 0.21492 0.55197
vt 0.21492 0.56662
vt 0.21492 0.54822
vt 0.21492 0.54822
vt 0.20809 0.54916
vt 0.21492 0.55197
vt 0.21492 0.55197
vt 0.20809 0.54916
vt 0.20809 0.56662
vt 0.21492 0.56375
vt 0.20809 0.56662
vt 0.20809 0.56662
vt 0.20809 0.56662
vt 0.20809 0.56662
vt 0.20809 0.54916
vt 0.20809 0.54988
vt 0.20809 0.56662
vt 0.20809 0.54916
vt 0.20809 0.54988
vt 0.20809 0.54916
vt 0.21492 0.54822
vt 0.21492 0.56375
vt 0.20809 0.54988
vt 0.21492 0.54822
vt 0.19684 0.56662
vt 0.19684 0.54988
vt 0.20367 0.55197
vt 0.19684 0.54988
vt 0.19684 0.56662
vt 0.19684 0.54916
vt 0.20367 0.56662
vt 0.20367 0.55197
vt 0.20367 0.54822
vt 0.20367 0.54822
vt 0.19684 0.54916
vt 0.20367 0.56279
vt 0.19684 0.56662
vt 0.20367 0.55197
vt 0.20367 0.56662
vt 0.19684 0.54988
vt 0.20367 0.54822
vt 0.20367 0.55197
vt 0.19684 0.54916
vt 0.19684 0.56662
vt 0.19684 0.56662
vt 0.19684 0.56662
vt 0.20367 0.56279
vt 0.19684 0.56662
vt 0.20367 0.56662
vt 0.20367 0.54822
vt 0.20367 0.56279
vt 0.19684 0.56662
vt 0.20367 0.56662
vt 0.20367 0.56279
vt 0.19684 0.54988
vt 0.19684 0.54916
vt 0.20367 0.54822
vt 0.20367 0.56279
vt 0.19684 0.54916
vt 0.19684 0.56662
vt 0.19242 0.56662
vt 0.19242 0.55197
vt 0.19242 0.54951
vt 0.19242 0.54951
vt 0.18559 0.54988
vt 0.18559 0.56662
vt 0.18559 0.56662
vt 0.19242 0.56662
vt 0.18559 0.56662
vt 0.19242 0.56662
vt 0.19242 0.56662
vt 0.18559 0.56662
vt 0.18559 0.56662
vt 0.18559 0.54916
vt 0.19242 0.55197
vt 0.19242 0.56662
vt 0.19242 0.56662
vt 0.19242 0.54951
vt 0.18559 0.54916
vt 0.18559 0.56662
vt 0.18559 0.56662
vt 0.18559 0.56662
vt 0.19242 0.55197
vt 0.19242 0.56662
vt 0.18559 0.54916
vt 0.18559 0.56662
vt 0.18559 0.54988
vt 0.18559 0.54916
vt 0.19242 0.54951
vt 0.19242 0.55197
vt 0.19242 0.54951
vt 0.18559 0.56662
vt 0.19242 0.56662
vt 0.19242 0.54951
vt 0.18559 0.54916
vt 0.18559 0.54988
vt 0.18117 0.56375
vt 0.18117 0.56662
vt 0.18117 0.54822
vt 0.18117 0.56662
vt 0.18117 0.55197
vt 0.18117 0.54822
vt 0.17434 0.56662
vt 0.18117 0.55197
vt 0.18117 0.56662
vt 0.17434 0.54988
vt 0.18117 0.56375
vt 0.18117 0.54822
vt 0.17434 0.54916
vt 0.17434 0.56662
vt 0.17434 0.54988
vt 0.17434 0.54916
vt 0.18117 0.54822
vt 0.18117 0.55197
vt 0.18117 0.54822
vt 0.17434 0.54916
vt 0.17434 0.54988
vt 0.17434 0.56662
vt 0.18117 0.56375
vt 0.17434 0.56662
vt 0.17434 0.54916
vt 0.17434 0.56662
vt 0.17434 0.56662
vt 0.18117 0.56662
vt 0.18117 0.56375
vt 0.17434 0.56662
vt 0.17434 0.56662
vt 0.17434 0.54916
vt 0.18117 0.55197
vt 0.18117 0.56375
vt 0.17434 0.54988
vt 0.17434 0.56662
vt 0.16309 0.54916
vt 0.16309 0.56662
vt 0.16309 0.56662
vt 0.16309 0.54988
vt 0.16309 0.54916
vt 0.16992 0.54951
vt 0.16309 0.56662
vt 0.16992 0.56662
vt 0.16309 0.56662
vt 0.16992 0.56662
vt 0.16992 0.55197
vt 0.16992 0.54951
vt 0.16309 0.54988
vt 0.16992 0.54951
vt 0.16992 0.55197
vt 0.16309 0.56662
vt 0.16992 0.55197
vt 0.16992 0.56662
vt 0.16992 0.54951
vt 0.16309 0.54916
vt 0.16309 0.56662
vt 0.16309 0.54988
vt 0.16309 0.56662
vt 0.16309 0.54916
vt 0.16992 0.56662
vt 0.16992 0.56662
vt 0.16992 0.54951
vt 0.16992 0.56662
vt 0.16992 0.56662
vt 0.16309 0.56662
vt 0.16992 0.54951
vt 0.16309 0.56662
vt 0.16992 0.56662
vt 0.16309 0.56662
vt 0.16309 0.54988
vt 0.16992 0.55197
vt 0.15867 0.56662
vt 0.15867 0.56279
vt 0.15867 0.54822
vt 0.15184 0.56662
vt 0.15184 0.54988
vt 0.15867 0.56279
vt 0.15184 0.54988
vt 0.15184 0.54916
vt 0.15867 0.54822
vt 0.15184 0.54988
vt 0.15184 0.56662
vt 0.15184 0.54916
vt 0.15867 0.54822
vt 0.15867 0.56279
vt 0.15184 0.54988
vt 0.15867 0.55197
vt 0.15184 0.56662
vt 0.15867 0.56662
vt 0.15867 0.55197
vt 0.15184 0.54916
vt 0.15184 0.56662
vt 0.15867 0.56279
vt 0.15867 0.56662
vt 0.15184 0.56662
vt 0.15184 0.54916
vt 0.15184 0.56662
vt 0.15184 0.56662
vt 0.15867 0.55197
vt 0.15867 0.56662
vt 0.15867 0.54822
vt 0.15867 0.54822
vt 0.15184 0.54916
vt 0.15867 0.55197
vt 0.15184 0.56662
vt 0.15867 0.56662
vt 0.15184 0.56662
vt 0.14742 0.54822
vt 0.14742 0.56431
vt 0.14059 0.54916
vt 0.14742 0.55197
vt 0.14059 0.56662
vt 0.14742 0.56662
vt 0.14742 0.55197
vt 0.14742 0.56662
vt 0.14742 0.54822
vt 0.14742 0.54822
vt 0.14059 0.54988
vt 0.14742 0.55197
vt 0.14742 0.56431
vt 0.14742 0.54822
vt 0.14742 0.56662
vt 0.14059 0.54916
vt 0.14059 0.56662
vt 0.14059 0.54988
vt 0.14059 0.56662
vt 0.14742 0.56662
vt 0.14059 0.56662
vt 0.14059 0.56662
vt 0.14059 0.54916
vt 0.14742 0.56431
vt 0.14059 0.54916
vt 0.14059 0.56662
vt 0.14059 0.56662
vt 0.14059 0.56662
vt 0.14742 0.56431
vt 0.14742 0.56662
vt 0.14742 0.54822
vt 0.14059 0.54916
vt 0.14059 0.54988
vt 0.14742 0.55197
vt 0.14059 0.54988
vt 0.14059 0.56662
vt 0.13617 0.56662
vt 0.13617 0.56662
vt 0.13617 0.54951
vt 0.13617 0.55197
vt 0.12934 0.56090
vt 0.13617 0.56662
vt 0.12934 0.56662
vt 0.12934 0.54916
vt 0.13617 0.54951
vt 0.13617 0.56662
vt 0.13617 0.56662
vt 0.12934 0.56662
vt 0.13617 0.55197
vt 0.13617 0.56662
vt 0.13617 0.54951
vt 0.12934 0.56662
vt 0.13617 0.54951
vt 0.13617 0.56662
vt 0.13617 0.54951
vt 0.12934 0.54822
vt 0.13617 0.55197
vt 0.12934 0.56662
vt 0.13617 0.56662
vt 0.12934 0.56090
vt 0.12934 0.54822
vt 0.12934 0.56090
vt 0.13617 0.55197
vt 0.12934 0.56090
vt 0.12934 0.54822
vt 0.12934 0.54916
vt 0.12934 0.54916
vt 0.12934 0.56662
vt 0.12934 0.56090
vt 0.13617 0.54951
vt 0.12934 0.54916
vt 0.12934 0.54822
vt 0.12492 0.56662
vt 0.12492 0.55197
vt 0.12492 0.54822
vt 0.11809 0.54916
vt 0.12492 0.56375
vt 0.12492 0.54822
vt 0.11809 0.54988
vt 0.11809 0.56662
vt 0.11809 0.54916
vt 0.12492 0.56662
vt 0.11809 0.56662
vt 0.11809 0.56662
vt 0.11809 0.56662
vt 0.12492 0.55197
vt 0.12492 0.56662
vt 0.11809 0.54988
vt 0.12492 0.54822
vt 0.12492 0.55197
vt 0.11809 0.56662
vt 0.11809 0.56662
vt 0.11809 0.54916
vt 0.12492 0.56662
vt 0.12492 0.56375
vt 0.11809 0.56662
vt 0.11809 0.56662
vt 0.11809 0.54988
vt 0.12492 0.55197
vt 0.12492 0.56375
vt 0.12492 0.56662
vt 0.12492 0.54822
vt 0.12492 0.56375
vt 0.11809 0.54916
vt 0.11809 0.56662
vt 0.11809 0.54988
vt 0.11809 0.54916
vt 0.12492 0.54822
vt 0.10684 0.56662
vt 0.10684 0.54916
vt 0.11367 0.55197
vt 0.10684 0.56662
vt 0.11367 0.56662
vt 0.11367 0.56204
vt 0.11367 0.54822
vt 0.10684 0.54916
vt 0.10684 0.54988
vt 0.11367 0.56204
vt 0.10684 0.54988
vt 0.10684 0.56662
vt 0.11367 0.56662
vt 0.11367 0.54822
vt 0.11367 0.56204
vt 0.11367 0.56662
vt 0.10684 0.56662
vt 0.10684 0.56662
vt 0.10684 0.54988
vt 0.11367 0.56204
vt 0.11367 0.54822
vt 0.10684 0.56662
vt 0.11367 0.55197
vt 0.11367 0.56662
vt 0.10684 0.56662
vt 0.10684 0.56662
vt 0.10684 0.54916
vt 0.10684 0.54916
vt 0.11367 0.54822
vt 0.11367 0.55197
vt 0.10684 0.54916
vt 0.10684 0.56662
vt 0.10684 0.54988
vt 0.11367 0.56662
vt 0.11367 0.55197
vt 0.11367 0.54822
vt 0.10242 0.56279
vt 0.09558 0.54988
vt 0.09558 0.56662
vt 0.09558 0.56662
vt 0.09558 0.54916
vt 0.10242 0.55197
vt 0.09558 0.56662
vt 0.10242 0.56662
vt 0.10242 0.56279
vt 0.10242 0.56662
vt 0.10242 0.54822
vt 0.10242 0.56279
vt 0.09558 0.54916
vt 0.09558 0.56662
vt 0.09558 0.54988
vt 0.10242 0.54822
vt 0.09558 0.54916
vt 0.09558 0.54988
vt 0.10242 0.56662
vt 0.09558 0.56662
vt 0.09558 0.56662
vt 0.10242 0.56662
vt 0.10242 0.55197
vt 0.10242 0.54822
vt 0.09558 0.56662
vt 0.10242 0.55197
vt 0.10242 0.56662
vt 0.09558 0.54916
vt 0.10242 0.54822
vt 0.10242 0.55197
vt 0.10242 0.54822
vt 0.09558 0.54988
vt 0.10242 0.56279
vt 0.09558 0.56662
vt 0.09558 0.56662
vt 0.09558 0.54916
vt 0.09116 0.56204
vt 0.08433 0.54916
vt 0.08433 0.56662
vt 0.08433 0.54988
vt 0.09116 0.54822
vt 0.09116 0.55197
vt 0.08433 0.56662
vt 0.09116 0.55197
vt 0.09116 0.56662
vt 0.08433 0.54916
vt 0.08433 0.56662
vt 0.08433 0.56662
vt 0.08433 0.56662
vt 0.09116 0.56662
vt 0.09116 0.56204
vt 0.08433 0.56662
vt 0.09116 0.56204
vt 0.08433 0.56662
vt 0.09116 0.56662
vt 0.09116 0.54822
vt 0.09116 0.56204
vt 0.09116 0.56662
vt 0.09116 0.55197
vt 0.09116 0.54822
vt 0.08433 0.54916
vt 0.09116 0.56204
vt 0.09116 0.54822
vt 0.08433 0.54988
vt 0.08433 0.54916
vt 0.09116 0.54822
vt 0.08433 0.56662
vt 0.08433 0.54988
vt 0.09116 0.55197
vt 0.08433 0.54988
vt 0.08433 0.56662
vt 0.08433 0.54916
vt 0.07308 0.54988
vt 0.07308 0.56662
vt 0.07308 0.54916
vt 0.07991 0.55197
vt 0.07991 0.56662
vt 0.07991 0.54822
vt 0.07991 0.55197
vt 0.07308 0.56662
vt 0.07991 0.56662
vt 0.07991 0.54822
vt 0.07308 0.54916
vt 0.07991 0.55197
vt 0.07991 0.56431
vt 0.07991 0.54822
vt 0.07991 0.56662
vt 0.07308 0.56662
vt 0.07308 0.54988
vt 0.07991 0.56431
vt 0.07991 0.55197
vt 0.07308 0.54916
vt 0.07308 0.56662
vt 0.07308 0.54916
vt 0.07308 0.56662
vt 0.07308 0.56662
vt 0.07308 0.56662
vt 0.07991 0.56662
vt 0.07308 0.56662
vt 0.07991 0.54822
vt 0.07991 0.56431
vt 0.07308 0.54988
vt 0.07308 0.54988
vt 0.07308 0.54916
vt 0.07991 0.54822
vt 0.07308 0.56662
vt 0.07991 0.56431
vt 0.07991 0.56662
vt 0.66496 0.54809
vt 0.02802 0.53727
vt 0.66496 0.53727
vt 0.02802 0.54809
vt 0.02802 0.53727
vt 0.02802 0.53727
vt 0.02802 0.54809
vt 0.66496 0.53727
vt 0.02802 0.53727
vt 0.66496 0.54809
vt 0.66496 0.53727
vt 0.66496 0.53727
vt 0.02802 0.53727
vt 0.66496 0.53727
vt 0.66496 0.51312
vt 0.02802 0.53727
vt 0.02802 0.53727
vt 0.02802 0.51312
vt 0.66496 0.53727
vt 0.02802 0.53727
vt 0.02802 0.51312
vt 0.66496 0.53727
vt 0.66496 0.53727
vt 0.66496 0.51312
vt 0.66496 0.54809
vt 0.02802 0.54809
vt 0.02802 0.53727
vt 0.66496 0.54809
vt 0.66496 0.54809
vt 0.66496 0.53727
vt 0.02802 0.54809
vt 0.02802 0.54809
vt 0.02802 0.53727
vt 0.66496 0.53727
vt 0.02802 0.51312
vt 0.66496 0.51312
vt 0.02802 0.51312
vt 0.66496 0.51312
vt 0.66496 0.51312
vt 0.02802 0.53727
vt 0.02802 0.51312
vt 0.02802 0.51312
vt 0.66496 0.54809
vt 0.02802 0.54809
vt 0.02802 0.54809
vt 0.66496 0.53727
vt 0.66496 0.51312
vt 0.66496 0.51312
vt 0.02802 0.53727
vt 0.66496 0.51312
vt 0.02802 0.51312
vt 0.02802 0.54809
vt 0.66496 0.54809
vt 0.66496 0.53727
vt 0.66496 0.54809
vt 0.66496 0.54809
vt 0.02802 0.54809
vt 0.02802 0.51312
vt 0.02802 0.51312
vt 0.66496 0.51312
vt 0.27283 0.67710
vt 0.27283 0.60940
vt 0.27283 0.74031
vt 0.27283 0.78818
vt 0.27283 0.67710
vt 0.27283 0.74031
vt 0.70423 0.35675
vt 0.71857 0.34427
vt 0.41688 0.34427
vt 0.41688 0.34427
vt 0.71857 0.34427
vt 0.41688 0.26592
vt 0.70423 0.35675
vt 0.70423 0.35675
vt 0.70423 0.26479
vt 0.38666 0.35675
vt 0.38666 0.26479
vt 0.70423 0.26479
vt 0.38666 0.35675
vt 0.38666 0.26479
vt 0.38666 0.26479
vt 0.41233 0.26592
vt 0.41233 0.34427
vt 0.41688 0.34427
vt 0.41461 0.26668
vt 0.41233 0.26592
vt 0.41688 0.26592
vt 0.38666 0.35675
vt 0.41688 0.34427
vt 0.41233 0.34427
vt 0.99137 0.26592
vt 0.99137 0.34427
vt 0.71857 0.34427
vt 0.41233 0.26592
vt 0.41233 0.26592
vt 0.41233 0.19567
vt 0.41461 0.26668
vt 0.41688 0.19452
vt 0.41233 0.19567
vt 0.41233 0.26592
vt 0.41461 0.26668
vt 0.41233 0.19567
vt 0.41233 0.19538
vt 0.41233 0.19567
vt 0.41688 0.19452
vt 0.99137 0.34427
vt 0.99137 0.35675
vt 0.99137 0.35675
vt 0.99137 0.35675
vt 0.99137 0.35675
vt 0.70423 0.35675
vt 0.71857 0.34427
vt 0.99137 0.34427
vt 0.99137 0.26592
vt 0.99137 0.35675
vt 0.99137 0.34427
vt 0.71857 0.34427
vt 0.71857 0.34427
vt 0.99137 0.34427
vt 0.99137 0.35675
vt 0.99137 0.35675
vt 0.71857 0.34427
vt 0.70423 0.35675
vt 0.99137 0.34427
vt 0.99137 0.35675
vt 0.99137 0.26592
vt 0.38666 0.35675
vt 0.38212 0.35675
vt 0.38212 0.35675
vt 0.41233 0.19538
vt 0.41461 0.26668
vt 0.41233 0.26592
vt 0.41688 0.26592
vt 0.41688 0.19452
vt 0.41461 0.26668
vt 0.41688 0.26592
vt 0.41688 0.19452
vt 0.41688 0.26592
vt 0.41233 0.26592
vt 0.41233 0.19567
vt 0.41233 0.19538
vt 0.41688 0.26592
vt 0.41461 0.26668
vt 0.41688 0.19586
vt 0.41233 0.19538
vt 0.41688 0.19586
vt 0.41461 0.26668
vt 0.99137 0.34427
vt 0.99137 0.26592
vt 0.99137 0.26592
vt 0.99137 0.26592
vt 0.99137 0.35675
vt 0.99137 0.34427
vt 0.34879 0.35675
vt 0.38666 0.35675
vt 0.38666 0.35675
vt 0.70423 0.35675
vt 0.99137 0.35675
vt 0.99137 0.35675
vt 0.70423 0.35675
vt 0.41688 0.34427
vt 0.38666 0.35675
vt 0.70423 0.26479
vt 0.38666 0.35675
vt 0.70423 0.35675
vt 0.70423 0.35675
vt 0.70423 0.26479
vt 0.70423 0.35675
vt 0.41688 0.34427
vt 0.70423 0.35675
vt 0.38666 0.35675
vt 0.99137 0.26592
vt 0.41688 0.26592
vt 0.99137 0.26592
vt 0.41233 0.34427
vt 0.38666 0.35675
vt 0.34879 0.35675
vt 0.41688 0.34427
vt 0.41233 0.26592
vt 0.41688 0.26592
vt 0.38666 0.26479
vt 0.38666 0.35675
vt 0.38666 0.35675
vt 0.41688 0.34427
vt 0.71857 0.34427
vt 0.70423 0.35675
vt 0.38666 0.35675
vt 0.41233 0.34427
vt 0.38212 0.35675
vt 0.41233 0.26592
vt 0.41688 0.34427
vt 0.41688 0.26592
vt 0.38666 0.35675
vt 0.38666 0.26479
vt 0.38666 0.35675
vt 0.38666 0.35675
vt 0.70423 0.26479
vt 0.70423 0.35675
vt 0.41233 0.26592
vt 0.41233 0.19538
vt 0.41233 0.26592
vt 0.41688 0.19586
vt 0.41233 0.19538
vt 0.41688 0.19452
vt 0.99137 0.35675
vt 0.99137 0.35675
vt 0.99137 0.34427
vt 0.71857 0.34427
vt 0.99137 0.35675
vt 0.70423 0.35675
vt 0.99137 0.26592
vt 0.71857 0.34427
vt 0.41688 0.26592
vt 0.70423 0.35675
vt 0.99137 0.35675
vt 0.70423 0.35675
vt 0.41688 0.26592
vt 0.41688 0.19586
vt 0.41688 0.19452
vt 0.34879 0.35675
vt 0.38666 0.35675
vt 0.38212 0.35675
vt 0.71857 0.34427
vt 0.99137 0.26592
vt 0.41688 0.26592
vt 0.99137 0.35675
vt 0.70423 0.35675
vt 0.70423 0.35675
vt 0.41688 0.26592
vt 0.71857 0.34427
vt 0.41688 0.34427
vt 0.38666 0.35675
vt 0.38666 0.35675
vt 0.38212 0.35675
vt 0.99137 0.26592
vt 0.41688 0.26592
vt 0.41688 0.26592
vt 0.41233 0.34427
vt 0.41688 0.34427
vt 0.38666 0.35675
vt 0.41688 0.26592
vt 0.41233 0.26592
vt 0.41461 0.26668
vt 0.41688 0.34427
vt 0.41233 0.34427
vt 0.41233 0.26592
vt 0.70423 0.26479
vt 0.38666 0.26479
vt 0.38666 0.35675
vt 0.70423 0.35675
vt 0.70423 0.26479
vt 0.70423 0.26479
vt 0.44208 0.25725
vt 0.42068 0.23989
vt 0.42346 0.24765
vt 0.44208 0.25725
vt 0.42051 0.23896
vt 0.44315 0.22821
vt 0.44208 0.25725
vt 0.42044 0.24776
vt 0.44426 0.27283
vt 0.57024 0.20251
vt 0.57024 0.19364
vt 0.57024 0.21975
vt 0.57024 0.28699
vt 0.57024 0.26310
vt 0.57122 0.26753
vt 0.57024 0.21975
vt 0.57254 0.21827
vt 0.57122 0.26753
vt 0.57024 0.28699
vt 0.57254 0.29216
vt 0.57254 0.26753
vt 0.57024 0.26531
vt 0.57254 0.26753
vt 0.57139 0.21827
vt 0.57024 0.21975
vt 0.57024 0.19364
vt 0.57254 0.19364
vt 0.57254 0.26753
vt 0.57176 0.25467
vt 0.57176 0.23160
vt 0.48460 0.28395
vt 0.56604 0.26530
vt 0.56483 0.29204
vt 0.48869 0.26581
vt 0.56483 0.21833
vt 0.56604 0.26530
vt 0.48460 0.28395
vt 0.46354 0.25988
vt 0.47963 0.26039
vt 0.48869 0.26581
vt 0.48460 0.28395
vt 0.47963 0.26039
vt 0.48389 0.22283
vt 0.47963 0.26039
vt 0.48869 0.26581
vt 0.48389 0.22283
vt 0.46354 0.25910
vt 0.47963 0.26039
vt 0.48309 0.22389
vt 0.46354 0.20921
vt 0.48460 0.20185
vt 0.47963 0.26039
vt 0.46354 0.22696
vt 0.48309 0.22389
vt 0.47963 0.26039
vt 0.46354 0.27659
vt 0.48460 0.28395
vt 0.48460 0.20185
vt 0.46354 0.22618
vt 0.48389 0.22283
vt 0.47963 0.26039
vt 0.46354 0.25910
vt 0.46354 0.27659
vt 0.48460 0.20185
vt 0.46354 0.20921
vt 0.46354 0.22618
vt 0.56604 0.26530
vt 0.56483 0.21833
vt 0.56732 0.22270
vt 0.56585 0.26494
vt 0.56732 0.28329
vt 0.57024 0.28699
vt 0.56732 0.22270
vt 0.57024 0.21975
vt 0.57024 0.26310
vt 0.56732 0.22270
vt 0.56605 0.19808
vt 0.57024 0.20251
vt 0.48309 0.22389
vt 0.46354 0.22696
vt 0.46354 0.20921
vt 0.47963 0.26039
vt 0.46354 0.25988
vt 0.46354 0.22696
vt 0.56585 0.26494
vt 0.56483 0.29204
vt 0.56732 0.28329
vt 0.57254 0.26753
vt 0.57254 0.29216
vt 0.57189 0.26559
vt 0.44956 0.22725
vt 0.43882 0.21508
vt 0.42068 0.23989
vt 0.56961 0.22291
vt 0.56585 0.26494
vt 0.57024 0.26531
vt 0.56604 0.26530
vt 0.57024 0.26310
vt 0.57024 0.28699
vt 0.57024 0.20251
vt 0.56961 0.22291
vt 0.57139 0.21827
vt 0.57254 0.21827
vt 0.57254 0.19364
vt 0.57215 0.21936
vt 0.57254 0.21827
vt 0.57181 0.23156
vt 0.57254 0.25467
vt 0.57139 0.21827
vt 0.57176 0.23160
vt 0.57215 0.21936
vt 0.57122 0.26753
vt 0.57254 0.25467
vt 0.57189 0.26559
vt 0.57254 0.25467
vt 0.57136 0.25382
vt 0.57189 0.26559
vt 0.57254 0.26753
vt 0.57189 0.26559
vt 0.57176 0.25467
vt 0.57139 0.21827
vt 0.57215 0.21936
vt 0.57254 0.19364
vt 0.57122 0.26753
vt 0.57189 0.26559
vt 0.57254 0.29216
vt 0.57181 0.23156
vt 0.57136 0.25382
vt 0.57254 0.25467
vt 0.57176 0.25467
vt 0.57189 0.26559
vt 0.57190 0.25382
vt 0.57176 0.23160
vt 0.57158 0.22107
vt 0.57215 0.21936
vt 0.56483 0.21833
vt 0.48309 0.22389
vt 0.48460 0.20185
vt 0.48460 0.20185
vt 0.48389 0.22283
vt 0.56483 0.21833
vt 0.48389 0.22283
vt 0.48869 0.26581
vt 0.56585 0.26494
vt 0.56585 0.26494
vt 0.48869 0.26581
vt 0.48460 0.28395
vt 0.48869 0.26581
vt 0.47963 0.26039
vt 0.48460 0.28395
vt 0.48460 0.28395
vt 0.48869 0.26581
vt 0.56604 0.26530
vt 0.48869 0.26581
vt 0.48309 0.22389
vt 0.56483 0.21833
vt 0.56483 0.21833
vt 0.56961 0.22291
vt 0.56605 0.19808
vt 0.48460 0.28395
vt 0.46354 0.27659
vt 0.46354 0.25988
vt 0.48869 0.26581
vt 0.47963 0.26039
vt 0.48309 0.22389
vt 0.48389 0.22283
vt 0.46354 0.22618
vt 0.46354 0.25910
vt 0.57190 0.25382
vt 0.57243 0.23198
vt 0.57176 0.23160
vt 0.57243 0.25382
vt 0.57181 0.23156
vt 0.57243 0.23198
vt 0.57158 0.22107
vt 0.57243 0.23198
vt 0.57181 0.23156
vt 0.57181 0.23156
vt 0.57215 0.21936
vt 0.57158 0.22107
vt 0.46354 0.25910
vt 0.44426 0.27283
vt 0.46354 0.27659
vt 0.57176 0.25467
vt 0.57190 0.25382
vt 0.57176 0.23160
vt 0.46354 0.22618
vt 0.43882 0.21508
vt 0.44956 0.22725
vt 0.46354 0.25988
vt 0.44426 0.27283
vt 0.44208 0.25725
vt 0.46354 0.25910
vt 0.44956 0.22725
vt 0.44208 0.25725
vt 0.46354 0.22696
vt 0.43882 0.21508
vt 0.46354 0.20921
vt 0.46354 0.25988
vt 0.44315 0.22821
vt 0.46354 0.22696
vt 0.56961 0.22291
vt 0.57024 0.26531
vt 0.57139 0.21827
vt 0.56483 0.21833
vt 0.48460 0.20185
vt 0.56605 0.19808
vt 0.48460 0.20185
vt 0.56483 0.21833
vt 0.56605 0.19808
vt 0.57024 0.21975
vt 0.57122 0.26753
vt 0.57024 0.26310
vt 0.56585 0.26494
vt 0.48460 0.28395
vt 0.56483 0.29204
vt 0.56604 0.26530
vt 0.56732 0.28329
vt 0.56483 0.29204
vt 0.56483 0.21833
vt 0.56605 0.19808
vt 0.56732 0.22270
vt 0.56585 0.26494
vt 0.56961 0.22291
vt 0.56483 0.21833
vt 0.56961 0.22291
vt 0.57024 0.20251
vt 0.56605 0.19808
vt 0.56732 0.22270
vt 0.57024 0.26310
vt 0.56604 0.26530
vt 0.56732 0.22270
vt 0.57024 0.20251
vt 0.57024 0.21975
vt 0.56604 0.26530
vt 0.57024 0.28699
vt 0.56732 0.28329
vt 0.57024 0.20251
vt 0.57139 0.21827
vt 0.57024 0.19364
vt 0.48389 0.22283
vt 0.56585 0.26494
vt 0.56483 0.21833
vt 0.44208 0.25725
vt 0.42346 0.24765
vt 0.42044 0.24776
vt 0.42051 0.23896
vt 0.42044 0.24776
vt 0.42068 0.23989
vt 0.42346 0.24765
vt 0.42068 0.23989
vt 0.42044 0.24776
vt 0.42068 0.23989
vt 0.43882 0.21508
vt 0.42051 0.23896
vt 0.57190 0.25382
vt 0.57189 0.26559
vt 0.57243 0.25382
vt 0.57176 0.23160
vt 0.57243 0.23198
vt 0.57158 0.22107
vt 0.44208 0.25725
vt 0.44426 0.27283
vt 0.42044 0.24776
vt 0.56585 0.26494
vt 0.57024 0.28699
vt 0.57024 0.26531
vt 0.57024 0.28699
vt 0.57254 0.26753
vt 0.57024 0.26531
vt 0.57024 0.19364
vt 0.57139 0.21827
vt 0.57254 0.19364
vt 0.57122 0.26753
vt 0.57254 0.29216
vt 0.57024 0.28699
vt 0.57254 0.26753
vt 0.57176 0.23160
vt 0.57139 0.21827
vt 0.57243 0.23198
vt 0.57190 0.25382
vt 0.57243 0.25382
vt 0.46354 0.25988
vt 0.44208 0.25725
vt 0.44315 0.22821
vt 0.57136 0.25382
vt 0.57243 0.25382
vt 0.57189 0.26559
vt 0.57181 0.23156
vt 0.57243 0.25382
vt 0.57136 0.25382
vt 0.44208 0.25725
vt 0.42044 0.24776
vt 0.42051 0.23896
vt 0.46354 0.22618
vt 0.46354 0.20921
vt 0.43882 0.21508
vt 0.46354 0.25988
vt 0.46354 0.27659
vt 0.44426 0.27283
vt 0.46354 0.25910
vt 0.46354 0.22618
vt 0.44956 0.22725
vt 0.46354 0.22696
vt 0.44315 0.22821
vt 0.43882 0.21508
vt 0.46354 0.25910
vt 0.44208 0.25725
vt 0.44426 0.27283
vt 0.44956 0.22725
vt 0.42068 0.23989
vt 0.44208 0.25725
vt 0.44315 0.22821
vt 0.42051 0.23896
vt 0.43882 0.21508
vt 0.57254 0.21827
vt 0.57254 0.25467
vt 0.57122 0.26753
vt 0.57024 0.21975
vt 0.57254 0.19364
vt 0.57254 0.21827
vt 0.57254 0.21827
vt 0.57215 0.21936
vt 0.57181 0.23156
vt 0.73508 0.44351
vt 0.73597 0.45727
vt 0.73440 0.43305
vt 0.73178 0.39244
vt 0.72916 0.35184
vt 0.72849 0.34138
vt 0.73178 0.39244
vt 0.73440 0.43305
vt 0.73178 0.39244
vt 0.73093 0.46237
vt 0.73508 0.44351
vt 0.73002 0.44864
vt 0.73002 0.44864
vt 0.73178 0.39244
vt 0.72672 0.39757
vt 0.72343 0.34651
vt 0.72760 0.32762
vt 0.72256 0.33272
vt 0.72672 0.39757
vt 0.72849 0.34138
vt 0.72343 0.34651
vt 0.73002 0.44864
vt 0.73508 0.44351
vt 0.73178 0.39244
vt 0.73093 0.46237
vt 0.73597 0.45727
vt 0.73508 0.44351
vt 0.73440 0.43305
vt 0.72939 0.43813
vt 0.72677 0.39752
vt 0.72916 0.35184
vt 0.72415 0.35691
vt 0.72256 0.33272
vt 0.73597 0.45727
vt 0.73093 0.46237
vt 0.72939 0.43813
vt 0.72916 0.35184
vt 0.73178 0.39244
vt 0.72677 0.39752
vt 0.73178 0.39244
vt 0.73178 0.39244
vt 0.72916 0.35184
vt 0.73178 0.39244
vt 0.73508 0.44351
vt 0.73440 0.43305
vt 0.72849 0.34138
vt 0.72916 0.35184
vt 0.72760 0.32762
vt 0.72343 0.34651
vt 0.72849 0.34138
vt 0.72760 0.32762
vt 0.72672 0.39757
vt 0.73178 0.39244
vt 0.72849 0.34138
vt 0.72672 0.39757
vt 0.72677 0.39752
vt 0.72939 0.43813
vt 0.73002 0.44864
vt 0.72939 0.43813
vt 0.73093 0.46237
vt 0.72672 0.39757
vt 0.72343 0.34651
vt 0.72415 0.35691
vt 0.73597 0.45727
vt 0.72939 0.43813
vt 0.73440 0.43305
vt 0.72916 0.35184
vt 0.72677 0.39752
vt 0.72415 0.35691
vt 0.72343 0.34651
vt 0.72256 0.33272
vt 0.72415 0.35691
vt 0.72672 0.39757
vt 0.72415 0.35691
vt 0.72677 0.39752
vt 0.72672 0.39757
vt 0.72939 0.43813
vt 0.73002 0.44864
vt 0.73440 0.43305
vt 0.72677 0.39752
vt 0.73178 0.39244
vt 0.72916 0.35184
vt 0.72256 0.33272
vt 0.72760 0.32762
vt 0.71446 0.39286
vt 0.71184 0.35225
vt 0.71117 0.34179
vt 0.71446 0.39286
vt 0.71708 0.43346
vt 0.71446 0.39286
vt 0.71865 0.45768
vt 0.71207 0.43854
vt 0.71708 0.43346
vt 0.71446 0.39286
vt 0.70683 0.35732
vt 0.71184 0.35225
vt 0.70940 0.39798
vt 0.71207 0.43854
vt 0.71270 0.44905
vt 0.71708 0.43346
vt 0.70945 0.39793
vt 0.71446 0.39286
vt 0.71076 0.33543
vt 0.70683 0.35732
vt 0.70524 0.33313
vt 0.70940 0.39798
vt 0.70683 0.35732
vt 0.70945 0.39793
vt 0.70611 0.34692
vt 0.70524 0.33313
vt 0.70683 0.35732
vt 0.70940 0.39798
vt 0.71446 0.39286
vt 0.71117 0.34179
vt 0.70611 0.34692
vt 0.71117 0.34179
vt 0.70980 0.32064
vt 0.71361 0.46278
vt 0.71865 0.45768
vt 0.71776 0.44392
vt 0.71270 0.44905
vt 0.71776 0.44392
vt 0.71446 0.39286
vt 0.71117 0.34179
vt 0.71184 0.35225
vt 0.71076 0.33543
vt 0.70611 0.34692
vt 0.70980 0.32064
vt 0.70524 0.33313
vt 0.70940 0.39798
vt 0.71117 0.34179
vt 0.70611 0.34692
vt 0.71117 0.34179
vt 0.71076 0.33543
vt 0.70980 0.32064
vt 0.71776 0.44392
vt 0.71865 0.45768
vt 0.71708 0.43346
vt 0.71270 0.44905
vt 0.71446 0.39286
vt 0.70940 0.39798
vt 0.71361 0.46278
vt 0.71776 0.44392
vt 0.71270 0.44905
vt 0.71446 0.39286
vt 0.71776 0.44392
vt 0.71708 0.43346
vt 0.71446 0.39286
vt 0.71446 0.39286
vt 0.71184 0.35225
vt 0.70940 0.39798
vt 0.70611 0.34692
vt 0.70683 0.35732
vt 0.70940 0.39798
vt 0.70945 0.39793
vt 0.71207 0.43854
vt 0.71270 0.44905
vt 0.71207 0.43854
vt 0.71361 0.46278
vt 0.71446 0.39286
vt 0.70945 0.39793
vt 0.70683 0.35732
vt 0.71865 0.45768
vt 0.71361 0.46278
vt 0.71207 0.43854
vt 0.71076 0.33543
vt 0.71184 0.35225
vt 0.70683 0.35732
vt 0.71708 0.43346
vt 0.71207 0.43854
vt 0.70945 0.39793
vt 0.69368 0.39732
vt 0.69038 0.34626
vt 0.69111 0.35666
vt 0.69874 0.39220
vt 0.69373 0.39727
vt 0.69111 0.35666
vt 0.70293 0.45702
vt 0.69789 0.46212
vt 0.69635 0.43788
vt 0.69503 0.33477
vt 0.69612 0.35159
vt 0.69111 0.35666
vt 0.70136 0.43280
vt 0.69635 0.43788
vt 0.69373 0.39727
vt 0.69874 0.39220
vt 0.70204 0.44326
vt 0.70136 0.43280
vt 0.69874 0.39220
vt 0.69874 0.39220
vt 0.69612 0.35159
vt 0.69545 0.34113
vt 0.69612 0.35159
vt 0.69503 0.33477
vt 0.69698 0.44839
vt 0.69635 0.43788
vt 0.69789 0.46212
vt 0.69368 0.39732
vt 0.69373 0.39727
vt 0.69635 0.43788
vt 0.69874 0.39220
vt 0.69111 0.35666
vt 0.69612 0.35159
vt 0.70293 0.45702
vt 0.69635 0.43788
vt 0.70136 0.43280
vt 0.69038 0.34626
vt 0.68952 0.33247
vt 0.69111 0.35666
vt 0.69368 0.39732
vt 0.69111 0.35666
vt 0.69373 0.39727
vt 0.69503 0.33477
vt 0.69111 0.35666
vt 0.68952 0.33247
vt 0.70136 0.43280
vt 0.69373 0.39727
vt 0.69874 0.39220
vt 0.69368 0.39732
vt 0.69635 0.43788
vt 0.69698 0.44839
vt 0.69874 0.39220
vt 0.69612 0.35159
vt 0.69545 0.34113
vt 0.69698 0.44839
vt 0.70204 0.44326
vt 0.69874 0.39220
vt 0.69368 0.39732
vt 0.69874 0.39220
vt 0.69545 0.34113
vt 0.69038 0.34626
vt 0.69545 0.34113
vt 0.69408 0.31998
vt 0.69789 0.46212
vt 0.70293 0.45702
vt 0.70204 0.44326
vt 0.69698 0.44839
vt 0.69874 0.39220
vt 0.69368 0.39732
vt 0.69038 0.34626
vt 0.69408 0.31998
vt 0.68952 0.33247
vt 0.69789 0.46212
vt 0.70204 0.44326
vt 0.69698 0.44839
vt 0.70204 0.44326
vt 0.70293 0.45702
vt 0.70136 0.43280
vt 0.69545 0.34113
vt 0.69503 0.33477
vt 0.69408 0.31998
vt 0.69874 0.39220
vt 0.70136 0.43280
vt 0.69874 0.39220
vt 0.69368 0.39732
vt 0.69545 0.34113
vt 0.69038 0.34626
vt 0.68456 0.43320
vt 0.67693 0.39767
vt 0.68194 0.39259
vt 0.67688 0.39772
vt 0.68194 0.39259
vt 0.67864 0.34153
vt 0.68017 0.44878
vt 0.68523 0.44366
vt 0.68194 0.39259
vt 0.67358 0.34665
vt 0.67864 0.34153
vt 0.67474 0.32294
vt 0.68108 0.46251
vt 0.68612 0.45741
vt 0.68523 0.44366
vt 0.67931 0.35198
vt 0.67322 0.34024
vt 0.67823 0.33516
vt 0.68194 0.39259
vt 0.67430 0.35706
vt 0.67931 0.35198
vt 0.67358 0.34665
vt 0.67322 0.34024
vt 0.67430 0.35706
vt 0.68612 0.45741
vt 0.67955 0.43827
vt 0.68456 0.43320
vt 0.68194 0.39259
vt 0.67931 0.35198
vt 0.67864 0.34153
vt 0.68523 0.44366
vt 0.68612 0.45741
vt 0.68456 0.43320
vt 0.67864 0.34153
vt 0.67823 0.33516
vt 0.67474 0.32294
vt 0.68194 0.39259
vt 0.68456 0.43320
vt 0.68194 0.39259
vt 0.68017 0.44878
vt 0.67955 0.43827
vt 0.68108 0.46251
vt 0.67688 0.39772
vt 0.67693 0.39767
vt 0.67955 0.43827
vt 0.67688 0.39772
vt 0.67864 0.34153
vt 0.67358 0.34665
vt 0.68017 0.44878
vt 0.68194 0.39259
vt 0.67688 0.39772
vt 0.67864 0.34153
vt 0.67931 0.35198
vt 0.67823 0.33516
vt 0.68194 0.39259
vt 0.68194 0.39259
vt 0.67931 0.35198
vt 0.68194 0.39259
vt 0.68523 0.44366
vt 0.68456 0.43320
vt 0.67688 0.39772
vt 0.67430 0.35706
vt 0.67693 0.39767
vt 0.68108 0.46251
vt 0.68523 0.44366
vt 0.68017 0.44878
vt 0.67358 0.34665
vt 0.67474 0.32294
vt 0.67322 0.34024
vt 0.67688 0.39772
vt 0.67358 0.34665
vt 0.67430 0.35706
vt 0.67688 0.39772
vt 0.67955 0.43827
vt 0.68017 0.44878
vt 0.68456 0.43320
vt 0.67955 0.43827
vt 0.67693 0.39767
vt 0.67931 0.35198
vt 0.67430 0.35706
vt 0.67322 0.34024
vt 0.68612 0.45741
vt 0.68108 0.46251
vt 0.67955 0.43827
vt 0.68194 0.39259
vt 0.67693 0.39767
vt 0.67430 0.35706
vt 0.66382 0.44898
vt 0.66888 0.44385
vt 0.66558 0.39279
vt 0.66473 0.46271
vt 0.66976 0.45761
vt 0.66888 0.44385
vt 0.66296 0.35218
vt 0.65636 0.33307
vt 0.66140 0.32797
vt 0.66976 0.45761
vt 0.66319 0.43847
vt 0.66820 0.43340
vt 0.66052 0.39792
vt 0.66228 0.34172
vt 0.65722 0.34685
vt 0.65722 0.34685
vt 0.66140 0.32797
vt 0.65636 0.33307
vt 0.66052 0.39792
vt 0.66558 0.39279
vt 0.66228 0.34172
vt 0.65722 0.34685
vt 0.66228 0.34172
vt 0.66140 0.32797
vt 0.66558 0.39279
vt 0.66319 0.43847
vt 0.66057 0.39786
vt 0.66228 0.34172
vt 0.66296 0.35218
vt 0.66140 0.32797
vt 0.66052 0.39792
vt 0.65722 0.34685
vt 0.65795 0.35726
vt 0.66558 0.39279
vt 0.66888 0.44385
vt 0.66820 0.43340
vt 0.66558 0.39279
vt 0.66558 0.39279
vt 0.66296 0.35218
vt 0.66558 0.39279
vt 0.66296 0.35218
vt 0.66228 0.34172
vt 0.66558 0.39279
vt 0.66820 0.43340
vt 0.66558 0.39279
vt 0.66888 0.44385
vt 0.66976 0.45761
vt 0.66820 0.43340
vt 0.66558 0.39279
vt 0.66820 0.43340
vt 0.66319 0.43847
vt 0.66296 0.35218
vt 0.65795 0.35726
vt 0.65636 0.33307
vt 0.66052 0.39792
vt 0.66057 0.39786
vt 0.66319 0.43847
vt 0.66382 0.44898
vt 0.66319 0.43847
vt 0.66473 0.46271
vt 0.66976 0.45761
vt 0.66473 0.46271
vt 0.66319 0.43847
vt 0.66558 0.39279
vt 0.66057 0.39786
vt 0.65795 0.35726
vt 0.65722 0.34685
vt 0.65636 0.33307
vt 0.65795 0.35726
vt 0.66558 0.39279
vt 0.65795 0.35726
vt 0.66296 0.35218
vt 0.66052 0.39792
vt 0.66319 0.43847
vt 0.66382 0.44898
vt 0.66052 0.39792
vt 0.65795 0.35726
vt 0.66057 0.39786
vt 0.66382 0.44898
vt 0.66558 0.39279
vt 0.66052 0.39792
vt 0.66473 0.46271
vt 0.66888 0.44385
vt 0.66382 0.44898
vt 0.48869 0.34875
vt 0.56483 0.30127
vt 0.56483 0.35041
vt 0.48460 0.36689
vt 0.56483 0.35041
vt 0.56483 0.37499
vt 0.56483 0.35041
vt 0.48460 0.36689
vt 0.56483 0.37499
vt 0.48869 0.30293
vt 0.56483 0.35041
vt 0.56604 0.30344
vt 0.44271 0.31143
vt 0.42039 0.32188
vt 0.43642 0.33906
vt 0.57254 0.35047
vt 0.57139 0.30121
vt 0.57187 0.31407
vt 0.57155 0.35047
vt 0.57139 0.37510
vt 0.57189 0.34853
vt 0.57254 0.30121
vt 0.57192 0.31450
vt 0.57189 0.30316
vt 0.57254 0.35047
vt 0.57166 0.33715
vt 0.57189 0.34853
vt 0.43642 0.33906
vt 0.42051 0.32190
vt 0.44315 0.31116
vt 0.43642 0.33906
vt 0.42066 0.33147
vt 0.44426 0.35577
vt 0.57139 0.30121
vt 0.57139 0.27659
vt 0.57189 0.30316
vt 0.44315 0.31116
vt 0.42039 0.32188
vt 0.43726 0.30127
vt 0.56961 0.30585
vt 0.56605 0.28102
vt 0.57024 0.28545
vt 0.46354 0.34204
vt 0.44271 0.31143
vt 0.43642 0.33906
vt 0.46354 0.34282
vt 0.44315 0.31116
vt 0.46354 0.30939
vt 0.46354 0.34204
vt 0.44426 0.35577
vt 0.46354 0.35954
vt 0.56963 0.36383
vt 0.57155 0.35047
vt 0.56974 0.34530
vt 0.56961 0.30585
vt 0.57024 0.35047
vt 0.57024 0.34604
vt 0.48869 0.30293
vt 0.47963 0.30835
vt 0.48309 0.34485
vt 0.48869 0.34875
vt 0.47963 0.34334
vt 0.48393 0.30574
vt 0.56483 0.35041
vt 0.48309 0.34485
vt 0.48460 0.36689
vt 0.48460 0.36689
vt 0.48869 0.34875
vt 0.56483 0.35041
vt 0.48869 0.34875
vt 0.48393 0.30574
vt 0.56483 0.30127
vt 0.48460 0.36689
vt 0.46354 0.35954
vt 0.46354 0.34282
vt 0.56483 0.30127
vt 0.48393 0.30574
vt 0.48387 0.28564
vt 0.48387 0.28564
vt 0.48869 0.30293
vt 0.56604 0.30344
vt 0.48869 0.30293
vt 0.48309 0.34485
vt 0.56483 0.35041
vt 0.43642 0.33906
vt 0.42066 0.33147
vt 0.42059 0.32832
vt 0.42051 0.32190
vt 0.42059 0.32832
vt 0.42039 0.32188
vt 0.42066 0.33147
vt 0.42039 0.32188
vt 0.42059 0.32832
vt 0.43642 0.33906
vt 0.42039 0.32188
vt 0.42066 0.33147
vt 0.56483 0.35041
vt 0.56963 0.36383
vt 0.56974 0.34530
vt 0.56604 0.30344
vt 0.57024 0.28545
vt 0.56605 0.28102
vt 0.56961 0.30585
vt 0.57024 0.34604
vt 0.56732 0.34604
vt 0.56974 0.34530
vt 0.57024 0.30269
vt 0.56604 0.30344
vt 0.48309 0.34485
vt 0.46354 0.35954
vt 0.48460 0.36689
vt 0.48387 0.28564
vt 0.46354 0.30913
vt 0.47963 0.30835
vt 0.56483 0.35041
vt 0.56963 0.36383
vt 0.56483 0.37499
vt 0.56483 0.30127
vt 0.56605 0.28102
vt 0.56961 0.30585
vt 0.56483 0.30127
vt 0.48387 0.28564
vt 0.56605 0.28102
vt 0.48387 0.28564
vt 0.56604 0.30344
vt 0.56605 0.28102
vt 0.46354 0.30939
vt 0.46347 0.29223
vt 0.46353 0.29086
vt 0.57189 0.34853
vt 0.57136 0.33747
vt 0.57254 0.33761
vt 0.57187 0.31407
vt 0.57189 0.30316
vt 0.57190 0.31493
vt 0.57139 0.30121
vt 0.57189 0.30316
vt 0.57187 0.31407
vt 0.57254 0.35047
vt 0.57187 0.31407
vt 0.57166 0.33715
vt 0.57155 0.35047
vt 0.57189 0.34853
vt 0.57254 0.33761
vt 0.57254 0.30121
vt 0.57189 0.30316
vt 0.57139 0.27659
vt 0.57254 0.35047
vt 0.57189 0.34853
vt 0.57139 0.37510
vt 0.57024 0.28545
vt 0.57024 0.30269
vt 0.57139 0.27659
vt 0.48387 0.28564
vt 0.46353 0.29086
vt 0.46354 0.30913
vt 0.56483 0.35041
vt 0.56732 0.34604
vt 0.56963 0.36383
vt 0.56483 0.35041
vt 0.56974 0.34530
vt 0.56604 0.30344
vt 0.56483 0.35041
vt 0.56483 0.30127
vt 0.56961 0.30585
vt 0.56483 0.35041
vt 0.56483 0.37499
vt 0.56963 0.36383
vt 0.56604 0.30344
vt 0.57024 0.30269
vt 0.57024 0.28545
vt 0.47963 0.30835
vt 0.46354 0.30913
vt 0.46354 0.34204
vt 0.48387 0.28564
vt 0.48393 0.30574
vt 0.46354 0.30939
vt 0.47963 0.34334
vt 0.46354 0.34282
vt 0.46354 0.30939
vt 0.48309 0.34485
vt 0.46354 0.34204
vt 0.46354 0.35954
vt 0.57187 0.31407
vt 0.57190 0.31493
vt 0.57166 0.33715
vt 0.57155 0.35047
vt 0.57254 0.33761
vt 0.57192 0.31450
vt 0.46354 0.30913
vt 0.46353 0.29086
vt 0.46347 0.29223
vt 0.56974 0.34530
vt 0.57155 0.35047
vt 0.57024 0.30269
vt 0.56963 0.36383
vt 0.57024 0.34604
vt 0.57024 0.35047
vt 0.57139 0.27659
vt 0.57024 0.30269
vt 0.57254 0.30121
vt 0.57024 0.35047
vt 0.57254 0.35047
vt 0.57139 0.37510
vt 0.56732 0.34604
vt 0.57024 0.34604
vt 0.56963 0.36383
vt 0.56963 0.36383
vt 0.57139 0.37510
vt 0.57155 0.35047
vt 0.56961 0.30585
vt 0.57139 0.30121
vt 0.57024 0.35047
vt 0.57024 0.28545
vt 0.57139 0.27659
vt 0.57139 0.30121
vt 0.57155 0.35047
vt 0.57254 0.30121
vt 0.57024 0.30269
vt 0.57155 0.35047
vt 0.57192 0.31450
vt 0.57254 0.30121
vt 0.57024 0.28545
vt 0.57139 0.30121
vt 0.56961 0.30585
vt 0.56963 0.36383
vt 0.57024 0.35047
vt 0.57139 0.37510
vt 0.57139 0.30121
vt 0.57254 0.35047
vt 0.57024 0.35047
vt 0.56483 0.35041
vt 0.56961 0.30585
vt 0.56732 0.34604
vt 0.57192 0.31450
vt 0.57254 0.33761
vt 0.57136 0.33747
vt 0.46354 0.34282
vt 0.46354 0.35954
vt 0.44426 0.35577
vt 0.46354 0.34204
vt 0.46354 0.30913
vt 0.44271 0.31143
vt 0.57189 0.30316
vt 0.57192 0.31450
vt 0.57190 0.31493
vt 0.57243 0.33676
vt 0.57189 0.34853
vt 0.57243 0.33676
vt 0.57166 0.33715
vt 0.57243 0.33676
vt 0.57189 0.34853
vt 0.57136 0.33747
vt 0.57243 0.33676
vt 0.57192 0.31450
vt 0.57243 0.33676
vt 0.57190 0.31493
vt 0.57192 0.31450
vt 0.57189 0.34853
vt 0.57243 0.33676
vt 0.57136 0.33747
vt 0.57190 0.31493
vt 0.57243 0.33676
vt 0.57166 0.33715
vt 0.57192 0.31450
vt 0.57243 0.33676
vt 0.57243 0.33676
vt 0.42051 0.32190
vt 0.43642 0.33906
vt 0.42059 0.32832
vt 0.46354 0.30913
vt 0.46347 0.29223
vt 0.44271 0.31143
vt 0.44315 0.31116
vt 0.43726 0.30127
vt 0.46347 0.29223
vt 0.46354 0.34282
vt 0.44426 0.35577
vt 0.43642 0.33906
vt 0.44315 0.31116
vt 0.42051 0.32190
vt 0.42039 0.32188
vt 0.44271 0.31143
vt 0.43726 0.30127
vt 0.42039 0.32188
vt 0.46354 0.30939
vt 0.44315 0.31116
vt 0.46347 0.29223
vt 0.46354 0.34282
vt 0.43642 0.33906
vt 0.44315 0.31116
vt 0.46354 0.34204
vt 0.43642 0.33906
vt 0.44426 0.35577
vt 0.43642 0.33906
vt 0.44426 0.35577
vt 0.42066 0.33147
vt 0.44271 0.31143
vt 0.46347 0.29223
vt 0.43726 0.30127
vt 0.47963 0.30835
vt 0.46354 0.34204
vt 0.48309 0.34485
vt 0.48387 0.28564
vt 0.46354 0.30939
vt 0.46353 0.29086
vt 0.47963 0.34334
vt 0.46354 0.30939
vt 0.48393 0.30574
vt 0.48460 0.36689
vt 0.46354 0.34282
vt 0.47963 0.34334
vt 0.48869 0.30293
vt 0.48387 0.28564
vt 0.47963 0.30835
vt 0.48869 0.34875
vt 0.48460 0.36689
vt 0.47963 0.34334
vt 0.72681 0.34707
vt 0.72718 0.34067
vt 0.72620 0.35759
vt 0.71576 0.44518
vt 0.71499 0.45905
vt 0.71642 0.43471
vt 0.72146 0.43930
vt 0.71879 0.39386
vt 0.71642 0.43471
vt 0.72383 0.39845
vt 0.72116 0.35301
vt 0.71879 0.39386
vt 0.72005 0.46366
vt 0.71642 0.43471
vt 0.71499 0.45905
vt 0.72172 0.34244
vt 0.72214 0.33609
vt 0.72550 0.32348
vt 0.71874 0.39381
vt 0.72116 0.35301
vt 0.72172 0.34244
vt 0.72383 0.39845
vt 0.72085 0.44982
vt 0.71576 0.44518
vt 0.72085 0.44982
vt 0.72005 0.46366
vt 0.71499 0.45905
vt 0.72681 0.34707
vt 0.72383 0.39845
vt 0.71874 0.39381
vt 0.71874 0.39381
vt 0.71576 0.44518
vt 0.71642 0.43471
vt 0.72620 0.35759
vt 0.72718 0.34067
vt 0.72214 0.33609
vt 0.72383 0.39845
vt 0.72383 0.39845
vt 0.72146 0.43930
vt 0.72681 0.34707
vt 0.72550 0.32348
vt 0.72718 0.34067
vt 0.72085 0.44982
vt 0.72146 0.43930
vt 0.72005 0.46366
vt 0.72146 0.43930
vt 0.72383 0.39845
vt 0.71879 0.39386
vt 0.72620 0.35759
vt 0.72214 0.33609
vt 0.72116 0.35301
vt 0.72383 0.39845
vt 0.72146 0.43930
vt 0.72085 0.44982
vt 0.72085 0.44982
vt 0.71499 0.45905
vt 0.71576 0.44518
vt 0.72383 0.39845
vt 0.71576 0.44518
vt 0.71874 0.39381
vt 0.71874 0.39381
vt 0.71879 0.39386
vt 0.72116 0.35301
vt 0.72172 0.34244
vt 0.72116 0.35301
vt 0.72214 0.33609
vt 0.72005 0.46366
vt 0.72146 0.43930
vt 0.71642 0.43471
vt 0.72383 0.39845
vt 0.72620 0.35759
vt 0.72116 0.35301
vt 0.72550 0.32348
vt 0.72681 0.34707
vt 0.72172 0.34244
vt 0.72383 0.39845
vt 0.72681 0.34707
vt 0.72620 0.35759
vt 0.72383 0.39845
vt 0.72620 0.35759
vt 0.72383 0.39845
vt 0.71874 0.39381
vt 0.71642 0.43471
vt 0.71879 0.39386
vt 0.72681 0.34707
vt 0.71874 0.39381
vt 0.72172 0.34244
vt 0.70949 0.34749
vt 0.70651 0.39886
vt 0.70142 0.39422
vt 0.71029 0.33365
vt 0.70949 0.34749
vt 0.70440 0.34285
vt 0.70651 0.39886
vt 0.70949 0.34749
vt 0.70888 0.35801
vt 0.70353 0.45023
vt 0.70273 0.46407
vt 0.69767 0.45946
vt 0.70651 0.39886
vt 0.70651 0.39886
vt 0.70414 0.43971
vt 0.70273 0.46407
vt 0.70414 0.43971
vt 0.69910 0.43512
vt 0.70888 0.35801
vt 0.70384 0.35342
vt 0.70147 0.39427
vt 0.70651 0.39886
vt 0.70353 0.45023
vt 0.69844 0.44560
vt 0.70651 0.39886
vt 0.70147 0.39427
vt 0.69910 0.43512
vt 0.70353 0.45023
vt 0.70414 0.43971
vt 0.70273 0.46407
vt 0.70888 0.35801
vt 0.71029 0.33365
vt 0.70523 0.32904
vt 0.70142 0.39422
vt 0.69844 0.44560
vt 0.69910 0.43512
vt 0.70142 0.39422
vt 0.70384 0.35342
vt 0.70440 0.34285
vt 0.70651 0.39886
vt 0.69844 0.44560
vt 0.70142 0.39422
vt 0.70353 0.45023
vt 0.69767 0.45946
vt 0.69844 0.44560
vt 0.70651 0.39886
vt 0.70888 0.35801
vt 0.70651 0.39886
vt 0.71029 0.33365
vt 0.70440 0.34285
vt 0.70523 0.32904
vt 0.70949 0.34749
vt 0.70142 0.39422
vt 0.70440 0.34285
vt 0.70142 0.39422
vt 0.69910 0.43512
vt 0.70147 0.39427
vt 0.70888 0.35801
vt 0.70523 0.32904
vt 0.70384 0.35342
vt 0.70651 0.39886
vt 0.70414 0.43971
vt 0.70353 0.45023
vt 0.70949 0.34749
vt 0.71029 0.33365
vt 0.70888 0.35801
vt 0.69844 0.44560
vt 0.69767 0.45946
vt 0.69910 0.43512
vt 0.70651 0.39886
vt 0.69910 0.43512
vt 0.70414 0.43971
vt 0.70888 0.35801
vt 0.70147 0.39427
vt 0.70651 0.39886
vt 0.70273 0.46407
vt 0.69910 0.43512
vt 0.69767 0.45946
vt 0.70142 0.39422
vt 0.70147 0.39427
vt 0.70384 0.35342
vt 0.70440 0.34285
vt 0.70384 0.35342
vt 0.70523 0.32904
vt 0.69079 0.39820
vt 0.69316 0.35735
vt 0.69079 0.39820
vt 0.69079 0.39820
vt 0.68272 0.44493
vt 0.68570 0.39356
vt 0.68781 0.44957
vt 0.68194 0.45880
vt 0.68272 0.44493
vt 0.69377 0.34683
vt 0.68570 0.39356
vt 0.68868 0.34219
vt 0.68570 0.39356
vt 0.68338 0.43446
vt 0.68575 0.39361
vt 0.69079 0.39820
vt 0.69377 0.34683
vt 0.69316 0.35735
vt 0.69246 0.32323
vt 0.69377 0.34683
vt 0.68868 0.34219
vt 0.69079 0.39820
vt 0.69079 0.39820
vt 0.68842 0.43905
vt 0.69316 0.35735
vt 0.69414 0.34042
vt 0.68910 0.33584
vt 0.68570 0.39356
vt 0.68272 0.44493
vt 0.68338 0.43446
vt 0.69377 0.34683
vt 0.69079 0.39820
vt 0.68570 0.39356
vt 0.68842 0.43905
vt 0.69079 0.39820
vt 0.68575 0.39361
vt 0.68781 0.44957
vt 0.68842 0.43905
vt 0.68701 0.46341
vt 0.69377 0.34683
vt 0.69246 0.32323
vt 0.69414 0.34042
vt 0.69079 0.39820
vt 0.69316 0.35735
vt 0.68812 0.35276
vt 0.68842 0.43905
vt 0.68338 0.43446
vt 0.68194 0.45880
vt 0.68868 0.34219
vt 0.68812 0.35276
vt 0.68910 0.33584
vt 0.68570 0.39356
vt 0.68575 0.39361
vt 0.68812 0.35276
vt 0.69079 0.39820
vt 0.68781 0.44957
vt 0.68272 0.44493
vt 0.68781 0.44957
vt 0.68701 0.46341
vt 0.68194 0.45880
vt 0.68570 0.39356
vt 0.68812 0.35276
vt 0.68868 0.34219
vt 0.68868 0.34219
vt 0.68910 0.33584
vt 0.69246 0.32323
vt 0.69079 0.39820
vt 0.68842 0.43905
vt 0.68781 0.44957
vt 0.69316 0.35735
vt 0.68910 0.33584
vt 0.68812 0.35276
vt 0.68842 0.43905
vt 0.68194 0.45880
vt 0.68701 0.46341
vt 0.69079 0.39820
vt 0.68812 0.35276
vt 0.68575 0.39361
vt 0.68842 0.43905
vt 0.68575 0.39361
vt 0.68338 0.43446
vt 0.68272 0.44493
vt 0.68194 0.45880
vt 0.68338 0.43446
vt 0.69377 0.34683
vt 0.69414 0.34042
vt 0.69316 0.35735
vt 0.67696 0.34722
vt 0.67733 0.34082
vt 0.67635 0.35774
vt 0.67187 0.34259
vt 0.67229 0.33624
vt 0.67565 0.32363
vt 0.67101 0.44996
vt 0.66514 0.45919
vt 0.66592 0.44533
vt 0.67399 0.39859
vt 0.67635 0.35774
vt 0.67399 0.39859
vt 0.66889 0.39396
vt 0.66658 0.43486
vt 0.66895 0.39401
vt 0.67696 0.34722
vt 0.66889 0.39396
vt 0.67187 0.34259
vt 0.66889 0.39396
vt 0.67131 0.35316
vt 0.67187 0.34259
vt 0.67101 0.44996
vt 0.67162 0.43944
vt 0.67020 0.46380
vt 0.67696 0.34722
vt 0.67565 0.32363
vt 0.67733 0.34082
vt 0.67162 0.43944
vt 0.67399 0.39859
vt 0.66895 0.39401
vt 0.66889 0.39396
vt 0.66592 0.44533
vt 0.66658 0.43486
vt 0.67635 0.35774
vt 0.67733 0.34082
vt 0.67229 0.33624
vt 0.67399 0.39859
vt 0.67399 0.39859
vt 0.67162 0.43944
vt 0.67162 0.43944
vt 0.66658 0.43486
vt 0.66514 0.45919
vt 0.67187 0.34259
vt 0.67131 0.35316
vt 0.67229 0.33624
vt 0.67399 0.39859
vt 0.67635 0.35774
vt 0.67131 0.35316
vt 0.66889 0.39396
vt 0.66895 0.39401
vt 0.67131 0.35316
vt 0.67696 0.34722
vt 0.67399 0.39859
vt 0.66889 0.39396
vt 0.67162 0.43944
vt 0.66514 0.45919
vt 0.67020 0.46380
vt 0.67399 0.39859
vt 0.67131 0.35316
vt 0.66895 0.39401
vt 0.67399 0.39859
vt 0.66592 0.44533
vt 0.66889 0.39396
vt 0.67635 0.35774
vt 0.67229 0.33624
vt 0.67131 0.35316
vt 0.67399 0.39859
vt 0.67162 0.43944
vt 0.67101 0.44996
vt 0.66592 0.44533
vt 0.66514 0.45919
vt 0.66658 0.43486
vt 0.67162 0.43944
vt 0.66895 0.39401
vt 0.66658 0.43486
vt 0.67399 0.39859
vt 0.67696 0.34722
vt 0.67635 0.35774
vt 0.67565 0.32363
vt 0.67696 0.34722
vt 0.67187 0.34259
vt 0.67399 0.39859
vt 0.67101 0.44996
vt 0.66592 0.44533
vt 0.67101 0.44996
vt 0.67020 0.46380
vt 0.66514 0.45919
vt 0.66061 0.34742
vt 0.66141 0.33358
vt 0.66000 0.35794
vt 0.66000 0.35794
vt 0.65259 0.39421
vt 0.65763 0.39879
vt 0.65526 0.43964
vt 0.64878 0.45939
vt 0.65385 0.46400
vt 0.64956 0.44553
vt 0.64878 0.45939
vt 0.65022 0.43506
vt 0.65526 0.43964
vt 0.65259 0.39421
vt 0.65022 0.43506
vt 0.66141 0.33358
vt 0.65552 0.34279
vt 0.65635 0.32897
vt 0.65254 0.39416
vt 0.65496 0.35335
vt 0.65552 0.34279
vt 0.66061 0.34742
vt 0.65254 0.39416
vt 0.65552 0.34279
vt 0.65254 0.39416
vt 0.65022 0.43506
vt 0.65259 0.39421
vt 0.66000 0.35794
vt 0.65635 0.32897
vt 0.65496 0.35335
vt 0.65763 0.39879
vt 0.66000 0.35794
vt 0.65763 0.39879
vt 0.65465 0.45016
vt 0.64878 0.45939
vt 0.64956 0.44553
vt 0.65763 0.39879
vt 0.64956 0.44553
vt 0.65254 0.39416
vt 0.65763 0.39879
vt 0.65526 0.43964
vt 0.65465 0.45016
vt 0.66141 0.33358
vt 0.66061 0.34742
vt 0.65552 0.34279
vt 0.65763 0.39879
vt 0.66061 0.34742
vt 0.66000 0.35794
vt 0.66000 0.35794
vt 0.65496 0.35335
vt 0.65259 0.39421
vt 0.65526 0.43964
vt 0.65022 0.43506
vt 0.64878 0.45939
vt 0.65552 0.34279
vt 0.65496 0.35335
vt 0.65635 0.32897
vt 0.65254 0.39416
vt 0.65259 0.39421
vt 0.65496 0.35335
vt 0.65526 0.43964
vt 0.65763 0.39879
vt 0.65259 0.39421
vt 0.65763 0.39879
vt 0.65465 0.45016
vt 0.64956 0.44553
vt 0.65465 0.45016
vt 0.65385 0.46400
vt 0.64878 0.45939
vt 0.65465 0.45016
vt 0.65526 0.43964
vt 0.65385 0.46400
vt 0.65763 0.39879
vt 0.65763 0.39879
vt 0.65526 0.43964
vt 0.66000 0.35794
vt 0.66141 0.33358
vt 0.65635 0.32897
vt 0.65254 0.39416
vt 0.64956 0.44553
vt 0.65022 0.43506
vt 0.66061 0.34742
vt 0.65763 0.39879
vt 0.65254 0.39416
vt 0.64274 0.32257
vt 0.64405 0.34616
vt 0.63896 0.34153
vt 0.64107 0.39754
vt 0.64405 0.34616
vt 0.64344 0.35668
vt 0.63810 0.44891
vt 0.63729 0.46275
vt 0.63223 0.45814
vt 0.63598 0.39290
vt 0.63840 0.35210
vt 0.63896 0.34153
vt 0.64344 0.35668
vt 0.63603 0.39295
vt 0.64107 0.39754
vt 0.63810 0.44891
vt 0.63223 0.45814
vt 0.63300 0.44427
vt 0.64405 0.34616
vt 0.63598 0.39290
vt 0.63896 0.34153
vt 0.63871 0.43839
vt 0.63603 0.39295
vt 0.63367 0.43380
vt 0.63300 0.44427
vt 0.63223 0.45814
vt 0.63367 0.43380
vt 0.63729 0.46275
vt 0.63367 0.43380
vt 0.63223 0.45814
vt 0.63871 0.43839
vt 0.64107 0.39754
vt 0.63603 0.39295
vt 0.63896 0.34153
vt 0.64190 0.33747
vt 0.64274 0.32257
vt 0.64107 0.39754
vt 0.64344 0.35668
vt 0.64107 0.39754
vt 0.64107 0.39754
vt 0.63810 0.44891
vt 0.63300 0.44427
vt 0.64107 0.39754
vt 0.63300 0.44427
vt 0.63598 0.39290
vt 0.64190 0.33747
vt 0.63840 0.35210
vt 0.64344 0.35668
vt 0.63598 0.39290
vt 0.63367 0.43380
vt 0.63603 0.39295
vt 0.64344 0.35668
vt 0.63840 0.35210
vt 0.63603 0.39295
vt 0.63729 0.46275
vt 0.63871 0.43839
vt 0.63367 0.43380
vt 0.63896 0.34153
vt 0.63840 0.35210
vt 0.64190 0.33747
vt 0.63598 0.39290
vt 0.63603 0.39295
vt 0.63840 0.35210
vt 0.64405 0.34616
vt 0.64190 0.33747
vt 0.64344 0.35668
vt 0.64107 0.39754
vt 0.63871 0.43839
vt 0.63810 0.44891
vt 0.63598 0.39290
vt 0.63300 0.44427
vt 0.63367 0.43380
vt 0.64405 0.34616
vt 0.64107 0.39754
vt 0.63598 0.39290
vt 0.64107 0.39754
vt 0.64107 0.39754
vt 0.63871 0.43839
vt 0.63810 0.44891
vt 0.63871 0.43839
vt 0.63729 0.46275
vt 0.64405 0.34616
vt 0.64274 0.32257
vt 0.64190 0.33747
vt 0.62008 0.44477
vt 0.62008 0.39977
vt 0.62008 0.39977
vt 0.62008 0.44477
vt 0.62008 0.44477
vt 0.70327 0.44477
vt 0.62008 0.44477
vt 0.62008 0.39977
vt 0.70327 0.39977
vt 0.70327 0.39977
vt 0.62008 0.39977
vt 0.62008 0.35477
vt 0.62008 0.35477
vt 0.62008 0.35477
vt 0.70327 0.35477
vt 0.70327 0.35477
vt 0.70327 0.35477
vt 0.70327 0.39977
vt 0.70327 0.39977
vt 0.70327 0.44477
vt 0.70327 0.44477
vt 0.70327 0.44477
vt 0.70327 0.39977
vt 0.70327 0.39977
vt 0.70327 0.39977
vt 0.62008 0.35477
vt 0.70327 0.35477
vt 0.62008 0.35477
vt 0.70327 0.35477
vt 0.70327 0.35477
vt 0.62008 0.35477
vt 0.70327 0.39977
vt 0.70327 0.35477
vt 0.62008 0.39977
vt 0.70327 0.44477
vt 0.70327 0.39977
vt 0.62008 0.35477
vt 0.62008 0.39977
vt 0.70327 0.39977
vt 0.62008 0.39977
vt 0.62008 0.44477
vt 0.70327 0.44477
vt 0.62008 0.35477
vt 0.62008 0.35477
vt 0.62008 0.39977
vt 0.62008 0.39977
vt 0.62008 0.44477
vt 0.62008 0.44477
vt 0.62008 0.39977
vt 0.62008 0.39977
vt 0.62008 0.35477
vt 0.62008 0.44477
vt 0.70327 0.44477
vt 0.70327 0.44477
vt 0.62008 0.44477
vt 0.70327 0.39977
vt 0.70327 0.44477
vt 0.70327 0.35477
vt 0.70327 0.39977
vt 0.70327 0.39977
vt 0.62184 0.66649
vt 0.63623 0.66084
vt 0.63610 0.63821
vt 0.62155 0.66616
vt 0.63591 0.66167
vt 0.63567 0.71460
vt 0.70596 0.71413
vt 0.70596 0.78382
vt 0.70596 0.76801
vt 0.68004 0.78382
vt 0.68004 0.81268
vt 0.70596 0.81268
vt 0.45923 0.65140
vt 0.37438 0.62478
vt 0.45923 0.66977
vt 0.63610 0.63821
vt 0.68004 0.64443
vt 0.63591 0.66167
vt 0.70596 0.71413
vt 0.70596 0.64443
vt 0.70596 0.66024
vt 0.70596 0.64443
vt 0.70596 0.66024
vt 0.70596 0.63792
vt 0.70596 0.66024
vt 0.69858 0.66024
vt 0.69858 0.63792
vt 0.70596 0.76801
vt 0.69858 0.76801
vt 0.69858 0.71413
vt 0.70596 0.79033
vt 0.70596 0.76801
vt 0.69858 0.76801
vt 0.70596 0.63792
vt 0.69858 0.63792
vt 0.69858 0.66024
vt 0.70596 0.71413
vt 0.69858 0.71413
vt 0.69858 0.66024
vt 0.70596 0.61557
vt 0.68004 0.64443
vt 0.70596 0.64443
vt 0.70596 0.71413
vt 0.70596 0.71413
vt 0.70596 0.76801
vt 0.70596 0.78382
vt 0.70596 0.81268
vt 0.70596 0.79033
vt 0.70596 0.71413
vt 0.70596 0.71413
vt 0.70596 0.66024
vt 0.70596 0.64443
vt 0.70596 0.61557
vt 0.70596 0.63792
vt 0.70596 0.78382
vt 0.70596 0.76801
vt 0.70596 0.79033
vt 0.70596 0.71413
vt 0.70596 0.66024
vt 0.69858 0.66024
vt 0.70596 0.71413
vt 0.68004 0.78382
vt 0.70596 0.78382
vt 0.61971 0.75848
vt 0.45923 0.77685
vt 0.45923 0.75848
vt 0.62184 0.78276
vt 0.45923 0.75848
vt 0.45923 0.77685
vt 0.45923 0.75848
vt 0.62094 0.71413
vt 0.45923 0.71413
vt 0.62094 0.71413
vt 0.45923 0.66977
vt 0.45923 0.71413
vt 0.62184 0.66649
vt 0.45923 0.65140
vt 0.45923 0.66977
vt 0.68004 0.71413
vt 0.70596 0.71413
vt 0.70596 0.78382
vt 0.62338 0.76569
vt 0.63591 0.76658
vt 0.63544 0.71413
vt 0.62184 0.78276
vt 0.62338 0.76569
vt 0.63563 0.76661
vt 0.62338 0.64120
vt 0.63610 0.63821
vt 0.63591 0.66167
vt 0.62184 0.66649
vt 0.62094 0.71413
vt 0.63544 0.71413
vt 0.62184 0.78276
vt 0.63485 0.78705
vt 0.63591 0.76658
vt 0.62155 0.71413
vt 0.63567 0.71460
vt 0.63563 0.76661
vt 0.61971 0.75848
vt 0.62155 0.71413
vt 0.62338 0.76569
vt 0.62184 0.78276
vt 0.62338 0.76569
vt 0.61971 0.75848
vt 0.61971 0.65140
vt 0.62184 0.66649
vt 0.62338 0.64120
vt 0.63485 0.78705
vt 0.63563 0.76661
vt 0.63829 0.79389
vt 0.63623 0.66084
vt 0.68004 0.71413
vt 0.68004 0.64443
vt 0.45923 0.77685
vt 0.37438 0.80347
vt 0.37438 0.84047
vt 0.63829 0.79389
vt 0.68004 0.78382
vt 0.68004 0.81268
vt 0.45923 0.77685
vt 0.45923 0.75848
vt 0.37438 0.80347
vt 0.61971 0.75848
vt 0.62184 0.78276
vt 0.45923 0.77685
vt 0.62184 0.78276
vt 0.61971 0.75848
vt 0.45923 0.75848
vt 0.45923 0.75848
vt 0.61971 0.75848
vt 0.62094 0.71413
vt 0.62094 0.71413
vt 0.62184 0.66649
vt 0.45923 0.66977
vt 0.62184 0.66649
vt 0.61971 0.65140
vt 0.45923 0.65140
vt 0.45923 0.75848
vt 0.37438 0.71413
vt 0.37438 0.80347
vt 0.45923 0.65140
vt 0.37438 0.62478
vt 0.37438 0.58778
vt 0.45923 0.77685
vt 0.37438 0.80347
vt 0.45923 0.75848
vt 0.45923 0.66977
vt 0.37438 0.71413
vt 0.45923 0.71413
vt 0.45923 0.66977
vt 0.37438 0.71413
vt 0.37438 0.62478
vt 0.45923 0.75848
vt 0.37438 0.71413
vt 0.45923 0.71413
vt 0.63610 0.63821
vt 0.68004 0.61557
vt 0.68004 0.64443
vt 0.63623 0.66084
vt 0.63544 0.71413
vt 0.68004 0.71413
vt 0.63485 0.78705
vt 0.63829 0.79389
vt 0.63591 0.76658
vt 0.61971 0.65140
vt 0.62155 0.66616
vt 0.45923 0.66977
vt 0.62155 0.66616
vt 0.62155 0.71413
vt 0.45923 0.71413
vt 0.63829 0.79389
vt 0.68004 0.81268
vt 0.68004 0.78382
vt 0.63563 0.76661
vt 0.63567 0.71460
vt 0.68004 0.71413
vt 0.63591 0.66167
vt 0.68004 0.64443
vt 0.68004 0.71413
vt 0.63610 0.63821
vt 0.63623 0.66084
vt 0.68004 0.64443
vt 0.63591 0.76658
vt 0.68004 0.78382
vt 0.68004 0.71413
vt 0.63829 0.79389
vt 0.63563 0.76661
vt 0.68004 0.78382
vt 0.70596 0.79033
vt 0.69858 0.76801
vt 0.69858 0.79033
vt 0.70596 0.63792
vt 0.69858 0.66024
vt 0.70596 0.66024
vt 0.70596 0.71413
vt 0.69858 0.66024
vt 0.70596 0.66024
vt 0.70596 0.79033
vt 0.69858 0.76801
vt 0.70596 0.76801
vt 0.70596 0.76801
vt 0.69858 0.71413
vt 0.69858 0.76801
vt 0.68004 0.78382
vt 0.70596 0.81268
vt 0.68004 0.81268
vt 0.68004 0.71413
vt 0.68004 0.78382
vt 0.70596 0.71413
vt 0.68004 0.61557
vt 0.68004 0.64443
vt 0.70596 0.61557
vt 0.61971 0.65140
vt 0.45923 0.66977
vt 0.45923 0.65140
vt 0.62155 0.66616
vt 0.45923 0.71413
vt 0.45923 0.66977
vt 0.62155 0.71413
vt 0.45923 0.75848
vt 0.45923 0.71413
vt 0.63829 0.79389
vt 0.68004 0.78382
vt 0.63591 0.76658
vt 0.63563 0.76661
vt 0.68004 0.71413
vt 0.68004 0.78382
vt 0.63591 0.66167
vt 0.68004 0.71413
vt 0.63567 0.71460
vt 0.63610 0.63821
vt 0.68004 0.64443
vt 0.68004 0.61557
vt 0.63591 0.76658
vt 0.68004 0.71413
vt 0.63544 0.71413
vt 0.45923 0.75848
vt 0.45923 0.71413
vt 0.37438 0.71413
vt 0.45923 0.65140
vt 0.45923 0.66977
vt 0.37438 0.62478
vt 0.45923 0.77685
vt 0.37438 0.84047
vt 0.37438 0.80347
vt 0.45923 0.66977
vt 0.37438 0.62478
vt 0.37438 0.71413
vt 0.45923 0.66977
vt 0.45923 0.71413
vt 0.37438 0.71413
vt 0.45923 0.75848
vt 0.37438 0.80347
vt 0.37438 0.71413
vt 0.62184 0.78276
vt 0.61971 0.75848
vt 0.62338 0.76569
vt 0.62338 0.64120
vt 0.63591 0.66167
vt 0.62155 0.66616
vt 0.62184 0.78276
vt 0.63563 0.76661
vt 0.63485 0.78705
vt 0.62338 0.76569
vt 0.63544 0.71413
vt 0.62094 0.71413
vt 0.62155 0.66616
vt 0.63567 0.71460
vt 0.62155 0.71413
vt 0.62155 0.71413
vt 0.63563 0.76661
vt 0.62338 0.76569
vt 0.69858 0.71413
vt 0.69858 0.76801
vt 0.69858 0.76801
vt 0.69858 0.76801
vt 0.69858 0.71413
vt 0.69858 0.71413
vt 0.45923 0.65140
vt 0.37438 0.58778
vt 0.37438 0.62478
vt 0.62155 0.71413
vt 0.61971 0.75848
vt 0.45923 0.75848
vt 0.61971 0.75848
vt 0.62338 0.76569
vt 0.62094 0.71413
vt 0.61971 0.65140
vt 0.62338 0.64120
vt 0.62155 0.66616
vt 0.70596 0.71413
vt 0.70596 0.66024
vt 0.70596 0.71413
vt 0.70596 0.64443
vt 0.70596 0.63792
vt 0.70596 0.61557
vt 0.70596 0.66024
vt 0.69858 0.63792
vt 0.70596 0.63792
vt 0.70596 0.76801
vt 0.69858 0.71413
vt 0.70596 0.71413
vt 0.68004 0.78382
vt 0.70596 0.81268
vt 0.70596 0.78382
vt 0.70596 0.64443
vt 0.70596 0.71413
vt 0.68004 0.71413
vt 0.70596 0.71413
vt 0.70596 0.76801
vt 0.70596 0.78382
vt 0.70596 0.78382
vt 0.70596 0.79033
vt 0.70596 0.76801
vt 0.70596 0.71413
vt 0.70596 0.66024
vt 0.70596 0.64443
vt 0.70596 0.64443
vt 0.70596 0.63792
vt 0.70596 0.66024
vt 0.68004 0.71413
vt 0.70596 0.78382
vt 0.68004 0.78382
vt 0.68004 0.61557
vt 0.70596 0.64443
vt 0.68004 0.64443
vt 0.68004 0.64443
vt 0.68004 0.71413
vt 0.70596 0.71413
vt 0.68004 0.61557
vt 0.70596 0.61557
vt 0.70596 0.64443
vt 0.70596 0.79033
vt 0.69858 0.79033
vt 0.69858 0.76801
vt 0.70596 0.76801
vt 0.70596 0.71413
vt 0.69858 0.71413
vt 0.68004 0.64443
vt 0.70596 0.71413
vt 0.70596 0.64443
vt 0.70596 0.71413
vt 0.70596 0.76801
vt 0.70596 0.71413
vt 0.62184 0.78276
vt 0.63591 0.76658
vt 0.62338 0.76569
vt 0.62184 0.66649
vt 0.63544 0.71413
vt 0.63623 0.66084
vt 0.69858 0.66024
vt 0.69858 0.71413
vt 0.69858 0.71413
vt 0.69858 0.79033
vt 0.69858 0.76801
vt 0.69858 0.76801
vt 0.69858 0.71413
vt 0.69858 0.66024
vt 0.69858 0.66024
vt 0.69858 0.63792
vt 0.69858 0.66024
vt 0.69858 0.66024
vt 0.68004 0.64443
vt 0.70596 0.64443
vt 0.68004 0.71413
vt 0.68004 0.78382
vt 0.70596 0.78382
vt 0.70596 0.81268
vt 0.70596 0.71413
vt 0.69858 0.66024
vt 0.69858 0.71413
vt 0.70596 0.78382
vt 0.70596 0.79033
vt 0.70596 0.81268
vt 0.62184 0.66649
vt 0.63610 0.63821
vt 0.62338 0.64120
vt 0.67611 0.56696
vt 0.67611 0.59456
vt 0.67611 0.59456
vt 0.63444 0.56696
vt 0.67611 0.56696
vt 0.66782 0.56696
vt 0.66782 0.56696
vt 0.66782 0.56696
vt 0.67611 0.56696
vt 0.66782 0.56696
vt 0.66782 0.56720
vt 0.66782 0.56720
vt 0.66782 0.56696
vt 0.66782 0.56696
vt 0.66782 0.56720
vt 0.62596 0.59456
vt 0.62178 0.59456
vt 0.62178 0.56696
vt 0.63444 0.56696
vt 0.62596 0.56696
vt 0.62178 0.56696
vt 0.67611 0.59456
vt 0.62178 0.59456
vt 0.66782 0.59456
vt 0.67611 0.56696
vt 0.62178 0.59456
vt 0.67611 0.59456
vt 0.63444 0.56696
vt 0.63444 0.59456
vt 0.63444 0.56696
vt 0.66782 0.56696
vt 0.66782 0.56720
vt 0.66782 0.56696
vt 0.66782 0.59456
vt 0.66782 0.56720
vt 0.66782 0.56720
vt 0.66782 0.56720
vt 0.66782 0.56720
vt 0.66782 0.56696
vt 0.66782 0.56720
vt 0.63444 0.59456
vt 0.66782 0.59456
vt 0.62178 0.56696
vt 0.63444 0.56696
vt 0.63444 0.56696
vt 0.63444 0.59456
vt 0.63444 0.56696
vt 0.63444 0.59456
vt 0.63444 0.56696
vt 0.63444 0.59456
vt 0.63444 0.56696
vt 0.67611 0.56696
vt 0.66782 0.56696
vt 0.66782 0.56696
vt 0.63444 0.56696
vt 0.63444 0.56696
vt 0.62178 0.56696
vt 0.67611 0.59456
vt 0.66782 0.59456
vt 0.67611 0.59456
vt 0.63444 0.59456
vt 0.66782 0.56720
vt 0.66782 0.59456
vt 0.66782 0.56720
vt 0.63444 0.56696
vt 0.66782 0.56696
vt 0.67611 0.56696
vt 0.62596 0.56696
vt 0.63444 0.56696
vt 0.67611 0.56696
vt 0.66782 0.59456
vt 0.62596 0.59456
vt 0.63444 0.56696
vt 0.63444 0.59456
vt 0.66782 0.56720
vt 0.67611 0.59456
vt 0.66782 0.59456
vt 0.67611 0.56696
vt 0.66782 0.59456
vt 0.63444 0.59456
vt 0.62596 0.59456
vt 0.66782 0.56720
vt 0.66782 0.56720
vt 0.66782 0.59456
vt 0.62596 0.59456
vt 0.62178 0.56696
vt 0.62596 0.56696
vt 0.66782 0.56720
vt 0.63444 0.59456
vt 0.63444 0.56696
vt 0.66782 0.59456
vt 0.66782 0.56720
vt 0.66782 0.59456
vt 0.62178 0.59456
vt 0.62178 0.59456
vt 0.62178 0.56696
vt 0.66782 0.59456
vt 0.66782 0.59456
vt 0.67611 0.59456
vt 0.62178 0.56696
vt 0.67611 0.56696
vt 0.63444 0.56696
vt 0.63444 0.56696
vt 0.66782 0.56720
vt 0.66782 0.56696
vt 0.63444 0.59456
vt 0.62178 0.59456
vt 0.63444 0.59456
vt 0.62178 0.56696
vt 0.62178 0.59456
vt 0.62178 0.56696
vt 0.67611 0.59456
vt 0.66782 0.59456
vt 0.67611 0.59456
vt 0.62178 0.56696
vt 0.62178 0.59456
vt 0.67611 0.56696
vt 0.62178 0.59456
vt 0.63444 0.59456
vt 0.66782 0.59456
vt 0.62178 0.59456
vt 0.62178 0.59456
vt 0.63444 0.59456
vt 0.67611 0.56696
vt 0.62596 0.59456
vt 0.62596 0.56696
vt 0.63444 0.56696
vt 0.62178 0.56696
vt 0.62178 0.56696
vt 0.67611 0.59456
vt 0.67611 0.56696
vt 0.67611 0.59456
vt 0.67611 0.56696
vt 0.66782 0.56696
vt 0.67611 0.56696
vt 0.67611 0.56696
vt 0.63444 0.56696
vt 0.66782 0.56696
vt 0.63444 0.59456
vt 0.62178 0.59456
vt 0.62596 0.59456
vt 0.67611 0.59456
vt 0.67611 0.56696
vt 0.67611 0.56696
vt 0.52121 0.76637
vt 0.55630 0.66573
vt 0.52154 0.66627
vt 0.55174 0.78959
vt 0.52636 0.78959
vt 0.52675 0.78959
vt 0.52675 0.64255
vt 0.55213 0.64255
vt 0.55174 0.64255
vt 0.55735 0.76641
vt 0.55735 0.66631
vt 0.55630 0.66573
vt 0.52121 0.76637
vt 0.52154 0.66627
vt 0.52125 0.66509
vt 0.55213 0.64255
vt 0.52125 0.66509
vt 0.52636 0.64255
vt 0.55735 0.66631
vt 0.55174 0.64255
vt 0.55174 0.64255
vt 0.52636 0.64255
vt 0.52125 0.66509
vt 0.52675 0.64255
vt 0.52675 0.78959
vt 0.52220 0.76641
vt 0.52636 0.78959
vt 0.55213 0.78959
vt 0.55696 0.76587
vt 0.55174 0.78959
vt 0.52125 0.66509
vt 0.52675 0.64255
vt 0.52675 0.64255
vt 0.55174 0.64255
vt 0.52636 0.64255
vt 0.52675 0.64255
vt 0.52675 0.78959
vt 0.52121 0.76637
vt 0.52220 0.76641
vt 0.55735 0.66631
vt 0.52220 0.76641
vt 0.52125 0.66509
vt 0.55174 0.64255
vt 0.55735 0.66631
vt 0.55213 0.64255
vt 0.52675 0.78959
vt 0.55213 0.78959
vt 0.55174 0.78959
vt 0.55174 0.64255
vt 0.55213 0.64255
vt 0.52636 0.64255
vt 0.52675 0.64255
vt 0.55174 0.64255
vt 0.55174 0.64255
vt 0.52675 0.78959
vt 0.52675 0.78959
vt 0.52121 0.76637
vt 0.55735 0.66631
vt 0.55735 0.76641
vt 0.55696 0.76587
vt 0.52675 0.64255
vt 0.52636 0.64255
vt 0.55213 0.64255
vt 0.55213 0.64255
vt 0.55735 0.66631
vt 0.52125 0.66509
vt 0.55174 0.78959
vt 0.55696 0.76587
vt 0.55735 0.76641
vt 0.55174 0.78959
vt 0.55174 0.78959
vt 0.55735 0.76641
vt 0.55174 0.64255
vt 0.55630 0.66573
vt 0.55735 0.66631
vt 0.55174 0.78959
vt 0.52675 0.78959
vt 0.52675 0.78959
vt 0.55735 0.66631
vt 0.55696 0.76587
vt 0.52220 0.76641
vt 0.52125 0.66509
vt 0.52220 0.76641
vt 0.52121 0.76637
vt 0.52675 0.78959
vt 0.55174 0.78959
vt 0.55174 0.78959
vt 0.55174 0.78959
vt 0.55213 0.78959
vt 0.52636 0.78959
vt 0.55174 0.64255
vt 0.55213 0.64255
vt 0.55630 0.66573
vt 0.55213 0.78959
vt 0.55174 0.78959
vt 0.55735 0.76641
vt 0.52636 0.64255
vt 0.52675 0.64255
vt 0.52154 0.66627
vt 0.52675 0.78959
vt 0.52636 0.78959
vt 0.52121 0.76637
vt 0.52220 0.76641
vt 0.55696 0.76587
vt 0.55213 0.78959
vt 0.52675 0.78959
vt 0.52636 0.78959
vt 0.55213 0.78959
vt 0.55213 0.78959
vt 0.52121 0.76637
vt 0.52636 0.78959
vt 0.52636 0.64255
vt 0.55630 0.66573
vt 0.55213 0.64255
vt 0.52121 0.76637
vt 0.55735 0.76641
vt 0.55630 0.66573
vt 0.55174 0.64255
vt 0.52675 0.64255
vt 0.52675 0.64255
vt 0.52125 0.66509
vt 0.52154 0.66627
vt 0.52675 0.64255
vt 0.55213 0.78959
vt 0.55735 0.76641
vt 0.52121 0.76637
vt 0.52636 0.64255
vt 0.52154 0.66627
vt 0.55630 0.66573
vt 0.52220 0.76641
vt 0.55213 0.78959
vt 0.52636 0.78959
vt 0.65475 0.58448
vt 0.64975 0.58449
vt 0.65494 0.58448
vt 0.64747 0.58802
vt 0.65062 0.59155
vt 0.64968 0.59155
vt 0.64937 0.59155
vt 0.64747 0.58802
vt 0.64968 0.59155
vt 0.64975 0.58449
vt 0.65021 0.58449
vt 0.65044 0.58449
vt 0.64968 0.59155
vt 0.65044 0.58449
vt 0.65021 0.58449
vt 0.65077 0.58448
vt 0.65044 0.58449
vt 0.65475 0.58448
vt 0.65475 0.58448
vt 0.65494 0.58448
vt 0.65454 0.59155
vt 0.64937 0.59155
vt 0.64975 0.58449
vt 0.64747 0.58802
vt 0.65181 0.59155
vt 0.65021 0.58449
vt 0.65187 0.58449
vt 0.65181 0.59155
vt 0.65187 0.58449
vt 0.65044 0.58449
vt 0.64747 0.58802
vt 0.65077 0.58448
vt 0.65454 0.59155
vt 0.65454 0.59155
vt 0.65077 0.58448
vt 0.65475 0.58448
vt 0.65480 0.59155
vt 0.65181 0.59155
vt 0.65454 0.59155
vt 0.65454 0.59155
vt 0.65181 0.59155
vt 0.65062 0.59155
vt 0.64975 0.58449
vt 0.65187 0.58449
vt 0.65021 0.58449
vt 0.65181 0.59155
vt 0.65044 0.58449
vt 0.65062 0.59155
vt 0.65077 0.58448
vt 0.64747 0.58802
vt 0.65044 0.58449
vt 0.65475 0.58448
vt 0.65044 0.58449
vt 0.65187 0.58449
vt 0.64937 0.59155
vt 0.65181 0.59155
vt 0.65480 0.59155
vt 0.64975 0.58449
vt 0.65475 0.58448
vt 0.65187 0.58449
vt 0.65454 0.59155
vt 0.65062 0.59155
vt 0.64747 0.58802
vt 0.64975 0.58449
vt 0.65480 0.59155
vt 0.65494 0.58448
vt 0.64975 0.58449
vt 0.65044 0.58449
vt 0.64747 0.58802
vt 0.64968 0.59155
vt 0.65021 0.58449
vt 0.65181 0.59155
vt 0.65494 0.58448
vt 0.65480 0.59155
vt 0.65454 0.59155
vt 0.64975 0.58449
vt 0.64937 0.59155
vt 0.65480 0.59155
vt 0.64937 0.59155
vt 0.64968 0.59155
vt 0.65181 0.59155
vt 0.65062 0.59155
vt 0.65044 0.58449
vt 0.64968 0.59155
vt 0.66508 0.61844
vt 0.67796 0.61844
vt 0.68349 0.56777
vt 0.66508 0.56777
vt 0.66508 0.61844
vt 0.67796 0.61844
vt 0.66508 0.61844
vt 0.67796 0.61844
vt 0.67796 0.61844
vt 0.67796 0.61844
vt 0.67796 0.61844
vt 0.68349 0.56777
vt 0.66508 0.56777
vt 0.68349 0.56777
vt 0.67796 0.61844
vt 0.66508 0.56777
vt 0.66508 0.56777
vt 0.66508 0.49482
vt 0.66508 0.49482
vt 0.66508 0.61844
vt 0.66508 0.56777
vt 0.68349 0.49482
vt 0.68349 0.56777
vt 0.66508 0.61844
vt 0.68349 0.49482
vt 0.66508 0.49482
vt 0.66508 0.49482
vt 0.66508 0.56777
vt 0.67796 0.61844
vt 0.68349 0.56777
vt 0.66508 0.56777
vt 0.66508 0.56777
vt 0.68349 0.56777
vt 0.68349 0.56777
vt 0.68349 0.56777
vt 0.68349 0.49482
vt 0.67796 0.61844
vt 0.66508 0.61844
vt 0.68349 0.56777
vt 0.68349 0.49482
vt 0.66508 0.61844
vt 0.66508 0.49482
vt 0.66508 0.49482
vt 0.66508 0.56777
vt 0.66508 0.49482
vt 0.66508 0.56777
vt 0.66508 0.61844
vt 0.66508 0.49482
vt 0.66508 0.61844
vt 0.68349 0.56777
vt 0.68349 0.49482
vt 0.67796 0.61844
vt 0.67796 0.61844
vt 0.66508 0.61844
vt 0.68349 0.56777
vt 0.67796 0.61844
vt 0.67796 0.61844
vt 0.66508 0.61844
vt 0.68349 0.49482
vt 0.66508 0.49482
vt 0.66508 0.56777
vt 0.68349 0.56777
vt 0.68349 0.56777
vt 0.68349 0.56777
vt 0.68349 0.49482
vt 0.68349 0.49482
vt 0.66508 0.56777
vt 0.67796 0.61844
vt 0.66508 0.61844
vt 0.66508 0.49482
vt 0.68349 0.49482
vt 0.68349 0.49482
vt 0.51158 0.59101
vt 0.51158 0.59101
vt 0.48054 0.59101
vt 0.51158 0.59101
vt 0.51158 0.59101
vt 0.51158 0.53348
vt 0.48054 0.59101
vt 0.48054 0.59101
vt 0.48054 0.53348
vt 0.48054 0.59101
vt 0.48054 0.70564
vt 0.51158 0.70564
vt 0.48054 0.59101
vt 0.51158 0.59101
vt 0.51158 0.53348
vt 0.48054 0.59101
vt 0.48054 0.59101
vt 0.48054 0.53348
vt 0.51158 0.53348
vt 0.51158 0.59101
vt 0.51158 0.59101
vt 0.48054 0.53348
vt 0.48054 0.59101
vt 0.48054 0.59101
vt 0.51158 0.53348
vt 0.51158 0.59101
vt 0.48054 0.59101
vt 0.48054 0.70564
vt 0.48054 0.70564
vt 0.48054 0.59101
vt 0.51158 0.53348
vt 0.51158 0.59101
vt 0.51158 0.59101
vt 0.48054 0.59101
vt 0.51158 0.59101
vt 0.51158 0.59101
vt 0.51158 0.70564
vt 0.51158 0.70564
vt 0.51158 0.59101
vt 0.51158 0.53348
vt 0.48054 0.53348
vt 0.48054 0.53348
vt 0.48054 0.70564
vt 0.51158 0.70564
vt 0.51158 0.70564
vt 0.51158 0.70564
vt 0.48054 0.70564
vt 0.48054 0.59101
vt 0.51158 0.70564
vt 0.48054 0.59101
vt 0.51158 0.59101
vt 0.48054 0.59101
vt 0.51158 0.70564
vt 0.51158 0.59101
vt 0.48054 0.59101
vt 0.48054 0.70564
vt 0.48054 0.59101
vt 0.51158 0.53348
vt 0.48054 0.59101
vt 0.48054 0.53348
vt 0.48054 0.59101
vt 0.51158 0.59101
vt 0.48054 0.59101
vt 0.51158 0.70564
vt 0.51158 0.59101
vt 0.51158 0.59101
vt 0.48054 0.70564
vt 0.51158 0.70564
vt 0.48054 0.70564
vt 0.48054 0.53348
vt 0.48054 0.59101
vt 0.48054 0.53348
vt 0.51158 0.59101
vt 0.51158 0.53348
vt 0.51158 0.53348
vt 0.48054 0.53348
vt 0.51158 0.53348
vt 0.51158 0.53348
vt 0.51158 0.59101
vt 0.48054 0.59101
vt 0.48054 0.59101
vt 0.48054 0.59101
vt 0.51158 0.53348
vt 0.48054 0.53348
vt 0.59424 0.70564
vt 0.56320 0.70564
vt 0.56320 0.59101
vt 0.56320 0.53348
vt 0.56320 0.59101
vt 0.56320 0.59101
vt 0.59424 0.53348
vt 0.59424 0.59101
vt 0.56320 0.59101
vt 0.59424 0.59101
vt 0.59424 0.59101
vt 0.59424 0.53348
vt 0.59424 0.70564
vt 0.56320 0.59101
vt 0.59424 0.59101
vt 0.56320 0.70564
vt 0.56320 0.59101
vt 0.56320 0.59101
vt 0.56320 0.59101
vt 0.56320 0.70564
vt 0.59424 0.70564
vt 0.59424 0.70564
vt 0.59424 0.59101
vt 0.59424 0.59101
vt 0.56320 0.53348
vt 0.59424 0.53348
vt 0.59424 0.53348
vt 0.59424 0.59101
vt 0.56320 0.59101
vt 0.56320 0.59101
vt 0.56320 0.59101
vt 0.59424 0.53348
vt 0.56320 0.53348
vt 0.56320 0.59101
vt 0.59424 0.70564
vt 0.59424 0.59101
vt 0.59424 0.59101
vt 0.59424 0.53348
vt 0.59424 0.53348
vt 0.56320 0.59101
vt 0.59424 0.59101
vt 0.59424 0.59101
vt 0.59424 0.53348
vt 0.59424 0.59101
vt 0.59424 0.59101
vt 0.59424 0.53348
vt 0.59424 0.59101
vt 0.59424 0.59101
vt 0.59424 0.59101
vt 0.59424 0.59101
vt 0.56320 0.59101
vt 0.56320 0.59101
vt 0.59424 0.59101
vt 0.56320 0.59101
vt 0.56320 0.53348
vt 0.56320 0.59101
vt 0.56320 0.53348
vt 0.56320 0.70564
vt 0.59424 0.70564
vt 0.56320 0.70564
vt 0.56320 0.59101
vt 0.56320 0.59101
vt 0.56320 0.53348
vt 0.56320 0.59101
vt 0.59424 0.59101
vt 0.59424 0.53348
vt 0.56320 0.70564
vt 0.59424 0.70564
vt 0.59424 0.70564
vt 0.56320 0.53348
vt 0.56320 0.59101
vt 0.56320 0.59101
vt 0.56320 0.70564
vt 0.56320 0.70564
vt 0.56320 0.59101
vt 0.59424 0.53348
vt 0.56320 0.53348
vt 0.56320 0.53348
vt 0.59424 0.70564
vt 0.59424 0.70564
vt 0.59424 0.59101
vt 0.59424 0.53348
vt 0.56320 0.59101
vt 0.56320 0.53348
vt 0.55196 0.81735
vt 0.55196 0.70244
vt 0.55196 0.70244
vt 0.52683 0.81735
vt 0.53940 0.81922
vt 0.52113 0.81922
vt 0.52683 0.70244
vt 0.53940 0.70244
vt 0.53940 0.70244
vt 0.55196 0.81735
vt 0.53940 0.70244
vt 0.55196 0.70244
vt 0.55766 0.81922
vt 0.53940 0.87005
vt 0.53940 0.81922
vt 0.52683 0.81735
vt 0.53940 0.81922
vt 0.53940 0.81735
vt 0.52683 0.81735
vt 0.53940 0.81735
vt 0.53940 0.81922
vt 0.55196 0.81735
vt 0.55196 0.81735
vt 0.55196 0.70244
vt 0.53940 0.81735
vt 0.55196 0.70244
vt 0.53940 0.70244
vt 0.52683 0.81735
vt 0.53940 0.70244
vt 0.52683 0.70244
vt 0.52683 0.81735
vt 0.52113 0.81922
vt 0.52683 0.81735
vt 0.55196 0.81735
vt 0.55766 0.81922
vt 0.55196 0.81735
vt 0.53940 0.87005
vt 0.53940 0.87005
vt 0.52113 0.87005
vt 0.53940 0.81922
vt 0.55766 0.87005
vt 0.55766 0.81922
vt 0.52113 0.81922
vt 0.52113 0.87005
vt 0.52113 0.81922
vt 0.55766 0.81922
vt 0.55766 0.87005
vt 0.55766 0.81922
vt 0.55196 0.81735
vt 0.53940 0.81922
vt 0.55766 0.81922
vt 0.55196 0.81735
vt 0.53940 0.81922
vt 0.53940 0.81735
vt 0.53940 0.81735
vt 0.52683 0.81735
vt 0.52683 0.70244
vt 0.52683 0.81735
vt 0.52683 0.81735
vt 0.52683 0.70244
vt 0.52683 0.81735
vt 0.53940 0.81735
vt 0.53940 0.70244
vt 0.53940 0.81735
vt 0.55196 0.81735
vt 0.55196 0.70244
vt 0.53940 0.87005
vt 0.55766 0.87005
vt 0.55766 0.87005
vt 0.52113 0.87005
vt 0.52113 0.87005
vt 0.53940 0.87005
vt 0.53940 0.81922
vt 0.52113 0.87005
vt 0.52113 0.81922
vt 0.52113 0.81922
vt 0.53940 0.87005
vt 0.53940 0.81922
vt 0.55196 0.81735
vt 0.55766 0.81922
vt 0.55766 0.81922
vt 0.52683 0.81735
vt 0.52113 0.81922
vt 0.52113 0.81922
vt 0.55196 0.81735
vt 0.53940 0.81735
vt 0.53940 0.70244
vt 0.55196 0.70244
vt 0.53940 0.70244
vt 0.53940 0.70244
vt 0.52683 0.70244
vt 0.52683 0.70244
vt 0.53940 0.70244
vt 0.53940 0.70244
vt 0.55196 0.70244
vt 0.55196 0.70244
vt 0.55196 0.81735
vt 0.53940 0.81735
vt 0.53940 0.81922
vt 0.55196 0.81735
vt 0.55766 0.81922
vt 0.53940 0.81922
vt 0.53940 0.81735
vt 0.52683 0.70244
vt 0.53940 0.70244
vt 0.52683 0.81735
vt 0.52683 0.70244
vt 0.52683 0.70244
vt 0.55766 0.87005
vt 0.53940 0.87005
vt 0.53940 0.87005
vt 0.53940 0.81922
vt 0.53940 0.87005
vt 0.55766 0.87005
vt 0.52683 0.81735
vt 0.52113 0.81922
vt 0.53940 0.81922
vt 0.55766 0.81922
vt 0.55766 0.87005
vt 0.53940 0.87005
vt 0.52113 0.81922
vt 0.52113 0.87005
vt 0.53940 0.87005
vt 0.53940 0.81922
vt 0.53940 0.87005
vt 0.52113 0.87005
vt 0.52113 0.81922
vt 0.52113 0.87005
vt 0.52113 0.87005
vt 0.55766 0.81922
vt 0.55766 0.87005
vt 0.55766 0.87005
vt 0.62627 0.58533
vt 0.67491 0.58924
vt 0.67491 0.58681
vt 0.62627 0.58714
vt 0.67491 0.58681
vt 0.67491 0.56980
vt 0.62627 0.57274
vt 0.67491 0.56980
vt 0.67491 0.58033
vt 0.67491 0.58924
vt 0.67491 0.58033
vt 0.67491 0.58681
vt 0.62627 0.59483
vt 0.62627 0.58924
vt 0.62627 0.58714
vt 0.62627 0.58714
vt 0.62627 0.57142
vt 0.62627 0.56583
vt 0.67491 0.56980
vt 0.67491 0.58681
vt 0.67491 0.58033
vt 0.62627 0.58924
vt 0.67491 0.58681
vt 0.62627 0.58714
vt 0.62627 0.57142
vt 0.67491 0.56980
vt 0.62627 0.57274
vt 0.62627 0.58533
vt 0.67491 0.58681
vt 0.62627 0.58924
vt 0.62627 0.58714
vt 0.67491 0.56980
vt 0.62627 0.57142
vt 0.62627 0.57274
vt 0.67491 0.58924
vt 0.62627 0.58533
vt 0.62627 0.59483
vt 0.61975 0.58861
vt 0.62627 0.58533
vt 0.61975 0.59483
vt 0.61975 0.58861
vt 0.62627 0.59483
vt 0.61975 0.59483
vt 0.61975 0.58033
vt 0.61975 0.58861
vt 0.61975 0.59483
vt 0.62627 0.59483
vt 0.62627 0.58714
vt 0.61975 0.58861
vt 0.61975 0.58033
vt 0.61975 0.56319
vt 0.62627 0.56583
vt 0.61975 0.58033
vt 0.62627 0.58714
vt 0.62627 0.58533
vt 0.61975 0.58861
vt 0.61975 0.56319
vt 0.62627 0.56583
vt 0.61975 0.56319
vt 0.61975 0.58033
vt 0.61975 0.58033
vt 0.61975 0.59483
vt 0.62627 0.58714
vt 0.62627 0.58533
vt 0.61975 0.56319
vt 0.62627 0.57274
vt 0.61975 0.56319
vt 0.62627 0.56583
vt 0.62627 0.57274
vt 0.62627 0.57274
vt 0.67491 0.58033
vt 0.67491 0.58924
vt 0.62627 0.56583
vt 0.62627 0.57142
vt 0.62627 0.57274
vt 0.62627 0.59483
vt 0.62627 0.58533
vt 0.62627 0.58924
vt 0.70771 0.82143
vt 0.71267 0.83404
vt 0.70874 0.85835
vt 0.69428 0.90441
vt 0.69925 0.91702
vt 0.70874 0.85835
vt 0.70771 0.82143
vt 0.70874 0.85835
vt 0.71267 0.83404
vt 0.70377 0.84573
vt 0.70377 0.84573
vt 0.69428 0.90441
vt 0.70771 0.82143
vt 0.70377 0.84573
vt 0.70874 0.85835
vt 0.68479 0.96308
vt 0.68582 1.00000
vt 0.68085 0.98739
vt 0.69428 0.90441
vt 0.69925 0.91702
vt 0.68975 0.97570
vt 0.71267 0.83404
vt 0.70874 0.85835
vt 0.70874 0.85835
vt 0.69428 0.90441
vt 0.68975 0.97570
vt 0.68479 0.96308
vt 0.70377 0.84573
vt 0.70874 0.85835
vt 0.69925 0.91702
vt 0.70377 0.84573
vt 0.69925 0.91702
vt 0.69428 0.90441
vt 0.69925 0.91702
vt 0.68975 0.97570
vt 0.69925 0.91702
vt 0.69428 0.90441
vt 0.68479 0.96308
vt 0.69428 0.90441
vt 0.68085 0.98739
vt 0.68479 0.96308
vt 0.68479 0.96308
vt 0.69428 0.90441
vt 0.70377 0.84573
vt 0.69428 0.90441
vt 0.70771 0.82143
vt 0.70377 0.84573
vt 0.70377 0.84573
vt 0.68479 0.96308
vt 0.68479 0.96308
vt 0.69428 0.90441
vt 0.68479 0.96308
vt 0.68085 0.98739
vt 0.68582 1.00000
vt 0.70874 0.85835
vt 0.69925 0.91702
vt 0.69925 0.91702
vt 0.69428 0.90441
vt 0.68975 0.97570
vt 0.69925 0.91702
vt 0.70771 0.82143
vt 0.70874 0.85835
vt 0.70377 0.84573
vt 0.69428 0.90441
vt 0.70874 0.85835
vt 0.70377 0.84573
vt 0.68479 0.96308
vt 0.68582 1.00000
vt 0.68975 0.97570
vt 0.68582 1.00000
vt 0.68975 0.97570
vt 0.68975 0.97570
vt 0.69925 0.91702
vt 0.70874 0.85835
vt 0.70874 0.85835
vt 0.69428 0.90441
vt 0.68479 0.96308
vt 0.68975 0.97570
vt 0.68975 0.97570
vt 0.69925 0.91702
vt 0.68975 0.97570
vt 0.68479 0.96308
vt 0.68975 0.97570
vt 0.68582 1.00000
vt 0.65812 0.56662
vt 0.66495 0.55197
vt 0.66495 0.56662
vt 0.65812 0.54916
vt 0.65812 0.56662
vt 0.65812 0.56662
vt 0.66495 0.56375
vt 0.65812 0.54916
vt 0.65812 0.56662
vt 0.65812 0.54916
vt 0.66495 0.56375
vt 0.66495 0.54822
vt 0.66495 0.56662
vt 0.66495 0.55197
vt 0.66495 0.54822
vt 0.65812 0.54988
vt 0.66495 0.54822
vt 0.66495 0.55197
vt 0.65812 0.54988
vt 0.65812 0.56662
vt 0.65812 0.54916
vt 0.65812 0.54988
vt 0.65812 0.54916
vt 0.66495 0.54822
vt 0.66495 0.56375
vt 0.66495 0.56662
vt 0.66495 0.54822
vt 0.65812 0.56662
vt 0.65812 0.54988
vt 0.66495 0.55197
vt 0.66495 0.56662
vt 0.66495 0.56375
vt 0.65812 0.56662
vt 0.65812 0.56662
vt 0.66495 0.56375
vt 0.65812 0.56662
vt 0.64687 0.54988
vt 0.64687 0.54916
vt 0.65370 0.54952
vt 0.64687 0.56662
vt 0.64687 0.54988
vt 0.65370 0.54952
vt 0.65370 0.55197
vt 0.65370 0.56662
vt 0.65370 0.54952
vt 0.64687 0.54988
vt 0.64687 0.56662
vt 0.64687 0.54916
vt 0.64687 0.56662
vt 0.65370 0.56662
vt 0.65370 0.56662
vt 0.65370 0.55197
vt 0.64687 0.54916
vt 0.64687 0.56662
vt 0.64687 0.56662
vt 0.65370 0.54952
vt 0.65370 0.56662
vt 0.65370 0.56662
vt 0.64687 0.56662
vt 0.64687 0.56662
vt 0.65370 0.54952
vt 0.64687 0.54916
vt 0.65370 0.55197
vt 0.64687 0.56662
vt 0.64687 0.56662
vt 0.64687 0.54916
vt 0.65370 0.55197
vt 0.64687 0.56662
vt 0.65370 0.56662
vt 0.65370 0.56662
vt 0.65370 0.54952
vt 0.65370 0.56662
vt 0.63562 0.54988
vt 0.63562 0.56662
vt 0.63562 0.54916
vt 0.63562 0.56662
vt 0.63562 0.54988
vt 0.64245 0.54952
vt 0.63562 0.54988
vt 0.63562 0.54916
vt 0.64245 0.54952
vt 0.64245 0.55197
vt 0.64245 0.56662
vt 0.64245 0.54952
vt 0.64245 0.54952
vt 0.63562 0.54916
vt 0.64245 0.55197
vt 0.64245 0.55197
vt 0.63562 0.56662
vt 0.64245 0.56662
vt 0.63562 0.56662
vt 0.63562 0.56662
vt 0.63562 0.54916
vt 0.63562 0.56662
vt 0.64245 0.56662
vt 0.64245 0.56662
vt 0.64245 0.55197
vt 0.63562 0.54916
vt 0.63562 0.56662
vt 0.64245 0.56662
vt 0.64245 0.54952
vt 0.64245 0.56662
vt 0.63562 0.56662
vt 0.64245 0.54952
vt 0.64245 0.56662
vt 0.64245 0.56662
vt 0.63562 0.56662
vt 0.63562 0.56662
vt 0.63120 0.56375
vt 0.62437 0.54916
vt 0.62437 0.56662
vt 0.62437 0.54822
vt 0.63120 0.54822
vt 0.63120 0.55197
vt 0.62437 0.56469
vt 0.63120 0.55197
vt 0.63120 0.56662
vt 0.63120 0.56662
vt 0.63120 0.55197
vt 0.63120 0.54822
vt 0.62437 0.54916
vt 0.62437 0.56469
vt 0.62437 0.56662
vt 0.62437 0.56469
vt 0.63120 0.56375
vt 0.62437 0.56662
vt 0.62437 0.54916
vt 0.63120 0.56375
vt 0.63120 0.54822
vt 0.63120 0.56375
vt 0.63120 0.56662
vt 0.63120 0.54822
vt 0.63120 0.56662
vt 0.63120 0.56375
vt 0.62437 0.56469
vt 0.63120 0.55197
vt 0.62437 0.56469
vt 0.62437 0.54822
vt 0.62437 0.54916
vt 0.62437 0.54822
vt 0.62437 0.56469
vt 0.62437 0.54822
vt 0.62437 0.54916
vt 0.63120 0.54822
vt 0.61995 0.56431
vt 0.61312 0.56420
vt 0.61312 0.56662
vt 0.61995 0.55197
vt 0.61312 0.56420
vt 0.61995 0.56662
vt 0.61312 0.56662
vt 0.61312 0.56420
vt 0.61312 0.54916
vt 0.61312 0.56662
vt 0.61312 0.54916
vt 0.61995 0.56431
vt 0.61995 0.55197
vt 0.61995 0.56662
vt 0.61995 0.54822
vt 0.61995 0.56431
vt 0.61995 0.54822
vt 0.61995 0.56662
vt 0.61995 0.54822
vt 0.61995 0.56431
vt 0.61312 0.54916
vt 0.61995 0.54822
vt 0.61312 0.54916
vt 0.61312 0.54822
vt 0.61312 0.56420
vt 0.61312 0.54822
vt 0.61312 0.54916
vt 0.61995 0.55197
vt 0.61312 0.54822
vt 0.61312 0.56420
vt 0.61312 0.56420
vt 0.61995 0.56431
vt 0.61995 0.56662
vt 0.61995 0.54822
vt 0.61312 0.54822
vt 0.61995 0.55197
vt 0.60187 0.56662
vt 0.60187 0.54916
vt 0.60870 0.54952
vt 0.60187 0.56662
vt 0.60187 0.56662
vt 0.60187 0.54916
vt 0.60870 0.56662
vt 0.60870 0.54952
vt 0.60870 0.56662
vt 0.60870 0.55197
vt 0.60187 0.54988
vt 0.60187 0.56662
vt 0.60187 0.56662
vt 0.60870 0.56662
vt 0.60870 0.56662
vt 0.60187 0.56662
vt 0.60870 0.54952
vt 0.60870 0.56662
vt 0.60870 0.56662
vt 0.60187 0.56662
vt 0.60187 0.56662
vt 0.60870 0.54952
vt 0.60187 0.54916
vt 0.60187 0.54988
vt 0.60870 0.55197
vt 0.60187 0.56662
vt 0.60870 0.56662
vt 0.60187 0.54916
vt 0.60187 0.56662
vt 0.60187 0.54988
vt 0.60870 0.54952
vt 0.60187 0.54988
vt 0.60870 0.55197
vt 0.60870 0.55197
vt 0.60870 0.56662
vt 0.60870 0.54952
vt 0.59062 0.56662
vt 0.59062 0.54916
vt 0.59745 0.54952
vt 0.59745 0.55197
vt 0.59062 0.56469
vt 0.59745 0.56662
vt 0.59745 0.55197
vt 0.59745 0.56662
vt 0.59745 0.54952
vt 0.59062 0.56662
vt 0.59062 0.56469
vt 0.59062 0.54916
vt 0.59745 0.54952
vt 0.59062 0.54822
vt 0.59745 0.55197
vt 0.59745 0.54952
vt 0.59062 0.54916
vt 0.59062 0.54822
vt 0.59062 0.56469
vt 0.59062 0.54822
vt 0.59062 0.54916
vt 0.59062 0.54822
vt 0.59062 0.56469
vt 0.59745 0.55197
vt 0.59062 0.56662
vt 0.59745 0.54952
vt 0.59745 0.56662
vt 0.59745 0.56662
vt 0.59062 0.56469
vt 0.59062 0.56662
vt 0.59745 0.56662
vt 0.59745 0.54952
vt 0.59745 0.56662
vt 0.59062 0.56469
vt 0.59745 0.56662
vt 0.59745 0.56662
vt 0.58620 0.56662
vt 0.58620 0.55197
vt 0.58620 0.54822
vt 0.57936 0.56662
vt 0.58620 0.55197
vt 0.58620 0.56662
vt 0.57936 0.54916
vt 0.58620 0.54822
vt 0.58620 0.55197
vt 0.57936 0.56662
vt 0.58620 0.56204
vt 0.57936 0.56662
vt 0.57936 0.56662
vt 0.58620 0.56662
vt 0.58620 0.56204
vt 0.58620 0.56204
vt 0.57936 0.54988
vt 0.57936 0.56662
vt 0.58620 0.56662
vt 0.58620 0.54822
vt 0.58620 0.56204
vt 0.57936 0.56662
vt 0.57936 0.54916
vt 0.58620 0.55197
vt 0.58620 0.54822
vt 0.57936 0.54916
vt 0.57936 0.54988
vt 0.57936 0.54916
vt 0.57936 0.56662
vt 0.57936 0.56662
vt 0.57936 0.54988
vt 0.58620 0.56204
vt 0.58620 0.54822
vt 0.57936 0.54916
vt 0.57936 0.56662
vt 0.57936 0.54988
vt 0.57495 0.55197
vt 0.56811 0.54916
vt 0.56811 0.56662
vt 0.57495 0.55197
vt 0.56811 0.56662
vt 0.57495 0.56662
vt 0.57495 0.56662
vt 0.56811 0.56469
vt 0.57495 0.54899
vt 0.56811 0.54916
vt 0.56811 0.56469
vt 0.56811 0.56662
vt 0.57495 0.54899
vt 0.56811 0.54916
vt 0.57495 0.55197
vt 0.57495 0.56662
vt 0.57495 0.56662
vt 0.57495 0.54899
vt 0.57495 0.56662
vt 0.57495 0.56662
vt 0.56811 0.56469
vt 0.56811 0.54822
vt 0.56811 0.54916
vt 0.57495 0.54899
vt 0.57495 0.54899
vt 0.56811 0.56469
vt 0.56811 0.54822
vt 0.56811 0.54916
vt 0.56811 0.54822
vt 0.56811 0.56469
vt 0.57495 0.55197
vt 0.57495 0.56662
vt 0.57495 0.54899
vt 0.56811 0.56469
vt 0.57495 0.56662
vt 0.56811 0.56662
vt 0.56369 0.56662
vt 0.56369 0.54952
vt 0.56369 0.56662
vt 0.56369 0.56662
vt 0.56369 0.55197
vt 0.56369 0.54952
vt 0.55686 0.56662
vt 0.56369 0.55197
vt 0.56369 0.56662
vt 0.56369 0.54952
vt 0.55686 0.56662
vt 0.56369 0.56662
vt 0.55686 0.54988
vt 0.56369 0.54952
vt 0.56369 0.55197
vt 0.55686 0.54988
vt 0.55686 0.56662
vt 0.55686 0.54916
vt 0.55686 0.54988
vt 0.55686 0.54916
vt 0.56369 0.54952
vt 0.56369 0.54952
vt 0.55686 0.54916
vt 0.55686 0.56662
vt 0.55686 0.56662
vt 0.56369 0.56662
vt 0.56369 0.56662
vt 0.56369 0.56662
vt 0.55686 0.56662
vt 0.55686 0.56662
vt 0.55686 0.56662
vt 0.55686 0.54988
vt 0.56369 0.55197
vt 0.55686 0.56662
vt 0.55686 0.56662
vt 0.55686 0.54916
vt 0.55244 0.54952
vt 0.54561 0.56662
vt 0.55244 0.56662
vt 0.55244 0.54952
vt 0.54561 0.54916
vt 0.54561 0.56662
vt 0.55244 0.56662
vt 0.55244 0.56662
vt 0.55244 0.54952
vt 0.54561 0.54916
vt 0.54561 0.56469
vt 0.54561 0.56662
vt 0.55244 0.56662
vt 0.55244 0.56662
vt 0.54561 0.56469
vt 0.54561 0.54916
vt 0.54561 0.54822
vt 0.54561 0.56469
vt 0.55244 0.56662
vt 0.55244 0.55197
vt 0.55244 0.54952
vt 0.54561 0.54822
vt 0.55244 0.54952
vt 0.55244 0.55197
vt 0.54561 0.54822
vt 0.54561 0.54916
vt 0.55244 0.54952
vt 0.55244 0.55197
vt 0.54561 0.56469
vt 0.54561 0.54822
vt 0.54561 0.56469
vt 0.55244 0.56662
vt 0.54561 0.56662
vt 0.54561 0.56469
vt 0.55244 0.55197
vt 0.55244 0.56662
vt 0.55030 0.74123
vt 0.55030 0.69036
vt 0.52806 0.69036
vt 0.55030 0.69036
vt 0.55030 0.74123
vt 0.55030 0.69036
vt 0.53918 0.76666
vt 0.52806 0.74123
vt 0.52806 0.74123
vt 0.52806 0.74123
vt 0.52806 0.69036
vt 0.52806 0.69036
vt 0.53918 0.76666
vt 0.53918 0.76666
vt 0.52806 0.74123
vt 0.52806 0.74123
vt 0.52806 0.74123
vt 0.52806 0.69036
vt 0.52806 0.69036
vt 0.52806 0.69036
vt 0.53918 0.66493
vt 0.53918 0.66493
vt 0.53918 0.66493
vt 0.55030 0.69036
vt 0.53918 0.66493
vt 0.55030 0.69036
vt 0.55030 0.74123
vt 0.52806 0.74123
vt 0.52806 0.69036
vt 0.55030 0.74123
vt 0.55030 0.74123
vt 0.53918 0.76666
vt 0.52806 0.74123
vt 0.55030 0.74123
vt 0.53918 0.76666
vt 0.53918 0.76666
vt 0.52806 0.69036
vt 0.53918 0.66493
vt 0.53918 0.66493
vt 0.53918 0.66493
vt 0.55030 0.69036
vt 0.55030 0.69036
vt 0.55030 0.74123
vt 0.53918 0.76666
vt 0.55030 0.74123
vt 0.52806 0.69036
vt 0.53918 0.66493
vt 0.55030 0.74123
vt 0.52806 0.69036
vt 0.52806 0.74123
vt 0.53918 0.76666
vt 0.53918 0.76666
vt 0.55030 0.74123
vt 0.52806 0.69036
vt 0.55030 0.69036
vt 0.53918 0.66493
vt 0.52806 0.69036
vt 0.55030 0.69036
vt 0.55030 0.74123
vt 0.55030 0.74123
vt 0.57873 0.59325
vt 0.58528 0.54834
vt 0.57219 0.54834
vt 0.58528 0.54834
vt 0.58528 0.57828
vt 0.58528 0.57828
vt 0.57219 0.57828
vt 0.57873 0.53337
vt 0.58528 0.57828
vt 0.58528 0.57828
vt 0.57873 0.59325
vt 0.58528 0.57828
vt 0.58528 0.54834
vt 0.58528 0.54834
vt 0.58528 0.57828
vt 0.58528 0.54834
vt 0.57873 0.53337
vt 0.57219 0.54834
vt 0.57219 0.54834
vt 0.57219 0.57828
vt 0.57873 0.59325
vt 0.57873 0.59325
vt 0.58528 0.57828
vt 0.58528 0.54834
vt 0.57219 0.57828
vt 0.57219 0.54834
vt 0.57873 0.53337
vt 0.57873 0.53337
vt 0.58528 0.54834
vt 0.58528 0.57828
vt 0.58528 0.57828
vt 0.57873 0.59325
vt 0.57873 0.59325
vt 0.58528 0.57828
vt 0.57873 0.59325
vt 0.57219 0.57828
vt 0.57873 0.53337
vt 0.58528 0.54834
vt 0.57873 0.53337
vt 0.57219 0.54834
vt 0.57873 0.53337
vt 0.57873 0.53337
vt 0.57873 0.59325
vt 0.57219 0.57828
vt 0.57873 0.59325
vt 0.57219 0.57828
vt 0.57219 0.54834
vt 0.57219 0.54834
vt 0.57873 0.59325
vt 0.57219 0.57828
vt 0.57219 0.57828
vt 0.57219 0.57828
vt 0.57219 0.57828
vt 0.57219 0.54834
vt 0.57219 0.54834
vt 0.57219 0.54834
vt 0.57873 0.53337
vt 0.57873 0.53337
vt 0.58528 0.54834
vt 0.58528 0.54834
vt 0.50212 0.57828
vt 0.49558 0.59325
vt 0.49558 0.59325
vt 0.48903 0.57828
vt 0.50212 0.54834
vt 0.50212 0.57828
vt 0.49558 0.53337
vt 0.50212 0.54834
vt 0.48903 0.57828
vt 0.48903 0.57828
vt 0.48903 0.54834
vt 0.49558 0.53337
vt 0.50212 0.54834
vt 0.49558 0.53337
vt 0.48903 0.54834
vt 0.50212 0.54834
vt 0.50212 0.57828
vt 0.50212 0.57828
vt 0.49558 0.53337
vt 0.50212 0.54834
vt 0.50212 0.54834
vt 0.48903 0.54834
vt 0.49558 0.53337
vt 0.49558 0.53337
vt 0.48903 0.57828
vt 0.48903 0.54834
vt 0.48903 0.57828
vt 0.49558 0.59325
vt 0.48903 0.57828
vt 0.49558 0.59325
vt 0.50212 0.57828
vt 0.49558 0.59325
vt 0.48903 0.57828
vt 0.50212 0.57828
vt 0.50212 0.57828
vt 0.49558 0.59325
vt 0.49558 0.59325
vt 0.50212 0.57828
vt 0.48903 0.54834
vt 0.48903 0.54834
vt 0.48903 0.57828
vt 0.49558 0.59325
vt 0.49558 0.53337
vt 0.50212 0.54834
vt 0.49558 0.53337
vt 0.48903 0.54834
vt 0.49558 0.53337
vt 0.48903 0.54834
vt 0.48903 0.57828
vt 0.48903 0.54834
vt 0.48903 0.54834
vt 0.49558 0.59325
vt 0.48903 0.57828
vt 0.48903 0.57828
vt 0.50212 0.54834
vt 0.50212 0.57828
vt 0.50212 0.54834
vt 0.50212 0.57828
vt 0.50212 0.54834
vt 0.48903 0.54834
vt 0.66499 0.59399
vt 0.66499 0.59399
vt 0.66499 0.55632
vt 0.67323 0.61283
vt 0.66499 0.59399
vt 0.66499 0.59399
vt 0.68147 0.55632
vt 0.67323 0.53748
vt 0.66499 0.55632
vt 0.68147 0.55632
vt 0.68147 0.59399
vt 0.68147 0.59399
vt 0.67323 0.53748
vt 0.68147 0.55632
vt 0.68147 0.55632
vt 0.66499 0.55632
vt 0.67323 0.53748
vt 0.67323 0.53748
vt 0.67323 0.53748
vt 0.68147 0.55632
vt 0.68147 0.59399
vt 0.66499 0.59399
vt 0.66499 0.55632
vt 0.68147 0.59399
vt 0.68147 0.59399
vt 0.67323 0.61283
vt 0.67323 0.61283
vt 0.68147 0.59399
vt 0.67323 0.61283
vt 0.66499 0.59399
vt 0.66499 0.55632
vt 0.66499 0.59399
vt 0.67323 0.61283
vt 0.67323 0.61283
vt 0.68147 0.59399
vt 0.66499 0.55632
vt 0.68147 0.55632
vt 0.68147 0.59399
vt 0.68147 0.55632
vt 0.68147 0.59399
vt 0.68147 0.55632
vt 0.66499 0.55632
vt 0.66499 0.55632
vt 0.67323 0.53748
vt 0.68147 0.59399
vt 0.68147 0.59399
vt 0.67323 0.61283
vt 0.68147 0.59399
vt 0.66499 0.59399
vt 0.66499 0.55632
vt 0.66499 0.55632
vt 0.67323 0.61283
vt 0.66499 0.59399
vt 0.67323 0.61283
vt 0.67323 0.53748
vt 0.68147 0.55632
vt 0.67323 0.53748
vt 0.66499 0.55632
vt 0.67323 0.53748
vt 0.66499 0.55632
vt 0.48545 0.73828
vt 0.48945 0.73828
vt 0.48957 0.68778
vt 0.48545 0.73828
vt 0.48587 0.68778
vt 0.48814 0.68778
vt 0.48957 0.73828
vt 0.48545 0.73828
vt 0.48814 0.68778
vt 0.48545 0.73828
vt 0.48957 0.68778
vt 0.48587 0.68778
vt 0.48957 0.68778
vt 0.48945 0.73828
vt 0.48957 0.73828
vt 0.48957 0.73828
vt 0.48945 0.73828
vt 0.48545 0.73828
vt 0.48957 0.68778
vt 0.48957 0.73828
vt 0.48814 0.68778
vt 0.48814 0.68778
vt 0.48587 0.68778
vt 0.48957 0.68778
vt 0.57275 0.73828
vt 0.57047 0.73828
vt 0.57150 0.73828
vt 0.56777 0.73828
vt 0.57047 0.73828
vt 0.57047 0.68778
vt 0.56777 0.73828
vt 0.56819 0.68778
vt 0.56943 0.68778
vt 0.57047 0.73828
vt 0.57275 0.73828
vt 0.57316 0.68778
vt 0.57150 0.73828
vt 0.56943 0.68778
vt 0.57316 0.68778
vt 0.57047 0.73828
vt 0.57316 0.68778
vt 0.57047 0.68778
vt 0.56777 0.73828
vt 0.57047 0.68778
vt 0.56819 0.68778
vt 0.57150 0.73828
vt 0.57047 0.73828
vt 0.56777 0.73828
vt 0.57150 0.73828
vt 0.56777 0.73828
vt 0.56943 0.68778
vt 0.57275 0.73828
vt 0.57150 0.73828
vt 0.57316 0.68778
vt 0.57316 0.68778
vt 0.56943 0.68778
vt 0.57047 0.68778
vt 0.56943 0.68778
vt 0.56819 0.68778
vt 0.57047 0.68778
vt 0.58934 0.73828
vt 0.58541 0.73828
vt 0.58872 0.68778
vt 0.58479 0.73828
vt 0.58872 0.73828
vt 0.58541 0.68778
vt 0.58541 0.68778
vt 0.58934 0.68778
vt 0.58872 0.68778
vt 0.58872 0.73828
vt 0.58934 0.73828
vt 0.58872 0.68778
vt 0.58541 0.73828
vt 0.58479 0.68778
vt 0.58872 0.68778
vt 0.58872 0.73828
vt 0.58872 0.68778
vt 0.58934 0.68778
vt 0.58541 0.73828
vt 0.58934 0.73828
vt 0.58872 0.73828
vt 0.58541 0.73828
vt 0.58872 0.73828
vt 0.58479 0.73828
vt 0.58479 0.68778
vt 0.58541 0.68778
vt 0.58872 0.68778
vt 0.58541 0.73828
vt 0.58479 0.73828
vt 0.58541 0.68778
vt 0.58541 0.73828
vt 0.58541 0.68778
vt 0.58479 0.68778
vt 0.58872 0.73828
vt 0.58934 0.68778
vt 0.58541 0.68778
vt 0.50640 0.73828
vt 0.50702 0.73828
vt 0.50640 0.68778
vt 0.50205 0.68778
vt 0.50578 0.68778
vt 0.50640 0.68778
vt 0.50205 0.73828
vt 0.50578 0.68778
vt 0.50205 0.68778
vt 0.50474 0.73828
vt 0.50205 0.73828
vt 0.50205 0.68778
vt 0.50474 0.73828
vt 0.50702 0.73828
vt 0.50640 0.73828
vt 0.50205 0.73828
vt 0.50640 0.73828
vt 0.50578 0.68778
vt 0.50474 0.73828
vt 0.50640 0.73828
vt 0.50205 0.73828
vt 0.50474 0.73828
vt 0.50205 0.68778
vt 0.50640 0.68778
vt 0.50702 0.73828
vt 0.50474 0.73828
vt 0.50640 0.68778
vt 0.50640 0.73828
vt 0.50640 0.68778
vt 0.50578 0.68778
vt 0.49042 0.68778
vt 0.49042 0.68778
vt 0.48649 0.68778
vt 0.48814 0.73828
vt 0.48587 0.73828
vt 0.48980 0.73828
vt 0.48649 0.68778
vt 0.48587 0.73828
vt 0.48587 0.73828
vt 0.48711 0.68778
vt 0.49042 0.73828
vt 0.49042 0.68778
vt 0.48711 0.68778
vt 0.48587 0.73828
vt 0.48814 0.73828
vt 0.48649 0.68778
vt 0.48980 0.73828
vt 0.48587 0.73828
vt 0.48980 0.73828
vt 0.49042 0.73828
vt 0.48814 0.73828
vt 0.49042 0.68778
vt 0.48649 0.68778
vt 0.48711 0.68778
vt 0.49042 0.68778
vt 0.49042 0.73828
vt 0.48980 0.73828
vt 0.48711 0.68778
vt 0.48814 0.73828
vt 0.49042 0.73828
vt 0.49042 0.68778
vt 0.48980 0.73828
vt 0.49042 0.68778
vt 0.49042 0.68778
vt 0.48980 0.73828
vt 0.48649 0.68778
vt 0.48587 0.73828
vt 0.48980 0.73828
vt 0.48587 0.73828
vt 0.48649 0.68778
vt 0.48587 0.73828
vt 0.48711 0.68778
vt 0.57150 0.68778
vt 0.56819 0.73828
vt 0.56819 0.68778
vt 0.57275 0.68778
vt 0.57150 0.68778
vt 0.57047 0.68778
vt 0.57047 0.68778
vt 0.57316 0.73828
vt 0.57275 0.68778
vt 0.57150 0.68778
vt 0.57047 0.73828
vt 0.56819 0.73828
vt 0.57150 0.68778
vt 0.57316 0.73828
vt 0.57047 0.73828
vt 0.57275 0.68778
vt 0.57316 0.73828
vt 0.57150 0.68778
vt 0.56819 0.68778
vt 0.56881 0.73828
vt 0.56819 0.68778
vt 0.57047 0.68778
vt 0.56881 0.73828
vt 0.57316 0.73828
vt 0.56819 0.68778
vt 0.57047 0.68778
vt 0.57150 0.68778
vt 0.56819 0.68778
vt 0.56881 0.73828
vt 0.57047 0.68778
vt 0.57047 0.73828
vt 0.57316 0.73828
vt 0.56881 0.73828
vt 0.56819 0.73828
vt 0.57047 0.73828
vt 0.56881 0.73828
vt 0.57150 0.68778
vt 0.56819 0.68778
vt 0.56819 0.68778
vt 0.56819 0.68778
vt 0.56819 0.73828
vt 0.56881 0.73828
vt 0.58603 0.73828
vt 0.58976 0.73828
vt 0.58706 0.73828
vt 0.58603 0.68778
vt 0.58479 0.73828
vt 0.58706 0.73828
vt 0.58479 0.68778
vt 0.58603 0.73828
vt 0.58479 0.73828
vt 0.58603 0.68778
vt 0.58706 0.73828
vt 0.58976 0.73828
vt 0.58706 0.73828
vt 0.58479 0.73828
vt 0.58603 0.73828
vt 0.58976 0.68778
vt 0.58976 0.73828
vt 0.58603 0.73828
vt 0.58976 0.68778
vt 0.58603 0.73828
vt 0.58706 0.68778
vt 0.58706 0.68778
vt 0.58603 0.73828
vt 0.58479 0.68778
vt 0.58479 0.68778
vt 0.58479 0.73828
vt 0.58603 0.68778
vt 0.58706 0.68778
vt 0.58479 0.68778
vt 0.58603 0.68778
vt 0.58976 0.68778
vt 0.58706 0.68778
vt 0.58603 0.68778
vt 0.58603 0.68778
vt 0.58976 0.73828
vt 0.58976 0.68778
vt 0.50604 0.68778
vt 0.50702 0.68778
vt 0.50309 0.68778
vt 0.50309 0.68778
vt 0.50246 0.73828
vt 0.50309 0.73828
vt 0.50246 0.68778
vt 0.50604 0.68778
vt 0.50309 0.68778
vt 0.50604 0.68778
vt 0.50309 0.73828
vt 0.50702 0.73828
vt 0.50702 0.68778
vt 0.50604 0.73828
vt 0.50309 0.68778
vt 0.50309 0.68778
vt 0.50309 0.73828
vt 0.50246 0.68778
vt 0.50246 0.68778
vt 0.50309 0.73828
vt 0.50604 0.68778
vt 0.50702 0.68778
vt 0.50604 0.68778
vt 0.50702 0.73828
vt 0.50604 0.73828
vt 0.50702 0.73828
vt 0.50309 0.73828
vt 0.50246 0.73828
vt 0.50604 0.73828
vt 0.50309 0.73828
vt 0.50309 0.68778
vt 0.50604 0.73828
vt 0.50246 0.73828
vt 0.50702 0.68778
vt 0.50702 0.73828
vt 0.50604 0.73828
vt 0.57714 0.54526
vt 0.58306 0.55372
vt 0.57603 0.54780
vt 0.57492 0.57234
vt 0.57603 0.54780
vt 0.58131 0.57899
vt 0.58306 0.55372
vt 0.58380 0.56557
vt 0.58131 0.57899
vt 0.58380 0.56557
vt 0.57714 0.54526
vt 0.57603 0.57826
vt 0.57603 0.54780
vt 0.58306 0.55372
vt 0.58131 0.57899
vt 0.58380 0.56557
vt 0.57603 0.57826
vt 0.58131 0.57899
vt 0.57603 0.57826
vt 0.57492 0.57234
vt 0.58131 0.57899
vt 0.57603 0.57826
vt 0.57603 0.54780
vt 0.57492 0.57234
vt 0.57714 0.54526
vt 0.58380 0.56557
vt 0.58306 0.55372
vt 0.57603 0.57826
vt 0.57714 0.54526
vt 0.57603 0.54780
vt 0.67173 0.55950
vt 0.67506 0.55950
vt 0.66973 0.56712
vt 0.66973 0.58390
vt 0.67173 0.55950
vt 0.66973 0.56712
vt 0.67340 0.59229
vt 0.66973 0.58390
vt 0.67173 0.59153
vt 0.67773 0.57780
vt 0.67173 0.55950
vt 0.67340 0.59229
vt 0.67173 0.55950
vt 0.67773 0.57780
vt 0.67506 0.55950
vt 0.67173 0.55950
vt 0.66973 0.58390
vt 0.67340 0.59229
vt 0.66973 0.58390
vt 0.66973 0.56712
vt 0.67173 0.59153
vt 0.67773 0.57780
vt 0.67707 0.58390
vt 0.67506 0.55950
vt 0.67773 0.57780
vt 0.67173 0.59153
vt 0.67707 0.58390
vt 0.67173 0.59153
vt 0.67506 0.55950
vt 0.67707 0.58390
vt 0.67773 0.57780
vt 0.67340 0.59229
vt 0.67173 0.59153
vt 0.67173 0.59153
vt 0.66973 0.56712
vt 0.67506 0.55950
vt 0.70296 0.85211
vt 0.70200 0.82980
vt 0.70421 0.84189
vt 0.70296 0.85211
vt 0.70209 0.82903
vt 0.70200 0.82980
vt 0.70676 0.82999
vt 0.70340 0.82052
vt 0.70209 0.82903
vt 0.70676 0.82999
vt 0.70200 0.82980
vt 0.70340 0.82052
vt 0.70200 0.82980
vt 0.70209 0.82903
vt 0.70340 0.82052
vt 0.70209 0.82903
vt 0.70296 0.85211
vt 0.70676 0.82999
vt 0.70296 0.85211
vt 0.70421 0.84189
vt 0.70676 0.82999
vt 0.70676 0.82999
vt 0.70421 0.84189
vt 0.70200 0.82980
vt 0.70572 0.83616
vt 0.70064 0.83616
vt 0.70572 0.83616
vt 0.70572 0.80072
vt 0.70064 0.83616
vt 0.69500 0.80198
vt 0.70572 0.83616
vt 0.70572 0.80072
vt 0.70572 0.80072
vt 0.70572 0.80072
vt 0.69500 0.80198
vt 0.69492 0.80395
vt 0.70572 0.83616
vt 0.70064 0.83616
vt 0.70064 0.83616
vt 0.70572 0.80072
vt 0.70572 0.80072
vt 0.69500 0.80198
vt 0.70064 0.83616
vt 0.69492 0.80395
vt 0.69500 0.80198
vt 0.70572 0.83616
vt 0.70572 0.80072
vt 0.69492 0.80395
vt 0.70572 0.80072
vt 0.70572 0.83616
vt 0.70064 0.83616
vt 0.70572 0.83616
vt 0.70572 0.83616
vt 0.70572 0.80072
vt 0.70064 0.83616
vt 0.70064 0.83616
vt 0.69492 0.80395
vt 0.70064 0.83616
vt 0.70572 0.83616
vt 0.69492 0.80395
vt 0.59743 0.71403
vt 0.55996 0.66156
vt 0.59743 0.66156
vt 0.55996 0.78825
vt 0.59743 0.76651
vt 0.59743 0.78825
vt 0.59743 0.76651
vt 0.55996 0.78825
vt 0.59743 0.78825
vt 0.59743 0.71403
vt 0.59743 0.76651
vt 0.59743 0.76651
vt 0.59743 0.76651
vt 0.59743 0.71403
vt 0.59743 0.71403
vt 0.59743 0.71403
vt 0.55996 0.71403
vt 0.55996 0.66156
vt 0.59743 0.76651
vt 0.55996 0.76651
vt 0.55996 0.78825
vt 0.59743 0.71403
vt 0.59743 0.66156
vt 0.59743 0.66156
vt 0.59743 0.66156
vt 0.59743 0.63982
vt 0.59743 0.66156
vt 0.59743 0.66156
vt 0.59743 0.71403
vt 0.59743 0.71403
vt 0.59743 0.76651
vt 0.59743 0.78825
vt 0.59743 0.76651
vt 0.55996 0.71403
vt 0.55996 0.66156
vt 0.55996 0.66156
vt 0.55996 0.63982
vt 0.55996 0.66156
vt 0.55996 0.66156
vt 0.55996 0.78825
vt 0.55996 0.76651
vt 0.59743 0.76651
vt 0.55996 0.78825
vt 0.55996 0.76651
vt 0.55996 0.76651
vt 0.55996 0.66156
vt 0.55996 0.71403
vt 0.55996 0.71403
vt 0.51502 0.78825
vt 0.47755 0.76651
vt 0.47755 0.78825
vt 0.51502 0.71403
vt 0.51502 0.76651
vt 0.51502 0.76651
vt 0.51502 0.78825
vt 0.47755 0.76651
vt 0.51502 0.76651
vt 0.47755 0.76651
vt 0.51502 0.78825
vt 0.51502 0.76651
vt 0.51502 0.66156
vt 0.47755 0.63982
vt 0.51502 0.63982
vt 0.51502 0.71403
vt 0.47755 0.66156
vt 0.51502 0.66156
vt 0.51502 0.66156
vt 0.51502 0.63982
vt 0.51502 0.66156
vt 0.51502 0.76651
vt 0.51502 0.71403
vt 0.51502 0.71403
vt 0.47755 0.63982
vt 0.47755 0.66156
vt 0.47755 0.66156
vt 0.51502 0.71403
vt 0.51502 0.66156
vt 0.51502 0.66156
vt 0.51502 0.76651
vt 0.51502 0.78825
vt 0.51502 0.76651
vt 0.51502 0.66156
vt 0.51502 0.71403
vt 0.51502 0.71403
vt 0.51502 0.78825
vt 0.47755 0.78825
vt 0.47755 0.76651
vt 0.47755 0.78825
vt 0.47755 0.76651
vt 0.47755 0.76651
vt 0.51502 0.71403
vt 0.47755 0.71403
vt 0.47755 0.66156
vt 0.51502 0.66156
vt 0.47755 0.66156
vt 0.47755 0.63982
vt 0.56031 0.73129
vt 0.59766 0.73129
vt 0.59766 0.69493
vt 0.56031 0.69493
vt 0.56031 0.69493
vt 0.59766 0.69493
vt 0.59766 0.73129
vt 0.56031 0.73129
vt 0.56031 0.73129
vt 0.59766 0.73129
vt 0.56031 0.73129
vt 0.56031 0.69493
vt 0.59766 0.73129
vt 0.59766 0.73129
vt 0.56031 0.73129
vt 0.56031 0.69493
vt 0.59766 0.69493
vt 0.59766 0.69493
vt 0.59766 0.73129
vt 0.59766 0.73129
vt 0.59766 0.69493
vt 0.59766 0.73129
vt 0.56031 0.69493
vt 0.59766 0.69493
vt 0.56031 0.73129
vt 0.56031 0.73129
vt 0.56031 0.69493
vt 0.56031 0.73129
vt 0.59766 0.69493
vt 0.56031 0.69493
vt 0.59766 0.73129
vt 0.59766 0.69493
vt 0.59766 0.69493
vt 0.56031 0.73129
vt 0.56031 0.69493
vt 0.56031 0.69493
vt 0.47756 0.73129
vt 0.47756 0.73129
vt 0.47756 0.69493
vt 0.51491 0.73129
vt 0.51491 0.73129
vt 0.47756 0.73129
vt 0.47756 0.73129
vt 0.51491 0.73129
vt 0.51491 0.69493
vt 0.51491 0.73129
vt 0.47756 0.73129
vt 0.47756 0.73129
vt 0.47756 0.69493
vt 0.51491 0.69493
vt 0.51491 0.69493
vt 0.47756 0.73129
vt 0.47756 0.69493
vt 0.47756 0.69493
vt 0.51491 0.73129
vt 0.51491 0.69493
vt 0.51491 0.69493
vt 0.47756 0.69493
vt 0.47756 0.69493
vt 0.51491 0.69493
vt 0.51491 0.73129
vt 0.47756 0.73129
vt 0.47756 0.69493
vt 0.51491 0.73129
vt 0.51491 0.73129
vt 0.51491 0.69493
vt 0.51491 0.73129
vt 0.47756 0.69493
vt 0.51491 0.69493
vt 0.47756 0.73129
vt 0.51491 0.69493
vt 0.47756 0.69493
vt 0.59766 0.69493
vt 0.56031 0.69493
vt 0.59766 0.69493
vt 0.56031 0.73129
vt 0.59766 0.73129
vt 0.56031 0.73129
vt 0.59766 0.69493
vt 0.56031 0.73129
vt 0.56031 0.69493
vt 0.56031 0.69493
vt 0.56031 0.73129
vt 0.56031 0.69493
vt 0.56031 0.69493
vt 0.56031 0.73129
vt 0.56031 0.73129
vt 0.59766 0.69493
vt 0.59766 0.73129
vt 0.56031 0.73129
vt 0.59766 0.69493
vt 0.59766 0.73129
vt 0.59766 0.69493
vt 0.56031 0.69493
vt 0.59766 0.73129
vt 0.59766 0.69493
vt 0.56031 0.73129
vt 0.59766 0.73129
vt 0.59766 0.73129
vt 0.59766 0.69493
vt 0.56031 0.69493
vt 0.56031 0.69493
vt 0.56031 0.69493
vt 0.56031 0.73129
vt 0.59766 0.73129
vt 0.59766 0.69493
vt 0.59766 0.73129
vt 0.59766 0.73129
vt 0.47756 0.73129
vt 0.51491 0.73129
vt 0.47756 0.73129
vt 0.51491 0.69493
vt 0.47756 0.69493
vt 0.51491 0.69493
vt 0.51491 0.69493
vt 0.47756 0.73129
vt 0.47756 0.69493
vt 0.47756 0.69493
vt 0.47756 0.73129
vt 0.47756 0.69493
vt 0.47756 0.69493
vt 0.51491 0.73129
vt 0.51491 0.69493
vt 0.51491 0.69493
vt 0.51491 0.73129
vt 0.51491 0.69493
vt 0.47756 0.73129
vt 0.51491 0.73129
vt 0.51491 0.73129
vt 0.51491 0.69493
vt 0.47756 0.69493
vt 0.47756 0.69493
vt 0.47756 0.69493
vt 0.47756 0.73129
vt 0.51491 0.73129
vt 0.51491 0.69493
vt 0.51491 0.73129
vt 0.51491 0.73129
vt 0.51491 0.69493
vt 0.51491 0.73129
vt 0.47756 0.73129
vt 0.47756 0.69493
vt 0.47756 0.73129
vt 0.47756 0.73129
vt 0.65516 0.57671
vt 0.65433 0.58662
vt 0.65516 0.58662
vt 0.65266 0.58167
vt 0.65516 0.57671
vt 0.65516 0.57671
vt 0.65266 0.58167
vt 0.65516 0.57671
vt 0.65516 0.58662
vt 0.65433 0.58662
vt 0.65266 0.58167
vt 0.65516 0.58662
vt 0.65516 0.57671
vt 0.65266 0.57671
vt 0.65433 0.58662
vt 0.65266 0.58167
vt 0.65266 0.57671
vt 0.65516 0.57671
vt 0.65516 0.57671
vt 0.65516 0.57671
vt 0.65433 0.58662
vt 0.65266 0.58167
vt 0.65433 0.58662
vt 0.65266 0.57671
vt 0.55996 0.66156
vt 0.59743 0.63982
vt 0.59743 0.66156
vt 0.55996 0.66156
vt 0.55996 0.63982
vt 0.59743 0.63982
vt 0.55996 0.63982
vt 0.55996 0.66156
vt 0.59743 0.66156
vt 0.55996 0.63982
vt 0.59743 0.66156
vt 0.59743 0.63982
vt 0.55996 0.66156
vt 0.59743 0.71403
vt 0.59743 0.66156
vt 0.55996 0.66156
vt 0.55996 0.71403
vt 0.59743 0.71403
vt 0.55996 0.71403
vt 0.55996 0.76651
vt 0.59743 0.76651
vt 0.55996 0.71403
vt 0.59743 0.76651
vt 0.59743 0.71403
vt 0.55996 0.76651
vt 0.55996 0.71403
vt 0.55996 0.71403
vt 0.55996 0.71403
vt 0.55996 0.76651
vt 0.55996 0.76651
vt 0.55996 0.76651
vt 0.55996 0.71403
vt 0.59743 0.71403
vt 0.55996 0.76651
vt 0.59743 0.71403
vt 0.59743 0.76651
vt 0.47755 0.63982
vt 0.51502 0.66156
vt 0.51502 0.63982
vt 0.47755 0.63982
vt 0.47755 0.66156
vt 0.51502 0.66156
vt 0.47755 0.66156
vt 0.47755 0.71403
vt 0.51502 0.71403
vt 0.47755 0.66156
vt 0.51502 0.71403
vt 0.51502 0.66156
vt 0.47755 0.71403
vt 0.51502 0.76651
vt 0.51502 0.71403
vt 0.47755 0.71403
vt 0.47755 0.76651
vt 0.51502 0.76651
vt 0.47755 0.71403
vt 0.47755 0.76651
vt 0.47755 0.71403
vt 0.47755 0.76651
vt 0.47755 0.71403
vt 0.47755 0.76651
vt 0.47755 0.76651
vt 0.51502 0.71403
vt 0.51502 0.76651
vt 0.47755 0.76651
vt 0.47755 0.71403
vt 0.51502 0.71403
vt 0.59743 0.66156
vt 0.55996 0.71403
vt 0.59743 0.71403
vt 0.59743 0.66156
vt 0.55996 0.66156
vt 0.55996 0.71403
vt 0.59743 0.63982
vt 0.55996 0.63982
vt 0.55996 0.66156
vt 0.59743 0.63982
vt 0.55996 0.66156
vt 0.59743 0.66156
vt 0.59743 0.66156
vt 0.55996 0.63982
vt 0.59743 0.63982
vt 0.59743 0.66156
vt 0.55996 0.66156
vt 0.55996 0.63982
vt 0.59743 0.76651
vt 0.55996 0.76651
vt 0.55996 0.71403
vt 0.59743 0.76651
vt 0.55996 0.71403
vt 0.59743 0.71403
vt 0.55996 0.76651
vt 0.55996 0.76651
vt 0.55996 0.71403
vt 0.55996 0.71403
vt 0.55996 0.76651
vt 0.55996 0.71403
vt 0.59743 0.71403
vt 0.55996 0.71403
vt 0.55996 0.76651
vt 0.59743 0.71403
vt 0.55996 0.76651
vt 0.59743 0.76651
vt 0.51502 0.66156
vt 0.47755 0.71403
vt 0.51502 0.71403
vt 0.51502 0.66156
vt 0.47755 0.66156
vt 0.47755 0.71403
vt 0.51502 0.63982
vt 0.47755 0.63982
vt 0.47755 0.66156
vt 0.51502 0.63982
vt 0.47755 0.66156
vt 0.51502 0.66156
vt 0.51502 0.76651
vt 0.47755 0.71403
vt 0.51502 0.71403
vt 0.51502 0.76651
vt 0.47755 0.76651
vt 0.47755 0.71403
vt 0.47755 0.71403
vt 0.47755 0.76651
vt 0.47755 0.76651
vt 0.47755 0.71403
vt 0.47755 0.76651
vt 0.47755 0.71403
vt 0.51502 0.71403
vt 0.47755 0.76651
vt 0.51502 0.76651
vt 0.51502 0.71403
vt 0.47755 0.71403
vt 0.47755 0.76651
vt 0.47755 0.66156
vt 0.47755 0.71403
vt 0.47755 0.66156
vt 0.47755 0.71403
vt 0.47755 0.66156
vt 0.47755 0.71403
vt 0.47755 0.71403
vt 0.47755 0.66156
vt 0.47755 0.71403
vt 0.47755 0.71403
vt 0.47755 0.66156
vt 0.47755 0.66156
vt 0.70295 0.82979
vt 0.70354 0.82712
vt 0.70208 0.83045
vt 0.70295 0.82979
vt 0.70295 0.81781
vt 0.70354 0.82712
vt 0.70295 0.82979
vt 0.70354 0.82047
vt 0.70295 0.81781
vt 0.70295 0.81781
vt 0.70354 0.82047
vt 0.70208 0.81715
vt 0.70295 0.81781
vt 0.70063 0.82047
vt 0.70063 0.82047
vt 0.70295 0.81781
vt 0.70208 0.81715
vt 0.70063 0.82047
vt 0.70295 0.82979
vt 0.70208 0.81715
vt 0.70354 0.82047
vt 0.70063 0.82047
vt 0.70063 0.82712
vt 0.70063 0.82047
vt 0.70063 0.82047
vt 0.70063 0.82712
vt 0.70063 0.82712
vt 0.70063 0.82712
vt 0.70208 0.83045
vt 0.70063 0.82712
vt 0.70063 0.82712
vt 0.70295 0.82979
vt 0.70208 0.83045
vt 0.70354 0.82712
vt 0.70295 0.81781
vt 0.70208 0.83045
vt 0.70295 0.82979
vt 0.70354 0.82712
vt 0.70208 0.83045
vt 0.70354 0.82047
vt 0.70295 0.81781
vt 0.70354 0.82712
vt 0.70354 0.82047
vt 0.70354 0.82712
vt 0.70295 0.82979
vt 0.70354 0.82047
vt 0.70208 0.81715
vt 0.70295 0.81781
vt 0.70208 0.81715
vt 0.70063 0.82047
vt 0.70295 0.81781
vt 0.70208 0.81715
vt 0.70063 0.82047
vt 0.70063 0.82047
vt 0.70063 0.82047
vt 0.70063 0.82712
vt 0.70208 0.83045
vt 0.70295 0.81781
vt 0.70063 0.82047
vt 0.70208 0.83045
vt 0.70063 0.82712
vt 0.70063 0.82047
vt 0.70063 0.82047
vt 0.70063 0.82712
vt 0.70063 0.82712
vt 0.70063 0.82047
vt 0.70295 0.82979
vt 0.70208 0.83045
vt 0.70063 0.82712
vt 0.70295 0.82979
vt 0.70063 0.82712
vt 0.70063 0.82712
vt 0.70063 0.82712
vt 0.70063 0.82047
vt 0.70208 0.81715
vt 0.70063 0.82712
vt 0.70208 0.81715
vt 0.70295 0.82979
vt 0.70295 0.82979
vt 0.70063 0.82712
vt 0.70063 0.82047
vt 0.70063 0.82047
vt 0.70208 0.81715
vt 0.70295 0.82979
vt 0.70063 0.82712
vt 0.70208 0.83045
vt 0.70295 0.81781
vt 0.70295 0.81781
vt 0.70063 0.82047
vt 0.70063 0.82712
vt 0.70208 0.83045
vt 0.70354 0.82712
vt 0.70295 0.81781
vt 0.70208 0.81715
vt 0.70354 0.82047
vt 0.70295 0.82979
vt 0.66782 0.56696
vt 0.67611 0.59456
vt 0.66782 0.56720
vt 0.66782 0.56720
vt 0.67611 0.59456
vt 0.66782 0.56696
vt 0.57692 0.32803
vt 0.57692 0.32803
vt 0.57692 0.29478
vt 0.39730 0.17320
vt 0.41478 0.32803
vt 0.57692 0.29478
vt 0.41446 0.32803
vt 0.57692 0.32803
vt 0.57692 0.32803
vt 0.57800 0.01270
vt 0.57692 0.05752
vt 0.58587 0.05752
vt 0.59230 0.00000
vt 0.59230 0.32803
vt 0.59230 0.29478
vt 0.39730 0.17320
vt 0.42697 0.14685
vt 0.38254 0.29478
vt 0.57692 0.29478
vt 0.57692 0.32803
vt 0.57692 0.32803
vt 0.59230 0.00000
vt 0.57800 0.01270
vt 0.57800 0.01270
vt 0.59230 0.00000
vt 0.59230 0.29478
vt 0.59230 0.29478
vt 0.57692 0.32803
vt 0.41446 0.32803
vt 0.38254 0.29478
vt 0.42697 0.14685
vt 0.59230 0.00000
vt 0.57692 0.29478
vt 0.38254 0.29478
vt 0.38254 0.32803
vt 0.38254 0.32803
vt 0.59230 0.32803
vt 0.59230 0.32803
vt 0.59230 0.29478
vt 0.39730 0.17320
vt 0.38254 0.29478
vt 0.41478 0.32803
vt 0.38254 0.32803
vt 0.41478 0.32803
vt 0.38254 0.32803
vt 0.58587 0.05752
vt 0.57692 0.05752
vt 0.57692 0.05752
vt 0.38254 0.32803
vt 0.41478 0.32803
vt 0.38254 0.29478
vt 0.38254 0.29478
vt 0.38254 0.32803
vt 0.38254 0.29478
vt 0.57800 0.01270
vt 0.58587 0.05752
vt 0.58861 0.00328
vt 0.41446 0.32803
vt 0.57692 0.32803
vt 0.41478 0.32803
vt 0.59230 0.32803
vt 0.59230 0.32803
vt 0.57692 0.32803
vt 0.58861 0.00328
vt 0.58861 0.00328
vt 0.59230 0.00000
vt 0.59230 0.32803
vt 0.59230 0.32803
vt 0.58833 0.32803
vt 0.41446 0.32803
vt 0.41446 0.32803
vt 0.38254 0.32803
vt 0.57692 0.32803
vt 0.57692 0.32803
vt 0.41446 0.32803
vt 0.58861 0.00328
vt 0.58587 0.05752
vt 0.58587 0.05752
vt 0.58587 0.05752
vt 0.57692 0.05752
vt 0.57800 0.01270
vt 0.57692 0.05752
vt 0.58587 0.05752
vt 0.58587 0.05752
vt 0.38254 0.29478
vt 0.38254 0.29478
vt 0.38254 0.32803
vt 0.58833 0.32803
vt 0.59230 0.32803
vt 0.57692 0.32803
vt 0.57800 0.01270
vt 0.59230 0.00000
vt 0.42697 0.14685
vt 0.39730 0.17320
vt 0.42697 0.14685
vt 0.39730 0.17320
vt 0.39730 0.17320
vt 0.38254 0.29478
vt 0.38254 0.29478
vt 0.59230 0.32803
vt 0.57692 0.32803
vt 0.57692 0.29478
vt 0.38254 0.29478
vt 0.41446 0.32803
vt 0.38254 0.32803
vt 0.57692 0.29478
vt 0.57692 0.32803
vt 0.59230 0.32803
vt 0.42697 0.14685
vt 0.38254 0.29478
vt 0.57692 0.29478
vt 0.57692 0.32803
vt 0.59230 0.32803
vt 0.58833 0.32803
vt 0.59230 0.00000
vt 0.58861 0.00328
vt 0.59230 0.00000
vt 0.38254 0.29478
vt 0.41446 0.32803
vt 0.38254 0.32803
vt 0.41478 0.32803
vt 0.57692 0.32803
vt 0.57692 0.29478
vt 0.57800 0.01270
vt 0.39730 0.17320
vt 0.42697 0.14685
vt 0.59230 0.00000
vt 0.57692 0.29478
vt 0.59230 0.29478
vt 0.57692 0.29478
vt 0.57692 0.32803
vt 0.41446 0.32803
vt 0.38254 0.32803
vt 0.41446 0.32803
vt 0.41478 0.32803
vt 0.59230 0.32803
vt 0.59230 0.29478
vt 0.59230 0.29478
vt 0.57692 0.29478
vt 0.57692 0.32803
vt 0.57692 0.32803
vt 0.38254 0.29478
vt 0.38254 0.29478
vt 0.39730 0.17320
vt 0.57692 0.32803
vt 0.58833 0.32803
vt 0.57692 0.32803
vt 0.59230 0.29478
vt 0.59230 0.32803
vt 0.59230 0.32803
vt 0.38254 0.29478
vt 0.38254 0.32803
vt 0.41446 0.32803
vt 0.58833 0.32803
vt 0.57692 0.32803
vt 0.57692 0.32803
vt 0.42697 0.14685
vt 0.57692 0.29478
vt 0.38254 0.29478
vt 0.59230 0.00000
vt 0.59230 0.29478
vt 0.59230 0.00000
vt 0.57692 0.29478
vt 0.57692 0.05752
vt 0.57692 0.32803
vt 0.59230 0.32803
vt 0.59230 0.32803
vt 0.59230 0.29478
vt 0.57800 0.01270
vt 0.42697 0.14685
vt 0.39730 0.17320
vt 0.41446 0.32803
vt 0.38254 0.32803
vt 0.38254 0.32803
vt 0.57692 0.32803
vt 0.41446 0.32803
vt 0.41446 0.32803
vt 0.58587 0.05752
vt 0.57800 0.01270
vt 0.58861 0.00328
vt 0.59230 0.32803
vt 0.57692 0.29478
vt 0.59230 0.29478
vt 0.59230 0.00000
vt 0.57800 0.01270
vt 0.59230 0.00000
vt 0.38254 0.29478
vt 0.38254 0.32803
vt 0.38254 0.32803
vt 0.39730 0.17320
vt 0.57800 0.01270
vt 0.57692 0.29478
vt 0.57800 0.01270
vt 0.57800 0.01270
vt 0.58861 0.00328
vt 0.39730 0.17320
vt 0.38254 0.29478
vt 0.39730 0.17320
vt 0.38254 0.29478
vt 0.41446 0.32803
vt 0.57692 0.32803
vt 0.59230 0.00000
vt 0.59230 0.29478
vt 0.59230 0.00000
vt 0.59230 0.29478
vt 0.59230 0.32803
vt 0.59230 0.00000
vt 0.57692 0.32803
vt 0.57692 0.29478
vt 0.57692 0.05752
vt 0.39730 0.17320
vt 0.57692 0.29478
vt 0.57800 0.01270
vt 0.59230 0.00000
vt 0.57800 0.01270
vt 0.58861 0.00328
vt 0.57692 0.32803
vt 0.38254 0.29478
vt 0.57692 0.29478
vt 0.59230 0.00000
vt 0.59230 0.29478
vt 0.59230 0.00000
vt 0.57692 0.05752
vt 0.57692 0.05752
vt 0.57692 0.29478
vt 0.59230 0.00000
vt 0.59230 0.29478
vt 0.57692 0.29478
vt 0.57692 0.29478
vt 0.57692 0.32803
vt 0.57692 0.05752
vt 0.59230 0.00000
vt 0.58861 0.00328
vt 0.59230 0.00000
vt 0.57800 0.01270
vt 0.59230 0.00000
vt 0.58861 0.00328
vt 0.42697 0.14685
vt 0.57692 0.29478
vt 0.59230 0.00000
vt 0.38254 0.29478
vt 0.57692 0.32803
vt 0.57692 0.29478
vt 0.38254 0.29478
vt 0.39730 0.17320
vt 0.39730 0.17320
vt 0.57692 0.29478
vt 0.59230 0.32803
vt 0.59230 0.29478
vt 0.57692 0.29478
vt 0.57692 0.32803
vt 0.57692 0.05752
vt 0.58833 0.32803
vt 0.57692 0.32803
vt 0.57692 0.32803
vt 0.58833 0.32803
vt 0.57692 0.32803
vt 0.57692 0.32803
vt 0.58861 0.00328
vt 0.59230 0.00000
vt 0.59230 0.00000
vt 0.57692 0.29478
vt 0.57692 0.32803
vt 0.57692 0.32803
vt 0.57692 0.29478
vt 0.41446 0.32803
vt 0.38254 0.29478
vt 0.57692 0.05752
vt 0.57692 0.05752
vt 0.57692 0.29478
vt 0.57692 0.05752
vt 0.58587 0.05752
vt 0.57692 0.05752
vt 0.58861 0.00328
vt 0.58587 0.05752
vt 0.58861 0.00328
vt 0.39730 0.17320
vt 0.57692 0.29478
vt 0.38254 0.29478
vt 0.39730 0.17320
vt 0.39730 0.17320
vt 0.42697 0.14685
vt 0.59230 0.32803
vt 0.59230 0.00000
vt 0.59230 0.00000
vt 0.39730 0.17320
vt 0.38254 0.29478
vt 0.42697 0.14685
vt 0.57800 0.01270
vt 0.42697 0.14685
vt 0.59230 0.00000
vt 0.57692 0.32803
vt 0.57692 0.32803
vt 0.58833 0.32803
vt 0.57692 0.32803
vt 0.59230 0.32803
vt 0.59230 0.32803
vt 0.57692 0.32803
vt 0.59230 0.32803
vt 0.57692 0.32803
vt 0.59166 0.26896
vt 0.67345 0.12925
vt 0.59166 0.12925
vt 0.68151 0.12925
vt 0.71081 0.26896
vt 0.67345 0.12925
vt 0.71081 0.26896
vt 0.68151 0.12925
vt 0.67345 0.12925
vt 0.71081 0.26896
vt 0.71081 0.26896
vt 0.59166 0.26896
vt 0.71081 0.26896
vt 0.71886 0.26896
vt 0.68151 0.12925
vt 0.71886 0.26896
vt 0.71081 0.26896
vt 0.71081 0.26896
vt 0.68151 0.12925
vt 0.71886 0.26896
vt 0.71886 0.26896
vt 0.59166 0.26896
vt 0.59166 0.26896
vt 0.59166 0.12925
vt 0.68151 0.12925
vt 0.68151 0.12925
vt 0.67345 0.12925
vt 0.59166 0.26896
vt 0.59166 0.12925
vt 0.67345 0.12925
vt 0.59166 0.26896
vt 0.59166 0.12925
vt 0.59166 0.12925
vt 0.68151 0.12925
vt 0.71886 0.26896
vt 0.68151 0.12925
vt 0.59166 0.26896
vt 0.71081 0.26896
vt 0.67345 0.12925
vt 0.68151 0.12925
vt 0.71886 0.26896
vt 0.71081 0.26896
vt 0.71081 0.26896
vt 0.71886 0.26896
vt 0.71886 0.26896
vt 0.59166 0.26896
vt 0.59166 0.26896
vt 0.71081 0.26896
vt 0.67345 0.12925
vt 0.59166 0.12925
vt 0.59166 0.12925
vt 0.59166 0.12925
vt 0.67345 0.12925
vt 0.67345 0.12925
vt 0.67345 0.12925
vt 0.68151 0.12925
vt 0.67345 0.12925
vt 0.59166 0.26896
vt 0.67345 0.12925
vt 0.71081 0.26896
vt 0.66112 0.19562
vt 0.65616 0.19562
vt 0.65616 0.19562
vt 0.65616 0.09011
vt 0.66112 0.09011
vt 0.66112 0.09011
vt 0.66112 0.19562
vt 0.66112 0.17043
vt 0.66112 0.09011
vt 0.65616 0.17043
vt 0.65616 0.09011
vt 0.65616 0.09011
vt 0.66112 0.19562
vt 0.65616 0.19562
vt 0.65616 0.17043
vt 0.65616 0.17043
vt 0.65616 0.19562
vt 0.65616 0.09011
vt 0.65616 0.19562
vt 0.66112 0.19562
vt 0.66112 0.09011
vt 0.65616 0.19562
vt 0.65616 0.19562
vt 0.65616 0.17043
vt 0.66112 0.19562
vt 0.66112 0.19562
vt 0.66112 0.17043
vt 0.66112 0.19562
vt 0.65616 0.17043
vt 0.66112 0.17043
vt 0.66112 0.19562
vt 0.66112 0.19562
vt 0.65616 0.19562
vt 0.65616 0.09011
vt 0.65616 0.09011
vt 0.66112 0.09011
vt 0.66112 0.19562
vt 0.66112 0.09011
vt 0.66112 0.09011
vt 0.65616 0.19562
vt 0.66112 0.09011
vt 0.65616 0.09011
vt 0.66112 0.17043
vt 0.65616 0.09011
vt 0.66112 0.09011
vt 0.66112 0.17043
vt 0.65616 0.17043
vt 0.65616 0.09011
vt 0.65091 0.19042
vt 0.65864 0.17274
vt 0.65864 0.17274
vt 0.65864 0.17274
vt 0.66637 0.19042
vt 0.66637 0.19042
vt 0.65864 0.24345
vt 0.65091 0.22577
vt 0.65091 0.22577
vt 0.65091 0.22577
vt 0.65091 0.19042
vt 0.65091 0.19042
vt 0.65864 0.24345
vt 0.66637 0.19042
vt 0.65091 0.22577
vt 0.66637 0.19042
vt 0.66637 0.22577
vt 0.66637 0.19042
vt 0.66637 0.22577
vt 0.65864 0.24345
vt 0.65864 0.24345
vt 0.66637 0.22577
vt 0.65864 0.24345
vt 0.65091 0.22577
vt 0.65091 0.19042
vt 0.65864 0.17274
vt 0.65091 0.19042
vt 0.65864 0.17274
vt 0.66637 0.19042
vt 0.65864 0.17274
vt 0.65091 0.19042
vt 0.65091 0.22577
vt 0.66637 0.19042
vt 0.65864 0.24345
vt 0.66637 0.22577
vt 0.66637 0.19042
vt 0.66637 0.19042
vt 0.66637 0.22577
vt 0.66637 0.22577
vt 0.66637 0.19042
vt 0.65864 0.17274
vt 0.65091 0.19042
vt 0.65091 0.22577
vt 0.65091 0.19042
vt 0.65864 0.17274
vt 0.65864 0.17274
vt 0.66637 0.19042
vt 0.65091 0.22577
vt 0.65091 0.22577
vt 0.66637 0.19042
vt 0.66637 0.22577
vt 0.66637 0.22577
vt 0.65864 0.24345
vt 0.66637 0.22577
vt 0.65864 0.24345
vt 0.65091 0.22577
vt 0.65864 0.24345
vt 0.65091 0.22577
vt 0.65091 0.19042
vt 0.65091 0.22577
vt 0.65382 0.21912
vt 0.65864 0.18604
vt 0.65864 0.23015
vt 0.66346 0.19707
vt 0.65864 0.18604
vt 0.65864 0.23015
vt 0.65382 0.19707
vt 0.65864 0.18604
vt 0.65864 0.18604
vt 0.66346 0.19707
vt 0.66346 0.21912
vt 0.66346 0.21912
vt 0.66346 0.21912
vt 0.65864 0.23015
vt 0.66346 0.21912
vt 0.65864 0.18604
vt 0.66346 0.19707
vt 0.65864 0.18604
vt 0.65382 0.21912
vt 0.65382 0.19707
vt 0.65864 0.18604
vt 0.66346 0.21912
vt 0.65864 0.23015
vt 0.65864 0.18604
vt 0.66346 0.21912
vt 0.65864 0.23015
vt 0.65864 0.23015
vt 0.65864 0.23015
vt 0.65864 0.18604
vt 0.65382 0.19707
vt 0.66346 0.19707
vt 0.66346 0.21912
vt 0.66346 0.19707
vt 0.65382 0.21912
vt 0.65382 0.19707
vt 0.65382 0.21912
vt 0.65864 0.18604
vt 0.66346 0.19707
vt 0.66346 0.19707
vt 0.65864 0.23015
vt 0.65382 0.21912
vt 0.65864 0.23015
vt 0.65382 0.19707
vt 0.65864 0.18604
vt 0.65382 0.19707
vt 0.65864 0.18604
vt 0.66346 0.19707
vt 0.66346 0.21912
vt 0.65864 0.23015
vt 0.65382 0.21912
vt 0.65382 0.21912
vt 0.65382 0.21912
vt 0.65382 0.19707
vt 0.65382 0.19707
vt 0.65382 0.19707
vt 0.65382 0.21912
vt 0.65864 0.23015
vt 0.65864 0.23015
vt 0.66346 0.21912
vt 0.66346 0.19707
vt 0.62846 0.17631
vt 0.63097 0.18204
vt 0.62596 0.19350
vt 0.63097 0.19350
vt 0.62846 0.19923
vt 0.62846 0.19923
vt 0.62846 0.17631
vt 0.63097 0.18204
vt 0.62846 0.17631
vt 0.63097 0.19350
vt 0.62846 0.19923
vt 0.63097 0.19350
vt 0.62596 0.18204
vt 0.62846 0.17631
vt 0.62846 0.17631
vt 0.62596 0.18204
vt 0.62596 0.19350
vt 0.62846 0.19923
vt 0.62596 0.19350
vt 0.63097 0.18204
vt 0.63097 0.19350
vt 0.63097 0.19350
vt 0.63097 0.18204
vt 0.62596 0.18204
vt 0.62846 0.19923
vt 0.63097 0.19350
vt 0.62596 0.18204
vt 0.63097 0.18204
vt 0.62846 0.17631
vt 0.62596 0.18204
vt 0.63097 0.18204
vt 0.63097 0.19350
vt 0.63097 0.18204
vt 0.62846 0.17631
vt 0.63097 0.18204
vt 0.63097 0.18204
vt 0.63097 0.18204
vt 0.63097 0.19350
vt 0.63097 0.19350
vt 0.62846 0.19923
vt 0.62596 0.19350
vt 0.62596 0.19350
vt 0.62596 0.19350
vt 0.62596 0.19350
vt 0.62596 0.18204
vt 0.62596 0.19350
vt 0.62596 0.18204
vt 0.62596 0.18204
vt 0.62596 0.18204
vt 0.62846 0.17631
vt 0.62596 0.18204
vt 0.62596 0.19350
vt 0.62596 0.18204
vt 0.62846 0.17631
vt 0.63097 0.19350
vt 0.62846 0.19923
vt 0.62596 0.19350
vt 0.62846 0.19923
vt 0.62596 0.19350
vt 0.62846 0.19923
vt 0.68030 0.24790
vt 0.67780 0.25362
vt 0.68030 0.24790
vt 0.67780 0.23071
vt 0.68030 0.23644
vt 0.67780 0.23071
vt 0.68030 0.24790
vt 0.67780 0.25362
vt 0.67529 0.24790
vt 0.67780 0.25362
vt 0.67529 0.24790
vt 0.67529 0.24790
vt 0.67529 0.24790
vt 0.67529 0.24790
vt 0.67529 0.23644
vt 0.67529 0.23644
vt 0.67780 0.23071
vt 0.67780 0.23071
vt 0.67529 0.24790
vt 0.67529 0.23644
vt 0.67780 0.23071
vt 0.67780 0.23071
vt 0.68030 0.23644
vt 0.67529 0.24790
vt 0.67780 0.23071
vt 0.68030 0.23644
vt 0.68030 0.23644
vt 0.67529 0.23644
vt 0.67529 0.24790
vt 0.67780 0.25362
vt 0.67780 0.25362
vt 0.68030 0.24790
vt 0.67529 0.23644
vt 0.68030 0.23644
vt 0.67780 0.23071
vt 0.67529 0.23644
vt 0.68030 0.24790
vt 0.67780 0.25362
vt 0.67780 0.25362
vt 0.67529 0.24790
vt 0.68030 0.23644
vt 0.68030 0.24790
vt 0.68030 0.24790
vt 0.68030 0.23644
vt 0.67529 0.23644
vt 0.68030 0.23644
vt 0.68030 0.24790
vt 0.68030 0.23644
vt 0.68030 0.23644
vt 0.68030 0.24790
vt 0.68030 0.24790
vt 0.67529 0.24790
vt 0.67529 0.23644
vt 0.67529 0.23644
vt 0.67780 0.25362
vt 0.67529 0.24790
vt 0.67780 0.25362
vt 0.67529 0.23644
vt 0.67780 0.23071
vt 0.67529 0.23644
vt 0.39250 0.44783
vt 0.39250 0.45386
vt 0.39250 0.48819
vt 0.39250 0.44783
vt 0.39250 0.38428
vt 0.39250 0.36712
vt 0.39250 0.44783
vt 0.39250 0.45386
vt 0.39250 0.43067
vt 0.39250 0.36712
vt 0.39250 0.36109
vt 0.39250 0.32676
vt 0.39250 0.36712
vt 0.39250 0.32676
vt 0.39250 0.36109
vt 0.39250 0.44783
vt 0.39250 0.43067
vt 0.39250 0.38428
vt 0.39250 0.36712
vt 0.39250 0.36109
vt 0.39250 0.38428
vt 0.39250 0.36712
vt 0.39250 0.43067
vt 0.39250 0.44783
vt 0.39250 0.36712
vt 0.39250 0.38428
vt 0.39250 0.43067
vt 0.39250 0.44783
vt 0.39250 0.48819
vt 0.39250 0.45386
vt 0.39250 0.36712
vt 0.39250 0.38428
vt 0.39250 0.36109
vt 0.39250 0.44783
vt 0.39250 0.43067
vt 0.39250 0.45386
vt 0.42326 0.40321
vt 0.44080 0.40897
vt 0.44084 0.34066
vt 0.44306 0.50181
vt 0.44306 0.50181
vt 0.39741 0.50181
vt 0.39741 0.50181
vt 0.44306 0.50181
vt 0.44080 0.40897
vt 0.63497 0.50181
vt 0.63497 0.50181
vt 0.63497 0.42136
vt 0.44084 0.42136
vt 0.63497 0.50181
vt 0.63497 0.40321
vt 0.63497 0.40321
vt 0.63497 0.50181
vt 0.63497 0.42136
vt 0.63497 0.42136
vt 0.44084 0.42136
vt 0.44084 0.40321
vt 0.63497 0.42136
vt 0.63497 0.50181
vt 0.44306 0.50181
vt 0.42326 0.40321
vt 0.40495 0.34066
vt 0.40495 0.40321
vt 0.44084 0.34066
vt 0.44084 0.34066
vt 0.63497 0.34066
vt 0.63497 0.40321
vt 0.44084 0.40321
vt 0.44084 0.34066
vt 0.63497 0.50181
vt 0.63497 0.50181
vt 0.44306 0.50181
vt 0.44080 0.40897
vt 0.63497 0.40321
vt 0.63497 0.34066
vt 0.63497 0.40321
vt 0.63497 0.40321
vt 0.63497 0.34066
vt 0.63497 0.50181
vt 0.44306 0.50181
vt 0.44306 0.50181
vt 0.44080 0.40897
vt 0.63497 0.34066
vt 0.44084 0.34066
vt 0.63497 0.40321
vt 0.63497 0.34066
vt 0.63497 0.34066
vt 0.44084 0.42136
vt 0.63497 0.40321
vt 0.44080 0.40897
vt 0.44306 0.50181
vt 0.39741 0.50181
vt 0.41532 0.50181
vt 0.39741 0.50181
vt 0.44080 0.40897
vt 0.42326 0.42136
vt 0.44306 0.50181
vt 0.63497 0.50181
vt 0.44084 0.42136
vt 0.40495 0.40321
vt 0.39741 0.40321
vt 0.39741 0.34066
vt 0.39741 0.50181
vt 0.40495 0.42136
vt 0.40495 0.40321
vt 0.42326 0.42136
vt 0.42326 0.42136
vt 0.40495 0.42136
vt 0.39741 0.34066
vt 0.39741 0.34066
vt 0.40495 0.34066
vt 0.40495 0.40321
vt 0.40495 0.34066
vt 0.40495 0.34066
vt 0.42326 0.42136
vt 0.40495 0.42136
vt 0.40495 0.42136
vt 0.39741 0.50181
vt 0.40495 0.40321
vt 0.39741 0.40321
vt 0.39741 0.40321
vt 0.39741 0.40321
vt 0.39741 0.34066
vt 0.42326 0.34066
vt 0.42326 0.40321
vt 0.42326 0.40321
vt 0.44074 0.40377
vt 0.41411 0.42136
vt 0.42326 0.40321
vt 0.42326 0.40321
vt 0.44084 0.34066
vt 0.42326 0.34066
vt 0.44080 0.40897
vt 0.44084 0.34066
vt 0.44084 0.34066
vt 0.44306 0.50181
vt 0.44074 0.40377
vt 0.44084 0.42136
vt 0.42326 0.42136
vt 0.42326 0.40321
vt 0.42326 0.40321
vt 0.40495 0.40321
vt 0.40495 0.42136
vt 0.42326 0.42136
vt 0.39741 0.40321
vt 0.40495 0.40321
vt 0.40495 0.34066
vt 0.42326 0.34066
vt 0.42326 0.34066
vt 0.42326 0.40321
vt 0.40495 0.40321
vt 0.40495 0.40321
vt 0.40495 0.34066
vt 0.42326 0.34066
vt 0.40495 0.34066
vt 0.42326 0.40321
vt 0.44074 0.40377
vt 0.41532 0.50181
vt 0.41411 0.42136
vt 0.39741 0.50181
vt 0.42326 0.42136
vt 0.40495 0.42136
vt 0.40495 0.42136
vt 0.40495 0.40321
vt 0.40495 0.40321
vt 0.39741 0.40321
vt 0.40495 0.34066
vt 0.39741 0.34066
vt 0.63497 0.42136
vt 0.44306 0.50181
vt 0.44084 0.42136
vt 0.63497 0.40321
vt 0.44084 0.34066
vt 0.63497 0.34066
vt 0.39741 0.34066
vt 0.40495 0.34066
vt 0.40495 0.34066
vt 0.44306 0.50181
vt 0.44084 0.42136
vt 0.44080 0.40897
vt 0.39741 0.40321
vt 0.39741 0.34066
vt 0.39741 0.34066
vt 0.40495 0.40321
vt 0.39741 0.34066
vt 0.40495 0.34066
vt 0.63497 0.42136
vt 0.44084 0.40321
vt 0.63497 0.40321
vt 0.63497 0.40321
vt 0.63497 0.42136
vt 0.63497 0.40321
vt 0.44084 0.34066
vt 0.63497 0.34066
vt 0.63497 0.34066
vt 0.39741 0.50181
vt 0.39741 0.50181
vt 0.39741 0.40321
vt 0.40495 0.42136
vt 0.40495 0.42136
vt 0.40495 0.40321
vt 0.41532 0.50181
vt 0.39741 0.40321
vt 0.41411 0.42136
vt 0.42326 0.42136
vt 0.42326 0.40321
vt 0.42326 0.42136
vt 0.44084 0.34066
vt 0.42326 0.34066
vt 0.44084 0.34066
vt 0.41532 0.50181
vt 0.39741 0.50181
vt 0.39741 0.40321
vt 0.44074 0.40377
vt 0.44306 0.50181
vt 0.41532 0.50181
vt 0.44074 0.40377
vt 0.44084 0.40321
vt 0.44084 0.42136
vt 0.42326 0.42136
vt 0.44080 0.40897
vt 0.42326 0.40321
vt 0.40495 0.40321
vt 0.42326 0.42136
vt 0.42326 0.40321
vt 0.44084 0.34066
vt 0.44084 0.40321
vt 0.44074 0.40377
vt 0.41411 0.42136
vt 0.39741 0.40321
vt 0.40495 0.40321
vt 0.39741 0.40321
vt 0.39741 0.50181
vt 0.39741 0.40321
vt 0.44074 0.40377
vt 0.42326 0.40321
vt 0.44084 0.34066
vt 0.41532 0.50181
vt 0.39741 0.50181
vt 0.39741 0.50181
vt 0.40140 0.44600
vt 0.39742 0.47576
vt 0.40444 0.48913
vt 0.41021 0.44600
vt 0.40861 0.45795
vt 0.40444 0.48913
vt 0.40140 0.44600
vt 0.40140 0.44600
vt 0.40679 0.44600
vt 0.40444 0.48913
vt 0.39945 0.48913
vt 0.39945 0.48913
vt 0.39742 0.47576
vt 0.40140 0.44600
vt 0.40140 0.44600
vt 0.40140 0.44600
vt 0.40679 0.44600
vt 0.41021 0.44600
vt 0.40140 0.44600
vt 0.40679 0.44600
vt 0.40679 0.44600
vt 0.41873 0.38170
vt 0.41021 0.44600
vt 0.40444 0.48913
vt 0.40498 0.41920
vt 0.41379 0.41920
vt 0.40444 0.48913
vt 0.40990 0.38170
vt 0.40140 0.44600
vt 0.41021 0.44600
vt 0.40498 0.41920
vt 0.39742 0.47576
vt 0.40140 0.44600
vt 0.40444 0.48913
vt 0.40444 0.48913
vt 0.40861 0.45795
vt 0.40987 0.38170
vt 0.40990 0.38170
vt 0.41873 0.38170
vt 0.41291 0.35808
vt 0.40987 0.38170
vt 0.41868 0.38170
vt 0.40861 0.45795
vt 0.40861 0.45795
vt 0.40444 0.48913
vt 0.40861 0.45795
vt 0.40679 0.44600
vt 0.40679 0.44600
vt 0.39742 0.47576
vt 0.39945 0.48913
vt 0.40444 0.48913
vt 0.40679 0.44600
vt 0.40140 0.44600
vt 0.40861 0.45795
vt 0.40444 0.48913
vt 0.40861 0.45795
vt 0.40140 0.44600
vt 0.40444 0.48913
vt 0.40444 0.48913
vt 0.39945 0.48913
vt 0.41291 0.35808
vt 0.41291 0.35808
vt 0.42172 0.35808
vt 0.41379 0.41920
vt 0.41379 0.41920
vt 0.40496 0.41920
vt 0.41379 0.41920
vt 0.40496 0.41920
vt 0.41291 0.35808
vt 0.41379 0.41920
vt 0.41379 0.41920
vt 0.42172 0.35808
vt 0.41379 0.41920
vt 0.42172 0.35808
vt 0.41868 0.38170
vt 0.40496 0.41920
vt 0.40498 0.41920
vt 0.40987 0.38170
vt 0.40444 0.48913
vt 0.39945 0.48913
vt 0.39742 0.47576
vt 0.39945 0.48913
vt 0.39742 0.47576
vt 0.39945 0.48913
vt 0.40679 0.44600
vt 0.40861 0.45795
vt 0.41021 0.44600
vt 0.40861 0.45795
vt 0.40679 0.44600
vt 0.40861 0.45795
vt 0.41868 0.38170
vt 0.41873 0.38170
vt 0.41379 0.41920
vt 0.40496 0.41920
vt 0.40987 0.38170
vt 0.41291 0.35808
vt 0.40987 0.38170
vt 0.41873 0.38170
vt 0.41868 0.38170
vt 0.41291 0.35808
vt 0.41868 0.38170
vt 0.42172 0.35808
vt 0.41291 0.35808
vt 0.42172 0.35808
vt 0.42172 0.35808
vt 0.41379 0.41920
vt 0.40498 0.41920
vt 0.40496 0.41920
vt 0.40496 0.41920
vt 0.41291 0.35808
vt 0.41291 0.35808
vt 0.41379 0.41920
vt 0.42172 0.35808
vt 0.42172 0.35808
vt 0.41379 0.41920
vt 0.41291 0.35808
vt 0.42172 0.35808
vt 0.39742 0.47576
vt 0.39945 0.48913
vt 0.39742 0.47576
vt 0.40498 0.41920
vt 0.40990 0.38170
vt 0.40987 0.38170
vt 0.39742 0.47576
vt 0.39742 0.47576
vt 0.40140 0.44600
vt 0.40498 0.41920
vt 0.40140 0.44600
vt 0.40990 0.38170
vt 0.40990 0.38170
vt 0.41021 0.44600
vt 0.41873 0.38170
vt 0.40498 0.41920
vt 0.40444 0.48913
vt 0.39742 0.47576
vt 0.41873 0.38170
vt 0.40444 0.48913
vt 0.41379 0.41920
vt 0.64067 0.34560
vt 0.64573 0.34047
vt 0.64436 0.31932
vt 0.64396 0.39666
vt 0.64902 0.39153
vt 0.64573 0.34047
vt 0.65321 0.45636
vt 0.64664 0.43722
vt 0.65165 0.43214
vt 0.64902 0.39153
vt 0.64139 0.35600
vt 0.64640 0.35093
vt 0.64573 0.34047
vt 0.64532 0.33411
vt 0.64436 0.31932
vt 0.64396 0.39666
vt 0.64573 0.34047
vt 0.64067 0.34560
vt 0.64067 0.34560
vt 0.64436 0.31932
vt 0.63981 0.33181
vt 0.65232 0.44260
vt 0.65321 0.45636
vt 0.65165 0.43214
vt 0.64396 0.39666
vt 0.64139 0.35600
vt 0.64402 0.39661
vt 0.64067 0.34560
vt 0.63981 0.33181
vt 0.64139 0.35600
vt 0.64863 0.46888
vt 0.65321 0.45636
vt 0.65232 0.44260
vt 0.64726 0.44773
vt 0.65232 0.44260
vt 0.64902 0.39153
vt 0.65165 0.43214
vt 0.64402 0.39661
vt 0.64902 0.39153
vt 0.64532 0.33411
vt 0.64139 0.35600
vt 0.63981 0.33181
vt 0.64726 0.44773
vt 0.64772 0.45404
vt 0.64863 0.46888
vt 0.64396 0.39666
vt 0.64664 0.43722
vt 0.64726 0.44773
vt 0.64726 0.44773
vt 0.64902 0.39153
vt 0.64396 0.39666
vt 0.64863 0.46888
vt 0.65232 0.44260
vt 0.64726 0.44773
vt 0.64532 0.33411
vt 0.64640 0.35093
vt 0.64139 0.35600
vt 0.65165 0.43214
vt 0.64664 0.43722
vt 0.64402 0.39661
vt 0.64396 0.39666
vt 0.64402 0.39661
vt 0.64664 0.43722
vt 0.64726 0.44773
vt 0.64664 0.43722
vt 0.64772 0.45404
vt 0.64902 0.39153
vt 0.65165 0.43214
vt 0.64902 0.39153
vt 0.64902 0.39153
vt 0.64640 0.35093
vt 0.64573 0.34047
vt 0.64573 0.34047
vt 0.64640 0.35093
vt 0.64532 0.33411
vt 0.64902 0.39153
vt 0.64902 0.39153
vt 0.64640 0.35093
vt 0.64902 0.39153
vt 0.65232 0.44260
vt 0.65165 0.43214
vt 0.64396 0.39666
vt 0.64067 0.34560
vt 0.64139 0.35600
vt 0.65321 0.45636
vt 0.64772 0.45404
vt 0.64664 0.43722
vt 0.64902 0.39153
vt 0.64402 0.39661
vt 0.64139 0.35600
vt 0.53436 0.54916
vt 0.53436 0.56662
vt 0.53436 0.56662
vt 0.54119 0.54822
vt 0.53436 0.54916
vt 0.53436 0.54988
vt 0.54119 0.55534
vt 0.53436 0.54988
vt 0.53436 0.56662
vt 0.53436 0.56662
vt 0.54119 0.56662
vt 0.53436 0.56662
vt 0.54119 0.56662
vt 0.54119 0.56662
vt 0.54119 0.54822
vt 0.53436 0.56662
vt 0.53436 0.54916
vt 0.54119 0.55197
vt 0.53436 0.54916
vt 0.54119 0.54822
vt 0.54119 0.55197
vt 0.54119 0.55534
vt 0.54119 0.56662
vt 0.54119 0.54822
vt 0.53436 0.54916
vt 0.53436 0.56662
vt 0.53436 0.54988
vt 0.54119 0.56662
vt 0.54119 0.56662
vt 0.53436 0.56662
vt 0.54119 0.56662
vt 0.54119 0.55197
vt 0.54119 0.54822
vt 0.53436 0.56662
vt 0.54119 0.55197
vt 0.54119 0.56662
vt 0.54119 0.55534
vt 0.53436 0.56662
vt 0.54119 0.56662
vt 0.54119 0.54822
vt 0.53436 0.54988
vt 0.54119 0.55534
vt 0.52311 0.54988
vt 0.52994 0.55534
vt 0.52994 0.54822
vt 0.52311 0.56662
vt 0.52994 0.56662
vt 0.52311 0.56662
vt 0.52311 0.56662
vt 0.52994 0.55197
vt 0.52994 0.56662
vt 0.52994 0.56662
vt 0.52994 0.55197
vt 0.52994 0.54822
vt 0.52311 0.54916
vt 0.52311 0.56662
vt 0.52311 0.54988
vt 0.52994 0.55534
vt 0.52311 0.56662
vt 0.52994 0.56662
vt 0.52994 0.55534
vt 0.52994 0.56662
vt 0.52994 0.54822
vt 0.52311 0.54916
vt 0.52994 0.54822
vt 0.52994 0.55197
vt 0.52311 0.56662
vt 0.52311 0.54916
vt 0.52994 0.55197
vt 0.52994 0.54822
vt 0.52311 0.54916
vt 0.52311 0.54988
vt 0.52311 0.54916
vt 0.52311 0.56662
vt 0.52311 0.56662
vt 0.52994 0.56662
vt 0.52994 0.54822
vt 0.52994 0.56662
vt 0.52994 0.55534
vt 0.52311 0.54988
vt 0.52311 0.56662
vt 0.52311 0.56662
vt 0.52994 0.56662
vt 0.52994 0.56662
vt 0.51869 0.54822
vt 0.51186 0.54916
vt 0.51869 0.55534
vt 0.51186 0.56662
vt 0.51869 0.55197
vt 0.51869 0.56662
vt 0.51869 0.56662
vt 0.51869 0.55197
vt 0.51869 0.54822
vt 0.51869 0.55534
vt 0.51869 0.56662
vt 0.51869 0.54822
vt 0.51186 0.56662
vt 0.51869 0.56662
vt 0.51186 0.56662
vt 0.51869 0.55534
vt 0.51186 0.56662
vt 0.51869 0.56662
vt 0.51186 0.54988
vt 0.51869 0.54822
vt 0.51869 0.55197
vt 0.51186 0.54916
vt 0.51186 0.56662
vt 0.51186 0.56662
vt 0.51186 0.54988
vt 0.51186 0.54916
vt 0.51869 0.54822
vt 0.51186 0.56662
vt 0.51186 0.54988
vt 0.51869 0.55197
vt 0.51869 0.55534
vt 0.51186 0.54916
vt 0.51186 0.56662
vt 0.51869 0.56662
vt 0.51869 0.54822
vt 0.51869 0.56662
vt 0.51186 0.54988
vt 0.51186 0.56662
vt 0.51186 0.54916
vt 0.51186 0.56662
vt 0.51869 0.56662
vt 0.51869 0.56662
vt 0.50061 0.54916
vt 0.50061 0.56662
vt 0.50061 0.54988
vt 0.50744 0.55534
vt 0.50744 0.56662
vt 0.50744 0.54822
vt 0.50744 0.55534
vt 0.50061 0.56662
vt 0.50744 0.56662
vt 0.50061 0.54916
vt 0.50744 0.54822
vt 0.50744 0.55197
vt 0.50061 0.54988
vt 0.50744 0.55534
vt 0.50744 0.54822
vt 0.50061 0.56662
vt 0.50061 0.54916
vt 0.50744 0.55197
vt 0.50061 0.54916
vt 0.50061 0.56662
vt 0.50061 0.56662
vt 0.50061 0.56662
vt 0.50744 0.56662
vt 0.50744 0.56662
vt 0.50744 0.55534
vt 0.50061 0.54988
vt 0.50061 0.56662
vt 0.50744 0.56662
vt 0.50744 0.54822
vt 0.50744 0.56662
vt 0.50744 0.54822
vt 0.50061 0.54916
vt 0.50061 0.54988
vt 0.50061 0.56662
vt 0.50744 0.56662
vt 0.50061 0.56662
vt 0.50744 0.56662
vt 0.50744 0.55197
vt 0.50744 0.54822
vt 0.50061 0.56662
vt 0.50744 0.55197
vt 0.50744 0.56662
vt 0.49619 0.55197
vt 0.49619 0.56662
vt 0.49619 0.54822
vt 0.49619 0.56662
vt 0.49619 0.55534
vt 0.49619 0.54822
vt 0.48936 0.56662
vt 0.49619 0.55534
vt 0.49619 0.56662
vt 0.49619 0.56662
vt 0.48936 0.56662
vt 0.48936 0.56662
vt 0.49619 0.55197
vt 0.48936 0.54916
vt 0.48936 0.56662
vt 0.48936 0.56662
vt 0.48936 0.54988
vt 0.49619 0.55534
vt 0.49619 0.54822
vt 0.48936 0.54916
vt 0.49619 0.55197
vt 0.49619 0.55197
vt 0.48936 0.56662
vt 0.49619 0.56662
vt 0.49619 0.55534
vt 0.48936 0.54988
vt 0.49619 0.54822
vt 0.48936 0.56662
vt 0.48936 0.56662
vt 0.48936 0.54916
vt 0.49619 0.56662
vt 0.49619 0.56662
vt 0.48936 0.56662
vt 0.48936 0.54988
vt 0.48936 0.56662
vt 0.48936 0.54916
vt 0.48936 0.54988
vt 0.48936 0.54916
vt 0.49619 0.54822
vt 0.49619 0.56662
vt 0.49619 0.56662
vt 0.49619 0.54822
vt 0.47811 0.56662
vt 0.47811 0.54916
vt 0.48494 0.55534
vt 0.47811 0.54916
vt 0.47811 0.56662
vt 0.47811 0.55534
vt 0.48494 0.56662
vt 0.47811 0.56662
vt 0.47811 0.56662
vt 0.48494 0.56662
vt 0.48494 0.55534
vt 0.48494 0.54822
vt 0.47811 0.56662
vt 0.48494 0.55534
vt 0.48494 0.56662
vt 0.48494 0.55197
vt 0.47811 0.55534
vt 0.47811 0.56662
vt 0.48494 0.56662
vt 0.48494 0.54822
vt 0.48494 0.56662
vt 0.47811 0.56662
vt 0.48494 0.56662
vt 0.48494 0.56662
vt 0.48494 0.54822
vt 0.47811 0.54916
vt 0.47811 0.54822
vt 0.47811 0.54822
vt 0.47811 0.55534
vt 0.48494 0.55197
vt 0.47811 0.55534
vt 0.47811 0.54822
vt 0.47811 0.54916
vt 0.47811 0.56662
vt 0.47811 0.56662
vt 0.47811 0.54916
vt 0.48494 0.55534
vt 0.47811 0.54916
vt 0.48494 0.54822
vt 0.48494 0.55197
vt 0.47811 0.56662
vt 0.48494 0.56662
vt 0.48494 0.55197
vt 0.48494 0.56662
vt 0.48494 0.54822
vt 0.48494 0.54822
vt 0.47811 0.54822
vt 0.48494 0.55197
vt 0.47369 0.55534
vt 0.47369 0.56662
vt 0.47369 0.54822
vt 0.46686 0.54916
vt 0.46686 0.56662
vt 0.46686 0.54988
vt 0.46686 0.56662
vt 0.47369 0.56662
vt 0.46686 0.56662
vt 0.47369 0.54822
vt 0.46686 0.54988
vt 0.47369 0.55534
vt 0.46686 0.56662
vt 0.47369 0.55197
vt 0.47369 0.56662
vt 0.47369 0.56662
vt 0.47369 0.55197
vt 0.47369 0.54822
vt 0.47369 0.55534
vt 0.46686 0.56662
vt 0.47369 0.56662
vt 0.46686 0.54916
vt 0.47369 0.54822
vt 0.47369 0.55197
vt 0.47369 0.56662
vt 0.47369 0.56662
vt 0.46686 0.56662
vt 0.47369 0.56662
vt 0.47369 0.56662
vt 0.47369 0.54822
vt 0.46686 0.54916
vt 0.46686 0.56662
vt 0.46686 0.56662
vt 0.47369 0.54822
vt 0.46686 0.54916
vt 0.46686 0.54988
vt 0.47369 0.55534
vt 0.46686 0.54988
vt 0.46686 0.56662
vt 0.46686 0.56662
vt 0.46686 0.54916
vt 0.47369 0.55197
vt 0.45561 0.54916
vt 0.46244 0.55534
vt 0.46244 0.54822
vt 0.46244 0.55534
vt 0.45561 0.54916
vt 0.45561 0.56662
vt 0.46244 0.55534
vt 0.45561 0.56662
vt 0.46244 0.56662
vt 0.46244 0.55534
vt 0.46244 0.56662
vt 0.46244 0.54822
vt 0.45561 0.56662
vt 0.46244 0.55197
vt 0.46244 0.56662
vt 0.46244 0.56662
vt 0.46244 0.55197
vt 0.46244 0.54822
vt 0.45561 0.54822
vt 0.46244 0.54822
vt 0.46244 0.55197
vt 0.45561 0.56662
vt 0.46244 0.56662
vt 0.45561 0.56662
vt 0.45561 0.54916
vt 0.45561 0.56662
vt 0.45561 0.56662
vt 0.46244 0.56662
vt 0.46244 0.56662
vt 0.46244 0.54822
vt 0.45561 0.56662
vt 0.45561 0.55534
vt 0.46244 0.55197
vt 0.46244 0.56662
vt 0.46244 0.56662
vt 0.45561 0.56662
vt 0.45561 0.54916
vt 0.45561 0.54822
vt 0.45561 0.55534
vt 0.46244 0.55197
vt 0.45561 0.55534
vt 0.45561 0.54822
vt 0.45561 0.55534
vt 0.45561 0.56662
vt 0.45561 0.54916
vt 0.45561 0.54822
vt 0.45561 0.54916
vt 0.46244 0.54822
vt 0.45119 0.55534
vt 0.44436 0.54988
vt 0.44436 0.56662
vt 0.44436 0.56662
vt 0.45119 0.56662
vt 0.44436 0.56662
vt 0.44436 0.54988
vt 0.45119 0.55534
vt 0.45119 0.54822
vt 0.44436 0.56662
vt 0.45119 0.55197
vt 0.45119 0.56662
vt 0.45119 0.56662
vt 0.45119 0.55197
vt 0.45119 0.54822
vt 0.45119 0.55534
vt 0.44436 0.56662
vt 0.45119 0.56662
vt 0.44436 0.54916
vt 0.45119 0.54822
vt 0.45119 0.55197
vt 0.44436 0.54916
vt 0.44436 0.56662
vt 0.44436 0.54988
vt 0.45119 0.55534
vt 0.45119 0.56662
vt 0.45119 0.54822
vt 0.45119 0.56662
vt 0.45119 0.56662
vt 0.45119 0.54822
vt 0.45119 0.56662
vt 0.45119 0.56662
vt 0.44436 0.56662
vt 0.44436 0.56662
vt 0.44436 0.54916
vt 0.45119 0.55197
vt 0.45119 0.54822
vt 0.44436 0.54916
vt 0.44436 0.54988
vt 0.44436 0.54916
vt 0.44436 0.56662
vt 0.44436 0.56662
vt 0.43311 0.54916
vt 0.43311 0.56662
vt 0.43311 0.56662
vt 0.43994 0.55534
vt 0.43311 0.54916
vt 0.43311 0.56662
vt 0.43311 0.54988
vt 0.43311 0.56662
vt 0.43311 0.54916
vt 0.43994 0.56662
vt 0.43994 0.56662
vt 0.43994 0.54822
vt 0.43994 0.56662
vt 0.43994 0.56662
vt 0.43311 0.56662
vt 0.43311 0.54988
vt 0.43311 0.54916
vt 0.43994 0.54822
vt 0.43994 0.55534
vt 0.43311 0.56662
vt 0.43994 0.56662
vt 0.43311 0.56662
vt 0.43994 0.56662
vt 0.43311 0.56662
vt 0.43311 0.56662
vt 0.43311 0.54988
vt 0.43994 0.55197
vt 0.43994 0.55534
vt 0.43994 0.56662
vt 0.43994 0.54822
vt 0.43311 0.54988
vt 0.43994 0.54822
vt 0.43994 0.55197
vt 0.43994 0.56662
vt 0.43994 0.55197
vt 0.43994 0.54822
vt 0.43311 0.54916
vt 0.43994 0.55534
vt 0.43994 0.54822
vt 0.43311 0.56662
vt 0.43994 0.55197
vt 0.43994 0.56662
vt 0.42186 0.54988
vt 0.42186 0.56662
vt 0.42186 0.54916
vt 0.42186 0.56662
vt 0.42186 0.56662
vt 0.42186 0.54916
vt 0.42869 0.55534
vt 0.42869 0.56662
vt 0.42869 0.54822
vt 0.42186 0.54916
vt 0.42869 0.55534
vt 0.42869 0.54822
vt 0.42869 0.56662
vt 0.42869 0.55197
vt 0.42869 0.54822
vt 0.42186 0.56662
vt 0.42869 0.55197
vt 0.42869 0.56662
vt 0.42186 0.54988
vt 0.42186 0.54916
vt 0.42869 0.54822
vt 0.42869 0.56662
vt 0.42869 0.56662
vt 0.42869 0.54822
vt 0.42186 0.56662
vt 0.42186 0.54988
vt 0.42869 0.55197
vt 0.42869 0.56662
vt 0.42186 0.56662
vt 0.42186 0.56662
vt 0.42869 0.55534
vt 0.42186 0.54916
vt 0.42186 0.56662
vt 0.42869 0.56662
vt 0.42869 0.56662
vt 0.42186 0.56662
vt 0.42869 0.55534
vt 0.42186 0.56662
vt 0.42869 0.56662
vt 0.42186 0.54988
vt 0.42869 0.54822
vt 0.42869 0.55197
vt 0.41744 0.56662
vt 0.41744 0.55197
vt 0.41744 0.54822
vt 0.41060 0.56662
vt 0.41744 0.55197
vt 0.41744 0.56662
vt 0.41744 0.55534
vt 0.41744 0.56662
vt 0.41744 0.54822
vt 0.41060 0.54916
vt 0.41060 0.56662
vt 0.41060 0.56662
vt 0.41060 0.54822
vt 0.41744 0.54822
vt 0.41744 0.55197
vt 0.41060 0.56662
vt 0.41744 0.56662
vt 0.41060 0.56662
vt 0.41060 0.54822
vt 0.41060 0.54916
vt 0.41744 0.54822
vt 0.41060 0.56662
vt 0.41060 0.55534
vt 0.41744 0.55197
vt 0.41060 0.54916
vt 0.41744 0.55534
vt 0.41744 0.54822
vt 0.41060 0.56662
vt 0.41744 0.56662
vt 0.41744 0.56662
vt 0.41744 0.55534
vt 0.41060 0.54916
vt 0.41060 0.56662
vt 0.41744 0.56662
vt 0.41744 0.54822
vt 0.41744 0.56662
vt 0.41744 0.55534
vt 0.41060 0.56662
vt 0.41744 0.56662
vt 0.41060 0.55534
vt 0.41060 0.56662
vt 0.41060 0.54916
vt 0.41060 0.54916
vt 0.41060 0.54822
vt 0.41060 0.55534
vt 0.41744 0.55197
vt 0.41060 0.55534
vt 0.41060 0.54822
vt 0.39935 0.56662
vt 0.40618 0.55197
vt 0.40618 0.56662
vt 0.40618 0.56662
vt 0.40618 0.55197
vt 0.40618 0.54822
vt 0.40618 0.56662
vt 0.39935 0.56662
vt 0.39935 0.56662
vt 0.40618 0.54822
vt 0.39935 0.54988
vt 0.40618 0.55534
vt 0.39935 0.54916
vt 0.39935 0.56662
vt 0.39935 0.54988
vt 0.39935 0.56662
vt 0.39935 0.56662
vt 0.39935 0.54916
vt 0.40618 0.55534
vt 0.40618 0.56662
vt 0.40618 0.54822
vt 0.40618 0.55534
vt 0.39935 0.56662
vt 0.40618 0.56662
vt 0.39935 0.54916
vt 0.40618 0.54822
vt 0.40618 0.55197
vt 0.40618 0.55534
vt 0.39935 0.54988
vt 0.39935 0.56662
vt 0.40618 0.56662
vt 0.40618 0.56662
vt 0.39935 0.56662
vt 0.40618 0.56662
vt 0.40618 0.56662
vt 0.40618 0.54822
vt 0.39935 0.56662
vt 0.39935 0.54916
vt 0.40618 0.55197
vt 0.40618 0.54822
vt 0.39935 0.54916
vt 0.39935 0.54988
vt 0.38810 0.54916
vt 0.38810 0.56662
vt 0.38810 0.54988
vt 0.39493 0.55534
vt 0.39493 0.56662
vt 0.39493 0.54822
vt 0.38810 0.56662
vt 0.39493 0.55197
vt 0.39493 0.56662
vt 0.39493 0.55534
vt 0.38810 0.56662
vt 0.39493 0.56662
vt 0.38810 0.56662
vt 0.38810 0.54916
vt 0.39493 0.55197
vt 0.38810 0.56662
vt 0.39493 0.56662
vt 0.39493 0.56662
vt 0.39493 0.56662
vt 0.39493 0.54822
vt 0.39493 0.56662
vt 0.39493 0.54822
vt 0.38810 0.54916
vt 0.38810 0.54988
vt 0.39493 0.55534
vt 0.38810 0.54988
vt 0.38810 0.56662
vt 0.38810 0.56662
vt 0.39493 0.56662
vt 0.38810 0.56662
vt 0.38810 0.54988
vt 0.39493 0.55534
vt 0.39493 0.54822
vt 0.39493 0.56662
vt 0.39493 0.55197
vt 0.39493 0.54822
vt 0.38810 0.54916
vt 0.39493 0.54822
vt 0.39493 0.55197
vt 0.38810 0.54916
vt 0.38810 0.56662
vt 0.38810 0.56662
vt 0.38368 0.55534
vt 0.37685 0.54916
vt 0.37685 0.56662
vt 0.37685 0.54822
vt 0.38368 0.54822
vt 0.38368 0.55197
vt 0.38368 0.55534
vt 0.37685 0.56662
vt 0.38368 0.56662
vt 0.37685 0.56662
vt 0.38368 0.55197
vt 0.38368 0.56662
vt 0.38368 0.56662
vt 0.37685 0.56662
vt 0.37685 0.56662
vt 0.38368 0.56662
vt 0.38368 0.55197
vt 0.38368 0.54822
vt 0.37685 0.54916
vt 0.38368 0.55534
vt 0.38368 0.54822
vt 0.38368 0.55534
vt 0.38368 0.56662
vt 0.38368 0.54822
vt 0.37685 0.56662
vt 0.37685 0.56662
vt 0.37685 0.54916
vt 0.38368 0.55197
vt 0.37685 0.55534
vt 0.37685 0.54822
vt 0.37685 0.55534
vt 0.37685 0.56662
vt 0.37685 0.54916
vt 0.38368 0.56662
vt 0.38368 0.56662
vt 0.38368 0.54822
vt 0.38368 0.56662
vt 0.38368 0.56662
vt 0.37685 0.56662
vt 0.37685 0.54916
vt 0.37685 0.54822
vt 0.37685 0.55534
vt 0.37685 0.54822
vt 0.37685 0.54916
vt 0.38368 0.54822
vt 0.37685 0.56662
vt 0.37685 0.55534
vt 0.38368 0.55197
vt 0.37243 0.55534
vt 0.36560 0.54988
vt 0.36560 0.56662
vt 0.37243 0.55534
vt 0.37243 0.56662
vt 0.37243 0.54822
vt 0.36560 0.56662
vt 0.37243 0.55197
vt 0.37243 0.56662
vt 0.37243 0.56662
vt 0.37243 0.55197
vt 0.37243 0.54822
vt 0.37243 0.54822
vt 0.36560 0.54988
vt 0.37243 0.55534
vt 0.36560 0.54916
vt 0.36560 0.56662
vt 0.36560 0.54988
vt 0.36560 0.54916
vt 0.37243 0.54822
vt 0.37243 0.55197
vt 0.36560 0.56662
vt 0.36560 0.54916
vt 0.37243 0.55197
vt 0.37243 0.56662
vt 0.37243 0.56662
vt 0.37243 0.54822
vt 0.37243 0.56662
vt 0.37243 0.56662
vt 0.36560 0.56662
vt 0.36560 0.56662
vt 0.37243 0.56662
vt 0.36560 0.56662
vt 0.37243 0.55534
vt 0.36560 0.56662
vt 0.37243 0.56662
vt 0.37243 0.54822
vt 0.36560 0.54916
vt 0.36560 0.54988
vt 0.36560 0.54916
vt 0.36560 0.56662
vt 0.36560 0.56662
vt 0.49159 0.55372
vt 0.49159 0.57234
vt 0.49566 0.58165
vt 0.49566 0.58165
vt 0.49973 0.57234
vt 0.49159 0.55372
vt 0.49973 0.55372
vt 0.49973 0.57234
vt 0.49973 0.55372
vt 0.49973 0.57234
vt 0.49973 0.55372
vt 0.49159 0.55372
vt 0.49159 0.57234
vt 0.49973 0.55372
vt 0.49973 0.57234
vt 0.49973 0.57234
vt 0.49566 0.58165
vt 0.49973 0.57234
vt 0.49159 0.57234
vt 0.49159 0.55372
vt 0.49566 0.54441
vt 0.49566 0.54441
vt 0.49973 0.55372
vt 0.49159 0.57234
vt 0.49159 0.57234
vt 0.49159 0.55372
vt 0.49159 0.57234
vt 0.49566 0.58165
vt 0.49159 0.57234
vt 0.49566 0.58165
vt 0.49973 0.57234
vt 0.49566 0.58165
vt 0.49566 0.58165
vt 0.49973 0.57234
vt 0.49566 0.58165
vt 0.49159 0.57234
vt 0.49566 0.58165
vt 0.49159 0.57234
vt 0.49159 0.57234
vt 0.49159 0.57234
vt 0.49159 0.55372
vt 0.49159 0.55372
vt 0.49159 0.55372
vt 0.49566 0.54441
vt 0.49566 0.54441
vt 0.49566 0.54441
vt 0.49566 0.54441
vt 0.49973 0.55372
vt 0.49566 0.54441
vt 0.49973 0.55372
vt 0.49973 0.55372
vt 0.49159 0.55372
vt 0.49566 0.54441
vt 0.49159 0.55372
vt 0.49973 0.55372
vt 0.49566 0.54441
vt 0.49159 0.55372
vt 0.49973 0.55372
vt 0.49973 0.57234
vt 0.49973 0.57234
vt 0.41233 0.26592
vt 0.41233 0.34427
vt 0.34879 0.32679
vt 0.38212 0.35675
vt 0.41233 0.34427
vt 0.34879 0.34427
vt 0.41233 0.34427
vt 0.34879 0.35675
vt 0.34879 0.35566
vt 0.41233 0.34427
vt 0.41233 0.26592
vt 0.34879 0.28898
vt 0.41233 0.26592
vt 0.41233 0.26592
vt 0.34879 0.26592
vt 0.41233 0.26592
vt 0.41233 0.26592
vt 0.34879 0.26592
vt 0.38212 0.35675
vt 0.38212 0.35675
vt 0.34879 0.35675
vt 0.37438 0.62478
vt 0.37438 0.58778
vt 0.34879 0.62478
vt 0.37438 0.62478
vt 0.37438 0.71413
vt 0.34879 0.62478
vt 0.37438 0.71413
vt 0.37438 0.80347
vt 0.34879 0.71412
vt 0.37438 0.84047
vt 0.37438 0.80347
vt 0.34879 0.84047
vt 0.37438 0.71413
vt 0.37438 0.62478
vt 0.34879 0.71412
vt 0.37438 0.80347
vt 0.37438 0.71413
vt 0.34879 0.80347
vt 0.37438 0.80347
vt 0.37438 0.84047
vt 0.34879 0.84047
vt 0.37438 0.58778
vt 0.37438 0.62478
vt 0.34879 0.62478
vt 0.39250 0.45386
vt 0.39250 0.43067
vt 0.34879 0.43067
vt 0.39250 0.36109
vt 0.39250 0.38428
vt 0.34879 0.38428
vt 0.39250 0.38428
vt 0.39250 0.36109
vt 0.34879 0.38428
vt 0.39250 0.36712
vt 0.39250 0.44783
vt 0.34879 0.44783
vt 0.39250 0.32676
vt 0.39250 0.36712
vt 0.34879 0.36712
vt 0.39250 0.44783
vt 0.39250 0.36712
vt 0.34879 0.36712
vt 0.39250 0.43067
vt 0.39250 0.38428
vt 0.34879 0.43067
vt 0.39250 0.44783
vt 0.39250 0.48819
vt 0.34879 0.48819
vt 0.39250 0.48819
vt 0.39250 0.44783
vt 0.34879 0.44783
vt 0.39250 0.36712
vt 0.39250 0.32676
vt 0.34879 0.36712
vt 0.39250 0.43067
vt 0.39250 0.45386
vt 0.34879 0.45386
vt 0.39250 0.38428
vt 0.39250 0.43067
vt 0.34879 0.38428
vt 0.34879 0.32679
vt 0.34879 0.28898
vt 0.41233 0.26592
vt 0.34879 0.34427
vt 0.34879 0.35566
vt 0.38212 0.35675
vt 0.34879 0.35566
vt 0.34879 0.34427
vt 0.41233 0.34427
vt 0.34879 0.28898
vt 0.34879 0.32679
vt 0.41233 0.34427
vt 0.34879 0.26592
vt 0.34879 0.26592
vt 0.41233 0.26592
vt 0.34879 0.84047
vt 0.34879 0.80347
vt 0.37438 0.80347
vt 0.34879 0.62478
vt 0.34879 0.58778
vt 0.37438 0.58778
vt 0.34879 0.43067
vt 0.34879 0.45386
vt 0.39250 0.45386
vt 0.34879 0.44783
vt 0.34879 0.36712
vt 0.39250 0.36712
vt 0.34879 0.36712
vt 0.34879 0.32676
vt 0.39250 0.32676
vt 0.34879 0.36712
vt 0.34879 0.44783
vt 0.39250 0.44783
vt 0.34879 0.48819
vt 0.34879 0.44783
vt 0.39250 0.44783
vt 0.34879 0.44783
vt 0.34879 0.48819
vt 0.39250 0.48819
vt 0.34879 0.45386
vt 0.34879 0.43067
vt 0.39250 0.43067
vt 0.41233 0.26592
vt 0.34879 0.28898
vt 0.34879 0.28121
vt 0.41233 0.26592
vt 0.34879 0.27517
vt 0.34879 0.26592
vt 0.41233 0.26592
vt 0.34879 0.28121
vt 0.34879 0.27927
vt 0.41233 0.34427
vt 0.34879 0.34198
vt 0.34879 0.34218
vt 0.41233 0.34427
vt 0.34879 0.32679
vt 0.34879 0.33419
vt 0.41233 0.26592
vt 0.34879 0.26592
vt 0.34879 0.27517
vt 0.41233 0.26592
vt 0.34879 0.28121
vt 0.34879 0.28898
vt 0.41233 0.26592
vt 0.34879 0.26592
vt 0.34879 0.26592
vt 0.41233 0.34427
vt 0.34879 0.33419
vt 0.34879 0.34165
vt 0.41233 0.34427
vt 0.34879 0.34165
vt 0.34879 0.34198
vt 0.41233 0.34427
vt 0.34879 0.34218
vt 0.34879 0.34427
vt 0.38212 0.35675
vt 0.34879 0.35675
vt 0.34879 0.35675
vt 0.38212 0.35675
vt 0.34879 0.35566
vt 0.34879 0.35675
vt 0.41233 0.34427
vt 0.34879 0.33419
vt 0.34879 0.32679
vt 0.41233 0.34427
vt 0.34879 0.34165
vt 0.34879 0.33419
vt 0.41233 0.34427
vt 0.34879 0.34427
vt 0.34879 0.34218
vt 0.41233 0.34427
vt 0.34879 0.34218
vt 0.34879 0.34198
vt 0.41233 0.34427
vt 0.34879 0.34198
vt 0.34879 0.34165
vt 0.41233 0.26592
vt 0.34879 0.27684
vt 0.34879 0.27606
vt 0.41233 0.26592
vt 0.34879 0.27606
vt 0.34879 0.27517
vt 0.41233 0.26592
vt 0.34879 0.27927
vt 0.34879 0.27811
vt 0.41233 0.26592
vt 0.34879 0.27811
vt 0.34879 0.27684
vt 0.38212 0.35675
vt 0.34879 0.35675
vt 0.34879 0.35675
vt 0.41233 0.26592
vt 0.34879 0.27606
vt 0.34879 0.27684
vt 0.41233 0.26592
vt 0.34879 0.27517
vt 0.34879 0.27606
vt 0.41233 0.26592
vt 0.34879 0.27927
vt 0.34879 0.28121
vt 0.41233 0.26592
vt 0.34879 0.27811
vt 0.34879 0.27927
vt 0.41233 0.26592
vt 0.34879 0.27684
vt 0.34879 0.27811
vt 0.37438 0.71413
vt 0.34879 0.71412
vt 0.34879 0.80347
vt 0.37438 0.58778
vt 0.34879 0.58778
vt 0.34879 0.62478
vt 0.37438 0.71413
vt 0.34879 0.71412
vt 0.34879 0.62478
vt 0.37438 0.80347
vt 0.34879 0.80347
vt 0.34879 0.71412
vt 0.37438 0.80347
vt 0.34879 0.80347
vt 0.34879 0.84047
vt 0.37438 0.62478
vt 0.34879 0.62478
vt 0.34879 0.71412
vt 0.39250 0.36109
vt 0.34879 0.38428
vt 0.34879 0.36109
vt 0.39250 0.38428
vt 0.34879 0.38428
vt 0.34879 0.43067
vt 0.39250 0.36109
vt 0.34879 0.36109
vt 0.34879 0.38428
vt 0.39250 0.43067
vt 0.34879 0.43067
vt 0.34879 0.38428
vt 0.39250 0.32676
vt 0.34879 0.32676
vt 0.34879 0.36712
vt 0.34879 0.34218
vt 0.34879 0.34198
vt 0.34879 0.34165
vt 0.34879 0.33419
vt 0.34879 0.32679
vt 0.34879 0.28898
vt 0.34879 0.27684
vt 0.34879 0.27606
vt 0.34879 0.27517
vt 0.34879 0.26592
vt 0.34879 0.26592
vt 0.34879 0.27517
vt 0.34879 0.27517
vt 0.34879 0.27606
vt 0.34879 0.27684
vt 0.34879 0.27684
vt 0.34879 0.27811
vt 0.34879 0.27927
vt 0.34879 0.28121
vt 0.34879 0.28898
vt 0.34879 0.32679
vt 0.34879 0.33419
vt 0.34879 0.34165
vt 0.34879 0.34198
vt 0.34879 0.35566
vt 0.34879 0.35675
vt 0.34879 0.35675
vt 0.34879 0.35675
vt 0.34879 0.35675
vt 0.34879 0.35566
vt 0.34879 0.34218
vt 0.34879 0.34165
vt 0.34879 0.33419
vt 0.34879 0.33419
vt 0.34879 0.28898
vt 0.34879 0.28121
vt 0.34879 0.27811
vt 0.34879 0.27684
vt 0.34879 0.27517
vt 0.34879 0.27517
vt 0.34879 0.26592
vt 0.34879 0.26592
vt 0.34879 0.26592
vt 0.34879 0.27517
vt 0.34879 0.27684
vt 0.34879 0.27684
vt 0.34879 0.27927
vt 0.34879 0.28121
vt 0.34879 0.28121
vt 0.34879 0.32679
vt 0.34879 0.33419
vt 0.34879 0.33419
vt 0.34879 0.34198
vt 0.34879 0.34218
vt 0.34879 0.34218
vt 0.34879 0.34427
vt 0.34879 0.35566
vt 0.34879 0.35566
vt 0.34879 0.35675
vt 0.34879 0.35566
vt 0.34879 0.35566
vt 0.34879 0.34427
vt 0.34879 0.34218
vt 0.34879 0.27811
vt 0.34879 0.27517
vt 0.34879 0.26592
vt 0.34879 0.26592
vt 0.34879 0.27684
vt 0.34879 0.28121
vt 0.34879 0.33419
vt 0.34879 0.34218
vt 0.34879 0.35566
vt 0.34879 0.35566
vt 0.34879 0.35566
vt 0.34879 0.34218
vt 0.34879 0.27927
vt 0.34879 0.27811
vt 0.34879 0.26592
vt 0.34879 0.26592
vt 0.34879 0.28121
vt 0.34879 0.33419
vt 0.34879 0.33419
vt 0.34879 0.35566
vt 0.34879 0.34218
vt 0.34879 0.28121
vt 0.34879 0.27927
vt 0.34879 0.26592
vt 0.34879 0.26592
vt 0.34879 0.33419
vt 0.34879 0.34218
vt 0.34879 0.33419
vt 0.34879 0.28121
vt 0.34879 0.26592
vt 0.34879 0.26592
vt 0.34879 0.34218
vt 0.34879 0.33419
vt 0.34879 0.80347
vt 0.34879 0.71412
vt 0.34879 0.62478
vt 0.34879 0.62478
vt 0.34879 0.58778
vt 0.34879 0.62478
vt 0.34879 0.62478
vt 0.34879 0.71412
vt 0.34879 0.80347
vt 0.34879 0.80347
vt 0.34879 0.84047
vt 0.34879 0.80347
vt 0.34879 0.80347
vt 0.34879 0.62478
vt 0.34879 0.62478
vt 0.34879 0.62478
vt 0.34879 0.80347
vt 0.34879 0.80347
vt 0.34879 0.36712
vt 0.34879 0.38428
vt 0.34879 0.43067
vt 0.34879 0.44783
vt 0.34879 0.36712
vt 0.34879 0.43067
vt 0.34879 0.36109
vt 0.34879 0.38428
vt 0.34879 0.36712
vt 0.34879 0.36109
vt 0.34879 0.36712
vt 0.34879 0.32676
vt 0.34879 0.48819
vt 0.34879 0.44783
vt 0.34879 0.43067
vt 0.34879 0.38428
vt 0.34879 0.36109
vt 0.34879 0.32676
vt 0.34879 0.48819
vt 0.34879 0.43067
vt 0.34879 0.45386
vt 0.34879 0.44783
vt 0.34879 0.48819
vt 0.34879 0.45386
vt 0.34879 0.38428
vt 0.34879 0.32676
vt 0.34879 0.36712
vt 0.34879 0.44783
vt 0.34879 0.45386
vt 0.34879 0.43067
vt 0.34879 0.36712
vt 0.34879 0.44783
vt 0.34879 0.43067
vt 0.34879 0.43067
vt 0.34879 0.38428
vt 0.34879 0.36712
f 219/1 226/2 92/3
f 183/4 200/5 179/6
f 180/7 182/8 213/9
f 190/10 213/11 108/12
f 182/13 181/14 200/15
f 70/16 106/17 68/18
f 103/19 74/20 109/21
f 74/22 58/23 109/24
f 182/25 183/26 184/27
f 109/28 58/29 65/30
f 4/31 92/32 226/33
f 84/34 1/35 9/36
f 4/37 226/38 9/39
f 11/40 84/41 9/42
f 9/43 226/44 11/45
f 109/46 65/47 61/48
f 209/49 150/50 212/51
f 208/52 198/53 199/54
f 123/55 195/56 194/57
f 174/58 237/59 211/60
f 203/61 234/62 140/63
f 206/64 236/65 168/66
f 185/67 187/68 179/69
f 190/70 104/71 186/72
f 187/73 186/74 104/75
f 183/76 179/77 105/78
f 52/79 49/80 47/81
f 36/82 98/83 31/84
f 40/85 36/86 109/87
f 109/88 52/89 47/90
f 109/91 47/92 43/93
f 36/94 31/95 109/96
f 40/97 109/98 43/99
f 31/100 27/101 109/102
f 40/103 43/104 81/105
f 214/106 72/107 71/108
f 215/109 221/110 216/111
f 102/112 68/113 215/114
f 19/115 226/116 23/117
f 61/118 57/119 56/120
f 11/121 226/122 15/123
f 82/124 17/125 15/126
f 15/127 226/128 19/129
f 19/130 82/131 15/132
f 90/133 25/134 27/135
f 148/136 209/137 210/138
f 27/139 25/140 23/141
f 23/142 226/143 109/144
f 109/145 61/146 56/147
f 52/148 95/149 49/150
f 109/151 56/152 52/153
f 27/154 23/155 109/156
f 98/157 33/158 31/159
f 181/160 189/161 208/162
f 195/163 232/164 125/165
f 237/166 175/167 196/168
f 198/169 231/170 116/171
f 178/172 185/173 200/174
f 185/175 179/176 200/177
f 202/178 233/179 133/180
f 177/181 178/182 200/183
f 174/184 177/185 200/186
f 181/187 208/188 115/189
f 114/190 112/191 195/192
f 181/193 115/194 200/195
f 174/196 200/197 169/198
f 201/199 153/200 151/201
f 234/202 134/203 185/204
f 209/205 144/206 141/207
f 235/208 201/209 151/210
f 150/211 209/212 141/213
f 114/214 195/215 123/216
f 150/217 141/218 185/219
f 185/220 235/221 151/222
f 191/223 156/224 201/225
f 1/226 2/227 3/228
f 132/229 136/230 200/231
f 143/232 144/233 209/234
f 136/235 139/236 200/237
f 153/238 201/239 156/240
f 143/241 209/242 148/243
f 152/244 153/245 156/246
f 139/247 143/248 200/249
f 156/250 200/251 152/252
f 143/253 148/254 200/255
f 201/256 235/257 158/258
f 166/259 206/260 207/261
f 115/262 208/263 199/264
f 139/265 203/266 205/267
f 128/268 132/269 200/270
f 128/271 121/272 202/273
f 115/274 114/275 200/276
f 128/277 202/278 132/279
f 114/280 123/281 200/282
f 170/283 237/284 174/285
f 123/286 128/287 200/288
f 136/289 130/290 139/291
f 215/292 222/293 220/294
f 169/295 170/296 174/297
f 162/298 206/299 166/300
f 169/301 200/302 166/303
f 161/304 162/305 166/306
f 166/307 200/308 161/309
f 130/310 203/311 139/312
f 161/313 200/314 156/315
f 202/316 133/317 193/318
f 129/319 130/320 135/321
f 185/322 186/323 187/324
f 190/325 188/326 189/327
f 185/328 151/329 150/330
f 187/331 105/332 179/333
f 195/334 125/335 194/336
f 156/337 191/338 157/339
f 237/340 196/341 197/342
f 198/343 116/344 199/345
f 148/346 152/347 200/348
f 201/349 158/350 191/351
f 4/352 5/353 6/354
f 113/355 114/356 115/357
f 76/358 77/359 73/360
f 21/361 78/362 74/363
f 105/364 75/365 67/366
f 76/367 190/368 79/369
f 107/370 69/371 79/372
f 108/373 79/374 190/375
f 109/376 110/377 71/378
f 111/379 112/380 118/381
f 7/382 8/383 2/384
f 116/385 117/386 111/387
f 118/388 114/389 119/390
f 120/391 121/392 127/393
f 122/394 123/395 124/396
f 125/397 126/398 120/399
f 127/400 128/401 122/402
f 190/403 189/404 180/405
f 123/406 194/407 124/408
f 237/409 197/410 211/411
f 203/412 140/413 204/414
f 209/415 212/416 210/417
f 206/418 168/419 207/420
f 187/421 104/422 105/423
f 61/424 66/425 62/426
f 59/427 63/428 64/429
f 58/430 60/431 66/432
f 104/433 75/434 105/435
f 9/436 3/437 5/438
f 11/439 16/440 12/441
f 13/442 14/443 10/444
f 68/445 69/446 70/447
f 190/448 73/449 104/450
f 73/451 74/452 75/453
f 105/454 67/455 183/456
f 106/457 70/458 107/459
f 103/460 71/461 67/462
f 115/463 199/464 113/465
f 148/466 210/467 149/468
f 160/469 161/470 155/471
f 145/472 153/473 146/474
f 147/475 148/476 149/477
f 145/478 150/479 151/480
f 154/481 159/482 160/483
f 155/484 156/485 157/486
f 158/487 159/488 154/489
f 165/490 166/491 167/492
f 168/493 163/494 164/495
f 171/496 178/497 172/498
f 131/499 132/500 192/501
f 215/502 68/503 222/504
f 223/505 227/506 224/507
f 216/508 221/509 220/510
f 225/511 224/512 228/513
f 223/514 216/515 227/516
f 173/517 174/518 211/519
f 133/520 134/521 129/522
f 135/523 136/524 131/525
f 137/526 144/527 142/528
f 138/529 139/530 205/531
f 140/532 141/533 137/534
f 142/535 143/536 138/537
f 99/538 63/539 61/540
f 4/541 91/542 92/543
f 27/544 93/545 90/546
f 36/547 38/548 98/549
f 92/550 91/551 86/552
f 11/553 96/554 84/555
f 90/556 30/557 78/558
f 98/559 97/560 39/561
f 95/562 55/563 101/564
f 102/565 79/566 69/567
f 67/568 74/569 103/570
f 67/571 71/572 72/573
f 82/574 22/575 83/576
f 171/577 175/578 176/579
f 172/580 178/581 173/582
f 180/583 181/584 182/585
f 19/586 20/587 82/588
f 132/589 202/590 192/591
f 84/592 14/593 85/594
f 43/595 44/596 81/597
f 86/598 8/599 87/600
f 81/601 46/602 88/603
f 52/604 54/605 95/606
f 65/607 58/608 66/609
f 52/610 56/611 53/612
f 57/613 101/614 55/615
f 58/616 230/617 59/618
f 61/619 65/620 66/621
f 59/622 230/623 63/624
f 68/625 102/626 69/627
f 73/628 77/629 74/630
f 76/631 102/632 77/633
f 77/634 102/635 216/636
f 77/637 216/638 223/639
f 40/640 41/641 35/642
f 33/643 29/644 26/645
f 27/646 31/647 32/648
f 29/649 78/650 30/651
f 31/652 33/653 32/654
f 41/655 229/656 34/657
f 36/658 40/659 37/660
f 34/661 229/662 39/663
f 230/664 58/665 74/666
f 49/667 45/668 42/669
f 43/670 47/671 48/672
f 45/673 88/674 46/675
f 47/676 49/677 48/678
f 74/679 7/680 85/681
f 49/682 95/683 101/684
f 45/685 49/686 101/687
f 7/688 1/689 84/690
f 7/691 84/692 85/693
f 45/694 101/695 74/696
f 88/697 45/698 74/699
f 74/700 85/701 13/702
f 41/703 81/704 229/705
f 229/706 81/707 88/708
f 63/709 230/710 74/711
f 74/712 77/713 87/714
f 77/715 223/716 87/717
f 218/718 219/719 92/720
f 218/721 92/722 86/723
f 57/724 61/725 63/726
f 225/727 218/728 87/729
f 218/730 86/731 87/732
f 57/733 63/734 74/735
f 101/736 57/737 74/738
f 223/739 225/740 87/741
f 74/742 87/743 7/744
f 225/745 228/746 218/747
f 68/748 217/749 222/750
f 219/751 228/752 226/753
f 1/754 7/755 2/756
f 4/757 9/758 5/759
f 9/760 1/761 3/762
f 216/763 220/764 227/765
f 17/766 13/767 10/768
f 11/769 15/770 16/771
f 13/772 85/773 14/774
f 15/775 17/776 16/777
f 184/778 183/779 72/780
f 166/781 207/782 167/783
f 214/784 71/785 110/786
f 182/787 184/788 213/789
f 180/790 213/791 190/792
f 182/793 200/794 183/795
f 81/796 41/797 40/798
f 202/799 193/800 192/801
f 215/802 216/803 102/804
f 106/805 217/806 68/807
f 218/808 228/809 219/810
f 215/811 220/812 221/813
f 223/814 224/815 225/816
f 226/817 228/818 110/819
f 57/820 55/821 50/822
f 43/823 48/824 44/825
f 45/826 46/827 42/828
f 7/829 87/830 8/831
f 49/832 42/833 48/834
f 57/835 50/836 51/837
f 52/838 53/839 54/840
f 40/841 35/842 37/843
f 56/844 51/845 53/846
f 56/847 57/848 51/849
f 58/850 59/851 60/852
f 25/853 21/854 18/855
f 19/856 23/857 24/858
f 21/859 83/860 22/861
f 23/862 25/863 24/864
f 203/865 204/866 205/867
f 17/868 10/869 16/870
f 19/871 24/872 20/873
f 21/874 22/875 18/876
f 25/877 18/878 24/879
f 141/880 234/881 185/882
f 27/883 32/884 28/885
f 29/886 30/887 26/888
f 33/889 26/890 32/891
f 41/892 34/893 35/894
f 36/895 37/896 38/897
f 34/898 39/899 97/900
f 160/901 162/902 161/903
f 145/904 151/905 153/906
f 147/907 152/908 148/909
f 145/910 212/911 150/912
f 147/913 153/914 152/915
f 153/916 147/917 146/918
f 155/919 161/920 156/921
f 158/922 235/923 159/924
f 142/925 144/926 143/927
f 160/928 159/929 162/930
f 165/931 169/932 166/933
f 168/934 236/935 163/936
f 165/937 170/938 169/939
f 170/940 165/941 164/942
f 164/943 163/944 170/945
f 171/946 176/947 178/948
f 173/949 177/950 174/951
f 171/952 196/953 175/954
f 127/955 121/956 128/957
f 108/958 107/959 79/960
f 109/961 226/962 110/963
f 111/964 117/965 112/966
f 113/967 119/968 114/969
f 116/970 231/971 117/972
f 118/973 112/974 114/975
f 120/976 126/977 121/978
f 122/979 128/980 123/981
f 125/982 232/983 126/984
f 173/985 178/986 177/987
f 129/988 134/989 130/990
f 131/991 136/992 132/993
f 133/994 233/995 134/996
f 135/997 130/998 136/999
f 137/1000 141/1001 144/1002
f 138/1003 143/1004 139/1005
f 140/1006 234/1007 141/1008
f 236/1009 206/1010 159/1011
f 175/1012 163/1013 185/1014
f 232/1015 117/1016 185/1017
f 202/1018 121/1019 126/1020
f 185/1021 163/1022 236/1023
f 233/1024 202/1025 126/1026
f 134/1027 233/1028 185/1029
f 126/1030 232/1031 185/1032
f 206/1033 162/1034 159/1035
f 233/1036 126/1037 185/1038
f 203/1039 130/1040 234/1041
f 236/1042 159/1043 185/1044
f 234/1045 130/1046 134/1047
f 185/1048 159/1049 235/1050
f 231/1051 198/1052 188/1053
f 180/1054 189/1055 181/1056
f 185/1057 188/1058 186/1059
f 190/1060 186/1061 188/1062
f 208/1063 189/1064 188/1065
f 185/1066 178/1067 176/1068
f 185/1069 176/1070 175/1071
f 198/1072 208/1073 188/1074
f 107/1075 70/1076 69/1077
f 188/1078 185/1079 231/1080
f 117/1081 231/1082 185/1083
f 195/1084 112/1085 117/1086
f 175/1087 237/1088 163/1089
f 237/1090 170/1091 163/1092
f 232/1093 195/1094 117/1095
f 13/1096 17/1097 82/1098
f 44/1099 80/1100 81/1101
f 82/1102 89/1103 22/1104
f 84/1105 96/1106 14/1107
f 63/1108 99/1109 64/1110
f 81/1111 80/1112 46/1113
f 82/1114 20/1115 89/1116
f 4/1117 6/1118 91/1119
f 27/1120 28/1121 93/1122
f 13/1123 82/1124 83/1125
f 229/1126 88/1127 74/1128
f 39/1129 229/1130 74/1131
f 74/1132 13/1133 83/1134
f 74/1135 83/1136 21/1137
f 86/1138 91/1139 8/1140
f 33/1141 98/1142 29/1143
f 29/1144 98/1145 39/1146
f 21/1147 25/1148 78/1149
f 78/1150 29/1151 74/1152
f 25/1153 90/1154 78/1155
f 29/1156 39/1157 74/1158
f 95/1159 94/1160 55/1161
f 103/1162 109/1163 71/1164
f 183/1165 67/1166 72/1167
f 104/1168 73/1169 75/1170
f 190/1171 76/1172 73/1173
f 67/1174 75/1175 74/1176
f 102/1177 76/1178 79/1179
f 95/1180 54/1181 94/1182
f 90/1183 93/1184 30/1185
f 11/1186 12/1187 96/1188
f 98/1189 38/1190 97/1191
f 100/1192 99/1193 61/1194
f 61/1195 62/1196 100/1197
f 261/1198 254/1199 266/1200
f 257/1201 271/1202 259/1203
f 256/1204 268/1205 269/1206
f 263/1207 272/1208 262/1209
f 254/1210 271/1211 264/1212
f 246/1213 245/1214 248/1215
f 245/1216 261/1217 248/1218
f 257/1219 269/1220 270/1221
f 262/1222 268/1223 244/1224
f 253/1225 244/1226 256/1227
f 243/1228 259/1229 260/1230
f 257/1231 256/1232 269/1233
f 257/1234 270/1235 271/1236
f 263/1237 267/1238 272/1239
f 269/1240 268/1241 274/1242
f 258/1243 257/1244 259/1245
f 251/1246 250/1247 258/1248
f 250/1249 256/1250 258/1251
f 259/1252 271/1253 254/1254
f 262/1255 272/1256 268/1257
f 263/1258 261/1259 266/1260
f 266/1261 273/1262 267/1263
f 272/1264 274/1265 268/1266
f 249/1267 262/1268 244/1269
f 246/1270 260/1271 245/1272
f 247/1273 252/1274 248/1275
f 260/1276 261/1277 245/1278
f 246/1279 242/1280 243/1281
f 251/1282 253/1283 250/1284
f 246/1285 248/1286 252/1287
f 246/1288 243/1289 260/1290
f 251/1291 249/1292 253/1293
f 247/1294 248/1295 249/1296
f 248/1297 262/1298 249/1299
f 242/1300 258/1301 243/1302
f 259/1303 254/1304 255/1305
f 256/1306 257/1307 258/1308
f 254/1309 264/1310 265/1311
f 263/1312 266/1313 267/1314
f 259/1315 255/1316 260/1317
f 251/1318 258/1319 242/1320
f 270/1321 264/1322 271/1323
f 254/1324 277/1325 266/1326
f 267/1327 278/1328 272/1329
f 269/1330 274/1331 275/1332
f 253/1333 256/1334 250/1335
f 248/1336 261/1337 263/1338
f 258/1339 259/1340 243/1341
f 249/1342 244/1343 253/1344
f 270/1345 275/1346 276/1347
f 270/1348 276/1349 264/1350
f 270/1351 269/1352 275/1353
f 260/1354 255/1355 261/1356
f 248/1357 263/1358 262/1359
f 267/1360 273/1361 278/1362
f 256/1363 244/1364 268/1365
f 272/1366 278/1367 274/1368
f 266/1369 277/1370 273/1371
f 254/1372 265/1373 277/1374
f 261/1375 255/1376 254/1377
f 251/1378 247/1379 249/1380
f 295/1381 297/1382 292/1383
f 479/1384 294/1385 292/1386
f 295/1387 296/1388 297/1389
f 292/1390 294/1391 295/1392
f 291/1393 296/1394 294/1395
f 293/1396 479/1397 292/1398
f 293/1399 296/1400 291/1401
f 291/1402 479/1403 293/1404
f 296/1405 293/1406 297/1407
f 293/1408 292/1409 297/1410
f 295/1411 294/1412 296/1413
f 479/1414 291/1415 294/1416
f 299/1417 480/1418 298/1419
f 302/1420 304/1421 298/1422
f 303/1423 300/1424 304/1425
f 298/1426 301/1427 302/1428
f 303/1429 301/1430 480/1431
f 300/1432 298/1433 304/1434
f 299/1435 303/1436 480/1437
f 299/1438 298/1439 300/1440
f 301/1441 303/1442 302/1443
f 300/1444 303/1445 299/1446
f 302/1447 303/1448 304/1449
f 298/1450 480/1451 301/1452
f 306/1453 481/1454 305/1455
f 481/1456 307/1457 305/1458
f 481/1459 306/1460 307/1461
f 482/1462 305/1463 310/1464
f 308/1465 310/1466 305/1467
f 305/1468 307/1469 308/1470
f 308/1471 309/1472 310/1473
f 306/1474 309/1475 307/1476
f 308/1477 307/1478 309/1479
f 482/1480 309/1481 306/1482
f 306/1483 305/1484 482/1485
f 309/1486 482/1487 310/1488
f 312/1489 313/1490 314/1491
f 317/1492 312/1493 316/1494
f 315/1495 317/1496 316/1497
f 311/1498 317/1499 313/1500
f 311/1501 312/1502 317/1503
f 483/1504 314/1505 313/1506
f 312/1507 311/1508 313/1509
f 314/1510 483/1511 312/1512
f 313/1513 317/1514 315/1515
f 312/1516 483/1517 316/1518
f 315/1519 316/1520 483/1521
f 315/1522 483/1523 313/1524
f 322/1525 324/1526 323/1527
f 484/1528 323/1529 324/1530
f 320/1531 484/1532 324/1533
f 319/1534 322/1535 323/1536
f 321/1537 322/1538 319/1539
f 319/1540 484/1541 318/1542
f 322/1543 321/1544 320/1545
f 484/1546 319/1547 323/1548
f 484/1549 320/1550 318/1551
f 320/1552 324/1553 322/1554
f 321/1555 318/1556 320/1557
f 319/1558 318/1559 321/1560
f 329/1561 330/1562 332/1563
f 328/1564 332/1565 327/1566
f 327/1567 326/1568 328/1569
f 325/1570 328/1571 326/1572
f 332/1573 328/1574 325/1575
f 329/1576 331/1577 330/1578
f 329/1579 332/1580 325/1581
f 325/1582 331/1583 329/1584
f 326/1585 330/1586 331/1587
f 325/1588 326/1589 331/1590
f 326/1591 327/1592 330/1593
f 327/1594 332/1595 330/1596
f 333/1597 485/1598 336/1599
f 485/1600 334/1601 338/1602
f 337/1603 486/1604 333/1605
f 334/1606 333/1607 335/1608
f 337/1609 338/1610 486/1611
f 333/1612 336/1613 337/1614
f 334/1615 485/1616 333/1617
f 486/1618 335/1619 333/1620
f 337/1621 336/1622 338/1623
f 335/1624 486/1625 334/1626
f 334/1627 486/1628 338/1629
f 485/1630 338/1631 336/1632
f 340/1633 487/1634 339/1635
f 488/1636 343/1637 340/1638
f 343/1639 488/1640 344/1641
f 488/1642 339/1643 344/1644
f 341/1645 343/1646 342/1647
f 342/1648 343/1649 344/1650
f 339/1651 487/1652 341/1653
f 343/1654 341/1655 487/1656
f 339/1657 341/1658 342/1659
f 342/1660 344/1661 339/1662
f 340/1663 339/1664 488/1665
f 340/1666 343/1667 487/1668
f 349/1669 347/1670 352/1671
f 347/1672 350/1673 352/1674
f 347/1675 346/1676 348/1677
f 345/1678 351/1679 346/1680
f 348/1681 351/1682 350/1683
f 348/1684 346/1685 351/1686
f 349/1687 350/1688 351/1689
f 349/1690 345/1691 347/1692
f 345/1693 349/1694 351/1695
f 350/1696 349/1697 352/1698
f 346/1699 347/1700 345/1701
f 347/1702 348/1703 350/1704
f 356/1705 357/1706 359/1707
f 356/1708 359/1709 353/1710
f 355/1711 357/1712 354/1713
f 355/1714 354/1715 489/1716
f 353/1717 358/1718 356/1719
f 489/1720 357/1721 355/1722
f 489/1723 353/1724 359/1725
f 353/1726 489/1727 354/1728
f 357/1729 489/1730 359/1731
f 356/1732 358/1733 357/1734
f 357/1735 358/1736 354/1737
f 353/1738 354/1739 358/1740
f 362/1741 361/1742 363/1743
f 363/1744 360/1745 367/1746
f 360/1747 366/1748 364/1749
f 364/1750 365/1751 367/1752
f 363/1753 365/1754 362/1755
f 362/1756 365/1757 361/1758
f 360/1759 361/1760 366/1761
f 365/1762 363/1763 367/1764
f 360/1765 363/1766 361/1767
f 364/1768 366/1769 365/1770
f 365/1771 366/1772 361/1773
f 364/1774 367/1775 360/1776
f 370/1777 371/1778 373/1779
f 369/1780 373/1781 371/1782
f 369/1783 374/1784 372/1785
f 373/1786 374/1787 490/1788
f 368/1789 490/1790 374/1791
f 373/1792 372/1793 374/1794
f 368/1795 369/1796 371/1797
f 490/1798 370/1799 373/1800
f 370/1801 490/1802 368/1803
f 369/1804 368/1805 374/1806
f 373/1807 369/1808 372/1809
f 368/1810 371/1811 370/1812
f 376/1813 377/1814 378/1815
f 377/1816 380/1817 378/1818
f 377/1819 376/1820 375/1821
f 491/1822 375/1823 381/1824
f 379/1825 378/1826 380/1827
f 380/1828 491/1829 381/1830
f 376/1831 378/1832 375/1833
f 491/1834 380/1835 377/1836
f 377/1837 375/1838 491/1839
f 379/1840 381/1841 375/1842
f 379/1843 380/1844 381/1845
f 375/1846 378/1847 379/1848
f 383/1849 492/1850 384/1851
f 387/1852 384/1853 388/1854
f 384/1855 382/1856 388/1857
f 386/1858 387/1859 388/1860
f 386/1861 388/1862 382/1863
f 382/1864 385/1865 386/1866
f 386/1867 385/1868 387/1869
f 384/1870 387/1871 383/1872
f 383/1873 387/1874 385/1875
f 492/1876 383/1877 385/1878
f 492/1879 385/1880 382/1881
f 384/1882 492/1883 382/1884
f 390/1885 389/1886 393/1887
f 389/1888 390/1889 394/1890
f 392/1891 393/1892 391/1893
f 391/1894 394/1895 395/1896
f 390/1897 393/1898 392/1899
f 389/1900 391/1901 393/1902
f 394/1903 390/1904 396/1905
f 390/1906 395/1907 396/1908
f 392/1909 391/1910 395/1911
f 390/1912 392/1913 395/1914
f 389/1915 394/1916 391/1917
f 395/1918 394/1919 396/1920
f 400/1921 397/1922 402/1923
f 402/1924 401/1925 403/1926
f 398/1927 404/1928 403/1929
f 400/1930 404/1931 398/1932
f 398/1933 399/1934 397/1935
f 404/1936 400/1937 402/1938
f 399/1939 398/1940 403/1941
f 398/1942 397/1943 400/1944
f 399/1945 403/1946 401/1947
f 399/1948 402/1949 397/1950
f 402/1951 403/1952 404/1953
f 402/1954 399/1955 401/1956
f 411/1957 408/1958 407/1959
f 408/1960 405/1961 407/1962
f 406/1963 405/1964 408/1965
f 409/1966 411/1967 407/1968
f 493/1969 410/1970 409/1971
f 493/1972 407/1973 405/1974
f 407/1975 493/1976 409/1977
f 406/1978 411/1979 410/1980
f 493/1981 406/1982 410/1983
f 408/1984 411/1985 406/1986
f 406/1987 493/1988 405/1989
f 411/1990 409/1991 410/1992
f 415/1993 414/1994 418/1995
f 413/1996 415/1997 417/1998
f 414/1999 494/2000 418/2001
f 416/2002 412/2003 417/2004
f 413/2005 417/2006 412/2007
f 414/2008 412/2009 416/2010
f 417/2011 415/2012 418/2013
f 413/2014 414/2015 415/2016
f 494/2017 416/2018 417/2019
f 416/2020 494/2021 414/2022
f 417/2023 418/2024 494/2025
f 414/2026 413/2027 412/2028
f 426/2029 422/2030 419/2031
f 421/2032 420/2033 422/2034
f 420/2035 424/2036 419/2037
f 420/2038 421/2039 424/2040
f 419/2041 422/2042 420/2043
f 423/2044 425/2045 426/2046
f 423/2047 424/2048 425/2049
f 422/2050 426/2051 421/2052
f 424/2053 421/2054 425/2055
f 423/2056 426/2057 419/2058
f 419/2059 424/2060 423/2061
f 421/2062 426/2063 425/2064
f 429/2065 495/2066 427/2067
f 430/2068 431/2069 433/2070
f 430/2071 433/2072 429/2073
f 429/2074 432/2075 430/2076
f 495/2077 429/2078 433/2079
f 427/2080 431/2081 432/2082
f 428/2083 433/2084 431/2085
f 428/2086 427/2087 495/2088
f 427/2089 428/2090 431/2091
f 428/2092 495/2093 433/2094
f 429/2095 427/2096 432/2097
f 430/2098 432/2099 431/2100
f 496/2101 437/2102 435/2103
f 439/2104 440/2105 496/2106
f 436/2107 434/2108 435/2109
f 437/2110 496/2111 436/2112
f 439/2113 496/2114 435/2115
f 436/2116 435/2117 437/2118
f 435/2119 438/2120 439/2121
f 436/2122 496/2123 440/2124
f 438/2125 440/2126 439/2127
f 440/2128 438/2129 434/2130
f 434/2131 436/2132 440/2133
f 435/2134 434/2135 438/2136
f 444/2137 441/2138 446/2139
f 445/2140 447/2141 446/2142
f 497/2143 442/2144 445/2145
f 444/2146 443/2147 442/2148
f 442/2149 441/2150 444/2151
f 497/2152 446/2153 441/2154
f 442/2155 443/2156 445/2157
f 444/2158 447/2159 443/2160
f 442/2161 497/2162 441/2163
f 447/2164 444/2165 446/2166
f 447/2167 445/2168 443/2169
f 497/2170 445/2171 446/2172
f 449/2173 498/2174 448/2175
f 454/2176 451/2177 453/2178
f 450/2179 498/2180 452/2181
f 453/2182 452/2183 454/2184
f 451/2185 450/2186 453/2187
f 451/2188 454/2189 449/2190
f 452/2191 453/2192 450/2193
f 449/2194 448/2195 451/2196
f 449/2197 454/2198 498/2199
f 498/2200 450/2201 448/2202
f 498/2203 454/2204 452/2205
f 451/2206 448/2207 450/2208
f 460/2209 462/2210 461/2211
f 456/2212 455/2213 459/2214
f 461/2215 458/2216 460/2217
f 458/2218 457/2219 460/2220
f 455/2221 461/2222 462/2223
f 457/2224 455/2225 462/2226
f 458/2227 461/2228 456/2229
f 458/2230 459/2231 457/2232
f 456/2233 459/2234 458/2235
f 455/2236 457/2237 459/2238
f 457/2239 462/2240 460/2241
f 456/2242 461/2243 455/2244
f 469/2245 468/2246 470/2247
f 464/2248 466/2249 463/2250
f 465/2251 463/2252 467/2253
f 468/2254 465/2255 470/2256
f 465/2257 467/2258 469/2259
f 465/2260 469/2261 470/2262
f 467/2263 466/2264 469/2265
f 467/2266 463/2267 466/2268
f 468/2269 469/2270 466/2271
f 464/2272 468/2273 466/2274
f 465/2275 464/2276 463/2277
f 464/2278 465/2279 468/2280
f 472/2281 473/2282 475/2283
f 476/2284 478/2285 471/2286
f 476/2287 477/2288 478/2289
f 471/2290 475/2291 476/2292
f 474/2293 471/2294 478/2295
f 473/2296 472/2297 474/2298
f 476/2299 475/2300 477/2301
f 475/2302 473/2303 477/2304
f 473/2305 478/2306 477/2307
f 471/2308 474/2309 472/2310
f 472/2311 475/2312 471/2313
f 473/2314 474/2315 478/2316
f 282/2317 283/2318 280/2319
f 284/2320 285/2321 283/2322
f 286/2323 281/2324 285/2325
f 279/2326 280/2327 281/2328
f 285/2329 281/2330 288/2331
f 283/2332 285/2333 290/2334
f 280/2335 283/2336 287/2337
f 281/2338 280/2339 289/2340
f 282/2341 284/2342 283/2343
f 279/2344 282/2345 280/2346
f 284/2347 286/2348 285/2349
f 280/2350 287/2351 289/2352
f 287/2353 288/2354 289/2355
f 283/2356 290/2357 287/2358
f 282/2359 286/2360 284/2361
f 281/2362 289/2363 288/2364
f 285/2365 288/2366 290/2367
f 286/2368 279/2369 281/2370
f 282/2371 279/2372 286/2373
f 287/2374 290/2375 288/2376
f 238/2377 241/2378 239/2379
f 240/2380 238/2381 239/2382
f 601/2383 1479/2384 1480/2385
f 1480/2386 1479/2387 1447/2388
f 1377/2389 601/2390 917/2391
f 602/2392 918/2393 917/2394
f 1380/2395 518/2396 918/2397
f 962/2398 1481/2399 1480/2400
f 975/2401 962/2402 1447/2403
f 602/2404 1480/2405 1481/2406
f 1776/2407 1352/2408 1353/2409
f 1448/2410 962/2411 1140/2412
f 975/2413 1714/2414 1140/2415
f 962/2416 975/2417 1140/2418
f 1615/2419 1140/2420 1714/2421
f 1478/2422 600/2423 1376/2424
f 1376/2425 600/2426 601/2427
f 1479/2428 1478/2429 1446/2430
f 600/2431 1478/2432 1479/2433
f 1353/2434 1352/2435 867/2436
f 600/2437 1479/2438 601/2439
f 1478/2440 1376/2441 1446/2442
f 1380/2443 603/2444 1381/2445
f 1615/2446 1759/2447 1779/2448
f 1447/2449 1714/2450 975/2451
f 1777/2452 1714/2453 1447/2454
f 1448/2455 1140/2456 1615/2457
f 1777/2458 1759/2459 1614/2460
f 1615/2461 1614/2462 1759/2463
f 1352/2464 1776/2465 1446/2466
f 1446/2467 1376/2468 1352/2469
f 921/2470 869/2471 1380/2472
f 868/2473 867/2474 1376/2475
f 601/2476 1480/2477 602/2478
f 517/2479 869/2480 868/2481
f 1377/2482 517/2483 868/2484
f 1354/2485 868/2486 869/2487
f 1776/2488 1447/2489 1446/2490
f 1356/2491 869/2492 921/2493
f 1354/2494 1779/2495 1777/2496
f 518/2497 1380/2498 869/2499
f 1354/2500 1353/2501 868/2502
f 602/2503 1481/2504 603/2505
f 962/2506 1480/2507 1447/2508
f 1380/2509 918/2510 602/2511
f 602/2512 917/2513 601/2514
f 1448/2515 1615/2516 1779/2517
f 1614/2518 1615/2519 1714/2520
f 1376/2521 867/2522 1352/2523
f 1353/2524 867/2525 868/2526
f 1776/2527 1353/2528 1777/2529
f 868/2530 1376/2531 1377/2532
f 1777/2533 1614/2534 1714/2535
f 921/2536 1380/2537 1381/2538
f 1479/2539 1446/2540 1447/2541
f 1376/2542 601/2543 1377/2544
f 1777/2545 1353/2546 1354/2547
f 1380/2548 602/2549 603/2550
f 1776/2551 1777/2552 1447/2553
f 1356/2554 1354/2555 869/2556
f 1777/2557 1779/2558 1759/2559
f 1354/2560 1356/2561 1779/2562
f 517/2563 518/2564 869/2565
f 1377/2566 917/2567 517/2568
f 1483/2569 963/2570 1482/2571
f 1017/2572 1598/2573 1016/2574
f 1483/2575 575/2576 570/2577
f 578/2578 582/2579 1802/2580
f 571/2581 1804/2582 1094/2583
f 1802/2584 1093/2585 1094/2586
f 571/2587 584/2588 1076/2589
f 697/2590 1076/2591 1075/2592
f 1802/2593 582/2594 583/2595
f 1076/2596 953/2597 952/2598
f 576/2599 1324/2600 567/2601
f 989/2602 1323/2603 1324/2604
f 576/2605 1065/2606 1064/2607
f 989/2608 576/2609 1064/2610
f 1146/2611 1144/2612 1326/2613
f 1146/2614 1145/2615 1144/2616
f 1066/2617 574/2618 573/2619
f 1064/2620 745/2621 1066/2622
f 1144/2623 577/2624 576/2625
f 573/2626 1147/2627 1146/2628
f 1144/2629 1145/2630 577/2631
f 573/2632 574/2633 1147/2634
f 1324/2635 1323/2636 1803/2637
f 1080/2638 572/2639 571/2640
f 1803/2641 1802/2642 1804/2643
f 1803/2644 579/2645 578/2646
f 1066/2647 745/2648 574/2649
f 1064/2650 1065/2651 745/2652
f 1080/2653 567/2654 572/2655
f 1076/2656 584/2657 568/2658
f 1509/2659 569/2660 963/2661
f 696/2662 1080/2663 697/2664
f 1324/2665 1804/2666 571/2667
f 578/2668 696/2669 1075/2670
f 1093/2671 583/2672 581/2673
f 1093/2674 1500/2675 1502/2676
f 1075/2677 952/2678 581/2679
f 1094/2680 1502/2681 568/2682
f 1502/2683 1501/2684 568/2685
f 1076/2686 568/2687 953/2688
f 1075/2689 581/2690 583/2691
f 1094/2692 568/2693 584/2694
f 1500/2695 1501/2696 1502/2697
f 953/2698 568/2699 1507/2700
f 952/2701 580/2702 581/2703
f 1323/2704 1066/2705 573/2706
f 573/2707 1146/2708 1079/2709
f 1146/2710 1326/2711 1080/2712
f 1080/2713 1326/2714 576/2715
f 1326/2716 1144/2717 576/2718
f 576/2719 989/2720 1324/2721
f 989/2722 1066/2723 1323/2724
f 1079/2725 696/2726 579/2727
f 576/2728 577/2729 1065/2730
f 989/2731 1064/2732 1066/2733
f 1146/2734 1147/2735 1145/2736
f 1507/2737 1508/2738 952/2739
f 942/2740 1500/2741 1508/2742
f 580/2743 1508/2744 1500/2745
f 1500/2746 581/2747 580/2748
f 1145/2749 570/2750 577/2751
f 953/2752 1507/2753 952/2754
f 1147/2755 569/2756 1509/2757
f 1065/2758 570/2759 1017/2760
f 1145/2761 1509/2762 1483/2763
f 745/2764 569/2765 574/2766
f 1065/2767 1016/2768 745/2769
f 696/2770 697/2771 1075/2772
f 1323/2773 573/2774 579/2775
f 573/2776 1079/2777 579/2778
f 1802/2779 1094/2780 1804/2781
f 1080/2782 576/2783 567/2784
f 1324/2785 572/2786 567/2787
f 1323/2788 579/2789 1803/2790
f 1080/2791 696/2792 1079/2793
f 696/2794 578/2795 579/2796
f 1803/2797 1804/2798 1324/2799
f 1803/2800 578/2801 1802/2802
f 1324/2803 571/2804 572/2805
f 578/2806 1075/2807 582/2808
f 1146/2809 1080/2810 1079/2811
f 1483/2812 1482/2813 575/2814
f 1598/2815 575/2816 963/2817
f 1482/2818 963/2819 575/2820
f 963/2821 569/2822 1598/2823
f 1507/2824 568/2825 942/2826
f 952/2827 1508/2828 580/2829
f 1017/2830 570/2831 575/2832
f 1080/2833 571/2834 697/2835
f 571/2836 1076/2837 697/2838
f 582/2839 1075/2840 583/2841
f 1094/2842 584/2843 571/2844
f 1076/2845 952/2846 1075/2847
f 1508/2848 1507/2849 942/2850
f 1065/2851 1017/2852 1016/2853
f 1501/2854 942/2855 568/2856
f 1500/2857 942/2858 1501/2859
f 1017/2860 575/2861 1598/2862
f 1147/2863 574/2864 569/2865
f 1065/2866 577/2867 570/2868
f 1145/2869 1147/2870 1509/2871
f 745/2872 1016/2873 569/2874
f 1145/2875 1483/2876 570/2877
f 1509/2878 963/2879 1483/2880
f 1016/2881 1598/2882 569/2883
f 1093/2884 1502/2885 1094/2886
f 1802/2887 583/2888 1093/2889
f 1093/2890 581/2891 1500/2892
f 995/2893 1241/2894 1594/2895
f 594/2896 1593/2897 1004/2898
f 594/2899 1594/2900 1288/2901
f 1223/2902 995/2903 993/2904
f 993/2905 594/2906 591/2907
f 998/2908 1246/2909 1240/2910
f 591/2911 1004/2912 998/2913
f 993/2914 995/2915 594/2916
f 1223/2917 1241/2918 995/2919
f 1594/2920 1584/2921 1283/2922
f 1593/2923 1583/2924 1240/2925
f 1241/2926 1223/2927 1584/2928
f 1593/2929 1288/2930 1283/2931
f 594/2932 1288/2933 1593/2934
f 594/2935 995/2936 1594/2937
f 1004/2938 1593/2939 1246/2940
f 998/2941 1004/2942 1246/2943
f 591/2944 594/2945 1004/2946
f 591/2947 1283/2948 1584/2949
f 993/2950 1584/2951 1223/2952
f 591/2953 998/2954 1583/2955
f 1241/2956 1584/2957 1594/2958
f 1593/2959 1283/2960 1583/2961
f 998/2962 1240/2963 1583/2964
f 591/2965 1583/2966 1283/2967
f 591/2968 1584/2969 993/2970
f 1594/2971 1283/2972 1288/2973
f 1593/2974 1240/2975 1246/2976
f 587/2977 1597/2978 1011/2979
f 587/2980 1577/2981 1279/2982
f 1259/2983 1590/2984 1577/2985
f 1279/2986 1588/2987 1597/2988
f 595/2989 1590/2990 997/2991
f 1577/2992 1286/2993 1279/2994
f 1203/2995 1588/2996 1260/2997
f 595/2998 1588/2999 1286/3000
f 1006/3001 1260/3002 1588/3003
f 595/3004 587/3005 1011/3006
f 1006/3007 1011/3008 1206/3009
f 1229/3010 1259/3011 1002/3012
f 997/3013 1002/3014 587/3015
f 1011/3016 1597/3017 1203/3018
f 1006/3019 1206/3020 1260/3021
f 595/3022 1011/3023 1006/3024
f 1011/3025 1203/3026 1206/3027
f 1002/3028 1259/3029 1577/3030
f 997/3031 587/3032 595/3033
f 1229/3034 1002/3035 997/3036
f 587/3037 1002/3038 1577/3039
f 587/3040 1279/3041 1597/3042
f 595/3043 1006/3044 1588/3045
f 595/3046 1286/3047 1590/3048
f 997/3049 1590/3050 1229/3051
f 1279/3052 1286/3053 1588/3054
f 1259/3055 1229/3056 1590/3057
f 1203/3058 1597/3059 1588/3060
f 1577/3061 1590/3062 1286/3063
f 593/3064 1005/3065 1586/3066
f 1278/3067 1285/3068 1586/3069
f 1258/3070 1228/3071 1589/3072
f 1196/3073 1596/3074 1586/3075
f 1575/3076 1589/3077 1285/3078
f 586/3079 1001/3080 1575/3081
f 586/3082 1278/3083 1596/3084
f 1010/3085 1596/3086 1196/3087
f 996/3088 1589/3089 1228/3090
f 593/3091 1285/3092 1589/3093
f 1278/3094 1586/3095 1596/3096
f 1258/3097 1589/3098 1575/3099
f 1005/3100 1257/3101 1586/3102
f 593/3103 1586/3104 1285/3105
f 1196/3106 1586/3107 1257/3108
f 1575/3109 1285/3110 1278/3111
f 593/3112 1589/3113 996/3114
f 586/3115 1596/3116 1010/3117
f 996/3118 1001/3119 586/3120
f 593/3121 586/3122 1010/3123
f 1005/3124 1010/3125 1204/3126
f 1228/3127 1258/3128 1001/3129
f 996/3130 586/3131 593/3132
f 1005/3133 1204/3134 1257/3135
f 1228/3136 1001/3137 996/3138
f 1001/3139 1258/3140 1575/3141
f 1010/3142 1196/3143 1204/3144
f 586/3145 1575/3146 1278/3147
f 593/3148 1010/3149 1005/3150
f 1582/3151 1280/3152 1282/3153
f 589/3154 590/3155 992/3156
f 1012/3157 1014/3158 590/3159
f 1015/3160 992/3161 1222/3162
f 1201/3163 1216/3164 1014/3165
f 1581/3166 1205/3167 1220/3168
f 1282/3169 1576/3170 1581/3171
f 1015/3172 1205/3173 1576/3174
f 1216/3175 1579/3176 1582/3177
f 590/3178 1581/3179 992/3180
f 1014/3181 1216/3182 1582/3183
f 992/3184 1220/3185 1222/3186
f 590/3187 1582/3188 1282/3189
f 1012/3190 1579/3191 1201/3192
f 589/3193 1280/3194 1579/3195
f 589/3196 992/3197 1015/3198
f 1012/3199 590/3200 589/3201
f 992/3202 1581/3203 1220/3204
f 590/3205 1282/3206 1581/3207
f 590/3208 1014/3209 1582/3210
f 589/3211 1576/3212 1280/3213
f 1201/3214 1014/3215 1012/3216
f 1015/3217 1222/3218 1205/3219
f 589/3220 1015/3221 1576/3222
f 589/3223 1579/3224 1012/3225
f 1582/3226 1579/3227 1280/3228
f 1581/3229 1576/3230 1205/3231
f 1216/3232 1201/3233 1579/3234
f 1282/3235 1280/3236 1576/3237
f 999/3238 1007/3239 588/3240
f 1234/3241 1200/3242 1007/3243
f 1578/3244 1202/3245 1208/3246
f 1200/3247 1592/3248 1580/3249
f 585/3250 1013/3251 1008/3252
f 1008/3253 1208/3254 1202/3255
f 585/3256 588/3257 1013/3258
f 1008/3259 1013/3260 1208/3261
f 1281/3262 1592/3263 1287/3264
f 1013/3265 1578/3266 1208/3267
f 585/3268 1008/3269 1591/3270
f 588/3271 1007/3272 1580/3273
f 588/3274 1281/3275 1578/3276
f 588/3277 1578/3278 1013/3279
f 588/3280 1580/3281 1281/3282
f 1007/3283 1200/3284 1580/3285
f 1281/3286 1580/3287 1592/3288
f 1578/3289 1591/3290 1202/3291
f 585/3292 1287/3293 1592/3294
f 999/3295 1592/3296 1234/3297
f 1200/3298 1234/3299 1592/3300
f 1281/3301 1287/3302 1591/3303
f 1008/3304 1202/3305 1591/3306
f 1281/3307 1591/3308 1578/3309
f 585/3310 1592/3311 999/3312
f 585/3313 1591/3314 1287/3315
f 999/3316 588/3317 585/3318
f 1234/3319 1007/3320 999/3321
f 1775/3322 549/3323 550/3324
f 1320/3325 550/3326 1087/3327
f 1782/3328 1320/3329 1087/3330
f 701/3331 1782/3332 1781/3333
f 783/3334 1316/3335 784/3336
f 599/3337 597/3338 789/3339
f 546/3340 1086/3341 1088/3342
f 545/3343 791/3344 1083/3345
f 599/3346 790/3347 1088/3348
f 1754/3349 928/3350 1753/3351
f 784/3352 1318/3353 1317/3354
f 597/3355 1085/3356 1083/3357
f 1753/3358 1316/3359 1314/3360
f 1022/3361 1084/3362 1090/3363
f 1056/3364 783/3365 784/3366
f 511/3367 1753/3368 1521/3369
f 1056/3370 1317/3371 1321/3372
f 1089/3373 546/3374 1270/3375
f 1022/3376 598/3377 1023/3378
f 701/3379 660/3380 662/3381
f 1775/3382 510/3383 509/3384
f 1782/3385 662/3386 1320/3387
f 1320/3388 1775/3389 550/3390
f 1775/3391 509/3392 549/3393
f 1320/3394 1321/3395 511/3396
f 549/3397 509/3398 1315/3399
f 1315/3400 701/3401 1781/3402
f 701/3403 662/3404 1782/3405
f 1754/3406 1318/3407 929/3408
f 928/3409 929/3410 1316/3411
f 1318/3412 1316/3413 929/3414
f 784/3415 1316/3416 1318/3417
f 1782/3418 1089/3419 1270/3420
f 1781/3421 1090/3422 1084/3423
f 1022/3424 1023/3425 1024/3426
f 1270/3427 1269/3428 1781/3429
f 662/3430 1321/3431 1320/3432
f 1315/3433 661/3434 660/3435
f 550/3436 1089/3437 1087/3438
f 549/3439 1084/3440 1022/3441
f 549/3442 1315/3443 1084/3444
f 1315/3445 1781/3446 1084/3447
f 1521/3448 1322/3449 1319/3450
f 1088/3451 792/3452 1745/3453
f 789/3454 1083/3455 1741/3456
f 597/3457 1083/3458 789/3459
f 599/3460 789/3461 790/3462
f 546/3463 1088/3464 1745/3465
f 545/3466 1083/3467 1085/3468
f 599/3469 1088/3470 1086/3471
f 1090/3472 1269/3473 1085/3474
f 1315/3475 1319/3476 661/3477
f 550/3478 1024/3479 1089/3480
f 1782/3481 1270/3482 1781/3483
f 550/3484 549/3485 1022/3486
f 1782/3487 1087/3488 1089/3489
f 1781/3490 1269/3491 1090/3492
f 660/3493 661/3494 1056/3495
f 1315/3496 509/3497 1521/3498
f 510/3499 511/3500 1521/3501
f 662/3502 1056/3503 1321/3504
f 789/3505 1741/3506 790/3507
f 546/3508 1745/3509 791/3510
f 661/3511 1319/3512 1322/3513
f 1270/3514 546/3515 1269/3516
f 1089/3517 1023/3518 598/3519
f 1085/3520 1269/3521 545/3522
f 598/3523 599/3524 1086/3525
f 1024/3526 1023/3527 1089/3528
f 1089/3529 1086/3530 546/3531
f 1022/3532 597/3533 598/3534
f 1090/3535 1085/3536 597/3537
f 546/3538 545/3539 1269/3540
f 546/3541 791/3542 545/3543
f 1090/3544 597/3545 1022/3546
f 1089/3547 598/3548 1086/3549
f 597/3550 599/3551 598/3552
f 550/3553 1022/3554 1024/3555
f 791/3556 1745/3557 792/3558
f 511/3559 1321/3560 1317/3561
f 1056/3562 661/3563 783/3564
f 1083/3565 791/3566 1741/3567
f 793/3568 1088/3569 1742/3570
f 790/3571 1742/3572 1088/3573
f 792/3574 793/3575 791/3576
f 1742/3577 1741/3578 791/3579
f 1088/3580 793/3581 792/3582
f 1741/3583 1742/3584 790/3585
f 791/3586 793/3587 1742/3588
f 928/3589 1754/3590 929/3591
f 661/3592 1322/3593 783/3594
f 1753/3595 1314/3596 1322/3597
f 511/3598 1317/3599 1754/3600
f 1753/3601 928/3602 1316/3603
f 783/3604 1314/3605 1316/3606
f 1521/3607 1753/3608 1322/3609
f 511/3610 1754/3611 1753/3612
f 1056/3613 784/3614 1317/3615
f 1754/3616 1317/3617 1318/3618
f 783/3619 1322/3620 1314/3621
f 660/3622 1056/3623 662/3624
f 1315/3625 1521/3626 1319/3627
f 510/3628 1521/3629 509/3630
f 1320/3631 511/3632 510/3633
f 701/3634 1315/3635 660/3636
f 1775/3637 1320/3638 510/3639
f 1666/3640 1235/3641 1040/3642
f 1685/3643 1239/3644 1039/3645
f 1050/3646 1340/3647 1039/3648
f 1346/3649 1032/3650 1340/3651
f 1224/3652 1039/3653 1239/3654
f 1680/3655 1213/3656 1236/3657
f 732/3658 1032/3659 1680/3660
f 737/3661 1672/3662 1685/3663
f 1672/3664 1224/3665 1239/3666
f 1666/3667 737/3668 732/3669
f 732/3670 1685/3671 1039/3672
f 1040/3673 1235/3674 1213/3675
f 737/3676 1346/3677 1050/3678
f 1666/3679 1236/3680 1235/3681
f 1672/3682 1050/3683 1224/3684
f 1050/3685 1346/3686 1340/3687
f 1040/3688 1213/3689 1032/3690
f 737/3691 1050/3692 1672/3693
f 1672/3694 1239/3695 1685/3696
f 737/3697 1685/3698 732/3699
f 732/3700 1340/3701 1032/3702
f 1680/3703 1032/3704 1213/3705
f 1224/3706 1050/3707 1039/3708
f 1346/3709 1040/3710 1032/3711
f 1236/3712 1666/3713 1680/3714
f 737/3715 1666/3716 1040/3717
f 737/3718 1040/3719 1346/3720
f 732/3721 1039/3722 1340/3723
f 1666/3724 732/3725 1680/3726
f 1670/3727 740/3728 735/3729
f 1215/3730 1670/3731 1684/3732
f 740/3733 1670/3734 1047/3735
f 1676/3736 1232/3737 1256/3738
f 740/3739 1350/3740 1031/3741
f 1232/3742 1031/3743 1046/3744
f 1047/3745 1036/3746 1344/3747
f 740/3748 1676/3749 1665/3750
f 1350/3751 1344/3752 1046/3753
f 1676/3754 1031/3755 1232/3756
f 1047/3757 1215/3758 1221/3759
f 735/3760 1665/3761 1046/3762
f 735/3763 1036/3764 1684/3765
f 740/3766 1665/3767 735/3768
f 1676/3769 1256/3770 1665/3771
f 740/3772 1047/3773 1350/3774
f 1215/3775 1684/3776 1221/3777
f 1670/3778 735/3779 1684/3780
f 735/3781 1046/3782 1344/3783
f 1047/3784 1221/3785 1036/3786
f 740/3787 1031/3788 1676/3789
f 1670/3790 1215/3791 1047/3792
f 1665/3793 1256/3794 1046/3795
f 1350/3796 1046/3797 1031/3798
f 1047/3799 1344/3800 1350/3801
f 1232/3802 1046/3803 1256/3804
f 735/3805 1344/3806 1036/3807
f 1684/3808 1036/3809 1221/3810
f 739/3811 1045/3812 1349/3813
f 739/3814 1688/3815 734/3816
f 1675/3817 1255/3818 1688/3819
f 1669/3820 734/3821 1683/3822
f 734/3823 1044/3824 1343/3825
f 739/3826 1669/3827 1045/3828
f 1250/3829 1669/3830 1683/3831
f 739/3832 1349/3833 1030/3834
f 1045/3835 1247/3836 1219/3837
f 734/3838 1688/3839 1044/3840
f 1669/3841 739/3842 734/3843
f 1030/3844 1349/3845 1343/3846
f 1675/3847 1030/3848 1231/3849
f 1669/3850 1250/3851 1247/3852
f 1349/3853 1045/3854 1035/3855
f 1030/3856 1044/3857 1255/3858
f 1683/3859 1035/3860 1219/3861
f 734/3862 1343/3863 1035/3864
f 739/3865 1675/3866 1688/3867
f 1675/3868 1231/3869 1255/3870
f 734/3871 1035/3872 1683/3873
f 1683/3874 1219/3875 1250/3876
f 739/3877 1030/3878 1675/3879
f 1045/3880 1219/3881 1035/3882
f 1030/3883 1255/3884 1231/3885
f 1349/3886 1035/3887 1343/3888
f 1030/3889 1343/3890 1044/3891
f 1688/3892 1255/3893 1044/3894
f 1669/3895 1247/3896 1045/3897
f 1679/3898 1214/3899 1053/3900
f 1671/3901 1243/3902 1217/3903
f 1682/3904 1212/3905 1677/3906
f 731/3907 1053/3908 1341/3909
f 741/3910 1052/3911 1347/3912
f 1679/3913 741/3914 1671/3915
f 741/3916 1041/3917 1671/3918
f 1682/3919 1038/3920 1207/3921
f 1679/3922 1217/3923 1214/3924
f 1038/3925 1341/3926 1347/3927
f 741/3928 1677/3929 1052/3930
f 1053/3931 1214/3932 1243/3933
f 731/3934 1341/3935 1038/3936
f 1038/3937 1052/3938 1212/3939
f 1671/3940 1041/3941 1243/3942
f 1341/3943 1053/3944 1041/3945
f 741/3946 1347/3947 1041/3948
f 1679/3949 731/3950 741/3951
f 1038/3952 1212/3953 1207/3954
f 1341/3955 1041/3956 1347/3957
f 731/3958 1677/3959 741/3960
f 1053/3961 1243/3962 1041/3963
f 731/3964 1038/3965 1682/3966
f 1677/3967 1212/3968 1052/3969
f 1038/3970 1347/3971 1052/3972
f 731/3973 1679/3974 1053/3975
f 1217/3976 1679/3977 1671/3978
f 731/3979 1682/3980 1677/3981
f 1682/3982 1207/3983 1212/3984
f 1673/3985 1218/3986 1049/3987
f 1049/3988 1345/3989 1351/3990
f 1034/3991 1197/3992 1242/3993
f 1667/3994 1197/3995 1048/3996
f 1034/3997 1345/3998 1048/3999
f 1218/4000 1686/4001 1225/4002
f 736/4003 1037/4004 1686/4005
f 1673/4006 736/4007 1686/4008
f 736/4009 1048/4010 1345/4011
f 1049/4012 1225/4013 1037/4014
f 742/4015 1049/4016 1351/4017
f 1678/4018 1197/4019 1667/4020
f 742/4021 1667/4022 736/4023
f 742/4024 1034/4025 1678/4026
f 1218/4027 1673/4028 1686/4029
f 742/4030 1673/4031 1049/4032
f 1049/4033 1037/4034 1345/4035
f 1034/4036 1048/4037 1197/4038
f 1686/4039 1037/4040 1225/4041
f 736/4042 1345/4043 1037/4044
f 1034/4045 1351/4046 1345/4047
f 742/4048 1678/4049 1667/4050
f 1678/4051 1242/4052 1197/4053
f 1678/4054 1034/4055 1242/4056
f 742/4057 1351/4058 1034/4059
f 1049/4060 1218/4061 1225/4062
f 736/4063 1667/4064 1048/4065
f 1673/4066 742/4067 736/4068
f 1249/4069 1668/4070 1681/4071
f 738/4072 1668/4073 1042/4074
f 1674/4075 1230/4076 1244/4077
f 733/4078 1033/4079 1681/4080
f 1042/4081 1342/4082 1348/4083
f 1674/4084 1244/4085 1687/4086
f 1668/4087 733/4088 1681/4089
f 1051/4090 1342/4091 1043/4092
f 1687/4093 1244/4094 1043/4095
f 1230/4096 1043/4097 1244/4098
f 1051/4099 1348/4100 1342/4101
f 1681/4102 1245/4103 1249/4104
f 738/4105 1042/4106 1348/4107
f 738/4108 1674/4109 1687/4110
f 738/4111 1687/4112 733/4113
f 1245/4114 1033/4115 1042/4116
f 733/4117 1043/4118 1342/4119
f 1042/4120 1033/4121 1342/4122
f 1230/4123 1051/4124 1043/4125
f 1681/4126 1033/4127 1245/4128
f 733/4129 1342/4130 1033/4131
f 1668/4132 1245/4133 1042/4134
f 738/4135 1051/4136 1674/4137
f 733/4138 1687/4139 1043/4140
f 1668/4141 738/4142 733/4143
f 738/4144 1348/4145 1051/4146
f 1674/4147 1051/4148 1230/4149
f 1668/4150 1249/4151 1245/4152
f 674/4153 1193/4154 1550/4155
f 674/4156 763/4157 764/4158
f 763/4159 1550/4160 1551/4161
f 1551/4162 1550/4163 765/4164
f 765/4165 676/4166 677/4167
f 766/4168 677/4169 1194/4170
f 1194/4171 675/4172 764/4173
f 764/4174 1551/4175 1194/4176
f 1551/4177 765/4178 766/4179
f 765/4180 677/4181 766/4182
f 676/4183 1194/4184 677/4185
f 1193/4186 675/4187 1194/4188
f 676/4189 1193/4190 1194/4191
f 1193/4192 674/4193 675/4194
f 676/4195 765/4196 1550/4197
f 1550/4198 763/4199 674/4200
f 1550/4201 1193/4202 676/4203
f 674/4204 764/4205 675/4206
f 763/4207 1551/4208 764/4209
f 766/4210 1194/4211 1551/4212
f 985/4213 1718/4214 1374/4215
f 1694/4216 1054/4217 561/4218
f 718/4219 1786/4220 788/4221
f 1787/4222 1437/4223 1436/4224
f 1462/4225 744/4226 1702/4227
f 1374/4228 945/4229 1054/4230
f 714/4231 944/4232 657/4233
f 1790/4234 786/4235 1464/4236
f 786/4237 785/4238 1463/4239
f 788/4240 787/4241 1774/4242
f 1392/4243 659/4244 658/4245
f 1464/4246 1463/4247 656/4248
f 524/4249 1774/4250 785/4251
f 1452/4252 1783/4253 1790/4254
f 714/4255 903/4256 659/4257
f 1786/4258 1436/4259 1392/4260
f 718/4261 524/4262 786/4263
f 944/4264 1452/4265 1464/4266
f 948/4267 659/4268 1392/4269
f 903/4270 657/4271 656/4272
f 718/4273 1787/4274 1786/4275
f 1068/4276 1406/4277 1069/4278
f 1383/4279 1704/4280 1406/4281
f 1704/4282 1773/4283 1514/4284
f 1773/4285 1702/4286 1514/4287
f 985/4288 1462/4289 1702/4290
f 715/4291 714/4292 948/4293
f 984/4294 1719/4295 730/4296
f 1383/4297 1693/4298 1055/4299
f 1367/4300 1374/4301 1054/4302
f 985/4303 1773/4304 730/4305
f 1383/4306 1384/4307 1719/4308
f 907/4309 561/4310 1055/4311
f 1068/4312 907/4313 1693/4314
f 1383/4315 984/4316 1703/4317
f 1461/4318 985/4319 1367/4320
f 1384/4321 1055/4322 1370/4323
f 1718/4324 719/4325 1783/4326
f 1406/4327 743/4328 1439/4329
f 1370/4330 949/4331 1437/4332
f 1406/4333 1704/4334 743/4335
f 1068/4336 1383/4337 1406/4338
f 1383/4339 1703/4340 1704/4341
f 1704/4342 1703/4343 1773/4344
f 1773/4345 985/4346 1702/4347
f 985/4348 1461/4349 1462/4350
f 1704/4351 976/4352 743/4353
f 1462/4354 700/4355 1442/4356
f 1406/4357 699/4358 1069/4359
f 1702/4360 976/4361 1514/4362
f 1067/4363 1758/4364 700/4365
f 1069/4366 1758/4367 1074/4368
f 1374/4369 1453/4370 945/4371
f 1718/4372 730/4373 719/4374
f 1384/4375 1370/4376 1719/4377
f 1461/4378 1694/4379 1067/4380
f 1694/4381 907/4382 1074/4383
f 1370/4384 1437/4385 1787/4386
f 1055/4387 561/4388 715/4389
f 1054/4390 945/4391 715/4392
f 1374/4393 1718/4394 1783/4395
f 1719/4396 1787/4397 719/4398
f 1370/4399 1055/4400 949/4401
f 1392/4402 658/4403 1387/4404
f 1464/4405 656/4406 657/4407
f 524/4408 785/4409 786/4410
f 1392/4411 787/4412 788/4413
f 659/4414 902/4415 658/4416
f 949/4417 1436/4418 1437/4419
f 719/4420 1787/4421 718/4422
f 1453/4423 1783/4424 1452/4425
f 1461/4426 1067/4427 1462/4428
f 1694/4429 1074/4430 1067/4431
f 907/4432 1069/4433 1074/4434
f 1370/4435 1787/4436 1719/4437
f 1055/4438 715/4439 949/4440
f 1054/4441 715/4442 561/4443
f 1374/4444 1783/4445 1453/4446
f 1719/4447 719/4448 730/4449
f 1704/4450 1514/4451 976/4452
f 1462/4453 1067/4454 700/4455
f 1406/4456 1439/4457 699/4458
f 1702/4459 744/4460 976/4461
f 1067/4462 1074/4463 1758/4464
f 1069/4465 699/4466 1758/4467
f 1383/4468 1068/4469 1693/4470
f 1367/4471 1054/4472 1694/4473
f 1383/4474 1055/4475 1384/4476
f 984/4477 730/4478 1773/4479
f 1694/4480 561/4481 907/4482
f 907/4483 1055/4484 1693/4485
f 1774/4486 787/4487 658/4488
f 658/4489 902/4490 1774/4491
f 1462/4492 1442/4493 744/4494
f 907/4495 1068/4496 1069/4497
f 1703/4498 984/4499 1773/4500
f 1461/4501 1367/4502 1694/4503
f 714/4504 657/4505 903/4506
f 1790/4507 1464/4508 1452/4509
f 786/4510 1463/4511 1464/4512
f 788/4513 1774/4514 524/4515
f 1787/4516 1436/4517 1786/4518
f 944/4519 714/4520 715/4521
f 714/4522 659/4523 948/4524
f 1786/4525 1392/4526 788/4527
f 718/4528 786/4529 1790/4530
f 944/4531 1464/4532 657/4533
f 715/4534 948/4535 949/4536
f 1453/4537 944/4538 945/4539
f 1783/4540 719/4541 718/4542
f 1453/4543 1452/4544 944/4545
f 1392/4546 1387/4547 787/4548
f 659/4549 903/4550 902/4551
f 1783/4552 718/4553 1790/4554
f 718/4555 788/4556 524/4557
f 1383/4558 1719/4559 984/4560
f 985/4561 730/4562 1718/4563
f 785/4564 1774/4565 902/4566
f 1387/4567 658/4568 787/4569
f 902/4570 656/4571 785/4572
f 1463/4573 785/4574 656/4575
f 945/4576 944/4577 715/4578
f 949/4579 948/4580 1436/4581
f 903/4582 656/4583 902/4584
f 948/4585 1392/4586 1436/4587
f 985/4588 1374/4589 1367/4590
f 1143/4591 1142/4592 1211/4593
f 565/4594 1143/4595 566/4596
f 1252/4597 566/4598 1143/4599
f 1252/4600 726/4601 1238/4602
f 1252/4603 729/4604 726/4605
f 1494/4606 663/4607 664/4608
f 728/4609 1497/4610 664/4611
f 1142/4612 1141/4613 563/4614
f 1143/4615 1141/4616 1142/4617
f 565/4618 562/4619 1251/4620
f 1252/4621 564/4622 566/4623
f 563/4624 564/4625 1238/4626
f 1238/4627 564/4628 1252/4629
f 726/4630 727/4631 1495/4632
f 1253/4633 565/4634 1251/4635
f 727/4636 1251/4637 562/4638
f 1251/4639 727/4640 728/4641
f 1143/4642 729/4643 1252/4644
f 1251/4645 728/4646 664/4647
f 1142/4648 563/4649 1211/4650
f 562/4651 564/4652 563/4653
f 564/4654 565/4655 566/4656
f 1498/4657 1497/4658 728/4659
f 1498/4660 1495/4661 1494/4662
f 728/4663 727/4664 726/4665
f 1496/4666 1495/4667 1498/4668
f 1495/4669 727/4670 1494/4671
f 1238/4672 726/4673 1495/4674
f 1494/4675 664/4676 1497/4677
f 564/4678 562/4679 565/4680
f 563/4681 1238/4682 1495/4683
f 663/4684 1141/4685 1253/4686
f 563/4687 1495/4688 1211/4689
f 1253/4690 1143/4691 565/4692
f 728/4693 726/4694 729/4695
f 562/4696 663/4697 727/4698
f 664/4699 663/4700 1253/4701
f 1211/4702 1495/4703 1496/4704
f 1253/4705 1141/4706 1143/4707
f 1141/4708 562/4709 563/4710
f 1141/4711 663/4712 562/4713
f 1498/4714 1494/4715 1497/4716
f 1251/4717 664/4718 1253/4719
f 1496/4720 1143/4721 1211/4722
f 1498/4723 729/4724 1143/4725
f 1498/4726 728/4727 729/4728
f 727/4729 663/4730 1494/4731
f 1496/4732 1498/4733 1143/4734
f 880/4735 882/4736 881/4737
f 1716/4738 506/4739 1715/4740
f 1717/4741 507/4742 1451/4743
f 1375/4744 1692/4745 882/4746
f 880/4747 881/4748 1691/4749
f 769/4750 1691/4751 770/4752
f 1692/4753 973/4754 1451/4755
f 770/4756 1691/4757 972/4758
f 971/4759 1689/4760 768/4761
f 767/4762 1690/4763 1369/4764
f 1691/4765 1717/4766 972/4767
f 973/4768 770/4769 972/4770
f 971/4771 880/4772 1689/4773
f 1692/4774 1689/4775 1691/4776
f 973/4777 1692/4778 769/4779
f 971/4780 767/4781 1369/4782
f 973/4783 769/4784 770/4785
f 972/4786 1451/4787 973/4788
f 971/4789 1715/4790 880/4791
f 1692/4792 1375/4793 1690/4794
f 1717/4795 508/4796 507/4797
f 769/4798 1692/4799 1691/4800
f 1369/4801 1690/4802 1375/4803
f 1716/4804 1369/4805 1375/4806
f 1451/4807 882/4808 1692/4809
f 1369/4810 1715/4811 971/4812
f 1692/4813 1690/4814 1689/4815
f 1691/4816 1689/4817 880/4818
f 1715/4819 1369/4820 1716/4821
f 1716/4822 505/4823 506/4824
f 1451/4825 507/4826 882/4827
f 505/4828 1716/4829 1375/4830
f 508/4831 1717/4832 881/4833
f 1715/4834 506/4835 880/4836
f 1689/4837 1690/4838 767/4839
f 971/4840 768/4841 767/4842
f 505/4843 880/4844 506/4845
f 508/4846 882/4847 507/4848
f 880/4849 1375/4850 882/4851
f 1451/4852 972/4853 1717/4854
f 1691/4855 881/4856 1717/4857
f 505/4858 1375/4859 880/4860
f 508/4861 881/4862 882/4863
f 1689/4864 767/4865 768/4866
f 1740/4867 1772/4868 1227/4869
f 1739/4870 1091/4871 1199/4872
f 1771/4873 1739/4874 1199/4875
f 1772/4876 905/4877 1092/4878
f 1199/4879 1092/4880 905/4881
f 920/4882 1092/4883 1740/4884
f 1740/4885 1227/4886 919/4887
f 1771/4888 1772/4889 1739/4890
f 904/4891 905/4892 1233/4893
f 904/4894 1233/4895 1092/4896
f 1739/4897 920/4898 919/4899
f 919/4900 920/4901 1740/4902
f 964/4903 904/4904 919/4905
f 919/4906 904/4907 1091/4908
f 1772/4909 1233/4910 905/4911
f 904/4912 1092/4913 1091/4914
f 920/4915 1739/4916 1092/4917
f 1740/4918 1092/4919 1233/4920
f 1771/4921 904/4922 964/4923
f 1772/4924 1740/4925 1233/4926
f 919/4927 1091/4928 1739/4929
f 1772/4930 964/4931 1227/4932
f 1772/4933 1092/4934 1739/4935
f 1199/4936 905/4937 904/4938
f 1227/4939 964/4940 919/4941
f 1772/4942 1771/4943 964/4944
f 1771/4945 1199/4946 904/4947
f 1091/4948 1092/4949 1199/4950
f 873/4951 711/4952 870/4953
f 1210/4954 1797/4955 1749/4956
f 1797/4957 1796/4958 1749/4959
f 1749/4960 1796/4961 1209/4962
f 871/4963 870/4964 872/4965
f 1210/4966 871/4967 1748/4968
f 1795/4969 1797/4970 1210/4971
f 1794/4972 1209/4973 1797/4974
f 1794/4975 1795/4976 1748/4977
f 1210/4978 1749/4979 1209/4980
f 871/4981 1210/4982 1209/4983
f 870/4984 1209/4985 1794/4986
f 1796/4987 1797/4988 1209/4989
f 1794/4990 1797/4991 1795/4992
f 1795/4993 1210/4994 1748/4995
f 871/4996 873/4997 1748/4998
f 873/4999 870/5000 710/5001
f 872/5002 711/5003 873/5004
f 870/5005 711/5006 872/5007
f 873/5008 710/5009 1748/5010
f 871/5011 1209/5012 870/5013
f 870/5014 1794/5015 710/5016
f 871/5017 872/5018 873/5019
f 1748/5020 710/5021 1794/5022
f 1293/5023 888/5024 886/5025
f 888/5026 1293/5027 539/5028
f 1385/5029 1291/5030 1378/5031
f 1291/5032 1443/5033 1444/5034
f 886/5035 888/5036 885/5037
f 1291/5038 886/5039 1378/5040
f 539/5041 1524/5042 542/5043
f 537/5044 540/5045 1385/5046
f 539/5047 542/5048 540/5049
f 1526/5050 1443/5051 1385/5052
f 539/5053 1293/5054 1524/5055
f 540/5056 542/5057 1524/5058
f 1444/5059 1528/5060 1524/5061
f 539/5062 537/5063 1378/5064
f 1526/5065 1528/5066 1444/5067
f 1528/5068 1526/5069 1385/5070
f 1528/5071 1385/5072 1524/5073
f 1291/5074 1444/5075 1293/5076
f 1385/5077 1443/5078 1291/5079
f 539/5080 540/5081 537/5082
f 540/5083 1524/5084 1385/5085
f 1444/5086 1524/5087 1293/5088
f 1526/5089 1444/5090 1443/5091
f 537/5092 1385/5093 1378/5094
f 888/5095 539/5096 885/5097
f 1378/5098 885/5099 539/5100
f 1293/5101 886/5102 1291/5103
f 886/5104 885/5105 1378/5106
f 1527/5107 1529/5108 1525/5109
f 1522/5110 543/5111 1525/5112
f 538/5113 541/5114 543/5115
f 887/5116 1292/5117 1290/5118
f 1527/5119 1525/5120 1523/5121
f 1529/5122 1386/5123 1525/5124
f 1386/5125 1445/5126 1294/5127
f 1294/5128 1523/5129 1292/5130
f 1379/5131 1290/5132 538/5133
f 1292/5134 889/5135 1386/5136
f 889/5137 1290/5138 1379/5139
f 1386/5140 1294/5141 1292/5142
f 1292/5143 538/5144 1290/5145
f 543/5146 541/5147 1523/5148
f 538/5149 1292/5150 1523/5151
f 538/5152 1523/5153 541/5154
f 1292/5155 887/5156 889/5157
f 543/5158 1523/5159 1525/5160
f 1522/5161 1386/5162 1379/5163
f 1529/5164 1294/5165 1445/5166
f 1386/5167 889/5168 1379/5169
f 889/5170 887/5171 1290/5172
f 1529/5173 1527/5174 1294/5175
f 1522/5176 1525/5177 1386/5178
f 1529/5179 1445/5180 1386/5181
f 538/5182 1522/5183 1379/5184
f 1294/5185 1527/5186 1523/5187
f 538/5188 543/5189 1522/5190
f 1487/5191 1337/5192 1485/5193
f 1338/5194 991/5195 1073/5196
f 1336/5197 1328/5198 1331/5199
f 1339/5200 1331/5201 1337/5202
f 1072/5203 990/5204 991/5205
f 1486/5206 1747/5207 1329/5208
f 1338/5209 1332/5210 991/5211
f 1487/5212 1339/5213 1337/5214
f 1329/5215 1485/5216 1328/5217
f 1486/5218 1328/5219 1484/5220
f 1338/5221 1520/5222 1486/5223
f 1487/5224 1072/5225 1339/5226
f 990/5227 1746/5228 1518/5229
f 1747/5230 1517/5231 1519/5232
f 1073/5233 1518/5234 1520/5235
f 1519/5236 1070/5237 1072/5238
f 1487/5239 1747/5240 1519/5241
f 1339/5242 991/5243 1332/5244
f 1332/5245 1338/5246 1336/5247
f 1338/5248 1486/5249 1484/5250
f 1486/5251 1329/5252 1328/5253
f 1329/5254 1487/5255 1485/5256
f 990/5257 1070/5258 1517/5259
f 1518/5260 1071/5261 990/5262
f 991/5263 1071/5264 1073/5265
f 1520/5266 1746/5267 1747/5268
f 1487/5269 1519/5270 1072/5271
f 1338/5272 1073/5273 1520/5274
f 1339/5275 1332/5276 1331/5277
f 1337/5278 1331/5279 1328/5280
f 1336/5281 1484/5282 1328/5283
f 1328/5284 1485/5285 1337/5286
f 1487/5287 1329/5288 1747/5289
f 1339/5290 1072/5291 991/5292
f 1332/5293 1336/5294 1331/5295
f 1338/5296 1484/5297 1336/5298
f 1517/5299 1746/5300 990/5301
f 1747/5302 1746/5303 1517/5304
f 1486/5305 1520/5306 1747/5307
f 1072/5308 1070/5309 990/5310
f 1520/5311 1518/5312 1746/5313
f 991/5314 990/5315 1071/5316
f 1073/5317 1071/5318 1518/5319
f 1519/5320 1517/5321 1070/5322
f 1310/5323 956/5324 1164/5325
f 1165/5326 1164/5327 1651/5328
f 957/5329 1651/5330 1302/5331
f 956/5332 1302/5333 1164/5334
f 1700/5335 1650/5336 1165/5337
f 1165/5338 1652/5339 940/5340
f 1651/5341 1164/5342 1302/5343
f 1650/5344 1164/5345 1165/5346
f 1652/5347 1651/5348 957/5349
f 1310/5350 1164/5351 1650/5352
f 1165/5353 1651/5354 1652/5355
f 957/5356 956/5357 1310/5358
f 1700/5359 1701/5360 1310/5361
f 941/5362 1701/5363 1700/5364
f 941/5365 1139/5366 1701/5367
f 941/5368 1700/5369 1165/5370
f 1701/5371 1139/5372 1699/5373
f 940/5374 1139/5375 1165/5376
f 1310/5377 1701/5378 1699/5379
f 940/5380 1699/5381 1139/5382
f 1139/5383 941/5384 1165/5385
f 1310/5386 1699/5387 957/5388
f 1699/5389 940/5390 957/5391
f 957/5392 1302/5393 956/5394
f 940/5395 1652/5396 957/5397
f 1700/5398 1310/5399 1650/5400
f 1465/5401 1460/5402 946/5403
f 717/5404 716/5405 1784/5406
f 1465/5407 1784/5408 1460/5409
f 1785/5410 947/5411 713/5412
f 1465/5413 1785/5414 1784/5415
f 951/5416 1438/5417 1440/5418
f 713/5419 712/5420 950/5421
f 1460/5422 1784/5423 946/5424
f 713/5425 950/5426 951/5427
f 947/5428 946/5429 712/5430
f 947/5431 712/5432 713/5433
f 716/5434 1788/5435 712/5436
f 713/5437 951/5438 717/5439
f 1440/5440 1789/5441 951/5442
f 717/5443 1785/5444 713/5445
f 1465/5446 947/5447 1785/5448
f 951/5449 1789/5450 717/5451
f 1789/5452 1440/5453 1438/5454
f 1784/5455 716/5456 712/5457
f 717/5458 1788/5459 716/5460
f 1465/5461 946/5462 947/5463
f 717/5464 1784/5465 1785/5466
f 1789/5467 1438/5468 1788/5469
f 1438/5470 950/5471 1788/5472
f 712/5473 946/5474 1784/5475
f 717/5476 1789/5477 1788/5478
f 950/5479 712/5480 1788/5481
f 951/5482 950/5483 1438/5484
f 1427/5485 607/5486 1628/5487
f 864/5488 1427/5489 1128/5490
f 862/5491 864/5492 1128/5493
f 864/5494 862/5495 812/5496
f 1628/5497 607/5498 812/5499
f 652/5500 812/5501 607/5502
f 652/5503 1427/5504 864/5505
f 652/5506 864/5507 812/5508
f 862/5509 1628/5510 812/5511
f 1427/5512 652/5513 607/5514
f 1628/5515 862/5516 1427/5517
f 1427/5518 862/5519 1128/5520
f 647/5521 815/5522 620/5523
f 1630/5524 647/5525 620/5526
f 829/5527 1131/5528 620/5529
f 647/5530 1630/5531 815/5532
f 1417/5533 1428/5534 1131/5535
f 829/5536 815/5537 1417/5538
f 1630/5539 620/5540 1428/5541
f 1428/5542 1417/5543 1630/5544
f 620/5545 815/5546 829/5547
f 1630/5548 1417/5549 815/5550
f 829/5551 1417/5552 1131/5553
f 1428/5554 620/5555 1131/5556
f 653/5557 1644/5558 833/5559
f 1644/5560 653/5561 609/5562
f 653/5563 833/5564 609/5565
f 819/5566 1116/5567 609/5568
f 609/5569 833/5570 819/5571
f 819/5572 1135/5573 1116/5574
f 1644/5575 1135/5576 833/5577
f 1135/5578 1634/5579 1116/5580
f 819/5581 833/5582 1135/5583
f 1634/5584 609/5585 1116/5586
f 1644/5587 609/5588 1634/5589
f 1634/5590 1135/5591 1644/5592
f 1435/5593 823/5594 1120/5595
f 614/5596 1405/5597 624/5598
f 1424/5599 624/5600 1649/5601
f 1649/5602 624/5603 1405/5604
f 823/5605 1424/5606 1120/5607
f 1424/5608 1435/5609 1120/5610
f 823/5611 1435/5612 1405/5613
f 1435/5614 1649/5615 1405/5616
f 1649/5617 1435/5618 1424/5619
f 624/5620 1424/5621 614/5622
f 823/5623 614/5624 1424/5625
f 614/5626 823/5627 1405/5628
f 651/5629 866/5630 1647/5631
f 863/5632 866/5633 1123/5634
f 1647/5635 866/5636 655/5637
f 1647/5638 655/5639 651/5640
f 863/5641 1123/5642 1398/5643
f 651/5644 1398/5645 1123/5646
f 1398/5647 651/5648 655/5649
f 1398/5650 655/5651 837/5652
f 866/5653 837/5654 655/5655
f 863/5656 837/5657 866/5658
f 866/5659 651/5660 1123/5661
f 1398/5662 837/5663 863/5664
f 1639/5665 1399/5666 608/5667
f 1639/5668 1126/5669 1399/5670
f 1416/5671 608/5672 1111/5673
f 813/5674 827/5675 1126/5676
f 1126/5677 1416/5678 1111/5679
f 1639/5680 608/5681 1416/5682
f 1416/5683 1126/5684 1639/5685
f 608/5686 1399/5687 827/5688
f 813/5689 1126/5690 1111/5691
f 1399/5692 1126/5693 827/5694
f 608/5695 827/5696 813/5697
f 813/5698 1111/5699 608/5700
f 1632/5701 648/5702 622/5703
f 865/5704 1113/5705 1134/5706
f 865/5707 1134/5708 622/5709
f 1632/5710 1113/5711 648/5712
f 622/5713 816/5714 865/5715
f 622/5716 648/5717 816/5718
f 1113/5719 816/5720 648/5721
f 816/5722 1113/5723 865/5724
f 1632/5725 622/5726 1643/5727
f 1643/5728 1113/5729 1632/5730
f 1643/5731 622/5732 1134/5733
f 1113/5734 1643/5735 1134/5736
f 1420/5737 649/5738 1396/5739
f 1430/5740 649/5741 1420/5742
f 621/5743 1396/5744 649/5745
f 1430/5746 1117/5747 1133/5748
f 1430/5749 1420/5750 1117/5751
f 1117/5752 831/5753 1133/5754
f 1420/5755 1396/5756 1117/5757
f 1430/5758 621/5759 649/5760
f 1396/5761 621/5762 831/5763
f 621/5764 1430/5765 1133/5766
f 831/5767 1117/5768 1396/5769
f 621/5770 1133/5771 831/5772
f 861/5773 822/5774 1119/5775
f 861/5776 1119/5777 1434/5778
f 1646/5779 1423/5780 654/5781
f 822/5782 1423/5783 1119/5784
f 654/5785 822/5786 861/5787
f 1434/5788 1646/5789 654/5790
f 1646/5791 1434/5792 1423/5793
f 612/5794 822/5795 654/5796
f 654/5797 1423/5798 612/5799
f 822/5800 612/5801 1423/5802
f 861/5803 1434/5804 654/5805
f 1423/5806 1434/5807 1119/5808
f 1637/5809 850/5810 1122/5811
f 1637/5812 650/5813 850/5814
f 1627/5815 650/5816 1637/5817
f 850/5818 1110/5819 1122/5820
f 646/5821 850/5822 650/5823
f 646/5824 1627/5825 839/5826
f 646/5827 839/5828 850/5829
f 850/5830 839/5831 1110/5832
f 1110/5833 1637/5834 1122/5835
f 1637/5836 1110/5837 1627/5838
f 1627/5839 646/5840 650/5841
f 1627/5842 1110/5843 839/5844
f 843/5845 1125/5846 1418/5847
f 843/5848 825/5849 1125/5850
f 1418/5851 1631/5852 843/5853
f 825/5854 1426/5855 1125/5856
f 1631/5857 1418/5858 1426/5859
f 825/5860 616/5861 1426/5862
f 1631/5863 628/5864 843/5865
f 616/5866 843/5867 628/5868
f 616/5869 825/5870 843/5871
f 628/5872 1426/5873 616/5874
f 1426/5875 1418/5876 1125/5877
f 1426/5878 628/5879 1631/5880
f 1306/5881 1308/5882 1309/5883
f 1308/5884 876/5885 878/5886
f 875/5887 1307/5888 877/5889
f 877/5890 1309/5891 879/5892
f 875/5893 1305/5894 1307/5895
f 877/5896 1307/5897 1309/5898
f 879/5899 1309/5900 1304/5901
f 874/5902 1304/5903 1308/5904
f 874/5905 878/5906 876/5907
f 877/5908 879/5909 876/5910
f 876/5911 875/5912 877/5913
f 1306/5914 1305/5915 875/5916
f 879/5917 1304/5918 874/5919
f 874/5920 1308/5921 878/5922
f 1306/5923 875/5924 876/5925
f 879/5926 874/5927 876/5928
f 1309/5929 1307/5930 1305/5931
f 1305/5932 1306/5933 1309/5934
f 1308/5935 1304/5936 1309/5937
f 1308/5938 1306/5939 876/5940
f 1656/5941 1657/5942 1658/5943
f 1154/5944 1661/5945 1158/5946
f 1159/5947 1151/5948 1158/5949
f 1661/5950 1153/5951 1158/5952
f 1154/5953 1657/5954 1661/5955
f 1657/5956 1654/5957 1658/5958
f 1658/5959 1662/5960 1656/5961
f 1656/5962 1661/5963 1657/5964
f 1159/5965 1155/5966 1151/5967
f 1151/5968 1154/5969 1158/5970
f 1661/5971 1656/5972 1153/5973
f 1158/5974 1153/5975 1159/5976
f 1654/5977 1154/5978 1151/5979
f 1155/5980 1654/5981 1151/5982
f 1656/5983 1159/5984 1153/5985
f 1159/5986 1658/5987 1155/5988
f 1656/5989 1662/5990 1159/5991
f 1159/5992 1662/5993 1658/5994
f 1155/5995 1658/5996 1654/5997
f 1654/5998 1657/5999 1154/6000
f 1160/6001 1655/6002 1152/6003
f 1161/6004 1156/6005 1160/6006
f 1150/6007 1156/6008 1161/6009
f 1161/6010 1157/6011 1150/6012
f 1659/6013 1653/6014 1660/6015
f 1659/6016 1663/6017 1160/6018
f 1653/6019 1659/6020 1156/6021
f 1660/6022 1653/6023 1150/6024
f 1664/6025 1157/6026 1161/6027
f 1655/6028 1161/6029 1152/6030
f 1160/6031 1152/6032 1161/6033
f 1160/6034 1663/6035 1655/6036
f 1655/6037 1663/6038 1660/6039
f 1660/6040 1664/6041 1655/6042
f 1653/6043 1156/6044 1150/6045
f 1660/6046 1150/6047 1157/6048
f 1664/6049 1660/6050 1157/6051
f 1655/6052 1664/6053 1161/6054
f 1659/6055 1160/6056 1156/6057
f 1663/6058 1659/6059 1660/6060
f 1766/6061 799/6062 801/6063
f 798/6064 799/6065 1766/6066
f 802/6067 803/6068 801/6069
f 802/6070 800/6071 1767/6072
f 803/6073 802/6074 1769/6075
f 801/6076 803/6077 1770/6078
f 1770/6079 1769/6080 1767/6081
f 1766/6082 1768/6083 1767/6084
f 800/6085 798/6086 1765/6087
f 1767/6088 1765/6089 1766/6090
f 801/6091 799/6092 798/6093
f 798/6094 800/6095 801/6096
f 802/6097 1767/6098 1769/6099
f 800/6100 802/6101 801/6102
f 1768/6103 1770/6104 1767/6105
f 800/6106 1765/6107 1767/6108
f 1766/6109 801/6110 1768/6111
f 798/6112 1766/6113 1765/6114
f 803/6115 1769/6116 1770/6117
f 801/6118 1770/6119 1768/6120
f 752/6121 1177/6122 1174/6123
f 752/6124 666/6125 749/6126
f 1542/6127 752/6128 749/6129
f 752/6130 1174/6131 666/6132
f 1174/6133 1177/6134 1542/6135
f 1542/6136 1177/6137 752/6138
f 1174/6139 1542/6140 749/6141
f 749/6142 666/6143 1174/6144
f 671/6145 1178/6146 1543/6147
f 754/6148 1178/6149 1175/6150
f 754/6151 668/6152 1540/6153
f 1178/6154 671/6155 748/6156
f 1543/6157 1540/6158 748/6159
f 1178/6160 748/6161 1175/6162
f 754/6163 1175/6164 668/6165
f 1543/6166 1178/6167 754/6168
f 1543/6169 754/6170 1540/6171
f 671/6172 1543/6173 748/6174
f 748/6175 1540/6176 1175/6177
f 1540/6178 668/6179 1175/6180
f 755/6181 1545/6182 1541/6183
f 670/6184 1179/6185 1176/6186
f 1176/6187 669/6188 1541/6189
f 1179/6190 755/6191 1541/6192
f 1545/6193 747/6194 1541/6195
f 1179/6196 1541/6197 669/6198
f 1545/6199 755/6200 1179/6201
f 1545/6202 1179/6203 670/6204
f 747/6205 1176/6206 1541/6207
f 1545/6208 670/6209 1176/6210
f 1545/6211 1176/6212 747/6213
f 1179/6214 669/6215 1176/6216
f 672/6217 753/6218 750/6219
f 751/6220 667/6221 750/6222
f 673/6223 667/6224 751/6225
f 1544/6226 673/6227 751/6228
f 1544/6229 753/6230 672/6231
f 673/6232 672/6233 667/6234
f 1544/6235 672/6236 673/6237
f 1544/6238 751/6239 750/6240
f 753/6241 1544/6242 750/6243
f 672/6244 750/6245 667/6246
f 689/6247 775/6248 1563/6249
f 1264/6250 693/6251 1564/6252
f 1563/6253 777/6254 693/6255
f 1263/6256 691/6257 689/6258
f 1263/6259 693/6260 1264/6261
f 1563/6262 1564/6263 777/6264
f 1564/6265 691/6266 1264/6267
f 689/6268 1563/6269 1263/6270
f 689/6271 691/6272 1564/6273
f 1263/6274 1264/6275 691/6276
f 689/6277 1564/6278 775/6279
f 775/6280 1564/6281 1563/6282
f 777/6283 1564/6284 693/6285
f 1563/6286 693/6287 1263/6288
f 1560/6289 779/6290 773/6291
f 686/6292 1560/6293 1261/6294
f 1261/6295 692/6296 686/6297
f 1560/6298 1565/6299 779/6300
f 1560/6301 692/6302 1565/6303
f 686/6304 692/6305 1560/6306
f 773/6307 1265/6308 687/6309
f 1261/6310 1265/6311 692/6312
f 687/6313 1261/6314 1560/6315
f 687/6316 1265/6317 1261/6318
f 1565/6319 692/6320 1265/6321
f 779/6322 1565/6323 1265/6324
f 1560/6325 773/6326 687/6327
f 773/6328 779/6329 1265/6330
f 776/6331 780/6332 1266/6333
f 685/6334 690/6335 1266/6336
f 771/6337 776/6338 690/6339
f 685/6340 1266/6341 780/6342
f 1266/6343 690/6344 776/6345
f 774/6346 780/6347 776/6348
f 774/6349 776/6350 1562/6351
f 1562/6352 776/6353 771/6354
f 771/6355 690/6356 685/6357
f 1562/6358 771/6359 685/6360
f 774/6361 1562/6362 685/6363
f 685/6364 780/6365 774/6366
f 1262/6367 772/6368 1561/6369
f 1561/6370 781/6371 695/6372
f 688/6373 1262/6374 1561/6375
f 1262/6376 695/6377 694/6378
f 772/6379 778/6380 1561/6381
f 1561/6382 695/6383 688/6384
f 688/6385 695/6386 1262/6387
f 772/6388 1262/6389 694/6390
f 778/6391 694/6392 695/6393
f 781/6394 778/6395 695/6396
f 1561/6397 778/6398 781/6399
f 772/6400 694/6401 778/6402
f 1602/6403 1182/6404 1180/6405
f 1181/6406 1180/6407 1183/6408
f 1182/6409 1607/6410 1183/6411
f 1607/6412 1602/6413 1608/6414
f 1180/6415 1182/6416 1183/6417
f 1607/6418 1608/6419 1183/6420
f 1608/6421 1181/6422 1183/6423
f 1608/6424 1180/6425 1181/6426
f 1602/6427 1607/6428 1182/6429
f 1608/6430 1602/6431 1180/6432
f 980/6433 1698/6434 1697/6435
f 978/6436 980/6437 1697/6438
f 977/6439 978/6440 1695/6441
f 979/6442 980/6443 977/6444
f 980/6445 979/6446 1698/6447
f 980/6448 978/6449 977/6450
f 978/6451 1697/6452 1695/6453
f 979/6454 1696/6455 1698/6456
f 979/6457 1695/6458 1696/6459
f 1695/6460 1698/6461 1696/6462
f 979/6463 977/6464 1695/6465
f 1695/6466 1697/6467 1698/6468
f 988/6469 1752/6470 1751/6471
f 988/6472 987/6473 1752/6474
f 986/6475 1335/6476 987/6477
f 986/6478 1752/6479 1335/6480
f 1752/6481 987/6482 1335/6483
f 987/6484 988/6485 986/6486
f 988/6487 1751/6488 986/6489
f 986/6490 1751/6491 1752/6492
f 521/6493 910/6494 911/6495
f 908/6496 910/6497 909/6498
f 521/6499 908/6500 519/6501
f 519/6502 909/6503 520/6504
f 521/6505 522/6506 910/6507
f 519/6508 908/6509 909/6510
f 910/6511 520/6512 909/6513
f 521/6514 519/6515 520/6516
f 908/6517 911/6518 910/6519
f 521/6520 911/6521 908/6522
f 910/6523 522/6524 520/6525
f 522/6526 521/6527 520/6528
f 1272/6529 1361/6530 1360/6531
f 1456/6532 1364/6533 1455/6534
f 1475/6535 1456/6536 1455/6537
f 1535/6538 1475/6539 1364/6540
f 1364/6541 1272/6542 1535/6543
f 1272/6544 1273/6545 1361/6546
f 1475/6547 1476/6548 1456/6549
f 1272/6550 1360/6551 1471/6552
f 1360/6553 1372/6554 1471/6555
f 1471/6556 1535/6557 1272/6558
f 1475/6559 1455/6560 1364/6561
f 1536/6562 1472/6563 1361/6564
f 1373/6565 1361/6566 1472/6567
f 1456/6568 1365/6569 1364/6570
f 1456/6571 1476/6572 1365/6573
f 1361/6574 1273/6575 1536/6576
f 1457/6577 1474/6578 1454/6579
f 1537/6580 1477/6581 1366/6582
f 1457/6583 1363/6584 1366/6585
f 1474/6586 1457/6587 1477/6588
f 1362/6589 1371/6590 1368/6591
f 1274/6592 1359/6593 1362/6594
f 1362/6595 1368/6596 1473/6597
f 1366/6598 1274/6599 1537/6600
f 1371/6601 1359/6602 1470/6603
f 1274/6604 1362/6605 1473/6606
f 1477/6607 1457/6608 1366/6609
f 1473/6610 1537/6611 1274/6612
f 1457/6613 1454/6614 1363/6615
f 1454/6616 1474/6617 1363/6618
f 1274/6619 1271/6620 1359/6621
f 1362/6622 1359/6623 1371/6624
f 1566/6625 1567/6626 1571/6627
f 1189/6628 1570/6629 1571/6630
f 1186/6631 1566/6632 1185/6633
f 1186/6634 1185/6635 1189/6636
f 1186/6637 1567/6638 1566/6639
f 1189/6640 1571/6641 1190/6642
f 1567/6643 1186/6644 1190/6645
f 1186/6646 1189/6647 1190/6648
f 1185/6649 1566/6650 1570/6651
f 1566/6652 1571/6653 1570/6654
f 1567/6655 1190/6656 1571/6657
f 1185/6658 1570/6659 1189/6660
f 1187/6661 1568/6662 1572/6663
f 1188/6664 1569/6665 1568/6666
f 1568/6667 1569/6668 1573/6669
f 1188/6670 1568/6671 1187/6672
f 1191/6673 1573/6674 1192/6675
f 1187/6676 1572/6677 1191/6678
f 1569/6679 1192/6680 1573/6681
f 1191/6682 1572/6683 1573/6684
f 1188/6685 1187/6686 1191/6687
f 1569/6688 1188/6689 1192/6690
f 1188/6691 1191/6692 1192/6693
f 1568/6694 1573/6695 1572/6696
f 1171/6697 1556/6698 1557/6699
f 1166/6700 1553/6701 1552/6702
f 1171/6703 1166/6704 1170/6705
f 1170/6706 1552/6707 1556/6708
f 1170/6709 1166/6710 1552/6711
f 1171/6712 1167/6713 1166/6714
f 1557/6715 1167/6716 1171/6717
f 1556/6718 1553/6719 1557/6720
f 1166/6721 1167/6722 1553/6723
f 1171/6724 1170/6725 1556/6726
f 1556/6727 1552/6728 1553/6729
f 1557/6730 1553/6731 1167/6732
f 1168/6733 1555/6734 1554/6735
f 1173/6736 1558/6737 1559/6738
f 1173/6739 1168/6740 1172/6741
f 1172/6742 1554/6743 1558/6744
f 1558/6745 1555/6746 1559/6747
f 1559/6748 1169/6749 1173/6750
f 1168/6751 1169/6752 1555/6753
f 1173/6754 1172/6755 1558/6756
f 1558/6757 1554/6758 1555/6759
f 1559/6760 1555/6761 1169/6762
f 1173/6763 1169/6764 1168/6765
f 1172/6766 1168/6767 1554/6768
f 1711/6769 1732/6770 1710/6771
f 1709/6772 1734/6773 1711/6774
f 1709/6775 1711/6776 1710/6777
f 1732/6778 1709/6779 1710/6780
f 1734/6781 1733/6782 1732/6783
f 1709/6784 1733/6785 1734/6786
f 1711/6787 1734/6788 1732/6789
f 1709/6790 1732/6791 1733/6792
f 1361/6793 1372/6794 1360/6795
f 1361/6796 1373/6797 1372/6798
f 1373/6799 1472/6800 1471/6801
f 1373/6802 1471/6803 1372/6804
f 1472/6805 1535/6806 1471/6807
f 1472/6808 1536/6809 1535/6810
f 1536/6811 1476/6812 1475/6813
f 1536/6814 1475/6815 1535/6816
f 1476/6817 1536/6818 1273/6819
f 1273/6820 1365/6821 1476/6822
f 1365/6823 1273/6824 1272/6825
f 1365/6826 1272/6827 1364/6828
f 1371/6829 1473/6830 1368/6831
f 1371/6832 1470/6833 1473/6834
f 1470/6835 1534/6836 1537/6837
f 1470/6838 1537/6839 1473/6840
f 1534/6841 1477/6842 1537/6843
f 1534/6844 1474/6845 1477/6846
f 1271/6847 1363/6848 1534/6849
f 1474/6850 1534/6851 1363/6852
f 1363/6853 1274/6854 1366/6855
f 1363/6856 1271/6857 1274/6858
f 1471/6859 1536/6860 1535/6861
f 1471/6862 1472/6863 1536/6864
f 1372/6865 1373/6866 1472/6867
f 1372/6868 1472/6869 1471/6870
f 1360/6871 1373/6872 1372/6873
f 1360/6874 1361/6875 1373/6876
f 1364/6877 1365/6878 1273/6879
f 1364/6880 1273/6881 1272/6882
f 1365/6883 1476/6884 1536/6885
f 1273/6886 1365/6887 1536/6888
f 1535/6889 1536/6890 1476/6891
f 1535/6892 1476/6893 1475/6894
f 1473/6895 1534/6896 1537/6897
f 1473/6898 1470/6899 1534/6900
f 1368/6901 1371/6902 1470/6903
f 1368/6904 1470/6905 1473/6906
f 1366/6907 1271/6908 1274/6909
f 1366/6910 1363/6911 1271/6912
f 1271/6913 1363/6914 1474/6915
f 1271/6916 1474/6917 1534/6918
f 1537/6919 1474/6920 1477/6921
f 1537/6922 1534/6923 1474/6924
f 1359/6925 1271/6926 1470/6927
f 1534/6928 1470/6929 1271/6930
f 1534/6931 1359/6932 1271/6933
f 1534/6934 1470/6935 1359/6936
f 514/6937 912/6938 915/6939
f 514/6940 914/6941 912/6942
f 514/6943 515/6944 914/6945
f 914/6946 515/6947 513/6948
f 914/6949 516/6950 916/6951
f 914/6952 513/6953 516/6954
f 514/6955 513/6956 515/6957
f 516/6958 913/6959 916/6960
f 516/6961 512/6962 913/6963
f 512/6964 915/6965 913/6966
f 512/6967 514/6968 915/6969
f 912/6970 914/6971 915/6972
f 514/6973 912/6974 915/6975
f 515/6976 914/6977 912/6978
f 515/6979 912/6980 514/6981
f 515/6982 513/6983 914/6984
f 513/6985 916/6986 914/6987
f 513/6988 516/6989 916/6990
f 916/6991 913/6992 915/6993
f 914/6994 916/6995 915/6996
f 512/6997 916/6998 516/6999
f 512/7000 913/7001 916/7002
f 514/7003 915/7004 913/7005
f 514/7006 913/7007 512/7008
f 512/7009 516/7010 513/7011
f 512/7012 513/7013 514/7014
f 514/7015 512/7016 516/7017
f 516/7018 513/7019 514/7020
f 913/7021 915/7022 914/7023
f 914/7024 916/7025 913/7026
f 915/7027 912/7028 914/7029
f 513/7030 515/7031 514/7032
f 1252/7033 1142/7034 1238/7035
f 1238/7036 1496/7037 1252/7038
f 960/7039 1459/7040 1449/7041
f 1808/7042 934/7043 1809/7044
f 1799/7045 1801/7046 958/7047
f 1723/7048 1721/7049 1722/7050
f 1029/7051 1450/7052 1724/7053
f 499/7054 500/7055 503/7056
f 1809/7057 958/7058 960/7059
f 1811/7060 1807/7061 1723/7062
f 1811/7063 1724/7064 502/7065
f 1801/7066 1799/7067 503/7068
f 500/7069 504/7070 501/7071
f 503/7072 1800/7073 935/7074
f 959/7075 1798/7076 502/7077
f 1808/7078 1810/7079 934/7080
f 1800/7081 934/7082 935/7083
f 1722/7084 1721/7085 1441/7086
f 935/7087 934/7088 1810/7089
f 503/7090 935/7091 1810/7092
f 1723/7093 1722/7094 1720/7095
f 1799/7096 958/7097 934/7098
f 1798/7099 959/7100 958/7101
f 1720/7102 1025/7103 1029/7104
f 1450/7105 936/7106 1458/7107
f 1805/7108 937/7109 938/7110
f 1184/7111 939/7112 937/7113
f 1720/7114 1722/7115 1026/7116
f 1026/7117 1028/7118 1027/7119
f 1028/7120 1026/7121 1722/7122
f 927/7123 933/7124 1806/7125
f 1458/7126 936/7127 939/7128
f 1807/7129 504/7130 500/7131
f 1808/7132 500/7133 499/7134
f 499/7135 503/7136 1810/7137
f 1798/7138 1801/7139 501/7140
f 933/7141 1805/7142 1806/7143
f 925/7144 939/7145 936/7146
f 923/7147 927/7148 925/7149
f 958/7150 1450/7151 1458/7152
f 1725/7153 1720/7154 1029/7155
f 503/7156 1799/7157 1800/7158
f 934/7159 958/7160 1809/7161
f 930/7162 931/7163 923/7164
f 924/7165 925/7166 926/7167
f 932/7168 1184/7169 1805/7170
f 1800/7171 1799/7172 934/7173
f 959/7174 502/7175 1724/7176
f 1449/7177 1459/7178 548/7179
f 933/7180 927/7181 922/7182
f 960/7183 1458/7184 1459/7185
f 926/7186 936/7187 1450/7188
f 927/7189 938/7190 937/7191
f 1458/7192 939/7193 1184/7194
f 500/7195 501/7196 503/7197
f 1029/7198 1724/7199 1725/7200
f 932/7201 1028/7202 548/7203
f 1450/7204 959/7205 1724/7206
f 1807/7207 500/7208 1808/7209
f 1805/7210 938/7211 1806/7212
f 1184/7213 937/7214 1805/7215
f 1026/7216 1027/7217 1025/7218
f 1798/7219 501/7220 502/7221
f 504/7222 1807/7223 1811/7224
f 927/7225 1806/7226 938/7227
f 931/7228 930/7229 932/7230
f 1027/7231 930/7232 1025/7233
f 499/7234 1810/7235 1808/7236
f 927/7237 937/7238 939/7239
f 1725/7240 1724/7241 1811/7242
f 926/7243 1450/7244 924/7245
f 960/7246 1449/7247 1721/7248
f 1808/7249 1809/7250 1807/7251
f 1811/7252 1723/7253 1720/7254
f 1801/7255 503/7256 501/7257
f 1811/7258 502/7259 504/7260
f 1441/7261 1721/7262 1449/7263
f 504/7264 502/7265 501/7266
f 1809/7267 960/7268 1721/7269
f 1811/7270 1720/7271 1725/7272
f 930/7273 924/7274 1025/7275
f 923/7276 925/7277 924/7278
f 927/7279 939/7280 925/7281
f 933/7282 922/7283 931/7284
f 925/7285 936/7286 926/7287
f 1449/7288 548/7289 1028/7290
f 1458/7291 548/7292 1459/7293
f 1458/7294 1184/7295 548/7296
f 1025/7297 924/7298 1029/7299
f 932/7300 548/7301 1184/7302
f 932/7303 1805/7304 933/7305
f 1028/7306 1441/7307 1449/7308
f 1028/7309 1722/7310 1441/7311
f 1720/7312 1026/7313 1025/7314
f 931/7315 932/7316 933/7317
f 931/7318 922/7319 923/7320
f 1450/7321 1029/7322 924/7323
f 922/7324 927/7325 923/7326
f 930/7327 923/7328 924/7329
f 960/7330 958/7331 1458/7332
f 958/7333 959/7334 1450/7335
f 1801/7336 1798/7337 958/7338
f 1019/7339 1020/7340 1021/7341
f 1744/7342 1735/7343 1737/7344
f 1018/7345 1082/7346 1020/7347
f 1735/7348 1018/7349 1019/7350
f 1018/7351 1081/7352 1082/7353
f 1081/7354 1018/7355 1735/7356
f 1082/7357 1081/7358 1743/7359
f 1736/7360 1019/7361 1021/7362
f 1082/7363 1744/7364 1737/7365
f 1736/7366 1738/7367 1737/7368
f 1736/7369 1021/7370 1738/7371
f 1082/7372 1743/7373 1744/7374
f 1019/7375 1018/7376 1020/7377
f 1744/7378 1743/7379 1735/7380
f 1735/7381 1743/7382 1081/7383
f 1019/7384 1736/7385 1735/7386
f 1737/7387 1738/7388 1021/7389
f 1021/7390 1020/7391 1737/7392
f 1020/7393 1082/7394 1737/7395
f 1736/7396 1737/7397 1735/7398
f 1792/7399 795/7400 1793/7401
f 966/7402 796/7403 965/7404
f 794/7405 967/7406 965/7407
f 968/7408 797/7409 966/7410
f 1792/7411 1793/7412 968/7413
f 968/7414 795/7415 797/7416
f 795/7417 794/7418 796/7419
f 1793/7420 795/7421 968/7422
f 794/7423 1792/7424 967/7425
f 1792/7426 968/7427 967/7428
f 1792/7429 794/7430 795/7431
f 966/7432 797/7433 796/7434
f 794/7435 965/7436 796/7437
f 795/7438 796/7439 797/7440
f 967/7441 966/7442 965/7443
f 967/7444 968/7445 966/7446
f 1730/7447 1726/7448 1488/7449
f 1726/7450 1729/7451 1491/7452
f 1731/7453 1728/7454 1490/7455
f 1728/7456 1730/7457 1492/7458
f 1731/7459 1729/7460 1728/7461
f 1729/7462 1489/7463 1491/7464
f 1727/7465 1731/7466 1493/7467
f 1489/7468 1493/7469 1490/7470
f 1730/7471 1488/7472 1492/7473
f 1726/7474 1491/7475 1488/7476
f 1730/7477 1728/7478 1729/7479
f 1731/7480 1727/7481 1729/7482
f 1729/7483 1727/7484 1489/7485
f 1729/7486 1726/7487 1730/7488
f 1490/7489 1492/7490 1488/7491
f 1488/7492 1491/7493 1490/7494
f 1490/7495 1491/7496 1489/7497
f 1727/7498 1493/7499 1489/7500
f 1731/7501 1490/7502 1493/7503
f 1728/7504 1492/7505 1490/7506
f 758/7507 759/7508 760/7509
f 682/7510 680/7511 681/7512
f 683/7513 680/7514 759/7515
f 682/7516 678/7517 757/7518
f 678/7519 760/7520 757/7521
f 680/7522 761/7523 759/7524
f 758/7525 762/7526 759/7527
f 757/7528 760/7529 759/7530
f 678/7531 681/7532 760/7533
f 681/7534 680/7535 683/7536
f 682/7537 757/7538 761/7539
f 679/7540 762/7541 758/7542
f 680/7543 682/7544 761/7545
f 681/7546 758/7547 760/7548
f 683/7549 759/7550 762/7551
f 759/7552 761/7553 757/7554
f 681/7555 679/7556 758/7557
f 679/7558 683/7559 762/7560
f 683/7561 679/7562 681/7563
f 681/7564 678/7565 682/7566
f 890/7567 892/7568 893/7569
f 529/7570 531/7571 896/7572
f 525/7573 892/7574 890/7575
f 529/7576 896/7577 894/7578
f 526/7579 525/7580 890/7581
f 526/7582 528/7583 531/7584
f 893/7585 892/7586 894/7587
f 529/7588 527/7589 526/7590
f 531/7591 529/7592 526/7593
f 527/7594 525/7595 526/7596
f 527/7597 894/7598 892/7599
f 525/7600 527/7601 892/7602
f 527/7603 529/7604 894/7605
f 531/7606 528/7607 893/7608
f 893/7609 528/7610 526/7611
f 893/7612 526/7613 891/7614
f 526/7615 890/7616 891/7617
f 893/7618 891/7619 890/7620
f 894/7621 896/7622 893/7623
f 531/7624 893/7625 896/7626
f 534/7627 901/7628 899/7629
f 530/7630 897/7631 895/7632
f 899/7633 901/7634 900/7635
f 536/7636 535/7637 900/7638
f 900/7639 535/7640 533/7641
f 533/7642 530/7643 895/7644
f 900/7645 898/7646 895/7647
f 895/7648 897/7649 900/7650
f 530/7651 532/7652 897/7653
f 533/7654 535/7655 536/7656
f 536/7657 534/7658 533/7659
f 532/7660 530/7661 533/7662
f 534/7663 536/7664 901/7665
f 900/7666 897/7667 899/7668
f 534/7669 532/7670 533/7671
f 532/7672 899/7673 897/7674
f 532/7675 534/7676 899/7677
f 900/7678 533/7679 898/7680
f 536/7681 900/7682 901/7683
f 533/7684 895/7685 898/7686
f 1268/7687 1548/7688 1546/7689
f 1762/7690 1539/7691 1761/7692
f 1762/7693 1548/7694 1538/7695
f 1761/7696 1549/7697 1547/7698
f 1267/7699 1547/7700 1549/7701
f 1762/7702 1538/7703 1539/7704
f 1267/7705 1549/7706 1467/7707
f 1267/7708 1466/7709 1268/7710
f 1267/7711 1467/7712 1466/7713
f 1762/7714 1546/7715 1548/7716
f 1761/7717 1539/7718 1549/7719
f 1268/7720 1466/7721 1548/7722
f 704/7723 1313/7724 708/7725
f 1712/7726 1599/7727 1600/7728
f 1600/7729 1599/7730 1313/7731
f 1057/7732 1713/7733 955/7734
f 1780/7735 1057/7736 981/7737
f 981/7738 1057/7739 955/7740
f 955/7741 954/7742 1755/7743
f 955/7744 1713/7745 1712/7746
f 558/7747 559/7748 557/7749
f 723/7750 982/7751 983/7752
f 1756/7753 1755/7754 723/7755
f 1713/7756 1057/7757 1599/7758
f 1313/7759 981/7760 983/7761
f 981/7762 1756/7763 1757/7764
f 1713/7765 1599/7766 1712/7767
f 1313/7768 983/7769 982/7770
f 981/7771 1757/7772 983/7773
f 1780/7774 981/7775 1313/7776
f 1712/7777 1600/7778 1148/7779
f 1600/7780 1313/7781 1312/7782
f 1599/7783 1057/7784 1780/7785
f 720/7786 1513/7787 724/7788
f 1600/7789 1311/7790 703/7791
f 1312/7792 1078/7793 1077/7794
f 724/7795 709/7796 706/7797
f 703/7798 559/7799 706/7800
f 1312/7801 1077/7802 1311/7803
f 1600/7804 703/7805 705/7806
f 1513/7807 705/7808 709/7809
f 707/7810 558/7811 704/7812
f 1512/7813 1511/7814 721/7815
f 704/7816 708/7817 707/7818
f 1313/7819 982/7820 708/7821
f 1712/7822 1512/7823 954/7824
f 1312/7825 704/7826 558/7827
f 557/7828 1077/7829 1078/7830
f 705/7831 703/7832 706/7833
f 707/7834 560/7835 558/7836
f 703/7837 557/7838 559/7839
f 560/7840 559/7841 558/7842
f 1512/7843 1148/7844 1511/7845
f 1600/7846 1312/7847 1311/7848
f 1311/7849 557/7850 703/7851
f 705/7852 706/7853 709/7854
f 955/7855 1712/7856 954/7857
f 1756/7858 723/7859 1757/7860
f 724/7861 706/7862 722/7863
f 1599/7864 1780/7865 1313/7866
f 1513/7867 709/7868 724/7869
f 720/7870 724/7871 722/7872
f 955/7873 1755/7874 1756/7875
f 981/7876 955/7877 1756/7878
f 723/7879 983/7880 1757/7881
f 1149/7882 1600/7883 1513/7884
f 1311/7885 1077/7886 557/7887
f 1148/7888 1513/7889 1511/7890
f 1312/7891 558/7892 1078/7893
f 723/7894 707/7895 708/7896
f 1148/7897 1149/7898 1513/7899
f 1512/7900 1712/7901 1148/7902
f 1512/7903 1755/7904 954/7905
f 1312/7906 1313/7907 704/7908
f 557/7909 1078/7910 558/7911
f 723/7912 1755/7913 1512/7914
f 1511/7915 1513/7916 720/7917
f 1513/7918 1600/7919 705/7920
f 1512/7921 721/7922 723/7923
f 1148/7924 1600/7925 1149/7926
f 1061/7927 1060/7928 1611/7929
f 1277/7930 1610/7931 1298/7932
f 1612/7933 1061/7934 1062/7935
f 1298/7936 1059/7937 1299/7938
f 1060/7939 1061/7940 1612/7941
f 1612/7942 1613/7943 1277/7944
f 1612/7945 1062/7946 1613/7947
f 1275/7948 1277/7949 1298/7950
f 1297/7951 1531/7952 1298/7953
f 1276/7954 1612/7955 1277/7956
f 1297/7957 1300/7958 1612/7959
f 1611/7960 1298/7961 1610/7962
f 1296/7963 1276/7964 1275/7965
f 1533/7966 1296/7967 1295/7968
f 1610/7969 1058/7970 1611/7971
f 1610/7972 1613/7973 1062/7974
f 1060/7975 1059/7976 1611/7977
f 1062/7978 1061/7979 1058/7980
f 1611/7981 1058/7982 1061/7983
f 1298/7984 1611/7985 1059/7986
f 1708/7987 1533/7988 1532/7989
f 1705/7990 1531/7991 1706/7992
f 1705/7993 1706/7994 1708/7995
f 1531/7996 1705/7997 1707/7998
f 1531/7999 1532/8000 1295/8001
f 1706/8002 1297/8003 1296/8004
f 1298/8005 1299/8006 1300/8007
f 1059/8008 1060/8009 1299/8010
f 1613/8011 1610/8012 1277/8013
f 1610/8014 1062/8015 1058/8016
f 1295/8017 1275/8018 1531/8019
f 1706/8020 1296/8021 1533/8022
f 1296/8023 1275/8024 1295/8025
f 1533/8026 1295/8027 1532/8028
f 1708/8029 1532/8030 1707/8031
f 1531/8032 1297/8033 1706/8034
f 1706/8035 1533/8036 1708/8037
f 1531/8038 1707/8039 1532/8040
f 1705/8041 1708/8042 1707/8043
f 1300/8044 1299/8045 1060/8046
f 1297/8047 1276/8048 1296/8049
f 1300/8050 1060/8051 1612/8052
f 1297/8053 1612/8054 1276/8055
f 1276/8056 1277/8057 1275/8058
f 1297/8059 1298/8060 1300/8061
f 1275/8062 1298/8063 1531/8064
f 1003/8065 1009/8066 1198/8067
f 592/8068 596/8069 1009/8070
f 1248/8071 1587/8072 1574/8073
f 1289/8074 1585/8075 1595/8076
f 1009/8077 1195/8078 1198/8079
f 592/8080 1009/8081 1003/8082
f 1003/8083 1198/8084 1254/8085
f 1000/8086 1248/8087 1574/8088
f 592/8089 1585/8090 1284/8091
f 1003/8092 1254/8093 1585/8094
f 1237/8095 1248/8096 1000/8097
f 994/8098 1000/8099 596/8100
f 1574/8101 1284/8102 1289/8103
f 1195/8104 1585/8105 1254/8106
f 994/8107 1226/8108 1237/8109
f 592/8110 1587/8111 994/8112
f 994/8113 596/8114 592/8115
f 1237/8116 1000/8117 994/8118
f 1195/8119 1595/8120 1585/8121
f 1574/8122 1587/8123 1284/8124
f 592/8125 1284/8126 1587/8127
f 994/8128 1587/8129 1226/8130
f 596/8131 1574/8132 1289/8133
f 596/8134 1595/8135 1009/8136
f 1009/8137 1595/8138 1195/8139
f 596/8140 1289/8141 1595/8142
f 596/8143 1000/8144 1574/8145
f 592/8146 1003/8147 1585/8148
f 1248/8149 1226/8150 1587/8151
f 1289/8152 1284/8153 1585/8154
f 1395/8155 1419/8156 1115/8157
f 1400/8158 1395/8159 818/8160
f 856/8161 818/8162 1115/8163
f 1419/8164 1129/8165 1115/8166
f 1129/8167 1641/8168 1400/8169
f 1419/8170 1395/8171 618/8172
f 1395/8173 1400/8174 618/8175
f 856/8176 1129/8177 1400/8178
f 1395/8179 1115/8180 818/8181
f 1641/8182 1129/8183 1419/8184
f 1641/8185 618/8186 1400/8187
f 1419/8188 618/8189 1641/8190
f 856/8191 1115/8192 1129/8193
f 1400/8194 818/8195 856/8196
f 830/8197 847/8198 821/8199
f 1429/8200 1118/8201 1132/8202
f 1429/8203 630/8204 1422/8205
f 1422/8206 630/8207 821/8208
f 1402/8209 1132/8210 830/8211
f 847/8212 1132/8213 1118/8214
f 847/8215 1118/8216 821/8217
f 1402/8218 821/8219 630/8220
f 1429/8221 1402/8222 630/8223
f 821/8224 1402/8225 830/8226
f 1402/8227 1429/8228 1132/8229
f 1422/8230 821/8231 1118/8232
f 847/8233 830/8234 1132/8235
f 1429/8236 1422/8237 1118/8238
f 836/8239 849/8240 860/8241
f 1425/8242 644/8243 1433/8244
f 1433/8245 644/8246 836/8247
f 860/8248 1136/8249 836/8250
f 1425/8251 1136/8252 1121/8253
f 860/8254 1121/8255 1136/8256
f 633/8257 836/8258 644/8259
f 849/8260 1425/8261 1121/8262
f 633/8263 849/8264 836/8265
f 1425/8266 633/8267 644/8268
f 860/8269 849/8270 1121/8271
f 1433/8272 836/8273 1136/8274
f 633/8275 1425/8276 849/8277
f 1425/8278 1433/8279 1136/8280
f 645/8281 1137/8282 838/8283
f 853/8284 1124/8285 824/8286
f 853/8287 1137/8288 1124/8289
f 645/8290 824/8291 636/8292
f 838/8293 853/8294 824/8295
f 1648/8296 645/8297 636/8298
f 645/8299 1648/8300 1137/8301
f 1648/8302 1638/8303 1124/8304
f 853/8305 838/8306 1137/8307
f 1638/8308 824/8309 1124/8310
f 824/8311 645/8312 838/8313
f 1648/8314 1124/8315 1137/8316
f 1638/8317 636/8318 824/8319
f 1648/8320 636/8321 1638/8322
f 814/8323 1112/8324 1394/8325
f 1629/8326 626/8327 1394/8328
f 1640/8329 626/8330 1629/8331
f 1629/8332 1127/8333 1640/8334
f 814/8335 854/8336 1127/8337
f 1640/8338 638/8339 626/8340
f 1394/8341 854/8342 814/8343
f 814/8344 1127/8345 1112/8346
f 626/8347 638/8348 1394/8349
f 1640/8350 1127/8351 854/8352
f 1629/8353 1112/8354 1127/8355
f 638/8356 1640/8357 854/8358
f 638/8359 854/8360 1394/8361
f 1112/8362 1629/8363 1394/8364
f 1633/8365 629/8366 642/8367
f 629/8368 1114/8369 844/8370
f 1642/8371 1114/8372 1633/8373
f 1642/8374 642/8375 619/8376
f 1633/8377 642/8378 1642/8379
f 828/8380 844/8381 1114/8382
f 1642/8383 619/8384 1130/8385
f 1114/8386 1642/8387 1130/8388
f 619/8389 629/8390 817/8391
f 817/8392 844/8393 828/8394
f 844/8395 817/8396 629/8397
f 1633/8398 1114/8399 629/8400
f 642/8401 629/8402 619/8403
f 828/8404 1114/8405 1130/8406
f 828/8407 1130/8408 619/8409
f 619/8410 817/8411 828/8412
f 846/8413 1421/8414 820/8415
f 1403/8416 1106/8417 832/8418
f 1431/8419 1421/8420 1106/8421
f 820/8422 832/8423 846/8424
f 1431/8425 611/8426 1635/8427
f 1635/8428 611/8429 820/8430
f 846/8431 1106/8432 1421/8433
f 1403/8434 820/8435 611/8436
f 1635/8437 1421/8438 1431/8439
f 1421/8440 1635/8441 820/8442
f 1403/8443 1431/8444 1106/8445
f 820/8446 1403/8447 832/8448
f 846/8449 832/8450 1106/8451
f 1431/8452 1403/8453 611/8454
f 848/8455 859/8456 834/8457
f 859/8458 848/8459 1100/8460
f 859/8461 1100/8462 1432/8463
f 859/8464 1432/8465 834/8466
f 1636/8467 623/8468 1645/8469
f 1645/8470 623/8471 834/8472
f 613/8473 834/8474 623/8475
f 1636/8476 1432/8477 1100/8478
f 848/8479 1636/8480 1100/8481
f 1432/8482 1645/8483 834/8484
f 1636/8485 632/8486 623/8487
f 1645/8488 1432/8489 1636/8490
f 848/8491 613/8492 632/8493
f 623/8494 632/8495 613/8496
f 632/8497 1636/8498 848/8499
f 613/8500 848/8501 834/8502
f 852/8503 835/8504 1109/8505
f 1415/8506 1102/8507 1109/8508
f 835/8509 852/8510 1397/8511
f 1415/8512 635/8513 1622/8514
f 1622/8515 635/8516 1397/8517
f 852/8518 1109/8519 1102/8520
f 1404/8521 1397/8522 635/8523
f 1404/8524 1109/8525 835/8526
f 852/8527 1102/8528 1397/8529
f 1102/8530 1622/8531 1397/8532
f 1622/8533 1102/8534 1415/8535
f 1415/8536 1404/8537 635/8538
f 1397/8539 1404/8540 835/8541
f 1404/8542 1415/8543 1109/8544
f 826/8545 1412/8546 1103/8547
f 841/8548 826/8549 1103/8550
f 637/8551 1412/8552 826/8553
f 1408/8554 1618/8555 1393/8556
f 1618/8557 1408/8558 1412/8559
f 637/8560 826/8561 1393/8562
f 841/8563 1103/8564 1408/8565
f 1412/8566 1408/8567 1103/8568
f 1412/8569 637/8570 625/8571
f 841/8572 1408/8573 1393/8574
f 637/8575 1393/8576 625/8577
f 1618/8578 625/8579 1393/8580
f 826/8581 841/8582 1393/8583
f 1412/8584 625/8585 1618/8586
f 627/8587 1619/8588 842/8589
f 1619/8590 1097/8591 842/8592
f 857/8593 1105/8594 1401/8595
f 842/8596 857/8597 1401/8598
f 1624/8599 641/8600 1401/8601
f 1619/8602 641/8603 1624/8604
f 627/8605 842/8606 1401/8607
f 1105/8608 1624/8609 1401/8610
f 1619/8611 627/8612 641/8613
f 1624/8614 1097/8615 1619/8616
f 857/8617 842/8618 1097/8619
f 1624/8620 1105/8621 1097/8622
f 857/8623 1097/8624 1105/8625
f 627/8626 1401/8627 641/8628
f 1409/8629 610/8630 805/8631
f 1414/8632 610/8633 1409/8634
f 845/8635 1098/8636 805/8637
f 809/8638 1414/8639 1104/8640
f 617/8641 805/8642 610/8643
f 1414/8644 1098/8645 1104/8646
f 617/8647 809/8648 805/8649
f 1414/8650 640/8651 610/8652
f 809/8653 845/8654 805/8655
f 1414/8656 1409/8657 1098/8658
f 845/8659 809/8660 1104/8661
f 1409/8662 805/8663 1098/8664
f 845/8665 1104/8666 1098/8667
f 640/8668 1414/8669 809/8670
f 809/8671 617/8672 640/8673
f 610/8674 640/8675 617/8676
f 1620/8677 643/8678 1625/8679
f 1625/8680 643/8681 810/8682
f 1625/8683 1099/8684 1620/8685
f 810/8686 806/8687 858/8688
f 631/8689 1099/8690 806/8691
f 1620/8692 1099/8693 631/8694
f 858/8695 1107/8696 810/8697
f 858/8698 1099/8699 1107/8700
f 631/8701 810/8702 643/8703
f 858/8704 806/8705 1099/8706
f 1625/8707 1107/8708 1099/8709
f 1107/8710 1625/8711 810/8712
f 1620/8713 631/8714 643/8715
f 810/8716 631/8717 806/8718
f 1391/8719 1108/8720 811/8721
f 851/8722 1101/8723 808/8724
f 1626/8725 615/8726 1411/8727
f 851/8728 1108/8729 1101/8730
f 1626/8731 1391/8732 615/8733
f 1626/8734 1411/8735 1101/8736
f 1411/8737 808/8738 1101/8739
f 808/8740 1391/8741 811/8742
f 851/8743 811/8744 1108/8745
f 1626/8746 1101/8747 1108/8748
f 811/8749 851/8750 808/8751
f 1411/8752 615/8753 808/8754
f 1391/8755 808/8756 615/8757
f 1391/8758 1626/8759 1108/8760
f 840/8761 807/8762 1410/8763
f 606/8764 1388/8765 605/8766
f 840/8767 1410/8768 1095/8769
f 1621/8770 605/8771 1617/8772
f 1617/8773 1410/8774 1621/8775
f 1617/8776 605/8777 1388/8778
f 807/8779 840/8780 1388/8781
f 840/8782 1095/8783 1388/8784
f 1621/8785 1410/8786 807/8787
f 605/8788 634/8789 606/8790
f 634/8791 1621/8792 807/8793
f 1095/8794 1617/8795 1388/8796
f 1617/8797 1095/8798 1410/8799
f 807/8800 606/8801 634/8802
f 606/8803 807/8804 1388/8805
f 1621/8806 634/8807 605/8808
f 855/8809 804/8810 1096/8811
f 855/8812 1413/8813 1390/8814
f 1407/8815 639/8816 1623/8817
f 1623/8818 639/8819 1390/8820
f 1390/8821 804/8822 855/8823
f 1389/8824 1096/8825 804/8826
f 1389/8827 1390/8828 639/8829
f 1407/8830 1389/8831 639/8832
f 1413/8833 1623/8834 1390/8835
f 1623/8836 1413/8837 1407/8838
f 1407/8839 1413/8840 1096/8841
f 855/8842 1096/8843 1413/8844
f 1390/8845 1389/8846 804/8847
f 1389/8848 1407/8849 1096/8850
f 1606/8851 1604/8852 1609/8853
f 1609/8854 1603/8855 1606/8856
f 1605/8857 552/8858 554/8859
f 1603/8860 1605/8861 1606/8862
f 553/8863 554/8864 552/8865
f 1603/8866 556/8867 552/8868
f 553/8869 555/8870 551/8871
f 551/8872 554/8873 553/8874
f 1604/8875 555/8876 553/8877
f 1609/8878 553/8879 556/8880
f 1603/8881 1609/8882 556/8883
f 552/8884 556/8885 553/8886
f 1609/8887 1604/8888 553/8889
f 1604/8890 1606/8891 555/8892
f 1606/8893 1601/8894 551/8895
f 551/8896 1601/8897 1605/8898
f 551/8899 1605/8900 554/8901
f 1606/8902 551/8903 555/8904
f 1605/8905 1601/8906 1606/8907
f 1605/8908 1603/8909 552/8910
f 1779/8911 1356/8912 756/8913
f 603/8914 1481/8915 1063/8916
f 1356/8917 921/8918 884/8919
f 1481/8920 962/8921 974/8922
f 1448/8923 1779/8924 1778/8925
f 962/8926 1448/8927 1778/8928
f 1381/8929 603/8930 604/8931
f 744/8932 1442/8933 725/8934
f 700/8935 1758/8936 1510/8937
f 1758/8938 699/8939 943/8940
f 1439/8941 743/8942 1468/8943
f 976/8944 744/8945 1791/8946
f 743/8947 976/8948 1327/8949
f 699/8950 1439/8951 1468/8952
f 1442/8953 700/8954 1510/8955
f 1548/8956 1466/8957 1330/8958
f 1549/8959 1539/8960 1503/8961
f 1467/8962 1549/8963 1301/8964
f 1267/8965 1268/8966 1163/8967
f 1547/8968 1267/8969 1162/8970
f 1762/8971 1761/8972 1506/8973
f 1466/8974 1467/8975 1330/8976
f 1268/8977 1546/8978 1515/8979
f 1546/8980 1762/8981 1750/8982
f 1761/8983 1547/8984 1506/8985
f 1538/8986 1548/8987 1504/8988
f 1539/8989 1538/8990 1503/8991
f 756/8992 1760/8993 1779/8994
f 1063/8995 544/8996 603/8997
f 884/8998 1355/8999 1356/9000
f 974/9001 684/9002 1481/9003
f 1778/9004 1333/9005 962/9006
f 1468/9007 1358/9008 699/9009
f 1510/9010 702/9011 1442/9012
f 1330/9013 1504/9014 1548/9015
f 1163/9016 1162/9017 1267/9018
f 1162/9019 1516/9020 1547/9021
f 1506/9022 1750/9023 1762/9024
f 1515/9025 1163/9026 1268/9027
f 1750/9028 1515/9029 1546/9030
f 1504/9031 1325/9032 1538/9033
f 1779/9034 1760/9035 523/9036
f 1779/9037 883/9038 1778/9039
f 1779/9040 523/9041 1334/9042
f 1481/9043 746/9044 1763/9045
f 1481/9046 684/9047 1303/9048
f 962/9049 961/9050 547/9051
f 962/9052 906/9053 974/9054
f 962/9055 1333/9056 961/9057
f 1481/9058 1303/9059 665/9060
f 1481/9061 665/9062 746/9063
f 1481/9064 1763/9065 1063/9066
f 1381/9067 604/9068 1382/9069
f 603/9070 544/9071 604/9072
f 1356/9073 1530/9074 756/9075
f 1356/9076 782/9077 1530/9078
f 1356/9079 1355/9080 970/9081
f 1356/9082 970/9083 698/9084
f 1356/9085 698/9086 782/9087
f 1779/9088 1764/9089 1138/9090
f 1779/9091 1138/9092 883/9093
f 1779/9094 1334/9095 1469/9096
f 1779/9097 1469/9098 1764/9099
f 1381/9100 1382/9101 921/9102
f 962/9103 1616/9104 969/9105
f 962/9106 547/9107 1616/9108
f 962/9109 1499/9110 906/9111
f 962/9112 1357/9113 1499/9114
f 962/9115 969/9116 1357/9117
f 976/9118 1791/9119 1327/9120
f 1442/9121 702/9122 725/9123
f 1758/9124 943/9125 1510/9126
f 699/9127 1358/9128 943/9129
f 743/9130 1327/9131 1468/9132
f 744/9133 725/9134 1791/9135
f 1549/9136 1503/9137 1505/9138
f 1467/9139 1301/9140 1330/9141
f 1549/9142 1505/9143 1301/9144
f 1538/9145 1325/9146 1503/9147
f 1547/9148 1516/9149 1506/9150
f 970/9151 698/9152 782/9153
f 1530/9154 756/9155 1760/9156
f 1764/9157 1138/9158 883/9159
f 1333/9160 961/9161 547/9162
f 547/9163 1616/9164 969/9165
f 969/9166 1357/9167 1499/9168
f 906/9169 974/9170 684/9171
f 1303/9172 665/9173 746/9174
f 544/9175 604/9176 1382/9177
f 1382/9178 921/9179 884/9180
f 970/9181 782/9182 1530/9183
f 1530/9184 1760/9185 523/9186
f 1469/9187 1764/9188 883/9189
f 883/9190 1778/9191 1333/9192
f 1333/9193 547/9194 969/9195
f 969/9196 1499/9197 906/9198
f 906/9199 684/9200 1303/9201
f 1303/9202 746/9203 1763/9204
f 1763/9205 1063/9206 544/9207
f 544/9208 1382/9209 884/9210
f 884/9211 1355/9212 970/9213
f 1469/9214 883/9215 1333/9216
f 1333/9217 969/9218 906/9219
f 1303/9220 1763/9221 544/9222
f 544/9223 884/9224 970/9225
f 1334/9226 1469/9227 1333/9228
f 1333/9229 906/9230 1303/9231
f 1303/9232 544/9233 970/9234
f 523/9235 1334/9236 1333/9237
f 1333/9238 1303/9239 970/9240
f 1530/9241 523/9242 1333/9243
f 1333/9244 970/9245 1530/9246
f 1358/9247 943/9248 1510/9249
f 1510/9250 702/9251 725/9252
f 725/9253 1791/9254 1327/9255
f 1327/9256 1468/9257 1358/9258
f 1358/9259 1510/9260 725/9261
f 725/9262 1327/9263 1358/9264
f 1162/9265 1301/9266 1330/9267
f 1163/9268 1162/9269 1330/9270
f 1505/9271 1301/9272 1162/9273
f 1505/9274 1162/9275 1516/9276
f 1515/9277 1163/9278 1330/9279
f 1503/9280 1505/9281 1516/9282
f 1515/9283 1330/9284 1504/9285
f 1750/9286 1515/9287 1504/9288
f 1503/9289 1516/9290 1506/9291
f 1750/9292 1504/9293 1325/9294
f 1506/9295 1750/9296 1325/9297
f 1325/9298 1503/9299 1506/9300
o Panel
g Panel
usemtl PanelCream
v -0.06328 0.08625 -1.70983
v -0.00421 0.09556 -1.70983
v 0.02065 0.42629 -1.90547
v 0.02065 0.42022 -1.91046
v 0.05542 0.06305 -2.50727
v 0.05242 0.05589 -2.25043
v 0.05242 0.05589 -2.00185
v 0.05242 0.05589 -1.87143
v 0.05242 0.05589 -2.36859
v 0.05242 0.05589 -2.12001
v 0.05242 0.05589 -2.33329
v 0.05242 0.05589 -2.08471
v 0.05242 0.05589 -1.95429
v 0.05242 0.05589 -2.20287
v 0.05242 0.05589 -1.91900
v 0.05242 0.05589 -2.41615
v 0.05242 0.05589 -2.28573
v 0.05242 0.05589 -2.16757
v 0.05242 0.05589 -2.03715
v -0.01554 0.40843 -1.88983
v -0.01554 0.40760 -1.91766
v -0.01554 0.43255 -1.91120
v 0.04828 0.04607 -1.70983
v -0.05870 0.09485 -1.70983
v -0.04471 0.04211 -1.70983
v -0.01138 0.23418 -2.56435
v 0.06181 0.45438 -1.91671
v 0.06181 0.54940 -1.84015
v 0.06181 0.44596 -1.90454
v -0.05821 0.09556 -2.61420
v -0.05821 0.09556 -1.70983
v 0.02748 0.22101 -2.45462
v 0.02805 0.22347 -2.46609
v 0.02798 0.22210 -2.51302
v 0.02805 0.22347 -2.52449
v 0.02805 0.22347 -2.43689
v 0.02798 0.22210 -2.54222
v -0.06303 0.08567 -1.70983
v -0.00316 0.23418 -2.51294
v -0.00316 0.25060 -2.51294
v -0.05894 0.07593 -1.70983
v 0.06504 0.08589 -1.70983
v 0.05949 0.38825 -1.85627
v 0.05949 0.27118 -1.85627
v 0.05949 0.27118 -1.70983
v -0.01296 0.23418 -2.51585
v -0.05758 0.38825 -1.85627
v -0.05758 0.27118 -1.85627
v -0.06313 0.08589 -1.70983
v 0.06085 0.07593 -1.70983
v -0.01873 0.23418 -2.50191
v -0.01759 0.25065 -2.49422
v -0.00927 0.23418 -2.54870
v 0.01989 0.11787 -2.02120
v 0.02481 0.14257 -2.00628
v 0.06495 0.08567 -1.70983
v -0.02614 0.22163 -2.51302
v -0.02557 0.22101 -2.52449
v -0.02607 0.22210 -2.48382
v -0.02613 0.22347 -2.49529
v -0.02655 0.22186 -2.46609
v -0.02296 0.23119 -2.52449
v -0.02614 0.22163 -2.54222
v 0.06013 0.09556 -2.61420
v 0.06013 0.09556 -1.70983
v -0.05989 0.55109 -1.84258
v -0.05989 0.45017 -1.91062
v 0.04662 0.04211 -1.70983
v 0.06061 0.09485 -1.70983
v 0.01148 0.25065 -2.51241
v -0.01798 0.13973 -3.73945
v -0.01798 0.11787 -3.73945
v -0.04637 0.04607 -1.70983
v 0.01745 0.40760 -1.91766
v 0.01745 0.40971 -1.88964
v 0.01745 0.43249 -1.91610
v -0.05050 0.05589 -2.49901
v -0.05050 0.05589 -2.25043
v -0.05050 0.05589 -2.00185
v -0.05050 0.05589 -1.87143
v -0.05050 0.05589 -2.36859
v -0.05050 0.05589 -2.12001
v -0.05050 0.05589 -2.33329
v -0.05050 0.05589 -2.08471
v -0.05050 0.05589 -1.95429
v -0.05050 0.05589 -2.20287
v -0.05260 0.06089 -2.44359
v -0.05050 0.05589 -1.91900
v -0.05050 0.05589 -2.41615
v -0.05050 0.05589 -2.28573
v -0.05050 0.05589 -2.16757
v -0.05050 0.05589 -2.03715
v -0.01874 0.42202 -1.91151
v -0.01874 0.42331 -1.90375
v 0.00612 0.09556 -1.70983
v 0.06519 0.08625 -1.70983
v 0.03998 0.15133 -3.63864
v 0.03998 0.15133 -3.72729
v 0.03998 0.10627 -3.72729
v 0.03998 0.10627 -3.63864
v 0.00471 0.23418 -2.51294
v 0.05949 0.38825 -1.70983
v -0.04215 0.03605 -2.61420
v -0.04215 0.03605 -1.70983
v -0.05599 0.06893 -1.92819
v -0.05599 0.06893 -2.17677
v -0.05599 0.06893 -2.42534
v -0.05599 0.06893 -2.01105
v -0.05599 0.06893 -2.25963
v -0.05599 0.06893 -2.09391
v -0.05599 0.06893 -2.34248
v -0.05839 0.07462 -1.86364
v -0.05315 0.08765 -2.49901
v -0.05002 0.08074 -2.00575
v -0.05002 0.08074 -2.25433
v -0.05315 0.08765 -1.87143
v -0.05315 0.08765 -2.36859
v -0.05315 0.08765 -2.12001
v -0.05002 0.08074 -2.33719
v -0.05002 0.08074 -2.08861
v -0.05315 0.08765 -1.95429
v -0.05315 0.08765 -2.20287
v -0.05315 0.08765 -2.45144
v -0.05002 0.08074 -1.92289
v -0.05002 0.08074 -2.42005
v -0.05315 0.08765 -2.28573
v -0.05002 0.08074 -2.17147
v -0.05315 0.08765 -2.03715
v -0.04517 0.04321 -1.70983
v 0.06509 0.08601 -1.70983
v -0.04851 0.05116 -1.70983
v -0.08182 0.32971 -1.85627
v -0.00966 0.44127 -1.91050
v -0.00989 0.42627 -1.90836
v -0.04688 0.07383 -2.50680
v -0.01856 0.23410 -2.54269
v -0.02335 0.23410 -2.59048
v -0.01856 0.25975 -2.57612
v 0.00078 0.23418 -2.50180
v 0.00471 0.25060 -2.51294
v 0.00078 0.25060 -2.50180
v 0.00098 0.23418 -2.48219
v -0.00779 0.23418 -2.48550
v 0.00098 0.25065 -2.48706
v 0.00911 0.25065 -2.48229
v 0.06424 0.08398 -2.00185
v 0.06424 0.08398 -1.87143
v 0.06424 0.08398 -2.12001
v 0.06424 0.08398 -2.08471
v 0.06424 0.08398 -1.95429
v 0.06424 0.08398 -1.91900
v 0.06424 0.08398 -2.03715
v 0.06424 0.08398 -2.49901
v 0.06424 0.08398 -2.25043
v 0.06424 0.08398 -2.36859
v 0.06424 0.08398 -2.33329
v 0.06424 0.08398 -2.20287
v 0.06424 0.08398 -2.45144
v 0.06424 0.08398 -2.41615
v 0.06424 0.08398 -2.28573
v 0.06424 0.08398 -2.16757
v -0.02905 0.11303 -3.73167
v -0.02916 0.14450 -3.73045
v 0.04675 0.10236 -2.04320
v 0.04675 0.15524 -2.04320
v -0.06324 0.08616 -1.70983
v 0.02727 0.11360 -1.99882
v -0.03019 0.24783 -2.55546
v -0.03019 0.23684 -2.57450
v -0.03019 0.23334 -2.55806
v -0.03019 0.25282 -2.56931
v -0.06332 0.08635 -1.70983
v 0.03488 0.10921 -2.11889
v 0.03488 0.10921 -3.63864
v 0.03488 0.14838 -2.11889
v 0.03488 0.14838 -3.63864
v 0.02526 0.23410 -2.59048
v 0.02407 0.25975 -2.57612
v 0.04675 0.10236 -1.70983
v -0.01487 0.23307 -2.46609
v -0.01487 0.23307 -2.51302
v -0.02209 0.23056 -2.43689
v -0.01487 0.23307 -2.48382
v -0.01487 0.23307 -2.49529
v -0.01487 0.23307 -2.54222
v 0.00098 0.23418 -2.52163
v -0.00615 0.23419 -2.51570
v -0.00714 0.25065 -2.52153
v 0.04686 0.04270 -1.70983
v -0.02305 0.11454 -2.00529
v -0.01797 0.13973 -2.02120
v 0.05790 0.06893 -2.19367
v 0.05790 0.06893 -2.42534
v 0.05451 0.06089 -2.44359
v 0.05790 0.06893 -2.01105
v 0.05790 0.06893 -2.02796
v 0.05790 0.06893 -2.09391
v 0.05636 0.06525 -1.86364
v 0.05790 0.06893 -2.35939
v 0.05790 0.06893 -2.11081
v 0.04675 0.15524 -1.70983
v -0.01324 0.25060 -2.56396
v -0.02536 0.14399 -1.99882
v 0.00096 0.15919 -1.99882
v 0.00096 0.09841 -1.99882
v 0.00661 0.23418 -2.54004
v 0.00872 0.25060 -2.54437
v 0.00096 0.09841 -1.70983
v -0.06098 0.08078 -1.70983
v -0.08182 0.32971 -1.70983
v 0.08701 0.50105 -1.87721
v 0.02727 0.11360 -1.70983
v -0.08510 0.50442 -1.88208
v -0.08510 0.49600 -1.86991
v -0.03551 0.03605 -1.70983
v 0.04775 0.04480 -1.70983
v -0.04061 0.06001 -2.49901
v -0.04061 0.06001 -2.00185
v -0.04061 0.06001 -2.25043
v -0.04688 0.07383 -1.86364
v -0.04688 0.07383 -2.36079
v -0.04688 0.07383 -2.11221
v -0.04061 0.06001 -2.33329
v -0.04061 0.06001 -2.08471
v -0.04688 0.07383 -1.94650
v -0.04688 0.07383 -2.19507
v -0.04688 0.07383 -2.44365
v -0.04061 0.06001 -1.91900
v -0.04061 0.06001 -2.41615
v -0.04688 0.07383 -2.27793
v -0.04061 0.06001 -2.16757
v -0.04688 0.07383 -2.02935
v 0.00096 0.42057 -1.91163
v -0.00612 0.42677 -1.92037
v 0.03655 0.14935 -2.05860
v 0.03655 0.10825 -2.05860
v 0.06567 0.08739 -2.61420
v 0.06567 0.08739 -1.70983
v -0.04552 0.04404 -1.70983
v 0.00096 0.57097 -1.82702
v 0.00096 0.18168 -2.04320
v 0.00096 0.16797 -2.11889
v 0.00096 0.16797 -3.63864
v 0.00096 0.08770 -2.05860
v 0.00096 0.09556 -2.61420
v 0.00096 0.09556 -1.70983
v 0.00096 0.16189 -3.74821
v 0.00096 0.16189 -3.72729
v -0.02614 0.22163 -2.45462
v -0.02557 0.22101 -2.43689
v 0.02805 0.22163 -2.48382
v 0.02846 0.22186 -2.49529
v -0.02575 0.18630 -2.54269
v -0.01487 0.23307 -2.45462
v 0.01679 0.23307 -2.46609
v 0.01679 0.23307 -2.51302
v 0.00096 0.09571 -3.74821
v 0.00096 0.09571 -3.72729
v 0.00096 0.16990 -2.05860
v 0.00096 0.08963 -2.11889
v 0.00096 0.08963 -3.63864
v 0.00096 0.07592 -2.04320
v 0.00096 0.41250 -1.85627
v 0.00096 0.41250 -1.70983
v 0.00096 0.17386 -3.72729
v 0.00096 0.17386 -3.63864
v 0.00096 0.15066 -3.74821
v 0.00096 0.24693 -1.85627
v 0.00096 0.24693 -1.70983
v 0.00096 0.03605 -2.61420
v 0.04407 0.03605 -1.70983
v 0.00096 0.42944 -1.92497
v 0.00096 0.10694 -3.74821
v 0.00096 0.08373 -3.63864
v 0.00096 0.08373 -3.72729
v -0.05758 0.38825 -1.70983
v 0.04743 0.04404 -1.70983
v -0.06376 0.08739 -2.61420
v -0.06376 0.08739 -1.70983
v 0.04252 0.06001 -2.49901
v 0.04252 0.06001 -2.00185
v 0.04252 0.06001 -2.25043
v 0.04461 0.06462 -2.33719
v 0.04252 0.06001 -2.08471
v 0.04252 0.06001 -1.91900
v 0.04252 0.06001 -2.41615
v 0.04252 0.06001 -2.16757
v -0.04584 0.04480 -1.70983
v -0.02536 0.14399 -1.70983
v -0.02536 0.11360 -1.70983
v 0.00096 0.15919 -1.70983
v -0.01280 0.23419 -2.49478
v -0.00951 0.25065 -2.51241
v -0.01380 0.25065 -2.49720
v 0.00096 0.07592 -1.70983
v 0.08373 0.32971 -1.70983
v 0.02727 0.14399 -1.70983
v 0.06289 0.08078 -1.70983
v 0.05193 0.08074 -2.17147
v 0.05193 0.08074 -1.92289
v 0.04461 0.06462 -2.19897
v 0.05193 0.08074 -2.42005
v 0.04461 0.06462 -2.44755
v 0.04670 0.06922 -2.50680
v 0.05193 0.08074 -2.25433
v 0.05193 0.08074 -2.00575
v 0.04461 0.06462 -2.03325
v 0.05193 0.08074 -2.08861
v 0.04461 0.06462 -2.11611
v 0.00096 0.18168 -1.70983
v -0.03463 0.14935 -2.05860
v -0.03463 0.10825 -2.05860
v 0.01911 0.23418 -2.49964
v 0.02070 0.25065 -2.50191
v -0.05599 0.06893 -2.19367
v -0.05599 0.06893 -1.94510
v -0.05599 0.06893 -2.27653
v -0.05599 0.06893 -2.02796
v -0.05444 0.06525 -1.86364
v -0.05599 0.06893 -2.35939
v -0.05599 0.06893 -2.11081
v -0.04495 0.04270 -1.70983
v 0.02489 0.22932 -2.45462
v 0.01679 0.23307 -2.52449
v 0.01679 0.23307 -2.43689
v 0.01679 0.23307 -2.48382
v 0.01679 0.23307 -2.49529
v 0.01679 0.23307 -2.54222
v -0.02575 0.18630 -2.59048
v -0.02455 0.25975 -2.54269
v -0.02575 0.25975 -2.57612
v -0.03296 0.10921 -2.11889
v -0.03296 0.10921 -3.63864
v -0.03296 0.14838 -2.11889
v -0.03296 0.14838 -3.63864
v 0.06523 0.08635 -1.70983
v 0.01493 0.23418 -2.51585
v 0.01493 0.23418 -2.48797
v 0.01218 0.25065 -2.51620
v 0.06515 0.08616 -1.70983
v 0.00096 0.10694 -2.02120
v 0.00096 0.15066 -2.02120
v -0.04484 0.10236 -2.04320
v -0.04484 0.15524 -2.04320
v 0.02961 0.11225 -3.73495
v 0.02961 0.11225 -3.72729
v 0.03082 0.14464 -3.73121
v -0.06233 0.08398 -2.00185
v -0.06233 0.08398 -1.87143
v -0.06233 0.08398 -2.12001
v -0.06233 0.08398 -2.08471
v -0.06233 0.08398 -1.95429
v -0.06233 0.08398 -1.91900
v -0.06233 0.08398 -2.03715
v -0.05959 0.07752 -2.50816
v -0.06233 0.08398 -2.25043
v -0.06233 0.08398 -2.36859
v -0.06233 0.08398 -2.33329
v -0.06233 0.08398 -2.20287
v -0.06233 0.08398 -2.45144
v -0.06233 0.08398 -2.41615
v -0.06233 0.08398 -2.28573
v -0.06233 0.08398 -2.16757
v -0.00506 0.25060 -2.54004
v 0.01477 0.23419 -2.50904
v 0.01477 0.25065 -2.49478
v 0.04879 0.07383 -1.94650
v 0.05298 0.08305 -2.50290
v 0.04879 0.07383 -2.27793
v 0.05298 0.08305 -2.33719
v 0.04879 0.07383 -1.86364
v 0.04879 0.07383 -2.36079
v -0.04484 0.10236 -1.70983
v 0.01223 0.43493 -1.91400
v 0.01190 0.42645 -1.90785
v 0.08373 0.32971 -1.85627
v 0.03210 0.24783 -2.57450
v 0.03210 0.25133 -2.55806
v 0.03210 0.23684 -2.55546
v 0.03210 0.23184 -2.56931
v 0.05043 0.05116 -1.70983
v -0.04484 0.15524 -1.70983
v -0.06318 0.08601 -1.70983
v 0.04708 0.04321 -1.70983
v 0.05507 0.08765 -1.87143
v 0.05507 0.08765 -2.36859
v 0.05507 0.08765 -2.12001
v 0.05507 0.08765 -1.95429
v 0.05507 0.08765 -2.20287
v 0.05507 0.08765 -2.45144
v 0.05507 0.08765 -2.28573
v 0.05507 0.08765 -2.03715
v 0.01989 0.13973 -3.73945
v 0.01989 0.11787 -3.73945
v 0.05790 0.06893 -1.92819
v 0.05790 0.06893 -2.17677
v 0.05790 0.06893 -1.94510
v 0.05790 0.06893 -2.25963
v 0.05790 0.06893 -2.27653
v 0.05790 0.06893 -2.34248
v 0.06030 0.07462 -1.86364
v 0.02047 0.23410 -2.54269
v 0.02766 0.18630 -2.54269
v 0.02766 0.18630 -2.59048
v 0.02646 0.25975 -2.54269
v 0.04407 0.03605 -2.61420
v -0.05758 0.27118 -1.70983
v 0.01406 0.23418 -2.56394
v 0.01293 0.25060 -2.56435
v -0.03807 0.15133 -3.63864
v -0.03807 0.15133 -3.72729
v -0.03807 0.10627 -3.72729
v -0.03807 0.10627 -3.63864
vt 0.75812 0.08961
vt 0.77544 0.08961
vt 0.77093 0.06147
vt 0.92454 0.07063
vt 0.92072 0.09647
vt 0.92072 0.08961
vt 0.72130 0.07063
vt 0.71747 0.09647
vt 0.71747 0.08961
vt 0.55633 0.09597
vt 0.79877 0.08961
vt 0.77544 0.08961
vt 0.75812 0.08961
vt 0.55633 0.09597
vt 0.77544 0.08961
vt 0.64000 0.07063
vt 0.63617 0.09647
vt 0.63617 0.08961
vt 0.84325 0.07063
vt 0.83942 0.09647
vt 0.83942 0.08961
vt 0.88390 0.07063
vt 0.88007 0.09647
vt 0.88007 0.08961
vt 0.73479 0.04479
vt 0.73479 0.03709
vt 0.75812 0.03709
vt 0.75812 0.09647
vt 0.75812 0.08961
vt 0.73479 0.08961
vt 0.73479 0.04479
vt 0.73288 0.08355
vt 0.73028 0.06147
vt 0.80260 0.07063
vt 0.79877 0.09647
vt 0.79877 0.08961
vt 0.76195 0.07063
vt 0.75812 0.09647
vt 0.75812 0.08961
vt 0.68065 0.07063
vt 0.67682 0.09647
vt 0.67682 0.08961
vt 0.81609 0.04479
vt 0.81609 0.03709
vt 0.83942 0.03709
vt 0.89739 0.04479
vt 0.89739 0.03709
vt 0.92072 0.03709
vt 0.92072 0.09647
vt 0.92072 0.08961
vt 0.89739 0.08961
vt 0.89739 0.04479
vt 0.89547 0.08355
vt 0.89288 0.06147
vt 0.60879 0.05048
vt 0.55633 0.09597
vt 0.55633 0.00000
vt 0.89739 0.03709
vt 0.89288 0.06147
vt 0.88458 0.06147
vt 0.79877 0.09647
vt 0.79877 0.08961
vt 0.77544 0.08961
vt 0.69223 0.05341
vt 0.69414 0.03709
vt 0.71747 0.03709
vt 0.71747 0.09647
vt 0.71747 0.08961
vt 0.69414 0.08961
vt 0.83942 0.09647
vt 0.83942 0.08961
vt 0.81609 0.08961
vt 0.81609 0.04479
vt 0.81418 0.08355
vt 0.81158 0.06147
vt 0.77544 0.04479
vt 0.77544 0.03709
vt 0.79877 0.03709
vt 0.77544 0.04479
vt 0.77353 0.08355
vt 0.77093 0.06147
vt 0.85674 0.04479
vt 0.85674 0.03709
vt 0.88007 0.03709
vt 0.88007 0.09647
vt 0.88007 0.08961
vt 0.85674 0.08961
vt 0.85674 0.04479
vt 0.85482 0.08355
vt 0.85223 0.06147
vt 0.55633 0.00000
vt 0.69414 0.03709
vt 0.71747 0.03709
vt 0.55633 0.00000
vt 0.67682 0.03709
vt 0.69414 0.03709
vt 0.71747 0.03709
vt 0.72198 0.06147
vt 0.73028 0.06147
vt 0.75812 0.03709
vt 0.77544 0.03709
vt 0.55633 0.00000
vt 0.71747 0.03709
vt 0.73028 0.06147
vt 0.73479 0.03709
vt 0.73479 0.03709
vt 0.75812 0.03709
vt 0.55633 0.00000
vt 0.80328 0.06147
vt 0.81158 0.06147
vt 0.81609 0.03709
vt 0.68133 0.06147
vt 0.68963 0.06147
vt 0.69414 0.03709
vt 0.55633 0.00000
vt 0.55633 0.00000
vt 0.55633 0.09597
vt 0.55633 0.11126
vt 0.55633 0.11126
vt 0.55633 0.09597
vt 0.79877 0.03709
vt 0.80328 0.06147
vt 0.81609 0.03709
vt 0.63617 0.08961
vt 0.60835 0.07753
vt 0.55633 0.09597
vt 0.69414 0.08961
vt 0.68963 0.06147
vt 0.67682 0.08961
vt 0.68963 0.06147
vt 0.68133 0.06147
vt 0.67682 0.08961
vt 0.85674 0.08961
vt 0.85223 0.06147
vt 0.84393 0.06147
vt 0.64898 0.06147
vt 0.64003 0.04644
vt 0.63617 0.08961
vt 0.65349 0.08961
vt 0.64898 0.06147
vt 0.63617 0.08961
vt 0.89739 0.08961
vt 0.89288 0.06147
vt 0.88458 0.06147
vt 0.89739 0.08961
vt 0.88458 0.06147
vt 0.88007 0.08961
vt 0.65349 0.08961
vt 0.63617 0.08961
vt 0.55633 0.09597
vt 0.67682 0.08961
vt 0.65349 0.08961
vt 0.55633 0.09597
vt 0.81609 0.08961
vt 0.80328 0.06147
vt 0.79877 0.08961
vt 0.76263 0.06147
vt 0.77093 0.06147
vt 0.75812 0.03709
vt 0.79877 0.03709
vt 0.81609 0.03709
vt 0.55633 0.00000
vt 0.75812 0.03709
vt 0.77093 0.06147
vt 0.77544 0.03709
vt 0.77544 0.03709
vt 0.79877 0.03709
vt 0.55633 0.00000
vt 0.73028 0.06147
vt 0.72198 0.06147
vt 0.71747 0.08961
vt 0.73479 0.08961
vt 0.73028 0.06147
vt 0.71747 0.08961
vt 0.81609 0.08961
vt 0.81158 0.06147
vt 0.80328 0.06147
vt 0.73479 0.08961
vt 0.71747 0.08961
vt 0.55633 0.09597
vt 0.75812 0.08961
vt 0.73479 0.08961
vt 0.55633 0.09597
vt 0.55633 0.09597
vt 0.81609 0.08961
vt 0.79877 0.08961
vt 0.85674 0.08961
vt 0.84393 0.06147
vt 0.83942 0.08961
vt 0.69414 0.08961
vt 0.67682 0.08961
vt 0.55633 0.09597
vt 0.71747 0.08961
vt 0.69414 0.08961
vt 0.55633 0.09597
vt 0.55633 0.00000
vt 0.71747 0.03709
vt 0.73479 0.03709
vt 0.84325 0.07063
vt 0.84393 0.06147
vt 0.83942 0.03709
vt 0.69223 0.08786
vt 0.69414 0.08961
vt 0.68963 0.06147
vt 0.69223 0.05341
vt 0.71747 0.03709
vt 0.72130 0.07063
vt 0.71747 0.09647
vt 0.69414 0.08961
vt 0.69223 0.08786
vt 0.69223 0.05341
vt 0.68963 0.06147
vt 0.69414 0.03709
vt 0.65158 0.08355
vt 0.65349 0.08961
vt 0.64898 0.06147
vt 0.55633 0.09597
vt 0.60879 0.05048
vt 0.61284 0.08961
vt 0.88458 0.06147
vt 0.89288 0.06147
vt 0.89739 0.08961
vt 0.63617 0.08961
vt 0.64003 0.04644
vt 0.64898 0.06147
vt 0.88007 0.08961
vt 0.88458 0.06147
vt 0.89739 0.08961
vt 0.65349 0.04479
vt 0.67682 0.03709
vt 0.68065 0.07063
vt 0.55633 0.09597
vt 0.61284 0.08961
vt 0.63617 0.08961
vt 0.92072 0.09647
vt 0.89739 0.08961
vt 0.89547 0.08355
vt 0.89739 0.04479
vt 0.89288 0.06147
vt 0.89739 0.03709
vt 0.85482 0.08355
vt 0.85674 0.08961
vt 0.85223 0.06147
vt 0.85674 0.04479
vt 0.88007 0.03709
vt 0.88390 0.07063
vt 0.88007 0.09647
vt 0.85674 0.08961
vt 0.85482 0.08355
vt 0.88007 0.03709
vt 0.85674 0.04479
vt 0.88390 0.07063
vt 0.85674 0.08961
vt 0.88007 0.09647
vt 0.85482 0.08355
vt 0.85674 0.04479
vt 0.85223 0.06147
vt 0.85482 0.08355
vt 0.89739 0.04479
vt 0.92072 0.03709
vt 0.92454 0.07063
vt 0.83942 0.03709
vt 0.81609 0.04479
vt 0.84325 0.07063
vt 0.92072 0.03709
vt 0.89739 0.04479
vt 0.92454 0.07063
vt 0.89739 0.08961
vt 0.92072 0.09647
vt 0.89547 0.08355
vt 0.89739 0.04479
vt 0.89288 0.06147
vt 0.89547 0.08355
vt 0.81609 0.08961
vt 0.83942 0.09647
vt 0.81418 0.08355
vt 0.85674 0.04479
vt 0.85223 0.06147
vt 0.85674 0.03709
vt 0.77544 0.04479
vt 0.79877 0.03709
vt 0.80068 0.05341
vt 0.79877 0.09647
vt 0.77544 0.08961
vt 0.77353 0.08355
vt 0.77544 0.04479
vt 0.77093 0.06147
vt 0.77544 0.03709
vt 0.73288 0.08355
vt 0.73479 0.08961
vt 0.73028 0.06147
vt 0.73479 0.04479
vt 0.75812 0.03709
vt 0.76003 0.05341
vt 0.75812 0.09647
vt 0.73479 0.08961
vt 0.73288 0.08355
vt 0.73479 0.04479
vt 0.73028 0.06147
vt 0.73479 0.03709
vt 0.81418 0.08355
vt 0.81609 0.08961
vt 0.81158 0.06147
vt 0.81609 0.04479
vt 0.83942 0.03709
vt 0.84133 0.05341
vt 0.83942 0.09647
vt 0.81609 0.08961
vt 0.81418 0.08355
vt 0.81609 0.04479
vt 0.81158 0.06147
vt 0.81609 0.03709
vt 0.77353 0.08355
vt 0.77544 0.08961
vt 0.77093 0.06147
vt 0.89547 0.08355
vt 0.89739 0.08961
vt 0.89288 0.06147
vt 0.67682 0.09647
vt 0.67682 0.08961
vt 0.65349 0.08961
vt 0.65349 0.04479
vt 0.65158 0.08355
vt 0.64898 0.06147
vt 0.73479 0.03709
vt 0.72198 0.06147
vt 0.71747 0.03709
vt 0.71747 0.03709
vt 0.69414 0.03709
vt 0.55633 0.00000
vt 0.65349 0.04479
vt 0.65349 0.03709
vt 0.67682 0.03709
vt 0.55633 0.00000
vt 0.81609 0.03709
vt 0.79877 0.03709
vt 0.77093 0.06147
vt 0.76263 0.06147
vt 0.75812 0.03709
vt 0.55633 0.00000
vt 0.79877 0.03709
vt 0.77544 0.03709
vt 0.69414 0.03709
vt 0.68963 0.06147
vt 0.67682 0.03709
vt 0.55633 0.00000
vt 0.77544 0.03709
vt 0.75812 0.03709
vt 0.73479 0.03709
vt 0.73028 0.06147
vt 0.72198 0.06147
vt 0.61284 0.04479
vt 0.60902 0.06202
vt 0.60879 0.05048
vt 0.61284 0.04479
vt 0.60879 0.05048
vt 0.64003 0.04644
vt 0.63617 0.09647
vt 0.63617 0.08961
vt 0.61284 0.08961
vt 0.55633 0.00000
vt 0.75812 0.03709
vt 0.73479 0.03709
vt 0.60902 0.06202
vt 0.61093 0.08786
vt 0.60879 0.05048
vt 0.55633 0.11126
vt 0.55633 0.00000
vt 0.55633 0.09597
vt 0.55633 0.00000
vt 0.55633 0.09597
vt 0.55633 0.00000
vt 0.69223 0.05341
vt 0.69223 0.08786
vt 0.68963 0.06147
vt 0.63617 0.08961
vt 0.64898 0.06147
vt 0.65349 0.08961
vt 0.83942 0.08961
vt 0.84393 0.06147
vt 0.85674 0.08961
vt 0.67682 0.08961
vt 0.68133 0.06147
vt 0.68963 0.06147
vt 0.63617 0.08961
vt 0.65349 0.08961
vt 0.55633 0.09597
vt 0.84393 0.06147
vt 0.85223 0.06147
vt 0.85674 0.08961
vt 0.55633 0.09597
vt 0.65349 0.08961
vt 0.67682 0.08961
vt 0.77544 0.03709
vt 0.77093 0.06147
vt 0.75812 0.03709
vt 0.69414 0.03709
vt 0.67682 0.03709
vt 0.55633 0.00000
vt 0.81609 0.03709
vt 0.81158 0.06147
vt 0.80328 0.06147
vt 0.65349 0.03709
vt 0.64003 0.04644
vt 0.55633 0.00000
vt 0.68963 0.06147
vt 0.68133 0.06147
vt 0.67682 0.03709
vt 0.67682 0.03709
vt 0.65349 0.03709
vt 0.55633 0.00000
vt 0.81609 0.03709
vt 0.80328 0.06147
vt 0.79877 0.03709
vt 0.64003 0.04644
vt 0.60879 0.05048
vt 0.55633 0.00000
vt 0.89739 0.03709
vt 0.88458 0.06147
vt 0.88007 0.03709
vt 0.85674 0.03709
vt 0.85223 0.06147
vt 0.84393 0.06147
vt 0.85674 0.03709
vt 0.84393 0.06147
vt 0.83942 0.03709
vt 0.65349 0.03709
vt 0.64898 0.06147
vt 0.64003 0.04644
vt 0.92454 0.05459
vt 0.92454 0.07063
vt 0.92072 0.03709
vt 0.68133 0.06147
vt 0.68065 0.07063
vt 0.67682 0.03709
vt 0.71747 0.08961
vt 0.72130 0.07063
vt 0.72198 0.06147
vt 0.92072 0.08961
vt 0.92454 0.07063
vt 0.92454 0.07210
vt 0.63617 0.08961
vt 0.63617 0.09647
vt 0.64003 0.04644
vt 0.72198 0.06147
vt 0.72130 0.07063
vt 0.71747 0.03709
vt 0.88458 0.06147
vt 0.88390 0.07063
vt 0.88007 0.03709
vt 0.92454 0.07210
vt 0.92454 0.07063
vt 0.92454 0.05459
vt 0.76263 0.06147
vt 0.76003 0.05341
vt 0.75812 0.03709
vt 0.80328 0.06147
vt 0.80068 0.05341
vt 0.79877 0.03709
vt 0.67682 0.08961
vt 0.68065 0.07063
vt 0.68133 0.06147
vt 0.75812 0.08961
vt 0.75812 0.09647
vt 0.76263 0.06147
vt 0.79877 0.08961
vt 0.79877 0.09647
vt 0.80328 0.06147
vt 0.72130 0.07063
vt 0.71747 0.08961
vt 0.72198 0.06147
vt 0.92454 0.07063
vt 0.92072 0.08961
vt 0.92454 0.07210
vt 0.64000 0.07063
vt 0.63617 0.08961
vt 0.64003 0.04644
vt 0.72130 0.07063
vt 0.72198 0.06147
vt 0.71747 0.03709
vt 0.88390 0.07063
vt 0.88007 0.08961
vt 0.88458 0.06147
vt 0.77093 0.06147
vt 0.76263 0.06147
vt 0.75812 0.08961
vt 0.92454 0.07063
vt 0.92454 0.07210
vt 0.92454 0.05459
vt 0.76195 0.07063
vt 0.76263 0.06147
vt 0.75812 0.03709
vt 0.80260 0.07063
vt 0.80328 0.06147
vt 0.79877 0.03709
vt 0.92454 0.07063
vt 0.92454 0.05459
vt 0.92072 0.03709
vt 0.77544 0.04479
vt 0.77093 0.06147
vt 0.77353 0.08355
vt 0.68065 0.07063
vt 0.68133 0.06147
vt 0.67682 0.03709
vt 0.68065 0.07063
vt 0.67682 0.08961
vt 0.68133 0.06147
vt 0.76195 0.07063
vt 0.75812 0.08961
vt 0.76263 0.06147
vt 0.80260 0.07063
vt 0.79877 0.08961
vt 0.80328 0.06147
vt 0.88390 0.07063
vt 0.88458 0.06147
vt 0.88007 0.03709
vt 0.63617 0.09647
vt 0.61284 0.08961
vt 0.61093 0.08786
vt 0.61284 0.04479
vt 0.64003 0.04644
vt 0.63809 0.05341
vt 0.61093 0.08786
vt 0.61284 0.08961
vt 0.60879 0.05048
vt 0.65349 0.04479
vt 0.64898 0.06147
vt 0.65349 0.03709
vt 0.67682 0.09647
vt 0.65349 0.08961
vt 0.65158 0.08355
vt 0.55633 0.09597
vt 0.55633 0.11126
vt 0.55633 0.11126
vt 0.55633 0.00000
vt 0.73479 0.03709
vt 0.71747 0.03709
vt 0.88007 0.08961
vt 0.88390 0.07063
vt 0.88458 0.06147
vt 0.83942 0.08961
vt 0.83942 0.09647
vt 0.84393 0.06147
vt 0.55633 0.09597
vt 0.73479 0.08961
vt 0.75812 0.08961
vt 0.84393 0.06147
vt 0.84133 0.05341
vt 0.83942 0.03709
vt 0.77544 0.08961
vt 0.79877 0.09647
vt 0.77353 0.08355
vt 0.79877 0.03709
vt 0.77544 0.04479
vt 0.80260 0.07063
vt 0.81609 0.04479
vt 0.81158 0.06147
vt 0.81418 0.08355
vt 0.69414 0.08961
vt 0.71747 0.09647
vt 0.69223 0.08355
vt 0.71747 0.03709
vt 0.69414 0.04479
vt 0.72130 0.07063
vt 0.73479 0.04479
vt 0.73028 0.06147
vt 0.73288 0.08355
vt 0.73479 0.08961
vt 0.75812 0.09647
vt 0.73288 0.08355
vt 0.75812 0.03709
vt 0.73479 0.04479
vt 0.76195 0.07063
vt 0.60902 0.07063
vt 0.60835 0.07753
vt 0.61284 0.09647
vt 0.84325 0.07063
vt 0.83942 0.08961
vt 0.84393 0.06147
vt 0.65349 0.04479
vt 0.64898 0.06147
vt 0.65158 0.08355
vt 0.65349 0.08961
vt 0.67682 0.09647
vt 0.65158 0.08355
vt 0.67682 0.03709
vt 0.65349 0.04479
vt 0.68065 0.07063
vt 0.69414 0.04479
vt 0.68963 0.06147
vt 0.69223 0.08355
vt 0.55633 0.11126
vt 0.55633 0.09597
vt 0.55633 0.00000
vt 0.61284 0.04479
vt 0.60835 0.07753
vt 0.60902 0.07063
vt 0.60835 0.07753
vt 0.63617 0.09647
vt 0.61284 0.09647
vt 0.64003 0.04644
vt 0.61284 0.04479
vt 0.64000 0.07063
vt 0.60835 0.07753
vt 0.63617 0.08961
vt 0.63617 0.09647
vt 0.65349 0.08961
vt 0.67682 0.08961
vt 0.67682 0.09647
vt 0.65349 0.04479
vt 0.65349 0.03709
vt 0.64898 0.06147
vt 0.64003 0.04644
vt 0.61284 0.03709
vt 0.61284 0.04479
vt 0.61284 0.04479
vt 0.61284 0.03709
vt 0.60835 0.07753
vt 0.69223 0.08355
vt 0.68963 0.06147
vt 0.69414 0.08961
vt 0.71747 0.03709
vt 0.69414 0.03709
vt 0.69414 0.04479
vt 0.69414 0.08961
vt 0.71747 0.08961
vt 0.71747 0.09647
vt 0.69414 0.04479
vt 0.69414 0.03709
vt 0.68963 0.06147
vt 0.65158 0.08355
vt 0.64898 0.06147
vt 0.65349 0.08961
vt 0.92072 0.03709
vt 0.89739 0.03709
vt 0.89739 0.04479
vt 0.80328 0.06147
vt 0.81158 0.06147
vt 0.81609 0.08961
vt 0.67682 0.08961
vt 0.68963 0.06147
vt 0.69414 0.08961
vt 0.67682 0.08961
vt 0.69414 0.08961
vt 0.55633 0.09597
vt 0.79877 0.08961
vt 0.80328 0.06147
vt 0.81609 0.08961
vt 0.77544 0.08961
vt 0.79877 0.08961
vt 0.55633 0.09597
vt 0.79877 0.08961
vt 0.81609 0.08961
vt 0.55633 0.09597
vt 0.89547 0.08355
vt 0.89288 0.06147
vt 0.89739 0.08961
vt 0.67682 0.03709
vt 0.65349 0.03709
vt 0.65349 0.04479
vt 0.89739 0.08961
vt 0.92072 0.08961
vt 0.92072 0.09647
vt 0.89739 0.04479
vt 0.89739 0.03709
vt 0.89288 0.06147
vt 0.85482 0.08355
vt 0.85223 0.06147
vt 0.85674 0.08961
vt 0.88007 0.03709
vt 0.85674 0.03709
vt 0.85674 0.04479
vt 0.85674 0.08961
vt 0.88007 0.08961
vt 0.88007 0.09647
vt 0.84393 0.06147
vt 0.83942 0.09647
vt 0.84133 0.05341
vt 0.80328 0.06147
vt 0.79877 0.09647
vt 0.80068 0.05341
vt 0.88458 0.06147
vt 0.89288 0.06147
vt 0.89739 0.03709
vt 0.55633 0.00000
vt 0.64003 0.04644
vt 0.65349 0.03709
vt 0.67682 0.03709
vt 0.68133 0.06147
vt 0.69414 0.03709
vt 0.55633 0.00000
vt 0.65349 0.03709
vt 0.67682 0.03709
vt 0.55633 0.00000
vt 0.60835 0.07753
vt 0.61284 0.03709
vt 0.55633 0.00000
vt 0.61284 0.03709
vt 0.64003 0.04644
vt 0.83942 0.03709
vt 0.84393 0.06147
vt 0.85674 0.03709
vt 0.64003 0.04644
vt 0.64898 0.06147
vt 0.65349 0.03709
vt 0.88007 0.03709
vt 0.88458 0.06147
vt 0.89739 0.03709
vt 0.55633 0.00000
vt 0.55633 0.09597
vt 0.60835 0.07753
vt 0.79877 0.03709
vt 0.77544 0.03709
vt 0.77544 0.04479
vt 0.77544 0.08961
vt 0.79877 0.08961
vt 0.79877 0.09647
vt 0.77544 0.04479
vt 0.77544 0.03709
vt 0.77093 0.06147
vt 0.73288 0.08355
vt 0.73028 0.06147
vt 0.73479 0.08961
vt 0.75812 0.03709
vt 0.73479 0.03709
vt 0.73479 0.04479
vt 0.73479 0.08961
vt 0.75812 0.08961
vt 0.75812 0.09647
vt 0.73479 0.04479
vt 0.73479 0.03709
vt 0.73028 0.06147
vt 0.85674 0.04479
vt 0.85674 0.03709
vt 0.85223 0.06147
vt 0.55633 0.09597
vt 0.69414 0.08961
vt 0.71747 0.08961
vt 0.81418 0.08355
vt 0.81158 0.06147
vt 0.81609 0.08961
vt 0.83942 0.03709
vt 0.81609 0.03709
vt 0.81609 0.04479
vt 0.81609 0.08961
vt 0.83942 0.08961
vt 0.83942 0.09647
vt 0.81609 0.04479
vt 0.81609 0.03709
vt 0.81158 0.06147
vt 0.77353 0.08355
vt 0.77093 0.06147
vt 0.77544 0.08961
vt 0.84393 0.06147
vt 0.85223 0.06147
vt 0.85674 0.03709
vt 0.67682 0.08961
vt 0.67682 0.09647
vt 0.68065 0.07063
vt 0.76263 0.06147
vt 0.77093 0.06147
vt 0.77544 0.08961
vt 0.75812 0.08961
vt 0.77544 0.08961
vt 0.55633 0.09597
vt 0.71747 0.08961
vt 0.71747 0.09647
vt 0.72130 0.07063
vt 0.92072 0.08961
vt 0.92072 0.09647
vt 0.92454 0.07063
vt 0.88007 0.08961
vt 0.88007 0.09647
vt 0.88390 0.07063
vt 0.55633 0.09597
vt 0.71747 0.08961
vt 0.73479 0.08961
vt 0.64003 0.04644
vt 0.63617 0.09647
vt 0.63809 0.05341
vt 0.76263 0.06147
vt 0.75812 0.09647
vt 0.76003 0.05341
vt 0.71747 0.08961
vt 0.73028 0.06147
vt 0.73479 0.08961
vt 0.71747 0.08961
vt 0.72198 0.06147
vt 0.73028 0.06147
vt 0.75812 0.08961
vt 0.76263 0.06147
vt 0.77544 0.08961
vt 0.90448 0.76630
vt 0.89851 0.78204
vt 0.89446 0.73542
vt 0.90149 0.77417
vt 0.89446 0.73542
vt 0.89851 0.78204
vt 0.93607 0.95968
vt 0.94251 1.00000
vt 0.93488 0.96283
vt 0.93488 0.96283
vt 0.91550 0.87558
vt 0.91789 0.86929
vt 0.89851 0.78204
vt 0.91789 0.86929
vt 0.91550 0.87558
vt 0.90149 0.77417
vt 0.92147 0.85984
vt 0.90448 0.76630
vt 0.91550 0.87558
vt 0.90149 0.77417
vt 0.89851 0.78204
vt 0.93607 0.95968
vt 0.91789 0.86929
vt 0.92147 0.85984
vt 0.90448 0.76630
vt 0.91789 0.86929
vt 0.89851 0.78204
vt 0.92147 0.85984
vt 0.90149 0.77417
vt 0.91550 0.87558
vt 0.91789 0.86929
vt 0.93607 0.95968
vt 0.93488 0.96283
vt 0.91789 0.86929
vt 0.90448 0.76630
vt 0.92147 0.85984
vt 0.94251 1.00000
vt 0.93607 0.95968
vt 0.93488 0.96283
vt 0.92147 0.85984
vt 0.93488 0.96283
vt 0.93607 0.95968
vt 0.89446 0.73542
vt 0.90149 0.77417
vt 0.90448 0.76630
vt 0.92147 0.85984
vt 0.91550 0.87558
vt 0.93488 0.96283
vt 0.90106 0.72155
vt 0.90486 0.72397
vt 0.90157 0.71817
vt 0.90486 0.72397
vt 0.90106 0.72155
vt 0.90402 0.72952
vt 0.90106 0.72155
vt 0.90157 0.71817
vt 0.90402 0.72952
vt 0.90486 0.72397
vt 0.90402 0.72952
vt 0.90157 0.71817
vt 0.89881 0.74112
vt 0.90121 0.74124
vt 0.89804 0.69459
vt 0.89804 0.69459
vt 0.89804 0.69459
vt 0.91170 0.69613
vt 0.89804 0.69459
vt 0.89804 0.69459
vt 0.89881 0.74112
vt 0.89804 0.69459
vt 0.90121 0.74124
vt 0.91170 0.69613
vt 0.90121 0.74124
vt 0.91179 0.69854
vt 0.91170 0.69613
vt 0.89804 0.69459
vt 0.91170 0.69613
vt 0.91179 0.69854
vt 0.89881 0.74112
vt 0.89804 0.69459
vt 0.91179 0.69854
vt 0.90121 0.74124
vt 0.89881 0.74112
vt 0.91179 0.69854
vt 0.89671 0.73043
vt 0.90260 0.72948
vt 0.90100 0.71884
vt 0.90285 0.72982
vt 0.90260 0.72948
vt 0.90155 0.75753
vt 0.90260 0.72948
vt 0.90285 0.72982
vt 0.90100 0.71884
vt 0.89671 0.73043
vt 0.90100 0.71884
vt 0.90285 0.72982
vt 0.89671 0.73043
vt 0.90285 0.72982
vt 0.89984 0.74568
vt 0.90285 0.72982
vt 0.90155 0.75753
vt 0.89984 0.74568
vt 0.89671 0.73043
vt 0.90155 0.75753
vt 0.90260 0.72948
vt 0.89984 0.74568
vt 0.90155 0.75753
vt 0.89671 0.73043
vt 0.82890 0.21180
vt 0.83646 0.12396
vt 0.82890 0.13497
vt 0.82890 0.25022
vt 0.83646 0.22282
vt 0.83646 0.27225
vt 0.82890 0.09655
vt 0.83646 0.12396
vt 0.83646 0.07453
vt 0.79932 0.21000
vt 0.05375 0.13678
vt 0.05375 0.21000
vt 0.79932 0.24661
vt 0.82890 0.21180
vt 0.82890 0.25022
vt 0.79932 0.13678
vt 0.05375 0.10016
vt 0.05375 0.13678
vt 0.79932 0.10016
vt 0.05375 0.13678
vt 0.05375 0.10016
vt 0.82890 0.25022
vt 0.83646 0.22282
vt 0.82890 0.21180
vt 0.79932 0.10016
vt 0.82890 0.13497
vt 0.82890 0.09655
vt 0.79932 0.21000
vt 0.82890 0.13497
vt 0.82890 0.21180
vt 0.79932 0.24661
vt 0.82890 0.21180
vt 0.79932 0.21000
vt 0.85456 0.19914
vt 0.84725 0.21426
vt 0.85822 0.23020
vt 0.05375 0.10016
vt 0.05375 0.13678
vt 0.05375 0.13127
vt 0.05375 0.08915
vt 0.01026 0.08915
vt 0.01026 0.13127
vt 0.05375 0.24661
vt 0.05375 0.21000
vt 0.05375 0.21551
vt 0.05375 0.10016
vt 0.05375 0.08915
vt 0.05375 0.13127
vt 0.05375 0.21000
vt 0.05375 0.21551
vt 0.05375 0.13127
vt 0.01026 0.13127
vt 0.01026 0.14246
vt 0.01026 0.11153
vt 0.05375 0.21551
vt 0.01026 0.21551
vt 0.01026 0.25763
vt 0.05375 0.13127
vt 0.05375 0.21551
vt 0.01026 0.21551
vt 0.00000 0.13252
vt 0.00000 0.11153
vt 0.00651 0.14246
vt 0.00834 0.20301
vt 0.00000 0.21426
vt 0.00430 0.19382
vt 0.00430 0.19382
vt 0.84725 0.19382
vt 0.84725 0.21426
vt 0.00430 0.15295
vt 0.85505 0.14673
vt 0.84725 0.19382
vt 0.00430 0.15295
vt 0.00000 0.13252
vt 0.84725 0.13252
vt 0.00430 0.15295
vt 0.84725 0.15295
vt 0.84725 0.13252
vt 0.00430 0.19382
vt 0.84725 0.21426
vt 0.85456 0.19914
vt 0.85505 0.14673
vt 0.84725 0.13252
vt 0.85822 0.11658
vt 0.85822 0.14498
vt 0.84725 0.13252
vt 0.84725 0.15295
vt 0.01026 0.21551
vt 0.01026 0.23525
vt 0.01026 0.25763
vt 0.01026 0.21551
vt 0.01026 0.14246
vt 0.01026 0.13127
vt 0.01026 0.23525
vt 0.00871 0.20274
vt 0.00000 0.23525
vt 0.00834 0.20301
vt 0.00651 0.14246
vt 0.01026 0.14246
vt 0.01026 0.11153
vt 0.00651 0.14246
vt 0.00000 0.11153
vt 0.01026 0.21551
vt 0.01026 0.23525
vt 0.00834 0.20301
vt 0.01026 0.13127
vt 0.01026 0.11153
vt 0.00812 0.14391
vt 0.05375 0.24661
vt 0.05375 0.21551
vt 0.05375 0.21000
vt 0.05375 0.10016
vt 0.05375 0.13127
vt 0.05375 0.13678
vt 0.00430 0.15295
vt 0.00000 0.13252
vt 0.00651 0.14246
vt 0.00000 0.21426
vt 0.00000 0.23525
vt 0.00871 0.20274
vt 0.00430 0.19382
vt 0.00000 0.21426
vt 0.00871 0.20274
vt 0.05375 0.13127
vt 0.01026 0.13127
vt 0.01026 0.08915
vt 0.00812 0.14391
vt 0.00000 0.13252
vt 0.00430 0.15295
vt 0.00812 0.14391
vt 0.00000 0.11153
vt 0.00000 0.13252
vt 0.00834 0.20301
vt 0.00000 0.23525
vt 0.00000 0.21426
vt 0.05375 0.13678
vt 0.05375 0.21551
vt 0.05375 0.21000
vt 0.05375 0.10016
vt 0.05375 0.13127
vt 0.05375 0.08915
vt 0.05375 0.08915
vt 0.01026 0.13127
vt 0.05375 0.13127
vt 0.05375 0.24661
vt 0.05375 0.21551
vt 0.05375 0.25763
vt 0.00430 0.19382
vt 0.00871 0.20274
vt 0.00812 0.14391
vt 0.01026 0.13127
vt 0.00871 0.20274
vt 0.01026 0.21551
vt 0.05375 0.21551
vt 0.01026 0.25763
vt 0.01026 0.21551
vt 0.05375 0.13127
vt 0.01026 0.21551
vt 0.05375 0.21551
vt 0.05375 0.13127
vt 0.01026 0.08915
vt 0.05375 0.08915
vt 0.05375 0.21000
vt 0.05375 0.13127
vt 0.05375 0.13678
vt 0.01026 0.13127
vt 0.01026 0.11153
vt 0.01026 0.08915
vt 0.05375 0.21551
vt 0.01026 0.25763
vt 0.05375 0.25763
vt 0.79932 0.13678
vt 0.05375 0.21000
vt 0.05375 0.13678
vt 0.79932 0.21000
vt 0.05375 0.24661
vt 0.05375 0.21000
vt 0.85822 0.20179
vt 0.84725 0.19382
vt 0.85505 0.14673
vt 0.00812 0.14391
vt 0.00430 0.15295
vt 0.00430 0.19382
vt 0.05375 0.13127
vt 0.01026 0.21551
vt 0.01026 0.13127
vt 0.85822 0.20179
vt 0.84725 0.21426
vt 0.84725 0.19382
vt 0.00430 0.15295
vt 0.00651 0.14246
vt 0.00430 0.19382
vt 0.05375 0.21551
vt 0.05375 0.25763
vt 0.01026 0.25763
vt 0.01026 0.11153
vt 0.01026 0.14246
vt 0.00651 0.14246
vt 0.01026 0.21551
vt 0.00871 0.20274
vt 0.01026 0.23525
vt 0.01026 0.13127
vt 0.01026 0.08915
vt 0.01026 0.11153
vt 0.79932 0.21000
vt 0.79932 0.13678
vt 0.82890 0.13497
vt 0.79932 0.10016
vt 0.79932 0.13678
vt 0.82890 0.13497
vt 0.79932 0.10016
vt 0.82890 0.09655
vt 0.82890 0.13497
vt 0.79932 0.24661
vt 0.82890 0.25022
vt 0.82890 0.21180
vt 0.79932 0.10016
vt 0.79932 0.13678
vt 0.05375 0.13678
vt 0.82890 0.25022
vt 0.83646 0.27225
vt 0.83646 0.22282
vt 0.79932 0.24661
vt 0.05375 0.21000
vt 0.05375 0.24661
vt 0.82890 0.09655
vt 0.82890 0.13497
vt 0.83646 0.12396
vt 0.82890 0.25022
vt 0.82890 0.21180
vt 0.83646 0.22282
vt 0.82890 0.21180
vt 0.83646 0.22282
vt 0.83646 0.12396
vt 0.82890 0.09655
vt 0.83646 0.07453
vt 0.83646 0.12396
vt 0.82890 0.21180
vt 0.82890 0.13497
vt 0.83646 0.12396
vt 0.79932 0.21000
vt 0.82890 0.21180
vt 0.82890 0.13497
vt 0.00430 0.19382
vt 0.85456 0.19914
vt 0.84725 0.15295
vt 0.00430 0.19382
vt 0.00000 0.21426
vt 0.84725 0.21426
vt 0.85822 0.14498
vt 0.85822 0.11658
vt 0.84725 0.13252
vt 0.85456 0.19914
vt 0.85822 0.14498
vt 0.84725 0.15295
vt 0.85822 0.20179
vt 0.85822 0.23020
vt 0.84725 0.21426
vt 0.05375 0.24661
vt 0.05375 0.25763
vt 0.05375 0.21551
vt 0.00430 0.15295
vt 0.84725 0.13252
vt 0.00000 0.13252
vt 0.00430 0.19382
vt 0.84725 0.21426
vt 0.00000 0.21426
vt 0.01026 0.21551
vt 0.01026 0.25763
vt 0.01026 0.23525
vt 0.01026 0.13127
vt 0.00812 0.14391
vt 0.00871 0.20274
vt 0.01026 0.11153
vt 0.00000 0.11153
vt 0.00812 0.14391
vt 0.01026 0.23525
vt 0.00000 0.23525
vt 0.00834 0.20301
vt 0.01026 0.21551
vt 0.00834 0.20301
vt 0.01026 0.14246
vt 0.00430 0.15295
vt 0.84725 0.13252
vt 0.85505 0.14673
vt 0.05375 0.13127
vt 0.01026 0.13127
vt 0.01026 0.21551
vt 0.00430 0.15295
vt 0.84725 0.19382
vt 0.00430 0.19382
vt 0.79932 0.21000
vt 0.82890 0.13497
vt 0.79932 0.13678
vt 0.79932 0.10016
vt 0.82890 0.13497
vt 0.79932 0.13678
vt 0.79932 0.24661
vt 0.79932 0.21000
vt 0.82890 0.21180
vt 0.79932 0.13678
vt 0.79932 0.10016
vt 0.05375 0.10016
vt 0.79932 0.13678
vt 0.79932 0.21000
vt 0.05375 0.21000
vt 0.79932 0.21000
vt 0.79932 0.24661
vt 0.05375 0.24661
vt 0.79932 0.24661
vt 0.79932 0.21000
vt 0.05375 0.21000
vt 0.79932 0.21000
vt 0.79932 0.13678
vt 0.05375 0.13678
vt 0.00834 0.20301
vt 0.00430 0.19382
vt 0.00651 0.14246
vt 0.82890 0.21180
vt 0.83646 0.12396
vt 0.83646 0.22282
vt 0.05375 0.13678
vt 0.05375 0.13127
vt 0.05375 0.21551
vt 0.82890 0.09655
vt 0.83646 0.12396
vt 0.82890 0.13497
vt 0.00430 0.19382
vt 0.84725 0.15295
vt 0.00430 0.15295
vt 0.59271 0.37039
vt 0.58078 0.37039
vt 0.58846 0.37039
vt 0.61147 0.40110
vt 0.60601 0.37039
vt 0.60601 0.40110
vt 0.58099 0.37039
vt 0.58078 0.37039
vt 0.59271 0.37039
vt 0.61147 0.40110
vt 0.61147 0.37039
vt 0.60601 0.37039
vt 0.58078 0.40110
vt 0.58099 0.37039
vt 0.59059 0.40110
vt 0.58097 0.40110
vt 0.59059 0.40110
vt 0.59271 0.40110
vt 0.60601 0.37039
vt 0.61147 0.40110
vt 0.60601 0.40110
vt 0.58097 0.40110
vt 0.58078 0.40110
vt 0.59059 0.40110
vt 0.60601 0.37039
vt 0.61147 0.37039
vt 0.61147 0.40110
vt 0.59059 0.40110
vt 0.58099 0.37039
vt 0.59271 0.37039
vt 0.58846 0.37039
vt 0.58078 0.37039
vt 0.58097 0.40110
vt 0.59271 0.40110
vt 0.60601 0.40110
vt 0.60601 0.37039
vt 0.60601 0.37039
vt 0.60601 0.37039
vt 0.58846 0.37039
vt 0.59059 0.40110
vt 0.59271 0.37039
vt 0.60601 0.37039
vt 0.58078 0.40110
vt 0.58097 0.40110
vt 0.58078 0.37039
vt 0.59059 0.40110
vt 0.60601 0.37039
vt 0.60601 0.40110
vt 0.59059 0.40110
vt 0.60601 0.40110
vt 0.60601 0.40110
vt 0.58078 0.40110
vt 0.58078 0.37039
vt 0.58099 0.37039
vt 0.60601 0.40110
vt 0.61147 0.40110
vt 0.60601 0.40110
vt 0.58846 0.37039
vt 0.58097 0.40110
vt 0.59271 0.40110
vt 0.60601 0.37039
vt 0.61147 0.37039
vt 0.60601 0.37039
vt 0.59271 0.40110
vt 0.60601 0.37039
vt 0.58846 0.37039
vt 0.59059 0.40110
vt 0.60601 0.40110
vt 0.59271 0.40110
vt 0.60601 0.37039
vt 0.59271 0.37039
vt 0.58846 0.37039
vt 0.60465 0.37042
vt 0.61373 0.40118
vt 0.60627 0.40118
vt 0.60792 0.37041
vt 0.60441 0.40118
vt 0.60627 0.40118
vt 0.61491 0.40118
vt 0.61142 0.40118
vt 0.62104 0.40118
vt 0.61491 0.37041
vt 0.61947 0.37040
vt 0.61870 0.40118
vt 0.60627 0.40118
vt 0.61373 0.40118
vt 0.61519 0.40118
vt 0.61870 0.40118
vt 0.61491 0.40118
vt 0.62104 0.40118
vt 0.61142 0.40118
vt 0.61491 0.40118
vt 0.60627 0.40118
vt 0.61519 0.40118
vt 0.61373 0.40118
vt 0.61870 0.40118
vt 0.60441 0.40118
vt 0.60627 0.40118
vt 0.60179 0.40118
vt 0.61253 0.37040
vt 0.60792 0.37041
vt 0.61491 0.40118
vt 0.60792 0.37041
vt 0.60465 0.37042
vt 0.60441 0.40118
vt 0.60465 0.37042
vt 0.61491 0.37041
vt 0.61373 0.40118
vt 0.61947 0.37040
vt 0.61253 0.37040
vt 0.61491 0.40118
vt 0.60458 0.37039
vt 0.60441 0.40118
vt 0.60179 0.40118
vt 0.61253 0.37040
vt 0.61142 0.40118
vt 0.60441 0.40118
vt 0.61253 0.37040
vt 0.61826 0.37039
vt 0.62104 0.40118
vt 0.61947 0.37040
vt 0.61519 0.40118
vt 0.62104 0.40118
vt 0.61142 0.37039
vt 0.60458 0.37039
vt 0.60179 0.40118
vt 0.60465 0.37042
vt 0.60792 0.37041
vt 0.60458 0.37039
vt 0.61142 0.37039
vt 0.61491 0.37041
vt 0.60465 0.37042
vt 0.61826 0.37039
vt 0.61253 0.37040
vt 0.61947 0.37040
vt 0.60465 0.37042
vt 0.60458 0.37039
vt 0.60174 0.37039
vt 0.60792 0.37041
vt 0.61253 0.37040
vt 0.60458 0.37039
vt 0.61947 0.37040
vt 0.61491 0.40118
vt 0.61870 0.40118
vt 0.60792 0.37041
vt 0.60627 0.40118
vt 0.61491 0.40118
vt 0.60465 0.37042
vt 0.60627 0.40118
vt 0.60441 0.40118
vt 0.61491 0.37041
vt 0.61142 0.37039
vt 0.61947 0.37040
vt 0.61142 0.37039
vt 0.60465 0.37042
vt 0.60458 0.37039
vt 0.60458 0.37039
vt 0.60465 0.37042
vt 0.60174 0.37039
vt 0.60627 0.40118
vt 0.61519 0.40118
vt 0.60179 0.40118
vt 0.61519 0.40118
vt 0.61870 0.40118
vt 0.62104 0.40118
vt 0.61142 0.40118
vt 0.60627 0.40118
vt 0.60441 0.40118
vt 0.61947 0.37040
vt 0.62104 0.40118
vt 0.62109 0.37039
vt 0.61142 0.37039
vt 0.61519 0.40118
vt 0.61947 0.37040
vt 0.61826 0.37039
vt 0.61947 0.37040
vt 0.62109 0.37039
vt 0.61491 0.37041
vt 0.61870 0.40118
vt 0.61373 0.40118
vt 0.61142 0.37039
vt 0.60179 0.40118
vt 0.61519 0.40118
vt 0.62109 0.37039
vt 0.62104 0.40118
vt 0.61826 0.37039
vt 0.61253 0.37040
vt 0.62104 0.40118
vt 0.61142 0.40118
vt 0.61253 0.37040
vt 0.60441 0.40118
vt 0.60458 0.37039
vt 0.60458 0.37039
vt 0.60179 0.40118
vt 0.60174 0.37039
vt 0.60174 0.37039
vt 0.60179 0.40118
vt 0.60458 0.37039
vt 0.59141 0.41819
vt 0.56797 0.37024
vt 0.56797 0.28089
vt 0.59141 0.37024
vt 0.59141 0.41819
vt 0.59141 0.28089
vt 0.59141 0.37024
vt 0.59141 0.28089
vt 0.59141 0.28089
vt 0.56797 0.37024
vt 0.59141 0.37024
vt 0.59141 0.37024
vt 0.56797 0.28089
vt 0.56797 0.37024
vt 0.56797 0.37024
vt 0.59141 0.37024
vt 0.59141 0.41819
vt 0.57501 0.41819
vt 0.59141 0.37024
vt 0.57501 0.41819
vt 0.56797 0.37024
vt 0.59141 0.28089
vt 0.59141 0.28089
vt 0.56797 0.28089
vt 0.56797 0.28089
vt 0.56797 0.37024
vt 0.56797 0.28089
vt 0.56797 0.37024
vt 0.59141 0.37024
vt 0.56797 0.37024
vt 0.57501 0.41819
vt 0.59141 0.41819
vt 0.56797 0.37024
vt 0.56797 0.28089
vt 0.59141 0.28089
vt 0.56797 0.28089
vt 0.59141 0.41819
vt 0.57501 0.41819
vt 0.56797 0.37024
vt 0.59141 0.41819
vt 0.56797 0.28089
vt 0.59141 0.28089
vt 0.56797 0.28089
vt 0.59141 0.41819
vt 0.59141 0.28089
vt 0.59141 0.37024
vt 0.57501 0.41819
vt 0.59141 0.41819
vt 0.56797 0.28089
vt 0.56797 0.37024
vt 0.59141 0.41819
vt 0.59141 0.28089
vt 0.59141 0.41819
vt 0.59141 0.37024
vt 0.59141 0.28089
vt 0.59141 0.37024
vt 0.59141 0.37024
vt 0.59141 0.37024
vt 0.56797 0.37024
vt 0.57501 0.41819
vt 0.57501 0.41819
vt 0.57501 0.41819
vt 0.56797 0.37024
vt 0.59141 0.41819
vt 0.57501 0.41819
vt 0.57501 0.41819
vt 0.64332 0.36832
vt 0.64332 0.34578
vt 0.64332 0.36362
vt 0.63462 0.34578
vt 0.63462 0.34693
vt 0.64332 0.34578
vt 0.63462 0.34693
vt 0.63462 0.34578
vt 0.63462 0.36130
vt 0.64332 0.35037
vt 0.63462 0.36130
vt 0.63462 0.34578
vt 0.64332 0.36362
vt 0.63462 0.34693
vt 0.63462 0.36832
vt 0.64332 0.36832
vt 0.64332 0.35037
vt 0.64332 0.34578
vt 0.64332 0.36832
vt 0.63462 0.36832
vt 0.63462 0.36130
vt 0.63462 0.34578
vt 0.64332 0.34578
vt 0.64332 0.35037
vt 0.63462 0.36130
vt 0.63462 0.36832
vt 0.63462 0.34693
vt 0.64332 0.34578
vt 0.63462 0.34693
vt 0.64332 0.36362
vt 0.63462 0.36832
vt 0.64332 0.36832
vt 0.64332 0.36362
vt 0.63462 0.36130
vt 0.64332 0.35037
vt 0.64332 0.36832
vt 0.62029 0.36832
vt 0.62029 0.34693
vt 0.62899 0.35037
vt 0.62899 0.36832
vt 0.62899 0.35037
vt 0.62899 0.34736
vt 0.62029 0.36832
vt 0.62899 0.36832
vt 0.62029 0.36832
vt 0.62029 0.34693
vt 0.62029 0.36832
vt 0.62029 0.34782
vt 0.62899 0.34736
vt 0.62029 0.36832
vt 0.62899 0.36832
vt 0.62029 0.34693
vt 0.62899 0.34736
vt 0.62899 0.35037
vt 0.62899 0.36832
vt 0.62899 0.34736
vt 0.62899 0.36832
vt 0.62029 0.36832
vt 0.62899 0.35037
vt 0.62899 0.36832
vt 0.62029 0.36832
vt 0.62899 0.36832
vt 0.62899 0.36832
vt 0.62899 0.34736
vt 0.62029 0.34782
vt 0.62029 0.36832
vt 0.62899 0.34736
vt 0.62029 0.34693
vt 0.62029 0.34782
vt 0.62029 0.34693
vt 0.62029 0.36832
vt 0.62029 0.36832
vt 0.60597 0.36832
vt 0.61466 0.36832
vt 0.60597 0.36832
vt 0.60597 0.34782
vt 0.60597 0.34693
vt 0.61466 0.34736
vt 0.60597 0.34782
vt 0.60597 0.36832
vt 0.60597 0.34693
vt 0.60597 0.34693
vt 0.60597 0.36832
vt 0.60597 0.36832
vt 0.61466 0.34736
vt 0.60597 0.34693
vt 0.61466 0.35037
vt 0.60597 0.36832
vt 0.61466 0.34736
vt 0.61466 0.36832
vt 0.61466 0.35037
vt 0.61466 0.36832
vt 0.61466 0.34736
vt 0.61466 0.35037
vt 0.60597 0.36832
vt 0.61466 0.36832
vt 0.61466 0.36832
vt 0.61466 0.36832
vt 0.60597 0.36832
vt 0.60597 0.36832
vt 0.60597 0.34782
vt 0.61466 0.34736
vt 0.61466 0.36832
vt 0.61466 0.36832
vt 0.61466 0.34736
vt 0.61466 0.35037
vt 0.60597 0.34693
vt 0.60597 0.36832
vt 0.59164 0.36832
vt 0.59164 0.36832
vt 0.59164 0.34693
vt 0.59164 0.34782
vt 0.60034 0.34578
vt 0.60034 0.35037
vt 0.60034 0.36832
vt 0.59164 0.36832
vt 0.59164 0.36832
vt 0.59164 0.36832
vt 0.60034 0.35037
vt 0.60034 0.36832
vt 0.60034 0.36832
vt 0.60034 0.35037
vt 0.60034 0.34578
vt 0.59164 0.34693
vt 0.60034 0.36480
vt 0.60034 0.34578
vt 0.59164 0.34782
vt 0.59164 0.36832
vt 0.59164 0.34693
vt 0.59164 0.36832
vt 0.59164 0.34782
vt 0.60034 0.35037
vt 0.60034 0.36832
vt 0.60034 0.36480
vt 0.59164 0.36832
vt 0.60034 0.36480
vt 0.60034 0.36832
vt 0.60034 0.34578
vt 0.60034 0.36480
vt 0.59164 0.34693
vt 0.59164 0.36832
vt 0.59164 0.34782
vt 0.59164 0.34693
vt 0.60034 0.34578
vt 0.57581 0.37536
vt 0.58387 0.36882
vt 0.57835 0.36602
vt 0.57581 0.39591
vt 0.57835 0.40525
vt 0.57581 0.37536
vt 0.57835 0.40525
vt 0.58387 0.36882
vt 0.57581 0.37536
vt 0.58387 0.36882
vt 0.58387 0.40245
vt 0.58515 0.37536
vt 0.57835 0.36602
vt 0.58387 0.36882
vt 0.58515 0.37536
vt 0.57835 0.40525
vt 0.58515 0.39591
vt 0.58387 0.36882
vt 0.58387 0.36882
vt 0.58515 0.39591
vt 0.58387 0.40245
vt 0.58387 0.40245
vt 0.58515 0.39591
vt 0.57835 0.40525
vt 0.57835 0.40525
vt 0.57581 0.39591
vt 0.58387 0.40245
vt 0.57581 0.39591
vt 0.57581 0.37536
vt 0.57835 0.36602
vt 0.57581 0.39591
vt 0.57835 0.36602
vt 0.58387 0.40245
vt 0.57835 0.36602
vt 0.58515 0.37536
vt 0.58387 0.40245
vt 0.92454 0.05459
vt 0.92072 0.03709
vt 1.00000 0.01873
vt 0.81609 0.03709
vt 0.55633 0.00000
vt 1.00000 0.00000
vt 0.92072 0.03709
vt 0.89739 0.03709
vt 1.00000 0.01635
vt 0.89739 0.08961
vt 0.88007 0.08961
vt 1.00000 0.09341
vt 0.92454 0.05459
vt 0.92454 0.07210
vt 1.00000 0.08362
vt 0.55633 0.00000
vt 0.81609 0.03709
vt 1.00000 0.01133
vt 0.92072 0.03709
vt 0.92454 0.05459
vt 1.00000 0.02825
vt 0.55633 0.00000
vt 0.55633 0.00000
vt 1.00000 0.00000
vt 0.92454 0.07210
vt 0.92072 0.08961
vt 1.00000 0.09276
vt 0.81609 0.08961
vt 0.55633 0.09597
vt 1.00000 0.09597
vt 0.92072 0.08961
vt 0.89739 0.08961
vt 1.00000 0.09317
vt 0.88007 0.08961
vt 0.85674 0.08961
vt 1.00000 0.09367
vt 0.85674 0.08961
vt 0.83942 0.08961
vt 1.00000 0.09384
vt 0.83942 0.08961
vt 0.81609 0.08961
vt 1.00000 0.09403
vt 0.55633 0.11126
vt 0.55633 0.11126
vt 1.00000 0.11126
vt 0.55633 0.09597
vt 0.55633 0.11126
vt 1.00000 0.11126
vt 0.92454 0.07210
vt 0.92454 0.05459
vt 1.00000 0.07456
vt 0.92072 0.08961
vt 0.92454 0.07210
vt 1.00000 0.08362
vt 0.55633 0.09597
vt 0.81609 0.08961
vt 1.00000 0.09403
vt 0.55633 0.00000
vt 0.55633 0.00000
vt 1.00000 0.00000
vt 0.81609 0.08961
vt 0.83942 0.08961
vt 1.00000 0.09384
vt 0.83942 0.08961
vt 0.85674 0.08961
vt 1.00000 0.09367
vt 0.85674 0.08961
vt 0.88007 0.08961
vt 1.00000 0.09341
vt 0.88007 0.08961
vt 0.89739 0.08961
vt 1.00000 0.09317
vt 0.89739 0.08961
vt 0.92072 0.08961
vt 1.00000 0.09276
vt 0.85674 0.03709
vt 0.83942 0.03709
vt 1.00000 0.01243
vt 0.83942 0.03709
vt 0.81609 0.03709
vt 1.00000 0.01133
vt 0.89739 0.03709
vt 0.88007 0.03709
vt 1.00000 0.01494
vt 0.88007 0.03709
vt 0.85674 0.03709
vt 1.00000 0.01339
vt 0.55633 0.11126
vt 0.55633 0.09597
vt 1.00000 0.10992
vt 0.55633 0.11126
vt 0.55633 0.11126
vt 1.00000 0.11126
vt 0.83942 0.03709
vt 0.85674 0.03709
vt 1.00000 0.01339
vt 0.81609 0.03709
vt 0.83942 0.03709
vt 1.00000 0.01243
vt 0.89739 0.03709
vt 0.92072 0.03709
vt 1.00000 0.01873
vt 0.88007 0.03709
vt 0.89739 0.03709
vt 1.00000 0.01635
vt 0.85674 0.03709
vt 0.88007 0.03709
vt 1.00000 0.01494
vt 0.92816 0.43956
vt 0.92816 0.39423
vt 1.00000 0.39423
vt 0.92816 0.70374
vt 0.92816 0.65842
vt 1.00000 0.65842
vt 0.92816 0.54899
vt 0.92816 0.65842
vt 1.00000 0.54899
vt 0.92816 0.39423
vt 0.92816 0.43956
vt 1.00000 0.43956
vt 0.92816 0.54899
vt 0.92816 0.43956
vt 1.00000 0.54899
vt 0.92816 0.65842
vt 0.92816 0.54899
vt 1.00000 0.65842
vt 0.92816 0.65842
vt 0.92816 0.70374
vt 1.00000 0.65842
vt 0.92816 0.43956
vt 0.92816 0.54899
vt 1.00000 0.43956
vt 0.85505 0.14673
vt 0.85822 0.11658
vt 1.00000 0.11658
vt 0.85822 0.14498
vt 0.85456 0.19914
vt 1.00000 0.14498
vt 0.85822 0.11658
vt 0.85822 0.14498
vt 1.00000 0.11658
vt 0.85822 0.20179
vt 0.85505 0.14673
vt 1.00000 0.14498
vt 0.85456 0.19914
vt 0.85822 0.23020
vt 1.00000 0.20179
vt 0.85822 0.23020
vt 0.85822 0.20179
vt 1.00000 0.20179
vt 0.83646 0.22282
vt 0.83646 0.12396
vt 1.00000 0.22282
vt 0.83646 0.12396
vt 0.83646 0.22282
vt 1.00000 0.12396
vt 0.83646 0.12396
vt 0.83646 0.07453
vt 1.00000 0.12396
vt 0.83646 0.07453
vt 0.83646 0.12396
vt 1.00000 0.07453
vt 0.83646 0.22282
vt 0.83646 0.27225
vt 1.00000 0.22282
vt 0.83646 0.27225
vt 0.83646 0.22282
vt 1.00000 0.27225
vt 1.00000 0.01873
vt 1.00000 0.02825
vt 0.92454 0.05459
vt 1.00000 0.00000
vt 1.00000 0.01133
vt 0.81609 0.03709
vt 1.00000 0.01635
vt 1.00000 0.01873
vt 0.92072 0.03709
vt 1.00000 0.09341
vt 1.00000 0.09317
vt 0.89739 0.08961
vt 1.00000 0.08362
vt 1.00000 0.07456
vt 0.92454 0.05459
vt 1.00000 0.01133
vt 1.00000 0.00000
vt 0.55633 0.00000
vt 1.00000 0.02825
vt 1.00000 0.01873
vt 0.92072 0.03709
vt 1.00000 0.00000
vt 1.00000 0.00000
vt 0.55633 0.00000
vt 1.00000 0.09276
vt 1.00000 0.08362
vt 0.92454 0.07210
vt 1.00000 0.09597
vt 1.00000 0.09403
vt 0.81609 0.08961
vt 1.00000 0.09317
vt 1.00000 0.09276
vt 0.92072 0.08961
vt 1.00000 0.09367
vt 1.00000 0.09341
vt 0.88007 0.08961
vt 1.00000 0.09384
vt 1.00000 0.09367
vt 0.85674 0.08961
vt 1.00000 0.09403
vt 1.00000 0.09384
vt 0.83942 0.08961
vt 1.00000 0.11126
vt 1.00000 0.11126
vt 0.55633 0.11126
vt 1.00000 0.11126
vt 1.00000 0.10992
vt 0.55633 0.09597
vt 1.00000 0.07456
vt 1.00000 0.08362
vt 0.92454 0.07210
vt 1.00000 0.08362
vt 1.00000 0.09276
vt 0.92072 0.08961
vt 1.00000 0.09403
vt 1.00000 0.09597
vt 0.55633 0.09597
vt 1.00000 0.09384
vt 1.00000 0.09403
vt 0.81609 0.08961
vt 1.00000 0.09367
vt 1.00000 0.09384
vt 0.83942 0.08961
vt 1.00000 0.09341
vt 1.00000 0.09367
vt 0.85674 0.08961
vt 1.00000 0.09317
vt 1.00000 0.09341
vt 0.88007 0.08961
vt 1.00000 0.09276
vt 1.00000 0.09317
vt 0.89739 0.08961
vt 1.00000 0.01243
vt 1.00000 0.01339
vt 0.85674 0.03709
vt 1.00000 0.01133
vt 1.00000 0.01243
vt 0.83942 0.03709
vt 1.00000 0.01494
vt 1.00000 0.01635
vt 0.89739 0.03709
vt 1.00000 0.01339
vt 1.00000 0.01494
vt 0.88007 0.03709
vt 1.00000 0.10992
vt 1.00000 0.11126
vt 0.55633 0.11126
vt 1.00000 0.11126
vt 1.00000 0.11126
vt 0.55633 0.11126
vt 1.00000 0.01339
vt 1.00000 0.01243
vt 0.83942 0.03709
vt 1.00000 0.01243
vt 1.00000 0.01133
vt 0.81609 0.03709
vt 1.00000 0.01873
vt 1.00000 0.01635
vt 0.89739 0.03709
vt 1.00000 0.01635
vt 1.00000 0.01494
vt 0.88007 0.03709
vt 1.00000 0.01494
vt 1.00000 0.01339
vt 0.85674 0.03709
vt 1.00000 0.43956
vt 1.00000 0.39423
vt 0.92816 0.39423
vt 1.00000 0.14498
vt 1.00000 0.20179
vt 0.85822 0.20179
vt 0.92454 0.05459
vt 1.00000 0.02825
vt 1.00000 0.07456
vt 0.55633 0.09597
vt 1.00000 0.10992
vt 1.00000 0.09597
vt 0.55633 0.09597
vt 1.00000 0.09597
vt 1.00000 0.10992
vt 0.55633 0.11126
vt 1.00000 0.11126
vt 1.00000 0.11126
vt 0.92454 0.05459
vt 1.00000 0.07456
vt 1.00000 0.02825
vt 0.55633 0.00000
vt 1.00000 0.00000
vt 1.00000 0.00000
vt 0.55633 0.11126
vt 1.00000 0.11126
vt 1.00000 0.11126
vt 0.92816 0.43956
vt 1.00000 0.43956
vt 1.00000 0.54899
vt 0.92816 0.54899
vt 1.00000 0.54899
vt 1.00000 0.65842
vt 0.92816 0.70374
vt 1.00000 0.70374
vt 1.00000 0.65842
vt 0.92816 0.54899
vt 1.00000 0.54899
vt 1.00000 0.43956
vt 0.92816 0.65842
vt 1.00000 0.65842
vt 1.00000 0.54899
vt 0.92816 0.70374
vt 1.00000 0.65842
vt 1.00000 0.70374
vt 0.92816 0.43956
vt 1.00000 0.39423
vt 1.00000 0.43956
vt 0.85822 0.23020
vt 1.00000 0.23020
vt 1.00000 0.20179
vt 0.85505 0.14673
vt 1.00000 0.11658
vt 1.00000 0.14498
vt 0.85822 0.14498
vt 1.00000 0.14498
vt 1.00000 0.11658
vt 0.83646 0.12396
vt 1.00000 0.12396
vt 1.00000 0.22282
vt 0.83646 0.07453
vt 1.00000 0.07453
vt 1.00000 0.12396
vt 0.83646 0.22282
vt 1.00000 0.22282
vt 1.00000 0.12396
vt 0.85456 0.19914
vt 1.00000 0.20179
vt 1.00000 0.14498
vt 0.83646 0.22282
vt 1.00000 0.22282
vt 1.00000 0.27225
vt 0.83646 0.27225
vt 1.00000 0.27225
vt 1.00000 0.22282
vt 0.83646 0.12396
vt 1.00000 0.12396
vt 1.00000 0.07453
vt 0.85822 0.23020
vt 1.00000 0.20179
vt 1.00000 0.23020
vt 1.00000 0.09384
vt 1.00000 0.09367
vt 1.00000 0.09341
vt 1.00000 0.09341
vt 1.00000 0.09317
vt 1.00000 0.09276
vt 1.00000 0.08362
vt 1.00000 0.07456
vt 1.00000 0.02825
vt 1.00000 0.01635
vt 1.00000 0.01494
vt 1.00000 0.01339
vt 1.00000 0.01339
vt 1.00000 0.01243
vt 1.00000 0.01133
vt 1.00000 0.01133
vt 1.00000 0.00000
vt 1.00000 0.00000
vt 1.00000 0.01133
vt 1.00000 0.01243
vt 1.00000 0.01339
vt 1.00000 0.01873
vt 1.00000 0.02825
vt 1.00000 0.07456
vt 1.00000 0.08362
vt 1.00000 0.09276
vt 1.00000 0.09317
vt 1.00000 0.09341
vt 1.00000 0.09367
vt 1.00000 0.09384
vt 1.00000 0.09403
vt 1.00000 0.09597
vt 1.00000 0.10992
vt 1.00000 0.10992
vt 1.00000 0.11126
vt 1.00000 0.11126
vt 1.00000 0.11126
vt 1.00000 0.11126
vt 1.00000 0.11126
vt 1.00000 0.11126
vt 1.00000 0.10992
vt 1.00000 0.09597
vt 1.00000 0.09403
vt 1.00000 0.09384
vt 1.00000 0.09341
vt 1.00000 0.09341
vt 1.00000 0.09276
vt 1.00000 0.08362
vt 1.00000 0.08362
vt 1.00000 0.02825
vt 1.00000 0.01873
vt 1.00000 0.01873
vt 1.00000 0.01635
vt 1.00000 0.01339
vt 1.00000 0.01339
vt 1.00000 0.01133
vt 1.00000 0.00000
vt 1.00000 0.00000
vt 1.00000 0.00000
vt 1.00000 0.01133
vt 1.00000 0.01133
vt 1.00000 0.01339
vt 1.00000 0.01494
vt 1.00000 0.01873
vt 1.00000 0.07456
vt 1.00000 0.08362
vt 1.00000 0.08362
vt 1.00000 0.09317
vt 1.00000 0.09341
vt 1.00000 0.09341
vt 1.00000 0.09384
vt 1.00000 0.09403
vt 1.00000 0.09403
vt 1.00000 0.10992
vt 1.00000 0.11126
vt 1.00000 0.11126
vt 1.00000 0.11126
vt 1.00000 0.11126
vt 1.00000 0.11126
vt 1.00000 0.09597
vt 1.00000 0.09403
vt 1.00000 0.09403
vt 1.00000 0.09341
vt 1.00000 0.08362
vt 1.00000 0.01873
vt 1.00000 0.01339
vt 1.00000 0.00000
vt 1.00000 0.00000
vt 1.00000 0.01133
vt 1.00000 0.01494
vt 1.00000 0.08362
vt 1.00000 0.09341
vt 1.00000 0.09403
vt 1.00000 0.09403
vt 1.00000 0.11126
vt 1.00000 0.11126
vt 1.00000 0.11126
vt 1.00000 0.09403
vt 1.00000 0.08362
vt 1.00000 0.08362
vt 1.00000 0.01873
vt 1.00000 0.00000
vt 1.00000 0.00000
vt 1.00000 0.01494
vt 1.00000 0.01635
vt 1.00000 0.08362
vt 1.00000 0.09403
vt 1.00000 0.11126
vt 1.00000 0.11126
vt 1.00000 0.08362
vt 1.00000 0.00000
vt 1.00000 0.00000
vt 1.00000 0.01635
vt 1.00000 0.01873
vt 1.00000 0.01873
vt 1.00000 0.08362
vt 1.00000 0.11126
vt 1.00000 0.11126
vt 1.00000 0.00000
vt 1.00000 0.01873
vt 1.00000 0.65842
vt 1.00000 0.70374
vt 1.00000 0.65842
vt 1.00000 0.39423
vt 1.00000 0.43956
vt 1.00000 0.54899
vt 1.00000 0.65842
vt 1.00000 0.54899
vt 1.00000 0.43956
vt 1.00000 0.39423
vt 1.00000 0.54899
vt 1.00000 0.65842
vt 1.00000 0.65842
vt 1.00000 0.65842
vt 1.00000 0.43956
vt 1.00000 0.43956
vt 1.00000 0.39423
vt 1.00000 0.65842
vt 1.00000 0.22282
vt 1.00000 0.14498
vt 1.00000 0.20179
vt 1.00000 0.14498
vt 1.00000 0.22282
vt 1.00000 0.12396
vt 1.00000 0.27225
vt 1.00000 0.22282
vt 1.00000 0.20179
vt 1.00000 0.11658
vt 1.00000 0.14498
vt 1.00000 0.12396
vt 1.00000 0.27225
vt 1.00000 0.20179
vt 1.00000 0.23020
vt 1.00000 0.22282
vt 1.00000 0.27225
vt 1.00000 0.23020
vt 1.00000 0.11658
vt 1.00000 0.12396
vt 1.00000 0.07453
vt 1.00000 0.22282
vt 1.00000 0.23020
vt 1.00000 0.20179
vt 1.00000 0.12396
vt 1.00000 0.22282
vt 1.00000 0.20179
vt 1.00000 0.14498
vt 1.00000 0.11658
vt 1.00000 0.07453
vt 1.00000 0.12396
vt 1.00000 0.20179
vt 1.00000 0.14498
vt 1.00000 0.14498
vt 1.00000 0.07453
vt 1.00000 0.12396
f 2170/9301 2174/9302 1917/9303
f 2031/9304 1927/9305 2160/9306
f 2041/9307 1937/9308 2173/9309
f 2089/9310 2161/9311 2174/9312
f 2170/9313 2089/9314 2174/9315
f 2038/9316 1934/9317 2171/9318
f 2043/9319 1939/9320 2165/9321
f 2036/9322 1932/9323 2163/9324
f 2093/9325 1817/9326 1825/9327
f 2200/9328 1968/9329 1965/9330
f 2093/9331 2116/9332 2209/9333
f 2033/9334 1929/9335 2161/9336
f 2037/9337 1933/9338 2170/9339
f 2032/9340 1928/9341 2168/9342
f 2095/9343 1823/9344 1830/9345
f 2096/9346 1826/9347 1819/9348
f 2196/9349 1958/9350 1962/9351
f 2096/9352 2111/9353 2206/9354
f 1816/9355 2048/9356 2217/9357
f 1826/9358 2206/9359 2208/9360
f 2198/9361 1959/9362 1972/9363
f 2094/9364 1822/9365 1828/9366
f 2202/9367 1971/9368 1967/9369
f 2203/9370 1963/9371 1960/9372
f 2095/9373 2119/9374 2008/9375
f 2098/9376 1829/9377 1821/9378
f 2098/9379 2110/9380 2207/9381
f 2092/9382 1818/9383 1824/9384
f 2199/9385 1961/9386 1957/9387
f 2092/9388 2117/9389 2006/9390
f 1914/9391 1894/9392 1901/9393
f 1914/9394 1892/9395 1894/9396
f 1901/9397 2128/9398 1920/9399
f 1897/9400 1902/9401 1914/9402
f 1901/9403 1920/9404 1889/9405
f 1889/9406 1897/9407 1914/9408
f 2132/9409 1921/9410 1895/9411
f 2131/9412 1922/9413 1894/9414
f 1914/9415 2081/9416 2089/9417
f 2056/9418 1841/9419 2089/9420
f 1893/9421 2132/9422 1895/9423
f 2171/9424 2166/9425 2089/9426
f 2169/9427 1922/9428 2168/9429
f 1922/9430 2131/9431 2168/9432
f 2159/9433 1919/9434 2129/9435
f 1918/9436 1898/9437 2171/9438
f 2172/9439 1918/9440 2171/9441
f 2164/9442 1916/9443 2127/9444
f 2164/9445 2127/9446 2163/9447
f 2172/9448 2171/9449 2089/9450
f 2168/9451 2172/9452 2089/9453
f 2162/9454 2132/9455 2161/9456
f 2126/9457 1917/9458 1897/9459
f 1893/9460 1895/9461 1914/9462
f 1897/9463 1917/9464 1902/9465
f 1902/9466 1893/9467 1914/9468
f 1920/9469 2128/9470 2173/9471
f 2167/9472 1920/9473 2173/9474
f 2162/9475 1921/9476 2132/9477
f 2167/9478 2173/9479 2089/9480
f 2170/9481 2167/9482 2089/9483
f 2089/9484 2162/9485 2161/9486
f 2159/9487 2129/9488 2165/9489
f 2169/9490 2168/9491 2089/9492
f 2173/9493 2169/9494 2089/9495
f 1914/9496 1901/9497 1889/9498
f 2043/9499 2129/9500 1903/9501
f 2181/9502 1967/9503 2211/9504
f 2094/9505 1828/9506 2180/9507
f 2202/9508 1967/9509 2181/9510
f 2094/9511 2211/9512 1822/9513
f 2113/9514 1970/9515 2004/9516
f 2048/9517 1816/9518 1964/9519
f 2208/9520 2206/9521 1962/9522
f 1969/9523 2005/9524 2004/9525
f 1961/9526 2208/9527 1962/9528
f 2097/9529 1820/9530 2183/9531
f 2048/9532 1964/9533 1969/9534
f 2196/9535 1962/9536 2111/9537
f 2096/9538 2206/9539 1826/9540
f 2117/9541 1957/9542 2006/9543
f 2092/9544 1824/9545 2178/9546
f 2199/9547 1957/9548 2117/9549
f 1896/9550 2029/9551 2036/9552
f 2159/9553 1932/9554 1925/9555
f 2029/9556 1919/9557 1925/9558
f 2096/9559 1819/9560 2182/9561
f 1903/9562 2035/9563 2043/9564
f 1891/9565 2039/9566 2031/9567
f 2164/9568 1927/9569 1935/9570
f 2039/9571 1916/9572 1935/9573
f 2162/9574 1939/9575 1931/9576
f 2092/9577 2006/9578 1818/9579
f 2098/9580 1821/9581 2120/9582
f 2198/9583 1972/9584 2110/9585
f 2098/9586 2207/9587 1829/9588
f 2116/9589 1965/9590 2209/9591
f 2093/9592 1825/9593 2112/9594
f 2200/9595 1965/9596 2116/9597
f 2093/9598 2209/9599 1817/9600
f 2119/9601 1960/9602 2008/9603
f 2095/9604 1830/9605 2118/9606
f 2203/9607 1960/9608 2119/9609
f 2095/9610 2008/9611 1823/9612
f 2110/9613 1972/9614 2207/9615
f 2111/9616 1962/9617 2206/9618
f 2197/9619 1966/9620 1970/9621
f 2097/9622 2113/9623 2004/9624
f 1817/9625 2210/9626 1828/9627
f 1828/9628 1822/9629 2217/9630
f 2097/9631 1827/9632 1820/9633
f 2217/9634 1823/9635 1821/9636
f 2207/9637 2003/9638 1825/9639
f 2217/9640 1821/9641 1829/9642
f 1822/9643 2211/9644 1820/9645
f 2217/9646 1829/9647 1825/9648
f 1817/9649 2209/9650 2210/9651
f 2091/9652 2115/9653 1816/9654
f 2091/9655 1816/9656 2005/9657
f 2201/9658 1969/9659 1964/9660
f 2217/9661 1825/9662 1817/9663
f 2115/9664 2179/9665 1816/9666
f 2056/9667 2081/9668 2048/9669
f 2217/9670 2048/9671 2081/9672
f 2094/9673 2181/9674 2211/9675
f 1969/9676 2004/9677 1970/9678
f 1963/9679 2007/9680 1957/9681
f 1966/9682 2010/9683 2211/9684
f 1969/9685 1970/9686 2048/9687
f 2007/9688 2006/9689 1957/9690
f 2048/9691 1970/9692 1966/9693
f 1829/9694 2207/9695 1825/9696
f 1822/9697 1820/9698 2217/9699
f 1823/9700 2008/9701 2011/9702
f 1827/9703 2005/9704 2217/9705
f 2211/9706 2010/9707 1820/9708
f 1820/9709 1827/9710 2217/9711
f 1823/9712 2011/9713 1821/9714
f 2005/9715 1816/9716 2217/9717
f 1826/9718 2208/9719 1824/9720
f 1818/9721 2006/9722 2007/9723
f 1818/9724 2007/9725 1830/9726
f 1827/9727 2004/9728 2005/9729
f 2009/9730 2182/9731 1819/9732
f 2010/9733 2183/9734 1820/9735
f 1971/9736 2180/9737 2210/9738
f 1958/9739 2182/9740 2212/9741
f 1969/9742 2201/9743 2005/9744
f 2210/9745 2180/9746 1828/9747
f 2208/9748 2178/9749 1824/9750
f 2212/9751 2182/9752 2009/9753
f 2003/9754 2112/9755 1825/9756
f 2011/9757 2120/9758 1821/9759
f 1966/9760 2183/9761 2010/9762
f 1968/9763 2200/9764 2003/9765
f 1959/9766 2198/9767 2011/9768
f 2041/9769 2173/9770 2128/9771
f 2031/9772 2160/9773 1923/9774
f 2038/9775 2171/9776 1898/9777
f 2041/9778 2128/9779 1901/9780
f 2036/9781 2163/9782 2127/9783
f 1917/9784 2126/9785 2170/9786
f 2031/9787 1923/9788 2130/9789
f 2037/9790 2126/9791 1897/9792
f 2033/9793 2132/9794 1893/9795
f 2031/9796 2130/9797 1891/9798
f 2042/9799 1917/9800 1938/9801
f 2032/9802 2131/9803 1892/9804
f 2032/9805 2168/9806 2131/9807
f 2037/9808 2170/9809 2126/9810
f 2033/9811 2161/9812 2132/9813
f 2036/9814 2127/9815 1896/9816
f 2201/9817 1964/9818 2179/9819
f 2091/9820 2005/9821 2114/9822
f 2179/9823 1964/9824 1816/9825
f 2097/9826 2004/9827 1827/9828
f 2197/9829 1970/9830 2113/9831
f 2048/9832 1875/9833 2056/9834
f 2217/9835 1817/9836 1828/9837
f 1961/9838 2178/9839 2208/9840
f 1963/9841 2203/9842 2007/9843
f 2048/9844 1965/9845 1968/9846
f 2007/9847 2118/9848 1830/9849
f 2174/9850 1929/9851 1938/9852
f 1893/9853 2042/9854 2033/9855
f 2035/9856 1921/9857 1931/9858
f 2169/9859 1937/9860 1930/9861
f 1901/9862 2034/9863 2041/9864
f 2030/9865 1920/9866 1926/9867
f 2167/9868 1933/9869 1926/9870
f 1897/9871 2030/9872 2037/9873
f 1946/9874 2166/9875 1924/9876
f 2043/9877 2165/9878 2129/9879
f 2040/9880 1918/9881 1936/9882
f 2172/9883 1928/9884 1936/9885
f 1892/9886 2040/9887 2032/9888
f 2034/9889 1922/9890 1930/9891
f 2056/9892 2089/9893 2081/9894
f 2028/9895 2166/9896 1946/9897
f 2166/9898 1934/9899 1924/9900
f 1898/9901 2028/9902 2038/9903
f 2166/9904 2171/9905 1934/9906
f 2172/9907 2168/9908 1928/9909
f 2040/9910 1900/9911 1918/9912
f 1898/9913 1888/9914 2028/9915
f 2028/9916 1888/9917 2166/9918
f 1930/9919 1922/9920 2169/9921
f 1901/9922 1894/9923 2034/9924
f 2169/9925 2173/9926 1937/9927
f 2034/9928 1894/9929 1922/9930
f 1936/9931 1918/9932 2172/9933
f 1891/9934 1899/9935 2039/9936
f 2011/9937 2008/9938 1960/9939
f 1966/9940 2211/9941 1967/9942
f 1966/9943 1967/9944 2048/9945
f 1959/9946 2011/9947 1960/9948
f 1972/9949 1959/9950 2048/9951
f 1959/9952 1960/9953 2048/9954
f 1935/9955 1916/9956 2164/9957
f 1892/9958 1900/9959 2040/9960
f 2164/9961 2160/9962 1927/9963
f 2039/9964 1899/9965 1916/9966
f 1925/9967 1919/9968 2159/9969
f 1896/9970 1890/9971 2029/9972
f 2159/9973 2163/9974 1932/9975
f 2007/9976 2203/9977 2118/9978
f 2011/9979 2198/9980 2120/9981
f 2127/9982 1916/9983 1899/9984
f 1914/9985 1898/9986 1900/9987
f 1892/9988 2131/9989 1894/9990
f 1914/9991 1900/9992 1892/9993
f 1914/9994 2166/9995 1888/9996
f 1914/9997 1888/9998 1898/9999
f 1903/10000 2129/10001 1890/10002
f 1898/10003 1918/10004 1900/10005
f 1896/10006 2127/10007 1899/10008
f 1914/10009 2089/10010 2166/10011
f 1893/10012 1902/10013 2042/10014
f 2174/10015 2161/10016 1929/10017
f 2042/10018 1902/10019 1917/10020
f 1926/10021 1920/10022 2167/10023
f 1897/10024 1889/10025 2030/10026
f 2167/10027 2170/10028 1933/10029
f 2030/10030 1889/10031 1920/10032
f 2029/10033 1890/10034 1919/10035
f 2048/10036 1967/10037 1971/10038
f 1931/10039 1921/10040 2162/10041
f 1903/10042 1895/10043 2035/10044
f 2162/10045 2165/10046 1939/10047
f 2035/10048 1895/10049 1921/10050
f 1938/10051 1917/10052 2174/10053
f 2129/10054 1919/10055 1890/10056
f 1966/10057 2197/10058 2183/10059
f 2003/10060 2207/10061 1972/10062
f 1968/10063 1972/10064 2048/10065
f 1971/10066 2202/10067 2180/10068
f 1958/10069 2196/10070 2182/10071
f 1961/10072 2199/10073 2178/10074
f 2048/10075 1971/10076 1965/10077
f 2005/10078 2201/10079 2114/10080
f 2003/10081 2200/10082 2112/10083
f 1971/10084 2209/10085 1965/10086
f 1971/10087 2210/10088 2209/10089
f 1968/10090 2003/10091 1972/10092
f 1840/10093 1838/10094 2083/10095
f 1878/10096 2083/10097 1838/10098
f 1839/10099 2051/10100 1877/10101
f 1877/10102 2024/10103 2022/10104
f 1838/10105 2022/10106 2024/10107
f 1878/10108 2025/10109 1840/10110
f 2024/10111 1878/10112 1838/10113
f 1839/10114 2022/10115 2025/10116
f 1840/10117 2022/10118 1838/10119
f 2025/10120 1878/10121 2024/10122
f 2022/10123 1839/10124 1877/10125
f 2022/10126 1840/10127 2025/10128
f 2051/10129 1839/10130 1877/10131
f 2025/10132 1877/10133 1839/10134
f 2083/10135 1878/10136 1840/10137
f 2025/10138 2024/10139 1877/10140
f 1904/10141 1905/10142 1815/10143
f 1905/10144 1904/10145 1814/10146
f 1904/10147 1815/10148 1814/10149
f 1905/10150 1814/10151 1815/10152
f 1887/10153 1833/10154 1832/10155
f 1885/10156 1832/10157 1831/10158
f 1832/10159 1885/10160 1887/10161
f 1832/10162 1833/10163 1831/10164
f 1833/10165 1886/10166 1831/10167
f 1885/10168 1831/10169 1886/10170
f 1887/10171 1885/10172 1886/10173
f 1833/10174 1887/10175 1886/10176
f 2045/10177 1945/10178 2044/10179
f 2186/10180 1945/10181 1944/10182
f 1945/10183 2186/10184 2044/10185
f 2045/10186 2044/10187 2186/10188
f 2045/10189 2186/10190 2185/10191
f 2186/10192 1944/10193 2185/10194
f 2045/10195 1944/10196 1945/10197
f 2185/10198 1944/10199 2045/10200
f 2122/10201 2154/10202 2123/10203
f 2070/10204 1976/10205 2052/10206
f 2055/10207 2154/10208 2073/10209
f 2145/10210 2144/10211 2146/10212
f 2053/10213 2046/10214 2070/10215
f 2143/10216 2072/10217 2144/10218
f 2071/10219 1985/10220 2072/10221
f 2070/10222 2155/10223 2122/10224
f 2071/10225 2123/10226 2055/10227
f 1986/10228 2047/10229 2046/10230
f 2053/10231 2122/10232 2145/10233
f 1866/10234 2153/10235 2015/10236
f 2072/10237 1985/10238 1911/10239
f 2085/10240 2086/10241 2223/10242
f 2054/10243 2146/10244 2221/10245
f 2072/10246 2085/10247 2224/10248
f 1987/10249 1908/10250 1911/10251
f 1910/10252 2157/10253 2069/10254
f 2221/10255 2222/10256 2076/10257
f 1911/10258 1908/10259 1909/10260
f 2084/10261 2068/10262 2156/10263
f 2158/10264 2078/10265 2204/10266
f 1882/10267 2002/10268 2153/10269
f 1883/10270 2001/10271 2002/10272
f 1883/10273 2084/10274 2152/10275
f 2205/10276 1865/10277 2152/10278
f 2204/10279 2153/10280 1866/10281
f 2001/10282 2152/10283 2016/10284
f 1978/10285 2152/10286 1865/10287
f 2222/10288 2059/10289 2076/10290
f 1909/10291 2157/10292 1910/10293
f 2059/10294 1974/10295 2058/10296
f 2158/10297 2156/10298 2157/10299
f 2069/10300 2156/10301 2068/10302
f 1909/10303 2059/10304 2158/10305
f 2223/10306 2069/10307 1973/10308
f 2054/10309 1908/10310 1987/10311
f 2072/10312 2224/10313 2144/10314
f 2205/10315 2084/10316 2156/10317
f 2078/10318 2058/10319 1974/10320
f 1882/10321 2078/10322 1974/10323
f 1911/10324 1910/10325 2086/10326
f 1973/10327 2084/10328 1883/10329
f 1973/10330 2068/10331 2084/10332
f 2158/10333 2058/10334 2078/10335
f 2144/10336 2221/10337 2146/10338
f 2072/10339 1911/10340 2085/10341
f 2085/10342 2223/10343 2224/10344
f 2054/10345 2221/10346 2077/10347
f 1882/10348 1974/10349 1973/10350
f 2223/10351 1974/10352 2222/10353
f 1908/10354 2076/10355 1909/10356
f 2224/10357 2222/10358 2221/10359
f 1911/10360 2086/10361 2085/10362
f 1987/10363 1911/10364 1985/10365
f 1910/10366 2069/10367 2086/10368
f 2221/10369 2076/10370 2077/10371
f 1984/10372 1987/10373 1985/10374
f 1986/10375 2054/10376 1987/10377
f 2014/10378 2002/10379 2001/10380
f 1973/10381 1883/10382 1882/10383
f 1911/10384 1909/10385 1910/10386
f 2014/10387 2153/10388 2002/10389
f 2205/10390 2156/10391 2204/10392
f 1908/10393 2077/10394 2076/10395
f 2069/10396 2157/10397 2156/10398
f 2222/10399 1974/10400 2059/10401
f 2223/10402 2086/10403 2069/10404
f 1986/10405 1984/10406 2047/10407
f 2071/10408 2143/10409 2123/10410
f 2071/10411 2055/10412 2047/10413
f 2053/10414 2070/10415 2122/10416
f 2071/10417 1984/10418 1985/10419
f 2070/10420 2052/10421 2155/10422
f 2053/10423 2146/10424 2054/10425
f 2055/10426 2123/10427 2154/10428
f 2070/10429 2046/10430 1976/10431
f 2122/10432 2155/10433 2154/10434
f 2055/10435 2073/10436 1975/10437
f 2046/10438 2047/10439 1975/10440
f 2145/10441 2122/10442 2123/10443
f 2204/10444 1866/10445 1865/10446
f 2204/10447 2078/10448 2153/10449
f 1978/10450 2016/10451 2152/10452
f 1866/10453 1978/10454 1865/10455
f 2014/10456 2015/10457 2153/10458
f 2054/10459 2077/10460 1908/10461
f 2205/10462 2152/10463 2084/10464
f 1882/10465 2153/10466 2078/10467
f 1909/10468 2076/10469 2059/10470
f 2223/10471 1973/10472 1974/10473
f 2069/10474 2068/10475 1973/10476
f 2059/10477 2058/10478 2158/10479
f 1909/10480 2158/10481 2157/10482
f 1883/10483 2152/10484 2001/10485
f 2224/10486 2223/10487 2222/10488
f 1883/10489 2002/10490 1882/10491
f 2145/10492 2123/10493 2143/10494
f 2071/10495 2047/10496 1984/10497
f 2053/10498 1986/10499 2046/10500
f 2143/10501 2071/10502 2072/10503
f 1984/10504 1986/10505 1987/10506
f 1986/10507 2053/10508 2054/10509
f 2053/10510 2145/10511 2146/10512
f 2145/10513 2143/10514 2144/10515
f 2158/10516 2204/10517 2156/10518
f 2046/10519 1975/10520 1976/10521
f 2144/10522 2224/10523 2221/10524
f 2055/10525 1975/10526 2047/10527
f 2204/10528 1865/10529 2205/10530
f 2017/10531 1837/10532 1864/10533
f 1952/10534 1850/10535 1851/10536
f 2219/10537 1837/10538 2017/10539
f 1952/10540 1950/10541 1850/10542
f 2220/10543 2219/10544 2018/10545
f 2013/10546 2018/10547 2175/10548
f 1912/10549 1952/10550 1951/10551
f 2013/10552 2220/10553 2018/10554
f 1912/10555 1950/10556 1952/10557
f 2018/10558 2219/10559 2017/10560
f 1864/10561 1837/10562 2013/10563
f 2175/10564 1851/10565 1850/10566
f 1850/10567 1912/10568 1864/10569
f 2018/10570 2017/10571 1912/10572
f 2220/10573 2013/10574 1837/10575
f 2018/10576 1912/10577 1951/10578
f 2018/10579 1951/10580 1851/10581
f 2220/10582 1837/10583 2219/10584
f 1951/10585 1952/10586 1851/10587
f 1864/10588 2013/10589 2175/10590
f 1850/10591 1950/10592 1912/10593
f 2175/10594 1850/10595 1864/10596
f 2018/10597 1851/10598 2175/10599
f 1912/10600 2017/10601 1864/10602
f 1998/10603 2105/10604 2104/10605
f 2176/10606 2150/10607 1881/10608
f 2177/10609 2125/10610 1956/10611
f 2103/10612 1954/10613 1955/10614
f 2104/10615 2105/10616 1863/10617
f 1955/10618 2177/10619 1956/10620
f 2125/10621 2177/10622 1881/10623
f 1863/10624 2105/10625 1955/10626
f 2150/10627 2104/10628 1999/10629
f 2124/10630 2176/10631 2177/10632
f 2176/10633 1998/10634 2150/10635
f 1998/10636 2103/10637 2105/10638
f 1954/10639 2124/10640 2177/10641
f 2148/10642 2150/10643 1999/10644
f 2124/10645 2125/10646 2150/10647
f 2124/10648 2149/10649 1956/10650
f 1954/10651 1863/10652 1956/10653
f 1862/10654 1857/10655 1999/10656
f 1998/10657 2176/10658 2148/10659
f 1862/10660 2103/10661 1998/10662
f 2149/10663 2124/10664 1954/10665
f 1998/10666 2148/10667 1997/10668
f 2176/10669 2124/10670 2148/10671
f 1954/10672 2177/10673 1955/10674
f 2176/10675 1881/10676 2177/10677
f 1998/10678 2104/10679 2150/10680
f 2103/10681 1862/10682 1954/10683
f 1862/10684 1998/10685 1857/10686
f 1857/10687 1998/10688 1997/10689
f 2104/10690 1863/10691 1999/10692
f 1863/10693 1955/10694 1956/10695
f 2125/10696 1881/10697 2150/10698
f 1954/10699 1956/10700 1953/10701
f 1862/10702 1863/10703 1954/10704
f 2149/10705 1954/10706 1953/10707
f 2103/10708 1955/10709 2105/10710
f 1862/10711 1999/10712 1863/10713
f 1953/10714 1956/10715 2149/10716
f 2124/10717 1956/10718 2125/10719
f 2124/10720 2150/10721 2148/10722
f 2148/10723 1999/10724 1997/10725
f 1997/10726 1999/10727 1857/10728
f 2216/10729 1988/10730 2215/10731
f 2213/10732 2216/10733 2214/10734
f 2213/10735 2214/10736 2064/10737
f 1988/10738 2213/10739 1947/10740
f 2215/10741 1988/10742 1948/10743
f 1947/10744 2141/10745 1949/10746
f 1947/10747 1949/10748 1948/10749
f 2064/10750 2214/10751 2215/10752
f 2215/10753 1948/10754 2140/10755
f 1988/10756 1947/10757 1948/10758
f 2142/10759 2141/10760 1948/10761
f 2140/10762 2064/10763 2215/10764
f 2216/10765 1989/10766 1988/10767
f 2216/10768 2215/10769 2214/10770
f 2140/10771 2141/10772 2064/10773
f 2213/10774 1989/10775 2216/10776
f 2140/10777 1948/10778 2141/10779
f 2064/10780 2141/10781 1947/10782
f 2064/10783 1947/10784 2213/10785
f 2213/10786 1988/10787 1989/10788
f 1949/10789 2142/10790 1948/10791
f 2141/10792 2142/10793 1949/10794
f 2136/10795 2061/10796 1993/10797
f 1843/10798 2060/10799 2061/10800
f 2060/10801 1843/10802 2134/10803
f 1847/10804 2134/10805 1843/10806
f 1993/10807 2060/10808 2065/10809
f 2136/10810 1847/10811 2061/10812
f 2136/10813 2065/10814 2134/10815
f 1843/10816 2061/10817 1847/10818
f 2134/10819 2065/10820 2060/10821
f 2061/10822 2060/10823 1993/10824
f 2065/10825 2136/10826 1993/10827
f 2134/10828 1847/10829 2136/10830
f 2137/10831 2062/10832 1844/10833
f 2066/10834 1844/10835 1872/10836
f 2137/10837 1991/10838 1994/10839
f 2062/10840 1994/10841 1870/10842
f 1872/10843 1994/10844 1991/10845
f 2062/10846 1872/10847 1844/10848
f 2066/10849 1872/10850 1991/10851
f 2137/10852 1844/10853 2066/10854
f 2137/10855 2066/10856 1991/10857
f 1872/10858 1870/10859 1994/10860
f 1872/10861 2062/10862 1870/10863
f 2062/10864 2137/10865 1994/10866
f 2067/10867 1995/10868 1992/10869
f 1845/10870 1868/10871 2063/10872
f 1845/10873 2067/10874 1868/10875
f 1868/10876 2067/10877 1992/10878
f 2063/10879 1868/10880 1871/10881
f 2067/10882 2063/10883 2138/10884
f 1871/10885 1995/10886 2063/10887
f 1871/10888 1992/10889 1995/10890
f 2138/10891 1995/10892 2067/10893
f 2067/10894 1845/10895 2063/10896
f 1995/10897 2138/10898 2063/10899
f 1871/10900 1868/10901 1992/10902
f 2139/10903 1996/10904 1874/10905
f 1848/10906 1869/10907 1846/10908
f 2135/10909 1996/10910 2139/10911
f 2139/10912 1846/10913 2135/10914
f 2135/10915 1846/10916 1869/10917
f 1874/10918 1873/10919 1869/10920
f 1848/10921 2139/10922 1874/10923
f 2139/10924 1848/10925 1846/10926
f 2135/10927 1873/10928 1996/10929
f 1873/10930 2135/10931 1869/10932
f 1873/10933 1874/10934 1996/10935
f 1848/10936 1874/10937 1869/10938
f 1980/10939 1981/10940 2191/10941
f 2188/10942 1982/10943 1980/10944
f 1982/10945 1981/10946 1980/10947
f 1981/10948 2189/10949 2190/10950
f 2191/10951 1981/10952 2190/10953
f 1982/10954 1979/10955 1981/10956
f 1981/10957 1979/10958 2189/10959
f 2189/10960 1979/10961 1982/10962
f 1982/10963 2188/10964 2189/10965
f 2188/10966 1980/10967 2191/10968
f 2188/10969 2191/10970 2189/10971
f 2191/10972 2190/10973 2189/10974
f 2009/10975 1819/10976 1834/10977
f 1823/10978 2217/10979 2082/10980
f 1819/10981 1826/10982 2027/10983
f 2164/10984 2163/10985 2194/10986
f 2130/10987 1923/10988 2020/10989
f 1914/10990 1895/10991 1836/10992
f 1891/10993 2130/10994 1942/10995
f 2081/10996 1914/10997 1915/10998
f 1923/10999 2160/11000 1849/11001
f 2162/11002 2089/11003 2090/11004
f 2160/11005 2164/11006 1860/11007
f 2163/11008 2159/11009 1977/11010
f 2159/11011 2165/11012 1812/11013
f 2165/11014 2162/11015 1983/11016
f 1841/11017 2056/11018 2057/11019
f 2089/11020 1841/11021 1842/11022
f 2212/11023 2009/11024 1861/11025
f 1958/11026 2212/11027 2109/11028
f 2048/11029 1960/11030 2147/11031
f 2217/11032 2081/11033 2082/11034
f 1960/11035 1963/11036 1907/11037
f 1963/11038 1957/11039 2151/11040
f 1957/11041 1961/11042 1941/11043
f 1961/11044 1962/11045 1853/11046
f 1962/11047 1958/11048 1867/11049
f 1818/11050 1830/11051 2000/11052
f 1830/11053 1823/11054 1879/11055
f 1826/11056 1824/11057 2088/11058
f 1824/11059 1818/11060 2195/11061
f 1875/11062 2048/11063 1880/11064
f 2056/11065 1875/11066 1906/11067
f 1903/11068 1890/11069 1940/11070
f 1895/11071 1903/11072 2133/11073
f 1899/11074 1891/11075 1884/11076
f 1896/11077 1899/11078 2099/11079
f 1890/11080 1896/11081 2050/11082
f 1855/11083 2079/11084 2080/11085
f 2074/11086 1854/11087 1913/11088
f 1943/11089 1858/11090 2021/11091
f 2079/11092 1859/11093 2218/11094
f 2187/11095 1855/11096 2107/11097
f 1854/11098 2187/11099 1913/11100
f 1858/11101 2074/11102 2087/11103
f 1859/11104 1943/11105 2218/11106
f 2001/11107 2016/11108 2019/11109
f 1978/11110 1866/11111 2023/11112
f 2016/11113 1978/11114 2019/11115
f 2014/11116 2001/11117 2101/11118
f 1866/11119 2015/11120 2108/11121
f 2015/11122 2014/11123 2100/11124
f 1976/11125 1975/11126 2012/11127
f 2154/11128 2155/11129 2184/11130
f 1975/11131 2073/11132 1990/11133
f 2073/11134 2154/11135 2106/11136
f 2155/11137 2052/11138 2193/11139
f 2052/11140 1976/11141 2121/11142
f 1834/11143 2192/11144 2009/11145
f 2082/11146 1879/11147 1823/11148
f 2027/11149 1834/11150 1819/11151
f 2194/11152 1860/11153 2164/11154
f 2020/11155 1852/11156 2130/11157
f 1836/11158 1915/11159 1914/11160
f 1942/11161 1884/11162 1891/11163
f 1915/11164 2026/11165 2081/11166
f 1849/11167 2020/11168 1923/11169
f 2090/11170 1983/11171 2162/11172
f 1860/11173 1849/11174 2160/11175
f 1977/11176 2194/11177 2163/11178
f 1812/11179 1977/11180 2159/11181
f 1983/11182 1812/11183 2165/11184
f 2057/11185 1813/11186 1841/11187
f 1842/11188 1835/11189 2089/11190
f 1861/11191 2109/11192 2212/11193
f 2109/11194 1867/11195 1958/11196
f 2147/11197 2049/11198 2048/11199
f 1907/11200 2147/11201 1960/11202
f 2151/11203 1907/11204 1963/11205
f 1941/11206 2151/11207 1957/11208
f 1853/11209 1941/11210 1961/11211
f 1867/11212 1853/11213 1962/11214
f 2000/11215 2195/11216 1818/11217
f 1879/11218 2000/11219 1830/11220
f 2088/11221 2027/11222 1826/11223
f 2195/11224 2088/11225 1824/11226
f 1880/11227 1876/11228 1875/11229
f 1906/11230 2057/11231 2056/11232
f 1940/11233 2133/11234 1903/11235
f 2133/11236 1836/11237 1895/11238
f 1884/11239 2099/11240 1899/11241
f 2099/11242 2050/11243 1896/11244
f 2050/11245 1940/11246 1890/11247
f 2218/11248 2080/11249 2079/11250
f 2101/11251 2100/11252 2014/11253
f 2009/11254 2192/11255 1861/11256
f 2089/11257 1835/11258 2090/11259
f 2048/11260 2049/11261 1880/11262
f 1875/11263 1876/11264 1906/11265
f 2130/11266 1852/11267 1942/11268
f 2081/11269 2026/11270 2082/11271
f 1841/11272 1813/11273 1842/11274
f 1855/11275 1856/11276 2107/11277
f 2187/11278 2107/11279 1913/11280
f 2074/11281 2075/11282 2087/11283
f 1943/11284 2021/11285 2218/11286
f 1858/11287 2087/11288 2021/11289
f 2074/11290 1913/11291 2075/11292
f 1855/11293 2080/11294 1856/11295
f 2015/11296 2102/11297 2108/11298
f 2001/11299 2019/11300 2101/11301
f 1978/11302 2023/11303 2019/11304
f 1975/11305 1990/11306 2012/11307
f 2073/11308 2106/11309 1990/11310
f 2155/11311 2193/11312 2184/11313
f 1866/11314 2108/11315 2023/11316
f 1976/11317 2012/11318 2121/11319
f 2052/11320 2121/11321 2193/11322
f 2154/11323 2184/11324 2106/11325
f 2015/11326 2100/11327 2102/11328
f 1812/11329 1977/11330 2194/11331
f 2194/11332 1860/11333 1849/11334
f 2020/11335 1852/11336 1942/11337
f 2099/11338 2050/11339 1940/11340
f 1940/11341 2133/11342 1836/11343
f 1836/11344 1915/11345 2026/11346
f 1879/11347 2000/11348 2195/11349
f 1834/11350 2192/11351 1861/11352
f 2109/11353 1867/11354 1853/11355
f 1941/11356 2151/11357 1907/11358
f 2147/11359 2049/11360 1880/11361
f 1880/11362 1876/11363 1906/11364
f 2057/11365 1813/11366 1842/11367
f 1842/11368 1835/11369 2090/11370
f 1983/11371 1812/11372 2194/11373
f 2194/11374 1849/11375 2020/11376
f 2020/11377 1942/11378 1884/11379
f 1884/11380 2099/11381 1940/11382
f 1940/11383 1836/11384 2026/11385
f 2026/11386 2082/11387 1879/11388
f 1879/11389 2195/11390 2088/11391
f 1834/11392 1861/11393 2109/11394
f 2109/11395 1853/11396 1941/11397
f 1941/11398 1907/11399 2147/11400
f 2147/11401 1880/11402 1906/11403
f 1906/11404 2057/11405 1842/11406
f 1842/11407 2090/11408 1983/11409
f 1983/11410 2194/11411 2020/11412
f 1884/11413 1940/11414 2026/11415
f 2026/11416 1879/11417 2088/11418
f 2109/11419 1941/11420 2147/11421
f 2147/11422 1906/11423 1842/11424
f 1842/11425 1983/11426 2020/11427
f 2020/11428 1884/11429 2026/11430
f 2026/11431 2088/11432 2027/11433
f 2109/11434 2147/11435 1842/11436
f 1842/11437 2020/11438 2026/11439
f 2026/11440 2027/11441 1834/11442
f 1834/11443 2109/11444 1842/11445
f 1842/11446 2026/11447 1834/11448
f 1913/11449 2075/11450 2087/11451
f 2080/11452 1856/11453 2107/11454
f 2087/11455 2021/11456 2218/11457
f 2080/11458 2107/11459 1913/11460
f 1913/11461 2087/11462 2218/11463
f 2218/11464 2080/11465 1913/11466
f 2193/11467 2101/11468 2100/11469
f 2101/11470 2193/11471 2184/11472
f 2121/11473 2193/11474 2100/11475
f 2019/11476 2101/11477 2184/11478
f 2121/11479 2100/11480 2102/11481
f 2012/11482 2121/11483 2102/11484
f 2019/11485 2184/11486 2106/11487
f 2012/11488 2102/11489 2108/11490
f 1990/11491 2012/11492 2108/11493
f 2023/11494 2019/11495 2106/11496
f 1990/11497 2108/11498 2023/11499
f 2023/11500 2106/11501 1990/11502
o Grip
g Grip
usemtl GripRose
v -0.03303 0.19893 -0.03934
v -0.06837 0.12369 -0.03926
v -0.03149 -0.19574 -0.05820
v -0.03303 0.19893 -0.01578
v -0.03149 -0.19893 -0.03489
v -0.06836 0.12377 -0.01569
v 0.03495 0.19893 -0.03934
v 0.07026 0.12385 -0.01578
v 0.07026 0.12385 -0.03934
v 0.03340 -0.19574 -0.05820
v 0.03340 -0.19893 -0.03489
v 0.03495 0.19893 -0.01578
v 0.04945 0.00880 -0.02669
v -0.04106 -0.03841 -0.03242
v -0.04106 -0.04317 0.01473
v -0.03364 -0.09871 -0.03716
v -0.04800 0.05118 0.02925
v -0.04800 0.09728 -0.02700
v -0.04800 0.09161 0.04423
v -0.02956 0.04904 0.03866
v 0.03241 0.04540 0.03731
v -0.04800 0.13789 -0.02297
v -0.04800 0.13223 0.04826
v 0.03047 0.09082 0.05416
v -0.02856 0.13144 0.05820
v 0.03047 0.13144 0.05820
v -0.04800 0.14139 0.03349
v -0.02856 0.09082 0.05416
v -0.02856 0.17674 -0.03208
v -0.04800 0.15066 -0.02967
v 0.03758 -0.08661 -0.03543
v 0.03301 -0.11638 -0.03992
v -0.02015 -0.04753 0.02447
v 0.00925 -0.17148 0.00594
v -0.00734 -0.17148 0.00594
v 0.01357 -0.13535 0.03572
v -0.01165 -0.13535 0.03572
v -0.02679 -0.15414 -0.04219
v -0.02679 -0.17180 -0.05003
v -0.02679 -0.17834 -0.04293
v -0.02679 -0.16809 -0.00347
v -0.03056 -0.13361 0.02499
v -0.04800 0.05652 -0.02470
v -0.04800 0.01039 -0.02632
v -0.04800 0.00590 0.02117
v -0.02856 0.16653 0.03742
v 0.04992 0.05118 0.02925
v 0.04992 0.09728 -0.02700
v 0.04992 0.05652 -0.02470
v 0.04992 0.09161 0.04423
v 0.04979 0.13789 -0.02297
v 0.04992 0.14139 0.03349
v 0.04992 0.13223 0.04826
v 0.04992 0.15066 -0.02967
v 0.02993 0.17680 -0.03209
v 0.01813 -0.09068 0.02905
v 0.02352 -0.04417 0.02460
v 0.02870 -0.15414 -0.04219
v 0.02870 -0.17834 -0.04293
v 0.02870 -0.17180 -0.05003
v 0.02870 -0.16809 -0.00347
v 0.03248 -0.13361 0.02499
v 0.04693 -0.02213 0.01611
v 0.03047 0.16653 0.03742
v 0.00096 -0.18364 -0.03718
vt 0.13756 0.11259
vt 0.47018 0.07753
vt 0.13120 0.05175
vt 0.71466 0.16417
vt 0.47018 0.07753
vt 0.55104 0.06901
vt 0.71466 0.16417
vt 0.80691 0.15982
vt 0.74955 0.27208
vt 0.71466 0.16417
vt 0.74955 0.27208
vt 0.71132 0.38899
vt 0.78772 0.85537
vt 0.91463 0.83235
vt 1.00000 0.83036
vt 0.07018 0.06819
vt 0.07018 0.06819
vt 0.13756 0.11259
vt 0.78772 0.85537
vt 0.24510 0.87867
vt 0.30269 0.84659
vt 0.15706 0.20748
vt 0.13756 0.11259
vt 0.47018 0.07753
vt 0.13756 0.11259
vt 0.07018 0.06819
vt 0.13120 0.05175
vt 0.26802 0.74449
vt 0.30269 0.84659
vt 0.30269 0.84659
vt 0.18078 0.25190
vt 0.71466 0.16417
vt 0.47018 0.07753
vt 0.82054 0.61411
vt 0.96533 0.72827
vt 0.87996 0.73025
vt 0.71466 0.16417
vt 0.55104 0.06901
vt 0.80691 0.15982
vt 0.18057 0.03845
vt 0.47018 0.07753
vt 0.13120 0.05175
vt 0.26802 0.74449
vt 0.28778 0.64206
vt 0.28778 0.64206
vt 0.82054 0.61411
vt 0.75128 0.62863
vt 0.63839 0.44438
vt 0.82054 0.61411
vt 0.87996 0.73025
vt 0.75128 0.62863
vt 0.24510 0.87867
vt 0.22429 0.94437
vt 0.30269 0.84659
vt 0.75128 0.62863
vt 0.26802 0.74449
vt 0.87996 0.73025
vt 0.87996 0.73025
vt 0.30269 0.84659
vt 0.91463 0.83235
vt 0.18057 0.03845
vt 0.55104 0.06901
vt 0.47018 0.07753
vt 0.71132 0.38899
vt 0.71026 0.38054
vt 0.82054 0.61411
vt 0.18057 0.03845
vt 0.13120 0.05175
vt 0.07018 0.06819
vt 0.13120 0.05175
vt 0.07018 0.06819
vt 0.07018 0.06819
vt 0.07018 0.06819
vt 0.13120 0.05175
vt 0.18057 0.03845
vt 0.13756 0.11259
vt 0.13120 0.05175
vt 0.07018 0.06819
vt 0.18078 0.25190
vt 0.47018 0.07753
vt 0.13756 0.11259
vt 0.96533 0.72827
vt 0.91463 0.83235
vt 0.87996 0.73025
vt 0.24510 0.87867
vt 0.82153 0.91857
vt 0.22429 0.94437
vt 0.78772 0.85537
vt 1.00000 0.83036
vt 0.82153 0.91857
vt 0.71466 0.16417
vt 0.71132 0.38899
vt 0.63839 0.44438
vt 0.68191 0.51484
vt 0.28778 0.64206
vt 0.75128 0.62863
vt 0.27392 0.52610
vt 0.62654 0.39149
vt 0.22146 0.40346
vt 0.15706 0.20748
vt 0.71466 0.16417
vt 0.19562 0.28232
vt 0.78772 0.85537
vt 0.30269 0.84659
vt 0.91463 0.83235
vt 0.63839 0.44438
vt 0.28778 0.64206
vt 0.27072 0.52211
vt 0.75128 0.62863
vt 0.28778 0.64206
vt 0.26802 0.74449
vt 0.62654 0.39149
vt 0.71466 0.16417
vt 0.18078 0.25190
vt 0.27072 0.52211
vt 0.27392 0.52610
vt 0.22146 0.40346
vt 0.87996 0.73025
vt 0.26802 0.74449
vt 0.30269 0.84659
vt 0.83213 0.62325
vt 0.96533 0.72827
vt 0.96533 0.72827
vt 1.00000 0.83036
vt 0.82153 0.91857
vt 0.82153 0.91857
vt 0.30269 0.84659
vt 0.24510 0.87867
vt 0.78772 0.85537
vt 0.63839 0.44438
vt 0.71132 0.38899
vt 0.82054 0.61411
vt 0.63839 0.44438
vt 0.75128 0.62863
vt 0.28778 0.64206
vt 0.28778 0.64206
vt 0.28778 0.64206
vt 0.27072 0.52211
vt 0.15706 0.20748
vt 0.18078 0.25190
vt 0.13756 0.11259
vt 0.87996 0.73025
vt 0.91463 0.83235
vt 0.30269 0.84659
vt 1.00000 0.83036
vt 0.91463 0.83235
vt 0.78772 0.85537
vt 0.82153 0.91857
vt 0.78772 0.85537
vt 0.24510 0.87867
vt 0.91463 0.83235
vt 1.00000 0.83036
vt 0.96533 0.72827
vt 0.87996 0.73025
vt 0.96533 0.72827
vt 0.83213 0.62325
vt 0.71026 0.38054
vt 0.83213 0.62325
vt 0.82054 0.61411
vt 0.19562 0.28232
vt 0.71466 0.16417
vt 0.63839 0.44438
vt 0.75128 0.62863
vt 0.87996 0.73025
vt 0.26802 0.74449
vt 0.27392 0.52610
vt 0.68191 0.51484
vt 0.62654 0.39149
vt 0.68191 0.51484
vt 0.27392 0.52610
vt 0.28778 0.64206
vt 0.24510 0.87867
vt 0.78772 0.85537
vt 0.82153 0.91857
vt 0.96533 0.72827
vt 1.00000 0.83036
vt 0.91463 0.83235
vt 0.80691 0.15982
vt 0.55104 0.06901
vt 0.55104 0.06901
vt 0.62654 0.39149
vt 0.68191 0.51484
vt 0.83213 0.62325
vt 0.71466 0.16417
vt 0.71026 0.38054
vt 0.80691 0.15982
vt 0.71466 0.16417
vt 0.62654 0.39149
vt 0.71026 0.38054
vt 0.47018 0.07753
vt 0.55104 0.06901
vt 0.18057 0.03845
vt 0.55104 0.06901
vt 0.47018 0.07753
vt 0.71466 0.16417
vt 0.74955 0.27208
vt 0.80691 0.15982
vt 0.71026 0.38054
vt 0.82153 0.91857
vt 0.24510 0.87867
vt 0.22437 0.94421
vt 1.00000 0.83036
vt 0.78772 0.85537
vt 0.82153 0.91857
vt 0.87996 0.73025
vt 0.83213 0.62325
vt 0.75128 0.62863
vt 0.91463 0.83235
vt 0.96533 0.72827
vt 0.87996 0.73025
vt 0.96533 0.72827
vt 0.82054 0.61411
vt 0.83213 0.62325
vt 0.82153 0.91857
vt 0.82153 0.91857
vt 0.22437 0.94421
vt 0.30269 0.84659
vt 0.22429 0.94437
vt 0.24510 0.87867
vt 0.96533 0.72827
vt 1.00000 0.83036
vt 1.00000 0.83036
vt 0.24510 0.87867
vt 0.30269 0.84659
vt 0.30269 0.84659
vt 0.55104 0.06901
vt 0.71466 0.16417
vt 0.80691 0.15982
vt 0.47018 0.07753
vt 0.18057 0.03845
vt 0.13120 0.05175
vt 0.26802 0.74449
vt 0.30269 0.84659
vt 0.26802 0.74449
vt 0.27072 0.52211
vt 0.28778 0.64206
vt 0.27392 0.52610
vt 0.74955 0.27208
vt 0.80691 0.15982
vt 0.80691 0.15982
vt 0.28778 0.64206
vt 0.26802 0.74449
vt 0.26802 0.74449
vt 0.80691 0.15982
vt 0.55104 0.06901
vt 0.80691 0.15982
vt 0.55104 0.06901
vt 0.18057 0.03845
vt 0.55104 0.06901
vt 0.75128 0.62863
vt 0.83213 0.62325
vt 0.68191 0.51484
vt 0.62654 0.39149
vt 0.83213 0.62325
vt 0.71026 0.38054
vt 0.75128 0.62863
vt 0.26802 0.74449
vt 0.28778 0.64206
vt 0.19562 0.28232
vt 0.63839 0.44438
vt 0.27072 0.52211
vt 0.87996 0.73025
vt 0.30269 0.84659
vt 0.26802 0.74449
vt 0.15706 0.20748
vt 0.47018 0.07753
vt 0.71466 0.16417
vt 0.13756 0.11259
vt 0.13120 0.05175
vt 0.47018 0.07753
vt 0.13756 0.11259
vt 0.07018 0.06819
vt 0.13756 0.11259
vt 0.15706 0.20748
vt 0.13756 0.11259
vt 0.13756 0.11259
vt 0.22146 0.40346
vt 0.19562 0.28232
vt 0.27072 0.52211
vt 0.22146 0.40346
vt 0.18078 0.25190
vt 0.19562 0.28232
vt 0.82153 0.91857
vt 0.22437 0.94421
vt 0.22429 0.94437
vt 0.19562 0.28232
vt 0.18078 0.25190
vt 0.15706 0.20748
vt 0.74955 0.27208
vt 0.71026 0.38054
vt 0.71132 0.38899
vt 0.62654 0.39149
vt 0.18078 0.25190
vt 0.22146 0.40346
vt 0.96533 0.72827
vt 1.00000 0.83036
vt 0.96533 0.72827
vt 0.22429 0.94437
vt 0.22437 0.94421
vt 0.24510 0.87867
vt 1.00000 0.83036
vt 0.82153 0.91857
vt 1.00000 0.83036
vt 0.30269 0.84659
vt 0.78772 0.85537
vt 0.91463 0.83235
vt 0.36442 0.81130
vt 0.16200 1.00000
vt 0.16200 0.81130
vt 0.00000 0.00803
vt 0.36442 0.81130
vt 0.16200 0.81130
vt 0.36442 1.00000
vt 0.16200 1.00000
vt 0.16200 1.00000
vt 0.36517 0.81108
vt 0.00000 0.00803
vt 0.16273 0.81089
vt 0.16200 1.00000
vt 0.36517 0.81108
vt 0.16273 0.81089
vt 0.16200 1.00000
vt 0.36442 1.00000
vt 0.36517 0.81108
vt 0.16273 0.81089
vt 0.16200 1.00000
vt 0.16200 1.00000
vt 0.36517 0.81108
vt 0.36442 1.00000
vt 0.36442 1.00000
vt 0.16273 0.81089
vt 0.16200 0.81130
vt 0.16200 1.00000
vt 0.36442 0.81130
vt 0.36442 1.00000
vt 0.16200 1.00000
vt 0.00000 0.00803
vt 0.20022 0.00000
vt 0.36442 0.81130
vt 0.16200 1.00000
vt 0.36442 1.00000
vt 0.36442 1.00000
vt 0.20022 0.00000
vt 0.00000 0.00803
vt 0.00000 0.00803
vt 0.16273 0.81089
vt 0.00000 0.00803
vt 0.00000 0.00803
vt 0.20022 0.00000
vt 0.20022 0.00000
vt 0.36517 0.81108
vt 0.36517 0.81108
vt 0.20022 0.00000
vt 0.00000 0.00803
vt 0.36517 0.81108
vt 0.36442 1.00000
vt 0.36442 0.81130
vt 0.20022 0.00000
vt 0.36517 0.81108
vt 0.36442 0.81130
vt 0.16273 0.81089
vt 0.00000 0.00803
vt 0.16200 0.81130
vt 0.20022 0.00000
vt 0.00000 0.00803
vt 0.20022 0.00000
f 2262/11503 2265/11504 2264/11505
f 2286/11506 2285/11507 2258/11508
f 2286/11509 2260/11510 2280/11511
f 2286/11512 2280/11513 2281/11514
f 2276/11515 2277/11516 2250/11517
f 2263/11518 2284/11519 2282/11520
f 2276/11521 2278/11522 2275/11523
f 2256/11524 2282/11525 2285/11526
f 2282/11527 2284/11528 2283/11529
f 2272/11530 2275/11531 2246/11532
f 2240/11533 2266/11534 2265/11535
f 2245/11536 2248/11537 2274/11538
f 2286/11539 2258/11540 2260/11541
f 2289/11542 2285/11543 2283/11544
f 2272/11545 2267/11546 2273/11547
f 2245/11548 2271/11549 2287/11550
f 2245/11551 2274/11552 2271/11553
f 2278/11554 2279/11555 2275/11556
f 2241/11557 2242/11558 2243/11559
f 2243/11560 2246/11561 2247/11562
f 2289/11563 2258/11564 2285/11565
f 2281/11566 2257/11567 2245/11568
f 2289/11569 2283/11570 2263/11571
f 2283/11572 2284/11573 2263/11574
f 2263/11575 2264/11576 2289/11577
f 2262/11578 2264/11579 2263/11580
f 2240/11581 2265/11582 2262/11583
f 2248/11584 2277/11585 2274/11586
f 2278/11587 2288/11588 2279/11589
f 2276/11590 2250/11591 2288/11592
f 2286/11593 2281/11594 2287/11595
f 2269/11596 2267/11597 2241/11598
f 2268/11599 2239/11600 2238/11601
f 2256/11602 2286/11603 2255/11604
f 2276/11605 2275/11606 2277/11607
f 2287/11608 2273/11609 2237/11610
f 2241/11611 2267/11612 2242/11613
f 2239/11614 2266/11615 2240/11616
f 2237/11617 2268/11618 2238/11619
f 2243/11620 2242/11621 2246/11622
f 2244/11623 2252/11624 2248/11625
f 2249/11626 2270/11627 2288/11628
f 2246/11629 2254/11630 2251/11631
f 2287/11632 2281/11633 2245/11634
f 2287/11635 2271/11636 2273/11637
f 2273/11638 2267/11639 2237/11640
f 2256/11641 2240/11642 2262/11643
f 2274/11644 2277/11645 2275/11646
f 2249/11647 2247/11648 2251/11649
f 2270/11650 2251/11651 2254/11652
f 2247/11653 2249/11654 2252/11655
f 2243/11656 2252/11657 2244/11658
f 2257/11659 2244/11660 2245/11661
f 2255/11662 2286/11663 2287/11664
f 2271/11665 2274/11666 2272/11667
f 2268/11668 2269/11669 2239/11670
f 2269/11671 2268/11672 2267/11673
f 2278/11674 2276/11675 2288/11676
f 2248/11677 2250/11678 2277/11679
f 2260/11680 2258/11681 2259/11682
f 2239/11683 2269/11684 2244/11685
f 2266/11686 2257/11687 2261/11688
f 2266/11689 2239/11690 2257/11691
f 2265/11692 2259/11693 2289/11694
f 2259/11695 2265/11696 2266/11697
f 2280/11698 2261/11699 2257/11700
f 2270/11701 2254/11702 2253/11703
f 2249/11704 2251/11705 2270/11706
f 2243/11707 2244/11708 2241/11709
f 2247/11710 2252/11711 2243/11712
f 2248/11713 2245/11714 2244/11715
f 2288/11716 2270/11717 2253/11718
f 2275/11719 2279/11720 2254/11721
f 2252/11722 2249/11723 2250/11724
f 2254/11725 2246/11726 2275/11727
f 2259/11728 2266/11729 2261/11730
f 2265/11731 2289/11732 2264/11733
f 2272/11734 2246/11735 2242/11736
f 2237/11737 2267/11738 2268/11739
f 2280/11740 2260/11741 2261/11742
f 2267/11743 2272/11744 2242/11745
f 2260/11746 2259/11747 2261/11748
f 2258/11749 2289/11750 2259/11751
f 2241/11752 2244/11753 2269/11754
f 2239/11755 2244/11756 2257/11757
f 2271/11758 2272/11759 2273/11760
f 2255/11761 2287/11762 2237/11763
f 2274/11764 2275/11765 2272/11766
f 2256/11767 2285/11768 2286/11769
f 2282/11770 2283/11771 2285/11772
f 2262/11773 2263/11774 2282/11775
f 2256/11776 2262/11777 2282/11778
f 2238/11779 2255/11780 2237/11781
f 2238/11782 2240/11783 2255/11784
f 2288/11785 2253/11786 2279/11787
f 2255/11788 2240/11789 2256/11790
f 2280/11791 2257/11792 2281/11793
f 2239/11794 2240/11795 2238/11796
f 2252/11797 2250/11798 2248/11799
f 2279/11800 2253/11801 2254/11802
f 2249/11803 2288/11804 2250/11805
f 2246/11806 2251/11807 2247/11808
f 2232/11809 2231/11810 2233/11811
f 2234/11812 2232/11813 2233/11814
f 2228/11815 2225/11816 2231/11817
f 2230/11818 2227/11819 2226/11820
f 2225/11821 2230/11822 2226/11823
f 2225/11824 2228/11825 2230/11826
f 2226/11827 2231/11828 2225/11829
f 2230/11830 2228/11831 2236/11832
f 2226/11833 2233/11834 2231/11835
f 2232/11836 2236/11837 2231/11838
f 2234/11839 2235/11840 2232/11841
f 2231/11842 2236/11843 2228/11844
f 2235/11845 2234/11846 2227/11847
f 2226/11848 2227/11849 2234/11850
f 2235/11851 2229/11852 2230/11853
f 2230/11854 2229/11855 2227/11856
f 2230/11857 2236/11858 2232/11859
f 2235/11860 2230/11861 2232/11862
f 2226/11863 2234/11864 2233/11865
f 2235/11866 2227/11867 2229/11868
o Hardware
g Hardware
usemtl GoldSoft
v -0.01688 -0.04756 -0.92282
v 0.01879 -0.06700 -0.93703
v -0.01688 -0.06700 -0.93703
v 0.01879 -0.04756 -0.92282
v 0.01879 -0.06255 -0.95446
v 0.01879 -0.04756 -0.96179
v -0.01688 -0.06255 -0.95446
v 0.01879 -0.12866 -0.95446
v 0.01879 -0.15404 -0.96520
v 0.01879 -0.13920 -0.93703
v -0.01688 -0.04756 -0.96179
v -0.01688 -0.12866 -0.95446
v -0.01688 -0.13920 -0.93703
v -0.01688 -0.14369 -0.97063
v 0.01879 -0.15010 -1.00022
v 0.01879 -0.14369 -0.97063
v -0.01688 -0.15404 -0.96520
v -0.01688 -0.15010 -1.00022
v 0.01879 -0.14794 -1.03762
v 0.01879 -0.16180 -1.00034
v -0.01688 -0.16180 -1.00034
v -0.01688 -0.14794 -1.03762
v -0.01688 -0.14328 -1.07532
v -0.01688 -0.12511 -1.08143
v -0.01688 -0.15940 -1.03993
v 0.01879 -0.15940 -1.03993
v 0.01879 -0.13361 -1.06875
v 0.01879 -0.12415 -1.08139
v -0.01688 -0.13382 -1.08795
v 0.01879 -0.13481 -1.08799
v -0.02111 -0.10360 -0.32195
v 0.02303 -0.10516 -0.33365
v 0.02303 -0.12024 -0.33636
v 0.02303 -0.12596 -0.32645
v -0.02111 -0.12024 -0.31654
v -0.02111 -0.12388 -0.33365
v 0.02303 -0.11296 -0.31474
v -0.02111 -0.13015 -0.12520
v 0.02303 -0.12963 -0.12970
v -0.02111 -0.14263 -0.14141
v 0.02303 -0.13951 -0.14141
v -0.02111 -0.14679 -0.11980
v 0.02303 -0.15199 -0.12520
v 0.02303 -0.13535 -0.11980
v -0.02111 -0.10880 -0.33636
v -0.02111 -0.15251 -0.12970
v -0.03596 -0.05199 -0.92857
v -0.03596 -0.05199 -0.86665
v 0.00096 -0.27466 -0.71063
v 0.02372 -0.08000 -0.83878
v -0.02180 -0.08000 -0.83878
v -0.03596 -0.13893 -0.93932
v -0.03596 -0.18475 -0.88462
v -0.03596 -0.18266 -0.80088
v -0.03596 -0.20741 -0.89948
v -0.03596 -0.14343 -0.82748
v -0.03596 -0.14142 -0.90983
v -0.02180 -0.18137 -0.77389
v -0.01630 -0.20048 -0.92467
v 0.01821 -0.21097 -0.91884
v -0.01630 -0.21097 -0.91884
v 0.00096 -0.18744 -0.91110
v -0.02180 -0.29955 -0.70552
v -0.01630 -0.31268 -0.85937
v 0.01821 -0.32994 -0.84989
v 0.01821 -0.31268 -0.85937
v -0.03596 -0.32401 -0.82731
v -0.01630 -0.32994 -0.84989
v -0.02131 -0.29363 -0.84933
v 0.02405 -0.20795 -0.89920
v -0.03596 -0.08205 -0.86639
v -0.03596 -0.30462 -0.73076
v 0.02372 -0.29955 -0.70552
v -0.03596 -0.28125 -0.73403
v -0.02143 -0.14047 -0.93857
v -0.02180 -0.27769 -0.70857
v -0.03596 -0.20065 -0.78869
v 0.03788 -0.05199 -0.92857
v -0.02180 -0.05199 -0.83878
v -0.03596 -0.24048 -0.76168
v -0.03596 -0.29007 -0.82335
v -0.03596 -0.20929 -0.87034
v -0.02131 -0.21103 -0.89738
v -0.02131 -0.18590 -0.91199
v -0.03596 -0.29708 -0.84732
v -0.03596 -0.18743 -0.91110
v 0.03788 -0.06274 -0.93932
v 0.02372 -0.27769 -0.70857
v 0.02372 -0.05199 -0.83878
v 0.03788 -0.13893 -0.93932
v 0.03788 -0.18266 -0.80088
v 0.03788 -0.14343 -0.82748
v 0.03788 -0.18475 -0.88462
v 0.03788 -0.20741 -0.89948
v 0.02372 -0.20035 -0.76102
v 0.02372 -0.18149 -0.77381
v 0.03788 -0.14142 -0.90983
v 0.01821 -0.20048 -0.92467
v 0.03788 -0.32401 -0.82731
v 0.03788 -0.29708 -0.84732
v 0.02385 -0.29622 -0.84752
v 0.03788 -0.30462 -0.73076
v 0.03788 -0.28125 -0.73403
v 0.02322 -0.14148 -0.93783
v 0.03788 -0.05199 -0.86665
v 0.03788 -0.08205 -0.86639
v 0.02372 -0.13893 -0.80267
v 0.03788 -0.20065 -0.78869
v 0.03788 -0.24048 -0.76168
v 0.03788 -0.29007 -0.82335
v 0.03788 -0.20929 -0.87034
v 0.02372 -0.17724 -0.77669
v -0.02180 -0.13893 -0.80267
v 0.03788 -0.18743 -0.91110
v 0.02322 -0.18590 -0.91199
v -0.03596 -0.06274 -0.93932
v -0.01967 -0.17851 -1.08785
v 0.02159 -0.12484 -1.09577
v 0.02159 -0.17851 -1.08785
v 0.02159 -0.18003 -1.09770
v 0.02159 -0.12444 -1.12014
v -0.01967 -0.18003 -1.09770
v -0.01967 -0.09812 -1.09641
v -0.01967 -0.09721 -1.11970
v -0.01967 -0.12444 -1.12014
v 0.02159 -0.09761 -1.09533
v 0.02159 -0.09721 -1.11970
v -0.02545 -0.18352 -0.40155
v -0.02534 -0.16504 -0.41532
v -0.02533 -0.10805 -0.40697
v -0.01403 -0.05677 -0.35745
v -0.02533 -0.14012 -0.18612
v -0.02533 -0.15057 -0.14637
v -0.02533 -0.16011 -0.12984
v -0.01177 -0.19383 -0.38763
v -0.01159 -0.10952 -0.41967
v 0.01350 -0.10952 -0.41967
v -0.01159 -0.19169 -0.41230
v -0.02533 0.04733 -0.42821
v -0.02533 0.04618 -0.46906
v 0.01350 0.04581 -0.48220
v -0.01159 0.04581 -0.48220
v -0.02533 -0.07822 -0.37375
v -0.02407 -0.12378 -0.34295
v 0.01350 -0.15956 -0.31776
v -0.01159 -0.15956 -0.31776
v -0.02533 -0.12336 -0.04764
v -0.01159 -0.19655 -0.05711
v -0.02533 -0.18636 -0.05579
v -0.02533 -0.14807 -0.32568
v -0.01290 -0.17166 -0.42508
v -0.02533 -0.12193 -0.12984
v -0.02533 -0.12091 -0.19164
v -0.02533 -0.11963 -0.24884
v -0.02533 -0.11554 -0.26564
v -0.02533 -0.10469 -0.30989
v -0.02533 -0.09515 -0.32642
v 0.02724 -0.11312 -0.25756
v -0.02533 -0.12353 -0.24835
v -0.02533 -0.12521 -0.20164
v -0.02533 -0.13602 -0.20292
v -0.02533 -0.12243 -0.18802
v -0.02533 -0.13402 -0.26271
v 0.02724 -0.12333 -0.19971
v -0.02095 -0.13148 -0.11331
v -0.01656 -0.12193 -0.12984
v -0.02533 -0.10469 -0.34295
v -0.01656 -0.12378 -0.30989
v -0.02533 -0.12378 -0.30989
v -0.02533 -0.15057 -0.11331
v -0.01656 -0.09515 -0.32642
v -0.02533 -0.13333 -0.32642
v -0.01656 -0.16011 -0.12984
v -0.01656 -0.10469 -0.34295
v -0.02407 -0.13148 -0.14637
v -0.01656 -0.13333 -0.32642
v -0.01656 -0.15057 -0.11331
v -0.01656 -0.10469 -0.30989
v -0.01656 -0.15057 -0.14637
v 0.02724 -0.14967 -0.32372
v 0.02724 -0.10805 -0.40697
v 0.01594 -0.05677 -0.35745
v 0.02724 -0.15057 -0.14637
v 0.02724 -0.13003 -0.18225
v 0.01351 -0.19365 -0.38658
v 0.02726 -0.16504 -0.41532
v 0.02733 -0.18273 -0.40300
v 0.01350 -0.19169 -0.41230
v 0.02724 0.04733 -0.42821
v 0.02724 -0.07822 -0.37375
v 0.02724 -0.13333 -0.32642
v 0.02724 -0.12378 -0.34295
v 0.02724 -0.12336 -0.04764
v 0.01594 -0.10007 -0.04462
v 0.01350 -0.19655 -0.05711
v 0.02724 -0.18636 -0.05579
v 0.02724 0.04618 -0.46906
v 0.01410 -0.16629 -0.42654
v 0.02724 -0.11963 -0.24884
v 0.02724 -0.12193 -0.12984
v 0.02724 -0.09515 -0.32642
v 0.02724 -0.10469 -0.30989
v 0.02724 -0.13233 -0.25204
v 0.02724 -0.12562 -0.26951
v 0.02724 -0.14181 -0.19678
v 0.02286 -0.13148 -0.11331
v 0.01848 -0.10469 -0.34295
v 0.02724 -0.10469 -0.34295
v 0.02599 -0.12378 -0.30989
v 0.02724 -0.15057 -0.11331
v 0.01848 -0.09515 -0.32642
v 0.01848 -0.16011 -0.12984
v 0.02724 -0.16011 -0.12984
v 0.01848 -0.12193 -0.12984
v 0.02599 -0.13148 -0.14637
v 0.01848 -0.12378 -0.34295
v 0.01848 -0.15057 -0.11331
v 0.01848 -0.10469 -0.30989
v 0.01848 -0.15057 -0.14637
v -0.04136 0.04974 -1.15969
v -0.04136 0.07201 -1.15660
v -0.04136 0.07201 -1.53140
v -0.04136 0.07201 -1.12207
v -0.04136 -0.34750 -1.12207
v -0.04136 -0.28963 -1.51891
v -0.03084 0.09836 -1.21470
v -0.04136 0.07201 -1.21470
v -0.02117 0.09836 -1.37485
v -0.03170 0.07201 -1.42941
v -0.04136 -0.34599 -1.13230
v -0.01537 -0.34599 -1.13230
v -0.04136 0.05062 -1.26971
v -0.03170 0.07201 -1.13230
v -0.04136 0.05184 -1.42370
v -0.04474 0.05062 -1.26971
v -0.04136 -0.34195 -1.15969
v -0.03170 0.07201 -1.51891
v -0.04136 0.05256 -1.51891
v -0.04136 0.07201 -1.42941
v -0.03170 -0.30297 -1.42370
v -0.04136 -0.32570 -1.26971
v -0.03170 -0.32570 -1.26971
v -0.04474 -0.30297 -1.42370
v -0.04474 0.05184 -1.42370
v -0.04474 0.04974 -1.15969
v -0.04136 -0.28706 -1.53140
v -0.04474 -0.28963 -1.51891
v -0.03170 -0.15331 -1.26971
v -0.04136 -0.30297 -1.42370
v -0.04474 -0.32570 -1.26971
v -0.03170 -0.15331 -1.13230
v -0.03431 -0.32570 -1.26971
v -0.04474 -0.34195 -1.15969
v -0.03431 -0.30297 -1.42370
v 0.03361 0.07201 -1.51891
v 0.00096 -0.32570 -1.26971
v -0.04474 0.05256 -1.51891
v 0.00096 -0.30297 -1.42370
v 0.00096 -0.34750 -1.12207
v -0.03170 -0.15331 -1.51891
v -0.03170 0.07201 -1.12207
v -0.03084 0.09836 -1.12207
v -0.02117 0.09836 -1.12207
v -0.03084 0.09836 -1.37485
v 0.04327 0.04974 -1.15969
v 0.04327 0.07201 -1.53140
v 0.00912 -0.28706 -1.53140
v 0.04327 0.04952 -1.13230
v 0.04327 0.07201 -1.12207
v 0.03275 0.09836 -1.12207
v 0.03361 0.07201 -1.42941
v 0.04327 -0.34599 -1.13230
v -0.00721 -0.34195 -1.15969
v 0.04327 0.05062 -1.26971
v 0.03361 0.07201 -1.13230
v 0.04327 0.05184 -1.42370
v 0.04666 0.05062 -1.26971
v 0.04327 -0.34195 -1.15969
v 0.04327 0.07201 -1.42941
v 0.04327 0.05256 -1.51891
v 0.04327 -0.32570 -1.26971
v 0.03361 -0.30297 -1.42370
v 0.03361 -0.32570 -1.26971
v 0.04666 -0.30297 -1.42370
v 0.04327 -0.30297 -1.42370
v 0.04666 0.04974 -1.15969
v 0.04327 -0.28706 -1.53140
v 0.04666 -0.28963 -1.51891
v 0.03361 -0.15331 -1.51891
v 0.04666 -0.32570 -1.26971
v 0.04327 0.04944 -1.12207
v 0.03622 -0.32570 -1.26971
v 0.04666 -0.34195 -1.15969
v 0.04327 -0.28963 -1.51891
v 0.03622 -0.30297 -1.42370
v 0.04666 0.05184 -1.42370
v 0.04666 0.05256 -1.51891
v 0.04327 -0.34750 -1.12207
v 0.03361 -0.34750 -1.12207
v 0.03361 0.07201 -1.12207
v 0.03361 -0.15331 -1.13230
v 0.02309 0.09836 -1.12207
v 0.03275 0.09836 -1.26971
v 0.02309 0.09836 -1.37485
v 0.03275 0.09836 -1.37485
v -0.00941 -0.04799 -0.99169
v 0.01133 -0.07299 -0.99407
v -0.00941 -0.09348 -0.99855
v 0.01133 -0.04799 -0.99169
v 0.01133 -0.07299 -1.01334
v 0.01133 -0.05005 -1.01884
v -0.00941 -0.07299 -1.01334
v 0.01133 -0.10274 -1.00259
v -0.00941 -0.05005 -1.01884
v -0.00941 -0.10003 -1.01563
v -0.00941 -0.12669 -1.01797
v -0.00941 -0.12279 -1.02661
v 0.01133 -0.10003 -1.01563
v 0.01133 -0.13405 -1.03746
v 0.01133 -0.12279 -1.02661
v 0.01133 -0.12669 -1.01797
v -0.00941 -0.13781 -1.03107
v 0.01133 -0.13781 -1.03107
v -0.00941 -0.13405 -1.03746
v -0.01403 -0.10007 -0.04462
v -0.01403 0.04804 -0.40291
v 0.01594 0.04804 -0.40291
v 0.01848 -0.13333 -0.32642
vt 0.95380 0.44170
vt 0.95380 0.48452
vt 0.94268 0.50592
vt 0.79934 0.54459
vt 0.81046 0.56600
vt 0.79934 0.54459
vt 0.79934 0.54459
vt 0.79934 0.50177
vt 0.81046 0.48037
vt 0.93156 0.44170
vt 0.93156 0.48452
vt 0.93156 0.44170
vt 0.82158 0.54459
vt 0.82158 0.50177
vt 0.82158 0.54459
vt 0.95380 0.44170
vt 0.94268 0.42029
vt 0.95380 0.44170
vt 0.79934 0.50177
vt 0.79934 0.50177
vt 0.81046 0.48037
vt 0.81046 0.56600
vt 0.79934 0.54459
vt 0.81046 0.48037
vt 0.94268 0.50592
vt 0.99797 0.50272
vt 0.86265 0.51108
vt 0.86049 0.48261
vt 0.89569 0.50279
vt 0.86265 0.51108
vt 0.94268 0.50592
vt 0.95380 0.48452
vt 0.99797 0.50272
vt 0.95380 0.48452
vt 0.95380 0.44170
vt 0.99797 0.50272
vt 0.89569 0.50279
vt 0.93156 0.48452
vt 0.94268 0.50592
vt 0.79934 0.50177
vt 0.79934 0.50177
vt 0.79934 0.54459
vt 0.77863 0.60395
vt 0.79934 0.54459
vt 0.81046 0.56600
vt 0.89766 0.46134
vt 0.89569 0.50279
vt 0.86049 0.48261
vt 0.94268 0.42029
vt 0.93156 0.44170
vt 0.93156 0.44170
vt 0.81046 0.56600
vt 0.82158 0.54459
vt 0.82158 0.54459
vt 0.95380 0.48452
vt 0.95380 0.44170
vt 0.95380 0.44170
vt 0.79934 0.50177
vt 0.79934 0.54459
vt 0.79934 0.54459
vt 0.94268 0.42029
vt 0.93156 0.44170
vt 0.94268 0.42029
vt 0.81046 0.48037
vt 0.81046 0.48037
vt 0.82158 0.50177
vt 0.81046 0.56600
vt 0.82158 0.54459
vt 0.81046 0.56600
vt 0.81046 0.56600
vt 0.82158 0.54459
vt 0.85678 0.52569
vt 0.86265 0.51108
vt 0.89569 0.50279
vt 0.94268 0.50592
vt 0.99160 0.33857
vt 0.99797 0.50272
vt 0.99249 0.36142
vt 0.94268 0.50592
vt 0.95380 0.48452
vt 0.94268 0.50592
vt 0.85134 0.52026
vt 0.85678 0.52569
vt 0.84874 0.49764
vt 0.86297 0.50234
vt 0.86049 0.48261
vt 0.86265 0.51108
vt 0.85331 0.47882
vt 0.84874 0.49764
vt 0.86049 0.48261
vt 0.90355 0.50480
vt 0.90743 0.48776
vt 0.89569 0.50279
vt 0.94268 0.50592
vt 0.94268 0.50592
vt 0.93156 0.48452
vt 0.81046 0.56600
vt 0.79934 0.54459
vt 0.79934 0.54459
vt 0.95380 0.48452
vt 0.94268 0.50592
vt 0.94268 0.50592
vt 0.90112 0.50822
vt 0.89569 0.50279
vt 0.89439 0.49857
vt 0.85134 0.52026
vt 0.84874 0.49764
vt 0.85331 0.47882
vt 0.75896 0.36955
vt 0.75270 0.34948
vt 0.77000 0.34507
vt 0.89569 0.50279
vt 0.90743 0.48776
vt 0.93156 0.48452
vt 0.78959 0.65207
vt 0.74200 0.88554
vt 0.77863 0.60395
vt 0.78959 0.65207
vt 0.99797 0.50272
vt 1.00000 0.55496
vt 0.81228 0.44371
vt 0.81046 0.48037
vt 0.79934 0.50177
vt 0.74200 0.88554
vt 0.75629 0.53705
vt 0.77863 0.60395
vt 0.85678 0.52569
vt 0.86265 0.51108
vt 0.99797 0.50272
vt 0.74312 0.40643
vt 0.75629 0.53705
vt 0.74775 0.53377
vt 0.74775 0.53377
vt 0.71453 0.88297
vt 0.70569 0.88214
vt 0.81228 0.44371
vt 0.77000 0.34507
vt 0.81629 0.42152
vt 0.99249 0.36142
vt 0.81629 0.42152
vt 0.99160 0.33857
vt 0.90483 0.46514
vt 0.89766 0.46134
vt 0.90743 0.48776
vt 0.89353 0.47432
vt 0.89569 0.50279
vt 0.89766 0.46134
vt 0.99797 0.50272
vt 0.77863 0.60395
vt 0.81046 0.56600
vt 0.79934 0.54459
vt 0.81046 0.56600
vt 0.81046 0.56600
vt 0.77863 0.60395
vt 0.99797 0.50272
vt 0.81046 0.56600
vt 0.85134 0.52026
vt 0.85331 0.47882
vt 0.82158 0.50177
vt 0.99797 0.50272
vt 0.86265 0.51108
vt 0.85134 0.52026
vt 0.86265 0.51108
vt 0.99797 0.50272
vt 0.94268 0.50592
vt 0.89439 0.49857
vt 0.89569 0.50279
vt 0.89353 0.47432
vt 0.71453 0.88297
vt 0.74200 0.88554
vt 0.70569 0.88214
vt 0.99249 0.36142
vt 0.81228 0.44371
vt 0.81629 0.42152
vt 0.78959 0.65207
vt 0.75901 0.88714
vt 0.74200 0.88554
vt 0.78959 0.65207
vt 0.77863 0.60395
vt 0.99797 0.50272
vt 0.77000 0.34507
vt 0.76929 0.34466
vt 0.81629 0.42152
vt 0.79934 0.50177
vt 0.79934 0.54459
vt 0.75629 0.53705
vt 0.75629 0.53705
vt 0.81228 0.44371
vt 0.79934 0.50177
vt 0.94268 0.42029
vt 0.93156 0.44170
vt 0.94268 0.50592
vt 0.89439 0.49857
vt 0.86297 0.50234
vt 0.86265 0.51108
vt 0.93156 0.48452
vt 0.90743 0.48776
vt 0.93156 0.44170
vt 0.81046 0.56600
vt 0.82158 0.54459
vt 0.82158 0.50177
vt 0.82158 0.54459
vt 0.81046 0.56600
vt 0.81046 0.48037
vt 0.81046 0.48037
vt 0.82158 0.50177
vt 0.82158 0.54459
vt 0.81046 0.48037
vt 0.81046 0.48037
vt 0.79934 0.50177
vt 0.95380 0.44170
vt 0.94268 0.42029
vt 0.94268 0.42029
vt 0.81046 0.48037
vt 0.79934 0.54459
vt 0.82158 0.50177
vt 0.94268 0.50592
vt 0.93156 0.44170
vt 0.94268 0.42029
vt 0.94268 0.42029
vt 0.95380 0.44170
vt 0.94268 0.50592
vt 0.93156 0.48452
vt 0.93156 0.44170
vt 0.94268 0.50592
vt 0.82158 0.50177
vt 0.84874 0.49764
vt 0.82158 0.54459
vt 0.85678 0.52569
vt 0.99797 0.50272
vt 0.81046 0.56600
vt 0.86265 0.51108
vt 0.86297 0.50234
vt 0.85678 0.52569
vt 0.81046 0.56600
vt 0.99797 0.50272
vt 0.85134 0.52026
vt 0.85134 0.52026
vt 0.82158 0.50177
vt 0.82158 0.54459
vt 0.81046 0.48037
vt 0.79934 0.50177
vt 0.79934 0.54459
vt 0.89766 0.46134
vt 0.81228 0.44371
vt 0.94268 0.42029
vt 0.81228 0.44371
vt 0.99249 0.36142
vt 0.94268 0.42029
vt 0.99249 0.36142
vt 0.95380 0.44170
vt 0.94268 0.42029
vt 0.74312 0.40643
vt 0.75896 0.36955
vt 0.75067 0.40924
vt 0.75067 0.40924
vt 0.75896 0.36955
vt 0.81228 0.44371
vt 0.82158 0.54459
vt 0.84874 0.49764
vt 0.85678 0.52569
vt 0.85678 0.52569
vt 0.86297 0.50234
vt 0.86265 0.51108
vt 0.75993 0.36778
vt 0.75067 0.40924
vt 0.75629 0.53705
vt 0.90483 0.46514
vt 0.93156 0.44170
vt 0.94268 0.42029
vt 0.79934 0.54459
vt 0.77863 0.60395
vt 0.75629 0.53705
vt 0.79934 0.50177
vt 0.79934 0.54459
vt 0.79934 0.54459
vt 0.93156 0.44170
vt 0.93156 0.44170
vt 0.94268 0.42029
vt 0.81046 0.48037
vt 0.81046 0.48037
vt 0.82158 0.50177
vt 0.82158 0.54459
vt 0.82158 0.54459
vt 0.81046 0.56600
vt 0.95380 0.44170
vt 0.95380 0.44170
vt 0.95380 0.48452
vt 0.74312 0.40643
vt 0.75270 0.34948
vt 0.75896 0.36955
vt 0.74312 0.40643
vt 0.75067 0.40924
vt 0.75629 0.53705
vt 0.81228 0.44371
vt 0.75896 0.36955
vt 0.77000 0.34507
vt 0.74775 0.53377
vt 0.75629 0.53705
vt 0.71453 0.88297
vt 0.81046 0.56600
vt 0.79934 0.54459
vt 0.77863 0.60395
vt 0.90112 0.50822
vt 0.90355 0.50480
vt 0.89569 0.50279
vt 0.81228 0.44371
vt 0.89766 0.46134
vt 0.86049 0.48261
vt 0.82158 0.50177
vt 0.81046 0.48037
vt 0.81228 0.44371
vt 0.84874 0.49764
vt 0.82158 0.50177
vt 0.81228 0.44371
vt 0.89353 0.47432
vt 0.89766 0.46134
vt 0.90483 0.46514
vt 0.90483 0.46514
vt 0.90355 0.50480
vt 0.93156 0.48452
vt 0.81096 0.44731
vt 0.89353 0.47432
vt 0.90483 0.46514
vt 1.00000 0.55496
vt 1.00000 0.55496
vt 0.78959 0.65207
vt 0.74775 0.53377
vt 0.74411 0.39439
vt 0.74312 0.40643
vt 0.78959 0.65207
vt 0.75901 0.88714
vt 0.75901 0.88714
vt 0.94268 0.42029
vt 0.81096 0.44731
vt 0.90483 0.46514
vt 0.90483 0.46514
vt 0.93156 0.48452
vt 0.93156 0.44170
vt 0.94268 0.42029
vt 0.95380 0.44170
vt 0.99249 0.36142
vt 0.86049 0.48261
vt 0.84874 0.49764
vt 0.81228 0.44371
vt 0.75629 0.53705
vt 0.71453 0.88297
vt 0.74200 0.88554
vt 0.74775 0.53377
vt 0.70569 0.88214
vt 0.70569 0.88214
vt 0.76929 0.34466
vt 0.75270 0.34948
vt 0.75270 0.34948
vt 0.71453 0.88297
vt 0.70569 0.88214
vt 0.70569 0.88214
vt 0.75901 0.88714
vt 0.74200 0.88554
vt 0.75901 0.88714
vt 0.70569 0.88214
vt 0.75901 0.88714
vt 0.74200 0.88554
vt 0.75629 0.53705
vt 0.74200 0.88554
vt 0.77863 0.60395
vt 0.99797 0.50272
vt 0.95380 0.44170
vt 0.95380 0.48452
vt 0.75993 0.36778
vt 0.75270 0.34948
vt 0.74411 0.39439
vt 0.74411 0.39439
vt 0.74775 0.53377
vt 0.75629 0.53705
vt 0.74775 0.53377
vt 0.70569 0.88214
vt 0.71453 0.88297
vt 0.76929 0.34466
vt 0.75993 0.36778
vt 0.81096 0.44731
vt 0.81629 0.42152
vt 0.81096 0.44731
vt 0.99249 0.36142
vt 0.81046 0.48037
vt 0.82158 0.50177
vt 0.81096 0.44731
vt 0.81096 0.44731
vt 0.79934 0.50177
vt 0.81046 0.48037
vt 0.82158 0.50177
vt 0.85331 0.47882
vt 0.81096 0.44731
vt 0.75629 0.53705
vt 0.77863 0.60395
vt 0.79934 0.54459
vt 0.99797 0.50272
vt 0.99249 0.36142
vt 0.95380 0.44170
vt 1.00000 0.55496
vt 1.00000 0.55496
vt 0.99797 0.50272
vt 0.99249 0.36142
vt 0.99797 0.50272
vt 0.99160 0.33857
vt 0.95380 0.48452
vt 0.95380 0.44170
vt 0.94268 0.50592
vt 0.75270 0.34948
vt 0.74312 0.40643
vt 0.74411 0.39439
vt 0.89766 0.46134
vt 0.94268 0.42029
vt 0.93156 0.44170
vt 0.93156 0.44170
vt 0.93156 0.48452
vt 0.94268 0.50592
vt 0.95380 0.44170
vt 0.99249 0.36142
vt 0.99797 0.50272
vt 0.99160 0.33857
vt 1.00000 0.55496
vt 0.99797 0.50272
vt 0.81046 0.48037
vt 0.79934 0.50177
vt 0.81046 0.48037
vt 0.82158 0.50177
vt 0.82158 0.50177
vt 0.82158 0.54459
vt 0.94268 0.42029
vt 0.94268 0.42029
vt 0.95380 0.44170
vt 0.81046 0.56600
vt 0.81046 0.56600
vt 0.79934 0.54459
vt 0.81629 0.42152
vt 0.81629 0.42152
vt 0.99160 0.33857
vt 0.74200 0.88554
vt 0.75901 0.88714
vt 0.78959 0.65207
vt 0.78959 0.65207
vt 1.00000 0.55496
vt 0.99797 0.50272
vt 0.81096 0.44731
vt 0.75993 0.36778
vt 0.79934 0.50177
vt 0.75629 0.53705
vt 0.79934 0.54459
vt 0.79934 0.50177
vt 0.74200 0.88554
vt 0.71453 0.88297
vt 0.75629 0.53705
vt 0.74200 0.88554
vt 0.78959 0.65207
vt 0.77863 0.60395
vt 0.74775 0.53377
vt 0.70569 0.88214
vt 0.74775 0.53377
vt 0.74200 0.88554
vt 0.71453 0.88297
vt 0.70569 0.88214
vt 0.74411 0.39439
vt 0.75270 0.34948
vt 0.75270 0.34948
vt 0.74775 0.53377
vt 0.74312 0.40643
vt 0.74775 0.53377
vt 0.74775 0.53377
vt 0.71453 0.88297
vt 0.75629 0.53705
vt 0.76929 0.34466
vt 0.81096 0.44731
vt 0.81629 0.42152
vt 0.81629 0.42152
vt 0.99249 0.36142
vt 0.99160 0.33857
vt 0.81629 0.42152
vt 0.99160 0.33857
vt 0.99160 0.33857
vt 0.93156 0.44170
vt 0.90743 0.48776
vt 0.89766 0.46134
vt 0.78959 0.65207
vt 0.99797 0.50272
vt 0.77863 0.60395
vt 0.81629 0.42152
vt 0.76929 0.34466
vt 0.81629 0.42152
vt 0.79934 0.50177
vt 0.75993 0.36778
vt 0.75629 0.53705
vt 0.85134 0.52026
vt 0.82158 0.54459
vt 0.81046 0.56600
vt 0.94268 0.50592
vt 0.90112 0.50822
vt 0.86265 0.51108
vt 0.99797 0.50272
vt 1.00000 0.55496
vt 0.99160 0.33857
vt 0.75270 0.34948
vt 0.75993 0.36778
vt 0.76929 0.34466
vt 0.75993 0.36778
vt 0.74411 0.39439
vt 0.75067 0.40924
vt 0.74411 0.39439
vt 0.75629 0.53705
vt 0.75067 0.40924
vt 0.79934 0.54459
vt 0.81046 0.56600
vt 0.82158 0.50177
vt 0.90483 0.46514
vt 0.90743 0.48776
vt 0.90355 0.50480
vt 0.94268 0.50592
vt 0.94268 0.50592
vt 0.93156 0.48452
vt 0.93156 0.44170
vt 0.94268 0.42029
vt 0.94268 0.42029
vt 0.81046 0.48037
vt 0.82158 0.50177
vt 0.82158 0.50177
vt 0.82158 0.54459
vt 0.81046 0.56600
vt 0.81046 0.56600
vt 0.78959 0.65207
vt 1.00000 0.55496
vt 0.78959 0.65207
vt 0.75067 0.40924
vt 0.81228 0.44371
vt 0.75629 0.53705
vt 0.94268 0.50592
vt 0.95380 0.44170
vt 0.94268 0.42029
vt 0.93156 0.48452
vt 0.93156 0.44170
vt 0.93156 0.44170
vt 0.82158 0.50177
vt 0.82158 0.54459
vt 0.82158 0.54459
vt 0.94268 0.42029
vt 0.95380 0.44170
vt 0.95380 0.44170
vt 0.75270 0.34948
vt 0.76929 0.34466
vt 0.77000 0.34507
vt 0.70569 0.88214
vt 0.74200 0.88554
vt 0.75901 0.88714
vt 0.75901 0.88714
vt 0.78959 0.65207
vt 0.78959 0.65207
vt 0.89353 0.47432
vt 0.85331 0.47882
vt 0.86297 0.50234
vt 0.85331 0.47882
vt 0.86049 0.48261
vt 0.86297 0.50234
vt 0.86265 0.51108
vt 0.85678 0.52569
vt 0.85134 0.52026
vt 0.99160 0.33857
vt 0.99160 0.33857
vt 0.99249 0.36142
vt 0.99797 0.50272
vt 0.95380 0.48452
vt 0.94268 0.50592
vt 0.94268 0.50592
vt 0.93156 0.48452
vt 0.90112 0.50822
vt 0.89353 0.47432
vt 0.81096 0.44731
vt 0.85331 0.47882
vt 0.90112 0.50822
vt 0.89439 0.49857
vt 0.86265 0.51108
vt 0.93156 0.48452
vt 0.90355 0.50480
vt 0.90112 0.50822
vt 0.89439 0.49857
vt 0.89353 0.47432
vt 0.86297 0.50234
vt 0.99249 0.36142
vt 0.81096 0.44731
vt 0.94268 0.42029
vt 0.80560 0.54353
vt 0.80560 0.50155
vt 0.80378 0.50972
vt 0.80560 0.50155
vt 0.81044 0.49689
vt 0.80378 0.50972
vt 0.81044 0.49689
vt 0.81711 0.50972
vt 0.81832 0.52604
vt 0.80560 0.54353
vt 0.81044 0.49689
vt 0.81832 0.52604
vt 0.81832 0.52604
vt 0.81347 0.54703
vt 0.80560 0.54353
vt 0.81711 0.50972
vt 0.80560 0.50155
vt 0.81347 0.54703
vt 0.81711 0.50972
vt 0.81347 0.54703
vt 0.81832 0.52604
vt 0.80560 0.50155
vt 0.80378 0.53537
vt 0.81347 0.54703
vt 0.80560 0.54353
vt 0.80378 0.53537
vt 0.80560 0.50155
vt 0.81347 0.54703
vt 0.80378 0.53537
vt 0.80560 0.54353
vt 0.81044 0.49689
vt 0.80560 0.50155
vt 0.81711 0.50972
vt 0.80560 0.54353
vt 0.80378 0.50972
vt 0.81044 0.49689
vt 0.93490 0.45949
vt 0.94580 0.43850
vt 0.93490 0.46649
vt 0.94580 0.48748
vt 0.93490 0.46649
vt 0.94277 0.48865
vt 0.94580 0.48748
vt 0.94944 0.45017
vt 0.93490 0.45949
vt 0.94944 0.45017
vt 0.94944 0.47582
vt 0.94580 0.43850
vt 0.94580 0.43850
vt 0.94277 0.43734
vt 0.94944 0.45017
vt 0.93490 0.45949
vt 0.94277 0.43734
vt 0.94580 0.43850
vt 0.94944 0.45017
vt 0.94277 0.43734
vt 0.93490 0.45949
vt 0.94944 0.45017
vt 0.94580 0.48748
vt 0.94944 0.47582
vt 0.94944 0.47582
vt 0.94277 0.48865
vt 0.93490 0.46649
vt 0.94580 0.48748
vt 0.93490 0.45949
vt 0.93490 0.46649
vt 0.93490 0.46649
vt 0.94580 0.43850
vt 0.94944 0.47582
vt 0.94944 0.47582
vt 0.94580 0.48748
vt 0.94277 0.48865
vt 0.25001 0.01246
vt 0.26843 0.00339
vt 0.26843 0.00339
vt 0.07244 0.89566
vt 0.21301 0.94091
vt 0.17601 0.89292
vt 0.25209 0.94091
vt 0.27531 1.00000
vt 0.27531 0.94091
vt 0.17601 0.89292
vt 0.21301 0.94091
vt 0.25001 0.89096
vt 0.17601 0.04889
vt 0.17601 0.04889
vt 0.17601 0.04889
vt 0.17601 0.04889
vt 0.25001 0.89096
vt 0.25001 0.01246
vt 0.25209 0.94091
vt 0.27531 0.94091
vt 0.27531 0.00000
vt 0.00000 0.94091
vt 0.00000 0.13555
vt 0.00000 0.13555
vt 0.25001 0.01246
vt 0.25001 0.89096
vt 0.25209 0.94091
vt 0.25001 0.01246
vt 0.25001 0.01246
vt 0.26843 0.00339
vt 0.26843 0.94091
vt 0.26843 0.43554
vt 0.26843 0.43554
vt 0.26843 0.00339
vt 0.26843 0.00339
vt 0.27531 0.00000
vt 0.17601 0.04889
vt 0.17601 0.04889
vt 0.17601 0.04889
vt 0.17601 0.04889
vt 0.17601 0.89292
vt 0.17601 0.89292
vt 0.26843 0.43554
vt 0.26843 0.94091
vt 0.26843 0.94091
vt 0.07244 0.09989
vt 0.00840 0.12981
vt 0.07244 0.09989
vt 0.17601 0.04889
vt 0.17601 0.04889
vt 0.17601 0.04889
vt 0.06860 0.94091
vt 0.00840 0.43554
vt 0.00840 0.94091
vt 0.07244 0.89566
vt 0.07244 0.09989
vt 0.07244 0.09989
vt 0.10529 1.00000
vt 0.26843 0.94091
vt 0.06860 0.94091
vt 0.10529 1.00000
vt 0.06860 0.94091
vt 0.06860 0.94091
vt 0.25001 0.01246
vt 0.26843 0.89047
vt 0.25001 0.89096
vt 0.17601 0.89292
vt 0.25001 0.89096
vt 0.17601 0.89292
vt 0.27531 1.00000
vt 0.27531 0.94091
vt 0.26843 0.94091
vt 0.00840 0.12981
vt 0.07244 0.89566
vt 0.07244 0.09989
vt 0.17601 0.89292
vt 0.17601 0.04889
vt 0.17601 0.04889
vt 0.17601 0.04889
vt 0.25001 0.01246
vt 0.25001 0.01246
vt 0.00000 0.13555
vt 0.00840 0.89727
vt 0.00840 0.12981
vt 0.25001 0.01246
vt 0.25001 0.89096
vt 0.25001 0.89096
vt 0.07244 0.89566
vt 0.07244 0.09989
vt 0.07244 0.89566
vt 0.00840 0.12981
vt 0.07244 0.09989
vt 0.07244 0.09989
vt 0.07244 0.09989
vt 0.17601 0.04889
vt 0.17601 0.04889
vt 0.00840 0.89727
vt 0.06860 0.94091
vt 0.07244 0.89566
vt 0.06860 0.94091
vt 0.06860 0.94091
vt 0.00840 0.94091
vt 0.25001 0.01246
vt 0.25209 0.94091
vt 0.26843 0.00339
vt 0.25001 0.89096
vt 0.17601 0.89292
vt 0.17601 0.89292
vt 0.07244 0.89566
vt 0.00840 0.89727
vt 0.00840 0.89727
vt 0.17601 0.04889
vt 0.07244 0.09989
vt 0.17601 0.04889
vt 0.25001 0.89096
vt 0.25001 0.89096
vt 0.17601 0.89292
vt 0.06860 0.94091
vt 0.17601 1.00000
vt 0.10529 1.00000
vt 0.10529 1.00000
vt 0.27531 1.00000
vt 0.26843 0.94091
vt 0.10529 1.00000
vt 0.10529 1.00000
vt 0.06860 0.94091
vt 0.25001 0.89096
vt 0.21301 0.94091
vt 0.25209 0.94091
vt 0.07244 0.89566
vt 0.07244 0.89566
vt 0.07244 0.09989
vt 0.07244 0.09989
vt 0.07244 0.09989
vt 0.07244 0.09989
vt 0.00000 0.13555
vt 0.00000 0.13555
vt 0.00840 0.12981
vt 0.07244 0.09989
vt 0.07244 0.09989
vt 0.07244 0.09989
vt 0.26843 0.00339
vt 0.25209 0.94091
vt 0.27531 0.00000
vt 0.17601 0.04889
vt 0.17601 0.04889
vt 0.17601 0.04889
vt 0.17601 0.04889
vt 0.25001 0.01246
vt 0.25001 0.89096
vt 0.07244 0.09989
vt 0.07244 0.09989
vt 0.07244 0.09989
vt 0.00840 0.12981
vt 0.00840 0.89727
vt 0.07244 0.89566
vt 0.00840 0.12981
vt 0.00840 0.12981
vt 0.07244 0.09989
vt 0.17601 0.04889
vt 0.17601 0.04889
vt 0.25001 0.01246
vt 0.00000 0.13555
vt 0.00000 0.94091
vt 0.00840 0.89727
vt 0.25001 0.01246
vt 0.25001 0.01246
vt 0.25001 0.89096
vt 0.06860 0.94091
vt 0.00840 0.94091
vt 0.00840 0.43554
vt 0.17601 0.04889
vt 0.17601 0.89292
vt 0.25001 0.89096
vt 0.27531 0.94091
vt 0.27531 1.00000
vt 0.27531 1.00000
vt 0.00000 0.13555
vt 0.00840 0.12981
vt 0.00840 0.89727
vt 0.25001 0.89096
vt 0.25001 0.01246
vt 0.25001 0.01246
vt 0.25001 0.01246
vt 0.26843 0.00339
vt 0.26843 0.89047
vt 0.17601 0.89292
vt 0.25001 0.89096
vt 0.25001 0.89096
vt 0.07244 0.89566
vt 0.17601 0.89292
vt 0.06860 0.94091
vt 0.17601 0.89292
vt 0.25001 0.89096
vt 0.27531 0.94091
vt 0.17601 0.89292
vt 0.17601 0.89292
vt 0.17601 0.04889
vt 0.07244 0.89566
vt 0.06860 0.94091
vt 0.21301 0.94091
vt 0.25001 0.89096
vt 0.26843 0.89047
vt 0.27531 0.94091
vt 0.21301 0.94091
vt 0.21301 1.00000
vt 0.27531 1.00000
vt 0.00840 0.89727
vt 0.07244 0.89566
vt 0.06860 0.94091
vt 0.07244 0.89566
vt 0.07244 0.09989
vt 0.07244 0.09989
vt 0.00840 0.94091
vt 0.06860 0.94091
vt 0.00000 0.94091
vt 0.00840 0.12981
vt 0.07244 0.09989
vt 0.07244 0.89566
vt 0.25001 0.01246
vt 0.17601 0.04889
vt 0.17601 0.04889
vt 0.07244 0.89566
vt 0.07244 0.89566
vt 0.00840 0.89727
vt 0.17601 0.04889
vt 0.17601 0.04889
vt 0.25001 0.01246
vt 0.00840 0.94091
vt 0.00840 0.94091
vt 0.00000 0.94091
vt 0.07244 0.09989
vt 0.00840 0.12981
vt 0.00840 0.12981
vt 0.25001 0.01246
vt 0.17601 0.04889
vt 0.17601 0.04889
vt 0.07244 0.09989
vt 0.07244 0.09989
vt 0.17601 0.04889
vt 0.07244 0.09989
vt 0.07244 0.89566
vt 0.17601 0.89292
vt 0.00840 0.89727
vt 0.00840 0.89727
vt 0.00840 0.12981
vt 0.26843 0.89047
vt 0.27531 0.89029
vt 0.27531 0.94091
vt 0.26843 0.43554
vt 0.06860 0.94091
vt 0.26843 0.94091
vt 0.26843 0.00339
vt 0.27531 0.00000
vt 0.27531 0.00000
vt 0.00000 0.13555
vt 0.00840 0.12981
vt 0.00840 0.12981
vt 0.07244 0.09989
vt 0.17601 0.04889
vt 0.17601 0.04889
vt 0.00840 0.94091
vt 0.00840 0.43554
vt 0.00840 0.94091
vt 0.26843 0.94091
vt 0.10529 1.00000
vt 0.06860 0.94091
vt 0.27531 0.94091
vt 0.27531 0.94091
vt 0.27531 0.00000
vt 0.07244 0.09989
vt 0.07244 0.09989
vt 0.07244 0.09989
vt 0.00840 0.12981
vt 0.07244 0.09989
vt 0.07244 0.09989
vt 0.27531 0.00000
vt 0.27531 0.00000
vt 0.26843 0.00339
vt 0.17601 0.04889
vt 0.07244 0.09989
vt 0.07244 0.09989
vt 0.00840 0.43554
vt 0.00840 0.43554
vt 0.00840 0.94091
vt 0.07244 0.09989
vt 0.07244 0.09989
vt 0.07244 0.09989
vt 0.26843 0.00339
vt 0.25001 0.01246
vt 0.27531 0.00000
vt 0.06860 0.94091
vt 0.00840 0.43554
vt 0.17601 0.43554
vt 0.00840 0.89727
vt 0.00840 0.12981
vt 0.00840 0.12981
vt 0.21301 0.94091
vt 0.27531 1.00000
vt 0.25209 0.94091
vt 0.27531 0.94091
vt 0.27531 1.00000
vt 0.27531 1.00000
vt 0.27531 0.00000
vt 0.27531 0.94091
vt 0.27531 0.94091
vt 0.00000 0.94091
vt 0.06860 0.94091
vt 0.00840 0.89727
vt 0.06860 0.94091
vt 0.10529 1.00000
vt 0.06860 0.94091
vt 0.27531 1.00000
vt 0.21301 1.00000
vt 0.10529 1.00000
vt 0.07244 0.09989
vt 0.17601 0.89292
vt 0.17601 0.04889
vt 0.27531 1.00000
vt 0.06860 0.94091
vt 0.27531 0.94091
vt 0.26843 0.94091
vt 0.27531 1.00000
vt 0.10529 1.00000
vt 0.26843 0.00339
vt 0.25001 0.01246
vt 0.25001 0.01246
vt 0.27531 1.00000
vt 0.17601 1.00000
vt 0.06860 0.94091
vt 0.00840 0.12981
vt 0.00000 0.13555
vt 0.00000 0.13555
vt 0.06860 0.94091
vt 0.17601 0.43554
vt 0.26843 0.43554
vt 0.07244 0.09989
vt 0.07244 0.09989
vt 0.17601 0.04889
vt 0.27531 0.94091
vt 0.27531 0.94091
vt 0.27531 1.00000
vt 0.21301 0.94091
vt 0.06860 0.94091
vt 0.10529 1.00000
vt 0.00840 0.89727
vt 0.07244 0.89566
vt 0.07244 0.89566
vt 0.07244 0.09989
vt 0.17601 0.04889
vt 0.17601 0.89292
vt 0.00840 0.12981
vt 0.00840 0.89727
vt 0.00840 0.89727
vt 0.26843 0.94091
vt 0.27531 0.94091
vt 0.27531 0.94091
vt 0.17601 0.04889
vt 0.17601 0.04889
vt 0.17601 0.04889
vt 0.00000 0.13555
vt 0.00000 0.94091
vt 0.00000 0.13555
vt 0.27531 0.00000
vt 0.27531 0.94091
vt 0.27531 0.89029
vt 0.10529 1.00000
vt 0.17601 1.00000
vt 0.10529 1.00000
vt 0.17601 1.00000
vt 0.27531 1.00000
vt 0.27531 1.00000
vt 0.00000 0.94091
vt 0.06860 0.94091
vt 0.00840 0.94091
vt 0.00000 0.94091
vt 0.00840 0.89727
vt 0.06860 0.94091
vt 0.00000 0.13555
vt 0.00000 0.94091
vt 0.00000 0.94091
vt 0.17601 0.04889
vt 0.07244 0.09989
vt 0.07244 0.09989
vt 0.00840 0.43554
vt 0.26843 0.43554
vt 0.26843 0.43554
vt 0.06860 0.94091
vt 0.26843 0.43554
vt 0.26843 0.94091
vt 0.26843 0.00339
vt 0.27531 0.00000
vt 0.27531 0.89029
vt 0.06860 0.94091
vt 0.10529 1.00000
vt 0.10529 1.00000
vt 0.26843 0.43554
vt 0.00840 0.43554
vt 0.06860 0.94091
vt 0.27531 1.00000
vt 0.27531 1.00000
vt 0.21301 1.00000
vt 0.10529 1.00000
vt 0.21301 1.00000
vt 0.10529 1.00000
vt 0.27531 0.00000
vt 0.25001 0.01246
vt 0.26843 0.00339
vt 0.26843 0.94091
vt 0.27531 0.94091
vt 0.26843 0.94091
vt 0.00840 0.12981
vt 0.00840 0.89727
vt 0.00840 0.12981
vt 0.07244 0.09989
vt 0.17601 0.89292
vt 0.07244 0.89566
vt 0.27531 0.94091
vt 0.27531 0.00000
vt 0.27531 0.00000
vt 0.21301 0.94091
vt 0.10529 1.00000
vt 0.21301 1.00000
vt 0.00840 0.43554
vt 0.26843 0.43554
vt 0.17601 0.43554
vt 0.07244 0.09989
vt 0.00840 0.12981
vt 0.07244 0.09989
vt 0.00840 0.12981
vt 0.07244 0.89566
vt 0.00840 0.89727
vt 0.07244 0.09989
vt 0.07244 0.09989
vt 0.07244 0.09989
vt 0.27531 0.94091
vt 0.27531 1.00000
vt 0.26843 0.94091
vt 0.00000 0.94091
vt 0.00840 0.94091
vt 0.00000 0.94091
vt 0.25001 0.01246
vt 0.17601 0.04889
vt 0.25001 0.01246
vt 0.00840 0.89727
vt 0.07244 0.89566
vt 0.00840 0.89727
vt 0.17601 1.00000
vt 0.27531 1.00000
vt 0.10529 1.00000
vt 0.06860 0.94091
vt 0.06860 0.94091
vt 0.00840 0.94091
vt 0.27531 0.94091
vt 0.27531 0.94091
vt 0.27531 0.89029
vt 0.27531 0.00000
vt 0.27531 0.89029
vt 0.27531 0.00000
vt 0.27531 0.00000
vt 0.27531 0.94091
vt 0.27531 0.00000
vt 0.00840 0.43554
vt 0.17601 0.43554
vt 0.00840 0.43554
vt 0.27531 0.94091
vt 0.27531 1.00000
vt 0.27531 0.94091
vt 0.25001 0.89096
vt 0.25001 0.01246
vt 0.25001 0.89096
vt 0.27531 0.00000
vt 0.26843 0.00339
vt 0.27531 0.00000
vt 0.17601 0.89292
vt 0.27531 0.94091
vt 0.06860 0.94091
vt 0.17601 0.04889
vt 0.17601 0.89292
vt 0.17601 0.04889
vt 0.26843 0.00339
vt 0.27531 0.89029
vt 0.26843 0.89047
vt 0.17601 0.04889
vt 0.07244 0.09989
vt 0.17601 0.04889
vt 0.17601 0.04889
vt 0.25001 0.89096
vt 0.17601 0.89292
vt 0.00000 0.13555
vt 0.00840 0.89727
vt 0.00000 0.94091
vt 0.17601 0.04889
vt 0.17601 0.04889
vt 0.17601 0.04889
vt 0.36301 0.67176
vt 0.36301 0.67176
vt 0.36141 0.61569
vt 0.34690 0.55503
vt 0.33952 0.50400
vt 0.33952 0.50400
vt 0.36141 0.61569
vt 0.35567 0.54897
vt 0.35839 0.56974
vt 0.34844 0.61569
vt 0.34690 0.55503
vt 0.34690 0.55503
vt 0.33952 0.50400
vt 0.33652 0.47032
vt 0.34533 0.49526
vt 0.35567 0.54897
vt 0.34533 0.49526
vt 0.35839 0.56974
vt 0.34690 0.55503
vt 0.34533 0.49526
vt 0.35567 0.54897
vt 0.34474 0.66713
vt 0.34474 0.66713
vt 0.34844 0.61569
vt 0.34844 0.61569
vt 0.34474 0.66713
vt 0.36301 0.67176
vt 0.34844 0.61569
vt 0.34690 0.55503
vt 0.35567 0.54897
vt 0.36301 0.67176
vt 0.36301 0.67176
vt 0.34474 0.66713
vt 0.33952 0.50400
vt 0.33222 0.47875
vt 0.33952 0.50400
vt 0.33952 0.50400
vt 0.33222 0.47875
vt 0.33222 0.47875
vt 0.34690 0.55503
vt 0.33952 0.50400
vt 0.34533 0.49526
vt 0.34844 0.61569
vt 0.35839 0.56974
vt 0.34690 0.55503
vt 0.33222 0.47875
vt 0.33652 0.47032
vt 0.33652 0.47032
vt 0.34533 0.49526
vt 0.33652 0.47032
vt 0.34533 0.49526
vt 0.33952 0.50400
vt 0.33652 0.47032
vt 0.33222 0.47875
vt 0.34690 0.55503
vt 0.34690 0.55503
vt 0.33952 0.50400
vt 0.36301 0.67176
vt 0.34844 0.61569
vt 0.36141 0.61569
vt 0.34474 0.66713
vt 0.34844 0.61569
vt 0.34844 0.61569
vt 0.34844 0.61569
vt 0.36301 0.67176
vt 0.35839 0.56974
vt 0.34844 0.61569
vt 0.35567 0.54897
vt 0.36141 0.61569
vt 0.36301 0.67176
vt 0.34474 0.66713
vt 0.34474 0.66713
vt 0.36301 0.67176
vt 0.34474 0.66713
vt 0.34844 0.61569
vt 0.36301 0.67176
vt 0.36141 0.61569
vt 0.35839 0.56974
vt 0.34844 0.61569
vt 0.34690 0.55503
vt 0.34844 0.61569
vt 0.34690 0.55503
vt 0.34533 0.49526
vt 0.33952 0.50400
vt 0.35567 0.54897
vt 0.34533 0.49526
vt 0.34533 0.49526
vt 0.33952 0.50400
vt 0.33222 0.47875
vt 0.33652 0.47032
vt 0.34690 0.55503
vt 0.35839 0.56974
vt 0.34533 0.49526
vt 0.33952 0.50400
vt 0.34533 0.49526
vt 0.33652 0.47032
vt 0.34533 0.49526
vt 0.33652 0.47032
vt 0.33652 0.47032
vt 0.33222 0.47875
vt 0.33222 0.47875
vt 0.33652 0.47032
vt 0.29170 0.37562
vt 0.29257 0.55934
vt 0.29833 0.37902
vt 0.29170 0.37562
vt 0.29170 0.37562
vt 0.29833 0.37902
vt 0.29833 0.37902
vt 0.29257 0.55934
vt 0.29300 0.49941
vt 0.29170 0.37562
vt 0.27661 0.50029
vt 0.29257 0.55934
vt 0.27661 0.50029
vt 0.27661 0.50029
vt 0.29170 0.37562
vt 0.29257 0.55934
vt 0.29330 0.56048
vt 0.29300 0.49941
vt 0.29833 0.37902
vt 0.29300 0.49941
vt 0.29833 0.37902
vt 0.29170 0.37562
vt 0.29833 0.37902
vt 0.29833 0.37902
vt 0.27661 0.50029
vt 0.27691 0.56137
vt 0.27661 0.50029
vt 0.29300 0.49941
vt 0.29170 0.37562
vt 0.29833 0.37902
vt 0.27661 0.50029
vt 0.29170 0.37562
vt 0.29170 0.37562
vt 0.29300 0.49941
vt 0.27661 0.50029
vt 0.29170 0.37562
vt 0.29330 0.56048
vt 0.29257 0.55934
vt 0.27691 0.56137
vt 0.29300 0.49941
vt 0.29330 0.56048
vt 0.27691 0.56137
vt 0.29257 0.55934
vt 0.27661 0.50029
vt 0.27691 0.56137
vt 0.27661 0.50029
vt 0.27691 0.56137
vt 0.27691 0.56137
vt 0.29300 0.49941
vt 0.27691 0.56137
vt 0.27661 0.50029
vt 0.29330 0.56048
vt 0.27691 0.56137
vt 0.27691 0.56137
vt 0.46585 0.66280
vt 0.40546 0.66280
vt 0.44711 0.66280
vt 0.41721 0.35901
vt 0.49134 0.36971
vt 0.43502 0.36504
vt 0.42503 0.31420
vt 0.49955 0.32937
vt 0.49134 0.36971
vt 0.46585 0.59996
vt 0.46585 0.66280
vt 0.44711 0.66280
vt 0.44728 0.59538
vt 0.49014 0.46780
vt 0.46585 0.59996
vt 0.47623 0.12881
vt 0.51771 0.24004
vt 0.53631 0.14859
vt 0.39823 0.63869
vt 0.39823 0.63869
vt 0.40546 0.66280
vt 0.47357 0.05269
vt 0.53850 0.09617
vt 0.53631 0.14859
vt 0.41721 0.35901
vt 0.41661 0.36246
vt 0.39923 0.46207
vt 0.41721 0.35901
vt 0.40808 0.32976
vt 0.41201 0.30622
vt 0.55343 0.15657
vt 0.55205 0.16337
vt 0.51815 0.33004
vt 0.49134 0.36971
vt 0.50955 0.37234
vt 0.50761 0.38187
vt 0.44728 0.59538
vt 0.39823 0.46779
vt 0.41807 0.46221
vt 0.45876 0.12084
vt 0.45997 0.11503
vt 0.42522 0.31300
vt 0.46585 0.59996
vt 0.46585 0.66280
vt 0.46585 0.66280
vt 0.49134 0.36971
vt 0.49955 0.32937
vt 0.42503 0.31420
vt 0.50955 0.37234
vt 0.51815 0.33004
vt 0.50950 0.37262
vt 0.44462 0.30999
vt 0.47623 0.12881
vt 0.45876 0.12084
vt 0.41807 0.46221
vt 0.43502 0.36504
vt 0.41661 0.36246
vt 0.40808 0.32976
vt 0.41201 0.30622
vt 0.41201 0.30622
vt 0.51771 0.24004
vt 0.55343 0.15657
vt 0.51815 0.33004
vt 0.51771 0.24004
vt 0.47623 0.12881
vt 0.44462 0.30999
vt 0.55548 0.10754
vt 0.55343 0.15657
vt 0.53631 0.14859
vt 0.44728 0.59538
vt 0.47345 0.45770
vt 0.41807 0.46221
vt 0.42522 0.31300
vt 0.41201 0.30622
vt 0.41201 0.30622
vt 0.53631 0.14859
vt 0.51771 0.24004
vt 0.55343 0.15657
vt 0.45876 0.12084
vt 0.46011 0.11309
vt 0.45997 0.11503
vt 0.47623 0.12881
vt 0.51771 0.24004
vt 0.44462 0.30999
vt 0.41807 0.46221
vt 0.39823 0.46779
vt 0.39923 0.46207
vt 0.44462 0.30999
vt 0.45997 0.11503
vt 0.47623 0.12881
vt 0.53631 0.14859
vt 0.55548 0.10754
vt 0.53850 0.09617
vt 0.45997 0.11503
vt 0.45201 0.07811
vt 0.45201 0.07811
vt 0.47357 0.05269
vt 0.45201 0.07811
vt 0.46011 0.11309
vt 0.49134 0.36971
vt 0.42503 0.31420
vt 0.41721 0.35901
vt 0.43502 0.36504
vt 0.47345 0.45771
vt 0.41807 0.46221
vt 0.42522 0.31300
vt 0.41201 0.30622
vt 0.42503 0.31420
vt 0.42644 0.30610
vt 0.45876 0.12084
vt 0.42522 0.31300
vt 0.40546 0.66280
vt 0.44711 0.66280
vt 0.44728 0.59538
vt 0.39823 0.63869
vt 0.40546 0.66280
vt 0.39823 0.46779
vt 0.51815 0.33004
vt 0.55343 0.15657
vt 0.50950 0.37262
vt 0.53631 0.14859
vt 0.47357 0.05269
vt 0.46011 0.11309
vt 0.44711 0.66280
vt 0.46585 0.59996
vt 0.44728 0.59538
vt 0.44728 0.59538
vt 0.46585 0.59996
vt 0.49014 0.46780
vt 0.44728 0.59538
vt 0.41807 0.46221
vt 0.39823 0.46779
vt 0.49014 0.46780
vt 0.50761 0.38187
vt 0.50950 0.37262
vt 0.49014 0.46780
vt 0.50761 0.38187
vt 0.49014 0.46780
vt 0.41721 0.35901
vt 0.41721 0.35901
vt 0.41661 0.36246
vt 0.47357 0.05269
vt 0.55548 0.10754
vt 0.53850 0.09617
vt 0.44462 0.30999
vt 0.42522 0.31300
vt 0.45997 0.11503
vt 0.41807 0.46221
vt 0.39923 0.46207
vt 0.41661 0.36246
vt 0.46011 0.11309
vt 0.53631 0.14859
vt 0.47623 0.12881
vt 0.49955 0.32937
vt 0.42503 0.31420
vt 0.44462 0.30999
vt 0.49955 0.32937
vt 0.51815 0.33004
vt 0.50955 0.37234
vt 0.39823 0.46779
vt 0.39873 0.46435
vt 0.39923 0.46207
vt 0.49134 0.36971
vt 0.50761 0.38187
vt 0.47345 0.45771
vt 0.41807 0.46221
vt 0.47345 0.45771
vt 0.44728 0.59538
vt 0.51771 0.24004
vt 0.51815 0.33004
vt 0.49955 0.32937
vt 0.44711 0.66280
vt 0.46585 0.66280
vt 0.46585 0.59996
vt 0.45997 0.11503
vt 0.45201 0.07811
vt 0.46011 0.11309
vt 0.44711 0.66280
vt 0.46585 0.66280
vt 0.46585 0.66280
vt 0.53631 0.14859
vt 0.51771 0.24004
vt 0.47623 0.12881
vt 0.45997 0.11503
vt 0.46011 0.11309
vt 0.47623 0.12881
vt 0.44462 0.30999
vt 0.42503 0.31420
vt 0.42522 0.31300
vt 0.41721 0.35901
vt 0.39923 0.46207
vt 0.39873 0.46435
vt 0.46585 0.59996
vt 0.44711 0.66280
vt 0.44728 0.59538
vt 0.39823 0.46779
vt 0.39823 0.63869
vt 0.39873 0.46435
vt 0.41807 0.46221
vt 0.41661 0.36246
vt 0.43502 0.36504
vt 0.44462 0.30999
vt 0.51771 0.24004
vt 0.49955 0.32937
vt 0.42503 0.31420
vt 0.49134 0.36971
vt 0.41721 0.35901
vt 0.41807 0.46221
vt 0.41661 0.36246
vt 0.39873 0.46435
vt 0.41807 0.46221
vt 0.39873 0.46435
vt 0.39823 0.46779
vt 0.45201 0.07811
vt 0.45838 0.03939
vt 0.45201 0.07811
vt 0.45997 0.11503
vt 0.46011 0.11309
vt 0.45201 0.07811
vt 0.55205 0.16337
vt 0.55343 0.15657
vt 0.55343 0.15657
vt 0.44728 0.59538
vt 0.39823 0.46779
vt 0.40546 0.66280
vt 0.41661 0.36246
vt 0.43502 0.36504
vt 0.41721 0.35901
vt 0.47345 0.45770
vt 0.49014 0.46780
vt 0.50950 0.37262
vt 0.43502 0.36504
vt 0.49134 0.36971
vt 0.41721 0.35901
vt 0.40808 0.32976
vt 0.41201 0.30622
vt 0.40808 0.32976
vt 0.46585 0.66280
vt 0.44711 0.66280
vt 0.40546 0.66280
vt 0.46585 0.66280
vt 0.46585 0.59996
vt 0.46585 0.59996
vt 0.47345 0.45771
vt 0.49014 0.46780
vt 0.44728 0.59538
vt 0.53631 0.14859
vt 0.55343 0.15657
vt 0.51771 0.24004
vt 0.39823 0.63869
vt 0.39823 0.46779
vt 0.39823 0.63869
vt 0.55343 0.15657
vt 0.55548 0.10754
vt 0.55343 0.15657
vt 0.41721 0.35901
vt 0.40808 0.32976
vt 0.40808 0.32976
vt 0.41661 0.36246
vt 0.41721 0.35901
vt 0.41721 0.35901
vt 0.40546 0.66280
vt 0.39823 0.63869
vt 0.40546 0.66280
vt 0.39823 0.63869
vt 0.39823 0.46779
vt 0.39873 0.46435
vt 0.49955 0.32937
vt 0.50955 0.37234
vt 0.49134 0.36971
vt 0.55548 0.10754
vt 0.53631 0.14859
vt 0.53850 0.09617
vt 0.49014 0.46780
vt 0.46585 0.59996
vt 0.49014 0.46780
vt 0.49134 0.36971
vt 0.47345 0.45771
vt 0.43502 0.36504
vt 0.47623 0.12881
vt 0.53631 0.14859
vt 0.46011 0.11309
vt 0.49955 0.32937
vt 0.44462 0.30999
vt 0.42503 0.31420
vt 0.41721 0.35901
vt 0.41201 0.30622
vt 0.40808 0.32976
vt 0.41661 0.36246
vt 0.41721 0.35901
vt 0.43502 0.36504
vt 0.44462 0.30999
vt 0.42644 0.30610
vt 0.42503 0.31420
vt 0.45876 0.12084
vt 0.47623 0.12881
vt 0.46011 0.11309
vt 0.44462 0.30999
vt 0.45876 0.12084
vt 0.42644 0.30610
vt 0.45201 0.07811
vt 0.45838 0.03939
vt 0.45838 0.03939
vt 0.44728 0.59538
vt 0.44711 0.66280
vt 0.40546 0.66280
vt 0.49134 0.36971
vt 0.47345 0.45770
vt 0.50950 0.37262
vt 0.41201 0.30622
vt 0.42522 0.31300
vt 0.42503 0.31420
vt 0.39823 0.46779
vt 0.44728 0.59538
vt 0.39823 0.63869
vt 0.49955 0.32937
vt 0.49134 0.36971
vt 0.50950 0.37262
vt 0.53631 0.14859
vt 0.55343 0.15657
vt 0.55548 0.10754
vt 0.47357 0.05269
vt 0.45838 0.03939
vt 0.45201 0.07811
vt 0.47357 0.05269
vt 0.45838 0.03939
vt 0.45838 0.03939
vt 0.40546 0.66280
vt 0.40546 0.66280
vt 0.44711 0.66280
vt 0.47345 0.45770
vt 0.44728 0.59538
vt 0.49014 0.46780
vt 0.51771 0.24004
vt 0.49955 0.32937
vt 0.50950 0.37262
vt 0.41721 0.35901
vt 0.41201 0.30622
vt 0.42503 0.31420
vt 0.41721 0.35901
vt 0.40808 0.32976
vt 0.41721 0.35901
vt 0.44728 0.59538
vt 0.40546 0.66280
vt 0.39823 0.63869
vt 0.55548 0.10754
vt 0.55548 0.10754
vt 0.53850 0.09617
vt 0.50761 0.38187
vt 0.50955 0.37234
vt 0.50950 0.37262
vt 0.47345 0.45771
vt 0.50761 0.38187
vt 0.49014 0.46780
vt 0.49955 0.32937
vt 0.51771 0.24004
vt 0.44462 0.30999
vt 0.51815 0.33004
vt 0.55205 0.16337
vt 0.55343 0.15657
vt 0.45201 0.07811
vt 0.45838 0.03939
vt 0.47357 0.05269
vt 0.47345 0.45770
vt 0.43502 0.36504
vt 0.41807 0.46221
vt 0.47357 0.05269
vt 0.53850 0.09617
vt 0.55548 0.10754
vt 0.42503 0.31420
vt 0.42644 0.30610
vt 0.42522 0.31300
vt 0.45201 0.07811
vt 0.47357 0.05269
vt 0.46011 0.11309
vt 0.45838 0.03939
vt 0.47357 0.05269
vt 0.47357 0.05269
vt 0.51771 0.24004
vt 0.50950 0.37262
vt 0.55343 0.15657
vt 0.53850 0.09617
vt 0.47357 0.05269
vt 0.47357 0.05269
vt 0.47357 0.05269
vt 0.53631 0.14859
vt 0.46011 0.11309
vt 0.46585 0.59996
vt 0.46585 0.59996
vt 0.49014 0.46780
vt 0.39873 0.46435
vt 0.41661 0.36246
vt 0.41721 0.35901
vt 0.53631 0.14859
vt 0.53850 0.09617
vt 0.47357 0.05269
vt 0.55343 0.15657
vt 0.55548 0.10754
vt 0.55548 0.10754
vt 0.41721 0.35901
vt 0.41721 0.35901
vt 0.40808 0.32976
vt 0.41721 0.35901
vt 0.42503 0.31420
vt 0.41201 0.30622
vt 0.43502 0.36504
vt 0.47345 0.45770
vt 0.49134 0.36971
vt 0.33056 0.42189
vt 0.29824 0.47704
vt 0.30676 0.45803
vt 0.33211 0.44760
vt 0.30265 0.49879
vt 0.31117 0.47973
vt 0.33211 0.44760
vt 0.31117 0.47973
vt 0.29824 0.47704
vt 0.35727 0.44273
vt 0.33211 0.44760
vt 0.33211 0.44760
vt 0.38805 0.49084
vt 0.39977 0.46720
vt 0.38082 0.43390
vt 0.38805 0.49084
vt 0.37717 0.45713
vt 0.37717 0.45713
vt 0.39977 0.46720
vt 0.38082 0.43390
vt 0.38082 0.43390
vt 0.37717 0.45713
vt 0.35727 0.44273
vt 0.35727 0.44273
vt 0.39977 0.62913
vt 0.39977 0.62913
vt 0.39977 0.46720
vt 0.39977 0.62913
vt 0.38805 0.63910
vt 0.38805 0.49084
vt 0.35719 0.41651
vt 0.33211 0.44760
vt 0.35727 0.44273
vt 0.40933 0.67273
vt 0.40933 0.67273
vt 0.38311 0.67273
vt 0.38805 0.63910
vt 0.38805 0.63910
vt 0.38805 0.49084
vt 0.38805 0.49084
vt 0.38805 0.63910
vt 0.39977 0.62913
vt 0.37717 0.45713
vt 0.38082 0.43390
vt 0.35719 0.41651
vt 0.37717 0.45713
vt 0.35727 0.44273
vt 0.35719 0.41651
vt 0.33211 0.44760
vt 0.33056 0.42189
vt 0.30676 0.45803
vt 0.35719 0.41651
vt 0.33056 0.42189
vt 0.33056 0.42189
vt 0.35719 0.41651
vt 0.33056 0.42189
vt 0.33211 0.44760
vt 0.35719 0.41651
vt 0.35727 0.44273
vt 0.33211 0.44760
vt 0.40933 0.67273
vt 0.40933 0.67273
vt 0.39977 0.62913
vt 0.40933 0.67273
vt 0.38311 0.67273
vt 0.38805 0.63910
vt 0.38311 0.67273
vt 0.38311 0.67273
vt 0.38805 0.63910
vt 0.38805 0.63910
vt 0.38311 0.67273
vt 0.40933 0.67273
vt 0.38805 0.49084
vt 0.37717 0.45713
vt 0.38082 0.43390
vt 0.39977 0.46720
vt 0.38082 0.43390
vt 0.39977 0.46720
vt 0.38805 0.49084
vt 0.37717 0.45713
vt 0.38805 0.49084
vt 0.38805 0.49084
vt 0.38082 0.43390
vt 0.37717 0.45713
vt 0.35727 0.44273
vt 0.33211 0.44760
vt 0.35727 0.44273
vt 0.38082 0.43390
vt 0.35719 0.41651
vt 0.35719 0.41651
vt 0.37717 0.45713
vt 0.35719 0.41651
vt 0.35727 0.44273
vt 0.37717 0.45713
vt 0.35719 0.41651
vt 0.38082 0.43390
vt 0.33211 0.44760
vt 0.30676 0.45803
vt 0.30265 0.49879
vt 0.35719 0.41651
vt 0.33056 0.42189
vt 0.35719 0.41651
vt 0.38805 0.49084
vt 0.38082 0.43390
vt 0.39977 0.46720
vt 0.40933 0.67273
vt 0.38311 0.67273
vt 0.38311 0.67273
vt 0.38805 0.49084
vt 0.39977 0.62913
vt 0.39977 0.46720
vt 0.38805 0.63910
vt 0.38805 0.49084
vt 0.38805 0.49084
vt 0.39977 0.62913
vt 0.38805 0.49084
vt 0.39977 0.46720
vt 0.39977 0.62913
vt 0.39977 0.46720
vt 0.39977 0.46720
vt 0.37717 0.45713
vt 0.35727 0.44273
vt 0.37717 0.45713
vt 0.29824 0.47704
vt 0.29826 0.47925
vt 0.30676 0.45803
vt 0.30268 0.50095
vt 0.29826 0.47925
vt 0.29824 0.47704
vt 0.33056 0.42189
vt 0.30676 0.45803
vt 0.33056 0.42189
vt 0.33211 0.44760
vt 0.31117 0.47973
vt 0.33211 0.44760
vt 0.40933 0.67273
vt 0.39977 0.62913
vt 0.39977 0.62913
vt 0.40933 0.67273
vt 0.38805 0.63910
vt 0.39977 0.62913
vt 0.38311 0.67273
vt 0.38805 0.63910
vt 0.38805 0.63910
vt 0.38805 0.63910
vt 0.40933 0.67273
vt 0.39977 0.62913
vt 0.33211 0.44760
vt 0.29824 0.47704
vt 0.33056 0.42189
vt 0.31117 0.47973
vt 0.30265 0.49879
vt 0.30268 0.50095
vt 0.35719 0.41651
vt 0.33211 0.44760
vt 0.33056 0.42189
vt 0.38082 0.43390
vt 0.38082 0.43390
vt 0.35719 0.41651
vt 0.31117 0.47973
vt 0.30268 0.50095
vt 0.29824 0.47704
vt 0.30265 0.49879
vt 0.30676 0.45803
vt 0.29826 0.47925
vt 0.30268 0.50095
vt 0.30265 0.49879
vt 0.29826 0.47925
f 2506/11869 2495/11870 2503/11871
f 2496/11872 2490/11873 2497/11874
f 2496/11875 2505/11876 2617/11877
f 2508/11878 2504/11879 2472/11880
f 2507/11881 2498/11882 2491/11883
f 2506/11884 2502/11885 2499/11886
f 2505/11887 2481/11888 2480/11889
f 2500/11890 2496/11891 2617/11892
f 2489/11893 2482/11894 2488/11895
f 2492/11896 2453/11897 2488/11898
f 2489/11899 2495/11900 2482/11901
f 2495/11902 2499/11903 2482/11904
f 2453/11905 2504/11906 2489/11907
f 2481/11908 2505/11909 2496/11910
f 2479/11911 2497/11912 2490/11913
f 2494/11914 2453/11915 2492/11916
f 2501/11917 2508/11918 2472/11919
f 2500/11920 2507/11921 2491/11922
f 2495/11923 2506/11924 2499/11925
f 2481/11926 2496/11927 2497/11928
f 2501/11929 2472/11930 2502/11931
f 2617/11932 2480/11933 2498/11934
f 2500/11935 2491/11936 2490/11937
f 2490/11938 2491/11939 2447/11940
f 2488/11941 2453/11942 2489/11943
f 2484/11944 2482/11945 2485/11946
f 2503/11947 2495/11948 2489/11949
f 2444/11950 2447/11951 2493/11952
f 2448/11953 2492/11954 2488/11955
f 2452/11956 2493/11957 2492/11958
f 2451/11959 2473/11960 2453/11961
f 2503/11962 2489/11963 2504/11964
f 2446/11965 2463/11966 2456/11967
f 2454/11968 2455/11969 2441/11970
f 2442/11971 2453/11972 2449/11973
f 2444/11974 2493/11975 2452/11976
f 2476/11977 2477/11978 2474/11979
f 2453/11980 2473/11981 2504/11982
f 2471/11983 2478/11984 2479/11985
f 2471/11986 2482/11987 2483/11988
f 2469/11989 2480/11990 2481/11991
f 2478/11992 2470/11993 2479/11994
f 2447/11995 2488/11996 2482/11997
f 2487/11998 2470/11999 2426/12000
f 2426/12001 2486/12002 2430/12003
f 2469/12004 2474/12005 2434/12006
f 2485/12007 2434/12008 2484/12009
f 2421/12010 2494/12011 2473/12012
f 2450/12013 2453/12014 2494/12015
f 2482/12016 2479/12017 2490/12018
f 2496/12019 2500/12020 2490/12021
f 2432/12022 2436/12023 2446/12024
f 2444/12025 2452/12026 2458/12027
f 2436/12028 2443/12029 2444/12030
f 2443/12031 2436/12032 2441/12033
f 2449/12034 2453/12035 2450/12036
f 2486/12037 2478/12038 2430/12039
f 2485/12040 2469/12041 2434/12042
f 2471/12043 2616/12044 2478/12045
f 2471/12046 2479/12047 2482/12048
f 2474/12049 2424/12050 2434/12051
f 2481/12052 2497/12053 2470/12054
f 2470/12055 2469/12056 2481/12057
f 2462/12058 2468/12059 2455/12060
f 2449/12061 2448/12062 2443/12063
f 2504/12064 2473/12065 2472/12066
f 2460/12067 2467/12068 2457/12069
f 2507/12070 2500/12071 2617/12072
f 2617/12073 2498/12074 2507/12075
f 2480/12076 2617/12077 2505/12078
f 2506/12079 2501/12080 2502/12081
f 2465/12082 2463/12083 2457/12084
f 2503/12085 2508/12086 2501/12087
f 2501/12088 2506/12089 2503/12090
f 2504/12091 2508/12092 2503/12093
f 2498/12094 2493/12095 2491/12096
f 2447/12097 2482/12098 2490/12099
f 2443/12100 2448/12101 2447/12102
f 2446/12103 2436/12104 2444/12105
f 2444/12106 2458/12107 2445/12108
f 2465/12109 2433/12110 2463/12111
f 2494/12112 2469/12113 2502/12114
f 2469/12115 2485/12116 2502/12117
f 2485/12118 2499/12119 2502/12120
f 2487/12121 2476/12122 2475/12123
f 2475/12124 2476/12125 2469/12126
f 2491/12127 2493/12128 2447/12129
f 2447/12130 2448/12131 2488/12132
f 2417/12133 2418/12134 2419/12135
f 2421/12136 2422/12137 2423/12138
f 2497/12139 2479/12140 2470/12141
f 2433/12142 2456/12143 2463/12144
f 2422/12145 2468/12146 2462/12147
f 2461/12148 2465/12149 2457/12150
f 2445/12151 2467/12152 2460/12153
f 2459/12154 2466/12155 2454/12156
f 2487/12157 2477/12158 2476/12159
f 2487/12160 2475/12161 2470/12162
f 2469/12163 2476/12164 2474/12165
f 2426/12166 2470/12167 2486/12168
f 2446/12169 2456/12170 2432/12171
f 2442/12172 2451/12173 2453/12174
f 2469/12175 2494/12176 2492/12177
f 2498/12178 2480/12179 2469/12180
f 2493/12181 2498/12182 2469/12183
f 2450/12184 2494/12185 2421/12186
f 2421/12187 2451/12188 2464/12189
f 2439/12190 2450/12191 2421/12192
f 2483/12193 2614/12194 2420/12195
f 2425/12196 2440/12197 2487/12198
f 2420/12199 2615/12200 2616/12201
f 2423/12202 2439/12203 2421/12204
f 2421/12205 2464/12206 2422/12207
f 2423/12208 2459/12209 2438/12210
f 2492/12211 2493/12212 2469/12213
f 2419/12214 2429/12215 2428/12216
f 2426/12217 2430/12218 2431/12219
f 2424/12220 2477/12221 2427/12222
f 2429/12223 2431/12224 2430/12225
f 2615/12226 2428/12227 2616/12228
f 2430/12229 2616/12230 2428/12231
f 2419/12232 2428/12233 2432/12234
f 2436/12235 2459/12236 2454/12237
f 2417/12238 2427/12239 2440/12240
f 2440/12241 2425/12242 2419/12243
f 2425/12244 2431/12245 2429/12246
f 2424/12247 2417/12248 2439/12249
f 2435/12250 2439/12251 2438/12252
f 2461/12253 2458/12254 2439/12255
f 2439/12256 2433/12257 2461/12258
f 2458/12259 2452/12260 2439/12261
f 2419/12262 2432/12263 2456/12264
f 2436/12265 2438/12266 2459/12267
f 2614/12268 2483/12269 2436/12270
f 2438/12271 2436/12272 2484/12273
f 2454/12274 2466/12275 2455/12276
f 2477/12277 2487/12278 2440/12279
f 2494/12280 2502/12281 2472/12282
f 2468/12283 2464/12284 2455/12285
f 2499/12286 2485/12287 2482/12288
f 2484/12289 2483/12290 2482/12291
f 2461/12292 2433/12293 2465/12294
f 2458/12295 2457/12296 2467/12297
f 2423/12298 2462/12299 2466/12300
f 2446/12301 2460/12302 2463/12303
f 2434/12304 2435/12305 2437/12306
f 2428/12307 2615/12308 2420/12309
f 2420/12310 2614/12311 2436/12312
f 2439/12313 2417/12314 2433/12315
f 2419/12316 2456/12317 2433/12318
f 2478/12319 2486/12320 2470/12321
f 2428/12322 2420/12323 2432/12324
f 2426/12325 2431/12326 2425/12327
f 2428/12328 2429/12329 2430/12330
f 2440/12331 2427/12332 2477/12333
f 2425/12334 2487/12335 2426/12336
f 2425/12337 2429/12338 2419/12339
f 2424/12340 2439/12341 2435/12342
f 2435/12343 2438/12344 2437/12345
f 2434/12346 2437/12347 2484/12348
f 2472/12349 2473/12350 2494/12351
f 2420/12352 2436/12353 2432/12354
f 2434/12355 2424/12356 2435/12357
f 2433/12358 2417/12359 2419/12360
f 2444/12361 2445/12362 2446/12363
f 2441/12364 2442/12365 2443/12366
f 2436/12367 2483/12368 2484/12369
f 2427/12370 2417/12371 2424/12372
f 2417/12373 2440/12374 2418/12375
f 2440/12376 2419/12377 2418/12378
f 2463/12379 2460/12380 2457/12381
f 2421/12382 2473/12383 2451/12384
f 2441/12385 2455/12386 2464/12387
f 2422/12388 2462/12389 2423/12390
f 2461/12391 2457/12392 2458/12393
f 2445/12394 2460/12395 2446/12396
f 2471/12397 2483/12398 2420/12399
f 2475/12400 2469/12401 2470/12402
f 2455/12403 2466/12404 2462/12405
f 2464/12406 2468/12407 2422/12408
f 2458/12409 2467/12410 2445/12411
f 2423/12412 2466/12413 2459/12414
f 2477/12415 2424/12416 2474/12417
f 2430/12418 2478/12419 2616/12420
f 2616/12421 2471/12422 2420/12423
f 2450/12424 2452/12425 2448/12426
f 2452/12427 2492/12428 2448/12429
f 2443/12430 2447/12431 2444/12432
f 2484/12433 2437/12434 2438/12435
f 2436/12436 2454/12437 2441/12438
f 2441/12439 2464/12440 2442/12441
f 2450/12442 2439/12443 2452/12444
f 2442/12445 2449/12446 2443/12447
f 2464/12448 2451/12449 2442/12450
f 2449/12451 2450/12452 2448/12453
f 2438/12454 2439/12455 2423/12456
f 2321/12457 2325/12458 2322/12459
f 2325/12460 2323/12461 2322/12462
f 2323/12463 2324/12464 2326/12465
f 2321/12466 2323/12467 2326/12468
f 2326/12469 2320/12470 2321/12471
f 2324/12472 2325/12473 2320/12474
f 2324/12475 2320/12476 2326/12477
f 2325/12478 2334/12479 2320/12480
f 2321/12481 2334/12482 2325/12483
f 2320/12484 2334/12485 2321/12486
f 2323/12487 2325/12488 2324/12489
f 2321/12490 2322/12491 2323/12492
f 2329/12493 2332/12494 2330/12495
f 2327/12496 2330/12497 2328/12498
f 2327/12499 2331/12500 2329/12501
f 2331/12502 2333/12503 2332/12504
f 2332/12505 2335/12506 2331/12507
f 2329/12508 2335/12509 2332/12510
f 2331/12511 2335/12512 2329/12513
f 2331/12514 2327/12515 2333/12516
f 2333/12517 2328/12518 2330/12519
f 2327/12520 2329/12521 2330/12522
f 2330/12523 2332/12524 2333/12525
f 2333/12526 2327/12527 2328/12528
f 2562/12529 2519/12530 2520/12531
f 2523/12532 2516/12533 2521/12534
f 2510/12535 2551/12536 2512/12537
f 2521/12538 2516/12539 2509/12540
f 2530/12541 2541/12542 2531/12543
f 2539/12544 2534/12545 2542/12546
f 2510/12547 2512/12548 2513/12549
f 2511/12550 2535/12551 2556/12552
f 2525/12553 2509/12554 2510/12555
f 2562/12556 2525/12557 2519/12558
f 2522/12559 2540/12560 2590/12561
f 2520/12562 2519/12563 2513/12564
f 2530/12565 2539/12566 2541/12567
f 2579/12568 2566/12569 2563/12570
f 2590/12571 2564/12572 2522/12573
f 2584/12574 2583/12575 2547/12576
f 2545/12577 2581/12578 2572/12579
f 2560/12580 2578/12581 2544/12582
f 2565/12583 2573/12584 2574/12585
f 2593/12586 2564/12587 2560/12588
f 2594/12589 2560/12590 2568/12591
f 2567/12592 2557/12593 2554/12594
f 2566/12595 2554/12596 2563/12597
f 2591/12598 2589/12599 2564/12600
f 2536/12601 2533/12602 2532/12603
f 2521/12604 2539/12605 2530/12606
f 2545/12607 2542/12608 2562/12609
f 2535/12610 2527/12611 2514/12612
f 2525/12613 2534/12614 2509/12615
f 2523/12616 2532/12617 2533/12618
f 2583/12619 2532/12620 2543/12621
f 2529/12622 2530/12623 2531/12624
f 2527/12625 2528/12626 2523/12627
f 2518/12628 2528/12629 2526/12630
f 2525/12631 2510/12632 2519/12633
f 2509/12634 2524/12635 2521/12636
f 2523/12637 2546/12638 2527/12639
f 2572/12640 2547/12641 2545/12642
f 2509/12643 2534/12644 2524/12645
f 2568/12646 2592/12647 2594/12648
f 2593/12649 2591/12650 2564/12651
f 2594/12652 2593/12653 2560/12654
f 2509/12655 2516/12656 2510/12657
f 2565/12658 2585/12659 2573/12660
f 2574/12661 2573/12662 2584/12663
f 2556/12664 2535/12665 2514/12666
f 2571/12667 2584/12668 2547/12669
f 2519/12670 2510/12671 2513/12672
f 2545/12673 2531/12674 2541/12675
f 2579/12676 2582/12677 2575/12678
f 2538/12679 2529/12680 2543/12681
f 2536/12682 2546/12683 2533/12684
f 2583/12685 2536/12686 2532/12687
f 2541/12688 2539/12689 2542/12690
f 2535/12691 2511/12692 2527/12693
f 2525/12694 2542/12695 2534/12696
f 2518/12697 2526/12698 2549/12699
f 2539/12700 2524/12701 2534/12702
f 2589/12703 2591/12704 2559/12705
f 2576/12706 2583/12707 2569/12708
f 2575/12709 2582/12710 2567/12711
f 2567/12712 2561/12713 2557/12714
f 2566/12715 2575/12716 2554/12717
f 2565/12718 2563/12719 2568/12720
f 2563/12721 2554/12722 2558/12723
f 2521/12724 2524/12725 2539/12726
f 2523/12727 2528/12728 2516/12729
f 2554/12730 2557/12731 2558/12732
f 2516/12733 2515/12734 2551/12735
f 2569/12736 2565/12737 2568/12738
f 2523/12739 2538/12740 2532/12741
f 2526/12742 2528/12743 2511/12744
f 2577/12745 2573/12746 2585/12747
f 2582/12748 2581/12749 2545/12750
f 2523/12751 2533/12752 2546/12753
f 2545/12754 2541/12755 2542/12756
f 2544/12757 2526/12758 2511/12759
f 2573/12760 2577/12761 2583/12762
f 2582/12763 2579/12764 2581/12765
f 2529/12766 2538/12767 2530/12768
f 2538/12769 2523/12770 2521/12771
f 2527/12772 2546/12773 2536/12774
f 2557/12775 2580/12776 2558/12777
f 2590/12778 2560/12779 2564/12780
f 2520/12781 2513/12782 2548/12783
f 2556/12784 2514/12785 2583/12786
f 2547/12787 2531/12788 2545/12789
f 2544/12790 2549/12791 2526/12792
f 2522/12793 2517/12794 2518/12795
f 2512/12796 2550/12797 2513/12798
f 2529/12799 2547/12800 2543/12801
f 2583/12802 2543/12803 2547/12804
f 2588/12805 2587/12806 2520/12807
f 2572/12808 2571/12809 2547/12810
f 2578/12811 2549/12812 2544/12813
f 2538/12814 2543/12815 2532/12816
f 2561/12817 2562/12818 2587/12819
f 2518/12820 2549/12821 2537/12822
f 2527/12823 2536/12824 2514/12825
f 2516/12826 2551/12827 2510/12828
f 2550/12829 2551/12830 2552/12831
f 2548/12832 2550/12833 2589/12834
f 2511/12835 2528/12836 2527/12837
f 2518/12838 2553/12839 2528/12840
f 2552/12841 2515/12842 2517/12843
f 2538/12844 2521/12845 2530/12846
f 2559/12847 2568/12848 2558/12849
f 2522/12850 2552/12851 2517/12852
f 2561/12853 2567/12854 2562/12855
f 2559/12856 2592/12857 2568/12858
f 2583/12859 2576/12860 2556/12861
f 2518/12862 2537/12863 2540/12864
f 2547/12865 2529/12866 2531/12867
f 2550/12868 2512/12869 2551/12870
f 2516/12871 2528/12872 2553/12873
f 2586/12874 2585/12875 2565/12876
f 2574/12877 2570/12878 2563/12879
f 2577/12880 2586/12881 2569/12882
f 2564/12883 2589/12884 2550/12885
f 2581/12886 2579/12887 2570/12888
f 2576/12889 2555/12890 2556/12891
f 2588/12892 2589/12893 2580/12894
f 2594/12895 2592/12896 2593/12897
f 2592/12898 2559/12899 2591/12900
f 2555/12901 2568/12902 2544/12903
f 2555/12904 2569/12905 2568/12906
f 2556/12907 2555/12908 2511/12909
f 2570/12910 2574/12911 2571/12912
f 2578/12913 2590/12914 2540/12915
f 2518/12916 2540/12917 2522/12918
f 2561/12919 2587/12920 2580/12921
f 2518/12922 2517/12923 2553/12924
f 2590/12925 2578/12926 2560/12927
f 2552/12928 2551/12929 2515/12930
f 2517/12931 2515/12932 2553/12933
f 2587/12934 2562/12935 2520/12936
f 2564/12937 2550/12938 2522/12939
f 2577/12940 2569/12941 2583/12942
f 2574/12943 2563/12944 2565/12945
f 2550/12946 2548/12947 2513/12948
f 2516/12949 2553/12950 2515/12951
f 2578/12952 2540/12953 2537/12954
f 2573/12955 2583/12956 2584/12957
f 2577/12958 2585/12959 2586/12960
f 2574/12961 2584/12962 2571/12963
f 2550/12964 2552/12965 2522/12966
f 2555/12967 2544/12968 2511/12969
f 2582/12970 2545/12971 2562/12972
f 2586/12973 2565/12974 2569/12975
f 2592/12976 2591/12977 2593/12978
f 2568/12979 2560/12980 2544/12981
f 2589/12982 2558/12983 2580/12984
f 2588/12985 2580/12986 2587/12987
f 2548/12988 2589/12989 2588/12990
f 2578/12991 2537/12992 2549/12993
f 2589/12994 2559/12995 2558/12996
f 2575/12997 2567/12998 2554/12999
f 2588/13000 2520/13001 2548/13002
f 2563/13003 2558/13004 2568/13005
f 2579/13006 2563/13007 2570/13008
f 2561/13009 2580/13010 2557/13011
f 2570/13012 2571/13013 2572/13014
f 2579/13015 2575/13016 2566/13017
f 2576/13018 2569/13019 2555/13020
f 2581/13021 2570/13022 2572/13023
f 2595/13024 2598/13025 2596/13026
f 2607/13027 2606/13028 2609/13029
f 2596/13030 2602/13031 2597/13032
f 2601/13033 2604/13034 2607/13035
f 2609/13036 2612/13037 2610/13038
f 2602/13039 2605/13040 2597/13041
f 2607/13042 2610/13043 2602/13044
f 2600/13045 2603/13046 2601/13047
f 2601/13048 2603/13049 2595/13050
f 2599/13051 2607/13052 2602/13053
f 2598/13054 2595/13055 2603/13056
f 2606/13057 2608/13058 2609/13059
f 2606/13060 2613/13061 2608/13062
f 2607/13063 2609/13064 2610/13065
f 2601/13066 2597/13067 2604/13068
f 2608/13069 2611/13070 2612/13071
f 2610/13072 2611/13073 2605/13074
f 2606/13075 2611/13076 2613/13077
f 2607/13078 2604/13079 2606/13080
f 2598/13081 2599/13082 2596/13083
f 2600/13084 2601/13085 2599/13086
f 2601/13087 2595/13088 2597/13089
f 2599/13090 2602/13091 2596/13092
f 2598/13093 2603/13094 2600/13095
f 2598/13096 2600/13097 2599/13098
f 2595/13099 2596/13100 2597/13101
f 2601/13102 2607/13103 2599/13104
f 2604/13105 2605/13106 2606/13107
f 2602/13108 2610/13109 2605/13110
f 2609/13111 2608/13112 2612/13113
f 2604/13114 2597/13115 2605/13116
f 2606/13117 2605/13118 2611/13119
f 2610/13120 2612/13121 2611/13122
f 2608/13123 2613/13124 2611/13125
f 2411/13126 2412/13127 2406/13128
f 2409/13129 2411/13130 2406/13131
f 2406/13132 2412/13133 2407/13134
f 2411/13135 2414/13136 2412/13137
f 2410/13138 2414/13139 2411/13140
f 2412/13141 2415/13142 2407/13143
f 2406/13144 2407/13145 2408/13146
f 2409/13147 2406/13148 2408/13149
f 2410/13150 2413/13151 2414/13152
f 2407/13153 2409/13154 2408/13155
f 2410/13156 2411/13157 2409/13158
f 2407/13159 2410/13160 2409/13161
f 2415/13162 2412/13163 2413/13164
f 2407/13165 2415/13166 2416/13167
f 2412/13168 2414/13169 2413/13170
f 2410/13171 2416/13172 2413/13173
f 2407/13174 2416/13175 2410/13176
f 2415/13177 2413/13178 2416/13179
f 2368/13180 2367/13181 2394/13182
f 2403/13183 2380/13184 2382/13185
f 2383/13186 2397/13187 2380/13188
f 2339/13189 2378/13190 2394/13191
f 2395/13192 2396/13193 2339/13194
f 2370/13195 2369/13196 2363/13197
f 2405/13198 2376/13199 2367/13200
f 2388/13201 2391/13202 2392/13203
f 2351/13204 2404/13205 2393/13206
f 2403/13207 2387/13208 2349/13209
f 2377/13210 2338/13211 2384/13212
f 2380/13213 2385/13214 2401/13215
f 2395/13216 2379/13217 2386/13218
f 2358/13219 2390/13220 2359/13221
f 2339/13222 2368/13223 2378/13224
f 2343/13225 2366/13226 2344/13227
f 2385/13228 2384/13229 2347/13230
f 2371/13231 2370/13232 2358/13233
f 2346/13234 2342/13235 2373/13236
f 2348/13237 2350/13238 2349/13239
f 2398/13240 2377/13241 2384/13242
f 2369/13243 2370/13244 2371/13245
f 2362/13246 2377/13247 2392/13248
f 2360/13249 2345/13250 2346/13251
f 2359/13252 2349/13253 2350/13254
f 2363/13255 2369/13256 2365/13257
f 2358/13258 2374/13259 2390/13260
f 2399/13261 2398/13262 2400/13263
f 2386/13264 2379/13265 2393/13266
f 2400/13267 2390/13268 2399/13269
f 2363/13270 2352/13271 2361/13272
f 2390/13273 2353/13274 2355/13275
f 2356/13276 2353/13277 2374/13278
f 2343/13279 2344/13280 2375/13281
f 2382/13282 2381/13283 2386/13284
f 2359/13285 2350/13286 2344/13287
f 2372/13288 2358/13289 2359/13290
f 2336/13291 2337/13292 2360/13293
f 2405/13294 2336/13295 2341/13296
f 2384/13297 2365/13298 2347/13299
f 2363/13300 2356/13301 2374/13302
f 2337/13303 2340/13304 2360/13305
f 2360/13306 2340/13307 2402/13308
f 2360/13309 2346/13310 2341/13311
f 2402/13312 2401/13313 2347/13314
f 2396/13315 2401/13316 2402/13317
f 2351/13318 2403/13319 2404/13320
f 2356/13321 2362/13322 2391/13323
f 2400/13324 2359/13325 2390/13326
f 2386/13327 2393/13328 2404/13329
f 2389/13330 2392/13331 2399/13332
f 2397/13333 2383/13334 2400/13335
f 2397/13336 2384/13337 2385/13338
f 2379/13339 2364/13340 2393/13341
f 2380/13342 2401/13343 2381/13344
f 2386/13345 2381/13346 2395/13347
f 2398/13348 2384/13349 2397/13350
f 2337/13351 2368/13352 2340/13353
f 2390/13354 2355/13355 2389/13356
f 2394/13357 2378/13358 2368/13359
f 2392/13360 2398/13361 2399/13362
f 2390/13363 2389/13364 2399/13365
f 2400/13366 2383/13367 2359/13368
f 2351/13369 2393/13370 2364/13371
f 2339/13372 2394/13373 2395/13374
f 2379/13375 2376/13376 2364/13377
f 2386/13378 2404/13379 2382/13380
f 2400/13381 2398/13382 2397/13383
f 2383/13384 2380/13385 2403/13386
f 2346/13387 2373/13388 2364/13389
f 2346/13390 2364/13391 2341/13392
f 2353/13393 2354/13394 2355/13395
f 2390/13396 2374/13397 2353/13398
f 2338/13399 2377/13400 2365/13401
f 2360/13402 2341/13403 2336/13404
f 2373/13405 2342/13406 2375/13407
f 2345/13408 2402/13409 2347/13410
f 2342/13411 2343/13412 2375/13413
f 2348/13414 2349/13415 2387/13416
f 2368/13417 2337/13418 2367/13419
f 2368/13420 2339/13421 2340/13422
f 2381/13423 2396/13424 2395/13425
f 2392/13426 2377/13427 2398/13428
f 2405/13429 2341/13430 2376/13431
f 2377/13432 2352/13433 2365/13434
f 2351/13435 2348/13436 2387/13437
f 2373/13438 2375/13439 2351/13440
f 2336/13441 2405/13442 2367/13443
f 2376/13444 2341/13445 2364/13446
f 2397/13447 2385/13448 2380/13449
f 2362/13450 2392/13451 2391/13452
f 2402/13453 2339/13454 2396/13455
f 2380/13456 2381/13457 2382/13458
f 2370/13459 2363/13460 2374/13461
f 2366/13462 2371/13463 2344/13464
f 2375/13465 2350/13466 2348/13467
f 2404/13468 2403/13469 2382/13470
f 2371/13471 2372/13472 2344/13473
f 2358/13474 2370/13475 2374/13476
f 2371/13477 2358/13478 2372/13479
f 2353/13480 2357/13481 2354/13482
f 2395/13483 2394/13484 2367/13485
f 2343/13486 2345/13487 2347/13488
f 2349/13489 2359/13490 2383/13491
f 2379/13492 2395/13493 2376/13494
f 2366/13495 2343/13496 2347/13497
f 2363/13498 2365/13499 2352/13500
f 2356/13501 2357/13502 2353/13503
f 2356/13504 2354/13505 2357/13506
f 2336/13507 2367/13508 2337/13509
f 2345/13510 2360/13511 2402/13512
f 2369/13513 2366/13514 2347/13515
f 2403/13516 2349/13517 2383/13518
f 2351/13519 2387/13520 2403/13521
f 2395/13522 2367/13523 2376/13524
f 2352/13525 2362/13526 2361/13527
f 2401/13528 2385/13529 2347/13530
f 2381/13531 2401/13532 2396/13533
f 2366/13534 2369/13535 2371/13536
f 2384/13537 2338/13538 2365/13539
f 2355/13540 2354/13541 2388/13542
f 2345/13543 2342/13544 2346/13545
f 2356/13546 2361/13547 2362/13548
f 2344/13549 2372/13550 2359/13551
f 2355/13552 2388/13553 2389/13554
f 2354/13555 2356/13556 2388/13557
f 2369/13558 2347/13559 2365/13560
f 2391/13561 2388/13562 2356/13563
f 2388/13564 2392/13565 2389/13566
f 2340/13567 2339/13568 2402/13569
f 2364/13570 2373/13571 2351/13572
f 2363/13573 2361/13574 2356/13575
f 2377/13576 2362/13577 2352/13578
f 2351/13579 2375/13580 2348/13581
f 2375/13582 2344/13583 2350/13584
f 2342/13585 2345/13586 2343/13587
f 2315/13588 2319/13589 2312/13590
f 2311/13591 2313/13592 2316/13593
f 2308/13594 2316/13595 2319/13596
f 2307/13597 2311/13598 2308/13599
f 2301/13600 2302/13601 2306/13602
f 2301/13603 2303/13604 2305/13605
f 2299/13606 2298/13607 2306/13608
f 2303/13609 2307/13610 2304/13611
f 2292/13612 2291/13613 2299/13614
f 2291/13615 2294/13616 2297/13617
f 2310/13618 2311/13619 2307/13620
f 2293/13621 2290/13622 2300/13623
f 2294/13624 2296/13625 2301/13626
f 2301/13627 2296/13628 2292/13629
f 2303/13630 2306/13631 2310/13632
f 2305/13633 2304/13634 2309/13635
f 2311/13636 2314/13637 2312/13638
f 2309/13639 2315/13640 2314/13641
f 2310/13642 2314/13643 2311/13644
f 2309/13645 2304/13646 2308/13647
f 2290/13648 2293/13649 2291/13650
f 2293/13651 2295/13652 2294/13653
f 2295/13654 2300/13655 2296/13656
f 2296/13657 2300/13658 2290/13659
f 2297/13660 2305/13661 2298/13662
f 2299/13663 2306/13664 2302/13665
f 2301/13666 2305/13667 2297/13668
f 2301/13669 2306/13670 2303/13671
f 2307/13672 2308/13673 2304/13674
f 2306/13675 2309/13676 2310/13677
f 2303/13678 2310/13679 2307/13680
f 2305/13681 2309/13682 2298/13683
f 2311/13684 2312/13685 2313/13686
f 2309/13687 2314/13688 2310/13689
f 2297/13690 2298/13691 2299/13692
f 2293/13693 2300/13694 2295/13695
f 2301/13696 2292/13697 2302/13698
f 2294/13699 2301/13700 2297/13701
f 2291/13702 2297/13703 2299/13704
f 2292/13705 2299/13706 2302/13707
f 2303/13708 2304/13709 2305/13710
f 2319/13711 2318/13712 2312/13713
f 2317/13714 2318/13715 2319/13716
f 2315/13717 2312/13718 2314/13719
f 2311/13720 2316/13721 2308/13722
f 2290/13723 2291/13724 2292/13725
f 2293/13726 2294/13727 2291/13728
f 2295/13729 2296/13730 2294/13731
f 2296/13732 2290/13733 2292/13734
f 2308/13735 2319/13736 2315/13737
f 2316/13738 2313/13739 2317/13740
f 2309/13741 2308/13742 2315/13743
f 2306/13744 2298/13745 2309/13746
f 2316/13747 2317/13748 2319/13749
f 2313/13750 2312/13751 2318/13752
f 2317/13753 2313/13754 2318/13755
o Accent
g Accent
usemtl AccentHot
v -0.03614 0.15498 -3.67262
v -0.03995 0.10237 -3.67545
v -0.03614 0.10237 -3.65755
v -0.05573 0.10237 -3.67262
v -0.05736 0.15498 -3.66980
v -0.05192 0.10237 -3.65472
v -0.04431 0.15498 -3.65283
v 0.03643 0.15498 -3.66037
v 0.03643 0.10237 -3.66980
v 0.05764 0.10237 -3.67262
v 0.04948 0.15498 -3.67734
v 0.05764 0.15498 -3.65755
v 0.04948 0.10237 -3.65283
v 0.02961 0.11225 -3.94180
v 0.00096 0.10132 -3.94180
v -0.01798 0.11787 -3.94180
v -0.02284 0.11506 -3.90605
v -0.02770 0.11225 -3.94180
v -0.02284 0.14254 -3.94180
v 0.02961 0.14534 -3.94180
v 0.01472 0.14668 -3.94180
v 0.00096 0.16189 -3.94180
v 0.01989 0.11787 -3.94180
v 0.00096 0.15627 -3.91706
v -0.01798 0.13973 -3.90830
v 0.01989 0.13973 -3.90830
v 0.02961 0.11225 -3.81344
v 0.02961 0.11225 -3.83392
v 0.02475 0.11506 -3.90605
v 0.02475 0.14254 -3.83617
v 0.00686 0.14998 -3.82553
v 0.02961 0.14534 -3.90380
v 0.01989 0.11787 -3.81794
v 0.01989 0.11787 -3.83842
v 0.00096 0.16189 -3.82670
v 0.02961 0.14534 -3.81344
v -0.02284 0.11506 -3.81569
v -0.01798 0.13973 -3.83842
v -0.02770 0.14534 -3.83392
v -0.02284 0.11506 -3.83617
v -0.02770 0.14534 -3.81344
v -0.02770 0.14534 -3.90380
v 0.00096 0.10132 -3.82670
v 0.00096 0.10132 -3.91706
v 0.00096 0.10132 -3.84719
v 0.00096 0.15627 -3.84719
v -0.01798 0.13973 -3.81794
v -0.09239 0.17959 -3.88351
v -0.09239 0.07800 -3.88351
v -0.09327 0.07983 -3.70103
v 0.00096 0.07800 -3.73134
v 0.00096 0.17959 -3.73134
v -0.08310 0.07800 -3.68811
v -0.09239 0.17413 -3.79346
v 0.00096 0.12855 -3.91851
v 0.00096 0.17413 -3.91851
v 0.00096 0.12921 -3.84502
v 0.00096 0.08347 -3.74660
v -0.09239 0.08347 -3.87531
v 0.00096 0.08347 -3.84502
v -0.09239 0.08347 -3.79346
v 0.00096 0.17413 -3.74660
v 0.00096 0.17413 -3.82830
v -0.09239 0.17413 -3.70341
v -0.09239 0.17413 -3.87531
v 0.00096 0.17413 -3.84502
v 0.00096 0.08347 -3.82830
v 0.00096 0.08347 -3.91851
v 0.09431 0.07800 -3.88351
v 0.09518 0.07983 -3.70103
v 0.09431 0.08347 -3.87531
v 0.09431 0.17413 -3.87531
v 0.08501 0.07800 -3.68811
v 0.09431 0.17959 -3.88351
v 0.09431 0.17413 -3.80183
v 0.09431 0.17413 -3.78510
v 0.09431 0.08347 -3.79346
v 0.09415 0.17823 -3.69367
v 0.02185 0.12750 -3.73693
v -0.03192 0.15219 -3.67588
v -0.03737 0.10516 -3.67993
v -0.02880 0.10516 -3.66508
v -0.05451 0.10516 -3.67993
v -0.05451 0.15219 -3.67993
v -0.06307 0.15219 -3.66508
v -0.06229 0.10516 -3.65834
v -0.04360 0.15219 -3.64755
v -0.03737 0.10516 -3.65024
v 0.03149 0.10516 -3.67183
v 0.03072 0.15219 -3.66508
v 0.05642 0.10516 -3.67993
v 0.03928 0.15219 -3.67993
v 0.06499 0.10516 -3.66508
v 0.06421 0.15219 -3.67183
v 0.05019 0.10516 -3.64755
v 0.04551 0.15219 -3.64755
v 0.00096 0.07800 -3.93151
v 0.00096 0.12781 -3.93151
v 0.00096 0.17959 -3.93151
v -0.09030 0.17959 -3.68911
v 0.00096 0.12504 -3.73134
v -0.01900 0.11347 -3.73737
v 0.00096 0.10288 -3.74660
v 0.00096 0.15461 -3.74660
v 0.00096 0.12942 -3.82830
vt 0.19809 1.00000
vt 0.84326 0.98655
vt 0.71524 1.00000
vt 0.22597 0.94621
vt 0.50411 0.94621
vt 0.32889 0.94621
vt 0.07917 0.49758
vt 0.22597 0.05379
vt 0.07917 0.05379
vt 0.38572 0.50612
vt 0.38572 0.94621
vt 0.53252 0.94621
vt 0.19809 0.00000
vt 0.03496 0.00000
vt 0.03496 0.49023
vt 0.85875 1.00000
vt 0.81016 0.94621
vt 0.50411 0.94621
vt 0.47570 0.94621
vt 0.32889 0.94621
vt 0.32889 0.50406
vt 0.03496 0.49023
vt 0.03496 0.00000
vt 0.19809 0.00000
vt 0.19809 1.00000
vt 0.03496 1.00000
vt 0.03496 0.49023
vt 0.38572 0.05379
vt 0.50411 0.05379
vt 0.38572 0.50612
vt 0.22597 0.05379
vt 0.32889 0.05379
vt 0.50411 0.05379
vt 0.50411 0.05379
vt 0.66336 0.05379
vt 0.81826 0.01793
vt 0.66336 0.05379
vt 0.50411 0.05379
vt 0.81826 0.01793
vt 0.19809 1.00000
vt 0.22597 0.94621
vt 0.47570 0.94621
vt 0.22597 0.05379
vt 0.07917 0.49758
vt 0.22597 0.94621
vt 0.53252 0.94621
vt 0.50411 0.05379
vt 0.38572 0.50612
vt 0.50411 0.05379
vt 0.47570 0.94621
vt 0.32889 0.50406
vt 0.81826 0.01793
vt 0.19809 0.00000
vt 0.71524 0.00000
vt 0.07917 0.05379
vt 0.22597 0.05379
vt 0.07917 0.49758
vt 0.22597 0.05379
vt 0.22597 0.94621
vt 0.07917 0.49758
vt 0.50411 0.05379
vt 0.32889 0.50406
vt 0.50411 0.94621
vt 0.19809 1.00000
vt 0.03496 1.00000
vt 0.71524 1.00000
vt 0.50411 0.94621
vt 0.19809 1.00000
vt 0.85875 1.00000
vt 0.32889 0.94621
vt 0.50411 0.94621
vt 0.32889 0.50406
vt 0.50411 0.05379
vt 0.32889 0.05379
vt 0.32889 0.50406
vt 0.86213 0.00000
vt 0.71524 0.00000
vt 0.71524 0.46305
vt 0.32889 0.05379
vt 0.07917 0.05379
vt 0.22597 0.05379
vt 0.81826 0.01793
vt 0.66336 0.05379
vt 0.69475 0.34911
vt 0.86213 0.00000
vt 0.84326 0.98655
vt 0.81826 0.01793
vt 0.86213 0.00000
vt 0.71524 0.46305
vt 0.84326 0.98655
vt 0.19809 0.00000
vt 0.81826 0.01793
vt 0.50411 0.05379
vt 0.03496 1.00000
vt 0.19809 1.00000
vt 0.03496 0.49023
vt 0.71524 1.00000
vt 0.03496 1.00000
vt 0.19809 1.00000
vt 0.03496 0.00000
vt 0.71524 0.00000
vt 0.19809 0.00000
vt 0.03496 0.49023
vt 0.19809 1.00000
vt 0.19809 0.00000
vt 0.71524 1.00000
vt 0.85875 1.00000
vt 0.19809 1.00000
vt 0.19809 0.00000
vt 0.81826 0.01793
vt 0.71524 0.00000
vt 0.66336 0.94621
vt 0.81016 0.94621
vt 0.69475 0.34911
vt 0.19809 0.00000
vt 0.50411 0.05379
vt 0.81826 0.01793
vt 0.66336 0.05379
vt 0.66336 0.24491
vt 0.69475 0.34911
vt 0.86213 0.00000
vt 0.81826 0.01793
vt 0.71524 0.00000
vt 0.85875 1.00000
vt 0.86213 0.00000
vt 0.81826 0.01793
vt 0.22597 0.05379
vt 0.50411 0.05379
vt 0.19809 0.00000
vt 0.69475 0.34911
vt 0.66336 0.75408
vt 0.66336 0.94621
vt 0.07917 0.49758
vt 0.07917 0.94621
vt 0.22597 0.94621
vt 0.19809 1.00000
vt 0.47570 0.94621
vt 0.53252 0.94621
vt 0.50411 0.94621
vt 0.38572 0.50612
vt 0.50411 0.05379
vt 0.50411 0.94621
vt 0.66336 0.94621
vt 0.38572 0.94621
vt 0.71524 0.46305
vt 0.71524 0.00000
vt 0.86213 0.00000
vt 0.81826 0.01793
vt 0.84326 0.98655
vt 0.69622 0.48720
vt 0.53252 0.94621
vt 0.38572 0.94621
vt 0.66336 0.94621
vt 0.50411 0.94621
vt 0.38572 0.94621
vt 0.38572 0.50612
vt 0.85875 1.00000
vt 0.71524 0.46305
vt 0.86213 0.00000
vt 0.19809 0.00000
vt 0.19809 1.00000
vt 0.22597 0.94621
vt 0.19809 0.00000
vt 0.22597 0.05379
vt 0.22597 0.94621
vt 0.19809 0.00000
vt 0.22597 0.94621
vt 0.22597 0.05379
vt 0.81826 0.01793
vt 0.69475 0.34911
vt 0.81016 0.94621
vt 0.22597 0.94621
vt 0.32889 0.94621
vt 0.07917 0.94621
vt 0.85875 1.00000
vt 0.71524 1.00000
vt 0.71524 0.46305
vt 0.71524 0.46305
vt 0.71524 1.00000
vt 0.84326 0.98655
vt 0.32889 0.05379
vt 0.22597 0.05379
vt 0.50411 0.05379
vt 0.53252 0.94621
vt 0.66336 0.94621
vt 0.84326 0.98655
vt 0.84326 0.98655
vt 0.66336 0.94621
vt 0.69622 0.48720
vt 0.22597 0.94621
vt 0.19809 1.00000
vt 0.19809 0.00000
vt 0.19809 0.00000
vt 0.50411 0.05379
vt 0.22597 0.05379
vt 0.69622 0.48720
vt 0.66336 0.24491
vt 0.66336 0.05379
vt 0.19809 0.00000
vt 0.19809 1.00000
vt 0.03496 0.49023
vt 0.50411 0.05379
vt 0.38572 0.05379
vt 0.38572 0.50612
vt 0.50411 0.05379
vt 0.38572 0.05379
vt 0.66336 0.05379
vt 0.03496 0.00000
vt 0.19809 0.00000
vt 0.71524 0.00000
vt 0.22597 0.94621
vt 0.19809 1.00000
vt 0.50411 0.94621
vt 0.85875 1.00000
vt 0.81826 0.01793
vt 0.81016 0.94621
vt 0.50411 0.94621
vt 0.81016 0.94621
vt 0.66336 0.94621
vt 0.22597 0.05379
vt 0.07917 0.05379
vt 0.32889 0.05379
vt 0.07917 0.49758
vt 0.22597 0.94621
vt 0.07917 0.94621
vt 0.66336 0.94621
vt 0.66336 0.75408
vt 0.69622 0.48720
vt 0.86213 0.00000
vt 0.71524 0.00000
vt 0.81826 0.01793
vt 0.84326 0.98655
vt 0.19809 1.00000
vt 0.53252 0.94621
vt 0.32889 0.50406
vt 0.32889 0.05379
vt 0.50411 0.05379
vt 0.66336 0.05379
vt 0.38572 0.05379
vt 0.50411 0.05379
vt 0.69622 0.48720
vt 0.66336 0.05379
vt 0.81826 0.01793
vt 0.22597 0.94621
vt 0.07917 0.94621
vt 0.32889 0.94621
vt 0.47570 0.94621
vt 0.50411 0.05379
vt 0.53252 0.94621
vt 0.22597 0.94621
vt 0.32889 0.94621
vt 0.47570 0.94621
vt 0.11385 0.60760
vt 0.08407 0.77046
vt 0.12914 0.66286
vt 0.00000 0.39240
vt 0.12150 0.36477
vt 0.08407 0.22954
vt 0.00000 0.39240
vt 0.08407 0.22954
vt 0.12150 0.36477
vt 0.00000 0.39240
vt 0.00000 0.22954
vt 0.08407 0.22954
vt 0.00000 0.33714
vt 0.00000 0.39240
vt 0.00000 0.22954
vt 0.12914 0.66286
vt 0.08407 0.77046
vt 0.11385 0.60760
vt 0.08407 0.77046
vt 0.00000 0.66286
vt 0.12914 0.66286
vt 0.00000 0.67607
vt 0.08407 0.77046
vt 0.11385 0.60760
vt 0.12150 0.36477
vt 0.00000 0.63523
vt 0.12914 0.66286
vt 0.00000 0.67607
vt 0.12150 0.36477
vt 0.00000 0.39240
vt 0.00000 0.63523
vt 0.08407 0.77046
vt 0.00000 0.67607
vt 0.00000 0.39240
vt 0.08407 0.22954
vt 0.00000 0.22954
vt 0.12150 0.36477
vt 0.00000 0.66286
vt 0.00000 0.33714
vt 0.00000 0.63523
vt 0.12150 0.36477
vt 0.11385 0.60760
vt 0.00000 0.33714
vt 0.00000 0.39240
vt 0.00000 0.63523
vt 0.00000 0.33714
vt 0.00000 0.66286
vt 0.00000 0.67607
vt 0.00000 0.66286
vt 0.00000 0.82572
vt 0.00000 0.67607
vt 0.08407 0.77046
vt 0.00000 0.63523
vt 0.00000 0.82572
vt 0.08407 0.22954
vt 0.00000 0.33714
vt 0.00000 0.22954
vt 0.11385 0.60760
vt 0.12914 0.66286
vt 0.12150 0.36477
vt 0.08407 0.22954
vt 0.00000 0.33714
vt 0.12150 0.36477
vt 0.12150 0.36477
vt 0.12914 0.66286
vt 0.00000 0.66286
vt 0.12914 0.66286
vt 0.11385 0.60760
vt 0.12150 0.36477
vt 0.08407 0.22954
vt 0.12150 0.36477
vt 0.00000 0.33714
vt 0.12150 0.36477
vt 0.00000 0.33714
vt 0.00000 0.63523
vt 0.00000 0.33714
vt 0.00000 0.67607
vt 0.00000 0.39240
vt 0.08407 0.22954
vt 0.00000 0.22954
vt 0.00000 0.33714
vt 0.08407 0.77046
vt 0.12914 0.66286
vt 0.00000 0.63523
vt 0.00000 0.33714
vt 0.00000 0.22954
vt 0.00000 0.39240
vt 0.00000 0.63523
vt 0.00000 0.67607
vt 0.00000 0.82572
vt 0.08407 0.77046
vt 0.00000 0.82572
vt 0.00000 0.66286
vt 0.00000 0.67607
vt 0.11385 0.60760
vt 0.12150 0.36477
vt 0.00000 0.63523
vt 0.11385 0.60760
vt 0.08407 0.77046
vt 0.00000 0.63523
vt 0.00000 0.39240
vt 0.12150 0.36477
vt 0.39116 0.82572
vt 0.43623 0.66286
vt 0.36662 0.66286
vt 0.35132 0.60760
vt 0.35897 0.36477
vt 0.42859 0.36477
vt 0.35897 0.36477
vt 0.32154 0.22954
vt 0.39116 0.22954
vt 0.35132 0.39240
vt 0.42094 0.39240
vt 0.39116 0.22954
vt 0.35132 0.60760
vt 0.32154 0.77046
vt 0.36662 0.66286
vt 0.39116 0.22954
vt 0.43623 0.33714
vt 0.36662 0.33714
vt 0.42859 0.36477
vt 0.35897 0.36477
vt 0.36662 0.66286
vt 0.35897 0.63523
vt 0.39514 0.70849
vt 0.42094 0.39240
vt 0.43623 0.33714
vt 0.42094 0.39240
vt 0.39514 0.70849
vt 0.39116 0.82572
vt 0.32154 0.77046
vt 0.35897 0.63523
vt 0.43623 0.33714
vt 0.43623 0.66286
vt 0.35897 0.63523
vt 0.35132 0.60760
vt 0.42094 0.60760
vt 0.39514 0.70849
vt 0.43623 0.66286
vt 0.42094 0.60760
vt 0.42859 0.36477
vt 0.43623 0.66286
vt 0.39514 0.70849
vt 0.42094 0.60760
vt 0.39116 0.22954
vt 0.35897 0.36477
vt 0.42859 0.36477
vt 0.35132 0.60760
vt 0.42859 0.36477
vt 0.42094 0.60760
vt 0.35897 0.63523
vt 0.32154 0.77046
vt 0.39514 0.70849
vt 0.43623 0.33714
vt 0.39116 0.22954
vt 0.42094 0.39240
vt 0.39514 0.70849
vt 0.39116 0.82572
vt 0.43623 0.66286
vt 0.43623 0.66286
vt 0.39116 0.82572
vt 0.39514 0.70849
vt 0.42859 0.36477
vt 0.36662 0.66286
vt 0.43623 0.66286
vt 0.39116 0.22954
vt 0.36662 0.33714
vt 0.32154 0.22954
vt 0.43623 0.33714
vt 0.35897 0.63523
vt 0.36662 0.33714
vt 0.35132 0.39240
vt 0.32154 0.22954
vt 0.36662 0.33714
vt 0.39116 0.22954
vt 0.32154 0.22954
vt 0.35897 0.36477
vt 0.39116 0.82572
vt 0.36662 0.66286
vt 0.32154 0.77046
vt 0.35897 0.63523
vt 0.42094 0.39240
vt 0.35132 0.39240
vt 0.39116 0.82572
vt 0.35897 0.63523
vt 0.43623 0.66286
vt 0.35897 0.36477
vt 0.39116 0.22954
vt 0.42859 0.36477
vt 0.35132 0.60760
vt 0.36662 0.66286
vt 0.35897 0.36477
vt 0.39514 0.70849
vt 0.43623 0.66286
vt 0.43623 0.33714
vt 0.35132 0.39240
vt 0.36662 0.33714
vt 0.35897 0.63523
vt 0.35132 0.60760
vt 0.39514 0.70849
vt 0.32154 0.77046
vt 0.35132 0.39240
vt 0.39116 0.22954
vt 0.32154 0.22954
vt 0.91477 0.75770
vt 0.90517 0.23990
vt 0.96602 0.23990
vt 0.98203 0.75770
vt 0.96602 0.23990
vt 0.97563 0.23990
vt 0.92438 0.75770
vt 0.97563 0.23990
vt 0.91477 0.23990
vt 0.91477 0.75770
vt 0.91477 0.23990
vt 0.90517 0.23990
vt 0.91477 0.23990
vt 0.97563 0.23990
vt 0.96602 0.23990
vt 0.98203 0.75770
vt 0.91477 0.75770
vt 0.96602 0.23990
vt 0.98203 0.75770
vt 0.92438 0.75770
vt 0.91477 0.75770
vt 0.90517 0.23990
vt 0.91477 0.23990
vt 0.96602 0.23990
vt 0.91477 0.75770
vt 0.92438 0.75770
vt 0.91477 0.23990
vt 0.92438 0.75770
vt 0.98203 0.75770
vt 0.97563 0.23990
vt 0.98203 0.23990
vt 0.95641 0.75770
vt 0.96602 0.75770
vt 0.89876 0.75770
vt 0.96602 0.75770
vt 0.95641 0.75770
vt 0.91477 0.23990
vt 0.96602 0.75770
vt 0.89876 0.75770
vt 0.92438 0.23990
vt 0.89876 0.75770
vt 0.95641 0.75770
vt 0.92438 0.23990
vt 0.95641 0.75770
vt 0.98203 0.23990
vt 0.98203 0.23990
vt 0.91477 0.23990
vt 0.92438 0.23990
vt 0.98203 0.23990
vt 0.96602 0.75770
vt 0.91477 0.23990
vt 0.91477 0.23990
vt 0.89876 0.75770
vt 0.92438 0.23990
vt 0.88996 0.26734
vt 0.88996 0.26734
vt 0.96332 0.26734
vt 0.90372 0.73025
vt 0.88996 0.73025
vt 0.88996 0.26734
vt 1.00000 0.73025
vt 0.90372 0.73025
vt 0.94040 0.26734
vt 0.99083 0.26734
vt 0.94040 0.26734
vt 0.96332 0.26734
vt 0.90372 0.73025
vt 0.94040 0.73025
vt 0.88996 0.73025
vt 1.00000 0.73025
vt 0.99083 0.26734
vt 0.96332 0.26734
vt 1.00000 0.73025
vt 0.94040 0.26734
vt 0.99083 0.26734
vt 0.94040 0.73025
vt 1.00000 0.73025
vt 0.96332 0.26734
vt 0.88996 0.73025
vt 0.94040 0.73025
vt 0.96332 0.26734
vt 0.88996 0.73025
vt 0.96332 0.26734
vt 0.88996 0.26734
vt 0.90372 0.73025
vt 0.88996 0.26734
vt 0.88996 0.26734
vt 0.90372 0.73025
vt 0.88996 0.26734
vt 0.94040 0.26734
vt 1.00000 0.73025
vt 0.94040 0.73025
vt 0.90372 0.73025
vt 0.88996 0.26734
vt 0.96332 0.26734
vt 0.94040 0.26734
vt 0.91747 0.73025
vt 1.00000 0.73025
vt 0.94040 0.73025
vt 0.91747 0.26734
vt 1.00000 0.73025
vt 1.00000 0.26734
vt 1.00000 0.26734
vt 0.94040 0.26734
vt 0.91747 0.26734
vt 0.94040 0.73025
vt 0.88996 0.73025
vt 0.91747 0.73025
vt 0.91747 0.26734
vt 0.94040 0.73025
vt 1.00000 0.73025
vt 0.94040 0.26734
vt 0.88996 0.26734
vt 0.91747 0.26734
vt 0.88996 0.26734
vt 0.91747 0.73025
vt 0.88996 0.73025
vt 0.88996 0.26734
vt 0.88996 0.73025
vt 0.91747 0.26734
vt 1.00000 0.26734
vt 1.00000 0.73025
vt 0.91747 0.73025
vt 0.91747 0.26734
vt 0.88996 0.73025
vt 0.94040 0.73025
vt 0.94040 0.26734
vt 0.91747 0.73025
vt 0.88996 0.26734
vt 1.00000 0.26734
vt 0.91747 0.73025
vt 0.94040 0.26734
vt 0.50411 0.05379
vt 0.32889 0.05379
vt 0.38572 0.05379
vt 0.50411 0.05379
vt 0.38572 0.05379
vt 0.32889 0.05379
f 2691/13756 2695/13757 2669/13758
f 2682/13759 2671/13760 2683/13761
f 2672/13762 2688/13763 2685/13764
f 2722/13765 2680/13766 2693/13767
f 2666/13768 2714/13769 2715/13770
f 2717/13771 2681/13772 2671/13773
f 2692/13774 2683/13775 2674/13776
f 2715/13777 2714/13778 2686/13779
f 2691/13780 2716/13781 2715/13782
f 2684/13783 2678/13784 2722/13785
f 2676/13786 2677/13787 2678/13788
f 2678/13789 2675/13790 2667/13791
f 2675/13792 2694/13793 2687/13794
f 2691/13795 2689/13796 2692/13797
f 2688/13798 2672/13799 2689/13800
f 2693/13801 2694/13802 2722/13803
f 2694/13804 2692/13805 2674/13806
f 2687/13807 2686/13808 2668/13809
f 2685/13810 2676/13811 2672/13812
f 2676/13813 2682/13814 2672/13815
f 2678/13816 2674/13817 2671/13818
f 2665/13819 2716/13820 2669/13821
f 2671/13822 2665/13823 2717/13824
f 2683/13825 2671/13826 2674/13827
f 2678/13828 2677/13829 2674/13830
f 2690/13831 2668/13832 2718/13833
f 2677/13834 2685/13835 2688/13836
f 2667/13837 2675/13838 2719/13839
f 2690/13840 2695/13841 2687/13842
f 2690/13843 2718/13844 2695/13845
f 2686/13846 2687/13847 2694/13848
f 2716/13849 2665/13850 2715/13851
f 2669/13852 2716/13853 2691/13854
f 2714/13855 2668/13856 2686/13857
f 2715/13858 2665/13859 2666/13860
f 2669/13861 2717/13862 2665/13863
f 2666/13864 2667/13865 2668/13866
f 2679/13867 2681/13868 2719/13869
f 2666/13870 2678/13871 2667/13872
f 2675/13873 2720/13874 2719/13875
f 2690/13876 2687/13877 2668/13878
f 2717/13879 2670/13880 2667/13881
f 2676/13882 2678/13883 2666/13884
f 2719/13885 2721/13886 2679/13887
f 2672/13888 2673/13889 2689/13890
f 2691/13891 2692/13892 2693/13893
f 2671/13894 2722/13895 2678/13896
f 2671/13897 2679/13898 2680/13899
f 2718/13900 2668/13901 2670/13902
f 2687/13903 2695/13904 2696/13905
f 2693/13906 2680/13907 2679/13908
f 2671/13909 2680/13910 2722/13911
f 2717/13912 2718/13913 2670/13914
f 2666/13915 2665/13916 2682/13917
f 2686/13918 2688/13919 2689/13920
f 2666/13921 2682/13922 2676/13923
f 2667/13924 2719/13925 2681/13926
f 2682/13927 2683/13928 2673/13929
f 2717/13930 2669/13931 2718/13932
f 2718/13933 2669/13934 2695/13935
f 2677/13936 2688/13937 2694/13938
f 2693/13939 2679/13940 2695/13941
f 2695/13942 2679/13943 2696/13944
f 2689/13945 2691/13946 2686/13947
f 2686/13948 2694/13949 2688/13950
f 2696/13951 2720/13952 2675/13953
f 2686/13954 2691/13955 2715/13956
f 2694/13957 2684/13958 2722/13959
f 2678/13960 2684/13961 2675/13962
f 2714/13963 2666/13964 2668/13965
f 2682/13966 2665/13967 2671/13968
f 2717/13969 2667/13970 2681/13971
f 2671/13972 2681/13973 2679/13974
f 2676/13975 2685/13976 2677/13977
f 2672/13978 2682/13979 2673/13980
f 2679/13981 2721/13982 2696/13983
f 2670/13984 2668/13985 2667/13986
f 2695/13987 2691/13988 2693/13989
f 2674/13990 2677/13991 2694/13992
f 2675/13993 2684/13994 2694/13995
f 2696/13996 2675/13997 2687/13998
f 2689/13999 2673/14000 2683/14001
f 2692/14002 2694/14003 2693/14004
f 2689/14005 2683/14006 2692/14007
f 2643/14008 2641/14009 2649/14010
f 2640/14011 2646/14012 2661/14013
f 2633/14014 2661/14015 2634/14016
f 2633/14017 2632/14018 2661/14019
f 2631/14020 2640/14021 2632/14022
f 2659/14023 2641/14024 2642/14025
f 2641/14026 2637/14027 2649/14028
f 2638/14029 2641/14030 2643/14031
f 2634/14032 2636/14033 2659/14034
f 2638/14035 2646/14036 2640/14037
f 2636/14038 2641/14039 2638/14040
f 2640/14041 2661/14042 2632/14043
f 2646/14044 2637/14045 2631/14046
f 2636/14047 2634/14048 2642/14049
f 2635/14050 2633/14051 2636/14052
f 2631/14053 2637/14054 2638/14055
f 2637/14056 2639/14057 2638/14058
f 2641/14059 2636/14060 2639/14061
f 2661/14062 2631/14063 2632/14064
f 2643/14065 2649/14066 2646/14067
f 2661/14068 2635/14069 2634/14070
f 2646/14071 2649/14072 2637/14073
f 2659/14074 2642/14075 2634/14076
f 2661/14077 2646/14078 2631/14079
f 2634/14080 2635/14081 2636/14082
f 2631/14083 2638/14084 2640/14085
f 2661/14086 2632/14087 2635/14088
f 2641/14089 2659/14090 2636/14091
f 2635/14092 2632/14093 2633/14094
f 2636/14095 2638/14096 2639/14097
f 2641/14098 2639/14099 2637/14100
f 2638/14101 2643/14102 2646/14103
f 2636/14104 2642/14105 2641/14106
f 2636/14107 2633/14108 2634/14109
f 2652/14110 2658/14111 2656/14112
f 2655/14113 2657/14114 2654/14115
f 2657/14116 2662/14117 2660/14118
f 2651/14119 2650/14120 2660/14121
f 2655/14122 2663/14123 2656/14124
f 2660/14125 2644/14126 2645/14127
f 2654/14128 2657/14129 2656/14130
f 2647/14131 2648/14132 2650/14133
f 2644/14134 2650/14135 2648/14136
f 2652/14137 2663/14138 2647/14139
f 2644/14140 2653/14141 2647/14142
f 2655/14143 2664/14144 2648/14145
f 2658/14146 2664/14147 2654/14148
f 2658/14149 2648/14150 2664/14151
f 2660/14152 2657/14153 2654/14154
f 2655/14155 2654/14156 2664/14157
f 2647/14158 2663/14159 2648/14160
f 2644/14161 2660/14162 2650/14163
f 2648/14164 2652/14165 2653/14166
f 2658/14167 2652/14168 2648/14169
f 2654/14170 2656/14171 2658/14172
f 2660/14173 2645/14174 2662/14175
f 2644/14176 2647/14177 2645/14178
f 2651/14179 2662/14180 2645/14181
f 2660/14182 2662/14183 2657/14184
f 2652/14185 2656/14186 2663/14187
f 2647/14188 2650/14189 2651/14190
f 2652/14191 2647/14192 2653/14193
f 2657/14194 2660/14195 2654/14196
f 2655/14197 2656/14198 2657/14199
f 2648/14200 2653/14201 2644/14202
f 2651/14203 2645/14204 2647/14205
f 2655/14206 2648/14207 2663/14208
f 2651/14209 2660/14210 2662/14211
f 2618/14212 2619/14213 2620/14214
f 2624/14215 2620/14216 2623/14217
f 2622/14218 2623/14219 2621/14220
f 2618/14221 2621/14222 2619/14223
f 2621/14224 2623/14225 2620/14226
f 2624/14227 2618/14228 2620/14229
f 2624/14230 2622/14231 2618/14232
f 2619/14233 2621/14234 2620/14235
f 2618/14236 2622/14237 2621/14238
f 2622/14239 2624/14240 2623/14241
f 2630/14242 2625/14243 2629/14244
f 2628/14245 2629/14246 2625/14247
f 2627/14248 2629/14249 2628/14250
f 2626/14251 2628/14252 2625/14253
f 2626/14254 2625/14255 2630/14256
f 2630/14257 2627/14258 2626/14259
f 2630/14260 2629/14261 2627/14262
f 2627/14263 2628/14264 2626/14265
f 2698/14266 2700/14267 2703/14268
f 2697/14269 2701/14270 2700/14271
f 2704/14272 2697/14273 2699/14274
f 2705/14275 2699/14276 2703/14277
f 2697/14278 2702/14279 2701/14280
f 2704/14281 2705/14282 2703/14283
f 2704/14284 2699/14285 2705/14286
f 2702/14287 2704/14288 2703/14289
f 2701/14290 2702/14291 2703/14292
f 2701/14293 2703/14294 2700/14295
f 2697/14296 2700/14297 2698/14298
f 2697/14299 2698/14300 2699/14301
f 2704/14302 2702/14303 2697/14304
f 2698/14305 2703/14306 2699/14307
f 2711/14308 2713/14309 2707/14310
f 2706/14311 2713/14312 2712/14313
f 2712/14314 2710/14315 2706/14316
f 2707/14317 2709/14318 2711/14319
f 2706/14320 2707/14321 2713/14322
f 2710/14323 2708/14324 2706/14325
f 2708/14326 2711/14327 2709/14328
f 2708/14329 2709/14330 2706/14331
f 2712/14332 2713/14333 2711/14334
f 2706/14335 2709/14336 2707/14337
f 2710/14338 2711/14339 2708/14340
f 2712/14341 2711/14342 2710/14343
f 2694/14344 2677/14345 2684/14346
f 2678/14347 2684/14348 2677/14349
o Bolt
g Bolt
usemtl GoldSoft
v 0.02651 0.10507 -1.59844
v 0.00096 0.08573 -1.62721
v -0.02857 0.10278 -1.62721
v -0.02460 0.13458 -1.59844
v -0.00080 0.14681 -1.62721
v 0.00228 0.15010 -1.59844
v 0.03048 0.13687 -1.62721
v 0.02254 0.13229 -1.40585
v 0.02651 0.13305 -1.59844
v 0.00228 0.09108 -1.59844
v -0.02460 0.10354 -1.59844
v -0.02455 0.11643 -1.40585
v 0.00096 0.14475 -1.40585
v 0.01329 0.09846 -1.40585
v 0.01993 0.10887 -1.61434
v 0.02521 0.10583 -1.62721
v -0.02329 0.13383 -1.62721
v 0.01993 0.13078 -1.61949
v 0.00096 0.12478 -1.61434
v 0.00525 0.12231 -1.61434
v -0.01284 0.13775 -1.61434
v -0.01802 0.10887 -1.62078
v 0.00096 0.09791 -1.62292
v -0.00334 0.12231 -1.61434
v 0.00096 0.12478 -1.48949
v -0.00334 0.11735 -1.61434
v 0.00096 0.11487 -1.61434
v 0.00525 0.11735 -1.61434
v 0.00525 0.11735 -1.48949
v -0.00334 0.12231 -1.48949
v -0.00334 0.11735 -1.48949
v 0.00525 0.12231 -1.48949
v 0.00096 0.11487 -1.48949
vt 0.02905 0.35945
vt 0.05811 0.45265
vt 0.05811 0.49116
vt 0.62218 0.49116
vt 0.62218 0.56819
vt 0.62218 0.49116
vt 0.05811 0.45265
vt 0.62218 0.49116
vt 0.05811 0.49116
vt 0.05811 0.60671
vt 0.62218 0.56819
vt 0.05811 0.56819
vt 0.05811 0.49116
vt 0.62218 0.56819
vt 0.05811 0.56819
vt 0.05811 0.49116
vt 0.62218 0.45265
vt 0.05811 0.45265
vt 0.05811 0.49116
vt 0.62218 0.56819
vt 0.62218 0.49116
vt 0.02905 0.35945
vt 0.05811 0.80822
vt 0.00000 0.74721
vt 0.05811 0.56819
vt 0.62218 0.60670
vt 0.05811 0.60671
vt 0.05811 0.80822
vt 0.05811 0.49116
vt 0.05811 0.56819
vt 0.05811 0.35945
vt 0.05811 0.45265
vt 0.01937 0.18923
vt 0.05811 0.35945
vt 0.05811 0.56819
vt 0.05811 0.49116
vt 0.12996 0.75890
vt 1.00000 0.91690
vt 1.00000 0.47687
vt 0.12996 0.08310
vt 1.00000 0.47687
vt 1.00000 0.19777
vt 0.12996 0.73516
vt 1.00000 0.91690
vt 0.12996 1.00000
vt 0.05811 0.49116
vt 0.62218 0.49116
vt 0.62218 0.56819
vt 0.05811 0.49116
vt 0.62218 0.49116
vt 0.62218 0.45265
vt 0.05811 0.49116
vt 0.05811 0.56819
vt 0.62218 0.56819
vt 0.05811 0.80822
vt 0.02905 0.35945
vt 0.05811 0.49116
vt 0.05811 0.35945
vt 0.05811 0.49116
vt 0.05811 0.45265
vt 0.00000 0.74721
vt 0.00000 0.26484
vt 0.02905 0.35945
vt 0.00000 0.79452
vt 0.03487 0.69990
vt 0.00000 0.31215
vt 0.00000 0.26484
vt 0.00000 0.00000
vt 0.01937 0.18923
vt 0.03487 0.69990
vt 0.05811 0.80822
vt 0.05811 0.60671
vt 1.00000 0.72329
vt 1.00000 0.19777
vt 1.00000 0.47687
vt 1.00000 0.47687
vt 1.00000 0.91690
vt 1.00000 0.72329
vt 0.12996 0.75890
vt 0.12996 1.00000
vt 1.00000 0.91690
vt 0.12996 0.08310
vt 0.12996 0.27671
vt 1.00000 0.47687
vt 0.12996 0.73516
vt 1.00000 0.72329
vt 1.00000 0.91690
vt 0.03487 0.69990
vt 0.05811 0.35945
vt 0.00000 0.31215
vt 0.00000 0.31215
vt 0.01937 0.18923
vt 0.00000 0.00000
vt 0.00000 0.26484
vt 0.01937 0.18923
vt 0.02905 0.35945
vt 0.03487 0.69990
vt 0.05811 0.60671
vt 0.05811 0.56819
vt 0.12996 1.00000
vt 0.00000 0.94897
vt 0.00000 0.79452
vt 0.05811 0.35945
vt 0.03487 0.69990
vt 0.05811 0.56819
vt 0.05811 0.80822
vt 0.05811 0.56819
vt 0.05811 0.60671
vt 0.02905 0.35945
vt 0.01937 0.18923
vt 0.05811 0.45265
vt 0.62218 0.49116
vt 0.62218 0.45265
vt 0.62218 0.49116
vt 0.62218 0.49116
vt 0.62218 0.56819
vt 0.62218 0.56819
vt 0.62218 0.60670
vt 0.62218 0.56819
vt 0.62218 0.56819
vt 0.05811 0.45265
vt 0.62218 0.45265
vt 0.62218 0.49116
vt 0.05811 0.60671
vt 0.62218 0.60670
vt 0.62218 0.56819
vt 0.00000 0.94897
vt 0.00000 0.74721
vt 0.05811 0.80822
vt 0.00000 0.94897
vt 0.05811 0.80822
vt 0.03487 0.69990
vt 0.00000 0.31215
vt 0.05811 0.35945
vt 0.01937 0.18923
vt 0.05811 0.56819
vt 0.62218 0.56819
vt 0.62218 0.60670
vt 0.12996 0.30045
vt 1.00000 0.19777
vt 1.00000 0.72329
vt 0.00000 0.31215
vt 0.00000 0.00000
vt 0.12996 0.08310
vt 0.00000 0.00000
vt 0.00000 0.26484
vt 0.12996 0.27671
vt 0.00000 0.26484
vt 0.00000 0.74721
vt 0.12996 0.75890
vt 0.12996 0.75890
vt 0.00000 0.74721
vt 0.00000 0.94897
vt 0.00000 0.79452
vt 0.00000 0.31215
vt 0.12996 0.30045
vt 0.12996 0.75890
vt 1.00000 0.47687
vt 0.12996 0.27671
vt 0.12996 0.08310
vt 1.00000 0.19777
vt 0.12996 0.30045
vt 0.00000 0.79452
vt 0.00000 0.94897
vt 0.03487 0.69990
vt 0.12996 1.00000
vt 0.00000 0.79452
vt 0.12996 0.73516
vt 0.00000 0.79452
vt 0.12996 0.30045
vt 0.12996 0.73516
vt 0.12996 0.30045
vt 1.00000 0.72329
vt 0.12996 0.73516
vt 0.00000 0.31215
vt 0.12996 0.08310
vt 0.12996 0.30045
vt 0.00000 0.00000
vt 0.12996 0.27671
vt 0.12996 0.08310
vt 0.00000 0.26484
vt 0.12996 0.75890
vt 0.12996 0.27671
vt 0.12996 0.75890
vt 0.00000 0.94897
vt 0.12996 1.00000
f 2744/14350 2749/14351 2748/14352
f 2751/14353 2752/14354 2753/14355
f 2749/14356 2753/14357 2748/14358
f 2741/14359 2754/14360 2742/14361
f 2748/14362 2752/14363 2746/14364
f 2750/14365 2755/14366 2749/14367
f 2750/14368 2754/14369 2751/14370
f 2744/14371 2743/14372 2739/14373
f 2746/14374 2747/14375 2741/14376
f 2743/14377 2748/14378 2746/14379
f 2737/14380 2749/14381 2745/14382
f 2737/14383 2742/14384 2750/14385
f 2726/14386 2735/14387 2734/14388
f 2732/14389 2734/14390 2736/14391
f 2731/14392 2735/14393 2728/14394
f 2748/14395 2753/14396 2752/14397
f 2750/14398 2751/14399 2755/14400
f 2750/14401 2742/14402 2754/14403
f 2743/14404 2744/14405 2748/14406
f 2737/14407 2750/14408 2749/14409
f 2739/14410 2725/14411 2744/14412
f 2729/14413 2740/14414 2738/14415
f 2725/14416 2724/14417 2745/14418
f 2740/14419 2743/14420 2741/14421
f 2730/14422 2736/14423 2734/14424
f 2734/14425 2735/14426 2730/14427
f 2726/14428 2728/14429 2735/14430
f 2732/14431 2733/14432 2734/14433
f 2731/14434 2730/14435 2735/14436
f 2740/14437 2737/14438 2738/14439
f 2738/14440 2745/14441 2724/14442
f 2725/14443 2745/14444 2744/14445
f 2740/14446 2741/14447 2742/14448
f 2728/14449 2727/14450 2729/14451
f 2737/14452 2740/14453 2742/14454
f 2743/14455 2746/14456 2741/14457
f 2744/14458 2745/14459 2749/14460
f 2753/14461 2755/14462 2751/14463
f 2751/14464 2754/14465 2752/14466
f 2747/14467 2752/14468 2754/14469
f 2749/14470 2755/14471 2753/14472
f 2741/14473 2747/14474 2754/14475
f 2727/14476 2739/14477 2743/14478
f 2727/14479 2743/14480 2740/14481
f 2738/14482 2737/14483 2745/14484
f 2746/14485 2752/14486 2747/14487
f 2723/14488 2736/14489 2730/14490
f 2738/14491 2724/14492 2732/14493
f 2724/14494 2725/14495 2733/14496
f 2725/14497 2739/14498 2726/14499
f 2726/14500 2739/14501 2727/14502
f 2729/14503 2738/14504 2723/14505
f 2726/14506 2734/14507 2733/14508
f 2732/14509 2736/14510 2723/14511
f 2729/14512 2727/14513 2740/14514
f 2728/14515 2729/14516 2731/14517
f 2729/14518 2723/14519 2731/14520
f 2723/14521 2730/14522 2731/14523
f 2738/14524 2732/14525 2723/14526
f 2724/14527 2733/14528 2732/14529
f 2725/14530 2726/14531 2733/14532
f 2726/14533 2727/14534 2728/14535
