mtllib pink_guns.mtl
o Body
g Body
usemtl PinkWhite
v -0.11722 -0.42088 -1.05416
v 0.12076 -0.42088 -1.05416
v -0.11722 -0.03351 -0.83325
v 0.12076 0.03624 -0.98179
v 0.07608 0.04333 -1.09183
v 0.10370 0.04125 -1.05960
v -0.11722 0.03624 -0.98179
v -0.07254 0.04333 -1.09183
v -0.10016 0.04125 -1.05960
v 0.12076 0.16123 -0.96007
v 0.07608 0.16123 -1.07046
v 0.10370 0.16123 -1.03813
v -0.07254 0.16123 -1.07046
v -0.10016 0.16123 -1.03813
v -0.07254 -0.34064 -1.37600
v -0.11722 -0.36490 -1.27869
v -0.10016 -0.34774 -1.34750
v 0.07608 -0.34064 -1.37600
v 0.12076 -0.36490 -1.27869
v 0.10371 -0.34774 -1.34750
v 0.12076 -0.01654 -1.02642
v 0.07608 -0.00705 -1.13442
v 0.10371 -0.00983 -1.10279
v -0.11722 -0.01654 -1.02642
v -0.07254 -0.00705 -1.13442
v -0.10016 -0.00983 -1.10279
v 0.07608 0.10662 -1.07017
v 0.12076 0.10053 -0.95980
v 0.10370 0.10483 -1.03784
v -0.07254 0.10662 -1.07017
v -0.11722 0.10053 -0.95980
v -0.10016 0.10483 -1.03784
v -0.11722 0.09354 -0.83325
v -0.11722 0.02668 -0.83325
v 0.12076 0.09354 -0.83325
v 0.12076 -0.03351 -0.83325
v -0.11722 0.16123 -0.96007
v 0.12076 0.02668 -0.83325
v -0.11722 0.09842 -0.83325
v -0.11722 0.16123 -0.89606
v -0.11722 0.14283 -0.85165
v 0.12076 0.16123 -0.89606
v 0.12076 0.09842 -0.83325
v 0.12076 0.14283 -0.85165
v 0.11191 0.49803 -1.46710
v 0.11191 0.49803 -1.15529
v 0.09087 0.43329 -1.46710
v 0.09087 0.43329 -1.15529
v 0.03581 0.39328 -1.46710
v 0.03581 0.39328 -1.15529
v -0.03227 0.39328 -1.46710
v -0.03227 0.39328 -1.15529
v -0.08734 0.43329 -1.46710
v -0.08734 0.43329 -1.15529
v -0.10837 0.49803 -1.46710
v -0.10837 0.49803 -1.15529
v -0.08734 0.56276 -1.46710
v -0.08734 0.56276 -1.15529
v -0.03227 0.60277 -1.46710
v -0.03227 0.60277 -1.15529
v 0.03581 0.60277 -1.46710
v 0.03581 0.60277 -1.15529
v 0.09087 0.56276 -1.46710
v 0.09087 0.56276 -1.15529
v 0.13196 0.26785 0.07543
v -0.12842 0.26785 0.07543
v 0.13196 0.26785 -1.17734
v -0.12842 0.26785 -1.17734
v 0.11233 0.63109 -1.24309
v 0.13196 0.54766 -1.24309
v 0.12621 0.60665 -1.24309
v -0.12842 0.54766 -1.24309
v -0.10879 0.63109 -1.24309
v -0.12267 0.60665 -1.24309
v 0.13196 0.54766 0.13114
v 0.11233 0.63109 0.13114
v 0.12621 0.60665 0.13114
v -0.10879 0.63109 0.13114
v -0.12842 0.54766 0.13114
v -0.12267 0.60665 0.13114
v -0.10879 0.63109 0.07543
v -0.12842 0.54766 0.07543
v -0.12267 0.60665 0.07543
v 0.13196 0.54766 0.07543
v 0.11233 0.63109 0.07543
v 0.12621 0.60665 0.07543
v 0.11233 0.63109 -1.17734
v 0.13196 0.54766 -1.17734
v 0.12621 0.60665 -1.17734
v -0.10879 0.63109 -1.17734
v -0.12842 0.54766 -1.17734
v -0.12267 0.60665 -1.17734
v 0.13196 0.26785 -1.19597
v 0.13196 0.31497 -1.24309
v -0.12842 0.31497 -1.24309
v -0.12842 0.26785 -1.19597
v 0.13196 0.31497 0.13114
v 0.13196 0.26785 0.08402
v -0.12842 0.26785 0.08402
v -0.12842 0.31497 0.13114
v -0.12842 0.26785 -0.40250
v 0.13196 0.26785 -0.40250
v -0.12842 0.54766 -0.40250
v -0.12267 0.60665 -0.40250
v -0.10879 0.63109 -0.40250
v 0.13196 0.54766 -0.40250
v 0.12621 0.60665 -0.40250
v 0.11233 0.63109 -0.40250
v -0.12842 0.41068 -0.29878
v -0.12842 0.44422 -0.33231
v -0.12842 0.38059 -0.34711
v -0.12842 0.44422 0.00524
v -0.12842 0.41068 -0.02830
v -0.12842 0.38059 0.02003
v -0.12842 0.47626 -0.33231
v -0.12842 0.50980 -0.29878
v -0.12842 0.52572 -0.36183
v -0.12842 0.50980 -0.02830
v -0.12842 0.47626 0.00524
v -0.12842 0.52572 0.03476
v -0.10627 0.44422 -0.33231
v -0.10627 0.41068 -0.29878
v -0.10627 0.41068 -0.02830
v -0.10627 0.44422 0.00524
v -0.10627 0.50980 -0.29878
v -0.10627 0.47626 -0.33231
v -0.10627 0.47626 0.00524
v -0.10627 0.50980 -0.02830
v 0.04933 -0.16442 -2.64424
v 0.11364 0.37120 -2.67322
v 0.11364 0.37120 -1.40053
v 0.03750 -0.20791 -2.64163
v -0.11010 0.37120 -1.40053
v 0.03750 0.25703 -1.52753
v -0.11010 0.37120 -2.67322
v 0.04933 0.27542 -1.51859
v 0.05423 0.36681 -2.65857
v 0.05423 0.36681 -1.47588
v -0.05069 0.36681 -1.47588
v -0.05069 0.36681 -2.65857
v 0.02588 0.20468 -0.70764
v -0.02234 0.20468 -0.70764
v 0.02588 0.19533 -0.65580
v -0.02234 0.19533 -0.65580
v 0.02588 0.13598 -0.72590
v -0.02234 0.13598 -0.72590
v 0.02588 0.13471 -0.69111
v -0.02234 0.13471 -0.69111
v 0.02588 0.08332 -0.71662
v -0.02234 0.08332 -0.71662
v 0.02588 0.09716 -0.68567
v -0.02234 0.09716 -0.68567
v 0.02588 0.03342 -0.69029
v -0.02234 0.03342 -0.69029
v 0.02588 0.05218 -0.67681
v -0.02234 0.05218 -0.67681
v 0.02588 0.00909 -0.65122
v -0.02234 0.00909 -0.65122
v 0.02588 0.03217 -0.65029
v -0.02234 0.03217 -0.65029
v 0.11364 0.56384 -2.67598
v 0.07797 0.63109 -2.66719
v 0.10319 0.58817 -2.66976
v 0.11364 0.56384 -1.32801
v 0.07797 0.63109 -1.32801
v 0.10319 0.61231 -1.32801
v -0.07443 0.63109 -2.66719
v -0.11010 0.56384 -2.67598
v -0.09965 0.60420 -2.66976
v -0.07443 0.63109 -1.32801
v -0.11010 0.56384 -1.32801
v -0.09965 0.60420 -1.32801
v 0.05423 0.35424 -1.47694
v 0.05423 -0.05943 -2.65054
v -0.04579 -0.16442 -2.64424
v -0.03396 -0.20791 -2.64163
v -0.03396 0.25703 -1.52753
v -0.04579 0.27542 -1.51859
v -0.05069 -0.05943 -2.65054
v -0.05069 0.35424 -1.47694
v 0.05423 0.36681 -2.01978
v -0.05069 0.36681 -2.01978
v -0.04579 0.27790 -2.01978
v 0.03750 0.24696 -2.01978
v -0.03396 0.24696 -2.01978
v -0.11010 0.37120 -2.01978
v 0.04933 0.27790 -2.01978
v 0.05423 0.35259 -2.01978
v 0.11364 0.37120 -2.01978
v 0.07797 0.63109 -2.01978
v 0.10319 0.60024 -2.01978
v 0.11364 0.56384 -2.01978
v -0.07443 0.63109 -2.01978
v -0.09965 0.60420 -2.01978
v -0.11010 0.56384 -2.01978
v -0.05069 0.35259 -2.01978
v 0.05411 0.35240 -1.47791
v 0.00000 0.39298 0.10012
v 0.00000 0.38489 0.17894
v -0.06923 0.42165 0.10012
v -0.07495 0.41594 0.17894
v -0.09791 0.49088 0.10012
v -0.10599 0.49088 0.17894
v -0.06923 0.56012 0.10012
v -0.07495 0.56583 0.17894
v 0.00000 0.58879 0.10012
v 0.00000 0.59687 0.17894
v 0.06923 0.56012 0.10012
v 0.07495 0.56583 0.17894
v 0.09791 0.49088 0.10012
v 0.10599 0.49088 0.17894
v 0.06923 0.42165 0.10012
v 0.07495 0.41594 0.17894
v -0.09758 0.39331 0.18640
v 0.00000 0.35289 0.18640
v -0.13799 0.49088 0.18640
v -0.09758 0.58846 0.18640
v 0.00000 0.62888 0.18640
v 0.09758 0.58846 0.18640
v 0.13800 0.49088 0.18640
v 0.09758 0.39331 0.18640
v -0.07317 0.41771 0.25204
v 0.00000 0.38740 0.25204
v -0.10348 0.49088 0.25204
v -0.07317 0.56406 0.25204
v 0.00000 0.59437 0.25204
v 0.07318 0.56406 0.25204
v 0.10349 0.49088 0.25204
v 0.07318 0.41771 0.25204
v -0.12053 0.37036 0.25563
v 0.00000 0.32043 0.25563
v -0.17045 0.49088 0.25563
v -0.12053 0.61141 0.25563
v 0.00000 0.66134 0.25563
v 0.12053 0.61141 0.25563
v 0.17045 0.49088 0.25563
v 0.12053 0.37036 0.25563
v -0.12053 0.37036 1.34930
v 0.00000 0.32043 1.34930
v -0.17045 0.49088 1.34930
v -0.12053 0.61141 1.34930
v 0.00000 0.66134 1.34930
v 0.12053 0.61141 1.34930
v 0.17045 0.49088 1.34930
v 0.12053 0.37036 1.34930
v -0.09079 0.40009 1.35569
v 0.00000 0.36249 1.35569
v -0.12840 0.49088 1.35569
v -0.09079 0.58167 1.35569
v 0.00000 0.61928 1.35569
v 0.09079 0.58167 1.35569
v 0.12840 0.49088 1.35569
v 0.09079 0.40009 1.35569
v -0.08250 0.40839 1.38157
v 0.00000 0.37421 1.38157
v -0.11667 0.49088 1.38157
v -0.08250 0.57338 1.38157
v 0.00000 0.60756 1.38157
v 0.08250 0.57338 1.38157
v 0.11667 0.49088 1.38157
v 0.08250 0.40839 1.38157
v -0.03932 0.45156 1.38497
v 0.00000 0.43527 1.38497
v -0.05561 0.49088 1.38497
v -0.03932 0.53021 1.38497
v 0.00000 0.54650 1.38497
v 0.03932 0.53021 1.38497
v 0.05561 0.49088 1.38497
v 0.03932 0.45156 1.38497
v -0.03932 0.45156 2.37151
v 0.00000 0.43527 2.37151
v -0.05561 0.49088 2.37151
v -0.03932 0.53021 2.37151
v 0.00000 0.54650 2.37151
v 0.03932 0.53021 2.37151
v 0.05561 0.49088 2.37151
v 0.03932 0.45156 2.37151
v -0.05455 0.43634 2.37151
v 0.00000 0.41374 2.37151
v -0.07714 0.49088 2.37151
v -0.05455 0.54543 2.37151
v 0.00000 0.56803 2.37151
v 0.05455 0.54543 2.37151
v 0.07714 0.49088 2.37151
v 0.05455 0.43634 2.37151
v -0.05455 0.43634 2.41859
v 0.00000 0.41374 2.41859
v -0.07714 0.49088 2.41859
v -0.05455 0.54543 2.41859
v 0.00000 0.56803 2.41859
v 0.05455 0.54543 2.41859
v 0.07714 0.49088 2.41859
v 0.05455 0.43634 2.41859
v -0.04339 0.44750 2.41859
v 0.00000 0.42952 2.41859
v -0.06136 0.49088 2.41859
v -0.04339 0.53427 2.41859
v 0.00000 0.55225 2.41859
v 0.04339 0.53427 2.41859
v 0.06136 0.49088 2.41859
v 0.04339 0.44750 2.41859
v -0.04339 0.44750 2.43913
v 0.00000 0.42952 2.43913
v -0.06136 0.49088 2.43913
v -0.04339 0.53427 2.43913
v 0.00000 0.55225 2.43913
v 0.04339 0.53427 2.43913
v 0.06136 0.49088 2.43913
v 0.04339 0.44750 2.43913
v -0.05424 0.43664 2.44113
v 0.00000 0.41418 2.44113
v -0.07671 0.49088 2.44113
v -0.05424 0.54512 2.44113
v 0.00000 0.56759 2.44113
v 0.05424 0.54512 2.44113
v 0.07671 0.49088 2.44113
v 0.05424 0.43664 2.44113
v -0.05424 0.43664 2.47480
v 0.00000 0.41418 2.47480
v -0.07671 0.49088 2.47480
v -0.05424 0.54512 2.47480
v 0.00000 0.56759 2.47480
v 0.05424 0.54512 2.47480
v 0.07671 0.49088 2.47480
v 0.05424 0.43664 2.47480
v -0.04470 0.44619 2.47480
v 0.00000 0.42767 2.47480
v -0.06321 0.49088 2.47480
v -0.04470 0.53558 2.47480
v 0.00000 0.55410 2.47480
v 0.04470 0.53558 2.47480
v 0.06321 0.49088 2.47480
v 0.04470 0.44619 2.47480
v -0.04470 0.44619 2.49677
v 0.00000 0.42767 2.49677
v -0.06321 0.49088 2.49677
v -0.04470 0.53558 2.49677
v 0.00000 0.55410 2.49677
v 0.04470 0.53558 2.49677
v 0.06321 0.49088 2.49677
v 0.04470 0.44619 2.49677
v -0.05308 0.43780 2.49677
v 0.00000 0.41582 2.49677
v -0.07507 0.49088 2.49677
v -0.05308 0.54396 2.49677
v 0.00000 0.56595 2.49677
v 0.05308 0.54396 2.49677
v 0.07507 0.49088 2.49677
v 0.05308 0.43780 2.49677
v -0.05308 0.43780 2.75000
v 0.00000 0.41582 2.75000
v -0.07507 0.49088 2.75000
v -0.05308 0.54396 2.75000
v 0.00000 0.56595 2.75000
v 0.05308 0.54396 2.75000
v 0.07507 0.49088 2.75000
v 0.05308 0.43780 2.75000
v -0.03932 0.45156 2.75000
v 0.00000 0.43527 2.75000
v -0.05561 0.49088 2.75000
v -0.03932 0.53021 2.75000
v 0.00000 0.54650 2.75000
v 0.03932 0.53021 2.75000
v 0.05561 0.49088 2.75000
v 0.03932 0.45156 2.75000
v -0.03932 0.45156 2.51766
v 0.00000 0.43527 2.51766
v -0.05561 0.49088 2.51766
v -0.03932 0.53021 2.51766
v 0.00000 0.54650 2.51766
v 0.03932 0.53021 2.51766
v 0.05561 0.49088 2.51766
v 0.03932 0.45156 2.51766
v -0.12053 0.37036 0.38678
v -0.12053 0.37036 0.43305
v -0.12053 0.37036 0.52668
v -0.12053 0.37036 0.57295
v -0.12053 0.37036 0.66659
v -0.12053 0.37036 0.71286
v -0.12053 0.37036 0.80649
v -0.12053 0.37036 0.85276
v -0.12053 0.37036 0.94639
v -0.12053 0.37036 0.99267
v -0.12053 0.37036 1.08630
v -0.12053 0.37036 1.13257
v -0.12053 0.37036 1.22620
v -0.12053 0.37036 1.27248
v -0.17045 0.49088 1.27248
v -0.17045 0.49088 1.22620
v -0.17045 0.49088 1.13257
v -0.17045 0.49088 1.08630
v -0.17045 0.49088 0.99267
v -0.17045 0.49088 0.94640
v -0.17045 0.49088 0.85276
v -0.17045 0.49088 0.80649
v -0.17045 0.49088 0.71286
v -0.17045 0.49088 0.66659
v -0.17045 0.49088 0.57295
v -0.17045 0.49088 0.52668
v -0.17045 0.49088 0.43305
v -0.17045 0.49088 0.38678
v 0.17045 0.49088 0.38678
v 0.17045 0.49088 0.43305
v 0.17045 0.49088 0.52668
v 0.17045 0.49088 0.57295
v 0.17045 0.49088 0.66659
v 0.17045 0.49088 0.71286
v 0.17045 0.49088 0.80649
v 0.17045 0.49088 0.85276
v 0.17045 0.49088 0.94639
v 0.17045 0.49088 0.99267
v 0.17045 0.49088 1.08630
v 0.17045 0.49088 1.13257
v 0.17045 0.49088 1.22620
v 0.17045 0.49088 1.27248
v 0.12053 0.37036 1.27248
v 0.12053 0.37036 1.22620
v 0.12053 0.37036 1.13257
v 0.12053 0.37036 1.08630
v 0.12053 0.37036 0.99267
v 0.12053 0.37036 0.94640
v 0.12053 0.37036 0.85276
v 0.12053 0.37036 0.80649
v 0.12053 0.37036 0.71286
v 0.12053 0.37036 0.66659
v 0.12053 0.37036 0.57295
v 0.12053 0.37036 0.52668
v 0.12053 0.37036 0.43305
v 0.12053 0.37036 0.38678
v 0.00000 0.66134 0.38678
v 0.00000 0.66134 0.43305
v 0.00000 0.66134 0.52668
v 0.00000 0.66134 0.57295
v 0.00000 0.66134 0.66659
v 0.00000 0.66134 0.71286
v 0.00000 0.66134 0.80649
v 0.00000 0.66134 0.85276
v 0.00000 0.66134 0.94639
v 0.00000 0.66134 0.99267
v 0.00000 0.66134 1.08630
v 0.00000 0.66134 1.13257
v 0.00000 0.66134 1.22620
v 0.00000 0.66134 1.27248
v 0.12053 0.61141 1.27248
v 0.12053 0.61141 1.22620
v 0.12053 0.61141 1.13257
v 0.12053 0.61141 1.08630
v 0.12053 0.61141 0.99267
v 0.12053 0.61141 0.94640
v 0.12053 0.61141 0.85276
v 0.12053 0.61141 0.80649
v 0.12053 0.61141 0.71286
v 0.12053 0.61141 0.66659
v 0.12053 0.61141 0.57295
v 0.12053 0.61141 0.52668
v 0.12053 0.61141 0.43305
v 0.12053 0.61141 0.38678
v -0.12053 0.61141 1.27248
v -0.12053 0.61141 1.22620
v -0.12053 0.61141 1.13257
v -0.12053 0.61141 1.08630
v -0.12053 0.61141 0.99267
v -0.12053 0.61141 0.94640
v -0.12053 0.61141 0.85276
v -0.12053 0.61141 0.80649
v -0.12053 0.61141 0.71286
v -0.12053 0.61141 0.66659
v -0.12053 0.61141 0.57295
v -0.12053 0.61141 0.52668
v -0.12053 0.61141 0.43305
v -0.12053 0.61141 0.38678
v 0.00000 0.32043 0.38678
v 0.00000 0.32043 0.43305
v 0.00000 0.32043 0.52668
v 0.00000 0.32043 0.57295
v 0.00000 0.32043 0.66659
v 0.00000 0.32043 0.71286
v 0.00000 0.32043 0.80649
v 0.00000 0.32043 0.85276
v 0.00000 0.32043 0.94639
v 0.00000 0.32043 0.99267
v 0.00000 0.32043 1.08630
v 0.00000 0.32043 1.13257
v 0.00000 0.32043 1.22620
v 0.00000 0.32043 1.27248
v -0.03932 0.53021 1.94589
v 0.00000 0.54650 1.94589
v -0.03932 0.45156 1.94589
v -0.05561 0.49088 1.94589
v 0.05561 0.49088 1.94589
v 0.03932 0.45156 1.94589
v 0.03932 0.53021 1.94589
v 0.00000 0.43527 1.94589
v -0.03932 0.53021 2.14023
v -0.03932 0.45156 2.14023
v 0.05561 0.49088 2.14023
v 0.00000 0.43527 2.14023
v 0.00000 0.54650 2.14023
v -0.05561 0.49088 2.14023
v 0.03932 0.45156 2.14023
v 0.03932 0.53021 2.14023
v 0.00000 0.53408 2.11777
v 0.00000 0.53408 1.96835
v -0.04639 0.49088 2.11777
v -0.04639 0.49088 1.96835
v 0.03280 0.46034 2.11777
v 0.03280 0.46034 1.96835
v 0.03280 0.52143 2.11777
v 0.03280 0.52143 1.96835
v -0.03280 0.52143 1.96835
v -0.03280 0.46034 1.96835
v 0.04639 0.49088 1.96835
v 0.00000 0.44769 1.96835
v -0.03280 0.52143 2.11777
v -0.03280 0.46034 2.11777
v 0.04639 0.49088 2.11777
v 0.00000 0.44769 2.11777
vt -0.81816 0.03020
vt -0.69438 0.02223
vt -0.69438 -0.02792
f 4/1 38/2 36/3
vt -0.81816 0.03020
vt -0.69438 -0.02792
vt -0.85535 -0.01378
f 4/4 36/5 21/6
vt -0.06045 0.03611
vt 0.06340 0.03611
vt 0.06340 -0.00588
f 8/7 5/8 22/9
vt -0.06045 0.03611
vt 0.06340 -0.00588
vt -0.06045 -0.00588
f 8/10 22/11 25/12
vt -0.09768 -0.02792
vt -0.09768 -0.35073
vt 0.10063 -0.35073
f 3/13 1/14 2/15
vt -0.09768 -0.02792
vt 0.10063 -0.35073
vt 0.10063 -0.02792
f 3/16 2/17 36/18
vt -0.06045 -0.00588
vt 0.06340 -0.00588
vt 0.06340 -0.28387
f 25/19 22/20 18/21
vt -0.06045 -0.00588
vt 0.06340 -0.28387
vt -0.06045 -0.28387
f 25/22 18/23 15/24
vt -0.79983 0.08378
vt -0.69438 0.07795
vt -0.69438 0.02223
f 28/25 35/26 38/27
vt -0.79983 0.08378
vt -0.69438 0.02223
vt -0.81816 0.03020
f 28/28 38/29 4/30
vt -0.06045 0.08885
vt 0.06340 0.08885
vt 0.06340 0.03611
f 30/31 27/32 5/33
vt -0.06045 0.08885
vt 0.06340 0.03611
vt -0.06045 0.03611
f 30/34 5/35 8/36
vt -0.06045 0.13436
vt 0.06340 0.13436
vt 0.06340 0.08885
f 13/37 11/38 27/39
vt -0.06045 0.13436
vt 0.06340 0.08885
vt -0.06045 0.08885
f 13/40 27/41 30/42
vt -0.85535 -0.01378
vt -0.69438 -0.02792
vt -0.87847 -0.35073
f 21/43 36/44 2/45
vt -0.85535 -0.01378
vt -0.87847 -0.35073
vt -1.06558 -0.30408
f 21/46 2/47 19/48
vt -0.79983 0.08378
vt -0.81816 0.03020
vt -0.88300 0.03438
f 28/49 4/50 6/51
vt -0.79983 0.08378
vt -0.88300 0.03438
vt -0.86487 0.08736
f 28/52 6/53 29/54
vt -0.86487 0.08736
vt -0.88300 0.03438
vt -0.90986 0.03611
f 29/55 6/56 5/57
vt -0.86487 0.08736
vt -0.90986 0.03611
vt -0.89181 0.08885
f 29/58 5/59 27/60
vt -0.79983 0.08378
vt -0.80006 0.13436
vt -0.86511 0.13436
f 31/61 37/62 14/63
vt -0.79983 0.08378
vt -0.86511 0.13436
vt -0.86487 0.08736
f 31/64 14/65 32/66
vt -0.86487 0.08736
vt -0.86511 0.13436
vt -0.89205 0.13436
f 32/67 14/68 13/69
vt -0.86487 0.08736
vt -0.89205 0.13436
vt -0.89181 0.08885
f 32/70 13/71 30/72
vt -0.94535 -0.00588
vt -0.90986 0.03611
vt -0.88300 0.03438
f 22/73 5/74 6/75
vt -0.94535 -0.00588
vt -0.88300 0.03438
vt -0.91899 -0.00819
f 22/76 6/77 23/78
vt -0.91899 -0.00819
vt -0.88300 0.03438
vt -0.81816 0.03020
f 23/79 6/80 4/81
vt -0.91899 -0.00819
vt -0.81816 0.03020
vt -0.85535 -0.01378
f 23/82 4/83 21/84
vt -0.69438 -0.02792
vt -0.85535 -0.01378
vt -1.06558 -0.30408
f 3/85 24/86 16/87
vt -0.69438 -0.02792
vt -1.06558 -0.30408
vt -0.87847 -0.35073
f 3/88 16/89 1/90
vt -0.94535 -0.00588
vt -1.14667 -0.28387
vt -1.12292 -0.28978
f 25/91 15/92 17/93
vt -0.94535 -0.00588
vt -1.12292 -0.28978
vt -0.91899 -0.00819
f 25/94 17/95 26/96
vt -1.12292 -0.28978
vt -0.91899 -0.00819
vt -0.85535 -0.01378
f 20/97 23/98 21/99
vt -1.12292 -0.28978
vt -0.85535 -0.01378
vt -1.06558 -0.30408
f 20/100 21/101 19/102
vt -0.90986 0.03611
vt -0.94535 -0.00588
vt -0.91899 -0.00819
f 8/103 25/104 26/105
vt -0.90986 0.03611
vt -0.91899 -0.00819
vt -0.88300 0.03438
f 8/106 26/107 9/108
vt -0.88300 0.03438
vt -0.91899 -0.00819
vt -0.85535 -0.01378
f 9/109 26/110 24/111
vt -0.88300 0.03438
vt -0.85535 -0.01378
vt -0.81816 0.03020
f 9/112 24/113 7/114
vt -0.80006 0.13436
vt -0.79983 0.08378
vt -0.86487 0.08736
f 10/115 28/116 29/117
vt -0.80006 0.13436
vt -0.86487 0.08736
vt -0.86511 0.13436
f 10/118 29/119 12/120
vt -0.86511 0.13436
vt -0.86487 0.08736
vt -0.89181 0.08885
f 12/121 29/122 27/123
vt -0.86511 0.13436
vt -0.89181 0.08885
vt -0.89205 0.13436
f 12/124 27/125 11/126
vt -0.81816 0.03020
vt -0.79983 0.08378
vt -0.86487 0.08736
f 7/127 31/128 32/129
vt -0.81816 0.03020
vt -0.86487 0.08736
vt -0.88300 0.03438
f 7/130 32/131 9/132
vt -0.88300 0.03438
vt -0.86487 0.08736
vt -0.89181 0.08885
f 9/133 32/134 30/135
vt -0.88300 0.03438
vt -0.89181 0.08885
vt -0.90986 0.03611
f 9/136 30/137 8/138
vt -1.14667 -0.28387
vt -0.94535 -0.00588
vt -0.91899 -0.00819
f 18/139 22/140 23/141
vt -1.14667 -0.28387
vt -0.91899 -0.00819
vt -1.12292 -0.28978
f 18/142 23/143 20/144
vt -0.69438 -0.02792
vt -0.69438 0.02223
vt -0.81816 0.03020
f 3/145 34/146 7/147
vt -0.69438 -0.02792
vt -0.81816 0.03020
vt -0.85535 -0.01378
f 3/148 7/149 24/150
vt -0.69438 0.02223
vt -0.69438 0.07795
vt -0.79983 0.08378
f 34/151 33/152 31/153
vt -0.69438 0.02223
vt -0.79983 0.08378
vt -0.81816 0.03020
f 34/154 31/155 7/156
vt -0.69438 -0.02792
vt -0.69438 0.02223
vt -0.69438 0.07795
f 36/157 38/158 35/159
vt -0.69438 -0.02792
vt -0.69438 0.07795
vt -0.69438 0.08202
f 36/160 35/161 43/162
vt 0.10063 -0.02792
vt 0.10063 0.08202
vt -0.09768 0.08202
f 36/163 43/164 39/165
vt 0.10063 -0.02792
vt -0.09768 0.08202
vt -0.09768 0.07795
f 36/166 39/167 33/168
vt 0.10063 -0.02792
vt -0.09768 0.07795
vt -0.09768 0.02223
f 36/169 33/170 34/171
vt 0.10063 -0.02792
vt -0.09768 0.02223
vt -0.09768 -0.02792
f 36/172 34/173 3/174
vt -0.91899 -0.00819
vt -1.12292 -0.28978
vt -1.06558 -0.30408
f 26/175 17/176 16/177
vt -0.91899 -0.00819
vt -1.06558 -0.30408
vt -0.85535 -0.01378
f 26/178 16/179 24/180
vt -0.69438 0.07795
vt -0.69438 0.08202
vt -0.70971 0.11903
f 33/181 39/182 41/183
vt -0.69438 0.07795
vt -0.70971 0.11903
vt -0.74672 0.13436
f 33/184 41/185 40/186
vt -0.69438 0.07795
vt -0.74672 0.13436
vt -0.80006 0.13436
f 33/187 40/188 37/189
vt -0.69438 0.07795
vt -0.80006 0.13436
vt -0.79983 0.08378
f 33/190 37/191 31/192
vt -0.80006 0.13436
vt -0.74672 0.13436
vt -0.70971 0.11903
f 10/193 42/194 44/195
vt -0.80006 0.13436
vt -0.70971 0.11903
vt -0.69438 0.08202
f 10/196 44/197 43/198
vt -0.80006 0.13436
vt -0.69438 0.08202
vt -0.69438 0.07795
f 10/199 43/200 35/201
vt -0.80006 0.13436
vt -0.69438 0.07795
vt -0.79983 0.08378
f 10/202 35/203 28/204
vt -0.09768 0.08202
vt 0.10063 0.08202
vt 0.10063 0.11903
f 39/205 43/206 44/207
vt -0.09768 0.08202
vt 0.10063 0.11903
vt -0.09768 0.11903
f 39/208 44/209 41/210
vt -0.09768 -0.70971
vt 0.10063 -0.70971
vt 0.10063 -0.74672
f 41/211 44/212 42/213
vt -0.09768 -0.70971
vt 0.10063 -0.74672
vt -0.09768 -0.74672
f 41/214 42/215 40/216
vt -0.08347 -0.86511
vt -0.09768 -0.80006
vt -0.09768 -0.74672
f 14/217 37/218 40/219
vt -0.08347 -0.86511
vt -0.09768 -0.74672
vt 0.10063 -0.74672
f 14/220 40/221 42/222
vt -0.08347 -0.86511
vt 0.10063 -0.74672
vt 0.10063 -0.80006
f 14/223 42/224 10/225
vt -0.08347 -0.86511
vt 0.10063 -0.80006
vt 0.08642 -0.86511
f 14/226 10/227 12/228
vt -0.08347 -0.86511
vt 0.08642 -0.86511
vt 0.06340 -0.89205
f 14/229 12/230 11/231
vt -0.08347 -0.86511
vt 0.06340 -0.89205
vt -0.06045 -0.89205
f 14/232 11/233 13/234
vt -1.22258 0.41502
vt -0.96274 0.41502
vt -0.96274 0.36108
f 45/235 46/236 48/237
vt -1.22258 0.41502
vt -0.96274 0.36108
vt -1.22258 0.36108
f 45/238 48/239 47/240
vt 0.07573 -1.22258
vt 0.07573 -0.96274
vt 0.02984 -0.96274
f 47/241 48/242 50/243
vt 0.07573 -1.22258
vt 0.02984 -0.96274
vt 0.02984 -1.22258
f 47/244 50/245 49/246
vt 0.02984 -1.22258
vt 0.02984 -0.96274
vt -0.02689 -0.96274
f 49/247 50/248 52/249
vt 0.02984 -1.22258
vt -0.02689 -0.96274
vt -0.02689 -1.22258
f 49/250 52/251 51/252
vt -0.02689 -1.22258
vt -0.02689 -0.96274
vt -0.07278 -0.96274
f 51/253 52/254 54/255
vt -0.02689 -1.22258
vt -0.07278 -0.96274
vt -0.07278 -1.22258
f 51/256 54/257 53/258
vt -1.22258 0.36108
vt -0.96274 0.36108
vt -0.96274 0.41502
f 53/259 54/260 56/261
vt -1.22258 0.36108
vt -0.96274 0.41502
vt -1.22258 0.41502
f 53/262 56/263 55/264
vt -1.22258 0.41502
vt -0.96274 0.41502
vt -0.96274 0.46897
f 55/265 56/266 58/267
vt -1.22258 0.41502
vt -0.96274 0.46897
vt -1.22258 0.46897
f 55/268 58/269 57/270
vt -0.07278 -1.22258
vt -0.07278 -0.96274
vt -0.02689 -0.96274
f 57/271 58/272 60/273
vt -0.07278 -1.22258
vt -0.02689 -0.96274
vt -0.02689 -1.22258
f 57/274 60/275 59/276
vt -0.02689 -1.22258
vt -0.02689 -0.96274
vt 0.02984 -0.96274
f 59/277 60/278 62/279
vt -0.02689 -1.22258
vt 0.02984 -0.96274
vt 0.02984 -1.22258
f 59/280 62/281 61/282
vt 0.07573 0.36108
vt 0.09326 0.41502
vt 0.07573 0.46897
f 48/283 46/284 64/285
vt 0.07573 0.36108
vt 0.07573 0.46897
vt 0.02984 0.50231
f 48/286 64/287 62/288
vt 0.07573 0.36108
vt 0.02984 0.50231
vt -0.02689 0.50231
f 48/289 62/290 60/291
vt 0.07573 0.36108
vt -0.02689 0.50231
vt -0.07278 0.46897
f 48/292 60/293 58/294
vt 0.07573 0.36108
vt -0.07278 0.46897
vt -0.09031 0.41502
f 48/295 58/296 56/297
vt 0.07573 0.36108
vt -0.09031 0.41502
vt -0.07278 0.36108
f 48/298 56/299 54/300
vt 0.07573 0.36108
vt -0.07278 0.36108
vt -0.02689 0.32773
f 48/301 54/302 52/303
vt 0.07573 0.36108
vt -0.02689 0.32773
vt 0.02984 0.32773
f 48/304 52/305 50/306
vt 0.02984 -1.22258
vt 0.02984 -0.96274
vt 0.07573 -0.96274
f 61/307 62/308 64/309
vt 0.02984 -1.22258
vt 0.07573 -0.96274
vt 0.07573 -1.22258
f 61/310 64/311 63/312
vt -1.22258 0.46897
vt -0.96274 0.46897
vt -0.96274 0.41502
f 63/313 64/314 46/315
vt -1.22258 0.46897
vt -0.96274 0.41502
vt -1.22258 0.41502
f 63/316 46/317 45/318
vt 0.09326 0.41502
vt 0.07573 0.36108
vt 0.02984 0.32773
f 45/319 47/320 49/321
vt 0.09326 0.41502
vt 0.02984 0.32773
vt -0.02689 0.32773
f 45/322 49/323 51/324
vt 0.09326 0.41502
vt -0.02689 0.32773
vt -0.07278 0.36108
f 45/325 51/326 53/327
vt 0.09326 0.41502
vt -0.07278 0.36108
vt -0.09031 0.41502
f 45/328 53/329 55/330
vt 0.09326 0.41502
vt -0.09031 0.41502
vt -0.07278 0.46897
f 45/331 55/332 57/333
vt 0.09326 0.41502
vt -0.07278 0.46897
vt -0.02689 0.50231
f 45/334 57/335 59/336
vt 0.09326 0.41502
vt -0.02689 0.50231
vt 0.02984 0.50231
f 45/337 59/338 61/339
vt 0.09326 0.41502
vt 0.02984 0.50231
vt 0.07573 0.46897
f 45/340 61/341 63/342
vt 0.09361 -1.03591
vt -0.09066 -1.03591
vt -0.09066 -0.98112
f 69/343 73/344 90/345
vt 0.09361 -1.03591
vt -0.09066 -0.98112
vt 0.09361 -0.98112
f 69/346 90/347 87/348
vt 0.09361 0.06286
vt -0.09066 0.06286
vt -0.09066 0.10928
f 85/349 81/350 78/351
vt 0.09361 0.06286
vt -0.09066 0.10928
vt 0.09361 0.10928
f 85/352 78/353 76/354
vt 0.06286 0.45638
vt 0.06286 0.22321
vt 0.07002 0.22321
f 82/355 66/356 99/357
vt 0.06286 0.45638
vt 0.07002 0.22321
vt 0.10928 0.26248
f 82/358 99/359 100/360
vt 0.06286 0.45638
vt 0.10928 0.26248
vt 0.10928 0.45638
f 82/361 100/362 79/363
vt 0.09361 -0.33542
vt -0.09066 -0.33542
vt -0.09066 0.06286
f 108/364 105/365 81/366
vt 0.09361 -0.33542
vt -0.09066 0.06286
vt 0.09361 0.06286
f 108/367 81/368 85/369
vt 0.06286 0.22321
vt 0.06286 0.45638
vt 0.10928 0.45638
f 65/370 84/371 75/372
vt 0.06286 0.22321
vt 0.10928 0.45638
vt 0.10928 0.26248
f 65/373 75/374 97/375
vt 0.06286 0.22321
vt 0.10928 0.26248
vt 0.07002 0.22321
f 65/376 97/377 98/378
vt -0.33542 0.22321
vt -0.33542 0.45638
vt 0.06286 0.45638
f 102/379 106/380 84/381
vt -0.33542 0.22321
vt 0.06286 0.45638
vt 0.06286 0.22321
f 102/382 84/383 65/384
vt -0.10702 0.06286
vt 0.10997 0.06286
vt 0.10997 0.07002
f 66/385 65/386 98/387
vt -0.10702 0.06286
vt 0.10997 0.07002
vt -0.10702 0.07002
f 66/388 98/389 99/390
vt -1.03591 0.45638
vt -1.03591 0.26248
vt -0.99664 0.22321
f 72/391 95/392 96/393
vt -1.03591 0.45638
vt -0.99664 0.22321
vt -0.98112 0.22321
f 72/394 96/395 68/396
vt -1.03591 0.45638
vt -0.98112 0.22321
vt -0.98112 0.45638
f 72/397 68/398 91/399
vt 0.10997 0.26248
vt 0.10997 0.45638
vt 0.10517 0.50554
f 97/400 75/401 77/402
vt 0.10997 0.26248
vt 0.10517 0.50554
vt 0.09361 0.52591
f 97/403 77/404 76/405
vt 0.10997 0.26248
vt 0.09361 0.52591
vt -0.09066 0.52591
f 97/406 76/407 78/408
vt 0.10997 0.26248
vt -0.09066 0.52591
vt -0.10223 0.50554
f 97/409 78/410 80/411
vt 0.10997 0.26248
vt -0.10223 0.50554
vt -0.10702 0.45638
f 97/412 80/413 79/414
vt 0.10997 0.26248
vt -0.10702 0.45638
vt -0.10702 0.26248
f 97/415 79/416 100/417
vt -0.99664 0.22321
vt -1.03591 0.26248
vt -1.03591 0.45638
f 93/418 94/419 70/420
vt -0.99664 0.22321
vt -1.03591 0.45638
vt -0.98112 0.45638
f 93/421 70/422 88/423
vt -0.99664 0.22321
vt -0.98112 0.45638
vt -0.98112 0.22321
f 93/424 88/425 67/426
vt -0.10702 -0.33542
vt 0.10997 -0.33542
vt 0.10997 0.06286
f 101/427 102/428 65/429
vt -0.10702 -0.33542
vt 0.10997 0.06286
vt -0.10702 0.06286
f 101/430 65/431 66/432
vt 0.06286 0.45638
vt 0.10928 0.45638
vt 0.10928 0.50554
f 82/433 79/434 80/435
vt 0.06286 0.45638
vt 0.10928 0.50554
vt 0.06286 0.50554
f 82/436 80/437 83/438
vt 0.06286 0.50554
vt 0.10928 0.50554
vt 0.10928 0.52591
f 83/439 80/440 78/441
vt 0.06286 0.50554
vt 0.10928 0.52591
vt 0.06286 0.52591
f 83/442 78/443 81/444
vt -0.98112 0.45638
vt -1.03591 0.45638
vt -1.03591 0.50554
f 88/445 70/446 71/447
vt -0.98112 0.45638
vt -1.03591 0.50554
vt -0.98112 0.50554
f 88/448 71/449 89/450
vt -0.98112 0.50554
vt -1.03591 0.50554
vt -1.03591 0.52591
f 89/451 71/452 69/453
vt -0.98112 0.50554
vt -1.03591 0.52591
vt -0.98112 0.52591
f 89/454 69/455 87/456
vt -0.33542 0.45638
vt 0.06286 0.45638
vt 0.06286 0.50554
f 103/457 82/458 83/459
vt -0.33542 0.45638
vt 0.06286 0.50554
vt -0.33542 0.50554
f 103/460 83/461 104/462
vt -0.33542 0.50554
vt 0.06286 0.50554
vt 0.06286 0.52591
f 104/463 83/464 81/465
vt -0.33542 0.50554
vt 0.06286 0.52591
vt -0.33542 0.52591
f 104/466 81/467 105/468
vt 0.10928 0.45638
vt 0.06286 0.45638
vt 0.06286 0.50554
f 75/469 84/470 86/471
vt 0.10928 0.45638
vt 0.06286 0.50554
vt 0.10928 0.50554
f 75/472 86/473 77/474
vt 0.10928 0.50554
vt 0.06286 0.50554
vt 0.06286 0.52591
f 77/475 86/476 85/477
vt 0.10928 0.50554
vt 0.06286 0.52591
vt 0.10928 0.52591
f 77/478 85/479 76/480
vt -0.33542 0.45638
vt -0.98112 0.45638
vt -0.98112 0.50554
f 106/481 88/482 89/483
vt -0.33542 0.45638
vt -0.98112 0.50554
vt -0.33542 0.50554
f 106/484 89/485 107/486
vt -0.33542 0.50554
vt -0.98112 0.50554
vt -0.98112 0.52591
f 107/487 89/488 87/489
vt -0.33542 0.50554
vt -0.98112 0.52591
vt -0.33542 0.52591
f 107/490 87/491 108/492
vt -1.03591 0.45638
vt -0.98112 0.45638
vt -0.98112 0.50554
f 72/493 91/494 92/495
vt -1.03591 0.45638
vt -0.98112 0.50554
vt -1.03591 0.50554
f 72/496 92/497 74/498
vt -1.03591 0.50554
vt -0.98112 0.50554
vt -0.98112 0.52591
f 74/499 92/500 90/501
vt -1.03591 0.50554
vt -0.98112 0.52591
vt -1.03591 0.52591
f 74/502 90/503 73/504
vt 0.10997 0.26248
vt -0.10702 0.26248
vt -0.10702 0.45638
f 94/505 95/506 72/507
vt 0.10997 0.26248
vt -0.10702 0.45638
vt -0.10223 0.50554
f 94/508 72/509 74/510
vt 0.10997 0.26248
vt -0.10223 0.50554
vt -0.09066 0.52591
f 94/511 74/512 73/513
vt 0.10997 0.26248
vt -0.09066 0.52591
vt 0.09361 0.52591
f 94/514 73/515 69/516
vt 0.10997 0.26248
vt 0.09361 0.52591
vt 0.10517 0.50554
f 94/517 69/518 71/519
vt 0.10997 0.26248
vt 0.10517 0.50554
vt 0.10997 0.45638
f 94/520 71/521 70/522
vt -0.10702 -1.03591
vt 0.10997 -1.03591
vt 0.10997 -0.99664
f 95/523 94/524 93/525
vt -0.10702 -1.03591
vt 0.10997 -0.99664
vt -0.10702 -0.99664
f 95/526 93/527 96/528
vt -0.10702 0.22321
vt 0.10997 0.22321
vt 0.10997 0.26248
f 99/529 98/530 97/531
vt -0.10702 0.22321
vt 0.10997 0.26248
vt -0.10702 0.26248
f 99/532 97/533 100/534
vt -0.10702 -0.99664
vt 0.10997 -0.99664
vt 0.10997 -0.98112
f 96/535 93/536 67/537
vt -0.10702 -0.99664
vt 0.10997 -0.98112
vt -0.10702 -0.98112
f 96/538 67/539 68/540
vt 0.06286 0.50554
vt -0.33542 0.50554
vt -0.33542 0.52591
f 86/541 107/542 108/543
vt 0.06286 0.50554
vt -0.33542 0.52591
vt 0.06286 0.52591
f 86/544 108/545 85/546
vt 0.06286 0.45638
vt -0.33542 0.45638
vt -0.33542 0.50554
f 84/547 106/548 107/549
vt 0.06286 0.45638
vt -0.33542 0.50554
vt 0.06286 0.50554
f 84/550 107/551 86/552
vt -0.98112 0.50554
vt -0.33542 0.50554
vt -0.33542 0.52591
f 92/553 104/554 105/555
vt -0.98112 0.50554
vt -0.33542 0.52591
vt -0.98112 0.52591
f 92/556 105/557 90/558
vt -0.98112 0.45638
vt -0.33542 0.45638
vt -0.33542 0.50554
f 91/559 103/560 104/561
vt -0.98112 0.45638
vt -0.33542 0.50554
vt -0.98112 0.50554
f 91/562 104/563 92/564
vt -0.10702 -0.98112
vt 0.10997 -0.98112
vt 0.10997 -0.33542
f 68/565 67/566 102/567
vt -0.10702 -0.98112
vt 0.10997 -0.33542
vt -0.10702 -0.33542
f 68/568 102/569 101/570
vt -0.98112 0.45638
vt -0.98112 0.22321
vt -0.33542 0.22321
f 91/571 68/572 101/573
vt -0.98112 0.45638
vt -0.33542 0.22321
vt -0.33542 0.45638
f 91/574 101/575 103/576
vt -0.98112 0.22321
vt -0.98112 0.45638
vt -0.33542 0.45638
f 67/577 88/578 106/579
vt -0.98112 0.22321
vt -0.33542 0.45638
vt -0.33542 0.22321
f 67/580 106/581 102/582
vt 0.09361 -0.98112
vt -0.09066 -0.98112
vt -0.09066 -0.33542
f 87/583 90/584 105/585
vt 0.09361 -0.98112
vt -0.09066 -0.33542
vt 0.09361 -0.33542
f 87/586 105/587 108/588
vt -0.10702 -0.02358
vt -0.10702 -0.24898
vt -0.08856 -0.24898
f 118/589 116/590 125/591
vt -0.10702 -0.02358
vt -0.08856 -0.24898
vt -0.08856 -0.02358
f 118/592 125/593 128/594
vt -0.10702 0.39688
vt -0.10702 0.37018
vt -0.08856 0.37018
f 115/595 110/596 121/597
vt -0.10702 0.39688
vt -0.08856 0.37018
vt -0.08856 0.39688
f 115/598 121/599 126/600
vt -0.10702 0.37018
vt -0.10702 0.39688
vt -0.08856 0.39688
f 112/601 119/602 127/603
vt -0.10702 0.37018
vt -0.08856 0.39688
vt -0.08856 0.37018
f 112/604 127/605 124/606
vt -0.33542 0.22321
vt 0.06286 0.22321
vt 0.01669 0.31716
f 101/607 66/608 114/609
vt -0.33542 0.22321
vt 0.01669 0.31716
vt -0.02358 0.34223
f 101/610 114/611 113/612
vt -0.33542 0.22321
vt -0.02358 0.34223
vt -0.24898 0.34223
f 101/613 113/614 109/615
vt -0.33542 0.22321
vt -0.24898 0.34223
vt -0.28926 0.31716
f 101/616 109/617 111/618
vt -0.33542 0.45638
vt -0.33542 0.22321
vt -0.28926 0.31716
f 103/619 101/620 111/621
vt -0.33542 0.45638
vt -0.28926 0.31716
vt -0.27693 0.37018
f 103/622 111/623 110/624
vt -0.33542 0.45638
vt -0.27693 0.37018
vt -0.27693 0.39688
f 103/625 110/626 115/627
vt -0.33542 0.45638
vt -0.27693 0.39688
vt -0.30152 0.43810
f 103/628 115/629 117/630
vt 0.06286 0.22321
vt 0.06286 0.45638
vt 0.02897 0.43810
f 66/631 82/632 120/633
vt 0.06286 0.22321
vt 0.02897 0.43810
vt 0.00437 0.39688
f 66/634 120/635 119/636
vt 0.06286 0.22321
vt 0.00437 0.39688
vt 0.00437 0.37018
f 66/637 119/638 112/639
vt 0.06286 0.22321
vt 0.00437 0.37018
vt 0.01669 0.31716
f 66/640 112/641 114/642
vt 0.06286 0.45638
vt -0.33542 0.45638
vt -0.30152 0.43810
f 82/643 103/644 117/645
vt 0.06286 0.45638
vt -0.30152 0.43810
vt -0.24898 0.42483
f 82/646 117/647 116/648
vt 0.06286 0.45638
vt -0.24898 0.42483
vt -0.02358 0.42483
f 82/649 116/650 118/651
vt 0.06286 0.45638
vt -0.02358 0.42483
vt 0.02897 0.43810
f 82/652 118/653 120/654
vt -0.24898 0.34223
vt -0.27693 0.37018
vt -0.28926 0.31716
f 109/655 110/656 111/657
vt 0.00437 0.37018
vt -0.02358 0.34223
vt 0.01669 0.31716
f 112/658 113/659 114/660
vt -0.27693 0.39688
vt -0.24898 0.42483
vt -0.30152 0.43810
f 115/661 116/662 117/663
vt -0.02358 0.42483
vt 0.00437 0.39688
vt 0.02897 0.43810
f 118/664 119/665 120/666
vt -0.10702 0.42483
vt -0.08856 0.42483
vt -0.08856 0.39688
f 118/667 128/668 127/669
vt -0.10702 0.42483
vt -0.08856 0.39688
vt -0.10702 0.39688
f 118/670 127/671 119/672
vt -0.08856 0.34223
vt -0.10702 0.34223
vt -0.10702 0.37018
f 123/673 113/674 112/675
vt -0.08856 0.34223
vt -0.10702 0.37018
vt -0.08856 0.37018
f 123/676 112/677 124/678
vt -0.08856 0.37018
vt -0.10702 0.37018
vt -0.10702 0.34223
f 121/679 110/680 109/681
vt -0.08856 0.37018
vt -0.10702 0.34223
vt -0.08856 0.34223
f 121/682 109/683 122/684
vt -0.08856 0.42483
vt -0.10702 0.42483
vt -0.10702 0.39688
f 125/685 116/686 115/687
vt -0.08856 0.42483
vt -0.10702 0.39688
vt -0.08856 0.39688
f 125/688 115/689 126/690
vt -0.10702 -0.24898
vt -0.10702 -0.02358
vt -0.08856 -0.02358
f 109/691 113/692 123/693
vt -0.10702 -0.24898
vt -0.08856 -0.02358
vt -0.08856 -0.24898
f 109/694 123/695 122/696
vt 0.03125 -1.68315
vt -0.02830 -1.68315
vt -0.02830 -2.20136
f 184/697 185/698 176/699
vt 0.03125 -1.68315
vt -0.02830 -2.20136
vt 0.03125 -2.20136
f 184/700 176/701 132/702
vt -0.09175 0.30933
vt 0.09470 0.30933
vt 0.09470 0.46987
f 133/703 131/704 164/705
vt -0.09175 0.30933
vt 0.09470 0.46987
vt 0.08599 0.51026
f 133/706 164/707 166/708
vt -0.09175 0.30933
vt 0.08599 0.51026
vt 0.06498 0.52591
f 133/709 166/710 165/711
vt -0.09175 0.30933
vt 0.06498 0.52591
vt -0.06202 0.52591
f 133/712 165/713 170/714
vt -0.09175 0.30933
vt -0.06202 0.52591
vt -0.08304 0.50350
f 133/715 170/716 172/717
vt -1.16711 0.30933
vt -1.10668 0.50350
vt -1.10668 0.46987
f 133/718 172/719 171/720
vt -1.68315 0.30933
vt -2.22768 0.30933
vt -2.22998 0.46987
f 189/721 130/722 161/723
vt -1.68315 0.30933
vt -2.22998 0.46987
vt -1.68315 0.46987
f 189/724 161/725 192/726
vt -1.68315 0.30933
vt -1.16711 0.30933
vt -1.10668 0.46987
f 186/727 133/728 171/729
vt -1.68315 0.30933
vt -1.10668 0.46987
vt -1.68315 0.46987
f 186/730 171/731 195/732
vt -0.06202 -1.68315
vt 0.06498 -1.68315
vt 0.06498 -2.22266
f 193/733 190/734 162/735
vt -0.06202 -1.68315
vt 0.06498 -2.22266
vt -0.06202 -2.22266
f 193/736 162/737 167/738
vt -1.68315 0.29383
vt -1.68315 0.30568
vt -1.22990 0.30568
f 188/739 181/740 138/741
vt -1.68315 0.29383
vt -1.22990 0.30568
vt -1.23078 0.29520
f 188/742 138/743 173/744
vt -1.68315 0.23158
vt -1.26549 0.22952
vt -1.23078 0.29520
f 183/745 178/746 180/747
vt -1.68315 0.23158
vt -1.23078 0.29520
vt -1.68315 0.29383
f 183/748 180/749 196/750
vt -1.68315 0.20580
vt -1.27294 0.21419
vt -1.26549 0.22952
f 185/751 177/752 178/753
vt -1.68315 0.20580
vt -1.26549 0.22952
vt -1.68315 0.23158
f 185/754 178/755 183/756
vt -1.68315 0.23158
vt -2.20353 -0.13702
vt -2.20878 -0.04952
f 187/757 129/758 174/759
vt -1.68315 0.23158
vt -2.20878 -0.04952
vt -1.68315 0.29383
f 187/760 174/761 188/762
vt -1.68315 0.20580
vt -2.20136 -0.17326
vt -2.20353 -0.13702
f 184/763 132/764 129/765
vt -1.68315 0.20580
vt -2.20353 -0.13702
vt -1.68315 0.23158
f 184/766 129/767 187/768
vt 0.03125 0.21419
vt 0.04111 0.22952
vt -0.03816 0.22952
f 134/769 136/770 178/771
vt 0.03125 0.21419
vt -0.03816 0.22952
vt -0.02830 0.21419
f 134/772 178/773 177/774
vt -1.68315 0.29383
vt -1.68315 0.30568
vt -2.21548 0.30568
f 196/775 182/776 140/777
vt -1.68315 0.29383
vt -2.21548 0.30568
vt -2.20878 -0.04952
f 196/778 140/779 179/780
vt -0.01862 -0.58970
vt -0.01862 -0.54650
vt 0.02157 -0.54650
f 142/781 144/782 143/783
vt -0.01862 -0.58970
vt 0.02157 -0.54650
vt 0.02157 -0.58970
f 142/784 143/785 141/786
vt -0.60492 0.11332
vt -0.57593 0.11226
vt -0.57139 0.08097
f 145/787 147/788 151/789
vt -0.60492 0.11332
vt -0.57139 0.08097
vt -0.59718 0.06943
f 145/790 151/791 149/792
vt -0.54650 0.16278
vt -0.58970 0.17057
vt -0.60492 0.11332
f 144/793 142/794 146/795
vt -0.54650 0.16278
vt -0.60492 0.11332
vt -0.57593 0.11226
f 144/796 146/797 148/798
vt 0.02157 0.16278
vt -0.01862 0.16278
vt -0.01862 0.11226
f 143/799 144/800 148/801
vt 0.02157 0.16278
vt -0.01862 0.11226
vt 0.02157 0.11226
f 143/802 148/803 147/804
vt -0.58970 0.17057
vt -0.54650 0.16278
vt -0.57593 0.11226
f 141/805 143/806 147/807
vt -0.58970 0.17057
vt -0.57593 0.11226
vt -0.60492 0.11332
f 141/808 147/809 145/810
vt -0.01862 0.17057
vt 0.02157 0.17057
vt 0.02157 0.11332
f 142/811 141/812 145/813
vt -0.01862 0.17057
vt 0.02157 0.11332
vt -0.01862 0.11332
f 142/814 145/815 146/816
vt -0.59718 0.06943
vt -0.57139 0.08097
vt -0.56401 0.04348
f 149/817 151/818 155/819
vt -0.59718 0.06943
vt -0.56401 0.04348
vt -0.57524 0.02785
f 149/820 155/821 153/822
vt -0.01862 0.11332
vt 0.02157 0.11332
vt 0.02157 0.06943
f 146/823 145/824 149/825
vt -0.01862 0.11332
vt 0.02157 0.06943
vt -0.01862 0.06943
f 146/826 149/827 150/828
vt -0.57593 0.11226
vt -0.60492 0.11332
vt -0.59718 0.06943
f 148/829 146/830 150/831
vt -0.57593 0.11226
vt -0.59718 0.06943
vt -0.57139 0.08097
f 148/832 150/833 152/834
vt 0.02157 0.11226
vt -0.01862 0.11226
vt -0.01862 0.08097
f 147/835 148/836 152/837
vt 0.02157 0.11226
vt -0.01862 0.08097
vt 0.02157 0.08097
f 147/838 152/839 151/840
vt -0.56401 0.04348
vt -0.57524 0.02785
vt -0.54268 0.00758
f 156/841 154/842 158/843
vt -0.56401 0.04348
vt -0.54268 0.00758
vt -0.54191 0.02681
f 156/844 158/845 160/846
vt -0.01862 0.06943
vt 0.02157 0.06943
vt 0.02157 0.02785
f 150/847 149/848 153/849
vt -0.01862 0.06943
vt 0.02157 0.02785
vt -0.01862 0.02785
f 150/850 153/851 154/852
vt -0.57139 0.08097
vt -0.59718 0.06943
vt -0.57524 0.02785
f 152/853 150/854 154/855
vt -0.57139 0.08097
vt -0.57524 0.02785
vt -0.56401 0.04348
f 152/856 154/857 156/858
vt 0.02157 0.08097
vt -0.01862 0.08097
vt -0.01862 0.04348
f 151/859 152/860 156/861
vt 0.02157 0.08097
vt -0.01862 0.04348
vt 0.02157 0.04348
f 151/862 156/863 155/864
vt -0.01862 0.00758
vt 0.02157 0.00758
vt 0.02157 0.02681
f 158/865 157/866 159/867
vt -0.01862 0.00758
vt 0.02157 0.02681
vt -0.01862 0.02681
f 158/868 159/869 160/870
vt 0.02157 -0.56401
vt -0.01862 -0.56401
vt -0.01862 -0.54191
f 155/871 156/872 160/873
vt 0.02157 -0.56401
vt -0.01862 -0.54191
vt 0.02157 -0.54191
f 155/874 160/875 159/876
vt -0.57524 0.02785
vt -0.56401 0.04348
vt -0.54191 0.02681
f 153/877 155/878 159/879
vt -0.57524 0.02785
vt -0.54191 0.02681
vt -0.54268 0.00758
f 153/880 159/881 157/882
vt -0.01862 -0.57524
vt 0.02157 -0.57524
vt 0.02157 -0.54268
f 154/883 153/884 157/885
vt -0.01862 -0.57524
vt 0.02157 -0.54268
vt -0.01862 -0.54268
f 154/886 157/887 158/888
vt -0.09175 -1.68315
vt -0.09175 -2.22768
vt -0.04224 -2.21548
f 186/889 135/890 140/891
vt -0.09175 -1.68315
vt -0.04224 -2.21548
vt -0.04224 -1.68315
f 186/892 140/893 182/894
vt 0.06498 -1.68315
vt 0.06498 -1.10668
vt 0.08599 -1.10668
f 190/895 165/896 166/897
vt -1.68315 0.52591
vt -1.10668 0.51026
vt -1.68315 0.50020
f 190/898 166/899 191/900
vt -1.68315 0.50020
vt -1.10668 0.51026
vt -1.10668 0.46987
f 191/901 166/902 164/903
vt -1.68315 0.50020
vt -1.10668 0.46987
vt -1.68315 0.46987
f 191/904 164/905 192/906
vt 0.09470 -1.16711
vt -0.09175 -1.16711
vt -0.04224 -1.22990
f 131/907 133/908 139/909
vt 0.09470 -1.16711
vt -0.04224 -1.22990
vt 0.04519 -1.22990
f 131/910 139/911 138/912
vt -1.68315 0.52591
vt -2.22266 0.52591
vt -2.22480 0.50350
f 193/913 167/914 169/915
vt -1.68315 0.52591
vt -2.22480 0.50350
vt -1.68315 0.50350
f 193/916 169/917 194/918
vt -1.68315 0.50350
vt -2.22480 0.50350
vt -2.22998 0.46987
f 194/919 169/920 168/921
vt -1.68315 0.50350
vt -2.22998 0.46987
vt -1.68315 0.46987
f 194/922 168/923 195/924
vt 0.09470 -1.68315
vt 0.09470 -1.16711
vt 0.04519 -1.22990
f 189/925 131/926 138/927
vt 0.09470 -1.68315
vt 0.04519 -1.22990
vt 0.04519 -1.68315
f 189/928 138/929 181/930
vt 0.09470 -2.22768
vt 0.09470 -1.68315
vt 0.04519 -1.68315
f 130/931 189/932 181/933
vt 0.09470 -2.22768
vt 0.04519 -1.68315
vt 0.04519 -2.21548
f 130/934 181/935 137/936
vt -1.10668 0.50350
vt -1.68315 0.50350
vt -1.68315 0.46987
f 172/937 194/938 195/939
vt -1.10668 0.50350
vt -1.68315 0.46987
vt -1.10668 0.46987
f 172/940 195/941 171/942
vt -1.10668 0.52591
vt -1.68315 0.52591
vt -1.68315 0.50350
f 170/943 193/944 194/945
vt -1.10668 0.52591
vt -1.68315 0.50350
vt -1.10668 0.50350
f 170/946 194/947 172/948
vt -2.22480 0.49014
vt -1.68315 0.50020
vt -1.68315 0.46987
f 163/949 191/950 192/951
vt -2.22480 0.49014
vt -1.68315 0.46987
vt -2.22998 0.46987
f 163/952 192/953 161/954
vt -2.22266 0.52591
vt -1.68315 0.52591
vt -1.68315 0.50020
f 162/955 190/956 191/957
vt -2.22266 0.52591
vt -1.68315 0.50020
vt -2.22480 0.49014
f 162/958 191/959 163/960
vt -0.09175 -1.16711
vt -0.09175 -1.68315
vt -0.04224 -1.68315
f 133/961 186/962 182/963
vt -0.09175 -1.16711
vt -0.04224 -1.68315
vt -0.04224 -1.22990
f 133/964 182/965 139/966
vt -1.23078 0.29520
vt -1.22990 0.30568
vt -1.68315 0.30568
f 180/967 139/968 182/969
vt -1.23078 0.29520
vt -1.68315 0.30568
vt -1.68315 0.29383
f 180/970 182/971 196/972
vt -1.27294 0.21419
vt -1.68315 0.20580
vt -1.68315 0.23158
f 134/973 184/974 187/975
vt -1.27294 0.21419
vt -1.68315 0.23158
vt -1.26549 0.22952
f 134/976 187/977 136/978
vt -1.26549 0.22952
vt -1.68315 0.23158
vt -1.68315 0.29383
f 136/979 187/980 188/981
vt -1.26549 0.22952
vt -1.68315 0.29383
vt -1.23078 0.29520
f 136/982 188/983 173/984
vt 0.04111 0.22952
vt 0.04519 0.29520
vt 0.04509 0.29367
f 136/985 173/986 197/987
vt -2.20136 -0.17326
vt -1.68315 0.20580
vt -1.68315 0.23158
f 176/988 185/989 183/990
vt -2.20136 -0.17326
vt -1.68315 0.23158
vt -2.20353 -0.13702
f 176/991 183/992 175/993
vt -2.20353 -0.13702
vt -1.68315 0.23158
vt -1.68315 0.29383
f 175/994 183/995 196/996
vt -2.20353 -0.13702
vt -1.68315 0.29383
vt -2.20878 -0.04952
f 175/997 196/998 179/999
vt -2.20878 -0.04952
vt -2.21548 0.30568
vt -1.68315 0.30568
f 174/1000 137/1001 181/1002
vt -2.20878 -0.04952
vt -1.68315 0.30568
vt -1.68315 0.29383
f 174/1003 181/1004 188/1005
vt -0.06202 -1.10668
vt 0.06498 -1.10668
vt 0.06498 -1.68315
f 170/1006 165/1007 190/1008
vt -0.06202 -1.10668
vt 0.06498 -1.68315
vt -0.06202 -1.68315
f 170/1009 190/1010 193/1011
vt -2.22768 0.30933
vt -1.68315 0.30933
vt -1.68315 0.46987
f 135/1012 186/1013 195/1014
vt -2.22768 0.30933
vt -1.68315 0.46987
vt -2.22998 0.46987
f 135/1015 195/1016 168/1017
vt -1.16711 0.30933
vt -1.68315 0.30933
vt -1.68315 0.46987
f 131/1018 189/1019 192/1020
vt -1.16711 0.30933
vt -1.68315 0.46987
vt -1.10668 0.46987
f 131/1021 192/1022 164/1023
vt 0.03125 -1.27294
vt -0.02830 -1.27294
vt -0.02830 -1.68315
f 134/1024 177/1025 185/1026
vt 0.03125 -1.27294
vt -0.02830 -1.68315
vt 0.03125 -1.68315
f 134/1027 185/1028 184/1029
vt -0.03816 0.22952
vt 0.04111 0.22952
vt 0.04509 0.29367
f 178/1030 136/1031 197/1032
vt -0.03816 0.22952
vt 0.04509 0.29367
vt -0.04224 0.29520
f 178/1033 197/1034 180/1035
vt -0.04224 0.29520
vt 0.04509 0.29367
vt 0.04519 0.29520
f 180/1036 197/1037 173/1038
vt -0.04224 0.29520
vt 0.04519 0.29520
vt 0.04519 0.30568
f 180/1039 173/1040 138/1041
vt -0.04224 0.29520
vt 0.04519 0.30568
vt -0.04224 0.30568
f 180/1042 138/1043 139/1044
vt 0.00000 0.08343
vt 0.00000 0.14912
vt -0.06246 0.14912
f 198/1045 199/1046 201/1047
vt 0.00000 0.08343
vt -0.06246 0.14912
vt -0.05769 0.08343
f 198/1048 201/1049 200/1050
vt 0.08343 0.35138
vt 0.14912 0.34662
vt 0.14912 0.40907
f 200/1051 201/1052 203/1053
vt 0.08343 0.35138
vt 0.14912 0.40907
vt 0.08343 0.40907
f 200/1054 203/1055 202/1056
vt 0.08343 0.40907
vt 0.14912 0.40907
vt 0.14912 0.47153
f 202/1057 203/1058 205/1059
vt 0.08343 0.40907
vt 0.14912 0.47153
vt 0.08343 0.46677
f 202/1060 205/1061 204/1062
vt -0.05769 0.08343
vt -0.06246 0.14912
vt 0.00000 0.14912
f 204/1063 205/1064 207/1065
vt -0.05769 0.08343
vt 0.00000 0.14912
vt 0.00000 0.08343
f 204/1066 207/1067 206/1068
vt 0.00000 0.08343
vt 0.00000 0.14912
vt 0.06246 0.14912
f 206/1069 207/1070 209/1071
vt 0.00000 0.08343
vt 0.06246 0.14912
vt 0.05769 0.08343
f 206/1072 209/1073 208/1074
vt 0.08343 0.46677
vt 0.14912 0.47153
vt 0.14912 0.40907
f 208/1075 209/1076 211/1077
vt 0.08343 0.46677
vt 0.14912 0.40907
vt 0.08343 0.40907
f 208/1078 211/1079 210/1080
vt 0.00000 0.49739
vt -0.06246 0.47153
vt -0.08132 0.49038
f 207/1081 205/1082 217/1083
vt 0.00000 0.49739
vt -0.08132 0.49038
vt 0.00000 0.52407
f 207/1084 217/1085 218/1086
vt 0.08343 0.40907
vt 0.14912 0.40907
vt 0.14912 0.34662
f 210/1087 211/1088 213/1089
vt 0.08343 0.40907
vt 0.14912 0.34662
vt 0.08343 0.35138
f 210/1090 213/1091 212/1092
vt 0.05769 0.08343
vt 0.06246 0.14912
vt 0.00000 0.14912
f 212/1093 213/1094 199/1095
vt 0.05769 0.08343
vt 0.00000 0.14912
vt 0.00000 0.08343
f 212/1096 199/1097 198/1098
vt -0.08132 0.15533
vt 0.00000 0.15533
vt 0.00000 0.21003
f 214/1099 215/1100 223/1101
vt -0.08132 0.15533
vt 0.00000 0.21003
vt -0.06098 0.21003
f 214/1102 223/1103 222/1104
vt 0.06246 0.34662
vt 0.08833 0.40907
vt 0.11500 0.40907
f 213/1105 211/1106 220/1107
vt 0.06246 0.34662
vt 0.11500 0.40907
vt 0.08132 0.32776
f 213/1108 220/1109 221/1110
vt -0.08833 0.40907
vt -0.06246 0.34662
vt -0.08132 0.32776
f 203/1111 201/1112 214/1113
vt -0.08833 0.40907
vt -0.08132 0.32776
vt -0.11499 0.40907
f 203/1114 214/1115 216/1116
vt 0.06246 0.47153
vt 0.00000 0.49739
vt 0.00000 0.52407
f 209/1117 207/1118 218/1119
vt 0.06246 0.47153
vt 0.00000 0.52407
vt 0.08132 0.49038
f 209/1120 218/1121 219/1122
vt 0.00000 0.32074
vt 0.06246 0.34662
vt 0.08132 0.32776
f 199/1123 213/1124 221/1125
vt 0.00000 0.32074
vt 0.08132 0.32776
vt 0.00000 0.29407
f 199/1126 221/1127 215/1128
vt -0.06246 0.34662
vt 0.00000 0.32074
vt 0.00000 0.29407
f 201/1129 199/1130 215/1131
vt -0.06246 0.34662
vt 0.00000 0.29407
vt -0.08132 0.32776
f 201/1132 215/1133 214/1134
vt -0.06246 0.47153
vt -0.08833 0.40907
vt -0.11499 0.40907
f 205/1135 203/1136 216/1137
vt -0.06246 0.47153
vt -0.11499 0.40907
vt -0.08132 0.49038
f 205/1138 216/1139 217/1140
vt 0.08833 0.40907
vt 0.06246 0.47153
vt 0.08132 0.49038
f 211/1141 209/1142 219/1143
vt 0.08833 0.40907
vt 0.08132 0.49038
vt 0.11500 0.40907
f 211/1144 219/1145 220/1146
vt 0.06098 0.34809
vt 0.08624 0.40907
vt 0.14204 0.40907
f 229/1147 228/1148 236/1149
vt 0.06098 0.34809
vt 0.14204 0.40907
vt 0.10044 0.30863
f 229/1150 236/1151 237/1152
vt 0.00000 0.15533
vt 0.08132 0.15533
vt 0.06098 0.21003
f 215/1153 221/1154 229/1155
vt 0.00000 0.15533
vt 0.06098 0.21003
vt 0.00000 0.21003
f 215/1156 229/1157 223/1158
vt 0.15533 0.40907
vt 0.15533 0.49038
vt 0.21003 0.47005
f 220/1159 219/1160 227/1161
vt 0.15533 0.40907
vt 0.21003 0.47005
vt 0.21003 0.40907
f 220/1162 227/1163 228/1164
vt 0.00000 0.15533
vt -0.08132 0.15533
vt -0.06098 0.21003
f 218/1165 217/1166 225/1167
vt 0.00000 0.15533
vt -0.06098 0.21003
vt 0.00000 0.21003
f 218/1168 225/1169 226/1170
vt 0.15533 0.40907
vt 0.15533 0.32776
vt 0.21003 0.34809
f 216/1171 214/1172 222/1173
vt 0.15533 0.40907
vt 0.21003 0.34809
vt 0.21003 0.40907
f 216/1174 222/1175 224/1176
vt 0.15533 0.32776
vt 0.15533 0.40907
vt 0.21003 0.40907
f 221/1177 220/1178 228/1179
vt 0.15533 0.32776
vt 0.21003 0.40907
vt 0.21003 0.34809
f 221/1180 228/1181 229/1182
vt 0.08132 0.15533
vt 0.00000 0.15533
vt 0.00000 0.21003
f 219/1183 218/1184 226/1185
vt 0.08132 0.15533
vt 0.00000 0.21003
vt 0.06098 0.21003
f 219/1186 226/1187 227/1188
vt 0.15533 0.49038
vt 0.15533 0.40907
vt 0.21003 0.40907
f 217/1189 216/1190 224/1191
vt 0.15533 0.49038
vt 0.21003 0.40907
vt 0.21003 0.47005
f 217/1192 224/1193 225/1194
vt 0.06098 0.47005
vt 0.00000 0.49531
vt 0.00000 0.55112
f 227/1195 226/1196 234/1197
vt 0.06098 0.47005
vt 0.00000 0.55112
vt 0.10044 0.50951
f 227/1198 234/1199 235/1200
vt -0.06098 0.47005
vt -0.08623 0.40907
vt -0.14204 0.40907
f 225/1201 224/1202 232/1203
vt -0.06098 0.47005
vt -0.14204 0.40907
vt -0.10044 0.50951
f 225/1204 232/1205 233/1206
vt -0.06098 0.34809
vt 0.00000 0.32283
vt 0.00000 0.26703
f 222/1207 223/1208 231/1209
vt -0.06098 0.34809
vt 0.00000 0.26703
vt -0.10044 0.30863
f 222/1210 231/1211 230/1212
vt 0.00000 0.32283
vt 0.06098 0.34809
vt 0.10044 0.30863
f 223/1213 229/1214 237/1215
vt 0.00000 0.32283
vt 0.10044 0.30863
vt 0.00000 0.26703
f 223/1216 237/1217 231/1218
vt 0.08624 0.40907
vt 0.06098 0.47005
vt 0.10044 0.50951
f 228/1219 227/1220 235/1221
vt 0.08624 0.40907
vt 0.10044 0.50951
vt 0.14204 0.40907
f 228/1222 235/1223 236/1224
vt 0.00000 0.49531
vt -0.06098 0.47005
vt -0.10044 0.50951
f 226/1225 225/1226 233/1227
vt 0.00000 0.49531
vt -0.10044 0.50951
vt 0.00000 0.55112
f 226/1228 233/1229 234/1230
vt -0.08623 0.40907
vt -0.06098 0.34809
vt -0.10044 0.30863
f 224/1231 222/1232 230/1233
vt -0.08623 0.40907
vt -0.10044 0.30863
vt -0.14204 0.40907
f 224/1234 230/1235 232/1236
vt 0.00000 0.26703
vt 0.10044 0.30863
vt 0.07566 0.33341
f 239/1237 245/1238 253/1239
vt 0.00000 0.26703
vt 0.07566 0.33341
vt 0.00000 0.30207
f 239/1240 253/1241 247/1242
vt 1.12974 0.48473
vt 1.12974 0.40907
vt 1.15131 0.40907
f 249/1243 248/1244 256/1245
vt 1.12974 0.48473
vt 1.15131 0.40907
vt 1.15131 0.47782
f 249/1246 256/1247 257/1248
vt 0.14204 0.40907
vt 0.10044 0.50951
vt 0.07566 0.48473
f 244/1249 243/1250 251/1251
vt 0.14204 0.40907
vt 0.07566 0.48473
vt 0.10700 0.40907
f 244/1252 251/1253 252/1254
vt 0.00000 0.55112
vt -0.10044 0.50951
vt -0.07566 0.48473
f 242/1255 241/1256 249/1257
vt 0.00000 0.55112
vt -0.07566 0.48473
vt 0.00000 0.51607
f 242/1258 249/1259 250/1260
vt -0.14204 0.40907
vt -0.10044 0.30863
vt -0.07566 0.33341
f 240/1261 238/1262 246/1263
vt -0.14204 0.40907
vt -0.07566 0.33341
vt -0.10700 0.40907
f 240/1264 246/1265 248/1266
vt 0.10044 0.30863
vt 0.14204 0.40907
vt 0.10700 0.40907
f 245/1267 244/1268 252/1269
vt 0.10044 0.30863
vt 0.10700 0.40907
vt 0.07566 0.33341
f 245/1270 252/1271 253/1272
vt 0.10044 0.50951
vt 0.00000 0.55112
vt 0.00000 0.51607
f 243/1273 242/1274 250/1275
vt 0.10044 0.50951
vt 0.00000 0.51607
vt 0.07566 0.48473
f 243/1276 250/1277 251/1278
vt -0.10044 0.50951
vt -0.14204 0.40907
vt -0.10700 0.40907
f 241/1279 240/1280 248/1281
vt -0.10044 0.50951
vt -0.10700 0.40907
vt -0.07566 0.48473
f 241/1282 248/1283 249/1284
vt -0.10044 0.30863
vt 0.00000 0.26703
vt 0.00000 0.30207
f 238/1285 239/1286 247/1287
vt -0.10044 0.30863
vt 0.00000 0.30207
vt -0.07566 0.33341
f 238/1288 247/1289 246/1290
vt 0.06875 0.34032
vt 0.09723 0.40907
vt 0.04634 0.40907
f 261/1291 260/1292 268/1293
vt 0.06875 0.34032
vt 0.04634 0.40907
vt 0.03277 0.37630
f 261/1294 268/1295 269/1296
vt -0.07566 1.12974
vt 0.00000 1.12974
vt 0.00000 1.15131
f 246/1297 247/1298 255/1299
vt -0.07566 1.12974
vt 0.00000 1.15131
vt -0.06875 1.15131
f 246/1300 255/1301 254/1302
vt 0.00000 1.12974
vt 0.07566 1.12974
vt 0.06875 1.15131
f 247/1303 253/1304 261/1305
vt 0.00000 1.12974
vt 0.06875 1.15131
vt 0.00000 1.15131
f 247/1306 261/1307 255/1308
vt 1.12974 0.40907
vt 1.12974 0.48473
vt 1.15131 0.47782
f 252/1309 251/1310 259/1311
vt 1.12974 0.40907
vt 1.15131 0.47782
vt 1.15131 0.40907
f 252/1312 259/1313 260/1314
vt 0.00000 1.12974
vt -0.07566 1.12974
vt -0.06875 1.15131
f 250/1315 249/1316 257/1317
vt 0.00000 1.12974
vt -0.06875 1.15131
vt 0.00000 1.15131
f 250/1318 257/1319 258/1320
vt 1.12974 0.40907
vt 1.12974 0.33341
vt 1.15131 0.34032
f 248/1321 246/1322 254/1323
vt 1.12974 0.40907
vt 1.15131 0.34032
vt 1.15131 0.40907
f 248/1324 254/1325 256/1326
vt 1.12974 0.33341
vt 1.12974 0.40907
vt 1.15131 0.40907
f 253/1327 252/1328 260/1329
vt 1.12974 0.33341
vt 1.15131 0.40907
vt 1.15131 0.34032
f 253/1330 260/1331 261/1332
vt 0.07566 1.12974
vt 0.00000 1.12974
vt 0.00000 1.15131
f 251/1333 250/1334 258/1335
vt 0.07566 1.12974
vt 0.00000 1.15131
vt 0.06875 1.15131
f 251/1336 258/1337 259/1338
vt 0.06875 0.47782
vt 0.00000 0.50630
vt 0.00000 0.45542
f 259/1339 258/1340 266/1341
vt 0.06875 0.47782
vt 0.00000 0.45542
vt 0.03277 0.44184
f 259/1342 266/1343 267/1344
vt -0.06875 0.47782
vt -0.09723 0.40907
vt -0.04634 0.40907
f 257/1345 256/1346 264/1347
vt -0.06875 0.47782
vt -0.04634 0.40907
vt -0.03277 0.44184
f 257/1348 264/1349 265/1350
vt -0.06875 0.34032
vt 0.00000 0.31184
vt 0.00000 0.36273
f 254/1351 255/1352 263/1353
vt -0.06875 0.34032
vt 0.00000 0.36273
vt -0.03277 0.37630
f 254/1354 263/1355 262/1356
vt 0.00000 0.31184
vt 0.06875 0.34032
vt 0.03277 0.37630
f 255/1357 261/1358 269/1359
vt 0.00000 0.31184
vt 0.03277 0.37630
vt 0.00000 0.36273
f 255/1360 269/1361 263/1362
vt 0.09723 0.40907
vt 0.06875 0.47782
vt 0.03277 0.44184
f 260/1363 259/1364 267/1365
vt 0.09723 0.40907
vt 0.03277 0.44184
vt 0.04634 0.40907
f 260/1366 267/1367 268/1368
vt 0.00000 0.50630
vt -0.06875 0.47782
vt -0.03277 0.44184
f 258/1369 257/1370 265/1371
vt 0.00000 0.50630
vt -0.03277 0.44184
vt 0.00000 0.45542
f 258/1372 265/1373 266/1374
vt -0.09723 0.40907
vt -0.06875 0.34032
vt -0.03277 0.37630
f 256/1375 254/1376 262/1377
vt -0.09723 0.40907
vt -0.03277 0.37630
vt -0.04634 0.40907
f 256/1378 262/1379 264/1380
vt 0.00000 0.36273
vt 0.03277 0.37630
vt 0.04546 0.36362
f 271/1381 277/1382 285/1383
vt 0.00000 0.36273
vt 0.04546 0.36362
vt 0.00000 0.34478
f 271/1384 285/1385 279/1386
vt 0.04546 1.97626
vt 0.00000 1.97626
vt 0.00000 2.01549
f 283/1387 282/1388 290/1389
vt 0.04546 1.97626
vt 0.00000 2.01549
vt 0.04546 2.01549
f 283/1390 290/1391 291/1392
vt 0.04634 0.40907
vt 0.03277 0.44184
vt 0.04546 0.45453
f 276/1393 275/1394 283/1395
vt 0.04634 0.40907
vt 0.04546 0.45453
vt 0.06428 0.40907
f 276/1396 283/1397 284/1398
vt 0.00000 0.45542
vt -0.03277 0.44184
vt -0.04546 0.45453
f 274/1399 273/1400 281/1401
vt 0.00000 0.45542
vt -0.04546 0.45453
vt 0.00000 0.47336
f 274/1402 281/1403 282/1404
vt -0.04634 0.40907
vt -0.03277 0.37630
vt -0.04546 0.36362
f 272/1405 270/1406 278/1407
vt -0.04634 0.40907
vt -0.04546 0.36362
vt -0.06428 0.40907
f 272/1408 278/1409 280/1410
vt 0.03277 0.37630
vt 0.04634 0.40907
vt 0.06428 0.40907
f 277/1411 276/1412 284/1413
vt 0.03277 0.37630
vt 0.06428 0.40907
vt 0.04546 0.36362
f 277/1414 284/1415 285/1416
vt 0.03277 0.44184
vt 0.00000 0.45542
vt 0.00000 0.47336
f 275/1417 274/1418 282/1419
vt 0.03277 0.44184
vt 0.00000 0.47336
vt 0.04546 0.45453
f 275/1420 282/1421 283/1422
vt -0.03277 0.44184
vt -0.04634 0.40907
vt -0.06428 0.40907
f 273/1423 272/1424 280/1425
vt -0.03277 0.44184
vt -0.06428 0.40907
vt -0.04546 0.45453
f 273/1426 280/1427 281/1428
vt -0.03277 0.37630
vt 0.00000 0.36273
vt 0.00000 0.34478
f 270/1429 271/1430 279/1431
vt -0.03277 0.37630
vt 0.00000 0.34478
vt -0.04546 0.36362
f 270/1432 279/1433 278/1434
vt 0.04546 0.36362
vt 0.06428 0.40907
vt 0.05113 0.40907
f 293/1435 292/1436 300/1437
vt 0.04546 0.36362
vt 0.05113 0.40907
vt 0.03616 0.37292
f 293/1438 300/1439 301/1440
vt 1.97626 0.45453
vt 1.97626 0.40907
vt 2.01549 0.40907
f 281/1441 280/1442 288/1443
vt 1.97626 0.45453
vt 2.01549 0.40907
vt 2.01549 0.45453
f 281/1444 288/1445 289/1446
vt -0.04546 1.97626
vt 0.00000 1.97626
vt 0.00000 2.01549
f 278/1447 279/1448 287/1449
vt -0.04546 1.97626
vt 0.00000 2.01549
vt -0.04546 2.01549
f 278/1450 287/1451 286/1452
vt 0.00000 1.97626
vt 0.04546 1.97626
vt 0.04546 2.01549
f 279/1453 285/1454 293/1455
vt 0.00000 1.97626
vt 0.04546 2.01549
vt 0.00000 2.01549
f 279/1456 293/1457 287/1458
vt 1.97626 0.40907
vt 1.97626 0.45453
vt 2.01549 0.45453
f 284/1459 283/1460 291/1461
vt 1.97626 0.40907
vt 2.01549 0.45453
vt 2.01549 0.40907
f 284/1462 291/1463 292/1464
vt 0.00000 1.97626
vt -0.04546 1.97626
vt -0.04546 2.01549
f 282/1465 281/1466 289/1467
vt 0.00000 1.97626
vt -0.04546 2.01549
vt 0.00000 2.01549
f 282/1468 289/1469 290/1470
vt 1.97626 0.40907
vt 1.97626 0.36362
vt 2.01549 0.36362
f 280/1471 278/1472 286/1473
vt 1.97626 0.40907
vt 2.01549 0.36362
vt 2.01549 0.40907
f 280/1474 286/1475 288/1476
vt 1.97626 0.36362
vt 1.97626 0.40907
vt 2.01549 0.40907
f 285/1477 284/1478 292/1479
vt 1.97626 0.36362
vt 2.01549 0.40907
vt 2.01549 0.36362
f 285/1480 292/1481 293/1482
vt 2.01549 0.40907
vt 2.01549 0.44523
vt 2.03261 0.44523
f 300/1483 299/1484 307/1485
vt 2.01549 0.40907
vt 2.03261 0.44523
vt 2.03261 0.40907
f 300/1486 307/1487 308/1488
vt 0.04546 0.45453
vt 0.00000 0.47336
vt 0.00000 0.46021
f 291/1489 290/1490 298/1491
vt 0.04546 0.45453
vt 0.00000 0.46021
vt 0.03616 0.44523
f 291/1492 298/1493 299/1494
vt -0.04546 0.45453
vt -0.06428 0.40907
vt -0.05113 0.40907
f 289/1495 288/1496 296/1497
vt -0.04546 0.45453
vt -0.05113 0.40907
vt -0.03616 0.44523
f 289/1498 296/1499 297/1500
vt -0.04546 0.36362
vt 0.00000 0.34478
vt 0.00000 0.35793
f 286/1501 287/1502 295/1503
vt -0.04546 0.36362
vt 0.00000 0.35793
vt -0.03616 0.37292
f 286/1504 295/1505 294/1506
vt 0.00000 0.34478
vt 0.04546 0.36362
vt 0.03616 0.37292
f 287/1507 293/1508 301/1509
vt 0.00000 0.34478
vt 0.03616 0.37292
vt 0.00000 0.35793
f 287/1510 301/1511 295/1512
vt 0.06428 0.40907
vt 0.04546 0.45453
vt 0.03616 0.44523
f 292/1513 291/1514 299/1515
vt 0.06428 0.40907
vt 0.03616 0.44523
vt 0.05113 0.40907
f 292/1516 299/1517 300/1518
vt 0.00000 0.47336
vt -0.04546 0.45453
vt -0.03616 0.44523
f 290/1519 289/1520 297/1521
vt 0.00000 0.47336
vt -0.03616 0.44523
vt 0.00000 0.46021
f 290/1522 297/1523 298/1524
vt -0.06428 0.40907
vt -0.04546 0.36362
vt -0.03616 0.37292
f 288/1525 286/1526 294/1527
vt -0.06428 0.40907
vt -0.03616 0.37292
vt -0.05113 0.40907
f 288/1528 294/1529 296/1530
vt -0.03616 0.37292
vt 0.00000 0.35793
vt 0.00000 0.34515
f 302/1531 303/1532 311/1533
vt -0.03616 0.37292
vt 0.00000 0.34515
vt -0.04520 0.36387
f 302/1534 311/1535 310/1536
vt 0.00000 2.01549
vt -0.03616 2.01549
vt -0.03616 2.03261
f 298/1537 297/1538 305/1539
vt 0.00000 2.01549
vt -0.03616 2.03261
vt 0.00000 2.03261
f 298/1540 305/1541 306/1542
vt 2.01549 0.40907
vt 2.01549 0.37292
vt 2.03261 0.37292
f 296/1543 294/1544 302/1545
vt 2.01549 0.40907
vt 2.03261 0.37292
vt 2.03261 0.40907
f 296/1546 302/1547 304/1548
vt 2.01549 0.37292
vt 2.01549 0.40907
vt 2.03261 0.40907
f 301/1549 300/1550 308/1551
vt 2.01549 0.37292
vt 2.03261 0.40907
vt 2.03261 0.37292
f 301/1552 308/1553 309/1554
vt 0.03616 2.01549
vt 0.00000 2.01549
vt 0.00000 2.03261
f 299/1555 298/1556 306/1557
vt 0.03616 2.01549
vt 0.00000 2.03261
vt 0.03616 2.03261
f 299/1558 306/1559 307/1560
vt 2.01549 0.44523
vt 2.01549 0.40907
vt 2.03261 0.40907
f 297/1561 296/1562 304/1563
vt 2.01549 0.44523
vt 2.03261 0.40907
vt 2.03261 0.44523
f 297/1564 304/1565 305/1566
vt -0.03616 2.01549
vt 0.00000 2.01549
vt 0.00000 2.03261
f 294/1567 295/1568 303/1569
vt -0.03616 2.01549
vt 0.00000 2.03261
vt -0.03616 2.03261
f 294/1570 303/1571 302/1572
vt 0.00000 2.01549
vt 0.03616 2.01549
vt 0.03616 2.03261
f 295/1573 301/1574 309/1575
vt 0.00000 2.01549
vt 0.03616 2.03261
vt 0.00000 2.03261
f 295/1576 309/1577 303/1578
vt 2.03428 0.36387
vt 2.03428 0.40907
vt 2.06233 0.40907
f 317/1579 316/1580 324/1581
vt 2.03428 0.36387
vt 2.06233 0.40907
vt 2.06233 0.36387
f 317/1582 324/1583 325/1584
vt 0.00000 0.35793
vt 0.03616 0.37292
vt 0.04520 0.36387
f 303/1585 309/1586 317/1587
vt 0.00000 0.35793
vt 0.04520 0.36387
vt 0.00000 0.34515
f 303/1588 317/1589 311/1590
vt 0.05113 0.40907
vt 0.03616 0.44523
vt 0.04520 0.45427
f 308/1591 307/1592 315/1593
vt 0.05113 0.40907
vt 0.04520 0.45427
vt 0.06393 0.40907
f 308/1594 315/1595 316/1596
vt 0.00000 0.46021
vt -0.03616 0.44523
vt -0.04520 0.45427
f 306/1597 305/1598 313/1599
vt 0.00000 0.46021
vt -0.04520 0.45427
vt 0.00000 0.47299
f 306/1600 313/1601 314/1602
vt -0.05113 0.40907
vt -0.03616 0.37292
vt -0.04520 0.36387
f 304/1603 302/1604 310/1605
vt -0.05113 0.40907
vt -0.04520 0.36387
vt -0.06393 0.40907
f 304/1606 310/1607 312/1608
vt 0.03616 0.37292
vt 0.05113 0.40907
vt 0.06393 0.40907
f 309/1609 308/1610 316/1611
vt 0.03616 0.37292
vt 0.06393 0.40907
vt 0.04520 0.36387
f 309/1612 316/1613 317/1614
vt 0.03616 0.44523
vt 0.00000 0.46021
vt 0.00000 0.47299
f 307/1615 306/1616 314/1617
vt 0.03616 0.44523
vt 0.00000 0.47299
vt 0.04520 0.45427
f 307/1618 314/1619 315/1620
vt -0.03616 0.44523
vt -0.05113 0.40907
vt -0.06393 0.40907
f 305/1621 304/1622 312/1623
vt -0.03616 0.44523
vt -0.06393 0.40907
vt -0.04520 0.45427
f 305/1624 312/1625 313/1626
vt -0.06393 0.40907
vt -0.04520 0.36387
vt -0.03725 0.37183
f 320/1627 318/1628 326/1629
vt -0.06393 0.40907
vt -0.03725 0.37183
vt -0.05268 0.40907
f 320/1630 326/1631 328/1632
vt 0.04520 2.03428
vt 0.00000 2.03428
vt 0.00000 2.06233
f 315/1633 314/1634 322/1635
vt 0.04520 2.03428
vt 0.00000 2.06233
vt 0.04520 2.06233
f 315/1636 322/1637 323/1638
vt 2.03428 0.45427
vt 2.03428 0.40907
vt 2.06233 0.40907
f 313/1639 312/1640 320/1641
vt 2.03428 0.45427
vt 2.06233 0.40907
vt 2.06233 0.45427
f 313/1642 320/1643 321/1644
vt -0.04520 2.03428
vt 0.00000 2.03428
vt 0.00000 2.06233
f 310/1645 311/1646 319/1647
vt -0.04520 2.03428
vt 0.00000 2.06233
vt -0.04520 2.06233
f 310/1648 319/1649 318/1650
vt 0.00000 2.03428
vt 0.04520 2.03428
vt 0.04520 2.06233
f 311/1651 317/1652 325/1653
vt 0.00000 2.03428
vt 0.04520 2.06233
vt 0.00000 2.06233
f 311/1654 325/1655 319/1656
vt 2.03428 0.40907
vt 2.03428 0.45427
vt 2.06233 0.45427
f 316/1657 315/1658 323/1659
vt 2.03428 0.40907
vt 2.06233 0.45427
vt 2.06233 0.40907
f 316/1660 323/1661 324/1662
vt 0.00000 2.03428
vt -0.04520 2.03428
vt -0.04520 2.06233
f 314/1663 313/1664 321/1665
vt 0.00000 2.03428
vt -0.04520 2.06233
vt 0.00000 2.06233
f 314/1666 321/1667 322/1668
vt 2.03428 0.40907
vt 2.03428 0.36387
vt 2.06233 0.36387
f 312/1669 310/1670 318/1671
vt 2.03428 0.40907
vt 2.06233 0.36387
vt 2.06233 0.40907
f 312/1672 318/1673 320/1674
vt 0.00000 2.06233
vt 0.03725 2.06233
vt 0.03725 2.08064
f 327/1675 333/1676 341/1677
vt 0.00000 2.06233
vt 0.03725 2.08064
vt 0.00000 2.08064
f 327/1678 341/1679 335/1680
vt 0.04520 0.36387
vt 0.06393 0.40907
vt 0.05268 0.40907
f 325/1681 324/1682 332/1683
vt 0.04520 0.36387
vt 0.05268 0.40907
vt 0.03725 0.37183
f 325/1684 332/1685 333/1686
vt 0.04520 0.45427
vt 0.00000 0.47299
vt 0.00000 0.46175
f 323/1687 322/1688 330/1689
vt 0.04520 0.45427
vt 0.00000 0.46175
vt 0.03725 0.44632
f 323/1690 330/1691 331/1692
vt -0.04520 0.45427
vt -0.06393 0.40907
vt -0.05268 0.40907
f 321/1693 320/1694 328/1695
vt -0.04520 0.45427
vt -0.05268 0.40907
vt -0.03725 0.44632
f 321/1696 328/1697 329/1698
vt -0.04520 0.36387
vt 0.00000 0.34515
vt 0.00000 0.35639
f 318/1699 319/1700 327/1701
vt -0.04520 0.36387
vt 0.00000 0.35639
vt -0.03725 0.37183
f 318/1702 327/1703 326/1704
vt 0.00000 0.34515
vt 0.04520 0.36387
vt 0.03725 0.37183
f 319/1705 325/1706 333/1707
vt 0.00000 0.34515
vt 0.03725 0.37183
vt 0.00000 0.35639
f 319/1708 333/1709 327/1710
vt 0.06393 0.40907
vt 0.04520 0.45427
vt 0.03725 0.44632
f 324/1711 323/1712 331/1713
vt 0.06393 0.40907
vt 0.03725 0.44632
vt 0.05268 0.40907
f 324/1714 331/1715 332/1716
vt 0.00000 0.47299
vt -0.04520 0.45427
vt -0.03725 0.44632
f 322/1717 321/1718 329/1719
vt 0.00000 0.47299
vt -0.03725 0.44632
vt 0.00000 0.46175
f 322/1720 329/1721 330/1722
vt -0.03725 0.44632
vt -0.05268 0.40907
vt -0.06256 0.40907
f 337/1723 336/1724 344/1725
vt -0.03725 0.44632
vt -0.06256 0.40907
vt -0.04423 0.45330
f 337/1726 344/1727 345/1728
vt 2.06233 0.40907
vt 2.06233 0.44632
vt 2.08064 0.44632
f 332/1729 331/1730 339/1731
vt 2.06233 0.40907
vt 2.08064 0.44632
vt 2.08064 0.40907
f 332/1732 339/1733 340/1734
vt 0.00000 2.06233
vt -0.03725 2.06233
vt -0.03725 2.08064
f 330/1735 329/1736 337/1737
vt 0.00000 2.06233
vt -0.03725 2.08064
vt 0.00000 2.08064
f 330/1738 337/1739 338/1740
vt 2.06233 0.40907
vt 2.06233 0.37183
vt 2.08064 0.37183
f 328/1741 326/1742 334/1743
vt 2.06233 0.40907
vt 2.08064 0.37183
vt 2.08064 0.40907
f 328/1744 334/1745 336/1746
vt 2.06233 0.37183
vt 2.06233 0.40907
vt 2.08064 0.40907
f 333/1747 332/1748 340/1749
vt 2.06233 0.37183
vt 2.08064 0.40907
vt 2.08064 0.37183
f 333/1750 340/1751 341/1752
vt 0.03725 2.06233
vt 0.00000 2.06233
vt 0.00000 2.08064
f 331/1753 330/1754 338/1755
vt 0.03725 2.06233
vt 0.00000 2.08064
vt 0.03725 2.08064
f 331/1756 338/1757 339/1758
vt 2.06233 0.44632
vt 2.06233 0.40907
vt 2.08064 0.40907
f 329/1759 328/1760 336/1761
vt 2.06233 0.44632
vt 2.08064 0.40907
vt 2.08064 0.44632
f 329/1762 336/1763 337/1764
vt -0.03725 2.06233
vt 0.00000 2.06233
vt 0.00000 2.08064
f 326/1765 327/1766 335/1767
vt -0.03725 2.06233
vt 0.00000 2.08064
vt -0.03725 2.08064
f 326/1768 335/1769 334/1770
vt 2.08064 0.36483
vt 2.08064 0.40907
vt 2.29167 0.40907
f 349/1771 348/1772 356/1773
vt 2.08064 0.36483
vt 2.29167 0.40907
vt 2.29167 0.36483
f 349/1774 356/1775 357/1776
vt -0.03725 0.37183
vt 0.00000 0.35639
vt 0.00000 0.34652
f 334/1777 335/1778 343/1779
vt -0.03725 0.37183
vt 0.00000 0.34652
vt -0.04423 0.36483
f 334/1780 343/1781 342/1782
vt 0.00000 0.35639
vt 0.03725 0.37183
vt 0.04423 0.36483
f 335/1783 341/1784 349/1785
vt 0.00000 0.35639
vt 0.04423 0.36483
vt 0.00000 0.34652
f 335/1786 349/1787 343/1788
vt 0.05268 0.40907
vt 0.03725 0.44632
vt 0.04423 0.45330
f 340/1789 339/1790 347/1791
vt 0.05268 0.40907
vt 0.04423 0.45330
vt 0.06256 0.40907
f 340/1792 347/1793 348/1794
vt 0.00000 0.46175
vt -0.03725 0.44632
vt -0.04423 0.45330
f 338/1795 337/1796 345/1797
vt 0.00000 0.46175
vt -0.04423 0.45330
vt 0.00000 0.47162
f 338/1798 345/1799 346/1800
vt -0.05268 0.40907
vt -0.03725 0.37183
vt -0.04423 0.36483
f 336/1801 334/1802 342/1803
vt -0.05268 0.40907
vt -0.04423 0.36483
vt -0.06256 0.40907
f 336/1804 342/1805 344/1806
vt 0.03725 0.37183
vt 0.05268 0.40907
vt 0.06256 0.40907
f 341/1807 340/1808 348/1809
vt 0.03725 0.37183
vt 0.06256 0.40907
vt 0.04423 0.36483
f 341/1810 348/1811 349/1812
vt 0.03725 0.44632
vt 0.00000 0.46175
vt 0.00000 0.47162
f 339/1813 338/1814 346/1815
vt 0.03725 0.44632
vt 0.00000 0.47162
vt 0.04423 0.45330
f 339/1816 346/1817 347/1818
vt 0.00000 0.47162
vt -0.04423 0.45330
vt -0.03277 0.44184
f 354/1819 353/1820 361/1821
vt 0.00000 0.47162
vt -0.03277 0.44184
vt 0.00000 0.45542
f 354/1822 361/1823 362/1824
vt 0.04423 2.08064
vt 0.00000 2.08064
vt 0.00000 2.29167
f 347/1825 346/1826 354/1827
vt 0.04423 2.08064
vt 0.00000 2.29167
vt 0.04423 2.29167
f 347/1828 354/1829 355/1830
vt 2.08064 0.45330
vt 2.08064 0.40907
vt 2.29167 0.40907
f 345/1831 344/1832 352/1833
vt 2.08064 0.45330
vt 2.29167 0.40907
vt 2.29167 0.45330
f 345/1834 352/1835 353/1836
vt -0.04423 2.08064
vt 0.00000 2.08064
vt 0.00000 2.29167
f 342/1837 343/1838 351/1839
vt -0.04423 2.08064
vt 0.00000 2.29167
vt -0.04423 2.29167
f 342/1840 351/1841 350/1842
vt 0.00000 2.08064
vt 0.04423 2.08064
vt 0.04423 2.29167
f 343/1843 349/1844 357/1845
vt 0.00000 2.08064
vt 0.04423 2.29167
vt 0.00000 2.29167
f 343/1846 357/1847 351/1848
vt 2.08064 0.40907
vt 2.08064 0.45330
vt 2.29167 0.45330
f 348/1849 347/1850 355/1851
vt 2.08064 0.40907
vt 2.29167 0.45330
vt 2.29167 0.40907
f 348/1852 355/1853 356/1854
vt 0.00000 2.08064
vt -0.04423 2.08064
vt -0.04423 2.29167
f 346/1855 345/1856 353/1857
vt 0.00000 2.08064
vt -0.04423 2.29167
vt 0.00000 2.29167
f 346/1858 353/1859 354/1860
vt 2.08064 0.40907
vt 2.08064 0.36483
vt 2.29167 0.36483
f 344/1861 342/1862 350/1863
vt 2.08064 0.40907
vt 2.29167 0.36483
vt 2.29167 0.40907
f 344/1864 350/1865 352/1866
vt 0.00000 2.29167
vt 0.03277 2.29167
vt 0.03277 2.09805
f 359/1867 365/1868 373/1869
vt 0.00000 2.29167
vt 0.03277 2.09805
vt 0.00000 2.09805
f 359/1870 373/1871 367/1872
vt -0.06256 0.40907
vt -0.04423 0.36483
vt -0.03277 0.37630
f 352/1873 350/1874 358/1875
vt -0.06256 0.40907
vt -0.03277 0.37630
vt -0.04634 0.40907
f 352/1876 358/1877 360/1878
vt 0.04423 0.36483
vt 0.06256 0.40907
vt 0.04634 0.40907
f 357/1879 356/1880 364/1881
vt 0.04423 0.36483
vt 0.04634 0.40907
vt 0.03277 0.37630
f 357/1882 364/1883 365/1884
vt 0.04423 0.45330
vt 0.00000 0.47162
vt 0.00000 0.45542
f 355/1885 354/1886 362/1887
vt 0.04423 0.45330
vt 0.00000 0.45542
vt 0.03277 0.44184
f 355/1888 362/1889 363/1890
vt -0.04423 0.45330
vt -0.06256 0.40907
vt -0.04634 0.40907
f 353/1891 352/1892 360/1893
vt -0.04423 0.45330
vt -0.04634 0.40907
vt -0.03277 0.44184
f 353/1894 360/1895 361/1896
vt -0.04423 0.36483
vt 0.00000 0.34652
vt 0.00000 0.36273
f 350/1897 351/1898 359/1899
vt -0.04423 0.36483
vt 0.00000 0.36273
vt -0.03277 0.37630
f 350/1900 359/1901 358/1902
vt 0.00000 0.34652
vt 0.04423 0.36483
vt 0.03277 0.37630
f 351/1903 357/1904 365/1905
vt 0.00000 0.34652
vt 0.03277 0.37630
vt 0.00000 0.36273
f 351/1906 365/1907 359/1908
vt 0.06256 0.40907
vt 0.04423 0.45330
vt 0.03277 0.44184
f 356/1909 355/1910 363/1911
vt 0.06256 0.40907
vt 0.03277 0.44184
vt 0.04634 0.40907
f 356/1912 363/1913 364/1914
vt -0.03277 0.37630
vt 0.00000 0.36273
vt 0.03277 0.37630
f 366/1915 367/1916 373/1917
vt -0.03277 0.37630
vt 0.03277 0.37630
vt 0.04634 0.40907
f 366/1918 373/1919 372/1920
vt -0.03277 0.37630
vt 0.04634 0.40907
vt 0.03277 0.44184
f 366/1921 372/1922 371/1923
vt -0.03277 0.37630
vt 0.03277 0.44184
vt 0.00000 0.45542
f 366/1924 371/1925 370/1926
vt -0.03277 0.37630
vt 0.00000 0.45542
vt -0.03277 0.44184
f 366/1927 370/1928 369/1929
vt -0.03277 0.37630
vt -0.03277 0.44184
vt -0.04634 0.40907
f 366/1930 369/1931 368/1932
vt 2.29167 0.40907
vt 2.29167 0.44184
vt 2.09805 0.44184
f 364/1933 363/1934 371/1935
vt 2.29167 0.40907
vt 2.09805 0.44184
vt 2.09805 0.40907
f 364/1936 371/1937 372/1938
vt 0.00000 2.29167
vt -0.03277 2.29167
vt -0.03277 2.09805
f 362/1939 361/1940 369/1941
vt 0.00000 2.29167
vt -0.03277 2.09805
vt 0.00000 2.09805
f 362/1942 369/1943 370/1944
vt 2.29167 0.40907
vt 2.29167 0.37630
vt 2.09805 0.37630
f 360/1945 358/1946 366/1947
vt 2.29167 0.40907
vt 2.09805 0.37630
vt 2.09805 0.40907
f 360/1948 366/1949 368/1950
vt 2.29167 0.37630
vt 2.29167 0.40907
vt 2.09805 0.40907
f 365/1951 364/1952 372/1953
vt 2.29167 0.37630
vt 2.09805 0.40907
vt 2.09805 0.37630
f 365/1954 372/1955 373/1956
vt 0.03277 2.29167
vt 0.00000 2.29167
vt 0.00000 2.09805
f 363/1957 362/1958 370/1959
vt 0.03277 2.29167
vt 0.00000 2.09805
vt 0.03277 2.09805
f 363/1960 370/1961 371/1962
vt 2.29167 0.44184
vt 2.29167 0.40907
vt 2.09805 0.40907
f 361/1963 360/1964 368/1965
vt 2.29167 0.44184
vt 2.09805 0.40907
vt 2.09805 0.44184
f 361/1966 368/1967 369/1968
vt -0.03277 2.29167
vt 0.00000 2.29167
vt 0.00000 2.09805
f 358/1969 359/1970 367/1971
vt -0.03277 2.29167
vt 0.00000 2.09805
vt -0.03277 2.09805
f 358/1972 367/1973 366/1974
vt 0.00000 0.21303
vt -0.10044 0.21303
vt -0.10044 0.32232
f 234/1975 233/1976 471/1977
vt 0.00000 0.21303
vt -0.10044 0.32232
vt 0.00000 0.32232
f 234/1978 471/1979 430/1980
vt 0.00000 0.36088
vt -0.10044 0.36088
vt -0.10044 0.43890
f 431/1981 470/1982 469/1983
vt 0.00000 0.36088
vt -0.10044 0.43890
vt 0.00000 0.43890
f 431/1984 469/1985 432/1986
vt 0.00000 0.47746
vt -0.10044 0.47746
vt -0.10044 0.55549
f 433/1987 468/1988 467/1989
vt 0.00000 0.47746
vt -0.10044 0.55549
vt 0.00000 0.55549
f 433/1990 467/1991 434/1992
vt 0.00000 0.59405
vt -0.10044 0.59405
vt -0.10044 0.67208
f 435/1993 466/1994 465/1995
vt 0.00000 0.59405
vt -0.10044 0.67208
vt 0.00000 0.67208
f 435/1996 465/1997 436/1998
vt 0.00000 0.71063
vt -0.10044 0.71063
vt -0.10044 0.78867
f 437/1999 464/2000 463/2001
vt 0.00000 0.71063
vt -0.10044 0.78867
vt 0.00000 0.78866
f 437/2002 463/2003 438/2004
vt 0.00000 0.82723
vt -0.10044 0.82723
vt -0.10044 0.90525
f 439/2005 462/2006 461/2007
vt 0.00000 0.82723
vt -0.10044 0.90525
vt 0.00000 0.90525
f 439/2008 461/2009 440/2010
vt 0.00000 0.94381
vt -0.10044 0.94381
vt -0.10044 1.02183
f 441/2011 460/2012 459/2013
vt 0.00000 0.94381
vt -0.10044 1.02183
vt 0.00000 1.02183
f 441/2014 459/2015 442/2016
vt 0.10044 1.06040
vt 0.10044 1.12442
vt 0.00000 1.12442
f 416/2017 245/2018 239/2019
vt 0.10044 1.06040
vt 0.00000 1.12442
vt 0.00000 1.06040
f 416/2020 239/2021 485/2022
vt 0.21303 0.40907
vt 0.21303 0.50951
vt 0.32232 0.50951
f 236/2023 235/2024 457/2025
vt 0.21303 0.40907
vt 0.32232 0.50951
vt 0.32232 0.40907
f 236/2026 457/2027 402/2028
vt 0.36088 0.40907
vt 0.36088 0.50951
vt 0.43890 0.50951
f 403/2029 456/2030 455/2031
vt 0.36088 0.40907
vt 0.43890 0.50951
vt 0.43890 0.40907
f 403/2032 455/2033 404/2034
vt 0.47746 0.40907
vt 0.47746 0.50951
vt 0.55549 0.50951
f 405/2035 454/2036 453/2037
vt 0.47746 0.40907
vt 0.55549 0.50951
vt 0.55549 0.40907
f 405/2038 453/2039 406/2040
vt 0.59405 0.40907
vt 0.59405 0.50951
vt 0.67208 0.50951
f 407/2041 452/2042 451/2043
vt 0.59405 0.40907
vt 0.67208 0.50951
vt 0.67208 0.40907
f 407/2044 451/2045 408/2046
vt 0.71063 0.40907
vt 0.71063 0.50951
vt 0.78867 0.50951
f 409/2047 450/2048 449/2049
vt 0.71063 0.40907
vt 0.78867 0.50951
vt 0.78866 0.40907
f 409/2050 449/2051 410/2052
vt 0.82723 0.40907
vt 0.82723 0.50951
vt 0.90525 0.50951
f 411/2053 448/2054 447/2055
vt 0.82723 0.40907
vt 0.90525 0.50951
vt 0.90525 0.40907
f 411/2056 447/2057 412/2058
vt 0.94381 0.40907
vt 0.94381 0.50951
vt 1.02183 0.50951
f 413/2059 446/2060 445/2061
vt 0.94381 0.40907
vt 1.02183 0.50951
vt 1.02183 0.40907
f 413/2062 445/2063 414/2064
vt 0.00000 0.21303
vt 0.10044 0.21303
vt 0.10044 0.32232
f 231/2065 237/2066 429/2067
vt 0.00000 0.21303
vt 0.10044 0.32232
vt 0.00000 0.32232
f 231/2068 429/2069 472/2070
vt 0.00000 0.36088
vt 0.10044 0.36088
vt 0.10044 0.43890
f 473/2071 428/2072 427/2073
vt 0.00000 0.36088
vt 0.10044 0.43890
vt 0.00000 0.43890
f 473/2074 427/2075 474/2076
vt 0.00000 0.47746
vt 0.10044 0.47746
vt 0.10044 0.55549
f 475/2077 426/2078 425/2079
vt 0.00000 0.47746
vt 0.10044 0.55549
vt 0.00000 0.55549
f 475/2080 425/2081 476/2082
vt 0.00000 0.59405
vt 0.10044 0.59405
vt 0.10044 0.67208
f 477/2083 424/2084 423/2085
vt 0.00000 0.59405
vt 0.10044 0.67208
vt 0.00000 0.67208
f 477/2086 423/2087 478/2088
vt 0.00000 0.71063
vt 0.10044 0.71063
vt 0.10044 0.78867
f 479/2089 422/2090 421/2091
vt 0.00000 0.71063
vt 0.10044 0.78867
vt 0.00000 0.78866
f 479/2092 421/2093 480/2094
vt 0.00000 0.82723
vt 0.10044 0.82723
vt 0.10044 0.90525
f 481/2095 420/2096 419/2097
vt 0.00000 0.82723
vt 0.10044 0.90525
vt 0.00000 0.90525
f 481/2098 419/2099 482/2100
vt 0.00000 0.94381
vt 0.10044 0.94381
vt 0.10044 1.02183
f 483/2101 418/2102 417/2103
vt 0.00000 0.94381
vt 0.10044 1.02183
vt 0.00000 1.02183
f 483/2104 417/2105 484/2106
vt 0.00000 1.06040
vt 0.00000 1.12442
vt -0.10044 1.12442
f 485/2107 239/2108 238/2109
vt 0.00000 1.06040
vt -0.10044 1.12442
vt -0.10044 1.06040
f 485/2110 238/2111 387/2112
vt -0.10044 0.21303
vt 0.00000 0.21303
vt 0.00000 0.32232
f 230/2113 231/2114 472/2115
vt -0.10044 0.21303
vt 0.00000 0.32232
vt -0.10044 0.32232
f 230/2116 472/2117 374/2118
vt -0.10044 0.36088
vt 0.00000 0.36088
vt 0.00000 0.43890
f 375/2119 473/2120 474/2121
vt -0.10044 0.36088
vt 0.00000 0.43890
vt -0.10044 0.43890
f 375/2122 474/2123 376/2124
vt -0.10044 0.47746
vt 0.00000 0.47746
vt 0.00000 0.55549
f 377/2125 475/2126 476/2127
vt -0.10044 0.47746
vt 0.00000 0.55549
vt -0.10044 0.55549
f 377/2128 476/2129 378/2130
vt -0.10044 0.59405
vt 0.00000 0.59405
vt 0.00000 0.67208
f 379/2131 477/2132 478/2133
vt -0.10044 0.59405
vt 0.00000 0.67208
vt -0.10044 0.67208
f 379/2134 478/2135 380/2136
vt -0.10044 0.71063
vt 0.00000 0.71063
vt 0.00000 0.78866
f 381/2137 479/2138 480/2139
vt -0.10044 0.71063
vt 0.00000 0.78866
vt -0.10044 0.78866
f 381/2140 480/2141 382/2142
vt -0.10044 0.82723
vt 0.00000 0.82723
vt 0.00000 0.90525
f 383/2143 481/2144 482/2145
vt -0.10044 0.82723
vt 0.00000 0.90525
vt -0.10044 0.90525
f 383/2146 482/2147 384/2148
vt -0.10044 0.94381
vt 0.00000 0.94381
vt 0.00000 1.02183
f 385/2149 483/2150 484/2151
vt -0.10044 0.94381
vt 0.00000 1.02183
vt -0.10044 1.02183
f 385/2152 484/2153 386/2154
vt 1.06040 0.40907
vt 1.12442 0.40907
vt 1.12442 0.50951
f 388/2155 240/2156 241/2157
vt 1.06040 0.40907
vt 1.12442 0.50951
vt 1.06040 0.50951
f 388/2158 241/2159 458/2160
vt 0.21303 0.50951
vt 0.21303 0.40907
vt 0.32232 0.40907
f 233/2161 232/2162 401/2163
vt 0.21303 0.50951
vt 0.32232 0.40907
vt 0.32232 0.50951
f 233/2164 401/2165 471/2166
vt 0.36088 0.50951
vt 0.36088 0.40907
vt 0.43890 0.40907
f 470/2167 400/2168 399/2169
vt 0.36088 0.50951
vt 0.43890 0.40907
vt 0.43890 0.50951
f 470/2170 399/2171 469/2172
vt 0.47746 0.50951
vt 0.47746 0.40907
vt 0.55549 0.40907
f 468/2173 398/2174 397/2175
vt 0.47746 0.50951
vt 0.55549 0.40907
vt 0.55549 0.50951
f 468/2176 397/2177 467/2178
vt 0.59405 0.50951
vt 0.59405 0.40907
vt 0.67208 0.40907
f 466/2179 396/2180 395/2181
vt 0.59405 0.50951
vt 0.67208 0.40907
vt 0.67208 0.50951
f 466/2182 395/2183 465/2184
vt 0.71063 0.50951
vt 0.71063 0.40907
vt 0.78867 0.40907
f 464/2185 394/2186 393/2187
vt 0.71063 0.50951
vt 0.78867 0.40907
vt 0.78867 0.50951
f 464/2188 393/2189 463/2190
vt 0.82723 0.50951
vt 0.82723 0.40907
vt 0.90525 0.40907
f 462/2191 392/2192 391/2193
vt 0.82723 0.50951
vt 0.90525 0.40907
vt 0.90525 0.50951
f 462/2194 391/2195 461/2196
vt 0.94381 0.50951
vt 0.94381 0.40907
vt 1.02183 0.40907
f 460/2197 390/2198 389/2199
vt 0.94381 0.50951
vt 1.02183 0.40907
vt 1.02183 0.50951
f 460/2200 389/2201 459/2202
vt 0.00000 1.06040
vt 0.00000 1.12442
vt 0.10044 1.12442
f 443/2203 242/2204 243/2205
vt 0.00000 1.06040
vt 0.10044 1.12442
vt 0.10044 1.06040
f 443/2206 243/2207 444/2208
vt 0.10044 0.21303
vt 0.00000 0.21303
vt 0.00000 0.32232
f 235/2209 234/2210 430/2211
vt 0.10044 0.21303
vt 0.00000 0.32232
vt 0.10044 0.32232
f 235/2212 430/2213 457/2214
vt 0.10044 0.36088
vt 0.00000 0.36088
vt 0.00000 0.43890
f 456/2215 431/2216 432/2217
vt 0.10044 0.36088
vt 0.00000 0.43890
vt 0.10044 0.43890
f 456/2218 432/2219 455/2220
vt 0.10044 0.47746
vt 0.00000 0.47746
vt 0.00000 0.55549
f 454/2221 433/2222 434/2223
vt 0.10044 0.47746
vt 0.00000 0.55549
vt 0.10044 0.55549
f 454/2224 434/2225 453/2226
vt 0.10044 0.59405
vt 0.00000 0.59405
vt 0.00000 0.67208
f 452/2227 435/2228 436/2229
vt 0.10044 0.59405
vt 0.00000 0.67208
vt 0.10044 0.67208
f 452/2230 436/2231 451/2232
vt 0.10044 0.71063
vt 0.00000 0.71063
vt 0.00000 0.78866
f 450/2233 437/2234 438/2235
vt 0.10044 0.71063
vt 0.00000 0.78866
vt 0.10044 0.78867
f 450/2236 438/2237 449/2238
vt 0.10044 0.82723
vt 0.00000 0.82723
vt 0.00000 0.90525
f 448/2239 439/2240 440/2241
vt 0.10044 0.82723
vt 0.00000 0.90525
vt 0.10044 0.90525
f 448/2242 440/2243 447/2244
vt 0.10044 0.94381
vt 0.00000 0.94381
vt 0.00000 1.02183
f 446/2245 441/2246 442/2247
vt 0.10044 0.94381
vt 0.00000 1.02183
vt 0.10044 1.02183
f 446/2248 442/2249 445/2250
vt 1.06040 0.40907
vt 1.12442 0.40907
vt 1.12442 0.30863
f 415/2251 244/2252 245/2253
vt 1.06040 0.40907
vt 1.12442 0.30863
vt 1.06040 0.30863
f 415/2254 245/2255 416/2256
vt 0.21303 0.30863
vt 0.21303 0.40907
vt 0.32232 0.40907
f 237/2257 236/2258 402/2259
vt 0.21303 0.30863
vt 0.32232 0.40907
vt 0.32232 0.30863
f 237/2260 402/2261 429/2262
vt 0.36088 0.30863
vt 0.36088 0.40907
vt 0.43890 0.40907
f 428/2263 403/2264 404/2265
vt 0.36088 0.30863
vt 0.43890 0.40907
vt 0.43890 0.30863
f 428/2266 404/2267 427/2268
vt 0.47746 0.30863
vt 0.47746 0.40907
vt 0.55549 0.40907
f 426/2269 405/2270 406/2271
vt 0.47746 0.30863
vt 0.55549 0.40907
vt 0.55549 0.30863
f 426/2272 406/2273 425/2274
vt 0.59405 0.30863
vt 0.59405 0.40907
vt 0.67208 0.40907
f 424/2275 407/2276 408/2277
vt 0.59405 0.30863
vt 0.67208 0.40907
vt 0.67208 0.30863
f 424/2278 408/2279 423/2280
vt 0.71063 0.30863
vt 0.71063 0.40907
vt 0.78866 0.40907
f 422/2281 409/2282 410/2283
vt 0.71063 0.30863
vt 0.78866 0.40907
vt 0.78867 0.30863
f 422/2284 410/2285 421/2286
vt 0.82723 0.30863
vt 0.82723 0.40907
vt 0.90525 0.40907
f 420/2287 411/2288 412/2289
vt 0.82723 0.30863
vt 0.90525 0.40907
vt 0.90525 0.30863
f 420/2290 412/2291 419/2292
vt 0.94381 0.30863
vt 0.94381 0.40907
vt 1.02183 0.40907
f 418/2293 413/2294 414/2295
vt 0.94381 0.30863
vt 1.02183 0.40907
vt 1.02183 0.30863
f 418/2296 414/2297 417/2298
vt 1.06040 0.30863
vt 1.12442 0.30863
vt 1.12442 0.40907
f 387/2299 238/2300 240/2301
vt 1.06040 0.30863
vt 1.12442 0.40907
vt 1.06040 0.40907
f 387/2302 240/2303 388/2304
vt 0.21303 0.40907
vt 0.21303 0.30863
vt 0.32232 0.30863
f 232/2305 230/2306 374/2307
vt 0.21303 0.40907
vt 0.32232 0.30863
vt 0.32232 0.40907
f 232/2308 374/2309 401/2310
vt 0.36088 0.40907
vt 0.36088 0.30863
vt 0.43890 0.30863
f 400/2311 375/2312 376/2313
vt 0.36088 0.40907
vt 0.43890 0.30863
vt 0.43890 0.40907
f 400/2314 376/2315 399/2316
vt 0.47746 0.40907
vt 0.47746 0.30863
vt 0.55549 0.30863
f 398/2317 377/2318 378/2319
vt 0.47746 0.40907
vt 0.55549 0.30863
vt 0.55549 0.40907
f 398/2320 378/2321 397/2322
vt 0.59405 0.40907
vt 0.59405 0.30863
vt 0.67208 0.30863
f 396/2323 379/2324 380/2325
vt 0.59405 0.40907
vt 0.67208 0.30863
vt 0.67208 0.40907
f 396/2326 380/2327 395/2328
vt 0.71063 0.40907
vt 0.71063 0.30863
vt 0.78866 0.30863
f 394/2329 381/2330 382/2331
vt 0.71063 0.40907
vt 0.78866 0.30863
vt 0.78867 0.40907
f 394/2332 382/2333 393/2334
vt 0.82723 0.40907
vt 0.82723 0.30863
vt 0.90525 0.30863
f 392/2335 383/2336 384/2337
vt 0.82723 0.40907
vt 0.90525 0.30863
vt 0.90525 0.40907
f 392/2338 384/2339 391/2340
vt 0.94381 0.40907
vt 0.94381 0.30863
vt 1.02183 0.30863
f 390/2341 385/2342 386/2343
vt 0.94381 0.40907
vt 1.02183 0.30863
vt 1.02183 0.40907
f 390/2344 386/2345 389/2346
vt -0.10044 1.06040
vt -0.10044 1.12442
vt 0.00000 1.12442
f 458/2347 241/2348 242/2349
vt -0.10044 1.06040
vt 0.00000 1.12442
vt 0.00000 1.06040
f 458/2350 242/2351 443/2352
vt 1.06040 0.50951
vt 1.12442 0.50951
vt 1.12442 0.40907
f 444/2353 243/2354 244/2355
vt 1.06040 0.50951
vt 1.12442 0.40907
vt 1.06040 0.40907
f 444/2356 244/2357 415/2358
vt 1.78353 0.44184
vt 1.97626 0.44184
vt 1.97626 0.40907
f 501/2359 275/2360 276/2361
vt 1.78353 0.44184
vt 1.97626 0.40907
vt 1.78353 0.40907
f 501/2362 276/2363 496/2364
vt 0.03277 1.78353
vt 0.03277 1.97626
vt 0.00000 1.97626
f 500/2365 277/2366 271/2367
vt 0.03277 1.78353
vt 0.00000 1.97626
vt 0.00000 1.78353
f 500/2368 271/2369 497/2370
vt 0.00000 1.78353
vt 0.00000 1.97626
vt -0.03277 1.97626
f 497/2371 271/2372 270/2373
vt 0.00000 1.78353
vt -0.03277 1.97626
vt -0.03277 1.78353
f 497/2374 270/2375 495/2376
vt 1.78353 0.40907
vt 1.97626 0.40907
vt 1.97626 0.44184
f 499/2377 272/2378 273/2379
vt 1.78353 0.40907
vt 1.97626 0.44184
vt 1.78353 0.44184
f 499/2380 273/2381 494/2382
vt 0.00000 1.78353
vt 0.00000 1.97626
vt 0.03277 1.97626
f 498/2383 274/2384 275/2385
vt 0.00000 1.78353
vt 0.03277 1.97626
vt 0.03277 1.78353
f 498/2386 275/2387 501/2388
vt 1.78353 0.40907
vt 1.97626 0.40907
vt 1.97626 0.37630
f 496/2389 276/2390 277/2391
vt 1.78353 0.40907
vt 1.97626 0.37630
vt 1.78353 0.37630
f 496/2392 277/2393 500/2394
vt 1.78353 0.37630
vt 1.97626 0.37630
vt 1.97626 0.40907
f 495/2395 270/2396 272/2397
vt 1.78353 0.37630
vt 1.97626 0.40907
vt 1.78353 0.40907
f 495/2398 272/2399 499/2400
vt -0.03277 1.78353
vt -0.03277 1.97626
vt 0.00000 1.97626
f 494/2401 273/2402 274/2403
vt -0.03277 1.78353
vt 0.00000 1.97626
vt 0.00000 1.78353
f 494/2404 274/2405 498/2406
vt -0.03277 1.15414
vt -0.03277 1.62157
vt 0.00000 1.62157
f 265/2407 486/2408 487/2409
vt -0.03277 1.15414
vt 0.00000 1.62157
vt 0.00000 1.15414
f 265/2410 487/2411 266/2412
vt 1.15414 0.37630
vt 1.62157 0.37630
vt 1.62157 0.40907
f 262/2413 488/2414 489/2415
vt 1.15414 0.37630
vt 1.62157 0.40907
vt 1.15414 0.40907
f 262/2416 489/2417 264/2418
vt 1.15414 0.40907
vt 1.62157 0.40907
vt 1.62157 0.37630
f 268/2419 490/2420 491/2421
vt 1.15414 0.40907
vt 1.62157 0.37630
vt 1.15414 0.37630
f 268/2422 491/2423 269/2424
vt 0.00000 1.15414
vt 0.00000 1.62157
vt 0.03277 1.62157
f 266/2425 487/2426 492/2427
vt 0.00000 1.15414
vt 0.03277 1.62157
vt 0.03277 1.15414
f 266/2428 492/2429 267/2430
vt 1.15414 0.40907
vt 1.62157 0.40907
vt 1.62157 0.44184
f 264/2431 489/2432 486/2433
vt 1.15414 0.40907
vt 1.62157 0.44184
vt 1.15414 0.44184
f 264/2434 486/2435 265/2436
vt 0.00000 1.15414
vt 0.00000 1.62157
vt -0.03277 1.62157
f 263/2437 493/2438 488/2439
vt 0.00000 1.15414
vt -0.03277 1.62157
vt -0.03277 1.15414
f 263/2440 488/2441 262/2442
vt 0.03277 1.15414
vt 0.03277 1.62157
vt 0.00000 1.62157
f 269/2443 491/2444 493/2445
vt 0.03277 1.15414
vt 0.00000 1.62157
vt 0.00000 1.15414
f 269/2446 493/2447 263/2448
vt 1.15414 0.44184
vt 1.62157 0.44184
vt 1.62157 0.40907
f 267/2449 492/2450 490/2451
vt 1.15414 0.44184
vt 1.62157 0.40907
vt 1.15414 0.40907
f 267/2452 490/2453 268/2454
vt -0.03277 1.78353
vt 0.00000 1.78353
vt 0.00000 1.76481
f 494/2455 498/2456 502/2457
vt -0.03277 1.78353
vt 0.00000 1.76481
vt -0.02733 1.76481
f 494/2458 502/2459 514/2460
vt 1.62157 0.40907
vt 1.62157 0.37630
vt 1.64029 0.38362
f 489/2461 488/2462 511/2463
vt 1.62157 0.40907
vt 1.64029 0.38362
vt 1.64029 0.40907
f 489/2464 511/2465 505/2466
vt 1.78353 0.44184
vt 1.78353 0.40907
vt 1.76481 0.40907
f 501/2467 496/2468 516/2469
vt 1.78353 0.44184
vt 1.76481 0.40907
vt 1.76481 0.43452
f 501/2470 516/2471 508/2472
vt 0.00000 1.62157
vt -0.03277 1.62157
vt -0.02733 1.64029
f 487/2473 486/2474 510/2475
vt 0.00000 1.62157
vt -0.02733 1.64029
vt 0.00000 1.64029
f 487/2476 510/2477 503/2478
vt 0.03277 1.78353
vt 0.00000 1.78353
vt 0.00000 1.76481
f 500/2479 497/2480 517/2481
vt 0.03277 1.78353
vt 0.00000 1.76481
vt 0.02733 1.76481
f 500/2482 517/2483 506/2484
vt 1.62157 0.40907
vt 1.62157 0.44184
vt 1.64029 0.43452
f 490/2485 492/2486 509/2487
vt 1.62157 0.40907
vt 1.64029 0.43452
vt 1.64029 0.40907
f 490/2488 509/2489 512/2490
vt 0.00000 1.78353
vt -0.03277 1.78353
vt -0.02733 1.76481
f 497/2491 495/2492 515/2493
vt 0.00000 1.78353
vt -0.02733 1.76481
vt 0.00000 1.76481
f 497/2494 515/2495 517/2496
vt 0.00000 1.62157
vt 0.03277 1.62157
vt 0.02733 1.64029
f 493/2497 491/2498 507/2499
vt 0.00000 1.62157
vt 0.02733 1.64029
vt 0.00000 1.64029
f 493/2500 507/2501 513/2502
vt -0.02733 1.64029
vt -0.02733 1.76481
vt 0.00000 1.76481
f 510/2503 514/2504 502/2505
vt -0.02733 1.64029
vt 0.00000 1.76481
vt 0.00000 1.64029
f 510/2506 502/2507 503/2508
vt 1.64029 0.38362
vt 1.76481 0.38362
vt 1.76481 0.40907
f 511/2509 515/2510 504/2511
vt 1.64029 0.38362
vt 1.76481 0.40907
vt 1.64029 0.40907
f 511/2512 504/2513 505/2514
vt 1.64029 0.40907
vt 1.76481 0.40907
vt 1.76481 0.38362
f 512/2515 516/2516 506/2517
vt 1.64029 0.40907
vt 1.76481 0.38362
vt 1.64029 0.38362
f 512/2518 506/2519 507/2520
vt 0.00000 1.64029
vt 0.00000 1.76481
vt 0.02733 1.76481
f 503/2521 502/2522 508/2523
vt 0.00000 1.64029
vt 0.02733 1.76481
vt 0.02733 1.64029
f 503/2524 508/2525 509/2526
vt 1.64029 0.40907
vt 1.76481 0.40907
vt 1.76481 0.43452
f 505/2527 504/2528 514/2529
vt 1.64029 0.40907
vt 1.76481 0.43452
vt 1.64029 0.43452
f 505/2530 514/2531 510/2532
vt 0.00000 1.64029
vt 0.00000 1.76481
vt -0.02733 1.76481
f 513/2533 517/2534 515/2535
vt 0.00000 1.64029
vt -0.02733 1.76481
vt -0.02733 1.64029
f 513/2536 515/2537 511/2538
vt 0.02733 1.64029
vt 0.02733 1.76481
vt 0.00000 1.76481
f 507/2539 506/2540 517/2541
vt 0.02733 1.64029
vt 0.00000 1.76481
vt 0.00000 1.64029
f 507/2542 517/2543 513/2544
vt 1.64029 0.43452
vt 1.76481 0.43452
vt 1.76481 0.40907
f 509/2545 508/2546 516/2547
vt 1.64029 0.43452
vt 1.76481 0.40907
vt 1.64029 0.40907
f 509/2548 516/2549 512/2550
vt 1.62157 0.37630
vt 1.62157 0.40907
vt 1.64029 0.40907
f 491/2551 490/2552 512/2553
vt 1.62157 0.37630
vt 1.64029 0.40907
vt 1.64029 0.38362
f 491/2554 512/2555 507/2556
vt 1.78353 0.37630
vt 1.78353 0.40907
vt 1.76481 0.40907
f 495/2557 499/2558 504/2559
vt 1.78353 0.37630
vt 1.76481 0.40907
vt 1.76481 0.38362
f 495/2560 504/2561 515/2562
vt 0.03277 1.62157
vt 0.00000 1.62157
vt 0.00000 1.64029
f 492/2563 487/2564 503/2565
vt 0.03277 1.62157
vt 0.00000 1.64029
vt 0.02733 1.64029
f 492/2566 503/2567 509/2568
vt 1.78353 0.40907
vt 1.78353 0.37630
vt 1.76481 0.38362
f 496/2569 500/2570 506/2571
vt 1.78353 0.40907
vt 1.76481 0.38362
vt 1.76481 0.40907
f 496/2572 506/2573 516/2574
vt 1.62157 0.44184
vt 1.62157 0.40907
vt 1.64029 0.40907
f 486/2575 489/2576 505/2577
vt 1.62157 0.44184
vt 1.64029 0.40907
vt 1.64029 0.43452
f 486/2578 505/2579 510/2580
vt 0.00000 1.78353
vt 0.03277 1.78353
vt 0.02733 1.76481
f 498/2581 501/2582 508/2583
vt 0.00000 1.78353
vt 0.02733 1.76481
vt 0.00000 1.76481
f 498/2584 508/2585 502/2586
vt -0.03277 1.62157
vt 0.00000 1.62157
vt 0.00000 1.64029
f 488/2587 493/2588 513/2589
vt -0.03277 1.62157
vt 0.00000 1.64029
vt -0.02733 1.64029
f 488/2590 513/2591 511/2592
vt 1.78353 0.40907
vt 1.78353 0.44184
vt 1.76481 0.43452
f 499/2593 494/2594 514/2595
vt 1.78353 0.40907
vt 1.76481 0.43452
vt 1.76481 0.40907
f 499/2596 514/2597 504/2598
o Panel
g Panel
usemtl Blush
v -0.10214 0.30561 -0.69266
v 0.10568 0.30561 -0.69266
v 0.10568 0.18945 -0.69266
v -0.10214 0.18945 -0.69266
v 0.10568 0.02133 -0.76436
v -0.10214 0.02133 -0.76436
v -0.10214 0.15488 -0.75090
v 0.10568 0.15488 -0.75090
v 0.10568 -0.03309 -0.83964
v 0.10568 -0.00587 -0.71475
v -0.10214 -0.00587 -0.71475
v -0.10214 -0.03364 -0.71475
v 0.10568 -0.03364 -0.71475
v 0.10568 -0.00585 -0.46567
v -0.10214 -0.00585 -0.46567
v -0.10214 -0.03364 -0.46567
v 0.10568 -0.03364 -0.46651
v 0.10568 0.30561 -0.46567
v -0.10214 0.30561 -0.46567
v 0.10568 0.18945 -0.46567
v -0.10214 0.18945 -0.46567
v 0.10568 0.13562 -0.43525
v -0.10214 0.13562 -0.43525
v 0.10568 0.04377 -0.43148
v -0.10214 0.04377 -0.43148
v -0.10214 -0.04284 -0.46499
v 0.10568 -0.04284 -0.46583
v 0.10568 0.08624 -0.77083
v -0.10214 0.08624 -0.77083
v -0.06313 0.30561 -1.15201
v -0.10214 0.30561 -0.99625
v -0.08725 0.30561 -1.12405
v 0.10568 0.30561 -0.99625
v 0.06667 0.30561 -1.15201
v 0.09079 0.30561 -1.12405
v 0.10568 0.21881 -0.96515
v 0.06667 0.23017 -1.07057
v 0.09079 0.22684 -1.03969
v -0.06313 0.23017 -1.07057
v -0.10214 0.21881 -0.96515
v -0.08725 0.22684 -1.03969
v -0.10214 0.15281 -0.96071
v 0.08782 0.30561 0.05735
v 0.10568 0.30561 -0.01846
v -0.10214 0.30561 -0.01846
v -0.08428 0.30561 0.05735
v 0.08782 0.18945 0.05735
v 0.10568 0.18945 -0.01846
v -0.10214 0.18945 -0.01846
v -0.08428 0.18945 0.05735
v 0.08782 0.13562 0.05735
v 0.10568 0.13562 -0.01846
v -0.10214 0.13562 -0.01846
v -0.08428 0.13562 0.05735
v 0.08782 0.12650 0.05735
v 0.10568 0.12494 -0.01846
v -0.10214 0.12494 -0.01846
v -0.08428 0.12650 0.05735
v 0.08782 0.11012 0.05735
v 0.10568 0.10384 -0.01846
v -0.10214 0.10384 -0.01846
v -0.08428 0.11012 0.05735
v 0.08782 0.08579 0.05735
v 0.10568 0.07220 -0.01846
v -0.10214 0.07219 -0.01846
v -0.08428 0.08579 0.05735
v 0.08782 0.07659 0.05803
v 0.10568 0.06300 -0.01778
v -0.10214 0.06300 -0.01778
v -0.08428 0.07659 0.05803
v 0.10568 0.02436 -0.83964
v -0.10214 -0.03309 -0.83964
v -0.08725 0.15281 -1.03522
v -0.06313 0.15281 -1.06609
v 0.10568 0.15281 -0.96071
v 0.09079 0.15281 -1.03522
v 0.06667 0.15281 -1.06609
v 0.10568 0.15281 -0.88498
v -0.10214 0.15281 -0.88498
v -0.10214 0.02436 -0.83964
v -0.10214 0.08819 -0.83964
v 0.10568 0.08819 -0.83964
vt -0.57722 0.25467
vt -0.83021 0.25467
vt -0.80429 0.18234
f 518/2599 548/2600 557/2601
vt -0.57722 0.25467
vt -0.80429 0.18234
vt -0.57722 0.15788
f 518/2602 557/2603 521/2604
vt 0.08807 -0.57722
vt -0.08512 -0.57722
vt -0.08512 -0.38806
f 519/2605 518/2606 536/2607
vt 0.08807 -0.57722
vt -0.08512 -0.38806
vt 0.08807 -0.38806
f 519/2608 536/2609 535/2610
vt -0.05261 -0.96001
vt -0.07271 -0.93671
vt -0.08512 -0.83021
f 547/2611 549/2612 548/2613
vt -0.05261 -0.96001
vt -0.08512 -0.83021
vt -0.08512 -0.57722
f 547/2614 548/2615 518/2616
vt -0.05261 -0.96001
vt -0.08512 -0.57722
vt 0.08807 -0.57722
f 547/2617 518/2618 519/2619
vt -0.05261 -0.96001
vt 0.08807 -0.57722
vt 0.08807 -0.83021
f 547/2620 519/2621 550/2622
vt -0.05261 -0.96001
vt 0.08807 -0.83021
vt 0.07566 -0.93671
f 547/2623 550/2624 552/2625
vt -0.05261 -0.96001
vt 0.07566 -0.93671
vt 0.05556 -0.96001
f 547/2626 552/2627 551/2628
vt -0.83021 0.25467
vt -0.57722 0.25467
vt -0.57722 0.15788
f 550/2629 519/2630 520/2631
vt -0.83021 0.25467
vt -0.57722 0.15788
vt -0.80429 0.18234
f 550/2632 520/2633 553/2634
vt -0.05261 0.19181
vt 0.05556 0.19181
vt 0.05556 0.12734
f 556/2635 554/2636 594/2637
vt -0.05261 0.19181
vt 0.05556 0.12734
vt -0.05261 0.12734
f 556/2638 594/2639 591/2640
vt -0.63697 0.01777
vt -0.69970 0.02030
vt -0.69970 -0.02758
f 523/2641 597/2642 589/2643
vt 0.08807 0.07187
vt -0.08512 0.07187
vt -0.08512 0.01777
f 545/2644 546/2645 523/2646
vt 0.08807 0.07187
vt -0.08512 0.01777
vt 0.08807 0.01777
f 545/2647 523/2648 522/2649
vt 0.08807 -0.57722
vt -0.08512 -0.57722
vt -0.08512 -0.62575
f 520/2650 521/2651 524/2652
vt 0.08807 -0.57722
vt -0.08512 -0.62575
vt 0.08807 -0.62575
f 520/2653 524/2654 525/2655
vt -0.57722 0.15788
vt -0.80429 0.18234
vt -0.80059 0.12734
f 521/2656 557/2657 559/2658
vt -0.57722 0.15788
vt -0.80059 0.12734
vt -0.73748 0.12734
f 521/2659 559/2660 596/2661
vt -0.57722 0.15788
vt -0.73748 0.12734
vt -0.62575 0.12907
f 521/2662 596/2663 524/2664
vt -0.80429 0.18234
vt -0.57722 0.15788
vt -0.62575 0.12907
f 553/2665 520/2666 525/2667
vt -0.80429 0.18234
vt -0.62575 0.12907
vt -0.73748 0.12734
f 553/2668 525/2669 595/2670
vt -0.80429 0.18234
vt -0.73748 0.12734
vt -0.80059 0.12734
f 553/2671 595/2672 592/2673
vt -0.64236 0.07187
vt -0.69970 0.07349
vt -0.69970 0.02030
f 546/2674 598/2675 597/2676
vt -0.64236 0.07187
vt -0.69970 0.02030
vt -0.63697 0.01777
f 546/2677 597/2678 523/2679
vt -0.63697 0.01777
vt -0.69970 -0.02758
vt -0.59563 -0.02803
f 523/2680 589/2681 529/2682
vt -0.63697 0.01777
vt -0.59563 -0.02803
vt -0.59563 -0.00489
f 523/2683 529/2684 528/2685
vt -0.69970 -0.02758
vt -0.63697 0.01777
vt -0.59563 -0.00489
f 526/2686 522/2687 527/2688
vt -0.69970 -0.02758
vt -0.59563 -0.00489
vt -0.59563 -0.02803
f 526/2689 527/2690 530/2691
vt 0.08807 -0.63697
vt -0.08512 -0.63697
vt -0.08512 -0.59563
f 522/2692 523/2693 528/2694
vt 0.08807 -0.63697
vt -0.08512 -0.59563
vt 0.08807 -0.59563
f 522/2695 528/2696 527/2697
vt -0.08512 -0.69970
vt 0.08807 -0.69970
vt 0.08807 -0.59563
f 589/2698 526/2699 530/2700
vt -0.08512 -0.69970
vt 0.08807 -0.59563
vt -0.08512 -0.59563
f 589/2701 530/2702 529/2703
vt -0.01538 0.06016
vt -0.38806 -0.02803
vt -0.38749 -0.03570
f 582/2704 533/2705 543/2706
vt -0.01538 0.06016
vt -0.38749 -0.03570
vt -0.01482 0.05250
f 582/2707 543/2708 586/2709
vt -0.59563 -0.02803
vt -0.59563 -0.00489
vt -0.38806 -0.00487
f 530/2710 527/2711 531/2712
vt -0.59563 -0.02803
vt -0.38806 -0.00487
vt -0.38876 -0.02803
f 530/2713 531/2714 534/2715
vt 0.08807 -0.59563
vt -0.08512 -0.59563
vt -0.08512 -0.38806
f 527/2716 528/2717 532/2718
vt 0.08807 -0.59563
vt -0.08512 -0.38806
vt 0.08807 -0.38806
f 527/2719 532/2720 531/2721
vt -0.08512 -0.59563
vt 0.08807 -0.59563
vt 0.08807 -0.38876
f 529/2722 530/2723 534/2724
vt -0.08512 -0.59563
vt 0.08807 -0.38876
vt -0.08512 -0.38806
f 529/2725 534/2726 533/2727
vt -0.38806 0.25467
vt -0.38806 0.15788
vt -0.01538 0.15788
f 536/2728 538/2729 566/2730
vt -0.38806 0.25467
vt -0.01538 0.15788
vt -0.01538 0.25467
f 536/2731 566/2732 562/2733
vt -0.57722 0.15788
vt -0.57722 0.25467
vt -0.38806 0.25467
f 520/2734 519/2735 535/2736
vt -0.57722 0.15788
vt -0.38806 0.25467
vt -0.38806 0.15788
f 520/2737 535/2738 537/2739
vt -0.57722 0.25467
vt -0.57722 0.15788
vt -0.38806 0.15788
f 518/2740 521/2741 538/2742
vt -0.57722 0.25467
vt -0.38806 0.15788
vt -0.38806 0.25467
f 518/2743 538/2744 536/2745
vt -0.08512 -0.57722
vt 0.08807 -0.57722
vt 0.08807 -0.38806
f 521/2746 520/2747 537/2748
vt -0.08512 -0.57722
vt 0.08807 -0.38806
vt -0.08512 -0.38806
f 521/2749 537/2750 538/2751
vt -0.38806 0.15788
vt -0.38806 0.25467
vt -0.01538 0.25467
f 537/2752 535/2753 561/2754
vt -0.38806 0.15788
vt -0.01538 0.25467
vt -0.01538 0.15788
f 537/2755 561/2756 565/2757
vt 0.07318 0.11302
vt -0.07023 0.11302
vt -0.07023 0.10542
f 568/2758 571/2759 575/2760
vt 0.07318 0.11302
vt -0.07023 0.10542
vt 0.07318 0.10542
f 568/2761 575/2762 572/2763
vt 0.07318 0.15788
vt -0.07023 0.15788
vt -0.07023 0.11302
f 564/2764 567/2765 571/2766
vt 0.07318 0.15788
vt -0.07023 0.11302
vt 0.07318 0.11302
f 564/2767 571/2768 568/2769
vt 0.07318 0.25467
vt -0.07023 0.25467
vt -0.07023 0.15788
f 560/2770 563/2771 567/2772
vt 0.07318 0.25467
vt -0.07023 0.15788
vt 0.07318 0.15788
f 560/2773 567/2774 564/2775
vt -0.08512 0.11302
vt 0.08807 0.11302
vt 0.08807 0.03648
f 540/2776 539/2777 541/2778
vt -0.08512 0.11302
vt 0.08807 0.03648
vt -0.08512 0.03648
f 540/2779 541/2780 542/2781
vt -0.08512 0.15788
vt 0.08807 0.15788
vt 0.08807 0.11302
f 538/2782 537/2783 539/2784
vt -0.08512 0.15788
vt 0.08807 0.11302
vt -0.08512 0.11302
f 538/2785 539/2786 540/2787
vt -0.01538 0.15788
vt -0.38806 0.15788
vt -0.36271 0.11302
f 566/2788 538/2789 540/2790
vt -0.01538 0.15788
vt -0.36271 0.11302
vt -0.01538 0.11302
f 566/2791 540/2792 570/2793
vt -0.38806 0.15788
vt -0.01538 0.15788
vt -0.01538 0.11302
f 537/2794 565/2795 569/2796
vt -0.38806 0.15788
vt -0.01538 0.11302
vt -0.36271 0.11302
f 537/2797 569/2798 539/2799
vt 0.07318 0.09177
vt -0.07023 0.09177
vt -0.07023 0.07149
f 576/2800 579/2801 583/2802
vt 0.07318 0.09177
vt -0.07023 0.07149
vt 0.07318 0.07149
f 576/2803 583/2804 580/2805
vt 0.07318 0.10542
vt -0.07023 0.10542
vt -0.07023 0.09177
f 572/2806 575/2807 579/2808
vt 0.07318 0.10542
vt -0.07023 0.09177
vt 0.07318 0.09177
f 572/2809 579/2810 576/2811
vt -0.36271 0.11302
vt -0.01538 0.11302
vt -0.01538 0.10412
f 539/2812 569/2813 573/2814
vt -0.36271 0.11302
vt -0.01538 0.10412
vt -0.35957 0.03648
f 539/2815 573/2816 541/2817
vt -0.01538 0.11302
vt -0.36271 0.11302
vt -0.35957 0.03648
f 570/2818 540/2819 542/2820
vt -0.01538 0.11302
vt -0.35957 0.03648
vt -0.01538 0.10412
f 570/2821 542/2822 574/2823
vt -0.35957 0.03648
vt -0.01538 0.10412
vt -0.01538 0.08653
f 541/2824 573/2825 577/2826
vt -0.35957 0.03648
vt -0.01538 0.08653
vt -0.38806 -0.00487
f 541/2827 577/2828 531/2829
vt -0.01538 0.10412
vt -0.35957 0.03648
vt -0.38806 -0.00487
f 574/2830 542/2831 532/2832
vt -0.01538 0.10412
vt -0.38806 -0.00487
vt -0.01538 0.08653
f 574/2833 532/2834 578/2835
vt -0.08512 0.03648
vt 0.08807 0.03648
vt 0.08807 -0.00487
f 542/2836 541/2837 531/2838
vt -0.08512 0.03648
vt 0.08807 -0.00487
vt -0.08512 -0.00487
f 542/2839 531/2840 532/2841
vt -0.01538 0.08653
vt -0.38806 -0.00487
vt -0.38806 -0.02803
f 578/2842 532/2843 533/2844
vt -0.01538 0.08653
vt -0.38806 -0.02803
vt -0.01538 0.06016
f 578/2845 533/2846 582/2847
vt 0.07318 0.07149
vt -0.07023 0.07149
vt -0.07023 0.06383
f 580/2848 583/2849 587/2850
vt 0.07318 0.07149
vt -0.07023 0.06383
vt 0.07318 0.06383
f 580/2851 587/2852 584/2853
vt -0.38806 -0.00487
vt -0.01538 0.08653
vt -0.01538 0.06017
f 531/2854 577/2855 581/2856
vt -0.38806 -0.00487
vt -0.01538 0.06017
vt -0.38876 -0.02803
f 531/2857 581/2858 534/2859
vt -0.38876 -0.02803
vt -0.01538 0.06017
vt -0.01482 0.05250
f 534/2860 581/2861 585/2862
vt -0.38876 -0.02803
vt -0.01482 0.05250
vt -0.38819 -0.03570
f 534/2863 585/2864 544/2865
vt -0.08512 -0.02803
vt 0.08807 -0.02803
vt 0.08807 -0.03570
f 533/2866 534/2867 544/2868
vt -0.08512 -0.02803
vt 0.08807 -0.03570
vt -0.08512 -0.03570
f 533/2869 544/2870 543/2871
vt 0.08807 0.12907
vt -0.08512 0.12907
vt -0.08512 0.07187
f 525/2872 524/2873 546/2874
vt 0.08807 0.12907
vt -0.08512 0.07187
vt 0.08807 0.07187
f 525/2875 546/2876 545/2877
vt -0.62575 0.12907
vt -0.73748 0.12734
vt -0.69970 0.07349
f 524/2878 596/2879 598/2880
vt -0.62575 0.12907
vt -0.69970 0.07349
vt -0.64236 0.07187
f 524/2881 598/2882 546/2883
vt -0.83021 0.25467
vt -0.80429 0.18234
vt -0.86641 0.18903
f 550/2884 553/2885 555/2886
vt -0.83021 0.25467
vt -0.86641 0.18903
vt -0.93671 0.25467
f 550/2887 555/2888 552/2889
vt -0.93671 0.25467
vt -0.86641 0.18903
vt -0.89214 0.19181
f 552/2890 555/2891 554/2892
vt -0.93671 0.25467
vt -0.89214 0.19181
vt -0.96001 0.25467
f 552/2893 554/2894 551/2895
vt -0.80429 0.18234
vt -0.83021 0.25467
vt -0.93671 0.25467
f 557/2896 548/2897 549/2898
vt -0.80429 0.18234
vt -0.93671 0.25467
vt -0.86641 0.18903
f 557/2899 549/2900 558/2901
vt -0.86641 0.18903
vt -0.93671 0.25467
vt -0.96001 0.25467
f 558/2902 549/2903 547/2904
vt -0.86641 0.18903
vt -0.96001 0.25467
vt -0.89214 0.19181
f 558/2905 547/2906 556/2907
vt -0.80059 0.12734
vt -0.80429 0.18234
vt -0.86641 0.18903
f 559/2908 557/2909 558/2910
vt -0.80059 0.12734
vt -0.86641 0.18903
vt -0.86268 0.12734
f 559/2911 558/2912 590/2913
vt -0.86268 0.12734
vt -0.86641 0.18903
vt -0.89214 0.19181
f 590/2914 558/2915 556/2916
vt -0.86268 0.12734
vt -0.89214 0.19181
vt -0.88841 0.12734
f 590/2917 556/2918 591/2919
vt -0.80429 0.18234
vt -0.80059 0.12734
vt -0.86268 0.12734
f 553/2920 592/2921 593/2922
vt -0.80429 0.18234
vt -0.86268 0.12734
vt -0.86641 0.18903
f 553/2923 593/2924 555/2925
vt -0.86641 0.18903
vt -0.86268 0.12734
vt -0.88841 0.12734
f 555/2926 593/2927 594/2928
vt -0.86641 0.18903
vt -0.88841 0.12734
vt -0.89214 0.19181
f 555/2929 594/2930 554/2931
vt -0.05261 -0.96001
vt 0.05556 -0.96001
vt 0.05556 -0.89214
f 547/2932 551/2933 554/2934
vt -0.05261 -0.96001
vt 0.05556 -0.89214
vt -0.05261 -0.89214
f 547/2935 554/2936 556/2937
vt -0.01538 0.25467
vt -0.01538 0.15788
vt 0.04779 0.15788
f 562/2938 566/2939 567/2940
vt -0.01538 0.25467
vt 0.04779 0.15788
vt 0.04779 0.25467
f 562/2941 567/2942 563/2943
vt -0.01538 0.15788
vt -0.01538 0.25467
vt 0.04779 0.25467
f 565/2944 561/2945 560/2946
vt -0.01538 0.15788
vt 0.04779 0.25467
vt 0.04779 0.15788
f 565/2947 560/2948 564/2949
vt 0.04779 0.11302
vt 0.04779 0.15788
vt -0.01538 0.15788
f 571/2950 567/2951 566/2952
vt 0.04779 0.11302
vt -0.01538 0.15788
vt -0.01538 0.11302
f 571/2953 566/2954 570/2955
vt 0.04779 0.15788
vt 0.04779 0.11302
vt -0.01538 0.11302
f 564/2956 568/2957 569/2958
vt 0.04779 0.15788
vt -0.01538 0.11302
vt -0.01538 0.15788
f 564/2959 569/2960 565/2961
vt 0.04779 0.10542
vt 0.04779 0.11302
vt -0.01538 0.11302
f 575/2962 571/2963 570/2964
vt 0.04779 0.10542
vt -0.01538 0.11302
vt -0.01538 0.10412
f 575/2965 570/2966 574/2967
vt -0.01538 0.10412
vt -0.01538 0.11302
vt 0.04779 0.11302
f 573/2968 569/2969 568/2970
vt -0.01538 0.10412
vt 0.04779 0.11302
vt 0.04779 0.10542
f 573/2971 568/2972 572/2973
vt 0.04779 0.09177
vt 0.04779 0.10542
vt -0.01538 0.10412
f 579/2974 575/2975 574/2976
vt 0.04779 0.09177
vt -0.01538 0.10412
vt -0.01538 0.08653
f 579/2977 574/2978 578/2979
vt -0.01538 0.08653
vt -0.01538 0.10412
vt 0.04779 0.10542
f 577/2980 573/2981 572/2982
vt -0.01538 0.08653
vt 0.04779 0.10542
vt 0.04779 0.09177
f 577/2983 572/2984 576/2985
vt 0.04779 0.09177
vt 0.04779 0.07149
vt -0.01538 0.06017
f 576/2986 580/2987 581/2988
vt 0.04779 0.09177
vt -0.01538 0.06017
vt -0.01538 0.08653
f 576/2989 581/2990 577/2991
vt 0.04779 0.07149
vt 0.04779 0.09177
vt -0.01538 0.08653
f 583/2992 579/2993 578/2994
vt 0.04779 0.07149
vt -0.01538 0.08653
vt -0.01538 0.06016
f 583/2995 578/2996 582/2997
vt 0.04779 0.07149
vt 0.04836 0.06383
vt -0.01482 0.05250
f 580/2998 584/2999 585/3000
vt 0.04779 0.07149
vt -0.01482 0.05250
vt -0.01538 0.06017
f 580/3001 585/3002 581/3003
vt -0.01538 0.06016
vt -0.01482 0.05250
vt 0.04836 0.06383
f 582/3004 586/3005 587/3006
vt -0.01538 0.06016
vt 0.04836 0.06383
vt 0.04779 0.07149
f 582/3007 587/3008 583/3009
vt 0.08807 -0.38806
vt -0.08512 -0.38806
vt -0.08512 -0.01538
f 535/3010 536/3011 562/3012
vt 0.08807 -0.38806
vt -0.08512 -0.01538
vt -0.07023 0.04779
f 535/3013 562/3014 563/3015
vt 0.08807 -0.38806
vt -0.07023 0.04779
vt 0.07318 0.04779
f 535/3016 563/3017 560/3018
vt 0.08807 -0.38806
vt 0.07318 0.04779
vt 0.08807 -0.01538
f 535/3019 560/3020 561/3021
vt -0.59563 -0.00489
vt -0.59563 -0.02803
vt -0.38806 -0.02803
f 528/3022 529/3023 533/3024
vt -0.59563 -0.00489
vt -0.38806 -0.02803
vt -0.38806 -0.00487
f 528/3025 533/3026 532/3027
vt -0.69970 0.07349
vt -0.73748 0.12734
vt -0.62575 0.12907
f 599/3028 595/3029 525/3030
vt -0.69970 0.07349
vt -0.62575 0.12907
vt -0.64236 0.07187
f 599/3031 525/3032 545/3033
vt -0.69970 -0.02758
vt -0.69970 0.02030
vt -0.63697 0.01777
f 526/3034 588/3035 522/3036
vt -0.69970 0.02030
vt -0.69970 0.07349
vt -0.64236 0.07187
f 588/3037 599/3038 545/3039
vt -0.69970 0.02030
vt -0.64236 0.07187
vt -0.63697 0.01777
f 588/3040 545/3041 522/3042
o Grip
g Grip
usemtl Bubblegum
v -0.11722 -0.42088 -1.05416
v 0.12076 -0.42088 -1.05416
v 0.12811 -0.49821 -1.08352
v -0.12457 -0.49821 -1.08352
v 0.12811 -0.43344 -1.04233
v -0.12457 -0.43344 -1.04233
v 0.12811 -0.49978 -1.03110
v -0.12457 -0.49978 -1.03110
v 0.12811 -0.47250 -1.01646
v -0.12457 -0.47250 -1.01646
v -0.07254 -0.34064 -1.37600
v -0.11722 -0.36490 -1.27869
v -0.10016 -0.34774 -1.34750
v 0.07608 -0.34064 -1.37600
v 0.12076 -0.36490 -1.27869
v 0.10371 -0.34774 -1.34750
v 0.08188 -0.40138 -1.42734
v 0.12811 -0.42820 -1.33211
v 0.11041 -0.40924 -1.39945
v -0.12457 -0.42820 -1.33211
v -0.07834 -0.40138 -1.42734
v -0.10687 -0.40924 -1.39945
v -0.07834 -0.34824 -1.38407
v -0.12457 -0.37250 -1.28676
v -0.10687 -0.35535 -1.35557
v 0.12811 -0.37250 -1.28676
v 0.08188 -0.34824 -1.38407
v 0.11041 -0.35535 -1.35557
v -0.10627 0.44422 -0.33231
v -0.10627 0.41068 -0.29878
v -0.10627 0.41068 -0.02830
v -0.10627 0.44422 0.00524
v -0.10627 0.50980 -0.29878
v -0.10627 0.47626 -0.33231
v -0.10627 0.47626 0.00524
v -0.10627 0.50980 -0.02830
v -0.02484 0.49024 1.37932
v -0.02484 0.57392 1.37932
v 0.02451 0.49024 1.37932
v 0.02451 0.57392 1.37932
v -0.02484 0.49024 1.47034
v -0.02484 0.57392 1.47034
v 0.02451 0.49024 1.47034
v 0.02451 0.57392 1.47034
v -0.02484 0.63532 1.37932
v 0.02451 0.63532 1.37932
v 0.02451 0.63532 1.44710
v -0.02484 0.63532 1.44710
v -0.02484 0.86162 1.54657
v 0.02451 0.86162 1.54657
v 0.02451 0.82714 1.58048
v -0.02484 0.82714 1.58048
v -0.02484 0.86162 1.71077
v 0.02451 0.86162 1.71077
v 0.02451 0.82714 1.71077
v -0.02484 0.82714 1.71077
v -0.02484 0.93692 1.61071
v 0.02451 0.93692 1.61071
v -0.02484 0.93482 1.71077
v 0.02451 0.93482 1.71077
v -0.02484 0.82714 1.61623
v -0.02484 0.86162 1.63715
v 0.02451 0.86162 1.63715
v 0.02451 0.82714 1.61623
v -0.02484 0.95260 1.66074
v 0.02451 0.95260 1.66074
v 0.02451 0.73999 1.71077
v -0.02484 0.73999 1.71077
v -0.02484 0.73999 1.61623
v 0.02451 0.73999 1.61623
v -0.02484 0.82714 1.65927
v 0.02451 0.86162 1.67066
v 0.02451 0.94451 1.68352
v -0.02484 0.86162 1.67066
v 0.02451 0.82714 1.65927
v -0.02484 0.94451 1.68352
v -0.02484 0.73999 1.65927
v 0.02451 0.73999 1.65927
v 0.02451 0.63532 1.71077
v -0.02484 0.63532 1.71077
v -0.02484 0.63532 1.65927
v 0.02451 0.63532 1.65927
v 0.02451 0.57392 1.71077
v -0.02484 0.57392 1.71077
v -0.02484 0.57392 1.62580
v 0.02451 0.57392 1.62580
v 0.02451 0.47352 1.71077
v -0.02484 0.47352 1.71077
v -0.02484 0.47352 1.62580
v 0.02451 0.47352 1.62580
v -0.10214 -0.04284 -0.46499
v 0.10568 -0.04284 -0.46583
v -0.10941 -0.04349 -0.47371
v 0.11250 -0.04349 -0.47459
v -0.10940 -0.07825 -0.47114
v 0.11250 -0.07825 -0.47201
v 0.04933 -0.16442 -2.64424
v 0.11364 0.37120 -2.67322
v 0.03750 -0.20791 -2.64163
v -0.11010 0.37120 -2.67322
v 0.05423 0.36681 -2.65857
v 0.12071 0.37120 -2.68589
v -0.11717 0.37120 -2.68589
v 0.12071 0.37120 -2.75000
v -0.05069 0.36681 -2.65857
v -0.11717 0.37120 -2.75000
v 0.09764 0.62053 -1.19723
v -0.09109 0.62053 -1.19723
v 0.09764 0.62053 -0.63954
v -0.09109 0.62053 -0.63954
v 0.09764 0.69292 -1.19723
v -0.09109 0.69292 -1.19723
v 0.09764 0.69292 -0.63954
v -0.09109 0.69292 -0.63954
v 0.09764 0.62053 -1.13964
v -0.09109 0.62053 -1.13964
v 0.09764 0.69292 -1.13964
v -0.09109 0.69292 -1.13964
v -0.06306 0.73049 -1.13964
v -0.06306 0.73049 -0.63954
v 0.06962 0.73049 -0.63954
v 0.06962 0.73049 -1.13964
v -0.09109 0.62053 -0.68955
v -0.09109 0.69292 -0.68955
v 0.09764 0.62053 -0.68955
v 0.09764 0.69292 -0.68955
v -0.06306 0.73049 -0.68955
v 0.06962 0.73049 -0.68955
v 0.04424 0.82248 -0.72726
v 0.04424 0.82248 -1.10495
v -0.03768 0.82248 -1.10495
v -0.03768 0.82248 -0.72726
v 0.07797 -0.21546 -2.65593
v 0.11364 -0.06389 -2.66502
v 0.10319 -0.17107 -2.65859
v 0.11364 0.56384 -2.67598
v 0.07797 0.63109 -2.66719
v 0.10319 0.58817 -2.66976
v -0.11010 -0.06389 -2.66502
v -0.07443 -0.21546 -2.65593
v -0.09965 -0.17107 -2.65859
v -0.07443 0.63109 -2.66719
v -0.11010 0.56384 -2.67598
v -0.09965 0.60420 -2.66976
v 0.08503 -0.24219 -2.66860
v 0.12071 -0.09036 -2.67703
v 0.11026 -0.19772 -2.67107
v 0.12071 0.56384 -2.68800
v 0.08503 0.64523 -2.67986
v 0.11026 0.61482 -2.68224
v -0.08149 0.64523 -2.67986
v -0.11717 0.56384 -2.68800
v -0.10672 0.60420 -2.68224
v -0.11717 -0.09036 -2.67703
v -0.08149 -0.24219 -2.66860
v -0.10672 -0.19772 -2.67107
v 0.12071 -0.09036 -2.75000
v 0.08503 -0.24219 -2.75000
v 0.11026 -0.19772 -2.75000
v 0.08503 0.64523 -2.75000
v 0.12071 0.56384 -2.75000
v 0.11026 0.61482 -2.75000
v -0.11717 0.56384 -2.75000
v -0.08149 0.64523 -2.75000
v -0.10672 0.60420 -2.75000
v -0.08149 -0.24219 -2.75000
v -0.11717 -0.09036 -2.75000
v -0.10672 -0.19772 -2.75000
v 0.08782 0.07659 0.05803
v 0.10568 0.06300 -0.01778
v -0.10214 0.06300 -0.01778
v -0.08428 0.07659 0.05803
v 0.09129 0.07724 0.06678
v 0.11250 0.06365 -0.00904
v -0.10941 0.06364 -0.00904
v -0.08775 0.07724 0.06678
v 0.11250 0.02889 -0.00646
v 0.09129 0.04247 0.06935
v -0.08774 0.04247 0.06935
v -0.10940 0.02888 -0.00646
v 0.09599 0.61641 0.08973
v -0.09245 0.61641 0.08973
v -0.09245 0.61641 0.04796
v 0.09599 0.61641 0.04796
v 0.09599 0.65564 0.08973
v 0.06956 0.67865 0.08987
v -0.06602 0.67865 0.08987
v -0.09245 0.65564 0.08973
v -0.09245 0.65564 0.04796
v -0.06602 0.67865 0.04783
v 0.06956 0.67865 0.04783
v 0.09599 0.65564 0.04796
v 0.09599 0.61641 -0.00276
v -0.09245 0.61641 -0.00276
v -0.09245 0.61641 -0.04452
v 0.09599 0.61641 -0.04452
v 0.09599 0.65564 -0.00276
v 0.06956 0.67865 -0.00262
v -0.06602 0.67865 -0.00262
v -0.09245 0.65564 -0.00276
v -0.09245 0.65564 -0.04452
v -0.06602 0.67865 -0.04466
v 0.06956 0.67865 -0.04466
v 0.09599 0.65564 -0.04452
v 0.09599 0.61641 -0.09524
v -0.09245 0.61641 -0.09524
v -0.09245 0.61641 -0.13700
v 0.09599 0.61641 -0.13700
v 0.09599 0.65564 -0.09524
v 0.06956 0.67865 -0.09510
v -0.06602 0.67865 -0.09510
v -0.09245 0.65564 -0.09524
v -0.09245 0.65564 -0.13700
v -0.06602 0.67865 -0.13714
v 0.06956 0.67865 -0.13714
v 0.09599 0.65564 -0.13700
v 0.09599 0.61641 -0.18772
v -0.09245 0.61641 -0.18772
v -0.09245 0.61641 -0.22949
v 0.09599 0.61641 -0.22949
v 0.09599 0.65564 -0.18772
v 0.06956 0.67865 -0.18759
v -0.06602 0.67865 -0.18759
v -0.09245 0.65564 -0.18772
v -0.09245 0.65564 -0.22949
v -0.06602 0.67865 -0.22962
v 0.06956 0.67865 -0.22962
v 0.09599 0.65564 -0.22949
v 0.09599 0.61641 -0.28021
v -0.09245 0.61641 -0.28021
v -0.09245 0.61641 -0.32197
v 0.09599 0.61641 -0.32197
v 0.09599 0.65564 -0.28021
v 0.06956 0.67865 -0.28007
v -0.06602 0.67865 -0.28007
v -0.09245 0.65564 -0.28021
v -0.09245 0.65564 -0.32197
v -0.06602 0.67865 -0.32211
v 0.06956 0.67865 -0.32211
v 0.09599 0.65564 -0.32197
v 0.09599 0.61641 -0.37269
v -0.09245 0.61641 -0.37269
v -0.09245 0.61641 -0.41446
v 0.09599 0.61641 -0.41446
v 0.09599 0.65564 -0.37269
v 0.06956 0.67865 -0.37255
v -0.06602 0.67865 -0.37255
v -0.09245 0.65564 -0.37269
v -0.09245 0.65564 -0.41446
v -0.06602 0.67865 -0.41459
v 0.06956 0.67865 -0.41459
v 0.09599 0.65564 -0.41446
v 0.09599 0.61641 -0.46517
v -0.09245 0.61641 -0.46517
v -0.09245 0.61641 -0.50694
v 0.09599 0.61641 -0.50694
v 0.09599 0.65564 -0.46517
v 0.06956 0.67865 -0.46504
v -0.06602 0.67865 -0.46504
v -0.09245 0.65564 -0.46517
v -0.09245 0.65564 -0.50694
v -0.06602 0.67865 -0.50708
v 0.06956 0.67865 -0.50708
v 0.09599 0.65564 -0.50694
v 0.09599 0.61641 -0.55766
v -0.09245 0.61641 -0.55766
v -0.09245 0.61641 -0.59942
v 0.09599 0.61641 -0.59942
v 0.09599 0.65564 -0.55766
v 0.06956 0.67865 -0.55752
v -0.06602 0.67865 -0.55752
v -0.09245 0.65564 -0.55766
v -0.09245 0.65564 -0.59942
v -0.06602 0.67865 -0.59956
v 0.06956 0.67865 -0.59956
v 0.09599 0.65564 -0.59942
v 0.05423 -0.05943 -2.65054
v -0.04579 -0.16442 -2.64424
v -0.03396 -0.20791 -2.64163
v -0.05069 -0.05943 -2.65054
v -0.12053 0.37036 0.38678
v -0.12053 0.37036 0.43305
v -0.12053 0.37036 0.52668
v -0.12053 0.37036 0.57295
v -0.12053 0.37036 0.66659
v -0.12053 0.37036 0.71286
v -0.12053 0.37036 0.80649
v -0.12053 0.37036 0.85276
v -0.12053 0.37036 0.94639
v -0.12053 0.37036 0.99267
v -0.12053 0.37036 1.08630
v -0.12053 0.37036 1.13257
v -0.12053 0.37036 1.22620
v -0.12053 0.37036 1.27248
v -0.17045 0.49088 1.27248
v -0.17045 0.49088 1.22620
v -0.17045 0.49088 1.13257
v -0.17045 0.49088 1.08630
v -0.17045 0.49088 0.99267
v -0.17045 0.49088 0.94640
v -0.17045 0.49088 0.85276
v -0.17045 0.49088 0.80649
v -0.17045 0.49088 0.71286
v -0.17045 0.49088 0.66659
v -0.17045 0.49088 0.57295
v -0.17045 0.49088 0.52668
v -0.17045 0.49088 0.43305
v -0.17045 0.49088 0.38678
v 0.17045 0.49088 0.38678
v 0.17045 0.49088 0.43305
v 0.17045 0.49088 0.52668
v 0.17045 0.49088 0.57295
v 0.17045 0.49088 0.66659
v 0.17045 0.49088 0.71286
v 0.17045 0.49088 0.80649
v 0.17045 0.49088 0.85276
v 0.17045 0.49088 0.94639
v 0.17045 0.49088 0.99267
v 0.17045 0.49088 1.08630
v 0.17045 0.49088 1.13257
v 0.17045 0.49088 1.22620
v 0.17045 0.49088 1.27248
v 0.12053 0.37036 1.27248
v 0.12053 0.37036 1.22620
v 0.12053 0.37036 1.13257
v 0.12053 0.37036 1.08630
v 0.12053 0.37036 0.99267
v 0.12053 0.37036 0.94640
v 0.12053 0.37036 0.85276
v 0.12053 0.37036 0.80649
v 0.12053 0.37036 0.71286
v 0.12053 0.37036 0.66659
v 0.12053 0.37036 0.57295
v 0.12053 0.37036 0.52668
v 0.12053 0.37036 0.43305
v 0.12053 0.37036 0.38678
v 0.00000 0.66134 0.38678
v 0.00000 0.66134 0.43305
v 0.00000 0.66134 0.52668
v 0.00000 0.66134 0.57295
v 0.00000 0.66134 0.66659
v 0.00000 0.66134 0.71286
v 0.00000 0.66134 0.80649
v 0.00000 0.66134 0.85276
v 0.00000 0.66134 0.94639
v 0.00000 0.66134 0.99267
v 0.00000 0.66134 1.08630
v 0.00000 0.66134 1.13257
v 0.00000 0.66134 1.22620
v 0.00000 0.66134 1.27248
v 0.12053 0.61141 1.27248
v 0.12053 0.61141 1.22620
v 0.12053 0.61141 1.13257
v 0.12053 0.61141 1.08630
v 0.12053 0.61141 0.99267
v 0.12053 0.61141 0.94640
v 0.12053 0.61141 0.85276
v 0.12053 0.61141 0.80649
v 0.12053 0.61141 0.71286
v 0.12053 0.61141 0.66659
v 0.12053 0.61141 0.57295
v 0.12053 0.61141 0.52668
v 0.12053 0.61141 0.43305
v 0.12053 0.61141 0.38678
v -0.12053 0.61141 1.27248
v -0.12053 0.61141 1.22620
v -0.12053 0.61141 1.13257
v -0.12053 0.61141 1.08630
v -0.12053 0.61141 0.99267
v -0.12053 0.61141 0.94640
v -0.12053 0.61141 0.85276
v -0.12053 0.61141 0.80649
v -0.12053 0.61141 0.71286
v -0.12053 0.61141 0.66659
v -0.12053 0.61141 0.57295
v -0.12053 0.61141 0.52668
v -0.12053 0.61141 0.43305
v -0.12053 0.61141 0.38678
v 0.00000 0.32043 0.38678
v 0.00000 0.32043 0.43305
v 0.00000 0.32043 0.52668
v 0.00000 0.32043 0.57295
v 0.00000 0.32043 0.66659
v 0.00000 0.32043 0.71286
v 0.00000 0.32043 0.80649
v 0.00000 0.32043 0.85276
v 0.00000 0.32043 0.94639
v 0.00000 0.32043 0.99267
v 0.00000 0.32043 1.08630
v 0.00000 0.32043 1.13257
v 0.00000 0.32043 1.22620
v 0.00000 0.32043 1.27248
v -0.13032 0.36056 0.39272
v -0.13032 0.36056 0.42710
v -0.18430 0.49088 0.42710
v -0.18430 0.49088 0.39272
v 0.18430 0.49088 0.39272
v 0.18430 0.49088 0.42710
v 0.13032 0.36056 0.42710
v 0.13032 0.36056 0.39272
v 0.00000 0.67518 0.39272
v 0.00000 0.67518 0.42710
v 0.13032 0.62120 0.42710
v 0.13032 0.62120 0.39272
v -0.13032 0.62120 0.42710
v -0.13032 0.62120 0.39272
v 0.00000 0.30658 0.39272
v 0.00000 0.30658 0.42710
v -0.13032 0.36056 0.53481
v -0.13032 0.36056 0.56483
v -0.18430 0.49088 0.56483
v -0.18430 0.49088 0.53481
v 0.18430 0.49088 0.53481
v 0.18430 0.49088 0.56483
v 0.13032 0.36056 0.56483
v 0.13032 0.36056 0.53481
v 0.00000 0.67518 0.53481
v 0.00000 0.67518 0.56483
v 0.13032 0.62120 0.56483
v 0.13032 0.62120 0.53481
v -0.13032 0.62120 0.56483
v -0.13032 0.62120 0.53481
v 0.00000 0.30658 0.53481
v 0.00000 0.30658 0.56483
v -0.13032 0.36056 0.67471
v -0.13032 0.36056 0.70473
v -0.18430 0.49088 0.70473
v -0.18430 0.49088 0.67471
v 0.18430 0.49088 0.67471
v 0.18430 0.49088 0.70473
v 0.13032 0.36056 0.70473
v 0.13032 0.36056 0.67471
v 0.00000 0.67518 0.67471
v 0.00000 0.67518 0.70473
v 0.13032 0.62120 0.70473
v 0.13032 0.62120 0.67471
v -0.13032 0.62120 0.70473
v -0.13032 0.62120 0.67471
v 0.00000 0.30658 0.67471
v 0.00000 0.30658 0.70473
v -0.13032 0.36056 0.81462
v -0.13032 0.36056 0.84463
v -0.18430 0.49088 0.84463
v -0.18430 0.49088 0.81462
v 0.18430 0.49088 0.81462
v 0.18430 0.49088 0.84463
v 0.13032 0.36056 0.84463
v 0.13032 0.36056 0.81462
v 0.00000 0.67518 0.81462
v 0.00000 0.67518 0.84463
v 0.13032 0.62120 0.84463
v 0.13032 0.62120 0.81462
v -0.13032 0.62120 0.84463
v -0.13032 0.62120 0.81462
v 0.00000 0.30658 0.81462
v 0.00000 0.30658 0.84463
v -0.13032 0.36056 0.95452
v -0.13032 0.36056 0.98454
v -0.18430 0.49088 0.98454
v -0.18430 0.49088 0.95452
v 0.18430 0.49088 0.95452
v 0.18430 0.49088 0.98454
v 0.13032 0.36056 0.98454
v 0.13032 0.36056 0.95452
v 0.00000 0.67518 0.95452
v 0.00000 0.67518 0.98454
v 0.13032 0.62120 0.98454
v 0.13032 0.62120 0.95452
v -0.13032 0.62120 0.98454
v -0.13032 0.62120 0.95452
v 0.00000 0.30658 0.95452
v 0.00000 0.30658 0.98454
v -0.13032 0.36056 1.09443
v -0.13032 0.36056 1.12444
v -0.18430 0.49088 1.12444
v -0.18430 0.49088 1.09443
v 0.18430 0.49088 1.09443
v 0.18430 0.49088 1.12444
v 0.13032 0.36056 1.12444
v 0.13032 0.36056 1.09443
v 0.00000 0.67518 1.09443
v 0.00000 0.67518 1.12444
v 0.13032 0.62120 1.12444
v 0.13032 0.62120 1.09443
v -0.13032 0.62120 1.12444
v -0.13032 0.62120 1.09443
v 0.00000 0.30658 1.09443
v 0.00000 0.30658 1.12444
v -0.13032 0.36056 1.23433
v -0.13032 0.36056 1.26435
v -0.18430 0.49088 1.26435
v -0.18430 0.49088 1.23433
v 0.18430 0.49088 1.23433
v 0.18430 0.49088 1.26435
v 0.13032 0.36056 1.26435
v 0.13032 0.36056 1.23433
v 0.00000 0.67518 1.23433
v 0.00000 0.67518 1.26435
v 0.13032 0.62120 1.26435
v 0.13032 0.62120 1.23433
v -0.13032 0.62120 1.26435
v -0.13032 0.62120 1.23433
v 0.00000 0.30658 1.23433
v 0.00000 0.30658 1.26435
vt -0.06045 -1.14667
vt 0.06340 -1.14667
vt 0.06823 -1.15339
f 610/3043 613/3044 626/3045
vt -0.06045 -1.14667
vt 0.06823 -1.15339
vt -0.06528 -1.15339
f 610/3046 626/3047 622/3048
vt -0.06528 -0.29020
vt 0.06823 -0.29020
vt 0.06823 -0.33448
f 622/3049 626/3050 616/3051
vt -0.06528 -0.29020
vt 0.06823 -0.33448
vt -0.06528 -0.33448
f 622/3052 616/3053 620/3054
vt -0.87847 -0.35073
vt -1.06558 -0.30408
vt -1.07230 -0.31042
f 600/3055 611/3056 623/3057
vt -0.87847 -0.35073
vt -1.07230 -0.31042
vt -0.86861 -0.36120
f 600/3058 623/3059 605/3060
vt -1.06558 -0.30408
vt -0.87847 -0.35073
vt -0.86861 -0.36120
f 614/3061 601/3062 604/3063
vt -1.06558 -0.30408
vt -0.86861 -0.36120
vt -1.07230 -0.31042
f 614/3064 604/3065 625/3066
vt 0.10063 -0.35073
vt -0.09768 -0.35073
vt -0.10381 -0.36120
f 601/3067 600/3068 605/3069
vt 0.10063 -0.35073
vt -0.10381 -0.36120
vt 0.10676 -0.36120
f 601/3070 605/3071 604/3072
vt -1.07230 -0.31042
vt -0.86861 -0.36120
vt -0.90293 -0.41518
f 625/3073 604/3074 602/3075
vt -1.07230 -0.31042
vt -0.90293 -0.41518
vt -1.11009 -0.35683
f 625/3076 602/3077 617/3078
vt -0.86861 -0.36120
vt -1.07230 -0.31042
vt -1.11009 -0.35683
f 605/3079 623/3080 619/3081
vt -0.86861 -0.36120
vt -1.11009 -0.35683
vt -0.90293 -0.41518
f 605/3082 619/3083 603/3084
vt -0.86861 -0.36120
vt -0.90293 -0.41518
vt -0.85925 -0.41648
f 605/3085 603/3086 607/3087
vt -0.86861 -0.36120
vt -0.85925 -0.41648
vt -0.84705 -0.39375
f 605/3088 607/3089 609/3090
vt -0.10381 -1.11009
vt -0.08906 -1.16621
vt -0.06528 -1.18945
f 619/3091 621/3092 620/3093
vt -0.10381 -1.11009
vt -0.06528 -1.18945
vt 0.06823 -1.18945
f 619/3094 620/3095 616/3096
vt -0.10381 -1.11009
vt 0.06823 -1.18945
vt 0.09201 -1.16621
f 619/3097 616/3098 618/3099
vt -0.10381 -1.11009
vt 0.09201 -1.16621
vt 0.10676 -1.11009
f 619/3100 618/3101 617/3102
vt -0.10381 -1.11009
vt 0.10676 -1.11009
vt 0.10676 -0.90293
f 619/3103 617/3104 602/3105
vt -0.10381 -1.11009
vt 0.10676 -0.90293
vt -0.10381 -0.90293
f 619/3106 602/3107 603/3108
vt 0.10676 -0.39375
vt -0.10381 -0.39375
vt -0.10381 -0.41648
f 608/3109 609/3110 607/3111
vt 0.10676 -0.39375
vt -0.10381 -0.41648
vt 0.10676 -0.41648
f 608/3112 607/3113 606/3114
vt -0.90293 -0.41518
vt -0.86861 -0.36120
vt -0.84705 -0.39375
f 602/3115 604/3116 608/3117
vt -0.90293 -0.41518
vt -0.84705 -0.39375
vt -0.85925 -0.41648
f 602/3118 608/3119 606/3120
vt -0.10381 -0.90293
vt 0.10676 -0.90293
vt 0.10676 -0.85925
f 603/3121 602/3122 606/3123
vt -0.10381 -0.90293
vt 0.10676 -0.85925
vt -0.10381 -0.85925
f 603/3124 606/3125 607/3126
vt 0.10676 -0.36120
vt -0.10381 -0.36120
vt -0.10381 -0.39375
f 604/3127 605/3128 609/3129
vt 0.10676 -0.36120
vt -0.10381 -0.39375
vt 0.10676 -0.39375
f 604/3130 609/3131 608/3132
vt -1.07230 -0.31042
vt -1.06558 -0.30408
vt -1.12292 -0.28978
f 623/3133 611/3134 612/3135
vt -1.07230 -0.31042
vt -1.12292 -0.28978
vt -1.12964 -0.29613
f 623/3136 612/3137 624/3138
vt -0.08906 -1.12964
vt -0.08347 -1.12292
vt -0.06045 -1.14667
f 624/3139 612/3140 610/3141
vt -0.08906 -1.12964
vt -0.06045 -1.14667
vt -0.06528 -1.15339
f 624/3142 610/3143 622/3144
vt 0.06823 -1.15339
vt 0.06340 -1.14667
vt 0.08643 -1.12292
f 626/3145 613/3146 615/3147
vt 0.06823 -1.15339
vt 0.08643 -1.12292
vt 0.09201 -1.12964
f 626/3148 615/3149 627/3150
vt -1.12964 -0.29613
vt -1.12292 -0.28978
vt -1.06558 -0.30408
f 627/3151 615/3152 614/3153
vt -1.12964 -0.29613
vt -1.06558 -0.30408
vt -1.07230 -0.31042
f 627/3154 614/3155 625/3156
vt -1.15339 -0.29020
vt -1.18945 -0.33448
vt -1.16621 -0.34103
f 622/3157 620/3158 621/3159
vt -1.15339 -0.29020
vt -1.16621 -0.34103
vt -1.12964 -0.29613
f 622/3160 621/3161 624/3162
vt -1.12964 -0.29613
vt -1.16621 -0.34103
vt -1.11009 -0.35683
f 624/3163 621/3164 619/3165
vt -1.12964 -0.29613
vt -1.11009 -0.35683
vt -1.07230 -0.31042
f 624/3166 619/3167 623/3168
vt -1.18945 -0.33448
vt -1.15339 -0.29020
vt -1.12964 -0.29613
f 616/3169 626/3170 627/3171
vt -1.18945 -0.33448
vt -1.12964 -0.29613
vt -1.16621 -0.34103
f 616/3172 627/3173 618/3174
vt -1.16621 -0.34103
vt -1.12964 -0.29613
vt -1.07230 -0.31042
f 618/3175 627/3176 625/3177
vt -1.16621 -0.34103
vt -1.07230 -0.31042
vt -1.11009 -0.35683
f 618/3178 625/3179 617/3180
vt -0.24898 0.42483
vt -0.27693 0.39688
vt -0.27693 0.37018
f 632/3181 633/3182 628/3183
vt -0.24898 0.42483
vt -0.27693 0.37018
vt -0.24898 0.34223
f 632/3184 628/3185 629/3186
vt -0.24898 0.42483
vt -0.24898 0.34223
vt -0.02358 0.34223
f 632/3187 629/3188 630/3189
vt -0.24898 0.42483
vt -0.02358 0.34223
vt 0.00437 0.37018
f 632/3190 630/3191 631/3192
vt -0.24898 0.42483
vt 0.00437 0.37018
vt 0.00437 0.39688
f 632/3193 631/3194 634/3195
vt -0.24898 0.42483
vt 0.00437 0.39688
vt -0.02358 0.42483
f 632/3196 634/3197 635/3198
vt -0.02070 0.40853
vt -0.02070 0.47827
vt 0.02043 0.47827
f 636/3199 637/3200 639/3201
vt -0.02070 0.40853
vt 0.02043 0.47827
vt 0.02043 0.40853
f 636/3202 639/3203 638/3204
vt 1.14943 0.40853
vt 1.14943 0.47827
vt 1.22528 0.47827
f 638/3205 639/3206 643/3207
vt 1.14943 0.40853
vt 1.22528 0.47827
vt 1.22528 0.40853
f 638/3208 643/3209 642/3210
vt 0.02043 0.40853
vt 0.02043 0.47827
vt -0.02070 0.47827
f 642/3211 643/3212 641/3213
vt 0.02043 0.40853
vt -0.02070 0.47827
vt -0.02070 0.40853
f 642/3214 641/3215 640/3216
vt 1.22528 0.40853
vt 1.22528 0.47827
vt 1.14943 0.47827
f 640/3217 641/3218 637/3219
vt 1.22528 0.40853
vt 1.14943 0.47827
vt 1.14943 0.40853
f 640/3220 637/3221 636/3222
vt 0.02043 1.14943
vt 0.02043 1.22528
vt -0.02070 1.22528
f 638/3223 642/3224 640/3225
vt 0.02043 1.14943
vt -0.02070 1.22528
vt -0.02070 1.14943
f 638/3226 640/3227 636/3228
vt 1.22528 0.47827
vt 1.14943 0.47827
vt 1.14943 0.52943
f 643/3229 639/3230 645/3231
vt 1.22528 0.47827
vt 1.14943 0.52943
vt 1.20592 0.52943
f 643/3232 645/3233 646/3234
vt -0.02070 0.52943
vt 0.02043 0.52943
vt 0.02043 0.68928
f 647/3235 646/3236 650/3237
vt -0.02070 0.52943
vt 0.02043 0.68928
vt -0.02070 0.68928
f 647/3238 650/3239 651/3240
vt 0.02043 0.47827
vt -0.02070 0.47827
vt -0.02070 0.52943
f 639/3241 637/3242 644/3243
vt 0.02043 0.47827
vt -0.02070 0.52943
vt 0.02043 0.52943
f 639/3244 644/3245 645/3246
vt 1.14943 0.47827
vt 1.22528 0.47827
vt 1.20592 0.52943
f 637/3247 641/3248 647/3249
vt 1.14943 0.47827
vt 1.20592 0.52943
vt 1.14943 0.52943
f 637/3250 647/3251 644/3252
vt 1.39222 0.71802
vt 1.38272 0.68928
vt 1.42564 0.68928
f 673/3253 670/3254 655/3255
vt 1.39222 0.71802
vt 1.42564 0.68928
vt 1.42564 0.71802
f 673/3256 655/3257 652/3258
vt 0.02043 0.52943
vt -0.02070 0.52943
vt -0.02070 0.71802
f 645/3259 644/3260 648/3261
vt 0.02043 0.52943
vt -0.02070 0.71802
vt 0.02043 0.71802
f 645/3262 648/3263 649/3264
vt 1.14943 0.52943
vt 1.20592 0.52943
vt 1.31707 0.68928
f 644/3265 647/3266 651/3267
vt 1.14943 0.52943
vt 1.31707 0.68928
vt 1.28881 0.71802
f 644/3268 651/3269 648/3270
vt 1.20592 0.52943
vt 1.14943 0.52943
vt 1.28881 0.71802
f 646/3271 645/3272 649/3273
vt 1.20592 0.52943
vt 1.28881 0.71802
vt 1.31707 0.68928
f 646/3274 649/3275 650/3276
vt 0.02043 0.68928
vt 0.02043 0.71802
vt -0.02070 0.71802
f 654/3277 653/3278 652/3279
vt 0.02043 0.68928
vt -0.02070 0.71802
vt -0.02070 0.68928
f 654/3280 652/3281 655/3282
vt 1.38272 0.68928
vt 1.39222 0.71802
vt 1.42564 0.71802
f 674/3283 671/3284 653/3285
vt 1.38272 0.68928
vt 1.42564 0.71802
vt 1.42564 0.68928
f 674/3286 653/3287 654/3288
vt 1.38272 0.68928
vt 1.42564 0.68928
vt 1.42564 0.61666
f 674/3289 654/3290 666/3291
vt 1.38272 0.68928
vt 1.42564 0.61666
vt 1.38272 0.61666
f 674/3292 666/3293 677/3294
vt 1.36429 0.71802
vt 1.28881 0.71802
vt 1.34226 0.78077
f 662/3295 649/3296 657/3297
vt 1.36429 0.71802
vt 1.34226 0.78077
vt 1.38395 0.79383
f 662/3298 657/3299 665/3300
vt 0.02043 1.40293
vt -0.02070 1.40293
vt -0.02070 1.42564
f 672/3301 675/3302 658/3303
vt 0.02043 1.40293
vt -0.02070 1.42564
vt 0.02043 1.42564
f 672/3304 658/3305 659/3306
vt -0.02070 0.71802
vt 0.02043 0.71802
vt 0.02043 0.77902
f 652/3307 653/3308 659/3309
vt -0.02070 0.71802
vt 0.02043 0.77902
vt -0.02070 0.77902
f 652/3310 659/3311 658/3312
vt 1.39222 0.71802
vt 1.42564 0.71802
vt 1.42564 0.77902
f 673/3313 652/3314 658/3315
vt 1.39222 0.71802
vt 1.42564 0.77902
vt 1.40293 0.78709
f 673/3316 658/3317 675/3318
vt 0.02043 0.71802
vt -0.02070 0.71802
vt -0.02070 0.78077
f 649/3319 648/3320 656/3321
vt 0.02043 0.71802
vt -0.02070 0.78077
vt 0.02043 0.78077
f 649/3322 656/3323 657/3324
vt 1.28881 0.71802
vt 1.36429 0.71802
vt 1.38395 0.79383
f 648/3325 661/3326 664/3327
vt 1.28881 0.71802
vt 1.38395 0.79383
vt 1.34226 0.78077
f 648/3328 664/3329 656/3330
vt 0.02043 1.34226
vt -0.02070 1.34226
vt -0.02070 1.38395
f 657/3331 656/3332 664/3333
vt 0.02043 1.34226
vt -0.02070 1.38395
vt 0.02043 1.38395
f 657/3334 664/3335 665/3336
vt 1.39222 0.71802
vt 1.36429 0.71802
vt 1.38395 0.79383
f 671/3337 662/3338 665/3339
vt 1.39222 0.71802
vt 1.38395 0.79383
vt 1.40293 0.78709
f 671/3340 665/3341 672/3342
vt -0.02070 1.31707
vt 0.02043 1.31707
vt 0.02043 1.34686
f 651/3343 650/3344 663/3345
vt -0.02070 1.31707
vt 0.02043 1.34686
vt -0.02070 1.34686
f 651/3346 663/3347 660/3348
vt 1.31707 0.68928
vt 1.28881 0.71802
vt 1.36429 0.71802
f 650/3349 649/3350 662/3351
vt 1.31707 0.68928
vt 1.36429 0.71802
vt 1.34686 0.68928
f 650/3352 662/3353 663/3354
vt 1.28881 0.71802
vt 1.31707 0.68928
vt 1.34686 0.68928
f 648/3355 651/3356 660/3357
vt 1.28881 0.71802
vt 1.34686 0.68928
vt 1.36429 0.71802
f 648/3358 660/3359 661/3360
vt -0.02070 0.61666
vt 0.02043 0.61666
vt 0.02043 0.52943
f 676/3361 677/3362 681/3363
vt -0.02070 0.61666
vt 0.02043 0.52943
vt -0.02070 0.52943
f 676/3364 681/3365 680/3366
vt 1.38272 0.68928
vt 1.34686 0.68928
vt 1.34686 0.61666
f 670/3367 660/3368 668/3369
vt 1.38272 0.68928
vt 1.34686 0.61666
vt 1.38272 0.61666
f 670/3370 668/3371 676/3372
vt 0.02043 0.68928
vt -0.02070 0.68928
vt -0.02070 0.61666
f 654/3373 655/3374 667/3375
vt 0.02043 0.68928
vt -0.02070 0.61666
vt 0.02043 0.61666
f 654/3376 667/3377 666/3378
vt -0.02070 0.68928
vt 0.02043 0.68928
vt 0.02043 0.61666
f 660/3379 663/3380 669/3381
vt -0.02070 0.68928
vt 0.02043 0.61666
vt -0.02070 0.61666
f 660/3382 669/3383 668/3384
vt 1.42564 0.68928
vt 1.38272 0.68928
vt 1.38272 0.61666
f 655/3385 670/3386 676/3387
vt 1.42564 0.68928
vt 1.38272 0.61666
vt 1.42564 0.61666
f 655/3388 676/3389 667/3390
vt -0.02070 1.34686
vt 0.02043 1.34686
vt 0.02043 1.38272
f 668/3391 669/3392 677/3393
vt -0.02070 1.34686
vt 0.02043 1.38272
vt -0.02070 1.38272
f 668/3394 677/3395 676/3396
vt 1.42564 0.71802
vt 1.39222 0.71802
vt 1.40293 0.78709
f 653/3397 671/3398 672/3399
vt 1.42564 0.71802
vt 1.40293 0.78709
vt 1.42564 0.77902
f 653/3400 672/3401 659/3402
vt 1.36429 0.71802
vt 1.39222 0.71802
vt 1.40293 0.78709
f 661/3403 673/3404 675/3405
vt 1.36429 0.71802
vt 1.40293 0.78709
vt 1.38395 0.79383
f 661/3406 675/3407 664/3408
vt 0.02043 1.38395
vt -0.02070 1.38395
vt -0.02070 1.40293
f 665/3409 664/3410 675/3411
vt 0.02043 1.38395
vt -0.02070 1.40293
vt 0.02043 1.40293
f 665/3412 675/3413 672/3414
vt 1.34686 0.68928
vt 1.38272 0.68928
vt 1.38272 0.61666
f 663/3415 674/3416 677/3417
vt 1.34686 0.68928
vt 1.38272 0.61666
vt 1.34686 0.61666
f 663/3418 677/3419 669/3420
vt 1.34686 0.68928
vt 1.36429 0.71802
vt 1.39222 0.71802
f 663/3421 662/3422 671/3423
vt 1.34686 0.68928
vt 1.39222 0.71802
vt 1.38272 0.68928
f 663/3424 671/3425 674/3426
vt 1.36429 0.71802
vt 1.34686 0.68928
vt 1.38272 0.68928
f 661/3427 660/3428 670/3429
vt 1.36429 0.71802
vt 1.38272 0.68928
vt 1.39222 0.71802
f 661/3430 670/3431 673/3432
vt 1.38272 0.52943
vt 1.42564 0.52943
vt 1.42564 0.47827
f 681/3433 678/3434 682/3435
vt 1.38272 0.52943
vt 1.42564 0.47827
vt 1.35483 0.47827
f 681/3436 682/3437 685/3438
vt 1.38272 0.61666
vt 1.42564 0.61666
vt 1.42564 0.52943
f 677/3439 666/3440 678/3441
vt 1.38272 0.61666
vt 1.42564 0.52943
vt 1.38272 0.52943
f 677/3442 678/3443 681/3444
vt 0.02043 0.61666
vt -0.02070 0.61666
vt -0.02070 0.52943
f 666/3445 667/3446 679/3447
vt 0.02043 0.61666
vt -0.02070 0.52943
vt 0.02043 0.52943
f 666/3448 679/3449 678/3450
vt 1.42564 0.61666
vt 1.38272 0.61666
vt 1.38272 0.52943
f 667/3451 676/3452 680/3453
vt 1.42564 0.61666
vt 1.38272 0.52943
vt 1.42564 0.52943
f 667/3454 680/3455 679/3456
vt -0.02070 0.47827
vt 0.02043 0.47827
vt 0.02043 0.39460
f 684/3457 685/3458 689/3459
vt -0.02070 0.47827
vt 0.02043 0.39460
vt -0.02070 0.39460
f 684/3460 689/3461 688/3462
vt 0.02043 0.52943
vt -0.02070 0.52943
vt -0.02070 0.47827
f 678/3463 679/3464 683/3465
vt 0.02043 0.52943
vt -0.02070 0.47827
vt 0.02043 0.47827
f 678/3466 683/3467 682/3468
vt 1.35483 0.47827
vt 1.38272 0.52943
vt 1.20592 0.52943
f 684/3469 680/3470 647/3471
vt 1.35483 0.47827
vt 1.20592 0.52943
vt 1.22528 0.47827
f 684/3472 647/3473 641/3474
vt 1.42564 0.52943
vt 1.38272 0.52943
vt 1.35483 0.47827
f 679/3475 680/3476 684/3477
vt 1.42564 0.52943
vt 1.35483 0.47827
vt 1.42564 0.47827
f 679/3478 684/3479 683/3480
vt -0.02070 1.35483
vt 0.02043 1.35483
vt 0.02043 1.42564
f 688/3481 689/3482 686/3483
vt -0.02070 1.35483
vt 0.02043 1.42564
vt -0.02070 1.42564
f 688/3484 686/3485 687/3486
vt 1.42564 0.47827
vt 1.35483 0.47827
vt 1.35483 0.39460
f 683/3487 684/3488 688/3489
vt 1.42564 0.47827
vt 1.35483 0.39460
vt 1.42564 0.39460
f 683/3490 688/3491 687/3492
vt 1.35483 0.47827
vt 1.42564 0.47827
vt 1.42564 0.39460
f 685/3493 682/3494 686/3495
vt 1.35483 0.47827
vt 1.42564 0.39460
vt 1.35483 0.39460
f 685/3496 686/3497 689/3498
vt 0.02043 0.47827
vt -0.02070 0.47827
vt -0.02070 0.39460
f 682/3499 683/3500 687/3501
vt 0.02043 0.47827
vt -0.02070 0.39460
vt 0.02043 0.39460
f 682/3502 687/3503 686/3504
vt 1.38272 0.52943
vt 1.35483 0.47827
vt 1.22528 0.47827
f 681/3505 685/3506 643/3507
vt 1.38272 0.52943
vt 1.22528 0.47827
vt 1.20592 0.52943
f 681/3508 643/3509 646/3510
vt 0.02043 1.35483
vt -0.02070 1.35483
vt -0.02070 1.22528
f 685/3511 684/3512 641/3513
vt 0.02043 1.35483
vt -0.02070 1.22528
vt 0.02043 1.22528
f 685/3514 641/3515 643/3516
vt -0.02070 1.38272
vt 0.02043 1.38272
vt 0.02043 1.20592
f 680/3517 681/3518 646/3519
vt -0.02070 1.38272
vt 0.02043 1.20592
vt -0.02070 1.20592
f 680/3520 646/3521 647/3522
vt -2.22085 -0.05324
vt -2.22768 0.30933
vt -2.23824 0.30933
f 738/3523 699/3524 702/3525
vt -2.22085 -0.05324
vt -2.23824 0.30933
vt -2.23086 -0.07530
f 738/3526 702/3527 753/3528
vt -2.23824 0.30933
vt -2.22768 0.30933
vt -2.22998 0.46987
f 702/3529 699/3530 742/3531
vt -2.23824 0.30933
vt -2.22998 0.46987
vt -2.24000 0.46987
f 702/3532 742/3533 751/3534
vt 0.06498 -0.17955
vt -0.06202 -0.17955
vt -0.06791 -0.20183
f 732/3535 739/3536 754/3537
vt 0.06498 -0.17955
vt -0.06791 -0.20183
vt 0.07086 -0.20183
f 732/3538 754/3539 744/3540
vt -0.06202 0.52591
vt 0.06498 0.52591
vt 0.07086 0.53769
f 741/3541 736/3542 748/3543
vt -0.06202 0.52591
vt 0.07086 0.53769
vt -0.06791 0.53769
f 741/3544 748/3545 750/3546
vt 0.07608 0.06437
vt -0.07312 0.06437
vt -0.07312 0.03539
f 772/3547 775/3548 778/3549
vt 0.07608 0.06437
vt -0.07312 0.03539
vt 0.07608 0.03539
f 772/3550 778/3551 777/3552
vt 0.07318 0.04836
vt -0.07023 0.04836
vt -0.07312 0.05565
f 768/3553 771/3554 775/3555
vt 0.07318 0.04836
vt -0.07312 0.05565
vt 0.07608 0.05565
f 768/3556 775/3557 772/3558
vt -0.00753 0.05303
vt -0.39476 -0.03624
vt -0.39262 -0.06521
f 774/3559 692/3560 694/3561
vt -0.00753 0.05303
vt -0.39262 -0.06521
vt -0.00538 0.02407
f 774/3562 694/3563 779/3564
vt 0.08807 -0.38819
vt 0.08807 -0.01482
vt 0.09375 -0.00753
f 691/3565 769/3566 773/3567
vt 0.08807 -0.38819
vt 0.09375 -0.00753
vt 0.09375 -0.39549
f 691/3568 773/3569 693/3570
vt -0.08512 -0.01482
vt -0.08512 -0.38749
vt -0.09117 -0.39476
f 770/3571 690/3572 692/3573
vt -0.08512 -0.01482
vt -0.09117 -0.39476
vt -0.09117 -0.00753
f 770/3574 692/3575 774/3576
vt -0.08512 -0.38749
vt 0.08807 -0.38819
vt 0.09375 -0.39549
f 690/3577 691/3578 693/3579
vt -0.08512 -0.38749
vt 0.09375 -0.39549
vt -0.09117 -0.39476
f 690/3580 693/3581 692/3582
vt -0.09117 -0.03624
vt 0.09375 -0.03624
vt 0.09375 -0.06521
f 692/3583 693/3584 695/3585
vt -0.09117 -0.03624
vt 0.09375 -0.06521
vt -0.09117 -0.06521
f 692/3586 695/3587 694/3588
vt -0.09117 -0.39262
vt 0.09375 -0.39334
vt 0.09375 -0.00538
f 694/3589 695/3590 776/3591
vt -0.09117 -0.39262
vt 0.09375 -0.00538
vt -0.09117 -0.00538
f 694/3592 776/3593 779/3594
vt -0.39549 -0.03624
vt -0.00753 0.05304
vt -0.00538 0.02407
f 693/3595 773/3596 776/3597
vt -0.39549 -0.03624
vt -0.00538 0.02407
vt -0.39334 -0.06521
f 693/3598 776/3599 695/3600
vt -2.23824 0.30933
vt -2.23086 -0.07530
vt -2.29167 -0.07530
f 701/3601 745/3602 756/3603
vt -2.23824 0.30933
vt -2.29167 -0.07530
vt -2.29167 0.30933
f 701/3604 756/3605 703/3606
vt -2.23824 0.30933
vt -2.29167 0.30933
vt -2.29167 0.46987
f 701/3607 703/3608 760/3609
vt -2.23824 0.30933
vt -2.29167 0.46987
vt -2.24000 0.46987
f 701/3610 760/3611 747/3612
vt -2.22768 0.30933
vt -2.22085 -0.05324
vt -2.23086 -0.07530
f 697/3613 733/3614 745/3615
vt -2.22768 0.30933
vt -2.23086 -0.07530
vt -2.23824 0.30933
f 697/3616 745/3617 701/3618
vt -2.22768 0.30933
vt -2.23824 0.30933
vt -2.24000 0.46987
f 697/3619 701/3620 747/3621
vt -2.22768 0.30933
vt -2.24000 0.46987
vt -2.22998 0.46987
f 697/3622 747/3623 735/3624
vt -0.06791 -0.20183
vt -0.08893 -0.16477
vt -0.09764 -0.07530
f 765/3625 767/3626 766/3627
vt -0.06791 -0.20183
vt -0.09764 -0.07530
vt -0.09764 0.30933
f 765/3628 766/3629 705/3630
vt -0.06791 -0.20183
vt -0.09764 0.30933
vt 0.10059 0.30933
f 765/3631 705/3632 703/3633
vt -0.06791 -0.20183
vt 0.10059 0.30933
vt 0.10059 -0.07530
f 765/3634 703/3635 756/3636
vt -0.06791 -0.20183
vt 0.10059 -0.07530
vt 0.09188 -0.16477
f 765/3637 756/3638 758/3639
vt -0.06791 -0.20183
vt 0.09188 -0.16477
vt 0.07086 -0.20183
f 765/3640 758/3641 757/3642
vt 0.10059 0.30933
vt -0.09764 0.30933
vt -0.09764 0.46987
f 703/3643 705/3644 762/3645
vt 0.10059 0.30933
vt -0.09764 0.46987
vt -0.08893 0.50350
f 703/3646 762/3647 764/3648
vt 0.10059 0.30933
vt -0.08893 0.50350
vt -0.06791 0.53769
f 703/3649 764/3650 763/3651
vt 0.10059 0.30933
vt -0.06791 0.53769
vt 0.07086 0.53769
f 703/3652 763/3653 759/3654
vt 0.10059 0.30933
vt 0.07086 0.53769
vt 0.09188 0.51235
f 703/3655 759/3656 761/3657
vt 0.10059 0.30933
vt 0.09188 0.51235
vt 0.10059 0.46987
f 703/3658 761/3659 760/3660
vt -2.23086 -0.07530
vt -2.23824 0.30933
vt -2.29167 0.30933
f 753/3661 702/3662 705/3663
vt -2.23086 -0.07530
vt -2.29167 0.30933
vt -2.29167 -0.07530
f 753/3664 705/3665 766/3666
vt -0.06791 -2.23322
vt 0.07086 -2.23322
vt 0.07086 -2.29167
f 750/3667 748/3668 759/3669
vt -0.06791 -2.23322
vt 0.07086 -2.29167
vt -0.06791 -2.29167
f 750/3670 759/3671 763/3672
vt -0.09175 0.30933
vt -0.09175 -0.05324
vt -0.04224 -0.04952
f 699/3673 738/3674 879/3675
vt -0.09175 0.30933
vt -0.04224 -0.04952
vt -0.04224 0.30568
f 699/3676 879/3677 704/3678
vt 0.07086 -2.22383
vt -0.06791 -2.22383
vt -0.06791 -2.29167
f 744/3679 754/3680 765/3681
vt 0.07086 -2.22383
vt -0.06791 -2.29167
vt 0.07086 -2.29167
f 744/3682 765/3683 757/3684
vt 0.09470 -0.05324
vt 0.09470 0.30933
vt 0.04519 0.30568
f 733/3685 697/3686 700/3687
vt 0.09470 -0.05324
vt 0.04519 0.30568
vt 0.04519 -0.04952
f 733/3688 700/3689 876/3690
vt -0.08304 -0.14256
vt -0.06202 -0.17955
vt -0.02830 -0.17326
f 740/3691 739/3692 878/3693
vt -0.08304 -0.14256
vt -0.02830 -0.17326
vt -0.03816 -0.13702
f 740/3694 878/3695 877/3696
vt -0.06202 -2.21328
vt 0.06498 -2.21328
vt 0.03125 -2.20136
f 739/3697 732/3698 698/3699
vt -0.06202 -2.21328
vt 0.03125 -2.20136
vt -0.02830 -2.20136
f 739/3700 698/3701 878/3702
vt -0.57463 0.57743
vt -0.53295 0.57743
vt -0.53295 0.60874
f 723/3703 713/3704 719/3705
vt -0.57463 0.57743
vt -0.53295 0.60874
vt -0.57463 0.60874
f 723/3706 719/3707 726/3708
vt -0.57463 0.51711
vt -0.53295 0.51711
vt -0.53295 0.57743
f 722/3709 709/3710 713/3711
vt -0.57463 0.51711
vt -0.53295 0.57743
vt -0.57463 0.57743
f 722/3712 713/3713 723/3714
vt 0.08137 0.51711
vt -0.07591 0.51711
vt -0.07591 0.57743
f 706/3715 707/3716 711/3717
vt 0.08137 0.51711
vt -0.07591 0.57743
vt 0.08137 0.57743
f 706/3718 711/3719 710/3720
vt -0.07591 0.51711
vt 0.08137 0.51711
vt 0.08137 0.57743
f 709/3721 708/3722 712/3723
vt -0.07591 0.51711
vt 0.08137 0.57743
vt -0.07591 0.57743
f 709/3724 712/3725 713/3726
vt -0.94970 0.51711
vt -0.99769 0.51711
vt -0.99769 0.57743
f 714/3727 706/3728 710/3729
vt -0.94970 0.51711
vt -0.99769 0.57743
vt -0.94970 0.57743
f 714/3730 710/3731 716/3732
vt -0.57463 0.51711
vt -0.94970 0.51711
vt -0.94970 0.57743
f 724/3733 714/3734 716/3735
vt -0.57463 0.51711
vt -0.94970 0.57743
vt -0.57463 0.57743
f 724/3736 716/3737 725/3738
vt -0.99769 0.51711
vt -0.94970 0.51711
vt -0.94970 0.57743
f 707/3739 715/3740 717/3741
vt -0.99769 0.51711
vt -0.94970 0.57743
vt -0.99769 0.57743
f 707/3742 717/3743 711/3744
vt 0.08137 -0.99769
vt -0.07591 -0.99769
vt -0.07591 -0.94970
f 710/3745 711/3746 717/3747
vt 0.08137 -0.99769
vt -0.07591 -0.94970
vt 0.08137 -0.94970
f 710/3748 717/3749 716/3750
vt 0.05802 -0.57463
vt -0.05255 -0.57463
vt -0.05255 -0.53295
f 727/3751 726/3752 719/3753
vt 0.05802 -0.57463
vt -0.05255 -0.53295
vt 0.05802 -0.53295
f 727/3754 719/3755 720/3756
vt -0.07591 0.57743
vt 0.08137 0.57743
vt 0.05802 0.60874
f 713/3757 712/3758 720/3759
vt -0.07591 0.57743
vt 0.05802 0.60874
vt -0.05255 0.60874
f 713/3760 720/3761 719/3762
vt 0.08137 0.57743
vt -0.07591 0.57743
vt -0.05255 0.60874
f 716/3763 717/3764 718/3765
vt 0.08137 0.57743
vt -0.05255 0.60874
vt 0.05802 0.60874
f 716/3766 718/3767 721/3768
vt -0.57463 0.57743
vt -0.94970 0.57743
vt -0.94970 0.60874
f 725/3769 716/3770 721/3771
vt -0.57463 0.57743
vt -0.94970 0.60874
vt -0.57463 0.60874
f 725/3772 721/3773 727/3774
vt -0.53295 0.57743
vt -0.57463 0.57743
vt -0.57463 0.60874
f 712/3775 725/3776 727/3777
vt -0.53295 0.57743
vt -0.57463 0.60874
vt -0.53295 0.60874
f 712/3778 727/3779 720/3780
vt -0.05255 0.60874
vt 0.05802 0.60874
vt 0.03687 0.68540
f 726/3781 727/3782 728/3783
vt -0.05255 0.60874
vt 0.03687 0.68540
vt -0.03140 0.68540
f 726/3784 728/3785 731/3786
vt -0.53295 0.51711
vt -0.57463 0.51711
vt -0.57463 0.57743
f 708/3787 724/3788 725/3789
vt -0.53295 0.51711
vt -0.57463 0.57743
vt -0.53295 0.57743
f 708/3790 725/3791 712/3792
vt -0.94970 0.51711
vt -0.57463 0.51711
vt -0.57463 0.57743
f 715/3793 722/3794 723/3795
vt -0.94970 0.51711
vt -0.57463 0.57743
vt -0.94970 0.57743
f 715/3796 723/3797 717/3798
vt -0.94970 0.57743
vt -0.57463 0.57743
vt -0.57463 0.60874
f 717/3799 723/3800 726/3801
vt -0.94970 0.57743
vt -0.57463 0.60874
vt -0.94970 0.60874
f 717/3802 726/3803 718/3804
vt 0.03687 -0.92079
vt -0.03140 -0.92079
vt -0.03140 -0.60605
f 729/3805 730/3806 731/3807
vt 0.03687 -0.92079
vt -0.03140 -0.60605
vt 0.03687 -0.60605
f 729/3808 731/3809 728/3810
vt -0.57463 0.60874
vt -0.94970 0.60874
vt -0.92079 0.68540
f 727/3811 721/3812 729/3813
vt -0.57463 0.60874
vt -0.92079 0.68540
vt -0.60605 0.68540
f 727/3814 729/3815 728/3816
vt 0.05802 0.60874
vt -0.05255 0.60874
vt -0.03140 0.68540
f 721/3817 718/3818 730/3819
vt 0.05802 0.60874
vt -0.03140 0.68540
vt 0.03687 0.68540
f 721/3820 730/3821 729/3822
vt -0.94970 0.60874
vt -0.57463 0.60874
vt -0.60605 0.68540
f 718/3823 726/3824 731/3825
vt -0.94970 0.60874
vt -0.60605 0.68540
vt -0.92079 0.68540
f 718/3826 731/3827 730/3828
vt 0.06498 -0.17955
vt 0.08599 -0.14256
vt 0.04111 -0.13702
f 732/3829 734/3830 696/3831
vt 0.06498 -0.17955
vt 0.04111 -0.13702
vt 0.03125 -0.17326
f 732/3832 696/3833 698/3834
vt 0.08599 -0.14256
vt 0.09470 -0.05324
vt 0.04519 -0.04952
f 734/3835 733/3836 876/3837
vt 0.08599 -0.14256
vt 0.04519 -0.04952
vt 0.04111 -0.13702
f 734/3838 876/3839 696/3840
vt -2.22998 0.46987
vt -2.24000 0.46987
vt -2.23520 0.51235
f 735/3841 747/3842 749/3843
vt -2.22998 0.46987
vt -2.23520 0.51235
vt -2.22480 0.49014
f 735/3844 749/3845 737/3846
vt 0.08599 0.49014
vt 0.09188 0.51235
vt 0.07086 0.53769
f 737/3847 749/3848 748/3849
vt 0.08599 0.49014
vt 0.07086 0.53769
vt 0.06498 0.52591
f 737/3850 748/3851 736/3852
vt -2.24000 0.46987
vt -2.22998 0.46987
vt -2.22480 0.50350
f 751/3853 742/3854 743/3855
vt -2.24000 0.46987
vt -2.22480 0.50350
vt -2.23520 0.50350
f 751/3856 743/3857 752/3858
vt -2.23520 0.50350
vt -2.22480 0.50350
vt -2.22266 0.52591
f 752/3859 743/3860 741/3861
vt -0.08893 0.50350
vt -0.06202 0.52591
vt -0.06791 0.53769
f 752/3862 741/3863 750/3864
vt -0.06791 -0.20183
vt -0.06202 -0.17955
vt -0.08304 -0.14256
f 754/3865 739/3866 740/3867
vt -0.06791 -0.20183
vt -0.08304 -0.14256
vt -0.08893 -0.16477
f 754/3868 740/3869 755/3870
vt -2.22589 -0.16477
vt -2.21549 -0.14256
vt -2.22085 -0.05324
f 755/3871 740/3872 738/3873
vt -2.22589 -0.16477
vt -2.22085 -0.05324
vt -2.23086 -0.07530
f 755/3874 738/3875 753/3876
vt 0.06498 -0.17955
vt 0.07086 -0.20183
vt 0.09188 -0.16477
f 732/3877 744/3878 746/3879
vt 0.06498 -0.17955
vt 0.09188 -0.16477
vt 0.08599 -0.14256
f 732/3880 746/3881 734/3882
vt -2.21549 -0.14256
vt -2.22589 -0.16477
vt -2.23086 -0.07530
f 734/3883 746/3884 745/3885
vt -2.21549 -0.14256
vt -2.23086 -0.07530
vt -2.22085 -0.05324
f 734/3886 745/3887 733/3888
vt -2.23086 -0.07530
vt -2.29167 -0.07530
vt -2.29167 -0.16477
f 753/3889 766/3890 767/3891
vt -2.23086 -0.07530
vt -2.29167 -0.16477
vt -2.22589 -0.16477
f 753/3892 767/3893 755/3894
vt -2.22589 -0.16477
vt -2.29167 -0.16477
vt -2.29167 -0.20183
f 755/3895 767/3896 765/3897
vt -2.22589 -0.16477
vt -2.29167 -0.20183
vt -2.22383 -0.20183
f 755/3898 765/3899 754/3900
vt -2.29167 -0.07530
vt -2.23086 -0.07530
vt -2.22589 -0.16477
f 756/3901 745/3902 746/3903
vt -2.29167 -0.07530
vt -2.22589 -0.16477
vt -2.29167 -0.16477
f 756/3904 746/3905 758/3906
vt -2.29167 -0.16477
vt -2.22589 -0.16477
vt -2.22383 -0.20183
f 758/3907 746/3908 744/3909
vt -2.29167 -0.16477
vt -2.22383 -0.20183
vt -2.29167 -0.20183
f 758/3910 744/3911 757/3912
vt -2.29167 0.53769
vt -2.23322 0.53769
vt -2.23520 0.51235
f 759/3913 748/3914 749/3915
vt -2.29167 0.53769
vt -2.23520 0.51235
vt -2.29167 0.51235
f 759/3916 749/3917 761/3918
vt -2.29167 0.51235
vt -2.23520 0.51235
vt -2.24000 0.46987
f 761/3919 749/3920 747/3921
vt -2.29167 0.51235
vt -2.24000 0.46987
vt -2.29167 0.46987
f 761/3922 747/3923 760/3924
vt -2.29167 0.46987
vt -2.24000 0.46987
vt -2.23520 0.50350
f 762/3925 751/3926 752/3927
vt -2.29167 0.46987
vt -2.23520 0.50350
vt -2.29167 0.50350
f 762/3928 752/3929 764/3930
vt -2.29167 0.50350
vt -2.23520 0.50350
vt -2.23322 0.53769
f 764/3931 752/3932 750/3933
vt -2.29167 0.50350
vt -2.23322 0.53769
vt -2.29167 0.53769
f 764/3934 750/3935 763/3936
vt -0.09175 -0.05324
vt -0.08304 -0.14256
vt -0.03816 -0.13702
f 738/3937 740/3938 877/3939
vt -0.09175 -0.05324
vt -0.03816 -0.13702
vt -0.04224 -0.04952
f 738/3940 877/3941 879/3942
vt -0.07312 0.05565
vt -0.07023 0.04836
vt -0.08512 -0.01482
f 775/3943 771/3944 770/3945
vt -0.07312 0.05565
vt -0.08512 -0.01482
vt -0.09117 -0.00753
f 775/3946 770/3947 774/3948
vt 0.09375 -0.00753
vt 0.08807 -0.01482
vt 0.07318 0.04836
f 773/3949 769/3950 768/3951
vt 0.09375 -0.00753
vt 0.07318 0.04836
vt 0.07608 0.05565
f 773/3952 768/3953 772/3954
vt 0.05565 0.06437
vt 0.05779 0.03539
vt -0.00538 0.02407
f 772/3955 777/3956 776/3957
vt 0.05565 0.06437
vt -0.00538 0.02407
vt -0.00753 0.05304
f 772/3958 776/3959 773/3960
vt 0.05779 0.03539
vt 0.05565 0.06437
vt -0.00753 0.05303
f 778/3961 775/3962 774/3963
vt 0.05779 0.03539
vt -0.00753 0.05303
vt -0.00538 0.02407
f 778/3964 774/3965 779/3966
vt 0.07478 0.51367
vt 0.03997 0.51367
vt 0.03997 0.54637
f 780/3967 783/3968 791/3969
vt 0.07478 0.51367
vt 0.03997 0.54637
vt 0.07478 0.54637
f 780/3970 791/3971 784/3972
vt 0.03997 0.51367
vt 0.07478 0.51367
vt 0.07478 0.54637
f 782/3973 781/3974 787/3975
vt 0.03997 0.51367
vt 0.07478 0.54637
vt 0.03997 0.54637
f 782/3976 787/3977 788/3978
vt 0.05797 0.03986
vt -0.05502 0.03986
vt -0.05502 0.07489
f 790/3979 789/3980 786/3981
vt 0.05797 0.03986
vt -0.05502 0.07489
vt 0.05797 0.07489
f 790/3982 786/3983 785/3984
vt 0.07999 0.51367
vt -0.07704 0.51367
vt -0.07704 0.54637
f 783/3985 782/3986 788/3987
vt 0.07999 0.51367
vt -0.07704 0.54637
vt -0.05502 0.56554
f 783/3988 788/3989 789/3990
vt 0.07999 0.51367
vt -0.05502 0.56554
vt 0.05797 0.56554
f 783/3991 789/3992 790/3993
vt 0.07999 0.51367
vt 0.05797 0.56554
vt 0.07999 0.54637
f 783/3994 790/3995 791/3996
vt -0.07704 0.03997
vt -0.07704 0.07478
vt -0.05502 0.07489
f 788/3997 787/3998 786/3999
vt -0.07704 0.03997
vt -0.05502 0.07489
vt -0.05502 0.03986
f 788/4000 786/4001 789/4002
vt 0.07999 0.07478
vt 0.07999 0.03997
vt 0.05797 0.03986
f 784/4003 791/4004 790/4005
vt 0.07999 0.07478
vt 0.05797 0.03986
vt 0.05797 0.07489
f 784/4006 790/4007 785/4008
vt -0.07704 0.51367
vt 0.07999 0.51367
vt 0.07999 0.54637
f 781/4009 780/4010 784/4011
vt -0.07704 0.51367
vt 0.07999 0.54637
vt 0.05797 0.56554
f 781/4012 784/4013 785/4014
vt -0.07704 0.51367
vt 0.05797 0.56554
vt -0.05502 0.56554
f 781/4015 785/4016 786/4017
vt -0.07704 0.51367
vt -0.05502 0.56554
vt -0.07704 0.54637
f 781/4018 786/4019 787/4020
vt -0.00230 0.51367
vt -0.03710 0.51367
vt -0.03710 0.54637
f 792/4021 795/4022 803/4023
vt -0.00230 0.51367
vt -0.03710 0.54637
vt -0.00230 0.54637
f 792/4024 803/4025 796/4026
vt -0.03710 0.51367
vt -0.00230 0.51367
vt -0.00230 0.54637
f 794/4027 793/4028 799/4029
vt -0.03710 0.51367
vt -0.00230 0.54637
vt -0.03710 0.54637
f 794/4030 799/4031 800/4032
vt 0.05797 -0.03722
vt -0.05502 -0.03722
vt -0.05502 -0.00218
f 802/4033 801/4034 798/4035
vt 0.05797 -0.03722
vt -0.05502 -0.00218
vt 0.05797 -0.00218
f 802/4036 798/4037 797/4038
vt 0.07999 0.51367
vt -0.07704 0.51367
vt -0.07704 0.54637
f 795/4039 794/4040 800/4041
vt 0.07999 0.51367
vt -0.07704 0.54637
vt -0.05502 0.56554
f 795/4042 800/4043 801/4044
vt 0.07999 0.51367
vt -0.05502 0.56554
vt 0.05797 0.56554
f 795/4045 801/4046 802/4047
vt 0.07999 0.51367
vt 0.05797 0.56554
vt 0.07999 0.54637
f 795/4048 802/4049 803/4050
vt -0.07704 -0.03710
vt -0.07704 -0.00230
vt -0.05502 -0.00218
f 800/4051 799/4052 798/4053
vt -0.07704 -0.03710
vt -0.05502 -0.00218
vt -0.05502 -0.03722
f 800/4054 798/4055 801/4056
vt 0.07999 -0.00230
vt 0.07999 -0.03710
vt 0.05797 -0.03722
f 796/4057 803/4058 802/4059
vt 0.07999 -0.00230
vt 0.05797 -0.03722
vt 0.05797 -0.00218
f 796/4060 802/4061 797/4062
vt -0.07704 0.51367
vt 0.07999 0.51367
vt 0.07999 0.54637
f 793/4063 792/4064 796/4065
vt -0.07704 0.51367
vt 0.07999 0.54637
vt 0.05797 0.56554
f 793/4066 796/4067 797/4068
vt -0.07704 0.51367
vt 0.05797 0.56554
vt -0.05502 0.56554
f 793/4069 797/4070 798/4071
vt -0.07704 0.51367
vt -0.05502 0.56554
vt -0.07704 0.54637
f 793/4072 798/4073 799/4074
vt -0.07937 0.51367
vt -0.11417 0.51367
vt -0.11417 0.54637
f 804/4075 807/4076 815/4077
vt -0.07937 0.51367
vt -0.11417 0.54637
vt -0.07937 0.54637
f 804/4078 815/4079 808/4080
vt -0.11417 0.51367
vt -0.07937 0.51367
vt -0.07937 0.54637
f 806/4081 805/4082 811/4083
vt -0.11417 0.51367
vt -0.07937 0.54637
vt -0.11417 0.54637
f 806/4084 811/4085 812/4086
vt 0.05797 -0.11428
vt -0.05502 -0.11428
vt -0.05502 -0.07925
f 814/4087 813/4088 810/4089
vt 0.05797 -0.11428
vt -0.05502 -0.07925
vt 0.05797 -0.07925
f 814/4090 810/4091 809/4092
vt 0.07999 0.51367
vt -0.07704 0.51367
vt -0.07704 0.54637
f 807/4093 806/4094 812/4095
vt 0.07999 0.51367
vt -0.07704 0.54637
vt -0.05502 0.56554
f 807/4096 812/4097 813/4098
vt 0.07999 0.51367
vt -0.05502 0.56554
vt 0.05797 0.56554
f 807/4099 813/4100 814/4101
vt 0.07999 0.51367
vt 0.05797 0.56554
vt 0.07999 0.54637
f 807/4102 814/4103 815/4104
vt -0.07704 -0.11417
vt -0.07704 -0.07937
vt -0.05502 -0.07925
f 812/4105 811/4106 810/4107
vt -0.07704 -0.11417
vt -0.05502 -0.07925
vt -0.05502 -0.11428
f 812/4108 810/4109 813/4110
vt 0.07999 -0.07937
vt 0.07999 -0.11417
vt 0.05797 -0.11428
f 808/4111 815/4112 814/4113
vt 0.07999 -0.07937
vt 0.05797 -0.11428
vt 0.05797 -0.07925
f 808/4114 814/4115 809/4116
vt -0.07704 0.51367
vt 0.07999 0.51367
vt 0.07999 0.54637
f 805/4117 804/4118 808/4119
vt -0.07704 0.51367
vt 0.07999 0.54637
vt 0.05797 0.56554
f 805/4120 808/4121 809/4122
vt -0.07704 0.51367
vt 0.05797 0.56554
vt -0.05502 0.56554
f 805/4123 809/4124 810/4125
vt -0.07704 0.51367
vt -0.05502 0.56554
vt -0.07704 0.54637
f 805/4126 810/4127 811/4128
vt -0.15643 0.51367
vt -0.19124 0.51367
vt -0.19124 0.54637
f 816/4129 819/4130 827/4131
vt -0.15643 0.51367
vt -0.19124 0.54637
vt -0.15643 0.54637
f 816/4132 827/4133 820/4134
vt -0.19124 0.51367
vt -0.15643 0.51367
vt -0.15643 0.54637
f 818/4135 817/4136 823/4137
vt -0.19124 0.51367
vt -0.15643 0.54637
vt -0.19124 0.54637
f 818/4138 823/4139 824/4140
vt 0.05797 -0.19135
vt -0.05502 -0.19135
vt -0.05502 -0.15633
f 826/4141 825/4142 822/4143
vt 0.05797 -0.19135
vt -0.05502 -0.15633
vt 0.05797 -0.15633
f 826/4144 822/4145 821/4146
vt 0.07999 0.51367
vt -0.07704 0.51367
vt -0.07704 0.54637
f 819/4147 818/4148 824/4149
vt 0.07999 0.51367
vt -0.07704 0.54637
vt -0.05502 0.56554
f 819/4150 824/4151 825/4152
vt 0.07999 0.51367
vt -0.05502 0.56554
vt 0.05797 0.56554
f 819/4153 825/4154 826/4155
vt 0.07999 0.51367
vt 0.05797 0.56554
vt 0.07999 0.54637
f 819/4156 826/4157 827/4158
vt -0.07704 -0.19124
vt -0.07704 -0.15643
vt -0.05502 -0.15633
f 824/4159 823/4160 822/4161
vt -0.07704 -0.19124
vt -0.05502 -0.15633
vt -0.05502 -0.19135
f 824/4162 822/4163 825/4164
vt 0.07999 -0.15643
vt 0.07999 -0.19124
vt 0.05797 -0.19135
f 820/4165 827/4166 826/4167
vt 0.07999 -0.15643
vt 0.05797 -0.19135
vt 0.05797 -0.15633
f 820/4168 826/4169 821/4170
vt -0.07704 0.51367
vt 0.07999 0.51367
vt 0.07999 0.54637
f 817/4171 816/4172 820/4173
vt -0.07704 0.51367
vt 0.07999 0.54637
vt 0.05797 0.56554
f 817/4174 820/4175 821/4176
vt -0.07704 0.51367
vt 0.05797 0.56554
vt -0.05502 0.56554
f 817/4177 821/4178 822/4179
vt -0.07704 0.51367
vt -0.05502 0.56554
vt -0.07704 0.54637
f 817/4180 822/4181 823/4182
vt -0.23351 0.51367
vt -0.26831 0.51367
vt -0.26831 0.54637
f 828/4183 831/4184 839/4185
vt -0.23351 0.51367
vt -0.26831 0.54637
vt -0.23351 0.54637
f 828/4186 839/4187 832/4188
vt -0.26831 0.51367
vt -0.23351 0.51367
vt -0.23351 0.54637
f 830/4189 829/4190 835/4191
vt -0.26831 0.51367
vt -0.23351 0.54637
vt -0.26831 0.54637
f 830/4192 835/4193 836/4194
vt 0.05797 -0.26843
vt -0.05502 -0.26843
vt -0.05502 -0.23339
f 838/4195 837/4196 834/4197
vt 0.05797 -0.26843
vt -0.05502 -0.23339
vt 0.05797 -0.23339
f 838/4198 834/4199 833/4200
vt 0.07999 0.51367
vt -0.07704 0.51367
vt -0.07704 0.54637
f 831/4201 830/4202 836/4203
vt 0.07999 0.51367
vt -0.07704 0.54637
vt -0.05502 0.56554
f 831/4204 836/4205 837/4206
vt 0.07999 0.51367
vt -0.05502 0.56554
vt 0.05797 0.56554
f 831/4207 837/4208 838/4209
vt 0.07999 0.51367
vt 0.05797 0.56554
vt 0.07999 0.54637
f 831/4210 838/4211 839/4212
vt -0.07704 -0.26831
vt -0.07704 -0.23351
vt -0.05502 -0.23339
f 836/4213 835/4214 834/4215
vt -0.07704 -0.26831
vt -0.05502 -0.23339
vt -0.05502 -0.26843
f 836/4216 834/4217 837/4218
vt 0.07999 -0.23351
vt 0.07999 -0.26831
vt 0.05797 -0.26843
f 832/4219 839/4220 838/4221
vt 0.07999 -0.23351
vt 0.05797 -0.26843
vt 0.05797 -0.23339
f 832/4222 838/4223 833/4224
vt -0.07704 0.51367
vt 0.07999 0.51367
vt 0.07999 0.54637
f 829/4225 828/4226 832/4227
vt -0.07704 0.51367
vt 0.07999 0.54637
vt 0.05797 0.56554
f 829/4228 832/4229 833/4230
vt -0.07704 0.51367
vt 0.05797 0.56554
vt -0.05502 0.56554
f 829/4231 833/4232 834/4233
vt -0.07704 0.51367
vt -0.05502 0.56554
vt -0.07704 0.54637
f 829/4234 834/4235 835/4236
vt -0.31058 0.51367
vt -0.34538 0.51367
vt -0.34538 0.54637
f 840/4237 843/4238 851/4239
vt -0.31058 0.51367
vt -0.34538 0.54637
vt -0.31058 0.54637
f 840/4240 851/4241 844/4242
vt -0.34538 0.51367
vt -0.31058 0.51367
vt -0.31058 0.54637
f 842/4243 841/4244 847/4245
vt -0.34538 0.51367
vt -0.31058 0.54637
vt -0.34538 0.54637
f 842/4246 847/4247 848/4248
vt 0.05797 -0.34549
vt -0.05502 -0.34549
vt -0.05502 -0.31046
f 850/4249 849/4250 846/4251
vt 0.05797 -0.34549
vt -0.05502 -0.31046
vt 0.05797 -0.31046
f 850/4252 846/4253 845/4254
vt 0.07999 0.51367
vt -0.07704 0.51367
vt -0.07704 0.54637
f 843/4255 842/4256 848/4257
vt 0.07999 0.51367
vt -0.07704 0.54637
vt -0.05502 0.56554
f 843/4258 848/4259 849/4260
vt 0.07999 0.51367
vt -0.05502 0.56554
vt 0.05797 0.56554
f 843/4261 849/4262 850/4263
vt 0.07999 0.51367
vt 0.05797 0.56554
vt 0.07999 0.54637
f 843/4264 850/4265 851/4266
vt -0.07704 -0.34538
vt -0.07704 -0.31058
vt -0.05502 -0.31046
f 848/4267 847/4268 846/4269
vt -0.07704 -0.34538
vt -0.05502 -0.31046
vt -0.05502 -0.34549
f 848/4270 846/4271 849/4272
vt 0.07999 -0.31058
vt 0.07999 -0.34538
vt 0.05797 -0.34549
f 844/4273 851/4274 850/4275
vt 0.07999 -0.31058
vt 0.05797 -0.34549
vt 0.05797 -0.31046
f 844/4276 850/4277 845/4278
vt -0.07704 0.51367
vt 0.07999 0.51367
vt 0.07999 0.54637
f 841/4279 840/4280 844/4281
vt -0.07704 0.51367
vt 0.07999 0.54637
vt 0.05797 0.56554
f 841/4282 844/4283 845/4284
vt -0.07704 0.51367
vt 0.05797 0.56554
vt -0.05502 0.56554
f 841/4285 845/4286 846/4287
vt -0.07704 0.51367
vt -0.05502 0.56554
vt -0.07704 0.54637
f 841/4288 846/4289 847/4290
vt -0.38764 0.51367
vt -0.42245 0.51367
vt -0.42245 0.54637
f 852/4291 855/4292 863/4293
vt -0.38764 0.51367
vt -0.42245 0.54637
vt -0.38764 0.54637
f 852/4294 863/4295 856/4296
vt -0.42245 0.51367
vt -0.38764 0.51367
vt -0.38764 0.54637
f 854/4297 853/4298 859/4299
vt -0.42245 0.51367
vt -0.38764 0.54637
vt -0.42245 0.54637
f 854/4300 859/4301 860/4302
vt 0.05797 -0.42257
vt -0.05502 -0.42257
vt -0.05502 -0.38753
f 862/4303 861/4304 858/4305
vt 0.05797 -0.42257
vt -0.05502 -0.38753
vt 0.05797 -0.38753
f 862/4306 858/4307 857/4308
vt 0.07999 0.51367
vt -0.07704 0.51367
vt -0.07704 0.54637
f 855/4309 854/4310 860/4311
vt 0.07999 0.51367
vt -0.07704 0.54637
vt -0.05502 0.56554
f 855/4312 860/4313 861/4314
vt 0.07999 0.51367
vt -0.05502 0.56554
vt 0.05797 0.56554
f 855/4315 861/4316 862/4317
vt 0.07999 0.51367
vt 0.05797 0.56554
vt 0.07999 0.54637
f 855/4318 862/4319 863/4320
vt -0.07704 -0.42245
vt -0.07704 -0.38764
vt -0.05502 -0.38753
f 860/4321 859/4322 858/4323
vt -0.07704 -0.42245
vt -0.05502 -0.38753
vt -0.05502 -0.42257
f 860/4324 858/4325 861/4326
vt 0.07999 -0.38764
vt 0.07999 -0.42245
vt 0.05797 -0.42257
f 856/4327 863/4328 862/4329
vt 0.07999 -0.38764
vt 0.05797 -0.42257
vt 0.05797 -0.38753
f 856/4330 862/4331 857/4332
vt -0.07704 0.51367
vt 0.07999 0.51367
vt 0.07999 0.54637
f 853/4333 852/4334 856/4335
vt -0.07704 0.51367
vt 0.07999 0.54637
vt 0.05797 0.56554
f 853/4336 856/4337 857/4338
vt -0.07704 0.51367
vt 0.05797 0.56554
vt -0.05502 0.56554
f 853/4339 857/4340 858/4341
vt -0.07704 0.51367
vt -0.05502 0.56554
vt -0.07704 0.54637
f 853/4342 858/4343 859/4344
vt -0.46472 0.51367
vt -0.49952 0.51367
vt -0.49952 0.54637
f 864/4345 867/4346 875/4347
vt -0.46472 0.51367
vt -0.49952 0.54637
vt -0.46472 0.54637
f 864/4348 875/4349 868/4350
vt -0.49952 0.51367
vt -0.46472 0.51367
vt -0.46472 0.54637
f 866/4351 865/4352 871/4353
vt -0.49952 0.51367
vt -0.46472 0.54637
vt -0.49952 0.54637
f 866/4354 871/4355 872/4356
vt 0.05797 -0.49963
vt -0.05502 -0.49963
vt -0.05502 -0.46460
f 874/4357 873/4358 870/4359
vt 0.05797 -0.49963
vt -0.05502 -0.46460
vt 0.05797 -0.46460
f 874/4360 870/4361 869/4362
vt 0.07999 0.51367
vt -0.07704 0.51367
vt -0.07704 0.54637
f 867/4363 866/4364 872/4365
vt 0.07999 0.51367
vt -0.07704 0.54637
vt -0.05502 0.56554
f 867/4366 872/4367 873/4368
vt 0.07999 0.51367
vt -0.05502 0.56554
vt 0.05797 0.56554
f 867/4369 873/4370 874/4371
vt 0.07999 0.51367
vt 0.05797 0.56554
vt 0.07999 0.54637
f 867/4372 874/4373 875/4374
vt -0.07704 -0.49952
vt -0.07704 -0.46472
vt -0.05502 -0.46460
f 872/4375 871/4376 870/4377
vt -0.07704 -0.49952
vt -0.05502 -0.46460
vt -0.05502 -0.49963
f 872/4378 870/4379 873/4380
vt 0.07999 -0.46472
vt 0.07999 -0.49952
vt 0.05797 -0.49963
f 868/4381 875/4382 874/4383
vt 0.07999 -0.46472
vt 0.05797 -0.49963
vt 0.05797 -0.46460
f 868/4384 874/4385 869/4386
vt -0.07704 0.51367
vt 0.07999 0.51367
vt 0.07999 0.54637
f 865/4387 864/4388 868/4389
vt -0.07704 0.51367
vt 0.07999 0.54637
vt 0.05797 0.56554
f 865/4390 868/4391 869/4392
vt -0.07704 0.51367
vt 0.05797 0.56554
vt -0.05502 0.56554
f 865/4393 869/4394 870/4395
vt -0.07704 0.51367
vt -0.05502 0.56554
vt -0.07704 0.54637
f 865/4396 870/4397 871/4398
vt -0.09117 -0.00538
vt 0.09375 -0.00538
vt 0.07608 0.05779
f 779/4399 776/4400 777/4401
vt -0.09117 -0.00538
vt 0.07608 0.05779
vt -0.07312 0.05779
f 779/4402 777/4403 778/4404
vt -2.29167 0.30933
vt -2.23824 0.30933
vt -2.24000 0.46987
f 705/4405 702/4406 751/4407
vt -2.29167 0.30933
vt -2.24000 0.46987
vt -2.29167 0.46987
f 705/4408 751/4409 762/4410
vt 0.14204 0.40907
vt 0.10044 0.50951
vt 0.10860 0.51767
f 908/4411 963/4412 1003/4413
vt 0.14204 0.40907
vt 0.10860 0.51767
vt 0.15358 0.40907
f 908/4414 1003/4415 996/4416
vt 0.14204 0.40907
vt 0.10044 0.30863
vt 0.10860 0.30047
f 911/4417 932/4418 1014/4419
vt 0.14204 0.40907
vt 0.10860 0.30047
vt 0.15358 0.40907
f 911/4420 1014/4421 1013/4422
vt 0.14204 0.40907
vt 0.10044 0.30863
vt 0.10860 0.30047
f 913/4423 930/4424 1030/4425
vt 0.14204 0.40907
vt 0.10860 0.30047
vt 0.15358 0.40907
f 913/4426 1030/4427 1029/4428
vt 0.10044 0.50951
vt 0.00000 0.55112
vt 0.00000 0.56265
f 957/4429 942/4430 1048/4431
vt 0.10044 0.50951
vt 0.00000 0.56265
vt 0.10860 0.51767
f 957/4432 1048/4433 1051/4434
vt 0.14204 0.40907
vt 0.10044 0.30863
vt 0.10860 0.30047
f 917/4435 926/4436 1062/4437
vt 0.14204 0.40907
vt 0.10860 0.30047
vt 0.15358 0.40907
f 917/4438 1062/4439 1061/4440
vt 0.14204 0.40907
vt 0.10044 0.30863
vt 0.10860 0.30047
f 919/4441 924/4442 1078/4443
vt 0.14204 0.40907
vt 0.10860 0.30047
vt 0.15358 0.40907
f 919/4444 1078/4445 1077/4446
vt 0.14204 0.40907
vt 0.10044 0.30863
vt 0.10860 0.30047
f 921/4447 922/4448 1094/4449
vt 0.14204 0.40907
vt 0.10860 0.30047
vt 0.15358 0.40907
f 921/4450 1094/4451 1093/4452
vt 0.14204 0.40907
vt 0.10044 0.30863
vt 0.10860 0.30047
f 909/4453 934/4454 998/4455
vt 0.14204 0.40907
vt 0.10860 0.30047
vt 0.15358 0.40907
f 909/4456 998/4457 997/4458
vt 0.00000 0.26703
vt 0.10044 0.30863
vt 0.10860 0.30047
f 980/4459 933/4460 1015/4461
vt 0.00000 0.26703
vt 0.10860 0.30047
vt 0.00000 0.25548
f 980/4462 1015/4463 1022/4464
vt 0.00000 0.26703
vt 0.10044 0.30863
vt 0.10860 0.30047
f 982/4465 931/4466 1031/4467
vt 0.00000 0.26703
vt 0.10860 0.30047
vt 0.00000 0.25548
f 982/4468 1031/4469 1038/4470
vt 0.10044 0.30863
vt 0.14204 0.40907
vt 0.15358 0.40907
f 929/4471 914/4472 1044/4473
vt 0.10044 0.30863
vt 0.15358 0.40907
vt 0.10860 0.30047
f 929/4474 1044/4475 1047/4476
vt 0.00000 0.26703
vt 0.10044 0.30863
vt 0.10860 0.30047
f 986/4477 927/4478 1063/4479
vt 0.00000 0.26703
vt 0.10860 0.30047
vt 0.00000 0.25548
f 986/4480 1063/4481 1070/4482
vt 0.00000 0.26703
vt 0.10044 0.30863
vt 0.10860 0.30047
f 988/4483 925/4484 1079/4485
vt 0.00000 0.26703
vt 0.10860 0.30047
vt 0.00000 0.25548
f 988/4486 1079/4487 1086/4488
vt 0.00000 0.26703
vt 0.10044 0.30863
vt 0.10860 0.30047
f 990/4489 923/4490 1095/4491
vt 0.00000 0.26703
vt 0.10860 0.30047
vt 0.00000 0.25548
f 990/4492 1095/4493 1102/4494
vt 0.00000 0.26703
vt 0.10044 0.30863
vt 0.10860 0.30047
f 978/4495 935/4496 999/4497
vt 0.00000 0.26703
vt 0.10860 0.30047
vt 0.00000 0.25548
f 978/4498 999/4499 1006/4500
vt -0.10044 0.30863
vt -0.14204 0.40907
vt -0.15358 0.40907
f 883/4501 904/4502 1010/4503
vt -0.10044 0.30863
vt -0.15358 0.40907
vt -0.10860 0.30047
f 883/4504 1010/4505 1009/4506
vt -0.10044 0.30863
vt -0.14204 0.40907
vt -0.15358 0.40907
f 885/4507 902/4508 1026/4509
vt -0.10044 0.30863
vt -0.15358 0.40907
vt -0.10860 0.30047
f 885/4510 1026/4511 1025/4512
vt -0.14204 0.40907
vt -0.10044 0.30863
vt -0.10860 0.30047
f 901/4513 886/4514 1040/4515
vt -0.14204 0.40907
vt -0.10860 0.30047
vt -0.15358 0.40907
f 901/4516 1040/4517 1043/4518
vt -0.10044 0.30863
vt -0.14204 0.40907
vt -0.15358 0.40907
f 889/4519 898/4520 1058/4521
vt -0.10044 0.30863
vt -0.15358 0.40907
vt -0.10860 0.30047
f 889/4522 1058/4523 1057/4524
vt -0.10044 0.30863
vt -0.14204 0.40907
vt -0.15358 0.40907
f 891/4525 896/4526 1074/4527
vt -0.10044 0.30863
vt -0.15358 0.40907
vt -0.10860 0.30047
f 891/4528 1074/4529 1073/4530
vt -0.10044 0.30863
vt -0.14204 0.40907
vt -0.15358 0.40907
f 893/4531 894/4532 1090/4533
vt -0.10044 0.30863
vt -0.15358 0.40907
vt -0.10860 0.30047
f 893/4534 1090/4535 1089/4536
vt -0.10044 0.30863
vt -0.14204 0.40907
vt -0.15358 0.40907
f 881/4537 906/4538 994/4539
vt -0.10044 0.30863
vt -0.15358 0.40907
vt -0.10860 0.30047
f 881/4540 994/4541 993/4542
vt -0.10044 0.30863
vt 0.00000 0.26703
vt 0.00000 0.25548
f 882/4543 980/4544 1022/4545
vt -0.10044 0.30863
vt 0.00000 0.25548
vt -0.10860 0.30047
f 882/4546 1022/4547 1008/4548
vt -0.10044 0.30863
vt 0.00000 0.26703
vt 0.00000 0.25548
f 884/4549 982/4550 1038/4551
vt -0.10044 0.30863
vt 0.00000 0.25548
vt -0.10860 0.30047
f 884/4552 1038/4553 1024/4554
vt -0.10044 0.50951
vt 0.00000 0.55112
vt 0.00000 0.56265
f 970/4555 943/4556 1049/4557
vt -0.10044 0.50951
vt 0.00000 0.56265
vt -0.10860 0.51767
f 970/4558 1049/4559 1052/4560
vt -0.10044 0.30863
vt 0.00000 0.26703
vt 0.00000 0.25548
f 888/4561 986/4562 1070/4563
vt -0.10044 0.30863
vt 0.00000 0.25548
vt -0.10860 0.30047
f 888/4564 1070/4565 1056/4566
vt -0.10044 0.30863
vt 0.00000 0.26703
vt 0.00000 0.25548
f 890/4567 988/4568 1086/4569
vt -0.10044 0.30863
vt 0.00000 0.25548
vt -0.10860 0.30047
f 890/4570 1086/4571 1072/4572
vt -0.10044 0.30863
vt 0.00000 0.26703
vt 0.00000 0.25548
f 892/4573 990/4574 1102/4575
vt -0.10044 0.30863
vt 0.00000 0.25548
vt -0.10860 0.30047
f 892/4576 1102/4577 1088/4578
vt -0.10044 0.30863
vt 0.00000 0.26703
vt 0.00000 0.25548
f 880/4579 978/4580 1006/4581
vt -0.10044 0.30863
vt 0.00000 0.25548
vt -0.10860 0.30047
f 880/4582 1006/4583 992/4584
vt -0.10044 0.50951
vt -0.14204 0.40907
vt -0.15358 0.40907
f 975/4585 905/4586 1011/4587
vt -0.10044 0.50951
vt -0.15358 0.40907
vt -0.10860 0.51767
f 975/4588 1011/4589 1021/4590
vt -0.10044 0.50951
vt -0.14204 0.40907
vt -0.15358 0.40907
f 973/4591 903/4592 1027/4593
vt -0.10044 0.50951
vt -0.15358 0.40907
vt -0.10860 0.51767
f 973/4594 1027/4595 1037/4596
vt 0.10044 0.50951
vt 0.14204 0.40907
vt 0.15358 0.40907
f 956/4597 915/4598 1045/4599
vt 0.10044 0.50951
vt 0.15358 0.40907
vt 0.10860 0.51767
f 956/4600 1045/4601 1050/4602
vt -0.10044 0.50951
vt -0.14204 0.40907
vt -0.15358 0.40907
f 969/4603 899/4604 1059/4605
vt -0.10044 0.50951
vt -0.15358 0.40907
vt -0.10860 0.51767
f 969/4606 1059/4607 1069/4608
vt -0.10044 0.50951
vt -0.14204 0.40907
vt -0.15358 0.40907
f 967/4609 897/4610 1075/4611
vt -0.10044 0.50951
vt -0.15358 0.40907
vt -0.10860 0.51767
f 967/4612 1075/4613 1085/4614
vt -0.10044 0.50951
vt -0.14204 0.40907
vt -0.15358 0.40907
f 965/4615 895/4616 1091/4617
vt -0.10044 0.50951
vt -0.15358 0.40907
vt -0.10860 0.51767
f 965/4618 1091/4619 1101/4620
vt -0.10044 0.50951
vt -0.14204 0.40907
vt -0.15358 0.40907
f 977/4621 907/4622 995/4623
vt -0.10044 0.50951
vt -0.15358 0.40907
vt -0.10860 0.51767
f 977/4624 995/4625 1005/4626
vt 0.10044 0.50951
vt 0.00000 0.55112
vt 0.00000 0.56265
f 961/4627 938/4628 1016/4629
vt 0.10044 0.50951
vt 0.00000 0.56265
vt 0.10860 0.51767
f 961/4630 1016/4631 1019/4632
vt 0.10044 0.50951
vt 0.00000 0.55112
vt 0.00000 0.56265
f 959/4633 940/4634 1032/4635
vt 0.10044 0.50951
vt 0.00000 0.56265
vt 0.10860 0.51767
f 959/4636 1032/4637 1035/4638
vt 0.10044 0.30863
vt 0.00000 0.26703
vt 0.00000 0.25548
f 928/4639 985/4640 1055/4641
vt 0.10044 0.30863
vt 0.00000 0.25548
vt 0.10860 0.30047
f 928/4642 1055/4643 1046/4644
vt 0.10044 0.50951
vt 0.00000 0.55112
vt 0.00000 0.56265
f 955/4645 944/4646 1064/4647
vt 0.10044 0.50951
vt 0.00000 0.56265
vt 0.10860 0.51767
f 955/4648 1064/4649 1067/4650
vt 0.10044 0.50951
vt 0.00000 0.55112
vt 0.00000 0.56265
f 953/4651 946/4652 1080/4653
vt 0.10044 0.50951
vt 0.00000 0.56265
vt 0.10860 0.51767
f 953/4654 1080/4655 1083/4656
vt 0.10044 0.50951
vt 0.00000 0.55112
vt 0.00000 0.56265
f 951/4657 948/4658 1096/4659
vt 0.10044 0.50951
vt 0.00000 0.56265
vt 0.10860 0.51767
f 951/4660 1096/4661 1099/4662
vt 0.10044 0.50951
vt 0.00000 0.55112
vt 0.00000 0.56265
f 963/4663 936/4664 1000/4665
vt 0.10044 0.50951
vt 0.00000 0.56265
vt 0.10860 0.51767
f 963/4666 1000/4667 1003/4668
vt 0.10044 0.30863
vt 0.14204 0.40907
vt 0.15358 0.40907
f 933/4669 910/4670 1012/4671
vt 0.10044 0.30863
vt 0.15358 0.40907
vt 0.10860 0.30047
f 933/4672 1012/4673 1015/4674
vt 0.10044 0.30863
vt 0.14204 0.40907
vt 0.15358 0.40907
f 931/4675 912/4676 1028/4677
vt 0.10044 0.30863
vt 0.15358 0.40907
vt 0.10860 0.30047
f 931/4678 1028/4679 1031/4680
vt 0.00000 0.26703
vt -0.10044 0.30863
vt -0.10860 0.30047
f 985/4681 887/4682 1041/4683
vt 0.00000 0.26703
vt -0.10860 0.30047
vt 0.00000 0.25548
f 985/4684 1041/4685 1055/4686
vt 0.10044 0.30863
vt 0.14204 0.40907
vt 0.15358 0.40907
f 927/4687 916/4688 1060/4689
vt 0.10044 0.30863
vt 0.15358 0.40907
vt 0.10860 0.30047
f 927/4690 1060/4691 1063/4692
vt 0.10044 0.30863
vt 0.14204 0.40907
vt 0.15358 0.40907
f 925/4693 918/4694 1076/4695
vt 0.10044 0.30863
vt 0.15358 0.40907
vt 0.10860 0.30047
f 925/4696 1076/4697 1079/4698
vt 0.10044 0.30863
vt 0.14204 0.40907
vt 0.15358 0.40907
f 923/4699 920/4700 1092/4701
vt 0.10044 0.30863
vt 0.15358 0.40907
vt 0.10860 0.30047
f 923/4702 1092/4703 1095/4704
vt 0.10044 0.30863
vt 0.14204 0.40907
vt 0.15358 0.40907
f 935/4705 908/4706 996/4707
vt 0.10044 0.30863
vt 0.15358 0.40907
vt 0.10860 0.30047
f 935/4708 996/4709 999/4710
vt -0.14204 0.40907
vt -0.10044 0.30863
vt -0.10860 0.30047
f 905/4711 882/4712 1008/4713
vt -0.14204 0.40907
vt -0.10860 0.30047
vt -0.15358 0.40907
f 905/4714 1008/4715 1011/4716
vt -0.14204 0.40907
vt -0.10044 0.30863
vt -0.10860 0.30047
f 903/4717 884/4718 1024/4719
vt -0.14204 0.40907
vt -0.10860 0.30047
vt -0.15358 0.40907
f 903/4720 1024/4721 1027/4722
vt -0.14204 0.40907
vt -0.10044 0.50951
vt -0.10860 0.51767
f 900/4723 970/4724 1052/4725
vt -0.14204 0.40907
vt -0.10860 0.51767
vt -0.15358 0.40907
f 900/4726 1052/4727 1042/4728
vt -0.14204 0.40907
vt -0.10044 0.30863
vt -0.10860 0.30047
f 899/4729 888/4730 1056/4731
vt -0.14204 0.40907
vt -0.10860 0.30047
vt -0.15358 0.40907
f 899/4732 1056/4733 1059/4734
vt -0.14204 0.40907
vt -0.10044 0.30863
vt -0.10860 0.30047
f 897/4735 890/4736 1072/4737
vt -0.14204 0.40907
vt -0.10860 0.30047
vt -0.15358 0.40907
f 897/4738 1072/4739 1075/4740
vt -0.14204 0.40907
vt -0.10044 0.30863
vt -0.10860 0.30047
f 895/4741 892/4742 1088/4743
vt -0.14204 0.40907
vt -0.10860 0.30047
vt -0.15358 0.40907
f 895/4744 1088/4745 1091/4746
vt 0.00000 0.32727
vt -0.10860 0.32727
vt -0.10860 0.35592
f 1000/4747 1005/4748 1004/4749
vt 0.00000 0.32727
vt -0.10860 0.35592
vt 0.00000 0.35592
f 1000/4750 1004/4751 1001/4752
vt 0.32727 0.40907
vt 0.32727 0.51767
vt 0.35592 0.51767
f 996/4753 1003/4754 1002/4755
vt 0.32727 0.40907
vt 0.35592 0.51767
vt 0.35592 0.40907
f 996/4756 1002/4757 997/4758
vt 0.00000 0.32727
vt 0.10860 0.32727
vt 0.10860 0.35592
f 1006/4759 999/4760 998/4761
vt 0.00000 0.32727
vt 0.10860 0.35592
vt 0.00000 0.35592
f 1006/4762 998/4763 1007/4764
vt -0.10860 0.32727
vt 0.00000 0.32727
vt 0.00000 0.35592
f 992/4765 1006/4766 1007/4767
vt -0.10860 0.32727
vt 0.00000 0.35592
vt -0.10860 0.35592
f 992/4768 1007/4769 993/4770
vt 0.32727 0.51767
vt 0.32727 0.40907
vt 0.35592 0.40907
f 1005/4771 995/4772 994/4773
vt 0.32727 0.51767
vt 0.35592 0.40907
vt 0.35592 0.51767
f 1005/4774 994/4775 1004/4776
vt 0.10860 0.32727
vt 0.00000 0.32727
vt 0.00000 0.35592
f 1003/4777 1000/4778 1001/4779
vt 0.10860 0.32727
vt 0.00000 0.35592
vt 0.10860 0.35592
f 1003/4780 1001/4781 1002/4782
vt 0.32727 0.30047
vt 0.32727 0.40907
vt 0.35592 0.40907
f 999/4783 996/4784 997/4785
vt 0.32727 0.30047
vt 0.35592 0.40907
vt 0.35592 0.30047
f 999/4786 997/4787 998/4788
vt 0.32727 0.40907
vt 0.32727 0.30047
vt 0.35592 0.30047
f 995/4789 992/4790 993/4791
vt 0.32727 0.40907
vt 0.35592 0.30047
vt 0.35592 0.40907
f 995/4792 993/4793 994/4794
vt 0.00000 0.55112
vt 0.10044 0.50951
vt 0.10860 0.51767
f 937/4795 962/4796 1002/4797
vt 0.00000 0.55112
vt 0.10860 0.51767
vt 0.00000 0.56265
f 937/4798 1002/4799 1001/4800
vt 0.00000 0.55112
vt -0.10044 0.50951
vt -0.10860 0.51767
f 936/4801 977/4802 1005/4803
vt 0.00000 0.55112
vt -0.10860 0.51767
vt 0.00000 0.56265
f 936/4804 1005/4805 1000/4806
vt -0.14204 0.40907
vt -0.10044 0.50951
vt -0.10860 0.51767
f 906/4807 976/4808 1004/4809
vt -0.14204 0.40907
vt -0.10860 0.51767
vt -0.15358 0.40907
f 906/4810 1004/4811 994/4812
vt 0.00000 0.26703
vt -0.10044 0.30863
vt -0.10860 0.30047
f 979/4813 881/4814 993/4815
vt 0.00000 0.26703
vt -0.10860 0.30047
vt 0.00000 0.25548
f 979/4816 993/4817 1007/4818
vt 0.10044 0.30863
vt 0.00000 0.26703
vt 0.00000 0.25548
f 934/4819 979/4820 1007/4821
vt 0.10044 0.30863
vt 0.00000 0.25548
vt 0.10860 0.30047
f 934/4822 1007/4823 998/4824
vt 0.10044 0.50951
vt 0.14204 0.40907
vt 0.15358 0.40907
f 962/4825 909/4826 997/4827
vt 0.10044 0.50951
vt 0.15358 0.40907
vt 0.10860 0.51767
f 962/4828 997/4829 1002/4830
vt -0.10044 0.50951
vt 0.00000 0.55112
vt 0.00000 0.56265
f 976/4831 937/4832 1001/4833
vt -0.10044 0.50951
vt 0.00000 0.56265
vt -0.10860 0.51767
f 976/4834 1001/4835 1004/4836
vt -0.14204 0.40907
vt -0.10044 0.30863
vt -0.10860 0.30047
f 907/4837 880/4838 992/4839
vt -0.14204 0.40907
vt -0.10860 0.30047
vt -0.15358 0.40907
f 907/4840 992/4841 995/4842
vt 0.00000 0.44568
vt -0.10860 0.44568
vt -0.10860 0.47069
f 1016/4843 1021/4844 1020/4845
vt 0.00000 0.44568
vt -0.10860 0.47069
vt 0.00000 0.47069
f 1016/4846 1020/4847 1017/4848
vt 0.44568 0.40907
vt 0.44568 0.51767
vt 0.47069 0.51767
f 1012/4849 1019/4850 1018/4851
vt 0.44568 0.40907
vt 0.47069 0.51767
vt 0.47069 0.40907
f 1012/4852 1018/4853 1013/4854
vt 0.00000 0.44568
vt 0.10860 0.44568
vt 0.10860 0.47069
f 1022/4855 1015/4856 1014/4857
vt 0.00000 0.44568
vt 0.10860 0.47069
vt 0.00000 0.47069
f 1022/4858 1014/4859 1023/4860
vt -0.10860 0.44568
vt 0.00000 0.44568
vt 0.00000 0.47069
f 1008/4861 1022/4862 1023/4863
vt -0.10860 0.44568
vt 0.00000 0.47069
vt -0.10860 0.47069
f 1008/4864 1023/4865 1009/4866
vt 0.44568 0.51767
vt 0.44568 0.40907
vt 0.47069 0.40907
f 1021/4867 1011/4868 1010/4869
vt 0.44568 0.51767
vt 0.47069 0.40907
vt 0.47069 0.51767
f 1021/4870 1010/4871 1020/4872
vt 0.10860 0.44568
vt 0.00000 0.44568
vt 0.00000 0.47069
f 1019/4873 1016/4874 1017/4875
vt 0.10860 0.44568
vt 0.00000 0.47069
vt 0.10860 0.47069
f 1019/4876 1017/4877 1018/4878
vt 0.44568 0.30047
vt 0.44568 0.40907
vt 0.47069 0.40907
f 1015/4879 1012/4880 1013/4881
vt 0.44568 0.30047
vt 0.47069 0.40907
vt 0.47069 0.30047
f 1015/4882 1013/4883 1014/4884
vt 0.44568 0.40907
vt 0.44568 0.30047
vt 0.47069 0.30047
f 1011/4885 1008/4886 1009/4887
vt 0.44568 0.40907
vt 0.47069 0.30047
vt 0.47069 0.40907
f 1011/4888 1009/4889 1010/4890
vt 0.14204 0.40907
vt 0.10044 0.50951
vt 0.10860 0.51767
f 910/4891 961/4892 1019/4893
vt 0.14204 0.40907
vt 0.10860 0.51767
vt 0.15358 0.40907
f 910/4894 1019/4895 1012/4896
vt 0.00000 0.55112
vt -0.10044 0.50951
vt -0.10860 0.51767
f 938/4897 975/4898 1021/4899
vt 0.00000 0.55112
vt -0.10860 0.51767
vt 0.00000 0.56265
f 938/4900 1021/4901 1016/4902
vt 0.00000 0.55112
vt 0.10044 0.50951
vt 0.10860 0.51767
f 939/4903 960/4904 1018/4905
vt 0.00000 0.55112
vt 0.10860 0.51767
vt 0.00000 0.56265
f 939/4906 1018/4907 1017/4908
vt -0.14204 0.40907
vt -0.10044 0.50951
vt -0.10860 0.51767
f 904/4909 974/4910 1020/4911
vt -0.14204 0.40907
vt -0.10860 0.51767
vt -0.15358 0.40907
f 904/4912 1020/4913 1010/4914
vt 0.00000 0.26703
vt -0.10044 0.30863
vt -0.10860 0.30047
f 981/4915 883/4916 1009/4917
vt 0.00000 0.26703
vt -0.10860 0.30047
vt 0.00000 0.25548
f 981/4918 1009/4919 1023/4920
vt 0.10044 0.30863
vt 0.00000 0.26703
vt 0.00000 0.25548
f 932/4921 981/4922 1023/4923
vt 0.10044 0.30863
vt 0.00000 0.25548
vt 0.10860 0.30047
f 932/4924 1023/4925 1014/4926
vt 0.10044 0.50951
vt 0.14204 0.40907
vt 0.15358 0.40907
f 960/4927 911/4928 1013/4929
vt 0.10044 0.50951
vt 0.15358 0.40907
vt 0.10860 0.51767
f 960/4930 1013/4931 1018/4932
vt -0.10044 0.50951
vt 0.00000 0.55112
vt 0.00000 0.56265
f 974/4933 939/4934 1017/4935
vt -0.10044 0.50951
vt 0.00000 0.56265
vt -0.10860 0.51767
f 974/4936 1017/4937 1020/4938
vt 0.00000 0.56226
vt -0.10860 0.56226
vt -0.10860 0.58727
f 1032/4939 1037/4940 1036/4941
vt 0.00000 0.56226
vt -0.10860 0.58727
vt 0.00000 0.58727
f 1032/4942 1036/4943 1033/4944
vt 0.56226 0.40907
vt 0.56226 0.51767
vt 0.58727 0.51767
f 1028/4945 1035/4946 1034/4947
vt 0.56226 0.40907
vt 0.58727 0.51767
vt 0.58727 0.40907
f 1028/4948 1034/4949 1029/4950
vt 0.00000 0.56226
vt 0.10860 0.56226
vt 0.10860 0.58727
f 1038/4951 1031/4952 1030/4953
vt 0.00000 0.56226
vt 0.10860 0.58727
vt 0.00000 0.58727
f 1038/4954 1030/4955 1039/4956
vt -0.10860 0.56226
vt 0.00000 0.56226
vt 0.00000 0.58727
f 1024/4957 1038/4958 1039/4959
vt -0.10860 0.56226
vt 0.00000 0.58727
vt -0.10860 0.58727
f 1024/4960 1039/4961 1025/4962
vt 0.56226 0.51767
vt 0.56226 0.40907
vt 0.58727 0.40907
f 1037/4963 1027/4964 1026/4965
vt 0.56226 0.51767
vt 0.58727 0.40907
vt 0.58727 0.51767
f 1037/4966 1026/4967 1036/4968
vt 0.10860 0.56226
vt 0.00000 0.56226
vt 0.00000 0.58727
f 1035/4969 1032/4970 1033/4971
vt 0.10860 0.56226
vt 0.00000 0.58727
vt 0.10860 0.58727
f 1035/4972 1033/4973 1034/4974
vt 0.56226 0.30047
vt 0.56226 0.40907
vt 0.58727 0.40907
f 1031/4975 1028/4976 1029/4977
vt 0.56226 0.30047
vt 0.58727 0.40907
vt 0.58727 0.30047
f 1031/4978 1029/4979 1030/4980
vt 0.56226 0.40907
vt 0.56226 0.30047
vt 0.58727 0.30047
f 1027/4981 1024/4982 1025/4983
vt 0.56226 0.40907
vt 0.58727 0.30047
vt 0.58727 0.40907
f 1027/4984 1025/4985 1026/4986
vt 0.14204 0.40907
vt 0.10044 0.50951
vt 0.10860 0.51767
f 912/4987 959/4988 1035/4989
vt 0.14204 0.40907
vt 0.10860 0.51767
vt 0.15358 0.40907
f 912/4990 1035/4991 1028/4992
vt 0.00000 0.55112
vt 0.10044 0.50951
vt 0.10860 0.51767
f 941/4993 958/4994 1034/4995
vt 0.00000 0.55112
vt 0.10860 0.51767
vt 0.00000 0.56265
f 941/4996 1034/4997 1033/4998
vt 0.00000 0.55112
vt -0.10044 0.50951
vt -0.10860 0.51767
f 940/4999 973/5000 1037/5001
vt 0.00000 0.55112
vt -0.10860 0.51767
vt 0.00000 0.56265
f 940/5002 1037/5003 1032/5004
vt -0.14204 0.40907
vt -0.10044 0.50951
vt -0.10860 0.51767
f 902/5005 972/5006 1036/5007
vt -0.14204 0.40907
vt -0.10860 0.51767
vt -0.15358 0.40907
f 902/5008 1036/5009 1026/5010
vt 0.00000 0.26703
vt -0.10044 0.30863
vt -0.10860 0.30047
f 983/5011 885/5012 1025/5013
vt 0.00000 0.26703
vt -0.10860 0.30047
vt 0.00000 0.25548
f 983/5014 1025/5015 1039/5016
vt 0.10044 0.30863
vt 0.00000 0.26703
vt 0.00000 0.25548
f 930/5017 983/5018 1039/5019
vt 0.10044 0.30863
vt 0.00000 0.25548
vt 0.10860 0.30047
f 930/5020 1039/5021 1030/5022
vt 0.10044 0.50951
vt 0.14204 0.40907
vt 0.15358 0.40907
f 958/5023 913/5024 1029/5025
vt 0.10044 0.50951
vt 0.15358 0.40907
vt 0.10860 0.51767
f 958/5026 1029/5027 1034/5028
vt -0.10044 0.50951
vt 0.00000 0.55112
vt 0.00000 0.56265
f 972/5029 941/5030 1033/5031
vt -0.10044 0.50951
vt 0.00000 0.56265
vt -0.10860 0.51767
f 972/5032 1033/5033 1036/5034
vt 0.00000 0.67885
vt -0.10860 0.67885
vt -0.10860 0.70386
f 1048/5035 1053/5036 1052/5037
vt 0.00000 0.67885
vt -0.10860 0.70386
vt 0.00000 0.70386
f 1048/5038 1052/5039 1049/5040
vt 0.67885 0.40907
vt 0.67885 0.51767
vt 0.70386 0.51767
f 1044/5041 1051/5042 1050/5043
vt 0.67885 0.40907
vt 0.70386 0.51767
vt 0.70386 0.40907
f 1044/5044 1050/5045 1045/5046
vt 0.00000 0.67885
vt 0.10860 0.67885
vt 0.10860 0.70386
f 1054/5047 1047/5048 1046/5049
vt 0.00000 0.67885
vt 0.10860 0.70386
vt 0.00000 0.70386
f 1054/5050 1046/5051 1055/5052
vt -0.10860 0.67885
vt 0.00000 0.67885
vt 0.00000 0.70386
f 1040/5053 1054/5054 1055/5055
vt -0.10860 0.67885
vt 0.00000 0.70386
vt -0.10860 0.70386
f 1040/5056 1055/5057 1041/5058
vt 0.67885 0.51767
vt 0.67885 0.40907
vt 0.70386 0.40907
f 1053/5059 1043/5060 1042/5061
vt 0.67885 0.51767
vt 0.70386 0.40907
vt 0.70386 0.51767
f 1053/5062 1042/5063 1052/5064
vt 0.10860 0.67885
vt 0.00000 0.67885
vt 0.00000 0.70386
f 1051/5065 1048/5066 1049/5067
vt 0.10860 0.67885
vt 0.00000 0.70386
vt 0.10860 0.70386
f 1051/5068 1049/5069 1050/5070
vt 0.67885 0.30047
vt 0.67885 0.40907
vt 0.70386 0.40907
f 1047/5071 1044/5072 1045/5073
vt 0.67885 0.30047
vt 0.70386 0.40907
vt 0.70386 0.30047
f 1047/5074 1045/5075 1046/5076
vt 0.67885 0.40907
vt 0.67885 0.30047
vt 0.70386 0.30047
f 1043/5077 1040/5078 1041/5079
vt 0.67885 0.40907
vt 0.70386 0.30047
vt 0.70386 0.40907
f 1043/5080 1041/5081 1042/5082
vt -0.10044 0.50951
vt -0.14204 0.40907
vt -0.15358 0.40907
f 971/5083 901/5084 1043/5085
vt -0.10044 0.50951
vt -0.15358 0.40907
vt -0.10860 0.51767
f 971/5086 1043/5087 1053/5088
vt -0.10044 0.30863
vt 0.00000 0.26703
vt 0.00000 0.25548
f 886/5089 984/5090 1054/5091
vt -0.10044 0.30863
vt 0.00000 0.25548
vt -0.10860 0.30047
f 886/5092 1054/5093 1040/5094
vt -0.10044 0.30863
vt -0.14204 0.40907
vt -0.15358 0.40907
f 887/5095 900/5096 1042/5097
vt -0.10044 0.30863
vt -0.15358 0.40907
vt -0.10860 0.30047
f 887/5098 1042/5099 1041/5100
vt 0.00000 0.26703
vt 0.10044 0.30863
vt 0.10860 0.30047
f 984/5101 929/5102 1047/5103
vt 0.00000 0.26703
vt 0.10860 0.30047
vt 0.00000 0.25548
f 984/5104 1047/5105 1054/5106
vt 0.14204 0.40907
vt 0.10044 0.30863
vt 0.10860 0.30047
f 915/5107 928/5108 1046/5109
vt 0.14204 0.40907
vt 0.10860 0.30047
vt 0.15358 0.40907
f 915/5110 1046/5111 1045/5112
vt 0.14204 0.40907
vt 0.10044 0.50951
vt 0.10860 0.51767
f 914/5113 957/5114 1051/5115
vt 0.14204 0.40907
vt 0.10860 0.51767
vt 0.15358 0.40907
f 914/5116 1051/5117 1044/5118
vt 0.00000 0.55112
vt -0.10044 0.50951
vt -0.10860 0.51767
f 942/5119 971/5120 1053/5121
vt 0.00000 0.55112
vt -0.10860 0.51767
vt 0.00000 0.56265
f 942/5122 1053/5123 1048/5124
vt 0.00000 0.55112
vt 0.10044 0.50951
vt 0.10860 0.51767
f 943/5125 956/5126 1050/5127
vt 0.00000 0.55112
vt 0.10860 0.51767
vt 0.00000 0.56265
f 943/5128 1050/5129 1049/5130
vt 0.00000 0.79543
vt -0.10860 0.79543
vt -0.10860 0.82045
f 1064/5131 1069/5132 1068/5133
vt 0.00000 0.79543
vt -0.10860 0.82045
vt 0.00000 0.82045
f 1064/5134 1068/5135 1065/5136
vt 0.79543 0.40907
vt 0.79543 0.51767
vt 0.82045 0.51767
f 1060/5137 1067/5138 1066/5139
vt 0.79543 0.40907
vt 0.82045 0.51767
vt 0.82045 0.40907
f 1060/5140 1066/5141 1061/5142
vt 0.00000 0.79543
vt 0.10860 0.79543
vt 0.10860 0.82045
f 1070/5143 1063/5144 1062/5145
vt 0.00000 0.79543
vt 0.10860 0.82045
vt 0.00000 0.82045
f 1070/5146 1062/5147 1071/5148
vt -0.10860 0.79543
vt 0.00000 0.79543
vt 0.00000 0.82045
f 1056/5149 1070/5150 1071/5151
vt -0.10860 0.79543
vt 0.00000 0.82045
vt -0.10860 0.82045
f 1056/5152 1071/5153 1057/5154
vt 0.79543 0.51767
vt 0.79543 0.40907
vt 0.82045 0.40907
f 1069/5155 1059/5156 1058/5157
vt 0.79543 0.51767
vt 0.82045 0.40907
vt 0.82045 0.51767
f 1069/5158 1058/5159 1068/5160
vt 0.10860 0.79543
vt 0.00000 0.79543
vt 0.00000 0.82045
f 1067/5161 1064/5162 1065/5163
vt 0.10860 0.79543
vt 0.00000 0.82045
vt 0.10860 0.82045
f 1067/5164 1065/5165 1066/5166
vt 0.79543 0.30047
vt 0.79543 0.40907
vt 0.82045 0.40907
f 1063/5167 1060/5168 1061/5169
vt 0.79543 0.30047
vt 0.82045 0.40907
vt 0.82045 0.30047
f 1063/5170 1061/5171 1062/5172
vt 0.79543 0.40907
vt 0.79543 0.30047
vt 0.82045 0.30047
f 1059/5173 1056/5174 1057/5175
vt 0.79543 0.40907
vt 0.82045 0.30047
vt 0.82045 0.40907
f 1059/5176 1057/5177 1058/5178
vt 0.14204 0.40907
vt 0.10044 0.50951
vt 0.10860 0.51767
f 916/5179 955/5180 1067/5181
vt 0.14204 0.40907
vt 0.10860 0.51767
vt 0.15358 0.40907
f 916/5182 1067/5183 1060/5184
vt 0.00000 0.55112
vt -0.10044 0.50951
vt -0.10860 0.51767
f 944/5185 969/5186 1069/5187
vt 0.00000 0.55112
vt -0.10860 0.51767
vt 0.00000 0.56265
f 944/5188 1069/5189 1064/5190
vt 0.00000 0.55112
vt 0.10044 0.50951
vt 0.10860 0.51767
f 945/5191 954/5192 1066/5193
vt 0.00000 0.55112
vt 0.10860 0.51767
vt 0.00000 0.56265
f 945/5194 1066/5195 1065/5196
vt -0.14204 0.40907
vt -0.10044 0.50951
vt -0.10860 0.51767
f 898/5197 968/5198 1068/5199
vt -0.14204 0.40907
vt -0.10860 0.51767
vt -0.15358 0.40907
f 898/5200 1068/5201 1058/5202
vt 0.00000 0.26703
vt -0.10044 0.30863
vt -0.10860 0.30047
f 987/5203 889/5204 1057/5205
vt 0.00000 0.26703
vt -0.10860 0.30047
vt 0.00000 0.25548
f 987/5206 1057/5207 1071/5208
vt 0.10044 0.30863
vt 0.00000 0.26703
vt 0.00000 0.25548
f 926/5209 987/5210 1071/5211
vt 0.10044 0.30863
vt 0.00000 0.25548
vt 0.10860 0.30047
f 926/5212 1071/5213 1062/5214
vt 0.10044 0.50951
vt 0.14204 0.40907
vt 0.15358 0.40907
f 954/5215 917/5216 1061/5217
vt 0.10044 0.50951
vt 0.15358 0.40907
vt 0.10860 0.51767
f 954/5218 1061/5219 1066/5220
vt -0.10044 0.50951
vt 0.00000 0.55112
vt 0.00000 0.56265
f 968/5221 945/5222 1065/5223
vt -0.10044 0.50951
vt 0.00000 0.56265
vt -0.10860 0.51767
f 968/5224 1065/5225 1068/5226
vt 0.00000 0.91203
vt -0.10860 0.91203
vt -0.10860 0.93703
f 1080/5227 1085/5228 1084/5229
vt 0.00000 0.91203
vt -0.10860 0.93703
vt 0.00000 0.93703
f 1080/5230 1084/5231 1081/5232
vt 0.91203 0.40907
vt 0.91203 0.51767
vt 0.93703 0.51767
f 1076/5233 1083/5234 1082/5235
vt 0.91203 0.40907
vt 0.93703 0.51767
vt 0.93703 0.40907
f 1076/5236 1082/5237 1077/5238
vt 0.00000 0.91203
vt 0.10860 0.91203
vt 0.10860 0.93703
f 1086/5239 1079/5240 1078/5241
vt 0.00000 0.91203
vt 0.10860 0.93703
vt 0.00000 0.93703
f 1086/5242 1078/5243 1087/5244
vt -0.10860 0.91203
vt 0.00000 0.91203
vt 0.00000 0.93703
f 1072/5245 1086/5246 1087/5247
vt -0.10860 0.91203
vt 0.00000 0.93703
vt -0.10860 0.93703
f 1072/5248 1087/5249 1073/5250
vt 0.91203 0.51767
vt 0.91203 0.40907
vt 0.93703 0.40907
f 1085/5251 1075/5252 1074/5253
vt 0.91203 0.51767
vt 0.93703 0.40907
vt 0.93703 0.51767
f 1085/5254 1074/5255 1084/5256
vt 0.10860 0.91203
vt 0.00000 0.91203
vt 0.00000 0.93703
f 1083/5257 1080/5258 1081/5259
vt 0.10860 0.91203
vt 0.00000 0.93703
vt 0.10860 0.93703
f 1083/5260 1081/5261 1082/5262
vt 0.91203 0.30047
vt 0.91203 0.40907
vt 0.93703 0.40907
f 1079/5263 1076/5264 1077/5265
vt 0.91203 0.30047
vt 0.93703 0.40907
vt 0.93703 0.30047
f 1079/5266 1077/5267 1078/5268
vt 0.91203 0.40907
vt 0.91203 0.30047
vt 0.93703 0.30047
f 1075/5269 1072/5270 1073/5271
vt 0.91203 0.40907
vt 0.93703 0.30047
vt 0.93703 0.40907
f 1075/5272 1073/5273 1074/5274
vt 0.14204 0.40907
vt 0.10044 0.50951
vt 0.10860 0.51767
f 918/5275 953/5276 1083/5277
vt 0.14204 0.40907
vt 0.10860 0.51767
vt 0.15358 0.40907
f 918/5278 1083/5279 1076/5280
vt 0.00000 0.55112
vt -0.10044 0.50951
vt -0.10860 0.51767
f 946/5281 967/5282 1085/5283
vt 0.00000 0.55112
vt -0.10860 0.51767
vt 0.00000 0.56265
f 946/5284 1085/5285 1080/5286
vt 0.00000 0.55112
vt 0.10044 0.50951
vt 0.10860 0.51767
f 947/5287 952/5288 1082/5289
vt 0.00000 0.55112
vt 0.10860 0.51767
vt 0.00000 0.56265
f 947/5290 1082/5291 1081/5292
vt -0.14204 0.40907
vt -0.10044 0.50951
vt -0.10860 0.51767
f 896/5293 966/5294 1084/5295
vt -0.14204 0.40907
vt -0.10860 0.51767
vt -0.15358 0.40907
f 896/5296 1084/5297 1074/5298
vt 0.00000 0.26703
vt -0.10044 0.30863
vt -0.10860 0.30047
f 989/5299 891/5300 1073/5301
vt 0.00000 0.26703
vt -0.10860 0.30047
vt 0.00000 0.25548
f 989/5302 1073/5303 1087/5304
vt 0.10044 0.30863
vt 0.00000 0.26703
vt 0.00000 0.25548
f 924/5305 989/5306 1087/5307
vt 0.10044 0.30863
vt 0.00000 0.25548
vt 0.10860 0.30047
f 924/5308 1087/5309 1078/5310
vt 0.10044 0.50951
vt 0.14204 0.40907
vt 0.15358 0.40907
f 952/5311 919/5312 1077/5313
vt 0.10044 0.50951
vt 0.15358 0.40907
vt 0.10860 0.51767
f 952/5314 1077/5315 1082/5316
vt -0.10044 0.50951
vt 0.00000 0.55112
vt 0.00000 0.56265
f 966/5317 947/5318 1081/5319
vt -0.10044 0.50951
vt 0.00000 0.56265
vt -0.10860 0.51767
f 966/5320 1081/5321 1084/5322
vt 0.00000 1.02861
vt -0.10860 1.02861
vt -0.10860 1.05363
f 1096/5323 1101/5324 1100/5325
vt 0.00000 1.02861
vt -0.10860 1.05363
vt 0.00000 1.05363
f 1096/5326 1100/5327 1097/5328
vt 1.02861 0.40907
vt 1.02861 0.51767
vt 1.05363 0.51767
f 1092/5329 1099/5330 1098/5331
vt 1.02861 0.40907
vt 1.05363 0.51767
vt 1.05363 0.40907
f 1092/5332 1098/5333 1093/5334
vt 0.00000 1.02861
vt 0.10860 1.02861
vt 0.10860 1.05363
f 1102/5335 1095/5336 1094/5337
vt 0.00000 1.02861
vt 0.10860 1.05363
vt 0.00000 1.05363
f 1102/5338 1094/5339 1103/5340
vt -0.10860 1.02861
vt 0.00000 1.02861
vt 0.00000 1.05363
f 1088/5341 1102/5342 1103/5343
vt -0.10860 1.02861
vt 0.00000 1.05363
vt -0.10860 1.05363
f 1088/5344 1103/5345 1089/5346
vt 1.02861 0.51767
vt 1.02861 0.40907
vt 1.05363 0.40907
f 1101/5347 1091/5348 1090/5349
vt 1.02861 0.51767
vt 1.05363 0.40907
vt 1.05363 0.51767
f 1101/5350 1090/5351 1100/5352
vt 0.10860 1.02861
vt 0.00000 1.02861
vt 0.00000 1.05363
f 1099/5353 1096/5354 1097/5355
vt 0.10860 1.02861
vt 0.00000 1.05363
vt 0.10860 1.05363
f 1099/5356 1097/5357 1098/5358
vt 1.02861 0.30047
vt 1.02861 0.40907
vt 1.05363 0.40907
f 1095/5359 1092/5360 1093/5361
vt 1.02861 0.30047
vt 1.05363 0.40907
vt 1.05363 0.30047
f 1095/5362 1093/5363 1094/5364
vt 1.02861 0.40907
vt 1.02861 0.30047
vt 1.05363 0.30047
f 1091/5365 1088/5366 1089/5367
vt 1.02861 0.40907
vt 1.05363 0.30047
vt 1.05363 0.40907
f 1091/5368 1089/5369 1090/5370
vt 0.14204 0.40907
vt 0.10044 0.50951
vt 0.10860 0.51767
f 920/5371 951/5372 1099/5373
vt 0.14204 0.40907
vt 0.10860 0.51767
vt 0.15358 0.40907
f 920/5374 1099/5375 1092/5376
vt 0.00000 0.55112
vt -0.10044 0.50951
vt -0.10860 0.51767
f 948/5377 965/5378 1101/5379
vt 0.00000 0.55112
vt -0.10860 0.51767
vt 0.00000 0.56265
f 948/5380 1101/5381 1096/5382
vt 0.00000 0.55112
vt 0.10044 0.50951
vt 0.10860 0.51767
f 949/5383 950/5384 1098/5385
vt 0.00000 0.55112
vt 0.10860 0.51767
vt 0.00000 0.56265
f 949/5386 1098/5387 1097/5388
vt -0.14204 0.40907
vt -0.10044 0.50951
vt -0.10860 0.51767
f 894/5389 964/5390 1100/5391
vt -0.14204 0.40907
vt -0.10860 0.51767
vt -0.15358 0.40907
f 894/5392 1100/5393 1090/5394
vt 0.00000 0.26703
vt -0.10044 0.30863
vt -0.10860 0.30047
f 991/5395 893/5396 1089/5397
vt 0.00000 0.26703
vt -0.10860 0.30047
vt 0.00000 0.25548
f 991/5398 1089/5399 1103/5400
vt 0.10044 0.30863
vt 0.00000 0.26703
vt 0.00000 0.25548
f 922/5401 991/5402 1103/5403
vt 0.10044 0.30863
vt 0.00000 0.25548
vt 0.10860 0.30047
f 922/5404 1103/5405 1094/5406
vt 0.10044 0.50951
vt 0.14204 0.40907
vt 0.15358 0.40907
f 950/5407 921/5408 1093/5409
vt 0.10044 0.50951
vt 0.15358 0.40907
vt 0.10860 0.51767
f 950/5410 1093/5411 1098/5412
vt -0.10044 0.50951
vt 0.00000 0.55112
vt 0.00000 0.56265
f 964/5413 949/5414 1097/5415
vt -0.10044 0.50951
vt 0.00000 0.56265
vt -0.10860 0.51767
f 964/5416 1097/5417 1100/5418
o Mag
g Mag
usemtl PinkWhite
v -0.06352 0.19821 -0.38748
v 0.06448 0.19821 -0.38748
v 0.05107 0.15369 0.03058
v -0.05010 0.15369 0.03058
v -0.06352 0.00240 -0.40133
v 0.06448 0.00240 -0.40133
v 0.05106 0.03124 0.01547
v -0.05010 0.03124 0.01547
v -0.06352 -0.19310 -0.39378
v 0.06448 -0.19310 -0.39378
v 0.05107 -0.15340 0.02331
v -0.05010 -0.15340 0.02331
v -0.06352 -0.88361 -0.24491
v 0.06448 -0.88361 -0.24491
v 0.05106 -0.66010 0.13501
v -0.05010 -0.66010 0.13501
v 0.05107 0.15992 -0.02798
v -0.05010 0.15992 -0.02798
v 0.05106 0.02549 -0.04314
v -0.05010 0.02549 -0.04314
v 0.05107 -0.15795 -0.03526
v -0.05010 -0.15795 -0.03526
v 0.05106 -0.69300 0.08319
v -0.05010 -0.69300 0.08319
v 0.06448 0.16197 -0.04723
v 0.06448 0.02360 -0.06241
v 0.06448 -0.15942 -0.05451
v 0.06448 -0.70372 0.06602
v -0.06352 0.16197 -0.04723
v -0.06352 0.02360 -0.06241
v -0.06352 -0.15942 -0.05451
v -0.06352 -0.70372 0.06602
v -0.06352 -0.63361 -0.32241
v -0.05010 -0.49974 0.08630
v 0.06448 -0.63361 -0.32241
v 0.05106 -0.49974 0.08630
v 0.05107 -0.52029 0.03052
v -0.05010 -0.52029 0.03052
v 0.06448 -0.52697 0.01207
v -0.06352 -0.52697 0.01207
v -0.05010 -0.31370 0.04457
v 0.05106 -0.31370 0.04457
v 0.06448 -0.41892 -0.36582
v -0.06352 -0.41892 -0.36582
v -0.05010 -0.33023 -0.01208
v 0.05106 -0.33023 -0.01208
v 0.06448 -0.33557 -0.03076
v -0.06352 -0.33557 -0.03076
v -0.06352 -0.88361 -0.24491
v 0.06448 -0.88361 -0.24491
v 0.05106 -0.66010 0.13501
v -0.05010 -0.66010 0.13501
v 0.05106 -0.69300 0.08319
v -0.05010 -0.69300 0.08319
v 0.06448 -0.70372 0.06602
v -0.06352 -0.70372 0.06602
v -0.06953 -0.89349 -0.26301
v 0.07049 -0.89349 -0.26301
v 0.07049 -0.69687 0.07701
v -0.05485 -0.68510 0.09575
v -0.05485 -0.64898 0.15226
v 0.05582 -0.64898 0.15226
v 0.05582 -0.68510 0.09575
v -0.06953 -0.69687 0.07701
v -0.06953 -0.95260 -0.23126
v 0.07049 -0.95260 -0.23126
v 0.07049 -0.75741 0.10744
v -0.05485 -0.74584 0.12625
v -0.05485 -0.71040 0.18301
v 0.05582 -0.71040 0.18301
v 0.05582 -0.74584 0.12625
v -0.06953 -0.75741 0.10744
vt -0.04175 -0.02332
vt -0.04175 0.02548
vt 0.04256 0.02548
f 1121/5419 1107/5420 1106/5421
vt -0.04175 -0.02332
vt 0.04256 0.02548
vt 0.04256 -0.02332
f 1121/5422 1106/5423 1120/5424
vt 0.04255 -0.26142
vt -0.04175 -0.26142
vt -0.04175 -0.41645
f 1145/5425 1144/5426 1137/5427
vt 0.04255 -0.26142
vt -0.04175 -0.41645
vt 0.04255 -0.41645
f 1145/5428 1137/5429 1139/5430
vt -0.02938 -0.13163
vt 0.01943 -0.12783
vt 0.03714 -0.26142
f 1124/5431 1114/5432 1145/5433
vt -0.02938 -0.13163
vt 0.03714 -0.26142
vt -0.01007 -0.27519
f 1124/5434 1145/5435 1149/5436
vt 0.05373 0.00200
vt -0.05293 0.00200
vt -0.05293 0.16518
f 1109/5437 1108/5438 1104/5439
vt 0.05373 0.00200
vt -0.05293 0.16518
vt 0.05373 0.16518
f 1109/5440 1104/5441 1105/5442
vt -0.26867 -0.52801
vt 0.01006 -0.43914
vt 0.05502 -0.58643
f 1138/5443 1142/5444 1131/5445
vt -0.26867 -0.52801
vt 0.05502 -0.58643
vt -0.20409 -0.73634
f 1138/5446 1131/5447 1117/5448
vt -0.05293 -0.03936
vt -0.04175 -0.02332
vt 0.04256 -0.02332
f 1132/5449 1121/5450 1120/5451
vt -0.05293 -0.03936
vt 0.04256 -0.02332
vt 0.05373 -0.03936
f 1132/5452 1120/5453 1128/5454
vt -0.05293 -0.32290
vt -0.05293 -0.03936
vt 0.05373 -0.03936
f 1104/5455 1132/5456 1128/5457
vt -0.05293 -0.32290
vt 0.05373 -0.03936
vt 0.05373 -0.32290
f 1104/5458 1128/5459 1105/5460
vt 0.07192 -0.41645
vt 0.02543 -0.43358
vt -0.01007 -0.27519
f 1139/5461 1140/5462 1149/5463
vt 0.07192 -0.41645
vt -0.01007 -0.27519
vt 0.03714 -0.26142
f 1139/5464 1149/5465 1145/5466
vt 0.07192 -0.41645
vt 0.11251 -0.55008
vt 0.06932 -0.57750
f 1139/5467 1118/5468 1126/5469
vt 0.07192 -0.41645
vt 0.06932 -0.57750
vt 0.02543 -0.43358
f 1139/5470 1126/5471 1140/5472
vt 0.05373 -0.73634
vt -0.05293 -0.73634
vt -0.05293 -0.52801
f 1117/5473 1116/5474 1136/5475
vt 0.05373 -0.73634
vt -0.05293 -0.52801
vt 0.05373 -0.52801
f 1117/5476 1136/5477 1138/5478
vt 0.02543 -0.43358
vt 0.06932 -0.57750
vt 0.05502 -0.58643
f 1140/5479 1126/5480 1131/5481
vt 0.02543 -0.43358
vt 0.05502 -0.58643
vt 0.01006 -0.43914
f 1140/5482 1131/5483 1142/5484
vt -0.30485 -0.34910
vt -0.02563 -0.27964
vt -0.04543 -0.13285
f 1147/5485 1151/5486 1134/5487
vt -0.30485 -0.34910
vt -0.04543 -0.13285
vt -0.32815 -0.16092
f 1147/5488 1134/5489 1112/5490
vt -0.04175 0.12807
vt -0.04175 0.02603
vt 0.04255 0.02603
f 1107/5491 1111/5492 1110/5493
vt -0.04175 0.12807
vt 0.04255 0.02603
vt 0.04256 0.12807
f 1107/5494 1110/5495 1106/5496
vt -0.04175 -0.55008
vt 0.04255 -0.55008
vt 0.04255 -0.41645
f 1119/5497 1118/5498 1139/5499
vt -0.04175 -0.55008
vt 0.04255 -0.41645
vt -0.04175 -0.41645
f 1119/5500 1139/5501 1137/5502
vt 0.07192 -0.41645
vt 0.02543 -0.43358
vt 0.06932 -0.57750
f 1137/5503 1141/5504 1127/5505
vt 0.07192 -0.41645
vt 0.06932 -0.57750
vt 0.11251 -0.55008
f 1137/5506 1127/5507 1119/5508
vt -0.26867 -0.52801
vt 0.01006 -0.43914
vt -0.02563 -0.27964
f 1136/5509 1143/5510 1151/5511
vt -0.26867 -0.52801
vt -0.02563 -0.27964
vt -0.30485 -0.34910
f 1136/5512 1151/5513 1147/5514
vt -0.30485 -0.34910
vt -0.02563 -0.27964
vt 0.01006 -0.43914
f 1146/5515 1150/5516 1142/5517
vt -0.30485 -0.34910
vt 0.01006 -0.43914
vt -0.26867 -0.52801
f 1146/5518 1142/5519 1138/5520
vt -0.02563 -0.27964
vt -0.01007 -0.27519
vt 0.02543 -0.43358
f 1150/5521 1149/5522 1140/5523
vt -0.02563 -0.27964
vt 0.02543 -0.43358
vt 0.01006 -0.43914
f 1150/5524 1140/5525 1142/5526
vt -0.01007 -0.27519
vt 0.02543 -0.43358
vt 0.07192 -0.41645
f 1148/5527 1141/5528 1137/5529
vt -0.01007 -0.27519
vt 0.07192 -0.41645
vt 0.03714 -0.26142
f 1148/5530 1137/5531 1144/5532
vt -0.01007 -0.27519
vt 0.03714 -0.26142
vt 0.01943 -0.12783
f 1148/5533 1144/5534 1115/5535
vt -0.01007 -0.27519
vt 0.01943 -0.12783
vt -0.02938 -0.13163
f 1148/5536 1115/5537 1125/5538
vt 0.05373 -0.52801
vt -0.05293 -0.52801
vt -0.05293 -0.34910
f 1138/5539 1136/5540 1147/5541
vt 0.05373 -0.52801
vt -0.05293 -0.34910
vt 0.05373 -0.34910
f 1138/5542 1147/5543 1146/5544
vt -0.02332 0.13327
vt -0.03595 0.02124
vt 0.01289 0.02603
f 1121/5545 1123/5546 1111/5547
vt -0.02332 0.13327
vt 0.01289 0.02603
vt 0.02548 0.12807
f 1121/5548 1111/5549 1107/5550
vt -0.02938 -0.13163
vt -0.04543 -0.13285
vt -0.02563 -0.27964
f 1125/5551 1134/5552 1151/5553
vt -0.02938 -0.13163
vt -0.02563 -0.27964
vt -0.01007 -0.27519
f 1125/5554 1151/5555 1148/5556
vt 0.05502 -0.58643
vt 0.06932 -0.57750
vt 0.02543 -0.43358
f 1135/5557 1127/5558 1141/5559
vt 0.05502 -0.58643
vt 0.02543 -0.43358
vt 0.01006 -0.43914
f 1135/5560 1141/5561 1143/5562
vt -0.04543 -0.13285
vt -0.02563 -0.27964
vt -0.30485 -0.34910
f 1130/5563 1150/5564 1146/5565
vt -0.04543 -0.13285
vt -0.30485 -0.34910
vt -0.32815 -0.16092
f 1130/5566 1146/5567 1113/5568
vt -0.01007 -0.27519
vt -0.02563 -0.27964
vt -0.04543 -0.13285
f 1149/5569 1150/5570 1130/5571
vt -0.01007 -0.27519
vt -0.04543 -0.13285
vt -0.02938 -0.13163
f 1149/5572 1130/5573 1124/5574
vt -0.02332 0.13327
vt -0.03595 0.02124
vt -0.05201 0.01967
f 1120/5575 1122/5576 1129/5577
vt -0.02332 0.13327
vt -0.05201 0.01967
vt -0.03936 0.13498
f 1120/5578 1129/5579 1128/5580
vt 0.04255 -0.26142
vt 0.04256 -0.12783
vt -0.04175 -0.12783
f 1145/5581 1114/5582 1115/5583
vt 0.04255 -0.26142
vt -0.04175 -0.12783
vt -0.04175 -0.26142
f 1145/5584 1115/5585 1144/5586
vt 0.05373 -0.16092
vt 0.05373 -0.34910
vt -0.05293 -0.34910
f 1113/5587 1146/5588 1147/5589
vt 0.05373 -0.16092
vt -0.05293 -0.34910
vt -0.05293 -0.16092
f 1113/5590 1147/5591 1112/5592
vt -0.01007 -0.27519
vt -0.02563 -0.27964
vt 0.01006 -0.43914
f 1148/5593 1151/5594 1143/5595
vt -0.01007 -0.27519
vt 0.01006 -0.43914
vt 0.02543 -0.43358
f 1148/5596 1143/5597 1141/5598
vt -0.05201 0.01967
vt -0.04543 -0.13285
vt -0.02938 -0.13163
f 1133/5599 1134/5600 1125/5601
vt -0.05201 0.01967
vt -0.02938 -0.13163
vt -0.03595 0.02124
f 1133/5602 1125/5603 1123/5604
vt -0.05201 0.01967
vt -0.04543 -0.13285
vt -0.32815 -0.16092
f 1129/5605 1130/5606 1113/5607
vt -0.05201 0.01967
vt -0.32815 -0.16092
vt -0.33444 0.00200
f 1129/5608 1113/5609 1109/5610
vt -0.03595 0.02124
vt -0.02938 -0.13163
vt 0.01943 -0.12783
f 1123/5611 1125/5612 1115/5613
vt -0.03595 0.02124
vt 0.01943 -0.12783
vt 0.01289 0.02603
f 1123/5614 1115/5615 1111/5616
vt -0.03595 0.02124
vt -0.02938 -0.13163
vt -0.04543 -0.13285
f 1122/5617 1124/5618 1130/5619
vt -0.03595 0.02124
vt -0.04543 -0.13285
vt -0.05201 0.01967
f 1122/5620 1130/5621 1129/5622
vt 0.01289 0.02603
vt 0.01943 -0.12783
vt -0.02938 -0.13163
f 1110/5623 1114/5624 1124/5625
vt 0.01289 0.02603
vt -0.02938 -0.13163
vt -0.03595 0.02124
f 1110/5626 1124/5627 1122/5628
vt -0.04175 0.02603
vt -0.04175 -0.12783
vt 0.04256 -0.12783
f 1111/5629 1115/5630 1114/5631
vt -0.04175 0.02603
vt 0.04256 -0.12783
vt 0.04255 0.02603
f 1111/5632 1114/5633 1110/5634
vt 0.05373 0.00200
vt 0.05373 -0.16092
vt -0.05293 -0.16092
f 1109/5635 1113/5636 1112/5637
vt 0.05373 0.00200
vt -0.05293 -0.16092
vt -0.05293 0.00200
f 1109/5638 1112/5639 1108/5640
vt -0.33444 0.00200
vt -0.32815 -0.16092
vt -0.04543 -0.13285
f 1108/5641 1112/5642 1134/5643
vt -0.33444 0.00200
vt -0.04543 -0.13285
vt -0.05201 0.01967
f 1108/5644 1134/5645 1133/5646
vt -0.03936 0.13498
vt -0.05201 0.01967
vt -0.33444 0.00200
f 1128/5647 1129/5648 1109/5649
vt -0.03936 0.13498
vt -0.33444 0.00200
vt -0.32290 0.16518
f 1128/5650 1109/5651 1105/5652
vt -0.33444 0.00200
vt -0.05201 0.01967
vt -0.03936 0.13498
f 1108/5653 1133/5654 1132/5655
vt -0.33444 0.00200
vt -0.03936 0.13498
vt -0.32290 0.16518
f 1108/5656 1132/5657 1104/5658
vt 0.01289 0.02603
vt -0.03595 0.02124
vt -0.02332 0.13327
f 1110/5659 1122/5660 1120/5661
vt 0.01289 0.02603
vt -0.02332 0.13327
vt 0.02548 0.12807
f 1110/5662 1120/5663 1106/5664
vt 0.01006 -0.43914
vt -0.26867 -0.52801
vt -0.20409 -0.73634
f 1143/5665 1136/5666 1116/5667
vt 0.01006 -0.43914
vt -0.20409 -0.73634
vt 0.05502 -0.58643
f 1143/5668 1116/5669 1135/5670
vt -0.05201 0.01967
vt -0.03595 0.02124
vt -0.02332 0.13327
f 1133/5671 1123/5672 1121/5673
vt -0.05201 0.01967
vt -0.02332 0.13327
vt -0.03936 0.13498
f 1133/5674 1121/5675 1132/5676
vt -0.05293 0.05502
vt -0.05293 -0.20409
vt -0.05794 -0.21918
f 1159/5677 1152/5678 1160/5679
vt -0.05293 0.05502
vt -0.05794 -0.21918
vt -0.05794 0.06417
f 1159/5680 1160/5681 1167/5682
vt 0.04255 0.06932
vt 0.04255 0.11251
vt 0.04652 0.12688
f 1156/5683 1154/5684 1165/5685
vt 0.04255 0.06932
vt 0.04652 0.12688
vt 0.04652 0.07979
f 1156/5686 1165/5687 1166/5688
vt 0.05373 0.05502
vt 0.04255 0.06932
vt 0.04652 0.07979
f 1158/5689 1156/5690 1166/5691
vt 0.05373 0.05502
vt 0.04652 0.07979
vt 0.05874 0.06417
f 1158/5692 1166/5693 1162/5694
vt 0.06417 -0.58073
vt 0.07979 -0.57092
vt 0.10521 -0.62153
f 1162/5695 1166/5696 1174/5697
vt 0.06417 -0.58073
vt 0.10521 -0.62153
vt 0.08953 -0.63118
f 1162/5698 1174/5699 1170/5700
vt -0.05794 -0.74457
vt 0.05874 -0.74457
vt 0.05874 -0.79383
f 1160/5701 1161/5702 1169/5703
vt -0.05794 -0.74457
vt 0.05874 -0.79383
vt -0.05794 -0.79383
f 1160/5704 1169/5705 1168/5706
vt 0.12688 -0.54082
vt 0.07979 -0.57092
vt 0.10521 -0.62153
f 1164/5707 1163/5708 1171/5709
vt 0.12688 -0.54082
vt 0.10521 -0.62153
vt 0.15251 -0.59200
f 1164/5710 1171/5711 1172/5712
vt -0.04175 0.11251
vt -0.04175 0.06932
vt -0.04571 0.07979
f 1155/5713 1157/5714 1163/5715
vt -0.04175 0.11251
vt -0.04571 0.07979
vt -0.04571 0.12688
f 1155/5716 1163/5717 1164/5718
vt -0.05293 -0.20409
vt 0.05373 -0.20409
vt 0.05874 -0.21918
f 1152/5719 1153/5720 1161/5721
vt -0.05293 -0.20409
vt 0.05874 -0.21918
vt -0.05794 -0.21918
f 1152/5722 1161/5723 1160/5724
vt -0.04175 0.06932
vt -0.05293 0.05502
vt -0.05794 0.06417
f 1157/5725 1159/5726 1167/5727
vt -0.04175 0.06932
vt -0.05794 0.06417
vt -0.04571 0.07979
f 1157/5728 1167/5729 1163/5730
vt 0.04255 0.11251
vt -0.04175 0.11251
vt -0.04571 0.12688
f 1154/5731 1155/5732 1164/5733
vt 0.04255 0.11251
vt -0.04571 0.12688
vt 0.04652 0.12688
f 1154/5734 1164/5735 1165/5736
vt 0.05373 -0.20409
vt 0.05373 0.05502
vt 0.05874 0.06417
f 1153/5737 1158/5738 1162/5739
vt 0.05373 -0.20409
vt 0.05874 0.06417
vt 0.05874 -0.21918
f 1153/5740 1162/5741 1161/5742
vt -0.04571 0.10521
vt 0.04652 0.10521
vt 0.04652 0.15251
f 1171/5743 1174/5744 1173/5745
vt -0.04571 0.10521
vt 0.04652 0.15251
vt -0.04571 0.15251
f 1171/5746 1173/5747 1172/5748
vt -0.05794 0.08953
vt 0.05874 0.08953
vt 0.04652 0.10521
f 1175/5749 1170/5750 1174/5751
vt -0.05794 0.08953
vt 0.04652 0.10521
vt -0.04571 0.10521
f 1175/5752 1174/5753 1171/5754
vt -0.05794 -0.19272
vt 0.05874 -0.19272
vt 0.05874 0.08953
f 1168/5755 1169/5756 1170/5757
vt -0.05794 -0.19272
vt 0.05874 0.08953
vt -0.05794 0.08953
f 1168/5758 1170/5759 1175/5760
vt 0.07979 -0.57092
vt 0.06417 -0.58073
vt 0.08953 -0.63118
f 1163/5761 1167/5762 1175/5763
vt 0.07979 -0.57092
vt 0.08953 -0.63118
vt 0.10521 -0.62153
f 1163/5764 1175/5765 1171/5766
vt 0.04652 -0.54082
vt -0.04571 -0.54082
vt -0.04571 -0.59200
f 1165/5767 1164/5768 1172/5769
vt 0.04652 -0.54082
vt -0.04571 -0.59200
vt 0.04652 -0.59200
f 1165/5770 1172/5771 1173/5772
vt -0.21918 -0.74457
vt 0.06417 -0.58073
vt 0.08953 -0.63118
f 1161/5773 1162/5774 1170/5775
vt -0.21918 -0.74457
vt 0.08953 -0.63118
vt -0.19272 -0.79383
f 1161/5776 1170/5777 1169/5778
vt 0.06417 -0.58073
vt -0.21918 -0.74457
vt -0.19272 -0.79383
f 1167/5779 1160/5780 1168/5781
vt 0.06417 -0.58073
vt -0.19272 -0.79383
vt 0.08953 -0.63118
f 1167/5782 1168/5783 1175/5784
vt 0.07979 -0.57092
vt 0.12688 -0.54082
vt 0.15251 -0.59200
f 1166/5785 1165/5786 1173/5787
vt 0.07979 -0.57092
vt 0.15251 -0.59200
vt 0.10521 -0.62153
f 1166/5788 1173/5789 1174/5790
