mtllib pink_guns.mtl
o Body
g Body
usemtl PinkWhite
v 0.09997 0.59805 -0.33663
v -0.09997 0.59805 -0.33663
v 0.09997 0.59805 -0.04937
v -0.09997 0.59805 -0.04937
v 0.09997 0.59805 1.48787
v -0.09997 0.59805 1.48787
v 0.09997 0.93449 -0.33663
v -0.09997 0.93449 -0.33663
v 0.09997 0.93449 -0.04937
v -0.09997 0.93449 -0.04937
v 0.09997 0.93449 1.48786
v -0.09997 0.93449 1.48786
v 0.04915 1.20084 -0.33663
v 0.09997 1.09065 -0.33663
v 0.08509 1.16856 -0.33663
v -0.09997 1.09065 -0.33663
v -0.04915 1.20084 -0.33663
v -0.08509 1.16856 -0.33663
v 0.04915 1.20084 -0.04937
v 0.09997 1.09065 -0.04937
v 0.08509 1.16856 -0.04937
v -0.09997 1.09065 -0.04937
v -0.04915 1.20084 -0.04937
v -0.08509 1.16856 -0.04937
v 0.09997 1.09065 1.48787
v 0.04915 1.20084 1.48786
v 0.08509 1.16856 1.48787
v -0.04915 1.20084 1.48786
v -0.09997 1.09065 1.48787
v -0.08509 1.16856 1.48786
vt -0.28053 0.90887
vt -0.28053 0.77874
vt -0.04114 0.77874
f 16/1 8/2 10/3
vt -0.28053 0.90887
vt -0.04114 0.77874
vt -0.04114 0.90887
f 16/4 10/5 22/6
vt -0.04114 0.90887
vt -0.04114 0.77874
vt 1.23988 0.77874
f 22/7 10/8 12/9
vt -0.04114 0.90887
vt 1.23988 0.77874
vt 1.23989 0.90887
f 22/10 12/11 29/12
vt -0.28053 0.77874
vt -0.28053 0.90887
vt -0.04114 0.90887
f 7/13 14/14 20/15
vt -0.28053 0.77874
vt -0.04114 0.90887
vt -0.04114 0.77874
f 7/16 20/17 9/18
vt -0.08331 -0.28053
vt 0.08331 -0.28053
vt 0.08331 -0.04114
f 2/19 1/20 3/21
vt -0.08331 -0.28053
vt 0.08331 -0.04114
vt -0.08331 -0.04114
f 2/22 3/23 4/24
vt -0.28053 0.77874
vt -0.28053 0.49838
vt -0.04114 0.49838
f 8/25 2/26 4/27
vt -0.28053 0.77874
vt -0.04114 0.49838
vt -0.04114 0.77874
f 8/28 4/29 10/30
vt -0.04114 0.77874
vt -0.04114 0.90887
vt 1.23989 0.90887
f 9/31 20/32 25/33
vt -0.04114 0.77874
vt 1.23989 0.90887
vt 1.23988 0.77874
f 9/34 25/35 11/36
vt -0.08331 -0.04114
vt 0.08331 -0.04114
vt 0.08331 1.23989
f 4/37 3/38 5/39
vt -0.08331 -0.04114
vt 0.08331 1.23989
vt -0.08331 1.23989
f 4/40 5/41 6/42
vt -0.04114 0.77874
vt -0.04114 0.49838
vt 1.23989 0.49838
f 10/43 4/44 6/45
vt -0.04114 0.77874
vt 1.23989 0.49838
vt 1.23988 0.77874
f 10/46 6/47 12/48
vt 0.08331 0.77874
vt 0.08331 0.90887
vt 0.07091 0.97380
f 11/49 25/50 27/51
vt 0.08331 0.77874
vt 0.07091 0.97380
vt 0.04096 1.00070
f 11/52 27/53 26/54
vt 0.08331 0.77874
vt 0.04096 1.00070
vt -0.04096 1.00070
f 11/55 26/56 28/57
vt 0.08331 0.77874
vt -0.04096 1.00070
vt -0.07091 0.97380
f 11/58 28/59 30/60
vt 0.08331 0.77874
vt -0.07091 0.97380
vt -0.08331 0.90887
f 11/61 30/62 29/63
vt 0.08331 0.77874
vt -0.08331 0.90887
vt -0.08331 0.77874
f 11/64 29/65 12/66
vt 0.08331 0.49838
vt 0.08331 0.77874
vt -0.08331 0.77874
f 5/67 11/68 12/69
vt 0.08331 0.49838
vt -0.08331 0.77874
vt -0.08331 0.49838
f 5/70 12/71 6/72
vt -0.28053 0.49838
vt -0.28053 0.77874
vt -0.04114 0.77874
f 1/73 7/74 9/75
vt -0.28053 0.49838
vt -0.04114 0.77874
vt -0.04114 0.49838
f 1/76 9/77 3/78
vt 0.04096 -0.04114
vt -0.04096 -0.04114
vt -0.04096 1.23988
f 19/79 23/80 28/81
vt 0.04096 -0.04114
vt -0.04096 1.23988
vt 0.04096 1.23988
f 19/82 28/83 26/84
vt -0.04114 0.49838
vt -0.04114 0.77874
vt 1.23988 0.77874
f 3/85 9/86 11/87
vt -0.04114 0.49838
vt 1.23988 0.77874
vt 1.23989 0.49838
f 3/88 11/89 5/90
vt -0.28053 0.90887
vt -0.04114 0.90887
vt -0.04114 0.97380
f 16/91 22/92 24/93
vt -0.28053 0.90887
vt -0.04114 0.97380
vt -0.28053 0.97380
f 16/94 24/95 18/96
vt -0.07091 -0.28053
vt -0.07091 -0.04114
vt -0.04096 -0.04114
f 18/97 24/98 23/99
vt -0.07091 -0.28053
vt -0.04096 -0.04114
vt -0.04096 -0.28053
f 18/100 23/101 17/102
vt -0.04114 0.90887
vt -0.28053 0.90887
vt -0.28053 0.97380
f 20/103 14/104 15/105
vt -0.04114 0.90887
vt -0.28053 0.97380
vt -0.04114 0.97380
f 20/106 15/107 21/108
vt 0.07091 -0.04114
vt 0.07091 -0.28053
vt 0.04096 -0.28053
f 21/109 15/110 13/111
vt 0.07091 -0.04114
vt 0.04096 -0.28053
vt 0.04096 -0.04114
f 21/112 13/113 19/114
vt 0.04096 -0.04114
vt 0.04096 1.23988
vt 0.07091 1.23989
f 19/115 26/116 27/117
vt 0.04096 -0.04114
vt 0.07091 1.23989
vt 0.07091 -0.04114
f 19/118 27/119 21/120
vt -0.04114 0.97380
vt 1.23989 0.97380
vt 1.23989 0.90887
f 21/121 27/122 25/123
vt -0.04114 0.97380
vt 1.23989 0.90887
vt -0.04114 0.90887
f 21/124 25/125 20/126
vt -0.04114 0.90887
vt 1.23989 0.90887
vt 1.23988 0.97380
f 22/127 29/128 30/129
vt -0.04114 0.90887
vt 1.23988 0.97380
vt -0.04114 0.97380
f 22/130 30/131 24/132
vt -0.07091 -0.04114
vt -0.07091 1.23988
vt -0.04096 1.23988
f 24/133 30/134 28/135
vt -0.07091 -0.04114
vt -0.04096 1.23988
vt -0.04096 -0.04114
f 24/136 28/137 23/138
vt 0.04096 -0.28053
vt -0.04096 -0.28053
vt -0.04096 -0.04114
f 13/139 17/140 23/141
vt 0.04096 -0.28053
vt -0.04096 -0.04114
vt 0.04096 -0.04114
f 13/142 23/143 19/144
o Grip
g Grip
usemtl Bubblegum
v -0.13414 0.95344 0.42114
v 0.13414 0.95344 0.42114
v -0.07265 0.23854 -2.56512
v -0.10389 0.24149 -2.49593
v 0.10390 0.24149 -2.49593
v 0.07265 0.23854 -2.56512
v 0.10390 0.25907 -2.08373
v 0.07265 0.26259 -2.00133
v -0.07265 0.26259 -2.00133
v -0.10389 0.25907 -2.08373
v -0.07265 -0.29159 -2.74107
v -0.10389 -0.31073 -2.67980
v 0.10390 -0.31073 -2.67980
v 0.07265 -0.29159 -2.74107
v 0.07265 -0.41423 -2.34839
v 0.10390 -0.39141 -2.42146
v -0.10389 -0.39141 -2.42146
v -0.07265 -0.41423 -2.34839
v 0.07265 0.11726 -2.59575
v 0.10390 0.12085 -2.52640
v -0.07265 0.11726 -2.59575
v -0.10389 0.12085 -2.52640
v -0.07265 0.14086 -2.13901
v -0.10389 0.13656 -2.22230
v 0.07265 0.14086 -2.13901
v 0.10390 0.13656 -2.22230
v -0.07265 -0.42282 -2.69293
v -0.07265 -0.50562 -2.60463
v -0.10389 -0.42517 -2.63782
v 0.07265 -0.42282 -2.69293
v 0.10390 -0.42517 -2.63782
v 0.07265 -0.50561 -2.60463
v 0.10390 -0.47127 -2.48179
v 0.07265 -0.49678 -2.41076
v 0.07265 -0.53163 -2.51657
v -0.10389 -0.47127 -2.48179
v -0.07265 -0.53163 -2.51657
v -0.07265 -0.49678 -2.41076
v -0.10389 0.35949 -2.50928
v -0.07265 0.35892 -2.57874
v -0.10389 0.36326 -2.05382
v -0.07265 0.36359 -1.98789
v 0.07265 0.35892 -2.57874
v 0.10390 0.35949 -2.50928
v 0.07265 0.36359 -1.98789
v 0.10390 0.36326 -2.05382
v 0.13414 0.66178 -0.04001
v 0.09601 0.57910 -0.04001
v 0.12297 0.60332 -0.04001
v -0.09601 0.57910 -0.04001
v -0.13414 0.66178 -0.04001
v -0.12297 0.60332 -0.04001
v 0.09601 0.57848 1.45268
v 0.13414 0.66178 1.53535
v 0.12297 0.60314 1.51114
v -0.09601 0.57848 1.45268
v -0.13414 0.66178 1.53535
v -0.12297 0.60314 1.51114
v 0.13414 0.65340 0.42114
v 0.09601 0.57072 0.42114
v 0.12297 0.59494 0.42114
v -0.09601 0.57072 0.42114
v -0.13414 0.65340 0.42114
v -0.12297 0.59494 0.42114
v 0.13414 0.85379 -0.04001
v 0.13414 0.95344 0.05965
v 0.13414 0.92425 -0.01082
v -0.13414 0.95344 0.05965
v -0.13414 0.85379 -0.04001
v -0.13414 0.92425 -0.01082
v 0.13414 0.95344 1.43570
v 0.13414 0.85379 1.53535
v 0.13414 0.92425 1.50616
v -0.13414 0.85379 1.53535
v -0.13414 0.95344 1.43570
v -0.13414 0.92425 1.50616
v 0.08381 1.26481 0.41904
v 0.13414 1.15563 0.41904
v 0.11940 1.23283 0.41904
v -0.13414 1.15563 0.41904
v -0.08381 1.26481 0.41904
v -0.11940 1.23283 0.41904
v -0.08381 1.23380 1.53570
v -0.13414 1.12462 1.53570
v -0.11940 1.20183 1.53570
v 0.13414 1.12462 1.53570
v 0.08381 1.23380 1.53570
v 0.11940 1.20183 1.53570
v -0.13414 0.95344 0.11320
v -0.13414 0.95344 0.19938
v 0.13414 0.95344 0.19938
v 0.13414 0.95344 0.11320
v 0.13414 0.59105 0.11320
v 0.13414 0.58460 0.19938
v 0.09601 0.50192 0.19938
v 0.09601 0.50837 0.11320
v 0.12297 0.53259 0.11320
v 0.12297 0.52614 0.19938
v -0.09601 0.50837 0.11320
v -0.09601 0.50192 0.19938
v -0.13414 0.58460 0.19938
v -0.13414 0.59105 0.11320
v -0.12297 0.53259 0.11320
v -0.12297 0.52614 0.19938
v -0.13414 1.10934 0.41904
v -0.13414 0.97312 0.55525
v -0.13414 1.01302 0.45893
v 0.13414 0.97312 0.55525
v 0.13414 1.10934 0.41904
v 0.13414 1.01302 0.45893
v -0.13414 0.97312 1.39948
v -0.13414 1.10934 1.53570
v -0.13414 1.01302 1.49580
v 0.13414 1.10934 1.53570
v 0.13414 0.97312 1.39948
v 0.13414 1.01302 1.49580
vt -2.01788 -0.32617
vt -2.23317 -0.25894
vt -2.19818 -0.35431
f 47/145 42/146 59/147
vt -2.01788 -0.32617
vt -2.19818 -0.35431
vt -2.06816 -0.39273
f 47/148 59/149 66/150
vt -0.06054 0.29910
vt 0.06054 0.29910
vt 0.06054 0.19878
f 70/151 73/152 36/153
vt -0.06054 0.29910
vt 0.06054 0.19878
vt -0.06054 0.19878
f 70/154 36/155 33/156
vt -1.73644 0.21589
vt -2.07994 0.20124
vt -2.10533 0.10071
f 40/157 34/158 52/159
vt -1.73644 0.21589
vt -2.10533 0.10071
vt -1.85192 0.11380
f 40/160 52/161 54/162
vt -0.06054 -0.24299
vt 0.06054 -0.24299
vt 0.06054 -0.35235
f 41/163 44/164 60/165
vt -0.06054 -0.24299
vt 0.06054 -0.35235
vt -0.06054 -0.35235
f 41/166 60/167 57/168
vt 0.06054 -1.66778
vt -0.06054 -1.66778
vt -0.06054 -1.78251
f 38/169 39/170 53/171
vt 0.06054 -1.66778
vt -0.06054 -1.78251
vt 0.06054 -1.78251
f 38/172 53/173 55/174
vt -0.06054 -2.17053
vt 0.06054 -2.17053
vt 0.06054 -2.09714
f 58/175 62/176 65/177
vt -0.06054 -2.17053
vt 0.06054 -2.09714
vt -0.06054 -2.09714
f 58/178 65/179 67/180
vt 0.06054 -0.34519
vt -0.06054 -0.34519
vt -0.06054 -0.41398
f 45/181 48/182 68/183
vt 0.06054 -0.34519
vt -0.06054 -0.41398
vt 0.06054 -0.41398
f 45/184 68/185 64/186
vt 0.06054 0.11738
vt -0.06054 0.11738
vt -0.06054 -0.34519
f 55/187 53/188 48/189
vt 0.06054 0.11738
vt -0.06054 -0.34519
vt 0.06054 -0.34519
f 55/190 48/191 45/192
vt -0.06054 0.09772
vt 0.06054 0.09772
vt 0.06054 -0.24299
f 51/193 49/194 44/195
vt -0.06054 0.09772
vt 0.06054 -0.24299
vt -0.06054 -0.24299
f 51/196 44/197 41/198
vt -2.07994 0.20124
vt -1.73644 0.21589
vt -1.85192 0.11380
f 35/199 37/200 56/201
vt -2.07994 0.20124
vt -1.85192 0.11380
vt -2.10533 0.10071
f 35/202 56/203 50/204
vt -2.09107 0.29957
vt -1.71152 0.30272
vt -1.73644 0.21589
f 74/205 76/206 37/207
vt -2.09107 0.29957
vt -1.73644 0.21589
vt -2.07994 0.20124
f 74/208 37/209 35/210
vt 0.06054 0.30299
vt -0.06054 0.30299
vt -0.06054 0.21882
f 75/211 72/212 39/213
vt 0.06054 0.30299
vt -0.06054 0.21882
vt 0.06054 0.21882
f 75/214 39/215 38/216
vt -1.71152 0.30272
vt -2.09107 0.29957
vt -2.07994 0.20124
f 71/217 69/218 34/219
vt -1.71152 0.30272
vt -2.07994 0.20124
vt -1.73644 0.21589
f 71/220 34/221 40/222
vt -2.10533 0.10071
vt -1.85192 0.11380
vt -2.01788 -0.32617
f 50/223 56/224 46/225
vt -2.10533 0.10071
vt -2.01788 -0.32617
vt -2.23317 -0.25894
f 50/226 46/227 43/228
vt -2.23317 -0.25894
vt -2.01788 -0.32617
vt -2.06816 -0.39273
f 43/229 46/230 63/231
vt -2.23317 -0.25894
vt -2.06816 -0.39273
vt -2.19818 -0.35431
f 43/232 63/233 61/234
vt -1.85192 0.11380
vt -2.10533 0.10071
vt -2.23317 -0.25894
f 54/235 52/236 42/237
vt -1.85192 0.11380
vt -2.23317 -0.25894
vt -2.01788 -0.32617
f 54/238 42/239 47/240
vt -0.08001 -0.03334
vt 0.08001 -0.03334
vt 0.08001 0.09433
f 80/241 78/242 126/243
vt -0.08001 -0.03334
vt 0.08001 0.09433
vt -0.08001 0.09433
f 80/244 126/245 129/246
vt -0.08001 0.35095
vt 0.08001 0.35095
vt 0.08001 1.21057
f 92/247 90/248 83/249
vt -0.08001 0.35095
vt 0.08001 1.21057
vt -0.08001 1.21057
f 92/250 83/251 86/252
vt 0.35095 0.79453
vt 0.35095 0.54450
vt 1.27946 0.55148
f 31/253 93/254 87/255
vt 0.35095 0.79453
vt 1.27946 0.55148
vt 1.27946 0.71149
f 31/256 87/257 104/258
vt 0.35095 0.79453
vt 1.27946 0.71149
vt 1.25513 0.77021
f 31/259 104/260 106/261
vt 0.35095 0.79453
vt 1.25513 0.77021
vt 1.19642 0.79453
f 31/262 106/263 105/264
vt -0.10247 0.35095
vt -0.10247 0.16615
vt -0.08001 0.16615
f 94/265 134/266 130/267
vt -0.10247 0.35095
vt -0.08001 0.16615
vt -0.08001 0.35095
f 94/268 130/269 92/270
vt 0.35095 0.49578
vt 0.16615 0.43845
vt 0.16615 0.48717
f 91/271 128/272 124/273
vt 0.35095 0.49578
vt 0.16615 0.48717
vt 0.35095 0.54450
f 91/274 124/275 89/276
vt 0.16615 0.79453
vt 0.16615 0.48717
vt 0.35095 0.54450
f 120/277 131/278 93/279
vt 0.16615 0.79453
vt 0.35095 0.54450
vt 0.35095 0.79453
f 120/280 93/281 31/282
vt -0.11178 0.35095
vt 0.11178 0.35095
vt 0.11178 0.16615
f 31/283 32/284 121/285
vt -0.11178 0.35095
vt 0.11178 0.16615
vt -0.11178 0.16615
f 31/286 121/287 120/288
vt 0.11178 0.55148
vt 0.11178 0.71149
vt -0.11178 0.71149
f 84/289 102/290 104/291
vt 0.11178 0.55148
vt -0.11178 0.71149
vt -0.11178 0.55148
f 84/292 104/293 87/294
vt -0.11178 1.19642
vt 0.11178 1.19642
vt 0.11178 0.35095
f 105/295 101/296 32/297
vt -0.11178 1.19642
vt 0.11178 0.35095
vt -0.11178 0.35095
f 105/298 32/299 31/300
vt 0.35095 0.54450
vt 0.35095 0.79453
vt 1.19642 0.79453
f 89/301 32/302 101/303
vt 0.35095 0.54450
vt 1.19642 0.79453
vt 1.25513 0.77021
f 89/304 101/305 103/306
vt 0.35095 0.54450
vt 1.25513 0.77021
vt 1.27946 0.71149
f 89/307 103/308 102/309
vt 0.35095 0.54450
vt 1.27946 0.71149
vt 1.27946 0.55148
f 89/310 102/311 84/312
vt 0.04971 0.79453
vt -0.00902 0.77021
vt -0.03334 0.71149
f 98/313 100/314 99/315
vt 0.04971 0.79453
vt -0.03334 0.71149
vt -0.03334 0.55148
f 98/316 99/317 81/318
vt 0.04971 0.79453
vt -0.03334 0.55148
vt 0.09433 0.49254
f 98/319 81/320 132/321
vt 0.04971 0.79453
vt 0.09433 0.49254
vt 0.09433 0.79453
f 98/322 132/323 119/324
vt -0.03334 0.55148
vt -0.03334 0.71149
vt -0.00902 0.77021
f 77/325 95/326 97/327
vt -0.03334 0.55148
vt -0.00902 0.77021
vt 0.04971 0.79453
f 77/328 97/329 96/330
vt -0.03334 0.55148
vt 0.04971 0.79453
vt 0.09433 0.79453
f 77/331 96/332 122/333
vt -0.03334 0.55148
vt 0.09433 0.79453
vt 0.09433 0.49254
f 77/334 122/335 123/336
vt -0.06054 0.19878
vt 0.06054 0.19878
vt 0.06054 0.09772
f 33/337 36/338 49/339
vt -0.06054 0.19878
vt 0.06054 0.09772
vt -0.06054 0.09772
f 33/340 49/341 51/342
vt -2.24411 -0.35235
vt -2.17053 -0.42135
vt -2.19818 -0.35431
f 57/343 58/344 59/345
vt -2.24411 -0.35235
vt -2.19818 -0.35431
vt -2.17053 -0.42134
f 60/346 61/347 62/348
vt -2.06816 -0.39273
vt -2.00897 -0.41398
vt -2.09714 -0.44303
f 63/349 64/350 65/351
vt -2.06816 -0.39273
vt -2.09714 -0.44303
vt -2.00897 -0.41398
f 66/352 67/353 68/354
vt -2.14895 0.29910
vt -2.13760 0.19878
vt -2.07994 0.20124
f 70/355 33/356 34/357
vt -2.14895 0.29910
vt -2.07994 0.20124
vt -2.09107 0.29957
f 70/358 34/359 69/360
vt -2.09107 0.29957
vt -2.07994 0.20124
vt -2.13760 0.19878
f 74/361 35/362 36/363
vt -2.09107 0.29957
vt -2.13760 0.19878
vt -2.14895 0.29910
f 74/364 36/365 73/366
vt -2.10533 0.10071
vt -2.23317 -0.25894
vt -2.28423 -0.24299
f 50/367 43/368 44/369
vt -2.10533 0.10071
vt -2.28423 -0.24299
vt -2.16312 0.09772
f 50/370 44/371 49/372
vt -2.10533 0.10071
vt -2.07994 0.20124
vt -2.13760 0.19878
f 52/373 34/374 33/375
vt -2.10533 0.10071
vt -2.13760 0.19878
vt -2.16312 0.09772
f 52/376 33/377 51/378
vt -1.85192 0.11380
vt -2.01788 -0.32617
vt -1.95699 -0.34519
f 54/379 47/380 48/381
vt -1.85192 0.11380
vt -1.95699 -0.34519
vt -1.78251 0.11738
f 54/382 48/383 53/384
vt -1.85192 0.11380
vt -1.73644 0.21589
vt -1.66778 0.21882
f 56/385 37/386 38/387
vt -1.85192 0.11380
vt -1.66778 0.21882
vt -1.78251 0.11738
f 56/388 38/389 55/390
vt -2.07994 0.20124
vt -2.10533 0.10071
vt -2.16312 0.09772
f 35/391 50/392 49/393
vt -2.07994 0.20124
vt -2.16312 0.09772
vt -2.13760 0.19878
f 35/394 49/395 36/396
vt -2.23317 -0.25894
vt -2.10533 0.10071
vt -2.16312 0.09772
f 42/397 52/398 51/399
vt -2.23317 -0.25894
vt -2.16312 0.09772
vt -2.28423 -0.24299
f 42/400 51/401 41/402
vt -1.73644 0.21589
vt -1.85192 0.11380
vt -1.78251 0.11738
f 40/403 54/404 53/405
vt -1.73644 0.21589
vt -1.78251 0.11738
vt -1.66778 0.21882
f 40/406 53/407 39/408
vt -2.01788 -0.32617
vt -1.85192 0.11380
vt -1.78251 0.11738
f 46/409 56/410 55/411
vt -2.01788 -0.32617
vt -1.78251 0.11738
vt -1.95699 -0.34519
f 46/412 55/413 45/414
vt -0.06054 -2.24411
vt 0.06054 -2.24411
vt 0.06054 -2.17053
f 57/415 60/416 62/417
vt -0.06054 -2.24411
vt 0.06054 -2.17053
vt -0.06054 -2.17053
f 57/418 62/419 58/420
vt -2.09714 -0.44303
vt -2.17053 -0.42134
vt -2.19818 -0.35431
f 65/421 62/422 61/423
vt -2.09714 -0.44303
vt -2.19818 -0.35431
vt -2.06816 -0.39273
f 65/424 61/425 63/426
vt -2.17053 -0.42135
vt -2.09714 -0.44303
vt -2.06816 -0.39273
f 58/427 67/428 66/429
vt -2.17053 -0.42135
vt -2.06816 -0.39273
vt -2.19818 -0.35431
f 58/430 66/431 59/432
vt 0.06054 -2.00897
vt -0.06054 -2.00897
vt -0.06054 -2.09714
f 64/433 68/434 67/435
vt 0.06054 -2.00897
vt -0.06054 -2.09714
vt 0.06054 -2.09714
f 64/436 67/437 65/438
vt -2.01788 -0.32617
vt -2.06816 -0.39273
vt -2.00897 -0.41398
f 47/439 66/440 68/441
vt -2.01788 -0.32617
vt -2.00897 -0.41398
vt -1.95699 -0.34519
f 47/442 68/443 48/444
vt -2.06816 -0.39273
vt -2.01788 -0.32617
vt -1.95699 -0.34519
f 63/445 46/446 45/447
vt -2.06816 -0.39273
vt -1.95699 -0.34519
vt -2.00897 -0.41398
f 63/448 45/449 64/450
vt -2.24411 -0.35235
vt -2.28423 -0.24299
vt -2.23317 -0.25894
f 60/451 44/452 43/453
vt -2.24411 -0.35235
vt -2.23317 -0.25894
vt -2.19818 -0.35431
f 60/454 43/455 61/456
vt -2.28423 -0.24299
vt -2.24411 -0.35235
vt -2.19818 -0.35431
f 41/457 57/458 59/459
vt -2.28423 -0.24299
vt -2.19818 -0.35431
vt -2.23317 -0.25894
f 41/460 59/461 42/462
vt -1.66778 0.21882
vt -1.65657 0.30299
vt -1.71152 0.30272
f 39/463 72/464 71/465
vt -1.66778 0.21882
vt -1.71152 0.30272
vt -1.73644 0.21589
f 39/466 71/467 40/468
vt -1.73644 0.21589
vt -1.71152 0.30272
vt -1.65657 0.30299
f 37/469 76/470 75/471
vt -1.73644 0.21589
vt -1.65657 0.30299
vt -1.66778 0.21882
f 37/472 75/473 38/474
vt -0.08001 1.21057
vt 0.08001 1.21057
vt 0.10247 1.25928
f 86/475 83/476 85/477
vt -0.08001 1.21057
vt 0.10247 1.25928
vt -0.10247 1.25928
f 86/478 85/479 88/480
vt -0.10247 0.50262
vt 0.10247 0.50262
vt 0.11178 0.55148
f 88/481 85/482 84/483
vt -0.10247 0.50262
vt 0.11178 0.55148
vt -0.11178 0.55148
f 88/484 84/485 87/486
vt -0.08001 0.16615
vt 0.08001 0.16615
vt 0.08001 0.35095
f 130/487 125/488 90/489
vt -0.08001 0.16615
vt 0.08001 0.35095
vt -0.08001 0.35095
f 130/490 90/491 92/492
vt 0.08001 0.35095
vt 0.08001 0.16615
vt 0.10247 0.16615
f 90/493 125/494 128/495
vt 0.08001 0.35095
vt 0.10247 0.16615
vt 0.10247 0.35095
f 90/496 128/497 91/498
vt 0.35095 0.54450
vt 0.16615 0.48717
vt 0.16615 0.43845
f 93/499 131/500 134/501
vt 0.35095 0.54450
vt 0.16615 0.43845
vt 0.35095 0.49578
f 93/502 134/503 94/504
vt 0.08001 0.09433
vt 0.08001 -0.03334
vt 0.10247 -0.03334
f 126/505 78/506 79/507
vt 0.08001 0.09433
vt 0.10247 -0.03334
vt 0.10247 0.09433
f 126/508 79/509 127/510
vt 0.09433 0.44383
vt -0.03334 0.50277
vt -0.03334 0.55148
f 127/511 79/512 77/513
vt 0.09433 0.44383
vt -0.03334 0.55148
vt 0.09433 0.49254
f 127/514 77/515 123/516
vt 0.09433 0.49254
vt -0.03334 0.55148
vt -0.03334 0.50277
f 132/517 81/518 82/519
vt 0.09433 0.49254
vt -0.03334 0.50277
vt 0.09433 0.44383
f 132/520 82/521 133/522
vt -0.10247 0.09433
vt -0.10247 -0.03334
vt -0.08001 -0.03334
f 133/523 82/524 80/525
vt -0.10247 0.09433
vt -0.08001 -0.03334
vt -0.08001 0.09433
f 133/526 80/527 129/528
vt 0.08001 1.21057
vt 0.08001 0.35095
vt 0.10247 0.35095
f 83/529 90/530 91/531
vt 0.08001 1.21057
vt 0.10247 0.35095
vt 0.10247 1.25928
f 83/532 91/533 85/534
vt 1.25928 0.50262
vt 0.35095 0.49578
vt 0.35095 0.54450
f 85/535 91/536 89/537
vt 1.25928 0.50262
vt 0.35095 0.54450
vt 1.27946 0.55148
f 85/538 89/539 84/540
vt 1.27946 0.55148
vt 0.35095 0.54450
vt 0.35095 0.49578
f 87/541 93/542 94/543
vt 1.27946 0.55148
vt 0.35095 0.49578
vt 1.25928 0.50262
f 87/544 94/545 88/546
vt -0.10247 1.25928
vt -0.10247 0.35095
vt -0.08001 0.35095
f 88/547 94/548 92/549
vt -0.10247 1.25928
vt -0.08001 0.35095
vt -0.08001 1.21057
f 88/550 92/551 86/552
vt 0.16615 0.48717
vt 0.16615 0.79453
vt 0.35095 0.79453
f 124/553 121/554 32/555
vt 0.16615 0.48717
vt 0.35095 0.79453
vt 0.35095 0.54450
f 124/556 32/557 89/558
vt 0.11178 1.19642
vt -0.11178 1.19642
vt -0.11178 1.25513
f 101/559 105/560 106/561
vt 0.11178 1.19642
vt -0.11178 1.25513
vt 0.11178 1.25513
f 101/562 106/563 103/564
vt 0.11178 0.77021
vt -0.11178 0.77021
vt -0.11178 0.71149
f 103/565 106/566 104/567
vt 0.11178 0.77021
vt -0.11178 0.71149
vt 0.11178 0.71149
f 103/568 104/569 102/570
vt 0.11178 0.71149
vt -0.11178 0.71149
vt -0.11178 0.77021
f 95/571 99/572 100/573
vt 0.11178 0.71149
vt -0.11178 0.77021
vt 0.11178 0.77021
f 95/574 100/575 97/576
vt 0.11178 -0.00902
vt -0.11178 -0.00902
vt -0.11178 0.04971
f 97/577 100/578 98/579
vt 0.11178 -0.00902
vt -0.11178 0.04971
vt 0.11178 0.04971
f 97/580 98/581 96/582
vt 0.11178 0.55148
vt 0.10247 0.50277
vt 0.08001 0.48258
f 77/583 79/584 78/585
vt 0.11178 0.55148
vt 0.08001 0.48258
vt -0.08001 0.48258
f 77/586 78/587 80/588
vt 0.11178 0.55148
vt -0.08001 0.48258
vt -0.10247 0.50277
f 77/589 80/590 82/591
vt 0.11178 0.55148
vt -0.10247 0.50277
vt -0.11178 0.55148
f 77/592 82/593 81/594
vt 0.11178 0.55148
vt -0.11178 0.55148
vt -0.11178 0.71149
f 77/595 81/596 99/597
vt 0.11178 0.55148
vt -0.11178 0.71149
vt 0.11178 0.71149
f 77/598 99/599 95/600
vt 0.11178 0.09433
vt -0.11178 0.09433
vt -0.11178 0.16615
f 122/601 119/602 120/603
vt 0.11178 0.09433
vt -0.11178 0.16615
vt 0.11178 0.16615
f 122/604 120/605 121/606
vt 0.10247 0.16615
vt 0.08001 0.16615
vt 0.08001 0.09433
f 128/607 125/608 126/609
vt 0.10247 0.16615
vt 0.08001 0.09433
vt 0.10247 0.09433
f 128/610 126/611 127/612
vt 0.16615 0.48717
vt 0.16615 0.43845
vt 0.09433 0.44383
f 124/613 128/614 127/615
vt 0.16615 0.48717
vt 0.09433 0.44383
vt 0.09433 0.49254
f 124/616 127/617 123/618
vt 0.16615 0.43845
vt 0.16615 0.48717
vt 0.09433 0.49254
f 134/619 131/620 132/621
vt 0.16615 0.43845
vt 0.09433 0.49254
vt 0.09433 0.44383
f 134/622 132/623 133/624
vt -0.08001 0.16615
vt -0.10247 0.16615
vt -0.10247 0.09433
f 130/625 134/626 133/627
vt -0.08001 0.16615
vt -0.10247 0.09433
vt -0.08001 0.09433
f 130/628 133/629 129/630
vt 0.16615 0.79453
vt 0.16615 0.48717
vt 0.09433 0.49254
f 121/631 124/632 123/633
vt 0.16615 0.79453
vt 0.09433 0.49254
vt 0.09433 0.79453
f 121/634 123/635 122/636
vt 0.08001 0.16615
vt -0.08001 0.16615
vt -0.08001 0.09433
f 125/637 130/638 129/639
vt 0.08001 0.16615
vt -0.08001 0.09433
vt 0.08001 0.09433
f 125/640 129/641 126/642
vt 0.16615 0.48717
vt 0.16615 0.79453
vt 0.09433 0.79453
f 131/643 120/644 119/645
vt 0.16615 0.48717
vt 0.09433 0.79453
vt 0.09433 0.49254
f 131/646 119/647 132/648
vt -0.11178 0.09433
vt 0.11178 0.09433
vt 0.11178 0.04971
f 119/649 122/650 96/651
vt -0.11178 0.09433
vt 0.11178 0.04971
vt -0.11178 0.04971
f 119/652 96/653 98/654
vt 0.34920 0.92445
vt 0.38244 0.84418
vt 0.46271 0.81093
f 135/655 137/656 136/657
vt 0.34920 0.92445
vt 0.46271 0.81093
vt 1.16623 0.81093
f 135/658 136/659 141/660
vt 0.34920 0.92445
vt 1.16623 0.81093
vt 1.24650 0.84418
f 135/661 141/662 143/663
vt 0.34920 0.92445
vt 1.24650 0.84418
vt 1.27975 0.92445
f 135/664 143/665 142/666
vt 0.34920 0.92445
vt 1.27975 0.92445
vt 1.27975 0.93718
f 135/667 142/668 114/669
vt 0.34920 0.92445
vt 1.27975 0.93718
vt 0.34920 0.96303
f 135/670 114/671 110/672
vt -0.11178 0.92445
vt 0.11178 0.92445
vt 0.11178 0.93718
f 142/673 144/674 116/675
vt -0.11178 0.92445
vt 0.11178 0.93718
vt 0.09950 1.00152
f 142/676 116/677 118/678
vt -0.11178 0.92445
vt 0.09950 1.00152
vt 0.06984 1.02817
f 142/679 118/680 117/681
vt -0.11178 0.92445
vt 0.06984 1.02817
vt -0.06984 1.02817
f 142/682 117/683 113/684
vt -0.11178 0.92445
vt -0.06984 1.02817
vt -0.09950 1.00152
f 142/685 113/686 115/687
vt -0.11178 0.92445
vt -0.09950 1.00152
vt -0.11178 0.93718
f 142/688 115/689 114/690
vt 1.27975 0.92445
vt 1.24650 0.84418
vt 1.16623 0.81093
f 144/691 146/692 145/693
vt 1.27975 0.92445
vt 1.16623 0.81093
vt 0.46271 0.81093
f 144/694 145/695 138/696
vt 1.27975 0.92445
vt 0.46271 0.81093
vt 0.38244 0.84418
f 144/697 138/698 140/699
vt 1.27975 0.92445
vt 0.38244 0.84418
vt 0.34920 0.92445
f 144/700 140/701 139/702
vt 1.27975 0.92445
vt 0.34920 0.92445
vt 0.34920 0.96303
f 144/703 139/704 108/705
vt 1.27975 0.92445
vt 0.34920 0.96303
vt 1.27975 0.93718
f 144/706 108/707 116/708
vt -0.06984 1.27975
vt 0.06984 1.27975
vt 0.06984 0.34920
f 113/709 117/710 107/711
vt -0.06984 1.27975
vt 0.06984 0.34920
vt -0.06984 0.34920
f 113/712 107/713 111/714
vt 0.34920 0.96303
vt 1.27975 0.93718
vt 1.27975 1.00152
f 110/715 114/716 115/717
vt 0.34920 0.96303
vt 1.27975 1.00152
vt 0.34920 1.02736
f 110/718 115/719 112/720
vt -0.09950 0.34920
vt -0.09950 1.27975
vt -0.06984 1.27975
f 112/721 115/722 113/723
vt -0.09950 0.34920
vt -0.06984 1.27975
vt -0.06984 0.34920
f 112/724 113/725 111/726
vt 0.06984 0.34920
vt 0.06984 1.27975
vt 0.09950 1.27975
f 107/727 117/728 118/729
vt 0.06984 0.34920
vt 0.09950 1.27975
vt 0.09950 0.34920
f 107/730 118/731 109/732
vt 0.34920 1.02736
vt 1.27975 1.00152
vt 1.27975 0.93718
f 109/733 118/734 116/735
vt 0.34920 1.02736
vt 1.27975 0.93718
vt 0.34920 0.96303
f 109/736 116/737 108/738
vt -0.11178 1.16623
vt -0.11178 0.46271
vt 0.11178 0.46271
f 141/739 136/740 138/741
vt -0.11178 1.16623
vt 0.11178 0.46271
vt 0.11178 1.16623
f 141/742 138/743 145/744
vt 0.11178 0.46271
vt -0.11178 0.46271
vt -0.11178 0.38244
f 138/745 136/746 137/747
vt 0.11178 0.46271
vt -0.11178 0.38244
vt 0.11178 0.38244
f 138/748 137/749 140/750
vt 0.11178 0.84418
vt -0.11178 0.84418
vt -0.11178 0.92445
f 140/751 137/752 135/753
vt 0.11178 0.84418
vt -0.11178 0.92445
vt 0.11178 0.92445
f 140/754 135/755 139/756
vt 0.11178 0.92445
vt -0.11178 0.92445
vt -0.11178 0.84418
f 144/757 142/758 143/759
vt 0.11178 0.92445
vt -0.11178 0.84418
vt 0.11178 0.84418
f 144/760 143/761 146/762
vt 0.11178 1.24650
vt -0.11178 1.24650
vt -0.11178 1.16623
f 146/763 143/764 141/765
vt 0.11178 1.24650
vt -0.11178 1.16623
vt 0.11178 1.16623
f 146/766 141/767 145/768
vt 0.11178 0.92445
vt -0.11178 0.92445
vt -0.11178 0.96303
f 139/769 135/770 110/771
vt 0.11178 0.92445
vt -0.11178 0.96303
vt -0.09950 1.02736
f 139/772 110/773 112/774
vt 0.11178 0.92445
vt -0.09950 1.02736
vt -0.06984 1.05401
f 139/775 112/776 111/777
vt 0.11178 0.92445
vt -0.06984 1.05401
vt 0.06984 1.05401
f 139/778 111/779 107/780
vt 0.11178 0.92445
vt 0.06984 1.05401
vt 0.09950 1.02736
f 139/781 107/782 109/783
vt 0.11178 0.92445
vt 0.09950 1.02736
vt 0.11178 0.96303
f 139/784 109/785 108/786
o Hardware
g Hardware
usemtl PlumDark
v 0.12569 1.05823 -0.12354
v -0.12569 1.05823 -0.12354
v 0.15711 0.86167 -0.32478
v -0.15711 0.86167 -0.32478
v 0.12569 0.89627 -2.73813
v -0.12569 0.89627 -2.73813
v 0.12569 0.86069 -0.12611
v -0.12569 0.86069 -0.12611
v 0.12569 1.05823 -2.45988
v -0.12569 1.05823 -2.45988
v -0.12569 0.89627 -2.44961
v 0.12569 0.89627 -2.44961
v 0.08372 0.20408 -2.00489
v -0.08372 0.20408 -2.00489
v -0.08372 0.46180 -2.00489
v 0.08372 0.46180 -2.00489
v 0.08372 0.20408 -1.97396
v -0.08372 0.20408 -1.97396
v -0.08372 0.46180 -1.97396
v 0.08372 0.46180 -1.97396
v 0.08372 0.16527 -1.98855
v -0.08372 0.16527 -1.98855
v 0.08372 0.18351 -1.96358
v -0.08372 0.18351 -1.96358
v 0.08372 0.14254 -1.95840
v -0.08372 0.14254 -1.95840
v 0.08372 0.17326 -1.95478
v -0.08372 0.17326 -1.95478
v 0.08372 0.13805 -1.91886
v -0.08372 0.13805 -1.91886
v 0.08372 0.16886 -1.91886
v -0.08372 0.16886 -1.91886
v 0.08372 0.13805 -1.53438
v -0.08372 0.13805 -1.53438
v 0.08372 0.16886 -1.53438
v -0.08372 0.16886 -1.53438
v 0.08372 0.15354 -1.49463
v -0.08372 0.15354 -1.49463
v 0.08372 0.18008 -1.51029
v -0.08372 0.18008 -1.51029
v 0.08372 0.19957 -1.45543
v -0.08372 0.19957 -1.45543
v 0.08372 0.20669 -1.48541
v -0.08372 0.20669 -1.48541
v 0.08372 0.24376 -1.45072
v -0.08372 0.24376 -1.45072
v 0.08372 0.24376 -1.48071
v -0.08372 0.24376 -1.48071
v 0.08372 0.48573 -1.45072
v -0.08372 0.48573 -1.45072
v 0.08372 0.48573 -1.48071
v -0.08372 0.48573 -1.48071
v 0.08372 0.48573 -1.29188
v -0.08372 0.48573 -1.29188
v 0.08372 0.28114 -1.29188
v 0.08372 0.24376 -1.32927
v -0.08372 0.24376 -1.32927
v -0.08372 0.28114 -1.29188
v 0.02017 0.46745 -1.90655
v -0.02017 0.46745 -1.90655
v 0.02017 0.46745 -1.78373
v -0.02017 0.46745 -1.78373
v 0.02017 0.42589 -1.90655
v -0.02017 0.42589 -1.90655
v 0.02017 0.42144 -1.83049
v -0.02017 0.42144 -1.83049
v -0.02017 0.46745 -1.86445
v 0.02017 0.46745 -1.86445
v -0.02017 0.42437 -1.88048
v 0.02017 0.42437 -1.88048
v 0.02017 0.38452 -1.85003
v -0.02017 0.38452 -1.85003
v -0.02017 0.38225 -1.88591
v 0.02017 0.38225 -1.88591
v 0.02017 0.34218 -1.84598
v -0.02017 0.34218 -1.84598
v -0.02017 0.33991 -1.87570
v 0.02017 0.33991 -1.87570
v 0.02017 0.31867 -1.84121
v -0.02017 0.31867 -1.84121
v -0.02017 0.30485 -1.85853
v 0.02017 0.30485 -1.85853
v 0.02017 0.28791 -1.81844
v -0.02017 0.28791 -1.81844
v -0.02017 0.27410 -1.83576
v 0.02017 0.27410 -1.83576
v 0.02017 0.26159 -1.78923
v -0.02017 0.26159 -1.78923
v -0.02017 0.24777 -1.79958
v 0.02017 0.24777 -1.79958
v 0.02017 0.24600 -1.74708
v -0.02017 0.24600 -1.74708
v -0.02017 0.23219 -1.75743
v 0.02017 0.23219 -1.75743
v 0.15711 1.03775 -0.32478
v -0.15711 1.03775 -0.32478
v -0.11468 1.07727 -0.32478
v 0.11468 1.07727 -0.32478
v -0.15711 0.86167 -2.67383
v -0.11937 0.86167 -2.75000
v 0.11938 0.86167 -2.75000
v 0.15711 0.86167 -2.67383
v 0.11468 1.14450 -2.46329
v 0.07695 1.21383 -2.44479
v -0.11468 1.14450 -2.46329
v -0.07695 1.21383 -2.44479
v 0.11468 1.14450 -0.32478
v 0.07695 1.21383 -0.32478
v -0.07695 1.21383 -0.32478
v -0.11468 1.14450 -0.32478
v 0.11938 1.03775 -2.68521
v 0.15711 1.03775 -2.60905
v -0.15711 1.03775 -2.60905
v -0.11937 1.03775 -2.68521
v 0.11468 1.07727 -2.55508
v 0.07695 1.07727 -2.63125
v -0.07695 1.07727 -2.63125
v -0.11468 1.07727 -2.55508
v -0.07882 0.42551 -2.68864
v -0.11272 0.42949 -2.61790
v 0.11272 0.42949 -2.61790
v 0.07883 0.42551 -2.68864
v 0.07883 0.46883 -1.96003
v 0.11272 0.46343 -2.01459
v -0.11272 0.46343 -2.01459
v -0.07882 0.46883 -1.96003
v -0.10389 0.35949 -2.50928
v -0.07265 0.35892 -2.57874
v -0.10389 0.36326 -2.05382
v -0.07265 0.36359 -1.98789
v 0.07265 0.35892 -2.57874
v 0.10390 0.35949 -2.50928
v 0.07265 0.36359 -1.98789
v 0.10390 0.36326 -2.05382
v -0.10718 0.39797 -2.70998
v -0.12569 0.43805 -2.71224
v 0.12569 0.43805 -2.71224
v 0.10718 0.39797 -2.70998
v 0.10718 0.55487 -0.13220
v 0.12569 0.59514 -0.13139
v -0.12569 0.59514 -0.13139
v -0.10718 0.55487 -0.13220
v 0.12569 0.45539 -2.42727
v 0.10718 0.41530 -2.42523
v -0.12569 0.45539 -2.42727
v -0.10718 0.41530 -2.42523
v -0.07882 0.37659 -1.96003
v -0.11272 0.37576 -2.02994
v 0.11272 0.37576 -2.02994
v 0.07883 0.37659 -1.96003
v -0.07882 0.36790 -2.60939
v -0.11272 0.36884 -2.53448
v 0.11272 0.36884 -2.53448
v 0.07883 0.36790 -2.60939
v 0.08266 1.07285 1.48412
v 0.08266 1.07285 1.74175
v 0.06687 1.02427 1.48412
v 0.06687 1.02427 1.74175
v 0.02554 0.99424 1.48412
v 0.02554 0.99424 1.74175
v -0.02554 0.99424 1.48412
v -0.02554 0.99424 1.74175
v -0.06687 1.02427 1.48412
v -0.06687 1.02427 1.74175
v -0.08266 1.07285 1.48412
v -0.08266 1.07285 1.74175
v -0.06687 1.12144 1.48412
v -0.06687 1.12144 1.74175
v -0.02554 1.15147 1.48412
v -0.02554 1.15147 1.74175
v 0.02554 1.15147 1.48412
v 0.02554 1.15147 1.74175
v 0.06687 1.12144 1.48412
v 0.06687 1.12144 1.74175
v 0.05564 1.03243 1.74175
v 0.06878 1.07285 1.74175
v 0.02125 1.00745 1.74175
v -0.02125 1.00745 1.74175
v -0.05564 1.03243 1.74175
v -0.06878 1.07285 1.74175
v -0.05564 1.11328 1.74175
v -0.02125 1.13826 1.74175
v 0.02125 1.13826 1.74175
v 0.05564 1.11328 1.74175
v 0.05564 1.03243 1.76783
v 0.06878 1.07285 1.76783
v 0.02125 1.00745 1.76783
v -0.02125 1.00745 1.76783
v -0.05564 1.03243 1.76783
v -0.06878 1.07285 1.76783
v -0.05564 1.11328 1.76783
v -0.02125 1.13826 1.76783
v 0.02125 1.13826 1.76783
v 0.05564 1.11328 1.76783
v 0.07708 1.01685 1.76783
v 0.09528 1.07285 1.76783
v 0.02944 0.98224 1.76783
v -0.02944 0.98224 1.76783
v -0.07708 1.01685 1.76783
v -0.09528 1.07285 1.76783
v -0.07708 1.12886 1.76783
v -0.02944 1.16347 1.76783
v 0.02944 1.16347 1.76783
v 0.07708 1.12886 1.76783
v 0.07708 1.01685 2.03862
v 0.09528 1.07286 2.03862
v 0.02944 0.98224 2.03862
v -0.02944 0.98224 2.03862
v -0.07708 1.01685 2.03862
v -0.09528 1.07286 2.03862
v -0.07708 1.12886 2.03862
v -0.02944 1.16347 2.03862
v 0.02944 1.16347 2.03862
v 0.07708 1.12886 2.03862
v 0.08266 0.83215 1.48412
v 0.08266 0.83215 2.75000
v 0.06687 0.78356 1.48412
v 0.06687 0.78356 2.75000
v 0.02554 0.75354 1.48412
v 0.02554 0.75354 2.75000
v -0.02554 0.75354 1.48412
v -0.02554 0.75354 2.75000
v -0.06687 0.78356 1.48412
v -0.06687 0.78356 2.75000
v -0.08266 0.83215 1.48412
v -0.08266 0.83215 2.75000
v -0.06687 0.88073 1.48412
v -0.06687 0.88073 2.75000
v -0.02554 0.91076 1.48412
v -0.02554 0.91076 2.75000
v 0.02554 0.91076 1.48412
v 0.02554 0.91076 2.75000
v 0.06687 0.88073 1.48412
v 0.06687 0.88073 2.75000
v 0.06205 0.83215 2.75000
v 0.05020 0.79568 2.75000
v 0.01917 0.77314 2.75000
v -0.01917 0.77314 2.75000
v -0.05019 0.79568 2.75000
v -0.06204 0.83215 2.75000
v -0.05019 0.86862 2.75000
v -0.01917 0.89116 2.75000
v 0.01917 0.89116 2.75000
v 0.05020 0.86862 2.75000
v 0.06205 0.83215 2.03862
v 0.05020 0.79568 2.03862
v 0.01917 0.77314 2.03862
v -0.01917 0.77314 2.03862
v -0.05019 0.79568 2.03862
v -0.06204 0.83215 2.03862
v -0.05019 0.86862 2.03862
v -0.01917 0.89116 2.03862
v 0.01917 0.89116 2.03862
v 0.05020 0.86862 2.03862
v 0.08266 0.83215 2.31346
v 0.06687 0.78356 2.31346
v 0.02554 0.75354 2.31346
v -0.02554 0.75354 2.31346
v -0.06687 0.78356 2.31346
v -0.08266 0.83215 2.31346
v -0.06687 0.88073 2.31346
v -0.02554 0.91076 2.31346
v 0.02554 0.91076 2.31346
v 0.06687 0.88073 2.31346
v 0.08266 0.83215 2.61867
v 0.06687 0.78356 2.61867
v 0.02554 0.75354 2.61867
v -0.02554 0.75354 2.61867
v -0.06687 0.78356 2.61867
v -0.08266 0.83215 2.61867
v -0.06687 0.88073 2.61867
v -0.02554 0.91076 2.61867
v 0.02554 0.91076 2.61867
v 0.06687 0.88073 2.61867
v 0.07950 0.77439 2.60428
v 0.07950 0.77439 2.32784
v 0.03037 0.73869 2.60428
v 0.03037 0.73869 2.32784
v -0.03037 0.73869 2.60428
v -0.03037 0.73869 2.32784
v -0.07950 0.77439 2.60428
v -0.07950 0.77439 2.32784
v -0.09827 0.83215 2.60428
v -0.09827 0.83215 2.32784
v -0.07950 0.88991 2.60428
v -0.07950 0.88991 2.32784
v -0.03037 0.92561 2.60428
v -0.03037 0.92561 2.32784
v 0.03037 0.92561 2.60428
v 0.03037 0.92561 2.32784
v 0.07950 0.88991 2.60428
v 0.07950 0.88991 2.32784
v 0.09827 0.83215 2.32784
v 0.09827 0.83215 2.60428
v 0.05415 0.89735 2.35251
v 0.05415 0.89735 2.60514
v -0.05414 0.89735 2.35251
v -0.05414 0.89735 2.60514
v -0.03049 1.23379 2.60514
v 0.03050 1.23379 2.60514
v -0.03049 1.23379 2.46569
v 0.03050 1.23379 2.46569
v -0.04790 1.25518 2.60514
v 0.04791 1.25518 2.60514
v -0.04790 1.25518 2.46569
v 0.04791 1.25518 2.46569
v -0.04790 1.25518 2.60514
v 0.04791 1.25518 2.60514
v -0.04790 1.25518 2.46569
v 0.04791 1.25518 2.46569
v 0.03268 1.06557 2.60514
v 0.03268 1.06557 2.40910
v -0.03268 1.06557 2.40910
v -0.03268 1.06557 2.60514
v -0.01597 1.25518 2.60514
v 0.01597 1.25518 2.60514
v -0.01597 1.25518 2.46569
v 0.01597 1.25518 2.46569
v 0.01597 1.28346 2.60514
v 0.04791 1.28346 2.60514
v -0.04790 1.28346 2.60514
v -0.04790 1.28346 2.46569
v 0.04791 1.28346 2.46569
v 0.01597 1.28346 2.46569
v -0.01597 1.28346 2.60514
v -0.01597 1.28346 2.46569
v 0.02944 1.02047 1.79906
v -0.02944 1.02047 1.79906
v 0.02944 1.02047 2.04269
v -0.02944 1.02047 2.04269
v -0.02944 0.95262 1.88399
v 0.02944 0.95262 1.88399
v -0.02944 0.95891 2.12982
v 0.02944 0.95891 2.12982
v -0.02944 0.87272 1.92896
v 0.02944 0.87272 1.92896
v -0.02944 0.92322 2.26924
v 0.02944 0.92322 2.26924
v -0.02944 0.85878 1.95448
v 0.02944 0.85878 1.95448
v -0.02944 0.86328 2.27839
v 0.02944 0.86328 2.27839
vt 0.10474 0.71724
vt 0.10474 0.88186
vt -0.10474 0.88186
f 153/787 147/788 148/789
vt 0.10474 0.71724
vt -0.10474 0.88186
vt -0.10474 0.71724
f 153/790 148/791 154/792
vt -2.04134 0.74689
vt -2.04990 0.88186
vt -0.10295 0.88186
f 158/793 155/794 147/795
vt -2.04134 0.74689
vt -0.10295 0.88186
vt -0.10509 0.71724
f 158/796 147/797 153/798
vt -2.02273 0.37949
vt -2.04134 0.74689
vt -0.10509 0.71724
f 289/799 158/800 153/801
vt -2.02273 0.37949
vt -0.10509 0.71724
vt -0.10949 0.49595
f 289/802 153/803 286/804
vt 0.10474 -2.04990
vt -0.10474 -2.04990
vt -0.10474 -0.10295
f 155/805 156/806 148/807
vt 0.10474 -2.04990
vt -0.10474 -0.10295
vt 0.10474 -0.10295
f 155/808 148/809 147/810
vt -2.04990 0.88186
vt -2.04134 0.74689
vt -0.10509 0.71724
f 156/811 157/812 154/813
vt -2.04990 0.88186
vt -0.10509 0.71724
vt -0.10295 0.88186
f 156/814 154/815 148/816
vt -2.04134 0.74689
vt -2.02273 0.37949
vt -0.10949 0.49595
f 157/817 291/818 287/819
vt -2.04134 0.74689
vt -0.10949 0.49595
vt -0.10509 0.71724
f 157/820 287/821 154/822
vt -0.08932 -2.02103
vt 0.08932 -2.02103
vt 0.08932 -0.11017
f 292/823 290/824 285/825
vt -0.08932 -2.02103
vt 0.08932 -0.11017
vt -0.08932 -0.11017
f 292/826 285/827 288/828
vt -2.28178 0.74689
vt -2.26020 0.36504
vt -2.02273 0.37949
f 152/829 282/830 291/831
vt -2.28178 0.74689
vt -2.02273 0.37949
vt -2.04134 0.74689
f 152/832 291/833 157/834
vt 0.08932 0.46239
vt 0.10474 0.49595
vt 0.10474 0.71724
f 285/835 286/836 153/837
vt 0.08932 0.46239
vt 0.10474 0.71724
vt -0.10474 0.71724
f 285/838 153/839 154/840
vt 0.08932 0.46239
vt -0.10474 0.71724
vt -0.10474 0.49595
f 285/841 154/842 287/843
vt 0.08932 0.46239
vt -0.10474 0.49595
vt -0.08932 0.46239
f 285/844 287/845 288/846
vt 0.10474 0.74689
vt -0.10474 0.74689
vt -0.10474 0.88186
f 158/847 157/848 156/849
vt 0.10474 0.74689
vt -0.10474 0.88186
vt 0.10474 0.88186
f 158/850 156/851 155/852
vt 0.10474 0.36504
vt 0.08932 0.33164
vt -0.08932 0.33164
f 283/853 284/854 281/855
vt 0.10474 0.36504
vt -0.08932 0.33164
vt -0.10474 0.36504
f 283/856 281/857 282/858
vt 0.10474 0.36504
vt -0.10474 0.36504
vt -0.10474 0.74689
f 283/859 282/860 152/861
vt 0.10474 0.36504
vt -0.10474 0.74689
vt 0.10474 0.74689
f 283/862 152/863 151/864
vt -2.26020 0.36504
vt -2.28178 0.74689
vt -2.04134 0.74689
f 283/865 151/866 158/867
vt -2.26020 0.36504
vt -2.04134 0.74689
vt -2.02273 0.37949
f 283/868 158/869 289/870
vt 0.10474 -2.28178
vt -0.10474 -2.28178
vt -0.10474 -2.04134
f 151/871 152/872 157/873
vt 0.10474 -2.28178
vt -0.10474 -2.04134
vt 0.10474 -2.04134
f 151/874 157/875 158/876
vt -1.69162 0.31313
vt -2.11207 0.30737
vt -2.09107 0.29957
f 294/877 298/878 273/879
vt -1.69162 0.31313
vt -2.09107 0.29957
vt -1.71152 0.30272
f 294/880 273/881 275/882
vt 0.06569 -1.63336
vt -0.06568 -1.63336
vt -0.06054 -1.65657
f 296/883 293/884 276/885
vt 0.06569 -1.63336
vt -0.06054 -1.65657
vt 0.06054 -1.65657
f 296/886 276/887 279/888
vt -0.06568 -2.24053
vt -0.09393 -2.18158
vt -0.09393 -1.67883
f 265/889 266/890 271/891
vt -0.06568 -2.24053
vt -0.09393 -1.67883
vt -0.06568 -1.63336
f 265/892 271/893 272/894
vt -0.06568 -2.24053
vt -0.06568 -1.63336
vt 0.06569 -1.63336
f 265/895 272/896 269/897
vt -0.06568 -2.24053
vt 0.06569 -1.63336
vt 0.09393 -1.67883
f 265/898 269/899 270/900
vt -0.06568 -2.24053
vt 0.09393 -1.67883
vt 0.09393 -2.18158
f 265/901 270/902 267/903
vt -0.06568 -2.24053
vt 0.09393 -2.18158
vt 0.06569 -2.24053
f 265/904 267/905 268/906
vt -2.11207 0.30737
vt -1.69162 0.31313
vt -1.71152 0.30272
f 299/907 295/908 280/909
vt -2.11207 0.30737
vt -1.71152 0.30272
vt -2.09107 0.29957
f 299/910 280/911 278/912
vt 0.06977 0.38483
vt 0.06977 0.17007
vt -0.06977 0.17007
f 162/913 159/914 160/915
vt 0.06977 0.38483
vt -0.06977 0.17007
vt -0.06977 0.38483
f 162/916 160/917 161/918
vt 0.06977 0.38483
vt -0.06977 0.38483
vt -0.06977 0.17007
f 166/919 165/920 164/921
vt 0.06977 0.38483
vt -0.06977 0.17007
vt 0.06977 0.17007
f 166/922 164/923 163/924
vt -1.67074 0.17007
vt -1.67074 0.38483
vt -1.64497 0.38483
f 159/925 162/926 166/927
vt -1.67074 0.17007
vt -1.64497 0.38483
vt -1.64497 0.17007
f 159/928 166/929 163/930
vt 0.06977 0.17007
vt -0.06977 0.17007
vt -0.06977 0.15293
f 163/931 164/932 170/933
vt 0.06977 0.17007
vt -0.06977 0.15293
vt 0.06977 0.15293
f 163/934 170/935 169/936
vt 0.06977 -1.67074
vt -0.06977 -1.67074
vt -0.06977 -1.64497
f 162/937 161/938 165/939
vt 0.06977 -1.67074
vt -0.06977 -1.64497
vt 0.06977 -1.64497
f 162/940 165/941 166/942
vt -1.67074 0.38483
vt -1.67074 0.17007
vt -1.64497 0.17007
f 161/943 160/944 164/945
vt -1.67074 0.38483
vt -1.64497 0.17007
vt -1.64497 0.38483
f 161/946 164/947 165/948
vt -1.63632 0.15293
vt -1.65713 0.13773
vt -1.63200 0.11878
f 170/949 168/950 172/951
vt -1.63632 0.15293
vt -1.63200 0.11878
vt -1.62898 0.14438
f 170/952 172/953 174/954
vt -0.06977 0.17007
vt 0.06977 0.17007
vt 0.06977 0.13773
f 160/955 159/956 167/957
vt -0.06977 0.17007
vt 0.06977 0.13773
vt -0.06977 0.13773
f 160/958 167/959 168/960
vt -1.67074 0.17007
vt -1.64497 0.17007
vt -1.63632 0.15293
f 159/961 163/962 169/963
vt -1.67074 0.17007
vt -1.63632 0.15293
vt -1.65713 0.13773
f 159/964 169/965 167/966
vt -1.64497 0.17007
vt -1.67074 0.17007
vt -1.65713 0.13773
f 164/967 160/968 168/969
vt -1.64497 0.17007
vt -1.65713 0.13773
vt -1.63632 0.15293
f 164/970 168/971 170/972
vt -1.63200 0.11878
vt -1.62898 0.14438
vt -1.59905 0.14072
f 171/973 173/974 177/975
vt -1.63200 0.11878
vt -1.59905 0.14072
vt -1.59905 0.11504
f 171/976 177/977 175/978
vt 0.06977 0.15293
vt -0.06977 0.15293
vt -0.06977 0.14438
f 169/979 170/980 174/981
vt 0.06977 0.15293
vt -0.06977 0.14438
vt 0.06977 0.14438
f 169/982 174/983 173/984
vt -1.65713 0.13773
vt -1.63632 0.15293
vt -1.62898 0.14438
f 167/985 169/986 173/987
vt -1.65713 0.13773
vt -1.62898 0.14438
vt -1.63200 0.11878
f 167/988 173/989 171/990
vt -0.06977 -1.65713
vt 0.06977 -1.65713
vt 0.06977 -1.63200
f 168/991 167/992 171/993
vt -0.06977 -1.65713
vt 0.06977 -1.63200
vt -0.06977 -1.63200
f 168/994 171/995 172/996
vt -1.59905 0.14072
vt -1.59905 0.11504
vt -1.27865 0.11504
f 178/997 176/998 180/999
vt -1.59905 0.14072
vt -1.27865 0.11504
vt -1.27865 0.14072
f 178/1000 180/1001 182/1002
vt -0.06977 -1.63200
vt 0.06977 -1.63200
vt 0.06977 -1.59905
f 172/1003 171/1004 175/1005
vt -0.06977 -1.63200
vt 0.06977 -1.59905
vt -0.06977 -1.59905
f 172/1006 175/1007 176/1008
vt -1.62898 0.14438
vt -1.63200 0.11878
vt -1.59905 0.11504
f 174/1009 172/1010 176/1011
vt -1.62898 0.14438
vt -1.59905 0.11504
vt -1.59905 0.14072
f 174/1012 176/1013 178/1014
vt 0.06977 -1.62898
vt -0.06977 -1.62898
vt -0.06977 -1.59905
f 173/1015 174/1016 178/1017
vt 0.06977 -1.62898
vt -0.06977 -1.59905
vt 0.06977 -1.59905
f 173/1018 178/1019 177/1020
vt 0.06977 -1.27865
vt -0.06977 -1.27865
vt -0.06977 -1.25857
f 181/1021 182/1022 186/1023
vt 0.06977 -1.27865
vt -0.06977 -1.25857
vt 0.06977 -1.25857
f 181/1024 186/1025 185/1026
vt 0.06977 -1.59905
vt -0.06977 -1.59905
vt -0.06977 -1.27865
f 177/1027 178/1028 182/1029
vt 0.06977 -1.59905
vt -0.06977 -1.27865
vt 0.06977 -1.27865
f 177/1030 182/1031 181/1032
vt -1.59905 0.11504
vt -1.59905 0.14072
vt -1.27865 0.14072
f 175/1033 177/1034 181/1035
vt -1.59905 0.11504
vt -1.27865 0.14072
vt -1.27865 0.11504
f 175/1036 181/1037 179/1038
vt -0.06977 -1.59905
vt 0.06977 -1.59905
vt 0.06977 -1.27865
f 176/1039 175/1040 179/1041
vt -0.06977 -1.59905
vt 0.06977 -1.27865
vt -0.06977 -1.27865
f 176/1042 179/1043 180/1044
vt -1.24552 0.12795
vt -1.25857 0.15007
vt -1.23784 0.17224
f 183/1045 185/1046 189/1047
vt -1.24552 0.12795
vt -1.23784 0.17224
vt -1.21286 0.16631
f 183/1048 189/1049 187/1050
vt -1.27865 0.11504
vt -1.27865 0.14072
vt -1.25857 0.15007
f 179/1051 181/1052 185/1053
vt -1.27865 0.11504
vt -1.25857 0.15007
vt -1.24552 0.12795
f 179/1054 185/1055 183/1056
vt -0.06977 -1.27865
vt 0.06977 -1.27865
vt 0.06977 -1.24552
f 180/1057 179/1058 183/1059
vt -0.06977 -1.27865
vt 0.06977 -1.24552
vt -0.06977 -1.24552
f 180/1060 183/1061 184/1062
vt -1.27865 0.14072
vt -1.27865 0.11504
vt -1.24552 0.12795
f 182/1063 180/1064 184/1065
vt -1.27865 0.14072
vt -1.24552 0.12795
vt -1.25857 0.15007
f 182/1066 184/1067 186/1068
vt -1.23784 0.17224
vt -1.21286 0.16631
vt -1.20893 0.20313
f 190/1069 188/1070 192/1071
vt -1.23784 0.17224
vt -1.20893 0.20313
vt -1.23392 0.20313
f 190/1072 192/1073 194/1074
vt -0.06977 0.12795
vt 0.06977 0.12795
vt 0.06977 0.16631
f 184/1075 183/1076 187/1077
vt -0.06977 0.12795
vt 0.06977 0.16631
vt -0.06977 0.16631
f 184/1078 187/1079 188/1080
vt -1.25857 0.15007
vt -1.24552 0.12795
vt -1.21286 0.16631
f 186/1081 184/1082 188/1083
vt -1.25857 0.15007
vt -1.21286 0.16631
vt -1.23784 0.17224
f 186/1084 188/1085 190/1086
vt 0.06977 0.15007
vt -0.06977 0.15007
vt -0.06977 0.17224
f 185/1087 186/1088 190/1089
vt 0.06977 0.15007
vt -0.06977 0.17224
vt 0.06977 0.17224
f 185/1090 190/1091 189/1092
vt -1.20893 0.20313
vt -1.23392 0.20313
vt -1.23392 0.40477
f 191/1093 193/1094 197/1095
vt -1.20893 0.20313
vt -1.23392 0.40477
vt -1.20893 0.40477
f 191/1096 197/1097 195/1098
vt 0.06977 0.17224
vt -0.06977 0.17224
vt -0.06977 0.20313
f 189/1099 190/1100 194/1101
vt 0.06977 0.17224
vt -0.06977 0.20313
vt 0.06977 0.20313
f 189/1102 194/1103 193/1104
vt -1.21286 0.16631
vt -1.23784 0.17224
vt -1.23392 0.20313
f 187/1105 189/1106 193/1107
vt -1.21286 0.16631
vt -1.23392 0.20313
vt -1.20893 0.20313
f 187/1108 193/1109 191/1110
vt -0.06977 0.16631
vt 0.06977 0.16631
vt 0.06977 0.20313
f 188/1111 187/1112 191/1113
vt -0.06977 0.16631
vt 0.06977 0.20313
vt -0.06977 0.20313
f 188/1114 191/1115 192/1116
vt -0.06977 -1.20893
vt 0.06977 -1.20893
vt 0.06977 -1.23392
f 196/1117 195/1118 197/1119
vt -0.06977 -1.20893
vt 0.06977 -1.23392
vt -0.06977 -1.23392
f 196/1120 197/1121 198/1122
vt 0.06977 -1.20893
vt -0.06977 -1.20893
vt -0.06977 -1.07657
f 195/1123 196/1124 200/1125
vt 0.06977 -1.20893
vt -0.06977 -1.07657
vt 0.06977 -1.07657
f 195/1126 200/1127 199/1128
vt -1.23392 0.20313
vt -1.20893 0.20313
vt -1.20893 0.40477
f 194/1129 192/1130 196/1131
vt -1.23392 0.20313
vt -1.20893 0.40477
vt -1.23392 0.40477
f 194/1132 196/1133 198/1134
vt 0.06977 0.20313
vt -0.06977 0.20313
vt -0.06977 0.40477
f 193/1135 194/1136 198/1137
vt 0.06977 0.20313
vt -0.06977 0.40477
vt 0.06977 0.40477
f 193/1138 198/1139 197/1140
vt -1.20893 0.20313
vt -1.20893 0.40477
vt -1.07657 0.40477
f 191/1141 195/1142 199/1143
vt -1.20893 0.20313
vt -1.07657 0.40477
vt -1.07657 0.23428
f 191/1144 199/1145 201/1146
vt -1.20893 0.20313
vt -1.07657 0.23428
vt -1.10773 0.20313
f 191/1147 201/1148 202/1149
vt -1.20893 0.40477
vt -1.20893 0.20313
vt -1.10773 0.20313
f 196/1150 192/1151 203/1152
vt -1.20893 0.40477
vt -1.10773 0.20313
vt -1.07657 0.23428
f 196/1153 203/1154 204/1155
vt -1.20893 0.40477
vt -1.07657 0.23428
vt -1.07657 0.40477
f 196/1156 204/1157 200/1158
vt -0.06977 0.23428
vt 0.06977 0.23428
vt 0.06977 0.40477
f 204/1159 201/1160 199/1161
vt -0.06977 0.23428
vt 0.06977 0.40477
vt -0.06977 0.40477
f 204/1162 199/1163 200/1164
vt 0.06977 -1.07657
vt -0.06977 -1.07657
vt -0.06977 -1.10773
f 201/1165 204/1166 203/1167
vt 0.06977 -1.07657
vt -0.06977 -1.10773
vt 0.06977 -1.10773
f 201/1168 203/1169 202/1170
vt -0.06977 -1.20893
vt 0.06977 -1.20893
vt 0.06977 -1.10773
f 192/1171 191/1172 202/1173
vt -0.06977 -1.20893
vt 0.06977 -1.10773
vt -0.06977 -1.10773
f 192/1174 202/1175 203/1176
vt 0.01681 -1.55371
vt -0.01681 -1.55371
vt -0.01681 -1.48644
f 214/1177 213/1178 208/1179
vt 0.01681 -1.55371
vt -0.01681 -1.48644
vt 0.01681 -1.48644
f 214/1180 208/1181 207/1182
vt -0.01681 0.35120
vt -0.01681 0.32043
vt 0.01681 0.32043
f 212/1183 218/1184 217/1185
vt -0.01681 0.35120
vt 0.01681 0.32043
vt 0.01681 0.35120
f 212/1186 217/1187 211/1188
vt -1.55371 0.38954
vt -1.56707 0.35364
vt -1.58879 0.35491
f 214/1189 216/1190 209/1191
vt -1.55371 0.38954
vt -1.58879 0.35491
vt -1.58879 0.38954
f 214/1192 209/1193 205/1194
vt -0.01681 -1.48644
vt -0.01681 -1.52541
vt 0.01681 -1.52541
f 208/1195 212/1196 211/1197
vt -0.01681 -1.48644
vt 0.01681 -1.52541
vt 0.01681 -1.48644
f 208/1198 211/1199 207/1200
vt -1.55371 0.38954
vt -1.56707 0.35364
vt -1.52541 0.35120
f 213/1201 215/1202 212/1203
vt -1.55371 0.38954
vt -1.52541 0.35120
vt -1.48644 0.38954
f 213/1204 212/1205 208/1206
vt 0.01681 0.38954
vt 0.01681 0.35491
vt -0.01681 0.35491
f 205/1207 209/1208 210/1209
vt 0.01681 0.38954
vt -0.01681 0.35491
vt -0.01681 0.38954
f 205/1210 210/1211 206/1212
vt -1.58879 0.38954
vt -1.58879 0.35491
vt -1.56707 0.35364
f 206/1213 210/1214 215/1215
vt -1.58879 0.38954
vt -1.56707 0.35364
vt -1.55371 0.38954
f 206/1216 215/1217 213/1218
vt -1.48644 0.38954
vt -1.52541 0.35120
vt -1.56707 0.35364
f 207/1219 211/1220 216/1221
vt -1.48644 0.38954
vt -1.56707 0.35364
vt -1.55371 0.38954
f 207/1222 216/1223 214/1224
vt 0.01681 -1.58879
vt 0.01681 -1.56707
vt -0.01681 -1.56707
f 209/1225 216/1226 215/1227
vt 0.01681 -1.58879
vt -0.01681 -1.56707
vt -0.01681 -1.58879
f 209/1228 215/1229 210/1230
vt 0.01681 -1.58879
vt -0.01681 -1.58879
vt -0.01681 -1.55371
f 205/1231 206/1232 213/1233
vt 0.01681 -1.58879
vt -0.01681 -1.55371
vt 0.01681 -1.55371
f 205/1234 213/1235 214/1236
vt 0.01681 0.31854
vt 0.01681 0.28326
vt -0.01681 0.28326
f 220/1237 224/1238 223/1239
vt 0.01681 0.31854
vt -0.01681 0.28326
vt -0.01681 0.31854
f 220/1240 223/1241 219/1242
vt -1.56707 0.35364
vt -1.57159 0.31854
vt -1.54169 0.32043
f 215/1243 219/1244 218/1245
vt -1.56707 0.35364
vt -1.54169 0.32043
vt -1.52541 0.35120
f 215/1246 218/1247 212/1248
vt -1.52541 0.35120
vt -1.54169 0.32043
vt -1.57159 0.31854
f 211/1249 217/1250 220/1251
vt -1.52541 0.35120
vt -1.57159 0.31854
vt -1.56707 0.35364
f 211/1252 220/1253 216/1254
vt 0.01681 0.35364
vt 0.01681 0.31854
vt -0.01681 0.31854
f 216/1255 220/1256 219/1257
vt 0.01681 0.35364
vt -0.01681 0.31854
vt -0.01681 0.35364
f 216/1258 219/1259 215/1260
vt -1.53832 0.28515
vt -1.53434 0.26556
vt -1.54878 0.25404
f 221/1261 225/1262 228/1263
vt -1.53832 0.28515
vt -1.54878 0.25404
vt -1.56308 0.28326
f 221/1264 228/1265 224/1266
vt -1.57159 0.31854
vt -1.56308 0.28326
vt -1.53832 0.28515
f 219/1267 223/1268 222/1269
vt -1.57159 0.31854
vt -1.53832 0.28515
vt -1.54169 0.32043
f 219/1270 222/1271 218/1272
vt -1.54169 0.32043
vt -1.53832 0.28515
vt -1.56308 0.28326
f 217/1273 221/1274 224/1275
vt -1.54169 0.32043
vt -1.56308 0.28326
vt -1.57159 0.31854
f 217/1276 224/1277 220/1278
vt -0.01681 0.32043
vt -0.01681 0.28515
vt 0.01681 0.28515
f 218/1279 222/1280 221/1281
vt -0.01681 0.32043
vt 0.01681 0.28515
vt 0.01681 0.32043
f 218/1282 221/1283 217/1284
vt -1.53434 0.26556
vt -1.51537 0.23992
vt -1.52980 0.22842
f 225/1285 229/1286 232/1287
vt -1.53434 0.26556
vt -1.52980 0.22842
vt -1.54878 0.25404
f 225/1288 232/1289 228/1290
vt -0.01681 0.28515
vt -0.01681 0.26556
vt 0.01681 0.26556
f 222/1291 226/1292 225/1293
vt -0.01681 0.28515
vt 0.01681 0.26556
vt 0.01681 0.28515
f 222/1294 225/1295 221/1296
vt 0.01681 0.28326
vt 0.01681 0.25404
vt -0.01681 0.25404
f 224/1297 228/1298 227/1299
vt 0.01681 0.28326
vt -0.01681 0.25404
vt -0.01681 0.28326
f 224/1300 227/1301 223/1302
vt -1.56308 0.28326
vt -1.54878 0.25404
vt -1.53434 0.26556
f 223/1303 227/1304 226/1305
vt -1.56308 0.28326
vt -1.53434 0.26556
vt -1.53832 0.28515
f 223/1306 226/1307 222/1308
vt 0.01681 -1.52980
vt 0.01681 -1.49965
vt -0.01681 -1.49965
f 232/1309 236/1310 235/1311
vt 0.01681 -1.52980
vt -0.01681 -1.49965
vt -0.01681 -1.52980
f 232/1312 235/1313 231/1314
vt -0.01681 0.26556
vt -0.01681 0.23992
vt 0.01681 0.23992
f 226/1315 230/1316 229/1317
vt -0.01681 0.26556
vt 0.01681 0.23992
vt 0.01681 0.26556
f 226/1318 229/1319 225/1320
vt 0.01681 0.25404
vt 0.01681 0.22842
vt -0.01681 0.22842
f 228/1321 232/1322 231/1323
vt 0.01681 0.25404
vt -0.01681 0.22842
vt -0.01681 0.25404
f 228/1324 231/1325 227/1326
vt -1.54878 0.25404
vt -1.52980 0.22842
vt -1.51537 0.23992
f 227/1327 231/1328 230/1329
vt -1.54878 0.25404
vt -1.51537 0.23992
vt -1.53434 0.26556
f 227/1330 230/1331 226/1332
vt -1.49103 0.21799
vt -1.45590 0.20500
vt -1.46453 0.19349
f 233/1333 237/1334 240/1335
vt -1.49103 0.21799
vt -1.46453 0.19349
vt -1.49965 0.20647
f 233/1336 240/1337 236/1338
vt -1.52980 0.22842
vt -1.49965 0.20647
vt -1.49103 0.21799
f 231/1339 235/1340 234/1341
vt -1.52980 0.22842
vt -1.49103 0.21799
vt -1.51537 0.23992
f 231/1342 234/1343 230/1344
vt -1.51537 0.23992
vt -1.49103 0.21799
vt -1.49965 0.20647
f 229/1345 233/1346 236/1347
vt -1.51537 0.23992
vt -1.49965 0.20647
vt -1.52980 0.22842
f 229/1348 236/1349 232/1350
vt -0.01681 -1.51537
vt -0.01681 -1.49103
vt 0.01681 -1.49103
f 230/1351 234/1352 233/1353
vt -0.01681 -1.51537
vt 0.01681 -1.49103
vt 0.01681 -1.51537
f 230/1354 233/1355 229/1356
vt 0.01681 0.19349
vt 0.01681 0.20500
vt -0.01681 0.20500
f 240/1357 237/1358 238/1359
vt 0.01681 0.19349
vt -0.01681 0.20500
vt -0.01681 0.19349
f 240/1360 238/1361 239/1362
vt -0.01681 -1.49103
vt -0.01681 -1.45590
vt 0.01681 -1.45590
f 234/1363 238/1364 237/1365
vt -0.01681 -1.49103
vt 0.01681 -1.45590
vt 0.01681 -1.49103
f 234/1366 237/1367 233/1368
vt 0.01681 -1.49965
vt 0.01681 -1.46453
vt -0.01681 -1.46453
f 236/1369 240/1370 239/1371
vt 0.01681 -1.49965
vt -0.01681 -1.46453
vt -0.01681 -1.49965
f 236/1372 239/1373 235/1374
vt -1.49965 0.20647
vt -1.46453 0.19349
vt -1.45590 0.20500
f 235/1375 239/1376 238/1377
vt -1.49965 0.20647
vt -1.45590 0.20500
vt -1.49103 0.21799
f 235/1378 238/1379 234/1380
vt -1.63336 0.31383
vt -1.63336 0.39069
vt -1.67883 0.38619
f 293/1381 272/1382 271/1383
vt -1.63336 0.31383
vt -1.67883 0.38619
vt -1.69162 0.31313
f 293/1384 271/1385 294/1386
vt -1.69162 0.31313
vt -1.67883 0.38619
vt -1.63336 0.39069
f 295/1387 270/1388 269/1389
vt -1.69162 0.31313
vt -1.63336 0.39069
vt -1.63336 0.31383
f 295/1390 269/1391 296/1392
vt -0.06568 -2.17449
vt -0.06054 -2.14895
vt -0.08657 -2.09107
f 297/1393 274/1394 273/1395
vt -0.06568 -2.17449
vt -0.08657 -2.09107
vt -0.09393 -2.11207
f 297/1396 273/1397 298/1398
vt 0.09393 -2.11207
vt 0.08658 -2.09107
vt 0.06054 -2.14895
f 299/1399 278/1400 277/1401
vt 0.09393 -2.11207
vt 0.06054 -2.14895
vt 0.06569 -2.17449
f 299/1402 277/1403 300/1404
vt -0.06568 -2.17449
vt 0.06569 -2.17449
vt 0.06054 -2.14895
f 297/1405 300/1406 277/1407
vt -0.06568 -2.17449
vt 0.06054 -2.14895
vt -0.06054 -2.14895
f 297/1408 277/1409 274/1410
vt -2.02103 0.34608
vt -2.25832 0.33164
vt -2.26020 0.36504
f 290/1411 284/1412 283/1413
vt -2.02103 0.34608
vt -2.26020 0.36504
vt -2.02273 0.37949
f 290/1414 283/1415 289/1416
vt -2.02103 0.34608
vt -0.11017 0.46239
vt -0.10949 0.49595
f 292/1417 288/1418 287/1419
vt -2.02103 0.34608
vt -0.10949 0.49595
vt -2.02273 0.37949
f 292/1420 287/1421 291/1422
vt -0.11017 0.46239
vt -2.02103 0.34608
vt -2.02273 0.37949
f 285/1423 290/1424 289/1425
vt -0.11017 0.46239
vt -2.02273 0.37949
vt -0.10949 0.49595
f 285/1426 289/1427 286/1428
vt -2.25832 0.33164
vt -2.02103 0.34608
vt -2.02273 0.37949
f 281/1429 292/1430 291/1431
vt -2.25832 0.33164
vt -2.02273 0.37949
vt -2.26020 0.36504
f 281/1432 291/1433 282/1434
vt -0.08932 -2.25832
vt 0.08932 -2.25832
vt 0.08932 -2.02103
f 281/1435 284/1436 290/1437
vt -0.08932 -2.25832
vt 0.08932 -2.02103
vt -0.08932 -2.02103
f 281/1438 290/1439 292/1440
vt -0.06568 -2.24053
vt 0.06569 -2.24053
vt 0.06569 -2.17449
f 265/1441 268/1442 300/1443
vt -0.06568 -2.24053
vt 0.06569 -2.17449
vt -0.06568 -2.17449
f 265/1444 300/1445 297/1446
vt -2.18158 0.35791
vt -2.11207 0.30737
vt -2.17449 0.30658
f 267/1447 299/1448 300/1449
vt -2.18158 0.35791
vt -2.17449 0.30658
vt -2.24053 0.35459
f 267/1450 300/1451 268/1452
vt -2.24053 0.35459
vt -2.17449 0.30658
vt -2.11207 0.30737
f 265/1453 297/1454 298/1455
vt -2.24053 0.35459
vt -2.11207 0.30737
vt -2.18158 0.35791
f 265/1456 298/1457 266/1458
vt 0.08658 -1.71152
vt 0.09393 -1.69162
vt 0.06569 -1.63336
f 280/1459 295/1460 296/1461
vt 0.08658 -1.71152
vt 0.06569 -1.63336
vt 0.06054 -1.65657
f 280/1462 296/1463 279/1464
vt -0.06054 -1.65657
vt -0.06568 -1.63336
vt -0.09393 -1.69162
f 276/1465 293/1466 294/1467
vt -0.06054 -1.65657
vt -0.09393 -1.69162
vt -0.08657 -1.71152
f 276/1468 294/1469 275/1470
vt -2.18158 0.35791
vt -1.67883 0.38619
vt -1.69162 0.31313
f 267/1471 270/1472 295/1473
vt -2.18158 0.35791
vt -1.69162 0.31313
vt -2.11207 0.30737
f 267/1474 295/1475 299/1476
vt 0.06569 0.39069
vt -0.06568 0.39069
vt -0.06568 0.31383
f 269/1477 272/1478 293/1479
vt 0.06569 0.39069
vt -0.06568 0.31383
vt 0.06569 0.31383
f 269/1480 293/1481 296/1482
vt -1.67883 0.38619
vt -2.18158 0.35791
vt -2.11207 0.30737
f 271/1483 266/1484 298/1485
vt -1.67883 0.38619
vt -2.11207 0.30737
vt -1.69162 0.31313
f 271/1486 298/1487 294/1488
vt 1.23677 0.89404
vt 1.45146 0.89404
vt 1.45146 0.85356
f 301/1489 302/1490 304/1491
vt 1.23677 0.89404
vt 1.45146 0.85356
vt 1.23677 0.85356
f 301/1492 304/1493 303/1494
vt 0.05573 1.23677
vt 0.05573 1.45146
vt 0.02128 1.45146
f 303/1495 304/1496 306/1497
vt 0.05573 1.23677
vt 0.02128 1.45146
vt 0.02128 1.23677
f 303/1498 306/1499 305/1500
vt 0.02128 1.23677
vt 0.02128 1.45146
vt -0.02128 1.45146
f 305/1501 306/1502 308/1503
vt 0.02128 1.23677
vt -0.02128 1.45146
vt -0.02128 1.23677
f 305/1504 308/1505 307/1506
vt -0.02128 1.23677
vt -0.02128 1.45146
vt -0.05573 1.45146
f 307/1507 308/1508 310/1509
vt -0.02128 1.23677
vt -0.05573 1.45146
vt -0.05573 1.23677
f 307/1510 310/1511 309/1512
vt 1.23677 0.85356
vt 1.45146 0.85356
vt 1.45146 0.89404
f 309/1513 310/1514 312/1515
vt 1.23677 0.85356
vt 1.45146 0.89404
vt 1.23677 0.89404
f 309/1516 312/1517 311/1518
vt 1.23677 0.89404
vt 1.45146 0.89404
vt 1.45146 0.93453
f 311/1519 312/1520 314/1521
vt 1.23677 0.89404
vt 1.45146 0.93453
vt 1.23677 0.93453
f 311/1522 314/1523 313/1524
vt -0.05573 1.23677
vt -0.05573 1.45146
vt -0.02128 1.45146
f 313/1525 314/1526 316/1527
vt -0.05573 1.23677
vt -0.02128 1.45146
vt -0.02128 1.23677
f 313/1528 316/1529 315/1530
vt -0.02128 1.23677
vt -0.02128 1.45146
vt 0.02128 1.45146
f 315/1531 316/1532 318/1533
vt -0.02128 1.23677
vt 0.02128 1.45146
vt 0.02128 1.23677
f 315/1534 318/1535 317/1536
vt -0.02128 0.95956
vt -0.05573 0.93453
vt -0.04637 0.92773
f 316/1537 314/1538 327/1539
vt -0.02128 0.95956
vt -0.04637 0.92773
vt -0.01771 0.94855
f 316/1540 327/1541 328/1542
vt 0.02128 1.23677
vt 0.02128 1.45146
vt 0.05573 1.45146
f 317/1543 318/1544 320/1545
vt 0.02128 1.23677
vt 0.05573 1.45146
vt 0.05573 1.23677
f 317/1546 320/1547 319/1548
vt 1.23677 0.93453
vt 1.45146 0.93453
vt 1.45146 0.89404
f 319/1549 320/1550 302/1551
vt 1.23677 0.93453
vt 1.45146 0.89404
vt 1.23677 0.89404
f 319/1552 302/1553 301/1554
vt 0.06888 0.89404
vt 0.05573 0.85356
vt 0.02128 0.82853
f 301/1555 303/1556 305/1557
vt 0.06888 0.89404
vt 0.02128 0.82853
vt -0.02128 0.82853
f 301/1558 305/1559 307/1560
vt 0.06888 0.89404
vt -0.02128 0.82853
vt -0.05573 0.85356
f 301/1561 307/1562 309/1563
vt 0.06888 0.89404
vt -0.05573 0.85356
vt -0.06888 0.89404
f 301/1564 309/1565 311/1566
vt 0.06888 0.89404
vt -0.06888 0.89404
vt -0.05573 0.93453
f 301/1567 311/1568 313/1569
vt 0.06888 0.89404
vt -0.05573 0.93453
vt -0.02128 0.95956
f 301/1570 313/1571 315/1572
vt 0.06888 0.89404
vt -0.02128 0.95956
vt 0.02128 0.95956
f 301/1573 315/1574 317/1575
vt 0.06888 0.89404
vt 0.02128 0.95956
vt 0.05573 0.93453
f 301/1576 317/1577 319/1578
vt 0.01771 1.45146
vt -0.01771 1.45146
vt -0.01771 1.47319
f 329/1579 328/1580 338/1581
vt 0.01771 1.45146
vt -0.01771 1.47319
vt 0.01771 1.47319
f 329/1582 338/1583 339/1584
vt -0.05573 0.93453
vt -0.06888 0.89404
vt -0.05732 0.89404
f 314/1585 312/1586 326/1587
vt -0.05573 0.93453
vt -0.05732 0.89404
vt -0.04637 0.92773
f 314/1588 326/1589 327/1590
vt -0.06888 0.89404
vt -0.05573 0.85356
vt -0.04637 0.86036
f 312/1591 310/1592 325/1593
vt -0.06888 0.89404
vt -0.04637 0.86036
vt -0.05732 0.89404
f 312/1594 325/1595 326/1596
vt -0.05573 0.85356
vt -0.02128 0.82853
vt -0.01771 0.83954
f 310/1597 308/1598 324/1599
vt -0.05573 0.85356
vt -0.01771 0.83954
vt -0.04637 0.86036
f 310/1600 324/1601 325/1602
vt 0.05573 0.85356
vt 0.06888 0.89404
vt 0.05732 0.89404
f 304/1603 302/1604 322/1605
vt 0.05573 0.85356
vt 0.05732 0.89404
vt 0.04637 0.86036
f 304/1606 322/1607 321/1608
vt -0.02128 0.82853
vt 0.02128 0.82853
vt 0.01771 0.83954
f 308/1609 306/1610 323/1611
vt -0.02128 0.82853
vt 0.01771 0.83954
vt -0.01771 0.83954
f 308/1612 323/1613 324/1614
vt 0.02128 0.82853
vt 0.05573 0.85356
vt 0.04637 0.86036
f 306/1615 304/1616 321/1617
vt 0.02128 0.82853
vt 0.04637 0.86036
vt 0.01771 0.83954
f 306/1618 321/1619 323/1620
vt 0.06888 0.89404
vt 0.05573 0.93453
vt 0.04637 0.92773
f 302/1621 320/1622 330/1623
vt 0.06888 0.89404
vt 0.04637 0.92773
vt 0.05732 0.89404
f 302/1624 330/1625 322/1626
vt 0.05573 0.93453
vt 0.02128 0.95956
vt 0.01771 0.94855
f 320/1627 318/1628 329/1629
vt 0.05573 0.93453
vt 0.01771 0.94855
vt 0.04637 0.92773
f 320/1630 329/1631 330/1632
vt 0.02128 0.95956
vt -0.02128 0.95956
vt -0.01771 0.94855
f 318/1633 316/1634 328/1635
vt 0.02128 0.95956
vt -0.01771 0.94855
vt 0.01771 0.94855
f 318/1636 328/1637 329/1638
vt 1.45146 0.89404
vt 1.45146 0.86036
vt 1.47319 0.86036
f 326/1639 325/1640 335/1641
vt 1.45146 0.89404
vt 1.47319 0.86036
vt 1.47319 0.89404
f 326/1642 335/1643 336/1644
vt 0.01771 1.45146
vt 0.04637 1.45146
vt 0.04637 1.47319
f 323/1645 321/1646 331/1647
vt 0.01771 1.45146
vt 0.04637 1.47319
vt 0.01771 1.47319
f 323/1648 331/1649 333/1650
vt 0.04637 1.45146
vt 0.01771 1.45146
vt 0.01771 1.47319
f 330/1651 329/1652 339/1653
vt 0.04637 1.45146
vt 0.01771 1.47319
vt 0.04637 1.47319
f 330/1654 339/1655 340/1656
vt 1.45146 0.92773
vt 1.45146 0.89404
vt 1.47319 0.89404
f 327/1657 326/1658 336/1659
vt 1.45146 0.92773
vt 1.47319 0.89404
vt 1.47319 0.92773
f 327/1660 336/1661 337/1662
vt -0.01771 1.45146
vt 0.01771 1.45146
vt 0.01771 1.47319
f 324/1663 323/1664 333/1665
vt -0.01771 1.45146
vt 0.01771 1.47319
vt -0.01771 1.47319
f 324/1666 333/1667 334/1668
vt 1.45146 0.89404
vt 1.45146 0.92773
vt 1.47319 0.92773
f 322/1669 330/1670 340/1671
vt 1.45146 0.89404
vt 1.47319 0.92773
vt 1.47319 0.89404
f 322/1672 340/1673 332/1674
vt -0.01771 1.45146
vt -0.04637 1.45146
vt -0.04637 1.47319
f 328/1675 327/1676 337/1677
vt -0.01771 1.45146
vt -0.04637 1.47319
vt -0.01771 1.47319
f 328/1678 337/1679 338/1680
vt -0.04637 1.45146
vt -0.01771 1.45146
vt -0.01771 1.47319
f 325/1681 324/1682 334/1683
vt -0.04637 1.45146
vt -0.01771 1.47319
vt -0.04637 1.47319
f 325/1684 334/1685 335/1686
vt 1.45146 0.86036
vt 1.45146 0.89404
vt 1.47319 0.89404
f 321/1687 322/1688 332/1689
vt 1.45146 0.86036
vt 1.47319 0.89404
vt 1.47319 0.86036
f 321/1690 332/1691 331/1692
vt 2.18222 0.69346
vt 2.29167 0.69346
vt 2.29167 0.65297
f 411/1693 362/1694 364/1695
vt 2.18222 0.69346
vt 2.29167 0.65297
vt 2.18222 0.65297
f 411/1696 364/1697 412/1698
vt 0.05573 2.18222
vt 0.05573 2.29167
vt 0.02128 2.29167
f 412/1699 364/1700 366/1701
vt 0.05573 2.18222
vt 0.02128 2.29167
vt 0.02128 2.18222
f 412/1702 366/1703 413/1704
vt 0.02128 2.18222
vt 0.02128 2.29167
vt -0.02128 2.29167
f 413/1705 366/1706 368/1707
vt 0.02128 2.18222
vt -0.02128 2.29167
vt -0.02128 2.18222
f 413/1708 368/1709 414/1710
vt -0.02128 2.18222
vt -0.02128 2.29167
vt -0.05573 2.29167
f 414/1711 368/1712 370/1713
vt -0.02128 2.18222
vt -0.05573 2.29167
vt -0.05573 2.18222
f 414/1714 370/1715 415/1716
vt 2.18222 0.65297
vt 2.29167 0.65297
vt 2.29167 0.69346
f 415/1717 370/1718 372/1719
vt 2.18222 0.65297
vt 2.29167 0.69346
vt 2.18222 0.69346
f 415/1720 372/1721 416/1722
vt 2.18222 0.69346
vt 2.29167 0.69346
vt 2.29167 0.73394
f 416/1723 372/1724 374/1725
vt 2.18222 0.69346
vt 2.29167 0.73394
vt 2.18222 0.73394
f 416/1726 374/1727 417/1728
vt -0.05573 2.18222
vt -0.05573 2.29167
vt -0.02128 2.29167
f 417/1729 374/1730 376/1731
vt -0.05573 2.18222
vt -0.02128 2.29167
vt -0.02128 2.18222
f 417/1732 376/1733 418/1734
vt -0.02128 2.18222
vt -0.02128 2.29167
vt 0.02128 2.29167
f 418/1735 376/1736 378/1737
vt -0.02128 2.18222
vt 0.02128 2.29167
vt 0.02128 2.18222
f 418/1738 378/1739 419/1740
vt 0.02128 2.18222
vt 0.02128 2.29167
vt 0.05573 2.29167
f 419/1741 378/1742 380/1743
vt 0.02128 2.18222
vt 0.05573 2.29167
vt 0.05573 2.18222
f 419/1744 380/1745 420/1746
vt 2.18222 0.73394
vt 2.29167 0.73394
vt 2.29167 0.69346
f 420/1747 380/1748 362/1749
vt 2.18222 0.73394
vt 2.29167 0.69346
vt 2.18222 0.69346
f 420/1750 362/1751 411/1752
vt 0.06888 0.69346
vt 0.05573 0.65297
vt 0.02128 0.62795
f 361/1753 363/1754 365/1755
vt 0.06888 0.69346
vt 0.02128 0.62795
vt -0.02128 0.62795
f 361/1756 365/1757 367/1758
vt 0.06888 0.69346
vt -0.02128 0.62795
vt -0.05573 0.65297
f 361/1759 367/1760 369/1761
vt 0.06888 0.69346
vt -0.05573 0.65297
vt -0.06888 0.69346
f 361/1762 369/1763 371/1764
vt 0.06888 0.69346
vt -0.06888 0.69346
vt -0.05573 0.73394
f 361/1765 371/1766 373/1767
vt 0.06888 0.69346
vt -0.05573 0.73394
vt -0.02128 0.75897
f 361/1768 373/1769 375/1770
vt 0.06888 0.69346
vt -0.02128 0.75897
vt 0.02128 0.75897
f 361/1771 375/1772 377/1773
vt 0.06888 0.69346
vt 0.02128 0.75897
vt 0.05573 0.73394
f 361/1774 377/1775 379/1776
vt 0.06888 0.69346
vt 0.05573 0.73394
vt 0.04183 0.72385
f 362/1777 380/1778 390/1779
vt 0.06888 0.69346
vt 0.04183 0.72385
vt 0.05171 0.69346
f 362/1780 390/1781 381/1782
vt 0.05573 0.73394
vt 0.02128 0.75897
vt 0.01597 0.74263
f 380/1783 378/1784 389/1785
vt 0.05573 0.73394
vt 0.01597 0.74263
vt 0.04183 0.72385
f 380/1786 389/1787 390/1788
vt 0.02128 0.75897
vt -0.02128 0.75897
vt -0.01597 0.74263
f 378/1789 376/1790 388/1791
vt 0.02128 0.75897
vt -0.01597 0.74263
vt 0.01597 0.74263
f 378/1792 388/1793 389/1794
vt -0.02128 0.75897
vt -0.05573 0.73394
vt -0.04183 0.72385
f 376/1795 374/1796 387/1797
vt -0.02128 0.75897
vt -0.04183 0.72385
vt -0.01597 0.74263
f 376/1798 387/1799 388/1800
vt -0.05573 0.73394
vt -0.06888 0.69346
vt -0.05170 0.69346
f 374/1801 372/1802 386/1803
vt -0.05573 0.73394
vt -0.05170 0.69346
vt -0.04183 0.72385
f 374/1804 386/1805 387/1806
vt -0.06888 0.69346
vt -0.05573 0.65297
vt -0.04183 0.66307
f 372/1807 370/1808 385/1809
vt -0.06888 0.69346
vt -0.04183 0.66307
vt -0.05170 0.69346
f 372/1810 385/1811 386/1812
vt -0.05573 0.65297
vt -0.02128 0.62795
vt -0.01597 0.64428
f 370/1813 368/1814 384/1815
vt -0.05573 0.65297
vt -0.01597 0.64428
vt -0.04183 0.66307
f 370/1816 384/1817 385/1818
vt 0.05573 0.65297
vt 0.06888 0.69346
vt 0.05171 0.69346
f 364/1819 362/1820 381/1821
vt 0.05573 0.65297
vt 0.05171 0.69346
vt 0.04183 0.66307
f 364/1822 381/1823 382/1824
vt -0.02128 0.62795
vt 0.02128 0.62795
vt 0.01597 0.64428
f 368/1825 366/1826 383/1827
vt -0.02128 0.62795
vt 0.01597 0.64428
vt -0.01597 0.64428
f 368/1828 383/1829 384/1830
vt 0.02128 0.62795
vt 0.05573 0.65297
vt 0.04183 0.66307
f 366/1831 364/1832 382/1833
vt 0.02128 0.62795
vt 0.04183 0.66307
vt 0.01597 0.64428
f 366/1834 382/1835 383/1836
vt -0.01597 2.29167
vt -0.04183 2.29167
vt -0.04183 1.69885
f 388/1837 387/1838 397/1839
vt -0.01597 2.29167
vt -0.04183 1.69885
vt -0.01597 1.69885
f 388/1840 397/1841 398/1842
vt -0.04183 2.29167
vt -0.01597 2.29167
vt -0.01597 1.69885
f 385/1843 384/1844 394/1845
vt -0.04183 2.29167
vt -0.01597 1.69885
vt -0.04183 1.69885
f 385/1846 394/1847 395/1848
vt 2.29167 0.66307
vt 2.29167 0.69346
vt 1.69885 0.69346
f 382/1849 381/1850 391/1851
vt 2.29167 0.66307
vt 1.69885 0.69346
vt 1.69885 0.66307
f 382/1852 391/1853 392/1854
vt 0.01597 2.29167
vt -0.01597 2.29167
vt -0.01597 1.69885
f 389/1855 388/1856 398/1857
vt 0.01597 2.29167
vt -0.01597 1.69885
vt 0.01597 1.69885
f 389/1858 398/1859 399/1860
vt 2.29167 0.69346
vt 2.29167 0.66307
vt 1.69885 0.66307
f 386/1861 385/1862 395/1863
vt 2.29167 0.69346
vt 1.69885 0.66307
vt 1.69885 0.69346
f 386/1864 395/1865 396/1866
vt 0.01597 2.29167
vt 0.04183 2.29167
vt 0.04183 1.69885
f 383/1867 382/1868 392/1869
vt 0.01597 2.29167
vt 0.04183 1.69885
vt 0.01597 1.69885
f 383/1870 392/1871 393/1872
vt 0.04183 2.29167
vt 0.01597 2.29167
vt 0.01597 1.69885
f 390/1873 389/1874 399/1875
vt 0.04183 2.29167
vt 0.01597 1.69885
vt 0.04183 1.69885
f 390/1876 399/1877 400/1878
vt 2.29167 0.72385
vt 2.29167 0.69346
vt 1.69885 0.69346
f 387/1879 386/1880 396/1881
vt 2.29167 0.72385
vt 1.69885 0.69346
vt 1.69885 0.72385
f 387/1882 396/1883 397/1884
vt -0.01597 2.29167
vt 0.01597 2.29167
vt 0.01597 1.69885
f 384/1885 383/1886 393/1887
vt -0.01597 2.29167
vt 0.01597 1.69885
vt -0.01597 1.69885
f 384/1888 393/1889 394/1890
vt 2.29167 0.69346
vt 2.29167 0.72385
vt 1.69885 0.72385
f 381/1891 390/1892 400/1893
vt 2.29167 0.69346
vt 1.69885 0.72385
vt 1.69885 0.69346
f 381/1894 400/1895 391/1896
vt 0.04183 0.66307
vt 0.05171 0.69346
vt 0.04183 0.72385
f 392/1897 391/1898 400/1899
vt 0.04183 0.66307
vt 0.04183 0.72385
vt 0.01597 0.74263
f 392/1900 400/1901 399/1902
vt 0.04183 0.66307
vt 0.01597 0.74263
vt -0.01597 0.74263
f 392/1903 399/1904 398/1905
vt 0.04183 0.66307
vt -0.01597 0.74263
vt -0.04183 0.72385
f 392/1906 398/1907 397/1908
vt 0.04183 0.66307
vt -0.04183 0.72385
vt -0.05170 0.69346
f 392/1909 397/1910 396/1911
vt 0.04183 0.66307
vt -0.05170 0.69346
vt -0.04183 0.66307
f 392/1912 396/1913 395/1914
vt 0.04183 0.66307
vt -0.04183 0.66307
vt -0.01597 0.64428
f 392/1915 395/1916 394/1917
vt 0.04183 0.66307
vt -0.01597 0.64428
vt 0.01597 0.64428
f 392/1918 394/1919 393/1920
vt 1.23677 0.73394
vt 1.92788 0.73394
vt 1.92788 0.69346
f 379/1921 410/1922 401/1923
vt 1.23677 0.73394
vt 1.92788 0.69346
vt 1.23677 0.69346
f 379/1924 401/1925 361/1926
vt 0.02128 1.23677
vt 0.02128 1.92788
vt 0.05573 1.92788
f 377/1927 409/1928 410/1929
vt 0.02128 1.23677
vt 0.05573 1.92788
vt 0.05573 1.23677
f 377/1930 410/1931 379/1932
vt -0.02128 1.23677
vt -0.02128 1.92788
vt 0.02128 1.92788
f 375/1933 408/1934 409/1935
vt -0.02128 1.23677
vt 0.02128 1.92788
vt 0.02128 1.23677
f 375/1936 409/1937 377/1938
vt -0.05573 1.23677
vt -0.05573 1.92788
vt -0.02128 1.92788
f 373/1939 407/1940 408/1941
vt -0.05573 1.23677
vt -0.02128 1.92788
vt -0.02128 1.23677
f 373/1942 408/1943 375/1944
vt 1.23677 0.69346
vt 1.92788 0.69346
vt 1.92788 0.73394
f 371/1945 406/1946 407/1947
vt 1.23677 0.69346
vt 1.92788 0.73394
vt 1.23677 0.73394
f 371/1948 407/1949 373/1950
vt 1.23677 0.65297
vt 1.92788 0.65297
vt 1.92788 0.69346
f 369/1951 405/1952 406/1953
vt 1.23677 0.65297
vt 1.92788 0.69346
vt 1.23677 0.69346
f 369/1954 406/1955 371/1956
vt -0.02128 1.23677
vt -0.02128 1.92788
vt -0.05573 1.92788
f 367/1957 404/1958 405/1959
vt -0.02128 1.23677
vt -0.05573 1.92788
vt -0.05573 1.23677
f 367/1960 405/1961 369/1962
vt 0.02128 1.23677
vt 0.02128 1.92788
vt -0.02128 1.92788
f 365/1963 403/1964 404/1965
vt 0.02128 1.23677
vt -0.02128 1.92788
vt -0.02128 1.23677
f 365/1966 404/1967 367/1968
vt 0.05573 1.23677
vt 0.05573 1.92788
vt 0.02128 1.92788
f 363/1969 402/1970 403/1971
vt 0.05573 1.23677
vt 0.02128 1.92788
vt 0.02128 1.23677
f 363/1972 403/1973 365/1974
vt 1.23677 0.69346
vt 1.92788 0.69346
vt 1.92788 0.65297
f 361/1975 401/1976 402/1977
vt 1.23677 0.69346
vt 1.92788 0.65297
vt 1.23677 0.65297
f 361/1978 402/1979 363/1980
vt -0.04512 1.96043
vt 0.04512 1.96043
vt 0.04512 2.17095
f 443/1981 441/1982 442/1983
vt -0.04512 1.96043
vt 0.04512 2.17095
vt -0.04512 2.17095
f 443/1984 442/1985 444/1986
vt -2.22819 0.71806
vt -0.27065 0.71806
vt -0.27065 0.86479
f 245/1987 150/1988 242/1989
vt -2.22819 0.71806
vt -0.27065 0.86479
vt -2.17421 0.86479
f 245/1990 242/1991 259/1992
vt -0.27065 0.89772
vt -2.12923 0.89772
vt -2.05274 0.95375
f 244/1993 261/1994 249/1995
vt -0.27065 0.89772
vt -2.05274 0.95375
vt -0.27065 0.95375
f 244/1996 249/1997 253/1998
vt -2.12923 0.89772
vt -0.27065 0.89772
vt -0.27065 0.95375
f 264/1999 243/2000 256/2001
vt -2.12923 0.89772
vt -0.27065 0.95375
vt -2.05274 0.95375
f 264/2002 256/2003 251/2004
vt 0.06413 -2.03733
vt -0.06413 -2.03733
vt -0.06413 -0.27065
f 250/2005 252/2006 255/2007
vt 0.06413 -2.03733
vt -0.06413 -0.27065
vt 0.06413 -0.27065
f 250/2008 255/2009 254/2010
vt -0.09557 0.89772
vt 0.09557 0.89772
vt 0.09557 0.95375
f 243/2011 244/2012 253/2013
vt -0.09557 0.89772
vt 0.09557 0.95375
vt 0.06413 1.01153
f 243/2014 253/2015 254/2016
vt -0.09557 0.89772
vt 0.06413 1.01153
vt -0.06413 1.01153
f 243/2017 254/2018 255/2019
vt -0.09557 0.89772
vt -0.06413 1.01153
vt -0.09557 0.95375
f 243/2020 255/2021 256/2022
vt 0.09948 -2.23768
vt -0.09948 -2.23768
vt -0.06413 -2.19271
f 257/2023 260/2024 263/2025
vt 0.09948 -2.23768
vt -0.06413 -2.19271
vt 0.06413 -2.19271
f 257/2026 263/2027 262/2028
vt -0.13093 0.71806
vt 0.13093 0.71806
vt 0.13093 0.86479
f 150/2029 149/2030 241/2031
vt -0.13093 0.71806
vt 0.13093 0.86479
vt -0.13093 0.86479
f 150/2032 241/2033 242/2034
vt -0.27065 0.71806
vt -2.22819 0.71806
vt -2.17421 0.86479
f 149/2035 248/2036 258/2037
vt -0.27065 0.71806
vt -2.17421 0.86479
vt -0.27065 0.86479
f 149/2038 258/2039 241/2040
vt 0.09948 -2.29167
vt 0.13093 -2.22819
vt 0.13093 -0.27065
f 247/2041 248/2042 149/2043
vt 0.09948 -2.29167
vt 0.13093 -0.27065
vt -0.13093 -0.27065
f 247/2044 149/2045 150/2046
vt 0.09948 -2.29167
vt -0.13093 -0.27065
vt -0.13093 -2.22819
f 247/2047 150/2048 245/2049
vt 0.09948 -2.29167
vt -0.13093 -2.22819
vt -0.09948 -2.29167
f 247/2050 245/2051 246/2052
vt 0.06413 -2.19271
vt -0.06413 -2.19271
vt -0.06413 -2.03733
f 262/2053 263/2054 252/2055
vt 0.06413 -2.19271
vt -0.06413 -2.03733
vt 0.06413 -2.03733
f 262/2056 252/2057 250/2058
vt -0.13093 0.86479
vt 0.13093 0.86479
vt 0.09557 0.89772
f 242/2059 241/2060 244/2061
vt -0.13093 0.86479
vt 0.09557 0.89772
vt -0.09557 0.89772
f 242/2062 244/2063 243/2064
vt 0.13093 -0.27065
vt 0.13093 -2.17421
vt 0.09557 -2.12923
f 241/2065 258/2066 261/2067
vt 0.13093 -0.27065
vt 0.09557 -2.12923
vt 0.09557 -0.27065
f 241/2068 261/2069 244/2070
vt -0.13093 -2.17421
vt -0.13093 -0.27065
vt -0.09557 -0.27065
f 259/2071 242/2072 243/2073
vt -0.13093 -2.17421
vt -0.09557 -0.27065
vt -0.09557 -2.12923
f 259/2074 243/2075 264/2076
vt -2.03733 1.01153
vt -0.27065 1.01153
vt -0.27065 0.95375
f 250/2077 254/2078 253/2079
vt -2.03733 1.01153
vt -0.27065 0.95375
vt -2.05274 0.95375
f 250/2080 253/2081 249/2082
vt -0.27065 1.01153
vt -2.03733 1.01153
vt -2.05274 0.95375
f 255/2083 252/2084 251/2085
vt -0.27065 1.01153
vt -2.05274 0.95375
vt -0.27065 0.95375
f 255/2086 251/2087 256/2088
vt -2.19271 0.89772
vt -2.03733 1.01153
vt -2.05274 0.95375
f 262/2089 250/2090 249/2091
vt -2.19271 0.89772
vt -2.05274 0.95375
vt -2.12923 0.89772
f 262/2092 249/2093 261/2094
vt -2.12923 0.89772
vt -2.05274 0.95375
vt -2.03733 1.01153
f 264/2095 251/2096 252/2097
vt -2.12923 0.89772
vt -2.03733 1.01153
vt -2.19271 0.89772
f 264/2098 252/2099 263/2100
vt -2.29167 0.71806
vt -2.23768 0.86479
vt -2.17421 0.86479
f 247/2101 257/2102 258/2103
vt -2.29167 0.71806
vt -2.17421 0.86479
vt -2.22819 0.71806
f 247/2104 258/2105 248/2106
vt -2.22819 0.71806
vt -2.17421 0.86479
vt -2.23768 0.86479
f 245/2107 259/2108 260/2109
vt -2.22819 0.71806
vt -2.23768 0.86479
vt -2.29167 0.71806
f 245/2110 260/2111 246/2112
vt 0.09948 -2.23768
vt 0.06413 -2.19271
vt 0.09557 -2.12923
f 257/2113 262/2114 261/2115
vt 0.09948 -2.23768
vt 0.09557 -2.12923
vt 0.13093 -2.17421
f 257/2116 261/2117 258/2118
vt -0.13093 -2.17421
vt -0.09557 -2.12923
vt -0.06413 -2.19271
f 259/2119 264/2120 263/2121
vt -0.13093 -2.17421
vt -0.06413 -2.19271
vt -0.09948 -2.23768
f 259/2122 263/2123 260/2124
vt 0.09948 0.71806
vt -0.09948 0.71806
vt -0.09948 0.86479
f 247/2125 246/2126 260/2127
vt 0.09948 0.71806
vt -0.09948 0.86479
vt 0.09948 0.86479
f 247/2128 260/2129 257/2130
vt -0.05732 0.89404
vt -0.04637 0.86036
vt -0.06423 0.84738
f 336/2131 335/2132 345/2133
vt -0.05732 0.89404
vt -0.06423 0.84738
vt -0.07940 0.89404
f 336/2134 345/2135 346/2136
vt 0.02453 1.47319
vt 0.06423 1.47319
vt 0.06423 1.69885
f 343/2137 341/2138 351/2139
vt 0.02453 1.47319
vt 0.06423 1.69885
vt 0.02453 1.69885
f 343/2140 351/2141 353/2142
vt 0.01771 0.83954
vt 0.04637 0.86036
vt 0.06423 0.84738
f 333/2143 331/2144 341/2145
vt 0.01771 0.83954
vt 0.06423 0.84738
vt 0.02453 0.81853
f 333/2146 341/2147 343/2148
vt 0.04637 0.92773
vt 0.01771 0.94855
vt 0.02453 0.96956
f 340/2149 339/2150 349/2151
vt 0.04637 0.92773
vt 0.02453 0.96956
vt 0.06423 0.94072
f 340/2152 349/2153 350/2154
vt -0.04637 0.92773
vt -0.05732 0.89404
vt -0.07940 0.89404
f 337/2155 336/2156 346/2157
vt -0.04637 0.92773
vt -0.07940 0.89404
vt -0.06423 0.94072
f 337/2158 346/2159 347/2160
vt -0.01771 0.83954
vt 0.01771 0.83954
vt 0.02453 0.81853
f 334/2161 333/2162 343/2163
vt -0.01771 0.83954
vt 0.02453 0.81853
vt -0.02453 0.81853
f 334/2164 343/2165 344/2166
vt 0.05732 0.89404
vt 0.04637 0.92773
vt 0.06423 0.94072
f 332/2167 340/2168 350/2169
vt 0.05732 0.89404
vt 0.06423 0.94072
vt 0.07940 0.89404
f 332/2170 350/2171 342/2172
vt -0.01771 0.94855
vt -0.04637 0.92773
vt -0.06423 0.94072
f 338/2173 337/2174 347/2175
vt -0.01771 0.94855
vt -0.06423 0.94072
vt -0.02453 0.96956
f 338/2176 347/2177 348/2178
vt -0.04637 0.86036
vt -0.01771 0.83954
vt -0.02453 0.81853
f 335/2179 334/2180 344/2181
vt -0.04637 0.86036
vt -0.02453 0.81853
vt -0.06423 0.84738
f 335/2182 344/2183 345/2184
vt 0.04637 0.86036
vt 0.05732 0.89404
vt 0.07940 0.89404
f 331/2185 332/2186 342/2187
vt 0.04637 0.86036
vt 0.07940 0.89404
vt 0.06423 0.84738
f 331/2188 342/2189 341/2190
vt 0.01771 0.94855
vt -0.01771 0.94855
vt -0.02453 0.96956
f 339/2191 338/2192 348/2193
vt 0.01771 0.94855
vt -0.02453 0.96956
vt 0.02453 0.96956
f 339/2194 348/2195 349/2196
vt 0.06423 0.84738
vt 0.07940 0.89405
vt 0.06423 0.94072
f 351/2197 352/2198 360/2199
vt 0.06423 0.84738
vt 0.06423 0.94072
vt 0.02453 0.96956
f 351/2200 360/2201 359/2202
vt 0.06423 0.84738
vt 0.02453 0.96956
vt -0.02453 0.96956
f 351/2203 359/2204 358/2205
vt 0.06423 0.84738
vt -0.02453 0.96956
vt -0.06423 0.94072
f 351/2206 358/2207 357/2208
vt 0.06423 0.84738
vt -0.06423 0.94072
vt -0.07940 0.89405
f 351/2209 357/2210 356/2211
vt 0.06423 0.84738
vt -0.07940 0.89405
vt -0.06423 0.84738
f 351/2212 356/2213 355/2214
vt 0.06423 0.84738
vt -0.06423 0.84738
vt -0.02453 0.81853
f 351/2215 355/2216 354/2217
vt 0.06423 0.84738
vt -0.02453 0.81853
vt 0.02453 0.81853
f 351/2218 354/2219 353/2220
vt 0.06423 1.47319
vt 0.02453 1.47319
vt 0.02453 1.69885
f 350/2221 349/2222 359/2223
vt 0.06423 1.47319
vt 0.02453 1.69885
vt 0.06423 1.69885
f 350/2224 359/2225 360/2226
vt 1.47319 0.94072
vt 1.47319 0.89404
vt 1.69885 0.89405
f 347/2227 346/2228 356/2229
vt 1.47319 0.94072
vt 1.69885 0.89405
vt 1.69885 0.94072
f 347/2230 356/2231 357/2232
vt -0.02453 1.47319
vt 0.02453 1.47319
vt 0.02453 1.69885
f 344/2233 343/2234 353/2235
vt -0.02453 1.47319
vt 0.02453 1.69885
vt -0.02453 1.69885
f 344/2236 353/2237 354/2238
vt 1.47319 0.89404
vt 1.47319 0.94072
vt 1.69885 0.94072
f 342/2239 350/2240 360/2241
vt 1.47319 0.89404
vt 1.69885 0.94072
vt 1.69885 0.89405
f 342/2242 360/2243 352/2244
vt -0.02453 1.47319
vt -0.06423 1.47319
vt -0.06423 1.69885
f 348/2245 347/2246 357/2247
vt -0.02453 1.47319
vt -0.06423 1.69885
vt -0.02453 1.69885
f 348/2248 357/2249 358/2250
vt -0.06423 1.47319
vt -0.02453 1.47319
vt -0.02453 1.69885
f 345/2251 344/2252 354/2253
vt -0.06423 1.47319
vt -0.02453 1.69885
vt -0.06423 1.69885
f 345/2254 354/2255 355/2256
vt 1.47319 0.84738
vt 1.47319 0.89404
vt 1.69885 0.89405
f 341/2257 342/2258 352/2259
vt 1.47319 0.84738
vt 1.69885 0.89405
vt 1.69885 0.84738
f 341/2260 352/2261 351/2262
vt 0.02453 1.47319
vt -0.02453 1.47319
vt -0.02453 1.69885
f 349/2263 348/2264 358/2265
vt 0.02453 1.47319
vt -0.02453 1.69885
vt 0.02453 1.69885
f 349/2266 358/2267 359/2268
vt 1.47319 0.89404
vt 1.47319 0.84738
vt 1.69885 0.84738
f 346/2269 345/2270 355/2271
vt 1.47319 0.89404
vt 1.69885 0.84738
vt 1.69885 0.89405
f 346/2272 355/2273 356/2274
vt -0.05573 0.73394
vt -0.06888 0.69346
vt -0.08189 0.69346
f 407/2275 406/2276 430/2277
vt -0.05573 0.73394
vt -0.08189 0.69346
vt -0.06625 0.74159
f 407/2278 430/2279 432/2280
vt -0.02128 0.62795
vt -0.05573 0.65297
vt -0.06625 0.64533
f 414/2281 415/2282 427/2283
vt -0.02128 0.62795
vt -0.06625 0.64533
vt -0.02531 0.61557
f 414/2284 427/2285 425/2286
vt -0.02128 0.75897
vt -0.05573 0.73394
vt -0.06625 0.74159
f 408/2287 407/2288 432/2289
vt -0.02128 0.75897
vt -0.06625 0.74159
vt -0.02531 0.77134
f 408/2290 432/2291 434/2292
vt -0.05573 0.65297
vt -0.06888 0.69346
vt -0.08189 0.69346
f 415/2293 416/2294 429/2295
vt -0.05573 0.65297
vt -0.08189 0.69346
vt -0.06625 0.64533
f 415/2296 429/2297 427/2298
vt 0.02128 0.75897
vt -0.02128 0.75897
vt -0.02531 0.77134
f 409/2299 408/2300 434/2301
vt 0.02128 0.75897
vt -0.02531 0.77134
vt 0.02531 0.77134
f 409/2302 434/2303 436/2304
vt -0.06888 0.69346
vt -0.05573 0.73394
vt -0.06625 0.74159
f 416/2305 417/2306 431/2307
vt -0.06888 0.69346
vt -0.06625 0.74159
vt -0.08189 0.69346
f 416/2308 431/2309 429/2310
vt 0.05573 0.65297
vt 0.06888 0.69346
vt 0.08189 0.69346
f 402/2311 401/2312 439/2313
vt 0.05573 0.65297
vt 0.08189 0.69346
vt 0.06625 0.64533
f 402/2314 439/2315 422/2316
vt 0.05573 0.73394
vt 0.02128 0.75897
vt 0.02531 0.77134
f 410/2317 409/2318 436/2319
vt 0.05573 0.73394
vt 0.02531 0.77134
vt 0.06625 0.74159
f 410/2320 436/2321 438/2322
vt -0.05573 0.73394
vt -0.02128 0.75897
vt -0.02531 0.77134
f 417/2323 418/2324 433/2325
vt -0.05573 0.73394
vt -0.02531 0.77134
vt -0.06625 0.74159
f 417/2326 433/2327 431/2328
vt 0.02128 0.62795
vt 0.05573 0.65297
vt 0.06625 0.64533
f 403/2329 402/2330 422/2331
vt 0.02128 0.62795
vt 0.06625 0.64533
vt 0.02531 0.61557
f 403/2332 422/2333 424/2334
vt 1.93987 0.74159
vt 2.17023 0.74159
vt 2.17023 0.69346
f 438/2335 437/2336 440/2337
vt 1.93987 0.74159
vt 2.17023 0.69346
vt 1.93987 0.69346
f 438/2338 440/2339 439/2340
vt 0.02531 1.93987
vt 0.02531 2.17023
vt 0.06625 2.17023
f 436/2341 435/2342 437/2343
vt 0.02531 1.93987
vt 0.06625 2.17023
vt 0.06625 1.93987
f 436/2344 437/2345 438/2346
vt -0.02531 1.93987
vt -0.02531 2.17023
vt 0.02531 2.17023
f 434/2347 433/2348 435/2349
vt -0.02531 1.93987
vt 0.02531 2.17023
vt 0.02531 1.93987
f 434/2350 435/2351 436/2352
vt -0.06625 1.93987
vt -0.06625 2.17023
vt -0.02531 2.17023
f 432/2353 431/2354 433/2355
vt -0.06625 1.93987
vt -0.02531 2.17023
vt -0.02531 1.93987
f 432/2356 433/2357 434/2358
vt 1.93987 0.69346
vt 2.17023 0.69346
vt 2.17023 0.74159
f 430/2359 429/2360 431/2361
vt 1.93987 0.69346
vt 2.17023 0.74159
vt 1.93987 0.74159
f 430/2362 431/2363 432/2364
vt 1.93987 0.64533
vt 2.17023 0.64533
vt 2.17023 0.69346
f 428/2365 427/2366 429/2367
vt 1.93987 0.64533
vt 2.17023 0.69346
vt 1.93987 0.69346
f 428/2368 429/2369 430/2370
vt -0.02531 1.93987
vt -0.02531 2.17023
vt -0.06625 2.17023
f 426/2371 425/2372 427/2373
vt -0.02531 1.93987
vt -0.06625 2.17023
vt -0.06625 1.93987
f 426/2374 427/2375 428/2376
vt 0.02531 1.93987
vt 0.02531 2.17023
vt -0.02531 2.17023
f 424/2377 423/2378 425/2379
vt 0.02531 1.93987
vt -0.02531 2.17023
vt -0.02531 1.93987
f 424/2380 425/2381 426/2382
vt 0.06625 1.93987
vt 0.06625 2.17023
vt 0.02531 2.17023
f 422/2383 421/2384 423/2385
vt 0.06625 1.93987
vt 0.02531 2.17023
vt 0.02531 1.93987
f 422/2386 423/2387 424/2388
vt 1.93987 0.69346
vt 2.17023 0.69346
vt 2.17023 0.64533
f 439/2389 440/2390 421/2391
vt 1.93987 0.69346
vt 2.17023 0.64533
vt 1.93987 0.64533
f 439/2392 421/2393 422/2394
vt 0.02128 0.62795
vt -0.02128 0.62795
vt -0.02531 0.61557
f 413/2395 414/2396 425/2397
vt 0.02128 0.62795
vt -0.02531 0.61557
vt 0.02531 0.61557
f 413/2398 425/2399 423/2400
vt -0.06888 0.69346
vt -0.05573 0.65297
vt -0.06625 0.64533
f 406/2401 405/2402 428/2403
vt -0.06888 0.69346
vt -0.06625 0.64533
vt -0.08189 0.69346
f 406/2404 428/2405 430/2406
vt 0.05573 0.73394
vt 0.06888 0.69346
vt 0.08189 0.69346
f 420/2407 411/2408 440/2409
vt 0.05573 0.73394
vt 0.08189 0.69346
vt 0.06625 0.74159
f 420/2410 440/2411 437/2412
vt 0.05573 0.65297
vt 0.02128 0.62795
vt 0.02531 0.61557
f 412/2413 413/2414 423/2415
vt 0.05573 0.65297
vt 0.02531 0.61557
vt 0.06625 0.64533
f 412/2416 423/2417 421/2418
vt -0.05573 0.65297
vt -0.02128 0.62795
vt -0.02531 0.61557
f 405/2419 404/2420 426/2421
vt -0.05573 0.65297
vt -0.02531 0.61557
vt -0.06625 0.64533
f 405/2422 426/2423 428/2424
vt 0.02128 0.75897
vt 0.05573 0.73394
vt 0.06625 0.74159
f 419/2425 420/2426 437/2427
vt 0.02128 0.75897
vt 0.06625 0.74159
vt 0.02531 0.77134
f 419/2428 437/2429 435/2430
vt 0.06888 0.69346
vt 0.05573 0.65297
vt 0.06625 0.64533
f 411/2431 412/2432 421/2433
vt 0.06888 0.69346
vt 0.06625 0.64533
vt 0.08189 0.69346
f 411/2434 421/2435 440/2436
vt -0.02128 0.62795
vt 0.02128 0.62795
vt 0.02531 0.61557
f 404/2437 403/2438 424/2439
vt -0.02128 0.62795
vt 0.02531 0.61557
vt -0.02531 0.61557
f 404/2440 424/2441 426/2442
vt -0.02128 0.75897
vt 0.02128 0.75897
vt 0.02531 0.77134
f 418/2443 419/2444 435/2445
vt -0.02128 0.75897
vt 0.02531 0.77134
vt -0.02531 0.77134
f 418/2446 435/2447 433/2448
vt 0.06888 0.69346
vt 0.05573 0.73394
vt 0.06625 0.74159
f 401/2449 410/2450 438/2451
vt 0.06888 0.69346
vt 0.06625 0.74159
vt 0.08189 0.69346
f 401/2452 438/2453 439/2454
vt -0.04512 0.74779
vt 0.04512 0.74779
vt 0.02723 0.88797
f 444/2455 442/2456 457/2457
vt -0.04512 0.74779
vt 0.02723 0.88797
vt -0.02723 0.88797
f 444/2458 457/2459 460/2460
vt 2.17095 1.02816
vt 2.05474 1.02816
vt 2.05474 1.04598
f 446/2461 448/2462 452/2463
vt 2.17095 1.02816
vt 2.05474 1.04598
vt 2.17095 1.04598
f 446/2464 452/2465 450/2466
vt 2.00758 0.88797
vt 2.17095 0.88797
vt 2.17095 1.02816
f 459/2467 460/2468 445/2469
vt 2.00758 0.88797
vt 2.17095 1.02816
vt 2.05474 1.02816
f 459/2470 445/2471 447/2472
vt 2.17095 0.88797
vt 2.00758 0.88797
vt 2.05474 1.02816
f 457/2473 458/2474 448/2475
vt 2.17095 0.88797
vt 2.05474 1.02816
vt 2.17095 1.02816
f 457/2476 448/2477 446/2478
vt 0.04512 0.74779
vt -0.04512 0.74779
vt -0.02723 0.88797
f 441/2479 443/2480 459/2481
vt 0.04512 0.74779
vt -0.02723 0.88797
vt 0.02723 0.88797
f 441/2482 459/2483 458/2484
vt 1.96043 0.74779
vt 2.17095 0.74779
vt 2.17095 0.88797
f 443/2485 444/2486 460/2487
vt 1.96043 0.74779
vt 2.17095 0.88797
vt 2.00758 0.88797
f 443/2488 460/2489 459/2490
vt 2.05474 1.02816
vt 2.17095 1.02816
vt 2.17095 1.04598
f 447/2491 445/2492 449/2493
vt 2.05474 1.02816
vt 2.17095 1.04598
vt 2.05474 1.04598
f 447/2494 449/2495 451/2496
vt 2.05474 1.04598
vt 2.17095 1.04598
vt 2.17095 1.06955
f 455/2497 453/2498 467/2499
vt 2.05474 1.04598
vt 2.17095 1.06955
vt 2.05474 1.06955
f 455/2500 467/2501 468/2502
vt 2.05474 1.04598
vt 2.17095 1.04598
vt 2.17095 1.04598
f 451/2503 449/2504 453/2505
vt 2.05474 1.04598
vt 2.17095 1.04598
vt 2.05474 1.04598
f 451/2506 453/2507 455/2508
vt 2.17095 1.04598
vt 2.05474 1.04598
vt 2.05474 1.04598
f 450/2509 452/2510 456/2511
vt 2.17095 1.04598
vt 2.05474 1.04598
vt 2.17095 1.04598
f 450/2512 456/2513 454/2514
vt 2.17095 1.04598
vt 2.17095 1.04598
vt 2.17095 1.04598
f 449/2515 450/2516 454/2517
vt 2.17095 1.04598
vt 2.17095 1.04598
vt 2.17095 1.04598
f 449/2518 454/2519 462/2520
vt 2.17095 1.04598
vt 2.17095 1.04598
vt 2.17095 1.04598
f 449/2521 462/2522 461/2523
vt 2.17095 1.04598
vt 2.17095 1.04598
vt 2.17095 1.04598
f 449/2524 461/2525 453/2526
vt 0.03993 1.04598
vt 0.01331 1.04598
vt 0.01331 1.06955
f 456/2527 464/2528 470/2529
vt 0.03993 1.04598
vt 0.01331 1.06955
vt 0.03993 1.06955
f 456/2530 470/2531 469/2532
vt -0.01331 2.05474
vt -0.01331 2.17095
vt 0.01331 2.17095
f 463/2533 461/2534 462/2535
vt -0.01331 2.05474
vt 0.01331 2.17095
vt 0.01331 2.05474
f 463/2536 462/2537 464/2538
vt 0.02542 1.02816
vt -0.02541 1.02816
vt -0.03992 1.04598
f 448/2539 447/2540 451/2541
vt 0.02542 1.02816
vt -0.03992 1.04598
vt 0.03993 1.04598
f 448/2542 451/2543 452/2544
vt -0.02541 1.02816
vt 0.02542 1.02816
vt 0.03993 1.04598
f 445/2545 446/2546 450/2547
vt -0.02541 1.02816
vt 0.03993 1.04598
vt -0.03992 1.04598
f 445/2548 450/2549 449/2550
vt 2.05474 1.04598
vt 2.05474 1.04598
vt 2.05474 1.04598
f 452/2551 451/2552 455/2553
vt 2.05474 1.04598
vt 2.05474 1.04598
vt 2.05474 1.04598
f 452/2554 455/2555 463/2556
vt 2.05474 1.04598
vt 2.05474 1.04598
vt 2.05474 1.04598
f 452/2557 463/2558 464/2559
vt 2.05474 1.04598
vt 2.05474 1.04598
vt 2.05474 1.04598
f 452/2560 464/2561 456/2562
vt 0.02723 0.88797
vt -0.02723 0.88797
vt -0.02541 1.02816
f 458/2563 459/2564 447/2565
vt 0.02723 0.88797
vt -0.02541 1.02816
vt 0.02542 1.02816
f 458/2566 447/2567 448/2568
vt -0.02723 0.88797
vt 0.02723 0.88797
vt 0.02542 1.02816
f 460/2569 457/2570 446/2571
vt -0.02723 0.88797
vt 0.02542 1.02816
vt -0.02541 1.02816
f 460/2572 446/2573 445/2574
vt 2.17095 0.74779
vt 1.96043 0.74779
vt 2.00758 0.88797
f 442/2575 441/2576 458/2577
vt 2.17095 0.74779
vt 2.00758 0.88797
vt 2.17095 0.88797
f 442/2578 458/2579 457/2580
vt 0.01331 2.05474
vt 0.01331 2.17095
vt 0.03993 2.17095
f 470/2581 465/2582 466/2583
vt 0.01331 2.05474
vt 0.03993 2.17095
vt 0.03993 2.05474
f 470/2584 466/2585 469/2586
vt -0.03992 2.05474
vt -0.03992 2.17095
vt -0.01331 2.17095
f 468/2587 467/2588 471/2589
vt -0.03992 2.05474
vt -0.01331 2.17095
vt -0.01331 2.05474
f 468/2590 471/2591 472/2592
vt 2.17095 1.04598
vt 2.05474 1.04598
vt 2.05474 1.06955
f 461/2593 463/2594 472/2595
vt 2.17095 1.04598
vt 2.05474 1.06955
vt 2.17095 1.06955
f 461/2596 472/2597 471/2598
vt 2.17095 1.04598
vt 2.05474 1.04598
vt 2.05474 1.06955
f 454/2599 456/2600 469/2601
vt 2.17095 1.04598
vt 2.05474 1.06955
vt 2.17095 1.06955
f 454/2602 469/2603 466/2604
vt -0.01331 1.04598
vt -0.03992 1.04598
vt -0.03992 1.06955
f 463/2605 455/2606 468/2607
vt -0.01331 1.04598
vt -0.03992 1.06955
vt -0.01331 1.06955
f 463/2608 468/2609 472/2610
vt 0.01331 1.04598
vt 0.03993 1.04598
vt 0.03993 1.06955
f 462/2611 454/2612 466/2613
vt 0.01331 1.04598
vt 0.03993 1.06955
vt 0.01331 1.06955
f 462/2614 466/2615 465/2616
vt -0.03992 1.04598
vt -0.01331 1.04598
vt -0.01331 1.06955
f 453/2617 461/2618 471/2619
vt -0.03992 1.04598
vt -0.01331 1.06955
vt -0.03992 1.06955
f 453/2620 471/2621 467/2622
vt 2.05474 1.04598
vt 2.17095 1.04598
vt 2.17095 1.06955
f 464/2623 462/2624 465/2625
vt 2.05474 1.04598
vt 2.17095 1.06955
vt 2.05474 1.06955
f 464/2626 465/2627 470/2628
vt -0.02453 1.49922
vt -0.02453 1.70224
vt 0.02453 1.70224
f 474/2629 476/2630 475/2631
vt -0.02453 1.49922
vt 0.02453 1.70224
vt 0.02453 1.49922
f 474/2632 475/2633 473/2634
vt -0.02453 0.79385
vt 0.02453 0.79385
vt 0.02453 0.72727
f 477/2635 478/2636 482/2637
vt -0.02453 0.79385
vt 0.02453 0.72727
vt -0.02453 0.72727
f 477/2638 482/2639 481/2640
vt 1.49922 0.85039
vt 1.70224 0.85039
vt 1.77485 0.79909
f 473/2641 475/2642 480/2643
vt 1.49922 0.85039
vt 1.77485 0.79909
vt 1.56999 0.79385
f 473/2644 480/2645 478/2646
vt -0.02453 1.49922
vt 0.02453 1.49922
vt 0.02453 1.56999
f 474/2647 473/2648 478/2649
vt -0.02453 1.49922
vt 0.02453 1.56999
vt -0.02453 1.56999
f 474/2650 478/2651 477/2652
vt 1.70224 0.85039
vt 1.49922 0.85039
vt 1.56999 0.79385
f 476/2653 474/2654 477/2655
vt 1.70224 0.85039
vt 1.56999 0.79385
vt 1.77485 0.79909
f 476/2656 477/2657 479/2658
vt 0.02453 1.70224
vt -0.02453 1.70224
vt -0.02453 1.77485
f 475/2659 476/2660 479/2661
vt 0.02453 1.70224
vt -0.02453 1.77485
vt 0.02453 1.77485
f 475/2662 479/2663 480/2664
vt 1.89103 0.76935
vt 1.60747 0.72727
vt 1.62873 0.71565
f 483/2665 481/2666 485/2667
vt 1.89103 0.76935
vt 1.62873 0.71565
vt 1.89866 0.71940
f 483/2668 485/2669 487/2670
vt 1.77485 0.79909
vt 1.56999 0.79385
vt 1.60747 0.72727
f 479/2671 477/2672 481/2673
vt 1.77485 0.79909
vt 1.60747 0.72727
vt 1.89103 0.76935
f 479/2674 481/2675 483/2676
vt 0.02453 1.77485
vt -0.02453 1.77485
vt -0.02453 1.89103
f 480/2677 479/2678 483/2679
vt 0.02453 1.77485
vt -0.02453 1.89103
vt 0.02453 1.89103
f 480/2680 483/2681 484/2682
vt 1.56999 0.79385
vt 1.77485 0.79909
vt 1.89103 0.76935
f 478/2683 480/2684 484/2685
vt 1.56999 0.79385
vt 1.89103 0.76935
vt 1.60747 0.72727
f 478/2686 484/2687 482/2688
vt -0.02453 1.62873
vt 0.02453 1.62873
vt 0.02453 1.89866
f 485/2689 486/2690 488/2691
vt -0.02453 1.62873
vt 0.02453 1.89866
vt -0.02453 1.89866
f 485/2692 488/2693 487/2694
vt 0.02453 0.76935
vt -0.02453 0.76935
vt -0.02453 0.71940
f 484/2695 483/2696 487/2697
vt 0.02453 0.76935
vt -0.02453 0.71940
vt 0.02453 0.71940
f 484/2698 487/2699 488/2700
vt 1.60747 0.72727
vt 1.89103 0.76935
vt 1.89866 0.71940
f 482/2701 484/2702 488/2703
vt 1.60747 0.72727
vt 1.89866 0.71940
vt 1.62873 0.71565
f 482/2704 488/2705 486/2706
vt -0.02453 1.60747
vt 0.02453 1.60747
vt 0.02453 1.62873
f 481/2707 482/2708 486/2709
vt -0.02453 1.60747
vt 0.02453 1.62873
vt -0.02453 1.62873
f 481/2710 486/2711 485/2712
o Mag
g Mag
usemtl PinkWhite
v -0.09872 0.56846 -1.25783
v 0.09872 0.56846 -1.25783
v 0.07802 0.56846 -0.62392
v -0.07802 0.56846 -0.62392
v -0.09872 0.23968 -1.24847
v 0.09872 0.23968 -1.24847
v 0.07802 0.36805 -0.62770
v -0.07802 0.36805 -0.62770
v -0.09872 -0.07586 -1.16240
v 0.09872 -0.07586 -1.16240
v 0.07802 0.16131 -0.57453
v -0.07802 0.16131 -0.57453
v -0.09872 -1.20272 -0.30910
v 0.09872 -1.20272 -0.30910
v 0.07802 -0.66440 0.02564
v -0.07802 -0.66440 0.02564
v 0.07802 0.56846 -0.71271
v -0.07802 0.56846 -0.71271
v 0.07802 0.35007 -0.71465
v -0.07802 0.35007 -0.71465
v 0.07802 0.12809 -0.65687
v -0.07802 0.12809 -0.65687
v 0.07802 -0.73980 -0.02125
v -0.07802 -0.73980 -0.02125
v 0.09872 0.56846 -0.74190
v 0.09872 0.34416 -0.74323
v 0.09872 0.11717 -0.68394
v 0.09872 -0.76459 -0.03666
v -0.09872 0.56846 -0.74190
v -0.09872 0.34416 -0.74323
v -0.09872 0.11717 -0.68394
v -0.09872 -0.76459 -0.03666
v -0.10799 -1.22800 -0.32482
v 0.10799 -1.22800 -0.32482
v 0.10799 -0.74872 -0.02680
v -0.08535 -0.72160 -0.00994
v -0.08535 -0.63912 0.04135
v 0.08535 -0.63912 0.04135
v 0.08535 -0.72160 -0.00994
v -0.10799 -0.74872 -0.02680
v -0.10799 -1.28346 -0.23563
v 0.10799 -1.28346 -0.23563
v 0.10799 -0.80417 0.06239
v -0.08535 -0.77706 0.07925
v -0.08535 -0.69457 0.13054
v 0.08535 -0.69457 0.13054
v 0.08535 -0.77706 0.07925
v -0.10799 -0.80417 0.06239
v -0.09872 -0.87655 -0.65964
v -0.09872 -0.92520 -0.60870
v -0.07802 -0.47540 -0.17232
v -0.07802 -0.44888 -0.19784
v 0.09872 -0.87655 -0.65964
v 0.09872 -0.92520 -0.60870
v 0.07802 -0.47540 -0.17232
v 0.07802 -0.44888 -0.19784
v 0.07802 -0.50878 -0.26253
v 0.07802 -0.53841 -0.23344
v -0.07802 -0.50878 -0.26253
v -0.07802 -0.53841 -0.23344
v 0.09872 -0.52847 -0.28379
v 0.09872 -0.55912 -0.25353
v -0.09872 -0.52847 -0.28379
v -0.09872 -0.55912 -0.25353
v -0.07802 -0.14350 -0.41874
v -0.07802 -0.20482 -0.37829
v 0.07802 -0.20482 -0.37829
v 0.07802 -0.14350 -0.41874
v 0.09872 -0.57683 -0.89155
v 0.09872 -0.51400 -0.93309
v -0.09872 -0.51400 -0.93309
v -0.09872 -0.57683 -0.89155
v -0.07802 -0.19540 -0.49079
v -0.07802 -0.25693 -0.45019
v 0.07802 -0.19540 -0.49079
v 0.07802 -0.25693 -0.45019
v 0.09872 -0.21246 -0.51447
v 0.09872 -0.27406 -0.47382
v -0.09872 -0.21246 -0.51447
v -0.09872 -0.27406 -0.47382
v 0.09872 -0.15092 -1.12484
v -0.09872 -0.15092 -1.12484
v -0.07802 0.11261 -0.55146
v 0.07802 0.11261 -0.55146
v -0.07802 0.07570 -0.63177
v 0.07802 0.07570 -0.63177
v 0.09872 0.06356 -0.65818
v -0.09872 0.06356 -0.65818
v 0.07802 0.40813 -0.62694
v 0.09872 0.30543 -1.25034
v -0.09872 0.30543 -1.25034
v -0.07802 0.40813 -0.62694
v -0.07802 0.39375 -0.71426
v 0.07802 0.39375 -0.71426
v 0.09872 0.38902 -0.74296
v -0.09872 0.38902 -0.74296
v -0.10924 0.22794 -1.29269
v 0.10924 0.22794 -1.29269
v 0.10924 0.34356 -0.73360
v -0.08634 0.35010 -0.70197
v -0.08634 0.37000 -0.60575
v 0.08634 0.37000 -0.60575
v 0.08634 0.41435 -0.60492
v -0.10924 0.30071 -1.29476
v -0.10924 -0.08970 -1.20576
v 0.10924 -0.08970 -1.20576
v 0.10924 0.12391 -0.67631
v -0.08634 0.13599 -0.64636
v -0.08634 0.17275 -0.55524
v 0.08634 0.17275 -0.55524
v -0.10924 -0.17276 -1.16421
v 0.08634 0.11886 -0.52971
v 0.08634 0.35010 -0.70197
v -0.10924 0.34356 -0.73360
v 0.08634 0.13599 -0.64636
v -0.10924 0.12391 -0.67631
v -0.08634 0.39843 -0.70155
v 0.08634 0.39843 -0.70155
v 0.10924 0.39320 -0.73331
v -0.10924 0.39320 -0.73331
v -0.10924 -0.90521 -0.69435
v -0.10924 -0.95905 -0.63798
v -0.08634 -0.46131 -0.15509
v -0.08634 -0.43196 -0.18333
v 0.10924 -0.90521 -0.69435
v 0.10924 -0.95905 -0.63798
v 0.08634 -0.46131 -0.15509
v 0.08634 -0.43196 -0.18333
v 0.08634 -0.49825 -0.25491
v 0.08634 -0.53103 -0.22273
v -0.08634 -0.49825 -0.25491
v -0.08634 -0.53103 -0.22273
v 0.10924 -0.52004 -0.27844
v 0.10924 -0.55395 -0.24496
v -0.10924 -0.52004 -0.27844
v -0.10924 -0.55395 -0.24496
v -0.08634 -0.12711 -0.40274
v -0.08634 -0.19497 -0.35798
v 0.08634 -0.19497 -0.35798
v 0.08634 -0.12711 -0.40274
v 0.10924 -0.60663 -0.92594
v 0.10924 -0.53710 -0.97191
v -0.10924 -0.53710 -0.97191
v -0.10924 -0.60663 -0.92594
v -0.08634 -0.18454 -0.48247
v -0.08634 -0.25263 -0.43754
v 0.08634 -0.18454 -0.48247
v 0.08634 -0.25263 -0.43754
v 0.10924 -0.20342 -0.50867
v 0.10924 -0.27159 -0.46369
v -0.10924 -0.20342 -0.50867
v -0.10924 -0.27159 -0.46369
v 0.10924 -0.17276 -1.16421
v -0.08634 0.11886 -0.52971
v -0.08634 0.07801 -0.61859
v 0.08634 0.07801 -0.61859
v 0.10924 0.06459 -0.64780
v -0.10924 0.06459 -0.64780
v 0.10924 0.30071 -1.29476
v -0.08634 0.41435 -0.60492
vt -0.06502 -0.59393
vt -0.06502 -0.51993
vt 0.06502 -0.51993
f 506/2713 492/2714 491/2715
vt -0.06502 -0.59393
vt 0.06502 -0.51993
vt 0.06502 -0.59393
f 506/2716 491/2717 505/2718
vt 0.06502 -0.31524
vt 0.06502 -0.37516
vt 0.07195 -0.36462
f 555/2719 564/2720 636/2721
vt 0.06502 -0.31524
vt 0.07195 -0.36462
vt 0.07195 -0.29832
f 555/2722 636/2723 627/2724
vt 0.06502 -0.40899
vt 0.06502 -0.34895
vt 0.07195 -0.33562
f 563/2725 556/2726 628/2727
vt 0.06502 -0.40899
vt 0.07195 -0.33562
vt 0.07195 -0.40206
f 563/2728 628/2729 635/2730
vt -0.06502 -0.52648
vt -0.06502 -0.45955
vt -0.07195 -0.44143
f 573/2731 571/2732 642/2733
vt -0.06502 -0.52648
vt -0.07195 -0.44143
vt -0.07195 -0.51549
f 573/2734 642/2735 643/2736
vt -0.06502 -0.52245
vt -0.06502 -0.59522
vt -0.07195 -0.58463
f 580/2737 581/2738 605/2739
vt -0.06502 -0.52245
vt -0.07195 -0.58463
vt -0.07195 -0.50410
f 580/2740 605/2741 648/2742
vt -0.08227 -0.63716
vt -0.08227 -1.00227
vt -0.08999 -1.02333
f 520/2743 501/2744 521/2745
vt -0.08227 -0.63716
vt -0.08999 -1.02333
vt -0.08999 -0.62393
f 520/2746 521/2747 528/2748
vt 0.06502 -0.61650
vt 0.06502 -0.55367
vt 0.07112 -0.53260
f 511/2749 503/2750 526/2751
vt 0.06502 -0.61650
vt 0.07112 -0.53260
vt 0.07112 -0.60133
f 511/2752 526/2753 527/2754
vt -0.08227 -0.21127
vt -0.06502 -0.19453
vt -0.07195 -0.18561
f 552/2755 548/2756 620/2757
vt -0.08227 -0.21127
vt -0.07195 -0.18561
vt -0.09103 -0.20413
f 552/2758 620/2759 624/2760
vt -0.06502 -0.42398
vt -0.08227 -0.44039
vt -0.09103 -0.43337
f 547/2761 551/2762 623/2763
vt -0.06502 -0.42398
vt -0.09103 -0.43337
vt -0.07195 -0.41521
f 547/2764 623/2765 619/2766
vt -0.08227 -0.61825
vt -0.06502 -0.59393
vt 0.06502 -0.59393
f 517/2767 506/2768 505/2769
vt -0.08227 -0.61825
vt 0.06502 -0.59393
vt 0.08227 -0.61825
f 517/2770 505/2771 513/2772
vt -0.08227 -1.04819
vt -0.08227 -0.61825
vt 0.08227 -0.61825
f 489/2773 517/2774 513/2775
vt -0.08227 -1.04819
vt 0.08227 -0.61825
vt 0.08227 -1.04819
f 489/2776 513/2777 490/2778
vt -0.08227 -0.74296
vt -0.08227 -0.39485
vt -0.09103 -0.38641
f 560/2779 568/2780 640/2781
vt -0.08227 -0.74296
vt -0.09103 -0.38641
vt -0.09103 -0.77162
f 560/2782 640/2783 632/2784
vt 0.08227 -0.63716
vt 0.06502 -0.61650
vt 0.07112 -0.60133
f 516/2785 511/2786 527/2787
vt 0.08227 -0.63716
vt 0.07112 -0.60133
vt 0.08999 -0.62393
f 516/2788 527/2789 523/2790
vt -0.06502 -0.14360
vt 0.06502 -0.14360
vt 0.07195 -0.12924
f 539/2791 543/2792 615/2793
vt -0.06502 -0.14360
vt 0.07195 -0.12924
vt -0.07195 -0.12924
f 539/2794 615/2795 611/2796
vt -0.02233 -0.62393
vt -0.00828 -0.60133
vt 0.06604 -0.64755
f 523/2797 527/2798 535/2799
vt -0.02233 -0.62393
vt 0.06604 -0.64755
vt 0.05199 -0.67014
f 523/2800 535/2801 531/2802
vt -0.08999 -0.27068
vt 0.08999 -0.27068
vt 0.08999 -0.19636
f 521/2803 522/2804 530/2805
vt -0.08999 -0.27068
vt 0.08999 -0.19636
vt -0.08999 -0.19636
f 521/2806 530/2807 529/2808
vt 0.03446 -0.53260
vt -0.00828 -0.60133
vt 0.06604 -0.64755
f 525/2809 524/2810 532/2811
vt 0.03446 -0.53260
vt 0.06604 -0.64755
vt 0.10878 -0.57881
f 525/2812 532/2813 533/2814
vt -0.06502 -0.55367
vt -0.06502 -0.61650
vt -0.07112 -0.60133
f 504/2815 512/2816 524/2817
vt -0.06502 -0.55367
vt -0.07112 -0.60133
vt -0.07112 -0.53260
f 504/2818 524/2819 525/2820
vt -0.08227 -1.00227
vt 0.08227 -1.00227
vt 0.08999 -1.02333
f 501/2821 502/2822 522/2823
vt -0.08227 -1.00227
vt 0.08999 -1.02333
vt -0.08999 -1.02333
f 501/2824 522/2825 521/2826
vt -0.06502 -0.61650
vt -0.08227 -0.63716
vt -0.08999 -0.62393
f 512/2827 520/2828 528/2829
vt -0.06502 -0.61650
vt -0.08999 -0.62393
vt -0.07112 -0.60133
f 512/2830 528/2831 524/2832
vt 0.06502 -0.55367
vt -0.06502 -0.55367
vt -0.07112 -0.53260
f 503/2833 504/2834 525/2835
vt 0.06502 -0.55367
vt -0.07112 -0.53260
vt 0.07112 -0.53260
f 503/2836 525/2837 526/2838
vt 0.08227 -1.00227
vt 0.08227 -0.63716
vt 0.08999 -0.62393
f 502/2839 516/2840 523/2841
vt 0.08227 -1.00227
vt 0.08999 -0.62393
vt 0.08999 -1.02333
f 502/2842 523/2843 522/2844
vt -0.07112 -0.64755
vt 0.07112 -0.64755
vt 0.07112 -0.57881
f 532/2845 535/2846 534/2847
vt -0.07112 -0.64755
vt 0.07112 -0.57881
vt -0.07112 -0.57881
f 532/2848 534/2849 533/2850
vt -0.08999 -0.67014
vt 0.08999 -0.67014
vt 0.07112 -0.64755
f 536/2851 531/2852 535/2853
vt -0.08999 -0.67014
vt 0.07112 -0.64755
vt -0.07112 -0.64755
f 536/2854 535/2855 532/2856
vt -0.08999 -1.06955
vt 0.08999 -1.06955
vt 0.08999 -0.67014
f 529/2857 530/2858 531/2859
vt -0.08999 -1.06955
vt 0.08999 -0.67014
vt -0.08999 -0.67014
f 529/2860 531/2861 536/2862
vt -0.00828 -0.60133
vt -0.02233 -0.62393
vt 0.05199 -0.67014
f 524/2863 528/2864 536/2865
vt -0.00828 -0.60133
vt 0.05199 -0.67014
vt 0.06604 -0.64755
f 524/2866 536/2867 532/2868
vt 0.07112 0.03446
vt -0.07112 0.03446
vt -0.07112 0.10878
f 526/2869 525/2870 533/2871
vt 0.07112 0.03446
vt -0.07112 0.10878
vt 0.07112 0.10878
f 526/2872 533/2873 534/2874
vt -0.27068 -1.02333
vt -0.02233 -0.62393
vt 0.05199 -0.67014
f 522/2875 523/2876 531/2877
vt -0.27068 -1.02333
vt 0.05199 -0.67014
vt -0.19636 -1.06955
f 522/2878 531/2879 530/2880
vt -0.02233 -0.62393
vt -0.27068 -1.02333
vt -0.19636 -1.06955
f 528/2881 521/2882 529/2883
vt -0.02233 -0.62393
vt -0.19636 -1.06955
vt 0.05199 -0.67014
f 528/2884 529/2885 536/2886
vt -0.00828 -0.60133
vt 0.03446 -0.53260
vt 0.10878 -0.57881
f 527/2887 526/2888 534/2889
vt -0.00828 -0.60133
vt 0.10878 -0.57881
vt 0.06604 -0.64755
f 527/2890 534/2891 535/2892
vt -0.08227 -0.42873
vt -0.08227 -0.77758
vt -0.09103 -0.80993
f 567/2893 559/2894 631/2895
vt -0.08227 -0.42873
vt -0.09103 -0.80993
vt -0.09103 -0.42389
f 567/2896 631/2897 639/2898
vt -0.19453 -0.44868
vt -0.01771 -0.61650
vt -0.03055 -0.63716
f 546/2899 511/2900 516/2901
vt -0.19453 -0.44868
vt -0.03055 -0.63716
vt -0.21127 -0.46593
f 546/2902 516/2903 550/2904
vt 0.06502 -0.37407
vt -0.06502 -0.37407
vt -0.07195 -0.35997
f 544/2905 540/2906 612/2907
vt 0.06502 -0.37407
vt -0.07195 -0.35997
vt 0.07195 -0.35997
f 544/2908 612/2909 616/2910
vt -0.19453 -0.44868
vt -0.01771 -0.61650
vt 0.02137 -0.55367
f 548/2911 512/2912 504/2913
vt -0.19453 -0.44868
vt 0.02137 -0.55367
vt -0.14360 -0.39617
f 548/2914 504/2915 539/2916
vt 0.06502 -0.52648
vt 0.08227 -0.54848
vt 0.09103 -0.53983
f 574/2917 575/2918 645/2919
vt 0.06502 -0.52648
vt 0.09103 -0.53983
vt 0.07195 -0.51549
f 574/2920 645/2921 644/2922
vt -0.06502 -0.14360
vt -0.06502 0.02137
vt 0.06502 0.02137
f 539/2923 504/2924 503/2925
vt -0.06502 -0.14360
vt 0.06502 0.02137
vt 0.06502 -0.14360
f 539/2926 503/2927 543/2928
vt 0.08227 -0.61913
vt 0.06502 -0.59522
vt 0.07195 -0.58463
f 583/2929 582/2930 606/2931
vt 0.08227 -0.61913
vt 0.07195 -0.58463
vt 0.09103 -0.61109
f 583/2932 606/2933 607/2934
vt -0.50725 -0.77100
vt -0.25758 -1.00227
vt -0.03055 -0.63716
f 538/2935 501/2936 520/2937
vt -0.50725 -0.77100
vt -0.03055 -0.63716
vt -0.21127 -0.46593
f 538/2938 520/2939 552/2940
vt 0.06502 -0.47878
vt -0.06502 -0.47878
vt -0.07195 -0.46270
f 499/2941 500/2942 597/2943
vt 0.06502 -0.47878
vt -0.07195 -0.46270
vt 0.07195 -0.46270
f 499/2944 597/2945 598/2946
vt -0.21127 -0.46593
vt -0.03055 -0.63716
vt -0.01771 -0.61650
f 552/2947 520/2948 512/2949
vt -0.21127 -0.46593
vt -0.01771 -0.61650
vt -0.19453 -0.44868
f 552/2950 512/2951 548/2952
vt -0.06502 -0.47878
vt -0.06502 -0.54739
vt -0.07195 -0.53863
f 500/2953 510/2954 596/2955
vt -0.06502 -0.47878
vt -0.07195 -0.53863
vt -0.07195 -0.46270
f 500/2956 596/2957 597/2958
vt -0.14360 -0.39617
vt 0.02137 -0.55367
vt -0.01771 -0.61650
f 543/2959 503/2960 511/2961
vt -0.14360 -0.39617
vt -0.01771 -0.61650
vt -0.19453 -0.44868
f 543/2962 511/2963 546/2964
vt 0.08227 -0.74296
vt -0.08227 -0.74296
vt -0.09103 -0.77162
f 557/2965 560/2966 632/2967
vt 0.08227 -0.74296
vt -0.09103 -0.77162
vt 0.09103 -0.77162
f 557/2968 632/2969 629/2970
vt -0.21127 -0.46593
vt -0.03055 -0.63716
vt -0.25758 -1.00227
f 550/2971 516/2972 502/2973
vt -0.21127 -0.46593
vt -0.25758 -1.00227
vt -0.50725 -0.77100
f 550/2974 502/2975 542/2976
vt 0.08227 -0.96867
vt 0.08227 -0.56995
vt 0.09103 -0.56359
f 498/2977 515/2978 595/2979
vt 0.08227 -0.96867
vt 0.09103 -0.56359
vt 0.09103 -1.00480
f 498/2980 595/2981 594/2982
vt -0.08227 -0.77758
vt 0.08227 -0.77758
vt 0.09103 -0.80993
f 559/2983 558/2984 630/2985
vt -0.08227 -0.77758
vt 0.09103 -0.80993
vt -0.09103 -0.80993
f 559/2986 630/2987 631/2988
vt -0.39485 -0.22838
vt -0.23649 -0.44039
vt -0.21877 -0.42398
f 568/2989 551/2990 547/2991
vt -0.39485 -0.22838
vt -0.21877 -0.42398
vt -0.37516 -0.21411
f 568/2992 547/2993 562/2994
vt 0.06502 -0.39617
vt 0.06502 -0.44868
vt 0.07195 -0.44253
f 543/2995 546/2996 618/2997
vt 0.06502 -0.39617
vt 0.07195 -0.44253
vt 0.07195 -0.38443
f 543/2998 618/2999 615/3000
vt -0.39485 -0.22838
vt -0.23649 -0.44039
vt -0.54970 -0.73046
f 566/3001 549/3002 541/3003
vt -0.39485 -0.22838
vt -0.54970 -0.73046
vt -0.74296 -0.48069
f 566/3004 541/3005 557/3006
vt -0.08227 -0.96867
vt 0.08227 -0.96867
vt 0.09103 -1.00480
f 497/3007 498/3008 594/3009
vt -0.08227 -0.96867
vt 0.09103 -1.00480
vt -0.09103 -1.00480
f 497/3010 594/3011 593/3012
vt -0.37516 -0.21411
vt -0.21877 -0.42398
vt -0.23649 -0.44039
f 564/3013 545/3014 549/3015
vt -0.37516 -0.21411
vt -0.23649 -0.44039
vt -0.39485 -0.22838
f 564/3016 549/3017 566/3018
vt 0.08227 -0.54848
vt 0.08227 -0.93737
vt 0.09103 -0.97018
f 575/3019 569/3020 641/3021
vt 0.08227 -0.54848
vt 0.09103 -0.97018
vt 0.09103 -0.53983
f 575/3022 641/3023 645/3024
vt -0.37516 -0.21411
vt -0.21877 -0.42398
vt -0.16487 -0.37407
f 562/3025 547/3026 540/3027
vt -0.37516 -0.21411
vt -0.16487 -0.37407
vt -0.31524 -0.17068
f 562/3028 540/3029 554/3030
vt 0.08227 -1.04195
vt 0.08227 -0.61913
vt 0.09103 -0.61109
f 578/3031 583/3032 607/3033
vt 0.08227 -1.04195
vt 0.09103 -0.61109
vt 0.09103 -1.07897
f 578/3034 607/3035 647/3036
vt 0.08227 -0.73046
vt -0.08227 -0.73046
vt -0.08227 -0.48069
f 541/3037 537/3038 560/3039
vt 0.08227 -0.73046
vt -0.08227 -0.48069
vt 0.08227 -0.48069
f 541/3040 560/3041 557/3042
vt 0.06502 -0.21877
vt 0.06502 -0.16487
vt 0.07195 -0.15277
f 545/3043 544/3044 616/3045
vt 0.06502 -0.21877
vt 0.07195 -0.15277
vt 0.07195 -0.21243
f 545/3046 616/3047 617/3048
vt -0.74296 -0.48069
vt -0.54970 -0.73046
vt -0.23649 -0.44039
f 560/3049 537/3050 551/3051
vt -0.74296 -0.48069
vt -0.23649 -0.44039
vt -0.39485 -0.22838
f 560/3052 551/3053 568/3054
vt 0.08227 -0.93737
vt -0.08227 -0.93737
vt -0.09103 -0.97018
f 569/3055 570/3056 599/3057
vt 0.08227 -0.93737
vt -0.09103 -0.97018
vt 0.09103 -0.97018
f 569/3058 599/3059 641/3060
vt -0.16487 -0.37407
vt -0.21877 -0.42398
vt -0.37516 -0.21411
f 544/3061 545/3062 564/3063
vt -0.16487 -0.37407
vt -0.37516 -0.21411
vt -0.31524 -0.17068
f 544/3064 564/3065 555/3066
vt 0.06502 -0.59522
vt 0.06502 -0.52245
vt 0.07195 -0.50410
f 582/3067 577/3068 591/3069
vt 0.06502 -0.59522
vt 0.07195 -0.50410
vt 0.07195 -0.58463
f 582/3070 591/3071 606/3072
vt -0.06502 -0.17068
vt -0.06502 -0.37407
vt 0.06502 -0.37407
f 554/3073 540/3074 544/3075
vt -0.06502 -0.17068
vt 0.06502 -0.37407
vt 0.06502 -0.17068
f 554/3076 544/3077 555/3078
vt -0.06502 -0.37516
vt -0.06502 -0.31524
vt -0.07195 -0.29832
f 562/3079 554/3080 626/3081
vt -0.06502 -0.37516
vt -0.07195 -0.29832
vt -0.07195 -0.36462
f 562/3082 626/3083 634/3084
vt -0.54848 0.05297
vt -0.42873 -0.17705
vt -0.40899 -0.16283
f 576/3085 567/3086 561/3087
vt -0.54848 0.05297
vt -0.40899 -0.16283
vt -0.52648 0.06308
f 576/3088 561/3089 573/3090
vt -0.06502 -0.34895
vt -0.06502 -0.40899
vt -0.07195 -0.40206
f 553/3091 561/3092 633/3093
vt -0.06502 -0.34895
vt -0.07195 -0.40206
vt -0.07195 -0.33562
f 553/3094 633/3095 625/3096
vt -0.54848 0.05297
vt -0.42873 -0.17705
vt -0.77758 -0.42833
f 575/3097 565/3098 558/3099
vt -0.54848 0.05297
vt -0.77758 -0.42833
vt -0.93737 -0.12577
f 575/3100 558/3101 569/3102
vt -0.08227 -0.54848
vt -0.06502 -0.52648
vt -0.07195 -0.51549
f 576/3103 573/3104 643/3105
vt -0.08227 -0.54848
vt -0.07195 -0.51549
vt -0.09103 -0.53983
f 576/3106 643/3107 646/3108
vt -0.52648 0.06308
vt -0.40899 -0.16283
vt -0.42873 -0.17705
f 574/3109 563/3110 565/3111
vt -0.52648 0.06308
vt -0.42873 -0.17705
vt -0.54848 0.05297
f 574/3112 565/3113 575/3114
vt -0.06502 -0.59522
vt -0.08227 -0.61913
vt -0.09103 -0.61109
f 581/3115 584/3116 608/3117
vt -0.06502 -0.59522
vt -0.09103 -0.61109
vt -0.07195 -0.58463
f 581/3118 608/3119 605/3120
vt -0.52648 0.06308
vt -0.40899 -0.16283
vt -0.34895 -0.11958
f 573/3121 561/3122 553/3123
vt -0.52648 0.06308
vt -0.34895 -0.11958
vt -0.45955 0.09384
f 573/3124 553/3125 571/3126
vt 0.06502 -0.19453
vt 0.08227 -0.21127
vt 0.09103 -0.20413
f 546/3127 550/3128 622/3129
vt 0.06502 -0.19453
vt 0.09103 -0.20413
vt 0.07195 -0.18561
f 546/3130 622/3131 618/3132
vt -0.77758 -0.42833
vt -0.42873 -0.17705
vt -0.54848 0.05297
f 559/3133 567/3134 576/3135
vt -0.77758 -0.42833
vt -0.54848 0.05297
vt -0.93737 -0.12577
f 559/3136 576/3137 570/3138
vt -0.06502 -0.52308
vt 0.06502 -0.52308
vt 0.07195 -0.50479
f 496/3139 495/3140 590/3141
vt -0.06502 -0.52308
vt 0.07195 -0.50479
vt -0.07195 -0.50479
f 496/3142 590/3143 589/3144
vt -0.34895 -0.11958
vt -0.40899 -0.16283
vt -0.52648 0.06308
f 556/3145 563/3146 574/3147
vt -0.34895 -0.11958
vt -0.52648 0.06308
vt -0.45955 0.09384
f 556/3148 574/3149 572/3150
vt 0.08227 -0.44039
vt 0.06502 -0.42398
vt 0.07195 -0.41521
f 549/3151 545/3152 617/3153
vt 0.08227 -0.44039
vt 0.07195 -0.41521
vt 0.09103 -0.43337
f 549/3154 617/3155 621/3156
vt -0.06502 0.09384
vt -0.06502 -0.11958
vt 0.06502 -0.11958
f 571/3157 553/3158 556/3159
vt -0.06502 0.09384
vt 0.06502 -0.11958
vt 0.06502 0.09384
f 571/3160 556/3161 572/3162
vt -0.06502 -0.59554
vt -0.06502 -0.52308
vt -0.07195 -0.50479
f 508/3163 496/3164 589/3165
vt -0.06502 -0.59554
vt -0.07195 -0.50479
vt -0.07195 -0.58498
f 508/3166 589/3167 588/3168
vt 0.08227 -0.12577
vt 0.08227 -0.42833
vt -0.08227 -0.42833
f 569/3169 558/3170 559/3171
vt 0.08227 -0.12577
vt -0.08227 -0.42833
vt -0.08227 -0.12577
f 569/3172 559/3173 570/3174
vt -0.61936 0.28680
vt -0.56995 0.09764
vt -0.54739 0.10674
f 518/3175 519/3176 510/3177
vt -0.61936 0.28680
vt -0.54739 0.10674
vt -0.59554 0.29173
f 518/3178 510/3179 508/3180
vt -0.61936 0.28680
vt -0.56995 0.09764
vt -0.96867 -0.06322
f 514/3181 515/3182 498/3183
vt -0.61936 0.28680
vt -0.96867 -0.06322
vt -1.04039 0.19973
f 514/3184 498/3185 494/3186
vt -0.59554 0.29173
vt -0.54739 0.10674
vt -0.47878 0.13443
f 508/3187 510/3188 500/3189
vt -0.59554 0.29173
vt -0.47878 0.13443
vt -0.52308 0.30671
f 508/3190 500/3191 496/3192
vt -0.59554 0.29173
vt -0.54739 0.10674
vt -0.56995 0.09764
f 507/3193 509/3194 515/3195
vt -0.59554 0.29173
vt -0.56995 0.09764
vt -0.61936 0.28680
f 507/3196 515/3197 514/3198
vt -0.52308 0.30671
vt -0.47878 0.13443
vt -0.54739 0.10674
f 495/3199 499/3200 509/3201
vt -0.52308 0.30671
vt -0.54739 0.10674
vt -0.59554 0.29173
f 495/3202 509/3203 507/3204
vt -0.06502 0.30671
vt -0.06502 0.13443
vt 0.06502 0.13443
f 496/3205 500/3206 499/3207
vt -0.06502 0.30671
vt 0.06502 0.13443
vt 0.06502 0.30671
f 496/3208 499/3209 495/3210
vt 0.08227 0.19973
vt 0.08227 -0.06322
vt -0.08227 -0.06322
f 494/3211 498/3212 497/3213
vt 0.08227 0.19973
vt -0.08227 -0.06322
vt -0.08227 0.19973
f 494/3214 497/3215 493/3216
vt -1.04039 0.19973
vt -0.96867 -0.06322
vt -0.56995 0.09764
f 493/3217 497/3218 519/3219
vt -1.04039 0.19973
vt -0.56995 0.09764
vt -0.61936 0.28680
f 493/3220 519/3221 518/3222
vt -0.61825 0.47372
vt -0.61913 0.32418
vt -0.59522 0.32812
f 517/3223 584/3224 581/3225
vt -0.61825 0.47372
vt -0.59522 0.32812
vt -0.59393 0.47372
f 517/3226 581/3227 506/3228
vt -0.61825 0.47372
vt -0.61913 0.32418
vt -1.04195 0.25453
f 513/3229 583/3230 578/3231
vt -0.61825 0.47372
vt -1.04195 0.25453
vt -1.04819 0.47372
f 513/3232 578/3233 490/3234
vt -0.59393 0.47372
vt -0.59522 0.32812
vt -0.61913 0.32418
f 505/3235 582/3236 583/3237
vt -0.59393 0.47372
vt -0.61913 0.32418
vt -0.61825 0.47372
f 505/3238 583/3239 513/3240
vt -0.59393 0.47372
vt -0.59522 0.32812
vt -0.52245 0.34011
f 506/3241 581/3242 580/3243
vt -0.59393 0.47372
vt -0.52245 0.34011
vt -0.51993 0.47372
f 506/3244 580/3245 492/3246
vt -0.06502 0.47372
vt -0.06502 0.34011
vt 0.06502 0.34011
f 492/3247 580/3248 577/3249
vt -0.06502 0.47372
vt 0.06502 0.34011
vt 0.06502 0.47372
f 492/3250 577/3251 491/3252
vt 0.08227 0.47372
vt 0.08227 0.25453
vt -0.08227 0.25453
f 490/3253 578/3254 579/3255
vt 0.08227 0.47372
vt -0.08227 0.25453
vt -0.08227 0.47372
f 490/3256 579/3257 489/3258
vt -1.04819 0.47372
vt -1.04195 0.25453
vt -0.61913 0.32418
f 489/3259 579/3260 584/3261
vt -1.04819 0.47372
vt -0.61913 0.32418
vt -0.61825 0.47372
f 489/3262 584/3263 517/3264
vt -0.51993 0.47372
vt -0.52245 0.34011
vt -0.59522 0.32812
f 491/3265 577/3266 582/3267
vt -0.51993 0.47372
vt -0.59522 0.32812
vt -0.59393 0.47372
f 491/3268 582/3269 505/3270
vt -0.58463 0.33203
vt -0.50410 0.34529
vt -0.50479 0.30833
f 606/3271 591/3272 590/3273
vt -0.58463 0.33203
vt -0.50479 0.30833
vt -0.58498 0.29175
f 606/3274 590/3275 601/3276
vt -0.61109 0.32767
vt -1.07897 0.25059
vt -1.07724 0.18995
f 608/3277 592/3278 585/3279
vt -0.61109 0.32767
vt -1.07724 0.18995
vt -0.61133 0.28630
f 608/3280 585/3281 602/3282
vt -0.09103 0.25059
vt 0.09103 0.25059
vt 0.09103 0.18995
f 592/3283 647/3284 586/3285
vt -0.09103 0.25059
vt 0.09103 0.18995
vt -0.09103 0.18995
f 592/3286 586/3287 585/3288
vt 0.07195 0.34529
vt -0.07195 0.34529
vt -0.07195 0.30833
f 591/3289 648/3290 589/3291
vt 0.07195 0.34529
vt -0.07195 0.30833
vt 0.07195 0.30833
f 591/3292 589/3293 590/3294
vt -0.50410 0.34529
vt -0.58463 0.33203
vt -0.58498 0.29175
f 648/3295 605/3296 588/3297
vt -0.50410 0.34529
vt -0.58498 0.29175
vt -0.50479 0.30833
f 648/3298 588/3299 589/3300
vt -0.61109 0.32767
vt -0.58463 0.33203
vt -0.58498 0.29175
f 607/3301 606/3302 601/3303
vt -0.61109 0.32767
vt -0.58498 0.29175
vt -0.61133 0.28630
f 607/3304 601/3305 587/3306
vt -1.07897 0.25059
vt -0.61109 0.32767
vt -0.61133 0.28630
f 647/3307 607/3308 587/3309
vt -1.07897 0.25059
vt -0.61133 0.28630
vt -1.07724 0.18995
f 647/3310 587/3311 586/3312
vt -0.58463 0.33203
vt -0.61109 0.32767
vt -0.61133 0.28630
f 605/3313 608/3314 602/3315
vt -0.58463 0.33203
vt -0.61133 0.28630
vt -0.58498 0.29175
f 605/3316 602/3317 588/3318
vt -0.21243 -0.41521
vt -0.23203 -0.43337
vt -0.20413 -0.46163
f 619/3319 623/3320 624/3321
vt -0.21243 -0.41521
vt -0.20413 -0.46163
vt -0.18561 -0.44253
f 619/3322 624/3323 620/3324
vt -0.57863 -0.75434
vt -0.23203 -0.43337
vt -0.20413 -0.46163
f 613/3325 621/3326 622/3327
vt -0.57863 -0.75434
vt -0.20413 -0.46163
vt -0.53165 -0.79921
f 613/3328 622/3329 614/3330
vt -0.15277 -0.35997
vt -0.21243 -0.41521
vt -0.18561 -0.44253
f 612/3331 619/3332 620/3333
vt -0.15277 -0.35997
vt -0.18561 -0.44253
vt -0.12924 -0.38443
f 612/3334 620/3335 611/3336
vt -0.23203 -0.43337
vt -0.21243 -0.41521
vt -0.18561 -0.44253
f 621/3337 617/3338 618/3339
vt -0.23203 -0.43337
vt -0.18561 -0.44253
vt -0.20413 -0.46163
f 621/3340 618/3341 622/3342
vt -0.21243 -0.41521
vt -0.15277 -0.35997
vt -0.12924 -0.38443
f 617/3343 616/3344 615/3345
vt -0.21243 -0.41521
vt -0.12924 -0.38443
vt -0.18561 -0.44253
f 617/3346 615/3347 618/3348
vt 0.07195 -0.35997
vt -0.07195 -0.35997
vt -0.07195 -0.38443
f 616/3349 612/3350 611/3351
vt 0.07195 -0.35997
vt -0.07195 -0.38443
vt 0.07195 -0.38443
f 616/3352 611/3353 615/3354
vt -0.09103 -0.57863
vt 0.09103 -0.57863
vt 0.09103 -0.53165
f 609/3355 613/3356 614/3357
vt -0.09103 -0.57863
vt 0.09103 -0.53165
vt -0.09103 -0.53165
f 609/3358 614/3359 610/3360
vt -0.23203 -0.43337
vt -0.57863 -0.75434
vt -0.53165 -0.79921
f 623/3361 609/3362 610/3363
vt -0.23203 -0.43337
vt -0.53165 -0.79921
vt -0.20413 -0.46163
f 623/3364 610/3365 624/3366
vt -0.40206 -0.15378
vt -0.42389 -0.16952
vt -0.38641 -0.22632
f 633/3367 639/3368 640/3369
vt -0.40206 -0.15378
vt -0.38641 -0.22632
vt -0.36462 -0.21053
f 633/3370 640/3371 634/3372
vt -0.80993 -0.44758
vt -0.42389 -0.16952
vt -0.38641 -0.22632
f 630/3373 637/3374 638/3375
vt -0.80993 -0.44758
vt -0.38641 -0.22632
vt -0.77162 -0.50553
f 630/3376 638/3377 629/3378
vt -0.42389 -0.16952
vt -0.40206 -0.15378
vt -0.36462 -0.21053
f 637/3379 635/3380 636/3381
vt -0.42389 -0.16952
vt -0.36462 -0.21053
vt -0.38641 -0.22632
f 637/3382 636/3383 638/3384
vt -0.33562 -0.10593
vt -0.40206 -0.15378
vt -0.36462 -0.21053
f 625/3385 633/3386 634/3387
vt -0.33562 -0.10593
vt -0.36462 -0.21053
vt -0.29832 -0.16248
f 625/3388 634/3389 626/3390
vt -0.09103 -0.44758
vt 0.09103 -0.44758
vt 0.09103 -0.50553
f 631/3391 630/3392 629/3393
vt -0.09103 -0.44758
vt 0.09103 -0.50553
vt -0.09103 -0.50553
f 631/3394 629/3395 632/3396
vt -0.42389 -0.16952
vt -0.80993 -0.44758
vt -0.77162 -0.50553
f 639/3397 631/3398 632/3399
vt -0.42389 -0.16952
vt -0.77162 -0.50553
vt -0.38641 -0.22632
f 639/3400 632/3401 640/3402
vt -0.40206 -0.15378
vt -0.33562 -0.10593
vt -0.29832 -0.16248
f 635/3403 628/3404 627/3405
vt -0.40206 -0.15378
vt -0.29832 -0.16248
vt -0.36462 -0.21053
f 635/3406 627/3407 636/3408
vt 0.07195 -0.10593
vt -0.07195 -0.10593
vt -0.07195 -0.16248
f 628/3409 625/3410 626/3411
vt 0.07195 -0.10593
vt -0.07195 -0.16248
vt 0.07195 -0.16248
f 628/3412 626/3413 627/3414
vt -0.53863 0.11333
vt -0.56359 0.10326
vt -0.53983 0.05382
f 596/3415 604/3416 646/3417
vt -0.53863 0.11333
vt -0.53983 0.05382
vt -0.51549 0.06501
f 596/3418 646/3419 643/3420
vt -1.00480 -0.07475
vt -0.56359 0.10326
vt -0.53983 0.05382
f 594/3421 595/3422 645/3423
vt -1.00480 -0.07475
vt -0.53983 0.05382
vt -0.97018 -0.14397
f 594/3424 645/3425 641/3426
vt -0.56359 0.10326
vt -0.53863 0.11333
vt -0.51549 0.06501
f 595/3427 603/3428 644/3429
vt -0.56359 0.10326
vt -0.51549 0.06501
vt -0.53983 0.05382
f 595/3430 644/3431 645/3432
vt -0.46270 0.14396
vt -0.53863 0.11333
vt -0.51549 0.06501
f 597/3433 596/3434 643/3435
vt -0.46270 0.14396
vt -0.51549 0.06501
vt -0.44143 0.09905
f 597/3436 643/3437 642/3438
vt -0.56359 0.10326
vt -1.00480 -0.07475
vt -0.97018 -0.14397
f 604/3439 593/3440 599/3441
vt -0.56359 0.10326
vt -0.97018 -0.14397
vt -0.53983 0.05382
f 604/3442 599/3443 646/3444
vt -0.53863 0.11333
vt -0.46270 0.14396
vt -0.44143 0.09905
f 603/3445 598/3446 600/3447
vt -0.53863 0.11333
vt -0.44143 0.09905
vt -0.51549 0.06501
f 603/3448 600/3449 644/3450
vt 0.07195 0.14396
vt -0.07195 0.14396
vt -0.07195 0.09905
f 598/3451 597/3452 642/3453
vt 0.07195 0.14396
vt -0.07195 0.09905
vt 0.07195 0.09905
f 598/3454 642/3455 600/3456
vt -0.09103 -0.07475
vt 0.09103 -0.07475
vt 0.09103 -0.14397
f 593/3457 594/3458 641/3459
vt -0.09103 -0.07475
vt 0.09103 -0.14397
vt -0.09103 -0.14397
f 593/3460 641/3461 599/3462
vt -0.08227 -0.54970
vt 0.08227 -0.54970
vt 0.09103 -0.57863
f 537/3463 541/3464 613/3465
vt -0.08227 -0.54970
vt 0.09103 -0.57863
vt -0.09103 -0.57863
f 537/3466 613/3467 609/3468
vt 0.08227 -0.77100
vt -0.08227 -0.77100
vt -0.09103 -0.79921
f 542/3469 538/3470 610/3471
vt 0.08227 -0.77100
vt -0.09103 -0.79921
vt 0.09103 -0.79921
f 542/3472 610/3473 614/3474
vt -0.06502 -0.40899
vt -0.08227 -0.42873
vt -0.09103 -0.42389
f 561/3475 567/3476 639/3477
vt -0.06502 -0.40899
vt -0.09103 -0.42389
vt -0.07195 -0.40206
f 561/3478 639/3479 633/3480
vt 0.06502 -0.52308
vt 0.06502 -0.59554
vt 0.07195 -0.58498
f 495/3481 507/3482 601/3483
vt 0.06502 -0.52308
vt 0.07195 -0.58498
vt 0.07195 -0.50479
f 495/3484 601/3485 590/3486
vt 0.08227 -0.54970
vt 0.08227 -0.23649
vt 0.09103 -0.23203
f 541/3487 549/3488 621/3489
vt 0.08227 -0.54970
vt 0.09103 -0.23203
vt 0.09103 -0.57863
f 541/3490 621/3491 613/3492
vt 0.06502 -0.59554
vt 0.08227 -0.61936
vt 0.09103 -0.61133
f 507/3493 514/3494 587/3495
vt 0.06502 -0.59554
vt 0.09103 -0.61133
vt 0.07195 -0.58498
f 507/3496 587/3497 601/3498
vt -0.08227 -0.61936
vt -0.06502 -0.59554
vt -0.07195 -0.58498
f 518/3499 508/3500 588/3501
vt -0.08227 -0.61936
vt -0.07195 -0.58498
vt -0.09103 -0.61133
f 518/3502 588/3503 602/3504
vt 0.08227 -0.46593
vt 0.08227 -0.77100
vt 0.09103 -0.79921
f 550/3505 542/3506 614/3507
vt 0.08227 -0.46593
vt 0.09103 -0.79921
vt 0.09103 -0.46163
f 550/3508 614/3509 622/3510
vt -0.08227 -0.39485
vt -0.06502 -0.37516
vt -0.07195 -0.36462
f 568/3511 562/3512 634/3513
vt -0.08227 -0.39485
vt -0.07195 -0.36462
vt -0.09103 -0.38641
f 568/3514 634/3515 640/3516
vt 0.06502 -0.52245
vt -0.06502 -0.52245
vt -0.07195 -0.50410
f 577/3517 580/3518 648/3519
vt 0.06502 -0.52245
vt -0.07195 -0.50410
vt 0.07195 -0.50410
f 577/3520 648/3521 591/3522
vt -0.08227 -0.93737
vt -0.08227 -0.54848
vt -0.09103 -0.53983
f 570/3523 576/3524 646/3525
vt -0.08227 -0.93737
vt -0.09103 -0.53983
vt -0.09103 -0.97018
f 570/3526 646/3527 599/3528
vt 0.08227 -0.56995
vt 0.06502 -0.54739
vt 0.07195 -0.53863
f 515/3529 509/3530 603/3531
vt 0.08227 -0.56995
vt 0.07195 -0.53863
vt 0.09103 -0.56359
f 515/3532 603/3533 595/3534
vt 0.06502 -0.11958
vt -0.06502 -0.11958
vt -0.07195 -0.10593
f 556/3535 553/3536 625/3537
vt 0.06502 -0.11958
vt -0.07195 -0.10593
vt 0.07195 -0.10593
f 556/3538 625/3539 628/3540
vt 0.06502 -0.54739
vt 0.06502 -0.47878
vt 0.07195 -0.46270
f 509/3541 499/3542 598/3543
vt 0.06502 -0.54739
vt 0.07195 -0.46270
vt 0.07195 -0.53863
f 509/3544 598/3545 603/3546
vt -0.06502 -0.31524
vt 0.06502 -0.31524
vt 0.07195 -0.29832
f 554/3547 555/3548 627/3549
vt -0.06502 -0.31524
vt 0.07195 -0.29832
vt -0.07195 -0.29832
f 554/3550 627/3551 626/3552
vt -0.06502 -0.54739
vt -0.08227 -0.56995
vt -0.09103 -0.56359
f 510/3553 519/3554 604/3555
vt -0.06502 -0.54739
vt -0.09103 -0.56359
vt -0.07195 -0.53863
f 510/3556 604/3557 596/3558
vt -0.08227 -0.23649
vt -0.08227 -0.54970
vt -0.09103 -0.57863
f 551/3559 537/3560 609/3561
vt -0.08227 -0.23649
vt -0.09103 -0.57863
vt -0.09103 -0.23203
f 551/3562 609/3563 623/3564
vt 0.08227 -0.77758
vt 0.08227 -0.42873
vt 0.09103 -0.42389
f 558/3565 565/3566 637/3567
vt 0.08227 -0.77758
vt 0.09103 -0.42389
vt 0.09103 -0.80993
f 558/3568 637/3569 630/3570
vt -0.08227 -0.77100
vt -0.08227 -0.46593
vt -0.09103 -0.46163
f 538/3571 552/3572 624/3573
vt -0.08227 -0.77100
vt -0.09103 -0.46163
vt -0.09103 -0.79921
f 538/3574 624/3575 610/3576
vt -0.06502 -0.16487
vt -0.06502 -0.21877
vt -0.07195 -0.21243
f 540/3577 547/3578 619/3579
vt -0.06502 -0.16487
vt -0.07195 -0.21243
vt -0.07195 -0.15277
f 540/3580 619/3581 612/3582
vt 0.08227 -0.39485
vt 0.08227 -0.74296
vt 0.09103 -0.77162
f 566/3583 557/3584 629/3585
vt 0.08227 -0.39485
vt 0.09103 -0.77162
vt 0.09103 -0.38641
f 566/3586 629/3587 638/3588
vt -0.08227 -1.04195
vt 0.08227 -1.04195
vt 0.09103 -1.07897
f 579/3589 578/3590 647/3591
vt -0.08227 -1.04195
vt 0.09103 -1.07897
vt -0.09103 -1.07897
f 579/3592 647/3593 592/3594
vt 0.06502 -0.45955
vt 0.06502 -0.52648
vt 0.07195 -0.51549
f 572/3595 574/3596 644/3597
vt 0.06502 -0.45955
vt 0.07195 -0.51549
vt 0.07195 -0.44143
f 572/3598 644/3599 600/3600
vt -0.06502 -0.44868
vt -0.06502 -0.39617
vt -0.07195 -0.38443
f 548/3601 539/3602 611/3603
vt -0.06502 -0.44868
vt -0.07195 -0.38443
vt -0.07195 -0.44253
f 548/3604 611/3605 620/3606
vt -0.08227 -1.04039
vt -0.08227 -0.61936
vt -0.09103 -0.61133
f 493/3607 518/3608 602/3609
vt -0.08227 -1.04039
vt -0.09103 -0.61133
vt -0.09103 -1.07724
f 493/3610 602/3611 585/3612
vt 0.08227 -1.04039
vt -0.08227 -1.04039
vt -0.09103 -1.07724
f 494/3613 493/3614 585/3615
vt 0.08227 -1.04039
vt -0.09103 -1.07724
vt 0.09103 -1.07724
f 494/3616 585/3617 586/3618
vt 0.08227 -0.42873
vt 0.06502 -0.40899
vt 0.07195 -0.40206
f 565/3619 563/3620 635/3621
vt 0.08227 -0.42873
vt 0.07195 -0.40206
vt 0.09103 -0.42389
f 565/3622 635/3623 637/3624
vt 0.08227 -0.61936
vt 0.08227 -1.04039
vt 0.09103 -1.07724
f 514/3625 494/3626 586/3627
vt 0.08227 -0.61936
vt 0.09103 -1.07724
vt 0.09103 -0.61133
f 514/3628 586/3629 587/3630
vt -0.08227 -0.56995
vt -0.08227 -0.96867
vt -0.09103 -1.00480
f 519/3631 497/3632 593/3633
vt -0.08227 -0.56995
vt -0.09103 -1.00480
vt -0.09103 -0.56359
f 519/3634 593/3635 604/3636
vt 0.06502 -0.37516
vt 0.08227 -0.39485
vt 0.09103 -0.38641
f 564/3637 566/3638 638/3639
vt 0.06502 -0.37516
vt 0.09103 -0.38641
vt 0.07195 -0.36462
f 564/3640 638/3641 636/3642
vt -0.08227 -0.61913
vt -0.08227 -1.04195
vt -0.09103 -1.07897
f 584/3643 579/3644 592/3645
vt -0.08227 -0.61913
vt -0.09103 -1.07897
vt -0.09103 -0.61109
f 584/3646 592/3647 608/3648
vt -0.06502 -0.45955
vt 0.06502 -0.45955
vt 0.07195 -0.44143
f 571/3649 572/3650 600/3651
vt -0.06502 -0.45955
vt 0.07195 -0.44143
vt -0.07195 -0.44143
f 571/3652 600/3653 642/3654
vt 0.08227 -0.50725
vt 0.08227 -0.25758
vt -0.08227 -0.25758
f 542/3655 502/3656 501/3657
vt 0.08227 -0.50725
vt -0.08227 -0.25758
vt -0.08227 -0.50725
f 542/3658 501/3659 538/3660
