mtllib pink_guns.mtl
o Body
g Body
usemtl PinkWhite
v -0.20796 -0.92935 -0.77568
v 0.20797 -0.92935 -0.77568
v -0.20796 -0.25230 -0.38957
v 0.20796 -0.13038 -0.64920
v 0.12988 -0.11800 -0.84152
v 0.17816 -0.12163 -0.78519
v -0.20797 -0.13038 -0.64920
v -0.12988 -0.11800 -0.84152
v -0.17816 -0.12163 -0.78519
v 0.20796 0.08807 -0.61124
v 0.12988 0.08807 -0.80416
v 0.17816 0.08807 -0.74766
v -0.12988 0.08807 -0.80416
v -0.17816 0.08807 -0.74766
v -0.12988 -0.78910 -1.33819
v -0.20796 -0.83150 -1.16812
v -0.17816 -0.80152 -1.28838
v 0.12988 -0.78910 -1.33819
v 0.20797 -0.83150 -1.16812
v 0.17816 -0.80152 -1.28838
v 0.20796 -0.22264 -0.72720
v 0.12988 -0.20605 -0.91597
v 0.17816 -0.21091 -0.86068
v -0.20796 -0.22264 -0.72720
v -0.12988 -0.20605 -0.91597
v -0.17816 -0.21091 -0.86068
v 0.12988 -0.00738 -0.80367
v 0.20796 -0.01803 -0.61075
v 0.17816 -0.01050 -0.74716
v -0.12988 -0.00738 -0.80367
v -0.20797 -0.01803 -0.61075
v -0.17816 -0.01050 -0.74716
v -0.20797 -0.03024 -0.38957
v -0.20797 -0.14710 -0.38957
v 0.20796 -0.03024 -0.38957
v 0.20796 -0.25230 -0.38957
v -0.20797 0.08807 -0.61124
v 0.20796 -0.14710 -0.38957
v -0.20797 -0.02172 -0.38957
v -0.20797 0.08807 -0.49936
v -0.20797 0.05592 -0.42172
v 0.20796 0.08807 -0.49936
v 0.20796 -0.02172 -0.38957
v 0.20796 0.05592 -0.42172
v 0.22082 -1.06450 -0.82700
v -0.22082 -1.06450 -0.82700
v 0.22082 -0.95130 -0.75501
v -0.22082 -0.95130 -0.75501
v 0.22082 -1.06726 -0.73538
v -0.22082 -1.06726 -0.73538
v 0.22082 -1.01957 -0.70979
v -0.22082 -1.01957 -0.70979
v 0.14001 -0.89527 -1.42792
v 0.22082 -0.94214 -1.26149
v 0.18989 -0.90900 -1.37917
v -0.22082 -0.94214 -1.26149
v -0.14001 -0.89527 -1.42792
v -0.18989 -0.90900 -1.37917
v -0.14001 -0.80239 -1.35230
v -0.22082 -0.84479 -1.18223
v -0.18989 -0.81481 -1.30248
v 0.22082 -0.84479 -1.18223
v 0.14001 -0.80239 -1.35230
v 0.18989 -0.81481 -1.30248
v 0.22755 0.41185 1.20518
v -0.22755 0.41185 1.20518
v 0.22755 0.27115 -0.98442
v -0.22755 0.27115 -0.98442
v 0.19323 0.90601 -1.09935
v 0.22755 0.76020 -1.09935
v 0.21750 0.86331 -1.09935
v -0.22755 0.76020 -1.09935
v -0.19323 0.90601 -1.09935
v -0.21750 0.86331 -1.09935
v 0.22755 0.76020 1.30255
v 0.19323 0.90601 1.30255
v 0.21750 0.86331 1.30255
v -0.19323 0.90601 1.30255
v -0.22755 0.76020 1.30255
v -0.21750 0.86331 1.30255
v -0.19323 0.90601 1.20518
v -0.22755 0.76020 1.20518
v -0.21750 0.86331 1.20518
v 0.22755 0.76020 1.20518
v 0.19323 0.90601 1.20518
v 0.21750 0.86331 1.20518
v 0.19323 0.90601 -0.98442
v 0.22755 0.76020 -0.98442
v 0.21750 0.86331 -0.98442
v -0.19323 0.90601 -0.98442
v -0.22755 0.76020 -0.98442
v -0.21750 0.86331 -0.98442
v 0.22755 0.27115 -1.01699
v 0.22755 0.35351 -1.09935
v -0.22755 0.35351 -1.09935
v -0.22755 0.27115 -1.01699
v 0.22755 0.49421 1.30255
v 0.22755 0.41185 1.22019
v -0.22755 0.41185 1.22019
v -0.22755 0.49421 1.30255
v -0.22755 0.41185 0.36984
v 0.22755 0.41185 0.36984
v -0.22755 0.76020 0.36984
v -0.21750 0.86331 0.36984
v -0.19323 0.90601 0.36984
v 0.22755 0.76020 0.36984
v 0.21750 0.86331 0.36984
v 0.19323 0.90601 0.36984
v -0.22755 0.52079 0.55114
v -0.22755 0.57941 0.49252
v -0.22755 0.46819 0.46667
v -0.22755 0.57941 1.08250
v -0.22755 0.52079 1.02388
v -0.22755 0.46819 1.10835
v -0.22755 0.63541 0.49252
v -0.22755 0.69402 0.55114
v -0.22755 0.72185 0.44093
v -0.22755 0.69402 1.02388
v -0.22755 0.63541 1.08250
v -0.22755 0.72185 1.13409
v -0.18884 0.57941 0.49252
v -0.18884 0.52079 0.55114
v -0.18884 0.52079 1.02388
v -0.18884 0.57941 1.08250
v -0.18884 0.69402 0.55114
v -0.18884 0.63541 0.49252
v -0.18884 0.63541 1.08250
v -0.18884 0.69402 1.02388
v 0.22755 0.27115 0.26124
v -0.21750 0.86331 0.26124
v -0.19323 0.90601 0.26124
v 0.22755 0.76020 0.26124
v -0.22755 0.27115 0.26124
v -0.22755 0.76020 0.26124
v 0.21750 0.86331 0.26124
v 0.19323 0.90601 0.26124
v 0.13407 0.67345 -1.40815
v 0.13407 0.67345 -1.02861
v 0.10846 0.59465 -1.40815
v 0.10846 0.59465 -1.02861
v 0.04143 0.54595 -1.40815
v 0.04143 0.54595 -1.02861
v -0.04143 0.54595 -1.40815
v -0.04143 0.54595 -1.02861
v -0.10846 0.59465 -1.40815
v -0.10846 0.59465 -1.02861
v -0.13407 0.67345 -1.40815
v -0.13407 0.67345 -1.02861
v -0.10846 0.75225 -1.40815
v -0.10846 0.75225 -1.02861
v -0.04143 0.80096 -1.40815
v -0.04143 0.80096 -1.02861
v 0.04143 0.80096 -1.40815
v 0.04143 0.80096 -1.02861
v 0.10846 0.75225 -1.40815
v 0.10846 0.75225 -1.02861
v 0.08312 0.06984 -2.65132
v 0.14751 0.45862 -2.65132
v 0.14751 0.45862 -1.37451
v 0.06245 -0.00617 -2.65132
v -0.14751 0.45862 -1.37451
v 0.06245 0.25224 -1.59648
v -0.14751 0.45862 -2.65132
v 0.08312 0.28438 -1.58087
v 0.09169 0.45862 -2.65132
v 0.09169 0.45862 -1.50621
v -0.09169 0.45862 -1.50621
v -0.09169 0.45862 -2.65132
v 0.14751 0.78957 -2.65132
v 0.10047 0.90926 -2.65132
v 0.13373 0.85664 -2.65132
v 0.14751 0.78957 -1.24777
v 0.10047 0.90602 -1.24777
v 0.13373 0.85664 -1.24777
v -0.10047 0.90926 -2.65132
v -0.14751 0.78957 -2.65132
v -0.13373 0.85664 -2.65132
v -0.10047 0.90602 -1.24777
v -0.14751 0.78957 -1.24777
v -0.13373 0.85664 -1.24777
v 0.09169 0.42214 -1.50807
v 0.09169 0.25335 -2.65132
v -0.08312 0.06984 -2.65132
v -0.06245 -0.00617 -2.65132
v -0.06245 0.25224 -1.59648
v -0.08312 0.28438 -1.58087
v -0.09169 0.25335 -2.65132
v -0.09169 0.42214 -1.50807
v 0.09169 0.45862 -2.45685
v -0.09169 0.45862 -2.45685
v -0.08312 0.28872 -2.45685
v 0.06245 0.23464 -2.45685
v -0.06245 0.23464 -2.45685
v -0.14751 0.45862 -2.45685
v 0.08312 0.28872 -2.45685
v 0.09169 0.41927 -2.45685
v 0.14751 0.45862 -2.45685
v 0.10047 0.90602 -2.45685
v 0.13373 0.85664 -2.45685
v 0.14751 0.78957 -2.45685
v -0.10047 0.90602 -2.45685
v -0.13373 0.85664 -2.45685
v -0.14751 0.78957 -2.45685
v -0.09169 0.41927 -2.45685
v 0.09149 0.41892 -1.50977
v 0.04214 0.16074 -0.16348
v -0.04215 0.16074 -0.16348
v 0.04214 0.14440 -0.07288
v -0.04215 0.14440 -0.07288
v 0.04214 0.04067 -0.19540
v -0.04215 0.04067 -0.19540
v 0.04214 0.03844 -0.13459
v -0.04215 0.03844 -0.13459
v 0.04214 -0.05138 -0.17917
v -0.04215 -0.05138 -0.17917
v 0.04214 -0.02718 -0.12507
v -0.04215 -0.02718 -0.12507
v 0.04214 -0.13859 -0.13316
v -0.04215 -0.13859 -0.13316
v 0.04214 -0.10581 -0.10959
v -0.04215 -0.10581 -0.10959
v 0.04214 -0.18112 -0.06486
v -0.04215 -0.18112 -0.06486
v 0.04214 -0.14078 -0.06324
v -0.04215 -0.14078 -0.06324
v -0.14199 0.56720 1.42717
v -0.00311 0.50967 1.42717
v -0.19952 0.70609 1.42717
v -0.14199 0.84497 1.42717
v -0.00311 0.90250 1.42717
v 0.13578 0.84497 1.42717
v 0.19331 0.70609 1.42717
v 0.13578 0.56720 1.42717
v -0.13525 0.57394 1.47293
v -0.00311 0.51920 1.47293
v -0.18999 0.70609 1.47293
v -0.13525 0.83824 1.47293
v -0.00311 0.89297 1.47293
v 0.12904 0.83824 1.47293
v 0.18378 0.70609 1.47293
v 0.12904 0.57394 1.47293
v -0.06609 0.64310 1.47838
v -0.00311 0.61701 1.47838
v -0.09218 0.70609 1.47838
v -0.06609 0.76907 1.47838
v -0.00311 0.79516 1.47838
v 0.05988 0.76907 1.47838
v 0.08597 0.70609 1.47838
v 0.05988 0.64310 1.47838
v -0.06609 0.64310 2.14372
v -0.00310 0.61701 2.14372
v -0.09218 0.70609 2.14372
v -0.06609 0.76907 2.14372
v -0.00310 0.79516 2.14372
v 0.05988 0.76907 2.14372
v 0.08597 0.70609 2.14372
v 0.05988 0.64310 2.14372
v -0.09048 0.61871 2.14372
v -0.00310 0.58252 2.14372
v -0.12667 0.70609 2.14372
v -0.09048 0.79346 2.14372
v -0.00310 0.82965 2.14372
v 0.08427 0.79346 2.14372
v 0.12046 0.70609 2.14372
v 0.08427 0.61871 2.14372
v -0.09048 0.61871 2.21914
v -0.00310 0.58252 2.21914
v -0.12667 0.70609 2.21914
v -0.09048 0.79346 2.21914
v -0.00310 0.82965 2.21914
v 0.08427 0.79346 2.21914
v 0.12046 0.70609 2.21914
v 0.08427 0.61871 2.21914
v -0.07261 0.63659 2.21914
v -0.00310 0.60780 2.21914
v -0.10139 0.70609 2.21914
v -0.07261 0.77559 2.21914
v -0.00310 0.80438 2.21914
v 0.06640 0.77559 2.21914
v 0.09518 0.70609 2.21914
v 0.06640 0.63659 2.21914
v -0.07261 0.63659 2.25205
v -0.00310 0.60780 2.25205
v -0.10139 0.70609 2.25205
v -0.07261 0.77559 2.25205
v -0.00310 0.80438 2.25205
v 0.06640 0.77559 2.25205
v 0.09518 0.70609 2.25205
v 0.06640 0.63659 2.25205
v -0.08999 0.61920 2.25525
v -0.00310 0.58321 2.25525
v -0.12598 0.70609 2.25525
v -0.08999 0.79297 2.25525
v -0.00310 0.82896 2.25525
v 0.08378 0.79297 2.25525
v 0.11977 0.70609 2.25525
v 0.08378 0.61920 2.25525
v -0.08999 0.61920 2.30918
v -0.00310 0.58321 2.30918
v -0.12598 0.70609 2.30918
v -0.08999 0.79297 2.30918
v -0.00310 0.82896 2.30918
v 0.08378 0.79297 2.30918
v 0.11977 0.70609 2.30918
v 0.08378 0.61920 2.30918
v -0.07470 0.63449 2.30918
v -0.00310 0.60483 2.30918
v -0.10436 0.70609 2.30918
v -0.07470 0.77768 2.30918
v -0.00310 0.80734 2.30918
v 0.06849 0.77768 2.30918
v 0.09815 0.70609 2.30918
v 0.06849 0.63449 2.30918
v -0.07470 0.63449 2.34437
v -0.00310 0.60483 2.34437
v -0.10436 0.70609 2.34437
v -0.07470 0.77768 2.34437
v -0.00310 0.80734 2.34437
v 0.06849 0.77768 2.34437
v 0.09815 0.70609 2.34437
v 0.06849 0.63449 2.34437
v -0.08813 0.62106 2.34437
v -0.00310 0.58584 2.34437
v -0.12335 0.70609 2.34437
v -0.08813 0.79111 2.34437
v -0.00310 0.82633 2.34437
v 0.08192 0.79111 2.34437
v 0.11714 0.70609 2.34437
v 0.08192 0.62106 2.34437
v -0.08813 0.62106 2.75000
v -0.00310 0.58584 2.75000
v -0.12335 0.70609 2.75000
v -0.08813 0.79111 2.75000
v -0.00310 0.82633 2.75000
v 0.08192 0.79111 2.75000
v 0.11714 0.70609 2.75000
v 0.08192 0.62106 2.75000
v -0.06609 0.64310 2.75000
v -0.00310 0.61701 2.75000
v -0.09218 0.70609 2.75000
v -0.06609 0.76908 2.75000
v -0.00310 0.79517 2.75000
v 0.05988 0.76908 2.75000
v 0.08597 0.70609 2.75000
v 0.05988 0.64310 2.75000
v -0.06609 0.64310 2.37784
v -0.00310 0.61701 2.37784
v -0.09218 0.70609 2.37784
v -0.06609 0.76908 2.37784
v -0.00310 0.79517 2.37784
v 0.05988 0.76908 2.37784
v 0.08597 0.70609 2.37784
v 0.05988 0.64310 2.37784
v -0.06609 0.76907 1.57718
v -0.00310 0.79516 1.57718
v -0.06609 0.64310 1.57718
v -0.09218 0.70609 1.57718
v 0.08597 0.70609 1.57718
v 0.05988 0.64310 1.57718
v 0.05988 0.76907 1.57718
v -0.00310 0.61701 1.57718
v -0.06609 0.76907 1.88847
v -0.06609 0.64310 1.88847
v 0.08597 0.70609 1.88847
v -0.00310 0.61701 1.88847
v -0.00310 0.79516 1.88847
v -0.09218 0.70609 1.88847
v 0.05988 0.64310 1.88847
v 0.05988 0.76907 1.88847
v -0.00310 0.77528 1.85250
v -0.00310 0.77528 1.61315
v -0.07742 0.70609 1.85250
v -0.07742 0.70609 1.61315
v 0.04944 0.65716 1.85250
v 0.04944 0.65716 1.61315
v 0.04944 0.75502 1.85250
v 0.04944 0.75502 1.61315
v -0.05565 0.75502 1.61315
v -0.05565 0.65716 1.61315
v 0.07121 0.70609 1.61315
v -0.00310 0.63689 1.61315
v -0.05565 0.75502 1.85250
v -0.05565 0.65716 1.85250
v 0.07121 0.70609 1.85250
v -0.00310 0.63689 1.85250
v -0.14199 0.56720 1.24366
v -0.00311 0.50967 1.24366
v -0.19952 0.70609 1.24366
v -0.14199 0.84497 1.24366
v -0.00311 0.90250 1.24366
v 0.13578 0.84497 1.24366
v 0.19331 0.70609 1.24366
v 0.13578 0.56720 1.24366
vt -0.54100 -0.10865
vt -0.32464 -0.12258
vt -0.32464 -0.21025
vt -0.54100 -0.10865
vt -0.32464 -0.21025
vt -0.60600 -0.18553
vt -0.10823 -0.09833
vt 0.10823 -0.09833
vt 0.10823 -0.17171
vt -0.10823 -0.09833
vt 0.10823 -0.17171
vt -0.10823 -0.17171
vt -0.17330 -0.21025
vt -0.17330 -0.77446
vt 0.17331 -0.77446
vt -0.17330 -0.21025
vt 0.17331 -0.77446
vt 0.17330 -0.21025
vt -0.10823 -0.17171
vt 0.10823 -0.17171
vt 0.10823 -0.65758
vt -0.10823 -0.17171
vt 0.10823 -0.65758
vt -0.10823 -0.65758
vt -0.50896 -0.01503
vt -0.32464 -0.02520
vt -0.32464 -0.12258
vt -0.50896 -0.01503
vt -0.32464 -0.12258
vt -0.54100 -0.10865
vt -0.10823 -0.00615
vt 0.10823 -0.00615
vt 0.10823 -0.09833
vt -0.10823 -0.00615
vt 0.10823 -0.09833
vt -0.10823 -0.09833
vt -0.10823 0.07339
vt 0.10823 0.07339
vt 0.10823 -0.00615
vt -0.10823 0.07339
vt 0.10823 -0.00615
vt -0.10823 -0.00615
vt -0.60600 -0.18553
vt -0.32464 -0.21025
vt -0.64640 -0.77446
vt -0.60600 -0.18553
vt -0.64640 -0.77446
vt -0.97343 -0.69292
vt -0.50896 -0.01503
vt -0.54100 -0.10865
vt -0.65433 -0.10136
vt -0.50896 -0.01503
vt -0.65433 -0.10136
vt -0.62263 -0.00875
vt -0.62263 -0.00875
vt -0.65433 -0.10136
vt -0.70127 -0.09833
vt -0.62263 -0.00875
vt -0.70127 -0.09833
vt -0.66973 -0.00615
vt -0.50896 -0.01503
vt -0.50937 0.07339
vt -0.62305 0.07339
vt -0.50896 -0.01503
vt -0.62305 0.07339
vt -0.62263 -0.00875
vt -0.62263 -0.00875
vt -0.62305 0.07339
vt -0.67013 0.07339
vt -0.62263 -0.00875
vt -0.67013 0.07339
vt -0.66973 -0.00615
vt -0.76331 -0.17171
vt -0.70127 -0.09833
vt -0.65433 -0.10136
vt -0.76331 -0.17171
vt -0.65433 -0.10136
vt -0.71723 -0.17576
vt -0.71723 -0.17576
vt -0.65433 -0.10136
vt -0.54100 -0.10865
vt -0.71723 -0.17576
vt -0.54100 -0.10865
vt -0.60600 -0.18553
vt -0.32464 -0.21025
vt -0.60600 -0.18553
vt -0.97343 -0.69292
vt -0.32464 -0.21025
vt -0.97343 -0.69292
vt -0.64640 -0.77446
vt -0.76331 -0.17171
vt -1.11516 -0.65758
vt -1.07365 -0.66793
vt -0.76331 -0.17171
vt -1.07365 -0.66793
vt -0.71723 -0.17576
vt -1.07365 -0.66793
vt -0.71723 -0.17576
vt -0.60600 -0.18553
vt -1.07365 -0.66793
vt -0.60600 -0.18553
vt -0.97343 -0.69292
vt -0.70127 -0.09833
vt -0.76331 -0.17171
vt -0.71723 -0.17576
vt -0.70127 -0.09833
vt -0.71723 -0.17576
vt -0.65433 -0.10136
vt -0.65433 -0.10136
vt -0.71723 -0.17576
vt -0.60600 -0.18553
vt -0.65433 -0.10136
vt -0.60600 -0.18553
vt -0.54100 -0.10865
vt -0.50937 0.07339
vt -0.50896 -0.01503
vt -0.62263 -0.00875
vt -0.50937 0.07339
vt -0.62263 -0.00875
vt -0.62305 0.07339
vt -0.62305 0.07339
vt -0.62263 -0.00875
vt -0.66973 -0.00615
vt -0.62305 0.07339
vt -0.66973 -0.00615
vt -0.67013 0.07339
vt -0.54100 -0.10865
vt -0.50896 -0.01503
vt -0.62263 -0.00875
vt -0.54100 -0.10865
vt -0.62263 -0.00875
vt -0.65433 -0.10136
vt -0.65433 -0.10136
vt -0.62263 -0.00875
vt -0.66973 -0.00615
vt -0.65433 -0.10136
vt -0.66973 -0.00615
vt -0.70127 -0.09833
vt -1.11516 -0.65758
vt -0.76331 -0.17171
vt -0.71723 -0.17576
vt -1.11516 -0.65758
vt -0.71723 -0.17576
vt -1.07365 -0.66793
vt -0.32464 -0.21025
vt -0.32464 -0.12258
vt -0.54100 -0.10865
vt -0.32464 -0.21025
vt -0.54100 -0.10865
vt -0.60600 -0.18553
vt -0.32464 -0.12258
vt -0.32464 -0.02520
vt -0.50896 -0.01503
vt -0.32464 -0.12258
vt -0.50896 -0.01503
vt -0.54100 -0.10865
vt -0.32464 -0.21025
vt -0.32464 -0.12258
vt -0.32464 -0.02520
vt -0.32464 -0.21025
vt -0.32464 -0.02520
vt -0.32464 -0.01810
vt 0.17330 -0.21025
vt 0.17330 -0.01810
vt -0.17331 -0.01810
vt 0.17330 -0.21025
vt -0.17331 -0.01810
vt -0.17331 -0.02520
vt 0.17330 -0.21025
vt -0.17331 -0.02520
vt -0.17331 -0.12258
vt 0.17330 -0.21025
vt -0.17331 -0.12258
vt -0.17330 -0.21025
vt -0.71723 -0.17576
vt -1.07365 -0.66793
vt -0.97343 -0.69292
vt -0.71723 -0.17576
vt -0.97343 -0.69292
vt -0.60600 -0.18553
vt -0.32464 -0.02520
vt -0.32464 -0.01810
vt -0.35143 0.04660
vt -0.32464 -0.02520
vt -0.35143 0.04660
vt -0.41613 0.07339
vt -0.32464 -0.02520
vt -0.41613 0.07339
vt -0.50937 0.07339
vt -0.32464 -0.02520
vt -0.50937 0.07339
vt -0.50896 -0.01503
vt -0.50937 0.07339
vt -0.41613 0.07339
vt -0.35143 0.04660
vt -0.50937 0.07339
vt -0.35143 0.04660
vt -0.32464 -0.01810
vt -0.50937 0.07339
vt -0.32464 -0.01810
vt -0.32464 -0.02520
vt -0.50937 0.07339
vt -0.32464 -0.02520
vt -0.50896 -0.01503
vt -0.17331 -0.01810
vt 0.17330 -0.01810
vt 0.17330 0.04660
vt -0.17331 -0.01810
vt 0.17330 0.04660
vt -0.17331 0.04660
vt -0.17331 -0.35143
vt 0.17330 -0.35143
vt 0.17330 -0.41613
vt -0.17331 -0.35143
vt 0.17330 -0.41613
vt -0.17331 -0.41613
vt -0.14847 -0.62305
vt -0.17331 -0.50937
vt -0.17331 -0.41613
vt -0.14847 -0.62305
vt -0.17331 -0.41613
vt 0.17330 -0.41613
vt -0.14847 -0.62305
vt 0.17330 -0.41613
vt 0.17330 -0.50937
vt -0.14847 -0.62305
vt 0.17330 -0.50937
vt 0.14847 -0.62305
vt -0.14847 -0.62305
vt 0.14847 -0.62305
vt 0.10823 -0.67013
vt -0.14847 -0.62305
vt 0.10823 -0.67013
vt -0.10823 -0.67013
vt -0.10823 -1.11516
vt 0.10823 -1.11516
vt 0.11668 -1.12692
vt -0.10823 -1.11516
vt 0.11668 -1.12692
vt -0.11668 -1.12692
vt -0.11668 -0.66866
vt 0.11668 -0.66866
vt 0.11668 -0.74606
vt -0.11668 -0.66866
vt 0.11668 -0.74606
vt -0.11668 -0.74606
vt -0.64640 -0.77446
vt -0.97343 -0.69292
vt -0.98519 -0.70399
vt -0.64640 -0.77446
vt -0.98519 -0.70399
vt -0.62918 -0.79275
vt -0.97343 -0.69292
vt -0.64640 -0.77446
vt -0.62918 -0.79275
vt -0.97343 -0.69292
vt -0.62918 -0.79275
vt -0.98519 -0.70399
vt 0.17331 -0.77446
vt -0.17330 -0.77446
vt -0.18402 -0.79275
vt 0.17331 -0.77446
vt -0.18402 -0.79275
vt 0.18402 -0.79275
vt -0.98519 -0.70399
vt -0.62918 -0.79275
vt -0.68917 -0.88708
vt -0.98519 -0.70399
vt -0.68917 -0.88708
vt -1.05124 -0.78512
vt -0.62918 -0.79275
vt -0.98519 -0.70399
vt -1.05124 -0.78512
vt -0.62918 -0.79275
vt -1.05124 -0.78512
vt -0.68917 -0.88708
vt -0.62918 -0.79275
vt -0.68917 -0.88708
vt -0.61282 -0.88938
vt -0.62918 -0.79275
vt -0.61282 -0.88938
vt -0.59149 -0.84964
vt -0.18402 -1.05124
vt -0.15824 -1.14931
vt -0.11668 -1.18993
vt -0.18402 -1.05124
vt -0.11668 -1.18993
vt 0.11668 -1.18993
vt -0.18402 -1.05124
vt 0.11668 -1.18993
vt 0.15824 -1.14931
vt -0.18402 -1.05124
vt 0.15824 -1.14931
vt 0.18402 -1.05124
vt -0.18402 -1.05124
vt 0.18402 -1.05124
vt 0.18402 -0.68917
vt -0.18402 -1.05124
vt 0.18402 -0.68917
vt -0.18402 -0.68917
vt 0.18402 -0.84964
vt -0.18402 -0.84964
vt -0.18402 -0.88938
vt 0.18402 -0.84964
vt -0.18402 -0.88938
vt 0.18402 -0.88938
vt -0.68917 -0.88708
vt -0.62918 -0.79275
vt -0.59149 -0.84964
vt -0.68917 -0.88708
vt -0.59149 -0.84964
vt -0.61282 -0.88938
vt -0.18402 -0.68917
vt 0.18402 -0.68917
vt 0.18402 -0.61282
vt -0.18402 -0.68917
vt 0.18402 -0.61282
vt -0.18402 -0.61282
vt 0.18402 -0.79275
vt -0.18402 -0.79275
vt -0.18402 -0.84964
vt 0.18402 -0.79275
vt -0.18402 -0.84964
vt 0.18402 -0.84964
vt -0.98519 -0.70399
vt -0.97343 -0.69292
vt -1.07365 -0.66793
vt -0.98519 -0.70399
vt -1.07365 -0.66793
vt -1.08540 -0.67901
vt -0.15824 -1.08540
vt -0.14847 -1.07365
vt -0.10823 -1.11516
vt -0.15824 -1.08540
vt -0.10823 -1.11516
vt -0.11668 -1.12692
vt 0.11668 -1.12692
vt 0.10823 -1.11516
vt 0.14847 -1.07365
vt 0.11668 -1.12692
vt 0.14847 -1.07365
vt 0.15824 -1.08540
vt -1.08540 -0.67901
vt -1.07365 -0.66793
vt -0.97343 -0.69292
vt -1.08540 -0.67901
vt -0.97343 -0.69292
vt -0.98519 -0.70399
vt -1.12692 -0.66866
vt -1.18993 -0.74606
vt -1.14931 -0.75750
vt -1.12692 -0.66866
vt -1.14931 -0.75750
vt -1.08540 -0.67901
vt -1.08540 -0.67901
vt -1.14931 -0.75750
vt -1.05124 -0.78512
vt -1.08540 -0.67901
vt -1.05124 -0.78512
vt -0.98519 -0.70399
vt -1.18993 -0.74606
vt -1.12692 -0.66866
vt -1.08540 -0.67901
vt -1.18993 -0.74606
vt -1.08540 -0.67901
vt -1.14931 -0.75750
vt -1.14931 -0.75750
vt -1.08540 -0.67901
vt -0.98519 -0.70399
vt -1.14931 -0.75750
vt -0.98519 -0.70399
vt -1.05124 -0.78512
vt 0.16103 -0.91613
vt -0.16103 -0.91613
vt -0.16103 -0.82035
vt 0.16103 -0.91613
vt -0.16103 -0.82035
vt 0.16103 -0.82035
vt 0.16103 1.00432
vt -0.16103 1.00432
vt -0.16103 1.08546
vt 0.16103 1.00432
vt -0.16103 1.08546
vt 0.16103 1.08546
vt 1.00432 0.63350
vt 1.00432 0.34321
vt 1.01683 0.34321
vt 1.00432 0.63350
vt 1.01683 0.34321
vt 1.08546 0.41184
vt 1.00432 0.63350
vt 1.08546 0.41184
vt 1.08546 0.63350
vt 0.16103 0.30820
vt -0.16103 0.30820
vt -0.16103 1.00432
vt 0.16103 0.30820
vt -0.16103 1.00432
vt 0.16103 1.00432
vt 1.00432 0.34321
vt 1.00432 0.63350
vt 1.08546 0.63350
vt 1.00432 0.34321
vt 1.08546 0.63350
vt 1.08546 0.41184
vt 1.00432 0.34321
vt 1.08546 0.41184
vt 1.01683 0.34321
vt 0.30820 0.34321
vt 0.30820 0.63350
vt 1.00432 0.63350
vt 0.30820 0.34321
vt 1.00432 0.63350
vt 1.00432 0.34321
vt -0.18963 1.00432
vt 0.18963 1.00432
vt 0.18963 1.01683
vt -0.18963 1.00432
vt 0.18963 1.01683
vt -0.18963 1.01683
vt -0.91613 0.63350
vt -0.91613 0.29459
vt -0.84749 0.22596
vt -0.91613 0.63350
vt -0.84749 0.22596
vt -0.82035 0.22596
vt -0.91613 0.63350
vt -0.82035 0.22596
vt -0.82035 0.63350
vt 0.18963 0.41184
vt 0.18963 0.63350
vt 0.18125 0.71943
vt 0.18963 0.41184
vt 0.18125 0.71943
vt 0.16103 0.75501
vt 0.18963 0.41184
vt 0.16103 0.75501
vt -0.16103 0.75501
vt 0.18963 0.41184
vt -0.16103 0.75501
vt -0.18125 0.71943
vt 0.18963 0.41184
vt -0.18125 0.71943
vt -0.18963 0.63350
vt 0.18963 0.41184
vt -0.18963 0.63350
vt -0.18963 0.41184
vt -0.84749 0.22596
vt -0.91613 0.29459
vt -0.91613 0.63350
vt -0.84749 0.22596
vt -0.91613 0.63350
vt -0.82035 0.63350
vt -0.84749 0.22596
vt -0.82035 0.63350
vt -0.82035 0.22596
vt -0.18963 0.30820
vt 0.18963 0.30820
vt 0.18963 1.00432
vt -0.18963 0.30820
vt 0.18963 1.00432
vt -0.18963 1.00432
vt 1.00432 0.63350
vt 1.08546 0.63350
vt 1.08546 0.71943
vt 1.00432 0.63350
vt 1.08546 0.71943
vt 1.00432 0.71943
vt 1.00432 0.71943
vt 1.08546 0.71943
vt 1.08546 0.75501
vt 1.00432 0.71943
vt 1.08546 0.75501
vt 1.00432 0.75501
vt -0.82035 0.63350
vt -0.91613 0.63350
vt -0.91613 0.71943
vt -0.82035 0.63350
vt -0.91613 0.71943
vt -0.82035 0.71943
vt -0.82035 0.71943
vt -0.91613 0.71943
vt -0.91613 0.75501
vt -0.82035 0.71943
vt -0.91613 0.75501
vt -0.82035 0.75501
vt 0.30820 0.63350
vt 1.00432 0.63350
vt 1.00432 0.71943
vt 0.30820 0.63350
vt 1.00432 0.71943
vt 0.30820 0.71943
vt 0.30820 0.71943
vt 1.00432 0.71943
vt 1.00432 0.75501
vt 0.30820 0.71943
vt 1.00432 0.75501
vt 0.30820 0.75501
vt 1.08546 0.63350
vt 1.00432 0.63350
vt 1.00432 0.71943
vt 1.08546 0.63350
vt 1.00432 0.71943
vt 1.08546 0.71943
vt 1.08546 0.71943
vt 1.00432 0.71943
vt 1.00432 0.75501
vt 1.08546 0.71943
vt 1.00432 0.75501
vt 1.08546 0.75501
vt 0.21770 0.63350
vt -0.82035 0.63350
vt -0.82035 0.71943
vt 0.21770 0.63350
vt -0.82035 0.71943
vt 0.21770 0.71943
vt 0.21770 0.71943
vt -0.82035 0.71943
vt -0.82035 0.75501
vt 0.21770 0.71943
vt -0.82035 0.75501
vt 0.21770 0.75501
vt -0.91613 0.63350
vt -0.82035 0.63350
vt -0.82035 0.71943
vt -0.91613 0.63350
vt -0.82035 0.71943
vt -0.91613 0.71943
vt -0.91613 0.71943
vt -0.82035 0.71943
vt -0.82035 0.75501
vt -0.91613 0.71943
vt -0.82035 0.75501
vt -0.91613 0.75501
vt 0.18963 0.29459
vt -0.18963 0.29459
vt -0.18963 0.63350
vt 0.18963 0.29459
vt -0.18963 0.63350
vt -0.18125 0.71943
vt 0.18963 0.29459
vt -0.18125 0.71943
vt -0.16103 0.75501
vt 0.18963 0.29459
vt -0.16103 0.75501
vt 0.16103 0.75501
vt 0.18963 0.29459
vt 0.16103 0.75501
vt 0.18125 0.71943
vt 0.18963 0.29459
vt 0.18125 0.71943
vt 0.18963 0.63350
vt -0.18963 -0.91613
vt 0.18963 -0.91613
vt 0.18963 -0.84749
vt -0.18963 -0.91613
vt 0.18963 -0.84749
vt -0.18963 -0.84749
vt -0.18963 1.01683
vt 0.18963 1.01683
vt 0.18963 1.08546
vt -0.18963 1.01683
vt 0.18963 1.08546
vt -0.18963 1.08546
vt -0.18963 -0.84749
vt 0.18963 -0.84749
vt 0.18963 -0.82035
vt -0.18963 -0.84749
vt 0.18963 -0.82035
vt -0.18963 -0.82035
vt 1.00432 0.71943
vt 0.30820 0.71943
vt 0.30820 0.75501
vt 1.00432 0.71943
vt 0.30820 0.75501
vt 1.00432 0.75501
vt 1.00432 0.63350
vt 0.30820 0.63350
vt 0.30820 0.71943
vt 1.00432 0.63350
vt 0.30820 0.71943
vt 1.00432 0.71943
vt 0.21770 0.71943
vt 0.30820 0.71943
vt 0.30820 0.75501
vt 0.21770 0.71943
vt 0.30820 0.75501
vt 0.21770 0.75501
vt 0.21770 0.63350
vt 0.30820 0.63350
vt 0.30820 0.71943
vt 0.21770 0.63350
vt 0.30820 0.71943
vt 0.21770 0.71943
vt -0.18963 0.22596
vt 0.18963 0.22596
vt 0.18963 0.34321
vt -0.18963 0.22596
vt 0.18963 0.34321
vt -0.18963 0.34321
vt 0.21770 0.63350
vt 0.21770 0.22596
vt 0.30820 0.34321
vt 0.21770 0.63350
vt 0.30820 0.34321
vt 0.30820 0.63350
vt 0.21770 0.22596
vt 0.21770 0.63350
vt 0.30820 0.63350
vt 0.21770 0.22596
vt 0.30820 0.63350
vt 0.30820 0.34321
vt 0.16103 0.21770
vt -0.16103 0.21770
vt -0.16103 0.30820
vt 0.16103 0.21770
vt -0.16103 0.30820
vt 0.16103 0.30820
vt -0.18963 0.85323
vt -0.18963 0.45928
vt -0.15737 0.45928
vt -0.18963 0.85323
vt -0.15737 0.45928
vt -0.15737 0.85323
vt -0.18963 0.52951
vt -0.18963 0.48284
vt -0.15737 0.48284
vt -0.18963 0.52951
vt -0.15737 0.48284
vt -0.15737 0.52951
vt -0.18963 0.48284
vt -0.18963 0.52951
vt -0.15737 0.52951
vt -0.18963 0.48284
vt -0.15737 0.52951
vt -0.15737 0.48284
vt 0.30820 0.34321
vt 1.00432 0.34321
vt 0.92363 0.39016
vt 0.30820 0.34321
vt 0.92363 0.39016
vt 0.85323 0.43399
vt 0.30820 0.34321
vt 0.85323 0.43399
vt 0.45928 0.43399
vt 0.30820 0.34321
vt 0.45928 0.43399
vt 0.38889 0.39016
vt 0.30820 0.63350
vt 0.30820 0.34321
vt 0.38889 0.39016
vt 0.30820 0.63350
vt 0.38889 0.39016
vt 0.41043 0.48284
vt 0.30820 0.63350
vt 0.41043 0.48284
vt 0.41043 0.52951
vt 0.30820 0.63350
vt 0.41043 0.52951
vt 0.36744 0.60154
vt 1.00432 0.34321
vt 1.00432 0.63350
vt 0.94508 0.60154
vt 1.00432 0.34321
vt 0.94508 0.60154
vt 0.90208 0.52951
vt 1.00432 0.34321
vt 0.90208 0.52951
vt 0.90208 0.48284
vt 1.00432 0.34321
vt 0.90208 0.48284
vt 0.92363 0.39016
vt 1.00432 0.63350
vt 0.30820 0.63350
vt 0.36744 0.60154
vt 1.00432 0.63350
vt 0.36744 0.60154
vt 0.45928 0.57835
vt 1.00432 0.63350
vt 0.45928 0.57835
vt 0.85323 0.57835
vt 1.00432 0.63350
vt 0.85323 0.57835
vt 0.94508 0.60154
vt 0.45928 0.43399
vt 0.41043 0.48284
vt 0.38889 0.39016
vt 0.90208 0.48284
vt 0.85323 0.43399
vt 0.92363 0.39016
vt 0.41043 0.52951
vt 0.45928 0.57835
vt 0.36744 0.60154
vt 0.85323 0.57835
vt 0.90208 0.52951
vt 0.94508 0.60154
vt -0.18963 0.85323
vt -0.15737 0.85323
vt -0.15737 0.90208
vt -0.18963 0.85323
vt -0.15737 0.90208
vt -0.18963 0.90208
vt -0.15737 0.85323
vt -0.18963 0.85323
vt -0.18963 0.90208
vt -0.15737 0.85323
vt -0.18963 0.90208
vt -0.15737 0.90208
vt -0.15737 0.48284
vt -0.18963 0.48284
vt -0.18963 0.43399
vt -0.15737 0.48284
vt -0.18963 0.43399
vt -0.15737 0.43399
vt -0.15737 0.45928
vt -0.18963 0.45928
vt -0.18963 0.41043
vt -0.15737 0.45928
vt -0.18963 0.41043
vt -0.15737 0.41043
vt -0.18963 0.45928
vt -0.18963 0.85323
vt -0.15737 0.85323
vt -0.18963 0.45928
vt -0.15737 0.85323
vt -0.15737 0.45928
vt 0.16103 -0.82035
vt -0.16103 -0.82035
vt -0.16103 0.21770
vt 0.16103 -0.82035
vt -0.16103 0.21770
vt 0.16103 0.21770
vt -0.82035 0.22596
vt -0.82035 0.63350
vt 0.21770 0.63350
vt -0.82035 0.22596
vt 0.21770 0.63350
vt 0.21770 0.22596
vt -0.82035 0.63350
vt -0.82035 0.22596
vt 0.21770 0.22596
vt -0.82035 0.63350
vt 0.21770 0.22596
vt 0.21770 0.63350
vt -0.18963 -0.82035
vt 0.18963 -0.82035
vt 0.18963 0.21770
vt -0.18963 -0.82035
vt 0.18963 0.21770
vt -0.18963 0.21770
vt -0.82035 0.63350
vt 0.21770 0.63350
vt 0.21770 0.71943
vt -0.82035 0.63350
vt 0.21770 0.71943
vt -0.82035 0.71943
vt -0.82035 0.71943
vt 0.21770 0.71943
vt 0.21770 0.75501
vt -0.82035 0.71943
vt 0.21770 0.75501
vt -0.82035 0.75501
vt 0.30820 0.71943
vt 0.21770 0.71943
vt 0.21770 0.75501
vt 0.30820 0.71943
vt 0.21770 0.75501
vt 0.30820 0.75501
vt 0.30820 0.63350
vt 0.21770 0.63350
vt 0.21770 0.71943
vt 0.30820 0.63350
vt 0.21770 0.71943
vt 0.30820 0.71943
vt 0.45928 0.57835
vt 0.41043 0.52951
vt 0.41043 0.48284
vt 0.45928 0.57835
vt 0.41043 0.48284
vt 0.45928 0.43399
vt 0.45928 0.57835
vt 0.45928 0.43399
vt 0.85323 0.43399
vt 0.45928 0.57835
vt 0.85323 0.43399
vt 0.90208 0.48284
vt 0.45928 0.57835
vt 0.90208 0.48284
vt 0.90208 0.52951
vt 0.45928 0.57835
vt 0.90208 0.52951
vt 0.85323 0.57835
vt -1.17346 0.56121
vt -0.85718 0.56121
vt -0.85718 0.49554
vt -1.17346 0.56121
vt -0.85718 0.49554
vt -1.17346 0.49554
vt 0.09038 -1.17346
vt 0.09038 -0.85718
vt 0.03453 -0.85718
vt 0.09038 -1.17346
vt 0.03453 -0.85718
vt 0.03453 -1.17346
vt 0.03453 -1.17346
vt 0.03453 -0.85718
vt -0.03453 -0.85718
vt 0.03453 -1.17346
vt -0.03453 -0.85718
vt -0.03453 -1.17346
vt -0.03453 -1.17346
vt -0.03453 -0.85718
vt -0.09038 -0.85718
vt -0.03453 -1.17346
vt -0.09038 -0.85718
vt -0.09038 -1.17346
vt -1.17346 0.49554
vt -0.85718 0.49554
vt -0.85718 0.56121
vt -1.17346 0.49554
vt -0.85718 0.56121
vt -1.17346 0.56121
vt -1.17346 0.56121
vt -0.85718 0.56121
vt -0.85718 0.62687
vt -1.17346 0.56121
vt -0.85718 0.62687
vt -1.17346 0.62687
vt -0.09038 -1.17346
vt -0.09038 -0.85718
vt -0.03453 -0.85718
vt -0.09038 -1.17346
vt -0.03453 -0.85718
vt -0.03453 -1.17346
vt -0.03453 -1.17346
vt -0.03453 -0.85718
vt 0.03453 -0.85718
vt -0.03453 -1.17346
vt 0.03453 -0.85718
vt 0.03453 -1.17346
vt 0.09038 0.49554
vt 0.11173 0.56121
vt 0.09038 0.62687
vt 0.09038 0.49554
vt 0.09038 0.62687
vt 0.03453 0.66747
vt 0.09038 0.49554
vt 0.03453 0.66747
vt -0.03453 0.66747
vt 0.09038 0.49554
vt -0.03453 0.66747
vt -0.09038 0.62687
vt 0.09038 0.49554
vt -0.09038 0.62687
vt -0.11173 0.56121
vt 0.09038 0.49554
vt -0.11173 0.56121
vt -0.09038 0.49554
vt 0.09038 0.49554
vt -0.09038 0.49554
vt -0.03453 0.45496
vt 0.09038 0.49554
vt -0.03453 0.45496
vt 0.03453 0.45496
vt 0.03453 -1.17346
vt 0.03453 -0.85718
vt 0.09038 -0.85718
vt 0.03453 -1.17346
vt 0.09038 -0.85718
vt 0.09038 -1.17346
vt -1.17346 0.62687
vt -0.85718 0.62687
vt -0.85718 0.56121
vt -1.17346 0.62687
vt -0.85718 0.56121
vt -1.17346 0.56121
vt 0.11173 0.56121
vt 0.09038 0.49554
vt 0.03453 0.45496
vt 0.11173 0.56121
vt 0.03453 0.45496
vt -0.03453 0.45496
vt 0.11173 0.56121
vt -0.03453 0.45496
vt -0.09038 0.49554
vt 0.11173 0.56121
vt -0.09038 0.49554
vt -0.11173 0.56121
vt 0.11173 0.56121
vt -0.11173 0.56121
vt -0.09038 0.62687
vt 0.11173 0.56121
vt -0.09038 0.62687
vt -0.03453 0.66747
vt 0.11173 0.56121
vt -0.03453 0.66747
vt 0.03453 0.66747
vt 0.11173 0.56121
vt 0.03453 0.66747
vt 0.09038 0.62687
vt 0.05204 0.19553
vt -0.05204 0.19553
vt -0.05204 -0.00514
vt 0.05204 0.19553
vt -0.05204 -0.00514
vt 0.05204 -0.00514
vt -0.12293 0.38218
vt 0.12293 0.38218
vt 0.12293 0.65797
vt -0.12293 0.38218
vt 0.12293 0.65797
vt -0.12293 0.65797
vt -2.04738 0.38218
vt -2.20943 0.38218
vt -2.20943 0.65797
vt -2.04738 0.38218
vt -2.20943 0.65797
vt -2.04738 0.65797
vt -2.04738 0.38218
vt -1.14542 0.38218
vt -1.03981 0.65797
vt -2.04738 0.38218
vt -1.03981 0.65797
vt -2.04738 0.65797
vt -0.08373 -2.04738
vt 0.08373 -2.04738
vt 0.08373 -2.20943
vt -0.08373 -2.04738
vt 0.08373 -2.20943
vt -0.08373 -2.20943
vt -2.04738 0.34939
vt -2.04738 0.38218
vt -1.25518 0.38218
vt -2.04738 0.34939
vt -1.25518 0.38218
vt -1.25673 0.35178
vt -2.04738 0.24060
vt -1.31739 0.23698
vt -1.25673 0.35178
vt -2.04738 0.24060
vt -1.25673 0.35178
vt -2.04738 0.34939
vt -2.04738 0.19553
vt -1.33040 0.21020
vt -1.31739 0.23698
vt -2.04738 0.19553
vt -1.31739 0.23698
vt -2.04738 0.24060
vt -2.04738 0.24060
vt -2.20943 0.05820
vt -2.20943 0.21113
vt -2.04738 0.24060
vt -2.20943 0.21113
vt -2.04738 0.34939
vt -2.04738 0.19553
vt -2.20943 -0.00514
vt -2.20943 0.05820
vt -2.04738 0.19553
vt -2.20943 0.05820
vt -2.04738 0.24060
vt 0.05204 0.21020
vt 0.06927 0.23698
vt -0.06927 0.23698
vt 0.05204 0.21020
vt -0.06927 0.23698
vt -0.05204 0.21020
vt -2.04738 0.34939
vt -2.04738 0.38218
vt -2.20943 0.38218
vt -2.04738 0.34939
vt -2.20943 0.38218
vt -2.20943 0.21113
vt -0.12293 -2.04738
vt -0.12293 -2.20943
vt -0.07641 -2.20943
vt -0.12293 -2.04738
vt -0.07641 -2.20943
vt -0.07641 -2.04738
vt -2.04738 0.75502
vt -1.03981 0.75502
vt -1.03981 0.71387
vt -2.04738 0.75502
vt -1.03981 0.71387
vt -2.04738 0.71387
vt -2.04738 0.71387
vt -1.03981 0.71387
vt -1.03981 0.65797
vt -2.04738 0.71387
vt -1.03981 0.65797
vt -2.04738 0.65797
vt 0.12293 -1.14542
vt -0.12293 -1.14542
vt -0.07641 -1.25518
vt 0.12293 -1.14542
vt -0.07641 -1.25518
vt 0.07641 -1.25518
vt -2.04738 0.75502
vt -2.20943 0.75772
vt -2.20943 0.71387
vt -2.04738 0.75502
vt -2.20943 0.71387
vt -2.04738 0.71387
vt -2.04738 0.71387
vt -2.20943 0.71387
vt -2.20943 0.65797
vt -2.04738 0.71387
vt -2.20943 0.65797
vt -2.04738 0.65797
vt 0.12293 -2.04738
vt 0.12293 -1.14542
vt 0.07641 -1.25518
vt 0.12293 -2.04738
vt 0.07641 -1.25518
vt 0.07641 -2.04738
vt 0.12293 -2.20943
vt 0.12293 -2.04738
vt 0.07641 -2.04738
vt 0.12293 -2.20943
vt 0.07641 -2.04738
vt 0.07641 -2.20943
vt -1.03981 0.71387
vt -2.04738 0.71387
vt -2.04738 0.65797
vt -1.03981 0.71387
vt -2.04738 0.65797
vt -1.03981 0.65797
vt -1.03981 0.75502
vt -2.04738 0.75502
vt -2.04738 0.71387
vt -1.03981 0.75502
vt -2.04738 0.71387
vt -1.03981 0.71387
vt -2.20943 0.71387
vt -2.04738 0.71387
vt -2.04738 0.65797
vt -2.20943 0.71387
vt -2.04738 0.65797
vt -2.20943 0.65797
vt -2.20943 0.75772
vt -2.04738 0.75502
vt -2.04738 0.71387
vt -2.20943 0.75772
vt -2.04738 0.71387
vt -2.20943 0.71387
vt -0.12293 -1.14542
vt -0.12293 -2.04738
vt -0.07641 -2.04738
vt -0.12293 -1.14542
vt -0.07641 -2.04738
vt -0.07641 -1.25518
vt -1.25673 0.35178
vt -1.25518 0.38218
vt -2.04738 0.38218
vt -1.25673 0.35178
vt -2.04738 0.38218
vt -2.04738 0.34939
vt -1.33040 0.21020
vt -2.04738 0.19553
vt -2.04738 0.24060
vt -1.33040 0.21020
vt -2.04738 0.24060
vt -1.31739 0.23698
vt -1.31739 0.23698
vt -2.04738 0.24060
vt -2.04738 0.34939
vt -1.31739 0.23698
vt -2.04738 0.34939
vt -1.25673 0.35178
vt -1.31739 0.23698
vt -1.25673 0.35178
vt -1.25814 0.34910
vt -2.20943 -0.00514
vt -2.04738 0.19553
vt -2.04738 0.24060
vt -2.20943 -0.00514
vt -2.04738 0.24060
vt -2.20943 0.05820
vt -2.20943 0.05820
vt -2.04738 0.24060
vt -2.04738 0.34939
vt -2.20943 0.05820
vt -2.04738 0.34939
vt -2.20943 0.21113
vt -2.20943 0.21113
vt -2.20943 0.38218
vt -2.04738 0.38218
vt -2.20943 0.21113
vt -2.04738 0.38218
vt -2.04738 0.34939
vt -0.08373 -1.03981
vt 0.08373 -1.03981
vt 0.08373 -2.04738
vt -0.08373 -1.03981
vt 0.08373 -2.04738
vt -0.08373 -2.04738
vt -2.20943 0.38218
vt -2.04738 0.38218
vt -2.04738 0.65797
vt -2.20943 0.38218
vt -2.04738 0.65797
vt -2.20943 0.65797
vt -1.14542 0.38218
vt -2.04738 0.38218
vt -2.04738 0.65797
vt -1.14542 0.38218
vt -2.04738 0.65797
vt -1.03981 0.65797
vt 0.05204 -1.33040
vt -0.05204 -1.33040
vt -0.05204 -2.04738
vt 0.05204 -1.33040
vt -0.05204 -2.04738
vt 0.05204 -2.04738
vt -0.06927 0.23698
vt 0.06927 0.23698
vt 0.07624 0.34910
vt -0.06927 0.23698
vt 0.07624 0.34910
vt -0.07641 0.35178
vt -0.07641 0.35178
vt 0.07624 0.34910
vt 0.07641 0.35178
vt -0.07641 0.35178
vt 0.07641 0.35178
vt 0.07641 0.38218
vt -0.07641 0.35178
vt 0.07641 0.38218
vt -0.07641 0.38218
vt -0.12293 0.65797
vt 0.12293 0.65797
vt 0.11144 0.71387
vt -0.12293 0.65797
vt 0.11144 0.71387
vt 0.08373 0.75502
vt -0.12293 0.65797
vt 0.08373 0.75502
vt -0.08373 0.75502
vt -0.12293 0.65797
vt -0.08373 0.75502
vt -0.11144 0.71387
vt -0.03513 -0.13623
vt -0.03513 -0.06073
vt 0.03512 -0.06073
vt -0.03513 -0.13623
vt 0.03512 -0.06073
vt 0.03512 -0.13623
vt -0.16283 0.03389
vt -0.11216 0.03203
vt -0.10422 -0.02265
vt -0.16283 0.03389
vt -0.10422 -0.02265
vt -0.14931 -0.04282
vt -0.06073 0.12033
vt -0.13623 0.13395
vt -0.16283 0.03389
vt -0.06073 0.12033
vt -0.16283 0.03389
vt -0.11216 0.03203
vt 0.03512 0.12033
vt -0.03513 0.12033
vt -0.03513 0.03203
vt 0.03512 0.12033
vt -0.03513 0.03203
vt 0.03512 0.03203
vt -0.13623 0.13395
vt -0.06073 0.12033
vt -0.11216 0.03203
vt -0.13623 0.13395
vt -0.11216 0.03203
vt -0.16283 0.03389
vt -0.03513 0.13395
vt 0.03512 0.13395
vt 0.03512 0.03389
vt -0.03513 0.13395
vt 0.03512 0.03389
vt -0.03513 0.03389
vt -0.14931 -0.04282
vt -0.10422 -0.02265
vt -0.09133 -0.08818
vt -0.14931 -0.04282
vt -0.09133 -0.08818
vt -0.11097 -0.11549
vt -0.03513 0.03389
vt 0.03512 0.03389
vt 0.03512 -0.04282
vt -0.03513 0.03389
vt 0.03512 -0.04282
vt -0.03513 -0.04282
vt -0.11216 0.03203
vt -0.16283 0.03389
vt -0.14931 -0.04282
vt -0.11216 0.03203
vt -0.14931 -0.04282
vt -0.10422 -0.02265
vt 0.03512 0.03203
vt -0.03513 0.03203
vt -0.03513 -0.02265
vt 0.03512 0.03203
vt -0.03513 -0.02265
vt 0.03512 -0.02265
vt -0.09133 -0.08818
vt -0.11097 -0.11549
vt -0.05405 -0.15093
vt -0.09133 -0.08818
vt -0.05405 -0.15093
vt -0.05270 -0.11732
vt -0.03513 -0.04282
vt 0.03512 -0.04282
vt 0.03512 -0.11549
vt -0.03513 -0.04282
vt 0.03512 -0.11549
vt -0.03513 -0.11549
vt -0.10422 -0.02265
vt -0.14931 -0.04282
vt -0.11097 -0.11549
vt -0.10422 -0.02265
vt -0.11097 -0.11549
vt -0.09133 -0.08818
vt 0.03512 -0.02265
vt -0.03513 -0.02265
vt -0.03513 -0.08818
vt 0.03512 -0.02265
vt -0.03513 -0.08818
vt 0.03512 -0.08818
vt -0.03513 -0.15093
vt 0.03512 -0.15093
vt 0.03512 -0.11732
vt -0.03513 -0.15093
vt 0.03512 -0.11732
vt -0.03513 -0.11732
vt 0.03512 -0.09133
vt -0.03513 -0.09133
vt -0.03513 -0.05270
vt 0.03512 -0.09133
vt -0.03513 -0.05270
vt 0.03512 -0.05270
vt -0.11097 -0.11549
vt -0.09133 -0.08818
vt -0.05270 -0.11732
vt -0.11097 -0.11549
vt -0.05270 -0.11732
vt -0.05405 -0.15093
vt -0.03513 -0.11097
vt 0.03512 -0.11097
vt 0.03512 -0.05405
vt -0.03513 -0.11097
vt 0.03512 -0.05405
vt -0.03513 -0.05405
vt 1.18931 0.70414
vt 1.18931 0.58841
vt 1.22744 0.58841
vt 1.18931 0.70414
vt 1.22744 0.58841
vt 1.22744 0.69853
vt 0.10753 0.47828
vt 0.15315 0.58841
vt 0.07164 0.58841
vt 0.10753 0.47828
vt 0.07164 0.58841
vt 0.04990 0.53592
vt -0.11833 1.18931
vt -0.00259 1.18931
vt -0.00259 1.22744
vt -0.11833 1.18931
vt -0.00259 1.22744
vt -0.11271 1.22744
vt -0.00259 1.18931
vt 0.11315 1.18931
vt 0.10753 1.22744
vt -0.00259 1.18931
vt 0.10753 1.22744
vt -0.00259 1.22744
vt 1.18931 0.58841
vt 1.18931 0.70414
vt 1.22744 0.69853
vt 1.18931 0.58841
vt 1.22744 0.69853
vt 1.22744 0.58841
vt -0.00259 1.18931
vt -0.11833 1.18931
vt -0.11271 1.22744
vt -0.00259 1.18931
vt -0.11271 1.22744
vt -0.00259 1.22744
vt 1.18931 0.58841
vt 1.18931 0.47267
vt 1.22744 0.47828
vt 1.18931 0.58841
vt 1.22744 0.47828
vt 1.22744 0.58841
vt 1.18931 0.47267
vt 1.18931 0.58841
vt 1.22744 0.58841
vt 1.18931 0.47267
vt 1.22744 0.58841
vt 1.22744 0.47828
vt 0.11315 1.18931
vt -0.00259 1.18931
vt -0.00259 1.22744
vt 0.11315 1.18931
vt -0.00259 1.22744
vt 0.10753 1.22744
vt 0.10753 0.69853
vt -0.00259 0.74414
vt -0.00259 0.66263
vt 0.10753 0.69853
vt -0.00259 0.66263
vt 0.04990 0.64089
vt -0.11271 0.69853
vt -0.15832 0.58841
vt -0.07682 0.58841
vt -0.11271 0.69853
vt -0.07682 0.58841
vt -0.05507 0.64089
vt -0.11271 0.47828
vt -0.00259 0.43267
vt -0.00259 0.51417
vt -0.11271 0.47828
vt -0.00259 0.51417
vt -0.05507 0.53592
vt -0.00259 0.43267
vt 0.10753 0.47828
vt 0.04990 0.53592
vt -0.00259 0.43267
vt 0.04990 0.53592
vt -0.00259 0.51417
vt 0.15315 0.58841
vt 0.10753 0.69853
vt 0.04990 0.64089
vt 0.15315 0.58841
vt 0.04990 0.64089
vt 0.07164 0.58841
vt -0.00259 0.74414
vt -0.11271 0.69853
vt -0.05507 0.64089
vt -0.00259 0.74414
vt -0.05507 0.64089
vt -0.00259 0.66263
vt -0.15832 0.58841
vt -0.11271 0.47828
vt -0.05507 0.53592
vt -0.15832 0.58841
vt -0.05507 0.53592
vt -0.07682 0.58841
vt -0.00258 0.51417
vt 0.04990 0.53592
vt 0.07022 0.51559
vt -0.00258 0.51417
vt 0.07022 0.51559
vt -0.00258 0.48543
vt 0.07022 1.78643
vt -0.00258 1.78643
vt -0.00258 1.84928
vt 0.07022 1.78643
vt -0.00258 1.84928
vt 0.07022 1.84928
vt 0.07164 0.58841
vt 0.04990 0.64089
vt 0.07022 0.66122
vt 0.07164 0.58841
vt 0.07022 0.66122
vt 0.10038 0.58841
vt -0.00258 0.66263
vt -0.05507 0.64089
vt -0.07540 0.66122
vt -0.00258 0.66263
vt -0.07540 0.66122
vt -0.00258 0.69138
vt -0.07682 0.58841
vt -0.05507 0.53592
vt -0.07540 0.51559
vt -0.07682 0.58841
vt -0.07540 0.51559
vt -0.10556 0.58841
vt 0.04990 0.53592
vt 0.07164 0.58841
vt 0.10038 0.58841
vt 0.04990 0.53592
vt 0.10038 0.58841
vt 0.07022 0.51559
vt 0.04990 0.64089
vt -0.00258 0.66263
vt -0.00258 0.69138
vt 0.04990 0.64089
vt -0.00258 0.69138
vt 0.07022 0.66122
vt -0.05507 0.64089
vt -0.07682 0.58841
vt -0.10556 0.58841
vt -0.05507 0.64089
vt -0.10556 0.58841
vt -0.07540 0.66122
vt -0.05507 0.53592
vt -0.00258 0.51417
vt -0.00258 0.48543
vt -0.05507 0.53592
vt -0.00258 0.48543
vt -0.07540 0.51559
vt 0.07022 0.51559
vt 0.10038 0.58841
vt 0.07932 0.58841
vt 0.07022 0.51559
vt 0.07932 0.58841
vt 0.05533 0.53049
vt 1.78643 0.66122
vt 1.78643 0.58841
vt 1.84928 0.58841
vt 1.78643 0.66122
vt 1.84928 0.58841
vt 1.84928 0.66122
vt -0.07540 1.78643
vt -0.00258 1.78643
vt -0.00258 1.84928
vt -0.07540 1.78643
vt -0.00258 1.84928
vt -0.07540 1.84928
vt -0.00258 1.78643
vt 0.07022 1.78643
vt 0.07022 1.84928
vt -0.00258 1.78643
vt 0.07022 1.84928
vt -0.00258 1.84928
vt 1.78643 0.58841
vt 1.78643 0.66122
vt 1.84928 0.66122
vt 1.78643 0.58841
vt 1.84928 0.66122
vt 1.84928 0.58841
vt -0.00258 1.78643
vt -0.07540 1.78643
vt -0.07540 1.84928
vt -0.00258 1.78643
vt -0.07540 1.84928
vt -0.00258 1.84928
vt 1.78643 0.58841
vt 1.78643 0.51559
vt 1.84928 0.51559
vt 1.78643 0.58841
vt 1.84928 0.51559
vt 1.84928 0.58841
vt 1.78643 0.51559
vt 1.78643 0.58841
vt 1.84928 0.58841
vt 1.78643 0.51559
vt 1.84928 0.58841
vt 1.84928 0.51559
vt 1.84928 0.58841
vt 1.84928 0.64633
vt 1.87671 0.64633
vt 1.84928 0.58841
vt 1.87671 0.64633
vt 1.87671 0.58841
vt 0.07022 0.66122
vt -0.00258 0.69138
vt -0.00258 0.67032
vt 0.07022 0.66122
vt -0.00258 0.67032
vt 0.05533 0.64633
vt -0.07540 0.66122
vt -0.10556 0.58841
vt -0.08449 0.58841
vt -0.07540 0.66122
vt -0.08449 0.58841
vt -0.06051 0.64633
vt -0.07540 0.51559
vt -0.00258 0.48543
vt -0.00258 0.50650
vt -0.07540 0.51559
vt -0.00258 0.50650
vt -0.06051 0.53049
vt -0.00258 0.48543
vt 0.07022 0.51559
vt 0.05533 0.53049
vt -0.00258 0.48543
vt 0.05533 0.53049
vt -0.00258 0.50650
vt 0.10038 0.58841
vt 0.07022 0.66122
vt 0.05533 0.64633
vt 0.10038 0.58841
vt 0.05533 0.64633
vt 0.07932 0.58841
vt -0.00258 0.69138
vt -0.07540 0.66122
vt -0.06051 0.64633
vt -0.00258 0.69138
vt -0.06051 0.64633
vt -0.00258 0.67032
vt -0.10556 0.58841
vt -0.07540 0.51559
vt -0.06051 0.53049
vt -0.10556 0.58841
vt -0.06051 0.53049
vt -0.08449 0.58841
vt -0.06051 0.53049
vt -0.00258 0.50650
vt -0.00258 0.48601
vt -0.06051 0.53049
vt -0.00258 0.48601
vt -0.07499 0.51600
vt -0.00258 1.84928
vt -0.06051 1.84928
vt -0.06051 1.87671
vt -0.00258 1.84928
vt -0.06051 1.87671
vt -0.00258 1.87671
vt 1.84928 0.58841
vt 1.84928 0.53049
vt 1.87671 0.53049
vt 1.84928 0.58841
vt 1.87671 0.53049
vt 1.87671 0.58841
vt 1.84928 0.53049
vt 1.84928 0.58841
vt 1.87671 0.58841
vt 1.84928 0.53049
vt 1.87671 0.58841
vt 1.87671 0.53049
vt 0.05533 1.84928
vt -0.00258 1.84928
vt -0.00258 1.87671
vt 0.05533 1.84928
vt -0.00258 1.87671
vt 0.05533 1.87671
vt 1.84928 0.64633
vt 1.84928 0.58841
vt 1.87671 0.58841
vt 1.84928 0.64633
vt 1.87671 0.58841
vt 1.87671 0.64633
vt -0.06051 1.84928
vt -0.00258 1.84928
vt -0.00258 1.87671
vt -0.06051 1.84928
vt -0.00258 1.87671
vt -0.06051 1.87671
vt -0.00258 1.84928
vt 0.05533 1.84928
vt 0.05533 1.87671
vt -0.00258 1.84928
vt 0.05533 1.87671
vt -0.00258 1.87671
vt 1.87938 0.51600
vt 1.87938 0.58841
vt 1.92432 0.58841
vt 1.87938 0.51600
vt 1.92432 0.58841
vt 1.92432 0.51600
vt -0.00258 0.50650
vt 0.05533 0.53049
vt 0.06982 0.51600
vt -0.00258 0.50650
vt 0.06982 0.51600
vt -0.00258 0.48601
vt 0.07932 0.58841
vt 0.05533 0.64633
vt 0.06982 0.66081
vt 0.07932 0.58841
vt 0.06982 0.66081
vt 0.09981 0.58841
vt -0.00258 0.67032
vt -0.06051 0.64633
vt -0.07499 0.66081
vt -0.00258 0.67032
vt -0.07499 0.66081
vt -0.00258 0.69080
vt -0.08449 0.58841
vt -0.06051 0.53049
vt -0.07499 0.51600
vt -0.08449 0.58841
vt -0.07499 0.51600
vt -0.10498 0.58841
vt 0.05533 0.53049
vt 0.07932 0.58841
vt 0.09981 0.58841
vt 0.05533 0.53049
vt 0.09981 0.58841
vt 0.06982 0.51600
vt 0.05533 0.64633
vt -0.00258 0.67032
vt -0.00258 0.69080
vt 0.05533 0.64633
vt -0.00258 0.69080
vt 0.06982 0.66081
vt -0.06051 0.64633
vt -0.08449 0.58841
vt -0.10498 0.58841
vt -0.06051 0.64633
vt -0.10498 0.58841
vt -0.07499 0.66081
vt -0.10498 0.58841
vt -0.07499 0.51600
vt -0.06225 0.52874
vt -0.10498 0.58841
vt -0.06225 0.52874
vt -0.08697 0.58841
vt 0.06982 1.87938
vt -0.00258 1.87938
vt -0.00258 1.92432
vt 0.06982 1.87938
vt -0.00258 1.92432
vt 0.06982 1.92432
vt 1.87938 0.66081
vt 1.87938 0.58841
vt 1.92432 0.58841
vt 1.87938 0.66081
vt 1.92432 0.58841
vt 1.92432 0.66081
vt -0.07499 1.87938
vt -0.00258 1.87938
vt -0.00258 1.92432
vt -0.07499 1.87938
vt -0.00258 1.92432
vt -0.07499 1.92432
vt -0.00258 1.87938
vt 0.06982 1.87938
vt 0.06982 1.92432
vt -0.00258 1.87938
vt 0.06982 1.92432
vt -0.00258 1.92432
vt 1.87938 0.58841
vt 1.87938 0.66081
vt 1.92432 0.66081
vt 1.87938 0.58841
vt 1.92432 0.66081
vt 1.92432 0.58841
vt -0.00258 1.87938
vt -0.07499 1.87938
vt -0.07499 1.92432
vt -0.00258 1.87938
vt -0.07499 1.92432
vt -0.00258 1.92432
vt 1.87938 0.58841
vt 1.87938 0.51600
vt 1.92432 0.51600
vt 1.87938 0.58841
vt 1.92432 0.51600
vt 1.92432 0.58841
vt -0.00258 1.92432
vt 0.05708 1.92432
vt 0.05708 1.95364
vt -0.00258 1.92432
vt 0.05708 1.95364
vt -0.00258 1.95364
vt 0.06982 0.51600
vt 0.09981 0.58841
vt 0.08179 0.58841
vt 0.06982 0.51600
vt 0.08179 0.58841
vt 0.05708 0.52874
vt 0.06982 0.66081
vt -0.00258 0.69080
vt -0.00258 0.67278
vt 0.06982 0.66081
vt -0.00258 0.67278
vt 0.05708 0.64807
vt -0.07499 0.66081
vt -0.10498 0.58841
vt -0.08697 0.58841
vt -0.07499 0.66081
vt -0.08697 0.58841
vt -0.06225 0.64807
vt -0.07499 0.51600
vt -0.00258 0.48601
vt -0.00258 0.50403
vt -0.07499 0.51600
vt -0.00258 0.50403
vt -0.06225 0.52874
vt -0.00258 0.48601
vt 0.06982 0.51600
vt 0.05708 0.52874
vt -0.00258 0.48601
vt 0.05708 0.52874
vt -0.00258 0.50403
vt 0.09981 0.58841
vt 0.06982 0.66081
vt 0.05708 0.64807
vt 0.09981 0.58841
vt 0.05708 0.64807
vt 0.08179 0.58841
vt -0.00258 0.69080
vt -0.07499 0.66081
vt -0.06225 0.64807
vt -0.00258 0.69080
vt -0.06225 0.64807
vt -0.00258 0.67278
vt -0.06225 0.64807
vt -0.08697 0.58841
vt -0.10279 0.58841
vt -0.06225 0.64807
vt -0.10279 0.58841
vt -0.07344 0.65926
vt 1.92432 0.58841
vt 1.92432 0.64807
vt 1.95364 0.64807
vt 1.92432 0.58841
vt 1.95364 0.64807
vt 1.95364 0.58841
vt -0.00258 1.92432
vt -0.06225 1.92432
vt -0.06225 1.95364
vt -0.00258 1.92432
vt -0.06225 1.95364
vt -0.00258 1.95364
vt 1.92432 0.58841
vt 1.92432 0.52874
vt 1.95364 0.52874
vt 1.92432 0.58841
vt 1.95364 0.52874
vt 1.95364 0.58841
vt 1.92432 0.52874
vt 1.92432 0.58841
vt 1.95364 0.58841
vt 1.92432 0.52874
vt 1.95364 0.58841
vt 1.95364 0.52874
vt 0.05708 1.92432
vt -0.00258 1.92432
vt -0.00258 1.95364
vt 0.05708 1.92432
vt -0.00258 1.95364
vt 0.05708 1.95364
vt 1.92432 0.64807
vt 1.92432 0.58841
vt 1.95364 0.58841
vt 1.92432 0.64807
vt 1.95364 0.58841
vt 1.95364 0.64807
vt -0.06225 1.92432
vt -0.00258 1.92432
vt -0.00258 1.95364
vt -0.06225 1.92432
vt -0.00258 1.95364
vt -0.06225 1.95364
vt 1.95364 0.51755
vt 1.95364 0.58841
vt 2.29167 0.58841
vt 1.95364 0.51755
vt 2.29167 0.58841
vt 2.29167 0.51755
vt -0.06225 0.52874
vt -0.00258 0.50403
vt -0.00258 0.48820
vt -0.06225 0.52874
vt -0.00258 0.48820
vt -0.07344 0.51755
vt -0.00258 0.50403
vt 0.05708 0.52874
vt 0.06827 0.51755
vt -0.00258 0.50403
vt 0.06827 0.51755
vt -0.00258 0.48820
vt 0.08179 0.58841
vt 0.05708 0.64807
vt 0.06827 0.65926
vt 0.08179 0.58841
vt 0.06827 0.65926
vt 0.09762 0.58841
vt -0.00258 0.67278
vt -0.06225 0.64807
vt -0.07344 0.65926
vt -0.00258 0.67278
vt -0.07344 0.65926
vt -0.00258 0.68861
vt -0.08697 0.58841
vt -0.06225 0.52874
vt -0.07344 0.51755
vt -0.08697 0.58841
vt -0.07344 0.51755
vt -0.10279 0.58841
vt 0.05708 0.52874
vt 0.08179 0.58841
vt 0.09762 0.58841
vt 0.05708 0.52874
vt 0.09762 0.58841
vt 0.06827 0.51755
vt 0.05708 0.64807
vt -0.00258 0.67278
vt -0.00258 0.68861
vt 0.05708 0.64807
vt -0.00258 0.68861
vt 0.06827 0.65926
vt -0.00258 0.68861
vt -0.07344 0.65926
vt -0.05507 0.64090
vt -0.00258 0.68861
vt -0.05507 0.64090
vt -0.00258 0.66264
vt 0.06827 1.95364
vt -0.00258 1.95364
vt -0.00258 2.29167
vt 0.06827 1.95364
vt -0.00258 2.29167
vt 0.06827 2.29167
vt 1.95364 0.65926
vt 1.95364 0.58841
vt 2.29167 0.58841
vt 1.95364 0.65926
vt 2.29167 0.58841
vt 2.29167 0.65926
vt -0.07344 1.95364
vt -0.00258 1.95364
vt -0.00258 2.29167
vt -0.07344 1.95364
vt -0.00258 2.29167
vt -0.07344 2.29167
vt -0.00258 1.95364
vt 0.06827 1.95364
vt 0.06827 2.29167
vt -0.00258 1.95364
vt 0.06827 2.29167
vt -0.00258 2.29167
vt 1.95364 0.58841
vt 1.95364 0.65926
vt 2.29167 0.65926
vt 1.95364 0.58841
vt 2.29167 0.65926
vt 2.29167 0.58841
vt -0.00258 1.95364
vt -0.07344 1.95364
vt -0.07344 2.29167
vt -0.00258 1.95364
vt -0.07344 2.29167
vt -0.00258 2.29167
vt 1.95364 0.58841
vt 1.95364 0.51755
vt 2.29167 0.51755
vt 1.95364 0.58841
vt 2.29167 0.51755
vt 2.29167 0.58841
vt -0.00258 2.29167
vt 0.04990 2.29167
vt 0.04990 1.98153
vt -0.00258 2.29167
vt 0.04990 1.98153
vt -0.00258 1.98153
vt -0.10279 0.58841
vt -0.07344 0.51755
vt -0.05507 0.53592
vt -0.10279 0.58841
vt -0.05507 0.53592
vt -0.07682 0.58841
vt 0.06827 0.51755
vt 0.09762 0.58841
vt 0.07164 0.58841
vt 0.06827 0.51755
vt 0.07164 0.58841
vt 0.04990 0.53592
vt 0.06827 0.65926
vt -0.00258 0.68861
vt -0.00258 0.66264
vt 0.06827 0.65926
vt -0.00258 0.66264
vt 0.04990 0.64090
vt -0.07344 0.65926
vt -0.10279 0.58841
vt -0.07682 0.58841
vt -0.07344 0.65926
vt -0.07682 0.58841
vt -0.05507 0.64090
vt -0.07344 0.51755
vt -0.00258 0.48820
vt -0.00258 0.51417
vt -0.07344 0.51755
vt -0.00258 0.51417
vt -0.05507 0.53592
vt -0.00258 0.48820
vt 0.06827 0.51755
vt 0.04990 0.53592
vt -0.00258 0.48820
vt 0.04990 0.53592
vt -0.00258 0.51417
vt 0.09762 0.58841
vt 0.06827 0.65926
vt 0.04990 0.64090
vt 0.09762 0.58841
vt 0.04990 0.64090
vt 0.07164 0.58841
vt -0.05507 0.53592
vt -0.00258 0.51417
vt 0.04990 0.53592
vt -0.05507 0.53592
vt 0.04990 0.53592
vt 0.07164 0.58841
vt -0.05507 0.53592
vt 0.07164 0.58841
vt 0.04990 0.64090
vt -0.05507 0.53592
vt 0.04990 0.64090
vt -0.00258 0.66264
vt -0.05507 0.53592
vt -0.00258 0.66264
vt -0.05507 0.64090
vt -0.05507 0.53592
vt -0.05507 0.64090
vt -0.07682 0.58841
vt 2.29167 0.58841
vt 2.29167 0.64090
vt 1.98153 0.64090
vt 2.29167 0.58841
vt 1.98153 0.64090
vt 1.98153 0.58841
vt -0.00258 2.29167
vt -0.05507 2.29167
vt -0.05507 1.98153
vt -0.00258 2.29167
vt -0.05507 1.98153
vt -0.00258 1.98153
vt 2.29167 0.58841
vt 2.29167 0.53592
vt 1.98153 0.53592
vt 2.29167 0.58841
vt 1.98153 0.53592
vt 1.98153 0.58841
vt 2.29167 0.53592
vt 2.29167 0.58841
vt 1.98153 0.58841
vt 2.29167 0.53592
vt 1.98153 0.58841
vt 1.98153 0.53592
vt 0.04990 2.29167
vt -0.00258 2.29167
vt -0.00258 1.98153
vt 0.04990 2.29167
vt -0.00258 1.98153
vt 0.04990 1.98153
vt 2.29167 0.64090
vt 2.29167 0.58841
vt 1.98153 0.58841
vt 2.29167 0.64090
vt 1.98153 0.58841
vt 1.98153 0.64090
vt -0.05507 2.29167
vt -0.00258 2.29167
vt -0.00258 1.98153
vt -0.05507 2.29167
vt -0.00258 1.98153
vt -0.05507 1.98153
vt 1.57373 0.64089
vt 1.78643 0.64089
vt 1.78643 0.58841
vt 1.57373 0.64089
vt 1.78643 0.58841
vt 1.57373 0.58841
vt 0.04990 1.57373
vt 0.04990 1.78643
vt -0.00258 1.78643
vt 0.04990 1.57373
vt -0.00258 1.78643
vt -0.00258 1.57373
vt -0.00258 1.57373
vt -0.00258 1.78643
vt -0.05507 1.78643
vt -0.00258 1.57373
vt -0.05507 1.78643
vt -0.05507 1.57373
vt 1.57373 0.58841
vt 1.78643 0.58841
vt 1.78643 0.64089
vt 1.57373 0.58841
vt 1.78643 0.64089
vt 1.57373 0.64089
vt -0.00258 1.57373
vt -0.00258 1.78643
vt 0.04990 1.78643
vt -0.00258 1.57373
vt 0.04990 1.78643
vt 0.04990 1.57373
vt 1.57373 0.58841
vt 1.78643 0.58841
vt 1.78643 0.53592
vt 1.57373 0.58841
vt 1.78643 0.53592
vt 1.57373 0.53592
vt 1.57373 0.53592
vt 1.78643 0.53592
vt 1.78643 0.58841
vt 1.57373 0.53592
vt 1.78643 0.58841
vt 1.57373 0.58841
vt -0.05507 1.57373
vt -0.05507 1.78643
vt -0.00258 1.78643
vt -0.05507 1.57373
vt -0.00258 1.78643
vt -0.00258 1.57373
vt -0.05507 1.23198
vt -0.05507 1.31432
vt -0.00258 1.31432
vt -0.05507 1.23198
vt -0.00258 1.31432
vt -0.00259 1.23198
vt 1.23198 0.53592
vt 1.31432 0.53592
vt 1.31432 0.58841
vt 1.23198 0.53592
vt 1.31432 0.58841
vt 1.23198 0.58841
vt 1.23198 0.58841
vt 1.31432 0.58841
vt 1.31432 0.53592
vt 1.23198 0.58841
vt 1.31432 0.53592
vt 1.23198 0.53592
vt -0.00259 1.23198
vt -0.00258 1.31432
vt 0.04990 1.31432
vt -0.00259 1.23198
vt 0.04990 1.31432
vt 0.04990 1.23198
vt 1.23198 0.58841
vt 1.31432 0.58841
vt 1.31432 0.64089
vt 1.23198 0.58841
vt 1.31432 0.64089
vt 1.23198 0.64089
vt -0.00259 1.23198
vt -0.00258 1.31432
vt -0.05507 1.31432
vt -0.00259 1.23198
vt -0.05507 1.31432
vt -0.05507 1.23198
vt 0.04990 1.23198
vt 0.04990 1.31432
vt -0.00258 1.31432
vt 0.04990 1.23198
vt -0.00258 1.31432
vt -0.00259 1.23198
vt 1.23198 0.64089
vt 1.31432 0.64089
vt 1.31432 0.58841
vt 1.23198 0.64089
vt 1.31432 0.58841
vt 1.23198 0.58841
vt -0.05507 1.57373
vt -0.00258 1.57373
vt -0.00258 1.54375
vt -0.05507 1.57373
vt -0.00258 1.54375
vt -0.04637 1.54375
vt 1.31432 0.58841
vt 1.31432 0.53592
vt 1.34429 0.54763
vt 1.31432 0.58841
vt 1.34429 0.54763
vt 1.34429 0.58841
vt 1.57373 0.64089
vt 1.57373 0.58841
vt 1.54375 0.58841
vt 1.57373 0.64089
vt 1.54375 0.58841
vt 1.54375 0.62918
vt -0.00258 1.31432
vt -0.05507 1.31432
vt -0.04637 1.34429
vt -0.00258 1.31432
vt -0.04637 1.34429
vt -0.00258 1.34429
vt 0.04990 1.57373
vt -0.00258 1.57373
vt -0.00258 1.54375
vt 0.04990 1.57373
vt -0.00258 1.54375
vt 0.04120 1.54375
vt 1.31432 0.58841
vt 1.31432 0.64089
vt 1.34429 0.62918
vt 1.31432 0.58841
vt 1.34429 0.62918
vt 1.34429 0.58841
vt -0.00258 1.57373
vt -0.05507 1.57373
vt -0.04637 1.54375
vt -0.00258 1.57373
vt -0.04637 1.54375
vt -0.00258 1.54375
vt -0.00258 1.31432
vt 0.04990 1.31432
vt 0.04120 1.34429
vt -0.00258 1.31432
vt 0.04120 1.34429
vt -0.00258 1.34429
vt -0.04637 1.34429
vt -0.04637 1.54375
vt -0.00258 1.54375
vt -0.04637 1.34429
vt -0.00258 1.54375
vt -0.00258 1.34429
vt 1.34429 0.54763
vt 1.54375 0.54763
vt 1.54375 0.58841
vt 1.34429 0.54763
vt 1.54375 0.58841
vt 1.34429 0.58841
vt 1.34429 0.58841
vt 1.54375 0.58841
vt 1.54375 0.54763
vt 1.34429 0.58841
vt 1.54375 0.54763
vt 1.34429 0.54763
vt -0.00258 1.34429
vt -0.00258 1.54375
vt 0.04120 1.54375
vt -0.00258 1.34429
vt 0.04120 1.54375
vt 0.04120 1.34429
vt 1.34429 0.58841
vt 1.54375 0.58841
vt 1.54375 0.62918
vt 1.34429 0.58841
vt 1.54375 0.62918
vt 1.34429 0.62918
vt -0.00258 1.34429
vt -0.00258 1.54375
vt -0.04637 1.54375
vt -0.00258 1.34429
vt -0.04637 1.54375
vt -0.04637 1.34429
vt 0.04120 1.34429
vt 0.04120 1.54375
vt -0.00258 1.54375
vt 0.04120 1.34429
vt -0.00258 1.54375
vt -0.00258 1.34429
vt 1.34429 0.62918
vt 1.54375 0.62918
vt 1.54375 0.58841
vt 1.34429 0.62918
vt 1.54375 0.58841
vt 1.34429 0.58841
vt 1.31432 0.53592
vt 1.31432 0.58841
vt 1.34429 0.58841
vt 1.31432 0.53592
vt 1.34429 0.58841
vt 1.34429 0.54763
vt 1.57373 0.53592
vt 1.57373 0.58841
vt 1.54375 0.58841
vt 1.57373 0.53592
vt 1.54375 0.58841
vt 1.54375 0.54763
vt 0.04990 1.31432
vt -0.00258 1.31432
vt -0.00258 1.34429
vt 0.04990 1.31432
vt -0.00258 1.34429
vt 0.04120 1.34429
vt 1.57373 0.58841
vt 1.57373 0.53592
vt 1.54375 0.54763
vt 1.57373 0.58841
vt 1.54375 0.54763
vt 1.54375 0.58841
vt 1.31432 0.64089
vt 1.31432 0.58841
vt 1.34429 0.58841
vt 1.31432 0.64089
vt 1.34429 0.58841
vt 1.34429 0.62918
vt -0.00258 1.57373
vt 0.04990 1.57373
vt 0.04120 1.54375
vt -0.00258 1.57373
vt 0.04120 1.54375
vt -0.00258 1.54375
vt -0.05507 1.31432
vt -0.00258 1.31432
vt -0.00258 1.34429
vt -0.05507 1.31432
vt -0.00258 1.34429
vt -0.04637 1.34429
vt 1.57373 0.58841
vt 1.57373 0.64089
vt 1.54375 0.62918
vt 1.57373 0.58841
vt 1.54375 0.62918
vt 1.54375 0.58841
vt 1.18931 0.58841
vt 1.18931 0.47267
vt 1.03638 0.47267
vt 1.18931 0.58841
vt 1.03638 0.47267
vt 1.03638 0.58841
vt -0.00259 1.18931
vt 0.11315 1.18931
vt 0.11315 1.03638
vt -0.00259 1.18931
vt 0.11315 1.03638
vt -0.00259 1.03638
vt 1.18931 0.58841
vt 1.18931 0.70414
vt 1.03638 0.70414
vt 1.18931 0.58841
vt 1.03638 0.70414
vt 1.03638 0.58841
vt -0.00259 1.18931
vt -0.11833 1.18931
vt -0.11833 1.03638
vt -0.00259 1.18931
vt -0.11833 1.03638
vt -0.00259 1.03638
vt 0.11315 1.18931
vt -0.00259 1.18931
vt -0.00259 1.03638
vt 0.11315 1.18931
vt -0.00259 1.03638
vt 0.11315 1.03638
vt 1.18931 0.70414
vt 1.18931 0.58841
vt 1.03638 0.58841
vt 1.18931 0.70414
vt 1.03638 0.58841
vt 1.03638 0.70414
vt -0.11833 1.18931
vt -0.00259 1.18931
vt -0.00259 1.03638
vt -0.11833 1.18931
vt -0.00259 1.03638
vt -0.11833 1.03638
vt 1.18931 0.47267
vt 1.18931 0.58841
vt 1.03638 0.58841
vt 1.18931 0.47267
vt 1.03638 0.58841
vt 1.03638 0.47267
f 4/1 38/2 36/3
f 4/4 36/5 21/6
f 8/7 5/8 22/9
f 8/10 22/11 25/12
f 3/13 1/14 2/15
f 3/16 2/17 36/18
f 25/19 22/20 18/21
f 25/22 18/23 15/24
f 28/25 35/26 38/27
f 28/28 38/29 4/30
f 30/31 27/32 5/33
f 30/34 5/35 8/36
f 13/37 11/38 27/39
f 13/40 27/41 30/42
f 21/43 36/44 2/45
f 21/46 2/47 19/48
f 28/49 4/50 6/51
f 28/52 6/53 29/54
f 29/55 6/56 5/57
f 29/58 5/59 27/60
f 31/61 37/62 14/63
f 31/64 14/65 32/66
f 32/67 14/68 13/69
f 32/70 13/71 30/72
f 22/73 5/74 6/75
f 22/76 6/77 23/78
f 23/79 6/80 4/81
f 23/82 4/83 21/84
f 3/85 24/86 16/87
f 3/88 16/89 1/90
f 25/91 15/92 17/93
f 25/94 17/95 26/96
f 20/97 23/98 21/99
f 20/100 21/101 19/102
f 8/103 25/104 26/105
f 8/106 26/107 9/108
f 9/109 26/110 24/111
f 9/112 24/113 7/114
f 10/115 28/116 29/117
f 10/118 29/119 12/120
f 12/121 29/122 27/123
f 12/124 27/125 11/126
f 7/127 31/128 32/129
f 7/130 32/131 9/132
f 9/133 32/134 30/135
f 9/136 30/137 8/138
f 18/139 22/140 23/141
f 18/142 23/143 20/144
f 3/145 34/146 7/147
f 3/148 7/149 24/150
f 34/151 33/152 31/153
f 34/154 31/155 7/156
f 36/157 38/158 35/159
f 36/160 35/161 43/162
f 36/163 43/164 39/165
f 36/166 39/167 33/168
f 36/169 33/170 34/171
f 36/172 34/173 3/174
f 26/175 17/176 16/177
f 26/178 16/179 24/180
f 33/181 39/182 41/183
f 33/184 41/185 40/186
f 33/187 40/188 37/189
f 33/190 37/191 31/192
f 10/193 42/194 44/195
f 10/196 44/197 43/198
f 10/199 43/200 35/201
f 10/202 35/203 28/204
f 39/205 43/206 44/207
f 39/208 44/209 41/210
f 41/211 44/212 42/213
f 41/214 42/215 40/216
f 14/217 37/218 40/219
f 14/220 40/221 42/222
f 14/223 42/224 10/225
f 14/226 10/227 12/228
f 14/229 12/230 11/231
f 14/232 11/233 13/234
f 15/235 18/236 63/237
f 15/238 63/239 59/240
f 59/241 63/242 53/243
f 59/244 53/245 57/246
f 1/247 16/248 60/249
f 1/250 60/251 48/252
f 19/253 2/254 47/255
f 19/256 47/257 62/258
f 2/259 1/260 48/261
f 2/262 48/263 47/264
f 62/265 47/266 45/267
f 62/268 45/269 54/270
f 48/271 60/272 56/273
f 48/274 56/275 46/276
f 48/277 46/278 50/279
f 48/280 50/281 52/282
f 56/283 58/284 57/285
f 56/286 57/287 53/288
f 56/289 53/290 55/291
f 56/292 55/293 54/294
f 56/295 54/296 45/297
f 56/298 45/299 46/300
f 51/301 52/302 50/303
f 51/304 50/305 49/306
f 45/307 47/308 51/309
f 45/310 51/311 49/312
f 46/313 45/314 49/315
f 46/316 49/317 50/318
f 47/319 48/320 52/321
f 47/322 52/323 51/324
f 60/325 16/326 17/327
f 60/328 17/329 61/330
f 61/331 17/332 15/333
f 61/334 15/335 59/336
f 63/337 18/338 20/339
f 63/340 20/341 64/342
f 64/343 20/344 19/345
f 64/346 19/347 62/348
f 59/349 57/350 58/351
f 59/352 58/353 61/354
f 61/355 58/356 56/357
f 61/358 56/359 60/360
f 53/361 63/362 64/363
f 53/364 64/365 55/366
f 55/367 64/368 62/369
f 55/370 62/371 54/372
f 69/373 73/374 90/375
f 69/376 90/377 87/378
f 85/379 81/380 78/381
f 85/382 78/383 76/384
f 82/385 66/386 99/387
f 82/388 99/389 100/390
f 82/391 100/392 79/393
f 108/394 105/395 81/396
f 108/397 81/398 85/399
f 65/400 84/401 75/402
f 65/403 75/404 97/405
f 65/406 97/407 98/408
f 102/409 106/410 84/411
f 102/412 84/413 65/414
f 66/415 65/416 98/417
f 66/418 98/419 99/420
f 72/421 95/422 96/423
f 72/424 96/425 68/426
f 72/427 68/428 91/429
f 97/430 75/431 77/432
f 97/433 77/434 76/435
f 97/436 76/437 78/438
f 97/439 78/440 80/441
f 97/442 80/443 79/444
f 97/445 79/446 100/447
f 93/448 94/449 70/450
f 93/451 70/452 88/453
f 93/454 88/455 67/456
f 101/457 102/458 65/459
f 101/460 65/461 66/462
f 82/463 79/464 80/465
f 82/466 80/467 83/468
f 83/469 80/470 78/471
f 83/472 78/473 81/474
f 88/475 70/476 71/477
f 88/478 71/479 89/480
f 89/481 71/482 69/483
f 89/484 69/485 87/486
f 103/487 82/488 83/489
f 103/490 83/491 104/492
f 104/493 83/494 81/495
f 104/496 81/497 105/498
f 75/499 84/500 86/501
f 75/502 86/503 77/504
f 77/505 86/506 85/507
f 77/508 85/509 76/510
f 132/511 88/512 89/513
f 132/514 89/515 135/516
f 135/517 89/518 87/519
f 135/520 87/521 136/522
f 72/523 91/524 92/525
f 72/526 92/527 74/528
f 74/529 92/530 90/531
f 74/532 90/533 73/534
f 94/535 95/536 72/537
f 94/538 72/539 74/540
f 94/541 74/542 73/543
f 94/544 73/545 69/546
f 94/547 69/548 71/549
f 94/550 71/551 70/552
f 95/553 94/554 93/555
f 95/556 93/557 96/558
f 99/559 98/560 97/561
f 99/562 97/563 100/564
f 96/565 93/566 67/567
f 96/568 67/569 68/570
f 86/571 107/572 108/573
f 86/574 108/575 85/576
f 84/577 106/578 107/579
f 84/580 107/581 86/582
f 130/583 104/584 105/585
f 130/586 105/587 131/588
f 134/589 103/590 104/591
f 134/592 104/593 130/594
f 133/595 129/596 102/597
f 133/598 102/599 101/600
f 134/601 133/602 101/603
f 134/604 101/605 103/606
f 129/607 132/608 106/609
f 129/610 106/611 102/612
f 136/613 131/614 105/615
f 136/616 105/617 108/618
f 118/619 116/620 125/621
f 118/622 125/623 128/624
f 115/625 110/626 121/627
f 115/628 121/629 126/630
f 112/631 119/632 127/633
f 112/634 127/635 124/636
f 101/637 66/638 114/639
f 101/640 114/641 113/642
f 101/643 113/644 109/645
f 101/646 109/647 111/648
f 103/649 101/650 111/651
f 103/652 111/653 110/654
f 103/655 110/656 115/657
f 103/658 115/659 117/660
f 66/661 82/662 120/663
f 66/664 120/665 119/666
f 66/667 119/668 112/669
f 66/670 112/671 114/672
f 82/673 103/674 117/675
f 82/676 117/677 116/678
f 82/679 116/680 118/681
f 82/682 118/683 120/684
f 109/685 110/686 111/687
f 112/688 113/689 114/690
f 115/691 116/692 117/693
f 118/694 119/695 120/696
f 118/697 128/698 127/699
f 118/700 127/701 119/702
f 123/703 113/704 112/705
f 123/706 112/707 124/708
f 121/709 110/710 109/711
f 121/712 109/713 122/714
f 125/715 116/716 115/717
f 125/718 115/719 126/720
f 109/721 113/722 123/723
f 109/724 123/725 122/726
f 87/727 90/728 131/729
f 87/730 131/731 136/732
f 67/733 88/734 132/735
f 67/736 132/737 129/738
f 91/739 68/740 133/741
f 91/742 133/743 134/744
f 68/745 67/746 129/747
f 68/748 129/749 133/750
f 91/751 134/752 130/753
f 91/754 130/755 92/756
f 92/757 130/758 131/759
f 92/760 131/761 90/762
f 107/763 135/764 136/765
f 107/766 136/767 108/768
f 106/769 132/770 135/771
f 106/772 135/773 107/774
f 125/775 126/776 121/777
f 125/778 121/779 122/780
f 125/781 122/782 123/783
f 125/784 123/785 124/786
f 125/787 124/788 127/789
f 125/790 127/791 128/792
f 137/793 138/794 140/795
f 137/796 140/797 139/798
f 139/799 140/800 142/801
f 139/802 142/803 141/804
f 141/805 142/806 144/807
f 141/808 144/809 143/810
f 143/811 144/812 146/813
f 143/814 146/815 145/816
f 145/817 146/818 148/819
f 145/820 148/821 147/822
f 147/823 148/824 150/825
f 147/826 150/827 149/828
f 149/829 150/830 152/831
f 149/832 152/833 151/834
f 151/835 152/836 154/837
f 151/838 154/839 153/840
f 140/841 138/842 156/843
f 140/844 156/845 154/846
f 140/847 154/848 152/849
f 140/850 152/851 150/852
f 140/853 150/854 148/855
f 140/856 148/857 146/858
f 140/859 146/860 144/861
f 140/862 144/863 142/864
f 153/865 154/866 156/867
f 153/868 156/869 155/870
f 155/871 156/872 138/873
f 155/874 138/875 137/876
f 137/877 139/878 141/879
f 137/880 141/881 143/882
f 137/883 143/884 145/885
f 137/886 145/887 147/888
f 137/889 147/890 149/891
f 137/892 149/893 151/894
f 137/895 151/896 153/897
f 137/898 153/899 155/900
f 192/901 193/902 184/903
f 192/904 184/905 160/906
f 161/907 159/908 172/909
f 161/910 172/911 179/912
f 197/913 158/914 169/915
f 197/916 169/917 200/918
f 194/919 161/920 179/921
f 194/922 179/923 203/924
f 201/925 198/926 170/927
f 201/928 170/929 175/930
f 196/931 189/932 166/933
f 196/934 166/935 181/936
f 191/937 186/938 188/939
f 191/940 188/941 204/942
f 193/943 185/944 186/945
f 193/946 186/947 191/948
f 195/949 157/950 182/951
f 195/952 182/953 196/954
f 192/955 160/956 157/957
f 192/958 157/959 195/960
f 162/961 164/962 186/963
f 162/964 186/965 185/966
f 204/967 190/968 168/969
f 204/970 168/971 187/972
f 194/973 163/974 168/975
f 194/976 168/977 190/978
f 198/979 173/980 174/981
f 198/982 174/983 199/984
f 199/985 174/986 172/987
f 199/988 172/989 200/990
f 159/991 161/992 167/993
f 159/994 167/995 166/996
f 201/997 175/998 177/999
f 201/1000 177/1001 202/1002
f 202/1003 177/1004 176/1005
f 202/1006 176/1007 203/1008
f 197/1009 159/1010 166/1011
f 197/1012 166/1013 189/1014
f 158/1015 197/1016 189/1017
f 158/1018 189/1019 165/1020
f 180/1021 202/1022 203/1023
f 180/1024 203/1025 179/1026
f 178/1027 201/1028 202/1029
f 178/1030 202/1031 180/1032
f 171/1033 199/1034 200/1035
f 171/1036 200/1037 169/1038
f 170/1039 198/1040 199/1041
f 170/1042 199/1043 171/1044
f 161/1045 194/1046 190/1047
f 161/1048 190/1049 167/1050
f 188/1051 167/1052 190/1053
f 188/1054 190/1055 204/1056
f 162/1057 192/1058 195/1059
f 162/1060 195/1061 164/1062
f 164/1063 195/1064 196/1065
f 164/1066 196/1067 181/1068
f 164/1069 181/1070 205/1071
f 184/1072 193/1073 191/1074
f 184/1075 191/1076 183/1077
f 183/1078 191/1079 204/1080
f 183/1081 204/1082 187/1083
f 182/1084 165/1085 189/1086
f 182/1087 189/1088 196/1089
f 178/1090 173/1091 198/1092
f 178/1093 198/1094 201/1095
f 163/1096 194/1097 203/1098
f 163/1099 203/1100 176/1101
f 159/1102 197/1103 200/1104
f 159/1105 200/1106 172/1107
f 162/1108 185/1109 193/1110
f 162/1111 193/1112 192/1113
f 186/1114 164/1115 205/1116
f 186/1117 205/1118 188/1119
f 188/1120 205/1121 181/1122
f 188/1123 181/1124 166/1125
f 188/1126 166/1127 167/1128
f 179/1129 172/1130 174/1131
f 179/1132 174/1133 173/1134
f 179/1135 173/1136 178/1137
f 179/1138 178/1139 180/1140
f 207/1141 209/1142 208/1143
f 207/1144 208/1145 206/1146
f 210/1147 212/1148 216/1149
f 210/1150 216/1151 214/1152
f 209/1153 207/1154 211/1155
f 209/1156 211/1157 213/1158
f 208/1159 209/1160 213/1161
f 208/1162 213/1163 212/1164
f 206/1165 208/1166 212/1167
f 206/1168 212/1169 210/1170
f 207/1171 206/1172 210/1173
f 207/1174 210/1175 211/1176
f 214/1177 216/1178 220/1179
f 214/1180 220/1181 218/1182
f 211/1183 210/1184 214/1185
f 211/1186 214/1187 215/1188
f 213/1189 211/1190 215/1191
f 213/1192 215/1193 217/1194
f 212/1195 213/1196 217/1197
f 212/1198 217/1199 216/1200
f 221/1201 219/1202 223/1203
f 221/1204 223/1205 225/1206
f 215/1207 214/1208 218/1209
f 215/1210 218/1211 219/1212
f 217/1213 215/1214 219/1215
f 217/1216 219/1217 221/1218
f 216/1219 217/1220 221/1221
f 216/1222 221/1223 220/1224
f 223/1225 222/1226 224/1227
f 223/1228 224/1229 225/1230
f 220/1231 221/1232 225/1233
f 220/1234 225/1235 224/1236
f 218/1237 220/1238 224/1239
f 218/1240 224/1241 222/1242
f 219/1243 218/1244 222/1245
f 219/1246 222/1247 223/1248
f 229/1249 228/1250 236/1251
f 229/1252 236/1253 237/1254
f 241/1255 240/1256 248/1257
f 241/1258 248/1259 249/1260
f 226/1261 227/1262 235/1263
f 226/1264 235/1265 234/1266
f 227/1267 233/1268 241/1269
f 227/1270 241/1271 235/1272
f 232/1273 231/1274 239/1275
f 232/1276 239/1277 240/1278
f 230/1279 229/1280 237/1281
f 230/1282 237/1283 238/1284
f 228/1285 226/1286 234/1287
f 228/1288 234/1289 236/1290
f 233/1291 232/1292 240/1293
f 233/1294 240/1295 241/1296
f 231/1297 230/1298 238/1299
f 231/1300 238/1301 239/1302
f 239/1303 238/1304 246/1305
f 239/1306 246/1307 247/1308
f 237/1309 236/1310 244/1311
f 237/1312 244/1313 245/1314
f 234/1315 235/1316 243/1317
f 234/1318 243/1319 242/1320
f 235/1321 241/1322 249/1323
f 235/1324 249/1325 243/1326
f 240/1327 239/1328 247/1329
f 240/1330 247/1331 248/1332
f 238/1333 237/1334 245/1335
f 238/1336 245/1337 246/1338
f 236/1339 234/1340 242/1341
f 236/1342 242/1343 244/1344
f 251/1345 257/1346 265/1347
f 251/1348 265/1349 259/1350
f 263/1351 262/1352 270/1353
f 263/1354 270/1355 271/1356
f 256/1357 255/1358 263/1359
f 256/1360 263/1361 264/1362
f 254/1363 253/1364 261/1365
f 254/1366 261/1367 262/1368
f 252/1369 250/1370 258/1371
f 252/1372 258/1373 260/1374
f 257/1375 256/1376 264/1377
f 257/1378 264/1379 265/1380
f 255/1381 254/1382 262/1383
f 255/1384 262/1385 263/1386
f 253/1387 252/1388 260/1389
f 253/1390 260/1391 261/1392
f 250/1393 251/1394 259/1395
f 250/1396 259/1397 258/1398
f 273/1399 272/1400 280/1401
f 273/1402 280/1403 281/1404
f 261/1405 260/1406 268/1407
f 261/1408 268/1409 269/1410
f 258/1411 259/1412 267/1413
f 258/1414 267/1415 266/1416
f 259/1417 265/1418 273/1419
f 259/1420 273/1421 267/1422
f 264/1423 263/1424 271/1425
f 264/1426 271/1427 272/1428
f 262/1429 261/1430 269/1431
f 262/1432 269/1433 270/1434
f 260/1435 258/1436 266/1437
f 260/1438 266/1439 268/1440
f 265/1441 264/1442 272/1443
f 265/1444 272/1445 273/1446
f 280/1447 279/1448 287/1449
f 280/1450 287/1451 288/1452
f 271/1453 270/1454 278/1455
f 271/1456 278/1457 279/1458
f 269/1459 268/1460 276/1461
f 269/1462 276/1463 277/1464
f 266/1465 267/1466 275/1467
f 266/1468 275/1469 274/1470
f 267/1471 273/1472 281/1473
f 267/1474 281/1475 275/1476
f 272/1477 271/1478 279/1479
f 272/1480 279/1481 280/1482
f 270/1483 269/1484 277/1485
f 270/1486 277/1487 278/1488
f 268/1489 266/1490 274/1491
f 268/1492 274/1493 276/1494
f 282/1495 283/1496 291/1497
f 282/1498 291/1499 290/1500
f 278/1501 277/1502 285/1503
f 278/1504 285/1505 286/1506
f 276/1507 274/1508 282/1509
f 276/1510 282/1511 284/1512
f 281/1513 280/1514 288/1515
f 281/1516 288/1517 289/1518
f 279/1519 278/1520 286/1521
f 279/1522 286/1523 287/1524
f 277/1525 276/1526 284/1527
f 277/1528 284/1529 285/1530
f 274/1531 275/1532 283/1533
f 274/1534 283/1535 282/1536
f 275/1537 281/1538 289/1539
f 275/1540 289/1541 283/1542
f 297/1543 296/1544 304/1545
f 297/1546 304/1547 305/1548
f 283/1549 289/1550 297/1551
f 283/1552 297/1553 291/1554
f 288/1555 287/1556 295/1557
f 288/1558 295/1559 296/1560
f 286/1561 285/1562 293/1563
f 286/1564 293/1565 294/1566
f 284/1567 282/1568 290/1569
f 284/1570 290/1571 292/1572
f 289/1573 288/1574 296/1575
f 289/1576 296/1577 297/1578
f 287/1579 286/1580 294/1581
f 287/1582 294/1583 295/1584
f 285/1585 284/1586 292/1587
f 285/1588 292/1589 293/1590
f 300/1591 298/1592 306/1593
f 300/1594 306/1595 308/1596
f 295/1597 294/1598 302/1599
f 295/1600 302/1601 303/1602
f 293/1603 292/1604 300/1605
f 293/1606 300/1607 301/1608
f 290/1609 291/1610 299/1611
f 290/1612 299/1613 298/1614
f 291/1615 297/1616 305/1617
f 291/1618 305/1619 299/1620
f 296/1621 295/1622 303/1623
f 296/1624 303/1625 304/1626
f 294/1627 293/1628 301/1629
f 294/1630 301/1631 302/1632
f 292/1633 290/1634 298/1635
f 292/1636 298/1637 300/1638
f 307/1639 313/1640 321/1641
f 307/1642 321/1643 315/1644
f 305/1645 304/1646 312/1647
f 305/1648 312/1649 313/1650
f 303/1651 302/1652 310/1653
f 303/1654 310/1655 311/1656
f 301/1657 300/1658 308/1659
f 301/1660 308/1661 309/1662
f 298/1663 299/1664 307/1665
f 298/1666 307/1667 306/1668
f 299/1669 305/1670 313/1671
f 299/1672 313/1673 307/1674
f 304/1675 303/1676 311/1677
f 304/1678 311/1679 312/1680
f 302/1681 301/1682 309/1683
f 302/1684 309/1685 310/1686
f 317/1687 316/1688 324/1689
f 317/1690 324/1691 325/1692
f 312/1693 311/1694 319/1695
f 312/1696 319/1697 320/1698
f 310/1699 309/1700 317/1701
f 310/1702 317/1703 318/1704
f 308/1705 306/1706 314/1707
f 308/1708 314/1709 316/1710
f 313/1711 312/1712 320/1713
f 313/1714 320/1715 321/1716
f 311/1717 310/1718 318/1719
f 311/1720 318/1721 319/1722
f 309/1723 308/1724 316/1725
f 309/1726 316/1727 317/1728
f 306/1729 307/1730 315/1731
f 306/1732 315/1733 314/1734
f 329/1735 328/1736 336/1737
f 329/1738 336/1739 337/1740
f 314/1741 315/1742 323/1743
f 314/1744 323/1745 322/1746
f 315/1747 321/1748 329/1749
f 315/1750 329/1751 323/1752
f 320/1753 319/1754 327/1755
f 320/1756 327/1757 328/1758
f 318/1759 317/1760 325/1761
f 318/1762 325/1763 326/1764
f 316/1765 314/1766 322/1767
f 316/1768 322/1769 324/1770
f 321/1771 320/1772 328/1773
f 321/1774 328/1775 329/1776
f 319/1777 318/1778 326/1779
f 319/1780 326/1781 327/1782
f 334/1783 333/1784 341/1785
f 334/1786 341/1787 342/1788
f 327/1789 326/1790 334/1791
f 327/1792 334/1793 335/1794
f 325/1795 324/1796 332/1797
f 325/1798 332/1799 333/1800
f 322/1801 323/1802 331/1803
f 322/1804 331/1805 330/1806
f 323/1807 329/1808 337/1809
f 323/1810 337/1811 331/1812
f 328/1813 327/1814 335/1815
f 328/1816 335/1817 336/1818
f 326/1819 325/1820 333/1821
f 326/1822 333/1823 334/1824
f 324/1825 322/1826 330/1827
f 324/1828 330/1829 332/1830
f 339/1831 345/1832 353/1833
f 339/1834 353/1835 347/1836
f 332/1837 330/1838 338/1839
f 332/1840 338/1841 340/1842
f 337/1843 336/1844 344/1845
f 337/1846 344/1847 345/1848
f 335/1849 334/1850 342/1851
f 335/1852 342/1853 343/1854
f 333/1855 332/1856 340/1857
f 333/1858 340/1859 341/1860
f 330/1861 331/1862 339/1863
f 330/1864 339/1865 338/1866
f 331/1867 337/1868 345/1869
f 331/1870 345/1871 339/1872
f 336/1873 335/1874 343/1875
f 336/1876 343/1877 344/1878
f 346/1879 347/1880 353/1881
f 346/1882 353/1883 352/1884
f 346/1885 352/1886 351/1887
f 346/1888 351/1889 350/1890
f 346/1891 350/1892 349/1893
f 346/1894 349/1895 348/1896
f 344/1897 343/1898 351/1899
f 344/1900 351/1901 352/1902
f 342/1903 341/1904 349/1905
f 342/1906 349/1907 350/1908
f 340/1909 338/1910 346/1911
f 340/1912 346/1913 348/1914
f 345/1915 344/1916 352/1917
f 345/1918 352/1919 353/1920
f 343/1921 342/1922 350/1923
f 343/1924 350/1925 351/1926
f 341/1927 340/1928 348/1929
f 341/1930 348/1931 349/1932
f 338/1933 339/1934 347/1935
f 338/1936 347/1937 346/1938
f 369/1939 255/1940 256/1941
f 369/1942 256/1943 364/1944
f 368/1945 257/1946 251/1947
f 368/1948 251/1949 365/1950
f 365/1951 251/1952 250/1953
f 365/1954 250/1955 363/1956
f 367/1957 252/1958 253/1959
f 367/1960 253/1961 362/1962
f 366/1963 254/1964 255/1965
f 366/1966 255/1967 369/1968
f 364/1969 256/1970 257/1971
f 364/1972 257/1973 368/1974
f 363/1975 250/1976 252/1977
f 363/1978 252/1979 367/1980
f 362/1981 253/1982 254/1983
f 362/1984 254/1985 366/1986
f 245/1987 354/1988 355/1989
f 245/1990 355/1991 246/1992
f 242/1993 356/1994 357/1995
f 242/1996 357/1997 244/1998
f 248/1999 358/2000 359/2001
f 248/2002 359/2003 249/2004
f 246/2005 355/2006 360/2007
f 246/2008 360/2009 247/2010
f 244/2011 357/2012 354/2013
f 244/2014 354/2015 245/2016
f 243/2017 361/2018 356/2019
f 243/2020 356/2021 242/2022
f 249/2023 359/2024 361/2025
f 249/2026 361/2027 243/2028
f 247/2029 360/2030 358/2031
f 247/2032 358/2033 248/2034
f 362/2035 366/2036 370/2037
f 362/2038 370/2039 382/2040
f 357/2041 356/2042 379/2043
f 357/2044 379/2045 373/2046
f 369/2047 364/2048 384/2049
f 369/2050 384/2051 376/2052
f 355/2053 354/2054 378/2055
f 355/2056 378/2057 371/2058
f 368/2059 365/2060 385/2061
f 368/2062 385/2063 374/2064
f 358/2065 360/2066 377/2067
f 358/2068 377/2069 380/2070
f 365/2071 363/2072 383/2073
f 365/2074 383/2075 385/2076
f 361/2077 359/2078 375/2079
f 361/2080 375/2081 381/2082
f 378/2083 382/2084 370/2085
f 378/2086 370/2087 371/2088
f 379/2089 383/2090 372/2091
f 379/2092 372/2093 373/2094
f 380/2095 384/2096 374/2097
f 380/2098 374/2099 375/2100
f 371/2101 370/2102 376/2103
f 371/2104 376/2105 377/2106
f 373/2107 372/2108 382/2109
f 373/2110 382/2111 378/2112
f 381/2113 385/2114 383/2115
f 381/2116 383/2117 379/2118
f 375/2119 374/2120 385/2121
f 375/2122 385/2123 381/2124
f 377/2125 376/2126 384/2127
f 377/2128 384/2129 380/2130
f 359/2131 358/2132 380/2133
f 359/2134 380/2135 375/2136
f 363/2137 367/2138 372/2139
f 363/2140 372/2141 383/2142
f 360/2143 355/2144 371/2145
f 360/2146 371/2147 377/2148
f 364/2149 368/2150 374/2151
f 364/2152 374/2153 384/2154
f 354/2155 357/2156 373/2157
f 354/2158 373/2159 378/2160
f 366/2161 369/2162 376/2163
f 366/2164 376/2165 370/2166
f 356/2167 361/2168 381/2169
f 356/2170 381/2171 379/2172
f 367/2173 362/2174 382/2175
f 367/2176 382/2177 372/2178
f 232/2179 233/2180 393/2181
f 232/2182 393/2183 392/2184
f 230/2185 231/2186 391/2187
f 230/2188 391/2189 390/2190
f 228/2191 229/2192 389/2193
f 228/2194 389/2195 388/2196
f 227/2197 226/2198 386/2199
f 227/2200 386/2201 387/2202
f 233/2203 227/2204 387/2205
f 233/2206 387/2207 393/2208
f 231/2209 232/2210 392/2211
f 231/2212 392/2213 391/2214
f 229/2215 230/2216 390/2217
f 229/2218 390/2219 389/2220
f 226/2221 228/2222 388/2223
f 226/2224 388/2225 386/2226
o Panel
g Panel
usemtl Blush
v -0.18162 0.33715 -0.13730
v 0.18162 0.33715 -0.13730
v 0.18162 0.13411 -0.13730
v -0.18162 0.13411 -0.13730
v 0.18162 -0.15972 -0.26262
v -0.18162 -0.15972 -0.26262
v -0.18162 0.07369 -0.23909
v 0.18162 0.07369 -0.23909
v 0.18162 -0.25288 -0.40107
v 0.18162 -0.20726 -0.17590
v -0.18162 -0.20726 -0.17590
v -0.18162 -0.25581 -0.17590
v 0.18162 -0.25581 -0.17590
v 0.18162 -0.20722 0.25944
v -0.18162 -0.20722 0.25944
v -0.18162 -0.25581 0.25944
v 0.18162 -0.25581 0.25796
v 0.18162 0.33715 0.25944
v -0.18162 0.33715 0.25944
v 0.18162 0.13411 0.25944
v -0.18162 0.13411 0.25944
v 0.18162 0.04004 0.31261
v -0.18162 0.04004 0.31261
v 0.18162 -0.12050 0.31920
v -0.18162 -0.12050 0.31920
v -0.18162 -0.27188 0.26063
v 0.18162 -0.27188 0.25915
v 0.18162 -0.04627 -0.27392
v -0.18162 -0.04627 -0.27392
v -0.11343 0.33715 -0.94014
v -0.18162 0.33715 -0.66790
v -0.15559 0.33715 -0.89129
v 0.18162 0.33715 -0.66790
v 0.11343 0.33715 -0.94014
v 0.15559 0.33715 -0.89129
v 0.18162 0.18543 -0.61356
v 0.11343 0.20528 -0.79781
v 0.15559 0.19947 -0.74384
v -0.11343 0.20528 -0.79781
v -0.18162 0.18543 -0.61356
v -0.15559 0.19947 -0.74384
v -0.18162 0.07205 -0.61268
v 0.15039 0.33715 1.17358
v 0.18162 0.33715 1.04108
v -0.18162 0.33715 1.04108
v -0.15039 0.33715 1.17358
v 0.15039 0.13411 1.17358
v 0.18162 0.13411 1.04108
v -0.18162 0.13411 1.04108
v -0.15039 0.13411 1.17358
v 0.15039 0.04004 1.17358
v 0.18162 0.04004 1.04108
v -0.18162 0.04004 1.04108
v -0.15039 0.04004 1.17358
v 0.15039 0.02409 1.17358
v 0.18162 0.02137 1.04108
v -0.18162 0.02137 1.04108
v -0.15039 0.02409 1.17358
v 0.15039 -0.00454 1.17358
v 0.18162 -0.01550 1.04108
v -0.18162 -0.01550 1.04108
v -0.15039 -0.00454 1.17358
v 0.15039 -0.04706 1.17358
v 0.18162 -0.07081 1.04108
v -0.18162 -0.07083 1.04108
v -0.15039 -0.04706 1.17358
v 0.15040 -0.06313 1.17477
v 0.18162 -0.08688 1.04227
v -0.18162 -0.08690 1.04227
v -0.15039 -0.06313 1.17477
v 0.18162 -0.15245 -0.40107
v -0.18162 -0.25288 -0.40107
v -0.15559 0.07205 -0.74291
v -0.11343 0.07205 -0.79685
v 0.18162 0.07205 -0.61268
v 0.15559 0.07205 -0.74291
v 0.11343 0.07205 -0.79685
v 0.18162 0.07205 -0.48032
v -0.18162 0.07205 -0.48032
v -0.18162 -0.15245 -0.40107
v -0.18162 -0.04089 -0.40107
v 0.18162 -0.04089 -0.40107
v 0.18162 0.45392 0.25944
v -0.18162 0.45392 0.25944
v -0.15039 0.45392 1.17358
v -0.18162 0.45392 1.04108
v 0.18162 0.45392 1.04108
v 0.15039 0.45392 1.17358
v -0.19432 -0.27301 0.24538
v 0.19353 -0.27301 0.24385
v -0.19431 -0.33377 0.24988
v 0.19354 -0.33377 0.24835
v 0.15646 -0.06200 1.19005
v 0.19353 -0.08575 1.05755
v -0.19432 -0.08577 1.05755
v -0.15646 -0.06200 1.19005
v 0.19354 -0.14652 1.06205
v 0.15647 -0.12277 1.19456
v -0.15645 -0.12277 1.19456
v -0.19431 -0.14653 1.06205
vt -0.11442 0.28096
vt -0.55658 0.28096
vt -0.51130 0.15453
vt -0.11442 0.28096
vt -0.51130 0.15453
vt -0.11442 0.11176
vt 0.15135 -0.11442
vt -0.15135 -0.11442
vt -0.15135 0.21620
vt 0.15135 -0.11442
vt -0.15135 0.21620
vt 0.15135 0.21620
vt -0.09453 -0.78345
vt -0.12966 -0.74274
vt -0.15135 -0.55658
vt -0.09453 -0.78345
vt -0.15135 -0.55658
vt -0.15135 -0.11442
vt -0.09453 -0.78345
vt -0.15135 -0.11442
vt 0.15135 -0.11442
vt -0.09453 -0.78345
vt 0.15135 -0.11442
vt 0.15135 -0.55658
vt -0.09453 -0.78345
vt 0.15135 -0.55658
vt 0.12966 -0.74274
vt -0.09453 -0.78345
vt 0.12966 -0.74274
vt 0.09453 -0.78345
vt -0.55658 0.28096
vt -0.11442 0.28096
vt -0.11442 0.11176
vt -0.55658 0.28096
vt -0.11442 0.11176
vt -0.51130 0.15453
vt -0.09453 0.17107
vt 0.09453 0.17107
vt 0.09453 0.06004
vt -0.09453 0.17107
vt 0.09453 0.06004
vt -0.09453 0.06004
vt -0.21885 -0.13310
vt -0.33422 -0.12704
vt -0.33422 -0.21073
vt 0.15135 -0.03856
vt -0.15135 -0.03856
vt -0.15135 -0.13310
vt 0.15135 -0.03856
vt -0.15135 -0.13310
vt 0.15135 -0.13310
vt 0.15135 -0.11442
vt -0.15135 -0.11442
vt -0.15135 -0.19924
vt 0.15135 -0.11442
vt -0.15135 -0.19924
vt 0.15135 -0.19924
vt -0.11442 0.11176
vt -0.51130 0.15453
vt -0.51057 0.06004
vt -0.11442 0.11176
vt -0.51057 0.06004
vt -0.40027 0.06004
vt -0.11442 0.11176
vt -0.40027 0.06004
vt -0.19924 0.06141
vt -0.51130 0.15453
vt -0.11442 0.11176
vt -0.19924 0.06141
vt -0.51130 0.15453
vt -0.19924 0.06141
vt -0.40027 0.06004
vt -0.51130 0.15453
vt -0.40027 0.06004
vt -0.51057 0.06004
vt -0.22827 -0.03856
vt -0.33422 -0.03408
vt -0.33422 -0.12704
vt -0.22827 -0.03856
vt -0.33422 -0.12704
vt -0.21885 -0.13310
vt -0.21885 -0.13310
vt -0.33422 -0.21073
vt -0.14658 -0.21318
vt -0.21885 -0.13310
vt -0.14658 -0.21318
vt -0.14658 -0.17272
vt -0.33422 -0.21073
vt -0.21885 -0.13310
vt -0.14658 -0.17272
vt -0.33422 -0.21073
vt -0.14658 -0.17272
vt -0.14658 -0.21318
vt 0.15135 -0.21885
vt -0.15135 -0.21885
vt -0.15135 -0.14658
vt 0.15135 -0.21885
vt -0.15135 -0.14658
vt 0.15135 -0.14658
vt -0.15135 -0.33422
vt 0.15135 -0.33422
vt 0.15135 -0.14658
vt -0.15135 -0.33422
vt 0.15135 -0.14658
vt -0.15135 -0.14658
vt 0.86757 -0.05903
vt 0.21620 -0.21318
vt 0.21719 -0.22657
vt 0.86757 -0.05903
vt 0.21719 -0.22657
vt 0.86856 -0.07242
vt -0.14658 -0.21318
vt -0.14658 -0.17272
vt 0.21620 -0.17268
vt -0.14658 -0.21318
vt 0.21620 -0.17268
vt 0.21497 -0.21318
vt 0.15135 -0.14658
vt -0.15135 -0.14658
vt -0.15135 0.21620
vt 0.15135 -0.14658
vt -0.15135 0.21620
vt 0.15135 0.21620
vt -0.15135 -0.14658
vt 0.15135 -0.14658
vt 0.15135 0.21497
vt -0.15135 -0.14658
vt 0.15135 0.21497
vt -0.15135 0.21620
vt 0.21620 0.28096
vt 0.21620 0.11176
vt 0.86757 0.11176
vt 0.21620 0.28096
vt 0.86757 0.11176
vt 0.86757 0.28096
vt -0.11442 0.11176
vt -0.11442 0.28096
vt 0.21620 0.28096
vt -0.11442 0.11176
vt 0.21620 0.28096
vt 0.21620 0.11176
vt -0.11442 0.28096
vt -0.11442 0.11176
vt 0.21620 0.11176
vt -0.11442 0.28096
vt 0.21620 0.11176
vt 0.21620 0.28096
vt -0.15135 -0.11442
vt 0.15135 -0.11442
vt 0.15135 0.21620
vt -0.15135 -0.11442
vt 0.15135 0.21620
vt -0.15135 0.21620
vt 0.21620 0.11176
vt 0.21620 0.28096
vt 0.86757 0.28096
vt 0.21620 0.11176
vt 0.86757 0.28096
vt 0.86757 0.11176
vt 0.12532 0.03337
vt -0.12532 0.03337
vt -0.12532 0.02008
vt 0.12532 0.03337
vt -0.12532 0.02008
vt 0.12532 0.02008
vt 0.12532 0.11176
vt -0.12532 0.11176
vt -0.12532 0.03337
vt 0.12532 0.11176
vt -0.12532 0.03337
vt 0.12532 0.03337
vt 0.12532 0.28096
vt -0.12532 0.28096
vt -0.12532 0.11176
vt 0.12532 0.28096
vt -0.12532 0.11176
vt 0.12532 0.11176
vt -0.15135 0.03337
vt 0.15135 0.03337
vt 0.15135 -0.10042
vt -0.15135 0.03337
vt 0.15135 -0.10042
vt -0.15135 -0.10042
vt -0.15135 0.11176
vt 0.15135 0.11176
vt 0.15135 0.03337
vt -0.15135 0.11176
vt 0.15135 0.03337
vt -0.15135 0.03337
vt 0.86757 0.11176
vt 0.21620 0.11176
vt 0.26051 0.03337
vt 0.86757 0.11176
vt 0.26051 0.03337
vt 0.86757 0.03337
vt 0.21620 0.11176
vt 0.86757 0.11176
vt 0.86757 0.03337
vt 0.21620 0.11176
vt 0.86757 0.03337
vt 0.26051 0.03337
vt 0.12532 -0.00378
vt -0.12532 -0.00378
vt -0.12532 -0.03922
vt 0.12532 -0.00378
vt -0.12532 -0.03922
vt 0.12532 -0.03922
vt 0.12532 0.02008
vt -0.12532 0.02008
vt -0.12532 -0.00378
vt 0.12532 0.02008
vt -0.12532 -0.00378
vt 0.12532 -0.00378
vt 0.26051 0.03337
vt 0.86757 0.03337
vt 0.86757 0.01781
vt 0.26051 0.03337
vt 0.86757 0.01781
vt 0.26600 -0.10042
vt 0.86757 0.03337
vt 0.26051 0.03337
vt 0.26600 -0.10042
vt 0.86757 0.03337
vt 0.26600 -0.10042
vt 0.86757 0.01781
vt 0.26600 -0.10042
vt 0.86757 0.01781
vt 0.86757 -0.01292
vt 0.26600 -0.10042
vt 0.86757 -0.01292
vt 0.21620 -0.17268
vt 0.86757 0.01781
vt 0.26600 -0.10042
vt 0.21620 -0.17268
vt 0.86757 0.01781
vt 0.21620 -0.17268
vt 0.86757 -0.01292
vt -0.15135 -0.10042
vt 0.15135 -0.10042
vt 0.15135 -0.17268
vt -0.15135 -0.10042
vt 0.15135 -0.17268
vt -0.15135 -0.17268
vt 0.86757 -0.01292
vt 0.21620 -0.17268
vt 0.21620 -0.21318
vt 0.86757 -0.01292
vt 0.21620 -0.21318
vt 0.86757 -0.05903
vt 0.12532 -0.03922
vt -0.12532 -0.03922
vt -0.12532 -0.05261
vt 0.12532 -0.03922
vt -0.12532 -0.05261
vt 0.12533 -0.05261
vt 0.21620 -0.17268
vt 0.86757 -0.01292
vt 0.86757 -0.05901
vt 0.21620 -0.17268
vt 0.86757 -0.05901
vt 0.21497 -0.21318
vt 0.21497 -0.21318
vt 0.86757 -0.05901
vt 0.86856 -0.07240
vt 0.21497 -0.21318
vt 0.86856 -0.07240
vt 0.21596 -0.22657
vt -0.15135 -0.21318
vt 0.15135 -0.21318
vt 0.15135 -0.22657
vt -0.15135 -0.21318
vt 0.15135 -0.22657
vt -0.15135 -0.22657
vt 0.15135 0.28096
vt -0.15135 0.28096
vt -0.15135 0.37827
vt 0.15135 0.28096
vt -0.15135 0.37827
vt 0.15135 0.37827
vt 0.15135 0.06141
vt -0.15135 0.06141
vt -0.15135 -0.03856
vt 0.15135 0.06141
vt -0.15135 -0.03856
vt 0.15135 -0.03856
vt -0.19924 0.06141
vt -0.40027 0.06004
vt -0.33422 -0.03408
vt -0.19924 0.06141
vt -0.33422 -0.03408
vt -0.22827 -0.03856
vt -0.12532 0.28096
vt 0.12532 0.28096
vt 0.12532 0.37827
vt -0.12532 0.28096
vt 0.12532 0.37827
vt -0.12532 0.37827
vt 0.86757 0.28096
vt 0.97798 0.28096
vt 0.97798 0.37827
vt 0.86757 0.28096
vt 0.97798 0.37827
vt 0.86757 0.37827
vt 0.21620 0.28096
vt 0.86757 0.28096
vt 0.86757 0.37827
vt 0.21620 0.28096
vt 0.86757 0.37827
vt 0.21620 0.37827
vt 0.97798 0.28096
vt 0.86757 0.28096
vt 0.86757 0.37827
vt 0.97798 0.28096
vt 0.86757 0.37827
vt 0.97798 0.37827
vt 0.86757 0.28096
vt 0.21620 0.28096
vt 0.21620 0.37827
vt 0.86757 0.28096
vt 0.21620 0.37827
vt 0.86757 0.37827
vt -0.55658 0.28096
vt -0.51130 0.15453
vt -0.61987 0.16623
vt -0.55658 0.28096
vt -0.61987 0.16623
vt -0.74274 0.28096
vt -0.74274 0.28096
vt -0.61987 0.16623
vt -0.66484 0.17107
vt -0.74274 0.28096
vt -0.66484 0.17107
vt -0.78345 0.28096
vt -0.51130 0.15453
vt -0.55658 0.28096
vt -0.74274 0.28096
vt -0.51130 0.15453
vt -0.74274 0.28096
vt -0.61987 0.16623
vt -0.61987 0.16623
vt -0.74274 0.28096
vt -0.78345 0.28096
vt -0.61987 0.16623
vt -0.78345 0.28096
vt -0.66484 0.17107
vt -0.51057 0.06004
vt -0.51130 0.15453
vt -0.61987 0.16623
vt -0.51057 0.06004
vt -0.61987 0.16623
vt -0.61909 0.06004
vt -0.61909 0.06004
vt -0.61987 0.16623
vt -0.66484 0.17107
vt -0.61909 0.06004
vt -0.66484 0.17107
vt -0.66404 0.06004
vt -0.51130 0.15453
vt -0.51057 0.06004
vt -0.61909 0.06004
vt -0.51130 0.15453
vt -0.61909 0.06004
vt -0.61987 0.16623
vt -0.61987 0.16623
vt -0.61909 0.06004
vt -0.66404 0.06004
vt -0.61987 0.16623
vt -0.66404 0.06004
vt -0.66484 0.17107
vt -0.09453 -0.78345
vt 0.09453 -0.78345
vt 0.09453 -0.66484
vt -0.09453 -0.78345
vt 0.09453 -0.66484
vt -0.09453 -0.66484
vt 0.86757 0.28096
vt 0.86757 0.11176
vt 0.97798 0.11176
vt 0.86757 0.28096
vt 0.97798 0.11176
vt 0.97798 0.28096
vt 0.86757 0.11176
vt 0.86757 0.28096
vt 0.97798 0.28096
vt 0.86757 0.11176
vt 0.97798 0.28096
vt 0.97798 0.11176
vt 0.97798 0.03337
vt 0.97798 0.11176
vt 0.86757 0.11176
vt 0.97798 0.03337
vt 0.86757 0.11176
vt 0.86757 0.03337
vt 0.97798 0.11176
vt 0.97798 0.03337
vt 0.86757 0.03337
vt 0.97798 0.11176
vt 0.86757 0.03337
vt 0.86757 0.11176
vt 0.97798 0.02008
vt 0.97798 0.03337
vt 0.86757 0.03337
vt 0.97798 0.02008
vt 0.86757 0.03337
vt 0.86757 0.01781
vt 0.86757 0.01781
vt 0.86757 0.03337
vt 0.97798 0.03337
vt 0.86757 0.01781
vt 0.97798 0.03337
vt 0.97798 0.02008
vt 0.97798 -0.00378
vt 0.97798 0.02008
vt 0.86757 0.01781
vt 0.97798 -0.00378
vt 0.86757 0.01781
vt 0.86757 -0.01292
vt 0.86757 -0.01292
vt 0.86757 0.01781
vt 0.97798 0.02008
vt 0.86757 -0.01292
vt 0.97798 0.02008
vt 0.97798 -0.00378
vt 0.97798 -0.00378
vt 0.97798 -0.03922
vt 0.86757 -0.05901
vt 0.97798 -0.00378
vt 0.86757 -0.05901
vt 0.86757 -0.01292
vt 0.97798 -0.03922
vt 0.97798 -0.00378
vt 0.86757 -0.01292
vt 0.97798 -0.03922
vt 0.86757 -0.01292
vt 0.86757 -0.05903
vt 0.97798 -0.03922
vt 0.97898 -0.05261
vt 0.86856 -0.07240
vt 0.97798 -0.03922
vt 0.86856 -0.07240
vt 0.86757 -0.05901
vt 0.86757 -0.05903
vt 0.86856 -0.07242
vt 0.97898 -0.05261
vt 0.86757 -0.05903
vt 0.97898 -0.05261
vt 0.97798 -0.03922
vt -0.14658 -0.17272
vt -0.14658 -0.21318
vt 0.21620 -0.21318
vt -0.14658 -0.17272
vt 0.21620 -0.21318
vt 0.21620 -0.17268
vt -0.33422 -0.03408
vt -0.40027 0.06004
vt -0.19924 0.06141
vt -0.33422 -0.03408
vt -0.19924 0.06141
vt -0.22827 -0.03856
vt -0.33422 -0.21073
vt -0.33422 -0.12704
vt -0.21885 -0.13310
vt -0.33422 -0.12704
vt -0.33422 -0.03408
vt -0.22827 -0.03856
vt -0.33422 -0.12704
vt -0.22827 -0.03856
vt -0.21885 -0.13310
vt 0.15135 0.21620
vt -0.15135 0.21620
vt -0.15135 0.86757
vt 0.15135 0.21620
vt -0.15135 0.86757
vt -0.12532 0.97798
vt 0.15135 0.21620
vt -0.12532 0.97798
vt 0.12532 0.97798
vt 0.15135 0.21620
vt 0.12532 0.97798
vt 0.15135 0.86757
vt 0.13038 -0.05167
vt -0.13038 -0.05167
vt -0.13038 -0.10231
vt 0.13038 -0.05167
vt -0.13038 -0.10231
vt 0.13039 -0.10231
vt 0.12533 0.97898
vt -0.12532 0.97898
vt -0.13038 0.99171
vt 0.12533 0.97898
vt -0.13038 0.99171
vt 0.13038 0.99171
vt 0.88129 -0.07147
vt 0.20448 -0.22751
vt 0.20823 -0.27814
vt 0.88129 -0.07147
vt 0.20823 -0.27814
vt 0.88504 -0.12211
vt 0.15135 0.21596
vt 0.15135 0.86856
vt 0.16128 0.88129
vt 0.15135 0.21596
vt 0.16128 0.88129
vt 0.16128 0.20321
vt -0.15135 0.86856
vt -0.15135 0.21719
vt -0.16193 0.20448
vt -0.15135 0.86856
vt -0.16193 0.20448
vt -0.16193 0.88129
vt -0.15135 0.21719
vt 0.15135 0.21596
vt 0.16128 0.20321
vt -0.15135 0.21719
vt 0.16128 0.20321
vt -0.16193 0.20448
vt -0.16193 -0.22751
vt 0.16128 -0.22751
vt 0.16128 -0.27814
vt -0.16193 -0.22751
vt 0.16128 -0.27814
vt -0.16193 -0.27814
vt -0.16193 0.20823
vt 0.16128 0.20696
vt 0.16128 0.88504
vt -0.16193 0.20823
vt 0.16128 0.88504
vt -0.16193 0.88504
vt 0.20321 -0.22751
vt 0.88129 -0.07146
vt 0.88504 -0.12210
vt 0.20321 -0.22751
vt 0.88504 -0.12210
vt 0.20696 -0.27814
vt -0.13038 0.99171
vt -0.12532 0.97898
vt -0.15135 0.86856
vt -0.13038 0.99171
vt -0.15135 0.86856
vt -0.16193 0.88129
vt 0.16128 0.88129
vt 0.15135 0.86856
vt 0.12533 0.97898
vt 0.16128 0.88129
vt 0.12533 0.97898
vt 0.13038 0.99171
vt 0.99171 -0.05167
vt 0.99547 -0.10231
vt 0.88504 -0.12210
vt 0.99171 -0.05167
vt 0.88504 -0.12210
vt 0.88129 -0.07146
vt 0.99547 -0.10231
vt 0.99171 -0.05167
vt 0.88129 -0.07147
vt 0.99547 -0.10231
vt 0.88129 -0.07147
vt 0.88504 -0.12211
vt -0.16193 0.88504
vt 0.16128 0.88504
vt 0.13039 0.99547
vt -0.16193 0.88504
vt 0.13039 0.99547
vt -0.13038 0.99547
f 394/2227 424/2228 433/2229
f 394/2230 433/2231 397/2232
f 395/2233 394/2234 412/2235
f 395/2236 412/2237 411/2238
f 423/2239 425/2240 424/2241
f 423/2242 424/2243 394/2244
f 423/2245 394/2246 395/2247
f 423/2248 395/2249 426/2250
f 423/2251 426/2252 428/2253
f 423/2254 428/2255 427/2256
f 426/2257 395/2258 396/2259
f 426/2260 396/2261 429/2262
f 432/2263 430/2264 470/2265
f 432/2266 470/2267 467/2268
f 399/2269 473/2270 465/2271
f 421/2272 422/2273 399/2274
f 421/2275 399/2276 398/2277
f 396/2278 397/2279 400/2280
f 396/2281 400/2282 401/2283
f 397/2284 433/2285 435/2286
f 397/2287 435/2288 472/2289
f 397/2290 472/2291 400/2292
f 429/2293 396/2294 401/2295
f 429/2296 401/2297 471/2298
f 429/2299 471/2300 468/2301
f 422/2302 474/2303 473/2304
f 422/2305 473/2306 399/2307
f 399/2308 465/2309 405/2310
f 399/2311 405/2312 404/2313
f 402/2314 398/2315 403/2316
f 402/2317 403/2318 406/2319
f 398/2320 399/2321 404/2322
f 398/2323 404/2324 403/2325
f 465/2326 402/2327 406/2328
f 465/2329 406/2330 405/2331
f 458/2332 409/2333 419/2334
f 458/2335 419/2336 462/2337
f 406/2338 403/2339 407/2340
f 406/2341 407/2342 410/2343
f 403/2344 404/2345 408/2346
f 403/2347 408/2348 407/2349
f 405/2350 406/2351 410/2352
f 405/2353 410/2354 409/2355
f 412/2356 414/2357 442/2358
f 412/2359 442/2360 438/2361
f 396/2362 395/2363 411/2364
f 396/2365 411/2366 413/2367
f 394/2368 397/2369 414/2370
f 394/2371 414/2372 412/2373
f 397/2374 396/2375 413/2376
f 397/2377 413/2378 414/2379
f 413/2380 411/2381 437/2382
f 413/2383 437/2384 441/2385
f 444/2386 447/2387 451/2388
f 444/2389 451/2390 448/2391
f 440/2392 443/2393 447/2394
f 440/2395 447/2396 444/2397
f 436/2398 439/2399 443/2400
f 436/2401 443/2402 440/2403
f 416/2404 415/2405 417/2406
f 416/2407 417/2408 418/2409
f 414/2410 413/2411 415/2412
f 414/2413 415/2414 416/2415
f 442/2416 414/2417 416/2418
f 442/2419 416/2420 446/2421
f 413/2422 441/2423 445/2424
f 413/2425 445/2426 415/2427
f 452/2428 455/2429 459/2430
f 452/2431 459/2432 456/2433
f 448/2434 451/2435 455/2436
f 448/2437 455/2438 452/2439
f 415/2440 445/2441 449/2442
f 415/2443 449/2444 417/2445
f 446/2446 416/2447 418/2448
f 446/2449 418/2450 450/2451
f 417/2452 449/2453 453/2454
f 417/2455 453/2456 407/2457
f 450/2458 418/2459 408/2460
f 450/2461 408/2462 454/2463
f 418/2464 417/2465 407/2466
f 418/2467 407/2468 408/2469
f 454/2470 408/2471 409/2472
f 454/2473 409/2474 458/2475
f 456/2476 459/2477 463/2478
f 456/2479 463/2480 460/2481
f 407/2482 453/2483 457/2484
f 407/2485 457/2486 410/2487
f 410/2488 457/2489 461/2490
f 410/2491 461/2492 420/2493
f 409/2494 410/2495 420/2496
f 409/2497 420/2498 419/2499
f 411/2500 412/2501 477/2502
f 411/2503 477/2504 476/2505
f 401/2506 400/2507 422/2508
f 401/2509 422/2510 421/2511
f 400/2512 472/2513 474/2514
f 400/2515 474/2516 422/2517
f 439/2518 436/2519 481/2520
f 439/2521 481/2522 478/2523
f 438/2524 439/2525 478/2526
f 438/2527 478/2528 479/2529
f 412/2530 438/2531 479/2532
f 412/2533 479/2534 477/2535
f 436/2536 437/2537 480/2538
f 436/2539 480/2540 481/2541
f 437/2542 411/2543 476/2544
f 437/2545 476/2546 480/2547
f 426/2548 429/2549 431/2550
f 426/2551 431/2552 428/2553
f 428/2554 431/2555 430/2556
f 428/2557 430/2558 427/2559
f 433/2560 424/2561 425/2562
f 433/2563 425/2564 434/2565
f 434/2566 425/2567 423/2568
f 434/2569 423/2570 432/2571
f 435/2572 433/2573 434/2574
f 435/2575 434/2576 466/2577
f 466/2578 434/2579 432/2580
f 466/2581 432/2582 467/2583
f 429/2584 468/2585 469/2586
f 429/2587 469/2588 431/2589
f 431/2590 469/2591 470/2592
f 431/2593 470/2594 430/2595
f 423/2596 427/2597 430/2598
f 423/2599 430/2600 432/2601
f 438/2602 442/2603 443/2604
f 438/2605 443/2606 439/2607
f 441/2608 437/2609 436/2610
f 441/2611 436/2612 440/2613
f 447/2614 443/2615 442/2616
f 447/2617 442/2618 446/2619
f 440/2620 444/2621 445/2622
f 440/2623 445/2624 441/2625
f 451/2626 447/2627 446/2628
f 451/2629 446/2630 450/2631
f 449/2632 445/2633 444/2634
f 449/2635 444/2636 448/2637
f 455/2638 451/2639 450/2640
f 455/2641 450/2642 454/2643
f 453/2644 449/2645 448/2646
f 453/2647 448/2648 452/2649
f 452/2650 456/2651 457/2652
f 452/2653 457/2654 453/2655
f 459/2656 455/2657 454/2658
f 459/2659 454/2660 458/2661
f 456/2662 460/2663 461/2664
f 456/2665 461/2666 457/2667
f 458/2668 462/2669 463/2670
f 458/2671 463/2672 459/2673
f 404/2674 405/2675 409/2676
f 404/2677 409/2678 408/2679
f 475/2680 471/2681 401/2682
f 475/2683 401/2684 421/2685
f 402/2686 464/2687 398/2688
f 464/2689 475/2690 421/2691
f 464/2692 421/2693 398/2694
f 476/2695 477/2696 479/2697
f 476/2698 479/2699 478/2700
f 476/2701 478/2702 481/2703
f 476/2704 481/2705 480/2706
f 486/2707 489/2708 492/2709
f 486/2710 492/2711 491/2712
f 460/2713 463/2714 489/2715
f 460/2716 489/2717 486/2718
f 488/2719 482/2720 484/2721
f 488/2722 484/2723 493/2724
f 420/2725 461/2726 487/2727
f 420/2728 487/2729 483/2730
f 462/2731 419/2732 482/2733
f 462/2734 482/2735 488/2736
f 419/2737 420/2738 483/2739
f 419/2740 483/2741 482/2742
f 482/2743 483/2744 485/2745
f 482/2746 485/2747 484/2748
f 484/2749 485/2750 490/2751
f 484/2752 490/2753 493/2754
f 483/2755 487/2756 490/2757
f 483/2758 490/2759 485/2760
f 489/2761 463/2762 462/2763
f 489/2764 462/2765 488/2766
f 487/2767 461/2768 460/2769
f 487/2770 460/2771 486/2772
f 486/2773 491/2774 490/2775
f 486/2776 490/2777 487/2778
f 492/2779 489/2780 488/2781
f 492/2782 488/2783 493/2784
f 493/2785 490/2786 491/2787
f 493/2788 491/2789 492/2790
o Grip
g Grip
usemtl Bubblegum
v -0.04289 0.70505 1.46934
v -0.04289 0.83909 1.46934
v 0.03616 0.70505 1.46934
v 0.03616 0.83909 1.46934
v -0.04289 0.70505 1.61513
v -0.04289 0.83909 1.61513
v 0.03616 0.70505 1.61513
v 0.03616 0.83909 1.61513
v -0.04289 0.93745 1.46934
v 0.03616 0.93745 1.46934
v 0.03616 0.93745 1.57790
v -0.04289 0.93745 1.57790
v -0.04289 1.29994 1.73724
v 0.03616 1.29994 1.73724
v 0.03616 1.24471 1.79156
v -0.04289 1.24471 1.79156
v -0.04289 1.29994 2.00026
v 0.03616 1.29994 2.00026
v 0.03616 1.24471 2.00026
v -0.04289 1.24471 2.00026
v -0.04289 1.42055 1.83998
v 0.03616 1.42055 1.83998
v -0.04289 1.41720 2.00026
v 0.03616 1.41720 2.00026
v -0.04289 1.24471 1.84883
v -0.04289 1.29994 1.88233
v 0.03616 1.29994 1.88233
v 0.03616 1.24471 1.84883
v -0.04289 1.44568 1.92012
v 0.03616 1.44568 1.92012
v 0.03616 1.10511 2.00026
v -0.04289 1.10511 2.00026
v -0.04289 1.10511 1.84883
v 0.03616 1.10511 1.84883
v -0.04289 1.24471 1.91776
v 0.03616 1.29994 1.93601
v 0.03616 1.43271 1.95660
v -0.04289 1.29994 1.93601
v 0.03616 1.24471 1.91776
v -0.04289 1.43271 1.95660
v -0.04289 1.10511 1.91776
v 0.03616 1.10511 1.91776
v 0.03616 0.93745 2.00026
v -0.04289 0.93745 2.00026
v -0.04289 0.93745 1.91776
v 0.03616 0.93745 1.91776
v 0.03616 0.83909 2.00026
v -0.04289 0.83909 2.00026
v -0.04289 0.83909 1.86416
v 0.03616 0.83909 1.86416
v 0.03616 0.67828 2.00026
v -0.04289 0.67828 2.00026
v -0.04289 0.67828 1.86416
v 0.03616 0.67828 1.86416
v 0.11773 0.02855 -2.62792
v -0.11773 0.02855 -2.62792
v 0.17883 0.81760 -2.62792
v 0.12181 0.96180 -2.62792
v 0.16213 0.89840 -2.62792
v -0.12181 0.96180 -2.62792
v -0.17883 0.81760 -2.62792
v -0.16213 0.89840 -2.62792
v 0.16213 0.89840 -2.75000
v 0.12181 0.96180 -2.75000
v 0.17883 0.81760 -2.75000
v -0.12181 0.96180 -2.75000
v -0.16213 0.89840 -2.75000
v -0.17883 0.81760 -2.75000
v 0.11773 0.02855 -2.75000
v -0.11773 0.02855 -2.75000
v 0.05887 -0.03255 -2.62792
v -0.00000 -0.03255 -2.62792
v -0.05887 -0.03255 -2.62792
v 0.05887 -0.03255 -2.75000
v -0.00000 -0.03255 -2.75000
v -0.05887 -0.03255 -2.75000
v -0.17883 0.43742 -2.62792
v -0.17883 0.43742 -2.75000
v 0.17883 0.43742 -2.62792
v 0.17883 0.43742 -2.75000
v -0.11773 0.39236 -2.62792
v -0.11773 0.39236 -2.75000
v 0.11773 0.39236 -2.62792
v 0.11773 0.39236 -2.75000
v 0.16756 0.88756 -1.01918
v -0.16229 0.88756 -1.01918
v 0.16756 0.88756 -0.04446
v -0.16229 0.88756 -0.04446
v 0.16756 1.01409 -1.01918
v -0.16229 1.01409 -1.01918
v 0.16756 1.01409 -0.04446
v -0.16229 1.01409 -0.04446
v 0.16756 0.88756 -0.91853
v -0.16229 0.88756 -0.91853
v 0.16756 1.01409 -0.91853
v -0.16229 1.01409 -0.91853
v -0.11331 1.07975 -0.91853
v -0.11331 1.07975 -0.04446
v 0.11858 1.07975 -0.04446
v 0.11858 1.07975 -0.91853
v -0.16229 0.88756 -0.13186
v -0.16229 1.01409 -0.13186
v 0.16756 0.88756 -0.13186
v 0.16756 1.01409 -0.13186
v -0.11331 1.07975 -0.13186
v 0.11858 1.07975 -0.13186
v 0.07423 1.24054 -0.19776
v 0.07423 1.24054 -0.85790
v -0.06896 1.24054 -0.85790
v -0.06896 1.24054 -0.19776
v 0.16468 0.88037 1.23017
v -0.16468 0.88037 1.23017
v -0.16468 0.88037 1.15717
v 0.16468 0.88037 1.15717
v 0.16468 0.94893 1.23017
v 0.11848 0.98914 1.23041
v -0.11849 0.98914 1.23041
v -0.16468 0.94893 1.23017
v -0.16468 0.94893 1.15717
v -0.11849 0.98914 1.15693
v 0.11848 0.98914 1.15693
v 0.16468 0.94893 1.15717
v 0.16468 0.88037 1.06852
v -0.16468 0.88037 1.06852
v -0.16468 0.88037 0.99553
v 0.16468 0.88037 0.99553
v 0.16468 0.94893 1.06852
v 0.11848 0.98914 1.06876
v -0.11849 0.98914 1.06876
v -0.16468 0.94893 1.06852
v -0.16468 0.94893 0.99553
v -0.11849 0.98914 0.99529
v 0.11848 0.98914 0.99529
v 0.16468 0.94893 0.99553
v 0.16468 0.88037 0.90688
v -0.16468 0.88037 0.90688
v -0.16468 0.88037 0.83389
v 0.16468 0.88037 0.83388
v 0.16468 0.94893 0.90688
v 0.11848 0.98914 0.90712
v -0.11849 0.98914 0.90712
v -0.16468 0.94893 0.90688
v -0.16468 0.94893 0.83389
v -0.11849 0.98914 0.83365
v 0.11848 0.98914 0.83365
v 0.16468 0.94893 0.83388
v 0.16468 0.88037 0.74524
v -0.16468 0.88037 0.74524
v -0.16468 0.88037 0.67224
v 0.16468 0.88037 0.67224
v 0.16468 0.94893 0.74524
v 0.11848 0.98914 0.74548
v -0.11849 0.98914 0.74548
v -0.16468 0.94893 0.74524
v -0.16468 0.94893 0.67224
v -0.11849 0.98914 0.67200
v 0.11848 0.98914 0.67200
v 0.16468 0.94893 0.67224
v 0.16468 0.88037 0.58359
v -0.16468 0.88037 0.58359
v -0.16468 0.88037 0.51060
v 0.16468 0.88037 0.51060
v 0.16468 0.94893 0.58359
v 0.11848 0.98914 0.58383
v -0.11849 0.98914 0.58383
v -0.16468 0.94893 0.58359
v -0.16468 0.94893 0.51060
v -0.11849 0.98914 0.51036
v 0.11848 0.98914 0.51036
v 0.16468 0.94893 0.51060
v 0.16468 0.88037 0.42195
v -0.16468 0.88037 0.42195
v -0.16468 0.88037 0.34895
v 0.16468 0.88037 0.34895
v 0.16468 0.94893 0.42195
v 0.11848 0.98914 0.42219
v -0.11849 0.98914 0.42219
v -0.16468 0.94893 0.42195
v -0.16468 0.94893 0.34895
v -0.11849 0.98914 0.34871
v 0.11848 0.98914 0.34871
v 0.16468 0.94893 0.34895
v 0.16468 0.88037 0.26031
v -0.16468 0.88037 0.26031
v -0.16468 0.88037 0.18731
v 0.16468 0.88037 0.18731
v 0.16468 0.94893 0.26031
v 0.11848 0.98914 0.26054
v -0.11849 0.98914 0.26054
v -0.16468 0.94893 0.26031
v -0.16468 0.94893 0.18731
v -0.11849 0.98914 0.18707
v 0.11848 0.98914 0.18707
v 0.16468 0.94893 0.18731
v 0.16468 0.88037 0.09866
v -0.16468 0.88037 0.09866
v -0.16468 0.88037 0.02566
v 0.16468 0.88037 0.02566
v 0.16468 0.94893 0.09866
v 0.11848 0.98914 0.09890
v -0.11849 0.98914 0.09890
v -0.16468 0.94893 0.09866
v -0.16468 0.94893 0.02566
v -0.11849 0.98914 0.02543
v 0.11848 0.98914 0.02543
v 0.16468 0.94893 0.02566
vt -0.03574 0.58754
vt -0.03574 0.69924
vt 0.03013 0.69924
vt -0.03574 0.58754
vt 0.03013 0.69924
vt 0.03013 0.58754
vt 1.22445 0.58754
vt 1.22445 0.69924
vt 1.34594 0.69924
vt 1.22445 0.58754
vt 1.34594 0.69924
vt 1.34594 0.58754
vt 0.03013 0.58754
vt 0.03013 0.69924
vt -0.03574 0.69924
vt 0.03013 0.58754
vt -0.03574 0.69924
vt -0.03574 0.58754
vt 1.34594 0.58754
vt 1.34594 0.69924
vt 1.22445 0.69924
vt 1.34594 0.58754
vt 1.22445 0.69924
vt 1.22445 0.58754
vt 0.03013 1.22445
vt 0.03013 1.34594
vt -0.03574 1.34594
vt 0.03013 1.22445
vt -0.03574 1.34594
vt -0.03574 1.22445
vt 1.34594 0.69924
vt 1.22445 0.69924
vt 1.22445 0.78121
vt 1.34594 0.69924
vt 1.22445 0.78121
vt 1.31492 0.78121
vt -0.03574 0.78121
vt 0.03013 0.78121
vt 0.03013 1.03726
vt -0.03574 0.78121
vt 0.03013 1.03726
vt -0.03574 1.03726
vt 0.03013 0.69924
vt -0.03574 0.69924
vt -0.03574 0.78121
vt 0.03013 0.69924
vt -0.03574 0.78121
vt 0.03013 0.78121
vt 1.22445 0.69924
vt 1.34594 0.69924
vt 1.31492 0.78121
vt 1.22445 0.69924
vt 1.31492 0.78121
vt 1.22445 0.78121
vt 1.61334 1.08328
vt 1.59813 1.03726
vt 1.66688 1.03726
vt 1.61334 1.08328
vt 1.66688 1.03726
vt 1.66688 1.08328
vt 0.03013 0.78121
vt -0.03574 0.78121
vt -0.03574 1.08328
vt 0.03013 0.78121
vt -0.03574 1.08328
vt 0.03013 1.08328
vt 1.22445 0.78121
vt 1.31492 0.78121
vt 1.49297 1.03726
vt 1.22445 0.78121
vt 1.49297 1.03726
vt 1.44770 1.08328
vt 1.31492 0.78121
vt 1.22445 0.78121
vt 1.44770 1.08328
vt 1.31492 0.78121
vt 1.44770 1.08328
vt 1.49297 1.03726
vt 0.03013 1.03726
vt 0.03013 1.08328
vt -0.03574 1.08328
vt 0.03013 1.03726
vt -0.03574 1.08328
vt -0.03574 1.03726
vt 1.59813 1.03726
vt 1.61334 1.08328
vt 1.66688 1.08328
vt 1.59813 1.03726
vt 1.66688 1.08328
vt 1.66688 1.03726
vt 1.59813 1.03726
vt 1.66688 1.03726
vt 1.66688 0.92093
vt 1.59813 1.03726
vt 1.66688 0.92093
vt 1.59813 0.92093
vt 1.56861 1.08328
vt 1.44770 1.08328
vt 1.53332 1.18379
vt 1.56861 1.08328
vt 1.53332 1.18379
vt 1.60010 1.20473
vt 0.03013 1.63050
vt -0.03574 1.63050
vt -0.03574 1.66688
vt 0.03013 1.63050
vt -0.03574 1.66688
vt 0.03013 1.66688
vt -0.03574 1.08328
vt 0.03013 1.08328
vt 0.03013 1.18100
vt -0.03574 1.08328
vt 0.03013 1.18100
vt -0.03574 1.18100
vt 1.61334 1.08328
vt 1.66688 1.08328
vt 1.66688 1.18100
vt 1.61334 1.08328
vt 1.66688 1.18100
vt 1.63050 1.19392
vt 0.03013 1.08328
vt -0.03574 1.08328
vt -0.03574 1.18379
vt 0.03013 1.08328
vt -0.03574 1.18379
vt 0.03013 1.18379
vt 1.44770 1.08328
vt 1.56861 1.08328
vt 1.60010 1.20473
vt 1.44770 1.08328
vt 1.60010 1.20473
vt 1.53332 1.18379
vt 0.03013 1.53332
vt -0.03574 1.53332
vt -0.03574 1.60010
vt 0.03013 1.53332
vt -0.03574 1.60010
vt 0.03013 1.60010
vt 1.61334 1.08328
vt 1.56861 1.08328
vt 1.60010 1.20473
vt 1.61334 1.08328
vt 1.60010 1.20473
vt 1.63050 1.19392
vt -0.03574 1.49297
vt 0.03013 1.49297
vt 0.03013 1.54069
vt -0.03574 1.49297
vt 0.03013 1.54069
vt -0.03574 1.54069
vt 1.49297 1.03726
vt 1.44770 1.08328
vt 1.56861 1.08328
vt 1.49297 1.03726
vt 1.56861 1.08328
vt 1.54069 1.03726
vt 1.44770 1.08328
vt 1.49297 1.03726
vt 1.54069 1.03726
vt 1.44770 1.08328
vt 1.54069 1.03726
vt 1.56861 1.08328
vt -0.03574 0.92093
vt 0.03013 0.92093
vt 0.03013 0.78121
vt -0.03574 0.92093
vt 0.03013 0.78121
vt -0.03574 0.78121
vt 1.59813 1.03726
vt 1.54069 1.03726
vt 1.54069 0.92093
vt 1.59813 1.03726
vt 1.54069 0.92093
vt 1.59813 0.92093
vt 0.03013 1.03726
vt -0.03574 1.03726
vt -0.03574 0.92093
vt 0.03013 1.03726
vt -0.03574 0.92093
vt 0.03013 0.92093
vt -0.03574 1.03726
vt 0.03013 1.03726
vt 0.03013 0.92093
vt -0.03574 1.03726
vt 0.03013 0.92093
vt -0.03574 0.92093
vt 1.66688 1.03726
vt 1.59813 1.03726
vt 1.59813 0.92093
vt 1.66688 1.03726
vt 1.59813 0.92093
vt 1.66688 0.92093
vt -0.03574 1.54069
vt 0.03013 1.54069
vt 0.03013 1.59813
vt -0.03574 1.54069
vt 0.03013 1.59813
vt -0.03574 1.59813
vt 1.66688 1.08328
vt 1.61334 1.08328
vt 1.63050 1.19392
vt 1.66688 1.08328
vt 1.63050 1.19392
vt 1.66688 1.18100
vt 1.56861 1.08328
vt 1.61334 1.08328
vt 1.63050 1.19392
vt 1.56861 1.08328
vt 1.63050 1.19392
vt 1.60010 1.20473
vt 0.03013 1.60010
vt -0.03574 1.60010
vt -0.03574 1.63050
vt 0.03013 1.60010
vt -0.03574 1.63050
vt 0.03013 1.63050
vt 1.54069 1.03726
vt 1.59813 1.03726
vt 1.59813 0.92093
vt 1.54069 1.03726
vt 1.59813 0.92093
vt 1.54069 0.92093
vt 1.54069 1.03726
vt 1.56861 1.08328
vt 1.61334 1.08328
vt 1.54069 1.03726
vt 1.61334 1.08328
vt 1.59813 1.03726
vt 1.56861 1.08328
vt 1.54069 1.03726
vt 1.59813 1.03726
vt 1.56861 1.08328
vt 1.59813 1.03726
vt 1.61334 1.08328
vt 1.59813 0.78121
vt 1.66688 0.78121
vt 1.66688 0.69924
vt 1.59813 0.78121
vt 1.66688 0.69924
vt 1.55347 0.69924
vt 1.59813 0.92093
vt 1.66688 0.92093
vt 1.66688 0.78121
vt 1.59813 0.92093
vt 1.66688 0.78121
vt 1.59813 0.78121
vt 0.03013 0.92093
vt -0.03574 0.92093
vt -0.03574 0.78121
vt 0.03013 0.92093
vt -0.03574 0.78121
vt 0.03013 0.78121
vt 1.66688 0.92093
vt 1.59813 0.92093
vt 1.59813 0.78121
vt 1.66688 0.92093
vt 1.59813 0.78121
vt 1.66688 0.78121
vt -0.03574 0.69924
vt 0.03013 0.69924
vt 0.03013 0.56523
vt -0.03574 0.69924
vt 0.03013 0.56523
vt -0.03574 0.56523
vt 0.03013 0.78121
vt -0.03574 0.78121
vt -0.03574 0.69924
vt 0.03013 0.78121
vt -0.03574 0.69924
vt 0.03013 0.69924
vt 1.55347 0.69924
vt 1.59813 0.78121
vt 1.31492 0.78121
vt 1.55347 0.69924
vt 1.31492 0.78121
vt 1.34594 0.69924
vt 1.66688 0.78121
vt 1.59813 0.78121
vt 1.55347 0.69924
vt 1.66688 0.78121
vt 1.55347 0.69924
vt 1.66688 0.69924
vt -0.03574 1.55347
vt 0.03013 1.55347
vt 0.03013 1.66688
vt -0.03574 1.55347
vt 0.03013 1.66688
vt -0.03574 1.66688
vt 1.66688 0.69924
vt 1.55347 0.69924
vt 1.55347 0.56523
vt 1.66688 0.69924
vt 1.55347 0.56523
vt 1.66688 0.56523
vt 1.55347 0.69924
vt 1.66688 0.69924
vt 1.66688 0.56523
vt 1.55347 0.69924
vt 1.66688 0.56523
vt 1.55347 0.56523
vt 0.03013 0.69924
vt -0.03574 0.69924
vt -0.03574 0.56523
vt 0.03013 0.69924
vt -0.03574 0.56523
vt 0.03013 0.56523
vt 1.59813 0.78121
vt 1.55347 0.69924
vt 1.34594 0.69924
vt 1.59813 0.78121
vt 1.34594 0.69924
vt 1.31492 0.78121
vt 0.03013 1.55347
vt -0.03574 1.55347
vt -0.03574 1.34594
vt 0.03013 1.55347
vt -0.03574 1.34594
vt 0.03013 1.34594
vt -0.03574 1.59813
vt 0.03013 1.59813
vt 0.03013 1.31492
vt -0.03574 1.59813
vt 0.03013 1.31492
vt -0.03574 1.31492
vt 0.13511 0.74867
vt 0.10151 0.80150
vt -0.10151 0.80150
vt 0.13511 0.74867
vt -0.10151 0.80150
vt -0.13511 0.74867
vt 0.13511 0.74867
vt -0.13511 0.74867
vt -0.14902 0.68133
vt 0.13511 0.74867
vt -0.14902 0.68133
vt -0.14902 0.36452
vt 0.13511 0.74867
vt -0.14902 0.36452
vt 0.14902 0.36452
vt 0.13511 0.74867
vt 0.14902 0.36452
vt 0.14902 0.68133
vt 0.13511 0.74867
vt 0.14902 0.68133
vt 0.14902 0.36452
vt 0.13511 0.74867
vt 0.14902 0.36452
vt -0.14902 0.36452
vt 0.13511 0.74867
vt -0.14902 0.36452
vt -0.14902 0.68133
vt 0.13511 0.74867
vt -0.14902 0.68133
vt -0.13511 0.74867
vt 0.13511 0.74867
vt -0.13511 0.74867
vt -0.10151 0.80150
vt 0.13511 0.74867
vt -0.10151 0.80150
vt 0.10151 0.80150
vt -2.18993 0.32697
vt -2.18993 0.02379
vt -2.29167 0.02379
vt -2.18993 0.32697
vt -2.29167 0.02379
vt -2.29167 0.32697
vt -2.18993 0.74867
vt -2.18993 0.80150
vt -2.29167 0.80150
vt -2.18993 0.74867
vt -2.29167 0.80150
vt -2.29167 0.74867
vt -2.18993 0.80150
vt -2.18993 0.74867
vt -2.29167 0.74867
vt -2.18993 0.80150
vt -2.29167 0.74867
vt -2.29167 0.80150
vt -2.18993 -0.02713
vt -2.18993 0.02379
vt -2.29167 0.02379
vt -2.18993 -0.02713
vt -2.29167 0.02379
vt -2.29167 -0.02713
vt -0.10151 -2.18993
vt 0.10151 -2.18993
vt 0.10151 -2.29167
vt -0.10151 -2.18993
vt 0.10151 -2.29167
vt -0.10151 -2.29167
vt -2.18993 0.68133
vt -2.18993 0.74867
vt -2.29167 0.74867
vt -2.18993 0.68133
vt -2.29167 0.74867
vt -2.29167 0.68133
vt -2.18993 0.74867
vt -2.18993 0.68133
vt -2.29167 0.68133
vt -2.18993 0.74867
vt -2.29167 0.68133
vt -2.29167 0.74867
vt -2.18993 0.36452
vt -2.18993 0.68133
vt -2.29167 0.68133
vt -2.18993 0.36452
vt -2.29167 0.68133
vt -2.29167 0.36452
vt -2.18993 0.02379
vt -2.18993 -0.02713
vt -2.29167 -0.02713
vt -2.18993 0.02379
vt -2.29167 -0.02713
vt -2.29167 0.02379
vt 0.04906 -2.18993
vt -0.00000 -2.18993
vt -0.00000 -2.29167
vt 0.04906 -2.18993
vt -0.00000 -2.29167
vt 0.04906 -2.29167
vt -0.00000 -2.18993
vt -0.04906 -2.18993
vt -0.04906 -2.29167
vt -0.00000 -2.18993
vt -0.04906 -2.29167
vt -0.00000 -2.29167
vt -0.09811 -2.18993
vt -0.14902 -2.18993
vt -0.14902 -2.29167
vt -0.09811 -2.18993
vt -0.14902 -2.29167
vt -0.09811 -2.29167
vt -2.18993 0.68133
vt -2.18993 0.36452
vt -2.29167 0.36452
vt -2.18993 0.68133
vt -2.29167 0.36452
vt -2.29167 0.68133
vt 0.14902 0.36452
vt -0.14902 0.36452
vt -0.09811 0.32697
vt 0.14902 0.36452
vt -0.09811 0.32697
vt 0.09811 0.32697
vt -0.14902 0.36452
vt 0.14902 0.36452
vt 0.09811 0.32697
vt -0.14902 0.36452
vt 0.09811 0.32697
vt -0.09811 0.32697
vt -2.18993 0.02379
vt -2.18993 0.32697
vt -2.29167 0.32697
vt -2.18993 0.02379
vt -2.29167 0.32697
vt -2.29167 0.02379
vt 0.14902 -2.18993
vt 0.09811 -2.18993
vt 0.09811 -2.29167
vt 0.14902 -2.18993
vt 0.09811 -2.29167
vt 0.14902 -2.29167
vt -0.09811 0.32697
vt 0.09811 0.32697
vt 0.09811 0.02379
vt -0.09811 0.32697
vt 0.09811 0.02379
vt 0.04906 -0.02713
vt -0.09811 0.32697
vt 0.04906 -0.02713
vt -0.00000 -0.02713
vt -0.09811 0.32697
vt -0.00000 -0.02713
vt -0.04906 -0.02713
vt -0.09811 0.32697
vt -0.04906 -0.02713
vt -0.09811 0.02379
vt 0.09811 0.32697
vt -0.09811 0.32697
vt -0.09811 0.02379
vt 0.09811 0.32697
vt -0.09811 0.02379
vt -0.04906 -0.02713
vt 0.09811 0.32697
vt -0.04906 -0.02713
vt -0.00000 -0.02713
vt 0.09811 0.32697
vt -0.00000 -0.02713
vt 0.04906 -0.02713
vt 0.09811 0.32697
vt 0.04906 -0.02713
vt 0.09811 0.02379
vt -0.10988 0.84508
vt -0.03705 0.84508
vt -0.03705 0.89979
vt -0.10988 0.84508
vt -0.03705 0.89979
vt -0.10988 0.89979
vt -0.10988 0.73963
vt -0.03705 0.73963
vt -0.03705 0.84508
vt -0.10988 0.73963
vt -0.03705 0.84508
vt -0.10988 0.84508
vt 0.13963 0.73963
vt -0.13524 0.73963
vt -0.13524 0.84508
vt 0.13963 0.73963
vt -0.13524 0.84508
vt 0.13963 0.84508
vt -0.13524 0.73963
vt 0.13963 0.73963
vt 0.13963 0.84508
vt -0.13524 0.73963
vt 0.13963 0.84508
vt -0.13524 0.84508
vt -0.76544 0.73963
vt -0.84932 0.73963
vt -0.84932 0.84508
vt -0.76544 0.73963
vt -0.84932 0.84508
vt -0.76544 0.84508
vt -0.10988 0.73963
vt -0.76544 0.73963
vt -0.76544 0.84508
vt -0.10988 0.73963
vt -0.76544 0.84508
vt -0.10988 0.84508
vt -0.84932 0.73963
vt -0.76544 0.73963
vt -0.76544 0.84508
vt -0.84932 0.73963
vt -0.76544 0.84508
vt -0.84932 0.84508
vt 0.13963 -0.84932
vt -0.13524 -0.84932
vt -0.13524 -0.76544
vt 0.13963 -0.84932
vt -0.13524 -0.76544
vt 0.13963 -0.76544
vt 0.09882 -0.10988
vt -0.09442 -0.10988
vt -0.09442 -0.03705
vt 0.09882 -0.10988
vt -0.09442 -0.03705
vt 0.09882 -0.03705
vt -0.13524 0.84508
vt 0.13963 0.84508
vt 0.09882 0.89979
vt -0.13524 0.84508
vt 0.09882 0.89979
vt -0.09442 0.89979
vt 0.13963 0.84508
vt -0.13524 0.84508
vt -0.09442 0.89979
vt 0.13963 0.84508
vt -0.09442 0.89979
vt 0.09882 0.89979
vt -0.10988 0.84508
vt -0.76544 0.84508
vt -0.76544 0.89979
vt -0.10988 0.84508
vt -0.76544 0.89979
vt -0.10988 0.89979
vt -0.03705 0.84508
vt -0.10988 0.84508
vt -0.10988 0.89979
vt -0.03705 0.84508
vt -0.10988 0.89979
vt -0.03705 0.89979
vt -0.09442 0.89979
vt 0.09882 0.89979
vt 0.06186 1.03378
vt -0.09442 0.89979
vt 0.06186 1.03378
vt -0.05747 1.03378
vt -0.03705 0.73963
vt -0.10988 0.73963
vt -0.10988 0.84508
vt -0.03705 0.73963
vt -0.10988 0.84508
vt -0.03705 0.84508
vt -0.76544 0.73963
vt -0.10988 0.73963
vt -0.10988 0.84508
vt -0.76544 0.73963
vt -0.10988 0.84508
vt -0.76544 0.84508
vt -0.76544 0.84508
vt -0.10988 0.84508
vt -0.10988 0.89979
vt -0.76544 0.84508
vt -0.10988 0.89979
vt -0.76544 0.89979
vt 0.06186 -0.71492
vt -0.05747 -0.71492
vt -0.05747 -0.16480
vt 0.06186 -0.71492
vt -0.05747 -0.16480
vt 0.06186 -0.16480
vt -0.10988 0.89979
vt -0.76544 0.89979
vt -0.71492 1.03378
vt -0.10988 0.89979
vt -0.71492 1.03378
vt -0.16480 1.03378
vt 0.09882 0.89979
vt -0.09442 0.89979
vt -0.05747 1.03378
vt 0.09882 0.89979
vt -0.05747 1.03378
vt 0.06186 1.03378
vt -0.76544 0.89979
vt -0.10988 0.89979
vt -0.16480 1.03378
vt -0.76544 0.89979
vt -0.16480 1.03378
vt -0.71492 1.03378
vt 1.02514 0.73364
vt 0.96431 0.73364
vt 0.96431 0.79078
vt 1.02514 0.73364
vt 0.96431 0.79078
vt 1.02514 0.79078
vt 0.96431 0.73364
vt 1.02514 0.73364
vt 1.02514 0.79078
vt 0.96431 0.73364
vt 1.02514 0.79078
vt 0.96431 0.79078
vt 0.09873 0.96411
vt -0.09874 0.96411
vt -0.09874 1.02534
vt 0.09873 0.96411
vt -0.09874 1.02534
vt 0.09873 1.02534
vt 0.13723 0.73364
vt -0.13723 0.73364
vt -0.13723 0.79078
vt 0.13723 0.73364
vt -0.13723 0.79078
vt -0.09874 0.82428
vt 0.13723 0.73364
vt -0.09874 0.82428
vt 0.09873 0.82428
vt 0.13723 0.73364
vt 0.09873 0.82428
vt 0.13723 0.79078
vt -0.13723 0.96431
vt -0.13723 1.02514
vt -0.09874 1.02534
vt -0.13723 0.96431
vt -0.09874 1.02534
vt -0.09874 0.96411
vt 0.13723 1.02514
vt 0.13723 0.96431
vt 0.09873 0.96411
vt 0.13723 1.02514
vt 0.09873 0.96411
vt 0.09873 1.02534
vt -0.13723 0.73364
vt 0.13723 0.73364
vt 0.13723 0.79078
vt -0.13723 0.73364
vt 0.13723 0.79078
vt 0.09873 0.82428
vt -0.13723 0.73364
vt 0.09873 0.82428
vt -0.09874 0.82428
vt -0.13723 0.73364
vt -0.09874 0.82428
vt -0.13723 0.79078
vt 0.89043 0.73364
vt 0.82961 0.73364
vt 0.82961 0.79078
vt 0.89043 0.73364
vt 0.82961 0.79078
vt 0.89043 0.79078
vt 0.82961 0.73364
vt 0.89043 0.73364
vt 0.89043 0.79078
vt 0.82961 0.73364
vt 0.89043 0.79078
vt 0.82961 0.79078
vt 0.09873 0.82941
vt -0.09874 0.82941
vt -0.09874 0.89063
vt 0.09873 0.82941
vt -0.09874 0.89063
vt 0.09873 0.89063
vt 0.13723 0.73364
vt -0.13723 0.73364
vt -0.13723 0.79078
vt 0.13723 0.73364
vt -0.13723 0.79078
vt -0.09874 0.82428
vt 0.13723 0.73364
vt -0.09874 0.82428
vt 0.09873 0.82428
vt 0.13723 0.73364
vt 0.09873 0.82428
vt 0.13723 0.79078
vt -0.13723 0.82961
vt -0.13723 0.89043
vt -0.09874 0.89063
vt -0.13723 0.82961
vt -0.09874 0.89063
vt -0.09874 0.82941
vt 0.13723 0.89043
vt 0.13723 0.82961
vt 0.09873 0.82941
vt 0.13723 0.89043
vt 0.09873 0.82941
vt 0.09873 0.89063
vt -0.13723 0.73364
vt 0.13723 0.73364
vt 0.13723 0.79078
vt -0.13723 0.73364
vt 0.13723 0.79078
vt 0.09873 0.82428
vt -0.13723 0.73364
vt 0.09873 0.82428
vt -0.09874 0.82428
vt -0.13723 0.73364
vt -0.09874 0.82428
vt -0.13723 0.79078
vt 0.75573 0.73364
vt 0.69490 0.73364
vt 0.69490 0.79078
vt 0.75573 0.73364
vt 0.69490 0.79078
vt 0.75573 0.79078
vt 0.69491 0.73364
vt 0.75573 0.73364
vt 0.75573 0.79078
vt 0.69491 0.73364
vt 0.75573 0.79078
vt 0.69491 0.79078
vt 0.09873 0.69471
vt -0.09874 0.69471
vt -0.09874 0.75593
vt 0.09873 0.69471
vt -0.09874 0.75593
vt 0.09873 0.75593
vt 0.13723 0.73364
vt -0.13723 0.73364
vt -0.13723 0.79078
vt 0.13723 0.73364
vt -0.13723 0.79078
vt -0.09874 0.82428
vt 0.13723 0.73364
vt -0.09874 0.82428
vt 0.09873 0.82428
vt 0.13723 0.73364
vt 0.09873 0.82428
vt 0.13723 0.79078
vt -0.13723 0.69491
vt -0.13723 0.75573
vt -0.09874 0.75593
vt -0.13723 0.69491
vt -0.09874 0.75593
vt -0.09874 0.69471
vt 0.13723 0.75573
vt 0.13723 0.69490
vt 0.09873 0.69471
vt 0.13723 0.75573
vt 0.09873 0.69471
vt 0.09873 0.75593
vt -0.13723 0.73364
vt 0.13723 0.73364
vt 0.13723 0.79078
vt -0.13723 0.73364
vt 0.13723 0.79078
vt 0.09873 0.82428
vt -0.13723 0.73364
vt 0.09873 0.82428
vt -0.09874 0.82428
vt -0.13723 0.73364
vt -0.09874 0.82428
vt -0.13723 0.79078
vt 0.62103 0.73364
vt 0.56020 0.73364
vt 0.56020 0.79078
vt 0.62103 0.73364
vt 0.56020 0.79078
vt 0.62103 0.79078
vt 0.56020 0.73364
vt 0.62103 0.73364
vt 0.62103 0.79078
vt 0.56020 0.73364
vt 0.62103 0.79078
vt 0.56020 0.79078
vt 0.09873 0.56000
vt -0.09874 0.56000
vt -0.09874 0.62123
vt 0.09873 0.56000
vt -0.09874 0.62123
vt 0.09873 0.62123
vt 0.13723 0.73364
vt -0.13723 0.73364
vt -0.13723 0.79078
vt 0.13723 0.73364
vt -0.13723 0.79078
vt -0.09874 0.82428
vt 0.13723 0.73364
vt -0.09874 0.82428
vt 0.09873 0.82428
vt 0.13723 0.73364
vt 0.09873 0.82428
vt 0.13723 0.79078
vt -0.13723 0.56020
vt -0.13723 0.62103
vt -0.09874 0.62123
vt -0.13723 0.56020
vt -0.09874 0.62123
vt -0.09874 0.56000
vt 0.13723 0.62103
vt 0.13723 0.56020
vt 0.09873 0.56000
vt 0.13723 0.62103
vt 0.09873 0.56000
vt 0.09873 0.62123
vt -0.13723 0.73364
vt 0.13723 0.73364
vt 0.13723 0.79078
vt -0.13723 0.73364
vt 0.13723 0.79078
vt 0.09873 0.82428
vt -0.13723 0.73364
vt 0.09873 0.82428
vt -0.09874 0.82428
vt -0.13723 0.73364
vt -0.09874 0.82428
vt -0.13723 0.79078
vt 0.48633 0.73364
vt 0.42550 0.73364
vt 0.42550 0.79078
vt 0.48633 0.73364
vt 0.42550 0.79078
vt 0.48633 0.79078
vt 0.42550 0.73364
vt 0.48633 0.73364
vt 0.48633 0.79078
vt 0.42550 0.73364
vt 0.48633 0.79078
vt 0.42550 0.79078
vt 0.09873 0.42530
vt -0.09874 0.42530
vt -0.09874 0.48652
vt 0.09873 0.42530
vt -0.09874 0.48652
vt 0.09873 0.48652
vt 0.13723 0.73364
vt -0.13723 0.73364
vt -0.13723 0.79078
vt 0.13723 0.73364
vt -0.13723 0.79078
vt -0.09874 0.82428
vt 0.13723 0.73364
vt -0.09874 0.82428
vt 0.09873 0.82428
vt 0.13723 0.73364
vt 0.09873 0.82428
vt 0.13723 0.79078
vt -0.13723 0.42550
vt -0.13723 0.48633
vt -0.09874 0.48652
vt -0.13723 0.42550
vt -0.09874 0.48652
vt -0.09874 0.42530
vt 0.13723 0.48633
vt 0.13723 0.42550
vt 0.09873 0.42530
vt 0.13723 0.48633
vt 0.09873 0.42530
vt 0.09873 0.48652
vt -0.13723 0.73364
vt 0.13723 0.73364
vt 0.13723 0.79078
vt -0.13723 0.73364
vt 0.13723 0.79078
vt 0.09873 0.82428
vt -0.13723 0.73364
vt 0.09873 0.82428
vt -0.09874 0.82428
vt -0.13723 0.73364
vt -0.09874 0.82428
vt -0.13723 0.79078
vt 0.35163 0.73364
vt 0.29079 0.73364
vt 0.29079 0.79078
vt 0.35163 0.73364
vt 0.29079 0.79078
vt 0.35163 0.79078
vt 0.29079 0.73364
vt 0.35163 0.73364
vt 0.35163 0.79078
vt 0.29079 0.73364
vt 0.35163 0.79078
vt 0.29079 0.79078
vt 0.09873 0.29059
vt -0.09874 0.29059
vt -0.09874 0.35182
vt 0.09873 0.29059
vt -0.09874 0.35182
vt 0.09873 0.35182
vt 0.13723 0.73364
vt -0.13723 0.73364
vt -0.13723 0.79078
vt 0.13723 0.73364
vt -0.13723 0.79078
vt -0.09874 0.82428
vt 0.13723 0.73364
vt -0.09874 0.82428
vt 0.09873 0.82428
vt 0.13723 0.73364
vt 0.09873 0.82428
vt 0.13723 0.79078
vt -0.13723 0.29079
vt -0.13723 0.35163
vt -0.09874 0.35182
vt -0.13723 0.29079
vt -0.09874 0.35182
vt -0.09874 0.29059
vt 0.13723 0.35163
vt 0.13723 0.29079
vt 0.09873 0.29059
vt 0.13723 0.35163
vt 0.09873 0.29059
vt 0.09873 0.35182
vt -0.13723 0.73364
vt 0.13723 0.73364
vt 0.13723 0.79078
vt -0.13723 0.73364
vt 0.13723 0.79078
vt 0.09873 0.82428
vt -0.13723 0.73364
vt 0.09873 0.82428
vt -0.09874 0.82428
vt -0.13723 0.73364
vt -0.09874 0.82428
vt -0.13723 0.79078
vt 0.21693 0.73364
vt 0.15609 0.73364
vt 0.15609 0.79078
vt 0.21693 0.73364
vt 0.15609 0.79078
vt 0.21693 0.79078
vt 0.15609 0.73364
vt 0.21693 0.73364
vt 0.21693 0.79078
vt 0.15609 0.73364
vt 0.21693 0.79078
vt 0.15609 0.79078
vt 0.09873 0.15589
vt -0.09874 0.15589
vt -0.09874 0.21712
vt 0.09873 0.15589
vt -0.09874 0.21712
vt 0.09873 0.21712
vt 0.13723 0.73364
vt -0.13723 0.73364
vt -0.13723 0.79078
vt 0.13723 0.73364
vt -0.13723 0.79078
vt -0.09874 0.82428
vt 0.13723 0.73364
vt -0.09874 0.82428
vt 0.09873 0.82428
vt 0.13723 0.73364
vt 0.09873 0.82428
vt 0.13723 0.79078
vt -0.13723 0.15609
vt -0.13723 0.21693
vt -0.09874 0.21712
vt -0.13723 0.15609
vt -0.09874 0.21712
vt -0.09874 0.15589
vt 0.13723 0.21693
vt 0.13723 0.15609
vt 0.09873 0.15589
vt 0.13723 0.21693
vt 0.09873 0.15589
vt 0.09873 0.21712
vt -0.13723 0.73364
vt 0.13723 0.73364
vt 0.13723 0.79078
vt -0.13723 0.73364
vt 0.13723 0.79078
vt 0.09873 0.82428
vt -0.13723 0.73364
vt 0.09873 0.82428
vt -0.09874 0.82428
vt -0.13723 0.73364
vt -0.09874 0.82428
vt -0.13723 0.79078
vt 0.08222 0.73364
vt 0.02138 0.73364
vt 0.02138 0.79078
vt 0.08222 0.73364
vt 0.02138 0.79078
vt 0.08222 0.79078
vt 0.02138 0.73364
vt 0.08222 0.73364
vt 0.08222 0.79078
vt 0.02138 0.73364
vt 0.08222 0.79078
vt 0.02138 0.79078
vt 0.09873 0.02119
vt -0.09874 0.02119
vt -0.09874 0.08242
vt 0.09873 0.02119
vt -0.09874 0.08242
vt 0.09873 0.08242
vt 0.13723 0.73364
vt -0.13723 0.73364
vt -0.13723 0.79078
vt 0.13723 0.73364
vt -0.13723 0.79078
vt -0.09874 0.82428
vt 0.13723 0.73364
vt -0.09874 0.82428
vt 0.09873 0.82428
vt 0.13723 0.73364
vt 0.09873 0.82428
vt 0.13723 0.79078
vt -0.13723 0.02138
vt -0.13723 0.08222
vt -0.09874 0.08242
vt -0.13723 0.02138
vt -0.09874 0.08242
vt -0.09874 0.02119
vt 0.13723 0.08222
vt 0.13723 0.02138
vt 0.09873 0.02119
vt 0.13723 0.08222
vt 0.09873 0.02119
vt 0.09873 0.08242
vt -0.13723 0.73364
vt 0.13723 0.73364
vt 0.13723 0.79078
vt -0.13723 0.73364
vt 0.13723 0.79078
vt 0.09873 0.82428
vt -0.13723 0.73364
vt 0.09873 0.82428
vt -0.09874 0.82428
vt -0.13723 0.73364
vt -0.09874 0.82428
vt -0.13723 0.79078
f 494/2791 495/2792 497/2793
f 494/2794 497/2795 496/2796
f 496/2797 497/2798 501/2799
f 496/2800 501/2801 500/2802
f 500/2803 501/2804 499/2805
f 500/2806 499/2807 498/2808
f 498/2809 499/2810 495/2811
f 498/2812 495/2813 494/2814
f 496/2815 500/2816 498/2817
f 496/2818 498/2819 494/2820
f 501/2821 497/2822 503/2823
f 501/2824 503/2825 504/2826
f 505/2827 504/2828 508/2829
f 505/2830 508/2831 509/2832
f 497/2833 495/2834 502/2835
f 497/2836 502/2837 503/2838
f 495/2839 499/2840 505/2841
f 495/2842 505/2843 502/2844
f 531/2845 528/2846 513/2847
f 531/2848 513/2849 510/2850
f 503/2851 502/2852 506/2853
f 503/2854 506/2855 507/2856
f 502/2857 505/2858 509/2859
f 502/2860 509/2861 506/2862
f 504/2863 503/2864 507/2865
f 504/2866 507/2867 508/2868
f 512/2869 511/2870 510/2871
f 512/2872 510/2873 513/2874
f 532/2875 529/2876 511/2877
f 532/2878 511/2879 512/2880
f 532/2881 512/2882 524/2883
f 532/2884 524/2885 535/2886
f 520/2887 507/2888 515/2889
f 520/2890 515/2891 523/2892
f 530/2893 533/2894 516/2895
f 530/2896 516/2897 517/2898
f 510/2899 511/2900 517/2901
f 510/2902 517/2903 516/2904
f 531/2905 510/2906 516/2907
f 531/2908 516/2909 533/2910
f 507/2911 506/2912 514/2913
f 507/2914 514/2915 515/2916
f 506/2917 519/2918 522/2919
f 506/2920 522/2921 514/2922
f 515/2923 514/2924 522/2925
f 515/2926 522/2927 523/2928
f 529/2929 520/2930 523/2931
f 529/2932 523/2933 530/2934
f 509/2935 508/2936 521/2937
f 509/2938 521/2939 518/2940
f 508/2941 507/2942 520/2943
f 508/2944 520/2945 521/2946
f 506/2947 509/2948 518/2949
f 506/2950 518/2951 519/2952
f 534/2953 535/2954 539/2955
f 534/2956 539/2957 538/2958
f 528/2959 518/2960 526/2961
f 528/2962 526/2963 534/2964
f 512/2965 513/2966 525/2967
f 512/2968 525/2969 524/2970
f 518/2971 521/2972 527/2973
f 518/2974 527/2975 526/2976
f 513/2977 528/2978 534/2979
f 513/2980 534/2981 525/2982
f 526/2983 527/2984 535/2985
f 526/2986 535/2987 534/2988
f 511/2989 529/2990 530/2991
f 511/2992 530/2993 517/2994
f 519/2995 531/2996 533/2997
f 519/2998 533/2999 522/3000
f 523/3001 522/3002 533/3003
f 523/3004 533/3005 530/3006
f 521/3007 532/3008 535/3009
f 521/3010 535/3011 527/3012
f 521/3013 520/3014 529/3015
f 521/3016 529/3017 532/3018
f 519/3019 518/3020 528/3021
f 519/3022 528/3023 531/3024
f 539/3025 536/3026 540/3027
f 539/3028 540/3029 543/3030
f 535/3031 524/3032 536/3033
f 535/3034 536/3035 539/3036
f 524/3037 525/3038 537/3039
f 524/3040 537/3041 536/3042
f 525/3043 534/3044 538/3045
f 525/3046 538/3047 537/3048
f 542/3049 543/3050 547/3051
f 542/3052 547/3053 546/3054
f 536/3055 537/3056 541/3057
f 536/3058 541/3059 540/3060
f 542/3061 538/3062 505/3063
f 542/3064 505/3065 499/3066
f 537/3067 538/3068 542/3069
f 537/3070 542/3071 541/3072
f 546/3073 547/3074 544/3075
f 546/3076 544/3077 545/3078
f 541/3079 542/3080 546/3081
f 541/3082 546/3083 545/3084
f 543/3085 540/3086 544/3087
f 543/3088 544/3089 547/3090
f 540/3091 541/3092 545/3093
f 540/3094 545/3095 544/3096
f 539/3097 543/3098 501/3099
f 539/3100 501/3101 504/3102
f 543/3103 542/3104 499/3105
f 543/3106 499/3107 501/3108
f 538/3109 539/3110 504/3111
f 538/3112 504/3113 505/3114
f 552/3115 551/3116 553/3117
f 552/3118 553/3119 555/3120
f 552/3121 555/3122 554/3123
f 552/3124 554/3125 570/3126
f 552/3127 570/3128 572/3129
f 552/3130 572/3131 550/3132
f 556/3133 558/3134 573/3135
f 556/3136 573/3137 571/3138
f 556/3139 571/3140 561/3141
f 556/3142 561/3143 560/3144
f 556/3145 560/3146 559/3147
f 556/3148 559/3149 557/3150
f 576/3151 548/3152 562/3153
f 576/3154 562/3155 577/3156
f 555/3157 553/3158 559/3159
f 555/3160 559/3161 560/3162
f 551/3163 552/3164 556/3165
f 551/3166 556/3167 557/3168
f 566/3169 549/3170 563/3171
f 566/3172 563/3173 569/3174
f 553/3175 551/3176 557/3177
f 553/3178 557/3179 559/3180
f 554/3181 555/3182 560/3183
f 554/3184 560/3185 561/3186
f 552/3187 550/3188 558/3189
f 552/3190 558/3191 556/3192
f 570/3193 554/3194 561/3195
f 570/3196 561/3197 571/3198
f 548/3199 564/3200 567/3201
f 548/3202 567/3203 562/3204
f 564/3205 565/3206 568/3207
f 564/3208 568/3209 567/3210
f 565/3211 566/3212 569/3213
f 565/3214 569/3215 568/3216
f 574/3217 570/3218 571/3219
f 574/3220 571/3221 575/3222
f 550/3223 572/3224 573/3225
f 550/3226 573/3227 558/3228
f 572/3229 570/3230 574/3231
f 572/3232 574/3233 576/3234
f 571/3235 573/3236 577/3237
f 571/3238 577/3239 575/3240
f 549/3241 574/3242 575/3243
f 549/3244 575/3245 563/3246
f 572/3247 576/3248 577/3249
f 572/3250 577/3251 573/3252
f 575/3253 577/3254 562/3255
f 575/3256 562/3257 567/3258
f 575/3259 567/3260 568/3261
f 575/3262 568/3263 569/3264
f 575/3265 569/3266 563/3267
f 576/3268 574/3269 549/3270
f 576/3271 549/3272 566/3273
f 576/3274 566/3275 565/3276
f 576/3277 565/3278 564/3279
f 576/3280 564/3281 548/3282
f 595/3283 585/3284 591/3285
f 595/3286 591/3287 598/3288
f 594/3289 581/3290 585/3291
f 594/3292 585/3293 595/3294
f 578/3295 579/3296 583/3297
f 578/3298 583/3299 582/3300
f 581/3301 580/3302 584/3303
f 581/3304 584/3305 585/3306
f 586/3307 578/3308 582/3309
f 586/3310 582/3311 588/3312
f 596/3313 586/3314 588/3315
f 596/3316 588/3317 597/3318
f 579/3319 587/3320 589/3321
f 579/3322 589/3323 583/3324
f 582/3325 583/3326 589/3327
f 582/3328 589/3329 588/3330
f 599/3331 598/3332 591/3333
f 599/3334 591/3335 592/3336
f 585/3337 584/3338 592/3339
f 585/3340 592/3341 591/3342
f 588/3343 589/3344 590/3345
f 588/3346 590/3347 593/3348
f 597/3349 588/3350 593/3351
f 597/3352 593/3353 599/3354
f 584/3355 597/3356 599/3357
f 584/3358 599/3359 592/3360
f 598/3361 599/3362 600/3363
f 598/3364 600/3365 603/3366
f 580/3367 596/3368 597/3369
f 580/3370 597/3371 584/3372
f 587/3373 594/3374 595/3375
f 587/3376 595/3377 589/3378
f 589/3379 595/3380 598/3381
f 589/3382 598/3383 590/3384
f 601/3385 602/3386 603/3387
f 601/3388 603/3389 600/3390
f 599/3391 593/3392 601/3393
f 599/3394 601/3395 600/3396
f 593/3397 590/3398 602/3399
f 593/3400 602/3401 601/3402
f 590/3403 598/3404 603/3405
f 590/3406 603/3407 602/3408
f 604/3409 607/3410 615/3411
f 604/3412 615/3413 608/3414
f 606/3415 605/3416 611/3417
f 606/3418 611/3419 612/3420
f 614/3421 613/3422 610/3423
f 614/3424 610/3425 609/3426
f 607/3427 606/3428 612/3429
f 607/3430 612/3431 613/3432
f 607/3433 613/3434 614/3435
f 607/3436 614/3437 615/3438
f 612/3439 611/3440 610/3441
f 612/3442 610/3443 613/3444
f 608/3445 615/3446 614/3447
f 608/3448 614/3449 609/3450
f 605/3451 604/3452 608/3453
f 605/3454 608/3455 609/3456
f 605/3457 609/3458 610/3459
f 605/3460 610/3461 611/3462
f 616/3463 619/3464 627/3465
f 616/3466 627/3467 620/3468
f 618/3469 617/3470 623/3471
f 618/3472 623/3473 624/3474
f 626/3475 625/3476 622/3477
f 626/3478 622/3479 621/3480
f 619/3481 618/3482 624/3483
f 619/3484 624/3485 625/3486
f 619/3487 625/3488 626/3489
f 619/3490 626/3491 627/3492
f 624/3493 623/3494 622/3495
f 624/3496 622/3497 625/3498
f 620/3499 627/3500 626/3501
f 620/3502 626/3503 621/3504
f 617/3505 616/3506 620/3507
f 617/3508 620/3509 621/3510
f 617/3511 621/3512 622/3513
f 617/3514 622/3515 623/3516
f 628/3517 631/3518 639/3519
f 628/3520 639/3521 632/3522
f 630/3523 629/3524 635/3525
f 630/3526 635/3527 636/3528
f 638/3529 637/3530 634/3531
f 638/3532 634/3533 633/3534
f 631/3535 630/3536 636/3537
f 631/3538 636/3539 637/3540
f 631/3541 637/3542 638/3543
f 631/3544 638/3545 639/3546
f 636/3547 635/3548 634/3549
f 636/3550 634/3551 637/3552
f 632/3553 639/3554 638/3555
f 632/3556 638/3557 633/3558
f 629/3559 628/3560 632/3561
f 629/3562 632/3563 633/3564
f 629/3565 633/3566 634/3567
f 629/3568 634/3569 635/3570
f 640/3571 643/3572 651/3573
f 640/3574 651/3575 644/3576
f 642/3577 641/3578 647/3579
f 642/3580 647/3581 648/3582
f 650/3583 649/3584 646/3585
f 650/3586 646/3587 645/3588
f 643/3589 642/3590 648/3591
f 643/3592 648/3593 649/3594
f 643/3595 649/3596 650/3597
f 643/3598 650/3599 651/3600
f 648/3601 647/3602 646/3603
f 648/3604 646/3605 649/3606
f 644/3607 651/3608 650/3609
f 644/3610 650/3611 645/3612
f 641/3613 640/3614 644/3615
f 641/3616 644/3617 645/3618
f 641/3619 645/3620 646/3621
f 641/3622 646/3623 647/3624
f 652/3625 655/3626 663/3627
f 652/3628 663/3629 656/3630
f 654/3631 653/3632 659/3633
f 654/3634 659/3635 660/3636
f 662/3637 661/3638 658/3639
f 662/3640 658/3641 657/3642
f 655/3643 654/3644 660/3645
f 655/3646 660/3647 661/3648
f 655/3649 661/3650 662/3651
f 655/3652 662/3653 663/3654
f 660/3655 659/3656 658/3657
f 660/3658 658/3659 661/3660
f 656/3661 663/3662 662/3663
f 656/3664 662/3665 657/3666
f 653/3667 652/3668 656/3669
f 653/3670 656/3671 657/3672
f 653/3673 657/3674 658/3675
f 653/3676 658/3677 659/3678
f 664/3679 667/3680 675/3681
f 664/3682 675/3683 668/3684
f 666/3685 665/3686 671/3687
f 666/3688 671/3689 672/3690
f 674/3691 673/3692 670/3693
f 674/3694 670/3695 669/3696
f 667/3697 666/3698 672/3699
f 667/3700 672/3701 673/3702
f 667/3703 673/3704 674/3705
f 667/3706 674/3707 675/3708
f 672/3709 671/3710 670/3711
f 672/3712 670/3713 673/3714
f 668/3715 675/3716 674/3717
f 668/3718 674/3719 669/3720
f 665/3721 664/3722 668/3723
f 665/3724 668/3725 669/3726
f 665/3727 669/3728 670/3729
f 665/3730 670/3731 671/3732
f 676/3733 679/3734 687/3735
f 676/3736 687/3737 680/3738
f 678/3739 677/3740 683/3741
f 678/3742 683/3743 684/3744
f 686/3745 685/3746 682/3747
f 686/3748 682/3749 681/3750
f 679/3751 678/3752 684/3753
f 679/3754 684/3755 685/3756
f 679/3757 685/3758 686/3759
f 679/3760 686/3761 687/3762
f 684/3763 683/3764 682/3765
f 684/3766 682/3767 685/3768
f 680/3769 687/3770 686/3771
f 680/3772 686/3773 681/3774
f 677/3775 676/3776 680/3777
f 677/3778 680/3779 681/3780
f 677/3781 681/3782 682/3783
f 677/3784 682/3785 683/3786
f 688/3787 691/3788 699/3789
f 688/3790 699/3791 692/3792
f 690/3793 689/3794 695/3795
f 690/3796 695/3797 696/3798
f 698/3799 697/3800 694/3801
f 698/3802 694/3803 693/3804
f 691/3805 690/3806 696/3807
f 691/3808 696/3809 697/3810
f 691/3811 697/3812 698/3813
f 691/3814 698/3815 699/3816
f 696/3817 695/3818 694/3819
f 696/3820 694/3821 697/3822
f 692/3823 699/3824 698/3825
f 692/3826 698/3827 693/3828
f 689/3829 688/3830 692/3831
f 689/3832 692/3833 693/3834
f 689/3835 693/3836 694/3837
f 689/3838 694/3839 695/3840
o Hardware
g Hardware
usemtl PlumDark
v 0.16669 0.49322 -3.62000
v 0.16669 0.49322 -2.93000
v 0.16669 0.66322 -3.62000
v 0.16669 0.66322 -2.93000
v 0.02000 0.49322 -3.62000
v 0.02000 0.49322 -2.93000
v 0.02000 0.66322 -3.62000
v 0.02000 0.66322 -2.93000
vt -2.44167 0.41102
vt -2.44167 0.55269
vt -3.01667 0.41102
vt 0.01667 -3.01667
vt 0.13891 -2.44167
vt 0.13891 -3.01667
vt -3.01667 0.41102
vt -2.44167 0.55269
vt -3.01667 0.55269
vt 0.13891 0.55269
vt 0.01667 0.41102
vt 0.13891 0.41102
vt 0.13891 0.41102
vt 0.01667 0.55269
vt 0.13891 0.55269
vt 0.01667 -2.44167
vt 0.13891 -2.44167
vt 0.01667 -3.01667
vt 0.01667 0.41102
vt 0.01667 0.55269
vt 0.13891 0.41102
vt 0.13891 -2.44167
vt 0.01667 -2.44167
vt 0.13891 -3.01667
vt 0.01667 0.55269
vt 0.01667 0.41102
vt 0.13891 0.55269
vt 0.13891 -3.01667
vt 0.01667 -2.44167
vt 0.01667 -3.01667
vt -3.01667 0.55269
vt -2.44167 0.41102
vt -3.01667 0.41102
vt -2.44167 0.55269
vt -2.44167 0.41102
vt -3.01667 0.55269
f 701/3841 703/3842 700/3843
f 704/3844 701/3845 700/3846
f 700/3847 703/3848 702/3849
f 702/3850 704/3851 700/3852
f 701/3853 707/3854 703/3855
f 705/3856 701/3857 704/3858
f 705/3859 707/3860 701/3861
f 703/3862 707/3863 702/3864
f 706/3865 704/3866 702/3867
f 702/3868 707/3869 706/3870
f 706/3871 705/3872 704/3873
f 707/3874 705/3875 706/3876
o Bolt
g Bolt
usemtl PlumDark
v -0.10669 0.63322 -4.15000
v -0.10669 0.63322 -2.98000
v -0.10669 0.84250 -4.15000
v -0.10669 0.84250 -2.98000
v 0.13331 0.63322 -4.15000
v 0.13331 0.63322 -2.98000
v 0.13331 0.84250 -4.15000
v 0.13331 0.84250 -2.98000
v 0.09331 0.68786 -3.20000
v 0.09331 0.68786 -3.02000
v 0.09331 0.78786 -3.20000
v 0.09331 0.78786 -3.02000
v 0.33331 0.68786 -3.20000
v 0.33331 0.68786 -3.02000
v 0.33331 0.78786 -3.20000
v 0.33331 0.78786 -3.02000
vt -2.48333 0.52769
vt -2.48333 0.70208
vt -3.45833 0.52769
vt 0.11109 -3.45833
vt -0.08891 -2.48333
vt -0.08891 -3.45833
vt -3.45833 0.52769
vt -2.48333 0.70208
vt -3.45833 0.70208
vt -0.08891 0.70208
vt 0.11109 0.52769
vt -0.08891 0.52769
vt -0.08891 0.52769
vt 0.11109 0.70208
vt -0.08891 0.70208
vt 0.11109 -2.48333
vt -0.08891 -2.48333
vt 0.11109 -3.45833
vt 0.11109 0.52769
vt 0.11109 0.70208
vt -0.08891 0.52769
vt -0.08891 -2.48333
vt 0.11109 -2.48333
vt -0.08891 -3.45833
vt 0.11109 0.70208
vt 0.11109 0.52769
vt -0.08891 0.70208
vt -0.08891 -3.45833
vt 0.11109 -2.48333
vt 0.11109 -3.45833
vt -3.45833 0.70208
vt -2.48333 0.52769
vt -3.45833 0.52769
vt -2.48333 0.70208
vt -2.48333 0.52769
vt -3.45833 0.70208
vt -2.51667 0.57322
vt -2.51667 0.65655
vt -2.66667 0.57322
vt 0.27776 -2.66667
vt 0.07776 -2.51667
vt 0.07776 -2.66667
vt -2.66667 0.57322
vt -2.51667 0.65655
vt -2.66667 0.65655
vt 0.07776 0.65655
vt 0.27776 0.57322
vt 0.07776 0.57322
vt 0.07776 0.57322
vt 0.27776 0.65655
vt 0.07776 0.65655
vt 0.27776 -2.51667
vt 0.07776 -2.51667
vt 0.27776 -2.66667
vt 0.27776 0.57322
vt 0.27776 0.65655
vt 0.07776 0.57322
vt 0.07776 -2.51667
vt 0.27776 -2.51667
vt 0.07776 -2.66667
vt 0.27776 0.65655
vt 0.27776 0.57322
vt 0.07776 0.65655
vt 0.07776 -2.66667
vt 0.27776 -2.51667
vt 0.27776 -2.66667
vt -2.66667 0.65655
vt -2.51667 0.57322
vt -2.66667 0.57322
vt -2.51667 0.65655
vt -2.51667 0.57322
vt -2.66667 0.65655
f 709/3877 711/3878 708/3879
f 712/3880 709/3881 708/3882
f 708/3883 711/3884 710/3885
f 710/3886 712/3887 708/3888
f 709/3889 715/3890 711/3891
f 713/3892 709/3893 712/3894
f 713/3895 715/3896 709/3897
f 711/3898 715/3899 710/3900
f 714/3901 712/3902 710/3903
f 710/3904 715/3905 714/3906
f 714/3907 713/3908 712/3909
f 715/3910 713/3911 714/3912
f 717/3913 719/3914 716/3915
f 720/3916 717/3917 716/3918
f 716/3919 719/3920 718/3921
f 718/3922 720/3923 716/3924
f 717/3925 723/3926 719/3927
f 721/3928 717/3929 720/3930
f 721/3931 723/3932 717/3933
f 719/3934 723/3935 718/3936
f 722/3937 720/3938 718/3939
f 718/3940 723/3941 722/3942
f 722/3943 721/3944 720/3945
f 723/3946 721/3947 722/3948
o Mag
g Mag
usemtl PlumDark
v -0.08628 -1.37088 0.66833
v 0.08840 -1.37088 0.66833
v 0.07009 -1.25429 1.28134
v -0.06797 -1.25429 1.28134
v 0.07009 -1.26472 1.22106
v -0.06797 -1.26472 1.22106
v 0.08840 -1.26815 1.20124
v -0.08628 -1.26815 1.20124
v -0.08628 -0.33133 1.02799
v 0.08840 -0.33133 1.02799
v -0.06797 -0.32790 1.04781
v 0.07009 -0.32790 1.04781
v -0.06797 -0.31746 1.10809
v 0.07009 -0.31746 1.10809
v 0.08840 -0.43405 0.49508
v -0.08628 -0.43405 0.49508
v -0.10055 -1.37438 0.64812
v 0.10267 -1.37438 0.64812
v 0.10267 -1.26596 1.21393
v -0.07925 -1.26220 1.23561
v -0.07925 -1.25079 1.30155
v 0.08137 -1.25079 1.30155
v 0.08137 -1.26220 1.23561
v -0.10055 -1.26596 1.21393
v -0.10055 -1.44568 0.66046
v 0.10267 -1.44568 0.66046
v 0.10267 -1.33725 1.22627
v -0.07925 -1.33350 1.24795
v -0.07925 -1.32209 1.31389
v 0.08137 -1.32209 1.31389
v 0.08137 -1.33350 1.24795
v -0.10055 -1.33725 1.22627
v -0.10114 -0.32948 1.03864
v 0.10326 -0.32948 1.03864
v -0.07971 -0.32547 1.06182
v 0.08183 -0.32547 1.06182
v -0.07971 -0.31326 1.13236
v 0.08183 -0.31326 1.13236
v 0.10326 -0.44252 0.44614
v -0.10114 -0.44252 0.44614
v -0.10114 0.03904 0.97803
v 0.10326 0.03904 0.97803
v -0.07971 0.04306 1.00122
v 0.08183 0.04306 1.00122
v -0.07971 0.05526 1.07176
v 0.08183 0.05526 1.07176
v 0.10326 -0.07400 0.38553
v -0.10114 -0.07400 0.38553
vt 1.01755 -1.05393
vt 1.06778 -1.04524
vt 0.92341 -0.26455
vt 1.01755 -1.05393
vt 0.92341 -0.26455
vt 0.87317 -0.27325
vt 1.01755 -1.05393
vt 1.00103 -1.05679
vt 0.85666 -0.27611
vt 1.01755 -1.05393
vt 0.85666 -0.27611
vt 0.87317 -0.27325
vt 1.06778 -1.04524
vt 1.01755 -1.05393
vt 0.87317 -0.27325
vt 1.06778 -1.04524
vt 0.87317 -0.27325
vt 0.92341 -0.26455
vt 1.00103 -1.05679
vt 0.55694 -1.14240
vt 0.41257 -0.36171
vt 1.00103 -1.05679
vt 0.41257 -0.36171
vt 0.85666 -0.27611
vt 0.55694 -1.14240
vt 1.00103 -1.05679
vt 0.85666 -0.27611
vt 0.55694 -1.14240
vt 0.85666 -0.27611
vt 0.41257 -0.36171
vt -0.05664 -1.04524
vt 0.05841 -1.04524
vt 0.05841 -0.26455
vt -0.05664 -1.04524
vt 0.05841 -0.26455
vt -0.05664 -0.26455
vt 0.07367 -1.14240
vt -0.07190 -1.14240
vt -0.07190 -0.36171
vt 0.07367 -1.14240
vt -0.07190 -0.36171
vt 0.07367 -0.36171
vt 1.00103 -1.05679
vt 1.01755 -1.05393
vt 0.87317 -0.27325
vt 1.00103 -1.05679
vt 0.87317 -0.27325
vt 0.85666 -0.27611
vt -0.07190 1.00103
vt -0.07190 0.55694
vt -0.08379 0.54010
vt -0.07190 1.00103
vt -0.08379 0.54010
vt -0.08379 1.01161
vt 0.05841 1.01755
vt 0.05841 1.06778
vt 0.06781 1.08462
vt 0.05841 1.01755
vt 0.06781 1.08462
vt 0.06781 1.02968
vt 0.07367 1.00103
vt 0.05841 1.01755
vt 0.06781 1.02968
vt 0.07367 1.00103
vt 0.06781 1.02968
vt 0.08556 1.01161
vt 1.01161 -1.05497
vt 1.02968 -1.05183
vt 1.03996 -1.11125
vt 1.01161 -1.05497
vt 1.03996 -1.11125
vt 1.02189 -1.11438
vt -0.08379 -1.14532
vt 0.08556 -1.14532
vt 0.08556 -1.20473
vt -0.08379 -1.14532
vt 0.08556 -1.20473
vt -0.08379 -1.20473
vt 1.08462 -1.04233
vt 1.02968 -1.05183
vt 1.03996 -1.11125
vt 1.08462 -1.04233
vt 1.03996 -1.11125
vt 1.09491 -1.10174
vt -0.05664 1.06778
vt -0.05664 1.01755
vt -0.06604 1.02968
vt -0.05664 1.06778
vt -0.06604 1.02968
vt -0.06604 1.08462
vt -0.07190 0.55694
vt 0.07367 0.55694
vt 0.08556 0.54010
vt -0.07190 0.55694
vt 0.08556 0.54010
vt -0.08379 0.54010
vt -0.05664 1.01755
vt -0.07190 1.00103
vt -0.08379 1.01161
vt -0.05664 1.01755
vt -0.08379 1.01161
vt -0.06604 1.02968
vt 0.05841 1.06778
vt -0.05664 1.06778
vt -0.06604 1.08462
vt 0.05841 1.06778
vt -0.06604 1.08462
vt 0.06781 1.08462
vt 0.07367 0.55694
vt 0.07367 1.00103
vt 0.08556 1.01161
vt 0.07367 0.55694
vt 0.08556 1.01161
vt 0.08556 0.54010
vt -0.06604 1.03996
vt 0.06781 1.03996
vt 0.06781 1.09491
vt -0.06604 1.03996
vt 0.06781 1.09491
vt -0.06604 1.09491
vt -0.08379 1.02189
vt 0.08556 1.02189
vt 0.06781 1.03996
vt -0.08379 1.02189
vt 0.06781 1.03996
vt -0.06604 1.03996
vt -0.08379 0.55038
vt 0.08556 0.55038
vt 0.08556 1.02189
vt -0.08379 0.55038
vt 0.08556 1.02189
vt -0.08379 1.02189
vt 1.02968 -1.05183
vt 1.01161 -1.05497
vt 1.02189 -1.11438
vt 1.02968 -1.05183
vt 1.02189 -1.11438
vt 1.03996 -1.11125
vt 0.06781 -1.04233
vt -0.06604 -1.04233
vt -0.06604 -1.10174
vt 0.06781 -1.04233
vt -0.06604 -1.10174
vt 0.06781 -1.10174
vt 0.54010 -1.14532
vt 1.01161 -1.05497
vt 1.02189 -1.11438
vt 0.54010 -1.14532
vt 1.02189 -1.11438
vt 0.55038 -1.20473
vt 1.01161 -1.05497
vt 0.54010 -1.14532
vt 0.55038 -1.20473
vt 1.01161 -1.05497
vt 0.55038 -1.20473
vt 1.02189 -1.11438
vt 1.02968 -1.05183
vt 1.08462 -1.04233
vt 1.09491 -1.10174
vt 1.02968 -1.05183
vt 1.09491 -1.10174
vt 1.03996 -1.11125
vt 0.07367 0.85666
vt 0.07367 0.41257
vt 0.08605 0.37178
vt 0.07367 0.85666
vt 0.08605 0.37178
vt 0.08605 0.86553
vt -0.05664 0.92341
vt 0.05841 0.92341
vt 0.06819 0.94363
vt -0.05664 0.92341
vt 0.06819 0.94363
vt -0.06643 0.94363
vt -0.07190 0.85666
vt -0.05664 0.87317
vt -0.06643 0.88485
vt -0.07190 0.85666
vt -0.06643 0.88485
vt -0.08428 0.86553
vt -0.07190 0.41257
vt -0.07190 0.85666
vt -0.08428 0.86553
vt -0.07190 0.41257
vt -0.08428 0.86553
vt -0.08428 0.37178
vt 0.07367 0.41257
vt -0.07190 0.41257
vt -0.08428 0.37178
vt 0.07367 0.41257
vt -0.08428 0.37178
vt 0.08605 0.37178
vt -0.05664 0.87317
vt -0.05664 0.92341
vt -0.06643 0.94363
vt -0.05664 0.87317
vt -0.06643 0.94363
vt -0.06643 0.88485
vt 0.05841 0.92341
vt 0.05841 0.87317
vt 0.06819 0.88485
vt 0.05841 0.92341
vt 0.06819 0.88485
vt 0.06819 0.94363
vt 0.05841 0.87317
vt 0.07367 0.85666
vt 0.08605 0.86553
vt 0.05841 0.87317
vt 0.08605 0.86553
vt 0.06819 0.88485
vt 0.08605 -0.36877
vt -0.08428 -0.36877
vt -0.08428 -0.06167
vt 0.08605 -0.36877
vt -0.08428 -0.06167
vt 0.08605 -0.06167
vt 0.88485 -0.27122
vt 0.94363 -0.26105
vt 0.89313 0.04605
vt 0.88485 -0.27122
vt 0.89313 0.04605
vt 0.83435 0.03588
vt 0.94363 -0.26105
vt 0.88485 -0.27122
vt 0.83435 0.03588
vt 0.94363 -0.26105
vt 0.83435 0.03588
vt 0.89313 0.04605
vt 0.88485 -0.27122
vt 0.86553 -0.27457
vt 0.81502 0.03253
vt 0.88485 -0.27122
vt 0.81502 0.03253
vt 0.83435 0.03588
vt 0.86553 -0.27457
vt 0.37178 -0.36877
vt 0.32127 -0.06167
vt 0.86553 -0.27457
vt 0.32127 -0.06167
vt 0.81502 0.03253
vt -0.06643 -0.26105
vt 0.06819 -0.26105
vt 0.06819 0.04605
vt -0.06643 -0.26105
vt 0.06819 0.04605
vt -0.06643 0.04605
vt 0.86553 -0.27457
vt 0.88485 -0.27122
vt 0.83435 0.03588
vt 0.86553 -0.27457
vt 0.83435 0.03588
vt 0.81502 0.03253
vt 0.37178 -0.36877
vt 0.86553 -0.27457
vt 0.81502 0.03253
vt 0.37178 -0.36877
vt 0.81502 0.03253
vt 0.32127 -0.06167
vt -0.08428 0.32127
vt -0.08428 0.81502
vt -0.06643 0.83435
vt -0.08428 0.32127
vt -0.06643 0.83435
vt -0.06643 0.89313
vt -0.08428 0.32127
vt -0.06643 0.89313
vt 0.06819 0.89313
vt -0.08428 0.32127
vt 0.06819 0.89313
vt 0.06819 0.83435
vt -0.08428 0.32127
vt 0.06819 0.83435
vt 0.08605 0.81502
vt -0.08428 0.32127
vt 0.08605 0.81502
vt 0.08605 0.32127
f 729/3949 727/3950 736/3951
f 729/3952 736/3953 734/3954
f 728/3955 730/3956 733/3957
f 728/3958 733/3959 735/3960
f 726/3961 728/3962 735/3963
f 726/3964 735/3965 737/3966
f 730/3967 725/3968 738/3969
f 730/3970 738/3971 733/3972
f 724/3973 731/3974 732/3975
f 724/3976 732/3977 739/3978
f 727/3979 726/3980 737/3981
f 727/3982 737/3983 736/3984
f 725/3985 724/3986 739/3987
f 725/3988 739/3989 738/3990
f 731/3991 729/3992 734/3993
f 731/3994 734/3995 732/3996
f 731/3997 724/3998 740/3999
f 731/4000 740/4001 747/4002
f 728/4003 726/4004 745/4005
f 728/4006 745/4007 746/4008
f 730/4009 728/4010 746/4011
f 730/4012 746/4013 742/4014
f 742/4015 746/4016 754/4017
f 742/4018 754/4019 750/4020
f 740/4021 741/4022 749/4023
f 740/4024 749/4025 748/4026
f 744/4027 743/4028 751/4029
f 744/4030 751/4031 752/4032
f 727/4033 729/4034 743/4035
f 727/4036 743/4037 744/4038
f 724/4039 725/4040 741/4041
f 724/4042 741/4043 740/4044
f 729/4045 731/4046 747/4047
f 729/4048 747/4049 743/4050
f 726/4051 727/4052 744/4053
f 726/4054 744/4055 745/4056
f 725/4057 730/4058 742/4059
f 725/4060 742/4061 741/4062
f 751/4063 754/4064 753/4065
f 751/4066 753/4067 752/4068
f 755/4069 750/4070 754/4071
f 755/4072 754/4073 751/4074
f 748/4075 749/4076 750/4077
f 748/4078 750/4079 755/4080
f 743/4081 747/4082 755/4083
f 743/4084 755/4085 751/4086
f 745/4087 744/4088 752/4089
f 745/4090 752/4091 753/4092
f 741/4093 742/4094 750/4095
f 741/4096 750/4097 749/4098
f 747/4099 740/4100 748/4101
f 747/4102 748/4103 755/4104
f 746/4105 745/4106 753/4107
f 746/4108 753/4109 754/4110
f 733/4111 738/4112 762/4113
f 733/4114 762/4115 757/4116
f 736/4117 737/4118 761/4119
f 736/4120 761/4121 760/4122
f 732/4123 734/4124 758/4125
f 732/4126 758/4127 756/4128
f 739/4129 732/4130 756/4131
f 739/4132 756/4133 763/4134
f 738/4135 739/4136 763/4137
f 738/4138 763/4139 762/4140
f 734/4141 736/4142 760/4143
f 734/4144 760/4145 758/4146
f 737/4147 735/4148 759/4149
f 737/4150 759/4151 761/4152
f 735/4153 733/4154 757/4155
f 735/4156 757/4157 759/4158
f 762/4159 763/4160 771/4161
f 762/4162 771/4163 770/4164
f 758/4165 760/4166 768/4167
f 758/4168 768/4169 766/4170
f 761/4171 759/4172 767/4173
f 761/4174 767/4175 769/4176
f 759/4177 757/4178 765/4179
f 759/4180 765/4181 767/4182
f 757/4183 762/4184 770/4185
f 757/4186 770/4187 765/4188
f 760/4189 761/4190 769/4191
f 760/4192 769/4193 768/4194
f 756/4195 758/4196 766/4197
f 756/4198 766/4199 764/4200
f 763/4201 756/4202 764/4203
f 763/4204 764/4205 771/4206
f 771/4207 764/4208 766/4209
f 771/4210 766/4211 768/4212
f 771/4213 768/4214 769/4215
f 771/4216 769/4217 767/4218
f 771/4219 767/4220 765/4221
f 771/4222 765/4223 770/4224
