mtllib pink_guns.mtl
o Body
g Body
usemtl PinkWhite
v 0.06833 0.30149 2.45577
v 0.06833 0.62691 2.45577
v -0.06833 0.30149 2.45577
v -0.06833 0.62691 2.45577
v 0.06833 0.30149 -2.06447
v 0.06833 0.62691 -2.13716
v -0.06833 0.30149 -2.06447
v -0.06833 0.62691 -2.13716
v 0.12366 0.51713 2.45577
v -0.12366 0.51713 2.45577
v -0.12366 0.51713 -2.13716
v 0.12366 0.51713 -2.13716
v -0.12366 0.38383 2.45577
v -0.12366 0.38383 -2.13716
v 0.12366 0.38383 -2.13716
v 0.12366 0.38383 2.45577
v -0.06669 0.31371 -0.92973
v 0.06669 0.31371 -0.92973
v -0.06669 0.10450 -0.92973
v 0.06669 0.10450 -0.92973
v 0.06669 0.31371 -0.99979
v -0.06669 0.31371 -0.99979
v 0.06669 0.10450 -0.99979
v -0.06669 0.10450 -0.99979
v 0.06669 0.24397 -0.92973
v -0.06669 0.24397 -0.92973
v 0.06669 0.24397 -0.99979
v -0.06669 0.24397 -0.99979
v 0.06669 0.31371 -1.16684
v -0.06669 0.31371 -1.16684
v -0.06669 0.24397 -1.16684
v 0.06669 0.24397 -1.16684
v -0.12068 0.39885 -1.95199
v 0.12068 0.39885 -1.95199
v -0.12068 0.39885 -1.73665
v 0.12068 0.39885 -1.73665
v -0.12068 0.28062 -1.95199
v 0.12068 0.28062 -1.95199
v -0.12068 0.28062 -1.73665
v 0.12068 0.28062 -1.73665
v 0.04386 -0.02594 -0.24298
v -0.04386 -0.02594 -0.24298
v 0.04386 0.05093 -0.24668
v -0.04386 0.05093 -0.24668
v 0.04386 -0.01744 -0.28155
v -0.04386 -0.01744 -0.28155
v 0.04386 0.05093 -0.30971
v -0.04386 0.05093 -0.30971
v 0.04386 -0.09013 -0.26234
v -0.04386 -0.09013 -0.26234
v 0.04386 -0.06805 -0.28395
v -0.04386 -0.06805 -0.28395
v 0.04386 -0.12392 -0.29166
v -0.04386 -0.12392 -0.29166
v 0.04386 -0.10001 -0.30356
v -0.04386 -0.10001 -0.30356
v 0.04386 -0.15274 -0.32502
v -0.04386 -0.15274 -0.32502
v 0.04386 -0.13013 -0.32789
v -0.04386 -0.13013 -0.32789
v 0.05287 0.72219 -2.02309
v 0.05287 0.72219 -2.11060
v -0.05287 0.72219 -2.11060
v -0.05287 0.72219 -2.02309
v -0.05287 0.68453 -2.11060
v 0.05287 0.68453 -2.11060
v -0.05287 0.68453 -2.02309
v 0.05287 0.68453 -2.02309
v -0.12366 0.46755 -0.79004
v -0.12366 0.42801 -0.79004
v -0.12366 0.45564 -0.81360
v -0.12366 0.43992 -0.81360
v 0.12366 0.45564 -0.81360
v 0.12366 0.46755 -0.79004
v 0.12366 0.43992 -0.81360
v 0.12366 0.42801 -0.79004
v 0.12366 0.46755 -0.73330
v -0.12366 0.42801 -0.73330
v 0.12366 0.42801 -0.73330
v -0.12366 0.46755 -0.73330
v -0.12366 0.43992 -0.70974
v 0.12366 0.45564 -0.70974
v -0.12366 0.45564 -0.70974
v -0.12366 0.43992 -0.65780
v -0.12366 0.45564 -0.65780
v -0.12366 0.46755 -0.63424
v -0.12366 0.42801 -0.63424
v -0.12366 0.46755 -0.57750
v -0.12366 0.42801 -0.57750
v 0.12366 0.43992 -0.65780
v 0.12366 0.45564 -0.65780
v 0.12366 0.42801 -0.57750
v 0.12366 0.42801 -0.63424
v 0.12366 0.46755 -0.63424
v 0.12366 0.43992 -0.70974
v 0.12366 0.46755 -0.57750
v -0.12366 0.45564 -0.50200
v -0.12366 0.42801 -0.47844
v -0.12366 0.42801 -0.42170
v -0.12366 0.46755 -0.47844
v -0.12366 0.46755 -0.42170
v -0.12366 0.43992 -0.39814
v -0.12366 0.45564 -0.39814
v -0.12366 0.43992 -0.55394
v -0.12366 0.45564 -0.55394
v -0.12366 0.43992 -0.50200
v 0.12366 0.45564 -0.50200
v 0.12366 0.43992 -0.50200
v 0.12366 0.46755 -0.47844
v 0.12366 0.43992 -0.55394
v 0.12366 0.45564 -0.55394
v 0.12366 0.42801 -0.47844
v 0.12366 0.46755 -0.42170
v 0.12366 0.42801 -0.42170
v 0.12366 0.43992 -0.39814
v -0.12366 0.42801 -0.32264
v -0.12366 0.43992 -0.34620
v -0.12366 0.42801 -0.26590
v -0.12366 0.45564 -0.24234
v -0.12366 0.45564 -0.34620
v -0.12366 0.43992 -0.24234
v -0.12366 0.46755 -0.32264
v -0.12366 0.46755 -0.26590
v 0.12366 0.43992 -0.34620
v 0.12366 0.42801 -0.26590
v 0.12366 0.42801 -0.32264
v 0.12366 0.46755 -0.26590
v 0.12366 0.45564 -0.24234
v 0.12366 0.43992 -0.24234
v 0.12366 0.45564 -0.34620
v 0.12366 0.46755 -0.32264
v 0.12366 0.45564 -0.39814
v -0.12366 0.45564 -1.02134
v -0.12366 0.42801 -0.94584
v -0.12366 0.45564 -0.96940
v -0.12366 0.43992 -0.96940
v -0.12366 0.43992 -0.86554
v -0.12366 0.45564 -0.86554
v -0.12366 0.42801 -0.88910
v -0.12366 0.46755 -0.88910
v -0.12366 0.46755 -1.04490
v -0.12366 0.43992 -1.02134
v -0.12366 0.46755 -0.94584
v 0.12366 0.42801 -0.94584
v 0.12366 0.45564 -0.96940
v 0.12366 0.43992 -0.96940
v 0.12366 0.42801 -0.88910
v 0.12366 0.45564 -0.86554
v 0.12366 0.46755 -0.88910
v 0.12366 0.43992 -0.86554
v 0.12366 0.46755 -0.94584
v 0.12366 0.43992 -1.02134
v 0.12366 0.45564 -1.02134
v -0.12366 0.43992 -1.17714
v -0.12366 0.43992 -1.12520
v -0.12366 0.45564 -1.12520
v -0.12366 0.42801 -1.10164
v -0.12366 0.46755 -1.20070
v -0.12366 0.42801 -1.04490
v -0.12366 0.45564 -1.17714
v -0.12366 0.46755 -1.10164
v 0.12366 0.42801 -1.20070
v 0.12366 0.43992 -1.12520
v 0.12366 0.45564 -1.12520
v 0.12366 0.42801 -1.10164
v 0.12366 0.46755 -1.04490
v 0.12366 0.42801 -1.04490
v 0.12366 0.45564 -1.17714
v 0.12366 0.43992 -1.17714
v 0.12366 0.46755 -1.20070
v 0.12366 0.46755 -1.10164
v -0.12366 0.45564 -1.33294
v -0.12366 0.42801 -1.35650
v -0.12366 0.46755 -1.35650
v -0.12366 0.46755 -1.25744
v -0.12366 0.45564 -1.28100
v -0.12366 0.42801 -1.25744
v -0.12366 0.42801 -1.20070
v -0.12366 0.46755 -1.41324
v -0.12366 0.43992 -1.33294
v -0.12366 0.43992 -1.28100
v 0.12366 0.46755 -1.25744
v 0.12366 0.42801 -1.25744
v 0.12366 0.45564 -1.28100
v 0.12366 0.46755 -1.35650
v 0.12366 0.45564 -1.33294
v 0.12366 0.43992 -1.33294
v 0.12366 0.43992 -1.28100
v 0.12366 0.42801 -1.35650
v -0.12366 0.42801 -1.51230
v -0.12366 0.46755 -1.51230
v -0.12366 0.45564 -1.48874
v -0.12366 0.43992 -1.43680
v -0.12366 0.45564 -1.43680
v -0.12366 0.46755 -1.56904
v -0.12366 0.42801 -1.41324
v -0.12366 0.43992 -1.48874
v 0.12366 0.42801 -1.51230
v 0.12366 0.43992 -1.48874
v 0.12366 0.46755 -1.51230
v 0.12366 0.45564 -1.43680
v 0.12366 0.46755 -1.41324
v 0.12366 0.42801 -1.41324
v 0.12366 0.42801 -1.56904
v 0.12366 0.45564 -1.48874
v 0.12366 0.43992 -1.43680
v -0.12366 0.42801 -1.72484
v -0.12366 0.43992 -1.59260
v -0.12366 0.45564 -1.59260
v -0.12366 0.46755 -1.66810
v -0.12366 0.46755 -1.72484
v -0.12366 0.42801 -1.66810
v -0.12366 0.43992 -1.64454
v -0.12366 0.42801 -1.56904
v -0.12366 0.45564 -1.64454
v 0.12366 0.46755 -1.72484
v 0.12366 0.42801 -1.66810
v 0.12366 0.42801 -1.72484
v 0.12366 0.46755 -1.56904
v 0.12366 0.45564 -1.59260
v 0.12366 0.45564 -1.74840
v 0.12366 0.45564 -1.64454
v 0.12366 0.43992 -1.64454
v 0.12366 0.46755 -1.66810
v 0.12366 0.43992 -1.59260
v -0.12366 0.43992 -1.90420
v -0.12366 0.43992 -1.74840
v -0.12366 0.45564 -1.74840
v -0.12366 0.46755 -1.88064
v -0.12366 0.46755 -1.82390
v -0.12366 0.42801 -1.82390
v -0.12366 0.45564 -1.80033
v -0.12366 0.43992 -1.80033
v -0.12366 0.42801 -1.88064
v -0.12366 0.45564 -1.90420
v 0.12366 0.42801 -1.88064
v 0.12366 0.46755 -1.82390
v 0.12366 0.42801 -1.82390
v 0.12366 0.45564 -1.80033
v 0.12366 0.43992 -1.80033
v 0.12366 0.45564 -1.90420
v 0.12366 0.43992 -1.90420
v 0.12366 0.46755 -1.88064
v 0.12366 0.43992 -1.74840
v -0.12366 0.43992 -2.06000
v -0.12366 0.42801 -2.03644
v -0.12366 0.46755 -2.03644
v -0.12366 0.45564 -2.06000
v -0.12366 0.42801 -1.97970
v -0.12366 0.46755 -1.97970
v -0.12366 0.45564 -1.95614
v -0.12366 0.43992 -1.95614
v 0.12366 0.43992 -2.06000
v 0.12366 0.42801 -2.03644
v 0.12366 0.46755 -1.97970
v 0.12366 0.46755 -2.03644
v 0.12366 0.43992 -1.95614
v 0.12366 0.45564 -1.95614
v 0.12366 0.45564 -2.06000
v 0.12366 0.42801 -1.97970
vt 0.10305 0.43094
vt 0.05694 0.52243
vt -0.05694 0.52243
f 9/1 2/2 4/3
vt 0.10305 0.43094
vt -0.05694 0.52243
vt -0.10305 0.43094
f 9/4 4/5 10/6
vt 2.04648 0.43094
vt 2.04648 0.52243
vt -1.78097 0.52243
f 10/7 4/8 8/9
vt 2.04648 0.43094
vt -1.78097 0.52243
vt -1.78097 0.43094
f 10/10 8/11 11/12
vt -0.10305 0.43094
vt -0.05694 0.52243
vt 0.05694 0.52243
f 11/13 8/14 6/15
vt -0.10305 0.43094
vt 0.05694 0.52243
vt 0.10305 0.43094
f 11/16 6/17 12/18
vt -1.78097 0.43094
vt -1.78097 0.52243
vt 2.04648 0.52243
f 12/19 6/20 2/21
vt -1.78097 0.43094
vt 2.04648 0.52243
vt 2.04648 0.43094
f 12/22 2/23 9/24
vt -0.05694 2.04648
vt -0.05694 -1.72039
vt 0.05694 -1.72039
f 3/25 7/26 5/27
vt -0.05694 2.04648
vt 0.05694 -1.72039
vt 0.05694 2.04648
f 3/28 5/29 1/30
vt -0.05694 -1.78097
vt -0.05694 2.04648
vt 0.05694 2.04648
f 8/31 4/32 2/33
vt -0.05694 -1.78097
vt 0.05694 2.04648
vt 0.05694 -1.78097
f 8/34 2/35 6/36
vt -1.78097 0.31986
vt -1.78097 0.43094
vt -1.71667 0.37970
f 15/37 12/38 259/39
vt -1.78097 0.31986
vt -1.71667 0.37970
vt -1.71667 0.36660
f 15/40 259/41 253/42
vt -1.78097 0.31986
vt -1.71667 0.36660
vt -1.69703 0.35668
f 15/43 253/44 254/45
vt -1.78097 0.31986
vt -1.69703 0.35668
vt -1.64975 0.35668
f 15/46 254/47 260/48
vt -1.78097 0.31986
vt -1.64975 0.35668
vt -1.63012 0.36660
f 15/49 260/50 257/51
vt -1.78097 0.31986
vt -1.63012 0.36660
vt -1.58683 0.36660
f 15/52 257/53 242/54
vt -1.78097 0.31986
vt -1.58683 0.36660
vt -1.56720 0.35668
f 15/55 242/56 236/57
vt -1.78097 0.31986
vt -1.56720 0.35668
vt -1.51992 0.35668
f 15/58 236/59 238/60
vt -1.78097 0.31986
vt -1.51992 0.35668
vt -1.50028 0.36660
f 15/61 238/62 240/63
vt -1.78097 0.31986
vt -1.50028 0.36660
vt -1.45700 0.36660
f 15/64 240/65 244/66
vt -1.78097 0.31986
vt -1.45700 0.36660
vt -1.43737 0.35668
f 15/67 244/68 218/69
vt -1.78097 0.31986
vt -1.43737 0.35668
vt -1.39008 0.35668
f 15/70 218/71 217/72
vt -1.78097 0.31986
vt -1.39008 0.35668
vt -1.37045 0.36660
f 15/73 217/74 223/75
vt -1.78097 0.31986
vt -1.37045 0.36660
vt -1.32717 0.36660
f 15/76 223/77 225/78
vt -1.78097 0.31986
vt -1.32717 0.36660
vt -1.30753 0.35668
f 15/79 225/80 204/81
vt -1.78097 0.31986
vt -1.30753 0.35668
vt -1.26025 0.35668
f 15/82 204/83 198/84
vt -1.78097 0.31986
vt -1.26025 0.35668
vt -1.24062 0.36660
f 15/85 198/86 199/87
vt -1.78097 0.31986
vt -1.24062 0.36660
vt -1.19733 0.36660
f 15/88 199/89 206/90
vt -1.78097 0.31986
vt -1.19733 0.36660
vt -1.17770 0.35668
f 15/91 206/92 203/93
vt -1.78097 0.31986
vt -1.17770 0.35668
vt -1.13042 0.35668
f 15/94 203/95 189/96
vt -1.78097 0.31986
vt -1.13042 0.35668
vt -1.11078 0.36660
f 15/97 189/98 187/99
vt -1.78097 0.31986
vt -1.11078 0.36660
vt -1.06750 0.36660
f 15/100 187/101 188/102
vt -1.78097 0.31986
vt -1.06750 0.36660
vt -1.04787 0.35668
f 15/103 188/104 183/105
vt -1.78097 0.31986
vt -1.04787 0.35668
vt -1.00058 0.35668
f 15/106 183/107 162/108
vt -1.78097 0.31986
vt -1.00058 0.35668
vt -0.98095 0.36660
f 15/109 162/110 169/111
vt -1.78097 0.31986
vt -0.98095 0.36660
vt -0.93767 0.36660
f 15/112 169/113 163/114
vt -1.78097 0.31986
vt -0.93767 0.36660
vt -0.91803 0.35668
f 15/115 163/116 165/117
vt -1.78097 0.31986
vt -0.91803 0.35668
vt -0.87075 0.35668
f 15/118 165/119 167/120
vt -1.78097 0.31986
vt -0.87075 0.35668
vt -0.85112 0.36660
f 15/121 167/122 152/123
vt -1.78097 0.31986
vt -0.85112 0.36660
vt -0.80783 0.36660
f 15/124 152/125 146/126
vt -1.78097 0.31986
vt -0.80783 0.36660
vt -0.78820 0.35668
f 15/127 146/128 144/129
vt -1.78097 0.31986
vt -0.78820 0.35668
vt -0.74092 0.35668
f 15/130 144/131 147/132
vt -1.78097 0.31986
vt -0.74092 0.35668
vt -0.72128 0.36660
f 15/133 147/134 150/135
vt -1.78097 0.31986
vt -0.72128 0.36660
vt -0.67800 0.36660
f 15/136 150/137 75/138
vt -1.78097 0.31986
vt -0.67800 0.36660
vt -0.65837 0.35668
f 15/139 75/140 76/141
vt -1.78097 0.31986
vt -0.65837 0.35668
vt -0.61108 0.35668
f 15/142 76/143 79/144
vt -1.78097 0.31986
vt -0.61108 0.35668
vt -0.59145 0.36660
f 15/145 79/146 95/147
vt -1.78097 0.31986
vt -0.59145 0.36660
vt -0.54817 0.36660
f 15/148 95/149 90/150
vt -1.78097 0.31986
vt -0.54817 0.36660
vt -0.52853 0.35668
f 15/151 90/152 93/153
vt -1.78097 0.31986
vt -0.52853 0.35668
vt -0.48125 0.35668
f 15/154 93/155 92/156
vt -1.78097 0.31986
vt -0.48125 0.35668
vt -0.46162 0.36660
f 15/157 92/158 110/159
vt -1.78097 0.31986
vt -0.46162 0.36660
vt -0.41833 0.36660
f 15/160 110/161 108/162
vt -1.78097 0.31986
vt -0.41833 0.36660
vt -0.39870 0.35668
f 15/163 108/164 112/165
vt -1.78097 0.31986
vt -0.39870 0.35668
vt -0.35142 0.35668
f 15/166 112/167 114/168
vt -1.78097 0.31986
vt -0.35142 0.35668
vt -0.33178 0.36660
f 15/169 114/170 115/171
vt -1.78097 0.31986
vt -0.33178 0.36660
vt -0.28850 0.36660
f 15/172 115/173 124/174
vt -1.78097 0.31986
vt -0.28850 0.36660
vt -0.26887 0.35668
f 15/175 124/176 126/177
vt -1.78097 0.31986
vt -0.26887 0.35668
vt -0.22158 0.35668
f 15/178 126/179 125/180
vt -1.78097 0.31986
vt -0.22158 0.35668
vt -0.20195 0.36660
f 15/181 125/182 129/183
vt -1.78097 0.31986
vt -0.20195 0.36660
vt 2.04648 0.31986
f 15/184 129/185 16/186
vt -0.10305 0.31986
vt -0.10305 0.43094
vt 0.10305 0.43094
f 14/187 11/188 12/189
vt -0.10305 0.31986
vt 0.10305 0.43094
vt 0.10305 0.31986
f 14/190 12/191 15/192
vt 2.04648 0.31986
vt 2.04648 0.43094
vt -0.20195 0.37970
f 13/193 10/194 119/195
vt 2.04648 0.31986
vt -0.20195 0.37970
vt -0.20195 0.36660
f 13/196 119/197 121/198
vt 2.04648 0.31986
vt -0.20195 0.36660
vt -0.22158 0.35668
f 13/199 121/200 118/201
vt 2.04648 0.31986
vt -0.22158 0.35668
vt -0.26887 0.35668
f 13/202 118/203 116/204
vt 2.04648 0.31986
vt -0.26887 0.35668
vt -0.28850 0.36660
f 13/205 116/206 117/207
vt 2.04648 0.31986
vt -0.28850 0.36660
vt -0.33178 0.36660
f 13/208 117/209 102/210
vt 2.04648 0.31986
vt -0.33178 0.36660
vt -0.35142 0.35668
f 13/211 102/212 99/213
vt 2.04648 0.31986
vt -0.35142 0.35668
vt -0.39870 0.35668
f 13/214 99/215 98/216
vt 2.04648 0.31986
vt -0.39870 0.35668
vt -0.41833 0.36660
f 13/217 98/218 106/219
vt 2.04648 0.31986
vt -0.41833 0.36660
vt -0.46162 0.36660
f 13/220 106/221 104/222
vt 2.04648 0.31986
vt -0.46162 0.36660
vt -0.48125 0.35668
f 13/223 104/224 89/225
vt 2.04648 0.31986
vt -0.48125 0.35668
vt -0.52853 0.35668
f 13/226 89/227 87/228
vt 2.04648 0.31986
vt -0.52853 0.35668
vt -0.54817 0.36660
f 13/229 87/230 84/231
vt 2.04648 0.31986
vt -0.54817 0.36660
vt -0.59145 0.36660
f 13/232 84/233 81/234
vt 2.04648 0.31986
vt -0.59145 0.36660
vt -0.61108 0.35668
f 13/235 81/236 78/237
vt 2.04648 0.31986
vt -0.61108 0.35668
vt -0.65837 0.35668
f 13/238 78/239 70/240
vt 2.04648 0.31986
vt -0.65837 0.35668
vt -0.67800 0.36660
f 13/241 70/242 72/243
vt 2.04648 0.31986
vt -0.67800 0.36660
vt -0.72128 0.36660
f 13/244 72/245 137/246
vt 2.04648 0.31986
vt -0.72128 0.36660
vt -0.74092 0.35668
f 13/247 137/248 139/249
vt 2.04648 0.31986
vt -0.74092 0.35668
vt -0.78820 0.35668
f 13/250 139/251 134/252
vt 2.04648 0.31986
vt -0.78820 0.35668
vt -0.80783 0.36660
f 13/253 134/254 136/255
vt 2.04648 0.31986
vt -0.80783 0.36660
vt -0.85112 0.36660
f 13/256 136/257 142/258
vt 2.04648 0.31986
vt -0.85112 0.36660
vt -0.87075 0.35668
f 13/259 142/260 159/261
vt 2.04648 0.31986
vt -0.87075 0.35668
vt -0.91803 0.35668
f 13/262 159/263 157/264
vt 2.04648 0.31986
vt -0.91803 0.35668
vt -0.93767 0.36660
f 13/265 157/266 155/267
vt 2.04648 0.31986
vt -0.93767 0.36660
vt -0.98095 0.36660
f 13/268 155/269 154/270
vt 2.04648 0.31986
vt -0.98095 0.36660
vt -1.00058 0.35668
f 13/271 154/272 178/273
vt 2.04648 0.31986
vt -1.00058 0.35668
vt -1.04787 0.35668
f 13/274 178/275 177/276
vt 2.04648 0.31986
vt -1.04787 0.35668
vt -1.06750 0.36660
f 13/277 177/278 181/279
vt 2.04648 0.31986
vt -1.06750 0.36660
vt -1.11078 0.36660
f 13/280 181/281 180/282
vt 2.04648 0.31986
vt -1.11078 0.36660
vt -1.13042 0.35668
f 13/283 180/284 173/285
vt 2.04648 0.31986
vt -1.13042 0.35668
vt -1.17770 0.35668
f 13/286 173/287 196/288
vt 2.04648 0.31986
vt -1.17770 0.35668
vt -1.19733 0.36660
f 13/289 196/290 193/291
vt 2.04648 0.31986
vt -1.19733 0.36660
vt -1.24062 0.36660
f 13/292 193/293 197/294
vt 2.04648 0.31986
vt -1.24062 0.36660
vt -1.26025 0.35668
f 13/295 197/296 190/297
vt 2.04648 0.31986
vt -1.26025 0.35668
vt -1.30753 0.35668
f 13/298 190/299 214/300
vt 2.04648 0.31986
vt -1.30753 0.35668
vt -1.32717 0.36660
f 13/301 214/302 208/303
vt 2.04648 0.31986
vt -1.32717 0.36660
vt -1.37045 0.36660
f 13/304 208/305 213/306
vt 2.04648 0.31986
vt -1.37045 0.36660
vt -1.39008 0.35668
f 13/307 213/308 212/309
vt 2.04648 0.31986
vt -1.39008 0.35668
vt -1.43737 0.35668
f 13/310 212/311 207/312
vt 2.04648 0.31986
vt -1.43737 0.35668
vt -1.45700 0.36660
f 13/313 207/314 227/315
vt 2.04648 0.31986
vt -1.45700 0.36660
vt -1.50028 0.36660
f 13/316 227/317 233/318
vt 2.04648 0.31986
vt -1.50028 0.36660
vt -1.51992 0.35668
f 13/319 233/320 231/321
vt 2.04648 0.31986
vt -1.51992 0.35668
vt -1.56720 0.35668
f 13/322 231/323 234/324
vt 2.04648 0.31986
vt -1.56720 0.35668
vt -1.58683 0.36660
f 13/325 234/326 226/327
vt 2.04648 0.31986
vt -1.58683 0.36660
vt -1.63012 0.36660
f 13/328 226/329 252/330
vt 2.04648 0.31986
vt -1.63012 0.36660
vt -1.64975 0.35668
f 13/331 252/332 249/333
vt 2.04648 0.31986
vt -1.64975 0.35668
vt -1.69703 0.35668
f 13/334 249/335 246/336
vt 2.04648 0.31986
vt -1.69703 0.35668
vt -1.71667 0.36660
f 13/337 246/338 245/339
vt 2.04648 0.31986
vt -1.71667 0.36660
vt -1.78097 0.31986
f 13/340 245/341 14/342
vt 0.10305 0.31986
vt 0.10305 0.43094
vt -0.10305 0.43094
f 16/343 9/344 10/345
vt 0.10305 0.31986
vt -0.10305 0.43094
vt -0.10305 0.31986
f 16/346 10/347 13/348
vt 0.05694 0.25124
vt 0.10305 0.31986
vt -0.10305 0.31986
f 1/349 16/350 13/351
vt 0.05694 0.25124
vt -0.10305 0.31986
vt -0.05694 0.25124
f 1/352 13/353 3/354
vt 2.04648 0.25124
vt 2.04648 0.31986
vt -1.78097 0.31986
f 3/355 13/356 14/357
vt 2.04648 0.25124
vt -1.78097 0.31986
vt -1.72039 0.25124
f 3/358 14/359 7/360
vt -0.05694 0.25124
vt -0.10305 0.31986
vt 0.10305 0.31986
f 7/361 14/362 15/363
vt -0.05694 0.25124
vt 0.10305 0.31986
vt 0.05694 0.25124
f 7/364 15/365 5/366
vt -1.72039 0.25124
vt -1.78097 0.31986
vt 2.04648 0.31986
f 5/367 15/368 16/369
vt -1.72039 0.25124
vt 2.04648 0.31986
vt 2.04648 0.25124
f 5/370 16/371 1/372
vt -0.04406 -1.75883
vt -0.04406 -1.68591
vt 0.04406 -1.68591
f 63/373 64/374 61/375
vt -0.04406 -1.75883
vt 0.04406 -1.68591
vt 0.04406 -1.75883
f 63/376 61/377 62/378
vt -0.05557 0.20331
vt -0.05557 0.08708
vt 0.05557 0.08708
f 26/379 19/380 20/381
vt -0.05557 0.20331
vt 0.05557 0.08708
vt 0.05557 0.20331
f 26/382 20/383 25/384
vt -0.05557 0.20331
vt 0.05557 0.20331
vt 0.05557 0.08708
f 28/385 27/386 23/387
vt -0.05557 0.20331
vt 0.05557 0.08708
vt -0.05557 0.08708
f 28/388 23/389 24/390
vt -0.77477 0.20331
vt -0.77477 0.08708
vt -0.83316 0.08708
f 25/391 20/392 23/393
vt -0.77477 0.20331
vt -0.83316 0.08708
vt -0.83316 0.20331
f 25/394 23/395 27/396
vt -0.05557 -0.77477
vt 0.05557 -0.77477
vt 0.05557 -0.83316
f 17/397 18/398 21/399
vt -0.05557 -0.77477
vt 0.05557 -0.83316
vt -0.05557 -0.83316
f 17/400 21/401 22/402
vt -0.77477 0.20331
vt -0.77477 0.26143
vt -0.83316 0.26143
f 26/403 17/404 22/405
vt -0.77477 0.20331
vt -0.83316 0.26143
vt -0.83316 0.20331
f 26/406 22/407 28/408
vt 0.05557 -0.77477
vt -0.05557 -0.77477
vt -0.05557 -0.83316
f 20/409 19/410 24/411
vt 0.05557 -0.77477
vt -0.05557 -0.83316
vt 0.05557 -0.83316
f 20/412 24/413 23/414
vt -0.77477 0.08708
vt -0.77477 0.20331
vt -0.83316 0.20331
f 19/415 26/416 28/417
vt -0.77477 0.08708
vt -0.83316 0.20331
vt -0.83316 0.08708
f 19/418 28/419 24/420
vt -0.77477 0.26143
vt -0.77477 0.20331
vt -0.83316 0.20331
f 18/421 25/422 27/423
vt -0.77477 0.26143
vt -0.83316 0.20331
vt -0.83316 0.26143
f 18/424 27/425 21/426
vt -0.05557 -0.83316
vt 0.05557 -0.83316
vt 0.05557 -0.97237
f 22/427 21/428 29/429
vt -0.05557 -0.83316
vt 0.05557 -0.97237
vt -0.05557 -0.97237
f 22/430 29/431 30/432
vt -0.05557 0.26143
vt -0.05557 0.20331
vt 0.05557 0.20331
f 17/433 26/434 25/435
vt -0.05557 0.26143
vt 0.05557 0.20331
vt 0.05557 0.26143
f 17/436 25/437 18/438
vt -0.05557 0.26143
vt 0.05557 0.26143
vt 0.05557 0.20331
f 30/439 29/440 32/441
vt -0.05557 0.26143
vt 0.05557 0.20331
vt -0.05557 0.20331
f 30/442 32/443 31/444
vt -0.83316 0.20331
vt -0.83316 0.26143
vt -0.97237 0.26143
f 28/445 22/446 30/447
vt -0.83316 0.20331
vt -0.97237 0.26143
vt -0.97237 0.20331
f 28/448 30/449 31/450
vt 0.05557 -0.83316
vt -0.05557 -0.83316
vt -0.05557 -0.97237
f 27/451 28/452 31/453
vt 0.05557 -0.83316
vt -0.05557 -0.97237
vt 0.05557 -0.97237
f 27/454 31/455 32/456
vt -0.83316 0.26143
vt -0.83316 0.20331
vt -0.97237 0.20331
f 21/457 27/458 32/459
vt -0.83316 0.26143
vt -0.97237 0.20331
vt -0.97237 0.26143
f 21/460 32/461 29/462
vt -0.10057 -1.44721
vt 0.10057 -1.44721
vt 0.10057 -1.62666
f 35/463 36/464 34/465
vt -0.10057 -1.44721
vt 0.10057 -1.62666
vt -0.10057 -1.62666
f 35/466 34/467 33/468
vt -0.10057 -1.44721
vt -0.10057 -1.62666
vt 0.10057 -1.62666
f 39/469 37/470 38/471
vt -0.10057 -1.44721
vt 0.10057 -1.62666
vt 0.10057 -1.44721
f 39/472 38/473 40/474
vt -1.62666 0.33237
vt -1.44721 0.33237
vt -1.44721 0.23385
f 34/475 36/476 40/477
vt -1.62666 0.33237
vt -1.44721 0.23385
vt -1.62666 0.23385
f 34/478 40/479 38/480
vt -0.10057 0.33237
vt 0.10057 0.33237
vt 0.10057 0.23385
f 33/481 34/482 38/483
vt -0.10057 0.33237
vt 0.10057 0.23385
vt -0.10057 0.23385
f 33/484 38/485 37/486
vt 0.10057 0.33237
vt -0.10057 0.33237
vt -0.10057 0.23385
f 36/487 35/488 39/489
vt 0.10057 0.33237
vt -0.10057 0.23385
vt 0.10057 0.23385
f 36/490 39/491 40/492
vt -1.44721 0.33237
vt -1.62666 0.33237
vt -1.62666 0.23385
f 35/493 33/494 37/495
vt -1.44721 0.33237
vt -1.62666 0.23385
vt -1.44721 0.23385
f 35/496 37/497 39/498
vt 0.03655 -0.02162
vt 0.03655 0.04244
vt -0.03655 0.04244
f 41/499 43/500 44/501
vt 0.03655 -0.02162
vt -0.03655 0.04244
vt -0.03655 -0.02162
f 41/502 44/503 42/504
vt 0.03655 -0.01453
vt -0.03655 -0.01453
vt -0.03655 0.04244
f 45/505 46/506 48/507
vt 0.03655 -0.01453
vt -0.03655 0.04244
vt 0.03655 0.04244
f 45/508 48/509 47/510
vt -0.20557 0.04244
vt -0.20248 -0.02162
vt -0.23463 -0.01453
f 43/511 41/512 45/513
vt -0.20557 0.04244
vt -0.23463 -0.01453
vt -0.25809 0.04244
f 43/514 45/515 47/516
vt -0.03655 -0.20557
vt 0.03655 -0.20557
vt 0.03655 -0.25809
f 44/517 43/518 47/519
vt -0.03655 -0.20557
vt 0.03655 -0.25809
vt -0.03655 -0.25809
f 44/520 47/521 48/522
vt -0.20248 -0.02162
vt -0.20557 0.04244
vt -0.25809 0.04244
f 42/523 44/524 48/525
vt -0.20248 -0.02162
vt -0.25809 0.04244
vt -0.23463 -0.01453
f 42/526 48/527 46/528
vt -0.23463 -0.01453
vt -0.20248 -0.02162
vt -0.21862 -0.07511
f 45/529 41/530 49/531
vt -0.23463 -0.01453
vt -0.21862 -0.07511
vt -0.23663 -0.05671
f 45/532 49/533 51/534
vt -0.23663 -0.05671
vt -0.21862 -0.07511
vt -0.24305 -0.10327
f 51/535 49/536 53/537
vt -0.23663 -0.05671
vt -0.24305 -0.10327
vt -0.25297 -0.08334
f 51/538 53/539 55/540
vt -0.03655 -0.01453
vt 0.03655 -0.01453
vt 0.03655 -0.05671
f 46/541 45/542 51/543
vt -0.03655 -0.01453
vt 0.03655 -0.05671
vt -0.03655 -0.05671
f 46/544 51/545 52/546
vt 0.03655 -0.02162
vt -0.03655 -0.02162
vt -0.03655 -0.07511
f 41/547 42/548 50/549
vt 0.03655 -0.02162
vt -0.03655 -0.07511
vt 0.03655 -0.07511
f 41/550 50/551 49/552
vt -0.20248 -0.02162
vt -0.23463 -0.01453
vt -0.23663 -0.05671
f 42/553 46/554 52/555
vt -0.20248 -0.02162
vt -0.23663 -0.05671
vt -0.21862 -0.07511
f 42/556 52/557 50/558
vt -0.24305 -0.10327
vt -0.25297 -0.08334
vt -0.27324 -0.10844
f 54/559 56/560 60/561
vt -0.24305 -0.10327
vt -0.27324 -0.10844
vt -0.27085 -0.12728
f 54/562 60/563 58/564
vt 0.03655 -0.07511
vt -0.03655 -0.07511
vt -0.03655 -0.10327
f 49/565 50/566 54/567
vt 0.03655 -0.07511
vt -0.03655 -0.10327
vt 0.03655 -0.10327
f 49/568 54/569 53/570
vt -0.21862 -0.07511
vt -0.23663 -0.05671
vt -0.25297 -0.08334
f 50/571 52/572 56/573
vt -0.21862 -0.07511
vt -0.25297 -0.08334
vt -0.24305 -0.10327
f 50/574 56/575 54/576
vt -0.03655 -0.05671
vt 0.03655 -0.05671
vt 0.03655 -0.08334
f 52/577 51/578 55/579
vt -0.03655 -0.05671
vt 0.03655 -0.08334
vt -0.03655 -0.08334
f 52/580 55/581 56/582
vt 0.03655 -0.12728
vt -0.03655 -0.12728
vt -0.03655 -0.10844
f 57/583 58/584 60/585
vt 0.03655 -0.12728
vt -0.03655 -0.10844
vt 0.03655 -0.10844
f 57/586 60/587 59/588
vt -0.03655 -0.08334
vt 0.03655 -0.08334
vt 0.03655 -0.10844
f 56/589 55/590 59/591
vt -0.03655 -0.08334
vt 0.03655 -0.10844
vt -0.03655 -0.10844
f 56/592 59/593 60/594
vt -0.25297 -0.08334
vt -0.24305 -0.10327
vt -0.27085 -0.12728
f 55/595 53/596 57/597
vt -0.25297 -0.08334
vt -0.27085 -0.12728
vt -0.27324 -0.10844
f 55/598 57/599 59/600
vt 0.03655 -0.24305
vt -0.03655 -0.24305
vt -0.03655 -0.27085
f 53/601 54/602 58/603
vt 0.03655 -0.24305
vt -0.03655 -0.27085
vt 0.03655 -0.27085
f 53/604 58/605 57/606
vt 0.04406 0.57044
vt -0.04406 0.57044
vt -0.04406 0.60183
f 66/607 65/608 63/609
vt 0.04406 0.57044
vt -0.04406 0.60183
vt 0.04406 0.60183
f 66/610 63/611 62/612
vt -0.04406 0.57044
vt 0.04406 0.57044
vt 0.04406 0.60183
f 67/613 68/614 61/615
vt -0.04406 0.57044
vt 0.04406 0.60183
vt -0.04406 0.60183
f 67/616 61/617 64/618
vt -1.75883 0.57044
vt -1.68591 0.57044
vt -1.68591 0.60183
f 65/619 67/620 64/621
vt -1.75883 0.57044
vt -1.68591 0.60183
vt -1.75883 0.60183
f 65/622 64/623 63/624
vt -1.68591 0.57044
vt -1.75883 0.57044
vt -1.75883 0.60183
f 68/625 66/626 62/627
vt -1.68591 0.57044
vt -1.75883 0.60183
vt -1.68591 0.60183
f 68/628 62/629 61/630
vt -0.04406 -1.75883
vt 0.04406 -1.75883
vt 0.04406 -1.68591
f 65/631 66/632 68/633
vt -0.04406 -1.75883
vt 0.04406 -1.68591
vt -0.04406 -1.68591
f 65/634 68/635 67/636
vt -1.78097 0.31986
vt -1.71667 0.36660
vt -1.71667 0.37970
f 14/637 245/638 248/639
vt -1.78097 0.31986
vt -1.71667 0.37970
vt -1.69703 0.38963
f 14/640 248/641 247/642
vt -1.78097 0.31986
vt -1.69703 0.38963
vt -1.64975 0.38963
f 14/643 247/644 250/645
vt -1.78097 0.31986
vt -1.64975 0.38963
vt -1.63012 0.37970
f 14/646 250/647 251/648
vt -1.78097 0.31986
vt -1.63012 0.37970
vt -1.63012 0.36660
f 14/649 251/650 252/651
vt -1.78097 0.31986
vt -1.63012 0.36660
vt -1.58683 0.36660
f 14/652 252/653 226/654
vt -1.78097 0.31986
vt -1.58683 0.36660
vt -1.58683 0.37970
f 14/655 226/656 235/657
vt -1.78097 0.31986
vt -1.58683 0.37970
vt -1.56720 0.38963
f 14/658 235/659 229/660
vt -1.78097 0.31986
vt -1.56720 0.38963
vt -1.51992 0.38963
f 14/661 229/662 230/663
vt -1.78097 0.31986
vt -1.51992 0.38963
vt -1.50028 0.37970
f 14/664 230/665 232/666
vt -1.78097 0.31986
vt -1.50028 0.37970
vt -1.50028 0.36660
f 14/667 232/668 233/669
vt -1.78097 0.31986
vt -1.50028 0.36660
vt -1.45700 0.36660
f 14/670 233/671 227/672
vt -1.78097 0.31986
vt -1.45700 0.36660
vt -1.45700 0.37970
f 14/673 227/674 228/675
vt -1.78097 0.31986
vt -1.45700 0.37970
vt -1.43737 0.38963
f 14/676 228/677 211/678
vt -1.78097 0.31986
vt -1.43737 0.38963
vt -1.39008 0.38963
f 14/679 211/680 210/681
vt -1.78097 0.31986
vt -1.39008 0.38963
vt -1.37045 0.37970
f 14/682 210/683 215/684
vt -1.78097 0.31986
vt -1.37045 0.37970
vt -1.37045 0.36660
f 14/685 215/686 213/687
vt -1.78097 0.31986
vt -1.37045 0.36660
vt -1.32717 0.36660
f 14/688 213/689 208/690
vt -1.78097 0.31986
vt -1.32717 0.36660
vt -1.32717 0.37970
f 14/691 208/692 209/693
vt -1.78097 0.31986
vt -1.32717 0.37970
vt -1.30753 0.38963
f 14/694 209/695 195/696
vt -1.78097 0.31986
vt -1.30753 0.38963
vt -1.26025 0.38963
f 14/697 195/698 191/699
vt -1.78097 0.31986
vt -1.26025 0.38963
vt -1.24062 0.37970
f 14/700 191/701 192/702
vt -1.78097 0.31986
vt -1.24062 0.37970
vt -1.24062 0.36660
f 14/703 192/704 197/705
vt -1.78097 0.31986
vt -1.24062 0.36660
vt -1.19733 0.36660
f 14/706 197/707 193/708
vt -1.78097 0.31986
vt -1.19733 0.36660
vt -1.19733 0.37970
f 14/709 193/710 194/711
vt -1.78097 0.31986
vt -1.19733 0.37970
vt -1.17770 0.38963
f 14/712 194/713 179/714
vt -1.78097 0.31986
vt -1.17770 0.38963
vt -1.13042 0.38963
f 14/715 179/716 174/717
vt -1.78097 0.31986
vt -1.13042 0.38963
vt -1.11078 0.37970
f 14/718 174/719 172/720
vt -1.78097 0.31986
vt -1.11078 0.37970
vt -1.11078 0.36660
f 14/721 172/722 180/723
vt -1.78097 0.31986
vt -1.11078 0.36660
vt -1.06750 0.36660
f 14/724 180/725 181/726
vt -1.78097 0.31986
vt -1.06750 0.36660
vt -1.06750 0.37970
f 14/727 181/728 176/729
vt -1.78097 0.31986
vt -1.06750 0.37970
vt -1.04787 0.38963
f 14/730 176/731 175/732
vt -1.78097 0.31986
vt -1.04787 0.38963
vt -1.00058 0.38963
f 14/733 175/734 158/735
vt -1.78097 0.31986
vt -1.00058 0.38963
vt -0.98095 0.37970
f 14/736 158/737 160/738
vt -1.78097 0.31986
vt -0.98095 0.37970
vt -0.98095 0.36660
f 14/739 160/740 154/741
vt -1.78097 0.31986
vt -0.98095 0.36660
vt -0.93767 0.36660
f 14/742 154/743 155/744
vt -1.78097 0.31986
vt -0.93767 0.36660
vt -0.93767 0.37970
f 14/745 155/746 156/747
vt -1.78097 0.31986
vt -0.93767 0.37970
vt -0.91803 0.38963
f 14/748 156/749 161/750
vt -1.78097 0.31986
vt -0.91803 0.38963
vt -0.87075 0.38963
f 14/751 161/752 141/753
vt -1.78097 0.31986
vt -0.87075 0.38963
vt -0.85112 0.37970
f 14/754 141/755 133/756
vt -1.78097 0.31986
vt -0.85112 0.37970
vt -0.85112 0.36660
f 14/757 133/758 142/759
vt -1.78097 0.31986
vt -0.85112 0.36660
vt -0.80783 0.36660
f 14/760 142/761 136/762
vt -1.78097 0.31986
vt -0.80783 0.36660
vt -0.80783 0.37970
f 14/763 136/764 135/765
vt -1.78097 0.31986
vt -0.80783 0.37970
vt -0.78820 0.38963
f 14/766 135/767 143/768
vt -1.78097 0.31986
vt -0.78820 0.38963
vt -0.74092 0.38963
f 14/769 143/770 140/771
vt -1.78097 0.31986
vt -0.74092 0.38963
vt -0.72128 0.37970
f 14/772 140/773 138/774
vt -1.78097 0.31986
vt -0.72128 0.37970
vt -0.72128 0.36660
f 14/775 138/776 137/777
vt -1.78097 0.31986
vt -0.72128 0.36660
vt -0.67800 0.36660
f 14/778 137/779 72/780
vt -1.78097 0.31986
vt -0.67800 0.36660
vt -0.67800 0.37970
f 14/781 72/782 71/783
vt -1.78097 0.31986
vt -0.67800 0.37970
vt -0.65837 0.38963
f 14/784 71/785 69/786
vt -1.78097 0.31986
vt -0.65837 0.38963
vt -0.61108 0.38963
f 14/787 69/788 80/789
vt -1.78097 0.31986
vt -0.61108 0.38963
vt -0.59145 0.37970
f 14/790 80/791 83/792
vt -1.78097 0.31986
vt -0.59145 0.37970
vt -0.59145 0.36660
f 14/793 83/794 81/795
vt -1.78097 0.31986
vt -0.59145 0.36660
vt -0.54817 0.36660
f 14/796 81/797 84/798
vt -1.78097 0.31986
vt -0.54817 0.36660
vt -0.54817 0.37970
f 14/799 84/800 85/801
vt -1.78097 0.31986
vt -0.54817 0.37970
vt -0.52853 0.38963
f 14/802 85/803 86/804
vt -1.78097 0.31986
vt -0.52853 0.38963
vt -0.48125 0.38963
f 14/805 86/806 88/807
vt -1.78097 0.31986
vt -0.48125 0.38963
vt -0.46162 0.37970
f 14/808 88/809 105/810
vt -1.78097 0.31986
vt -0.46162 0.37970
vt -0.46162 0.36660
f 14/811 105/812 104/813
vt -1.78097 0.31986
vt -0.46162 0.36660
vt -0.41833 0.36660
f 14/814 104/815 106/816
vt -1.78097 0.31986
vt -0.41833 0.36660
vt -0.41833 0.37970
f 14/817 106/818 97/819
vt -1.78097 0.31986
vt -0.41833 0.37970
vt -0.39870 0.38963
f 14/820 97/821 100/822
vt -1.78097 0.31986
vt -0.39870 0.38963
vt -0.35142 0.38963
f 14/823 100/824 101/825
vt -1.78097 0.31986
vt -0.35142 0.38963
vt -0.33178 0.37970
f 14/826 101/827 103/828
vt -1.78097 0.31986
vt -0.33178 0.37970
vt -0.33178 0.36660
f 14/829 103/830 102/831
vt -1.78097 0.31986
vt -0.33178 0.36660
vt -0.28850 0.36660
f 14/832 102/833 117/834
vt -1.78097 0.31986
vt -0.28850 0.36660
vt -0.28850 0.37970
f 14/835 117/836 120/837
vt -1.78097 0.31986
vt -0.28850 0.37970
vt -0.26887 0.38963
f 14/838 120/839 122/840
vt -1.78097 0.31986
vt -0.26887 0.38963
vt -0.22158 0.38963
f 14/841 122/842 123/843
vt -1.78097 0.31986
vt -0.22158 0.38963
vt -0.20195 0.37970
f 14/844 123/845 119/846
vt -1.78097 0.31986
vt -0.20195 0.37970
vt 2.04648 0.43094
f 14/847 119/848 10/849
vt -1.78097 0.31986
vt 2.04648 0.43094
vt -1.78097 0.43094
f 14/850 10/851 11/852
vt 2.04648 0.31986
vt -0.20195 0.36660
vt -0.20195 0.37970
f 16/853 129/854 128/855
vt 2.04648 0.31986
vt -0.20195 0.37970
vt -0.22158 0.38963
f 16/856 128/857 127/858
vt 2.04648 0.31986
vt -0.22158 0.38963
vt -0.26887 0.38963
f 16/859 127/860 131/861
vt 2.04648 0.31986
vt -0.26887 0.38963
vt -0.28850 0.37970
f 16/862 131/863 130/864
vt 2.04648 0.31986
vt -0.28850 0.37970
vt -0.28850 0.36660
f 16/865 130/866 124/867
vt 2.04648 0.31986
vt -0.28850 0.36660
vt -0.33178 0.36660
f 16/868 124/869 115/870
vt 2.04648 0.31986
vt -0.33178 0.36660
vt -0.33178 0.37970
f 16/871 115/872 132/873
vt 2.04648 0.31986
vt -0.33178 0.37970
vt -0.35142 0.38963
f 16/874 132/875 113/876
vt 2.04648 0.31986
vt -0.35142 0.38963
vt -0.39870 0.38963
f 16/877 113/878 109/879
vt 2.04648 0.31986
vt -0.39870 0.38963
vt -0.41833 0.37970
f 16/880 109/881 107/882
vt 2.04648 0.31986
vt -0.41833 0.37970
vt -0.41833 0.36660
f 16/883 107/884 108/885
vt 2.04648 0.31986
vt -0.41833 0.36660
vt -0.46162 0.36660
f 16/886 108/887 110/888
vt 2.04648 0.31986
vt -0.46162 0.36660
vt -0.46162 0.37970
f 16/889 110/890 111/891
vt 2.04648 0.31986
vt -0.46162 0.37970
vt -0.48125 0.38963
f 16/892 111/893 96/894
vt 2.04648 0.31986
vt -0.48125 0.38963
vt -0.52853 0.38963
f 16/895 96/896 94/897
vt 2.04648 0.31986
vt -0.52853 0.38963
vt -0.54817 0.37970
f 16/898 94/899 91/900
vt 2.04648 0.31986
vt -0.54817 0.37970
vt -0.54817 0.36660
f 16/901 91/902 90/903
vt 2.04648 0.31986
vt -0.54817 0.36660
vt -0.59145 0.36660
f 16/904 90/905 95/906
vt 2.04648 0.31986
vt -0.59145 0.36660
vt -0.59145 0.37970
f 16/907 95/908 82/909
vt 2.04648 0.31986
vt -0.59145 0.37970
vt -0.61108 0.38963
f 16/910 82/911 77/912
vt 2.04648 0.31986
vt -0.61108 0.38963
vt -0.65837 0.38963
f 16/913 77/914 74/915
vt 2.04648 0.31986
vt -0.65837 0.38963
vt -0.67800 0.37970
f 16/916 74/917 73/918
vt 2.04648 0.31986
vt -0.67800 0.37970
vt -0.67800 0.36660
f 16/919 73/920 75/921
vt 2.04648 0.31986
vt -0.67800 0.36660
vt -0.72128 0.36660
f 16/922 75/923 150/924
vt 2.04648 0.31986
vt -0.72128 0.36660
vt -0.72128 0.37970
f 16/925 150/926 148/927
vt 2.04648 0.31986
vt -0.72128 0.37970
vt -0.74092 0.38963
f 16/928 148/929 149/930
vt 2.04648 0.31986
vt -0.74092 0.38963
vt -0.78820 0.38963
f 16/931 149/932 151/933
vt 2.04648 0.31986
vt -0.78820 0.38963
vt -0.80783 0.37970
f 16/934 151/935 145/936
vt 2.04648 0.31986
vt -0.80783 0.37970
vt -0.80783 0.36660
f 16/937 145/938 146/939
vt 2.04648 0.31986
vt -0.80783 0.36660
vt -0.85112 0.36660
f 16/940 146/941 152/942
vt 2.04648 0.31986
vt -0.85112 0.36660
vt -0.85112 0.37970
f 16/943 152/944 153/945
vt 2.04648 0.31986
vt -0.85112 0.37970
vt -0.87075 0.38963
f 16/946 153/947 166/948
vt 2.04648 0.31986
vt -0.87075 0.38963
vt -0.91803 0.38963
f 16/949 166/950 171/951
vt 2.04648 0.31986
vt -0.91803 0.38963
vt -0.93767 0.37970
f 16/952 171/953 164/954
vt 2.04648 0.31986
vt -0.93767 0.37970
vt -0.93767 0.36660
f 16/955 164/956 163/957
vt 2.04648 0.31986
vt -0.93767 0.36660
vt -0.98095 0.36660
f 16/958 163/959 169/960
vt 2.04648 0.31986
vt -0.98095 0.36660
vt -0.98095 0.37970
f 16/961 169/962 168/963
vt 2.04648 0.31986
vt -0.98095 0.37970
vt -1.00058 0.38963
f 16/964 168/965 170/966
vt 2.04648 0.31986
vt -1.00058 0.38963
vt -1.04787 0.38963
f 16/967 170/968 182/969
vt 2.04648 0.31986
vt -1.04787 0.38963
vt -1.06750 0.37970
f 16/970 182/971 184/972
vt 2.04648 0.31986
vt -1.06750 0.37970
vt -1.06750 0.36660
f 16/973 184/974 188/975
vt 2.04648 0.31986
vt -1.06750 0.36660
vt -1.11078 0.36660
f 16/976 188/977 187/978
vt 2.04648 0.31986
vt -1.11078 0.36660
vt -1.11078 0.37970
f 16/979 187/980 186/981
vt 2.04648 0.31986
vt -1.11078 0.37970
vt -1.13042 0.38963
f 16/982 186/983 185/984
vt 2.04648 0.31986
vt -1.13042 0.38963
vt -1.17770 0.38963
f 16/985 185/986 202/987
vt 2.04648 0.31986
vt -1.17770 0.38963
vt -1.19733 0.37970
f 16/988 202/989 201/990
vt 2.04648 0.31986
vt -1.19733 0.37970
vt -1.19733 0.36660
f 16/991 201/992 206/993
vt 2.04648 0.31986
vt -1.19733 0.36660
vt -1.24062 0.36660
f 16/994 206/995 199/996
vt 2.04648 0.31986
vt -1.24062 0.36660
vt -1.24062 0.37970
f 16/997 199/998 205/999
vt 2.04648 0.31986
vt -1.24062 0.37970
vt -1.26025 0.38963
f 16/1000 205/1001 200/1002
vt 2.04648 0.31986
vt -1.26025 0.38963
vt -1.30753 0.38963
f 16/1003 200/1004 219/1005
vt 2.04648 0.31986
vt -1.30753 0.38963
vt -1.32717 0.37970
f 16/1006 219/1007 220/1008
vt 2.04648 0.31986
vt -1.32717 0.37970
vt -1.32717 0.36660
f 16/1009 220/1010 225/1011
vt 2.04648 0.31986
vt -1.32717 0.36660
vt -1.37045 0.36660
f 16/1012 225/1013 223/1014
vt 2.04648 0.31986
vt -1.37045 0.36660
vt -1.37045 0.37970
f 16/1015 223/1016 222/1017
vt 2.04648 0.31986
vt -1.37045 0.37970
vt -1.39008 0.38963
f 16/1018 222/1019 224/1020
vt 2.04648 0.31986
vt -1.39008 0.38963
vt -1.43737 0.38963
f 16/1021 224/1022 216/1023
vt 2.04648 0.31986
vt -1.43737 0.38963
vt -1.45700 0.37970
f 16/1024 216/1025 221/1026
vt 2.04648 0.31986
vt -1.45700 0.37970
vt -1.45700 0.36660
f 16/1027 221/1028 244/1029
vt 2.04648 0.31986
vt -1.45700 0.36660
vt -1.50028 0.36660
f 16/1030 244/1031 240/1032
vt 2.04648 0.31986
vt -1.50028 0.36660
vt -1.50028 0.37970
f 16/1033 240/1034 239/1035
vt 2.04648 0.31986
vt -1.50028 0.37970
vt -1.51992 0.38963
f 16/1036 239/1037 237/1038
vt 2.04648 0.31986
vt -1.51992 0.38963
vt -1.56720 0.38963
f 16/1039 237/1040 243/1041
vt 2.04648 0.31986
vt -1.56720 0.38963
vt -1.58683 0.37970
f 16/1042 243/1043 241/1044
vt 2.04648 0.31986
vt -1.58683 0.37970
vt -1.58683 0.36660
f 16/1045 241/1046 242/1047
vt 2.04648 0.31986
vt -1.58683 0.36660
vt -1.63012 0.36660
f 16/1048 242/1049 257/1050
vt 2.04648 0.31986
vt -1.63012 0.36660
vt -1.63012 0.37970
f 16/1051 257/1052 258/1053
vt 2.04648 0.31986
vt -1.63012 0.37970
vt -1.64975 0.38963
f 16/1054 258/1055 255/1056
vt 2.04648 0.31986
vt -1.64975 0.38963
vt -1.69703 0.38963
f 16/1057 255/1058 256/1059
vt 2.04648 0.31986
vt -1.69703 0.38963
vt -1.71667 0.37970
f 16/1060 256/1061 259/1062
vt 2.04648 0.31986
vt -1.71667 0.37970
vt -1.78097 0.43094
f 16/1063 259/1064 12/1065
vt 2.04648 0.31986
vt -1.78097 0.43094
vt 2.04648 0.43094
f 16/1066 12/1067 9/1068
o Panel
g Panel
usemtl Blush
v 0.10856 0.46755 -0.26590
v 0.10856 0.45564 -0.24234
v 0.10856 0.43992 -0.24234
v 0.10856 0.42801 -0.26590
v 0.10856 0.45564 -0.34620
v 0.10856 0.46755 -0.32264
v 0.10856 0.42801 -0.32264
v 0.10856 0.43992 -0.34620
v 0.10856 0.46755 -0.42170
v 0.10856 0.45564 -0.39814
v 0.10856 0.43992 -0.39814
v 0.10856 0.42801 -0.42170
v 0.10856 0.45564 -0.50200
v 0.10856 0.46755 -0.47844
v 0.10856 0.42801 -0.47844
v 0.10856 0.43992 -0.50200
v 0.10856 0.46755 -0.57750
v 0.10856 0.45564 -0.55394
v 0.10856 0.43992 -0.55394
v 0.10856 0.42801 -0.57750
v 0.10856 0.45564 -0.65780
v 0.10856 0.46755 -0.63424
v 0.10856 0.42801 -0.63424
v 0.10856 0.43992 -0.65780
v 0.10856 0.46755 -0.73330
v 0.10856 0.45564 -0.70974
v 0.10856 0.43992 -0.70974
v 0.10856 0.42801 -0.73330
v 0.10856 0.45564 -0.81360
v 0.10856 0.46755 -0.79004
v 0.10856 0.42801 -0.79004
v 0.10856 0.43992 -0.81360
v 0.10856 0.46755 -0.88910
v 0.10856 0.45564 -0.86554
v 0.10856 0.43992 -0.86554
v 0.10856 0.42801 -0.88910
v 0.10856 0.45564 -0.96940
v 0.10856 0.46755 -0.94584
v 0.10856 0.42801 -0.94584
v 0.10856 0.43992 -0.96940
v 0.10856 0.46755 -1.04490
v 0.10856 0.45564 -1.02134
v 0.10856 0.43992 -1.02134
v 0.10856 0.42801 -1.04490
v 0.10856 0.45564 -1.12520
v 0.10856 0.46755 -1.10164
v 0.10856 0.42801 -1.10164
v 0.10856 0.43992 -1.12520
v 0.10856 0.46755 -1.20070
v 0.10856 0.45564 -1.17714
v 0.10856 0.43992 -1.17714
v 0.10856 0.42801 -1.20070
v 0.10856 0.45564 -1.28100
v 0.10856 0.46755 -1.25744
v 0.10856 0.42801 -1.25744
v 0.10856 0.43992 -1.28100
v 0.10856 0.46755 -1.35650
v 0.10856 0.45564 -1.33294
v 0.10856 0.43992 -1.33294
v 0.10856 0.42801 -1.35650
v 0.10856 0.45564 -1.43680
v 0.10856 0.46755 -1.41324
v 0.10856 0.42801 -1.41324
v 0.10856 0.43992 -1.43680
v 0.10856 0.46755 -1.51230
v 0.10856 0.45564 -1.48874
v 0.10856 0.43992 -1.48874
v 0.10856 0.42801 -1.51230
v 0.10856 0.45564 -1.59260
v 0.10856 0.46755 -1.56904
v 0.10856 0.42801 -1.56904
v 0.10856 0.43992 -1.59260
v 0.10856 0.46755 -1.66810
v 0.10856 0.45564 -1.64454
v 0.10856 0.43992 -1.64454
v 0.10856 0.42801 -1.66810
v 0.10856 0.45564 -1.74840
v 0.10856 0.46755 -1.72484
v 0.10856 0.42801 -1.72484
v 0.10856 0.43992 -1.74840
v 0.10856 0.46755 -1.82390
v 0.10856 0.45564 -1.80033
v 0.10856 0.43992 -1.80033
v 0.10856 0.42801 -1.82390
v 0.10856 0.45564 -1.90420
v 0.10856 0.46755 -1.88064
v 0.10856 0.42801 -1.88064
v 0.10856 0.43992 -1.90420
v 0.10856 0.46755 -1.97970
v 0.10856 0.45564 -1.95614
v 0.10856 0.43992 -1.95614
v 0.10856 0.42801 -1.97970
v 0.10856 0.45564 -2.06000
v 0.10856 0.46755 -2.03644
v 0.10856 0.42801 -2.03644
v 0.10856 0.43992 -2.06000
v -0.10856 0.46755 -0.26590
v -0.10856 0.45564 -0.24234
v -0.10856 0.43992 -0.24234
v -0.10856 0.42801 -0.26590
v -0.10856 0.45564 -0.34620
v -0.10856 0.46755 -0.32264
v -0.10856 0.42801 -0.32264
v -0.10856 0.43992 -0.34620
v -0.10856 0.46755 -0.42170
v -0.10856 0.45564 -0.39814
v -0.10856 0.43992 -0.39814
v -0.10856 0.42801 -0.42170
v -0.10856 0.45564 -0.50200
v -0.10856 0.46755 -0.47844
v -0.10856 0.42801 -0.47844
v -0.10856 0.43992 -0.50200
v -0.10856 0.46755 -0.57750
v -0.10856 0.45564 -0.55394
v -0.10856 0.43992 -0.55394
v -0.10856 0.42801 -0.57750
v -0.10856 0.45564 -0.65780
v -0.10856 0.46755 -0.63424
v -0.10856 0.42801 -0.63424
v -0.10856 0.43992 -0.65780
v -0.10856 0.46755 -0.73330
v -0.10856 0.45564 -0.70974
v -0.10856 0.43992 -0.70974
v -0.10856 0.42801 -0.73330
v -0.10856 0.45564 -0.81360
v -0.10856 0.46755 -0.79004
v -0.10856 0.42801 -0.79004
v -0.10856 0.43992 -0.81360
v -0.10856 0.46755 -0.88910
v -0.10856 0.45564 -0.86554
v -0.10856 0.43992 -0.86554
v -0.10856 0.42801 -0.88910
v -0.10856 0.45564 -0.96940
v -0.10856 0.46755 -0.94584
v -0.10856 0.42801 -0.94584
v -0.10856 0.43992 -0.96940
v -0.10856 0.46755 -1.04490
v -0.10856 0.45564 -1.02134
v -0.10856 0.43992 -1.02134
v -0.10856 0.42801 -1.04490
v -0.10856 0.45564 -1.12520
v -0.10856 0.46755 -1.10164
v -0.10856 0.42801 -1.10164
v -0.10856 0.43992 -1.12520
v -0.10856 0.46755 -1.20070
v -0.10856 0.45564 -1.17714
v -0.10856 0.43992 -1.17714
v -0.10856 0.42801 -1.20070
v -0.10856 0.45564 -1.28100
v -0.10856 0.46755 -1.25744
v -0.10856 0.42801 -1.25744
v -0.10856 0.43992 -1.28100
v -0.10856 0.46755 -1.35650
v -0.10856 0.45564 -1.33294
v -0.10856 0.43992 -1.33294
v -0.10856 0.42801 -1.35650
v -0.10856 0.45564 -1.43680
v -0.10856 0.46755 -1.41324
v -0.10856 0.42801 -1.41324
v -0.10856 0.43992 -1.43680
v -0.10856 0.46755 -1.51230
v -0.10856 0.45564 -1.48874
v -0.10856 0.43992 -1.48874
v -0.10856 0.42801 -1.51230
v -0.10856 0.45564 -1.59260
v -0.10856 0.46755 -1.56904
v -0.10856 0.42801 -1.56904
v -0.10856 0.43992 -1.59260
v -0.10856 0.46755 -1.66810
v -0.10856 0.45564 -1.64454
v -0.10856 0.43992 -1.64454
v -0.10856 0.42801 -1.66810
v -0.10856 0.45564 -1.74840
v -0.10856 0.46755 -1.72484
v -0.10856 0.42801 -1.72484
v -0.10856 0.43992 -1.74840
v -0.10856 0.46755 -1.82390
v -0.10856 0.45564 -1.80033
v -0.10856 0.43992 -1.80033
v -0.10856 0.42801 -1.82390
v -0.10856 0.45564 -1.90420
v -0.10856 0.46755 -1.88064
v -0.10856 0.42801 -1.88064
v -0.10856 0.43992 -1.90420
v -0.10856 0.46755 -1.97970
v -0.10856 0.45564 -1.95614
v -0.10856 0.43992 -1.95614
v -0.10856 0.42801 -1.97970
v -0.10856 0.45564 -2.06000
v -0.10856 0.46755 -2.03644
v -0.10856 0.42801 -2.03644
v -0.10856 0.43992 -2.06000
v -0.09774 0.35624 2.48420
v -0.09774 0.35624 -0.93647
v 0.09774 0.35624 -0.93647
v 0.09774 0.35624 2.48420
v -0.09774 0.14683 2.48420
v 0.09774 0.14683 2.48420
v -0.09774 0.35624 1.34093
v 0.09774 0.35624 1.34093
v -0.05138 0.09431 -0.93647
v -0.09774 0.14067 -0.93647
v 0.09774 0.14067 -0.93647
v 0.05138 0.09431 -0.93647
v -0.05138 0.09431 1.34093
v -0.09774 0.14067 1.36696
v 0.05138 0.09431 1.34093
v 0.09774 0.14067 1.36696
v -0.09774 0.07810 2.48420
v -0.05138 0.03174 2.48420
v 0.05138 0.03174 2.48420
v 0.09774 0.07810 2.48420
v 0.09774 0.07810 1.40513
v 0.05138 0.03174 1.37910
v -0.09774 0.07810 1.40513
v -0.05138 0.03174 1.37910
v -0.12366 0.46755 -0.79004
v -0.12366 0.42801 -0.79004
v -0.12366 0.45564 -0.81360
v -0.12366 0.43992 -0.81360
v 0.12366 0.45564 -0.81360
v 0.12366 0.46755 -0.79004
v 0.12366 0.43992 -0.81360
v 0.12366 0.42801 -0.79004
v 0.12366 0.46755 -0.73330
v -0.12366 0.42801 -0.73330
v 0.12366 0.42801 -0.73330
v -0.12366 0.46755 -0.73330
v -0.12366 0.43992 -0.70974
v 0.12366 0.45564 -0.70974
v -0.12366 0.45564 -0.70974
v -0.12366 0.43992 -0.65780
v -0.12366 0.45564 -0.65780
v -0.12366 0.46755 -0.63424
v -0.12366 0.42801 -0.63424
v -0.12366 0.46755 -0.57750
v -0.12366 0.42801 -0.57750
v 0.12366 0.43992 -0.65780
v 0.12366 0.45564 -0.65780
v 0.12366 0.42801 -0.57750
v 0.12366 0.42801 -0.63424
v 0.12366 0.46755 -0.63424
v 0.12366 0.43992 -0.70974
v 0.12366 0.46755 -0.57750
v -0.12366 0.45564 -0.50200
v -0.12366 0.42801 -0.47844
v -0.12366 0.42801 -0.42170
v -0.12366 0.46755 -0.47844
v -0.12366 0.46755 -0.42170
v -0.12366 0.43992 -0.39814
v -0.12366 0.45564 -0.39814
v -0.12366 0.43992 -0.55394
v -0.12366 0.45564 -0.55394
v -0.12366 0.43992 -0.50200
v 0.12366 0.45564 -0.50200
v 0.12366 0.43992 -0.50200
v 0.12366 0.46755 -0.47844
v 0.12366 0.43992 -0.55394
v 0.12366 0.45564 -0.55394
v 0.12366 0.42801 -0.47844
v 0.12366 0.46755 -0.42170
v 0.12366 0.42801 -0.42170
v 0.12366 0.43992 -0.39814
v -0.12366 0.42801 -0.32264
v -0.12366 0.43992 -0.34620
v -0.12366 0.42801 -0.26590
v -0.12366 0.45564 -0.24234
v -0.12366 0.45564 -0.34620
v -0.12366 0.43992 -0.24234
v -0.12366 0.46755 -0.32264
v -0.12366 0.46755 -0.26590
v 0.12366 0.43992 -0.34620
v 0.12366 0.42801 -0.26590
v 0.12366 0.42801 -0.32264
v 0.12366 0.46755 -0.26590
v 0.12366 0.45564 -0.24234
v 0.12366 0.43992 -0.24234
v 0.12366 0.45564 -0.34620
v 0.12366 0.46755 -0.32264
v 0.12366 0.45564 -0.39814
v -0.12366 0.45564 -1.02134
v -0.12366 0.42801 -0.94584
v -0.12366 0.45564 -0.96940
v -0.12366 0.43992 -0.96940
v -0.12366 0.43992 -0.86554
v -0.12366 0.45564 -0.86554
v -0.12366 0.42801 -0.88910
v -0.12366 0.46755 -0.88910
v -0.12366 0.46755 -1.04490
v -0.12366 0.43992 -1.02134
v -0.12366 0.46755 -0.94584
v 0.12366 0.42801 -0.94584
v 0.12366 0.45564 -0.96940
v 0.12366 0.43992 -0.96940
v 0.12366 0.42801 -0.88910
v 0.12366 0.45564 -0.86554
v 0.12366 0.46755 -0.88910
v 0.12366 0.43992 -0.86554
v 0.12366 0.46755 -0.94584
v 0.12366 0.43992 -1.02134
v 0.12366 0.45564 -1.02134
v -0.12366 0.43992 -1.17714
v -0.12366 0.43992 -1.12520
v -0.12366 0.45564 -1.12520
v -0.12366 0.42801 -1.10164
v -0.12366 0.46755 -1.20070
v -0.12366 0.42801 -1.04490
v -0.12366 0.45564 -1.17714
v -0.12366 0.46755 -1.10164
v 0.12366 0.42801 -1.20070
v 0.12366 0.43992 -1.12520
v 0.12366 0.45564 -1.12520
v 0.12366 0.42801 -1.10164
v 0.12366 0.46755 -1.04490
v 0.12366 0.42801 -1.04490
v 0.12366 0.45564 -1.17714
v 0.12366 0.43992 -1.17714
v 0.12366 0.46755 -1.20070
v 0.12366 0.46755 -1.10164
v -0.12366 0.45564 -1.33294
v -0.12366 0.42801 -1.35650
v -0.12366 0.46755 -1.35650
v -0.12366 0.46755 -1.25744
v -0.12366 0.45564 -1.28100
v -0.12366 0.42801 -1.25744
v -0.12366 0.42801 -1.20070
v -0.12366 0.46755 -1.41324
v -0.12366 0.43992 -1.33294
v -0.12366 0.43992 -1.28100
v 0.12366 0.46755 -1.25744
v 0.12366 0.42801 -1.25744
v 0.12366 0.45564 -1.28100
v 0.12366 0.46755 -1.35650
v 0.12366 0.45564 -1.33294
v 0.12366 0.43992 -1.33294
v 0.12366 0.43992 -1.28100
v 0.12366 0.42801 -1.35650
v -0.12366 0.42801 -1.51230
v -0.12366 0.46755 -1.51230
v -0.12366 0.45564 -1.48874
v -0.12366 0.43992 -1.43680
v -0.12366 0.45564 -1.43680
v -0.12366 0.46755 -1.56904
v -0.12366 0.42801 -1.41324
v -0.12366 0.43992 -1.48874
v 0.12366 0.42801 -1.51230
v 0.12366 0.43992 -1.48874
v 0.12366 0.46755 -1.51230
v 0.12366 0.45564 -1.43680
v 0.12366 0.46755 -1.41324
v 0.12366 0.42801 -1.41324
v 0.12366 0.42801 -1.56904
v 0.12366 0.45564 -1.48874
v 0.12366 0.43992 -1.43680
v -0.12366 0.42801 -1.72484
v -0.12366 0.43992 -1.59260
v -0.12366 0.45564 -1.59260
v -0.12366 0.46755 -1.66810
v -0.12366 0.46755 -1.72484
v -0.12366 0.42801 -1.66810
v -0.12366 0.43992 -1.64454
v -0.12366 0.42801 -1.56904
v -0.12366 0.45564 -1.64454
v 0.12366 0.46755 -1.72484
v 0.12366 0.42801 -1.66810
v 0.12366 0.42801 -1.72484
v 0.12366 0.46755 -1.56904
v 0.12366 0.45564 -1.59260
v 0.12366 0.45564 -1.74840
v 0.12366 0.45564 -1.64454
v 0.12366 0.43992 -1.64454
v 0.12366 0.46755 -1.66810
v 0.12366 0.43992 -1.59260
v -0.12366 0.43992 -1.90420
v -0.12366 0.43992 -1.74840
v -0.12366 0.45564 -1.74840
v -0.12366 0.46755 -1.88064
v -0.12366 0.46755 -1.82390
v -0.12366 0.42801 -1.82390
v -0.12366 0.45564 -1.80033
v -0.12366 0.43992 -1.80033
v -0.12366 0.42801 -1.88064
v -0.12366 0.45564 -1.90420
v 0.12366 0.42801 -1.88064
v 0.12366 0.46755 -1.82390
v 0.12366 0.42801 -1.82390
v 0.12366 0.45564 -1.80033
v 0.12366 0.43992 -1.80033
v 0.12366 0.45564 -1.90420
v 0.12366 0.43992 -1.90420
v 0.12366 0.46755 -1.88064
v 0.12366 0.43992 -1.74840
v -0.12366 0.43992 -2.06000
v -0.12366 0.42801 -2.03644
v -0.12366 0.46755 -2.03644
v -0.12366 0.45564 -2.06000
v -0.12366 0.42801 -1.97970
v -0.12366 0.46755 -1.97970
v -0.12366 0.45564 -1.95614
v -0.12366 0.43992 -1.95614
v 0.12366 0.43992 -2.06000
v 0.12366 0.42801 -2.03644
v 0.12366 0.46755 -1.97970
v 0.12366 0.46755 -2.03644
v 0.12366 0.43992 -1.95614
v 0.12366 0.45564 -1.95614
v 0.12366 0.45564 -2.06000
v 0.12366 0.42801 -1.97970
vt 0.09047 -0.22158
vt 0.10305 -0.22158
vt 0.10305 -0.20195
f 261/1069 535/1070 536/1071
vt 0.09047 -0.22158
vt 0.10305 -0.20195
vt 0.09047 -0.20195
f 261/1072 536/1073 262/1074
vt 0.09047 -0.28850
vt 0.10305 -0.28850
vt 0.10305 -0.26887
f 265/1075 538/1076 539/1077
vt 0.09047 -0.28850
vt 0.10305 -0.26887
vt 0.09047 -0.26887
f 265/1078 539/1079 266/1080
vt 0.09047 -0.35142
vt 0.10305 -0.35142
vt 0.10305 -0.33178
f 269/1081 521/1082 540/1083
vt 0.09047 -0.35142
vt 0.10305 -0.33178
vt 0.09047 -0.33178
f 269/1084 540/1085 270/1086
vt 0.09047 -0.41833
vt 0.10305 -0.41833
vt 0.10305 -0.39870
f 273/1087 515/1088 517/1089
vt 0.09047 -0.41833
vt 0.10305 -0.39870
vt 0.09047 -0.39870
f 273/1090 517/1091 274/1092
vt 0.09047 -0.48125
vt 0.10305 -0.48125
vt 0.10305 -0.46162
f 277/1093 504/1094 519/1095
vt 0.09047 -0.48125
vt 0.10305 -0.46162
vt 0.09047 -0.46162
f 277/1096 519/1097 278/1098
vt 0.09047 -0.54817
vt 0.10305 -0.54817
vt 0.10305 -0.52853
f 281/1099 499/1100 502/1101
vt 0.09047 -0.54817
vt 0.10305 -0.52853
vt 0.09047 -0.52853
f 281/1102 502/1103 282/1104
vt 0.09047 -0.61108
vt 0.10305 -0.61108
vt 0.10305 -0.59145
f 285/1105 485/1106 490/1107
vt 0.09047 -0.61108
vt 0.10305 -0.59145
vt 0.09047 -0.59145
f 285/1108 490/1109 286/1110
vt 0.09047 -0.67800
vt 0.10305 -0.67800
vt 0.10305 -0.65837
f 289/1111 481/1112 482/1113
vt 0.09047 -0.67800
vt 0.10305 -0.65837
vt 0.09047 -0.65837
f 289/1114 482/1115 290/1116
vt 0.09047 -0.74092
vt 0.10305 -0.74092
vt 0.10305 -0.72128
f 293/1117 557/1118 556/1119
vt 0.09047 -0.74092
vt 0.10305 -0.72128
vt 0.09047 -0.72128
f 293/1120 556/1121 294/1122
vt 0.09047 -0.80783
vt 0.10305 -0.80783
vt 0.10305 -0.78820
f 297/1123 553/1124 559/1125
vt 0.09047 -0.80783
vt 0.10305 -0.78820
vt 0.09047 -0.78820
f 297/1126 559/1127 298/1128
vt 0.09047 -0.87075
vt 0.10305 -0.87075
vt 0.10305 -0.85112
f 301/1129 574/1130 561/1131
vt 0.09047 -0.87075
vt 0.10305 -0.85112
vt 0.09047 -0.85112
f 301/1132 561/1133 302/1134
vt 0.09047 -0.93767
vt 0.10305 -0.93767
vt 0.10305 -0.91803
f 305/1135 572/1136 579/1137
vt 0.09047 -0.93767
vt 0.10305 -0.91803
vt 0.09047 -0.91803
f 305/1138 579/1139 306/1140
vt 0.09047 -1.00058
vt 0.10305 -1.00058
vt 0.10305 -0.98095
f 309/1141 578/1142 576/1143
vt 0.09047 -1.00058
vt 0.10305 -0.98095
vt 0.09047 -0.98095
f 309/1144 576/1145 310/1146
vt 0.09047 -1.06750
vt 0.10305 -1.06750
vt 0.10305 -1.04787
f 313/1147 592/1148 590/1149
vt 0.09047 -1.06750
vt 0.10305 -1.04787
vt 0.09047 -1.04787
f 313/1150 590/1151 314/1152
vt 0.09047 -1.13042
vt 0.10305 -1.13042
vt 0.10305 -1.11078
f 317/1153 593/1154 594/1155
vt 0.09047 -1.13042
vt 0.10305 -1.11078
vt 0.09047 -1.11078
f 317/1156 594/1157 318/1158
vt 0.09047 -1.19733
vt 0.10305 -1.19733
vt 0.10305 -1.17770
f 321/1159 609/1160 610/1161
vt 0.09047 -1.19733
vt 0.10305 -1.17770
vt 0.09047 -1.17770
f 321/1162 610/1163 322/1164
vt 0.09047 -1.26025
vt 0.10305 -1.26025
vt 0.10305 -1.24062
f 325/1165 608/1166 613/1167
vt 0.09047 -1.26025
vt 0.10305 -1.24062
vt 0.09047 -1.24062
f 325/1168 613/1169 326/1170
vt 0.09047 -1.32717
vt 0.10305 -1.32717
vt 0.10305 -1.30753
f 329/1171 628/1172 627/1173
vt 0.09047 -1.32717
vt 0.10305 -1.30753
vt 0.09047 -1.30753
f 329/1174 627/1175 330/1176
vt 0.09047 -1.39008
vt 0.10305 -1.39008
vt 0.10305 -1.37045
f 333/1177 632/1178 630/1179
vt 0.09047 -1.39008
vt 0.10305 -1.37045
vt 0.09047 -1.37045
f 333/1180 630/1181 334/1182
vt 0.09047 -1.45700
vt 0.10305 -1.45700
vt 0.10305 -1.43737
f 337/1183 629/1184 624/1185
vt 0.09047 -1.45700
vt 0.10305 -1.43737
vt 0.09047 -1.43737
f 337/1186 624/1187 338/1188
vt 0.09047 -1.51992
vt 0.10305 -1.51992
vt 0.10305 -1.50028
f 341/1189 645/1190 647/1191
vt 0.09047 -1.51992
vt 0.10305 -1.50028
vt 0.09047 -1.50028
f 341/1192 647/1193 342/1194
vt 0.09047 -1.58683
vt 0.10305 -1.58683
vt 0.10305 -1.56720
f 345/1195 649/1196 651/1197
vt 0.09047 -1.58683
vt 0.10305 -1.56720
vt 0.09047 -1.56720
f 345/1198 651/1199 346/1200
vt 0.09047 -1.64975
vt 0.10305 -1.64975
vt 0.10305 -1.63012
f 349/1201 663/1202 666/1203
vt 0.09047 -1.64975
vt 0.10305 -1.63012
vt 0.09047 -1.63012
f 349/1204 666/1205 350/1206
vt 0.09047 -1.71667
vt 0.10305 -1.71667
vt 0.10305 -1.69703
f 353/1207 667/1208 664/1209
vt 0.09047 -1.71667
vt 0.10305 -1.69703
vt 0.09047 -1.69703
f 353/1210 664/1211 354/1212
vt -0.20195 0.36660
vt -0.20195 0.37970
vt -0.22158 0.38963
f 359/1213 358/1214 357/1215
vt -0.20195 0.36660
vt -0.22158 0.38963
vt -0.26887 0.38963
f 359/1216 357/1217 362/1218
vt -0.20195 0.36660
vt -0.26887 0.38963
vt -0.28850 0.37970
f 359/1219 362/1220 361/1221
vt -0.20195 0.36660
vt -0.28850 0.37970
vt -0.28850 0.36660
f 359/1222 361/1223 364/1224
vt -0.20195 0.36660
vt -0.28850 0.36660
vt -0.26887 0.35668
f 359/1225 364/1226 363/1227
vt -0.20195 0.36660
vt -0.26887 0.35668
vt -0.22158 0.35668
f 359/1228 363/1229 360/1230
vt -0.09047 -0.22158
vt -0.09047 -0.20195
vt -0.10305 -0.20195
f 357/1231 358/1232 527/1233
vt -0.09047 -0.22158
vt -0.10305 -0.20195
vt -0.10305 -0.22158
f 357/1234 527/1235 531/1236
vt -0.09047 -0.28850
vt -0.09047 -0.26887
vt -0.10305 -0.26887
f 361/1237 362/1238 530/1239
vt -0.09047 -0.28850
vt -0.10305 -0.26887
vt -0.10305 -0.28850
f 361/1240 530/1241 528/1242
vt -0.33178 0.36660
vt -0.33178 0.37970
vt -0.35142 0.38963
f 367/1243 366/1244 365/1245
vt -0.33178 0.36660
vt -0.35142 0.38963
vt -0.39870 0.38963
f 367/1246 365/1247 370/1248
vt -0.33178 0.36660
vt -0.39870 0.38963
vt -0.41833 0.37970
f 367/1249 370/1250 369/1251
vt -0.33178 0.36660
vt -0.41833 0.37970
vt -0.41833 0.36660
f 367/1252 369/1253 372/1254
vt -0.33178 0.36660
vt -0.41833 0.36660
vt -0.39870 0.35668
f 367/1255 372/1256 371/1257
vt -0.33178 0.36660
vt -0.39870 0.35668
vt -0.35142 0.35668
f 367/1258 371/1259 368/1260
vt -0.09047 -0.35142
vt -0.09047 -0.33178
vt -0.10305 -0.33178
f 365/1261 366/1262 511/1263
vt -0.09047 -0.35142
vt -0.10305 -0.33178
vt -0.10305 -0.35142
f 365/1264 511/1265 509/1266
vt -0.09047 -0.41833
vt -0.09047 -0.39870
vt -0.10305 -0.39870
f 369/1267 370/1268 508/1269
vt -0.09047 -0.41833
vt -0.10305 -0.39870
vt -0.10305 -0.41833
f 369/1270 508/1271 505/1272
vt -0.46162 0.36660
vt -0.46162 0.37970
vt -0.48125 0.38963
f 375/1273 374/1274 373/1275
vt -0.46162 0.36660
vt -0.48125 0.38963
vt -0.52853 0.38963
f 375/1276 373/1277 378/1278
vt -0.46162 0.36660
vt -0.52853 0.38963
vt -0.54817 0.37970
f 375/1279 378/1280 377/1281
vt -0.46162 0.36660
vt -0.54817 0.37970
vt -0.54817 0.36660
f 375/1282 377/1283 380/1284
vt -0.46162 0.36660
vt -0.54817 0.36660
vt -0.52853 0.35668
f 375/1285 380/1286 379/1287
vt -0.46162 0.36660
vt -0.52853 0.35668
vt -0.48125 0.35668
f 375/1288 379/1289 376/1290
vt -0.09047 -0.48125
vt -0.09047 -0.46162
vt -0.10305 -0.46162
f 373/1291 374/1292 513/1293
vt -0.09047 -0.48125
vt -0.10305 -0.46162
vt -0.10305 -0.48125
f 373/1294 513/1295 496/1296
vt -0.09047 -0.54817
vt -0.09047 -0.52853
vt -0.10305 -0.52853
f 377/1297 378/1298 494/1299
vt -0.09047 -0.54817
vt -0.10305 -0.52853
vt -0.10305 -0.54817
f 377/1300 494/1301 493/1302
vt -0.59145 0.36660
vt -0.59145 0.37970
vt -0.61108 0.38963
f 383/1303 382/1304 381/1305
vt -0.59145 0.36660
vt -0.61108 0.38963
vt -0.65837 0.38963
f 383/1306 381/1307 386/1308
vt -0.59145 0.36660
vt -0.65837 0.38963
vt -0.67800 0.37970
f 383/1309 386/1310 385/1311
vt -0.59145 0.36660
vt -0.67800 0.37970
vt -0.67800 0.36660
f 383/1312 385/1313 388/1314
vt -0.59145 0.36660
vt -0.67800 0.36660
vt -0.65837 0.35668
f 383/1315 388/1316 387/1317
vt -0.59145 0.36660
vt -0.65837 0.35668
vt -0.61108 0.35668
f 383/1318 387/1319 384/1320
vt -0.09047 -0.61108
vt -0.09047 -0.59145
vt -0.10305 -0.59145
f 381/1321 382/1322 491/1323
vt -0.09047 -0.61108
vt -0.10305 -0.59145
vt -0.10305 -0.61108
f 381/1324 491/1325 488/1326
vt -0.09047 -0.67800
vt -0.09047 -0.65837
vt -0.10305 -0.65837
f 385/1327 386/1328 477/1329
vt -0.09047 -0.67800
vt -0.10305 -0.65837
vt -0.10305 -0.67800
f 385/1330 477/1331 479/1332
vt -0.72128 0.36660
vt -0.72128 0.37970
vt -0.74092 0.38963
f 391/1333 390/1334 389/1335
vt -0.72128 0.36660
vt -0.74092 0.38963
vt -0.78820 0.38963
f 391/1336 389/1337 394/1338
vt -0.72128 0.36660
vt -0.78820 0.38963
vt -0.80783 0.37970
f 391/1339 394/1340 393/1341
vt -0.72128 0.36660
vt -0.80783 0.37970
vt -0.80783 0.36660
f 391/1342 393/1343 396/1344
vt -0.72128 0.36660
vt -0.80783 0.36660
vt -0.78820 0.35668
f 391/1345 396/1346 395/1347
vt -0.72128 0.36660
vt -0.78820 0.35668
vt -0.74092 0.35668
f 391/1348 395/1349 392/1350
vt -0.09047 -0.74092
vt -0.09047 -0.72128
vt -0.10305 -0.72128
f 389/1351 390/1352 546/1353
vt -0.09047 -0.74092
vt -0.10305 -0.72128
vt -0.10305 -0.74092
f 389/1354 546/1355 548/1356
vt -0.09047 -0.80783
vt -0.09047 -0.78820
vt -0.10305 -0.78820
f 393/1357 394/1358 551/1359
vt -0.09047 -0.80783
vt -0.10305 -0.78820
vt -0.10305 -0.80783
f 393/1360 551/1361 543/1362
vt -0.85112 0.36660
vt -0.85112 0.37970
vt -0.87075 0.38963
f 399/1363 398/1364 397/1365
vt -0.85112 0.36660
vt -0.87075 0.38963
vt -0.91803 0.38963
f 399/1366 397/1367 402/1368
vt -0.85112 0.36660
vt -0.91803 0.38963
vt -0.93767 0.37970
f 399/1369 402/1370 401/1371
vt -0.85112 0.36660
vt -0.93767 0.37970
vt -0.93767 0.36660
f 399/1372 401/1373 404/1374
vt -0.85112 0.36660
vt -0.93767 0.36660
vt -0.91803 0.35668
f 399/1375 404/1376 403/1377
vt -0.85112 0.36660
vt -0.91803 0.35668
vt -0.87075 0.35668
f 399/1378 403/1379 400/1380
vt -0.09047 -0.87075
vt -0.09047 -0.85112
vt -0.10305 -0.85112
f 397/1381 398/1382 541/1383
vt -0.09047 -0.87075
vt -0.10305 -0.85112
vt -0.10305 -0.87075
f 397/1384 541/1385 549/1386
vt -0.09047 -0.93767
vt -0.09047 -0.91803
vt -0.10305 -0.91803
f 401/1387 402/1388 569/1389
vt -0.09047 -0.93767
vt -0.10305 -0.91803
vt -0.10305 -0.93767
f 401/1390 569/1391 564/1392
vt -0.98095 0.36660
vt -0.98095 0.37970
vt -1.00058 0.38963
f 407/1393 406/1394 405/1395
vt -0.98095 0.36660
vt -1.00058 0.38963
vt -1.04787 0.38963
f 407/1396 405/1397 410/1398
vt -0.98095 0.36660
vt -1.04787 0.38963
vt -1.06750 0.37970
f 407/1399 410/1400 409/1401
vt -0.98095 0.36660
vt -1.06750 0.37970
vt -1.06750 0.36660
f 407/1402 409/1403 412/1404
vt -0.98095 0.36660
vt -1.06750 0.36660
vt -1.04787 0.35668
f 407/1405 412/1406 411/1407
vt -0.98095 0.36660
vt -1.04787 0.35668
vt -1.00058 0.35668
f 407/1408 411/1409 408/1410
vt -0.09047 -1.00058
vt -0.09047 -0.98095
vt -0.10305 -0.98095
f 405/1411 406/1412 568/1413
vt -0.09047 -1.00058
vt -0.10305 -0.98095
vt -0.10305 -1.00058
f 405/1414 568/1415 566/1416
vt -0.09047 -1.06750
vt -0.09047 -1.04787
vt -0.10305 -1.04787
f 409/1417 410/1418 583/1419
vt -0.09047 -1.06750
vt -0.10305 -1.04787
vt -0.10305 -1.06750
f 409/1420 583/1421 584/1422
vt -1.11078 0.36660
vt -1.11078 0.37970
vt -1.13042 0.38963
f 415/1423 414/1424 413/1425
vt -1.11078 0.36660
vt -1.13042 0.38963
vt -1.17770 0.38963
f 415/1426 413/1427 418/1428
vt -1.11078 0.36660
vt -1.17770 0.38963
vt -1.19733 0.37970
f 415/1429 418/1430 417/1431
vt -1.11078 0.36660
vt -1.19733 0.37970
vt -1.19733 0.36660
f 415/1432 417/1433 420/1434
vt -1.11078 0.36660
vt -1.19733 0.36660
vt -1.17770 0.35668
f 415/1435 420/1436 419/1437
vt -1.11078 0.36660
vt -1.17770 0.35668
vt -1.13042 0.35668
f 415/1438 419/1439 416/1440
vt -0.09047 -1.13042
vt -0.09047 -1.11078
vt -0.10305 -1.11078
f 413/1441 414/1442 580/1443
vt -0.09047 -1.13042
vt -0.10305 -1.11078
vt -0.10305 -1.13042
f 413/1444 580/1445 582/1446
vt -0.09047 -1.19733
vt -0.09047 -1.17770
vt -0.10305 -1.17770
f 417/1447 418/1448 587/1449
vt -0.09047 -1.19733
vt -0.10305 -1.17770
vt -0.10305 -1.19733
f 417/1450 587/1451 602/1452
vt -1.24062 0.36660
vt -1.24062 0.37970
vt -1.26025 0.38963
f 423/1453 422/1454 421/1455
vt -1.24062 0.36660
vt -1.26025 0.38963
vt -1.30753 0.38963
f 423/1456 421/1457 426/1458
vt -1.24062 0.36660
vt -1.30753 0.38963
vt -1.32717 0.37970
f 423/1459 426/1460 425/1461
vt -1.24062 0.36660
vt -1.32717 0.37970
vt -1.32717 0.36660
f 423/1462 425/1463 428/1464
vt -1.24062 0.36660
vt -1.32717 0.36660
vt -1.30753 0.35668
f 423/1465 428/1466 427/1467
vt -1.24062 0.36660
vt -1.30753 0.35668
vt -1.26025 0.35668
f 423/1468 427/1469 424/1470
vt -0.09047 -1.26025
vt -0.09047 -1.24062
vt -0.10305 -1.24062
f 421/1471 422/1472 600/1473
vt -0.09047 -1.26025
vt -0.10305 -1.24062
vt -0.10305 -1.26025
f 421/1474 600/1475 599/1476
vt -0.09047 -1.32717
vt -0.09047 -1.30753
vt -0.10305 -1.30753
f 425/1477 426/1478 603/1479
vt -0.09047 -1.32717
vt -0.10305 -1.30753
vt -0.10305 -1.32717
f 425/1480 603/1481 617/1482
vt -1.37045 0.36660
vt -1.37045 0.37970
vt -1.39008 0.38963
f 431/1483 430/1484 429/1485
vt -1.37045 0.36660
vt -1.39008 0.38963
vt -1.43737 0.38963
f 431/1486 429/1487 434/1488
vt -1.37045 0.36660
vt -1.43737 0.38963
vt -1.45700 0.37970
f 431/1489 434/1490 433/1491
vt -1.37045 0.36660
vt -1.45700 0.37970
vt -1.45700 0.36660
f 431/1492 433/1493 436/1494
vt -1.37045 0.36660
vt -1.45700 0.36660
vt -1.43737 0.35668
f 431/1495 436/1496 435/1497
vt -1.37045 0.36660
vt -1.43737 0.35668
vt -1.39008 0.35668
f 431/1498 435/1499 432/1500
vt -0.09047 -1.39008
vt -0.09047 -1.37045
vt -0.10305 -1.37045
f 429/1501 430/1502 623/1503
vt -0.09047 -1.39008
vt -0.10305 -1.37045
vt -0.10305 -1.39008
f 429/1504 623/1505 618/1506
vt -0.09047 -1.45700
vt -0.09047 -1.43737
vt -0.10305 -1.43737
f 433/1507 434/1508 619/1509
vt -0.09047 -1.45700
vt -0.10305 -1.43737
vt -0.10305 -1.45700
f 433/1510 619/1511 636/1512
vt -1.50028 0.36660
vt -1.50028 0.37970
vt -1.51992 0.38963
f 439/1513 438/1514 437/1515
vt -1.50028 0.36660
vt -1.51992 0.38963
vt -1.56720 0.38963
f 439/1516 437/1517 442/1518
vt -1.50028 0.36660
vt -1.56720 0.38963
vt -1.58683 0.37970
f 439/1519 442/1520 441/1521
vt -1.50028 0.36660
vt -1.58683 0.37970
vt -1.58683 0.36660
f 439/1522 441/1523 444/1524
vt -1.50028 0.36660
vt -1.58683 0.36660
vt -1.56720 0.35668
f 439/1525 444/1526 443/1527
vt -1.50028 0.36660
vt -1.56720 0.35668
vt -1.51992 0.35668
f 439/1528 443/1529 440/1530
vt -0.09047 -1.51992
vt -0.09047 -1.50028
vt -0.10305 -1.50028
f 437/1531 438/1532 640/1533
vt -0.09047 -1.51992
vt -0.10305 -1.50028
vt -0.10305 -1.51992
f 437/1534 640/1535 638/1536
vt -0.09047 -1.58683
vt -0.09047 -1.56720
vt -0.10305 -1.56720
f 441/1537 442/1538 637/1539
vt -0.09047 -1.58683
vt -0.10305 -1.56720
vt -0.10305 -1.58683
f 441/1540 637/1541 643/1542
vt -1.63012 0.36660
vt -1.63012 0.37970
vt -1.64975 0.38963
f 447/1543 446/1544 445/1545
vt -1.63012 0.36660
vt -1.64975 0.38963
vt -1.69703 0.38963
f 447/1546 445/1547 450/1548
vt -1.63012 0.36660
vt -1.69703 0.38963
vt -1.71667 0.37970
f 447/1549 450/1550 449/1551
vt -1.63012 0.36660
vt -1.71667 0.37970
vt -1.71667 0.36660
f 447/1552 449/1553 452/1554
vt -1.63012 0.36660
vt -1.71667 0.36660
vt -1.69703 0.35668
f 447/1555 452/1556 451/1557
vt -1.63012 0.36660
vt -1.69703 0.35668
vt -1.64975 0.35668
f 447/1558 451/1559 448/1560
vt -0.09047 -1.64975
vt -0.09047 -1.63012
vt -0.10305 -1.63012
f 445/1561 446/1562 659/1563
vt -0.09047 -1.64975
vt -0.10305 -1.63012
vt -0.10305 -1.64975
f 445/1564 659/1565 658/1566
vt -0.09047 -1.71667
vt -0.09047 -1.69703
vt -0.10305 -1.69703
f 449/1567 450/1568 655/1569
vt -0.09047 -1.71667
vt -0.10305 -1.69703
vt -0.10305 -1.71667
f 449/1570 655/1571 656/1572
vt -0.08145 2.07017
vt 0.08145 2.07017
vt 0.08145 1.11744
f 453/1573 456/1574 460/1575
vt -0.08145 2.07017
vt 0.08145 1.11744
vt -0.08145 1.11744
f 453/1576 460/1577 459/1578
vt 1.11744 0.29687
vt -0.78039 0.29687
vt -0.78039 0.11722
f 459/1579 454/1580 462/1581
vt 1.11744 0.29687
vt -0.78039 0.11722
vt 1.13913 0.11722
f 459/1582 462/1583 466/1584
vt -0.04282 -0.78039
vt 0.04282 -0.78039
vt 0.04282 1.11744
f 461/1585 464/1586 467/1587
vt -0.04282 -0.78039
vt 0.04282 1.11744
vt -0.04282 1.11744
f 461/1588 467/1589 465/1590
vt -0.08145 0.29687
vt -0.08145 0.12236
vt 0.08145 0.12236
f 453/1591 457/1592 458/1593
vt -0.08145 0.29687
vt 0.08145 0.12236
vt 0.08145 0.29687
f 453/1594 458/1595 456/1596
vt -0.78039 0.29687
vt 1.11744 0.29687
vt 1.13913 0.11722
f 455/1597 460/1598 468/1599
vt -0.78039 0.29687
vt 1.13913 0.11722
vt -0.78039 0.11722
f 455/1600 468/1601 463/1602
vt -0.04282 1.14925
vt 0.04282 1.14925
vt 0.04282 2.07017
f 476/1603 474/1604 471/1605
vt -0.04282 1.14925
vt 0.04282 2.07017
vt -0.04282 2.07017
f 476/1606 471/1607 470/1608
vt 0.08145 1.11744
vt 0.08145 -0.78039
vt -0.08145 -0.78039
f 460/1609 455/1610 454/1611
vt 0.08145 1.11744
vt -0.08145 -0.78039
vt -0.08145 1.11744
f 460/1612 454/1613 459/1614
vt 2.07017 0.12236
vt 1.13913 0.11722
vt 1.17094 0.06508
f 457/1615 466/1616 475/1617
vt 2.07017 0.12236
vt 1.17094 0.06508
vt 2.07017 0.06508
f 457/1618 475/1619 469/1620
vt 0.04282 0.07859
vt 0.04282 0.02645
vt -0.04282 0.02645
f 467/1621 474/1622 476/1623
vt 0.04282 0.07859
vt -0.04282 0.02645
vt -0.04282 0.07859
f 467/1624 476/1625 465/1626
vt 2.07017 0.29687
vt 1.11744 0.29687
vt 1.13913 0.11722
f 453/1627 459/1628 466/1629
vt 2.07017 0.29687
vt 1.13913 0.11722
vt 2.07017 0.12236
f 453/1630 466/1631 457/1632
vt 0.08145 0.12236
vt -0.08145 0.12236
vt -0.08145 0.06508
f 458/1633 457/1634 469/1635
vt 0.08145 0.12236
vt -0.08145 0.06508
vt -0.04282 0.02645
f 458/1636 469/1637 470/1638
vt 0.08145 0.12236
vt -0.04282 0.02645
vt 0.04282 0.02645
f 458/1639 470/1640 471/1641
vt 0.08145 0.12236
vt 0.04282 0.02645
vt 0.08145 0.06508
f 458/1642 471/1643 472/1644
vt 1.11744 0.29687
vt 2.07017 0.29687
vt 2.07017 0.12236
f 460/1645 456/1646 458/1647
vt 1.11744 0.29687
vt 2.07017 0.12236
vt 1.13913 0.11722
f 460/1648 458/1649 468/1650
vt 1.13913 0.11722
vt 2.07017 0.12236
vt 2.07017 0.06508
f 468/1651 458/1652 472/1653
vt 1.13913 0.11722
vt 2.07017 0.06508
vt 1.17094 0.06508
f 468/1654 472/1655 473/1656
vt -0.08145 1.13913
vt -0.08145 -0.78039
vt -0.04282 -0.78039
f 466/1657 462/1658 461/1659
vt -0.08145 1.13913
vt -0.04282 -0.78039
vt -0.04282 1.11744
f 466/1660 461/1661 465/1662
vt 1.13913 0.11722
vt 1.17094 0.06508
vt 1.14925 0.02645
f 468/1663 473/1664 474/1665
vt 1.13913 0.11722
vt 1.14925 0.02645
vt 1.11744 0.07859
f 468/1666 474/1667 467/1668
vt 0.08145 -0.78039
vt 0.08145 1.13913
vt 0.04282 1.11744
f 463/1669 468/1670 467/1671
vt 0.08145 -0.78039
vt 0.04282 1.11744
vt 0.04282 -0.78039
f 463/1672 467/1673 464/1674
vt 1.17094 0.06508
vt 2.07017 0.06508
vt 2.07017 0.02645
f 473/1675 472/1676 471/1677
vt 1.17094 0.06508
vt 2.07017 0.02645
vt 1.14925 0.02645
f 473/1678 471/1679 474/1680
vt 2.07017 0.06508
vt 1.17094 0.06508
vt 1.14925 0.02645
f 469/1681 475/1682 476/1683
vt 2.07017 0.06508
vt 1.14925 0.02645
vt 2.07017 0.02645
f 469/1684 476/1685 470/1686
vt 1.11744 0.07859
vt 1.14925 0.02645
vt 1.17094 0.06508
f 465/1687 476/1688 475/1689
vt 1.11744 0.07859
vt 1.17094 0.06508
vt 1.13913 0.11722
f 465/1690 475/1691 466/1692
vt -0.08145 0.29687
vt 0.08145 0.29687
vt 0.08145 0.11722
f 454/1693 455/1694 463/1695
vt -0.08145 0.29687
vt 0.08145 0.11722
vt 0.04282 0.07859
f 454/1696 463/1697 464/1698
vt -0.08145 0.29687
vt 0.04282 0.07859
vt -0.04282 0.07859
f 454/1699 464/1700 461/1701
vt -0.08145 0.29687
vt -0.04282 0.07859
vt -0.08145 0.11722
f 454/1702 461/1703 462/1704
vt -0.10305 -0.59145
vt -0.09047 -0.59145
vt -0.09047 -0.61108
f 489/1705 383/1706 384/1707
vt -0.10305 -0.59145
vt -0.09047 -0.61108
vt -0.10305 -0.61108
f 489/1708 384/1709 486/1710
vt 0.10305 0.36660
vt 0.09047 0.36660
vt 0.09047 0.37970
f 648/1711 343/1712 342/1713
vt 0.10305 0.36660
vt 0.09047 0.37970
vt 0.10305 0.37970
f 648/1714 342/1715 647/1716
vt 0.10305 -0.22158
vt 0.09047 -0.22158
vt 0.09047 -0.26887
f 535/1717 261/1718 266/1719
vt 0.10305 -0.22158
vt 0.09047 -0.26887
vt 0.10305 -0.26887
f 535/1720 266/1721 539/1722
vt 0.10305 0.36660
vt 0.09047 0.36660
vt 0.09047 0.37970
f 560/1723 303/1724 302/1725
vt 0.10305 0.36660
vt 0.09047 0.37970
vt 0.10305 0.37970
f 560/1726 302/1727 561/1728
vt 0.10305 0.37970
vt 0.09047 0.37970
vt 0.09047 0.36660
f 609/1729 321/1730 324/1731
vt 0.10305 0.37970
vt 0.09047 0.36660
vt 0.10305 0.36660
f 609/1732 324/1733 614/1734
vt 0.10305 0.37970
vt 0.09047 0.37970
vt 0.09047 0.36660
f 515/1735 273/1736 276/1737
vt 0.10305 0.37970
vt 0.09047 0.36660
vt 0.10305 0.36660
f 515/1738 276/1739 516/1740
vt 0.10305 -0.41833
vt 0.09047 -0.41833
vt 0.09047 -0.39870
f 516/1741 276/1742 275/1743
vt 0.10305 -0.41833
vt 0.09047 -0.39870
vt 0.10305 -0.39870
f 516/1744 275/1745 520/1746
vt -0.10305 -1.51992
vt -0.09047 -1.51992
vt -0.09047 -1.56720
f 639/1747 440/1748 443/1749
vt -0.10305 -1.51992
vt -0.09047 -1.56720
vt -0.10305 -1.56720
f 639/1750 443/1751 642/1752
vt -0.10305 -1.43737
vt -0.09047 -1.43737
vt -0.09047 -1.39008
f 619/1753 434/1754 429/1755
vt -0.10305 -1.43737
vt -0.09047 -1.39008
vt -0.10305 -1.39008
f 619/1756 429/1757 618/1758
vt -0.10305 -0.46162
vt -0.09047 -0.46162
vt -0.09047 -0.48125
f 512/1759 375/1760 376/1761
vt -0.10305 -0.46162
vt -0.09047 -0.48125
vt -0.10305 -0.48125
f 512/1762 376/1763 497/1764
vt -0.10305 -1.00058
vt -0.09047 -1.00058
vt -0.09047 -1.04787
f 586/1765 408/1766 411/1767
vt -0.10305 -1.00058
vt -0.09047 -1.04787
vt -0.10305 -1.04787
f 586/1768 411/1769 585/1770
vt 0.10305 0.37970
vt 0.09047 0.37970
vt 0.09047 0.36660
f 538/1771 265/1772 268/1773
vt 0.10305 0.37970
vt 0.09047 0.36660
vt 0.10305 0.36660
f 538/1774 268/1775 532/1776
vt -0.10305 -1.56720
vt -0.09047 -1.56720
vt -0.09047 -1.58683
f 642/1777 443/1778 444/1779
vt -0.10305 -1.56720
vt -0.09047 -1.58683
vt -0.10305 -1.58683
f 642/1780 444/1781 634/1782
vt 0.10305 0.36660
vt 0.09047 0.36660
vt 0.09047 0.37970
f 523/1783 271/1784 270/1785
vt 0.10305 0.36660
vt 0.09047 0.37970
vt 0.10305 0.37970
f 523/1786 270/1787 540/1788
vt 0.10305 -0.35142
vt 0.09047 -0.35142
vt 0.09047 -0.33178
f 522/1789 272/1790 271/1791
vt 0.10305 -0.35142
vt 0.09047 -0.33178
vt 0.10305 -0.33178
f 522/1792 271/1793 523/1794
vt 0.10305 0.36660
vt 0.09047 0.36660
vt 0.09047 0.37970
f 558/1795 295/1796 294/1797
vt 0.10305 0.36660
vt 0.09047 0.37970
vt 0.10305 0.37970
f 558/1798 294/1799 556/1800
vt 0.10305 0.36660
vt 0.09047 0.36660
vt 0.09047 0.37970
f 665/1801 351/1802 350/1803
vt 0.10305 0.36660
vt 0.09047 0.37970
vt 0.10305 0.37970
f 665/1804 350/1805 666/1806
vt 0.10305 -0.93767
vt 0.09047 -0.93767
vt 0.09047 -0.91803
f 571/1807 308/1808 307/1809
vt 0.10305 -0.93767
vt 0.09047 -0.91803
vt 0.10305 -0.91803
f 571/1810 307/1811 573/1812
vt 0.10305 -0.52853
vt 0.09047 -0.52853
vt 0.09047 -0.48125
f 501/1813 283/1814 280/1815
vt 0.10305 -0.52853
vt 0.09047 -0.48125
vt 0.10305 -0.48125
f 501/1816 280/1817 500/1818
vt -0.10305 0.36660
vt -0.09047 0.36660
vt -0.09047 0.37970
f 634/1819 444/1820 441/1821
vt -0.10305 0.36660
vt -0.09047 0.37970
vt -0.10305 0.37970
f 634/1822 441/1823 643/1824
vt 0.10305 0.36660
vt 0.09047 0.36660
vt 0.09047 0.37970
f 607/1825 327/1826 326/1827
vt 0.10305 0.36660
vt 0.09047 0.37970
vt 0.10305 0.37970
f 607/1828 326/1829 613/1830
vt 0.10305 -0.22158
vt 0.09047 -0.22158
vt 0.09047 -0.20195
f 533/1831 264/1832 263/1833
vt 0.10305 -0.22158
vt 0.09047 -0.20195
vt 0.10305 -0.20195
f 533/1834 263/1835 537/1836
vt -0.10305 0.36660
vt -0.09047 0.36660
vt -0.09047 0.37970
f 653/1837 452/1838 449/1839
vt -0.10305 0.36660
vt -0.09047 0.37970
vt -0.10305 0.37970
f 653/1840 449/1841 656/1842
vt 0.10305 -0.48125
vt 0.09047 -0.48125
vt 0.09047 -0.46162
f 500/1843 280/1844 279/1845
vt 0.10305 -0.48125
vt 0.09047 -0.46162
vt 0.10305 -0.46162
f 500/1846 279/1847 518/1848
vt -0.10305 0.36660
vt -0.09047 0.36660
vt -0.09047 0.37970
f 563/1849 404/1850 401/1851
vt -0.10305 0.36660
vt -0.09047 0.37970
vt -0.10305 0.37970
f 563/1852 401/1853 564/1854
vt -0.10305 -1.50028
vt -0.09047 -1.50028
vt -0.09047 -1.51992
f 641/1855 439/1856 440/1857
vt -0.10305 -1.50028
vt -0.09047 -1.51992
vt -0.10305 -1.51992
f 641/1858 440/1859 639/1860
vt 0.10305 -1.26025
vt 0.09047 -1.26025
vt 0.09047 -1.30753
f 608/1861 325/1862 330/1863
vt 0.10305 -1.26025
vt 0.09047 -1.30753
vt 0.10305 -1.30753
f 608/1864 330/1865 627/1866
vt 0.10305 -1.30753
vt 0.09047 -1.30753
vt 0.09047 -1.26025
f 612/1867 331/1868 328/1869
vt 0.10305 -1.30753
vt 0.09047 -1.26025
vt 0.10305 -1.26025
f 612/1870 328/1871 606/1872
vt 0.10305 -1.51992
vt 0.09047 -1.51992
vt 0.09047 -1.50028
f 646/1873 344/1874 343/1875
vt 0.10305 -1.51992
vt 0.09047 -1.50028
vt 0.10305 -1.50028
f 646/1876 343/1877 648/1878
vt -0.10305 -0.26887
vt -0.09047 -0.26887
vt -0.09047 -0.28850
f 524/1879 363/1880 364/1881
vt -0.10305 -0.26887
vt -0.09047 -0.28850
vt -0.10305 -0.28850
f 524/1882 364/1883 525/1884
vt 0.10305 -0.35142
vt 0.09047 -0.35142
vt 0.09047 -0.39870
f 521/1885 269/1886 274/1887
vt 0.10305 -0.35142
vt 0.09047 -0.39870
vt 0.10305 -0.39870
f 521/1888 274/1889 517/1890
vt -0.10305 0.37970
vt -0.09047 0.37970
vt -0.09047 0.36660
f 491/1891 382/1892 383/1893
vt -0.10305 0.37970
vt -0.09047 0.36660
vt -0.10305 0.36660
f 491/1894 383/1895 489/1896
vt -0.10305 0.36660
vt -0.09047 0.36660
vt -0.09047 0.37970
f 616/1897 428/1898 425/1899
vt -0.10305 0.36660
vt -0.09047 0.37970
vt -0.10305 0.37970
f 616/1900 425/1901 617/1902
vt 0.10305 -1.39008
vt 0.09047 -1.39008
vt 0.09047 -1.43737
f 632/1903 333/1904 338/1905
vt 0.10305 -1.39008
vt 0.09047 -1.43737
vt 0.10305 -1.43737
f 632/1906 338/1907 624/1908
vt 0.10305 -1.13042
vt 0.09047 -1.13042
vt 0.09047 -1.17770
f 593/1909 317/1910 322/1911
vt 0.10305 -1.13042
vt 0.09047 -1.17770
vt 0.10305 -1.17770
f 593/1912 322/1913 610/1914
vt 0.10305 -1.69703
vt 0.09047 -1.69703
vt 0.09047 -1.64975
f 662/1915 355/1916 352/1917
vt 0.10305 -1.69703
vt 0.09047 -1.64975
vt 0.10305 -1.64975
f 662/1918 352/1919 668/1920
vt 0.10305 -1.39008
vt 0.09047 -1.39008
vt 0.09047 -1.37045
f 625/1921 336/1922 335/1923
vt 0.10305 -1.39008
vt 0.09047 -1.37045
vt 0.10305 -1.37045
f 625/1924 335/1925 631/1926
vt -0.10305 -1.04787
vt -0.09047 -1.04787
vt -0.09047 -1.00058
f 583/1927 410/1928 405/1929
vt -0.10305 -1.04787
vt -0.09047 -1.00058
vt -0.10305 -1.00058
f 583/1930 405/1931 566/1932
vt 0.10305 -0.48125
vt 0.09047 -0.48125
vt 0.09047 -0.52853
f 504/1933 277/1934 282/1935
vt 0.10305 -0.48125
vt 0.09047 -0.52853
vt 0.10305 -0.52853
f 504/1936 282/1937 502/1938
vt -0.10305 -0.39870
vt -0.09047 -0.39870
vt -0.09047 -0.35142
f 508/1939 370/1940 365/1941
vt -0.10305 -0.39870
vt -0.09047 -0.35142
vt -0.10305 -0.35142
f 508/1942 365/1943 509/1944
vt -0.10305 0.36660
vt -0.09047 0.36660
vt -0.09047 0.37970
f 589/1945 412/1946 409/1947
vt -0.10305 0.36660
vt -0.09047 0.37970
vt -0.10305 0.37970
f 589/1948 409/1949 584/1950
vt -0.10305 -1.13042
vt -0.09047 -1.13042
vt -0.09047 -1.17770
f 581/1951 416/1952 419/1953
vt -0.10305 -1.13042
vt -0.09047 -1.17770
vt -0.10305 -1.17770
f 581/1954 419/1955 604/1956
vt -0.10305 -0.52853
vt -0.09047 -0.52853
vt -0.09047 -0.48125
f 494/1957 378/1958 373/1959
vt -0.10305 -0.52853
vt -0.09047 -0.48125
vt -0.10305 -0.48125
f 494/1960 373/1961 496/1962
vt -0.10305 0.37970
vt -0.09047 0.37970
vt -0.09047 0.36660
f 640/1963 438/1964 439/1965
vt -0.10305 0.37970
vt -0.09047 0.36660
vt -0.10305 0.36660
f 640/1966 439/1967 641/1968
vt -0.10305 -0.78820
vt -0.09047 -0.78820
vt -0.09047 -0.74092
f 551/1969 394/1970 389/1971
vt -0.10305 -0.78820
vt -0.09047 -0.74092
vt -0.10305 -0.74092
f 551/1972 389/1973 548/1974
vt -0.10305 -0.72128
vt -0.09047 -0.72128
vt -0.09047 -0.74092
f 545/1975 391/1976 392/1977
vt -0.10305 -0.72128
vt -0.09047 -0.74092
vt -0.10305 -0.74092
f 545/1978 392/1979 547/1980
vt 0.10305 -1.19733
vt 0.09047 -1.19733
vt 0.09047 -1.17770
f 614/1981 324/1982 323/1983
vt 0.10305 -1.19733
vt 0.09047 -1.17770
vt 0.10305 -1.17770
f 614/1984 323/1985 611/1986
vt 0.10305 -0.78820
vt 0.09047 -0.78820
vt 0.09047 -0.74092
f 552/1987 299/1988 296/1989
vt 0.10305 -0.78820
vt 0.09047 -0.74092
vt 0.10305 -0.74092
f 552/1990 296/1991 555/1992
vt -0.10305 -0.61108
vt -0.09047 -0.61108
vt -0.09047 -0.65837
f 486/1993 384/1994 387/1995
vt -0.10305 -0.61108
vt -0.09047 -0.65837
vt -0.10305 -0.65837
f 486/1996 387/1997 478/1998
vt 0.10305 -1.45700
vt 0.09047 -1.45700
vt 0.09047 -1.43737
f 652/1999 340/2000 339/2001
vt 0.10305 -1.45700
vt 0.09047 -1.43737
vt 0.10305 -1.43737
f 652/2002 339/2003 626/2004
vt 0.10305 0.36660
vt 0.09047 0.36660
vt 0.09047 0.37970
f 537/2005 263/2006 262/2007
vt 0.10305 0.36660
vt 0.09047 0.37970
vt 0.10305 0.37970
f 537/2008 262/2009 536/2010
vt -0.10305 0.36660
vt -0.09047 0.36660
vt -0.09047 0.37970
f 525/2011 364/2012 361/2013
vt -0.10305 0.36660
vt -0.09047 0.37970
vt -0.10305 0.37970
f 525/2014 361/2015 528/2016
vt 0.10305 -0.65837
vt 0.09047 -0.65837
vt 0.09047 -0.61108
f 484/2017 291/2018 288/2019
vt 0.10305 -0.65837
vt 0.09047 -0.61108
vt 0.10305 -0.61108
f 484/2020 288/2021 487/2022
vt -0.10305 -0.85112
vt -0.09047 -0.85112
vt -0.09047 -0.87075
f 550/2023 399/2024 400/2025
vt -0.10305 -0.85112
vt -0.09047 -0.87075
vt -0.10305 -0.87075
f 550/2026 400/2027 567/2028
vt 0.10305 -1.00058
vt 0.09047 -1.00058
vt 0.09047 -0.98095
f 570/2029 312/2030 311/2031
vt 0.10305 -1.00058
vt 0.09047 -0.98095
vt 0.10305 -0.98095
f 570/2032 311/2033 577/2034
vt 0.10305 -1.17770
vt 0.09047 -1.17770
vt 0.09047 -1.13042
f 611/2035 323/2036 320/2037
vt 0.10305 -1.17770
vt 0.09047 -1.13042
vt 0.10305 -1.13042
f 611/2038 320/2039 597/2040
vt 0.10305 -0.61108
vt 0.09047 -0.61108
vt 0.09047 -0.59145
f 487/2041 288/2042 287/2043
vt 0.10305 -0.61108
vt 0.09047 -0.59145
vt 0.10305 -0.59145
f 487/2044 287/2045 503/2046
vt -0.10305 -0.22158
vt -0.09047 -0.22158
vt -0.09047 -0.26887
f 526/2047 360/2048 363/2049
vt -0.10305 -0.22158
vt -0.09047 -0.26887
vt -0.10305 -0.26887
f 526/2050 363/2051 524/2052
vt 0.10305 -1.13042
vt 0.09047 -1.13042
vt 0.09047 -1.11078
f 597/2053 320/2054 319/2055
vt 0.10305 -1.13042
vt 0.09047 -1.11078
vt 0.10305 -1.11078
f 597/2056 319/2057 595/2058
vt -0.10305 0.37970
vt -0.09047 0.37970
vt -0.09047 0.36660
f 568/2059 406/2060 407/2061
vt -0.10305 0.37970
vt -0.09047 0.36660
vt -0.10305 0.36660
f 568/2062 407/2063 562/2064
vt -0.10305 -0.26887
vt -0.09047 -0.26887
vt -0.09047 -0.22158
f 530/2065 362/2066 357/2067
vt -0.10305 -0.26887
vt -0.09047 -0.22158
vt -0.10305 -0.22158
f 530/2068 357/2069 531/2070
vt -0.10305 -0.74092
vt -0.09047 -0.74092
vt -0.09047 -0.78820
f 547/2071 392/2072 395/2073
vt -0.10305 -0.74092
vt -0.09047 -0.78820
vt -0.10305 -0.78820
f 547/2074 395/2075 542/2076
vt 0.10305 -1.51992
vt 0.09047 -1.51992
vt 0.09047 -1.56720
f 645/2077 341/2078 346/2079
vt 0.10305 -1.51992
vt 0.09047 -1.56720
vt 0.10305 -1.56720
f 645/2080 346/2081 651/2082
vt 0.10305 -0.26887
vt 0.09047 -0.26887
vt 0.09047 -0.22158
f 534/2083 267/2084 264/2085
vt 0.10305 -0.26887
vt 0.09047 -0.22158
vt 0.10305 -0.22158
f 534/2086 264/2087 533/2088
vt 0.10305 -1.56720
vt 0.09047 -1.56720
vt 0.09047 -1.51992
f 644/2089 347/2090 344/2091
vt 0.10305 -1.56720
vt 0.09047 -1.51992
vt 0.10305 -1.51992
f 644/2092 344/2093 646/2094
vt -0.10305 0.37970
vt -0.09047 0.37970
vt -0.09047 0.36660
f 511/2095 366/2096 367/2097
vt -0.10305 0.37970
vt -0.09047 0.36660
vt -0.10305 0.36660
f 511/2098 367/2099 510/2100
vt 0.10305 0.37970
vt 0.09047 0.37970
vt 0.09047 0.36660
f 553/2101 297/2102 300/2103
vt 0.10305 0.37970
vt 0.09047 0.36660
vt 0.10305 0.36660
f 553/2104 300/2105 554/2106
vt 0.10305 0.37970
vt 0.09047 0.37970
vt 0.09047 0.36660
f 649/2107 345/2108 348/2109
vt 0.10305 0.37970
vt 0.09047 0.36660
vt 0.10305 0.36660
f 649/2110 348/2111 650/2112
vt 0.10305 -1.26025
vt 0.09047 -1.26025
vt 0.09047 -1.24062
f 606/2113 328/2114 327/2115
vt 0.10305 -1.26025
vt 0.09047 -1.24062
vt 0.10305 -1.24062
f 606/2116 327/2117 607/2118
vt -0.10305 0.36660
vt -0.09047 0.36660
vt -0.09047 0.37970
f 492/2119 380/2120 377/2121
vt -0.10305 0.36660
vt -0.09047 0.37970
vt -0.10305 0.37970
f 492/2122 377/2123 493/2124
vt 0.10305 0.37970
vt 0.09047 0.37970
vt 0.09047 0.36660
f 481/2125 289/2126 292/2127
vt 0.10305 0.37970
vt 0.09047 0.36660
vt 0.10305 0.36660
f 481/2128 292/2129 483/2130
vt 0.10305 0.37970
vt 0.09047 0.37970
vt 0.09047 0.36660
f 592/2131 313/2132 316/2133
vt 0.10305 0.37970
vt 0.09047 0.36660
vt 0.10305 0.36660
f 592/2134 316/2135 596/2136
vt 0.10305 0.36660
vt 0.09047 0.36660
vt 0.09047 0.37970
f 518/2137 279/2138 278/2139
vt 0.10305 0.36660
vt 0.09047 0.37970
vt 0.10305 0.37970
f 518/2140 278/2141 519/2142
vt 0.10305 0.37970
vt 0.09047 0.37970
vt 0.09047 0.36660
f 628/2143 329/2144 332/2145
vt 0.10305 0.37970
vt 0.09047 0.36660
vt 0.10305 0.36660
f 628/2146 332/2147 633/2148
vt 0.10305 0.36660
vt 0.09047 0.36660
vt 0.09047 0.37970
f 631/2149 335/2150 334/2151
vt 0.10305 0.36660
vt 0.09047 0.37970
vt 0.10305 0.37970
f 631/2152 334/2153 630/2154
vt 0.10305 -0.28850
vt 0.09047 -0.28850
vt 0.09047 -0.26887
f 532/2155 268/2156 267/2157
vt 0.10305 -0.28850
vt 0.09047 -0.26887
vt 0.10305 -0.26887
f 532/2158 267/2159 534/2160
vt 0.10305 -0.61108
vt 0.09047 -0.61108
vt 0.09047 -0.65837
f 485/2161 285/2162 290/2163
vt 0.10305 -0.61108
vt 0.09047 -0.65837
vt 0.10305 -0.65837
f 485/2164 290/2165 482/2166
vt 0.10305 -1.43737
vt 0.09047 -1.43737
vt 0.09047 -1.39008
f 626/2167 339/2168 336/2169
vt 0.10305 -1.43737
vt 0.09047 -1.39008
vt 0.10305 -1.39008
f 626/2170 336/2171 625/2172
vt -0.10305 -1.69703
vt -0.09047 -1.69703
vt -0.09047 -1.64975
f 655/2173 450/2174 445/2175
vt -0.10305 -1.69703
vt -0.09047 -1.64975
vt -0.10305 -1.64975
f 655/2176 445/2177 658/2178
vt 0.10305 -1.00058
vt 0.09047 -1.00058
vt 0.09047 -1.04787
f 578/2179 309/2180 314/2181
vt 0.10305 -1.00058
vt 0.09047 -1.04787
vt 0.10305 -1.04787
f 578/2182 314/2183 590/2184
vt -0.10305 0.36660
vt -0.09047 0.36660
vt -0.09047 0.37970
f 480/2185 388/2186 385/2187
vt -0.10305 0.36660
vt -0.09047 0.37970
vt -0.10305 0.37970
f 480/2188 385/2189 479/2190
vt 0.10305 -0.74092
vt 0.09047 -0.74092
vt 0.09047 -0.72128
f 555/2191 296/2192 295/2193
vt 0.10305 -0.74092
vt 0.09047 -0.72128
vt 0.10305 -0.72128
f 555/2194 295/2195 558/2196
vt 0.10305 -1.64975
vt 0.09047 -1.64975
vt 0.09047 -1.63012
f 668/2197 352/2198 351/2199
vt 0.10305 -1.64975
vt 0.09047 -1.63012
vt 0.10305 -1.63012
f 668/2200 351/2201 665/2202
vt -0.10305 -1.26025
vt -0.09047 -1.26025
vt -0.09047 -1.30753
f 598/2203 424/2204 427/2205
vt -0.10305 -1.26025
vt -0.09047 -1.30753
vt -0.10305 -1.30753
f 598/2206 427/2207 622/2208
vt -0.10305 -0.65837
vt -0.09047 -0.65837
vt -0.09047 -0.61108
f 477/2209 386/2210 381/2211
vt -0.10305 -0.65837
vt -0.09047 -0.61108
vt -0.10305 -0.61108
f 477/2212 381/2213 488/2214
vt -0.10305 -0.78820
vt -0.09047 -0.78820
vt -0.09047 -0.80783
f 542/2215 395/2216 396/2217
vt -0.10305 -0.78820
vt -0.09047 -0.80783
vt -0.10305 -0.80783
f 542/2218 396/2219 544/2220
vt 0.10305 -0.54817
vt 0.09047 -0.54817
vt 0.09047 -0.52853
f 498/2221 284/2222 283/2223
vt 0.10305 -0.54817
vt 0.09047 -0.52853
vt 0.10305 -0.52853
f 498/2224 283/2225 501/2226
vt -0.10305 -0.48125
vt -0.09047 -0.48125
vt -0.09047 -0.52853
f 497/2227 376/2228 379/2229
vt -0.10305 -0.48125
vt -0.09047 -0.52853
vt -0.10305 -0.52853
f 497/2230 379/2231 495/2232
vt 0.10305 0.37970
vt 0.09047 0.37970
vt 0.09047 0.36660
f 499/2233 281/2234 284/2235
vt 0.10305 0.37970
vt 0.09047 0.36660
vt 0.10305 0.36660
f 499/2236 284/2237 498/2238
vt 0.10305 -0.87075
vt 0.09047 -0.87075
vt 0.09047 -0.85112
f 575/2239 304/2240 303/2241
vt 0.10305 -0.87075
vt 0.09047 -0.85112
vt 0.10305 -0.85112
f 575/2242 303/2243 560/2244
vt -0.10305 -1.64975
vt -0.09047 -1.64975
vt -0.09047 -1.69703
f 657/2245 448/2246 451/2247
vt -0.10305 -1.64975
vt -0.09047 -1.69703
vt -0.10305 -1.69703
f 657/2248 451/2249 654/2250
vt -0.10305 -0.98095
vt -0.09047 -0.98095
vt -0.09047 -1.00058
f 562/2251 407/2252 408/2253
vt -0.10305 -0.98095
vt -0.09047 -1.00058
vt -0.10305 -1.00058
f 562/2254 408/2255 586/2256
vt -0.10305 -1.37045
vt -0.09047 -1.37045
vt -0.09047 -1.39008
f 621/2257 431/2258 432/2259
vt -0.10305 -1.37045
vt -0.09047 -1.39008
vt -0.10305 -1.39008
f 621/2260 432/2261 620/2262
vt -0.10305 -1.17770
vt -0.09047 -1.17770
vt -0.09047 -1.19733
f 604/2263 419/2264 420/2265
vt -0.10305 -1.17770
vt -0.09047 -1.19733
vt -0.10305 -1.19733
f 604/2266 420/2267 601/2268
vt -0.10305 0.37970
vt -0.09047 0.37970
vt -0.09047 0.36660
f 580/2269 414/2270 415/2271
vt -0.10305 0.37970
vt -0.09047 0.36660
vt -0.10305 0.36660
f 580/2272 415/2273 588/2274
vt 0.10305 0.37970
vt 0.09047 0.37970
vt 0.09047 0.36660
f 667/2275 353/2276 356/2277
vt 0.10305 0.37970
vt 0.09047 0.36660
vt 0.10305 0.36660
f 667/2278 356/2279 661/2280
vt -0.10305 -1.11078
vt -0.09047 -1.11078
vt -0.09047 -1.13042
f 588/2281 415/2282 416/2283
vt -0.10305 -1.11078
vt -0.09047 -1.13042
vt -0.10305 -1.13042
f 588/2284 416/2285 581/2286
vt 0.10305 0.36660
vt 0.09047 0.36660
vt 0.09047 0.37970
f 503/2287 287/2288 286/2289
vt 0.10305 0.36660
vt 0.09047 0.37970
vt 0.10305 0.37970
f 503/2290 286/2291 490/2292
vt -0.10305 -1.30753
vt -0.09047 -1.30753
vt -0.09047 -1.26025
f 603/2293 426/2294 421/2295
vt -0.10305 -1.30753
vt -0.09047 -1.26025
vt -0.10305 -1.26025
f 603/2296 421/2297 599/2298
vt -0.10305 -0.87075
vt -0.09047 -0.87075
vt -0.09047 -0.91803
f 567/2299 400/2300 403/2301
vt -0.10305 -0.87075
vt -0.09047 -0.91803
vt -0.10305 -0.91803
f 567/2302 403/2303 565/2304
vt -0.10305 0.37970
vt -0.09047 0.37970
vt -0.09047 0.36660
f 659/2305 446/2306 447/2307
vt -0.10305 0.37970
vt -0.09047 0.36660
vt -0.10305 0.36660
f 659/2308 447/2309 660/2310
vt 0.10305 0.37970
vt 0.09047 0.37970
vt 0.09047 0.36660
f 572/2311 305/2312 308/2313
vt 0.10305 0.37970
vt 0.09047 0.36660
vt 0.10305 0.36660
f 572/2314 308/2315 571/2316
vt -0.10305 -1.43737
vt -0.09047 -1.43737
vt -0.09047 -1.45700
f 615/2317 435/2318 436/2319
vt -0.10305 -1.43737
vt -0.09047 -1.45700
vt -0.10305 -1.45700
f 615/2320 436/2321 635/2322
vt 0.10305 -1.06750
vt 0.09047 -1.06750
vt 0.09047 -1.04787
f 596/2323 316/2324 315/2325
vt 0.10305 -1.06750
vt 0.09047 -1.04787
vt 0.10305 -1.04787
f 596/2326 315/2327 591/2328
vt -0.10305 0.36660
vt -0.09047 0.36660
vt -0.09047 0.37970
f 544/2329 396/2330 393/2331
vt -0.10305 0.36660
vt -0.09047 0.37970
vt -0.10305 0.37970
f 544/2332 393/2333 543/2334
vt -0.10305 -1.04787
vt -0.09047 -1.04787
vt -0.09047 -1.06750
f 585/2335 411/2336 412/2337
vt -0.10305 -1.04787
vt -0.09047 -1.06750
vt -0.10305 -1.06750
f 585/2338 412/2339 589/2340
vt -0.10305 0.36660
vt -0.09047 0.36660
vt -0.09047 0.37970
f 514/2341 372/2342 369/2343
vt -0.10305 0.36660
vt -0.09047 0.37970
vt -0.10305 0.37970
f 514/2344 369/2345 505/2346
vt -0.10305 0.37970
vt -0.09047 0.37970
vt -0.09047 0.36660
f 527/2347 358/2348 359/2349
vt -0.10305 0.37970
vt -0.09047 0.36660
vt -0.10305 0.36660
f 527/2350 359/2351 529/2352
vt 0.10305 -1.64975
vt 0.09047 -1.64975
vt 0.09047 -1.69703
f 663/2353 349/2354 354/2355
vt 0.10305 -1.64975
vt 0.09047 -1.69703
vt 0.10305 -1.69703
f 663/2356 354/2357 664/2358
vt 0.10305 0.37970
vt 0.09047 0.37970
vt 0.09047 0.36660
f 629/2359 337/2360 340/2361
vt 0.10305 0.37970
vt 0.09047 0.36660
vt 0.10305 0.36660
f 629/2362 340/2363 652/2364
vt -0.10305 0.37970
vt -0.09047 0.37970
vt -0.09047 0.36660
f 600/2365 422/2366 423/2367
vt -0.10305 0.37970
vt -0.09047 0.36660
vt -0.10305 0.36660
f 600/2368 423/2369 605/2370
vt -0.10305 -0.35142
vt -0.09047 -0.35142
vt -0.09047 -0.39870
f 507/2371 368/2372 371/2373
vt -0.10305 -0.35142
vt -0.09047 -0.39870
vt -0.10305 -0.39870
f 507/2374 371/2375 506/2376
vt -0.10305 -0.39870
vt -0.09047 -0.39870
vt -0.09047 -0.41833
f 506/2377 371/2378 372/2379
vt -0.10305 -0.39870
vt -0.09047 -0.41833
vt -0.10305 -0.41833
f 506/2380 372/2381 514/2382
vt 0.10305 0.36660
vt 0.09047 0.36660
vt 0.09047 0.37970
f 595/2383 319/2384 318/2385
vt 0.10305 0.36660
vt 0.09047 0.37970
vt 0.10305 0.37970
f 595/2386 318/2387 594/2388
vt -0.10305 -0.33178
vt -0.09047 -0.33178
vt -0.09047 -0.35142
f 510/2389 367/2390 368/2391
vt -0.10305 -0.33178
vt -0.09047 -0.35142
vt -0.10305 -0.35142
f 510/2392 368/2393 507/2394
vt -0.10305 -1.17770
vt -0.09047 -1.17770
vt -0.09047 -1.13042
f 587/2395 418/2396 413/2397
vt -0.10305 -1.17770
vt -0.09047 -1.13042
vt -0.10305 -1.13042
f 587/2398 413/2399 582/2400
vt 0.10305 -1.71667
vt 0.09047 -1.71667
vt 0.09047 -1.69703
f 661/2401 356/2402 355/2403
vt 0.10305 -1.71667
vt 0.09047 -1.69703
vt 0.10305 -1.69703
f 661/2404 355/2405 662/2406
vt -0.10305 -0.20195
vt -0.09047 -0.20195
vt -0.09047 -0.22158
f 529/2407 359/2408 360/2409
vt -0.10305 -0.20195
vt -0.09047 -0.22158
vt -0.10305 -0.22158
f 529/2410 360/2411 526/2412
vt 0.10305 0.36660
vt 0.09047 0.36660
vt 0.09047 0.37970
f 577/2413 311/2414 310/2415
vt 0.10305 0.36660
vt 0.09047 0.37970
vt 0.10305 0.37970
f 577/2416 310/2417 576/2418
vt 0.10305 -0.39870
vt 0.09047 -0.39870
vt 0.09047 -0.35142
f 520/2419 275/2420 272/2421
vt 0.10305 -0.39870
vt 0.09047 -0.35142
vt 0.10305 -0.35142
f 520/2422 272/2423 522/2424
vt 0.10305 -0.74092
vt 0.09047 -0.74092
vt 0.09047 -0.78820
f 557/2425 293/2426 298/2427
vt 0.10305 -0.74092
vt 0.09047 -0.78820
vt 0.10305 -0.78820
f 557/2428 298/2429 559/2430
vt -0.10305 -0.91803
vt -0.09047 -0.91803
vt -0.09047 -0.87075
f 569/2431 402/2432 397/2433
vt -0.10305 -0.91803
vt -0.09047 -0.87075
vt -0.10305 -0.87075
f 569/2434 397/2435 549/2436
vt -0.10305 -1.30753
vt -0.09047 -1.30753
vt -0.09047 -1.32717
f 622/2437 427/2438 428/2439
vt -0.10305 -1.30753
vt -0.09047 -1.32717
vt -0.10305 -1.32717
f 622/2440 428/2441 616/2442
vt -0.10305 0.37970
vt -0.09047 0.37970
vt -0.09047 0.36660
f 513/2443 374/2444 375/2445
vt -0.10305 0.37970
vt -0.09047 0.36660
vt -0.10305 0.36660
f 513/2446 375/2447 512/2448
vt -0.10305 0.37970
vt -0.09047 0.37970
vt -0.09047 0.36660
f 623/2449 430/2450 431/2451
vt -0.10305 0.37970
vt -0.09047 0.36660
vt -0.10305 0.36660
f 623/2452 431/2453 621/2454
vt 0.10305 -0.80783
vt 0.09047 -0.80783
vt 0.09047 -0.78820
f 554/2455 300/2456 299/2457
vt 0.10305 -0.80783
vt 0.09047 -0.78820
vt 0.10305 -0.78820
f 554/2458 299/2459 552/2460
vt -0.10305 0.37970
vt -0.09047 0.37970
vt -0.09047 0.36660
f 546/2461 390/2462 391/2463
vt -0.10305 0.37970
vt -0.09047 0.36660
vt -0.10305 0.36660
f 546/2464 391/2465 545/2466
vt -0.10305 -1.39008
vt -0.09047 -1.39008
vt -0.09047 -1.43737
f 620/2467 432/2468 435/2469
vt -0.10305 -1.39008
vt -0.09047 -1.43737
vt -0.10305 -1.43737
f 620/2470 435/2471 615/2472
vt -0.10305 -1.56720
vt -0.09047 -1.56720
vt -0.09047 -1.51992
f 637/2473 442/2474 437/2475
vt -0.10305 -1.56720
vt -0.09047 -1.51992
vt -0.10305 -1.51992
f 637/2476 437/2477 638/2478
vt 0.10305 -1.04787
vt 0.09047 -1.04787
vt 0.09047 -1.00058
f 591/2479 315/2480 312/2481
vt 0.10305 -1.04787
vt 0.09047 -1.00058
vt 0.10305 -1.00058
f 591/2482 312/2483 570/2484
vt -0.10305 -0.65837
vt -0.09047 -0.65837
vt -0.09047 -0.67800
f 478/2485 387/2486 388/2487
vt -0.10305 -0.65837
vt -0.09047 -0.67800
vt -0.10305 -0.67800
f 478/2488 388/2489 480/2490
vt 0.10305 -0.87075
vt 0.09047 -0.87075
vt 0.09047 -0.91803
f 574/2491 301/2492 306/2493
vt 0.10305 -0.87075
vt 0.09047 -0.91803
vt 0.10305 -0.91803
f 574/2494 306/2495 579/2496
vt -0.10305 0.36660
vt -0.09047 0.36660
vt -0.09047 0.37970
f 601/2497 420/2498 417/2499
vt -0.10305 0.36660
vt -0.09047 0.37970
vt -0.10305 0.37970
f 601/2500 417/2501 602/2502
vt -0.10305 -1.63012
vt -0.09047 -1.63012
vt -0.09047 -1.64975
f 660/2503 447/2504 448/2505
vt -0.10305 -1.63012
vt -0.09047 -1.64975
vt -0.10305 -1.64975
f 660/2506 448/2507 657/2508
vt 0.10305 -1.32717
vt 0.09047 -1.32717
vt 0.09047 -1.30753
f 633/2509 332/2510 331/2511
vt 0.10305 -1.32717
vt 0.09047 -1.30753
vt 0.10305 -1.30753
f 633/2512 331/2513 612/2514
vt -0.10305 -0.91803
vt -0.09047 -0.91803
vt -0.09047 -0.93767
f 565/2515 403/2516 404/2517
vt -0.10305 -0.91803
vt -0.09047 -0.93767
vt -0.10305 -0.93767
f 565/2518 404/2519 563/2520
vt -0.10305 -0.52853
vt -0.09047 -0.52853
vt -0.09047 -0.54817
f 495/2521 379/2522 380/2523
vt -0.10305 -0.52853
vt -0.09047 -0.54817
vt -0.10305 -0.54817
f 495/2524 380/2525 492/2526
vt 0.10305 -1.58683
vt 0.09047 -1.58683
vt 0.09047 -1.56720
f 650/2527 348/2528 347/2529
vt 0.10305 -1.58683
vt 0.09047 -1.56720
vt 0.10305 -1.56720
f 650/2530 347/2531 644/2532
vt -0.10305 0.37970
vt -0.09047 0.37970
vt -0.09047 0.36660
f 541/2533 398/2534 399/2535
vt -0.10305 0.37970
vt -0.09047 0.36660
vt -0.10305 0.36660
f 541/2536 399/2537 550/2538
vt -0.10305 -1.24062
vt -0.09047 -1.24062
vt -0.09047 -1.26025
f 605/2539 423/2540 424/2541
vt -0.10305 -1.24062
vt -0.09047 -1.26025
vt -0.10305 -1.26025
f 605/2542 424/2543 598/2544
vt 0.10305 -0.91803
vt 0.09047 -0.91803
vt 0.09047 -0.87075
f 573/2545 307/2546 304/2547
vt 0.10305 -0.91803
vt 0.09047 -0.87075
vt 0.10305 -0.87075
f 573/2548 304/2549 575/2550
vt 0.10305 -0.67800
vt 0.09047 -0.67800
vt 0.09047 -0.65837
f 483/2551 292/2552 291/2553
vt 0.10305 -0.67800
vt 0.09047 -0.65837
vt 0.10305 -0.65837
f 483/2554 291/2555 484/2556
vt -0.10305 0.36660
vt -0.09047 0.36660
vt -0.09047 0.37970
f 635/2557 436/2558 433/2559
vt -0.10305 0.36660
vt -0.09047 0.37970
vt -0.10305 0.37970
f 635/2560 433/2561 636/2562
vt -0.10305 -1.69703
vt -0.09047 -1.69703
vt -0.09047 -1.71667
f 654/2563 451/2564 452/2565
vt -0.10305 -1.69703
vt -0.09047 -1.71667
vt -0.10305 -1.71667
f 654/2566 452/2567 653/2568
o Grip
g Grip
usemtl Bubblegum
v -0.09781 0.23497 -1.84835
v -0.09781 0.34423 -1.84835
v -0.07913 0.23497 -1.90584
v -0.07913 0.34423 -1.90584
v -0.03023 0.23497 -1.94137
v -0.03023 0.34423 -1.94137
v 0.03023 0.23497 -1.94137
v 0.03023 0.34423 -1.94137
v 0.07913 0.23497 -1.90584
v 0.07913 0.34423 -1.90584
v 0.09781 0.23497 -1.84835
v 0.09781 0.34423 -1.84835
v 0.07913 0.23497 -1.79085
v 0.07913 0.34423 -1.79085
v 0.03023 0.23497 -1.75532
v 0.03023 0.34423 -1.75532
v -0.03023 0.23497 -1.75532
v -0.03023 0.34423 -1.75532
v -0.07913 0.23497 -1.79085
v -0.07913 0.34423 -1.79085
v -0.12721 0.20079 -1.84835
v -0.10292 0.20079 -1.92312
v -0.03931 0.20079 -1.96934
v 0.03931 0.20079 -1.96934
v 0.10292 0.20079 -1.92312
v 0.12721 0.20079 -1.84835
v 0.10292 0.20079 -1.77357
v 0.03931 0.20079 -1.72736
v -0.03931 0.20079 -1.72736
v -0.10292 0.20079 -1.77357
v -0.10320 0.17935 -1.84835
v -0.08349 0.17935 -1.90901
v -0.03189 0.17935 -1.94650
v 0.03189 0.17935 -1.94650
v 0.08349 0.17935 -1.90901
v 0.10320 0.17935 -1.84835
v 0.08349 0.17935 -1.78769
v 0.03189 0.17935 -1.75020
v -0.03189 0.17935 -1.75020
v -0.08349 0.17935 -1.78769
v -0.10007 0.11434 -1.84835
v -0.08096 0.11434 -1.90717
v -0.03092 0.11434 -1.94352
v 0.03092 0.11434 -1.94352
v 0.08096 0.11434 -1.90717
v 0.10007 0.11434 -1.84835
v 0.08096 0.11434 -1.78953
v 0.03092 0.11434 -1.75317
v -0.03092 0.11434 -1.75317
v -0.08096 0.11434 -1.78953
v -0.12391 0.07337 -1.84835
v -0.10025 0.07337 -1.92118
v -0.03829 0.07337 -1.96619
v 0.03829 0.07337 -1.96619
v 0.10025 0.07337 -1.92118
v 0.12391 0.07337 -1.84835
v 0.10025 0.07337 -1.77551
v 0.03829 0.07337 -1.73050
v -0.03829 0.07337 -1.73050
v -0.10025 0.07337 -1.77551
v -0.12391 -0.29112 -1.84835
v -0.10025 -0.29112 -1.92118
v -0.03829 -0.29112 -1.96619
v 0.03829 -0.29112 -1.96619
v 0.10025 -0.29112 -1.92118
v 0.12391 -0.29112 -1.84835
v 0.10025 -0.29112 -1.77551
v 0.03829 -0.29112 -1.73050
v -0.03829 -0.29112 -1.73050
v -0.10025 -0.29112 -1.77551
v -0.03028 0.13937 -1.94155
v -0.07928 0.13937 -1.90595
v -0.07928 0.13937 -1.79074
v -0.03028 0.13937 -1.75514
v 0.07928 0.13937 -1.79074
v 0.09800 0.13937 -1.84835
v 0.03028 0.13937 -1.94155
v -0.09800 0.13937 -1.84835
v 0.03028 0.13937 -1.75514
v 0.07928 0.13937 -1.90595
v -0.10146 0.22039 -1.92206
v -0.12541 0.22039 -1.84835
v 0.03875 0.22039 -1.96762
v -0.03875 0.22039 -1.96762
v -0.10146 0.22039 -1.77463
v -0.03875 0.22039 -1.72907
v 0.03875 0.22039 -1.72907
v 0.10146 0.22039 -1.77463
v 0.12541 0.22039 -1.84835
v 0.10146 0.22039 -1.92206
v -0.05972 0.17948 -1.08725
v -0.04831 0.14437 -1.08725
v -0.01845 0.12268 -1.08725
v 0.01845 0.12268 -1.08725
v 0.04831 0.14437 -1.08725
v 0.05972 0.17948 -1.08725
v 0.04831 0.21458 -1.08725
v 0.01845 0.23627 -1.08725
v -0.01845 0.23627 -1.08725
v -0.04831 0.21458 -1.08725
v -0.05972 0.17948 -0.98494
v -0.04831 0.14437 -0.98494
v -0.01845 0.12268 -0.98494
v 0.01845 0.12268 -0.98494
v 0.04831 0.14437 -0.98494
v 0.05972 0.17948 -0.98494
v 0.04831 0.21458 -0.98494
v 0.01845 0.23627 -0.98494
v -0.01845 0.23627 -0.98494
v -0.04831 0.21458 -0.98494
v 0.03829 0.05059 -1.96619
v 0.03829 0.02781 -1.96619
v 0.03829 0.00503 -1.96619
v 0.03829 -0.01775 -1.96619
v 0.03829 -0.04053 -1.96619
v 0.03829 -0.06331 -1.96619
v 0.03829 -0.08609 -1.96619
v 0.03829 -0.10887 -1.96619
v 0.03829 -0.13165 -1.96619
v 0.03829 -0.15443 -1.96619
v 0.03829 -0.17721 -1.96619
v 0.03829 -0.19999 -1.96619
v 0.03829 -0.22278 -1.96619
v 0.03829 -0.24556 -1.96619
v 0.03829 -0.26834 -1.96619
v -0.03829 -0.26834 -1.96619
v -0.03829 -0.24556 -1.96619
v -0.03829 -0.22278 -1.96619
v -0.03829 -0.19999 -1.96619
v -0.03829 -0.17721 -1.96619
v -0.03829 -0.15443 -1.96619
v -0.03829 -0.13165 -1.96619
v -0.03829 -0.10887 -1.96619
v -0.03829 -0.08609 -1.96619
v -0.03829 -0.06331 -1.96619
v -0.03829 -0.04053 -1.96619
v -0.03829 -0.01775 -1.96619
v -0.03829 0.00503 -1.96619
v -0.03829 0.02781 -1.96619
v -0.03829 0.05059 -1.96619
v -0.12391 0.05059 -1.84835
v -0.12391 0.02781 -1.84835
v -0.12391 0.00503 -1.84835
v -0.12391 -0.01775 -1.84835
v -0.12391 -0.04053 -1.84835
v -0.12391 -0.06331 -1.84835
v -0.12391 -0.08609 -1.84835
v -0.12391 -0.10887 -1.84835
v -0.12391 -0.13165 -1.84835
v -0.12391 -0.15443 -1.84835
v -0.12391 -0.17721 -1.84835
v -0.12391 -0.19999 -1.84835
v -0.12391 -0.22278 -1.84835
v -0.12391 -0.24556 -1.84835
v -0.12391 -0.26834 -1.84835
v -0.10025 -0.26834 -1.77551
v -0.10025 -0.24556 -1.77551
v -0.10025 -0.22278 -1.77551
v -0.10025 -0.19999 -1.77551
v -0.10025 -0.17721 -1.77551
v -0.10025 -0.15443 -1.77551
v -0.10025 -0.13165 -1.77551
v -0.10025 -0.10887 -1.77551
v -0.10025 -0.08609 -1.77551
v -0.10025 -0.06331 -1.77551
v -0.10025 -0.04053 -1.77551
v -0.10025 -0.01775 -1.77551
v -0.10025 0.00503 -1.77551
v -0.10025 0.02781 -1.77551
v -0.10025 0.05059 -1.77551
v 0.03829 0.05059 -1.73050
v 0.03829 0.02781 -1.73050
v 0.03829 0.00503 -1.73050
v 0.03829 -0.01775 -1.73050
v 0.03829 -0.04053 -1.73050
v 0.03829 -0.06331 -1.73050
v 0.03829 -0.08609 -1.73050
v 0.03829 -0.10887 -1.73050
v 0.03829 -0.13165 -1.73050
v 0.03829 -0.15443 -1.73050
v 0.03829 -0.17721 -1.73050
v 0.03829 -0.19999 -1.73050
v 0.03829 -0.22278 -1.73050
v 0.03829 -0.24556 -1.73050
v 0.03829 -0.26834 -1.73050
v 0.10025 -0.26834 -1.77551
v 0.10025 -0.24556 -1.77551
v 0.10025 -0.22278 -1.77551
v 0.10025 -0.19999 -1.77551
v 0.10025 -0.17721 -1.77551
v 0.10025 -0.15443 -1.77551
v 0.10025 -0.13165 -1.77551
v 0.10025 -0.10887 -1.77551
v 0.10025 -0.08609 -1.77551
v 0.10025 -0.06331 -1.77551
v 0.10025 -0.04053 -1.77551
v 0.10025 -0.01775 -1.77551
v 0.10025 0.00503 -1.77551
v 0.10025 0.02781 -1.77551
v 0.10025 0.05059 -1.77551
v 0.10025 0.05059 -1.92118
v 0.10025 0.02781 -1.92118
v 0.10025 0.00503 -1.92118
v 0.10025 -0.01775 -1.92118
v 0.10025 -0.04053 -1.92118
v 0.10025 -0.06331 -1.92118
v 0.10025 -0.08609 -1.92118
v 0.10025 -0.10887 -1.92118
v 0.10025 -0.13165 -1.92118
v 0.10025 -0.15443 -1.92118
v 0.10025 -0.17721 -1.92118
v 0.10025 -0.19999 -1.92118
v 0.10025 -0.22278 -1.92118
v 0.10025 -0.24556 -1.92118
v 0.10025 -0.26834 -1.92118
v -0.10025 0.05059 -1.92118
v -0.10025 0.02781 -1.92118
v -0.10025 0.00503 -1.92118
v -0.10025 -0.01775 -1.92118
v -0.10025 -0.04053 -1.92118
v -0.10025 -0.06331 -1.92118
v -0.10025 -0.08609 -1.92118
v -0.10025 -0.10887 -1.92118
v -0.10025 -0.13165 -1.92118
v -0.10025 -0.15443 -1.92118
v -0.10025 -0.17721 -1.92118
v -0.10025 -0.19999 -1.92118
v -0.10025 -0.22278 -1.92118
v -0.10025 -0.24556 -1.92118
v -0.10025 -0.26834 -1.92118
v -0.03829 0.05059 -1.73050
v -0.03829 0.02781 -1.73050
v -0.03829 0.00503 -1.73050
v -0.03829 -0.01775 -1.73050
v -0.03829 -0.04053 -1.73050
v -0.03829 -0.06331 -1.73050
v -0.03829 -0.08609 -1.73050
v -0.03829 -0.10887 -1.73050
v -0.03829 -0.13165 -1.73050
v -0.03829 -0.15443 -1.73050
v -0.03829 -0.17721 -1.73050
v -0.03829 -0.19999 -1.73050
v -0.03829 -0.22278 -1.73050
v -0.03829 -0.24556 -1.73050
v -0.03829 -0.26834 -1.73050
v 0.12391 0.05059 -1.84835
v 0.12391 0.02781 -1.84835
v 0.12391 0.00503 -1.84835
v 0.12391 -0.01775 -1.84835
v 0.12391 -0.04053 -1.84835
v 0.12391 -0.06331 -1.84835
v 0.12391 -0.08609 -1.84835
v 0.12391 -0.10887 -1.84835
v 0.12391 -0.13165 -1.84835
v 0.12391 -0.15443 -1.84835
v 0.12391 -0.17721 -1.84835
v 0.12391 -0.19999 -1.84835
v 0.12391 -0.22278 -1.84835
v 0.12391 -0.24556 -1.84835
v 0.12391 -0.26834 -1.84835
v -0.13193 -0.28746 -1.84835
v -0.10673 -0.28746 -1.92589
v -0.04077 -0.28746 -1.97382
v 0.04077 -0.28746 -1.97382
v 0.10673 -0.28746 -1.92589
v 0.13193 -0.28746 -1.84835
v 0.10673 -0.28746 -1.77080
v 0.04077 -0.28746 -1.72288
v -0.04077 -0.28746 -1.72288
v -0.10673 -0.28746 -1.77080
v 0.04077 -0.27199 -1.97382
v -0.13193 -0.27199 -1.84835
v 0.04077 -0.27199 -1.72288
v 0.10673 -0.27199 -1.92589
v -0.10673 -0.27199 -1.92589
v -0.04077 -0.27199 -1.72288
v 0.13193 -0.27199 -1.84835
v 0.04077 0.04693 -1.97382
v 0.04077 0.03147 -1.97382
v 0.04077 0.00137 -1.97382
v 0.04077 -0.01409 -1.97382
v 0.04077 -0.04419 -1.97382
v 0.04077 -0.05965 -1.97382
v 0.04077 -0.08975 -1.97382
v 0.04077 -0.10521 -1.97382
v 0.04077 -0.13531 -1.97382
v 0.04077 -0.15078 -1.97382
v 0.04077 -0.18087 -1.97382
v 0.04077 -0.19634 -1.97382
v 0.04077 -0.22643 -1.97382
v 0.04077 -0.24190 -1.97382
v -0.04077 -0.27199 -1.97382
v -0.04077 -0.24190 -1.97382
v -0.04077 -0.22643 -1.97382
v -0.04077 -0.19634 -1.97382
v -0.04077 -0.18087 -1.97382
v -0.04077 -0.15078 -1.97382
v -0.04077 -0.13531 -1.97382
v -0.04077 -0.10521 -1.97382
v -0.04077 -0.08975 -1.97382
v -0.04077 -0.05965 -1.97382
v -0.04077 -0.04419 -1.97382
v -0.04077 -0.01409 -1.97382
v -0.04077 0.00137 -1.97382
v -0.04077 0.03147 -1.97382
v -0.04077 0.04693 -1.97382
v -0.13193 0.04693 -1.84835
v -0.13193 0.03147 -1.84835
v -0.13193 0.00137 -1.84835
v -0.13193 -0.01409 -1.84835
v -0.13193 -0.04419 -1.84835
v -0.13193 -0.05965 -1.84835
v -0.13193 -0.08975 -1.84835
v -0.13193 -0.10521 -1.84835
v -0.13193 -0.13531 -1.84835
v -0.13193 -0.15078 -1.84835
v -0.13193 -0.18087 -1.84835
v -0.13193 -0.19634 -1.84835
v -0.13193 -0.22643 -1.84835
v -0.13193 -0.24190 -1.84835
v -0.10673 -0.27199 -1.77080
v -0.10673 -0.24190 -1.77080
v -0.10673 -0.22643 -1.77080
v -0.10673 -0.19634 -1.77080
v -0.10673 -0.18087 -1.77080
v -0.10673 -0.15078 -1.77080
v -0.10673 -0.13531 -1.77080
v -0.10673 -0.10521 -1.77080
v -0.10673 -0.08975 -1.77080
v -0.10673 -0.05965 -1.77080
v -0.10673 -0.04419 -1.77080
v -0.10673 -0.01409 -1.77080
v -0.10673 0.00137 -1.77080
v -0.10673 0.03147 -1.77080
v -0.10673 0.04693 -1.77080
v 0.04077 0.04693 -1.72288
v 0.04077 0.03147 -1.72288
v 0.04077 0.00137 -1.72288
v 0.04077 -0.01409 -1.72288
v 0.04077 -0.04419 -1.72288
v 0.04077 -0.05965 -1.72288
v 0.04077 -0.08975 -1.72288
v 0.04077 -0.10521 -1.72288
v 0.04077 -0.13531 -1.72288
v 0.04077 -0.15078 -1.72288
v 0.04077 -0.18087 -1.72288
v 0.04077 -0.19634 -1.72288
v 0.04077 -0.22643 -1.72288
v 0.04077 -0.24190 -1.72288
v 0.10673 -0.27199 -1.77080
v 0.10673 -0.24190 -1.77080
v 0.10673 -0.22643 -1.77080
v 0.10673 -0.19634 -1.77080
v 0.10673 -0.18087 -1.77080
v 0.10673 -0.15078 -1.77080
v 0.10673 -0.13531 -1.77080
v 0.10673 -0.10521 -1.77080
v 0.10673 -0.08975 -1.77080
v 0.10673 -0.05965 -1.77080
v 0.10673 -0.04419 -1.77080
v 0.10673 -0.01409 -1.77080
v 0.10673 0.00137 -1.77080
v 0.10673 0.03147 -1.77080
v 0.10673 0.04693 -1.77080
v 0.10673 0.04693 -1.92589
v 0.10673 0.03147 -1.92589
v 0.10673 0.00137 -1.92589
v 0.10673 -0.01409 -1.92589
v 0.10673 -0.04419 -1.92589
v 0.10673 -0.05965 -1.92589
v 0.10673 -0.08975 -1.92589
v 0.10673 -0.10521 -1.92589
v 0.10673 -0.13531 -1.92589
v 0.10673 -0.15078 -1.92589
v 0.10673 -0.18087 -1.92589
v 0.10673 -0.19634 -1.92589
v 0.10673 -0.22643 -1.92589
v 0.10673 -0.24190 -1.92589
v -0.10673 0.04693 -1.92589
v -0.10673 0.03147 -1.92589
v -0.10673 0.00137 -1.92589
v -0.10673 -0.01409 -1.92589
v -0.10673 -0.04419 -1.92589
v -0.10673 -0.05965 -1.92589
v -0.10673 -0.08975 -1.92589
v -0.10673 -0.10521 -1.92589
v -0.10673 -0.13531 -1.92589
v -0.10673 -0.15078 -1.92589
v -0.10673 -0.18087 -1.92589
v -0.10673 -0.19634 -1.92589
v -0.10673 -0.22643 -1.92589
v -0.10673 -0.24190 -1.92589
v -0.04077 0.04693 -1.72288
v -0.04077 0.03147 -1.72288
v -0.04077 0.00137 -1.72288
v -0.04077 -0.01409 -1.72288
v -0.04077 -0.04419 -1.72288
v -0.04077 -0.05965 -1.72288
v -0.04077 -0.08975 -1.72288
v -0.04077 -0.10521 -1.72288
v -0.04077 -0.13531 -1.72288
v -0.04077 -0.15078 -1.72288
v -0.04077 -0.18087 -1.72288
v -0.04077 -0.19634 -1.72288
v -0.04077 -0.22643 -1.72288
v -0.04077 -0.24190 -1.72288
v 0.13193 0.04693 -1.84835
v 0.13193 0.03147 -1.84835
v 0.13193 0.00137 -1.84835
v 0.13193 -0.01409 -1.84835
v 0.13193 -0.04419 -1.84835
v 0.13193 -0.05965 -1.84835
v 0.13193 -0.08975 -1.84835
v 0.13193 -0.10521 -1.84835
v 0.13193 -0.13531 -1.84835
v 0.13193 -0.15078 -1.84835
v 0.13193 -0.18087 -1.84835
v 0.13193 -0.19634 -1.84835
v 0.13193 -0.22643 -1.84835
v 0.13193 -0.24190 -1.84835
v 0.04685 0.68921 0.41972
v -0.04685 0.68921 0.41972
v 0.04685 0.68921 0.38188
v -0.04685 0.68921 0.38188
v 0.04685 0.71882 0.41972
v 0.03165 0.73403 0.41972
v -0.03165 0.73403 0.41972
v -0.04685 0.71882 0.41972
v 0.03165 0.73403 0.38188
v 0.04685 0.71882 0.38188
v -0.04685 0.71882 0.38188
v -0.03165 0.73403 0.38188
v 0.04685 0.68921 0.29485
v -0.04685 0.68921 0.29485
v 0.04685 0.68921 0.25700
v -0.04685 0.68921 0.25700
v 0.04685 0.71882 0.29485
v 0.03165 0.73403 0.29485
v -0.03165 0.73403 0.29485
v -0.04685 0.71882 0.29485
v 0.03165 0.73403 0.25700
v 0.04685 0.71882 0.25700
v -0.04685 0.71882 0.25700
v -0.03165 0.73403 0.25700
v 0.04685 0.68921 0.16997
v -0.04685 0.68921 0.16997
v 0.04685 0.68921 0.13213
v -0.04685 0.68921 0.13213
v 0.04685 0.71882 0.16997
v 0.03165 0.73403 0.16997
v -0.03165 0.73403 0.16997
v -0.04685 0.71882 0.16997
v 0.03165 0.73403 0.13213
v 0.04685 0.71882 0.13213
v -0.04685 0.71882 0.13213
v -0.03165 0.73403 0.13213
v 0.04685 0.68921 0.04509
v -0.04685 0.68921 0.04509
v 0.04685 0.68921 0.00725
v -0.04685 0.68921 0.00725
v 0.04685 0.71882 0.04509
v 0.03165 0.73403 0.04509
v -0.03165 0.73403 0.04509
v -0.04685 0.71882 0.04509
v 0.03165 0.73403 0.00725
v 0.04685 0.71882 0.00725
v -0.04685 0.71882 0.00725
v -0.03165 0.73403 0.00725
v 0.04685 0.68921 -0.07978
v -0.04685 0.68921 -0.07978
v 0.04685 0.68921 -0.11762
v -0.04685 0.68921 -0.11762
v 0.04685 0.71882 -0.07978
v 0.03165 0.73403 -0.07978
v -0.03165 0.73403 -0.07978
v -0.04685 0.71882 -0.07978
v 0.03165 0.73403 -0.11762
v 0.04685 0.71882 -0.11762
v -0.04685 0.71882 -0.11762
v -0.03165 0.73403 -0.11762
v 0.04685 0.68921 -0.20466
v -0.04685 0.68921 -0.20466
v 0.04685 0.68921 -0.24250
v -0.04685 0.68921 -0.24250
v 0.04685 0.71882 -0.20466
v 0.03165 0.73403 -0.20466
v -0.03165 0.73403 -0.20466
v -0.04685 0.71882 -0.20466
v 0.03165 0.73403 -0.24250
v 0.04685 0.71882 -0.24250
v -0.04685 0.71882 -0.24250
v -0.03165 0.73403 -0.24250
v 0.04685 0.68921 -0.32953
v -0.04685 0.68921 -0.32953
v 0.04685 0.68921 -0.36737
v -0.04685 0.68921 -0.36737
v 0.04685 0.71882 -0.32953
v 0.03165 0.73403 -0.32953
v -0.03165 0.73403 -0.32953
v -0.04685 0.71882 -0.32953
v 0.03165 0.73403 -0.36737
v 0.04685 0.71882 -0.36737
v -0.04685 0.71882 -0.36737
v -0.03165 0.73403 -0.36737
v 0.04685 0.68921 -0.45441
v -0.04685 0.68921 -0.45441
v 0.04685 0.68921 -0.49225
v -0.04685 0.68921 -0.49225
v 0.04685 0.71882 -0.45441
v 0.03165 0.73403 -0.45441
v -0.03165 0.73403 -0.45441
v -0.04685 0.71882 -0.45441
v 0.03165 0.73403 -0.49225
v 0.04685 0.71882 -0.49225
v -0.04685 0.71882 -0.49225
v -0.03165 0.73403 -0.49225
v 0.04685 0.68921 -0.57928
v -0.04685 0.68921 -0.57928
v 0.04685 0.68921 -0.61712
v -0.04685 0.68921 -0.61712
v 0.04685 0.71882 -0.57928
v 0.03165 0.73403 -0.57928
v -0.03165 0.73403 -0.57928
v -0.04685 0.71882 -0.57928
v 0.03165 0.73403 -0.61712
v 0.04685 0.71882 -0.61712
v -0.04685 0.71882 -0.61712
v -0.03165 0.73403 -0.61712
v 0.04685 0.68921 -0.70416
v -0.04685 0.68921 -0.70416
v 0.04685 0.68921 -0.74200
v -0.04685 0.68921 -0.74200
v 0.04685 0.71882 -0.70416
v 0.03165 0.73403 -0.70416
v -0.03165 0.73403 -0.70416
v -0.04685 0.71882 -0.70416
v 0.03165 0.73403 -0.74200
v 0.04685 0.71882 -0.74200
v -0.04685 0.71882 -0.74200
v -0.03165 0.73403 -0.74200
v 0.04685 0.68921 -0.82903
v -0.04685 0.68921 -0.82903
v 0.04685 0.68921 -0.86687
v -0.04685 0.68921 -0.86687
v 0.04685 0.71882 -0.82903
v 0.03165 0.73403 -0.82903
v -0.03165 0.73403 -0.82903
v -0.04685 0.71882 -0.82903
v 0.03165 0.73403 -0.86687
v 0.04685 0.71882 -0.86687
v -0.04685 0.71882 -0.86687
v -0.03165 0.73403 -0.86687
v 0.04685 0.68921 -0.95391
v -0.04685 0.68921 -0.95391
v 0.04685 0.68921 -0.99175
v -0.04685 0.68921 -0.99175
v 0.04685 0.71882 -0.95391
v 0.03165 0.73403 -0.95391
v -0.03165 0.73403 -0.95391
v -0.04685 0.71882 -0.95391
v 0.03165 0.73403 -0.99175
v 0.04685 0.71882 -0.99175
v -0.04685 0.71882 -0.99175
v -0.03165 0.73403 -0.99175
v 0.04685 0.68921 -1.07878
v -0.04685 0.68921 -1.07878
v 0.04685 0.68921 -1.11662
v -0.04685 0.68921 -1.11662
v 0.04685 0.71882 -1.07878
v 0.03165 0.73403 -1.07878
v -0.03165 0.73403 -1.07878
v -0.04685 0.71882 -1.07878
v 0.03165 0.73403 -1.11662
v 0.04685 0.71882 -1.11662
v -0.04685 0.71882 -1.11662
v -0.03165 0.73403 -1.11662
v 0.04685 0.68921 -1.20366
v -0.04685 0.68921 -1.20366
v 0.04685 0.68921 -1.24150
v -0.04685 0.68921 -1.24150
v 0.04685 0.71882 -1.20366
v 0.03165 0.73403 -1.20366
v -0.03165 0.73403 -1.20366
v -0.04685 0.71882 -1.20366
v 0.03165 0.73403 -1.24150
v 0.04685 0.71882 -1.24150
v -0.04685 0.71882 -1.24150
v -0.03165 0.73403 -1.24150
v 0.04685 0.68921 -1.32853
v -0.04685 0.68921 -1.32853
v 0.04685 0.68921 -1.36637
v -0.04685 0.68921 -1.36637
v 0.04685 0.71882 -1.32853
v 0.03165 0.73403 -1.32853
v -0.03165 0.73403 -1.32853
v -0.04685 0.71882 -1.32853
v 0.03165 0.73403 -1.36637
v 0.04685 0.71882 -1.36637
v -0.04685 0.71882 -1.36637
v -0.03165 0.73403 -1.36637
v 0.04685 0.68921 -1.45341
v -0.04685 0.68921 -1.45341
v 0.04685 0.68921 -1.49125
v -0.04685 0.68921 -1.49125
v 0.04685 0.71882 -1.45341
v 0.03165 0.73403 -1.45341
v -0.03165 0.73403 -1.45341
v -0.04685 0.71882 -1.45341
v 0.03165 0.73403 -1.49125
v 0.04685 0.71882 -1.49125
v -0.04685 0.71882 -1.49125
v -0.03165 0.73403 -1.49125
v 0.04685 0.68921 -1.57828
v -0.04685 0.68921 -1.57828
v 0.04685 0.68921 -1.61612
v -0.04685 0.68921 -1.61612
v 0.04685 0.71882 -1.57828
v 0.03165 0.73403 -1.57828
v -0.03165 0.73403 -1.57828
v -0.04685 0.71882 -1.57828
v 0.03165 0.73403 -1.61612
v 0.04685 0.71882 -1.61612
v -0.04685 0.71882 -1.61612
v -0.03165 0.73403 -1.61612
v 0.04685 0.68921 -1.70316
v -0.04685 0.68921 -1.70316
v 0.04685 0.68921 -1.74100
v -0.04685 0.68921 -1.74100
v 0.04685 0.71882 -1.70316
v 0.03165 0.73403 -1.70316
v -0.03165 0.73403 -1.70316
v -0.04685 0.71882 -1.70316
v 0.03165 0.73403 -1.74100
v 0.04685 0.71882 -1.74100
v -0.04685 0.71882 -1.74100
v -0.03165 0.73403 -1.74100
v 0.04685 0.68921 -1.82803
v -0.04685 0.68921 -1.82803
v 0.04685 0.68921 -1.86587
v -0.04685 0.68921 -1.86587
v 0.04685 0.71882 -1.82803
v 0.03165 0.73403 -1.82803
v -0.03165 0.73403 -1.82803
v -0.04685 0.71882 -1.82803
v 0.03165 0.73403 -1.86587
v 0.04685 0.71882 -1.86587
v -0.04685 0.71882 -1.86587
v -0.03165 0.73403 -1.86587
v 0.04685 0.68921 -1.95291
v -0.04685 0.68921 -1.95291
v 0.04685 0.68921 -1.99075
v -0.04685 0.68921 -1.99075
v 0.04685 0.71882 -1.95291
v 0.03165 0.73403 -1.95291
v -0.03165 0.73403 -1.95291
v -0.04685 0.71882 -1.95291
v 0.03165 0.73403 -1.99075
v 0.04685 0.71882 -1.99075
v -0.04685 0.71882 -1.99075
v -0.03165 0.73403 -1.99075
v -0.05391 0.44247 -2.06223
v -0.05391 0.44247 -2.30821
v -0.04361 0.41079 -2.06223
v -0.04361 0.41079 -2.30821
v -0.01666 0.39120 -2.06223
v -0.01666 0.39120 -2.30821
v 0.01666 0.39120 -2.06223
v 0.01666 0.39120 -2.30821
v 0.04361 0.41079 -2.06223
v 0.04361 0.41079 -2.30821
v 0.05391 0.44247 -2.06223
v 0.05391 0.44247 -2.30821
v 0.04361 0.47416 -2.06223
v 0.04361 0.47416 -2.30821
v 0.01666 0.49374 -2.06223
v 0.01666 0.49374 -2.30821
v -0.01666 0.49374 -2.06223
v -0.01666 0.49374 -2.30821
v -0.04361 0.47416 -2.06223
v -0.04361 0.47416 -2.30821
v -0.05070 0.40564 -2.30821
v -0.06266 0.44247 -2.30821
v -0.01936 0.38287 -2.30821
v 0.01936 0.38287 -2.30821
v 0.05070 0.40564 -2.30821
v 0.06266 0.44247 -2.30821
v 0.05070 0.47931 -2.30821
v 0.01936 0.50207 -2.30821
v -0.01936 0.50207 -2.30821
v -0.05070 0.47931 -2.30821
v -0.05070 0.40564 -2.33440
v -0.06266 0.44247 -2.33440
v -0.01936 0.38287 -2.33440
v 0.01936 0.38287 -2.33440
v 0.05070 0.40564 -2.33440
v 0.06266 0.44247 -2.33440
v 0.05070 0.47931 -2.33440
v 0.01936 0.50207 -2.33440
v -0.01936 0.50207 -2.33440
v -0.05070 0.47931 -2.33440
v -0.04409 0.41044 -2.33440
v -0.05450 0.44247 -2.33440
v -0.01684 0.39064 -2.33440
v 0.01684 0.39064 -2.33440
v 0.04409 0.41044 -2.33440
v 0.05450 0.44247 -2.33440
v 0.04409 0.47450 -2.33440
v 0.01684 0.49430 -2.33440
v -0.01684 0.49430 -2.33440
v -0.04409 0.47450 -2.33440
v -0.04409 0.41044 -2.35031
v -0.05450 0.44247 -2.35031
v -0.01684 0.39064 -2.35031
v 0.01684 0.39064 -2.35031
v 0.04409 0.41044 -2.35031
v 0.05450 0.44247 -2.35031
v 0.04409 0.47450 -2.35031
v 0.01684 0.49430 -2.35031
v -0.01684 0.49430 -2.35031
v -0.04409 0.47450 -2.35031
v -0.05391 0.40331 -2.35031
v -0.06663 0.44247 -2.35031
v -0.02059 0.37910 -2.35031
v 0.02059 0.37910 -2.35031
v 0.05391 0.40331 -2.35031
v 0.06663 0.44247 -2.35031
v 0.05391 0.48164 -2.35031
v 0.02059 0.50584 -2.35031
v -0.02059 0.50584 -2.35031
v -0.05391 0.48164 -2.35031
v -0.05391 0.40331 -2.50000
v -0.06663 0.44247 -2.50000
v -0.02059 0.37910 -2.50000
v 0.02059 0.37910 -2.50000
v 0.05391 0.40331 -2.50000
v 0.06663 0.44247 -2.50000
v 0.05391 0.48164 -2.50000
v 0.02059 0.50584 -2.50000
v -0.02059 0.50584 -2.50000
v -0.05391 0.48164 -2.50000
v -0.03982 0.41354 -2.50000
v -0.04922 0.44247 -2.50000
v -0.01521 0.39567 -2.50000
v 0.01521 0.39567 -2.50000
v 0.03982 0.41354 -2.50000
v 0.04922 0.44247 -2.50000
v 0.03982 0.47140 -2.50000
v 0.01521 0.48928 -2.50000
v -0.01521 0.48928 -2.50000
v -0.03982 0.47140 -2.50000
v -0.03982 0.41354 -2.18041
v -0.04922 0.44247 -2.18041
v -0.01521 0.39567 -2.18041
v 0.01521 0.39567 -2.18041
v 0.03982 0.41354 -2.18041
v 0.04922 0.44247 -2.18041
v 0.03982 0.47140 -2.18041
v 0.01521 0.48928 -2.18041
v -0.01521 0.48928 -2.18041
v -0.03982 0.47140 -2.18041
v 0.10856 0.46755 -0.26590
v 0.10856 0.45564 -0.24234
v 0.10856 0.43992 -0.24234
v 0.10856 0.42801 -0.26590
v 0.10856 0.45564 -0.34620
v 0.10856 0.46755 -0.32264
v 0.10856 0.42801 -0.32264
v 0.10856 0.43992 -0.34620
v 0.10856 0.46755 -0.42170
v 0.10856 0.45564 -0.39814
v 0.10856 0.43992 -0.39814
v 0.10856 0.42801 -0.42170
v 0.10856 0.45564 -0.50200
v 0.10856 0.46755 -0.47844
v 0.10856 0.42801 -0.47844
v 0.10856 0.43992 -0.50200
v 0.10856 0.46755 -0.57750
v 0.10856 0.45564 -0.55394
v 0.10856 0.43992 -0.55394
v 0.10856 0.42801 -0.57750
v 0.10856 0.45564 -0.65780
v 0.10856 0.46755 -0.63424
v 0.10856 0.42801 -0.63424
v 0.10856 0.43992 -0.65780
v 0.10856 0.46755 -0.73330
v 0.10856 0.45564 -0.70974
v 0.10856 0.43992 -0.70974
v 0.10856 0.42801 -0.73330
v 0.10856 0.45564 -0.81360
v 0.10856 0.46755 -0.79004
v 0.10856 0.42801 -0.79004
v 0.10856 0.43992 -0.81360
v 0.10856 0.46755 -0.88910
v 0.10856 0.45564 -0.86554
v 0.10856 0.43992 -0.86554
v 0.10856 0.42801 -0.88910
v 0.10856 0.45564 -0.96940
v 0.10856 0.46755 -0.94584
v 0.10856 0.42801 -0.94584
v 0.10856 0.43992 -0.96940
v 0.10856 0.46755 -1.04490
v 0.10856 0.45564 -1.02134
v 0.10856 0.43992 -1.02134
v 0.10856 0.42801 -1.04490
v 0.10856 0.45564 -1.12520
v 0.10856 0.46755 -1.10164
v 0.10856 0.42801 -1.10164
v 0.10856 0.43992 -1.12520
v 0.10856 0.46755 -1.20070
v 0.10856 0.45564 -1.17714
v 0.10856 0.43992 -1.17714
v 0.10856 0.42801 -1.20070
v 0.10856 0.45564 -1.28100
v 0.10856 0.46755 -1.25744
v 0.10856 0.42801 -1.25744
v 0.10856 0.43992 -1.28100
v 0.10856 0.46755 -1.35650
v 0.10856 0.45564 -1.33294
v 0.10856 0.43992 -1.33294
v 0.10856 0.42801 -1.35650
v 0.10856 0.45564 -1.43680
v 0.10856 0.46755 -1.41324
v 0.10856 0.42801 -1.41324
v 0.10856 0.43992 -1.43680
v 0.10856 0.46755 -1.51230
v 0.10856 0.45564 -1.48874
v 0.10856 0.43992 -1.48874
v 0.10856 0.42801 -1.51230
v 0.10856 0.45564 -1.59260
v 0.10856 0.46755 -1.56904
v 0.10856 0.42801 -1.56904
v 0.10856 0.43992 -1.59260
v 0.10856 0.46755 -1.66810
v 0.10856 0.45564 -1.64454
v 0.10856 0.43992 -1.64454
v 0.10856 0.42801 -1.66810
v 0.10856 0.45564 -1.74840
v 0.10856 0.46755 -1.72484
v 0.10856 0.42801 -1.72484
v 0.10856 0.43992 -1.74840
v 0.10856 0.46755 -1.82390
v 0.10856 0.45564 -1.80033
v 0.10856 0.43992 -1.80033
v 0.10856 0.42801 -1.82390
v 0.10856 0.45564 -1.90420
v 0.10856 0.46755 -1.88064
v 0.10856 0.42801 -1.88064
v 0.10856 0.43992 -1.90420
v 0.10856 0.46755 -1.97970
v 0.10856 0.45564 -1.95614
v 0.10856 0.43992 -1.95614
v 0.10856 0.42801 -1.97970
v 0.10856 0.45564 -2.06000
v 0.10856 0.46755 -2.03644
v 0.10856 0.42801 -2.03644
v 0.10856 0.43992 -2.06000
v 0.06344 0.61573 0.43714
v -0.06344 0.61573 0.43714
v 0.06344 0.61573 -2.11316
v -0.06344 0.61573 -2.11316
v 0.05596 0.69675 0.43714
v -0.05596 0.69675 0.43714
v -0.05596 0.69675 -2.11316
v 0.05596 0.69675 -2.11316
v 0.08168 -0.13574 2.44180
v 0.08168 0.64557 2.44180
v -0.08168 -0.13574 2.44180
v -0.08168 0.64557 2.44180
v 0.14781 0.52298 2.44180
v -0.14781 0.52298 2.44180
v -0.14781 -0.04380 2.44180
v 0.14781 -0.04380 2.44180
v -0.08168 -0.13574 2.50000
v 0.08168 -0.13574 2.50000
v 0.14781 0.52298 2.50000
v 0.08168 0.64557 2.50000
v -0.08168 0.64557 2.50000
v -0.14781 -0.04380 2.50000
v 0.14781 -0.04380 2.50000
v -0.14781 0.52298 2.50000
v 0.07163 0.11555 0.55806
v -0.07163 0.11555 0.55806
v 0.07163 -0.02879 0.67143
v 0.07163 0.05509 0.56977
v -0.07163 0.05509 0.56977
v -0.07163 -0.02879 0.67143
v -0.06017 0.11128 0.61640
v 0.06017 0.11128 0.61640
v 0.06017 0.11128 -0.75564
v -0.06017 0.11128 -0.75564
v -0.06017 0.04404 0.61640
v 0.06017 0.04404 0.61640
v 0.06017 0.04404 -0.75564
v -0.06017 0.04404 -0.75564
v 0.04386 0.05792 -0.71815
v -0.04386 0.05792 -0.71815
v 0.04386 -0.16275 -0.64158
v -0.04386 -0.16275 -0.64158
v 0.04386 0.05358 -0.74161
v -0.04386 0.05358 -0.74161
v 0.04386 -0.17426 -0.65896
v -0.04386 -0.17426 -0.65896
v 0.04386 -0.17789 -0.62689
v -0.04386 -0.17789 -0.62689
v 0.04386 -0.19498 -0.64403
v -0.04386 -0.19498 -0.64403
v 0.04386 -0.18326 -0.60530
v -0.04386 -0.18326 -0.60530
v 0.04386 -0.20170 -0.60693
v -0.04386 -0.20170 -0.60693
v 0.04386 -0.18324 -0.24169
v -0.04386 -0.18324 -0.24169
v 0.04386 -0.20172 -0.24080
v -0.04386 -0.20172 -0.24080
v 0.04386 -0.17344 -0.22710
v -0.04386 -0.17344 -0.22710
v 0.04386 -0.18942 -0.21776
v -0.04386 -0.18942 -0.21776
v 0.04386 -0.13878 -0.19740
v -0.04386 -0.13878 -0.19740
v 0.04386 -0.15195 -0.18439
v -0.04386 -0.15195 -0.18439
v -0.06344 0.67297 -2.11316
v 0.06344 0.67297 -2.11316
v 0.06344 0.67297 0.43714
v -0.06344 0.67297 0.43714
v -0.07163 0.11555 1.05804
v -0.03668 0.11555 1.09364
v 0.03668 0.11555 1.09364
v 0.07163 0.11555 1.05804
v -0.03668 -0.02879 1.12158
v -0.07163 -0.02879 1.08598
v 0.07163 -0.02879 1.08598
v 0.03668 -0.02879 1.12158
v 0.05909 0.05274 -0.17188
v 0.03558 0.05274 -0.19746
v 0.05220 0.05274 -0.18997
v -0.03558 0.05274 -0.19746
v -0.05909 0.05274 -0.17188
v -0.05220 0.05274 -0.18997
v 0.03558 0.05274 0.16880
v 0.05909 0.05274 0.14638
v 0.05220 0.05274 0.16223
v -0.05909 0.05274 0.14638
v -0.03558 0.05274 0.16880
v -0.05220 0.05274 0.16223
v 0.05909 -0.19257 -0.18316
v 0.03558 -0.20046 -0.20910
v 0.05220 -0.19815 -0.20150
v -0.03558 -0.20046 -0.20910
v -0.05909 -0.19257 -0.18316
v -0.05220 -0.19815 -0.20150
v 0.03558 -0.09376 0.14164
v 0.05909 -0.10099 0.11788
v 0.05220 -0.09588 0.13468
v -0.05909 -0.10099 0.11788
v -0.03558 -0.09376 0.14164
v -0.05220 -0.09588 0.13468
v 0.05909 -0.38201 -0.09100
v 0.03558 -0.38885 -0.11903
v 0.05220 -0.38685 -0.11082
v -0.03558 -0.38885 -0.11903
v -0.05909 -0.38201 -0.09100
v -0.05220 -0.38685 -0.11082
v 0.03558 -0.29684 0.25781
v 0.05909 -0.30275 0.23358
v 0.05220 -0.29857 0.25071
v -0.05909 -0.30275 0.23358
v -0.03558 -0.29684 0.25781
v -0.05220 -0.29857 0.25071
v -0.03558 -0.23739 -0.15416
v -0.05909 -0.23019 -0.12719
v -0.05220 -0.23528 -0.14626
v -0.05909 -0.29395 -0.08728
v -0.03558 -0.29954 -0.11526
v -0.05220 -0.29790 -0.10706
v -0.03558 -0.23432 0.21133
v -0.05909 -0.23930 0.18640
v -0.05220 -0.23578 0.20402
v -0.05909 -0.16074 0.13311
v -0.03558 -0.15434 0.15708
v -0.05220 -0.15621 0.15006
v 0.05909 -0.23019 -0.12719
v 0.03558 -0.23739 -0.15416
v 0.05220 -0.23528 -0.14626
v 0.03558 -0.29954 -0.11526
v 0.05909 -0.29395 -0.08728
v 0.05220 -0.29790 -0.10706
v 0.03558 -0.15434 0.15708
v 0.05909 -0.16074 0.13311
v 0.05220 -0.15621 0.15006
v 0.05909 -0.23930 0.18640
v 0.03558 -0.23432 0.21133
v 0.05220 -0.23578 0.20402
v 0.05909 -0.65807 0.07015
v 0.03558 -0.66753 0.04329
v 0.05221 -0.66476 0.05116
v 0.03558 -0.59694 0.01496
v 0.05909 -0.58802 0.04205
v 0.05220 -0.59433 0.02289
v -0.03558 -0.66753 0.04329
v -0.05908 -0.65807 0.07015
v -0.05220 -0.66476 0.05116
v -0.05909 -0.58802 0.04205
v -0.03558 -0.59694 0.01496
v -0.05220 -0.59433 0.02289
v -0.03558 -0.42570 0.34677
v -0.05909 -0.43278 0.32327
v -0.05220 -0.42777 0.33989
v -0.05909 -0.53929 -0.03013
v -0.03558 -0.54768 -0.05799
v -0.05220 -0.54523 -0.04983
v 0.03558 -0.54768 -0.05799
v 0.05909 -0.53929 -0.03013
v 0.05220 -0.54523 -0.04983
v 0.05909 -0.43278 0.32327
v 0.03558 -0.42570 0.34677
v 0.05220 -0.42777 0.33989
v -0.03558 -0.38145 0.32229
v -0.05909 -0.38764 0.29830
v -0.05220 -0.38326 0.31526
v -0.05909 -0.34538 0.26997
v -0.03558 -0.33914 0.29393
v -0.05220 -0.34097 0.28691
v -0.03558 -0.43016 -0.05600
v -0.05909 -0.42299 -0.02846
v -0.05220 -0.42806 -0.04794
v -0.05909 -0.46823 -0.01391
v -0.03558 -0.47534 -0.04148
v -0.05220 -0.47326 -0.03340
v 0.05909 -0.42299 -0.02846
v 0.03558 -0.43016 -0.05600
v 0.05220 -0.42806 -0.04794
v 0.03558 -0.47534 -0.04148
v 0.05909 -0.46823 -0.01391
v 0.05220 -0.47326 -0.03340
v 0.03558 -0.33914 0.29393
v 0.05909 -0.34538 0.26997
v 0.05220 -0.34097 0.28691
v 0.05909 -0.38764 0.29830
v 0.03558 -0.38145 0.32229
v 0.05220 -0.38326 0.31526
v 0.05909 -0.48742 0.34772
v 0.03558 -0.47977 0.37097
v 0.05220 -0.48201 0.36416
v 0.03558 -0.54354 0.39516
v 0.05909 -0.55167 0.37210
v 0.05221 -0.54592 0.38841
v -0.05908 -0.55167 0.37210
v -0.03558 -0.54354 0.39516
v -0.05220 -0.54592 0.38841
v -0.03558 -0.47977 0.37097
v -0.05909 -0.48742 0.34772
v -0.05220 -0.48201 0.36416
v 0.05909 -0.70703 0.07901
v 0.03558 -0.73403 0.07387
v 0.05221 -0.72612 0.07538
v 0.05909 -0.69136 0.06160
v 0.03558 -0.69918 0.03516
v 0.05221 -0.69689 0.04290
v -0.05908 -0.69136 0.06160
v -0.03558 -0.69918 0.03516
v -0.05220 -0.69689 0.04290
v -0.05908 -0.70703 0.07901
v -0.03558 -0.73403 0.07387
v -0.05220 -0.72612 0.07538
v 0.05909 -0.55083 0.37199
v 0.03558 -0.55542 0.39669
v 0.05221 -0.55407 0.38945
v 0.05909 -0.61164 0.33526
v 0.03558 -0.63081 0.35114
v 0.05221 -0.62519 0.34649
v -0.05908 -0.61164 0.33526
v -0.03558 -0.63081 0.35114
v -0.05220 -0.62519 0.34649
v -0.05908 -0.55083 0.37199
v -0.03558 -0.55542 0.39669
v -0.05220 -0.55407 0.38945
vt -1.54029 0.19581
vt -1.54029 0.28686
vt -1.58820 0.28686
f 669/2569 670/2570 672/2571
vt -1.54029 0.19581
vt -1.58820 0.28686
vt -1.58820 0.19581
f 669/2572 672/2573 671/2574
vt -0.06594 0.19581
vt -0.06594 0.28686
vt -0.02519 0.28686
f 671/2575 672/2576 674/2577
vt -0.06594 0.19581
vt -0.02519 0.28686
vt -0.02519 0.19581
f 671/2578 674/2579 673/2580
vt -0.02519 0.19581
vt -0.02519 0.28686
vt 0.02519 0.28686
f 673/2581 674/2582 676/2583
vt -0.02519 0.19581
vt 0.02519 0.28686
vt 0.02519 0.19581
f 673/2584 676/2585 675/2586
vt 0.02519 0.19581
vt 0.02519 0.28686
vt 0.06594 0.28686
f 675/2587 676/2588 678/2589
vt 0.02519 0.19581
vt 0.06594 0.28686
vt 0.06594 0.19581
f 675/2590 678/2591 677/2592
vt -1.58820 0.19581
vt -1.58820 0.28686
vt -1.54029 0.28686
f 677/2593 678/2594 680/2595
vt -1.58820 0.19581
vt -1.54029 0.28686
vt -1.54029 0.19581
f 677/2596 680/2597 679/2598
vt -1.54029 0.19581
vt -1.54029 0.28686
vt -1.49238 0.28686
f 679/2599 680/2600 682/2601
vt -1.54029 0.19581
vt -1.49238 0.28686
vt -1.49238 0.19581
f 679/2602 682/2603 681/2604
vt 0.06594 0.19581
vt 0.06594 0.28686
vt 0.02519 0.28686
f 681/2605 682/2606 684/2607
vt 0.06594 0.19581
vt 0.02519 0.28686
vt 0.02519 0.19581
f 681/2608 684/2609 683/2610
vt 0.02519 0.19581
vt 0.02519 0.28686
vt -0.02519 0.28686
f 683/2611 684/2612 686/2613
vt 0.02519 0.19581
vt -0.02519 0.28686
vt -0.02519 0.19581
f 683/2614 686/2615 685/2616
vt -0.06594 -1.58820
vt -0.08151 -1.54029
vt -0.06594 -1.49238
f 672/2617 670/2618 688/2619
vt -0.06594 -1.58820
vt -0.06594 -1.49238
vt -0.02519 -1.46277
f 672/2620 688/2621 686/2622
vt -0.06594 -1.58820
vt -0.02519 -1.46277
vt 0.02519 -1.46277
f 672/2623 686/2624 684/2625
vt -0.06594 -1.58820
vt 0.02519 -1.46277
vt 0.06594 -1.49238
f 672/2626 684/2627 682/2628
vt -0.06594 -1.58820
vt 0.06594 -1.49238
vt 0.08151 -1.54029
f 672/2629 682/2630 680/2631
vt -0.06594 -1.58820
vt 0.08151 -1.54029
vt 0.06594 -1.58820
f 672/2632 680/2633 678/2634
vt -0.06594 -1.58820
vt 0.06594 -1.58820
vt 0.02519 -1.61781
f 672/2635 678/2636 676/2637
vt -0.06594 -1.58820
vt 0.02519 -1.61781
vt -0.02519 -1.61781
f 672/2638 676/2639 674/2640
vt -0.02519 0.19581
vt -0.02519 0.28686
vt -0.06594 0.28686
f 685/2641 686/2642 688/2643
vt -0.02519 0.19581
vt -0.06594 0.28686
vt -0.06594 0.19581
f 685/2644 688/2645 687/2646
vt -1.49238 0.19581
vt -1.49238 0.28686
vt -1.54029 0.28686
f 687/2647 688/2648 670/2649
vt -1.49238 0.19581
vt -1.54029 0.28686
vt -1.54029 0.19581
f 687/2650 670/2651 669/2652
vt -1.54029 0.18366
vt -1.60172 0.18366
vt -1.60260 0.16733
f 750/2653 749/2654 690/2655
vt -1.54029 0.18366
vt -1.60260 0.16733
vt -1.54029 0.16733
f 750/2656 690/2657 689/2658
vt 0.08577 -1.60260
vt 0.10601 -1.54029
vt 0.08600 -1.54029
f 693/2659 694/2660 704/2661
vt 0.08577 -1.60260
vt 0.08600 -1.54029
vt 0.06957 -1.59084
f 693/2662 704/2663 703/2664
vt -0.03229 0.18366
vt 0.03229 0.18366
vt 0.03276 0.16733
f 752/2665 751/2666 692/2667
vt -0.03229 0.18366
vt 0.03276 0.16733
vt -0.03276 0.16733
f 752/2668 692/2669 691/2670
vt -0.08455 0.18366
vt -0.03229 0.18366
vt -0.03276 0.16733
f 749/2671 752/2672 691/2673
vt -0.08455 0.18366
vt -0.03276 0.16733
vt -0.08577 0.16733
f 749/2674 691/2675 690/2676
vt -1.47886 0.18366
vt -1.54029 0.18366
vt -1.54029 0.16733
f 753/2677 750/2678 689/2679
vt -1.47886 0.18366
vt -1.54029 0.16733
vt -1.47798 0.16733
f 753/2680 689/2681 698/2682
vt -0.03229 0.18366
vt -0.08455 0.18366
vt -0.08577 0.16733
f 754/2683 753/2684 698/2685
vt -0.03229 0.18366
vt -0.08577 0.16733
vt -0.03276 0.16733
f 754/2686 698/2687 697/2688
vt 0.03229 0.18366
vt -0.03229 0.18366
vt -0.03276 0.16733
f 755/2689 754/2690 697/2691
vt 0.03229 0.18366
vt -0.03276 0.16733
vt 0.03276 0.16733
f 755/2692 697/2693 696/2694
vt 0.08455 0.18366
vt 0.03229 0.18366
vt 0.03276 0.16733
f 756/2695 755/2696 696/2697
vt 0.08455 0.18366
vt 0.03276 0.16733
vt 0.08577 0.16733
f 756/2698 696/2699 695/2700
vt -1.54029 0.18366
vt -1.47886 0.18366
vt -1.47798 0.16733
f 757/2701 756/2702 695/2703
vt -1.54029 0.18366
vt -1.47798 0.16733
vt -1.54029 0.16733
f 757/2704 695/2705 694/2706
vt -1.60172 0.18366
vt -1.54029 0.18366
vt -1.54029 0.16733
f 758/2707 757/2708 694/2709
vt -1.60172 0.18366
vt -1.54029 0.16733
vt -1.60260 0.16733
f 758/2710 694/2711 693/2712
vt 0.03229 0.18366
vt 0.08455 0.18366
vt 0.08577 0.16733
f 751/2713 758/2714 693/2715
vt 0.03229 0.18366
vt 0.08577 0.16733
vt 0.03276 0.16733
f 751/2716 693/2717 692/2718
vt -0.06607 0.11614
vt -0.02523 0.11614
vt -0.02577 0.09528
f 740/2719 739/2720 711/2721
vt -0.06607 0.11614
vt -0.02577 0.09528
vt -0.06747 0.09528
f 740/2722 711/2723 710/2724
vt -0.08577 -1.60260
vt -0.03276 -1.64112
vt -0.02658 -1.62208
f 690/2725 691/2726 701/2727
vt -0.08577 -1.60260
vt -0.02658 -1.62208
vt -0.06957 -1.59084
f 690/2728 701/2729 700/2730
vt -0.03276 -1.43947
vt -0.08577 -1.47798
vt -0.06957 -1.48974
f 697/2731 698/2732 708/2733
vt -0.03276 -1.43947
vt -0.06957 -1.48974
vt -0.02658 -1.45850
f 697/2734 708/2735 707/2736
vt 0.10601 -1.54029
vt 0.08577 -1.47798
vt 0.06957 -1.48974
f 694/2737 695/2738 705/2739
vt 0.10601 -1.54029
vt 0.06957 -1.48974
vt 0.08600 -1.54029
f 694/2740 705/2741 704/2742
vt -0.03276 -1.64112
vt 0.03276 -1.64112
vt 0.02658 -1.62208
f 691/2743 692/2744 702/2745
vt -0.03276 -1.64112
vt 0.02658 -1.62208
vt -0.02658 -1.62208
f 691/2746 702/2747 701/2748
vt -0.08577 -1.47798
vt -0.10601 -1.54029
vt -0.08600 -1.54029
f 698/2749 689/2750 699/2751
vt -0.08577 -1.47798
vt -0.08600 -1.54029
vt -0.06957 -1.48974
f 698/2752 699/2753 708/2754
vt 0.08577 -1.47798
vt 0.03276 -1.43947
vt 0.02658 -1.45850
f 695/2755 696/2756 706/2757
vt 0.08577 -1.47798
vt 0.02658 -1.45850
vt 0.06957 -1.48974
f 695/2758 706/2759 705/2760
vt 0.03276 -1.64112
vt 0.08577 -1.60260
vt 0.06957 -1.59084
f 692/2761 693/2762 703/2763
vt 0.03276 -1.64112
vt 0.06957 -1.59084
vt 0.02658 -1.62208
f 692/2764 703/2765 702/2766
vt -0.10601 -1.54029
vt -0.08577 -1.60260
vt -0.06957 -1.59084
f 689/2767 690/2768 700/2769
vt -0.10601 -1.54029
vt -0.06957 -1.59084
vt -0.08600 -1.54029
f 689/2770 700/2771 699/2772
vt 0.03276 -1.43947
vt -0.03276 -1.43947
vt -0.02658 -1.45850
f 696/2773 697/2774 707/2775
vt 0.03276 -1.43947
vt -0.02658 -1.45850
vt 0.02658 -1.45850
f 696/2776 707/2777 706/2778
vt -1.54029 0.09528
vt -1.49128 0.09528
vt -1.47959 0.06114
f 714/2779 715/2780 725/2781
vt -1.54029 0.09528
vt -1.47959 0.06114
vt -1.54029 0.06114
f 714/2782 725/2783 724/2784
vt -0.02523 0.11614
vt -0.06607 0.11614
vt -0.06747 0.09528
f 742/2785 741/2786 718/2787
vt -0.02523 0.11614
vt -0.06747 0.09528
vt -0.02577 0.09528
f 742/2788 718/2789 717/2790
vt -1.54029 0.11614
vt -1.49228 0.11614
vt -1.49128 0.09528
f 744/2791 743/2792 715/2793
vt -1.54029 0.11614
vt -1.49128 0.09528
vt -1.54029 0.09528
f 744/2794 715/2795 714/2796
vt -0.02523 0.11614
vt 0.02523 0.11614
vt 0.02577 0.09528
f 739/2797 745/2798 712/2799
vt -0.02523 0.11614
vt 0.02577 0.09528
vt -0.02577 0.09528
f 739/2800 712/2801 711/2802
vt -1.49228 0.11614
vt -1.54029 0.11614
vt -1.54029 0.09528
f 741/2803 746/2804 709/2805
vt -1.49228 0.11614
vt -1.54029 0.09528
vt -1.49128 0.09528
f 741/2806 709/2807 718/2808
vt 0.06607 0.11614
vt 0.02523 0.11614
vt 0.02577 0.09528
f 743/2809 747/2810 716/2811
vt 0.06607 0.11614
vt 0.02577 0.09528
vt 0.06747 0.09528
f 743/2812 716/2813 715/2814
vt 0.02523 0.11614
vt 0.06607 0.11614
vt 0.06747 0.09528
f 745/2815 748/2816 713/2817
vt 0.02523 0.11614
vt 0.06747 0.09528
vt 0.02577 0.09528
f 745/2818 713/2819 712/2820
vt -1.54029 0.11614
vt -1.58829 0.11614
vt -1.58931 0.09528
f 746/2821 740/2822 710/2823
vt -1.54029 0.11614
vt -1.58931 0.09528
vt -1.54029 0.09528
f 746/2824 710/2825 709/2826
vt 0.02523 0.11614
vt -0.02523 0.11614
vt -0.02577 0.09528
f 747/2827 742/2828 717/2829
vt 0.02523 0.11614
vt -0.02577 0.09528
vt 0.02577 0.09528
f 747/2830 717/2831 716/2832
vt -1.58829 0.11614
vt -1.54029 0.11614
vt -1.54029 0.09528
f 748/2833 744/2834 714/2835
vt -1.58829 0.11614
vt -1.54029 0.09528
vt -1.58931 0.09528
f 748/2836 714/2837 713/2838
vt 0.08354 -1.47959
vt 0.10326 -1.54029
vt 0.10994 -1.54029
f 735/2839 734/2840 934/2841
vt 0.08354 -1.47959
vt 0.10994 -1.54029
vt 0.08894 -1.47567
f 735/2842 934/2843 935/2844
vt -0.02577 0.09528
vt 0.02577 0.09528
vt 0.03191 0.06114
f 711/2845 712/2846 722/2847
vt -0.02577 0.09528
vt 0.03191 0.06114
vt -0.03191 0.06114
f 711/2848 722/2849 721/2850
vt -1.49128 0.09528
vt -1.54029 0.09528
vt -1.54029 0.06114
f 718/2851 709/2852 719/2853
vt -1.49128 0.09528
vt -1.54029 0.06114
vt -1.47959 0.06114
f 718/2854 719/2855 728/2856
vt 0.06747 0.09528
vt 0.02577 0.09528
vt 0.03191 0.06114
f 715/2857 716/2858 726/2859
vt 0.06747 0.09528
vt 0.03191 0.06114
vt 0.08354 0.06114
f 715/2860 726/2861 725/2862
vt 0.02577 0.09528
vt 0.06747 0.09528
vt 0.08354 0.06114
f 712/2863 713/2864 723/2865
vt 0.02577 0.09528
vt 0.08354 0.06114
vt 0.03191 0.06114
f 712/2866 723/2867 722/2868
vt -1.54029 0.09528
vt -1.58931 0.09528
vt -1.60098 0.06114
f 709/2869 710/2870 720/2871
vt -1.54029 0.09528
vt -1.60098 0.06114
vt -1.54029 0.06114
f 709/2872 720/2873 719/2874
vt 0.02577 0.09528
vt -0.02577 0.09528
vt -0.03191 0.06114
f 716/2875 717/2876 727/2877
vt 0.02577 0.09528
vt -0.03191 0.06114
vt 0.03191 0.06114
f 716/2878 727/2879 726/2880
vt -1.58931 0.09528
vt -1.54029 0.09528
vt -1.54029 0.06114
f 713/2881 714/2882 724/2883
vt -1.58931 0.09528
vt -1.54029 0.06114
vt -1.60098 0.06114
f 713/2884 724/2885 723/2886
vt -0.06747 0.09528
vt -0.02577 0.09528
vt -0.03191 0.06114
f 710/2887 711/2888 721/2889
vt -0.06747 0.09528
vt -0.03191 0.06114
vt -0.08354 0.06114
f 710/2890 721/2891 720/2892
vt -0.02577 0.09528
vt -0.06747 0.09528
vt -0.08354 0.06114
f 717/2893 718/2894 728/2895
vt -0.02577 0.09528
vt -0.08354 0.06114
vt -0.03191 0.06114
f 717/2896 728/2897 727/2898
vt -0.10326 -1.54029
vt -0.08354 -1.60098
vt -0.03191 -1.63849
f 729/2899 730/2900 731/2901
vt -0.10326 -1.54029
vt -0.03191 -1.63849
vt 0.03191 -1.63849
f 729/2902 731/2903 732/2904
vt -0.10326 -1.54029
vt 0.03191 -1.63849
vt 0.08354 -1.60098
f 729/2905 732/2906 733/2907
vt -0.10326 -1.54029
vt 0.08354 -1.60098
vt 0.10326 -1.54029
f 729/2908 733/2909 734/2910
vt -0.10326 -1.54029
vt 0.10326 -1.54029
vt 0.08354 -1.47959
f 729/2911 734/2912 735/2913
vt -0.10326 -1.54029
vt 0.08354 -1.47959
vt 0.03191 -1.44208
f 729/2914 735/2915 736/2916
vt -0.10326 -1.54029
vt 0.03191 -1.44208
vt -0.03191 -1.44208
f 729/2917 736/2918 737/2919
vt -0.10326 -1.54029
vt -0.03191 -1.44208
vt -0.08354 -1.47959
f 729/2920 737/2921 738/2922
vt -0.03191 -1.44208
vt 0.03191 -1.44208
vt 0.03398 -1.43573
f 912/2923 852/2924 1017/2925
vt -0.03191 -1.44208
vt 0.03398 -1.43573
vt -0.03398 -1.43573
f 912/2926 1017/2927 1074/2928
vt -0.08354 -1.47959
vt -0.10326 -1.54029
vt -0.10994 -1.54029
f 834/2929 813/2930 979/2931
vt -0.08354 -1.47959
vt -0.10994 -1.54029
vt -0.08894 -1.47567
f 834/2932 979/2933 999/2934
vt -0.03191 -1.44208
vt -0.08354 -1.47959
vt -0.08894 -1.47567
f 905/2935 832/2936 997/2937
vt -0.03191 -1.44208
vt -0.08894 -1.47567
vt -0.03398 -1.43573
f 905/2938 997/2939 1067/2940
vt 0.10326 -1.54029
vt 0.08354 -1.60098
vt 0.08894 -1.60491
f 734/2941 733/2942 933/2943
vt 0.10326 -1.54029
vt 0.08894 -1.60491
vt 0.10994 -1.54029
f 734/2944 933/2945 934/2946
vt 0.03191 -1.44208
vt -0.03191 -1.44208
vt -0.03398 -1.43573
f 851/2947 911/2948 1073/2949
vt 0.03191 -1.44208
vt -0.03398 -1.43573
vt 0.03398 -1.43573
f 851/2950 1073/2951 1016/2952
vt -0.10326 -1.54029
vt -0.08354 -1.47959
vt -0.08894 -1.47567
f 812/2953 835/2954 1000/2955
vt -0.10326 -1.54029
vt -0.08894 -1.47567
vt -0.10994 -1.54029
f 812/2956 1000/2957 978/2958
vt -0.08354 -1.47959
vt -0.03191 -1.44208
vt -0.03398 -1.43573
f 833/2959 904/2960 1066/2961
vt -0.08354 -1.47959
vt -0.03398 -1.43573
vt -0.08894 -1.47567
f 833/2962 1066/2963 998/2964
vt 0.08354 -1.60098
vt 0.03191 -1.63849
vt 0.03398 -1.64485
f 733/2965 732/2966 932/2967
vt 0.08354 -1.60098
vt 0.03398 -1.64485
vt 0.08894 -1.60491
f 733/2968 932/2969 933/2970
vt -0.03191 -1.44208
vt 0.03191 -1.44208
vt 0.03398 -1.43573
f 910/2971 850/2972 1015/2973
vt -0.03191 -1.44208
vt 0.03398 -1.43573
vt -0.03398 -1.43573
f 910/2974 1015/2975 1072/2976
vt -1.59084 0.14946
vt -1.54029 0.14946
vt -1.54029 0.11614
f 703/2977 704/2978 744/2979
vt -1.59084 0.14946
vt -1.54029 0.11614
vt -1.58829 0.11614
f 703/2980 744/2981 748/2982
vt 0.02658 0.14946
vt -0.02658 0.14946
vt -0.02523 0.11614
f 706/2983 707/2984 742/2985
vt 0.02658 0.14946
vt -0.02523 0.11614
vt 0.02523 0.11614
f 706/2986 742/2987 747/2988
vt -1.54029 0.14946
vt -1.59084 0.14946
vt -1.58829 0.11614
f 699/2989 700/2990 740/2991
vt -1.54029 0.14946
vt -1.58829 0.11614
vt -1.54029 0.11614
f 699/2992 740/2993 746/2994
vt 0.02658 0.14946
vt 0.06957 0.14946
vt 0.06607 0.11614
f 702/2995 703/2996 748/2997
vt 0.02658 0.14946
vt 0.06607 0.11614
vt 0.02523 0.11614
f 702/2998 748/2999 745/3000
vt 0.06957 0.14946
vt 0.02658 0.14946
vt 0.02523 0.11614
f 705/3001 706/3002 747/3003
vt 0.06957 0.14946
vt 0.02523 0.11614
vt 0.06607 0.11614
f 705/3004 747/3005 743/3006
vt -1.48974 0.14946
vt -1.54029 0.14946
vt -1.54029 0.11614
f 708/3007 699/3008 746/3009
vt -1.48974 0.14946
vt -1.54029 0.11614
vt -1.49228 0.11614
f 708/3010 746/3011 741/3012
vt -0.02658 0.14946
vt 0.02658 0.14946
vt 0.02523 0.11614
f 701/3013 702/3014 745/3015
vt -0.02658 0.14946
vt 0.02523 0.11614
vt -0.02523 0.11614
f 701/3016 745/3017 739/3018
vt -1.54029 0.14946
vt -1.48974 0.14946
vt -1.49228 0.11614
f 704/3019 705/3020 743/3021
vt -1.54029 0.14946
vt -1.49228 0.11614
vt -1.54029 0.11614
f 704/3022 743/3023 744/3024
vt -0.02658 0.14946
vt -0.06957 0.14946
vt -0.06607 0.11614
f 707/3025 708/3026 741/3027
vt -0.02658 0.14946
vt -0.06607 0.11614
vt -0.02523 0.11614
f 707/3028 741/3029 742/3030
vt -0.06957 0.14946
vt -0.02658 0.14946
vt -0.02523 0.11614
f 700/3031 701/3032 739/3033
vt -0.06957 0.14946
vt -0.02523 0.11614
vt -0.06607 0.11614
f 700/3034 739/3035 740/3036
vt 0.02519 -1.61781
vt 0.06594 -1.58820
vt 0.08455 -1.60172
f 675/3037 677/3038 758/3039
vt 0.02519 -1.61781
vt 0.08455 -1.60172
vt 0.03229 -1.63968
f 675/3040 758/3041 751/3042
vt 0.06594 -1.58820
vt 0.08151 -1.54029
vt 0.10451 -1.54029
f 677/3043 679/3044 757/3045
vt 0.06594 -1.58820
vt 0.10451 -1.54029
vt 0.08455 -1.60172
f 677/3046 757/3047 758/3048
vt 0.08151 -1.54029
vt 0.06594 -1.49238
vt 0.08455 -1.47886
f 679/3049 681/3050 756/3051
vt 0.08151 -1.54029
vt 0.08455 -1.47886
vt 0.10451 -1.54029
f 679/3052 756/3053 757/3054
vt 0.06594 -1.49238
vt 0.02519 -1.46277
vt 0.03229 -1.44089
f 681/3055 683/3056 755/3057
vt 0.06594 -1.49238
vt 0.03229 -1.44089
vt 0.08455 -1.47886
f 681/3058 755/3059 756/3060
vt 0.02519 -1.46277
vt -0.02519 -1.46277
vt -0.03229 -1.44089
f 683/3061 685/3062 754/3063
vt 0.02519 -1.46277
vt -0.03229 -1.44089
vt 0.03229 -1.44089
f 683/3064 754/3065 755/3066
vt -0.02519 -1.46277
vt -0.06594 -1.49238
vt -0.08455 -1.47886
f 685/3067 687/3068 753/3069
vt -0.02519 -1.46277
vt -0.08455 -1.47886
vt -0.03229 -1.44089
f 685/3070 753/3071 754/3072
vt -0.06594 -1.49238
vt -0.08151 -1.54029
vt -0.10451 -1.54029
f 687/3073 669/3074 750/3075
vt -0.06594 -1.49238
vt -0.10451 -1.54029
vt -0.08455 -1.47886
f 687/3076 750/3077 753/3078
vt -0.06594 -1.58820
vt -0.02519 -1.61781
vt -0.03229 -1.63968
f 671/3079 673/3080 752/3081
vt -0.06594 -1.58820
vt -0.03229 -1.63968
vt -0.08455 -1.60172
f 671/3082 752/3083 749/3084
vt -0.02519 -1.61781
vt 0.02519 -1.61781
vt 0.03229 -1.63968
f 673/3085 675/3086 751/3087
vt -0.02519 -1.61781
vt 0.03229 -1.63968
vt -0.03229 -1.63968
f 673/3088 751/3089 752/3090
vt -0.08151 -1.54029
vt -0.06594 -1.58820
vt -0.08455 -1.60172
f 669/3091 671/3092 749/3093
vt -0.08151 -1.54029
vt -0.08455 -1.60172
vt -0.10451 -1.54029
f 669/3094 749/3095 750/3096
vt -0.04977 0.14957
vt -0.04026 0.17882
vt -0.01538 0.19689
f 759/3097 768/3098 767/3099
vt -0.04977 0.14957
vt -0.01538 0.19689
vt 0.01538 0.19689
f 759/3100 767/3101 766/3102
vt -0.04977 0.14957
vt 0.01538 0.19689
vt 0.04026 0.17882
f 759/3103 766/3104 765/3105
vt -0.04977 0.14957
vt 0.04026 0.17882
vt 0.04977 0.14957
f 759/3106 765/3107 764/3108
vt -0.04977 0.14957
vt 0.04977 0.14957
vt 0.04026 0.12031
f 759/3109 764/3110 763/3111
vt -0.04977 0.14957
vt 0.04026 0.12031
vt 0.01538 0.10223
f 759/3112 763/3113 762/3114
vt -0.04977 0.14957
vt 0.01538 0.10223
vt -0.01538 0.10223
f 759/3115 762/3116 761/3117
vt -0.04977 0.14957
vt -0.01538 0.10223
vt -0.04026 0.12031
f 759/3118 761/3119 760/3120
vt -0.04977 0.14957
vt -0.04026 0.12031
vt -0.01538 0.10223
f 769/3121 770/3122 771/3123
vt -0.04977 0.14957
vt -0.01538 0.10223
vt 0.01538 0.10223
f 769/3124 771/3125 772/3126
vt -0.04977 0.14957
vt 0.01538 0.10223
vt 0.04026 0.12031
f 769/3127 772/3128 773/3129
vt -0.04977 0.14957
vt 0.04026 0.12031
vt 0.04977 0.14957
f 769/3130 773/3131 774/3132
vt -0.04977 0.14957
vt 0.04977 0.14957
vt 0.04026 0.17882
f 769/3133 774/3134 775/3135
vt -0.04977 0.14957
vt 0.04026 0.17882
vt 0.01538 0.19689
f 769/3136 775/3137 776/3138
vt -0.04977 0.14957
vt 0.01538 0.19689
vt -0.01538 0.19689
f 769/3139 776/3140 777/3141
vt -0.04977 0.14957
vt -0.01538 0.19689
vt -0.04026 0.17882
f 769/3142 777/3143 778/3144
vt 0.01538 -0.90604
vt 0.04026 -0.90604
vt 0.04026 -0.82078
f 762/3145 763/3146 773/3147
vt 0.01538 -0.90604
vt 0.04026 -0.82078
vt 0.01538 -0.82078
f 762/3148 773/3149 772/3150
vt -0.90604 0.14957
vt -0.90604 0.12031
vt -0.82078 0.12031
f 759/3151 760/3152 770/3153
vt -0.90604 0.14957
vt -0.82078 0.12031
vt -0.82078 0.14957
f 759/3154 770/3155 769/3156
vt 0.01538 -0.90604
vt -0.01538 -0.90604
vt -0.01538 -0.82078
f 766/3157 767/3158 777/3159
vt 0.01538 -0.90604
vt -0.01538 -0.82078
vt 0.01538 -0.82078
f 766/3160 777/3161 776/3162
vt -0.90604 0.12031
vt -0.90604 0.14957
vt -0.82078 0.14957
f 763/3163 764/3164 774/3165
vt -0.90604 0.12031
vt -0.82078 0.14957
vt -0.82078 0.12031
f 763/3166 774/3167 773/3168
vt -0.04026 -0.90604
vt -0.01538 -0.90604
vt -0.01538 -0.82078
f 760/3169 761/3170 771/3171
vt -0.04026 -0.90604
vt -0.01538 -0.82078
vt -0.04026 -0.82078
f 760/3172 771/3173 770/3174
vt -0.01538 -0.90604
vt -0.04026 -0.90604
vt -0.04026 -0.82078
f 767/3175 768/3176 778/3177
vt -0.01538 -0.90604
vt -0.04026 -0.82078
vt -0.01538 -0.82078
f 767/3178 778/3179 777/3180
vt -0.90604 0.14957
vt -0.90604 0.17882
vt -0.82078 0.17882
f 764/3181 765/3182 775/3183
vt -0.90604 0.14957
vt -0.82078 0.17882
vt -0.82078 0.14957
f 764/3184 775/3185 774/3186
vt -0.01538 -0.90604
vt 0.01538 -0.90604
vt 0.01538 -0.82078
f 761/3187 762/3188 772/3189
vt -0.01538 -0.90604
vt 0.01538 -0.82078
vt -0.01538 -0.82078
f 761/3190 772/3191 771/3192
vt -0.90604 0.17882
vt -0.90604 0.14957
vt -0.82078 0.14957
f 768/3193 759/3194 769/3195
vt -0.90604 0.17882
vt -0.82078 0.14957
vt -0.82078 0.17882
f 768/3196 769/3197 778/3198
vt 0.04026 -0.90604
vt 0.01538 -0.90604
vt 0.01538 -0.82078
f 765/3199 766/3200 776/3201
vt 0.04026 -0.90604
vt 0.01538 -0.82078
vt 0.04026 -0.82078
f 765/3202 776/3203 775/3204
vt -1.54029 0.06114
vt -1.47959 0.06114
vt -1.47959 0.04216
f 724/3205 725/3206 868/3207
vt -1.54029 0.06114
vt -1.47959 0.04216
vt -1.54029 0.04216
f 724/3208 868/3209 914/3210
vt -0.08354 -1.47959
vt -0.10326 -1.54029
vt -0.10994 -1.54029
f 836/3211 811/3212 977/3213
vt -0.08354 -1.47959
vt -0.10994 -1.54029
vt -0.08894 -1.47567
f 836/3214 977/3215 1001/3216
vt -1.54029 0.02318
vt -1.47959 0.02318
vt -1.47959 0.00419
f 915/3217 867/3218 866/3219
vt -1.54029 0.02318
vt -1.47959 0.00419
vt -1.54029 0.00419
f 915/3220 866/3221 916/3222
vt -0.03191 -1.44208
vt -0.08354 -1.47959
vt -0.08894 -1.47567
f 903/3223 834/3224 999/3225
vt -0.03191 -1.44208
vt -0.08894 -1.47567
vt -0.03398 -1.43573
f 903/3226 999/3227 1065/3228
vt -1.54029 -0.01479
vt -1.47959 -0.01479
vt -1.47959 -0.03377
f 917/3229 865/3230 864/3231
vt -1.54029 -0.01479
vt -1.47959 -0.03377
vt -1.54029 -0.03377
f 917/3232 864/3233 918/3234
vt 0.03191 -1.63849
vt -0.03191 -1.63849
vt -0.03398 -1.64485
f 732/3235 731/3236 931/3237
vt 0.03191 -1.63849
vt -0.03398 -1.64485
vt 0.03398 -1.64485
f 732/3238 931/3239 932/3240
vt -1.54029 -0.05276
vt -1.47959 -0.05276
vt -1.47959 -0.07174
f 919/3241 863/3242 862/3243
vt -1.54029 -0.05276
vt -1.47959 -0.07174
vt -1.54029 -0.07174
f 919/3244 862/3245 920/3246
vt 0.03191 -1.44208
vt -0.03191 -1.44208
vt -0.03398 -1.43573
f 849/3247 909/3248 1071/3249
vt 0.03191 -1.44208
vt -0.03398 -1.43573
vt 0.03398 -1.43573
f 849/3250 1071/3251 1014/3252
vt -1.54029 -0.09073
vt -1.47959 -0.09073
vt -1.47959 -0.10971
f 921/3253 861/3254 860/3255
vt -1.54029 -0.09073
vt -1.47959 -0.10971
vt -1.54029 -0.10971
f 921/3256 860/3257 922/3258
vt -0.10326 -1.54029
vt -0.08354 -1.47959
vt -0.08894 -1.47567
f 810/3259 837/3260 1002/3261
vt -0.10326 -1.54029
vt -0.08894 -1.47567
vt -0.10994 -1.54029
f 810/3262 1002/3263 976/3264
vt -1.54029 -0.12869
vt -1.47959 -0.12869
vt -1.47959 -0.14768
f 923/3265 859/3266 858/3267
vt -1.54029 -0.12869
vt -1.47959 -0.14768
vt -1.54029 -0.14768
f 923/3268 858/3269 924/3270
vt -0.08354 -1.47959
vt -0.03191 -1.44208
vt -0.03398 -1.43573
f 835/3271 902/3272 1064/3273
vt -0.08354 -1.47959
vt -0.03398 -1.43573
vt -0.08894 -1.47567
f 835/3274 1064/3275 1000/3276
vt -1.54029 -0.16666
vt -1.47959 -0.16666
vt -1.47959 -0.18565
f 925/3277 857/3278 856/3279
vt -1.54029 -0.16666
vt -1.47959 -0.18565
vt -1.54029 -0.18565
f 925/3280 856/3281 926/3282
vt -0.03191 -1.63849
vt -0.08354 -1.60098
vt -0.08894 -1.60491
f 731/3283 730/3284 930/3285
vt -0.03191 -1.63849
vt -0.08894 -1.60491
vt -0.03398 -1.64485
f 731/3286 930/3287 931/3288
vt -1.54029 -0.20463
vt -1.47959 -0.20463
vt -1.47959 -0.22362
f 927/3289 855/3290 854/3291
vt -1.54029 -0.20463
vt -1.47959 -0.22362
vt -1.54029 -0.22362
f 927/3292 854/3293 928/3294
vt -0.03191 0.06114
vt -0.08354 0.06114
vt -0.08354 0.04216
f 727/3295 728/3296 838/3297
vt -0.03191 0.06114
vt -0.08354 0.04216
vt -0.03191 0.04216
f 727/3298 838/3299 899/3300
vt -0.03191 -1.44208
vt 0.03191 -1.44208
vt 0.03398 -1.43573
f 908/3301 848/3302 1013/3303
vt -0.03191 -1.44208
vt 0.03398 -1.43573
vt -0.03398 -1.43573
f 908/3304 1013/3305 1070/3306
vt -0.03191 0.02318
vt -0.08354 0.02318
vt -0.08354 0.00419
f 900/3307 837/3308 836/3309
vt -0.03191 0.02318
vt -0.08354 0.00419
vt -0.03191 0.00419
f 900/3310 836/3311 901/3312
vt -0.08354 -1.47959
vt -0.10326 -1.54029
vt -0.10994 -1.54029
f 838/3313 809/3314 975/3315
vt -0.08354 -1.47959
vt -0.10994 -1.54029
vt -0.08894 -1.47567
f 838/3316 975/3317 1003/3318
vt -0.03191 -0.01479
vt -0.08354 -0.01479
vt -0.08354 -0.03377
f 902/3319 835/3320 834/3321
vt -0.03191 -0.01479
vt -0.08354 -0.03377
vt -0.03191 -0.03377
f 902/3322 834/3323 903/3324
vt -0.03191 -1.44208
vt -0.08354 -1.47959
vt -0.08894 -1.47567
f 901/3325 836/3326 1001/3327
vt -0.03191 -1.44208
vt -0.08894 -1.47567
vt -0.03398 -1.43573
f 901/3328 1001/3329 1063/3330
vt -0.03191 -0.05276
vt -0.08354 -0.05276
vt -0.08354 -0.07174
f 904/3331 833/3332 832/3333
vt -0.03191 -0.05276
vt -0.08354 -0.07174
vt -0.03191 -0.07174
f 904/3334 832/3335 905/3336
vt -0.08354 -1.60098
vt -0.10326 -1.54029
vt -0.10994 -1.54029
f 730/3337 729/3338 929/3339
vt -0.08354 -1.60098
vt -0.10994 -1.54029
vt -0.08894 -1.60491
f 730/3340 929/3341 930/3342
vt -0.03191 -0.09073
vt -0.08354 -0.09073
vt -0.08354 -0.10971
f 906/3343 831/3344 830/3345
vt -0.03191 -0.09073
vt -0.08354 -0.10971
vt -0.03191 -0.10971
f 906/3346 830/3347 907/3348
vt 0.03191 -1.44208
vt -0.03191 -1.44208
vt -0.03398 -1.43573
f 847/3349 907/3350 1069/3351
vt 0.03191 -1.44208
vt -0.03398 -1.43573
vt 0.03398 -1.43573
f 847/3352 1069/3353 1012/3354
vt -0.03191 -0.12869
vt -0.08354 -0.12869
vt -0.08354 -0.14768
f 908/3355 829/3356 828/3357
vt -0.03191 -0.12869
vt -0.08354 -0.14768
vt -0.03191 -0.14768
f 908/3358 828/3359 909/3360
vt 0.08354 -1.47959
vt 0.03191 -1.44208
vt 0.03398 -1.43573
f 854/3361 853/3362 941/3363
vt 0.08354 -1.47959
vt 0.03398 -1.43573
vt 0.08894 -1.47567
f 854/3364 941/3365 1018/3366
vt -0.03191 -0.16666
vt -0.08354 -0.16666
vt -0.08354 -0.18565
f 910/3367 827/3368 826/3369
vt -0.03191 -0.16666
vt -0.08354 -0.18565
vt -0.03191 -0.18565
f 910/3370 826/3371 911/3372
vt -0.08354 -1.47959
vt -0.03191 -1.44208
vt -0.03398 -1.43573
f 837/3373 900/3374 1062/3375
vt -0.08354 -1.47959
vt -0.03398 -1.43573
vt -0.08894 -1.47567
f 837/3376 1062/3377 1002/3378
vt -0.03191 -0.20463
vt -0.08354 -0.20463
vt -0.08354 -0.22362
f 912/3379 825/3380 824/3381
vt -0.03191 -0.20463
vt -0.08354 -0.22362
vt -0.03191 -0.22362
f 912/3382 824/3383 913/3384
vt -0.08354 0.06114
vt -0.03191 0.06114
vt -0.03191 0.04216
f 720/3385 721/3386 808/3387
vt -0.08354 0.06114
vt -0.03191 0.04216
vt -0.08354 0.04216
f 720/3388 808/3389 884/3390
vt -0.03191 -1.44208
vt 0.03191 -1.44208
vt 0.03398 -1.43573
f 906/3391 846/3392 1011/3393
vt -0.03191 -1.44208
vt 0.03398 -1.43573
vt -0.03398 -1.43573
f 906/3394 1011/3395 1068/3396
vt -0.08354 0.02318
vt -0.03191 0.02318
vt -0.03191 0.00419
f 885/3397 807/3398 806/3399
vt -0.08354 0.02318
vt -0.03191 0.00419
vt -0.08354 0.00419
f 885/3400 806/3401 886/3402
vt 0.03191 -1.44208
vt 0.08354 -1.47959
vt 0.08894 -1.47567
f 852/3403 855/3404 1019/3405
vt 0.03191 -1.44208
vt 0.08894 -1.47567
vt 0.03398 -1.43573
f 852/3406 1019/3407 1017/3408
vt -0.08354 -0.01479
vt -0.03191 -0.01479
vt -0.03191 -0.03377
f 887/3409 805/3410 804/3411
vt -0.08354 -0.01479
vt -0.03191 -0.03377
vt -0.08354 -0.03377
f 887/3412 804/3413 888/3414
vt -0.03191 -1.44208
vt -0.08354 -1.47959
vt -0.08894 -1.47567
f 899/3415 838/3416 1003/3417
vt -0.03191 -1.44208
vt -0.08894 -1.47567
vt -0.03398 -1.43573
f 899/3418 1003/3419 1061/3420
vt -0.08354 -0.05276
vt -0.03191 -0.05276
vt -0.03191 -0.07174
f 889/3421 803/3422 802/3423
vt -0.08354 -0.05276
vt -0.03191 -0.07174
vt -0.08354 -0.07174
f 889/3424 802/3425 890/3426
vt 0.03191 -1.44208
vt -0.03191 -1.44208
vt -0.03398 -1.43573
f 845/3427 905/3428 1067/3429
vt 0.03191 -1.44208
vt -0.03398 -1.43573
vt 0.03398 -1.43573
f 845/3430 1067/3431 1010/3432
vt -0.08354 -0.09073
vt -0.03191 -0.09073
vt -0.03191 -0.10971
f 891/3433 801/3434 800/3435
vt -0.08354 -0.09073
vt -0.03191 -0.10971
vt -0.08354 -0.10971
f 891/3436 800/3437 892/3438
vt 0.08354 -1.47959
vt 0.03191 -1.44208
vt 0.03398 -1.43573
f 856/3439 851/3440 1016/3441
vt 0.08354 -1.47959
vt 0.03398 -1.43573
vt 0.08894 -1.47567
f 856/3442 1016/3443 1020/3444
vt -0.08354 -0.12869
vt -0.03191 -0.12869
vt -0.03191 -0.14768
f 893/3445 799/3446 798/3447
vt -0.08354 -0.12869
vt -0.03191 -0.14768
vt -0.08354 -0.14768
f 893/3448 798/3449 894/3450
vt 0.10326 -1.54029
vt 0.08354 -1.47959
vt 0.08894 -1.47567
f 928/3451 854/3452 1018/3453
vt 0.10326 -1.54029
vt 0.08894 -1.47567
vt 0.10994 -1.54029
f 928/3454 1018/3455 945/3456
vt -0.08354 -0.16666
vt -0.03191 -0.16666
vt -0.03191 -0.18565
f 895/3457 797/3458 796/3459
vt -0.08354 -0.16666
vt -0.03191 -0.18565
vt -0.08354 -0.18565
f 895/3460 796/3461 896/3462
vt -0.03191 -1.44208
vt 0.03191 -1.44208
vt 0.03398 -1.43573
f 904/3463 844/3464 1009/3465
vt -0.03191 -1.44208
vt 0.03398 -1.43573
vt -0.03398 -1.43573
f 904/3466 1009/3467 1066/3468
vt -0.08354 -0.20463
vt -0.03191 -0.20463
vt -0.03191 -0.22362
f 897/3469 795/3470 794/3471
vt -0.08354 -0.20463
vt -0.03191 -0.22362
vt -0.08354 -0.22362
f 897/3472 794/3473 898/3474
vt -1.60098 0.06114
vt -1.54029 0.06114
vt -1.54029 0.04216
f 723/3475 724/3476 914/3477
vt -1.60098 0.06114
vt -1.54029 0.04216
vt -1.60098 0.04216
f 723/3478 914/3479 869/3480
vt 0.03191 -1.44208
vt 0.08354 -1.47959
vt 0.08894 -1.47567
f 850/3481 857/3482 1021/3483
vt 0.03191 -1.44208
vt 0.08894 -1.47567
vt 0.03398 -1.43573
f 850/3484 1021/3485 1015/3486
vt -1.60098 0.02318
vt -1.54029 0.02318
vt -1.54029 0.00419
f 870/3487 915/3488 916/3489
vt -1.60098 0.02318
vt -1.54029 0.00419
vt -1.60098 0.00419
f 870/3490 916/3491 871/3492
vt 0.08354 -1.47959
vt 0.10326 -1.54029
vt 0.10994 -1.54029
f 855/3493 927/3494 1088/3495
vt 0.08354 -1.47959
vt 0.10994 -1.54029
vt 0.08894 -1.47567
f 855/3496 1088/3497 1019/3498
vt -1.60098 -0.01479
vt -1.54029 -0.01479
vt -1.54029 -0.03377
f 872/3499 917/3500 918/3501
vt -1.60098 -0.01479
vt -1.54029 -0.03377
vt -1.60098 -0.03377
f 872/3502 918/3503 873/3504
vt 0.03191 -1.44208
vt -0.03191 -1.44208
vt -0.03398 -1.43573
f 843/3505 903/3506 1065/3507
vt 0.03191 -1.44208
vt -0.03398 -1.43573
vt 0.03398 -1.43573
f 843/3508 1065/3509 1008/3510
vt -1.60098 -0.05276
vt -1.54029 -0.05276
vt -1.54029 -0.07174
f 874/3511 919/3512 920/3513
vt -1.60098 -0.05276
vt -1.54029 -0.07174
vt -1.60098 -0.07174
f 874/3514 920/3515 875/3516
vt 0.08354 -1.47959
vt 0.03191 -1.44208
vt 0.03398 -1.43573
f 858/3517 849/3518 1014/3519
vt 0.08354 -1.47959
vt 0.03398 -1.43573
vt 0.08894 -1.47567
f 858/3520 1014/3521 1022/3522
vt -1.60098 -0.09073
vt -1.54029 -0.09073
vt -1.54029 -0.10971
f 876/3523 921/3524 922/3525
vt -1.60098 -0.09073
vt -1.54029 -0.10971
vt -1.60098 -0.10971
f 876/3526 922/3527 877/3528
vt 0.10326 -1.54029
vt 0.08354 -1.47959
vt 0.08894 -1.47567
f 926/3529 856/3530 1020/3531
vt 0.10326 -1.54029
vt 0.08894 -1.47567
vt 0.10994 -1.54029
f 926/3532 1020/3533 1087/3534
vt -1.60098 -0.12869
vt -1.54029 -0.12869
vt -1.54029 -0.14768
f 878/3535 923/3536 924/3537
vt -1.60098 -0.12869
vt -1.54029 -0.14768
vt -1.60098 -0.14768
f 878/3538 924/3539 879/3540
vt -0.03191 -1.44208
vt 0.03191 -1.44208
vt 0.03398 -1.43573
f 902/3541 842/3542 1007/3543
vt -0.03191 -1.44208
vt 0.03398 -1.43573
vt -0.03398 -1.43573
f 902/3544 1007/3545 1064/3546
vt -1.60098 -0.16666
vt -1.54029 -0.16666
vt -1.54029 -0.18565
f 880/3547 925/3548 926/3549
vt -1.60098 -0.16666
vt -1.54029 -0.18565
vt -1.60098 -0.18565
f 880/3550 926/3551 881/3552
vt 0.03191 -1.44208
vt 0.08354 -1.47959
vt 0.08894 -1.47567
f 848/3553 859/3554 1023/3555
vt 0.03191 -1.44208
vt 0.08894 -1.47567
vt 0.03398 -1.43573
f 848/3556 1023/3557 1013/3558
vt -1.60098 -0.20463
vt -1.54029 -0.20463
vt -1.54029 -0.22362
f 882/3559 927/3560 928/3561
vt -1.60098 -0.20463
vt -1.54029 -0.22362
vt -1.60098 -0.22362
f 882/3562 928/3563 883/3564
vt 0.03191 0.06114
vt -0.03191 0.06114
vt -0.03191 0.04216
f 726/3565 727/3566 899/3567
vt 0.03191 0.06114
vt -0.03191 0.04216
vt 0.03191 0.04216
f 726/3568 899/3569 839/3570
vt 0.08354 -1.47959
vt 0.10326 -1.54029
vt 0.10994 -1.54029
f 857/3571 925/3572 1086/3573
vt 0.08354 -1.47959
vt 0.10994 -1.54029
vt 0.08894 -1.47567
f 857/3574 1086/3575 1021/3576
vt 0.03191 0.02318
vt -0.03191 0.02318
vt -0.03191 0.00419
f 840/3577 900/3578 901/3579
vt 0.03191 0.02318
vt -0.03191 0.00419
vt 0.03191 0.00419
f 840/3580 901/3581 841/3582
vt 0.03191 -1.44208
vt -0.03191 -1.44208
vt -0.03398 -1.43573
f 841/3583 901/3584 1063/3585
vt 0.03191 -1.44208
vt -0.03398 -1.43573
vt 0.03398 -1.43573
f 841/3586 1063/3587 1006/3588
vt 0.03191 -0.01479
vt -0.03191 -0.01479
vt -0.03191 -0.03377
f 842/3589 902/3590 903/3591
vt 0.03191 -0.01479
vt -0.03191 -0.03377
vt 0.03191 -0.03377
f 842/3592 903/3593 843/3594
vt 0.08354 -1.47959
vt 0.03191 -1.44208
vt 0.03398 -1.43573
f 860/3595 847/3596 1012/3597
vt 0.08354 -1.47959
vt 0.03398 -1.43573
vt 0.08894 -1.47567
f 860/3598 1012/3599 1024/3600
vt 0.03191 -0.05276
vt -0.03191 -0.05276
vt -0.03191 -0.07174
f 844/3601 904/3602 905/3603
vt 0.03191 -0.05276
vt -0.03191 -0.07174
vt 0.03191 -0.07174
f 844/3604 905/3605 845/3606
vt 0.10326 -1.54029
vt 0.08354 -1.47959
vt 0.08894 -1.47567
f 924/3607 858/3608 1022/3609
vt 0.10326 -1.54029
vt 0.08894 -1.47567
vt 0.10994 -1.54029
f 924/3610 1022/3611 1085/3612
vt 0.03191 -0.09073
vt -0.03191 -0.09073
vt -0.03191 -0.10971
f 846/3613 906/3614 907/3615
vt 0.03191 -0.09073
vt -0.03191 -0.10971
vt 0.03191 -0.10971
f 846/3616 907/3617 847/3618
vt -0.03191 -1.44208
vt 0.03191 -1.44208
vt 0.03398 -1.43573
f 900/3619 840/3620 1005/3621
vt -0.03191 -1.44208
vt 0.03398 -1.43573
vt -0.03398 -1.43573
f 900/3622 1005/3623 1062/3624
vt 0.03191 -0.12869
vt -0.03191 -0.12869
vt -0.03191 -0.14768
f 848/3625 908/3626 909/3627
vt 0.03191 -0.12869
vt -0.03191 -0.14768
vt 0.03191 -0.14768
f 848/3628 909/3629 849/3630
vt 0.03191 -1.44208
vt 0.08354 -1.47959
vt 0.08894 -1.47567
f 846/3631 861/3632 1025/3633
vt 0.03191 -1.44208
vt 0.08894 -1.47567
vt 0.03398 -1.43573
f 846/3634 1025/3635 1011/3636
vt 0.03191 -0.16666
vt -0.03191 -0.16666
vt -0.03191 -0.18565
f 850/3637 910/3638 911/3639
vt 0.03191 -0.16666
vt -0.03191 -0.18565
vt 0.03191 -0.18565
f 850/3640 911/3641 851/3642
vt 0.08354 -1.47959
vt 0.10326 -1.54029
vt 0.10994 -1.54029
f 859/3643 923/3644 1084/3645
vt 0.08354 -1.47959
vt 0.10994 -1.54029
vt 0.08894 -1.47567
f 859/3646 1084/3647 1023/3648
vt 0.03191 -0.20463
vt -0.03191 -0.20463
vt -0.03191 -0.22362
f 852/3649 912/3650 913/3651
vt 0.03191 -0.20463
vt -0.03191 -0.22362
vt 0.03191 -0.22362
f 852/3652 913/3653 853/3654
vt -1.54029 0.06114
vt -1.60098 0.06114
vt -1.60098 0.04216
f 719/3655 720/3656 884/3657
vt -1.54029 0.06114
vt -1.60098 0.04216
vt -1.54029 0.04216
f 719/3658 884/3659 809/3660
vt 0.03191 -1.44208
vt -0.03191 -1.44208
vt -0.03398 -1.43573
f 839/3661 899/3662 1061/3663
vt 0.03191 -1.44208
vt -0.03398 -1.43573
vt 0.03398 -1.43573
f 839/3664 1061/3665 1004/3666
vt -1.54029 0.02318
vt -1.60098 0.02318
vt -1.60098 0.00419
f 810/3667 885/3668 886/3669
vt -1.54029 0.02318
vt -1.60098 0.00419
vt -1.54029 0.00419
f 810/3670 886/3671 811/3672
vt 0.08354 -1.47959
vt 0.03191 -1.44208
vt 0.03398 -1.43573
f 862/3673 845/3674 1010/3675
vt 0.08354 -1.47959
vt 0.03398 -1.43573
vt 0.08894 -1.47567
f 862/3676 1010/3677 1026/3678
vt -1.54029 -0.01479
vt -1.60098 -0.01479
vt -1.60098 -0.03377
f 812/3679 887/3680 888/3681
vt -1.54029 -0.01479
vt -1.60098 -0.03377
vt -1.54029 -0.03377
f 812/3682 888/3683 813/3684
vt 0.10326 -1.54029
vt 0.08354 -1.47959
vt 0.08894 -1.47567
f 922/3685 860/3686 1024/3687
vt 0.10326 -1.54029
vt 0.08894 -1.47567
vt 0.10994 -1.54029
f 922/3688 1024/3689 1083/3690
vt -1.54029 -0.05276
vt -1.60098 -0.05276
vt -1.60098 -0.07174
f 814/3691 889/3692 890/3693
vt -1.54029 -0.05276
vt -1.60098 -0.07174
vt -1.54029 -0.07174
f 814/3694 890/3695 815/3696
vt 0.08354 -1.60098
vt 0.10326 -1.54029
vt 0.10994 -1.54029
f 883/3697 928/3698 945/3699
vt 0.08354 -1.60098
vt 0.10994 -1.54029
vt 0.08894 -1.60491
f 883/3700 945/3701 942/3702
vt -1.54029 -0.09073
vt -1.60098 -0.09073
vt -1.60098 -0.10971
f 816/3703 891/3704 892/3705
vt -1.54029 -0.09073
vt -1.60098 -0.10971
vt -1.54029 -0.10971
f 816/3706 892/3707 817/3708
vt 0.03191 -1.44208
vt 0.08354 -1.47959
vt 0.08894 -1.47567
f 844/3709 863/3710 1027/3711
vt 0.03191 -1.44208
vt 0.08894 -1.47567
vt 0.03398 -1.43573
f 844/3712 1027/3713 1009/3714
vt -1.54029 -0.12869
vt -1.60098 -0.12869
vt -1.60098 -0.14768
f 818/3715 893/3716 894/3717
vt -1.54029 -0.12869
vt -1.60098 -0.14768
vt -1.54029 -0.14768
f 818/3718 894/3719 819/3720
vt 0.08354 -1.47959
vt 0.10326 -1.54029
vt 0.10994 -1.54029
f 861/3721 921/3722 1082/3723
vt 0.08354 -1.47959
vt 0.10994 -1.54029
vt 0.08894 -1.47567
f 861/3724 1082/3725 1025/3726
vt -1.54029 -0.16666
vt -1.60098 -0.16666
vt -1.60098 -0.18565
f 820/3727 895/3728 896/3729
vt -1.54029 -0.16666
vt -1.60098 -0.18565
vt -1.54029 -0.18565
f 820/3730 896/3731 821/3732
vt 0.10326 -1.54029
vt 0.08354 -1.60098
vt 0.08894 -1.60491
f 927/3733 882/3734 1046/3735
vt 0.10326 -1.54029
vt 0.08894 -1.60491
vt 0.10994 -1.54029
f 927/3736 1046/3737 1088/3738
vt -1.54029 -0.20463
vt -1.60098 -0.20463
vt -1.60098 -0.22362
f 822/3739 897/3740 898/3741
vt -1.54029 -0.20463
vt -1.60098 -0.22362
vt -1.54029 -0.22362
f 822/3742 898/3743 823/3744
vt 0.03191 0.06114
vt 0.08354 0.06114
vt 0.08354 0.04216
f 722/3745 723/3746 869/3747
vt 0.03191 0.06114
vt 0.08354 0.04216
vt 0.03191 0.04216
f 722/3748 869/3749 779/3750
vt 0.08354 -1.47959
vt 0.03191 -1.44208
vt 0.03398 -1.43573
f 864/3751 843/3752 1008/3753
vt 0.08354 -1.47959
vt 0.03398 -1.43573
vt 0.08894 -1.47567
f 864/3754 1008/3755 1028/3756
vt 0.03191 0.02318
vt 0.08354 0.02318
vt 0.08354 0.00419
f 780/3757 870/3758 871/3759
vt 0.03191 0.02318
vt 0.08354 0.00419
vt 0.03191 0.00419
f 780/3760 871/3761 781/3762
vt 0.10326 -1.54029
vt 0.08354 -1.47959
vt 0.08894 -1.47567
f 920/3763 862/3764 1026/3765
vt 0.10326 -1.54029
vt 0.08894 -1.47567
vt 0.10994 -1.54029
f 920/3766 1026/3767 1081/3768
vt 0.03191 -0.01479
vt 0.08354 -0.01479
vt 0.08354 -0.03377
f 782/3769 872/3770 873/3771
vt 0.03191 -0.01479
vt 0.08354 -0.03377
vt 0.03191 -0.03377
f 782/3772 873/3773 783/3774
vt 0.08354 -1.60098
vt 0.10326 -1.54029
vt 0.10994 -1.54029
f 881/3775 926/3776 1087/3777
vt 0.08354 -1.60098
vt 0.10994 -1.54029
vt 0.08894 -1.60491
f 881/3778 1087/3779 1045/3780
vt 0.03191 -0.05276
vt 0.08354 -0.05276
vt 0.08354 -0.07174
f 784/3781 874/3782 875/3783
vt 0.03191 -0.05276
vt 0.08354 -0.07174
vt 0.03191 -0.07174
f 784/3784 875/3785 785/3786
vt 0.03191 -1.44208
vt 0.08354 -1.47959
vt 0.08894 -1.47567
f 842/3787 865/3788 1029/3789
vt 0.03191 -1.44208
vt 0.08894 -1.47567
vt 0.03398 -1.43573
f 842/3790 1029/3791 1007/3792
vt 0.03191 -0.09073
vt 0.08354 -0.09073
vt 0.08354 -0.10971
f 786/3793 876/3794 877/3795
vt 0.03191 -0.09073
vt 0.08354 -0.10971
vt 0.03191 -0.10971
f 786/3796 877/3797 787/3798
vt 0.08354 -1.47959
vt 0.10326 -1.54029
vt 0.10994 -1.54029
f 863/3799 919/3800 1080/3801
vt 0.08354 -1.47959
vt 0.10994 -1.54029
vt 0.08894 -1.47567
f 863/3802 1080/3803 1027/3804
vt 0.03191 -0.12869
vt 0.08354 -0.12869
vt 0.08354 -0.14768
f 788/3805 878/3806 879/3807
vt 0.03191 -0.12869
vt 0.08354 -0.14768
vt 0.03191 -0.14768
f 788/3808 879/3809 789/3810
vt 0.10326 -1.54029
vt 0.08354 -1.60098
vt 0.08894 -1.60491
f 925/3811 880/3812 1044/3813
vt 0.10326 -1.54029
vt 0.08894 -1.60491
vt 0.10994 -1.54029
f 925/3814 1044/3815 1086/3816
vt 0.03191 -0.16666
vt 0.08354 -0.16666
vt 0.08354 -0.18565
f 790/3817 880/3818 881/3819
vt 0.03191 -0.16666
vt 0.08354 -0.18565
vt 0.03191 -0.18565
f 790/3820 881/3821 791/3822
vt 0.08354 -1.47959
vt 0.03191 -1.44208
vt 0.03398 -1.43573
f 866/3823 841/3824 1006/3825
vt 0.08354 -1.47959
vt 0.03398 -1.43573
vt 0.08894 -1.47567
f 866/3826 1006/3827 1030/3828
vt 0.03191 -0.20463
vt 0.08354 -0.20463
vt 0.08354 -0.22362
f 792/3829 882/3830 883/3831
vt 0.03191 -0.20463
vt 0.08354 -0.22362
vt 0.03191 -0.22362
f 792/3832 883/3833 793/3834
vt 0.08354 0.06114
vt 0.03191 0.06114
vt 0.03191 0.04216
f 725/3835 726/3836 839/3837
vt 0.08354 0.06114
vt 0.03191 0.04216
vt 0.08354 0.04216
f 725/3838 839/3839 868/3840
vt 0.10326 -1.54029
vt 0.08354 -1.47959
vt 0.08894 -1.47567
f 918/3841 864/3842 1028/3843
vt 0.10326 -1.54029
vt 0.08894 -1.47567
vt 0.10994 -1.54029
f 918/3844 1028/3845 1079/3846
vt 0.08354 0.02318
vt 0.03191 0.02318
vt 0.03191 0.00419
f 867/3847 840/3848 841/3849
vt 0.08354 0.02318
vt 0.03191 0.00419
vt 0.08354 0.00419
f 867/3850 841/3851 866/3852
vt 0.08354 -1.60098
vt 0.10326 -1.54029
vt 0.10994 -1.54029
f 879/3853 924/3854 1085/3855
vt 0.08354 -1.60098
vt 0.10994 -1.54029
vt 0.08894 -1.60491
f 879/3856 1085/3857 1043/3858
vt 0.08354 -0.01479
vt 0.03191 -0.01479
vt 0.03191 -0.03377
f 865/3859 842/3860 843/3861
vt 0.08354 -0.01479
vt 0.03191 -0.03377
vt 0.08354 -0.03377
f 865/3862 843/3863 864/3864
vt 0.03191 -1.44208
vt 0.08354 -1.47959
vt 0.08894 -1.47567
f 840/3865 867/3866 1031/3867
vt 0.03191 -1.44208
vt 0.08894 -1.47567
vt 0.03398 -1.43573
f 840/3868 1031/3869 1005/3870
vt 0.08354 -0.05276
vt 0.03191 -0.05276
vt 0.03191 -0.07174
f 863/3871 844/3872 845/3873
vt 0.08354 -0.05276
vt 0.03191 -0.07174
vt 0.08354 -0.07174
f 863/3874 845/3875 862/3876
vt 0.08354 -1.47959
vt 0.10326 -1.54029
vt 0.10994 -1.54029
f 865/3877 917/3878 1078/3879
vt 0.08354 -1.47959
vt 0.10994 -1.54029
vt 0.08894 -1.47567
f 865/3880 1078/3881 1029/3882
vt 0.08354 -0.09073
vt 0.03191 -0.09073
vt 0.03191 -0.10971
f 861/3883 846/3884 847/3885
vt 0.08354 -0.09073
vt 0.03191 -0.10971
vt 0.08354 -0.10971
f 861/3886 847/3887 860/3888
vt 0.10326 -1.54029
vt 0.08354 -1.60098
vt 0.08894 -1.60491
f 923/3889 878/3890 1042/3891
vt 0.10326 -1.54029
vt 0.08894 -1.60491
vt 0.10994 -1.54029
f 923/3892 1042/3893 1084/3894
vt 0.08354 -0.12869
vt 0.03191 -0.12869
vt 0.03191 -0.14768
f 859/3895 848/3896 849/3897
vt 0.08354 -0.12869
vt 0.03191 -0.14768
vt 0.08354 -0.14768
f 859/3898 849/3899 858/3900
vt 0.08354 -1.47959
vt 0.03191 -1.44208
vt 0.03398 -1.43573
f 868/3901 839/3902 1004/3903
vt 0.08354 -1.47959
vt 0.03398 -1.43573
vt 0.08894 -1.47567
f 868/3904 1004/3905 1032/3906
vt 0.08354 -0.16666
vt 0.03191 -0.16666
vt 0.03191 -0.18565
f 857/3907 850/3908 851/3909
vt 0.08354 -0.16666
vt 0.03191 -0.18565
vt 0.08354 -0.18565
f 857/3910 851/3911 856/3912
vt 0.10326 -1.54029
vt 0.08354 -1.47959
vt 0.08894 -1.47567
f 916/3913 866/3914 1030/3915
vt 0.10326 -1.54029
vt 0.08894 -1.47567
vt 0.10994 -1.54029
f 916/3916 1030/3917 1077/3918
vt 0.08354 -0.20463
vt 0.03191 -0.20463
vt 0.03191 -0.22362
f 855/3919 852/3920 853/3921
vt 0.08354 -0.20463
vt 0.03191 -0.22362
vt 0.08354 -0.22362
f 855/3922 853/3923 854/3924
vt -1.47959 0.06114
vt -1.54029 0.06114
vt -1.54029 0.04216
f 728/3925 719/3926 809/3927
vt -1.47959 0.06114
vt -1.54029 0.04216
vt -1.47959 0.04216
f 728/3928 809/3929 838/3930
vt 0.08354 -1.60098
vt 0.10326 -1.54029
vt 0.10994 -1.54029
f 877/3931 922/3932 1083/3933
vt 0.08354 -1.60098
vt 0.10994 -1.54029
vt 0.08894 -1.60491
f 877/3934 1083/3935 1041/3936
vt -1.47959 0.02318
vt -1.54029 0.02318
vt -1.54029 0.00419
f 837/3937 810/3938 811/3939
vt -1.47959 0.02318
vt -1.54029 0.00419
vt -1.47959 0.00419
f 837/3940 811/3941 836/3942
vt 0.03191 -1.63849
vt 0.08354 -1.60098
vt 0.08894 -1.60491
f 793/3943 883/3944 942/3945
vt 0.03191 -1.63849
vt 0.08894 -1.60491
vt 0.03398 -1.64485
f 793/3946 942/3947 939/3948
vt -1.47959 -0.01479
vt -1.54029 -0.01479
vt -1.54029 -0.03377
f 835/3949 812/3950 813/3951
vt -1.47959 -0.01479
vt -1.54029 -0.03377
vt -1.47959 -0.03377
f 835/3952 813/3953 834/3954
vt 0.08354 -1.47959
vt 0.10326 -1.54029
vt 0.10994 -1.54029
f 867/3955 915/3956 1076/3957
vt 0.08354 -1.47959
vt 0.10994 -1.54029
vt 0.08894 -1.47567
f 867/3958 1076/3959 1031/3960
vt -1.47959 -0.05276
vt -1.54029 -0.05276
vt -1.54029 -0.07174
f 833/3961 814/3962 815/3963
vt -1.47959 -0.05276
vt -1.54029 -0.07174
vt -1.47959 -0.07174
f 833/3964 815/3965 832/3966
vt 0.10326 -1.54029
vt 0.08354 -1.60098
vt 0.08894 -1.60491
f 921/3967 876/3968 1040/3969
vt 0.10326 -1.54029
vt 0.08894 -1.60491
vt 0.10994 -1.54029
f 921/3970 1040/3971 1082/3972
vt -1.47959 -0.09073
vt -1.54029 -0.09073
vt -1.54029 -0.10971
f 831/3973 816/3974 817/3975
vt -1.47959 -0.09073
vt -1.54029 -0.10971
vt -1.47959 -0.10971
f 831/3976 817/3977 830/3978
vt 0.08354 -1.60098
vt 0.03191 -1.63849
vt 0.03398 -1.64485
f 882/3979 792/3980 959/3981
vt 0.08354 -1.60098
vt 0.03398 -1.64485
vt 0.08894 -1.60491
f 882/3982 959/3983 1046/3984
vt -1.47959 -0.12869
vt -1.54029 -0.12869
vt -1.54029 -0.14768
f 829/3985 818/3986 819/3987
vt -1.47959 -0.12869
vt -1.54029 -0.14768
vt -1.47959 -0.14768
f 829/3988 819/3989 828/3990
vt 0.10326 -1.54029
vt 0.08354 -1.47959
vt 0.08894 -1.47567
f 914/3991 868/3992 1032/3993
vt 0.10326 -1.54029
vt 0.08894 -1.47567
vt 0.10994 -1.54029
f 914/3994 1032/3995 1075/3996
vt -1.47959 -0.16666
vt -1.54029 -0.16666
vt -1.54029 -0.18565
f 827/3997 820/3998 821/3999
vt -1.47959 -0.16666
vt -1.54029 -0.18565
vt -1.47959 -0.18565
f 827/4000 821/4001 826/4002
vt 0.08354 -1.60098
vt 0.10326 -1.54029
vt 0.10994 -1.54029
f 875/4003 920/4004 1081/4005
vt 0.08354 -1.60098
vt 0.10994 -1.54029
vt 0.08894 -1.60491
f 875/4006 1081/4007 1039/4008
vt -1.47959 -0.20463
vt -1.54029 -0.20463
vt -1.54029 -0.22362
f 825/4009 822/4010 823/4011
vt -1.47959 -0.20463
vt -1.54029 -0.22362
vt -1.47959 -0.22362
f 825/4012 823/4013 824/4014
vt -0.03191 0.06114
vt 0.03191 0.06114
vt 0.03191 0.04216
f 721/4015 722/4016 779/4017
vt -0.03191 0.06114
vt 0.03191 0.04216
vt -0.03191 0.04216
f 721/4018 779/4019 808/4020
vt 0.03191 -1.63849
vt 0.08354 -1.60098
vt 0.08894 -1.60491
f 791/4021 881/4022 1045/4023
vt 0.03191 -1.63849
vt 0.08894 -1.60491
vt 0.03398 -1.64485
f 791/4024 1045/4025 958/4026
vt -0.03191 0.02318
vt 0.03191 0.02318
vt 0.03191 0.00419
f 807/4027 780/4028 781/4029
vt -0.03191 0.02318
vt 0.03191 0.00419
vt -0.03191 0.00419
f 807/4030 781/4031 806/4032
vt 0.10326 -1.54029
vt 0.08354 -1.60098
vt 0.08894 -1.60491
f 919/4033 874/4034 1038/4035
vt 0.10326 -1.54029
vt 0.08894 -1.60491
vt 0.10994 -1.54029
f 919/4036 1038/4037 1080/4038
vt -0.03191 -0.01479
vt 0.03191 -0.01479
vt 0.03191 -0.03377
f 805/4039 782/4040 783/4041
vt -0.03191 -0.01479
vt 0.03191 -0.03377
vt -0.03191 -0.03377
f 805/4042 783/4043 804/4044
vt 0.08354 -1.60098
vt 0.03191 -1.63849
vt 0.03398 -1.64485
f 880/4045 790/4046 957/4047
vt 0.08354 -1.60098
vt 0.03398 -1.64485
vt 0.08894 -1.60491
f 880/4048 957/4049 1044/4050
vt -0.03191 -0.05276
vt 0.03191 -0.05276
vt 0.03191 -0.07174
f 803/4051 784/4052 785/4053
vt -0.03191 -0.05276
vt 0.03191 -0.07174
vt -0.03191 -0.07174
f 803/4054 785/4055 802/4056
vt 0.08354 -1.60098
vt 0.10326 -1.54029
vt 0.10994 -1.54029
f 873/4057 918/4058 1079/4059
vt 0.08354 -1.60098
vt 0.10994 -1.54029
vt 0.08894 -1.60491
f 873/4060 1079/4061 1037/4062
vt -0.03191 -0.09073
vt 0.03191 -0.09073
vt 0.03191 -0.10971
f 801/4063 786/4064 787/4065
vt -0.03191 -0.09073
vt 0.03191 -0.10971
vt -0.03191 -0.10971
f 801/4066 787/4067 800/4068
vt 0.03191 -1.63849
vt 0.08354 -1.60098
vt 0.08894 -1.60491
f 789/4069 879/4070 1043/4071
vt 0.03191 -1.63849
vt 0.08894 -1.60491
vt 0.03398 -1.64485
f 789/4072 1043/4073 956/4074
vt -0.03191 -0.12869
vt 0.03191 -0.12869
vt 0.03191 -0.14768
f 799/4075 788/4076 789/4077
vt -0.03191 -0.12869
vt 0.03191 -0.14768
vt -0.03191 -0.14768
f 799/4078 789/4079 798/4080
vt 0.10326 -1.54029
vt 0.08354 -1.60098
vt 0.08894 -1.60491
f 917/4081 872/4082 1036/4083
vt 0.10326 -1.54029
vt 0.08894 -1.60491
vt 0.10994 -1.54029
f 917/4084 1036/4085 1078/4086
vt -0.03191 -0.16666
vt 0.03191 -0.16666
vt 0.03191 -0.18565
f 797/4087 790/4088 791/4089
vt -0.03191 -0.16666
vt 0.03191 -0.18565
vt -0.03191 -0.18565
f 797/4090 791/4091 796/4092
vt 0.08354 -1.60098
vt 0.03191 -1.63849
vt 0.03398 -1.64485
f 878/4093 788/4094 955/4095
vt 0.08354 -1.60098
vt 0.03398 -1.64485
vt 0.08894 -1.60491
f 878/4096 955/4097 1042/4098
vt -0.03191 -0.20463
vt 0.03191 -0.20463
vt 0.03191 -0.22362
f 795/4099 792/4100 793/4101
vt -0.03191 -0.20463
vt 0.03191 -0.22362
vt -0.03191 -0.22362
f 795/4102 793/4103 794/4104
vt -0.03398 -0.22666
vt 0.03398 -0.22666
vt 0.03398 -0.23955
f 960/4105 939/4106 932/4107
vt -0.03398 -0.22666
vt 0.03398 -0.23955
vt -0.03398 -0.23955
f 960/4108 932/4109 931/4110
vt -1.47567 -0.22666
vt -1.54029 -0.22666
vt -1.54029 -0.23955
f 989/4111 940/4112 929/4113
vt -1.47567 -0.22666
vt -1.54029 -0.23955
vt -1.47567 -0.23955
f 989/4114 929/4115 938/4116
vt 0.08894 -0.22666
vt 0.03398 -0.22666
vt 0.03398 -0.23955
f 1018/4117 941/4118 936/4119
vt 0.08894 -0.22666
vt 0.03398 -0.23955
vt 0.08894 -0.23955
f 1018/4120 936/4121 935/4122
vt 0.03398 -0.22666
vt 0.08894 -0.22666
vt 0.08894 -0.23955
f 939/4123 942/4124 933/4125
vt 0.03398 -0.22666
vt 0.08894 -0.23955
vt 0.03398 -0.23955
f 939/4126 933/4127 932/4128
vt -1.54029 -0.22666
vt -1.60491 -0.22666
vt -1.60491 -0.23955
f 940/4129 943/4130 930/4131
vt -1.54029 -0.22666
vt -1.60491 -0.23955
vt -1.54029 -0.23955
f 940/4132 930/4133 929/4134
vt 0.03398 -0.22666
vt -0.03398 -0.22666
vt -0.03398 -0.23955
f 941/4135 944/4136 937/4137
vt 0.03398 -0.22666
vt -0.03398 -0.23955
vt 0.03398 -0.23955
f 941/4138 937/4139 936/4140
vt -1.60491 -0.22666
vt -1.54029 -0.22666
vt -1.54029 -0.23955
f 942/4141 945/4142 934/4143
vt -1.60491 -0.22666
vt -1.54029 -0.23955
vt -1.60491 -0.23955
f 942/4144 934/4145 933/4146
vt -0.08894 -0.22666
vt -0.03398 -0.22666
vt -0.03398 -0.23955
f 943/4147 960/4148 931/4149
vt -0.08894 -0.22666
vt -0.03398 -0.23955
vt -0.08894 -0.23955
f 943/4150 931/4151 930/4152
vt -0.03398 -0.22666
vt -0.08894 -0.22666
vt -0.08894 -0.23955
f 944/4153 989/4154 938/4155
vt -0.03398 -0.22666
vt -0.08894 -0.23955
vt -0.03398 -0.23955
f 944/4156 938/4157 937/4158
vt -1.54029 -0.22666
vt -1.47567 -0.22666
vt -1.47567 -0.23955
f 945/4159 1018/4160 935/4161
vt -1.54029 -0.22666
vt -1.47567 -0.23955
vt -1.54029 -0.23955
f 945/4162 935/4163 934/4164
vt -1.54029 0.03911
vt -1.47567 0.03911
vt -1.47567 0.02622
f 1075/4165 1032/4166 1031/4167
vt -1.54029 0.03911
vt -1.47567 0.02622
vt -1.54029 0.02622
f 1075/4168 1031/4169 1076/4170
vt -1.54029 0.00114
vt -1.47567 0.00114
vt -1.47567 -0.01174
f 1077/4171 1030/4172 1029/4173
vt -1.54029 0.00114
vt -1.47567 -0.01174
vt -1.54029 -0.01174
f 1077/4174 1029/4175 1078/4176
vt -1.54029 -0.03683
vt -1.47567 -0.03683
vt -1.47567 -0.04971
f 1079/4177 1028/4178 1027/4179
vt -1.54029 -0.03683
vt -1.47567 -0.04971
vt -1.54029 -0.04971
f 1079/4180 1027/4181 1080/4182
vt -1.54029 -0.07479
vt -1.47567 -0.07479
vt -1.47567 -0.08768
f 1081/4183 1026/4184 1025/4185
vt -1.54029 -0.07479
vt -1.47567 -0.08768
vt -1.54029 -0.08768
f 1081/4186 1025/4187 1082/4188
vt -1.54029 -0.11276
vt -1.47567 -0.11276
vt -1.47567 -0.12565
f 1083/4189 1024/4190 1023/4191
vt -1.54029 -0.11276
vt -1.47567 -0.12565
vt -1.54029 -0.12565
f 1083/4192 1023/4193 1084/4194
vt -1.54029 -0.15072
vt -1.47567 -0.15072
vt -1.47567 -0.16362
f 1085/4195 1022/4196 1021/4197
vt -1.54029 -0.15072
vt -1.47567 -0.16362
vt -1.54029 -0.16362
f 1085/4198 1021/4199 1086/4200
vt -1.54029 -0.18869
vt -1.47567 -0.18869
vt -1.47567 -0.20158
f 1087/4201 1020/4202 1019/4203
vt -1.54029 -0.18869
vt -1.47567 -0.20158
vt -1.54029 -0.20158
f 1087/4204 1019/4205 1088/4206
vt -0.03398 0.03911
vt -0.08894 0.03911
vt -0.08894 0.02622
f 1061/4207 1003/4208 1002/4209
vt -0.03398 0.03911
vt -0.08894 0.02622
vt -0.03398 0.02622
f 1061/4210 1002/4211 1062/4212
vt -0.03398 0.00114
vt -0.08894 0.00114
vt -0.08894 -0.01174
f 1063/4213 1001/4214 1000/4215
vt -0.03398 0.00114
vt -0.08894 -0.01174
vt -0.03398 -0.01174
f 1063/4216 1000/4217 1064/4218
vt -0.03398 -0.03683
vt -0.08894 -0.03683
vt -0.08894 -0.04971
f 1065/4219 999/4220 998/4221
vt -0.03398 -0.03683
vt -0.08894 -0.04971
vt -0.03398 -0.04971
f 1065/4222 998/4223 1066/4224
vt -0.03398 -0.07479
vt -0.08894 -0.07479
vt -0.08894 -0.08768
f 1067/4225 997/4226 996/4227
vt -0.03398 -0.07479
vt -0.08894 -0.08768
vt -0.03398 -0.08768
f 1067/4228 996/4229 1068/4230
vt -0.03398 -0.11276
vt -0.08894 -0.11276
vt -0.08894 -0.12565
f 1069/4231 995/4232 994/4233
vt -0.03398 -0.11276
vt -0.08894 -0.12565
vt -0.03398 -0.12565
f 1069/4234 994/4235 1070/4236
vt -0.03398 -0.15072
vt -0.08894 -0.15072
vt -0.08894 -0.16362
f 1071/4237 993/4238 992/4239
vt -0.03398 -0.15072
vt -0.08894 -0.16362
vt -0.03398 -0.16362
f 1071/4240 992/4241 1072/4242
vt -0.03398 -0.18869
vt -0.08894 -0.18869
vt -0.08894 -0.20158
f 1073/4243 991/4244 990/4245
vt -0.03398 -0.18869
vt -0.08894 -0.20158
vt -0.03398 -0.20158
f 1073/4246 990/4247 1074/4248
vt -0.08894 0.03911
vt -0.03398 0.03911
vt -0.03398 0.02622
f 1047/4249 974/4250 973/4251
vt -0.08894 0.03911
vt -0.03398 0.02622
vt -0.08894 0.02622
f 1047/4252 973/4253 1048/4254
vt -0.08894 0.00114
vt -0.03398 0.00114
vt -0.03398 -0.01174
f 1049/4255 972/4256 971/4257
vt -0.08894 0.00114
vt -0.03398 -0.01174
vt -0.08894 -0.01174
f 1049/4258 971/4259 1050/4260
vt -0.08894 -0.03683
vt -0.03398 -0.03683
vt -0.03398 -0.04971
f 1051/4261 970/4262 969/4263
vt -0.08894 -0.03683
vt -0.03398 -0.04971
vt -0.08894 -0.04971
f 1051/4264 969/4265 1052/4266
vt -0.08894 -0.07479
vt -0.03398 -0.07479
vt -0.03398 -0.08768
f 1053/4267 968/4268 967/4269
vt -0.08894 -0.07479
vt -0.03398 -0.08768
vt -0.08894 -0.08768
f 1053/4270 967/4271 1054/4272
vt -0.08894 -0.11276
vt -0.03398 -0.11276
vt -0.03398 -0.12565
f 1055/4273 966/4274 965/4275
vt -0.08894 -0.11276
vt -0.03398 -0.12565
vt -0.08894 -0.12565
f 1055/4276 965/4277 1056/4278
vt -0.08894 -0.15072
vt -0.03398 -0.15072
vt -0.03398 -0.16362
f 1057/4279 964/4280 963/4281
vt -0.08894 -0.15072
vt -0.03398 -0.16362
vt -0.08894 -0.16362
f 1057/4282 963/4283 1058/4284
vt -0.08894 -0.18869
vt -0.03398 -0.18869
vt -0.03398 -0.20158
f 1059/4285 962/4286 961/4287
vt -0.08894 -0.18869
vt -0.03398 -0.20158
vt -0.08894 -0.20158
f 1059/4288 961/4289 1060/4290
vt -1.60491 0.03911
vt -1.54029 0.03911
vt -1.54029 0.02622
f 1033/4291 1075/4292 1076/4293
vt -1.60491 0.03911
vt -1.54029 0.02622
vt -1.60491 0.02622
f 1033/4294 1076/4295 1034/4296
vt -1.60491 0.00114
vt -1.54029 0.00114
vt -1.54029 -0.01174
f 1035/4297 1077/4298 1078/4299
vt -1.60491 0.00114
vt -1.54029 -0.01174
vt -1.60491 -0.01174
f 1035/4300 1078/4301 1036/4302
vt -1.60491 -0.03683
vt -1.54029 -0.03683
vt -1.54029 -0.04971
f 1037/4303 1079/4304 1080/4305
vt -1.60491 -0.03683
vt -1.54029 -0.04971
vt -1.60491 -0.04971
f 1037/4306 1080/4307 1038/4308
vt -1.60491 -0.07479
vt -1.54029 -0.07479
vt -1.54029 -0.08768
f 1039/4309 1081/4310 1082/4311
vt -1.60491 -0.07479
vt -1.54029 -0.08768
vt -1.60491 -0.08768
f 1039/4312 1082/4313 1040/4314
vt -1.60491 -0.11276
vt -1.54029 -0.11276
vt -1.54029 -0.12565
f 1041/4315 1083/4316 1084/4317
vt -1.60491 -0.11276
vt -1.54029 -0.12565
vt -1.60491 -0.12565
f 1041/4318 1084/4319 1042/4320
vt -1.60491 -0.15072
vt -1.54029 -0.15072
vt -1.54029 -0.16362
f 1043/4321 1085/4322 1086/4323
vt -1.60491 -0.15072
vt -1.54029 -0.16362
vt -1.60491 -0.16362
f 1043/4324 1086/4325 1044/4326
vt -1.60491 -0.18869
vt -1.54029 -0.18869
vt -1.54029 -0.20158
f 1045/4327 1087/4328 1088/4329
vt -1.60491 -0.18869
vt -1.54029 -0.20158
vt -1.60491 -0.20158
f 1045/4330 1088/4331 1046/4332
vt 0.03398 0.03911
vt -0.03398 0.03911
vt -0.03398 0.02622
f 1004/4333 1061/4334 1062/4335
vt 0.03398 0.03911
vt -0.03398 0.02622
vt 0.03398 0.02622
f 1004/4336 1062/4337 1005/4338
vt 0.03398 0.00114
vt -0.03398 0.00114
vt -0.03398 -0.01174
f 1006/4339 1063/4340 1064/4341
vt 0.03398 0.00114
vt -0.03398 -0.01174
vt 0.03398 -0.01174
f 1006/4342 1064/4343 1007/4344
vt 0.03398 -0.03683
vt -0.03398 -0.03683
vt -0.03398 -0.04971
f 1008/4345 1065/4346 1066/4347
vt 0.03398 -0.03683
vt -0.03398 -0.04971
vt 0.03398 -0.04971
f 1008/4348 1066/4349 1009/4350
vt 0.03398 -0.07479
vt -0.03398 -0.07479
vt -0.03398 -0.08768
f 1010/4351 1067/4352 1068/4353
vt 0.03398 -0.07479
vt -0.03398 -0.08768
vt 0.03398 -0.08768
f 1010/4354 1068/4355 1011/4356
vt 0.03398 -0.11276
vt -0.03398 -0.11276
vt -0.03398 -0.12565
f 1012/4357 1069/4358 1070/4359
vt 0.03398 -0.11276
vt -0.03398 -0.12565
vt 0.03398 -0.12565
f 1012/4360 1070/4361 1013/4362
vt 0.03398 -0.15072
vt -0.03398 -0.15072
vt -0.03398 -0.16362
f 1014/4363 1071/4364 1072/4365
vt 0.03398 -0.15072
vt -0.03398 -0.16362
vt 0.03398 -0.16362
f 1014/4366 1072/4367 1015/4368
vt 0.03398 -0.18869
vt -0.03398 -0.18869
vt -0.03398 -0.20158
f 1016/4369 1073/4370 1074/4371
vt 0.03398 -0.18869
vt -0.03398 -0.20158
vt 0.03398 -0.20158
f 1016/4372 1074/4373 1017/4374
vt -1.54029 0.03911
vt -1.60491 0.03911
vt -1.60491 0.02622
f 975/4375 1047/4376 1048/4377
vt -1.54029 0.03911
vt -1.60491 0.02622
vt -1.54029 0.02622
f 975/4378 1048/4379 976/4380
vt -1.54029 0.00114
vt -1.60491 0.00114
vt -1.60491 -0.01174
f 977/4381 1049/4382 1050/4383
vt -1.54029 0.00114
vt -1.60491 -0.01174
vt -1.54029 -0.01174
f 977/4384 1050/4385 978/4386
vt -1.54029 -0.03683
vt -1.60491 -0.03683
vt -1.60491 -0.04971
f 979/4387 1051/4388 1052/4389
vt -1.54029 -0.03683
vt -1.60491 -0.04971
vt -1.54029 -0.04971
f 979/4390 1052/4391 980/4392
vt -1.54029 -0.07479
vt -1.60491 -0.07479
vt -1.60491 -0.08768
f 981/4393 1053/4394 1054/4395
vt -1.54029 -0.07479
vt -1.60491 -0.08768
vt -1.54029 -0.08768
f 981/4396 1054/4397 982/4398
vt -1.54029 -0.11276
vt -1.60491 -0.11276
vt -1.60491 -0.12565
f 983/4399 1055/4400 1056/4401
vt -1.54029 -0.11276
vt -1.60491 -0.12565
vt -1.54029 -0.12565
f 983/4402 1056/4403 984/4404
vt -1.54029 -0.15072
vt -1.60491 -0.15072
vt -1.60491 -0.16362
f 985/4405 1057/4406 1058/4407
vt -1.54029 -0.15072
vt -1.60491 -0.16362
vt -1.54029 -0.16362
f 985/4408 1058/4409 986/4410
vt -1.54029 -0.18869
vt -1.60491 -0.18869
vt -1.60491 -0.20158
f 987/4411 1059/4412 1060/4413
vt -1.54029 -0.18869
vt -1.60491 -0.20158
vt -1.54029 -0.20158
f 987/4414 1060/4415 988/4416
vt 0.03398 0.03911
vt 0.08894 0.03911
vt 0.08894 0.02622
f 946/4417 1033/4418 1034/4419
vt 0.03398 0.03911
vt 0.08894 0.02622
vt 0.03398 0.02622
f 946/4420 1034/4421 947/4422
vt 0.03398 0.00114
vt 0.08894 0.00114
vt 0.08894 -0.01174
f 948/4423 1035/4424 1036/4425
vt 0.03398 0.00114
vt 0.08894 -0.01174
vt 0.03398 -0.01174
f 948/4426 1036/4427 949/4428
vt 0.03398 -0.03683
vt 0.08894 -0.03683
vt 0.08894 -0.04971
f 950/4429 1037/4430 1038/4431
vt 0.03398 -0.03683
vt 0.08894 -0.04971
vt 0.03398 -0.04971
f 950/4432 1038/4433 951/4434
vt 0.03398 -0.07479
vt 0.08894 -0.07479
vt 0.08894 -0.08768
f 952/4435 1039/4436 1040/4437
vt 0.03398 -0.07479
vt 0.08894 -0.08768
vt 0.03398 -0.08768
f 952/4438 1040/4439 953/4440
vt 0.03398 -0.11276
vt 0.08894 -0.11276
vt 0.08894 -0.12565
f 954/4441 1041/4442 1042/4443
vt 0.03398 -0.11276
vt 0.08894 -0.12565
vt 0.03398 -0.12565
f 954/4444 1042/4445 955/4446
vt 0.03398 -0.15072
vt 0.08894 -0.15072
vt 0.08894 -0.16362
f 956/4447 1043/4448 1044/4449
vt 0.03398 -0.15072
vt 0.08894 -0.16362
vt 0.03398 -0.16362
f 956/4450 1044/4451 957/4452
vt 0.03398 -0.18869
vt 0.08894 -0.18869
vt 0.08894 -0.20158
f 958/4453 1045/4454 1046/4455
vt 0.03398 -0.18869
vt 0.08894 -0.20158
vt 0.03398 -0.20158
f 958/4456 1046/4457 959/4458
vt 0.08894 0.03911
vt 0.03398 0.03911
vt 0.03398 0.02622
f 1032/4459 1004/4460 1005/4461
vt 0.08894 0.03911
vt 0.03398 0.02622
vt 0.08894 0.02622
f 1032/4462 1005/4463 1031/4464
vt 0.08894 0.00114
vt 0.03398 0.00114
vt 0.03398 -0.01174
f 1030/4465 1006/4466 1007/4467
vt 0.08894 0.00114
vt 0.03398 -0.01174
vt 0.08894 -0.01174
f 1030/4468 1007/4469 1029/4470
vt 0.08894 -0.03683
vt 0.03398 -0.03683
vt 0.03398 -0.04971
f 1028/4471 1008/4472 1009/4473
vt 0.08894 -0.03683
vt 0.03398 -0.04971
vt 0.08894 -0.04971
f 1028/4474 1009/4475 1027/4476
vt 0.08894 -0.07479
vt 0.03398 -0.07479
vt 0.03398 -0.08768
f 1026/4477 1010/4478 1011/4479
vt 0.08894 -0.07479
vt 0.03398 -0.08768
vt 0.08894 -0.08768
f 1026/4480 1011/4481 1025/4482
vt 0.08894 -0.11276
vt 0.03398 -0.11276
vt 0.03398 -0.12565
f 1024/4483 1012/4484 1013/4485
vt 0.08894 -0.11276
vt 0.03398 -0.12565
vt 0.08894 -0.12565
f 1024/4486 1013/4487 1023/4488
vt 0.08894 -0.15072
vt 0.03398 -0.15072
vt 0.03398 -0.16362
f 1022/4489 1014/4490 1015/4491
vt 0.08894 -0.15072
vt 0.03398 -0.16362
vt 0.08894 -0.16362
f 1022/4492 1015/4493 1021/4494
vt 0.08894 -0.18869
vt 0.03398 -0.18869
vt 0.03398 -0.20158
f 1020/4495 1016/4496 1017/4497
vt 0.08894 -0.18869
vt 0.03398 -0.20158
vt 0.08894 -0.20158
f 1020/4498 1017/4499 1019/4500
vt -1.47567 0.03911
vt -1.54029 0.03911
vt -1.54029 0.02622
f 1003/4501 975/4502 976/4503
vt -1.47567 0.03911
vt -1.54029 0.02622
vt -1.47567 0.02622
f 1003/4504 976/4505 1002/4506
vt -1.47567 0.00114
vt -1.54029 0.00114
vt -1.54029 -0.01174
f 1001/4507 977/4508 978/4509
vt -1.47567 0.00114
vt -1.54029 -0.01174
vt -1.47567 -0.01174
f 1001/4510 978/4511 1000/4512
vt -1.47567 -0.03683
vt -1.54029 -0.03683
vt -1.54029 -0.04971
f 999/4513 979/4514 980/4515
vt -1.47567 -0.03683
vt -1.54029 -0.04971
vt -1.47567 -0.04971
f 999/4516 980/4517 998/4518
vt -1.47567 -0.07479
vt -1.54029 -0.07479
vt -1.54029 -0.08768
f 997/4519 981/4520 982/4521
vt -1.47567 -0.07479
vt -1.54029 -0.08768
vt -1.47567 -0.08768
f 997/4522 982/4523 996/4524
vt -1.47567 -0.11276
vt -1.54029 -0.11276
vt -1.54029 -0.12565
f 995/4525 983/4526 984/4527
vt -1.47567 -0.11276
vt -1.54029 -0.12565
vt -1.47567 -0.12565
f 995/4528 984/4529 994/4530
vt -1.47567 -0.15072
vt -1.54029 -0.15072
vt -1.54029 -0.16362
f 993/4531 985/4532 986/4533
vt -1.47567 -0.15072
vt -1.54029 -0.16362
vt -1.47567 -0.16362
f 993/4534 986/4535 992/4536
vt -1.47567 -0.18869
vt -1.54029 -0.18869
vt -1.54029 -0.20158
f 991/4537 987/4538 988/4539
vt -1.47567 -0.18869
vt -1.54029 -0.20158
vt -1.47567 -0.20158
f 991/4540 988/4541 990/4542
vt -0.03398 0.03911
vt 0.03398 0.03911
vt 0.03398 0.02622
f 974/4543 946/4544 947/4545
vt -0.03398 0.03911
vt 0.03398 0.02622
vt -0.03398 0.02622
f 974/4546 947/4547 973/4548
vt -0.03398 0.00114
vt 0.03398 0.00114
vt 0.03398 -0.01174
f 972/4549 948/4550 949/4551
vt -0.03398 0.00114
vt 0.03398 -0.01174
vt -0.03398 -0.01174
f 972/4552 949/4553 971/4554
vt -0.03398 -0.03683
vt 0.03398 -0.03683
vt 0.03398 -0.04971
f 970/4555 950/4556 951/4557
vt -0.03398 -0.03683
vt 0.03398 -0.04971
vt -0.03398 -0.04971
f 970/4558 951/4559 969/4560
vt -0.03398 -0.07479
vt 0.03398 -0.07479
vt 0.03398 -0.08768
f 968/4561 952/4562 953/4563
vt -0.03398 -0.07479
vt 0.03398 -0.08768
vt -0.03398 -0.08768
f 968/4564 953/4565 967/4566
vt -0.03398 -0.11276
vt 0.03398 -0.11276
vt 0.03398 -0.12565
f 966/4567 954/4568 955/4569
vt -0.03398 -0.11276
vt 0.03398 -0.12565
vt -0.03398 -0.12565
f 966/4570 955/4571 965/4572
vt -0.03398 -0.15072
vt 0.03398 -0.15072
vt 0.03398 -0.16362
f 964/4573 956/4574 957/4575
vt -0.03398 -0.15072
vt 0.03398 -0.16362
vt -0.03398 -0.16362
f 964/4576 957/4577 963/4578
vt -0.03398 -0.18869
vt 0.03398 -0.18869
vt 0.03398 -0.20158
f 962/4579 958/4580 959/4581
vt -0.03398 -0.18869
vt 0.03398 -0.20158
vt -0.03398 -0.20158
f 962/4582 959/4583 961/4584
vt -0.08354 -1.47959
vt -0.03191 -1.44208
vt -0.03398 -1.43573
f 831/4585 906/4586 1068/4587
vt -0.08354 -1.47959
vt -0.03398 -1.43573
vt -0.08894 -1.47567
f 831/4588 1068/4589 996/4590
vt -0.10326 -1.54029
vt -0.08354 -1.47959
vt -0.08894 -1.47567
f 814/4591 833/4592 998/4593
vt -0.10326 -1.54029
vt -0.08894 -1.47567
vt -0.10994 -1.54029
f 814/4594 998/4595 980/4596
vt 0.03191 -1.44208
vt -0.03191 -1.44208
vt -0.03398 -1.43573
f 853/4597 913/4598 944/4599
vt 0.03191 -1.44208
vt -0.03398 -1.43573
vt 0.03398 -1.43573
f 853/4600 944/4601 941/4602
vt 0.03191 -1.44208
vt 0.08354 -1.47959
vt 0.08894 -1.47567
f 736/4603 735/4604 935/4605
vt 0.03191 -1.44208
vt 0.08894 -1.47567
vt 0.03398 -1.43573
f 736/4606 935/4607 936/4608
vt -0.03191 -1.44208
vt -0.08354 -1.47959
vt -0.08894 -1.47567
f 907/4609 830/4610 995/4611
vt -0.03191 -1.44208
vt -0.08894 -1.47567
vt -0.03398 -1.43573
f 907/4612 995/4613 1069/4614
vt -0.08354 -1.47959
vt -0.10326 -1.54029
vt -0.10994 -1.54029
f 832/4615 815/4616 981/4617
vt -0.08354 -1.47959
vt -0.10994 -1.54029
vt -0.08894 -1.47567
f 832/4618 981/4619 997/4620
vt -0.10326 -1.54029
vt -0.08354 -1.60098
vt -0.08894 -1.60491
f 809/4621 884/4622 1047/4623
vt -0.10326 -1.54029
vt -0.08894 -1.60491
vt -0.10994 -1.54029
f 809/4624 1047/4625 975/4626
vt -0.03191 -1.44208
vt 0.03191 -1.44208
vt 0.03398 -1.43573
f 737/4627 736/4628 936/4629
vt -0.03191 -1.44208
vt 0.03398 -1.43573
vt -0.03398 -1.43573
f 737/4630 936/4631 937/4632
vt -0.08354 -1.47959
vt -0.03191 -1.44208
vt -0.03398 -1.43573
f 829/4633 908/4634 1070/4635
vt -0.08354 -1.47959
vt -0.03398 -1.43573
vt -0.08894 -1.47567
f 829/4636 1070/4637 994/4638
vt -0.10326 -1.54029
vt -0.08354 -1.47959
vt -0.08894 -1.47567
f 816/4639 831/4640 996/4641
vt -0.10326 -1.54029
vt -0.08894 -1.47567
vt -0.10994 -1.54029
f 816/4642 996/4643 982/4644
vt -0.08354 -1.60098
vt -0.10326 -1.54029
vt -0.10994 -1.54029
f 885/4645 810/4646 976/4647
vt -0.08354 -1.60098
vt -0.10994 -1.54029
vt -0.08894 -1.60491
f 885/4648 976/4649 1048/4650
vt -0.08354 -1.47959
vt -0.03191 -1.44208
vt -0.03398 -1.43573
f 738/4651 737/4652 937/4653
vt -0.08354 -1.47959
vt -0.03398 -1.43573
vt -0.08894 -1.47567
f 738/4654 937/4655 938/4656
vt -0.03191 -1.44208
vt -0.08354 -1.47959
vt -0.08894 -1.47567
f 909/4657 828/4658 993/4659
vt -0.03191 -1.44208
vt -0.08894 -1.47567
vt -0.03398 -1.43573
f 909/4660 993/4661 1071/4662
vt -0.08354 -1.47959
vt -0.10326 -1.54029
vt -0.10994 -1.54029
f 830/4663 817/4664 983/4665
vt -0.08354 -1.47959
vt -0.10994 -1.54029
vt -0.08894 -1.47567
f 830/4666 983/4667 995/4668
vt -0.10326 -1.54029
vt -0.08354 -1.60098
vt -0.08894 -1.60491
f 811/4669 886/4670 1049/4671
vt -0.10326 -1.54029
vt -0.08894 -1.60491
vt -0.10994 -1.54029
f 811/4672 1049/4673 977/4674
vt -0.10326 -1.54029
vt -0.08354 -1.47959
vt -0.08894 -1.47567
f 729/4675 738/4676 938/4677
vt -0.10326 -1.54029
vt -0.08894 -1.47567
vt -0.10994 -1.54029
f 729/4678 938/4679 929/4680
vt -0.08354 -1.47959
vt -0.03191 -1.44208
vt -0.03398 -1.43573
f 827/4681 910/4682 1072/4683
vt -0.08354 -1.47959
vt -0.03398 -1.43573
vt -0.08894 -1.47567
f 827/4684 1072/4685 992/4686
vt -0.10326 -1.54029
vt -0.08354 -1.47959
vt -0.08894 -1.47567
f 818/4687 829/4688 994/4689
vt -0.10326 -1.54029
vt -0.08894 -1.47567
vt -0.10994 -1.54029
f 818/4690 994/4691 984/4692
vt -0.08354 -1.60098
vt -0.10326 -1.54029
vt -0.10994 -1.54029
f 887/4693 812/4694 978/4695
vt -0.08354 -1.60098
vt -0.10994 -1.54029
vt -0.08894 -1.60491
f 887/4696 978/4697 1050/4698
vt -0.03191 -1.44208
vt -0.08354 -1.47959
vt -0.08894 -1.47567
f 911/4699 826/4700 991/4701
vt -0.03191 -1.44208
vt -0.08894 -1.47567
vt -0.03398 -1.43573
f 911/4702 991/4703 1073/4704
vt -0.08354 -1.47959
vt -0.10326 -1.54029
vt -0.10994 -1.54029
f 828/4705 819/4706 985/4707
vt -0.08354 -1.47959
vt -0.10994 -1.54029
vt -0.08894 -1.47567
f 828/4708 985/4709 993/4710
vt -0.10326 -1.54029
vt -0.08354 -1.60098
vt -0.08894 -1.60491
f 813/4711 888/4712 1051/4713
vt -0.10326 -1.54029
vt -0.08894 -1.60491
vt -0.10994 -1.54029
f 813/4714 1051/4715 979/4716
vt -0.08354 -1.47959
vt -0.03191 -1.44208
vt -0.03398 -1.43573
f 825/4717 912/4718 1074/4719
vt -0.08354 -1.47959
vt -0.03398 -1.43573
vt -0.08894 -1.47567
f 825/4720 1074/4721 990/4722
vt -0.10326 -1.54029
vt -0.08354 -1.47959
vt -0.08894 -1.47567
f 820/4723 827/4724 992/4725
vt -0.10326 -1.54029
vt -0.08894 -1.47567
vt -0.10994 -1.54029
f 820/4726 992/4727 986/4728
vt -0.08354 -1.60098
vt -0.10326 -1.54029
vt -0.10994 -1.54029
f 889/4729 814/4730 980/4731
vt -0.08354 -1.60098
vt -0.10994 -1.54029
vt -0.08894 -1.60491
f 889/4732 980/4733 1052/4734
vt -0.03191 -1.44208
vt -0.08354 -1.47959
vt -0.08894 -1.47567
f 913/4735 824/4736 989/4737
vt -0.03191 -1.44208
vt -0.08894 -1.47567
vt -0.03398 -1.43573
f 913/4738 989/4739 944/4740
vt -0.08354 -1.47959
vt -0.10326 -1.54029
vt -0.10994 -1.54029
f 826/4741 821/4742 987/4743
vt -0.08354 -1.47959
vt -0.10994 -1.54029
vt -0.08894 -1.47567
f 826/4744 987/4745 991/4746
vt -0.10326 -1.54029
vt -0.08354 -1.60098
vt -0.08894 -1.60491
f 815/4747 890/4748 1053/4749
vt -0.10326 -1.54029
vt -0.08894 -1.60491
vt -0.10994 -1.54029
f 815/4750 1053/4751 981/4752
vt -0.08354 -1.60098
vt -0.03191 -1.63849
vt -0.03398 -1.64485
f 884/4753 808/4754 974/4755
vt -0.08354 -1.60098
vt -0.03398 -1.64485
vt -0.08894 -1.60491
f 884/4756 974/4757 1047/4758
vt -0.10326 -1.54029
vt -0.08354 -1.47959
vt -0.08894 -1.47567
f 822/4759 825/4760 990/4761
vt -0.10326 -1.54029
vt -0.08894 -1.47567
vt -0.10994 -1.54029
f 822/4762 990/4763 988/4764
vt -0.08354 -1.60098
vt -0.10326 -1.54029
vt -0.10994 -1.54029
f 891/4765 816/4766 982/4767
vt -0.08354 -1.60098
vt -0.10994 -1.54029
vt -0.08894 -1.60491
f 891/4768 982/4769 1054/4770
vt -0.03191 -1.63849
vt -0.08354 -1.60098
vt -0.08894 -1.60491
f 807/4771 885/4772 1048/4773
vt -0.03191 -1.63849
vt -0.08894 -1.60491
vt -0.03398 -1.64485
f 807/4774 1048/4775 973/4776
vt -0.08354 -1.47959
vt -0.10326 -1.54029
vt -0.10994 -1.54029
f 824/4777 823/4778 940/4779
vt -0.08354 -1.47959
vt -0.10994 -1.54029
vt -0.08894 -1.47567
f 824/4780 940/4781 989/4782
vt -0.10326 -1.54029
vt -0.08354 -1.60098
vt -0.08894 -1.60491
f 817/4783 892/4784 1055/4785
vt -0.10326 -1.54029
vt -0.08894 -1.60491
vt -0.10994 -1.54029
f 817/4786 1055/4787 983/4788
vt -0.08354 -1.60098
vt -0.03191 -1.63849
vt -0.03398 -1.64485
f 886/4789 806/4790 972/4791
vt -0.08354 -1.60098
vt -0.03398 -1.64485
vt -0.08894 -1.60491
f 886/4792 972/4793 1049/4794
vt -0.03191 -1.63849
vt 0.03191 -1.63849
vt 0.03398 -1.64485
f 808/4795 779/4796 946/4797
vt -0.03191 -1.63849
vt 0.03398 -1.64485
vt -0.03398 -1.64485
f 808/4798 946/4799 974/4800
vt -0.08354 -1.60098
vt -0.10326 -1.54029
vt -0.10994 -1.54029
f 893/4801 818/4802 984/4803
vt -0.08354 -1.60098
vt -0.10994 -1.54029
vt -0.08894 -1.60491
f 893/4804 984/4805 1056/4806
vt -0.03191 -1.63849
vt -0.08354 -1.60098
vt -0.08894 -1.60491
f 805/4807 887/4808 1050/4809
vt -0.03191 -1.63849
vt -0.08894 -1.60491
vt -0.03398 -1.64485
f 805/4810 1050/4811 971/4812
vt 0.03191 -1.63849
vt -0.03191 -1.63849
vt -0.03398 -1.64485
f 780/4813 807/4814 973/4815
vt 0.03191 -1.63849
vt -0.03398 -1.64485
vt 0.03398 -1.64485
f 780/4816 973/4817 947/4818
vt -0.10326 -1.54029
vt -0.08354 -1.60098
vt -0.08894 -1.60491
f 819/4819 894/4820 1057/4821
vt -0.10326 -1.54029
vt -0.08894 -1.60491
vt -0.10994 -1.54029
f 819/4822 1057/4823 985/4824
vt -0.08354 -1.60098
vt -0.03191 -1.63849
vt -0.03398 -1.64485
f 888/4825 804/4826 970/4827
vt -0.08354 -1.60098
vt -0.03398 -1.64485
vt -0.08894 -1.60491
f 888/4828 970/4829 1051/4830
vt -0.03191 -1.63849
vt 0.03191 -1.63849
vt 0.03398 -1.64485
f 806/4831 781/4832 948/4833
vt -0.03191 -1.63849
vt 0.03398 -1.64485
vt -0.03398 -1.64485
f 806/4834 948/4835 972/4836
vt -0.08354 -1.60098
vt -0.10326 -1.54029
vt -0.10994 -1.54029
f 895/4837 820/4838 986/4839
vt -0.08354 -1.60098
vt -0.10994 -1.54029
vt -0.08894 -1.60491
f 895/4840 986/4841 1058/4842
vt -0.03191 -1.63849
vt -0.08354 -1.60098
vt -0.08894 -1.60491
f 803/4843 889/4844 1052/4845
vt -0.03191 -1.63849
vt -0.08894 -1.60491
vt -0.03398 -1.64485
f 803/4846 1052/4847 969/4848
vt 0.03191 -1.63849
vt -0.03191 -1.63849
vt -0.03398 -1.64485
f 782/4849 805/4850 971/4851
vt 0.03191 -1.63849
vt -0.03398 -1.64485
vt 0.03398 -1.64485
f 782/4852 971/4853 949/4854
vt -0.10326 -1.54029
vt -0.08354 -1.60098
vt -0.08894 -1.60491
f 821/4855 896/4856 1059/4857
vt -0.10326 -1.54029
vt -0.08894 -1.60491
vt -0.10994 -1.54029
f 821/4858 1059/4859 987/4860
vt -0.08354 -1.60098
vt -0.03191 -1.63849
vt -0.03398 -1.64485
f 890/4861 802/4862 968/4863
vt -0.08354 -1.60098
vt -0.03398 -1.64485
vt -0.08894 -1.60491
f 890/4864 968/4865 1053/4866
vt -0.03191 -1.63849
vt 0.03191 -1.63849
vt 0.03398 -1.64485
f 804/4867 783/4868 950/4869
vt -0.03191 -1.63849
vt 0.03398 -1.64485
vt -0.03398 -1.64485
f 804/4870 950/4871 970/4872
vt -0.08354 -1.60098
vt -0.10326 -1.54029
vt -0.10994 -1.54029
f 897/4873 822/4874 988/4875
vt -0.08354 -1.60098
vt -0.10994 -1.54029
vt -0.08894 -1.60491
f 897/4876 988/4877 1060/4878
vt -0.03191 -1.63849
vt -0.08354 -1.60098
vt -0.08894 -1.60491
f 801/4879 891/4880 1054/4881
vt -0.03191 -1.63849
vt -0.08894 -1.60491
vt -0.03398 -1.64485
f 801/4882 1054/4883 967/4884
vt 0.03191 -1.63849
vt -0.03191 -1.63849
vt -0.03398 -1.64485
f 784/4885 803/4886 969/4887
vt 0.03191 -1.63849
vt -0.03398 -1.64485
vt 0.03398 -1.64485
f 784/4888 969/4889 951/4890
vt -0.10326 -1.54029
vt -0.08354 -1.60098
vt -0.08894 -1.60491
f 823/4891 898/4892 943/4893
vt -0.10326 -1.54029
vt -0.08894 -1.60491
vt -0.10994 -1.54029
f 823/4894 943/4895 940/4896
vt -0.08354 -1.60098
vt -0.03191 -1.63849
vt -0.03398 -1.64485
f 892/4897 800/4898 966/4899
vt -0.08354 -1.60098
vt -0.03398 -1.64485
vt -0.08894 -1.60491
f 892/4900 966/4901 1055/4902
vt -0.03191 -1.63849
vt 0.03191 -1.63849
vt 0.03398 -1.64485
f 802/4903 785/4904 952/4905
vt -0.03191 -1.63849
vt 0.03398 -1.64485
vt -0.03398 -1.64485
f 802/4906 952/4907 968/4908
vt 0.03191 -1.63849
vt 0.08354 -1.60098
vt 0.08894 -1.60491
f 779/4909 869/4910 1033/4911
vt 0.03191 -1.63849
vt 0.08894 -1.60491
vt 0.03398 -1.64485
f 779/4912 1033/4913 946/4914
vt -0.03191 -1.63849
vt -0.08354 -1.60098
vt -0.08894 -1.60491
f 799/4915 893/4916 1056/4917
vt -0.03191 -1.63849
vt -0.08894 -1.60491
vt -0.03398 -1.64485
f 799/4918 1056/4919 965/4920
vt 0.03191 -1.63849
vt -0.03191 -1.63849
vt -0.03398 -1.64485
f 786/4921 801/4922 967/4923
vt 0.03191 -1.63849
vt -0.03398 -1.64485
vt 0.03398 -1.64485
f 786/4924 967/4925 953/4926
vt 0.08354 -1.60098
vt 0.03191 -1.63849
vt 0.03398 -1.64485
f 870/4927 780/4928 947/4929
vt 0.08354 -1.60098
vt 0.03398 -1.64485
vt 0.08894 -1.60491
f 870/4930 947/4931 1034/4932
vt -0.08354 -1.60098
vt -0.03191 -1.63849
vt -0.03398 -1.64485
f 894/4933 798/4934 964/4935
vt -0.08354 -1.60098
vt -0.03398 -1.64485
vt -0.08894 -1.60491
f 894/4936 964/4937 1057/4938
vt -0.03191 -1.63849
vt 0.03191 -1.63849
vt 0.03398 -1.64485
f 800/4939 787/4940 954/4941
vt -0.03191 -1.63849
vt 0.03398 -1.64485
vt -0.03398 -1.64485
f 800/4942 954/4943 966/4944
vt 0.03191 -1.63849
vt 0.08354 -1.60098
vt 0.08894 -1.60491
f 781/4945 871/4946 1035/4947
vt 0.03191 -1.63849
vt 0.08894 -1.60491
vt 0.03398 -1.64485
f 781/4948 1035/4949 948/4950
vt -0.03191 -1.63849
vt -0.08354 -1.60098
vt -0.08894 -1.60491
f 797/4951 895/4952 1058/4953
vt -0.03191 -1.63849
vt -0.08894 -1.60491
vt -0.03398 -1.64485
f 797/4954 1058/4955 963/4956
vt 0.03191 -1.63849
vt -0.03191 -1.63849
vt -0.03398 -1.64485
f 788/4957 799/4958 965/4959
vt 0.03191 -1.63849
vt -0.03398 -1.64485
vt 0.03398 -1.64485
f 788/4960 965/4961 955/4962
vt 0.08354 -1.60098
vt 0.03191 -1.63849
vt 0.03398 -1.64485
f 872/4963 782/4964 949/4965
vt 0.08354 -1.60098
vt 0.03398 -1.64485
vt 0.08894 -1.60491
f 872/4966 949/4967 1036/4968
vt -0.08354 -1.60098
vt -0.03191 -1.63849
vt -0.03398 -1.64485
f 896/4969 796/4970 962/4971
vt -0.08354 -1.60098
vt -0.03398 -1.64485
vt -0.08894 -1.60491
f 896/4972 962/4973 1059/4974
vt -0.03191 -1.63849
vt 0.03191 -1.63849
vt 0.03398 -1.64485
f 798/4975 789/4976 956/4977
vt -0.03191 -1.63849
vt 0.03398 -1.64485
vt -0.03398 -1.64485
f 798/4978 956/4979 964/4980
vt 0.03191 -1.63849
vt 0.08354 -1.60098
vt 0.08894 -1.60491
f 783/4981 873/4982 1037/4983
vt 0.03191 -1.63849
vt 0.08894 -1.60491
vt 0.03398 -1.64485
f 783/4984 1037/4985 950/4986
vt -0.03191 -1.63849
vt -0.08354 -1.60098
vt -0.08894 -1.60491
f 795/4987 897/4988 1060/4989
vt -0.03191 -1.63849
vt -0.08894 -1.60491
vt -0.03398 -1.64485
f 795/4990 1060/4991 961/4992
vt 0.03191 -1.63849
vt -0.03191 -1.63849
vt -0.03398 -1.64485
f 790/4993 797/4994 963/4995
vt 0.03191 -1.63849
vt -0.03398 -1.64485
vt 0.03398 -1.64485
f 790/4996 963/4997 957/4998
vt 0.08354 -1.60098
vt 0.03191 -1.63849
vt 0.03398 -1.64485
f 874/4999 784/5000 951/5001
vt 0.08354 -1.60098
vt 0.03398 -1.64485
vt 0.08894 -1.60491
f 874/5002 951/5003 1038/5004
vt -0.08354 -1.60098
vt -0.03191 -1.63849
vt -0.03398 -1.64485
f 898/5005 794/5006 960/5007
vt -0.08354 -1.60098
vt -0.03398 -1.64485
vt -0.08894 -1.60491
f 898/5008 960/5009 943/5010
vt -0.03191 -1.63849
vt 0.03191 -1.63849
vt 0.03398 -1.64485
f 796/5011 791/5012 958/5013
vt -0.03191 -1.63849
vt 0.03398 -1.64485
vt -0.03398 -1.64485
f 796/5014 958/5015 962/5016
vt 0.03191 -1.63849
vt 0.08354 -1.60098
vt 0.08894 -1.60491
f 785/5017 875/5018 1039/5019
vt 0.03191 -1.63849
vt 0.08894 -1.60491
vt 0.03398 -1.64485
f 785/5020 1039/5021 952/5022
vt 0.08354 -1.60098
vt 0.10326 -1.54029
vt 0.10994 -1.54029
f 869/5023 914/5024 1075/5025
vt 0.08354 -1.60098
vt 0.10994 -1.54029
vt 0.08894 -1.60491
f 869/5026 1075/5027 1033/5028
vt 0.03191 -1.63849
vt -0.03191 -1.63849
vt -0.03398 -1.64485
f 792/5029 795/5030 961/5031
vt 0.03191 -1.63849
vt -0.03398 -1.64485
vt 0.03398 -1.64485
f 792/5032 961/5033 959/5034
vt 0.08354 -1.60098
vt 0.03191 -1.63849
vt 0.03398 -1.64485
f 876/5035 786/5036 953/5037
vt 0.08354 -1.60098
vt 0.03398 -1.64485
vt 0.08894 -1.60491
f 876/5038 953/5039 1040/5040
vt 0.10326 -1.54029
vt 0.08354 -1.60098
vt 0.08894 -1.60491
f 915/5041 870/5042 1034/5043
vt 0.10326 -1.54029
vt 0.08894 -1.60491
vt 0.10994 -1.54029
f 915/5044 1034/5045 1076/5046
vt -0.03191 -1.63849
vt 0.03191 -1.63849
vt 0.03398 -1.64485
f 794/5047 793/5048 939/5049
vt -0.03191 -1.63849
vt 0.03398 -1.64485
vt -0.03398 -1.64485
f 794/5050 939/5051 960/5052
vt 0.03191 -1.63849
vt 0.08354 -1.60098
vt 0.08894 -1.60491
f 787/5053 877/5054 1041/5055
vt 0.03191 -1.63849
vt 0.08894 -1.60491
vt 0.03398 -1.64485
f 787/5056 1041/5057 954/5058
vt 0.08354 -1.60098
vt 0.10326 -1.54029
vt 0.10994 -1.54029
f 871/5059 916/5060 1077/5061
vt 0.08354 -1.60098
vt 0.10994 -1.54029
vt 0.08894 -1.60491
f 871/5062 1077/5063 1035/5064
vt 0.34977 0.57434
vt 0.31823 0.57434
vt 0.31823 0.59902
f 1089/5065 1091/5066 1098/5067
vt 0.34977 0.57434
vt 0.31823 0.59902
vt 0.34977 0.59902
f 1089/5068 1098/5069 1093/5070
vt 0.31823 0.57434
vt 0.34977 0.57434
vt 0.34977 0.59902
f 1092/5071 1090/5072 1096/5073
vt 0.31823 0.57434
vt 0.34977 0.59902
vt 0.31823 0.59902
f 1092/5074 1096/5075 1099/5076
vt -0.02637 0.34977
vt 0.02637 0.34977
vt 0.02637 0.31823
f 1095/5077 1094/5078 1097/5079
vt -0.02637 0.34977
vt 0.02637 0.31823
vt -0.02637 0.31823
f 1095/5080 1097/5081 1100/5082
vt 0.03904 0.57434
vt -0.03904 0.57434
vt -0.03904 0.59902
f 1091/5083 1092/5084 1099/5085
vt 0.03904 0.57434
vt -0.03904 0.59902
vt -0.02637 0.61169
f 1091/5086 1099/5087 1100/5088
vt 0.03904 0.57434
vt -0.02637 0.61169
vt 0.02637 0.61169
f 1091/5089 1100/5090 1097/5091
vt 0.03904 0.57434
vt 0.02637 0.61169
vt 0.03904 0.59902
f 1091/5092 1097/5093 1098/5094
vt 0.34977 0.59902
vt 0.31823 0.59902
vt 0.31823 0.61169
f 1093/5095 1098/5096 1097/5097
vt 0.34977 0.59902
vt 0.31823 0.61169
vt 0.34977 0.61169
f 1093/5098 1097/5099 1094/5100
vt 0.31823 0.59902
vt 0.34977 0.59902
vt 0.34977 0.61169
f 1099/5101 1096/5102 1095/5103
vt 0.31823 0.59902
vt 0.34977 0.61169
vt 0.31823 0.61169
f 1099/5104 1095/5105 1100/5106
vt -0.03904 0.57434
vt 0.03904 0.57434
vt 0.03904 0.59902
f 1090/5107 1089/5108 1093/5109
vt -0.03904 0.57434
vt 0.03904 0.59902
vt 0.02637 0.61169
f 1090/5110 1093/5111 1094/5112
vt -0.03904 0.57434
vt 0.02637 0.61169
vt -0.02637 0.61169
f 1090/5113 1094/5114 1095/5115
vt -0.03904 0.57434
vt -0.02637 0.61169
vt -0.03904 0.59902
f 1090/5116 1095/5117 1096/5118
vt 0.24571 0.57434
vt 0.21417 0.57434
vt 0.21417 0.59902
f 1101/5119 1103/5120 1110/5121
vt 0.24571 0.57434
vt 0.21417 0.59902
vt 0.24571 0.59902
f 1101/5122 1110/5123 1105/5124
vt 0.21417 0.57434
vt 0.24571 0.57434
vt 0.24571 0.59902
f 1104/5125 1102/5126 1108/5127
vt 0.21417 0.57434
vt 0.24571 0.59902
vt 0.21417 0.59902
f 1104/5128 1108/5129 1111/5130
vt -0.02637 0.24571
vt 0.02637 0.24571
vt 0.02637 0.21417
f 1107/5131 1106/5132 1109/5133
vt -0.02637 0.24571
vt 0.02637 0.21417
vt -0.02637 0.21417
f 1107/5134 1109/5135 1112/5136
vt 0.03904 0.57434
vt -0.03904 0.57434
vt -0.03904 0.59902
f 1103/5137 1104/5138 1111/5139
vt 0.03904 0.57434
vt -0.03904 0.59902
vt -0.02637 0.61169
f 1103/5140 1111/5141 1112/5142
vt 0.03904 0.57434
vt -0.02637 0.61169
vt 0.02637 0.61169
f 1103/5143 1112/5144 1109/5145
vt 0.03904 0.57434
vt 0.02637 0.61169
vt 0.03904 0.59902
f 1103/5146 1109/5147 1110/5148
vt 0.24571 0.59902
vt 0.21417 0.59902
vt 0.21417 0.61169
f 1105/5149 1110/5150 1109/5151
vt 0.24571 0.59902
vt 0.21417 0.61169
vt 0.24571 0.61169
f 1105/5152 1109/5153 1106/5154
vt 0.21417 0.59902
vt 0.24571 0.59902
vt 0.24571 0.61169
f 1111/5155 1108/5156 1107/5157
vt 0.21417 0.59902
vt 0.24571 0.61169
vt 0.21417 0.61169
f 1111/5158 1107/5159 1112/5160
vt -0.03904 0.57434
vt 0.03904 0.57434
vt 0.03904 0.59902
f 1102/5161 1101/5162 1105/5163
vt -0.03904 0.57434
vt 0.03904 0.59902
vt 0.02637 0.61169
f 1102/5164 1105/5165 1106/5166
vt -0.03904 0.57434
vt 0.02637 0.61169
vt -0.02637 0.61169
f 1102/5167 1106/5168 1107/5169
vt -0.03904 0.57434
vt -0.02637 0.61169
vt -0.03904 0.59902
f 1102/5170 1107/5171 1108/5172
vt 0.14164 0.57434
vt 0.11011 0.57434
vt 0.11011 0.59902
f 1113/5173 1115/5174 1122/5175
vt 0.14164 0.57434
vt 0.11011 0.59902
vt 0.14164 0.59902
f 1113/5176 1122/5177 1117/5178
vt 0.11011 0.57434
vt 0.14164 0.57434
vt 0.14164 0.59902
f 1116/5179 1114/5180 1120/5181
vt 0.11011 0.57434
vt 0.14164 0.59902
vt 0.11011 0.59902
f 1116/5182 1120/5183 1123/5184
vt -0.02637 0.14164
vt 0.02637 0.14164
vt 0.02637 0.11011
f 1119/5185 1118/5186 1121/5187
vt -0.02637 0.14164
vt 0.02637 0.11011
vt -0.02637 0.11011
f 1119/5188 1121/5189 1124/5190
vt 0.03904 0.57434
vt -0.03904 0.57434
vt -0.03904 0.59902
f 1115/5191 1116/5192 1123/5193
vt 0.03904 0.57434
vt -0.03904 0.59902
vt -0.02637 0.61169
f 1115/5194 1123/5195 1124/5196
vt 0.03904 0.57434
vt -0.02637 0.61169
vt 0.02637 0.61169
f 1115/5197 1124/5198 1121/5199
vt 0.03904 0.57434
vt 0.02637 0.61169
vt 0.03904 0.59902
f 1115/5200 1121/5201 1122/5202
vt 0.14164 0.59902
vt 0.11011 0.59902
vt 0.11011 0.61169
f 1117/5203 1122/5204 1121/5205
vt 0.14164 0.59902
vt 0.11011 0.61169
vt 0.14164 0.61169
f 1117/5206 1121/5207 1118/5208
vt 0.11011 0.59902
vt 0.14164 0.59902
vt 0.14164 0.61169
f 1123/5209 1120/5210 1119/5211
vt 0.11011 0.59902
vt 0.14164 0.61169
vt 0.11011 0.61169
f 1123/5212 1119/5213 1124/5214
vt -0.03904 0.57434
vt 0.03904 0.57434
vt 0.03904 0.59902
f 1114/5215 1113/5216 1117/5217
vt -0.03904 0.57434
vt 0.03904 0.59902
vt 0.02637 0.61169
f 1114/5218 1117/5219 1118/5220
vt -0.03904 0.57434
vt 0.02637 0.61169
vt -0.02637 0.61169
f 1114/5221 1118/5222 1119/5223
vt -0.03904 0.57434
vt -0.02637 0.61169
vt -0.03904 0.59902
f 1114/5224 1119/5225 1120/5226
vt 0.03757 0.57434
vt 0.00604 0.57434
vt 0.00604 0.59902
f 1125/5227 1127/5228 1134/5229
vt 0.03757 0.57434
vt 0.00604 0.59902
vt 0.03757 0.59902
f 1125/5230 1134/5231 1129/5232
vt 0.00604 0.57434
vt 0.03757 0.57434
vt 0.03757 0.59902
f 1128/5233 1126/5234 1132/5235
vt 0.00604 0.57434
vt 0.03757 0.59902
vt 0.00604 0.59902
f 1128/5236 1132/5237 1135/5238
vt -0.02637 0.03757
vt 0.02637 0.03757
vt 0.02637 0.00604
f 1131/5239 1130/5240 1133/5241
vt -0.02637 0.03757
vt 0.02637 0.00604
vt -0.02637 0.00604
f 1131/5242 1133/5243 1136/5244
vt 0.03904 0.57434
vt -0.03904 0.57434
vt -0.03904 0.59902
f 1127/5245 1128/5246 1135/5247
vt 0.03904 0.57434
vt -0.03904 0.59902
vt -0.02637 0.61169
f 1127/5248 1135/5249 1136/5250
vt 0.03904 0.57434
vt -0.02637 0.61169
vt 0.02637 0.61169
f 1127/5251 1136/5252 1133/5253
vt 0.03904 0.57434
vt 0.02637 0.61169
vt 0.03904 0.59902
f 1127/5254 1133/5255 1134/5256
vt 0.03757 0.59902
vt 0.00604 0.59902
vt 0.00604 0.61169
f 1129/5257 1134/5258 1133/5259
vt 0.03757 0.59902
vt 0.00604 0.61169
vt 0.03757 0.61169
f 1129/5260 1133/5261 1130/5262
vt 0.00604 0.59902
vt 0.03757 0.59902
vt 0.03757 0.61169
f 1135/5263 1132/5264 1131/5265
vt 0.00604 0.59902
vt 0.03757 0.61169
vt 0.00604 0.61169
f 1135/5266 1131/5267 1136/5268
vt -0.03904 0.57434
vt 0.03904 0.57434
vt 0.03904 0.59902
f 1126/5269 1125/5270 1129/5271
vt -0.03904 0.57434
vt 0.03904 0.59902
vt 0.02637 0.61169
f 1126/5272 1129/5273 1130/5274
vt -0.03904 0.57434
vt 0.02637 0.61169
vt -0.02637 0.61169
f 1126/5275 1130/5276 1131/5277
vt -0.03904 0.57434
vt -0.02637 0.61169
vt -0.03904 0.59902
f 1126/5278 1131/5279 1132/5280
vt -0.06648 0.57434
vt -0.09802 0.57434
vt -0.09802 0.59902
f 1137/5281 1139/5282 1146/5283
vt -0.06648 0.57434
vt -0.09802 0.59902
vt -0.06648 0.59902
f 1137/5284 1146/5285 1141/5286
vt -0.09802 0.57434
vt -0.06648 0.57434
vt -0.06648 0.59902
f 1140/5287 1138/5288 1144/5289
vt -0.09802 0.57434
vt -0.06648 0.59902
vt -0.09802 0.59902
f 1140/5290 1144/5291 1147/5292
vt -0.02637 -0.06648
vt 0.02637 -0.06648
vt 0.02637 -0.09802
f 1143/5293 1142/5294 1145/5295
vt -0.02637 -0.06648
vt 0.02637 -0.09802
vt -0.02637 -0.09802
f 1143/5296 1145/5297 1148/5298
vt 0.03904 0.57434
vt -0.03904 0.57434
vt -0.03904 0.59902
f 1139/5299 1140/5300 1147/5301
vt 0.03904 0.57434
vt -0.03904 0.59902
vt -0.02637 0.61169
f 1139/5302 1147/5303 1148/5304
vt 0.03904 0.57434
vt -0.02637 0.61169
vt 0.02637 0.61169
f 1139/5305 1148/5306 1145/5307
vt 0.03904 0.57434
vt 0.02637 0.61169
vt 0.03904 0.59902
f 1139/5308 1145/5309 1146/5310
vt -0.06648 0.59902
vt -0.09802 0.59902
vt -0.09802 0.61169
f 1141/5311 1146/5312 1145/5313
vt -0.06648 0.59902
vt -0.09802 0.61169
vt -0.06648 0.61169
f 1141/5314 1145/5315 1142/5316
vt -0.09802 0.59902
vt -0.06648 0.59902
vt -0.06648 0.61169
f 1147/5317 1144/5318 1143/5319
vt -0.09802 0.59902
vt -0.06648 0.61169
vt -0.09802 0.61169
f 1147/5320 1143/5321 1148/5322
vt -0.03904 0.57434
vt 0.03904 0.57434
vt 0.03904 0.59902
f 1138/5323 1137/5324 1141/5325
vt -0.03904 0.57434
vt 0.03904 0.59902
vt 0.02637 0.61169
f 1138/5326 1141/5327 1142/5328
vt -0.03904 0.57434
vt 0.02637 0.61169
vt -0.02637 0.61169
f 1138/5329 1142/5330 1143/5331
vt -0.03904 0.57434
vt -0.02637 0.61169
vt -0.03904 0.59902
f 1138/5332 1143/5333 1144/5334
vt -0.17055 0.57434
vt -0.20208 0.57434
vt -0.20208 0.59902
f 1149/5335 1151/5336 1158/5337
vt -0.17055 0.57434
vt -0.20208 0.59902
vt -0.17055 0.59902
f 1149/5338 1158/5339 1153/5340
vt -0.20208 0.57434
vt -0.17055 0.57434
vt -0.17055 0.59902
f 1152/5341 1150/5342 1156/5343
vt -0.20208 0.57434
vt -0.17055 0.59902
vt -0.20208 0.59902
f 1152/5344 1156/5345 1159/5346
vt -0.02637 -0.17055
vt 0.02637 -0.17055
vt 0.02637 -0.20208
f 1155/5347 1154/5348 1157/5349
vt -0.02637 -0.17055
vt 0.02637 -0.20208
vt -0.02637 -0.20208
f 1155/5350 1157/5351 1160/5352
vt 0.03904 0.57434
vt -0.03904 0.57434
vt -0.03904 0.59902
f 1151/5353 1152/5354 1159/5355
vt 0.03904 0.57434
vt -0.03904 0.59902
vt -0.02637 0.61169
f 1151/5356 1159/5357 1160/5358
vt 0.03904 0.57434
vt -0.02637 0.61169
vt 0.02637 0.61169
f 1151/5359 1160/5360 1157/5361
vt 0.03904 0.57434
vt 0.02637 0.61169
vt 0.03904 0.59902
f 1151/5362 1157/5363 1158/5364
vt -0.17055 0.59902
vt -0.20208 0.59902
vt -0.20208 0.61169
f 1153/5365 1158/5366 1157/5367
vt -0.17055 0.59902
vt -0.20208 0.61169
vt -0.17055 0.61169
f 1153/5368 1157/5369 1154/5370
vt -0.20208 0.59902
vt -0.17055 0.59902
vt -0.17055 0.61169
f 1159/5371 1156/5372 1155/5373
vt -0.20208 0.59902
vt -0.17055 0.61169
vt -0.20208 0.61169
f 1159/5374 1155/5375 1160/5376
vt -0.03904 0.57434
vt 0.03904 0.57434
vt 0.03904 0.59902
f 1150/5377 1149/5378 1153/5379
vt -0.03904 0.57434
vt 0.03904 0.59902
vt 0.02637 0.61169
f 1150/5380 1153/5381 1154/5382
vt -0.03904 0.57434
vt 0.02637 0.61169
vt -0.02637 0.61169
f 1150/5383 1154/5384 1155/5385
vt -0.03904 0.57434
vt -0.02637 0.61169
vt -0.03904 0.59902
f 1150/5386 1155/5387 1156/5388
vt -0.27461 0.57434
vt -0.30614 0.57434
vt -0.30614 0.59902
f 1161/5389 1163/5390 1170/5391
vt -0.27461 0.57434
vt -0.30614 0.59902
vt -0.27461 0.59902
f 1161/5392 1170/5393 1165/5394
vt -0.30614 0.57434
vt -0.27461 0.57434
vt -0.27461 0.59902
f 1164/5395 1162/5396 1168/5397
vt -0.30614 0.57434
vt -0.27461 0.59902
vt -0.30614 0.59902
f 1164/5398 1168/5399 1171/5400
vt -0.02637 -0.27461
vt 0.02637 -0.27461
vt 0.02637 -0.30614
f 1167/5401 1166/5402 1169/5403
vt -0.02637 -0.27461
vt 0.02637 -0.30614
vt -0.02637 -0.30614
f 1167/5404 1169/5405 1172/5406
vt 0.03904 0.57434
vt -0.03904 0.57434
vt -0.03904 0.59902
f 1163/5407 1164/5408 1171/5409
vt 0.03904 0.57434
vt -0.03904 0.59902
vt -0.02637 0.61169
f 1163/5410 1171/5411 1172/5412
vt 0.03904 0.57434
vt -0.02637 0.61169
vt 0.02637 0.61169
f 1163/5413 1172/5414 1169/5415
vt 0.03904 0.57434
vt 0.02637 0.61169
vt 0.03904 0.59902
f 1163/5416 1169/5417 1170/5418
vt -0.27461 0.59902
vt -0.30614 0.59902
vt -0.30614 0.61169
f 1165/5419 1170/5420 1169/5421
vt -0.27461 0.59902
vt -0.30614 0.61169
vt -0.27461 0.61169
f 1165/5422 1169/5423 1166/5424
vt -0.30614 0.59902
vt -0.27461 0.59902
vt -0.27461 0.61169
f 1171/5425 1168/5426 1167/5427
vt -0.30614 0.59902
vt -0.27461 0.61169
vt -0.30614 0.61169
f 1171/5428 1167/5429 1172/5430
vt -0.03904 0.57434
vt 0.03904 0.57434
vt 0.03904 0.59902
f 1162/5431 1161/5432 1165/5433
vt -0.03904 0.57434
vt 0.03904 0.59902
vt 0.02637 0.61169
f 1162/5434 1165/5435 1166/5436
vt -0.03904 0.57434
vt 0.02637 0.61169
vt -0.02637 0.61169
f 1162/5437 1166/5438 1167/5439
vt -0.03904 0.57434
vt -0.02637 0.61169
vt -0.03904 0.59902
f 1162/5440 1167/5441 1168/5442
vt -0.37867 0.57434
vt -0.41021 0.57434
vt -0.41021 0.59902
f 1173/5443 1175/5444 1182/5445
vt -0.37867 0.57434
vt -0.41021 0.59902
vt -0.37867 0.59902
f 1173/5446 1182/5447 1177/5448
vt -0.41021 0.57434
vt -0.37867 0.57434
vt -0.37867 0.59902
f 1176/5449 1174/5450 1180/5451
vt -0.41021 0.57434
vt -0.37867 0.59902
vt -0.41021 0.59902
f 1176/5452 1180/5453 1183/5454
vt -0.02637 -0.37867
vt 0.02637 -0.37867
vt 0.02637 -0.41021
f 1179/5455 1178/5456 1181/5457
vt -0.02637 -0.37867
vt 0.02637 -0.41021
vt -0.02637 -0.41021
f 1179/5458 1181/5459 1184/5460
vt 0.03904 0.57434
vt -0.03904 0.57434
vt -0.03904 0.59902
f 1175/5461 1176/5462 1183/5463
vt 0.03904 0.57434
vt -0.03904 0.59902
vt -0.02637 0.61169
f 1175/5464 1183/5465 1184/5466
vt 0.03904 0.57434
vt -0.02637 0.61169
vt 0.02637 0.61169
f 1175/5467 1184/5468 1181/5469
vt 0.03904 0.57434
vt 0.02637 0.61169
vt 0.03904 0.59902
f 1175/5470 1181/5471 1182/5472
vt -0.37867 0.59902
vt -0.41021 0.59902
vt -0.41021 0.61169
f 1177/5473 1182/5474 1181/5475
vt -0.37867 0.59902
vt -0.41021 0.61169
vt -0.37867 0.61169
f 1177/5476 1181/5477 1178/5478
vt -0.41021 0.59902
vt -0.37867 0.59902
vt -0.37867 0.61169
f 1183/5479 1180/5480 1179/5481
vt -0.41021 0.59902
vt -0.37867 0.61169
vt -0.41021 0.61169
f 1183/5482 1179/5483 1184/5484
vt -0.03904 0.57434
vt 0.03904 0.57434
vt 0.03904 0.59902
f 1174/5485 1173/5486 1177/5487
vt -0.03904 0.57434
vt 0.03904 0.59902
vt 0.02637 0.61169
f 1174/5488 1177/5489 1178/5490
vt -0.03904 0.57434
vt 0.02637 0.61169
vt -0.02637 0.61169
f 1174/5491 1178/5492 1179/5493
vt -0.03904 0.57434
vt -0.02637 0.61169
vt -0.03904 0.59902
f 1174/5494 1179/5495 1180/5496
vt -0.48273 0.57434
vt -0.51427 0.57434
vt -0.51427 0.59902
f 1185/5497 1187/5498 1194/5499
vt -0.48273 0.57434
vt -0.51427 0.59902
vt -0.48273 0.59902
f 1185/5500 1194/5501 1189/5502
vt -0.51427 0.57434
vt -0.48273 0.57434
vt -0.48273 0.59902
f 1188/5503 1186/5504 1192/5505
vt -0.51427 0.57434
vt -0.48273 0.59902
vt -0.51427 0.59902
f 1188/5506 1192/5507 1195/5508
vt -0.02637 -0.48273
vt 0.02637 -0.48273
vt 0.02637 -0.51427
f 1191/5509 1190/5510 1193/5511
vt -0.02637 -0.48273
vt 0.02637 -0.51427
vt -0.02637 -0.51427
f 1191/5512 1193/5513 1196/5514
vt 0.03904 0.57434
vt -0.03904 0.57434
vt -0.03904 0.59902
f 1187/5515 1188/5516 1195/5517
vt 0.03904 0.57434
vt -0.03904 0.59902
vt -0.02637 0.61169
f 1187/5518 1195/5519 1196/5520
vt 0.03904 0.57434
vt -0.02637 0.61169
vt 0.02637 0.61169
f 1187/5521 1196/5522 1193/5523
vt 0.03904 0.57434
vt 0.02637 0.61169
vt 0.03904 0.59902
f 1187/5524 1193/5525 1194/5526
vt -0.48273 0.59902
vt -0.51427 0.59902
vt -0.51427 0.61169
f 1189/5527 1194/5528 1193/5529
vt -0.48273 0.59902
vt -0.51427 0.61169
vt -0.48273 0.61169
f 1189/5530 1193/5531 1190/5532
vt -0.51427 0.59902
vt -0.48273 0.59902
vt -0.48273 0.61169
f 1195/5533 1192/5534 1191/5535
vt -0.51427 0.59902
vt -0.48273 0.61169
vt -0.51427 0.61169
f 1195/5536 1191/5537 1196/5538
vt -0.03904 0.57434
vt 0.03904 0.57434
vt 0.03904 0.59902
f 1186/5539 1185/5540 1189/5541
vt -0.03904 0.57434
vt 0.03904 0.59902
vt 0.02637 0.61169
f 1186/5542 1189/5543 1190/5544
vt -0.03904 0.57434
vt 0.02637 0.61169
vt -0.02637 0.61169
f 1186/5545 1190/5546 1191/5547
vt -0.03904 0.57434
vt -0.02637 0.61169
vt -0.03904 0.59902
f 1186/5548 1191/5549 1192/5550
vt -0.58680 0.57434
vt -0.61833 0.57434
vt -0.61833 0.59902
f 1197/5551 1199/5552 1206/5553
vt -0.58680 0.57434
vt -0.61833 0.59902
vt -0.58680 0.59902
f 1197/5554 1206/5555 1201/5556
vt -0.61833 0.57434
vt -0.58680 0.57434
vt -0.58680 0.59902
f 1200/5557 1198/5558 1204/5559
vt -0.61833 0.57434
vt -0.58680 0.59902
vt -0.61833 0.59902
f 1200/5560 1204/5561 1207/5562
vt -0.02637 -0.58680
vt 0.02637 -0.58680
vt 0.02637 -0.61833
f 1203/5563 1202/5564 1205/5565
vt -0.02637 -0.58680
vt 0.02637 -0.61833
vt -0.02637 -0.61833
f 1203/5566 1205/5567 1208/5568
vt 0.03904 0.57434
vt -0.03904 0.57434
vt -0.03904 0.59902
f 1199/5569 1200/5570 1207/5571
vt 0.03904 0.57434
vt -0.03904 0.59902
vt -0.02637 0.61169
f 1199/5572 1207/5573 1208/5574
vt 0.03904 0.57434
vt -0.02637 0.61169
vt 0.02637 0.61169
f 1199/5575 1208/5576 1205/5577
vt 0.03904 0.57434
vt 0.02637 0.61169
vt 0.03904 0.59902
f 1199/5578 1205/5579 1206/5580
vt -0.58680 0.59902
vt -0.61833 0.59902
vt -0.61833 0.61169
f 1201/5581 1206/5582 1205/5583
vt -0.58680 0.59902
vt -0.61833 0.61169
vt -0.58680 0.61169
f 1201/5584 1205/5585 1202/5586
vt -0.61833 0.59902
vt -0.58680 0.59902
vt -0.58680 0.61169
f 1207/5587 1204/5588 1203/5589
vt -0.61833 0.59902
vt -0.58680 0.61169
vt -0.61833 0.61169
f 1207/5590 1203/5591 1208/5592
vt -0.03904 0.57434
vt 0.03904 0.57434
vt 0.03904 0.59902
f 1198/5593 1197/5594 1201/5595
vt -0.03904 0.57434
vt 0.03904 0.59902
vt 0.02637 0.61169
f 1198/5596 1201/5597 1202/5598
vt -0.03904 0.57434
vt 0.02637 0.61169
vt -0.02637 0.61169
f 1198/5599 1202/5600 1203/5601
vt -0.03904 0.57434
vt -0.02637 0.61169
vt -0.03904 0.59902
f 1198/5602 1203/5603 1204/5604
vt -0.69086 0.57434
vt -0.72239 0.57434
vt -0.72239 0.59902
f 1209/5605 1211/5606 1218/5607
vt -0.69086 0.57434
vt -0.72239 0.59902
vt -0.69086 0.59902
f 1209/5608 1218/5609 1213/5610
vt -0.72239 0.57434
vt -0.69086 0.57434
vt -0.69086 0.59902
f 1212/5611 1210/5612 1216/5613
vt -0.72239 0.57434
vt -0.69086 0.59902
vt -0.72239 0.59902
f 1212/5614 1216/5615 1219/5616
vt -0.02637 -0.69086
vt 0.02637 -0.69086
vt 0.02637 -0.72239
f 1215/5617 1214/5618 1217/5619
vt -0.02637 -0.69086
vt 0.02637 -0.72239
vt -0.02637 -0.72239
f 1215/5620 1217/5621 1220/5622
vt 0.03904 0.57434
vt -0.03904 0.57434
vt -0.03904 0.59902
f 1211/5623 1212/5624 1219/5625
vt 0.03904 0.57434
vt -0.03904 0.59902
vt -0.02637 0.61169
f 1211/5626 1219/5627 1220/5628
vt 0.03904 0.57434
vt -0.02637 0.61169
vt 0.02637 0.61169
f 1211/5629 1220/5630 1217/5631
vt 0.03904 0.57434
vt 0.02637 0.61169
vt 0.03904 0.59902
f 1211/5632 1217/5633 1218/5634
vt -0.69086 0.59902
vt -0.72239 0.59902
vt -0.72239 0.61169
f 1213/5635 1218/5636 1217/5637
vt -0.69086 0.59902
vt -0.72239 0.61169
vt -0.69086 0.61169
f 1213/5638 1217/5639 1214/5640
vt -0.72239 0.59902
vt -0.69086 0.59902
vt -0.69086 0.61169
f 1219/5641 1216/5642 1215/5643
vt -0.72239 0.59902
vt -0.69086 0.61169
vt -0.72239 0.61169
f 1219/5644 1215/5645 1220/5646
vt -0.03904 0.57434
vt 0.03904 0.57434
vt 0.03904 0.59902
f 1210/5647 1209/5648 1213/5649
vt -0.03904 0.57434
vt 0.03904 0.59902
vt 0.02637 0.61169
f 1210/5650 1213/5651 1214/5652
vt -0.03904 0.57434
vt 0.02637 0.61169
vt -0.02637 0.61169
f 1210/5653 1214/5654 1215/5655
vt -0.03904 0.57434
vt -0.02637 0.61169
vt -0.03904 0.59902
f 1210/5656 1215/5657 1216/5658
vt -0.79493 0.57434
vt -0.82646 0.57434
vt -0.82646 0.59902
f 1221/5659 1223/5660 1230/5661
vt -0.79493 0.57434
vt -0.82646 0.59902
vt -0.79493 0.59902
f 1221/5662 1230/5663 1225/5664
vt -0.82646 0.57434
vt -0.79493 0.57434
vt -0.79493 0.59902
f 1224/5665 1222/5666 1228/5667
vt -0.82646 0.57434
vt -0.79493 0.59902
vt -0.82646 0.59902
f 1224/5668 1228/5669 1231/5670
vt -0.02637 -0.79493
vt 0.02637 -0.79493
vt 0.02637 -0.82646
f 1227/5671 1226/5672 1229/5673
vt -0.02637 -0.79493
vt 0.02637 -0.82646
vt -0.02637 -0.82646
f 1227/5674 1229/5675 1232/5676
vt 0.03904 0.57434
vt -0.03904 0.57434
vt -0.03904 0.59902
f 1223/5677 1224/5678 1231/5679
vt 0.03904 0.57434
vt -0.03904 0.59902
vt -0.02637 0.61169
f 1223/5680 1231/5681 1232/5682
vt 0.03904 0.57434
vt -0.02637 0.61169
vt 0.02637 0.61169
f 1223/5683 1232/5684 1229/5685
vt 0.03904 0.57434
vt 0.02637 0.61169
vt 0.03904 0.59902
f 1223/5686 1229/5687 1230/5688
vt -0.79493 0.59902
vt -0.82646 0.59902
vt -0.82646 0.61169
f 1225/5689 1230/5690 1229/5691
vt -0.79493 0.59902
vt -0.82646 0.61169
vt -0.79493 0.61169
f 1225/5692 1229/5693 1226/5694
vt -0.82646 0.59902
vt -0.79493 0.59902
vt -0.79493 0.61169
f 1231/5695 1228/5696 1227/5697
vt -0.82646 0.59902
vt -0.79493 0.61169
vt -0.82646 0.61169
f 1231/5698 1227/5699 1232/5700
vt -0.03904 0.57434
vt 0.03904 0.57434
vt 0.03904 0.59902
f 1222/5701 1221/5702 1225/5703
vt -0.03904 0.57434
vt 0.03904 0.59902
vt 0.02637 0.61169
f 1222/5704 1225/5705 1226/5706
vt -0.03904 0.57434
vt 0.02637 0.61169
vt -0.02637 0.61169
f 1222/5707 1226/5708 1227/5709
vt -0.03904 0.57434
vt -0.02637 0.61169
vt -0.03904 0.59902
f 1222/5710 1227/5711 1228/5712
vt -0.89898 0.57434
vt -0.93052 0.57434
vt -0.93052 0.59902
f 1233/5713 1235/5714 1242/5715
vt -0.89898 0.57434
vt -0.93052 0.59902
vt -0.89898 0.59902
f 1233/5716 1242/5717 1237/5718
vt -0.93052 0.57434
vt -0.89898 0.57434
vt -0.89898 0.59902
f 1236/5719 1234/5720 1240/5721
vt -0.93052 0.57434
vt -0.89898 0.59902
vt -0.93052 0.59902
f 1236/5722 1240/5723 1243/5724
vt -0.02637 -0.89898
vt 0.02637 -0.89898
vt 0.02637 -0.93052
f 1239/5725 1238/5726 1241/5727
vt -0.02637 -0.89898
vt 0.02637 -0.93052
vt -0.02637 -0.93052
f 1239/5728 1241/5729 1244/5730
vt 0.03904 0.57434
vt -0.03904 0.57434
vt -0.03904 0.59902
f 1235/5731 1236/5732 1243/5733
vt 0.03904 0.57434
vt -0.03904 0.59902
vt -0.02637 0.61169
f 1235/5734 1243/5735 1244/5736
vt 0.03904 0.57434
vt -0.02637 0.61169
vt 0.02637 0.61169
f 1235/5737 1244/5738 1241/5739
vt 0.03904 0.57434
vt 0.02637 0.61169
vt 0.03904 0.59902
f 1235/5740 1241/5741 1242/5742
vt -0.89898 0.59902
vt -0.93052 0.59902
vt -0.93052 0.61169
f 1237/5743 1242/5744 1241/5745
vt -0.89898 0.59902
vt -0.93052 0.61169
vt -0.89898 0.61169
f 1237/5746 1241/5747 1238/5748
vt -0.93052 0.59902
vt -0.89898 0.59902
vt -0.89898 0.61169
f 1243/5749 1240/5750 1239/5751
vt -0.93052 0.59902
vt -0.89898 0.61169
vt -0.93052 0.61169
f 1243/5752 1239/5753 1244/5754
vt -0.03904 0.57434
vt 0.03904 0.57434
vt 0.03904 0.59902
f 1234/5755 1233/5756 1237/5757
vt -0.03904 0.57434
vt 0.03904 0.59902
vt 0.02637 0.61169
f 1234/5758 1237/5759 1238/5760
vt -0.03904 0.57434
vt 0.02637 0.61169
vt -0.02637 0.61169
f 1234/5761 1238/5762 1239/5763
vt -0.03904 0.57434
vt -0.02637 0.61169
vt -0.03904 0.59902
f 1234/5764 1239/5765 1240/5766
vt -1.00305 0.57434
vt -1.03458 0.57434
vt -1.03458 0.59902
f 1245/5767 1247/5768 1254/5769
vt -1.00305 0.57434
vt -1.03458 0.59902
vt -1.00305 0.59902
f 1245/5770 1254/5771 1249/5772
vt -1.03458 0.57434
vt -1.00305 0.57434
vt -1.00305 0.59902
f 1248/5773 1246/5774 1252/5775
vt -1.03458 0.57434
vt -1.00305 0.59902
vt -1.03458 0.59902
f 1248/5776 1252/5777 1255/5778
vt -0.02637 -1.00305
vt 0.02637 -1.00305
vt 0.02637 -1.03458
f 1251/5779 1250/5780 1253/5781
vt -0.02637 -1.00305
vt 0.02637 -1.03458
vt -0.02637 -1.03458
f 1251/5782 1253/5783 1256/5784
vt 0.03904 0.57434
vt -0.03904 0.57434
vt -0.03904 0.59902
f 1247/5785 1248/5786 1255/5787
vt 0.03904 0.57434
vt -0.03904 0.59902
vt -0.02637 0.61169
f 1247/5788 1255/5789 1256/5790
vt 0.03904 0.57434
vt -0.02637 0.61169
vt 0.02637 0.61169
f 1247/5791 1256/5792 1253/5793
vt 0.03904 0.57434
vt 0.02637 0.61169
vt 0.03904 0.59902
f 1247/5794 1253/5795 1254/5796
vt -1.00305 0.59902
vt -1.03458 0.59902
vt -1.03458 0.61169
f 1249/5797 1254/5798 1253/5799
vt -1.00305 0.59902
vt -1.03458 0.61169
vt -1.00305 0.61169
f 1249/5800 1253/5801 1250/5802
vt -1.03458 0.59902
vt -1.00305 0.59902
vt -1.00305 0.61169
f 1255/5803 1252/5804 1251/5805
vt -1.03458 0.59902
vt -1.00305 0.61169
vt -1.03458 0.61169
f 1255/5806 1251/5807 1256/5808
vt -0.03904 0.57434
vt 0.03904 0.57434
vt 0.03904 0.59902
f 1246/5809 1245/5810 1249/5811
vt -0.03904 0.57434
vt 0.03904 0.59902
vt 0.02637 0.61169
f 1246/5812 1249/5813 1250/5814
vt -0.03904 0.57434
vt 0.02637 0.61169
vt -0.02637 0.61169
f 1246/5815 1250/5816 1251/5817
vt -0.03904 0.57434
vt -0.02637 0.61169
vt -0.03904 0.59902
f 1246/5818 1251/5819 1252/5820
vt -1.10711 0.57434
vt -1.13864 0.57434
vt -1.13864 0.59902
f 1257/5821 1259/5822 1266/5823
vt -1.10711 0.57434
vt -1.13864 0.59902
vt -1.10711 0.59902
f 1257/5824 1266/5825 1261/5826
vt -1.13864 0.57434
vt -1.10711 0.57434
vt -1.10711 0.59902
f 1260/5827 1258/5828 1264/5829
vt -1.13864 0.57434
vt -1.10711 0.59902
vt -1.13864 0.59902
f 1260/5830 1264/5831 1267/5832
vt -0.02637 -1.10711
vt 0.02637 -1.10711
vt 0.02637 -1.13864
f 1263/5833 1262/5834 1265/5835
vt -0.02637 -1.10711
vt 0.02637 -1.13864
vt -0.02637 -1.13864
f 1263/5836 1265/5837 1268/5838
vt 0.03904 0.57434
vt -0.03904 0.57434
vt -0.03904 0.59902
f 1259/5839 1260/5840 1267/5841
vt 0.03904 0.57434
vt -0.03904 0.59902
vt -0.02637 0.61169
f 1259/5842 1267/5843 1268/5844
vt 0.03904 0.57434
vt -0.02637 0.61169
vt 0.02637 0.61169
f 1259/5845 1268/5846 1265/5847
vt 0.03904 0.57434
vt 0.02637 0.61169
vt 0.03904 0.59902
f 1259/5848 1265/5849 1266/5850
vt -1.10711 0.59902
vt -1.13864 0.59902
vt -1.13864 0.61169
f 1261/5851 1266/5852 1265/5853
vt -1.10711 0.59902
vt -1.13864 0.61169
vt -1.10711 0.61169
f 1261/5854 1265/5855 1262/5856
vt -1.13864 0.59902
vt -1.10711 0.59902
vt -1.10711 0.61169
f 1267/5857 1264/5858 1263/5859
vt -1.13864 0.59902
vt -1.10711 0.61169
vt -1.13864 0.61169
f 1267/5860 1263/5861 1268/5862
vt -0.03904 0.57434
vt 0.03904 0.57434
vt 0.03904 0.59902
f 1258/5863 1257/5864 1261/5865
vt -0.03904 0.57434
vt 0.03904 0.59902
vt 0.02637 0.61169
f 1258/5866 1261/5867 1262/5868
vt -0.03904 0.57434
vt 0.02637 0.61169
vt -0.02637 0.61169
f 1258/5869 1262/5870 1263/5871
vt -0.03904 0.57434
vt -0.02637 0.61169
vt -0.03904 0.59902
f 1258/5872 1263/5873 1264/5874
vt -1.21118 0.57434
vt -1.24271 0.57434
vt -1.24271 0.59902
f 1269/5875 1271/5876 1278/5877
vt -1.21118 0.57434
vt -1.24271 0.59902
vt -1.21118 0.59902
f 1269/5878 1278/5879 1273/5880
vt -1.24271 0.57434
vt -1.21118 0.57434
vt -1.21118 0.59902
f 1272/5881 1270/5882 1276/5883
vt -1.24271 0.57434
vt -1.21118 0.59902
vt -1.24271 0.59902
f 1272/5884 1276/5885 1279/5886
vt -0.02637 -1.21118
vt 0.02637 -1.21118
vt 0.02637 -1.24271
f 1275/5887 1274/5888 1277/5889
vt -0.02637 -1.21118
vt 0.02637 -1.24271
vt -0.02637 -1.24271
f 1275/5890 1277/5891 1280/5892
vt 0.03904 0.57434
vt -0.03904 0.57434
vt -0.03904 0.59902
f 1271/5893 1272/5894 1279/5895
vt 0.03904 0.57434
vt -0.03904 0.59902
vt -0.02637 0.61169
f 1271/5896 1279/5897 1280/5898
vt 0.03904 0.57434
vt -0.02637 0.61169
vt 0.02637 0.61169
f 1271/5899 1280/5900 1277/5901
vt 0.03904 0.57434
vt 0.02637 0.61169
vt 0.03904 0.59902
f 1271/5902 1277/5903 1278/5904
vt -1.21118 0.59902
vt -1.24271 0.59902
vt -1.24271 0.61169
f 1273/5905 1278/5906 1277/5907
vt -1.21118 0.59902
vt -1.24271 0.61169
vt -1.21118 0.61169
f 1273/5908 1277/5909 1274/5910
vt -1.24271 0.59902
vt -1.21118 0.59902
vt -1.21118 0.61169
f 1279/5911 1276/5912 1275/5913
vt -1.24271 0.59902
vt -1.21118 0.61169
vt -1.24271 0.61169
f 1279/5914 1275/5915 1280/5916
vt -0.03904 0.57434
vt 0.03904 0.57434
vt 0.03904 0.59902
f 1270/5917 1269/5918 1273/5919
vt -0.03904 0.57434
vt 0.03904 0.59902
vt 0.02637 0.61169
f 1270/5920 1273/5921 1274/5922
vt -0.03904 0.57434
vt 0.02637 0.61169
vt -0.02637 0.61169
f 1270/5923 1274/5924 1275/5925
vt -0.03904 0.57434
vt -0.02637 0.61169
vt -0.03904 0.59902
f 1270/5926 1275/5927 1276/5928
vt -1.31523 0.57434
vt -1.34677 0.57434
vt -1.34677 0.59902
f 1281/5929 1283/5930 1290/5931
vt -1.31523 0.57434
vt -1.34677 0.59902
vt -1.31523 0.59902
f 1281/5932 1290/5933 1285/5934
vt -1.34677 0.57434
vt -1.31523 0.57434
vt -1.31523 0.59902
f 1284/5935 1282/5936 1288/5937
vt -1.34677 0.57434
vt -1.31523 0.59902
vt -1.34677 0.59902
f 1284/5938 1288/5939 1291/5940
vt -0.02637 -1.31523
vt 0.02637 -1.31523
vt 0.02637 -1.34677
f 1287/5941 1286/5942 1289/5943
vt -0.02637 -1.31523
vt 0.02637 -1.34677
vt -0.02637 -1.34677
f 1287/5944 1289/5945 1292/5946
vt 0.03904 0.57434
vt -0.03904 0.57434
vt -0.03904 0.59902
f 1283/5947 1284/5948 1291/5949
vt 0.03904 0.57434
vt -0.03904 0.59902
vt -0.02637 0.61169
f 1283/5950 1291/5951 1292/5952
vt 0.03904 0.57434
vt -0.02637 0.61169
vt 0.02637 0.61169
f 1283/5953 1292/5954 1289/5955
vt 0.03904 0.57434
vt 0.02637 0.61169
vt 0.03904 0.59902
f 1283/5956 1289/5957 1290/5958
vt -1.31523 0.59902
vt -1.34677 0.59902
vt -1.34677 0.61169
f 1285/5959 1290/5960 1289/5961
vt -1.31523 0.59902
vt -1.34677 0.61169
vt -1.31523 0.61169
f 1285/5962 1289/5963 1286/5964
vt -1.34677 0.59902
vt -1.31523 0.59902
vt -1.31523 0.61169
f 1291/5965 1288/5966 1287/5967
vt -1.34677 0.59902
vt -1.31523 0.61169
vt -1.34677 0.61169
f 1291/5968 1287/5969 1292/5970
vt -0.03904 0.57434
vt 0.03904 0.57434
vt 0.03904 0.59902
f 1282/5971 1281/5972 1285/5973
vt -0.03904 0.57434
vt 0.03904 0.59902
vt 0.02637 0.61169
f 1282/5974 1285/5975 1286/5976
vt -0.03904 0.57434
vt 0.02637 0.61169
vt -0.02637 0.61169
f 1282/5977 1286/5978 1287/5979
vt -0.03904 0.57434
vt -0.02637 0.61169
vt -0.03904 0.59902
f 1282/5980 1287/5981 1288/5982
vt -1.41930 0.57434
vt -1.45083 0.57434
vt -1.45083 0.59902
f 1293/5983 1295/5984 1302/5985
vt -1.41930 0.57434
vt -1.45083 0.59902
vt -1.41930 0.59902
f 1293/5986 1302/5987 1297/5988
vt -1.45083 0.57434
vt -1.41930 0.57434
vt -1.41930 0.59902
f 1296/5989 1294/5990 1300/5991
vt -1.45083 0.57434
vt -1.41930 0.59902
vt -1.45083 0.59902
f 1296/5992 1300/5993 1303/5994
vt -0.02637 -1.41930
vt 0.02637 -1.41930
vt 0.02637 -1.45083
f 1299/5995 1298/5996 1301/5997
vt -0.02637 -1.41930
vt 0.02637 -1.45083
vt -0.02637 -1.45083
f 1299/5998 1301/5999 1304/6000
vt 0.03904 0.57434
vt -0.03904 0.57434
vt -0.03904 0.59902
f 1295/6001 1296/6002 1303/6003
vt 0.03904 0.57434
vt -0.03904 0.59902
vt -0.02637 0.61169
f 1295/6004 1303/6005 1304/6006
vt 0.03904 0.57434
vt -0.02637 0.61169
vt 0.02637 0.61169
f 1295/6007 1304/6008 1301/6009
vt 0.03904 0.57434
vt 0.02637 0.61169
vt 0.03904 0.59902
f 1295/6010 1301/6011 1302/6012
vt -1.41930 0.59902
vt -1.45083 0.59902
vt -1.45083 0.61169
f 1297/6013 1302/6014 1301/6015
vt -1.41930 0.59902
vt -1.45083 0.61169
vt -1.41930 0.61169
f 1297/6016 1301/6017 1298/6018
vt -1.45083 0.59902
vt -1.41930 0.59902
vt -1.41930 0.61169
f 1303/6019 1300/6020 1299/6021
vt -1.45083 0.59902
vt -1.41930 0.61169
vt -1.45083 0.61169
f 1303/6022 1299/6023 1304/6024
vt -0.03904 0.57434
vt 0.03904 0.57434
vt 0.03904 0.59902
f 1294/6025 1293/6026 1297/6027
vt -0.03904 0.57434
vt 0.03904 0.59902
vt 0.02637 0.61169
f 1294/6028 1297/6029 1298/6030
vt -0.03904 0.57434
vt 0.02637 0.61169
vt -0.02637 0.61169
f 1294/6031 1298/6032 1299/6033
vt -0.03904 0.57434
vt -0.02637 0.61169
vt -0.03904 0.59902
f 1294/6034 1299/6035 1300/6036
vt -1.52336 0.57434
vt -1.55489 0.57434
vt -1.55489 0.59902
f 1305/6037 1307/6038 1314/6039
vt -1.52336 0.57434
vt -1.55489 0.59902
vt -1.52336 0.59902
f 1305/6040 1314/6041 1309/6042
vt -1.55489 0.57434
vt -1.52336 0.57434
vt -1.52336 0.59902
f 1308/6043 1306/6044 1312/6045
vt -1.55489 0.57434
vt -1.52336 0.59902
vt -1.55489 0.59902
f 1308/6046 1312/6047 1315/6048
vt -0.02637 -1.52336
vt 0.02637 -1.52336
vt 0.02637 -1.55489
f 1311/6049 1310/6050 1313/6051
vt -0.02637 -1.52336
vt 0.02637 -1.55489
vt -0.02637 -1.55489
f 1311/6052 1313/6053 1316/6054
vt 0.03904 0.57434
vt -0.03904 0.57434
vt -0.03904 0.59902
f 1307/6055 1308/6056 1315/6057
vt 0.03904 0.57434
vt -0.03904 0.59902
vt -0.02637 0.61169
f 1307/6058 1315/6059 1316/6060
vt 0.03904 0.57434
vt -0.02637 0.61169
vt 0.02637 0.61169
f 1307/6061 1316/6062 1313/6063
vt 0.03904 0.57434
vt 0.02637 0.61169
vt 0.03904 0.59902
f 1307/6064 1313/6065 1314/6066
vt -1.52336 0.59902
vt -1.55489 0.59902
vt -1.55489 0.61169
f 1309/6067 1314/6068 1313/6069
vt -1.52336 0.59902
vt -1.55489 0.61169
vt -1.52336 0.61169
f 1309/6070 1313/6071 1310/6072
vt -1.55489 0.59902
vt -1.52336 0.59902
vt -1.52336 0.61169
f 1315/6073 1312/6074 1311/6075
vt -1.55489 0.59902
vt -1.52336 0.61169
vt -1.55489 0.61169
f 1315/6076 1311/6077 1316/6078
vt -0.03904 0.57434
vt 0.03904 0.57434
vt 0.03904 0.59902
f 1306/6079 1305/6080 1309/6081
vt -0.03904 0.57434
vt 0.03904 0.59902
vt 0.02637 0.61169
f 1306/6082 1309/6083 1310/6084
vt -0.03904 0.57434
vt 0.02637 0.61169
vt -0.02637 0.61169
f 1306/6085 1310/6086 1311/6087
vt -0.03904 0.57434
vt -0.02637 0.61169
vt -0.03904 0.59902
f 1306/6088 1311/6089 1312/6090
vt -1.62742 0.57434
vt -1.65896 0.57434
vt -1.65896 0.59902
f 1317/6091 1319/6092 1326/6093
vt -1.62742 0.57434
vt -1.65896 0.59902
vt -1.62742 0.59902
f 1317/6094 1326/6095 1321/6096
vt -1.65896 0.57434
vt -1.62742 0.57434
vt -1.62742 0.59902
f 1320/6097 1318/6098 1324/6099
vt -1.65896 0.57434
vt -1.62742 0.59902
vt -1.65896 0.59902
f 1320/6100 1324/6101 1327/6102
vt -0.02637 -1.62742
vt 0.02637 -1.62742
vt 0.02637 -1.65896
f 1323/6103 1322/6104 1325/6105
vt -0.02637 -1.62742
vt 0.02637 -1.65896
vt -0.02637 -1.65896
f 1323/6106 1325/6107 1328/6108
vt 0.03904 0.57434
vt -0.03904 0.57434
vt -0.03904 0.59902
f 1319/6109 1320/6110 1327/6111
vt 0.03904 0.57434
vt -0.03904 0.59902
vt -0.02637 0.61169
f 1319/6112 1327/6113 1328/6114
vt 0.03904 0.57434
vt -0.02637 0.61169
vt 0.02637 0.61169
f 1319/6115 1328/6116 1325/6117
vt 0.03904 0.57434
vt 0.02637 0.61169
vt 0.03904 0.59902
f 1319/6118 1325/6119 1326/6120
vt -1.62742 0.59902
vt -1.65896 0.59902
vt -1.65896 0.61169
f 1321/6121 1326/6122 1325/6123
vt -1.62742 0.59902
vt -1.65896 0.61169
vt -1.62742 0.61169
f 1321/6124 1325/6125 1322/6126
vt -1.65896 0.59902
vt -1.62742 0.59902
vt -1.62742 0.61169
f 1327/6127 1324/6128 1323/6129
vt -1.65896 0.59902
vt -1.62742 0.61169
vt -1.65896 0.61169
f 1327/6130 1323/6131 1328/6132
vt -0.03904 0.57434
vt 0.03904 0.57434
vt 0.03904 0.59902
f 1318/6133 1317/6134 1321/6135
vt -0.03904 0.57434
vt 0.03904 0.59902
vt 0.02637 0.61169
f 1318/6136 1321/6137 1322/6138
vt -0.03904 0.57434
vt 0.02637 0.61169
vt -0.02637 0.61169
f 1318/6139 1322/6140 1323/6141
vt -0.03904 0.57434
vt -0.02637 0.61169
vt -0.03904 0.59902
f 1318/6142 1323/6143 1324/6144
vt -1.71853 0.36872
vt -1.92351 0.36872
vt -1.92351 0.34232
f 1329/6145 1330/6146 1332/6147
vt -1.71853 0.36872
vt -1.92351 0.34232
vt -1.71853 0.34232
f 1329/6148 1332/6149 1331/6150
vt -0.03634 -1.71853
vt -0.03634 -1.92351
vt -0.01388 -1.92351
f 1331/6151 1332/6152 1334/6153
vt -0.03634 -1.71853
vt -0.01388 -1.92351
vt -0.01388 -1.71853
f 1331/6154 1334/6155 1333/6156
vt -0.01388 -1.71853
vt -0.01388 -1.92351
vt 0.01388 -1.92351
f 1333/6157 1334/6158 1336/6159
vt -0.01388 -1.71853
vt 0.01388 -1.92351
vt 0.01388 -1.71853
f 1333/6160 1336/6161 1335/6162
vt 0.01388 -1.71853
vt 0.01388 -1.92351
vt 0.03634 -1.92351
f 1335/6163 1336/6164 1338/6165
vt 0.01388 -1.71853
vt 0.03634 -1.92351
vt 0.03634 -1.71853
f 1335/6166 1338/6167 1337/6168
vt -1.71853 0.34232
vt -1.92351 0.34232
vt -1.92351 0.36872
f 1337/6169 1338/6170 1340/6171
vt -1.71853 0.34232
vt -1.92351 0.36872
vt -1.71853 0.36872
f 1337/6172 1340/6173 1339/6174
vt -1.71853 0.36872
vt -1.92351 0.36872
vt -1.92351 0.39513
f 1339/6175 1340/6176 1342/6177
vt -1.71853 0.36872
vt -1.92351 0.39513
vt -1.71853 0.39513
f 1339/6178 1342/6179 1341/6180
vt 0.03634 -1.71853
vt 0.03634 -1.92351
vt 0.01388 -1.92351
f 1341/6181 1342/6182 1344/6183
vt 0.03634 -1.71853
vt 0.01388 -1.92351
vt 0.01388 -1.71853
f 1341/6184 1344/6185 1343/6186
vt 0.01388 -1.71853
vt 0.01388 -1.92351
vt -0.01388 -1.92351
f 1343/6187 1344/6188 1346/6189
vt 0.01388 -1.71853
vt -0.01388 -1.92351
vt -0.01388 -1.71853
f 1343/6190 1346/6191 1345/6192
vt -0.01388 0.32600
vt -0.03634 0.34232
vt -0.04225 0.33803
f 1334/6193 1332/6194 1349/6195
vt -0.01388 0.32600
vt -0.04225 0.33803
vt -0.01613 0.31906
f 1334/6196 1349/6197 1351/6198
vt -0.01388 -1.71853
vt -0.01388 -1.92351
vt -0.03634 -1.92351
f 1345/6199 1346/6200 1348/6201
vt -0.01388 -1.71853
vt -0.03634 -1.92351
vt -0.03634 -1.71853
f 1345/6202 1348/6203 1347/6204
vt -1.71853 0.39513
vt -1.92351 0.39513
vt -1.92351 0.36872
f 1347/6205 1348/6206 1330/6207
vt -1.71853 0.39513
vt -1.92351 0.36872
vt -1.71853 0.36872
f 1347/6208 1330/6209 1329/6210
vt -0.04492 0.36872
vt -0.03634 0.34232
vt -0.01388 0.32600
f 1329/6211 1331/6212 1333/6213
vt -0.04492 0.36872
vt -0.01388 0.32600
vt 0.01388 0.32600
f 1329/6214 1333/6215 1335/6216
vt -0.04492 0.36872
vt 0.01388 0.32600
vt 0.03634 0.34232
f 1329/6217 1335/6218 1337/6219
vt -0.04492 0.36872
vt 0.03634 0.34232
vt 0.04492 0.36872
f 1329/6220 1337/6221 1339/6222
vt -0.04492 0.36872
vt 0.04492 0.36872
vt 0.03634 0.39513
f 1329/6223 1339/6224 1341/6225
vt -0.04492 0.36872
vt 0.03634 0.39513
vt 0.01388 0.41145
f 1329/6226 1341/6227 1343/6228
vt -0.04492 0.36872
vt 0.01388 0.41145
vt -0.01388 0.41145
f 1329/6229 1343/6230 1345/6231
vt -0.04492 0.36872
vt -0.01388 0.41145
vt -0.03634 0.39513
f 1329/6232 1345/6233 1347/6234
vt 0.01613 -1.92351
vt -0.01613 -1.92351
vt -0.01613 -1.94533
f 1352/6235 1351/6236 1361/6237
vt 0.01613 -1.92351
vt -0.01613 -1.94533
vt 0.01613 -1.94533
f 1352/6238 1361/6239 1362/6240
vt -0.04492 0.36872
vt -0.03634 0.39513
vt -0.04225 0.39943
f 1330/6241 1348/6242 1358/6243
vt -0.04492 0.36872
vt -0.04225 0.39943
vt -0.05222 0.36872
f 1330/6244 1358/6245 1350/6246
vt -0.03634 0.39513
vt -0.01388 0.41145
vt -0.01613 0.41839
f 1348/6247 1346/6248 1357/6249
vt -0.03634 0.39513
vt -0.01613 0.41839
vt -0.04225 0.39943
f 1348/6250 1357/6251 1358/6252
vt -0.01388 0.41145
vt 0.01388 0.41145
vt 0.01613 0.41839
f 1346/6253 1344/6254 1356/6255
vt -0.01388 0.41145
vt 0.01613 0.41839
vt -0.01613 0.41839
f 1346/6256 1356/6257 1357/6258
vt 0.01388 0.41145
vt 0.03634 0.39513
vt 0.04225 0.39943
f 1344/6259 1342/6260 1355/6261
vt 0.01388 0.41145
vt 0.04225 0.39943
vt 0.01613 0.41839
f 1344/6262 1355/6263 1356/6264
vt 0.03634 0.39513
vt 0.04492 0.36872
vt 0.05222 0.36872
f 1342/6265 1340/6266 1354/6267
vt 0.03634 0.39513
vt 0.05222 0.36872
vt 0.04225 0.39943
f 1342/6268 1354/6269 1355/6270
vt 0.04492 0.36872
vt 0.03634 0.34232
vt 0.04225 0.33803
f 1340/6271 1338/6272 1353/6273
vt 0.04492 0.36872
vt 0.04225 0.33803
vt 0.05222 0.36872
f 1340/6274 1353/6275 1354/6276
vt 0.03634 0.34232
vt 0.01388 0.32600
vt 0.01613 0.31906
f 1338/6277 1336/6278 1352/6279
vt 0.03634 0.34232
vt 0.01613 0.31906
vt 0.04225 0.33803
f 1338/6280 1352/6281 1353/6282
vt -0.03634 0.34232
vt -0.04492 0.36872
vt -0.05222 0.36872
f 1332/6283 1330/6284 1350/6285
vt -0.03634 0.34232
vt -0.05222 0.36872
vt -0.04225 0.33803
f 1332/6286 1350/6287 1349/6288
vt 0.01388 0.32600
vt -0.01388 0.32600
vt -0.01613 0.31906
f 1336/6289 1334/6290 1351/6291
vt 0.01388 0.32600
vt -0.01613 0.31906
vt 0.01613 0.31906
f 1336/6292 1351/6293 1352/6294
vt 0.01613 0.41839
vt 0.04225 0.39943
vt 0.03674 0.39542
f 1366/6295 1365/6296 1375/6297
vt 0.01613 0.41839
vt 0.03674 0.39542
vt 0.01403 0.41192
f 1366/6298 1375/6299 1376/6300
vt -1.92351 0.36872
vt -1.92351 0.39943
vt -1.94533 0.39943
f 1350/6301 1358/6302 1368/6303
vt -1.92351 0.36872
vt -1.94533 0.39943
vt -1.94533 0.36872
f 1350/6304 1368/6305 1360/6306
vt 0.01613 -1.92351
vt 0.04225 -1.92351
vt 0.04225 -1.94533
f 1356/6307 1355/6308 1365/6309
vt 0.01613 -1.92351
vt 0.04225 -1.94533
vt 0.01613 -1.94533
f 1356/6310 1365/6311 1366/6312
vt 0.04225 -1.92351
vt 0.01613 -1.92351
vt 0.01613 -1.94533
f 1353/6313 1352/6314 1362/6315
vt 0.04225 -1.92351
vt 0.01613 -1.94533
vt 0.04225 -1.94533
f 1353/6316 1362/6317 1363/6318
vt -1.92351 0.33803
vt -1.92351 0.36872
vt -1.94533 0.36872
f 1349/6319 1350/6320 1360/6321
vt -1.92351 0.33803
vt -1.94533 0.36872
vt -1.94533 0.33803
f 1349/6322 1360/6323 1359/6324
vt -0.01613 -1.92351
vt 0.01613 -1.92351
vt 0.01613 -1.94533
f 1357/6325 1356/6326 1366/6327
vt -0.01613 -1.92351
vt 0.01613 -1.94533
vt -0.01613 -1.94533
f 1357/6328 1366/6329 1367/6330
vt -1.92351 0.36872
vt -1.92351 0.33803
vt -1.94533 0.33803
f 1354/6331 1353/6332 1363/6333
vt -1.92351 0.36872
vt -1.94533 0.33803
vt -1.94533 0.36872
f 1354/6334 1363/6335 1364/6336
vt -0.01613 -1.92351
vt -0.04225 -1.92351
vt -0.04225 -1.94533
f 1351/6337 1349/6338 1359/6339
vt -0.01613 -1.92351
vt -0.04225 -1.94533
vt -0.01613 -1.94533
f 1351/6340 1359/6341 1361/6342
vt -0.04225 -1.92351
vt -0.01613 -1.92351
vt -0.01613 -1.94533
f 1358/6343 1357/6344 1367/6345
vt -0.04225 -1.92351
vt -0.01613 -1.94533
vt -0.04225 -1.94533
f 1358/6346 1367/6347 1368/6348
vt -1.92351 0.39943
vt -1.92351 0.36872
vt -1.94533 0.36872
f 1355/6349 1354/6350 1364/6351
vt -1.92351 0.39943
vt -1.94533 0.36872
vt -1.94533 0.39943
f 1355/6352 1364/6353 1365/6354
vt 0.03674 -1.94533
vt 0.01403 -1.94533
vt 0.01403 -1.95859
f 1373/6355 1372/6356 1382/6357
vt 0.03674 -1.94533
vt 0.01403 -1.95859
vt 0.03674 -1.95859
f 1373/6358 1382/6359 1383/6360
vt 0.04225 0.33803
vt 0.01613 0.31906
vt 0.01403 0.32553
f 1363/6361 1362/6362 1372/6363
vt 0.04225 0.33803
vt 0.01403 0.32553
vt 0.03674 0.34203
f 1363/6364 1372/6365 1373/6366
vt -0.04225 0.33803
vt -0.05222 0.36872
vt -0.04542 0.36872
f 1359/6367 1360/6368 1370/6369
vt -0.04225 0.33803
vt -0.04542 0.36872
vt -0.03674 0.34203
f 1359/6370 1370/6371 1369/6372
vt -0.01613 0.41839
vt 0.01613 0.41839
vt 0.01403 0.41192
f 1367/6373 1366/6374 1376/6375
vt -0.01613 0.41839
vt 0.01403 0.41192
vt -0.01403 0.41192
f 1367/6376 1376/6377 1377/6378
vt 0.05222 0.36872
vt 0.04225 0.33803
vt 0.03674 0.34203
f 1364/6379 1363/6380 1373/6381
vt 0.05222 0.36872
vt 0.03674 0.34203
vt 0.04542 0.36872
f 1364/6382 1373/6383 1374/6384
vt -0.01613 0.31906
vt -0.04225 0.33803
vt -0.03674 0.34203
f 1361/6385 1359/6386 1369/6387
vt -0.01613 0.31906
vt -0.03674 0.34203
vt -0.01403 0.32553
f 1361/6388 1369/6389 1371/6390
vt -0.04225 0.39943
vt -0.01613 0.41839
vt -0.01403 0.41192
f 1368/6391 1367/6392 1377/6393
vt -0.04225 0.39943
vt -0.01403 0.41192
vt -0.03674 0.39542
f 1368/6394 1377/6395 1378/6396
vt 0.04225 0.39943
vt 0.05222 0.36872
vt 0.04542 0.36872
f 1365/6397 1364/6398 1374/6399
vt 0.04225 0.39943
vt 0.04542 0.36872
vt 0.03674 0.39542
f 1365/6400 1374/6401 1375/6402
vt 0.01613 0.31906
vt -0.01613 0.31906
vt -0.01403 0.32553
f 1362/6403 1361/6404 1371/6405
vt 0.01613 0.31906
vt -0.01403 0.32553
vt 0.01403 0.32553
f 1362/6406 1371/6407 1372/6408
vt -0.05222 0.36872
vt -0.04225 0.39943
vt -0.03674 0.39542
f 1360/6409 1368/6410 1378/6411
vt -0.05222 0.36872
vt -0.03674 0.39542
vt -0.04542 0.36872
f 1360/6412 1378/6413 1370/6414
vt -0.03674 0.34203
vt -0.04542 0.36872
vt -0.05552 0.36872
f 1379/6415 1380/6416 1390/6417
vt -0.03674 0.34203
vt -0.05552 0.36872
vt -0.04492 0.33609
f 1379/6418 1390/6419 1389/6420
vt -1.94533 0.34203
vt -1.94533 0.36872
vt -1.95859 0.36872
f 1369/6421 1370/6422 1380/6423
vt -1.94533 0.34203
vt -1.95859 0.36872
vt -1.95859 0.34203
f 1369/6424 1380/6425 1379/6426
vt -0.01403 -1.94533
vt 0.01403 -1.94533
vt 0.01403 -1.95859
f 1377/6427 1376/6428 1386/6429
vt -0.01403 -1.94533
vt 0.01403 -1.95859
vt -0.01403 -1.95859
f 1377/6430 1386/6431 1387/6432
vt -1.94533 0.36872
vt -1.94533 0.34203
vt -1.95859 0.34203
f 1374/6433 1373/6434 1383/6435
vt -1.94533 0.36872
vt -1.95859 0.34203
vt -1.95859 0.36872
f 1374/6436 1383/6437 1384/6438
vt -0.01403 -1.94533
vt -0.03674 -1.94533
vt -0.03674 -1.95859
f 1371/6439 1369/6440 1379/6441
vt -0.01403 -1.94533
vt -0.03674 -1.95859
vt -0.01403 -1.95859
f 1371/6442 1379/6443 1381/6444
vt -0.03674 -1.94533
vt -0.01403 -1.94533
vt -0.01403 -1.95859
f 1378/6445 1377/6446 1387/6447
vt -0.03674 -1.94533
vt -0.01403 -1.95859
vt -0.03674 -1.95859
f 1378/6448 1387/6449 1388/6450
vt -1.94533 0.39542
vt -1.94533 0.36872
vt -1.95859 0.36872
f 1375/6451 1374/6452 1384/6453
vt -1.94533 0.39542
vt -1.95859 0.36872
vt -1.95859 0.39542
f 1375/6454 1384/6455 1385/6456
vt 0.01403 -1.94533
vt -0.01403 -1.94533
vt -0.01403 -1.95859
f 1372/6457 1371/6458 1381/6459
vt 0.01403 -1.94533
vt -0.01403 -1.95859
vt 0.01403 -1.95859
f 1372/6460 1381/6461 1382/6462
vt -1.94533 0.36872
vt -1.94533 0.39542
vt -1.95859 0.39542
f 1370/6463 1378/6464 1388/6465
vt -1.94533 0.36872
vt -1.95859 0.39542
vt -1.95859 0.36872
f 1370/6466 1388/6467 1380/6468
vt 0.01403 -1.94533
vt 0.03674 -1.94533
vt 0.03674 -1.95859
f 1376/6469 1375/6470 1385/6471
vt 0.01403 -1.94533
vt 0.03674 -1.95859
vt 0.01403 -1.95859
f 1376/6472 1385/6473 1386/6474
vt -0.01716 -1.95859
vt 0.01716 -1.95859
vt 0.01716 -2.08333
f 1397/6475 1396/6476 1406/6477
vt -0.01716 -1.95859
vt 0.01716 -2.08333
vt -0.01716 -2.08333
f 1397/6478 1406/6479 1407/6480
vt -0.01403 0.41192
vt 0.01403 0.41192
vt 0.01716 0.42153
f 1387/6481 1386/6482 1396/6483
vt -0.01403 0.41192
vt 0.01716 0.42153
vt -0.01716 0.42153
f 1387/6484 1396/6485 1397/6486
vt 0.04542 0.36872
vt 0.03674 0.34203
vt 0.04492 0.33609
f 1384/6487 1383/6488 1393/6489
vt 0.04542 0.36872
vt 0.04492 0.33609
vt 0.05552 0.36872
f 1384/6490 1393/6491 1394/6492
vt -0.01403 0.32553
vt -0.03674 0.34203
vt -0.04492 0.33609
f 1381/6493 1379/6494 1389/6495
vt -0.01403 0.32553
vt -0.04492 0.33609
vt -0.01716 0.31592
f 1381/6496 1389/6497 1391/6498
vt -0.03674 0.39542
vt -0.01403 0.41192
vt -0.01716 0.42153
f 1388/6499 1387/6500 1397/6501
vt -0.03674 0.39542
vt -0.01716 0.42153
vt -0.04492 0.40137
f 1388/6502 1397/6503 1398/6504
vt 0.03674 0.39542
vt 0.04542 0.36872
vt 0.05552 0.36872
f 1385/6505 1384/6506 1394/6507
vt 0.03674 0.39542
vt 0.05552 0.36872
vt 0.04492 0.40137
f 1385/6508 1394/6509 1395/6510
vt 0.01403 0.32553
vt -0.01403 0.32553
vt -0.01716 0.31592
f 1382/6511 1381/6512 1391/6513
vt 0.01403 0.32553
vt -0.01716 0.31592
vt 0.01716 0.31592
f 1382/6514 1391/6515 1392/6516
vt -0.04542 0.36872
vt -0.03674 0.39542
vt -0.04492 0.40137
f 1380/6517 1388/6518 1398/6519
vt -0.04542 0.36872
vt -0.04492 0.40137
vt -0.05552 0.36872
f 1380/6520 1398/6521 1390/6522
vt 0.01403 0.41192
vt 0.03674 0.39542
vt 0.04492 0.40137
f 1386/6523 1385/6524 1395/6525
vt 0.01403 0.41192
vt 0.04492 0.40137
vt 0.01716 0.42153
f 1386/6526 1395/6527 1396/6528
vt 0.03674 0.34203
vt 0.01403 0.32553
vt 0.01716 0.31592
f 1383/6529 1382/6530 1392/6531
vt 0.03674 0.34203
vt 0.01716 0.31592
vt 0.04492 0.33609
f 1383/6532 1392/6533 1393/6534
vt 0.05552 0.36872
vt 0.04492 0.33609
vt 0.03318 0.34462
f 1404/6535 1403/6536 1413/6537
vt 0.05552 0.36872
vt 0.03318 0.34462
vt 0.04102 0.36872
f 1404/6538 1413/6539 1414/6540
vt -1.95859 0.36872
vt -1.95859 0.33609
vt -2.08333 0.33609
f 1394/6541 1393/6542 1403/6543
vt -1.95859 0.36872
vt -2.08333 0.33609
vt -2.08333 0.36872
f 1394/6544 1403/6545 1404/6546
vt -0.01716 -1.95859
vt -0.04492 -1.95859
vt -0.04492 -2.08333
f 1391/6547 1389/6548 1399/6549
vt -0.01716 -1.95859
vt -0.04492 -2.08333
vt -0.01716 -2.08333
f 1391/6550 1399/6551 1401/6552
vt -0.04492 -1.95859
vt -0.01716 -1.95859
vt -0.01716 -2.08333
f 1398/6553 1397/6554 1407/6555
vt -0.04492 -1.95859
vt -0.01716 -2.08333
vt -0.04492 -2.08333
f 1398/6556 1407/6557 1408/6558
vt -1.95859 0.40137
vt -1.95859 0.36872
vt -2.08333 0.36872
f 1395/6559 1394/6560 1404/6561
vt -1.95859 0.40137
vt -2.08333 0.36872
vt -2.08333 0.40137
f 1395/6562 1404/6563 1405/6564
vt 0.01716 -1.95859
vt -0.01716 -1.95859
vt -0.01716 -2.08333
f 1392/6565 1391/6566 1401/6567
vt 0.01716 -1.95859
vt -0.01716 -2.08333
vt 0.01716 -2.08333
f 1392/6568 1401/6569 1402/6570
vt -1.95859 0.36872
vt -1.95859 0.40137
vt -2.08333 0.40137
f 1390/6571 1398/6572 1408/6573
vt -1.95859 0.36872
vt -2.08333 0.40137
vt -2.08333 0.36872
f 1390/6574 1408/6575 1400/6576
vt 0.01716 -1.95859
vt 0.04492 -1.95859
vt 0.04492 -2.08333
f 1396/6577 1395/6578 1405/6579
vt 0.01716 -1.95859
vt 0.04492 -2.08333
vt 0.01716 -2.08333
f 1396/6580 1405/6581 1406/6582
vt 0.04492 -1.95859
vt 0.01716 -1.95859
vt 0.01716 -2.08333
f 1393/6583 1392/6584 1402/6585
vt 0.04492 -1.95859
vt 0.01716 -2.08333
vt 0.04492 -2.08333
f 1393/6586 1402/6587 1403/6588
vt -1.95859 0.33609
vt -1.95859 0.36872
vt -2.08333 0.36872
f 1389/6589 1390/6590 1400/6591
vt -1.95859 0.33609
vt -2.08333 0.36872
vt -2.08333 0.33609
f 1389/6592 1400/6593 1399/6594
vt -0.01268 -2.08333
vt -0.03318 -2.08333
vt -0.03318 -1.81701
f 1411/6595 1409/6596 1419/6597
vt -0.01268 -2.08333
vt -0.03318 -1.81701
vt -0.01268 -1.81701
f 1411/6598 1419/6599 1421/6600
vt -0.01716 0.31592
vt -0.04492 0.33609
vt -0.03318 0.34462
f 1401/6601 1399/6602 1409/6603
vt -0.01716 0.31592
vt -0.03318 0.34462
vt -0.01268 0.32973
f 1401/6604 1409/6605 1411/6606
vt -0.04492 0.40137
vt -0.01716 0.42153
vt -0.01268 0.40773
f 1408/6607 1407/6608 1417/6609
vt -0.04492 0.40137
vt -0.01268 0.40773
vt -0.03318 0.39283
f 1408/6610 1417/6611 1418/6612
vt 0.04492 0.40137
vt 0.05552 0.36872
vt 0.04102 0.36872
f 1405/6613 1404/6614 1414/6615
vt 0.04492 0.40137
vt 0.04102 0.36872
vt 0.03318 0.39283
f 1405/6616 1414/6617 1415/6618
vt 0.01716 0.31592
vt -0.01716 0.31592
vt -0.01268 0.32973
f 1402/6619 1401/6620 1411/6621
vt 0.01716 0.31592
vt -0.01268 0.32973
vt 0.01268 0.32973
f 1402/6622 1411/6623 1412/6624
vt -0.05552 0.36872
vt -0.04492 0.40137
vt -0.03318 0.39283
f 1400/6625 1408/6626 1418/6627
vt -0.05552 0.36872
vt -0.03318 0.39283
vt -0.04102 0.36872
f 1400/6628 1418/6629 1410/6630
vt 0.01716 0.42153
vt 0.04492 0.40137
vt 0.03318 0.39283
f 1406/6631 1405/6632 1415/6633
vt 0.01716 0.42153
vt 0.03318 0.39283
vt 0.01268 0.40773
f 1406/6634 1415/6635 1416/6636
vt 0.04492 0.33609
vt 0.01716 0.31592
vt 0.01268 0.32973
f 1403/6637 1402/6638 1412/6639
vt 0.04492 0.33609
vt 0.01268 0.32973
vt 0.03318 0.34462
f 1403/6640 1412/6641 1413/6642
vt -0.04492 0.33609
vt -0.05552 0.36872
vt -0.04102 0.36872
f 1399/6643 1400/6644 1410/6645
vt -0.04492 0.33609
vt -0.04102 0.36872
vt -0.03318 0.34462
f 1399/6646 1410/6647 1409/6648
vt -0.01716 0.42153
vt 0.01716 0.42153
vt 0.01268 0.40773
f 1407/6649 1406/6650 1416/6651
vt -0.01716 0.42153
vt 0.01268 0.40773
vt -0.01268 0.40773
f 1407/6652 1416/6653 1417/6654
vt -0.03318 0.34462
vt -0.04102 0.36872
vt -0.03318 0.39283
f 1419/6655 1420/6656 1428/6657
vt -0.03318 0.34462
vt -0.03318 0.39283
vt -0.01268 0.40773
f 1419/6658 1428/6659 1427/6660
vt -0.03318 0.34462
vt -0.01268 0.40773
vt 0.01268 0.40773
f 1419/6661 1427/6662 1426/6663
vt -0.03318 0.34462
vt 0.01268 0.40773
vt 0.03318 0.39283
f 1419/6664 1426/6665 1425/6666
vt -0.03318 0.34462
vt 0.03318 0.39283
vt 0.04102 0.36872
f 1419/6667 1425/6668 1424/6669
vt -0.03318 0.34462
vt 0.04102 0.36872
vt 0.03318 0.34462
f 1419/6670 1424/6671 1423/6672
vt -0.03318 0.34462
vt 0.03318 0.34462
vt 0.01268 0.32973
f 1419/6673 1423/6674 1422/6675
vt -0.03318 0.34462
vt 0.01268 0.32973
vt -0.01268 0.32973
f 1419/6676 1422/6677 1421/6678
vt -0.03318 -2.08333
vt -0.01268 -2.08333
vt -0.01268 -1.81701
f 1418/6679 1417/6680 1427/6681
vt -0.03318 -2.08333
vt -0.01268 -1.81701
vt -0.03318 -1.81701
f 1418/6682 1427/6683 1428/6684
vt -2.08333 0.39283
vt -2.08333 0.36872
vt -1.81701 0.36872
f 1415/6685 1414/6686 1424/6687
vt -2.08333 0.39283
vt -1.81701 0.36872
vt -1.81701 0.39283
f 1415/6688 1424/6689 1425/6690
vt 0.01268 -2.08333
vt -0.01268 -2.08333
vt -0.01268 -1.81701
f 1412/6691 1411/6692 1421/6693
vt 0.01268 -2.08333
vt -0.01268 -1.81701
vt 0.01268 -1.81701
f 1412/6694 1421/6695 1422/6696
vt -2.08333 0.36872
vt -2.08333 0.39283
vt -1.81701 0.39283
f 1410/6697 1418/6698 1428/6699
vt -2.08333 0.36872
vt -1.81701 0.39283
vt -1.81701 0.36872
f 1410/6700 1428/6701 1420/6702
vt 0.01268 -2.08333
vt 0.03318 -2.08333
vt 0.03318 -1.81701
f 1416/6703 1415/6704 1425/6705
vt 0.01268 -2.08333
vt 0.03318 -1.81701
vt 0.01268 -1.81701
f 1416/6706 1425/6707 1426/6708
vt 0.03318 -2.08333
vt 0.01268 -2.08333
vt 0.01268 -1.81701
f 1413/6709 1412/6710 1422/6711
vt 0.03318 -2.08333
vt 0.01268 -1.81701
vt 0.03318 -1.81701
f 1413/6712 1422/6713 1423/6714
vt -2.08333 0.34462
vt -2.08333 0.36872
vt -1.81701 0.36872
f 1409/6715 1410/6716 1420/6717
vt -2.08333 0.34462
vt -1.81701 0.36872
vt -1.81701 0.34462
f 1409/6718 1420/6719 1419/6720
vt -0.01268 -2.08333
vt 0.01268 -2.08333
vt 0.01268 -1.81701
f 1417/6721 1416/6722 1426/6723
vt -0.01268 -2.08333
vt 0.01268 -1.81701
vt -0.01268 -1.81701
f 1417/6724 1426/6725 1427/6726
vt -2.08333 0.36872
vt -2.08333 0.34462
vt -1.81701 0.34462
f 1414/6727 1413/6728 1423/6729
vt -2.08333 0.36872
vt -1.81701 0.34462
vt -1.81701 0.36872
f 1414/6730 1423/6731 1424/6732
vt -0.20195 0.36660
vt -0.22158 0.35668
vt -0.26887 0.35668
f 1431/6733 1432/6734 1435/6735
vt -0.20195 0.36660
vt -0.26887 0.35668
vt -0.28850 0.36660
f 1431/6736 1435/6737 1436/6738
vt -0.20195 0.36660
vt -0.28850 0.36660
vt -0.28850 0.37970
f 1431/6739 1436/6740 1433/6741
vt -0.20195 0.36660
vt -0.28850 0.37970
vt -0.26887 0.38963
f 1431/6742 1433/6743 1434/6744
vt -0.20195 0.36660
vt -0.26887 0.38963
vt -0.22158 0.38963
f 1431/6745 1434/6746 1429/6747
vt -0.20195 0.36660
vt -0.22158 0.38963
vt -0.20195 0.37970
f 1431/6748 1429/6749 1430/6750
vt -0.33178 0.36660
vt -0.35142 0.35668
vt -0.39870 0.35668
f 1439/6751 1440/6752 1443/6753
vt -0.33178 0.36660
vt -0.39870 0.35668
vt -0.41833 0.36660
f 1439/6754 1443/6755 1444/6756
vt -0.33178 0.36660
vt -0.41833 0.36660
vt -0.41833 0.37970
f 1439/6757 1444/6758 1441/6759
vt -0.33178 0.36660
vt -0.41833 0.37970
vt -0.39870 0.38963
f 1439/6760 1441/6761 1442/6762
vt -0.33178 0.36660
vt -0.39870 0.38963
vt -0.35142 0.38963
f 1439/6763 1442/6764 1437/6765
vt -0.33178 0.36660
vt -0.35142 0.38963
vt -0.33178 0.37970
f 1439/6766 1437/6767 1438/6768
vt -0.46162 0.36660
vt -0.48125 0.35668
vt -0.52853 0.35668
f 1447/6769 1448/6770 1451/6771
vt -0.46162 0.36660
vt -0.52853 0.35668
vt -0.54817 0.36660
f 1447/6772 1451/6773 1452/6774
vt -0.46162 0.36660
vt -0.54817 0.36660
vt -0.54817 0.37970
f 1447/6775 1452/6776 1449/6777
vt -0.46162 0.36660
vt -0.54817 0.37970
vt -0.52853 0.38963
f 1447/6778 1449/6779 1450/6780
vt -0.46162 0.36660
vt -0.52853 0.38963
vt -0.48125 0.38963
f 1447/6781 1450/6782 1445/6783
vt -0.46162 0.36660
vt -0.48125 0.38963
vt -0.46162 0.37970
f 1447/6784 1445/6785 1446/6786
vt -0.59145 0.36660
vt -0.61108 0.35668
vt -0.65837 0.35668
f 1455/6787 1456/6788 1459/6789
vt -0.59145 0.36660
vt -0.65837 0.35668
vt -0.67800 0.36660
f 1455/6790 1459/6791 1460/6792
vt -0.59145 0.36660
vt -0.67800 0.36660
vt -0.67800 0.37970
f 1455/6793 1460/6794 1457/6795
vt -0.59145 0.36660
vt -0.67800 0.37970
vt -0.65837 0.38963
f 1455/6796 1457/6797 1458/6798
vt -0.59145 0.36660
vt -0.65837 0.38963
vt -0.61108 0.38963
f 1455/6799 1458/6800 1453/6801
vt -0.59145 0.36660
vt -0.61108 0.38963
vt -0.59145 0.37970
f 1455/6802 1453/6803 1454/6804
vt -0.72128 0.36660
vt -0.74092 0.35668
vt -0.78820 0.35668
f 1463/6805 1464/6806 1467/6807
vt -0.72128 0.36660
vt -0.78820 0.35668
vt -0.80783 0.36660
f 1463/6808 1467/6809 1468/6810
vt -0.72128 0.36660
vt -0.80783 0.36660
vt -0.80783 0.37970
f 1463/6811 1468/6812 1465/6813
vt -0.72128 0.36660
vt -0.80783 0.37970
vt -0.78820 0.38963
f 1463/6814 1465/6815 1466/6816
vt -0.72128 0.36660
vt -0.78820 0.38963
vt -0.74092 0.38963
f 1463/6817 1466/6818 1461/6819
vt -0.72128 0.36660
vt -0.74092 0.38963
vt -0.72128 0.37970
f 1463/6820 1461/6821 1462/6822
vt -0.85112 0.36660
vt -0.87075 0.35668
vt -0.91803 0.35668
f 1471/6823 1472/6824 1475/6825
vt -0.85112 0.36660
vt -0.91803 0.35668
vt -0.93767 0.36660
f 1471/6826 1475/6827 1476/6828
vt -0.85112 0.36660
vt -0.93767 0.36660
vt -0.93767 0.37970
f 1471/6829 1476/6830 1473/6831
vt -0.85112 0.36660
vt -0.93767 0.37970
vt -0.91803 0.38963
f 1471/6832 1473/6833 1474/6834
vt -0.85112 0.36660
vt -0.91803 0.38963
vt -0.87075 0.38963
f 1471/6835 1474/6836 1469/6837
vt -0.85112 0.36660
vt -0.87075 0.38963
vt -0.85112 0.37970
f 1471/6838 1469/6839 1470/6840
vt -0.98095 0.36660
vt -1.00058 0.35668
vt -1.04787 0.35668
f 1479/6841 1480/6842 1483/6843
vt -0.98095 0.36660
vt -1.04787 0.35668
vt -1.06750 0.36660
f 1479/6844 1483/6845 1484/6846
vt -0.98095 0.36660
vt -1.06750 0.36660
vt -1.06750 0.37970
f 1479/6847 1484/6848 1481/6849
vt -0.98095 0.36660
vt -1.06750 0.37970
vt -1.04787 0.38963
f 1479/6850 1481/6851 1482/6852
vt -0.98095 0.36660
vt -1.04787 0.38963
vt -1.00058 0.38963
f 1479/6853 1482/6854 1477/6855
vt -0.98095 0.36660
vt -1.00058 0.38963
vt -0.98095 0.37970
f 1479/6856 1477/6857 1478/6858
vt -1.11078 0.36660
vt -1.13042 0.35668
vt -1.17770 0.35668
f 1487/6859 1488/6860 1491/6861
vt -1.11078 0.36660
vt -1.17770 0.35668
vt -1.19733 0.36660
f 1487/6862 1491/6863 1492/6864
vt -1.11078 0.36660
vt -1.19733 0.36660
vt -1.19733 0.37970
f 1487/6865 1492/6866 1489/6867
vt -1.11078 0.36660
vt -1.19733 0.37970
vt -1.17770 0.38963
f 1487/6868 1489/6869 1490/6870
vt -1.11078 0.36660
vt -1.17770 0.38963
vt -1.13042 0.38963
f 1487/6871 1490/6872 1485/6873
vt -1.11078 0.36660
vt -1.13042 0.38963
vt -1.11078 0.37970
f 1487/6874 1485/6875 1486/6876
vt -1.24062 0.36660
vt -1.26025 0.35668
vt -1.30753 0.35668
f 1495/6877 1496/6878 1499/6879
vt -1.24062 0.36660
vt -1.30753 0.35668
vt -1.32717 0.36660
f 1495/6880 1499/6881 1500/6882
vt -1.24062 0.36660
vt -1.32717 0.36660
vt -1.32717 0.37970
f 1495/6883 1500/6884 1497/6885
vt -1.24062 0.36660
vt -1.32717 0.37970
vt -1.30753 0.38963
f 1495/6886 1497/6887 1498/6888
vt -1.24062 0.36660
vt -1.30753 0.38963
vt -1.26025 0.38963
f 1495/6889 1498/6890 1493/6891
vt -1.24062 0.36660
vt -1.26025 0.38963
vt -1.24062 0.37970
f 1495/6892 1493/6893 1494/6894
vt -1.37045 0.36660
vt -1.39008 0.35668
vt -1.43737 0.35668
f 1503/6895 1504/6896 1507/6897
vt -1.37045 0.36660
vt -1.43737 0.35668
vt -1.45700 0.36660
f 1503/6898 1507/6899 1508/6900
vt -1.37045 0.36660
vt -1.45700 0.36660
vt -1.45700 0.37970
f 1503/6901 1508/6902 1505/6903
vt -1.37045 0.36660
vt -1.45700 0.37970
vt -1.43737 0.38963
f 1503/6904 1505/6905 1506/6906
vt -1.37045 0.36660
vt -1.43737 0.38963
vt -1.39008 0.38963
f 1503/6907 1506/6908 1501/6909
vt -1.37045 0.36660
vt -1.39008 0.38963
vt -1.37045 0.37970
f 1503/6910 1501/6911 1502/6912
vt -1.50028 0.36660
vt -1.51992 0.35668
vt -1.56720 0.35668
f 1511/6913 1512/6914 1515/6915
vt -1.50028 0.36660
vt -1.56720 0.35668
vt -1.58683 0.36660
f 1511/6916 1515/6917 1516/6918
vt -1.50028 0.36660
vt -1.58683 0.36660
vt -1.58683 0.37970
f 1511/6919 1516/6920 1513/6921
vt -1.50028 0.36660
vt -1.58683 0.37970
vt -1.56720 0.38963
f 1511/6922 1513/6923 1514/6924
vt -1.50028 0.36660
vt -1.56720 0.38963
vt -1.51992 0.38963
f 1511/6925 1514/6926 1509/6927
vt -1.50028 0.36660
vt -1.51992 0.38963
vt -1.50028 0.37970
f 1511/6928 1509/6929 1510/6930
vt -1.63012 0.36660
vt -1.64975 0.35668
vt -1.69703 0.35668
f 1519/6931 1520/6932 1523/6933
vt -1.63012 0.36660
vt -1.69703 0.35668
vt -1.71667 0.36660
f 1519/6934 1523/6935 1524/6936
vt -1.63012 0.36660
vt -1.71667 0.36660
vt -1.71667 0.37970
f 1519/6937 1524/6938 1521/6939
vt -1.63012 0.36660
vt -1.71667 0.37970
vt -1.69703 0.38963
f 1519/6940 1521/6941 1522/6942
vt -1.63012 0.36660
vt -1.69703 0.38963
vt -1.64975 0.38963
f 1519/6943 1522/6944 1517/6945
vt -1.63012 0.36660
vt -1.64975 0.38963
vt -1.63012 0.37970
f 1519/6946 1517/6947 1518/6948
vt -0.05287 -1.76097
vt 0.05287 -1.76097
vt 0.05287 0.36428
f 1528/6949 1527/6950 1525/6951
vt -0.05287 -1.76097
vt 0.05287 0.36428
vt -0.05287 0.36428
f 1528/6952 1525/6953 1526/6954
vt 0.05287 0.56081
vt -0.05287 0.56081
vt -0.04663 0.58063
f 1592/6955 1591/6956 1531/6957
vt 0.05287 0.56081
vt -0.04663 0.58063
vt 0.04663 0.58063
f 1592/6958 1531/6959 1532/6960
vt -0.05287 0.56081
vt 0.05287 0.56081
vt 0.04663 0.58063
f 1594/6961 1593/6962 1529/6963
vt -0.05287 0.56081
vt 0.04663 0.58063
vt -0.04663 0.58063
f 1594/6964 1529/6965 1530/6966
vt -0.04663 -1.76097
vt -0.04663 0.36428
vt 0.04663 0.36428
f 1531/6967 1530/6968 1529/6969
vt -0.04663 -1.76097
vt 0.04663 0.36428
vt 0.04663 -1.76097
f 1531/6970 1529/6971 1532/6972
vt 0.36428 0.56081
vt -1.76097 0.56081
vt -1.76097 0.58063
f 1593/6973 1592/6974 1532/6975
vt 0.36428 0.56081
vt -1.76097 0.58063
vt 0.36428 0.58063
f 1593/6976 1532/6977 1529/6978
vt 0.12318 0.43582
vt -0.12318 0.43582
vt -0.06807 0.53797
f 1537/6979 1538/6980 1536/6981
vt 0.12318 0.43582
vt -0.06807 0.53797
vt 0.06807 0.53797
f 1537/6982 1536/6983 1534/6984
vt 0.12318 -0.03650
vt -0.12318 -0.03650
vt -0.12318 0.43582
f 1540/6985 1539/6986 1538/6987
vt 0.12318 -0.03650
vt -0.12318 0.43582
vt 0.12318 0.43582
f 1540/6988 1538/6989 1537/6990
vt 0.06807 -0.11312
vt -0.06807 -0.11312
vt -0.12318 -0.03650
f 1533/6991 1535/6992 1539/6993
vt 0.06807 -0.11312
vt -0.12318 -0.03650
vt 0.12318 -0.03650
f 1533/6994 1539/6995 1540/6996
vt 0.12318 0.43582
vt 0.06807 0.53797
vt -0.06807 0.53797
f 1543/6997 1544/6998 1545/6999
vt 0.12318 0.43582
vt -0.06807 0.53797
vt -0.12318 0.43582
f 1543/7000 1545/7001 1548/7002
vt 0.12318 -0.03650
vt 0.12318 0.43582
vt -0.12318 0.43582
f 1547/7003 1543/7004 1548/7005
vt 0.12318 -0.03650
vt -0.12318 0.43582
vt -0.12318 -0.03650
f 1547/7006 1548/7007 1546/7008
vt 0.06807 -0.11312
vt 0.12318 -0.03650
vt -0.12318 -0.03650
f 1542/7009 1547/7010 1546/7011
vt 0.06807 -0.11312
vt -0.12318 -0.03650
vt -0.06807 -0.11312
f 1542/7012 1546/7013 1541/7014
vt 2.03483 -0.03650
vt 2.03483 -0.11312
vt 2.08333 -0.11312
f 1539/7015 1535/7016 1541/7017
vt 2.03483 -0.03650
vt 2.08333 -0.11312
vt 2.08333 -0.03650
f 1539/7018 1541/7019 1546/7020
vt 2.03483 0.43582
vt 2.03483 0.53797
vt 2.08333 0.53797
f 1537/7021 1534/7022 1544/7023
vt 2.03483 0.43582
vt 2.08333 0.53797
vt 2.08333 0.43582
f 1537/7024 1544/7025 1543/7026
vt 2.03483 -0.11312
vt 2.03483 -0.03650
vt 2.08333 -0.03650
f 1533/7027 1540/7028 1547/7029
vt 2.03483 -0.11312
vt 2.08333 -0.03650
vt 2.08333 -0.11312
f 1533/7030 1547/7031 1542/7032
vt 2.03483 -0.03650
vt 2.03483 0.43582
vt 2.08333 0.43582
f 1540/7033 1537/7034 1543/7035
vt 2.03483 -0.03650
vt 2.08333 0.43582
vt 2.08333 -0.03650
f 1540/7036 1543/7037 1547/7038
vt 0.06807 2.03483
vt -0.06807 2.03483
vt -0.06807 2.08333
f 1534/7039 1536/7040 1545/7041
vt 0.06807 2.03483
vt -0.06807 2.08333
vt 0.06807 2.08333
f 1534/7042 1545/7043 1544/7044
vt -0.06807 2.03483
vt 0.06807 2.03483
vt 0.06807 2.08333
f 1535/7045 1533/7046 1542/7047
vt -0.06807 2.03483
vt 0.06807 2.08333
vt -0.06807 2.08333
f 1535/7048 1542/7049 1541/7050
vt 2.03483 0.43582
vt 2.03483 -0.03650
vt 2.08333 -0.03650
f 1538/7051 1539/7052 1546/7053
vt 2.03483 0.43582
vt 2.08333 -0.03650
vt 2.08333 0.43582
f 1538/7054 1546/7055 1548/7056
vt 2.03483 0.53797
vt 2.03483 0.43582
vt 2.08333 0.43582
f 1536/7057 1538/7058 1548/7059
vt 2.03483 0.53797
vt 2.08333 0.43582
vt 2.08333 0.53797
f 1536/7060 1548/7061 1545/7062
vt 0.88170 0.09629
vt 0.46505 0.09629
vt 0.47481 0.04591
f 1595/7063 1550/7064 1553/7065
vt 0.88170 0.09629
vt 0.47481 0.04591
vt 0.55953 -0.02399
f 1595/7066 1553/7067 1554/7068
vt 0.88170 0.09629
vt 0.55953 -0.02399
vt 0.90498 -0.02399
f 1595/7069 1554/7070 1600/7071
vt -0.05969 0.09629
vt 0.05969 0.09629
vt 0.05969 0.04591
f 1550/7072 1549/7073 1552/7074
vt -0.05969 0.09629
vt 0.05969 0.04591
vt -0.05969 0.04591
f 1550/7075 1552/7076 1553/7077
vt -0.05969 0.46505
vt -0.05969 0.88170
vt -0.03057 0.91137
f 1550/7078 1595/7079 1596/7080
vt -0.05969 0.46505
vt -0.03057 0.91137
vt 0.03057 0.91137
f 1550/7081 1596/7082 1597/7083
vt -0.05969 0.46505
vt 0.03057 0.91137
vt 0.05969 0.88170
f 1550/7084 1597/7085 1598/7086
vt -0.05969 0.46505
vt 0.05969 0.88170
vt 0.05969 0.46505
f 1550/7087 1598/7088 1549/7089
vt 0.46505 0.09629
vt 0.88170 0.09629
vt 0.90498 -0.02399
f 1549/7090 1598/7091 1601/7092
vt 0.46505 0.09629
vt 0.90498 -0.02399
vt 0.55953 -0.02399
f 1549/7093 1601/7094 1551/7095
vt 0.46505 0.09629
vt 0.55953 -0.02399
vt 0.47481 0.04591
f 1549/7096 1551/7097 1552/7098
vt -0.05969 0.47481
vt 0.05969 0.47481
vt 0.05969 0.55953
f 1553/7099 1552/7100 1551/7101
vt -0.05969 0.47481
vt 0.05969 0.55953
vt -0.05969 0.55953
f 1553/7102 1551/7103 1554/7104
vt -0.05969 0.55953
vt 0.05969 0.55953
vt 0.05969 0.90498
f 1554/7105 1551/7106 1601/7107
vt -0.05969 0.55953
vt 0.05969 0.90498
vt 0.03057 0.93465
f 1554/7108 1601/7109 1602/7110
vt -0.05969 0.55953
vt 0.03057 0.93465
vt -0.03057 0.93465
f 1554/7111 1602/7112 1599/7113
vt -0.05969 0.55953
vt -0.03057 0.93465
vt -0.05969 0.90498
f 1554/7114 1599/7115 1600/7116
vt 0.02965 -0.24737
vt -0.02965 -0.24737
vt -0.02965 -0.28262
f 1633/7117 1637/7118 1691/7119
vt 0.02965 -0.24737
vt -0.02965 -0.28262
vt 0.02965 -0.28262
f 1633/7120 1691/7121 1705/7122
vt -0.05014 -0.62970
vt 0.05014 -0.62970
vt 0.05014 0.51367
f 1562/7123 1561/7124 1560/7125
vt -0.05014 -0.62970
vt 0.05014 0.51367
vt -0.05014 0.51367
f 1562/7126 1560/7127 1559/7128
vt 0.51367 0.09273
vt -0.62970 0.09273
vt -0.62970 0.03670
f 1555/7129 1558/7130 1562/7131
vt 0.51367 0.09273
vt -0.62970 0.03670
vt 0.51367 0.03670
f 1555/7132 1562/7133 1559/7134
vt -0.05014 0.09273
vt 0.05014 0.09273
vt 0.05014 0.03670
f 1558/7135 1557/7136 1561/7137
vt -0.05014 0.09273
vt 0.05014 0.03670
vt -0.05014 0.03670
f 1558/7138 1561/7139 1562/7140
vt -0.62970 0.09273
vt 0.51367 0.09273
vt 0.51367 0.03670
f 1557/7141 1556/7142 1560/7143
vt -0.62970 0.09273
vt 0.51367 0.03670
vt -0.62970 0.03670
f 1557/7144 1560/7145 1561/7146
vt 0.12198 0.04395
vt -0.14323 0.04395
vt -0.15263 -0.16048
f 1612/7147 1607/7148 1619/7149
vt 0.12198 0.04395
vt -0.15263 -0.16048
vt 0.09823 -0.08416
f 1612/7150 1619/7151 1624/7152
vt -0.02965 -0.17425
vt 0.02965 -0.17425
vt 0.02965 -0.12847
f 1618/7153 1616/7154 1652/7155
vt -0.02965 -0.17425
vt 0.02965 -0.12847
vt -0.02965 -0.12847
f 1618/7156 1652/7157 1639/7158
vt 0.02965 0.04395
vt -0.02965 0.04395
vt -0.02965 -0.07813
f 1609/7159 1613/7160 1625/7161
vt 0.02965 0.04395
vt -0.02965 -0.07813
vt 0.02965 -0.07813
f 1609/7162 1625/7163 1621/7164
vt -0.14323 0.04395
vt 0.12198 0.04395
vt 0.09823 -0.08416
f 1603/7165 1610/7166 1622/7167
vt -0.14323 0.04395
vt 0.09823 -0.08416
vt -0.15263 -0.16048
f 1603/7168 1622/7169 1615/7170
vt 0.02965 -0.31788
vt -0.02965 -0.31788
vt -0.02965 -0.35475
f 1709/7171 1687/7172 1675/7173
vt 0.02965 -0.31788
vt -0.02965 -0.35475
vt 0.02965 -0.35475
f 1709/7174 1675/7175 1685/7176
vt -0.07583 -0.31834
vt 0.19465 -0.25229
vt 0.22498 -0.28782
f 1627/7177 1634/7178 1706/7179
vt -0.07583 -0.31834
vt 0.22498 -0.28782
vt -0.02372 -0.35249
f 1627/7180 1706/7181 1699/7182
vt 0.19465 -0.25229
vt -0.07583 -0.31834
vt -0.02372 -0.35249
f 1636/7183 1631/7184 1694/7185
vt 0.19465 -0.25229
vt -0.02372 -0.35249
vt 0.22498 -0.28782
f 1636/7186 1694/7187 1690/7188
vt 0.11093 -0.13395
vt -0.10599 -0.19183
vt -0.07273 -0.24496
f 1648/7189 1640/7190 1642/7191
vt 0.11093 -0.13395
vt -0.07273 -0.24496
vt 0.15533 -0.19942
f 1648/7192 1642/7193 1646/7194
vt -0.02965 -0.09919
vt 0.02965 -0.09919
vt 0.02965 -0.04667
f 1630/7195 1628/7196 1700/7197
vt -0.02965 -0.09919
vt 0.02965 -0.04667
vt -0.02965 -0.04667
f 1630/7198 1700/7199 1693/7200
vt -0.10599 -0.19183
vt 0.11093 -0.13395
vt 0.15533 -0.19942
f 1651/7201 1658/7202 1660/7203
vt -0.10599 -0.19183
vt 0.15533 -0.19942
vt -0.07273 -0.24496
f 1651/7204 1660/7205 1655/7206
vt 0.09823 -0.08416
vt -0.15263 -0.16048
vt -0.10599 -0.19183
f 1624/7207 1619/7208 1640/7209
vt 0.09823 -0.08416
vt -0.10599 -0.19183
vt 0.11093 -0.13395
f 1624/7210 1640/7211 1648/7212
vt -0.02965 -0.49745
vt 0.02965 -0.49745
vt 0.02965 -0.55627
f 1673/7213 1666/7214 1664/7215
vt -0.02965 -0.49745
vt 0.02965 -0.55627
vt -0.02965 -0.55627
f 1673/7216 1664/7217 1669/7218
vt -0.15263 -0.16048
vt 0.09823 -0.08416
vt 0.11093 -0.13395
f 1615/7219 1622/7220 1658/7221
vt -0.15263 -0.16048
vt 0.11093 -0.13395
vt -0.10599 -0.19183
f 1615/7222 1658/7223 1651/7224
vt 0.02965 -0.12862
vt -0.02965 -0.12862
vt -0.02965 -0.19527
f 1657/7225 1649/7226 1645/7227
vt 0.02965 -0.12862
vt -0.02965 -0.19527
vt 0.02965 -0.19527
f 1657/7228 1645/7229 1661/7230
vt 0.02965 -0.07813
vt -0.02965 -0.07813
vt -0.02965 -0.12862
f 1621/7231 1625/7232 1649/7233
vt 0.02965 -0.07813
vt -0.02965 -0.12862
vt 0.02965 -0.12862
f 1621/7234 1649/7235 1657/7236
vt -0.02965 -0.19783
vt 0.02965 -0.19783
vt 0.02965 -0.24962
f 1639/7237 1652/7238 1654/7239
vt -0.02965 -0.19783
vt 0.02965 -0.24962
vt -0.02965 -0.24962
f 1639/7240 1654/7241 1643/7242
vt -0.02511 -0.44941
vt 0.26939 -0.36065
vt 0.28977 -0.40618
f 1682/7243 1684/7244 1711/7245
vt -0.02511 -0.44941
vt 0.28977 -0.40618
vt 0.03504 -0.49002
f 1682/7246 1711/7247 1667/7248
vt 0.02965 0.06156
vt -0.02965 0.06156
vt -0.02965 0.02930
f 1724/7249 1733/7250 1730/7251
vt 0.02965 0.06156
vt -0.02965 0.02930
vt 0.02965 0.02930
f 1724/7252 1730/7253 1727/7254
vt 0.02965 -0.46285
vt -0.02965 -0.46285
vt -0.02965 -0.52568
f 1736/7255 1745/7256 1742/7257
vt 0.02965 -0.46285
vt -0.02965 -0.52568
vt 0.02965 -0.52568
f 1736/7258 1742/7259 1739/7260
vt 0.26939 -0.36065
vt -0.02511 -0.44941
vt 0.03504 -0.49002
f 1676/7261 1678/7262 1672/7263
vt 0.26939 -0.36065
vt 0.03504 -0.49002
vt 0.28977 -0.40618
f 1676/7264 1672/7265 1721/7266
vt 0.28977 -0.40618
vt 0.03504 -0.49002
vt 0.05846 -0.54839
f 1721/7267 1672/7268 1670/7269
vt 0.28977 -0.40618
vt 0.05846 -0.54839
vt 0.31008 -0.45972
f 1721/7270 1670/7271 1717/7272
vt 0.05846 -0.54839
vt 0.31008 -0.45972
vt 0.30999 -0.45903
f 1663/7273 1715/7274 1735/7275
vt 0.05846 -0.54839
vt 0.30999 -0.45903
vt 0.27938 -0.50970
f 1663/7276 1735/7277 1738/7278
vt 0.05846 -0.54839
vt 0.27938 -0.50970
vt 0.06584 -0.58919
f 1663/7279 1738/7280 1723/7281
vt 0.05846 -0.54839
vt 0.06584 -0.58919
vt 0.05133 -0.57613
f 1663/7282 1723/7283 1726/7284
vt -0.02965 -0.04832
vt 0.02965 -0.04832
vt 0.02965 0.01247
f 1679/7285 1681/7286 1666/7287
vt -0.02965 -0.04832
vt 0.02965 0.01247
vt -0.02965 0.01247
f 1679/7288 1666/7289 1673/7290
vt 0.02965 -0.45295
vt -0.02965 -0.45295
vt -0.02965 -0.46285
f 1714/7291 1718/7292 1745/7293
vt 0.02965 -0.45295
vt -0.02965 -0.46285
vt 0.02965 -0.46285
f 1714/7294 1745/7295 1736/7296
vt -0.02965 -0.39612
vt 0.02965 -0.39612
vt 0.02965 -0.45640
f 1697/7297 1702/7298 1681/7299
vt -0.02965 -0.39612
vt 0.02965 -0.45640
vt -0.02965 -0.45640
f 1697/7300 1681/7301 1679/7302
vt -0.01159 -0.39019
vt 0.24858 -0.32303
vt 0.26939 -0.36065
f 1703/7303 1708/7304 1684/7305
vt -0.01159 -0.39019
vt 0.26939 -0.36065
vt -0.02511 -0.44941
f 1703/7306 1684/7307 1682/7308
vt 0.22498 -0.28782
vt -0.02372 -0.35249
vt -0.01159 -0.39019
f 1690/7309 1694/7310 1696/7311
vt 0.22498 -0.28782
vt -0.01159 -0.39019
vt 0.24858 -0.32303
f 1690/7312 1696/7313 1688/7314
vt 0.24858 -0.32303
vt -0.01159 -0.39019
vt -0.02511 -0.44941
f 1688/7315 1696/7316 1678/7317
vt 0.24858 -0.32303
vt -0.02511 -0.44941
vt 0.26939 -0.36065
f 1688/7318 1678/7319 1676/7320
vt 0.02965 -0.19527
vt -0.02965 -0.19527
vt -0.02965 -0.24737
f 1661/7321 1645/7322 1637/7323
vt 0.02965 -0.19527
vt -0.02965 -0.24737
vt 0.02965 -0.24737
f 1661/7324 1637/7325 1633/7326
vt -0.02965 -0.35847
vt 0.02965 -0.35847
vt 0.02965 -0.39612
f 1693/7327 1700/7328 1702/7329
vt -0.02965 -0.35847
vt 0.02965 -0.39612
vt -0.02965 -0.39612
f 1693/7330 1702/7331 1697/7332
vt -0.07273 -0.24496
vt 0.15533 -0.19942
vt 0.19465 -0.25229
f 1655/7333 1660/7334 1634/7335
vt -0.07273 -0.24496
vt 0.19465 -0.25229
vt -0.07583 -0.31834
f 1655/7336 1634/7337 1627/7338
vt 0.02965 -0.39981
vt -0.02965 -0.39981
vt -0.02965 -0.45295
f 1712/7339 1720/7340 1718/7341
vt 0.02965 -0.39981
vt -0.02965 -0.45295
vt 0.02965 -0.45295
f 1712/7342 1718/7343 1714/7344
vt -0.02965 -0.24962
vt 0.02965 -0.24962
vt 0.02965 -0.32404
f 1643/7345 1654/7346 1628/7347
vt -0.02965 -0.24962
vt 0.02965 -0.32404
vt -0.02965 -0.32404
f 1643/7348 1628/7349 1630/7350
vt -0.02372 -0.35249
vt 0.22498 -0.28782
vt 0.24858 -0.32303
f 1699/7351 1706/7352 1708/7353
vt -0.02372 -0.35249
vt 0.24858 -0.32303
vt -0.01159 -0.39019
f 1699/7354 1708/7355 1703/7356
vt 0.15533 -0.19942
vt -0.07273 -0.24496
vt -0.07583 -0.31834
f 1646/7357 1642/7358 1631/7359
vt 0.15533 -0.19942
vt -0.07583 -0.31834
vt 0.19465 -0.25229
f 1646/7360 1631/7361 1636/7362
vt 0.02965 -0.28262
vt -0.02965 -0.28262
vt -0.02965 -0.31788
f 1705/7363 1691/7364 1687/7365
vt 0.02965 -0.28262
vt -0.02965 -0.31788
vt 0.02965 -0.31788
f 1705/7366 1687/7367 1709/7368
vt -0.02965 -0.55627
vt 0.02965 -0.55627
vt 0.02965 -0.58265
f 1669/7369 1664/7370 1727/7371
vt -0.02965 -0.55627
vt 0.02965 -0.58265
vt -0.02965 -0.58265
f 1669/7372 1727/7373 1730/7374
vt 0.02965 -0.35475
vt -0.02965 -0.35475
vt -0.02965 -0.39981
f 1685/7375 1675/7376 1720/7377
vt 0.02965 -0.35475
vt -0.02965 -0.39981
vt 0.02965 -0.39981
f 1685/7378 1720/7379 1712/7380
vt 0.31008 -0.45972
vt 0.05846 -0.54839
vt 0.05133 -0.57613
f 1717/7381 1670/7382 1729/7383
vt 0.31008 -0.45972
vt 0.05133 -0.57613
vt 0.06584 -0.58919
f 1717/7384 1729/7385 1732/7386
vt 0.31008 -0.45972
vt 0.06584 -0.58919
vt 0.27938 -0.50970
f 1717/7387 1732/7388 1741/7389
vt 0.31008 -0.45972
vt 0.27938 -0.50970
vt 0.30999 -0.45903
f 1717/7390 1741/7391 1744/7392
vt -0.03655 0.04827
vt -0.03655 -0.13563
vt 0.03655 -0.13563
f 1564/7393 1566/7394 1565/7395
vt -0.03655 0.04827
vt 0.03655 -0.13563
vt 0.03655 0.04827
f 1564/7396 1565/7397 1563/7398
vt -0.03655 0.04465
vt 0.03655 0.04465
vt 0.03655 -0.14522
f 1568/7399 1567/7400 1569/7401
vt -0.03655 0.04465
vt 0.03655 -0.14522
vt -0.03655 -0.14522
f 1568/7402 1569/7403 1570/7404
vt -0.53465 -0.13563
vt -0.59846 0.04827
vt -0.61801 0.04465
f 1566/7405 1564/7406 1568/7407
vt -0.53465 -0.13563
vt -0.61801 0.04465
vt -0.54913 -0.14522
f 1566/7408 1568/7409 1570/7410
vt -0.03655 -0.59846
vt 0.03655 -0.59846
vt 0.03655 -0.61801
f 1564/7411 1563/7412 1567/7413
vt -0.03655 -0.59846
vt 0.03655 -0.61801
vt -0.03655 -0.61801
f 1564/7414 1567/7415 1568/7416
vt -0.59846 0.04827
vt -0.53465 -0.13563
vt -0.54913 -0.14522
f 1563/7417 1565/7418 1569/7419
vt -0.59846 0.04827
vt -0.54913 -0.14522
vt -0.61801 0.04465
f 1563/7420 1569/7421 1567/7422
vt -0.54913 -0.14522
vt -0.53465 -0.13563
vt -0.52241 -0.14824
f 1569/7423 1565/7424 1571/7425
vt -0.54913 -0.14522
vt -0.52241 -0.14824
vt -0.53669 -0.16248
f 1569/7426 1571/7427 1573/7428
vt -0.53669 -0.16248
vt -0.52241 -0.14824
vt -0.50442 -0.15272
f 1573/7429 1571/7430 1575/7431
vt -0.53669 -0.16248
vt -0.50442 -0.15272
vt -0.50577 -0.16808
f 1573/7432 1575/7433 1577/7434
vt -0.53465 -0.13563
vt -0.54913 -0.14522
vt -0.53669 -0.16248
f 1566/7435 1570/7436 1574/7437
vt -0.53465 -0.13563
vt -0.53669 -0.16248
vt -0.52241 -0.14824
f 1566/7438 1574/7439 1572/7440
vt -0.03655 -0.14522
vt 0.03655 -0.14522
vt 0.03655 -0.16248
f 1570/7441 1569/7442 1573/7443
vt -0.03655 -0.14522
vt 0.03655 -0.16248
vt -0.03655 -0.16248
f 1570/7444 1573/7445 1574/7446
vt 0.03655 -0.13563
vt -0.03655 -0.13563
vt -0.03655 -0.14824
f 1565/7447 1566/7448 1572/7449
vt 0.03655 -0.13563
vt -0.03655 -0.14824
vt 0.03655 -0.14824
f 1565/7450 1572/7451 1571/7452
vt -0.03655 -0.50577
vt 0.03655 -0.50577
vt 0.03655 -0.20067
f 1578/7453 1577/7454 1581/7455
vt -0.03655 -0.50577
vt 0.03655 -0.20067
vt -0.03655 -0.20067
f 1578/7456 1581/7457 1582/7458
vt -0.03655 -0.53669
vt 0.03655 -0.53669
vt 0.03655 -0.50577
f 1574/7459 1573/7460 1577/7461
vt -0.03655 -0.53669
vt 0.03655 -0.50577
vt -0.03655 -0.50577
f 1574/7462 1577/7463 1578/7464
vt -0.52241 -0.14824
vt -0.53669 -0.16248
vt -0.50577 -0.16808
f 1572/7465 1574/7466 1578/7467
vt -0.52241 -0.14824
vt -0.50577 -0.16808
vt -0.50442 -0.15272
f 1572/7468 1578/7469 1576/7470
vt 0.03655 -0.52241
vt -0.03655 -0.52241
vt -0.03655 -0.50442
f 1571/7471 1572/7472 1576/7473
vt 0.03655 -0.52241
vt -0.03655 -0.50442
vt 0.03655 -0.50442
f 1571/7474 1576/7475 1575/7476
vt -0.20067 -0.16810
vt -0.20141 -0.15270
vt -0.18925 -0.14453
f 1581/7477 1579/7478 1583/7479
vt -0.20067 -0.16810
vt -0.18925 -0.14453
vt -0.18147 -0.15785
f 1581/7480 1583/7481 1585/7482
vt -0.50442 -0.15272
vt -0.50577 -0.16808
vt -0.20067 -0.16810
f 1576/7483 1578/7484 1582/7485
vt -0.50442 -0.15272
vt -0.20067 -0.16810
vt -0.20141 -0.15270
f 1576/7486 1582/7487 1580/7488
vt 0.03655 -0.50442
vt -0.03655 -0.50442
vt -0.03655 -0.20141
f 1575/7489 1576/7490 1580/7491
vt 0.03655 -0.50442
vt -0.03655 -0.20141
vt 0.03655 -0.20141
f 1575/7492 1580/7493 1579/7494
vt -0.50577 -0.16808
vt -0.50442 -0.15272
vt -0.20141 -0.15270
f 1577/7495 1575/7496 1579/7497
vt -0.50577 -0.16808
vt -0.20141 -0.15270
vt -0.20067 -0.16810
f 1577/7498 1579/7499 1581/7500
vt -0.18925 -0.14453
vt -0.18147 -0.15785
vt -0.15366 -0.12663
f 1584/7501 1586/7502 1590/7503
vt -0.18925 -0.14453
vt -0.15366 -0.12663
vt -0.16450 -0.11565
f 1584/7504 1590/7505 1588/7506
vt -0.03655 -0.20067
vt 0.03655 -0.20067
vt 0.03655 -0.18147
f 1582/7507 1581/7508 1585/7509
vt -0.03655 -0.20067
vt 0.03655 -0.18147
vt -0.03655 -0.18147
f 1582/7510 1585/7511 1586/7512
vt -0.20141 -0.15270
vt -0.20067 -0.16810
vt -0.18147 -0.15785
f 1580/7513 1582/7514 1586/7515
vt -0.20141 -0.15270
vt -0.18147 -0.15785
vt -0.18925 -0.14453
f 1580/7516 1586/7517 1584/7518
vt 0.03655 -0.20141
vt -0.03655 -0.20141
vt -0.03655 -0.18925
f 1579/7519 1580/7520 1584/7521
vt 0.03655 -0.20141
vt -0.03655 -0.18925
vt 0.03655 -0.18925
f 1579/7522 1584/7523 1583/7524
vt 0.03655 -0.11565
vt -0.03655 -0.11565
vt -0.03655 -0.12663
f 1587/7525 1588/7526 1590/7527
vt 0.03655 -0.11565
vt -0.03655 -0.12663
vt 0.03655 -0.12663
f 1587/7528 1590/7529 1589/7530
vt 0.03655 -0.14453
vt -0.03655 -0.14453
vt -0.03655 -0.11565
f 1583/7531 1584/7532 1588/7533
vt 0.03655 -0.14453
vt -0.03655 -0.11565
vt 0.03655 -0.11565
f 1583/7534 1588/7535 1587/7536
vt -0.18147 -0.15785
vt -0.18925 -0.14453
vt -0.16450 -0.11565
f 1585/7537 1583/7538 1587/7539
vt -0.18147 -0.15785
vt -0.16450 -0.11565
vt -0.15366 -0.12663
f 1585/7540 1587/7541 1589/7542
vt -0.03655 -0.15785
vt 0.03655 -0.15785
vt 0.03655 -0.12663
f 1586/7543 1585/7544 1589/7545
vt -0.03655 -0.15785
vt 0.03655 -0.12663
vt -0.03655 -0.12663
f 1586/7546 1589/7547 1590/7548
vt -1.76097 0.56081
vt 0.36428 0.56081
vt 0.36428 0.58063
f 1591/7549 1594/7550 1530/7551
vt -1.76097 0.56081
vt 0.36428 0.58063
vt -1.76097 0.58063
f 1591/7552 1530/7553 1531/7554
vt -1.76097 0.51311
vt 0.36428 0.51311
vt 0.36428 0.56081
f 1528/7555 1526/7556 1594/7557
vt -1.76097 0.51311
vt 0.36428 0.56081
vt -1.76097 0.56081
f 1528/7558 1594/7559 1591/7560
vt -0.05287 0.51311
vt 0.05287 0.51311
vt 0.05287 0.56081
f 1526/7561 1525/7562 1593/7563
vt -0.05287 0.51311
vt 0.05287 0.56081
vt -0.05287 0.56081
f 1526/7564 1593/7565 1594/7566
vt 0.05287 0.51311
vt -0.05287 0.51311
vt -0.05287 0.56081
f 1527/7567 1528/7568 1591/7569
vt 0.05287 0.51311
vt -0.05287 0.56081
vt 0.05287 0.56081
f 1527/7570 1591/7571 1592/7572
vt 0.36428 0.51311
vt -1.76097 0.51311
vt -1.76097 0.56081
f 1525/7573 1527/7574 1592/7575
vt 0.36428 0.51311
vt -1.76097 0.56081
vt 0.36428 0.56081
f 1525/7576 1592/7577 1593/7578
vt 0.93465 -0.02399
vt 0.91137 0.09629
vt 0.88170 0.09629
f 1599/7579 1596/7580 1595/7581
vt 0.93465 -0.02399
vt 0.88170 0.09629
vt 0.90498 -0.02399
f 1599/7582 1595/7583 1600/7584
vt 0.90498 -0.02399
vt 0.88170 0.09629
vt 0.91137 0.09629
f 1601/7585 1598/7586 1597/7587
vt 0.90498 -0.02399
vt 0.91137 0.09629
vt 0.93465 -0.02399
f 1601/7588 1597/7589 1602/7590
vt 0.03057 0.09629
vt -0.03057 0.09629
vt -0.03057 -0.02399
f 1597/7591 1596/7592 1599/7593
vt 0.03057 0.09629
vt -0.03057 -0.02399
vt 0.03057 -0.02399
f 1597/7594 1599/7595 1602/7596
vt -0.02965 0.06156
vt 0.02965 0.06156
vt 0.02965 0.29262
f 1733/7597 1724/7598 1739/7599
vt -0.02965 0.06156
vt 0.02965 0.29262
vt -0.02965 0.29262
f 1733/7600 1739/7601 1742/7602
vt 0.03504 -0.49002
vt 0.28977 -0.40618
vt 0.31008 -0.45972
f 1667/7603 1711/7604 1715/7605
vt 0.03504 -0.49002
vt 0.31008 -0.45972
vt 0.05846 -0.54839
f 1667/7606 1715/7607 1663/7608
vt 0.02965 0.04395
vt 0.02965 -0.07813
vt 0.04350 -0.07990
f 1609/7609 1621/7610 1623/7611
vt 0.02965 0.04395
vt 0.04350 -0.07990
vt 0.04350 0.04395
f 1609/7612 1623/7613 1611/7614
vt 0.13519 0.04395
vt 0.11223 -0.07990
vt 0.09823 -0.08416
f 1611/7615 1623/7616 1622/7617
vt 0.13519 0.04395
vt 0.09823 -0.08416
vt 0.12198 0.04395
f 1611/7618 1622/7619 1610/7620
vt 0.02965 -0.16705
vt 0.02965 0.04395
vt 0.04350 0.04395
f 1616/7621 1604/7622 1605/7623
vt 0.02965 -0.16705
vt 0.04350 0.04395
vt 0.04350 -0.16512
f 1616/7624 1605/7625 1617/7626
vt -0.16792 -0.16512
vt -0.15831 0.04395
vt -0.14323 0.04395
f 1617/7627 1605/7628 1603/7629
vt -0.16792 -0.16512
vt -0.14323 0.04395
vt -0.15263 -0.16048
f 1617/7630 1603/7631 1615/7632
vt 0.12198 0.04395
vt 0.09823 -0.08416
vt 0.11223 -0.07990
f 1612/7633 1624/7634 1626/7635
vt 0.12198 0.04395
vt 0.11223 -0.07990
vt 0.13519 0.04395
f 1612/7636 1626/7637 1614/7638
vt -0.04350 0.04395
vt -0.04350 -0.07990
vt -0.02965 -0.07813
f 1614/7639 1626/7640 1625/7641
vt -0.04350 0.04395
vt -0.02965 -0.07813
vt -0.02965 0.04395
f 1614/7642 1625/7643 1613/7644
vt -0.02965 0.04395
vt -0.02965 -0.16705
vt -0.04350 -0.16512
f 1606/7645 1618/7646 1620/7647
vt -0.02965 0.04395
vt -0.04350 -0.16512
vt -0.04350 0.04395
f 1606/7648 1620/7649 1608/7650
vt -0.15831 0.04395
vt -0.16792 -0.16512
vt -0.15263 -0.16048
f 1608/7651 1620/7652 1619/7653
vt -0.15831 0.04395
vt -0.15263 -0.16048
vt -0.14323 0.04395
f 1608/7654 1619/7655 1607/7656
vt -0.02965 -0.24962
vt -0.02965 -0.32404
vt -0.04350 -0.32238
f 1643/7657 1630/7658 1632/7659
vt -0.02965 -0.24962
vt -0.04350 -0.32238
vt -0.04350 -0.24825
f 1643/7660 1632/7661 1644/7662
vt -0.08922 -0.24825
vt -0.09235 -0.32238
vt -0.07583 -0.31834
f 1644/7663 1632/7664 1631/7665
vt -0.08922 -0.24825
vt -0.07583 -0.31834
vt -0.07273 -0.24496
f 1644/7666 1631/7667 1642/7668
vt -0.02965 -0.12862
vt -0.02965 -0.07813
vt -0.04350 -0.07990
f 1649/7669 1625/7670 1626/7671
vt -0.02965 -0.12862
vt -0.04350 -0.07990
vt -0.04350 -0.13017
f 1649/7672 1626/7673 1650/7674
vt 0.12505 -0.13017
vt 0.11223 -0.07990
vt 0.09823 -0.08416
f 1650/7675 1626/7676 1624/7677
vt 0.12505 -0.13017
vt 0.09823 -0.08416
vt 0.11093 -0.13395
f 1650/7678 1624/7679 1648/7680
vt -0.07273 -0.24496
vt -0.07583 -0.31834
vt -0.09235 -0.32238
f 1655/7681 1627/7682 1629/7683
vt -0.07273 -0.24496
vt -0.09235 -0.32238
vt -0.08922 -0.24825
f 1655/7684 1629/7685 1656/7686
vt 0.04350 -0.24825
vt 0.04350 -0.32238
vt 0.02965 -0.32404
f 1656/7687 1629/7688 1628/7689
vt 0.04350 -0.24825
vt 0.02965 -0.32404
vt 0.02965 -0.24962
f 1656/7690 1628/7691 1654/7692
vt 0.02965 -0.19527
vt 0.02965 -0.24737
vt 0.04350 -0.24881
f 1661/7693 1633/7694 1635/7695
vt 0.02965 -0.19527
vt 0.04350 -0.24881
vt 0.04350 -0.19648
f 1661/7696 1635/7697 1662/7698
vt 0.17002 -0.19648
vt 0.20892 -0.24881
vt 0.19465 -0.25229
f 1662/7699 1635/7700 1634/7701
vt 0.17002 -0.19648
vt 0.19465 -0.25229
vt 0.15533 -0.19942
f 1662/7702 1634/7703 1660/7704
vt -0.02965 -0.17425
vt -0.02965 -0.12847
vt -0.04350 -0.12188
f 1618/7705 1639/7706 1641/7707
vt -0.02965 -0.17425
vt -0.04350 -0.12188
vt -0.04350 -0.16792
f 1618/7708 1641/7709 1620/7710
vt -0.16792 -0.16512
vt -0.12188 -0.19607
vt -0.10599 -0.19183
f 1620/7711 1641/7712 1640/7713
vt -0.16792 -0.16512
vt -0.10599 -0.19183
vt -0.15263 -0.16048
f 1620/7714 1640/7715 1619/7716
vt -0.02965 -0.19783
vt -0.02965 -0.24962
vt -0.04350 -0.24825
f 1639/7717 1643/7718 1644/7719
vt -0.02965 -0.19783
vt -0.04350 -0.24825
vt -0.04350 -0.19607
f 1639/7720 1644/7721 1641/7722
vt -0.12188 -0.19607
vt -0.08922 -0.24825
vt -0.07273 -0.24496
f 1641/7723 1644/7724 1642/7725
vt -0.12188 -0.19607
vt -0.07273 -0.24496
vt -0.10599 -0.19183
f 1641/7726 1642/7727 1640/7728
vt -0.02965 -0.24737
vt -0.02965 -0.19527
vt -0.04350 -0.19648
f 1637/7729 1645/7730 1647/7731
vt -0.02965 -0.24737
vt -0.04350 -0.19648
vt -0.04350 -0.24881
f 1637/7732 1647/7733 1638/7734
vt 0.20892 -0.24881
vt 0.17002 -0.19648
vt 0.15533 -0.19942
f 1638/7735 1647/7736 1646/7737
vt 0.20892 -0.24881
vt 0.15533 -0.19942
vt 0.19465 -0.25229
f 1638/7738 1646/7739 1636/7740
vt -0.02965 -0.19527
vt -0.02965 -0.12862
vt -0.04350 -0.13017
f 1645/7741 1649/7742 1650/7743
vt -0.02965 -0.19527
vt -0.04350 -0.13017
vt -0.04350 -0.19648
f 1645/7744 1650/7745 1647/7746
vt 0.17002 -0.19648
vt 0.12505 -0.13017
vt 0.11093 -0.13395
f 1647/7747 1650/7748 1648/7749
vt 0.17002 -0.19648
vt 0.11093 -0.13395
vt 0.15533 -0.19942
f 1647/7750 1648/7751 1646/7752
vt -0.15263 -0.16048
vt -0.10599 -0.19183
vt -0.12188 -0.19607
f 1615/7753 1651/7754 1653/7755
vt -0.15263 -0.16048
vt -0.12188 -0.19607
vt -0.16792 -0.16512
f 1615/7756 1653/7757 1617/7758
vt 0.04350 -0.16792
vt 0.04350 -0.12188
vt 0.02965 -0.12847
f 1617/7759 1653/7760 1652/7761
vt 0.04350 -0.16792
vt 0.02965 -0.12847
vt 0.02965 -0.17425
f 1617/7762 1652/7763 1616/7764
vt -0.10599 -0.19183
vt -0.07273 -0.24496
vt -0.08922 -0.24825
f 1651/7765 1655/7766 1656/7767
vt -0.10599 -0.19183
vt -0.08922 -0.24825
vt -0.12188 -0.19607
f 1651/7768 1656/7769 1653/7770
vt 0.04350 -0.19607
vt 0.04350 -0.24825
vt 0.02965 -0.24962
f 1653/7771 1656/7772 1654/7773
vt 0.04350 -0.19607
vt 0.02965 -0.24962
vt 0.02965 -0.19783
f 1653/7774 1654/7775 1652/7776
vt 0.02965 -0.07813
vt 0.02965 -0.12862
vt 0.04350 -0.13017
f 1621/7777 1657/7778 1659/7779
vt 0.02965 -0.07813
vt 0.04350 -0.13017
vt 0.04350 -0.07990
f 1621/7780 1659/7781 1623/7782
vt 0.11223 -0.07990
vt 0.12505 -0.13017
vt 0.11093 -0.13395
f 1623/7783 1659/7784 1658/7785
vt 0.11223 -0.07990
vt 0.11093 -0.13395
vt 0.09823 -0.08416
f 1623/7786 1658/7787 1622/7788
vt 0.02965 -0.12862
vt 0.02965 -0.19527
vt 0.04350 -0.19648
f 1657/7789 1661/7790 1662/7791
vt 0.02965 -0.12862
vt 0.04350 -0.19648
vt 0.04350 -0.13017
f 1657/7792 1662/7793 1659/7794
vt 0.12505 -0.13017
vt 0.17002 -0.19648
vt 0.15533 -0.19942
f 1659/7795 1662/7796 1660/7797
vt 0.12505 -0.13017
vt 0.15533 -0.19942
vt 0.11093 -0.13395
f 1659/7798 1660/7799 1658/7800
vt 0.03504 -0.49002
vt 0.05846 -0.54839
vt 0.04263 -0.55397
f 1667/7801 1663/7802 1665/7803
vt 0.03504 -0.49002
vt 0.04263 -0.55397
vt 0.01908 -0.49528
f 1667/7804 1665/7805 1668/7806
vt 0.04350 -0.49528
vt 0.04351 -0.55397
vt 0.02965 -0.55627
f 1668/7807 1665/7808 1664/7809
vt 0.04350 -0.49528
vt 0.02965 -0.55627
vt 0.02965 -0.49745
f 1668/7810 1664/7811 1666/7812
vt -0.02965 -0.28262
vt -0.02965 -0.24737
vt -0.04350 -0.24881
f 1691/7813 1637/7814 1638/7815
vt -0.02965 -0.28262
vt -0.04350 -0.24881
vt -0.04350 -0.28414
f 1691/7816 1638/7817 1692/7818
vt 0.23909 -0.28414
vt 0.20892 -0.24881
vt 0.19465 -0.25229
f 1692/7819 1638/7820 1636/7821
vt 0.23909 -0.28414
vt 0.19465 -0.25229
vt 0.22498 -0.28782
f 1692/7822 1636/7823 1690/7824
vt -0.02965 -0.49745
vt -0.02965 -0.55627
vt -0.04350 -0.55397
f 1673/7825 1669/7826 1671/7827
vt -0.02965 -0.49745
vt -0.04350 -0.55397
vt -0.04350 -0.49528
f 1673/7828 1671/7829 1674/7830
vt 0.01908 -0.49528
vt 0.04263 -0.55397
vt 0.05846 -0.54839
f 1674/7831 1671/7832 1670/7833
vt 0.01908 -0.49528
vt 0.05846 -0.54839
vt 0.03504 -0.49002
f 1674/7834 1670/7835 1672/7836
vt -0.02965 -0.04832
vt -0.02965 0.01247
vt -0.04350 0.01908
f 1679/7837 1673/7838 1674/7839
vt -0.02965 -0.04832
vt -0.04350 0.01908
vt -0.04350 -0.04152
f 1679/7840 1674/7841 1680/7842
vt -0.04152 -0.45436
vt 0.01908 -0.49528
vt 0.03504 -0.49002
f 1680/7843 1674/7844 1672/7845
vt -0.04152 -0.45436
vt 0.03504 -0.49002
vt -0.02511 -0.44941
f 1680/7846 1672/7847 1678/7848
vt -0.02511 -0.44941
vt 0.03504 -0.49002
vt 0.01908 -0.49528
f 1682/7849 1667/7850 1668/7851
vt -0.02511 -0.44941
vt 0.01908 -0.49528
vt -0.04152 -0.45436
f 1682/7852 1668/7853 1683/7854
vt 0.04350 -0.04152
vt 0.04350 0.01908
vt 0.02965 0.01247
f 1683/7855 1668/7856 1666/7857
vt 0.04350 -0.04152
vt 0.02965 0.01247
vt 0.02965 -0.04832
f 1683/7858 1666/7859 1681/7860
vt -0.02965 -0.45295
vt -0.02965 -0.39981
vt -0.04350 -0.40168
f 1718/7861 1720/7862 1722/7863
vt -0.02965 -0.45295
vt -0.04350 -0.40168
vt -0.04350 -0.45493
f 1718/7864 1722/7865 1719/7866
vt 0.32367 -0.45493
vt 0.30347 -0.40168
vt 0.28977 -0.40618
f 1719/7867 1722/7868 1721/7869
vt 0.32367 -0.45493
vt 0.28977 -0.40618
vt 0.31008 -0.45972
f 1719/7870 1721/7871 1717/7872
vt 0.02965 -0.39981
vt 0.02965 -0.45295
vt 0.04351 -0.45493
f 1712/7873 1714/7874 1716/7875
vt 0.02965 -0.39981
vt 0.04351 -0.45493
vt 0.04350 -0.40168
f 1712/7876 1716/7877 1713/7878
vt 0.30347 -0.40168
vt 0.32367 -0.45493
vt 0.31008 -0.45972
f 1713/7879 1716/7880 1715/7881
vt 0.30347 -0.40168
vt 0.31008 -0.45972
vt 0.28977 -0.40618
f 1713/7882 1715/7883 1711/7884
vt 0.02965 -0.35475
vt 0.02965 -0.39981
vt 0.04350 -0.40168
f 1685/7885 1712/7886 1713/7887
vt 0.02965 -0.35475
vt 0.04350 -0.40168
vt 0.04350 -0.35647
f 1685/7888 1713/7889 1686/7890
vt 0.28324 -0.35647
vt 0.30347 -0.40168
vt 0.28977 -0.40618
f 1686/7891 1713/7892 1711/7893
vt 0.28324 -0.35647
vt 0.28977 -0.40618
vt 0.26939 -0.36065
f 1686/7894 1711/7895 1684/7896
vt -0.02965 -0.39981
vt -0.02965 -0.35475
vt -0.04350 -0.35647
f 1720/7897 1675/7898 1677/7899
vt -0.02965 -0.39981
vt -0.04350 -0.35647
vt -0.04350 -0.40168
f 1720/7900 1677/7901 1722/7902
vt 0.30347 -0.40168
vt 0.28324 -0.35647
vt 0.26939 -0.36065
f 1722/7903 1677/7904 1676/7905
vt 0.30347 -0.40168
vt 0.26939 -0.36065
vt 0.28977 -0.40618
f 1722/7906 1676/7907 1721/7908
vt -0.02965 -0.39612
vt -0.02965 -0.45640
vt -0.04350 -0.45436
f 1697/7909 1679/7910 1680/7911
vt -0.02965 -0.39612
vt -0.04350 -0.45436
vt -0.04350 -0.39438
f 1697/7912 1680/7913 1698/7914
vt -0.02783 -0.39438
vt -0.04152 -0.45436
vt -0.02511 -0.44941
f 1698/7915 1680/7916 1678/7917
vt -0.02783 -0.39438
vt -0.02511 -0.44941
vt -0.01159 -0.39019
f 1698/7918 1678/7919 1696/7920
vt -0.01159 -0.39019
vt -0.02511 -0.44941
vt -0.04152 -0.45436
f 1703/7921 1682/7922 1683/7923
vt -0.01159 -0.39019
vt -0.04152 -0.45436
vt -0.02783 -0.39438
f 1703/7924 1683/7925 1704/7926
vt 0.04350 -0.39438
vt 0.04350 -0.45436
vt 0.02965 -0.45640
f 1704/7927 1683/7928 1681/7929
vt 0.04350 -0.39438
vt 0.02965 -0.45640
vt 0.02965 -0.39612
f 1704/7930 1681/7931 1702/7932
vt 0.02965 -0.31788
vt 0.02965 -0.35475
vt 0.04350 -0.35647
f 1709/7933 1685/7934 1686/7935
vt 0.02965 -0.31788
vt 0.04350 -0.35647
vt 0.04350 -0.31938
f 1709/7936 1686/7937 1710/7938
vt 0.26272 -0.31938
vt 0.28324 -0.35647
vt 0.26939 -0.36065
f 1710/7939 1686/7940 1684/7941
vt 0.26272 -0.31938
vt 0.26939 -0.36065
vt 0.24858 -0.32303
f 1710/7942 1684/7943 1708/7944
vt -0.02965 -0.35475
vt -0.02965 -0.31788
vt -0.04350 -0.31938
f 1675/7945 1687/7946 1689/7947
vt -0.02965 -0.35475
vt -0.04350 -0.31938
vt -0.04350 -0.35647
f 1675/7948 1689/7949 1677/7950
vt 0.28324 -0.35647
vt 0.26272 -0.31938
vt 0.24858 -0.32303
f 1677/7951 1689/7952 1688/7953
vt 0.28324 -0.35647
vt 0.24858 -0.32303
vt 0.26939 -0.36065
f 1677/7954 1688/7955 1676/7956
vt -0.02965 -0.31788
vt -0.02965 -0.28262
vt -0.04350 -0.28414
f 1687/7957 1691/7958 1692/7959
vt -0.02965 -0.31788
vt -0.04350 -0.28414
vt -0.04350 -0.31938
f 1687/7960 1692/7961 1689/7962
vt 0.26272 -0.31938
vt 0.23909 -0.28414
vt 0.22498 -0.28782
f 1689/7963 1692/7964 1690/7965
vt 0.26272 -0.31938
vt 0.22498 -0.28782
vt 0.24858 -0.32303
f 1689/7966 1690/7967 1688/7968
vt -0.02965 -0.09919
vt -0.02965 -0.04667
vt -0.04350 -0.03995
f 1630/7969 1693/7970 1695/7971
vt -0.02965 -0.09919
vt -0.04350 -0.03995
vt -0.04350 -0.09235
f 1630/7972 1695/7973 1632/7974
vt -0.09235 -0.32238
vt -0.03995 -0.35672
vt -0.02372 -0.35249
f 1632/7975 1695/7976 1694/7977
vt -0.09235 -0.32238
vt -0.02372 -0.35249
vt -0.07583 -0.31834
f 1632/7978 1694/7979 1631/7980
vt -0.02965 -0.35847
vt -0.02965 -0.39612
vt -0.04350 -0.39438
f 1693/7981 1697/7982 1698/7983
vt -0.02965 -0.35847
vt -0.04350 -0.39438
vt -0.04350 -0.35672
f 1693/7984 1698/7985 1695/7986
vt -0.03995 -0.35672
vt -0.02783 -0.39438
vt -0.01159 -0.39019
f 1695/7987 1698/7988 1696/7989
vt -0.03995 -0.35672
vt -0.01159 -0.39019
vt -0.02372 -0.35249
f 1695/7990 1696/7991 1694/7992
vt -0.07583 -0.31834
vt -0.02372 -0.35249
vt -0.03995 -0.35672
f 1627/7993 1699/7994 1701/7995
vt -0.07583 -0.31834
vt -0.03995 -0.35672
vt -0.09235 -0.32238
f 1627/7996 1701/7997 1629/7998
vt 0.04350 -0.09235
vt 0.04350 -0.03995
vt 0.02965 -0.04667
f 1629/7999 1701/8000 1700/8001
vt 0.04350 -0.09235
vt 0.02965 -0.04667
vt 0.02965 -0.09919
f 1629/8002 1700/8003 1628/8004
vt -0.02372 -0.35249
vt -0.01159 -0.39019
vt -0.02783 -0.39438
f 1699/8005 1703/8006 1704/8007
vt -0.02372 -0.35249
vt -0.02783 -0.39438
vt -0.03995 -0.35672
f 1699/8008 1704/8009 1701/8010
vt 0.04350 -0.35672
vt 0.04350 -0.39438
vt 0.02965 -0.39612
f 1701/8011 1704/8012 1702/8013
vt 0.04350 -0.35672
vt 0.02965 -0.39612
vt 0.02965 -0.35847
f 1701/8014 1702/8015 1700/8016
vt 0.02965 -0.24737
vt 0.02965 -0.28262
vt 0.04350 -0.28414
f 1633/8017 1705/8018 1707/8019
vt 0.02965 -0.24737
vt 0.04350 -0.28414
vt 0.04350 -0.24881
f 1633/8020 1707/8021 1635/8022
vt 0.20892 -0.24881
vt 0.23909 -0.28414
vt 0.22498 -0.28782
f 1635/8023 1707/8024 1706/8025
vt 0.20892 -0.24881
vt 0.22498 -0.28782
vt 0.19465 -0.25229
f 1635/8026 1706/8027 1634/8028
vt 0.02965 -0.28262
vt 0.02965 -0.31788
vt 0.04350 -0.31938
f 1705/8029 1709/8030 1710/8031
vt 0.02965 -0.28262
vt 0.04350 -0.31938
vt 0.04350 -0.28414
f 1705/8032 1710/8033 1707/8034
vt 0.23909 -0.28414
vt 0.26272 -0.31938
vt 0.24858 -0.32303
f 1707/8035 1710/8036 1708/8037
vt 0.23909 -0.28414
vt 0.24858 -0.32303
vt 0.22498 -0.28782
f 1707/8038 1708/8039 1706/8040
vt 0.05133 -0.57613
vt 0.06584 -0.58919
vt 0.06282 -0.60510
f 1726/8041 1723/8042 1725/8043
vt 0.05133 -0.57613
vt 0.06282 -0.60510
vt 0.03575 -0.58074
f 1726/8044 1725/8045 1728/8046
vt 0.04351 0.03575
vt 0.04351 0.06282
vt 0.02965 0.06156
f 1728/8047 1725/8048 1724/8049
vt 0.04351 0.03575
vt 0.02965 0.06156
vt 0.02965 0.02930
f 1728/8050 1724/8051 1727/8052
vt 0.06584 -0.58919
vt 0.05133 -0.57613
vt 0.03575 -0.58074
f 1732/8053 1729/8054 1731/8055
vt 0.06584 -0.58919
vt 0.03575 -0.58074
vt 0.06282 -0.60510
f 1732/8056 1731/8057 1734/8058
vt -0.04350 0.06282
vt -0.04350 0.03575
vt -0.02965 0.02930
f 1734/8059 1731/8060 1730/8061
vt -0.04350 0.06282
vt -0.02965 0.02930
vt -0.02965 0.06156
f 1734/8062 1730/8063 1733/8064
vt 0.27938 -0.50970
vt 0.30999 -0.45903
vt 0.32454 -0.46172
f 1738/8065 1735/8066 1737/8067
vt 0.27938 -0.50970
vt 0.32454 -0.46172
vt 0.28874 -0.52099
f 1738/8068 1737/8069 1740/8070
vt 0.04351 -0.52099
vt 0.04351 -0.46172
vt 0.02965 -0.46285
f 1740/8071 1737/8072 1736/8073
vt 0.04351 -0.52099
vt 0.02965 -0.46285
vt 0.02965 -0.52568
f 1740/8074 1736/8075 1739/8076
vt 0.30999 -0.45903
vt 0.27938 -0.50970
vt 0.28874 -0.52099
f 1744/8077 1741/8078 1743/8079
vt 0.30999 -0.45903
vt 0.28874 -0.52099
vt 0.32454 -0.46172
f 1744/8080 1743/8081 1746/8082
vt -0.04350 -0.46172
vt -0.04350 -0.52099
vt -0.02965 -0.52568
f 1746/8083 1743/8084 1742/8085
vt -0.04350 -0.46172
vt -0.02965 -0.52568
vt -0.02965 -0.46285
f 1746/8086 1742/8087 1745/8088
vt 0.05133 -0.57613
vt 0.05846 -0.54839
vt 0.04263 -0.55397
f 1729/8089 1670/8090 1671/8091
vt 0.05133 -0.57613
vt 0.04263 -0.55397
vt 0.03575 -0.58074
f 1729/8092 1671/8093 1731/8094
vt -0.04350 -0.58074
vt -0.04350 -0.55397
vt -0.02965 -0.55627
f 1731/8095 1671/8096 1669/8097
vt -0.04350 -0.58074
vt -0.02965 -0.55627
vt -0.02965 -0.58265
f 1731/8098 1669/8099 1730/8100
vt 0.05846 -0.54839
vt 0.05133 -0.57613
vt 0.03575 -0.58074
f 1663/8101 1726/8102 1728/8103
vt 0.05846 -0.54839
vt 0.03575 -0.58074
vt 0.04263 -0.55397
f 1663/8104 1728/8105 1665/8106
vt 0.04351 -0.55397
vt 0.04351 -0.58074
vt 0.02965 -0.58265
f 1665/8107 1728/8108 1727/8109
vt 0.04351 -0.55397
vt 0.02965 -0.58265
vt 0.02965 -0.55627
f 1665/8110 1727/8111 1664/8112
vt 0.27938 -0.50970
vt 0.06584 -0.58919
vt 0.06282 -0.60510
f 1741/8113 1732/8114 1734/8115
vt 0.27938 -0.50970
vt 0.06282 -0.60510
vt 0.28874 -0.52099
f 1741/8116 1734/8117 1743/8118
vt -0.04350 0.28874
vt -0.04350 0.06282
vt -0.02965 0.06156
f 1743/8119 1734/8120 1733/8121
vt -0.04350 0.28874
vt -0.02965 0.06156
vt -0.02965 0.29262
f 1743/8122 1733/8123 1742/8124
vt 0.06584 -0.58919
vt 0.27938 -0.50970
vt 0.28874 -0.52099
f 1723/8125 1738/8126 1740/8127
vt 0.06584 -0.58919
vt 0.28874 -0.52099
vt 0.06282 -0.60510
f 1723/8128 1740/8129 1725/8130
vt 0.04351 0.06282
vt 0.04351 0.28874
vt 0.02965 0.29262
f 1725/8131 1740/8132 1739/8133
vt 0.04351 0.06282
vt 0.02965 0.29262
vt 0.02965 0.06156
f 1725/8134 1739/8135 1724/8136
vt 0.02965 -0.45295
vt 0.02965 -0.46285
vt 0.04351 -0.46172
f 1714/8137 1736/8138 1737/8139
vt 0.02965 -0.45295
vt 0.04351 -0.46172
vt 0.04351 -0.45493
f 1714/8140 1737/8141 1716/8142
vt 0.32367 -0.45493
vt 0.32454 -0.46172
vt 0.30999 -0.45903
f 1716/8143 1737/8144 1735/8145
vt 0.32367 -0.45493
vt 0.30999 -0.45903
vt 0.31008 -0.45972
f 1716/8146 1735/8147 1715/8148
vt -0.02965 -0.46285
vt -0.02965 -0.45295
vt -0.04350 -0.45493
f 1745/8149 1718/8150 1719/8151
vt -0.02965 -0.46285
vt -0.04350 -0.45493
vt -0.04350 -0.46172
f 1745/8152 1719/8153 1746/8154
vt 0.32454 -0.46172
vt 0.32367 -0.45493
vt 0.31008 -0.45972
f 1746/8155 1719/8156 1717/8157
vt 0.32454 -0.46172
vt 0.31008 -0.45972
vt 0.30999 -0.45903
f 1746/8158 1717/8159 1744/8160
vt -0.02965 0.04395
vt 0.02965 0.04395
vt 0.02965 -0.16705
f 1606/8161 1604/8162 1616/8163
vt -0.02965 0.04395
vt 0.02965 -0.16705
vt -0.02965 -0.16705
f 1606/8164 1616/8165 1618/8166
o Mag
g Mag
usemtl Bubblegum
v 0.05283 -0.01401 1.07793
v -0.05283 -0.01401 1.07793
v 0.04302 -0.01401 0.83183
v -0.04302 -0.01401 0.83183
v 0.04302 -0.54218 0.97818
v -0.04302 -0.54218 0.97818
v -0.05283 -0.57796 1.22429
v 0.05283 -0.57796 1.22429
v -0.04302 -0.01401 0.88740
v 0.04302 -0.01401 0.88740
v -0.04302 -0.55026 1.03375
v 0.04302 -0.55026 1.03375
v -0.05283 -0.01401 0.90037
v 0.05283 -0.01401 0.90037
v -0.05283 -0.55214 1.04673
v 0.05283 -0.55214 1.04673
v 0.04302 -0.54218 0.97818
v -0.04302 -0.54218 0.97818
v -0.05283 -0.57796 1.22429
v 0.05283 -0.57796 1.22429
v 0.04974 -0.55070 0.95896
v -0.04974 -0.55070 0.95896
v -0.06109 -0.59207 1.24351
v 0.06109 -0.59207 1.24351
v 0.04974 -0.58788 0.95896
v -0.04974 -0.58788 0.95896
v -0.06109 -0.62925 1.24351
v 0.06109 -0.62925 1.24351
v -0.04302 -0.55026 1.03375
v 0.04302 -0.55026 1.03375
v -0.04974 -0.56004 1.02321
v 0.04974 -0.56004 1.02321
v -0.04974 -0.59722 1.02321
v 0.04974 -0.59723 1.02321
v -0.05283 -0.55214 1.04673
v 0.05283 -0.55214 1.04673
v -0.06109 -0.56222 1.03822
v 0.06109 -0.56222 1.03822
v -0.06109 -0.59941 1.03822
v 0.06109 -0.59941 1.03822
vt -0.04403 0.75031
vt -0.04403 0.89828
vt 0.04403 0.89828
f 1759/8167 1748/8168 1747/8169
vt -0.04403 0.75031
vt 0.04403 0.89828
vt 0.04403 0.75031
f 1759/8170 1747/8171 1760/8172
vt 0.75031 -0.01167
vt 0.89828 -0.01167
vt 1.02024 -0.48163
f 1760/8173 1747/8174 1754/8175
vt 0.75031 -0.01167
vt 1.02024 -0.48163
vt 0.87228 -0.46012
f 1760/8176 1754/8177 1762/8178
vt 0.73950 -0.01167
vt 0.69319 -0.01167
vt 0.81515 -0.45182
f 1755/8179 1750/8180 1752/8181
vt 0.73950 -0.01167
vt 0.81515 -0.45182
vt 0.86146 -0.45855
f 1755/8182 1752/8183 1757/8184
vt 0.04403 -0.01167
vt -0.04403 -0.01167
vt -0.04403 -0.48163
f 1747/8185 1748/8186 1753/8187
vt 0.04403 -0.01167
vt -0.04403 -0.48163
vt 0.04403 -0.48163
f 1747/8188 1753/8189 1754/8190
vt -0.03585 -0.01167
vt 0.03585 -0.01167
vt 0.03585 -0.45182
f 1750/8191 1749/8192 1751/8193
vt -0.03585 -0.01167
vt 0.03585 -0.45182
vt -0.03585 -0.45182
f 1750/8194 1751/8195 1752/8196
vt 0.75031 -0.01167
vt 0.73950 -0.01167
vt 0.86146 -0.45855
f 1759/8197 1755/8198 1757/8199
vt 0.75031 -0.01167
vt 0.86146 -0.45855
vt 0.87228 -0.46012
f 1759/8200 1757/8201 1761/8202
vt 0.69319 -0.01167
vt 0.73950 -0.01167
vt 0.86146 -0.45855
f 1749/8203 1756/8204 1758/8205
vt 0.69319 -0.01167
vt 0.86146 -0.45855
vt 0.81515 -0.45182
f 1749/8206 1758/8207 1751/8208
vt -0.03585 0.69319
vt -0.03585 0.73950
vt 0.03585 0.73950
f 1750/8209 1755/8210 1756/8211
vt -0.03585 0.69319
vt 0.03585 0.73950
vt 0.03585 0.69319
f 1750/8212 1756/8213 1749/8214
vt 0.89828 -0.01167
vt 0.75031 -0.01167
vt 0.87228 -0.46012
f 1748/8215 1759/8216 1761/8217
vt 0.89828 -0.01167
vt 0.87228 -0.46012
vt 1.02024 -0.48163
f 1748/8218 1761/8219 1753/8220
vt 0.73950 -0.01167
vt 0.75031 -0.01167
vt 0.87228 -0.46012
f 1756/8221 1760/8222 1762/8223
vt 0.73950 -0.01167
vt 0.87228 -0.46012
vt 0.86146 -0.45855
f 1756/8224 1762/8225 1758/8226
vt -0.03585 0.73950
vt -0.04403 0.75031
vt 0.04403 0.75031
f 1755/8227 1759/8228 1760/8229
vt -0.03585 0.73950
vt 0.04403 0.75031
vt 0.03585 0.73950
f 1755/8230 1760/8231 1756/8232
vt 0.87228 -0.46012
vt 1.02024 -0.48163
vt 1.03626 -0.49339
f 1782/8233 1766/8234 1770/8235
vt 0.87228 -0.46012
vt 1.03626 -0.49339
vt 0.86518 -0.46852
f 1782/8236 1770/8237 1784/8238
vt 0.05091 -0.49339
vt -0.05091 -0.49339
vt -0.05091 -0.52438
f 1770/8239 1769/8240 1773/8241
vt 0.05091 -0.49339
vt -0.05091 -0.52438
vt 0.05091 -0.52438
f 1770/8242 1773/8243 1774/8244
vt 0.86146 -0.45855
vt 0.81515 -0.45182
vt 0.79913 -0.45892
f 1775/8245 1764/8246 1768/8247
vt 0.86146 -0.45855
vt 0.79913 -0.45892
vt 0.85267 -0.46670
f 1775/8248 1768/8249 1777/8250
vt -0.03585 0.81515
vt 0.03585 0.81515
vt 0.04145 0.79913
f 1764/8251 1763/8252 1767/8253
vt -0.03585 0.81515
vt 0.04145 0.79913
vt -0.04145 0.79913
f 1764/8254 1767/8255 1768/8256
vt 0.04403 1.02024
vt -0.04403 1.02024
vt -0.05091 1.03626
f 1766/8257 1765/8258 1769/8259
vt 0.04403 1.02024
vt -0.05091 1.03626
vt 0.05091 1.03626
f 1766/8260 1769/8261 1770/8262
vt -0.05091 0.86518
vt 0.05091 0.86518
vt 0.05091 1.03626
f 1785/8263 1786/8264 1774/8265
vt -0.05091 0.86518
vt 0.05091 1.03626
vt -0.05091 1.03626
f 1785/8266 1774/8267 1773/8268
vt -0.04145 -0.45892
vt 0.04145 -0.45892
vt 0.04145 -0.48990
f 1768/8269 1767/8270 1771/8271
vt -0.04145 -0.45892
vt 0.04145 -0.48990
vt -0.04145 -0.48990
f 1768/8272 1771/8273 1772/8274
vt 0.86518 -0.46852
vt 1.03626 -0.49339
vt 1.03626 -0.52438
f 1784/8275 1770/8276 1774/8277
vt 0.86518 -0.46852
vt 1.03626 -0.52438
vt 0.86518 -0.49951
f 1784/8278 1774/8279 1786/8280
vt 0.85267 -0.46670
vt 0.79913 -0.45892
vt 0.79913 -0.48990
f 1777/8281 1768/8282 1772/8283
vt 0.85267 -0.46670
vt 0.79913 -0.48990
vt 0.85267 -0.49768
f 1777/8284 1772/8285 1779/8286
vt 0.86518 -0.46852
vt 0.85267 -0.46670
vt 0.85267 -0.49768
f 1783/8287 1777/8288 1779/8289
vt 0.86518 -0.46852
vt 0.85267 -0.49768
vt 0.86518 -0.49951
f 1783/8290 1779/8291 1785/8292
vt 0.79913 -0.45892
vt 0.85267 -0.46670
vt 0.85267 -0.49769
f 1767/8293 1778/8294 1780/8295
vt 0.79913 -0.45892
vt 0.85267 -0.49769
vt 0.79913 -0.48990
f 1767/8296 1780/8297 1771/8298
vt -0.04145 0.79913
vt 0.04145 0.79913
vt 0.04145 0.85267
f 1772/8299 1771/8300 1780/8301
vt -0.04145 0.79913
vt 0.04145 0.85267
vt -0.04145 0.85267
f 1772/8302 1780/8303 1779/8304
vt -0.04403 0.87228
vt -0.03585 0.86146
vt -0.04145 0.85267
f 1781/8305 1775/8306 1777/8307
vt -0.04403 0.87228
vt -0.04145 0.85267
vt -0.05091 0.86518
f 1781/8308 1777/8309 1783/8310
vt 0.81515 -0.45182
vt 0.86146 -0.45855
vt 0.85267 -0.46670
f 1763/8311 1776/8312 1778/8313
vt 0.81515 -0.45182
vt 0.85267 -0.46670
vt 0.79913 -0.45892
f 1763/8314 1778/8315 1767/8316
vt 1.02024 -0.48163
vt 0.87228 -0.46012
vt 0.86518 -0.46852
f 1765/8317 1781/8318 1783/8319
vt 1.02024 -0.48163
vt 0.86518 -0.46852
vt 1.03626 -0.49339
f 1765/8320 1783/8321 1769/8322
vt 1.03626 -0.49339
vt 0.86518 -0.46852
vt 0.86518 -0.49951
f 1769/8323 1783/8324 1785/8325
vt 1.03626 -0.49339
vt 0.86518 -0.49951
vt 1.03626 -0.52438
f 1769/8326 1785/8327 1773/8328
vt 0.85267 -0.46670
vt 0.86518 -0.46852
vt 0.86518 -0.49951
f 1778/8329 1784/8330 1786/8331
vt 0.85267 -0.46670
vt 0.86518 -0.49951
vt 0.85267 -0.49769
f 1778/8332 1786/8333 1780/8334
vt -0.04145 0.85267
vt 0.04145 0.85267
vt 0.05091 0.86518
f 1779/8335 1780/8336 1786/8337
vt -0.04145 0.85267
vt 0.05091 0.86518
vt -0.05091 0.86518
f 1779/8338 1786/8339 1785/8340
vt 0.03585 0.86146
vt 0.04403 0.87228
vt 0.05091 0.86518
f 1776/8341 1782/8342 1784/8343
vt 0.03585 0.86146
vt 0.05091 0.86518
vt 0.04145 0.85267
f 1776/8344 1784/8345 1778/8346
