mtllib pink_guns.mtl
o Body
g Body
usemtl PinkWhite
v 0.09905 -0.33444 0.53491
v 0.10194 -0.35995 0.59965
v 0.09090 -0.44755 0.54615
v 0.08493 -0.42599 0.48950
v -0.14615 -0.15680 0.61670
v -0.14186 -0.07224 0.49343
v -0.09897 -0.33444 0.53491
v -0.10186 -0.35995 0.59965
v 0.14194 -0.07224 0.49343
v 0.14623 -0.15680 0.61670
v 0.08473 -0.51704 0.44437
v 0.08288 -0.47031 0.41490
v -0.09082 -0.44755 0.54615
v -0.08485 -0.42599 0.48950
v -0.08465 -0.51704 0.44437
v -0.08280 -0.47031 0.41490
v -0.08902 -0.51155 0.24825
v -0.08989 -0.56009 0.25646
v 0.08910 -0.51155 0.24825
v 0.08997 -0.56009 0.25646
v 0.09338 -0.56512 0.12285
v 0.09338 -0.51546 0.13349
v -0.09331 -0.56512 0.12285
v -0.09111 -0.53990 -0.05697
v 0.09119 -0.53990 -0.05697
v -0.09331 -0.51546 0.13349
v -0.09109 -0.49016 -0.03618
v -0.08566 -0.45410 -0.15538
v -0.08858 -0.48753 -0.18284
v 0.09117 -0.49016 -0.03618
v 0.08574 -0.45410 -0.15538
v 0.08865 -0.48753 -0.18284
v 0.09221 -0.42189 -0.26590
v 0.08891 -0.39537 -0.21519
v -0.09214 -0.42189 -0.26590
v -0.08883 -0.39537 -0.21519
v -0.10145 -0.28943 -0.24015
v -0.10508 -0.30087 -0.29382
v 0.10153 -0.28943 -0.24015
v 0.12456 -0.18764 -0.23177
v -0.12448 -0.18764 -0.23177
v 0.10515 -0.30087 -0.29382
v 0.13154 -0.18434 -0.31140
v 0.14466 -0.13601 -0.34852
v 0.13975 -0.13590 -0.20202
v -0.13147 -0.18434 -0.31140
v -0.14459 -0.13601 -0.34852
v -0.13967 -0.13590 -0.20202
v -0.14783 -0.05306 -0.14693
v -0.15046 -0.04418 -0.39672
v 0.14791 -0.05306 -0.14693
v 0.15054 -0.04418 -0.39672
v -0.16701 -0.23282 0.61671
v 0.16708 -0.23282 0.61671
v 0.16708 -0.00202 0.67034
v -0.16701 -0.00202 0.67034
v 0.16708 0.25883 0.90065
v -0.16701 0.25883 0.90065
v -0.16701 0.26502 1.06079
v 0.16708 0.26502 1.06079
v -0.16701 0.41891 0.67607
v -0.16701 0.05257 0.52425
v -0.16701 0.31123 0.92187
v 0.16708 0.31123 0.92187
v 0.16708 0.26841 1.06107
v 0.16708 0.05257 0.52425
v 0.16708 0.41891 0.67607
v -0.10316 0.87017 0.55764
v 0.10323 0.87017 0.55764
v 0.10323 0.95135 0.35263
v -0.10316 0.95135 0.35263
v -0.10316 0.33111 1.06626
v 0.10323 0.33111 1.06626
v 0.10323 0.37134 0.94622
v -0.10316 0.37134 0.94622
v 0.16708 -0.09287 0.48718
v -0.16701 0.26841 1.06107
v -0.16701 -0.09287 0.48718
v -0.16701 0.79574 0.35263
v -0.16701 0.89935 0.35263
v -0.16701 0.89935 -0.44180
v -0.16701 0.79574 -0.44180
v -0.16701 -0.06282 0.35263
v 0.16708 -0.06282 0.35263
v -0.16701 0.09626 0.35263
v 0.16708 0.09626 0.35263
v -0.16701 0.84869 0.49743
v 0.16708 0.79574 0.35263
v 0.10323 0.95135 -0.44180
v -0.10316 0.95135 -0.44180
v -0.16701 -0.06282 -0.44180
v 0.16708 -0.06282 -0.44180
v 0.16708 0.89935 0.35263
v 0.16708 0.84869 0.49743
v 0.10323 0.95079 -0.71177
v 0.16708 0.89861 -0.71382
v 0.16708 0.79445 -0.71792
v -0.16701 0.79445 -0.71792
v -0.16701 0.89861 -0.71382
v -0.10316 0.95079 -0.71177
v 0.16708 0.09626 -0.44180
v 0.16708 0.79574 -0.44180
v 0.16708 0.89935 -0.44180
v -0.16701 0.09626 -0.44180
v -0.16701 0.09626 -0.70260
v 0.16708 0.09626 -0.70260
v 0.10323 0.46842 0.72464
v -0.10316 0.46842 0.72464
v -0.09938 0.94522 -0.68421
v 0.00004 0.94522 -0.68421
v 0.00004 0.94522 -1.57431
v -0.09938 0.94522 -1.57431
v -0.14522 0.79697 -0.66793
v -0.14522 0.90838 -0.68042
v -0.14522 0.90838 -1.57431
v -0.14522 0.79697 -1.57431
v -0.07259 0.86759 -0.66793
v -0.07259 0.86759 -1.57431
v 0.09946 0.94522 -0.68421
v 0.09946 0.94522 -1.57431
v 0.07267 0.86759 -0.66793
v 0.00004 0.86750 -0.66793
v 0.00004 0.86750 -1.57431
v 0.07267 0.86759 -1.57431
v 0.14530 0.90838 -0.68042
v 0.14530 0.79697 -0.66793
v 0.14530 0.79697 -1.57431
v 0.14530 0.90838 -1.57431
v 0.03994 0.88736 -1.53651
v -0.03986 0.88736 -1.53651
v -0.03986 1.00651 -1.53651
v 0.03994 1.00651 -1.53651
v -0.03986 0.88736 -1.00332
v 0.03994 0.88736 -1.00332
v 0.03994 0.93148 -1.00332
v -0.03986 0.93148 -1.00332
v -0.03986 0.88736 -1.35878
v 0.03994 0.88736 -1.35878
v -0.03986 1.05639 -1.35878
v 0.03994 1.05639 -1.35878
v 0.03994 1.05639 -1.49752
v -0.03986 1.05639 -1.49752
v -0.03986 0.88736 -1.18105
v -0.03986 0.99338 -1.18105
v 0.03994 0.88736 -1.18105
v 0.03994 0.99338 -1.18105
v -0.05946 -0.14645 0.28671
v -0.05946 -0.15079 0.15400
v -0.05946 -0.21462 0.21676
v -0.05946 -0.22470 0.29243
v -0.05946 -0.03868 0.25862
v -0.05946 -0.03868 0.10813
v 0.05954 -0.03868 0.42115
v -0.05946 -0.03868 0.42115
v -0.05946 -0.13112 0.36798
v 0.05954 -0.13112 0.36798
v 0.05954 -0.03868 0.25862
v 0.05954 -0.14645 0.28671
v 0.05954 -0.03868 0.10813
v 0.05954 -0.15079 0.15400
v 0.05954 -0.21462 0.21676
v 0.05954 -0.22470 0.29243
v 0.05954 -0.31704 0.28479
v 0.05954 -0.31834 0.22105
v 0.05954 -0.41402 0.23904
v 0.05954 -0.37615 0.20591
v -0.05946 -0.31834 0.22105
v -0.05946 -0.31704 0.28479
v -0.05946 -0.41402 0.23904
v -0.05946 -0.46658 0.18373
v 0.05954 -0.46658 0.18373
v -0.05946 -0.37615 0.20591
v -0.05946 -0.44477 0.16273
v 0.05954 -0.44477 0.16273
v 0.03891 1.01293 0.34962
v 0.08749 1.01293 0.34962
v 0.08749 1.01293 0.11449
v 0.03891 1.01293 0.11449
v -0.03694 1.01293 0.34962
v -0.02911 0.98742 0.34962
v -0.02911 0.98742 0.11449
v -0.03694 1.01293 0.11449
v 0.02919 0.98742 0.34962
v 0.02919 0.98742 0.11449
v -0.02911 0.94457 0.34962
v 0.02919 0.94457 0.34962
v -0.03694 0.94457 0.11449
v -0.08741 0.94457 0.11449
v -0.08741 1.01293 0.11449
v -0.08741 0.94457 0.34962
v -0.08741 1.01293 0.34962
v 0.03891 0.94457 0.11449
v 0.02919 0.94457 0.11449
v 0.03891 0.94457 0.34962
v 0.08749 0.94457 0.34962
v -0.03694 0.94457 0.34962
v 0.08749 0.94457 0.11449
v -0.02911 0.94457 0.11449
v -0.06606 0.58269 -0.69042
v -0.06606 0.58269 -1.66693
v 0.06614 0.58269 -1.66693
v 0.06614 0.58269 -0.69042
v 0.15962 0.67617 -1.66693
v 0.15962 0.67617 -0.69042
v 0.15962 0.80837 -1.66693
v 0.15962 0.80837 -0.69042
v 0.06614 0.90185 -1.66693
v 0.06614 0.90185 -0.69042
v -0.06606 0.90185 -1.66693
v -0.06606 0.90185 -0.69042
v -0.15954 0.80837 -1.66693
v -0.15954 0.80837 -0.69042
v -0.15954 0.67617 -1.66693
v -0.13810 0.79948 -1.66693
v -0.13810 0.68505 -1.66693
v -0.15954 0.67617 -0.69042
v -0.05718 0.60413 -1.66693
v -0.13810 0.68505 -1.70000
v -0.05718 0.60413 -1.70000
v 0.05726 0.60413 -1.66693
v 0.13817 0.68505 -1.66693
v 0.05726 0.88040 -1.66693
v -0.05718 0.88040 -1.66693
v 0.13817 0.79948 -1.66693
v 0.13817 0.79948 -1.70000
v 0.13817 0.68505 -1.70000
v 0.11466 0.69479 -1.70000
v 0.11466 0.78974 -1.70000
v -0.05718 0.88040 -1.70000
v -0.13810 0.79948 -1.70000
v 0.05726 0.88040 -1.70000
v 0.05726 0.60413 -1.70000
v -0.11458 0.69479 -1.70000
v -0.11458 0.78974 -1.70000
v -0.11458 0.78974 -1.11925
v -0.11458 0.69479 -1.11925
v -0.04744 0.62765 -1.70000
v 0.04751 0.62765 -1.70000
v -0.04744 0.85688 -1.70000
v 0.04751 0.85688 -1.70000
v 0.04751 0.62765 -1.11925
v -0.04744 0.62765 -1.11925
v -0.04744 0.85688 -1.11925
v 0.04751 0.85688 -1.11925
v 0.11466 0.78974 -1.11925
v 0.11466 0.69479 -1.11925
v -0.04928 0.40037 -0.69545
v -0.04928 0.40037 -1.47524
v 0.04935 0.40037 -1.47524
v 0.04935 0.40037 -0.69545
v 0.11909 0.47011 -1.47524
v 0.11909 0.47011 -0.69545
v 0.11909 0.64851 -1.47524
v 0.11909 0.64851 -0.69545
v 0.04935 0.61749 -1.47524
v 0.04935 0.61749 -0.69545
v -0.04928 0.61749 -1.47524
v -0.04928 0.61749 -0.69545
v -0.11902 0.64851 -1.47524
v -0.11902 0.64851 -0.69545
v -0.11902 0.47011 -1.47524
v -0.11902 0.47011 -0.69545
vt 0.44576 -0.27870
vt 0.49971 -0.29996
vt 0.45513 -0.37296
vt 0.44576 -0.27870
vt 0.45513 -0.37296
vt 0.40792 -0.35499
vt 0.51392 -0.13067
vt 0.41119 -0.06020
vt 0.44576 -0.27870
vt 0.51392 -0.13067
vt 0.44576 -0.27870
vt 0.49971 -0.29996
vt -0.11822 -0.06020
vt 0.11828 -0.06020
vt 0.08254 -0.27870
vt -0.11822 -0.06020
vt 0.08254 -0.27870
vt -0.08248 -0.27870
vt 0.41119 -0.06020
vt 0.51392 -0.13067
vt 0.49971 -0.29996
vt 0.41119 -0.06020
vt 0.49971 -0.29996
vt 0.44576 -0.27870
vt 0.12186 -0.13067
vt -0.12179 -0.13067
vt -0.08488 -0.29996
vt 0.12186 -0.13067
vt -0.08488 -0.29996
vt 0.08495 -0.29996
vt 0.40792 -0.35499
vt 0.45513 -0.37296
vt 0.37031 -0.43087
vt 0.40792 -0.35499
vt 0.37031 -0.43087
vt 0.34575 -0.39193
vt 0.08495 -0.29996
vt -0.08488 -0.29996
vt -0.07568 -0.37296
vt 0.08495 -0.29996
vt -0.07568 -0.37296
vt 0.07575 -0.37296
vt 0.49971 -0.29996
vt 0.44576 -0.27870
vt 0.40792 -0.35499
vt 0.49971 -0.29996
vt 0.40792 -0.35499
vt 0.45513 -0.37296
vt -0.08248 -0.27870
vt 0.08254 -0.27870
vt 0.07078 -0.35499
vt -0.08248 -0.27870
vt 0.07078 -0.35499
vt -0.07071 -0.35499
vt 0.37031 -0.43087
vt 0.34575 -0.39193
vt 0.20688 -0.42629
vt 0.37031 -0.43087
vt 0.20688 -0.42629
vt 0.21372 -0.46674
vt 0.07575 0.45513
vt -0.07568 0.45513
vt -0.07054 0.37031
vt 0.07575 0.45513
vt -0.07054 0.37031
vt 0.07061 0.37031
vt 0.45513 -0.37296
vt 0.40792 -0.35499
vt 0.34575 -0.39193
vt 0.45513 -0.37296
vt 0.34575 -0.39193
vt 0.37031 -0.43087
vt -0.07071 0.40792
vt 0.07078 0.40792
vt 0.06907 0.34575
vt -0.07071 0.40792
vt 0.06907 0.34575
vt -0.06900 0.34575
vt 0.20688 -0.42629
vt 0.21372 -0.46674
vt 0.10238 -0.47093
vt 0.20688 -0.42629
vt 0.10238 -0.47093
vt 0.11124 -0.42955
vt -0.06900 0.34575
vt 0.06907 0.34575
vt 0.07425 0.20688
vt -0.06900 0.34575
vt 0.07425 0.20688
vt -0.07418 0.20688
vt 0.34575 -0.39193
vt 0.37031 -0.43087
vt 0.21372 -0.46674
vt 0.34575 -0.39193
vt 0.21372 -0.46674
vt 0.20688 -0.42629
vt 0.07061 0.37031
vt -0.07054 0.37031
vt -0.07491 0.21372
vt 0.07061 0.37031
vt -0.07491 0.21372
vt 0.07497 0.21372
vt 0.07782 0.10238
vt -0.07776 0.10238
vt -0.07593 -0.04748
vt 0.07782 0.10238
vt -0.07593 -0.04748
vt 0.07599 -0.04748
vt 0.07497 0.21372
vt -0.07491 0.21372
vt -0.07776 0.10238
vt 0.07497 0.21372
vt -0.07776 0.10238
vt 0.07782 0.10238
vt 0.21372 -0.46674
vt 0.20688 -0.42629
vt 0.11124 -0.42955
vt 0.21372 -0.46674
vt 0.11124 -0.42955
vt 0.10238 -0.47093
vt -0.07418 0.20688
vt 0.07425 0.20688
vt 0.07782 0.11124
vt -0.07418 0.20688
vt 0.07782 0.11124
vt -0.07776 0.11124
vt -0.04748 -0.44992
vt -0.03015 -0.40847
vt -0.12948 -0.37842
vt -0.04748 -0.44992
vt -0.12948 -0.37842
vt -0.15237 -0.40628
vt 0.10238 -0.47093
vt 0.11124 -0.42955
vt -0.03015 -0.40847
vt 0.10238 -0.47093
vt -0.03015 -0.40847
vt -0.04748 -0.44992
vt -0.07776 0.11124
vt 0.07782 0.11124
vt 0.07598 -0.03015
vt -0.07776 0.11124
vt 0.07598 -0.03015
vt -0.07591 -0.03015
vt 0.11124 -0.42955
vt 0.10238 -0.47093
vt -0.04748 -0.44992
vt 0.11124 -0.42955
vt -0.04748 -0.44992
vt -0.03015 -0.40847
vt -0.12948 -0.37842
vt -0.15237 -0.40628
vt -0.22158 -0.35158
vt -0.12948 -0.37842
vt -0.22158 -0.35158
vt -0.17933 -0.32948
vt -0.07591 -0.03015
vt 0.07598 -0.03015
vt 0.07145 -0.12948
vt -0.07591 -0.03015
vt 0.07145 -0.12948
vt -0.07138 -0.12948
vt -0.03015 -0.40847
vt -0.04748 -0.44992
vt -0.15237 -0.40628
vt -0.03015 -0.40847
vt -0.15237 -0.40628
vt -0.12948 -0.37842
vt 0.07599 -0.04748
vt -0.07593 -0.04748
vt -0.07382 -0.15237
vt 0.07599 -0.04748
vt -0.07382 -0.15237
vt 0.07388 -0.15237
vt -0.22158 -0.35158
vt -0.17933 -0.32948
vt -0.20012 -0.24119
vt -0.22158 -0.35158
vt -0.20012 -0.24119
vt -0.24485 -0.25073
vt 0.07388 -0.15237
vt -0.07382 -0.15237
vt -0.07678 -0.22158
vt 0.07388 -0.15237
vt -0.07678 -0.22158
vt 0.07684 -0.22158
vt -0.15237 -0.40628
vt -0.12948 -0.37842
vt -0.17933 -0.32948
vt -0.15237 -0.40628
vt -0.17933 -0.32948
vt -0.22158 -0.35158
vt -0.07138 -0.12948
vt 0.07145 -0.12948
vt 0.07409 -0.17933
vt -0.07138 -0.12948
vt 0.07409 -0.17933
vt -0.07403 -0.17933
vt -0.08454 -0.24119
vt 0.08461 -0.24119
vt 0.10380 -0.15637
vt -0.08454 -0.24119
vt 0.10380 -0.15637
vt -0.10373 -0.15637
vt -0.07403 -0.32948
vt 0.07409 -0.32948
vt 0.08461 -0.24119
vt -0.07403 -0.32948
vt 0.08461 -0.24119
vt -0.08454 -0.24119
vt -0.17933 -0.32948
vt -0.22158 -0.35158
vt -0.24485 -0.25073
vt -0.17933 -0.32948
vt -0.24485 -0.25073
vt -0.20012 -0.24119
vt 0.07684 -0.35158
vt -0.07678 -0.35158
vt -0.08757 -0.25073
vt 0.07684 -0.35158
vt -0.08757 -0.25073
vt 0.08762 -0.25073
vt -0.19314 -0.15637
vt -0.25950 -0.15362
vt -0.29043 -0.11334
vt -0.19314 -0.15637
vt -0.29043 -0.11334
vt -0.16835 -0.11325
vt -0.20012 -0.24119
vt -0.24485 -0.25073
vt -0.25950 -0.15362
vt -0.20012 -0.24119
vt -0.25950 -0.15362
vt -0.19314 -0.15637
vt 0.08762 -0.25073
vt -0.08757 -0.25073
vt -0.10956 -0.15362
vt 0.08762 -0.25073
vt -0.10956 -0.15362
vt 0.10962 -0.15362
vt -0.24485 -0.25073
vt -0.20012 -0.24119
vt -0.19314 -0.15637
vt -0.24485 -0.25073
vt -0.19314 -0.15637
vt -0.25950 -0.15362
vt -0.29043 -0.11334
vt -0.16835 -0.11325
vt -0.12244 -0.04422
vt -0.29043 -0.11334
vt -0.12244 -0.04422
vt -0.33060 -0.03682
vt 0.10962 -0.15362
vt -0.10956 -0.15362
vt -0.12049 -0.11334
vt 0.10962 -0.15362
vt -0.12049 -0.11334
vt 0.12055 -0.11334
vt -0.25950 -0.15362
vt -0.19314 -0.15637
vt -0.16835 -0.11325
vt -0.25950 -0.15362
vt -0.16835 -0.11325
vt -0.29043 -0.11334
vt -0.10373 -0.15637
vt 0.10380 -0.15637
vt 0.11646 -0.11325
vt -0.10373 -0.15637
vt 0.11646 -0.11325
vt -0.11639 -0.11325
vt -0.11639 -0.11325
vt 0.11646 -0.11325
vt 0.12326 -0.04422
vt -0.11639 -0.11325
vt 0.12326 -0.04422
vt -0.12319 -0.04422
vt -0.16835 -0.11325
vt -0.29043 -0.11334
vt -0.33060 -0.03682
vt -0.16835 -0.11325
vt -0.33060 -0.03682
vt -0.12244 -0.04422
vt 0.12055 -0.11334
vt -0.12049 -0.11334
vt -0.12538 -0.03682
vt 0.12055 -0.11334
vt -0.12538 -0.03682
vt 0.12545 -0.03682
vt -0.13917 -0.19402
vt 0.13923 -0.19402
vt 0.13923 -0.00168
vt -0.13917 -0.19402
vt 0.13923 -0.00168
vt -0.13917 -0.00168
vt 0.13923 -0.00168
vt 0.13923 0.21569
vt -0.13917 0.21569
vt 0.13923 -0.00168
vt -0.13917 0.21569
vt -0.13917 -0.00168
vt -0.13917 0.88399
vt -0.13917 0.75054
vt 0.13923 0.75054
vt -0.13917 0.88399
vt 0.13923 0.75054
vt 0.13923 0.88399
vt 0.56339 0.34909
vt 0.43688 0.04381
vt 0.55862 -0.00168
vt 0.56339 0.34909
vt 0.55862 -0.00168
vt 0.75054 0.21569
vt 0.56339 0.34909
vt 0.75054 0.21569
vt 0.76823 0.25936
vt 0.88399 0.22085
vt 0.75054 0.21569
vt 0.76823 0.25936
vt 0.88399 0.22085
vt 0.76823 0.25936
vt 0.88423 0.22367
vt 0.43688 0.04381
vt 0.56339 0.34909
vt 0.76823 0.25936
vt 0.43688 0.04381
vt 0.76823 0.25936
vt 0.75054 0.21569
vt 0.43688 0.04381
vt 0.75054 0.21569
vt 0.55862 -0.00168
vt -0.08597 0.46470
vt 0.08603 0.46470
vt 0.08603 0.29386
vt -0.08597 0.46470
vt 0.08603 0.29386
vt -0.08597 0.29386
vt -0.08597 0.88855
vt 0.08603 0.88855
vt 0.08603 0.78852
vt -0.08597 0.88855
vt 0.08603 0.78852
vt -0.08597 0.78852
vt 0.55862 -0.00168
vt 0.51392 -0.19402
vt 0.40598 -0.07739
vt 0.55862 -0.00168
vt 0.40598 -0.07739
vt 0.43688 0.04381
vt 0.75054 0.21569
vt 0.88399 0.22085
vt 0.88423 0.22367
vt 0.75054 0.21569
vt 0.88423 0.22367
vt 0.76823 0.25936
vt 0.13923 -0.19402
vt -0.13917 -0.19402
vt -0.13917 -0.07739
vt 0.13923 -0.19402
vt -0.13917 -0.07739
vt 0.13923 -0.07739
vt 0.51392 -0.19402
vt 0.55862 -0.00168
vt 0.43688 0.04381
vt 0.51392 -0.19402
vt 0.43688 0.04381
vt 0.40598 -0.07739
vt 0.29386 0.66312
vt 0.29386 0.74946
vt -0.36817 0.74946
vt 0.29386 0.66312
vt -0.36817 0.74946
vt -0.36817 0.66312
vt 0.13923 0.40598
vt -0.13917 0.40598
vt -0.13917 0.29386
vt 0.13923 0.40598
vt -0.13917 0.29386
vt 0.13923 0.29386
vt 0.40598 -0.07739
vt 0.43688 0.04381
vt 0.29386 0.08022
vt 0.40598 -0.07739
vt 0.29386 0.08022
vt 0.29386 -0.05235
vt 0.43688 0.04381
vt 0.40598 -0.07739
vt 0.29386 -0.05235
vt 0.43688 0.04381
vt 0.29386 -0.05235
vt 0.29386 0.08022
vt 0.29386 0.08022
vt 0.56339 0.34909
vt 0.41452 0.70724
vt 0.29386 0.08022
vt 0.41452 0.70724
vt 0.29386 0.66312
vt 0.56339 0.34909
vt 0.43688 0.04381
vt 0.29386 0.08022
vt 0.13923 0.08022
vt -0.13917 0.08022
vt -0.13917 0.66312
vt 0.13923 0.08022
vt -0.13917 0.66312
vt 0.13923 0.66312
vt -0.08597 0.29386
vt 0.08603 0.29386
vt 0.08603 -0.36817
vt -0.08597 0.29386
vt 0.08603 -0.36817
vt -0.08597 -0.36817
vt 0.13923 0.29386
vt -0.13917 0.29386
vt -0.13917 -0.36817
vt 0.13923 0.29386
vt -0.13917 -0.36817
vt 0.13923 -0.36817
vt 0.43688 0.04381
vt 0.56339 0.34909
vt 0.29386 0.08022
vt 0.29386 0.66312
vt 0.29386 0.74946
vt 0.41452 0.70724
vt 0.08603 0.79233
vt 0.13923 0.74884
vt 0.13923 0.66204
vt 0.08603 0.79233
vt 0.13923 0.66204
vt -0.13917 0.66204
vt 0.08603 0.79233
vt -0.13917 0.66204
vt -0.13917 0.74884
vt 0.08603 0.79233
vt -0.13917 0.74884
vt -0.08597 0.79233
vt -0.08597 -0.36817
vt 0.08603 -0.36817
vt 0.08603 -0.59314
vt -0.08597 -0.36817
vt 0.08603 -0.59314
vt -0.08597 -0.59314
vt 0.29386 0.08022
vt 0.29386 -0.05235
vt -0.36817 -0.05235
vt 0.29386 0.08022
vt -0.36817 -0.05235
vt -0.36817 0.08022
vt 0.29386 0.74946
vt 0.29386 0.66312
vt -0.36817 0.66312
vt 0.29386 0.74946
vt -0.36817 0.66312
vt -0.36817 0.74946
vt 0.13923 0.29386
vt -0.13917 0.29386
vt -0.13917 -0.36817
vt 0.13923 0.29386
vt -0.13917 -0.36817
vt 0.13923 -0.36817
vt -0.13917 0.29386
vt 0.13923 0.29386
vt 0.13923 -0.36817
vt -0.13917 0.29386
vt 0.13923 -0.36817
vt -0.13917 -0.36817
vt 0.29386 -0.05235
vt 0.29386 0.08022
vt -0.36817 0.08022
vt 0.29386 -0.05235
vt -0.36817 0.08022
vt -0.36817 -0.05235
vt -0.36817 -0.05235
vt -0.36817 0.08022
vt -0.58550 0.08022
vt -0.36817 0.08022
vt -0.36817 -0.05235
vt -0.58550 0.08022
vt 0.13923 0.08022
vt -0.13917 0.08022
vt -0.13917 0.66204
vt 0.13923 0.08022
vt -0.13917 0.66204
vt 0.13923 0.66204
vt -0.36817 0.66312
vt -0.36817 0.74946
vt -0.59485 0.74884
vt -0.36817 0.66312
vt -0.59485 0.74884
vt -0.59827 0.66204
vt -0.58550 0.08022
vt -0.36817 0.08022
vt -0.36817 0.66312
vt -0.58550 0.08022
vt -0.36817 0.66312
vt -0.59827 0.66204
vt -0.13917 0.08022
vt 0.13923 0.08022
vt 0.13923 0.66312
vt -0.13917 0.08022
vt 0.13923 0.66312
vt -0.13917 0.66312
vt -0.36817 0.08022
vt -0.58550 0.08022
vt -0.59827 0.66204
vt -0.36817 0.08022
vt -0.59827 0.66204
vt -0.36817 0.66312
vt -0.36817 0.74946
vt -0.36817 0.66312
vt -0.59827 0.66204
vt -0.36817 0.74946
vt -0.59827 0.66204
vt -0.59485 0.74884
vt -0.08597 0.78852
vt 0.08603 0.78852
vt 0.08603 0.60387
vt -0.08597 0.78852
vt 0.08603 0.60387
vt -0.08597 0.60387
vt 0.29386 0.08022
vt 0.29386 0.66312
vt 0.41452 0.70724
vt 0.29386 0.08022
vt 0.41452 0.70724
vt 0.56339 0.34909
vt 0.08603 0.72514
vt -0.08597 0.72514
vt -0.08597 0.39035
vt 0.08603 0.72514
vt -0.08597 0.39035
vt 0.08603 0.39035
vt 0.41452 0.70724
vt 0.29386 0.74946
vt 0.29386 0.66312
vt 0.76823 0.25936
vt 0.56339 0.34909
vt 0.60387 0.39035
vt 0.76823 0.25936
vt 0.60387 0.39035
vt 0.78852 0.30945
vt 0.76823 0.25936
vt 0.88423 0.22367
vt 0.88855 0.27593
vt 0.76823 0.25936
vt 0.88855 0.27593
vt 0.78852 0.30945
vt 0.88423 0.22367
vt 0.76823 0.25936
vt 0.78852 0.30945
vt 0.88423 0.22367
vt 0.78852 0.30945
vt 0.88855 0.27593
vt 0.56339 0.34909
vt 0.41452 0.70724
vt 0.46470 0.72514
vt 0.56339 0.34909
vt 0.46470 0.72514
vt 0.60387 0.39035
vt 0.41452 0.70724
vt 0.56339 0.34909
vt 0.60387 0.39035
vt 0.41452 0.70724
vt 0.60387 0.39035
vt 0.46470 0.72514
vt 0.56339 0.34909
vt 0.76823 0.25936
vt 0.78852 0.30945
vt 0.56339 0.34909
vt 0.78852 0.30945
vt 0.60387 0.39035
vt -0.08597 0.46470
vt -0.08597 0.29386
vt -0.13917 0.29386
vt -0.08597 0.46470
vt -0.13917 0.29386
vt -0.13917 0.41452
vt 0.13923 0.41452
vt 0.13923 0.29386
vt 0.08603 0.29386
vt 0.13923 0.41452
vt 0.08603 0.29386
vt 0.08603 0.46470
vt 0.08603 -0.36817
vt 0.08603 0.29386
vt 0.13923 0.29386
vt 0.08603 -0.36817
vt 0.13923 0.29386
vt 0.13923 -0.36817
vt -0.08597 0.29386
vt -0.08597 -0.36817
vt -0.13917 -0.36817
vt -0.08597 0.29386
vt -0.13917 -0.36817
vt -0.13917 0.29386
vt 0.08603 -0.59314
vt 0.08603 -0.36817
vt 0.13923 -0.36817
vt 0.08603 -0.59314
vt 0.13923 -0.36817
vt 0.13923 -0.59485
vt -0.08597 -0.36817
vt -0.08597 -0.59314
vt -0.13917 -0.59485
vt -0.08597 -0.36817
vt -0.13917 -0.59485
vt -0.13917 -0.36817
vt -0.13917 0.22085
vt 0.13923 0.22085
vt 0.13923 0.22367
vt -0.13917 0.22085
vt 0.13923 0.22367
vt 0.08603 0.27593
vt -0.13917 0.22085
vt 0.08603 0.27593
vt -0.08597 0.27593
vt -0.13917 0.22085
vt -0.08597 0.27593
vt -0.13917 0.22367
vt -0.13917 -0.58550
vt 0.13923 -0.58550
vt 0.13923 -0.36817
vt -0.13917 -0.58550
vt 0.13923 -0.36817
vt -0.13917 -0.36817
vt -0.08282 -0.57017
vt 0.00003 -0.57017
vt 0.00003 -1.31193
vt -0.08282 -0.57017
vt 0.00003 -1.31193
vt -0.08282 -1.31193
vt -0.55661 0.66414
vt -0.56702 0.75698
vt -1.31193 0.75698
vt -0.55661 0.66414
vt -1.31193 0.75698
vt -1.31193 0.66414
vt -0.06049 -0.55661
vt -0.12102 -0.55661
vt -0.12102 -1.31193
vt -0.06049 -0.55661
vt -0.12102 -1.31193
vt -0.06049 -1.31193
vt 0.00003 -0.57017
vt 0.08288 -0.57017
vt 0.08288 -1.31193
vt 0.00003 -0.57017
vt 0.08288 -1.31193
vt 0.00003 -1.31193
vt 0.06056 -0.55661
vt 0.00003 -0.55661
vt 0.00003 -1.31193
vt 0.06056 -0.55661
vt 0.00003 -1.31193
vt 0.06056 -1.31193
vt 0.08288 0.78768
vt 0.06056 0.72299
vt 0.00003 0.72292
vt 0.08288 0.78768
vt 0.00003 0.72292
vt 0.00003 0.78768
vt 0.00003 0.78768
vt 0.00003 0.72292
vt -0.06049 0.72299
vt 0.00003 0.78768
vt -0.06049 0.72299
vt -0.08282 0.78768
vt -0.56702 0.75698
vt -0.55661 0.66414
vt -1.31193 0.66414
vt -0.56702 0.75698
vt -1.31193 0.66414
vt -1.31193 0.75698
vt 0.12108 -0.56702
vt 0.12108 -1.31193
vt 0.08288 -1.31193
vt 0.12108 -0.56702
vt 0.08288 -1.31193
vt 0.08288 -0.57017
vt -0.12102 -1.31193
vt -0.12102 -0.56702
vt -0.08282 -0.57017
vt -0.12102 -1.31193
vt -0.08282 -0.57017
vt -0.08282 -1.31193
vt 0.12108 -0.55661
vt 0.06056 -0.55661
vt 0.06056 -1.31193
vt 0.12108 -0.55661
vt 0.06056 -1.31193
vt 0.12108 -1.31193
vt 0.00003 -0.55661
vt -0.06049 -0.55661
vt -0.06049 -1.31193
vt 0.00003 -0.55661
vt -0.06049 -1.31193
vt 0.00003 -1.31193
vt -0.08282 0.78768
vt -0.06049 0.72299
vt -0.12102 0.66414
vt -0.08282 0.78768
vt -0.12102 0.66414
vt -0.12102 0.75698
vt 0.06056 0.72299
vt 0.08288 0.78768
vt 0.12108 0.75698
vt 0.06056 0.72299
vt 0.12108 0.75698
vt 0.12108 0.66414
vt 0.03328 0.73947
vt -0.03322 0.73947
vt -0.03322 0.83876
vt 0.03328 0.73947
vt -0.03322 0.83876
vt 0.03328 0.83876
vt -0.03322 0.73947
vt 0.03328 0.73947
vt 0.03328 0.77623
vt -0.03322 0.73947
vt 0.03328 0.77623
vt -0.03322 0.77623
vt -0.03322 -1.13232
vt -0.03322 -1.28043
vt 0.03328 -1.28043
vt -0.03322 -1.13232
vt 0.03328 -1.28043
vt 0.03328 -1.13232
vt -0.03322 -1.13232
vt 0.03328 -1.13232
vt 0.03328 -1.24793
vt -0.03322 -1.13232
vt 0.03328 -1.24793
vt -0.03322 -1.24793
vt -1.28043 0.73947
vt -1.13232 0.73947
vt -1.13232 0.88033
vt -1.28043 0.73947
vt -1.13232 0.88033
vt -1.24793 0.88033
vt -1.28043 0.73947
vt -1.24793 0.88033
vt -1.28043 0.83876
vt -0.98421 0.73947
vt -0.83610 0.73947
vt -0.83610 0.77623
vt -0.98421 0.73947
vt -0.83610 0.77623
vt -0.98421 0.82782
vt -1.13232 0.73947
vt -0.98421 0.73947
vt -0.98421 0.82782
vt -1.13232 0.73947
vt -0.98421 0.82782
vt -1.13232 0.88033
vt -0.83610 0.73947
vt -0.98421 0.73947
vt -0.98421 0.82782
vt -0.83610 0.73947
vt -0.98421 0.82782
vt -0.83610 0.77623
vt -0.98421 0.73947
vt -1.13232 0.73947
vt -1.13232 0.88033
vt -0.98421 0.73947
vt -1.13232 0.88033
vt -0.98421 0.82782
vt -0.03322 -0.83610
vt -0.03322 -0.98421
vt 0.03328 -0.98421
vt -0.03322 -0.83610
vt 0.03328 -0.98421
vt 0.03328 -0.83610
vt -0.03322 -0.98421
vt -0.03322 -1.13232
vt 0.03328 -1.13232
vt -0.03322 -0.98421
vt 0.03328 -1.13232
vt 0.03328 -0.98421
vt -0.03322 -0.83610
vt 0.03328 -0.83610
vt 0.03328 -0.98421
vt -0.03322 -0.83610
vt 0.03328 -0.98421
vt -0.03322 -0.98421
vt -0.03322 -0.98421
vt 0.03328 -0.98421
vt 0.03328 -1.13232
vt -0.03322 -0.98421
vt 0.03328 -1.13232
vt -0.03322 -1.13232
vt 0.03328 0.83876
vt -0.03322 0.83876
vt -0.03322 0.88033
vt 0.03328 0.83876
vt -0.03322 0.88033
vt 0.03328 0.88033
vt -1.13232 0.73947
vt -1.28043 0.73947
vt -1.28043 0.83876
vt -1.13232 0.73947
vt -1.28043 0.83876
vt -1.24793 0.88033
vt -1.13232 0.73947
vt -1.24793 0.88033
vt -1.13232 0.88033
vt 0.23893 -0.12204
vt 0.12833 -0.12566
vt 0.18063 -0.17885
vt 0.23893 -0.12204
vt 0.18063 -0.17885
vt 0.24369 -0.18725
vt 0.21552 -0.03223
vt 0.09011 -0.03223
vt 0.12833 -0.12566
vt 0.21552 -0.03223
vt 0.12833 -0.12566
vt 0.23893 -0.12204
vt 0.04962 -0.03223
vt -0.04955 -0.03223
vt -0.04955 -0.10927
vt 0.04962 -0.03223
vt -0.04955 -0.10927
vt 0.04962 -0.10927
vt 0.21552 -0.03223
vt 0.35096 -0.03223
vt 0.30665 -0.10927
vt 0.21552 -0.03223
vt 0.30665 -0.10927
vt 0.23893 -0.12204
vt -0.04955 -0.03223
vt 0.04962 -0.03223
vt 0.04962 -0.12566
vt -0.04955 -0.03223
vt 0.04962 -0.12566
vt -0.04955 -0.12566
vt 0.09011 -0.03223
vt 0.21552 -0.03223
vt 0.23893 -0.12204
vt 0.09011 -0.03223
vt 0.23893 -0.12204
vt 0.12833 -0.12566
vt 0.35096 -0.03223
vt 0.21552 -0.03223
vt 0.23893 -0.12204
vt 0.35096 -0.03223
vt 0.23893 -0.12204
vt 0.30665 -0.10927
vt 0.04962 0.30665
vt -0.04955 0.30665
vt -0.04955 0.23893
vt 0.04962 0.30665
vt -0.04955 0.23893
vt 0.04962 0.23893
vt 0.18063 -0.17885
vt 0.24369 -0.18725
vt 0.23733 -0.26420
vt 0.18063 -0.17885
vt 0.23733 -0.26420
vt 0.18421 -0.26528
vt 0.12833 -0.12566
vt 0.23893 -0.12204
vt 0.24369 -0.18725
vt 0.12833 -0.12566
vt 0.24369 -0.18725
vt 0.18063 -0.17885
vt 0.04962 -0.12204
vt -0.04955 -0.12204
vt -0.04955 -0.18725
vt 0.04962 -0.12204
vt -0.04955 -0.18725
vt 0.04962 -0.18725
vt -0.04955 -0.12566
vt 0.04962 -0.12566
vt 0.04962 -0.17885
vt -0.04955 -0.12566
vt 0.04962 -0.17885
vt -0.04955 -0.17885
vt 0.18421 -0.26528
vt 0.23733 -0.26420
vt 0.19920 -0.34502
vt 0.18421 -0.26528
vt 0.19920 -0.34502
vt 0.17159 -0.31346
vt -0.04955 -0.17885
vt 0.04962 -0.17885
vt 0.04962 -0.26528
vt -0.04955 -0.17885
vt 0.04962 -0.26528
vt -0.04955 -0.26528
vt 0.04962 -0.18725
vt -0.04955 -0.18725
vt -0.04955 -0.26420
vt 0.04962 -0.18725
vt -0.04955 -0.26420
vt 0.04962 -0.26420
vt 0.24369 -0.18725
vt 0.18063 -0.17885
vt 0.18421 -0.26528
vt 0.24369 -0.18725
vt 0.18421 -0.26528
vt 0.23733 -0.26420
vt 0.04962 0.19920
vt -0.04955 0.19920
vt -0.04955 0.15311
vt 0.04962 0.19920
vt -0.04955 0.15311
vt 0.04962 0.15311
vt -0.04955 -0.26528
vt 0.04962 -0.26528
vt 0.04962 -0.31346
vt -0.04955 -0.26528
vt 0.04962 -0.31346
vt -0.04955 -0.31346
vt 0.04962 -0.26420
vt -0.04955 -0.26420
vt -0.04955 -0.34502
vt 0.04962 -0.26420
vt -0.04955 -0.34502
vt 0.04962 -0.34502
vt 0.23733 -0.26420
vt 0.18421 -0.26528
vt 0.17159 -0.31346
vt 0.23733 -0.26420
vt 0.17159 -0.31346
vt 0.19920 -0.34502
vt 0.04962 -0.38882
vt -0.04955 -0.38882
vt -0.04955 -0.37064
vt 0.04962 -0.38882
vt -0.04955 -0.37064
vt 0.04962 -0.37064
vt 0.19920 -0.34502
vt 0.17159 -0.31346
vt 0.13561 -0.37064
vt 0.19920 -0.34502
vt 0.13561 -0.37064
vt 0.15311 -0.38882
vt 0.17159 -0.31346
vt 0.19920 -0.34502
vt 0.15311 -0.38882
vt 0.17159 -0.31346
vt 0.15311 -0.38882
vt 0.13561 -0.37064
vt -0.04955 -0.31346
vt 0.04962 -0.31346
vt 0.04962 -0.37064
vt -0.04955 -0.31346
vt 0.04962 -0.37064
vt -0.04955 -0.37064
vt 0.03243 0.29135
vt 0.07291 0.29135
vt 0.07291 0.09541
vt 0.03243 0.29135
vt 0.07291 0.09541
vt 0.03243 0.09541
vt 0.29135 0.84411
vt 0.29135 0.82285
vt 0.09541 0.82285
vt 0.29135 0.84411
vt 0.09541 0.82285
vt 0.09541 0.84411
vt -0.02426 0.29135
vt 0.02433 0.29135
vt 0.02433 0.09541
vt -0.02426 0.29135
vt 0.02433 0.09541
vt -0.02426 0.09541
vt -0.02426 0.82285
vt -0.02426 0.78714
vt 0.02433 0.78714
vt -0.02426 0.82285
vt 0.02433 0.78714
vt 0.02433 0.82285
vt -0.03078 0.84411
vt -0.03078 0.78714
vt -0.07284 0.78714
vt -0.03078 0.84411
vt -0.07284 0.78714
vt -0.07284 0.84411
vt 0.09541 0.84411
vt 0.09541 0.78714
vt 0.29135 0.78714
vt 0.09541 0.84411
vt 0.29135 0.78714
vt 0.29135 0.84411
vt 0.03243 0.84411
vt 0.03243 0.78714
vt 0.02433 0.78714
vt 0.03243 0.84411
vt 0.02433 0.78714
vt 0.02433 0.82285
vt 0.03243 0.84411
vt 0.03243 0.78714
vt 0.07291 0.78714
vt 0.03243 0.84411
vt 0.07291 0.78714
vt 0.07291 0.84411
vt -0.03078 0.84411
vt -0.03078 0.78714
vt -0.02426 0.78714
vt -0.03078 0.84411
vt -0.02426 0.78714
vt -0.02426 0.82285
vt 0.29135 0.84411
vt 0.29135 0.78714
vt 0.09541 0.78714
vt 0.29135 0.84411
vt 0.09541 0.78714
vt 0.09541 0.84411
vt 0.02433 0.82285
vt 0.02433 0.78714
vt -0.02426 0.78714
vt 0.02433 0.82285
vt -0.02426 0.78714
vt -0.02426 0.82285
vt 0.02433 0.82285
vt 0.02433 0.78714
vt 0.03243 0.78714
vt 0.02433 0.82285
vt 0.03243 0.78714
vt 0.03243 0.84411
vt 0.07291 0.84411
vt 0.07291 0.78714
vt 0.03243 0.78714
vt 0.07291 0.84411
vt 0.03243 0.78714
vt 0.03243 0.84411
vt 0.29135 0.82285
vt 0.29135 0.84411
vt 0.09541 0.84411
vt 0.29135 0.82285
vt 0.09541 0.84411
vt 0.09541 0.82285
vt -0.07284 0.84411
vt -0.07284 0.78714
vt -0.03078 0.78714
vt -0.07284 0.84411
vt -0.03078 0.78714
vt -0.03078 0.84411
vt -0.02426 0.82285
vt -0.02426 0.78714
vt -0.03078 0.78714
vt -0.02426 0.82285
vt -0.03078 0.78714
vt -0.03078 0.84411
vt -0.07284 0.29135
vt -0.03078 0.29135
vt -0.03078 0.09541
vt -0.07284 0.29135
vt -0.03078 0.09541
vt -0.07284 0.09541
vt -0.05505 -0.57535
vt -0.05505 -1.38911
vt 0.05512 -1.38911
vt -0.05505 -0.57535
vt 0.05512 -1.38911
vt 0.05512 -0.57535
vt -0.57535 0.48558
vt -1.38911 0.48558
vt -1.38911 0.56348
vt -0.57535 0.48558
vt -1.38911 0.56348
vt -0.57535 0.56348
vt -0.57535 0.56348
vt -1.38911 0.56348
vt -1.38911 0.67364
vt -0.57535 0.56348
vt -1.38911 0.67364
vt -0.57535 0.67364
vt -0.57535 0.67364
vt -1.38911 0.67364
vt -1.38911 0.75154
vt -0.57535 0.67364
vt -1.38911 0.75154
vt -0.57535 0.75154
vt 0.05512 -0.57535
vt 0.05512 -1.38911
vt -0.05505 -1.38911
vt 0.05512 -0.57535
vt -0.05505 -1.38911
vt -0.05505 -0.57535
vt -0.57535 0.75154
vt -1.38911 0.75154
vt -1.38911 0.67364
vt -0.57535 0.75154
vt -1.38911 0.67364
vt -0.57535 0.67364
vt -0.13295 0.56348
vt -0.13295 0.67364
vt -0.11508 0.66623
vt -0.13295 0.56348
vt -0.11508 0.66623
vt -0.11508 0.57088
vt -0.57535 0.67364
vt -1.38911 0.67364
vt -1.38911 0.56348
vt -0.57535 0.67364
vt -1.38911 0.56348
vt -0.57535 0.56348
vt -0.57535 0.56348
vt -1.38911 0.56348
vt -1.38911 0.48558
vt -0.57535 0.56348
vt -1.38911 0.48558
vt -0.57535 0.48558
vt -0.05505 0.48558
vt 0.05512 0.48558
vt 0.13302 0.56348
vt -0.05505 0.48558
vt 0.13302 0.56348
vt 0.13302 0.67364
vt -0.05505 0.48558
vt 0.13302 0.67364
vt 0.05512 0.75154
vt -0.05505 0.48558
vt 0.05512 0.75154
vt -0.05505 0.75154
vt -0.05505 0.48558
vt -0.05505 0.75154
vt -0.13295 0.67364
vt -0.05505 0.48558
vt -0.13295 0.67364
vt -0.13295 0.56348
vt -1.38911 0.50344
vt -1.38911 0.57088
vt -1.41667 0.57088
vt -1.38911 0.50344
vt -1.41667 0.57088
vt -1.41667 0.50344
vt 0.13302 0.56348
vt 0.05512 0.48558
vt 0.04772 0.50344
vt 0.13302 0.56348
vt 0.04772 0.50344
vt 0.11514 0.57088
vt -0.05505 0.75154
vt 0.05512 0.75154
vt 0.04772 0.73367
vt -0.05505 0.75154
vt 0.04772 0.73367
vt -0.04765 0.73367
vt -0.05505 0.48558
vt -0.13295 0.56348
vt -0.11508 0.57088
vt -0.05505 0.48558
vt -0.11508 0.57088
vt -0.04765 0.50344
vt 0.05512 0.48558
vt -0.05505 0.48558
vt -0.04765 0.50344
vt 0.05512 0.48558
vt -0.04765 0.50344
vt 0.04772 0.50344
vt 0.13302 0.67364
vt 0.13302 0.56348
vt 0.11514 0.57088
vt 0.13302 0.67364
vt 0.11514 0.57088
vt 0.11514 0.66623
vt -0.13295 0.67364
vt -0.05505 0.75154
vt -0.04765 0.73367
vt -0.13295 0.67364
vt -0.04765 0.73367
vt -0.11508 0.66623
vt 0.05512 0.75154
vt 0.13302 0.67364
vt 0.11514 0.66623
vt 0.05512 0.75154
vt 0.11514 0.66623
vt 0.04772 0.73367
vt 0.11514 0.66623
vt 0.11514 0.57088
vt 0.09555 0.57899
vt 0.11514 0.66623
vt 0.09555 0.57899
vt 0.09555 0.65812
vt -1.38911 0.66623
vt -1.38911 0.73367
vt -1.41667 0.73367
vt -1.38911 0.66623
vt -1.41667 0.73367
vt -1.41667 0.66623
vt -1.38911 0.73367
vt -1.38911 0.66623
vt -1.41667 0.66623
vt -1.38911 0.73367
vt -1.41667 0.66623
vt -1.41667 0.73367
vt -1.38911 0.57088
vt -1.38911 0.50344
vt -1.41667 0.50344
vt -1.38911 0.57088
vt -1.41667 0.50344
vt -1.41667 0.57088
vt -1.38911 0.57088
vt -1.38911 0.66623
vt -1.41667 0.66623
vt -1.38911 0.57088
vt -1.41667 0.66623
vt -1.41667 0.57088
vt -0.04765 -1.38911
vt 0.04772 -1.38911
vt 0.04772 -1.41667
vt -0.04765 -1.38911
vt 0.04772 -1.41667
vt -0.04765 -1.41667
vt -1.38911 0.66623
vt -1.38911 0.57088
vt -1.41667 0.57088
vt -1.38911 0.66623
vt -1.41667 0.57088
vt -1.41667 0.66623
vt 0.04772 -1.38911
vt -0.04765 -1.38911
vt -0.04765 -1.41667
vt 0.04772 -1.38911
vt -0.04765 -1.41667
vt 0.04772 -1.41667
vt -1.41667 0.57899
vt -1.41667 0.65812
vt -0.93271 0.65812
vt -1.41667 0.57899
vt -0.93271 0.65812
vt -0.93271 0.57899
vt 0.04772 0.50344
vt -0.04765 0.50344
vt -0.03953 0.52304
vt 0.04772 0.50344
vt -0.03953 0.52304
vt 0.03959 0.52304
vt -0.04765 0.50344
vt -0.11508 0.57088
vt -0.09548 0.57899
vt -0.04765 0.50344
vt -0.09548 0.57899
vt -0.03953 0.52304
vt -0.11508 0.66623
vt -0.04765 0.73367
vt -0.03953 0.71407
vt -0.11508 0.66623
vt -0.03953 0.71407
vt -0.09548 0.65812
vt 0.04772 0.73367
vt 0.11514 0.66623
vt 0.09555 0.65812
vt 0.04772 0.73367
vt 0.09555 0.65812
vt 0.03959 0.71407
vt 0.11514 0.57088
vt 0.04772 0.50344
vt 0.03959 0.52304
vt 0.11514 0.57088
vt 0.03959 0.52304
vt 0.09555 0.57899
vt -0.11508 0.57088
vt -0.11508 0.66623
vt -0.09548 0.65812
vt -0.11508 0.57088
vt -0.09548 0.65812
vt -0.09548 0.57899
vt -0.04765 0.73367
vt 0.04772 0.73367
vt 0.03959 0.71407
vt -0.04765 0.73367
vt 0.03959 0.71407
vt -0.03953 0.71407
vt 0.03959 0.52304
vt -0.03953 0.52304
vt -0.09548 0.57899
vt 0.03959 0.52304
vt -0.09548 0.57899
vt -0.09548 0.65812
vt 0.03959 0.52304
vt -0.09548 0.65812
vt -0.03953 0.71407
vt 0.03959 0.52304
vt -0.03953 0.71407
vt 0.03959 0.71407
vt 0.03959 0.52304
vt 0.03959 0.71407
vt 0.09555 0.65812
vt 0.03959 0.52304
vt 0.09555 0.65812
vt 0.09555 0.57899
vt -0.03953 -1.41667
vt 0.03959 -1.41667
vt 0.03959 -0.93271
vt -0.03953 -1.41667
vt 0.03959 -0.93271
vt -0.03953 -0.93271
vt -1.41667 0.65812
vt -1.41667 0.57899
vt -0.93271 0.57899
vt -1.41667 0.65812
vt -0.93271 0.57899
vt -0.93271 0.65812
vt 0.03959 -1.41667
vt -0.03953 -1.41667
vt -0.03953 -0.93271
vt 0.03959 -1.41667
vt -0.03953 -0.93271
vt 0.03959 -0.93271
vt -0.03953 -1.41667
vt -0.09548 -1.41667
vt -0.09548 -0.93271
vt -0.03953 -1.41667
vt -0.09548 -0.93271
vt -0.03953 -0.93271
vt -0.09548 -1.41667
vt -0.03953 -1.41667
vt -0.03953 -0.93271
vt -0.09548 -1.41667
vt -0.03953 -0.93271
vt -0.09548 -0.93271
vt 0.03959 -1.41667
vt 0.09555 -1.41667
vt 0.09555 -0.93271
vt 0.03959 -1.41667
vt 0.09555 -0.93271
vt 0.03959 -0.93271
vt 0.09555 -1.41667
vt 0.03959 -1.41667
vt 0.03959 -0.93271
vt 0.09555 -1.41667
vt 0.03959 -0.93271
vt 0.09555 -0.93271
vt -0.04107 -0.57954
vt -0.04107 -1.22937
vt 0.04113 -1.22937
vt -0.04107 -0.57954
vt 0.04113 -1.22937
vt 0.04113 -0.57954
vt 0.04113 -0.57954
vt 0.04113 -1.22937
vt 0.09924 -1.22937
vt 0.04113 -0.57954
vt 0.09924 -1.22937
vt 0.09924 -0.57954
vt -0.57954 0.39176
vt -1.22937 0.39176
vt -1.22937 0.54043
vt -0.57954 0.39176
vt -1.22937 0.54043
vt -0.57954 0.54043
vt 0.09924 -0.57954
vt 0.09924 -1.22937
vt 0.04113 -1.22937
vt 0.09924 -0.57954
vt 0.04113 -1.22937
vt 0.04113 -0.57954
vt 0.04113 -0.57954
vt 0.04113 -1.22937
vt -0.04107 -1.22937
vt 0.04113 -0.57954
vt -0.04107 -1.22937
vt -0.04107 -0.57954
vt -0.04107 -0.57954
vt -0.04107 -1.22937
vt -0.09918 -1.22937
vt -0.04107 -0.57954
vt -0.09918 -1.22937
vt -0.09918 -0.57954
vt -0.57954 0.54043
vt -1.22937 0.54043
vt -1.22937 0.39176
vt -0.57954 0.54043
vt -1.22937 0.39176
vt -0.57954 0.39176
vt -0.09918 -0.57954
vt -0.09918 -1.22937
vt -0.04107 -1.22937
vt -0.09918 -0.57954
vt -0.04107 -1.22937
vt -0.04107 -0.57954
vt 0.04113 0.33364
vt -0.04107 0.33364
vt -0.09918 0.39176
vt 0.04113 0.33364
vt -0.09918 0.39176
vt -0.09918 0.54043
vt 0.04113 0.33364
vt -0.09918 0.54043
vt -0.04107 0.51458
vt 0.04113 0.33364
vt -0.04107 0.51458
vt 0.04113 0.51458
vt 0.04113 0.33364
vt 0.04113 0.51458
vt 0.09924 0.54043
vt 0.04113 0.33364
vt 0.09924 0.54043
vt 0.09924 0.39176
f 1/1 2/2 3/3
f 1/4 3/5 4/6
f 5/7 6/8 7/9
f 5/10 7/11 8/12
f 6/13 9/14 1/15
f 6/16 1/17 7/18
f 9/19 10/20 2/21
f 9/22 2/23 1/24
f 10/25 5/26 8/27
f 10/28 8/29 2/30
f 4/31 3/32 11/33
f 4/34 11/35 12/36
f 2/37 8/38 13/39
f 2/40 13/41 3/42
f 8/43 7/44 14/45
f 8/46 14/47 13/48
f 7/49 1/50 4/51
f 7/52 4/53 14/54
f 15/55 16/56 17/57
f 15/58 17/59 18/60
f 3/61 13/62 15/63
f 3/64 15/65 11/66
f 13/67 14/68 16/69
f 13/70 16/71 15/72
f 14/73 4/74 12/75
f 14/76 12/77 16/78
f 19/79 20/80 21/81
f 19/82 21/83 22/84
f 16/85 12/86 19/87
f 16/88 19/89 17/90
f 12/91 11/92 20/93
f 12/94 20/95 19/96
f 11/97 15/98 18/99
f 11/100 18/101 20/102
f 21/103 23/104 24/105
f 21/106 24/107 25/108
f 20/109 18/110 23/111
f 20/112 23/113 21/114
f 18/115 17/116 26/117
f 18/118 26/119 23/120
f 17/121 19/122 22/123
f 17/124 22/125 26/126
f 24/127 27/128 28/129
f 24/130 28/131 29/132
f 23/133 26/134 27/135
f 23/136 27/137 24/138
f 26/139 22/140 30/141
f 26/142 30/143 27/144
f 22/145 21/146 25/147
f 22/148 25/149 30/150
f 31/151 32/152 33/153
f 31/154 33/155 34/156
f 27/157 30/158 31/159
f 27/160 31/161 28/162
f 30/163 25/164 32/165
f 30/166 32/167 31/168
f 25/169 24/170 29/171
f 25/172 29/173 32/174
f 35/175 36/176 37/177
f 35/178 37/179 38/180
f 32/181 29/182 35/183
f 32/184 35/185 33/186
f 29/187 28/188 36/189
f 29/190 36/191 35/192
f 28/193 31/194 34/195
f 28/196 34/197 36/198
f 37/199 39/200 40/201
f 37/202 40/203 41/204
f 36/205 34/206 39/207
f 36/208 39/209 37/210
f 34/211 33/212 42/213
f 34/214 42/215 39/216
f 33/217 35/218 38/219
f 33/220 38/221 42/222
f 40/223 43/224 44/225
f 40/226 44/227 45/228
f 39/229 42/230 43/231
f 39/232 43/233 40/234
f 42/235 38/236 46/237
f 42/238 46/239 43/240
f 38/241 37/242 41/243
f 38/244 41/245 46/246
f 47/247 48/248 49/249
f 47/250 49/251 50/252
f 43/253 46/254 47/255
f 43/256 47/257 44/258
f 46/259 41/260 48/261
f 46/262 48/263 47/264
f 41/265 40/266 45/267
f 41/268 45/269 48/270
f 48/271 45/272 51/273
f 48/274 51/275 49/276
f 45/277 44/278 52/279
f 45/280 52/281 51/282
f 44/283 47/284 50/285
f 44/286 50/287 52/288
f 53/289 54/290 55/291
f 53/292 55/293 56/294
f 55/295 57/296 58/297
f 55/298 58/299 56/300
f 59/301 58/302 57/303
f 59/304 57/305 60/306
f 61/307 62/308 56/309
f 61/310 56/311 58/312
f 61/313 58/314 63/315
f 60/316 57/317 64/318
f 60/319 64/320 65/321
f 66/322 67/323 64/324
f 66/325 64/326 57/327
f 66/328 57/329 55/330
f 68/331 69/332 70/333
f 68/334 70/335 71/336
f 72/337 73/338 74/339
f 72/340 74/341 75/342
f 55/343 54/344 76/345
f 55/346 76/347 66/348
f 58/349 59/350 77/351
f 58/352 77/353 63/354
f 54/355 53/356 78/357
f 54/358 78/359 76/360
f 53/361 56/362 62/363
f 53/364 62/365 78/366
f 79/367 80/368 81/369
f 79/370 81/371 82/372
f 76/373 78/374 83/375
f 76/376 83/377 84/378
f 78/379 62/380 85/381
f 78/382 85/383 83/384
f 66/385 76/386 84/387
f 66/388 84/389 86/390
f 85/391 61/392 87/393
f 85/394 87/395 79/396
f 67/397 66/398 86/399
f 86/400 85/401 79/402
f 86/403 79/404 88/405
f 71/406 70/407 89/408
f 71/409 89/410 90/411
f 84/412 83/413 91/414
f 84/415 91/416 92/417
f 62/418 61/419 85/420
f 88/421 93/422 94/423
f 95/424 96/425 97/426
f 95/427 97/428 98/429
f 95/430 98/431 99/432
f 95/433 99/434 100/435
f 90/436 89/437 95/438
f 90/439 95/440 100/441
f 86/442 84/443 92/444
f 86/445 92/446 101/447
f 93/448 88/449 102/450
f 93/451 102/452 103/453
f 88/454 79/455 82/456
f 88/457 82/458 102/459
f 85/460 86/461 101/462
f 85/463 101/464 104/465
f 83/466 85/467 104/468
f 83/469 104/470 91/471
f 91/472 104/473 105/474
f 101/475 92/476 106/477
f 106/478 105/479 98/480
f 106/481 98/482 97/483
f 82/484 81/485 99/486
f 82/487 99/488 98/489
f 105/490 104/491 82/492
f 105/493 82/494 98/495
f 104/496 101/497 102/498
f 104/499 102/500 82/501
f 101/502 106/503 97/504
f 101/505 97/506 102/507
f 103/508 102/509 97/510
f 103/511 97/512 96/513
f 75/514 74/515 107/516
f 75/517 107/518 108/519
f 86/520 88/521 94/522
f 86/523 94/524 67/525
f 69/526 68/527 108/528
f 69/529 108/530 107/531
f 87/532 80/533 79/534
f 64/535 67/536 107/537
f 64/538 107/539 74/540
f 63/541 77/542 72/543
f 63/544 72/545 75/546
f 65/547 64/548 74/549
f 65/550 74/551 73/552
f 67/553 94/554 69/555
f 67/556 69/557 107/558
f 87/559 61/560 108/561
f 87/562 108/563 68/564
f 61/565 63/566 75/567
f 61/568 75/569 108/570
f 68/571 71/572 80/573
f 68/574 80/575 87/576
f 94/577 93/578 70/579
f 94/580 70/581 69/582
f 89/583 70/584 93/585
f 89/586 93/587 103/588
f 71/589 90/590 81/591
f 71/592 81/593 80/594
f 95/595 89/596 103/597
f 95/598 103/599 96/600
f 90/601 100/602 99/603
f 90/604 99/605 81/606
f 59/607 60/608 65/609
f 59/610 65/611 73/612
f 59/613 73/614 72/615
f 59/616 72/617 77/618
f 105/619 106/620 92/621
f 105/622 92/623 91/624
f 109/625 110/626 111/627
f 109/628 111/629 112/630
f 113/631 114/632 115/633
f 113/634 115/635 116/636
f 117/637 113/638 116/639
f 117/640 116/641 118/642
f 110/643 119/644 120/645
f 110/646 120/647 111/648
f 121/649 122/650 123/651
f 121/652 123/653 124/654
f 120/655 124/656 123/657
f 120/658 123/659 111/660
f 111/661 123/662 118/663
f 111/664 118/665 112/666
f 125/667 126/668 127/669
f 125/670 127/671 128/672
f 125/673 128/674 120/675
f 125/676 120/677 119/678
f 115/679 114/680 109/681
f 115/682 109/683 112/684
f 126/685 121/686 124/687
f 126/688 124/689 127/690
f 122/691 117/692 118/693
f 122/694 118/695 123/696
f 112/697 118/698 116/699
f 112/700 116/701 115/702
f 124/703 120/704 128/705
f 124/706 128/707 127/708
f 129/709 130/710 131/711
f 129/712 131/713 132/714
f 133/715 134/716 135/717
f 133/718 135/719 136/720
f 137/721 130/722 129/723
f 137/724 129/725 138/726
f 139/727 140/728 141/729
f 139/730 141/731 142/732
f 130/733 137/734 139/735
f 130/736 139/737 142/738
f 130/739 142/740 131/741
f 143/742 133/743 136/744
f 143/745 136/746 144/747
f 137/748 143/749 144/750
f 137/751 144/752 139/753
f 134/754 145/755 146/756
f 134/757 146/758 135/759
f 145/760 138/761 140/762
f 145/763 140/764 146/765
f 133/766 143/767 145/768
f 133/769 145/770 134/771
f 143/772 137/773 138/774
f 143/775 138/776 145/777
f 136/778 135/779 146/780
f 136/781 146/782 144/783
f 144/784 146/785 140/786
f 144/787 140/788 139/789
f 132/790 131/791 142/792
f 132/793 142/794 141/795
f 138/796 129/797 132/798
f 138/799 132/800 141/801
f 138/802 141/803 140/804
f 147/805 148/806 149/807
f 147/808 149/809 150/810
f 151/811 152/812 148/813
f 151/814 148/815 147/816
f 153/817 154/818 155/819
f 153/820 155/821 156/822
f 157/823 153/824 156/825
f 157/826 156/827 158/828
f 152/829 159/830 160/831
f 152/832 160/833 148/834
f 159/835 157/836 158/837
f 159/838 158/839 160/840
f 154/841 151/842 147/843
f 154/844 147/845 155/846
f 156/847 155/848 147/849
f 156/850 147/851 158/852
f 161/853 162/854 163/855
f 161/856 163/857 164/858
f 160/859 158/860 162/861
f 160/862 162/863 161/864
f 158/865 147/866 150/867
f 158/868 150/869 162/870
f 148/871 160/872 161/873
f 148/874 161/875 149/876
f 164/877 163/878 165/879
f 164/880 165/881 166/882
f 149/883 161/884 164/885
f 149/886 164/887 167/888
f 162/889 150/890 168/891
f 162/892 168/893 163/894
f 150/895 149/896 167/897
f 150/898 167/899 168/900
f 165/901 169/902 170/903
f 165/904 170/905 171/906
f 167/907 164/908 166/909
f 167/910 166/911 172/912
f 163/913 168/914 169/915
f 163/916 169/917 165/918
f 168/919 167/920 172/921
f 168/922 172/923 169/924
f 171/925 170/926 173/927
f 171/928 173/929 174/930
f 169/931 172/932 173/933
f 169/934 173/935 170/936
f 166/937 165/938 171/939
f 166/940 171/941 174/942
f 172/943 166/944 174/945
f 172/946 174/947 173/948
f 175/949 176/950 177/951
f 175/952 177/953 178/954
f 179/955 180/956 181/957
f 179/958 181/959 182/960
f 180/961 183/962 184/963
f 180/964 184/965 181/966
f 180/967 185/968 186/969
f 180/970 186/971 183/972
f 182/973 187/974 188/975
f 182/976 188/977 189/978
f 189/979 188/980 190/981
f 189/982 190/983 191/984
f 178/985 192/986 193/987
f 178/988 193/989 184/990
f 175/991 194/992 195/993
f 175/994 195/995 176/996
f 179/997 196/998 185/999
f 179/1000 185/1001 180/1002
f 176/1003 195/1004 197/1005
f 176/1006 197/1007 177/1008
f 184/1009 193/1010 198/1011
f 184/1012 198/1013 181/1014
f 183/1015 186/1016 194/1017
f 183/1018 194/1019 175/1020
f 177/1021 197/1022 192/1023
f 177/1024 192/1025 178/1026
f 183/1027 175/1028 178/1029
f 183/1030 178/1031 184/1032
f 191/1033 190/1034 196/1035
f 191/1036 196/1037 179/1038
f 181/1039 198/1040 187/1041
f 181/1042 187/1043 182/1044
f 191/1045 179/1046 182/1047
f 191/1048 182/1049 189/1050
f 199/1051 200/1052 201/1053
f 199/1054 201/1055 202/1056
f 202/1057 201/1058 203/1059
f 202/1060 203/1061 204/1062
f 204/1063 203/1064 205/1065
f 204/1066 205/1067 206/1068
f 206/1069 205/1070 207/1071
f 206/1072 207/1073 208/1074
f 208/1075 207/1076 209/1077
f 208/1078 209/1079 210/1080
f 210/1081 209/1082 211/1083
f 210/1084 211/1085 212/1086
f 213/1087 211/1088 214/1089
f 213/1090 214/1091 215/1092
f 212/1093 211/1094 213/1095
f 212/1096 213/1097 216/1098
f 216/1099 213/1100 200/1101
f 216/1102 200/1103 199/1104
f 199/1105 202/1106 204/1107
f 199/1108 204/1109 206/1110
f 199/1111 206/1112 208/1113
f 199/1114 208/1115 210/1116
f 199/1117 210/1118 212/1119
f 199/1120 212/1121 216/1122
f 217/1123 215/1124 218/1125
f 217/1126 218/1127 219/1128
f 203/1129 201/1130 220/1131
f 203/1132 220/1133 221/1134
f 209/1135 207/1136 222/1137
f 209/1138 222/1139 223/1140
f 200/1141 213/1142 215/1143
f 200/1144 215/1145 217/1146
f 201/1147 200/1148 217/1149
f 201/1150 217/1151 220/1152
f 205/1153 203/1154 221/1155
f 205/1156 221/1157 224/1158
f 211/1159 209/1160 223/1161
f 211/1162 223/1163 214/1164
f 207/1165 205/1166 224/1167
f 207/1168 224/1169 222/1170
f 225/1171 226/1172 227/1173
f 225/1174 227/1175 228/1176
f 214/1177 223/1178 229/1179
f 214/1180 229/1181 230/1182
f 222/1183 224/1184 225/1185
f 222/1186 225/1187 231/1188
f 221/1189 220/1190 232/1191
f 221/1192 232/1193 226/1194
f 215/1195 214/1196 230/1197
f 215/1198 230/1199 218/1200
f 223/1201 222/1202 231/1203
f 223/1204 231/1205 229/1206
f 224/1207 221/1208 226/1209
f 224/1210 226/1211 225/1212
f 220/1213 217/1214 219/1215
f 220/1216 219/1217 232/1218
f 233/1219 234/1220 235/1221
f 233/1222 235/1223 236/1224
f 232/1225 219/1226 237/1227
f 232/1228 237/1229 238/1230
f 219/1231 218/1232 233/1233
f 219/1234 233/1235 237/1236
f 230/1237 229/1238 239/1239
f 230/1240 239/1241 234/1242
f 231/1243 225/1244 228/1245
f 231/1246 228/1247 240/1248
f 226/1249 232/1250 238/1251
f 226/1252 238/1253 227/1254
f 218/1255 230/1256 234/1257
f 218/1258 234/1259 233/1260
f 229/1261 231/1262 240/1263
f 229/1264 240/1265 239/1266
f 241/1267 242/1268 236/1269
f 241/1270 236/1271 235/1272
f 241/1273 235/1274 243/1275
f 241/1276 243/1277 244/1278
f 241/1279 244/1280 245/1281
f 241/1282 245/1283 246/1284
f 239/1285 240/1286 244/1287
f 239/1288 244/1289 243/1290
f 228/1291 227/1292 246/1293
f 228/1294 246/1295 245/1296
f 238/1297 237/1298 242/1299
f 238/1300 242/1301 241/1302
f 237/1303 233/1304 236/1305
f 237/1306 236/1307 242/1308
f 234/1309 239/1310 243/1311
f 234/1312 243/1313 235/1314
f 240/1315 228/1316 245/1317
f 240/1318 245/1319 244/1320
f 227/1321 238/1322 241/1323
f 227/1324 241/1325 246/1326
f 247/1327 248/1328 249/1329
f 247/1330 249/1331 250/1332
f 250/1333 249/1334 251/1335
f 250/1336 251/1337 252/1338
f 252/1339 251/1340 253/1341
f 252/1342 253/1343 254/1344
f 254/1345 253/1346 255/1347
f 254/1348 255/1349 256/1350
f 256/1351 255/1352 257/1353
f 256/1354 257/1355 258/1356
f 258/1357 257/1358 259/1359
f 258/1360 259/1361 260/1362
f 260/1363 259/1364 261/1365
f 260/1366 261/1367 262/1368
f 262/1369 261/1370 248/1371
f 262/1372 248/1373 247/1374
f 249/1375 248/1376 261/1377
f 249/1378 261/1379 259/1380
f 249/1381 259/1382 257/1383
f 249/1384 257/1385 255/1386
f 249/1387 255/1388 253/1389
f 249/1390 253/1391 251/1392
o Grip
g Grip
usemtl Bubblegum
v 0.11050 -0.88465 1.70000
v 0.11050 -0.42569 1.63185
v -0.11043 -0.42569 1.63185
v -0.11043 -0.88465 1.70000
v -0.11043 -0.11171 1.44454
v 0.11050 -0.11171 1.44454
v 0.09640 0.32660 1.04046
v -0.09632 0.32660 1.04046
v 0.11050 -0.62698 1.04645
v -0.11043 -0.62698 1.04645
v -0.11043 -0.38298 1.02162
v 0.11050 -0.38298 1.02162
v 0.18101 -0.43194 1.57543
v 0.18101 -0.62153 1.10190
v 0.18101 -0.36007 1.07246
v 0.18101 -0.13513 1.39554
v -0.11043 -0.94433 0.98849
v 0.11050 -0.94433 0.98849
v 0.17965 -0.13530 0.91809
v 0.15790 0.28184 1.00456
v 0.18101 -1.00127 1.11536
v 0.18101 -0.92471 1.04517
v 0.18101 -0.86774 1.64083
v 0.18101 -0.94123 1.57555
v -0.18094 -0.62153 1.10190
v -0.18094 -0.43194 1.57543
v -0.18094 -0.13513 1.39554
v -0.18094 -0.36007 1.07246
v -0.18094 -0.94123 1.57555
v -0.18094 -0.86774 1.64083
v -0.18094 -0.92471 1.04517
v -0.18094 -1.00127 1.11536
v 0.11050 -0.20184 0.90894
v -0.11043 -0.20184 0.90894
v -0.09632 -0.07594 0.58271
v 0.09640 -0.07594 0.58271
v -0.15782 0.28184 1.00456
v -0.18049 -0.13530 0.91809
v 0.09640 0.31992 0.85390
v -0.09632 0.31992 0.85390
v -0.15782 0.27647 0.89002
v -0.15782 0.01304 0.65744
v -0.15782 -0.01656 0.64479
v -0.09632 0.03869 0.60561
v 0.09640 0.03869 0.60561
v -0.11043 -0.99634 1.60078
v 0.11050 -0.99634 1.60078
v 0.15790 -0.01907 0.64731
v 0.15790 0.01304 0.65744
v 0.15790 0.27647 0.89002
v -0.11043 -1.05639 1.09124
v 0.11050 -1.05639 1.09124
vt 0.09208 -0.73721
vt 0.09208 -0.35474
vt -0.09203 -0.35474
vt 0.09208 -0.73721
vt -0.09203 -0.35474
vt -0.09203 -0.73721
vt -0.09203 -0.09309
vt 0.09208 -0.09309
vt 0.08033 0.27217
vt -0.09203 -0.09309
vt 0.08033 0.27217
vt -0.08027 0.27217
vt 0.09208 -0.52248
vt -0.09203 -0.52248
vt -0.09203 -0.31915
vt 0.09208 -0.52248
vt -0.09203 -0.31915
vt 0.09208 -0.31915
vt 1.31286 -0.35995
vt 0.91825 -0.51794
vt 0.89372 -0.30006
vt 1.31286 -0.35995
vt 0.89372 -0.30006
vt 1.16295 -0.11261
vt -0.09203 -0.78694
vt -0.09203 -0.52248
vt 0.09208 -0.52248
vt -0.09203 -0.78694
vt 0.09208 -0.52248
vt 0.09208 -0.78694
vt 1.16295 -0.11261
vt 0.89372 -0.30006
vt 0.76507 -0.11275
vt 1.16295 -0.11261
vt 0.76507 -0.11275
vt 0.83713 0.23487
vt 0.92947 -0.83439
vt 0.87097 -0.77059
vt 1.36736 -0.72312
vt 0.92947 -0.83439
vt 1.36736 -0.72312
vt 1.31296 -0.78436
vt 0.91825 -0.51794
vt 1.31286 -0.35995
vt 1.16295 -0.11261
vt 0.91825 -0.51794
vt 1.16295 -0.11261
vt 0.89372 -0.30006
vt 1.31296 -0.78436
vt 1.36736 -0.72312
vt 0.87097 -0.77059
vt 1.31296 -0.78436
vt 0.87097 -0.77059
vt 0.92947 -0.83439
vt 0.09208 0.75745
vt -0.09203 0.75745
vt -0.08027 0.48559
vt 0.09208 0.75745
vt -0.08027 0.48559
vt 0.08033 0.48559
vt 0.89372 -0.30006
vt 1.16295 -0.11261
vt 0.83713 0.23487
vt 0.89372 -0.30006
vt 0.83713 0.23487
vt 0.76507 -0.11275
vt 0.09208 -0.31915
vt -0.09203 -0.31915
vt -0.09203 -0.16820
vt 0.09208 -0.31915
vt -0.09203 -0.16820
vt 0.09208 -0.16820
vt -0.08027 0.86705
vt 0.08033 0.86705
vt 0.08033 0.71158
vt -0.08027 0.86705
vt 0.08033 0.71158
vt -0.08027 0.71158
vt 0.76507 -0.11275
vt 0.83713 0.23487
vt 0.74168 0.23039
vt 0.76507 -0.11275
vt 0.74168 0.23039
vt 0.54787 0.01087
vt 0.76507 -0.11275
vt 0.54787 0.01087
vt 0.53733 -0.01380
vt -0.08027 -0.06328
vt -0.08027 0.03224
vt 0.08033 0.03224
vt -0.08027 -0.06328
vt 0.08033 0.03224
vt 0.08033 -0.06328
vt 0.08033 0.03224
vt -0.08027 0.03224
vt -0.08027 0.26660
vt 0.08033 0.03224
vt -0.08027 0.26660
vt 0.08033 0.26660
vt -0.09203 -0.83028
vt 0.09208 -0.83028
vt 0.09208 -0.73721
vt -0.09203 -0.83028
vt 0.09208 -0.73721
vt -0.09203 -0.73721
vt 0.83713 0.23487
vt 0.76507 -0.11275
vt 0.53943 -0.01589
vt 0.83713 0.23487
vt 0.53943 -0.01589
vt 0.54787 0.01087
vt 0.83713 0.23487
vt 0.54787 0.01087
vt 0.74168 0.23039
vt -0.09203 1.33398
vt -0.09203 0.90937
vt 0.09208 0.90937
vt -0.09203 1.33398
vt 0.09208 0.90937
vt 0.09208 1.33398
vt 0.09208 -0.88033
vt -0.09203 -0.88033
vt -0.09203 -0.78694
vt 0.09208 -0.88033
vt -0.09203 -0.78694
vt 0.09208 -0.78694
vt -0.15078 -0.51794
vt -0.15078 -0.30006
vt -0.09203 -0.31915
vt -0.15078 -0.51794
vt -0.09203 -0.31915
vt -0.09203 -0.52248
vt 0.15084 -0.30006
vt 0.15084 -0.51794
vt 0.09208 -0.52248
vt 0.15084 -0.30006
vt 0.09208 -0.52248
vt 0.09208 -0.31915
vt 0.15084 -0.35995
vt 0.15084 -0.11261
vt 0.09208 -0.09309
vt 0.15084 -0.35995
vt 0.09208 -0.09309
vt 0.09208 -0.35474
vt -0.15078 -0.11261
vt -0.15078 -0.35995
vt -0.09203 -0.35474
vt -0.15078 -0.11261
vt -0.09203 -0.35474
vt -0.09203 -0.09309
vt 1.16295 -0.11261
vt 0.83713 0.23487
vt 0.86705 0.27217
vt 1.16295 -0.11261
vt 0.86705 0.27217
vt 1.20378 -0.09309
vt 0.83713 0.23487
vt 1.16295 -0.11261
vt 1.20378 -0.09309
vt 0.83713 0.23487
vt 1.20378 -0.09309
vt 0.86705 0.27217
vt 0.09208 -0.31915
vt 0.09208 -0.16820
vt 0.14971 -0.11275
vt 0.09208 -0.31915
vt 0.14971 -0.11275
vt 0.15084 -0.30006
vt -0.09203 -0.16820
vt -0.09203 -0.31915
vt -0.15078 -0.30006
vt -0.09203 -0.16820
vt -0.15078 -0.30006
vt -0.15041 -0.11275
vt 0.75745 -0.16820
vt 0.48559 -0.06328
vt 0.53943 -0.01589
vt 0.75745 -0.16820
vt 0.53943 -0.01589
vt 0.76507 -0.11275
vt 0.48559 -0.06328
vt 0.75745 -0.16820
vt 0.76507 -0.11275
vt 0.48559 -0.06328
vt 0.76507 -0.11275
vt 0.53733 -0.01380
vt 0.74168 0.23039
vt 0.54787 0.01087
vt 0.50467 0.03224
vt 0.74168 0.23039
vt 0.50467 0.03224
vt 0.71158 0.26660
vt 0.54787 0.01087
vt 0.74168 0.23039
vt 0.71158 0.26660
vt 0.54787 0.01087
vt 0.71158 0.26660
vt 0.50467 0.03224
vt -0.13152 0.74168
vt -0.13152 0.83713
vt -0.08027 0.86705
vt -0.13152 0.74168
vt -0.08027 0.86705
vt -0.08027 0.71158
vt 0.13158 0.83713
vt 0.13158 0.74168
vt 0.08033 0.71158
vt 0.13158 0.83713
vt 0.08033 0.71158
vt 0.08033 0.86705
vt 0.53733 -0.01380
vt 0.54787 0.01087
vt 0.50467 0.03224
vt -0.13152 -0.01380
vt -0.08027 0.03224
vt -0.08027 -0.06328
vt 0.13158 0.01087
vt 0.13158 -0.01589
vt 0.08033 -0.06328
vt 0.13158 0.01087
vt 0.08033 -0.06328
vt 0.08033 0.03224
vt 1.36736 -0.72312
vt 1.31296 -0.78436
vt 1.33398 -0.83028
vt 1.36736 -0.72312
vt 1.33398 -0.83028
vt 1.41667 -0.73721
vt 1.31296 -0.78436
vt 1.36736 -0.72312
vt 1.41667 -0.73721
vt 1.31296 -0.78436
vt 1.41667 -0.73721
vt 1.33398 -0.83028
vt 0.87097 -0.77059
vt 0.92947 -0.83439
vt 0.90937 -0.88033
vt 0.87097 -0.77059
vt 0.90937 -0.88033
vt 0.82374 -0.78694
vt 0.92947 -0.83439
vt 0.87097 -0.77059
vt 0.82374 -0.78694
vt 0.92947 -0.83439
vt 0.82374 -0.78694
vt 0.90937 -0.88033
vt -0.15078 1.31296
vt -0.15078 0.92947
vt -0.09203 0.90937
vt -0.15078 1.31296
vt -0.09203 0.90937
vt -0.09203 1.33398
vt 0.15084 0.92947
vt 0.15084 1.31296
vt 0.09208 1.33398
vt 0.15084 0.92947
vt 0.09208 1.33398
vt 0.09208 0.90937
vt 0.15084 -0.72312
vt 0.15084 -0.35995
vt 0.09208 -0.35474
vt 0.15084 -0.72312
vt 0.09208 -0.35474
vt 0.09208 -0.73721
vt -0.15078 -0.35995
vt -0.15078 -0.72312
vt -0.09203 -0.73721
vt -0.15078 -0.35995
vt -0.09203 -0.73721
vt -0.09203 -0.35474
vt 0.09208 -0.78694
vt 0.09208 -0.52248
vt 0.15084 -0.51794
vt 0.09208 -0.78694
vt 0.15084 -0.51794
vt 0.15084 -0.77059
vt -0.09203 -0.52248
vt -0.09203 -0.78694
vt -0.15078 -0.77059
vt -0.09203 -0.52248
vt -0.15078 -0.77059
vt -0.15078 -0.51794
vt -0.09203 -0.35474
vt 0.09208 -0.35474
vt 0.09208 -0.09309
vt -0.09203 -0.35474
vt 0.09208 -0.09309
vt -0.09203 -0.09309
vt 1.36736 -0.72312
vt 0.87097 -0.77059
vt 0.91825 -0.51794
vt 1.36736 -0.72312
vt 0.91825 -0.51794
vt 1.31286 -0.35995
vt 0.87097 -0.77059
vt 1.36736 -0.72312
vt 1.31286 -0.35995
vt 0.87097 -0.77059
vt 1.31286 -0.35995
vt 0.91825 -0.51794
f 263/1393 264/1394 265/1395
f 263/1396 265/1397 266/1398
f 267/1399 268/1400 269/1401
f 267/1402 269/1403 270/1404
f 271/1405 272/1406 273/1407
f 271/1408 273/1409 274/1410
f 275/1411 276/1412 277/1413
f 275/1414 277/1415 278/1416
f 279/1417 272/1418 271/1419
f 279/1420 271/1421 280/1422
f 278/1423 277/1424 281/1425
f 278/1426 281/1427 282/1428
f 283/1429 284/1430 285/1431
f 283/1432 285/1433 286/1434
f 287/1435 288/1436 289/1437
f 287/1438 289/1439 290/1440
f 291/1441 292/1442 293/1443
f 291/1444 293/1445 294/1446
f 295/1447 296/1448 297/1449
f 295/1450 297/1451 298/1452
f 290/1453 289/1454 299/1455
f 290/1456 299/1457 300/1458
f 274/1459 273/1460 296/1461
f 274/1462 296/1463 295/1464
f 270/1465 269/1466 301/1467
f 270/1468 301/1469 302/1470
f 300/1471 299/1472 303/1473
f 300/1474 303/1475 304/1476
f 300/1477 304/1478 305/1479
f 297/1480 306/1481 307/1482
f 297/1483 307/1484 298/1485
f 307/1486 306/1487 302/1488
f 307/1489 302/1490 301/1491
f 308/1492 309/1493 263/1494
f 308/1495 263/1496 266/1497
f 282/1498 281/1499 310/1500
f 282/1501 310/1502 311/1503
f 282/1504 311/1505 312/1506
f 308/1507 313/1508 314/1509
f 308/1510 314/1511 309/1512
f 314/1513 313/1514 279/1515
f 314/1516 279/1517 280/1518
f 287/1519 290/1520 273/1521
f 287/1522 273/1523 272/1524
f 277/1525 276/1526 271/1527
f 277/1528 271/1529 274/1530
f 275/1531 278/1532 268/1533
f 275/1534 268/1535 264/1536
f 289/1537 288/1538 265/1539
f 289/1540 265/1541 267/1542
f 278/1543 282/1544 269/1545
f 278/1546 269/1547 268/1548
f 299/1549 289/1550 267/1551
f 299/1552 267/1553 270/1554
f 274/1555 295/1556 281/1557
f 274/1558 281/1559 277/1560
f 296/1561 273/1562 290/1563
f 296/1564 290/1565 300/1566
f 295/1567 298/1568 310/1569
f 295/1570 310/1571 281/1572
f 297/1573 296/1574 300/1575
f 297/1576 300/1577 305/1578
f 312/1579 311/1580 307/1581
f 312/1582 307/1583 301/1584
f 304/1585 303/1586 302/1587
f 304/1588 302/1589 306/1590
f 303/1591 299/1592 270/1593
f 303/1594 270/1595 302/1596
f 282/1597 312/1598 301/1599
f 282/1600 301/1601 269/1602
f 305/1603 304/1604 306/1605
f 305/1606 306/1607 297/1608
f 311/1609 310/1610 298/1611
f 311/1612 298/1613 307/1614
f 292/1615 291/1616 308/1617
f 292/1618 308/1619 266/1620
f 286/1621 285/1622 263/1623
f 286/1624 263/1625 309/1626
f 284/1627 283/1628 314/1629
f 284/1630 314/1631 280/1632
f 294/1633 293/1634 279/1635
f 294/1636 279/1637 313/1638
f 291/1639 294/1640 313/1641
f 291/1642 313/1643 308/1644
f 283/1645 286/1646 309/1647
f 283/1648 309/1649 314/1650
f 285/1651 275/1652 264/1653
f 285/1654 264/1655 263/1656
f 288/1657 292/1658 266/1659
f 288/1660 266/1661 265/1662
f 280/1663 271/1664 276/1665
f 280/1666 276/1667 284/1668
f 272/1669 279/1670 293/1671
f 272/1672 293/1673 287/1674
f 265/1675 264/1676 268/1677
f 265/1678 268/1679 267/1680
f 285/1681 284/1682 276/1683
f 285/1684 276/1685 275/1686
f 293/1687 292/1688 288/1689
f 293/1690 288/1691 287/1692
o Hardware
g Hardware
usemtl PlumDark
v 0.00000 0.44342 -0.39071
v 0.06000 0.44342 -0.39071
v 0.06000 0.44342 0.30515
v 0.00000 0.44342 0.30515
v 0.04854 0.47869 -0.39071
v 0.04854 0.47869 0.30515
v 0.01854 0.50048 -0.39071
v 0.01854 0.50048 0.30515
v -0.01854 0.50048 -0.39071
v -0.01854 0.50048 0.30515
v -0.04854 0.47869 -0.39071
v -0.04854 0.47869 0.30515
v -0.06000 0.44342 -0.39071
v -0.06000 0.44342 0.30515
v -0.04854 0.40815 -0.39071
v -0.04854 0.40815 0.30515
v -0.01854 0.38636 -0.39071
v -0.01854 0.38636 0.30515
v 0.01854 0.38636 -0.39071
v 0.01854 0.38636 0.30515
v 0.04854 0.40815 -0.39071
v 0.04854 0.40815 0.30515
vt 0.05000 0.36952
vt 0.00000 0.36952
vt 0.04045 0.39891
vt -0.32559 0.36952
vt -0.32559 0.39891
vt 0.25429 0.36952
vt 0.25429 0.36952
vt -0.32559 0.39891
vt 0.25429 0.39891
vt 0.05000 0.36952
vt 0.04045 0.39891
vt 0.00000 0.36952
vt 0.04045 0.39891
vt 0.00000 0.36952
vt 0.01545 0.41707
vt 0.04045 -0.32559
vt 0.01545 -0.32559
vt 0.04045 0.25429
vt 0.04045 0.25429
vt 0.01545 -0.32559
vt 0.01545 0.25429
vt 0.04045 0.39891
vt 0.01545 0.41707
vt 0.00000 0.36952
vt 0.01545 0.41707
vt 0.00000 0.36952
vt -0.01545 0.41707
vt 0.01545 -0.32559
vt -0.01545 -0.32559
vt 0.01545 0.25429
vt 0.01545 0.25429
vt -0.01545 -0.32559
vt -0.01545 0.25429
vt 0.01545 0.41707
vt -0.01545 0.41707
vt 0.00000 0.36952
vt -0.01545 0.41707
vt 0.00000 0.36952
vt -0.04045 0.39891
vt -0.01545 -0.32559
vt -0.04045 -0.32559
vt -0.01545 0.25429
vt -0.01545 0.25429
vt -0.04045 -0.32559
vt -0.04045 0.25429
vt -0.01545 0.41707
vt -0.04045 0.39891
vt 0.00000 0.36952
vt -0.04045 0.39891
vt 0.00000 0.36952
vt -0.05000 0.36952
vt -0.32559 0.39891
vt -0.32559 0.36952
vt 0.25429 0.39891
vt 0.25429 0.39891
vt -0.32559 0.36952
vt 0.25429 0.36952
vt -0.04045 0.39891
vt -0.05000 0.36952
vt 0.00000 0.36952
vt -0.05000 0.36952
vt 0.00000 0.36952
vt -0.04045 0.34013
vt -0.32559 0.36952
vt -0.32559 0.34013
vt 0.25429 0.36952
vt 0.25429 0.36952
vt -0.32559 0.34013
vt 0.25429 0.34013
vt -0.05000 0.36952
vt -0.04045 0.34013
vt 0.00000 0.36952
vt -0.04045 0.34013
vt 0.00000 0.36952
vt -0.01545 0.32196
vt -0.04045 -0.32559
vt -0.01545 -0.32559
vt -0.04045 0.25429
vt -0.04045 0.25429
vt -0.01545 -0.32559
vt -0.01545 0.25429
vt -0.04045 0.34013
vt -0.01545 0.32196
vt 0.00000 0.36952
vt -0.01545 0.32196
vt 0.00000 0.36952
vt 0.01545 0.32196
vt -0.01545 -0.32559
vt 0.01545 -0.32559
vt -0.01545 0.25429
vt -0.01545 0.25429
vt 0.01545 -0.32559
vt 0.01545 0.25429
vt -0.01545 0.32196
vt 0.01545 0.32196
vt 0.00000 0.36952
vt 0.01545 0.32196
vt 0.00000 0.36952
vt 0.04045 0.34013
vt 0.01545 -0.32559
vt 0.04045 -0.32559
vt 0.01545 0.25429
vt 0.01545 0.25429
vt 0.04045 -0.32559
vt 0.04045 0.25429
vt 0.01545 0.32196
vt 0.04045 0.34013
vt 0.00000 0.36952
vt 0.04045 0.34013
vt 0.00000 0.36952
vt 0.05000 0.36952
vt -0.32559 0.34013
vt -0.32559 0.36952
vt 0.25429 0.34013
vt 0.25429 0.34013
vt -0.32559 0.36952
vt 0.25429 0.36952
vt 0.04045 0.34013
vt 0.05000 0.36952
vt 0.00000 0.36952
f 316/1693 315/1694 319/1695
f 316/1696 319/1697 317/1698
f 317/1699 319/1700 320/1701
f 317/1702 320/1703 318/1704
f 319/1705 315/1706 321/1707
f 319/1708 321/1709 320/1710
f 320/1711 321/1712 322/1713
f 320/1714 322/1715 318/1716
f 321/1717 315/1718 323/1719
f 321/1720 323/1721 322/1722
f 322/1723 323/1724 324/1725
f 322/1726 324/1727 318/1728
f 323/1729 315/1730 325/1731
f 323/1732 325/1733 324/1734
f 324/1735 325/1736 326/1737
f 324/1738 326/1739 318/1740
f 325/1741 315/1742 327/1743
f 325/1744 327/1745 326/1746
f 326/1747 327/1748 328/1749
f 326/1750 328/1751 318/1752
f 327/1753 315/1754 329/1755
f 327/1756 329/1757 328/1758
f 328/1759 329/1760 330/1761
f 328/1762 330/1763 318/1764
f 329/1765 315/1766 331/1767
f 329/1768 331/1769 330/1770
f 330/1771 331/1772 332/1773
f 330/1774 332/1775 318/1776
f 331/1777 315/1778 333/1779
f 331/1780 333/1781 332/1782
f 332/1783 333/1784 334/1785
f 332/1786 334/1787 318/1788
f 333/1789 315/1790 335/1791
f 333/1792 335/1793 334/1794
f 334/1795 335/1796 336/1797
f 334/1798 336/1799 318/1800
f 335/1801 315/1802 316/1803
f 335/1804 316/1805 336/1806
f 336/1807 316/1808 317/1809
f 336/1810 317/1811 318/1812
o Accent
g Accent
usemtl HotPink
v 0.03820 0.59954 0.77025
v 0.03820 0.79814 0.65566
v 0.03820 0.75641 0.75326
v 0.03820 0.68227 0.82709
v 0.03820 0.47521 0.69482
v 0.03820 0.74469 0.59478
v -0.03812 0.47521 0.69482
v -0.03812 0.59954 0.77025
v -0.03812 0.74469 0.59478
v -0.03812 0.79814 0.65566
v -0.03812 0.68227 0.82709
v 0.03820 0.71804 0.86969
v -0.03812 0.71804 0.86969
v -0.03812 0.75641 0.75326
v -0.03812 0.78817 0.84363
v -0.03812 0.71530 1.01007
v -0.03812 0.77391 0.98670
v 0.03820 0.78817 0.84363
v 0.03820 0.77391 0.98670
v 0.03820 0.71530 1.01007
vt 0.64187 0.49962
vt 0.54638 0.66512
vt 0.62772 0.63034
vt 0.64187 0.49962
vt 0.62772 0.63034
vt 0.68924 0.56856
vt 0.57902 0.39601
vt 0.49565 0.62057
vt 0.54638 0.66512
vt 0.57902 0.39601
vt 0.54638 0.66512
vt 0.64187 0.49962
vt -0.03177 0.39601
vt 0.03183 0.39601
vt 0.03183 0.49962
vt -0.03177 0.39601
vt 0.03183 0.49962
vt -0.03177 0.49962
vt 0.03183 0.49565
vt -0.03177 0.49565
vt -0.03177 0.54638
vt 0.03183 0.49565
vt -0.03177 0.54638
vt 0.03183 0.54638
vt 0.49565 0.62057
vt 0.57902 0.39601
vt 0.64187 0.49962
vt 0.49565 0.62057
vt 0.64187 0.49962
vt 0.54638 0.66512
vt -0.03177 0.68924
vt 0.03183 0.68924
vt 0.03183 0.72474
vt -0.03177 0.68924
vt 0.03183 0.72474
vt -0.03177 0.72474
vt -0.03177 0.49962
vt 0.03183 0.49962
vt 0.03183 0.56856
vt -0.03177 0.49962
vt 0.03183 0.56856
vt -0.03177 0.56856
vt 0.03183 0.54638
vt -0.03177 0.54638
vt -0.03177 0.62772
vt 0.03183 0.54638
vt -0.03177 0.62772
vt 0.03183 0.62772
vt 0.54638 0.66512
vt 0.64187 0.49962
vt 0.68924 0.56856
vt 0.54638 0.66512
vt 0.68924 0.56856
vt 0.62772 0.63034
vt 0.70303 0.65681
vt 0.72474 0.59837
vt 0.84173 0.59608
vt 0.70303 0.65681
vt 0.84173 0.59608
vt 0.82225 0.64492
vt 0.03183 0.62772
vt -0.03177 0.62772
vt -0.03177 0.70303
vt 0.03183 0.62772
vt -0.03177 0.70303
vt 0.03183 0.70303
vt 0.62772 0.63034
vt 0.68924 0.56856
vt 0.72474 0.59837
vt 0.62772 0.63034
vt 0.72474 0.59837
vt 0.70303 0.65681
vt 0.68924 0.56856
vt 0.62772 0.63034
vt 0.70303 0.65681
vt 0.68924 0.56856
vt 0.70303 0.65681
vt 0.72474 0.59837
vt 0.03183 0.64492
vt -0.03177 0.64492
vt -0.03177 0.59608
vt 0.03183 0.64492
vt -0.03177 0.59608
vt 0.03183 0.59608
vt 0.72474 0.59837
vt 0.70303 0.65681
vt 0.82225 0.64492
vt 0.72474 0.59837
vt 0.82225 0.64492
vt 0.84173 0.59608
vt -0.03177 0.72474
vt 0.03183 0.72474
vt 0.03183 0.84173
vt -0.03177 0.72474
vt 0.03183 0.84173
vt -0.03177 0.84173
vt 0.03183 0.70303
vt -0.03177 0.70303
vt -0.03177 0.82225
vt 0.03183 0.70303
vt -0.03177 0.82225
vt 0.03183 0.82225
f 337/1813 338/1814 339/1815
f 337/1816 339/1817 340/1818
f 341/1819 342/1820 338/1821
f 341/1822 338/1823 337/1824
f 343/1825 341/1826 337/1827
f 343/1828 337/1829 344/1830
f 342/1831 345/1832 346/1833
f 342/1834 346/1835 338/1836
f 345/1837 343/1838 344/1839
f 345/1840 344/1841 346/1842
f 347/1843 340/1844 348/1845
f 347/1846 348/1847 349/1848
f 344/1849 337/1850 340/1851
f 344/1852 340/1853 347/1854
f 338/1855 346/1856 350/1857
f 338/1858 350/1859 339/1860
f 346/1861 344/1862 347/1863
f 346/1864 347/1865 350/1866
f 351/1867 349/1868 352/1869
f 351/1870 352/1871 353/1872
f 339/1873 350/1874 351/1875
f 339/1876 351/1877 354/1878
f 350/1879 347/1880 349/1881
f 350/1882 349/1883 351/1884
f 340/1885 339/1886 354/1887
f 340/1888 354/1889 348/1890
f 355/1891 353/1892 352/1893
f 355/1894 352/1895 356/1896
f 348/1897 354/1898 355/1899
f 348/1900 355/1901 356/1902
f 349/1903 348/1904 356/1905
f 349/1906 356/1907 352/1908
f 354/1909 351/1910 353/1911
f 354/1912 353/1913 355/1914
o Cylinder
g Cylinder
usemtl PlumDark
v -0.16081 0.16512 0.13571
v -0.16081 0.16512 -0.44071
v -0.06783 0.09030 -0.44071
v -0.06783 0.09030 0.13571
v 0.06791 0.09030 -0.44071
v 0.06791 0.09030 0.13571
v 0.16070 0.16502 -0.44071
v 0.16070 0.16502 0.13571
v -0.05494 0.11264 -0.44071
v 0.05501 0.11264 -0.44071
v -0.10991 0.20786 -0.44071
v -0.10991 0.20786 0.02196
v -0.05494 0.11264 0.02196
v -0.06807 0.32556 -0.44071
v 0.06807 0.32552 -0.44071
v 0.05501 0.30308 -0.44071
v -0.05494 0.30308 -0.44071
v 0.10999 0.20786 -0.44071
v -0.05494 0.30308 0.02196
v 0.10999 0.20786 0.02196
v 0.05501 0.30308 0.02196
v 0.05501 0.11264 0.02196
v 0.27182 0.20801 -0.44071
v 0.27182 0.20801 0.13571
v 0.33972 0.32555 -0.44071
v 0.33972 0.32555 0.13571
v 0.32143 0.44328 -0.44071
v 0.32143 0.44328 0.13571
v 0.25893 0.23035 -0.44071
v 0.31393 0.32556 -0.44071
v 0.14899 0.23037 -0.44071
v 0.14899 0.23037 0.02196
v 0.25893 0.23035 0.02196
v 0.13614 0.44335 -0.44071
v 0.14903 0.42082 -0.44071
v 0.09403 0.32561 -0.44071
v 0.25897 0.42080 -0.44071
v 0.09403 0.32561 0.02196
v 0.25897 0.42080 0.02196
v 0.14903 0.42082 0.02196
v 0.31393 0.32556 0.02196
v 0.33980 0.56102 -0.44071
v 0.33980 0.56102 0.13571
v 0.27198 0.67861 -0.44071
v 0.27198 0.67861 0.13571
v 0.16088 0.72166 -0.44071
v 0.16088 0.72166 0.13571
v 0.31400 0.56103 -0.44071
v 0.25907 0.65628 -0.44071
v 0.25899 0.46583 -0.44071
v 0.25899 0.46583 0.02196
v 0.31400 0.56103 0.02196
v 0.06815 0.56123 -0.44071
v 0.09411 0.56113 -0.44071
v 0.14904 0.46588 -0.44071
v 0.14913 0.65633 -0.44071
v 0.14904 0.46588 0.02196
v 0.14913 0.65633 0.02196
v 0.09411 0.56113 0.02196
v 0.25907 0.65628 0.02196
v 0.06814 0.79645 -0.44071
v 0.06814 0.79645 0.13571
v -0.06760 0.79654 -0.44071
v -0.06760 0.79654 0.13571
v -0.16045 0.72187 -0.44071
v -0.16045 0.72187 0.13571
v 0.05523 0.77412 -0.44071
v -0.05472 0.77420 -0.44071
v 0.11014 0.67886 -0.44071
v 0.11014 0.67886 0.02196
v 0.05523 0.77412 0.02196
v -0.06792 0.56132 -0.44071
v -0.05484 0.58375 -0.44071
v 0.05510 0.58368 -0.44071
v -0.10975 0.67901 -0.44071
v 0.05510 0.58368 0.02196
v -0.10975 0.67901 0.02196
v -0.05484 0.58375 0.02196
v -0.05472 0.77420 0.02196
v -0.27159 0.67897 -0.44071
v -0.27159 0.67897 0.13571
v -0.33957 0.56146 -0.44071
v -0.33957 0.56146 0.13571
v -0.32136 0.44370 -0.44071
v -0.32136 0.44370 0.13571
v -0.25872 0.65662 -0.44071
v -0.31377 0.56144 -0.44071
v -0.14877 0.65652 -0.44071
v -0.14877 0.65652 0.02196
v -0.25872 0.65662 0.02196
v -0.13606 0.44353 -0.44071
v -0.14894 0.46607 -0.44071
v -0.09388 0.56125 -0.44071
v -0.25888 0.46617 -0.44071
v -0.09388 0.56125 0.02196
v -0.25888 0.46617 0.02196
v -0.14894 0.46607 0.02196
v -0.31377 0.56144 0.02196
v -0.33980 0.32600 -0.44071
v -0.33980 0.32600 0.13571
v -0.27206 0.20836 -0.44071
v -0.27206 0.20836 0.13571
v -0.31400 0.32597 -0.44071
v -0.25914 0.23069 -0.44071
v -0.25893 0.42113 -0.44071
v -0.25893 0.42113 0.02196
v -0.31400 0.32597 0.02196
v -0.09411 0.32573 -0.44071
v -0.14898 0.42101 -0.44071
v -0.14919 0.23057 -0.44071
v -0.14898 0.42101 0.02196
v -0.14919 0.23057 0.02196
v -0.09411 0.32573 0.02196
v -0.25913 0.23069 0.02196
v 0.06791 0.09030 0.35515
v 0.05501 0.11264 0.35515
v -0.05494 0.11264 0.35515
v -0.06783 0.09030 0.35515
v -0.10991 0.20786 0.35515
v -0.06807 0.32556 0.35515
v -0.05494 0.30308 0.35515
v 0.05501 0.30308 0.35515
v 0.06807 0.32552 0.35515
v -0.16081 0.16512 0.35515
v 0.16070 0.16502 0.35515
v 0.10999 0.20786 0.35515
v 0.33972 0.32555 0.35515
v 0.31393 0.32556 0.35515
v 0.25893 0.23035 0.35515
v 0.27182 0.20801 0.35515
v 0.14899 0.23037 0.35515
v 0.09403 0.32561 0.35515
v 0.14903 0.42082 0.35515
v 0.13614 0.44335 0.35515
v 0.32143 0.44328 0.35515
v 0.25897 0.42080 0.35515
v 0.27198 0.67861 0.35515
v 0.25907 0.65628 0.35515
v 0.31400 0.56103 0.35515
v 0.33980 0.56102 0.35515
v 0.25899 0.46583 0.35515
v 0.14904 0.46588 0.35515
v 0.09411 0.56113 0.35515
v 0.06815 0.56123 0.35515
v 0.16088 0.72166 0.35515
v 0.14913 0.65633 0.35515
v -0.06760 0.79654 0.35515
v -0.05472 0.77420 0.35515
v 0.05523 0.77412 0.35515
v 0.06814 0.79645 0.35515
v 0.11014 0.67886 0.35515
v 0.05510 0.58368 0.35515
v -0.05484 0.58375 0.35515
v -0.06792 0.56132 0.35515
v -0.16045 0.72187 0.35515
v -0.10975 0.67901 0.35515
v -0.33957 0.56146 0.35515
v -0.31377 0.56144 0.35515
v -0.25872 0.65662 0.35515
v -0.27159 0.67897 0.35515
v -0.14877 0.65652 0.35515
v -0.09388 0.56125 0.35515
v -0.14894 0.46607 0.35515
v -0.13606 0.44353 0.35515
v -0.32136 0.44370 0.35515
v -0.25888 0.46617 0.35515
v -0.27206 0.20836 0.35515
v -0.25913 0.23069 0.35515
v -0.31400 0.32597 0.35515
v -0.33980 0.32600 0.35515
v -0.25893 0.42113 0.35515
v -0.14898 0.42101 0.35515
v -0.09411 0.32573 0.35515
v -0.14919 0.23057 0.35515
vt -0.13401 0.11309
vt -0.13401 -0.36726
vt -0.05653 -0.36726
vt -0.13401 0.11309
vt -0.05653 -0.36726
vt -0.05653 0.11309
vt -0.05653 0.11309
vt -0.05653 -0.36726
vt 0.05659 -0.36726
vt -0.05653 0.11309
vt 0.05659 -0.36726
vt 0.05659 0.11309
vt 0.05659 0.11309
vt 0.05659 -0.36726
vt 0.13392 -0.36726
vt 0.05659 0.11309
vt 0.13392 -0.36726
vt 0.13392 0.11309
vt 0.05659 0.07525
vt -0.05653 0.07525
vt -0.04578 0.09387
vt 0.05659 0.07525
vt -0.04578 0.09387
vt 0.04584 0.09387
vt -0.36726 0.09387
vt -0.36726 0.17322
vt 0.01830 0.17322
vt -0.36726 0.09387
vt 0.01830 0.17322
vt 0.01830 0.09387
vt -0.05673 0.27130
vt 0.05673 0.27127
vt 0.04584 0.25257
vt -0.05673 0.27130
vt 0.04584 0.25257
vt -0.04578 0.25257
vt -0.05653 0.07525
vt -0.13401 0.13760
vt -0.09159 0.17322
vt -0.05653 0.07525
vt -0.09159 0.17322
vt -0.04578 0.09387
vt 0.13392 0.13752
vt 0.05659 0.07525
vt 0.04584 0.09387
vt 0.13392 0.13752
vt 0.04584 0.09387
vt 0.09166 0.17322
vt -0.13401 0.13760
vt -0.05673 0.27130
vt -0.04578 0.25257
vt -0.13401 0.13760
vt -0.04578 0.25257
vt -0.09159 0.17322
vt 0.05673 0.27127
vt 0.13392 0.13752
vt 0.09166 0.17322
vt 0.05673 0.27127
vt 0.09166 0.17322
vt 0.04584 0.25257
vt -0.36726 0.17322
vt -0.36726 0.25257
vt 0.01830 0.25257
vt -0.36726 0.17322
vt 0.01830 0.25257
vt 0.01830 0.17322
vt -0.36726 0.25257
vt -0.36726 0.17322
vt 0.01830 0.17322
vt -0.36726 0.25257
vt 0.01830 0.17322
vt 0.01830 0.25257
vt 0.04584 -0.36726
vt -0.04578 -0.36726
vt -0.04578 0.01830
vt 0.04584 -0.36726
vt -0.04578 0.01830
vt 0.04584 0.01830
vt -0.04578 -0.36726
vt 0.04584 -0.36726
vt 0.04584 0.01830
vt -0.04578 -0.36726
vt 0.04584 0.01830
vt -0.04578 0.01830
vt -0.36726 0.17322
vt -0.36726 0.09387
vt 0.01830 0.09387
vt -0.36726 0.17322
vt 0.01830 0.09387
vt 0.01830 0.17322
vt 0.13392 0.11309
vt 0.13392 -0.36726
vt 0.22652 -0.36726
vt 0.13392 0.11309
vt 0.22652 -0.36726
vt 0.22652 0.11309
vt 0.11309 0.17334
vt -0.36726 0.17334
vt -0.36726 0.27129
vt 0.11309 0.17334
vt -0.36726 0.27129
vt 0.11309 0.27129
vt 0.11309 0.27129
vt -0.36726 0.27129
vt -0.36726 0.36940
vt 0.11309 0.27129
vt -0.36726 0.36940
vt 0.11309 0.36940
vt 0.28310 0.27129
vt 0.22652 0.17334
vt 0.21577 0.19196
vt 0.28310 0.27129
vt 0.21577 0.19196
vt 0.26161 0.27130
vt 0.21577 -0.36726
vt 0.12416 -0.36726
vt 0.12416 0.01830
vt 0.21577 -0.36726
vt 0.12416 0.01830
vt 0.21577 0.01830
vt 0.05673 0.27127
vt 0.11345 0.36946
vt 0.12419 0.35068
vt 0.05673 0.27127
vt 0.12419 0.35068
vt 0.07836 0.27134
vt 0.22652 0.17334
vt 0.13392 0.13752
vt 0.12416 0.19198
vt 0.22652 0.17334
vt 0.12416 0.19198
vt 0.21577 0.19196
vt 0.26786 0.36940
vt 0.28310 0.27129
vt 0.26161 0.27130
vt 0.26786 0.36940
vt 0.26161 0.27130
vt 0.21581 0.35067
vt 0.13392 0.13752
vt 0.05673 0.27127
vt 0.07836 0.27134
vt 0.13392 0.13752
vt 0.07836 0.27134
vt 0.12416 0.19198
vt 0.11345 0.36946
vt 0.26786 0.36940
vt 0.21581 0.35067
vt 0.11345 0.36946
vt 0.21581 0.35067
vt 0.12419 0.35068
vt -0.36726 0.19198
vt -0.36726 0.27134
vt 0.01830 0.27134
vt -0.36726 0.19198
vt 0.01830 0.27134
vt 0.01830 0.19198
vt 0.12419 -0.36726
vt 0.21581 -0.36726
vt 0.21581 0.01830
vt 0.12419 -0.36726
vt 0.21581 0.01830
vt 0.12419 0.01830
vt -0.36726 0.27130
vt -0.36726 0.19196
vt 0.01830 0.19196
vt -0.36726 0.27130
vt 0.01830 0.19196
vt 0.01830 0.27130
vt -0.36726 0.27134
vt -0.36726 0.35068
vt 0.01830 0.35068
vt -0.36726 0.27134
vt 0.01830 0.35068
vt 0.01830 0.27134
vt -0.36726 0.35067
vt -0.36726 0.27130
vt 0.01830 0.27130
vt -0.36726 0.35067
vt 0.01830 0.27130
vt 0.01830 0.35067
vt 0.11309 0.36940
vt -0.36726 0.36940
vt -0.36726 0.46752
vt 0.11309 0.36940
vt -0.36726 0.46752
vt 0.11309 0.46752
vt 0.11309 0.46752
vt -0.36726 0.46752
vt -0.36726 0.56551
vt 0.11309 0.46752
vt -0.36726 0.56551
vt 0.11309 0.56551
vt 0.22665 0.11309
vt 0.22665 -0.36726
vt 0.13407 -0.36726
vt 0.22665 0.11309
vt 0.13407 -0.36726
vt 0.13407 0.11309
vt 0.22665 0.56551
vt 0.28317 0.46752
vt 0.26167 0.46753
vt 0.22665 0.56551
vt 0.26167 0.46753
vt 0.21589 0.54690
vt -0.36726 0.46753
vt -0.36726 0.38819
vt 0.01830 0.38819
vt -0.36726 0.46753
vt 0.01830 0.38819
vt 0.01830 0.46753
vt 0.11345 0.36946
vt 0.05679 0.46769
vt 0.07843 0.46761
vt 0.11345 0.36946
vt 0.07843 0.46761
vt 0.12420 0.38823
vt 0.28317 0.46752
vt 0.26786 0.36940
vt 0.21583 0.38819
vt 0.28317 0.46752
vt 0.21583 0.38819
vt 0.26167 0.46753
vt 0.13407 0.60138
vt 0.22665 0.56551
vt 0.21589 0.54690
vt 0.13407 0.60138
vt 0.21589 0.54690
vt 0.12428 0.54694
vt 0.26786 0.36940
vt 0.11345 0.36946
vt 0.12420 0.38823
vt 0.26786 0.36940
vt 0.12420 0.38823
vt 0.21583 0.38819
vt 0.05679 0.46769
vt 0.13407 0.60138
vt 0.12428 0.54694
vt 0.05679 0.46769
vt 0.12428 0.54694
vt 0.07843 0.46761
vt 0.21583 -0.36726
vt 0.12420 -0.36726
vt 0.12420 0.01830
vt 0.21583 -0.36726
vt 0.12420 0.01830
vt 0.21583 0.01830
vt -0.36726 0.46761
vt -0.36726 0.54694
vt 0.01830 0.54694
vt -0.36726 0.46761
vt 0.01830 0.54694
vt 0.01830 0.46761
vt -0.36726 0.54690
vt -0.36726 0.46753
vt 0.01830 0.46753
vt -0.36726 0.54690
vt 0.01830 0.46753
vt 0.01830 0.54690
vt -0.36726 0.38823
vt -0.36726 0.46761
vt 0.01830 0.46761
vt -0.36726 0.38823
vt 0.01830 0.46761
vt 0.01830 0.38823
vt 0.12428 -0.36726
vt 0.21589 -0.36726
vt 0.21589 0.01830
vt 0.12428 -0.36726
vt 0.21589 0.01830
vt 0.12428 0.01830
vt 0.13407 0.11309
vt 0.13407 -0.36726
vt 0.05678 -0.36726
vt 0.13407 0.11309
vt 0.05678 -0.36726
vt 0.05678 0.11309
vt 0.05678 0.11309
vt 0.05678 -0.36726
vt -0.05633 -0.36726
vt 0.05678 0.11309
vt -0.05633 -0.36726
vt -0.05633 0.11309
vt -0.05633 0.11309
vt -0.05633 -0.36726
vt -0.13371 -0.36726
vt -0.05633 0.11309
vt -0.13371 -0.36726
vt -0.13371 0.11309
vt -0.05633 0.66378
vt 0.05678 0.66371
vt 0.04603 0.64510
vt -0.05633 0.66378
vt 0.04603 0.64510
vt -0.04560 0.64517
vt -0.36726 0.64510
vt -0.36726 0.56572
vt 0.01830 0.56572
vt -0.36726 0.64510
vt 0.01830 0.56572
vt 0.01830 0.64510
vt 0.05679 0.46769
vt -0.05660 0.46777
vt -0.04570 0.48646
vt 0.05679 0.46769
vt -0.04570 0.48646
vt 0.04592 0.48640
vt 0.05678 0.66371
vt 0.13407 0.60138
vt 0.09178 0.56572
vt 0.05678 0.66371
vt 0.09178 0.56572
vt 0.04603 0.64510
vt -0.13371 0.60156
vt -0.05633 0.66378
vt -0.04560 0.64517
vt -0.13371 0.60156
vt -0.04560 0.64517
vt -0.09146 0.56584
vt 0.13407 0.60138
vt 0.05679 0.46769
vt 0.04592 0.48640
vt 0.13407 0.60138
vt 0.04592 0.48640
vt 0.09178 0.56572
vt -0.05660 0.46777
vt -0.13371 0.60156
vt -0.09146 0.56584
vt -0.05660 0.46777
vt -0.09146 0.56584
vt -0.04570 0.48646
vt -0.36726 0.56572
vt -0.36726 0.48640
vt 0.01830 0.48640
vt -0.36726 0.56572
vt 0.01830 0.48640
vt 0.01830 0.56572
vt -0.36726 0.48646
vt -0.36726 0.56584
vt 0.01830 0.56584
vt -0.36726 0.48646
vt 0.01830 0.56584
vt 0.01830 0.48646
vt -0.04560 -0.36726
vt 0.04603 -0.36726
vt 0.04603 0.01830
vt -0.04560 -0.36726
vt 0.04603 0.01830
vt -0.04560 0.01830
vt 0.04592 -0.36726
vt -0.04570 -0.36726
vt -0.04570 0.01830
vt 0.04592 -0.36726
vt -0.04570 0.01830
vt 0.04592 0.01830
vt -0.36726 0.56584
vt -0.36726 0.64517
vt 0.01830 0.64517
vt -0.36726 0.56584
vt 0.01830 0.64517
vt 0.01830 0.56584
vt -0.13371 0.11309
vt -0.13371 -0.36726
vt -0.22632 -0.36726
vt -0.13371 0.11309
vt -0.22632 -0.36726
vt -0.22632 0.11309
vt 0.11309 0.56581
vt -0.36726 0.56581
vt -0.36726 0.46788
vt 0.11309 0.56581
vt -0.36726 0.46788
vt 0.11309 0.46788
vt 0.11309 0.46788
vt -0.36726 0.46788
vt -0.36726 0.36975
vt 0.11309 0.46788
vt -0.36726 0.36975
vt 0.11309 0.36975
vt -0.28297 0.46788
vt -0.22632 0.56581
vt -0.21560 0.54718
vt -0.28297 0.46788
vt -0.21560 0.54718
vt -0.26148 0.46787
vt -0.21560 -0.36726
vt -0.12398 -0.36726
vt -0.12398 0.01830
vt -0.21560 -0.36726
vt -0.12398 0.01830
vt -0.21560 0.01830
vt -0.05660 0.46777
vt -0.11338 0.36961
vt -0.12412 0.38839
vt -0.05660 0.46777
vt -0.12412 0.38839
vt -0.07823 0.46771
vt -0.22632 0.56581
vt -0.13371 0.60156
vt -0.12398 0.54710
vt -0.22632 0.56581
vt -0.12398 0.54710
vt -0.21560 0.54718
vt -0.26780 0.36975
vt -0.28297 0.46788
vt -0.26148 0.46787
vt -0.26780 0.36975
vt -0.26148 0.46787
vt -0.21573 0.38848
vt -0.13371 0.60156
vt -0.05660 0.46777
vt -0.07823 0.46771
vt -0.13371 0.60156
vt -0.07823 0.46771
vt -0.12398 0.54710
vt -0.11338 0.36961
vt -0.26780 0.36975
vt -0.21573 0.38848
vt -0.11338 0.36961
vt -0.21573 0.38848
vt -0.12412 0.38839
vt -0.36726 0.54710
vt -0.36726 0.46771
vt 0.01830 0.46771
vt -0.36726 0.54710
vt 0.01830 0.46771
vt 0.01830 0.54710
vt -0.12412 -0.36726
vt -0.21573 -0.36726
vt -0.21573 0.01830
vt -0.12412 -0.36726
vt -0.21573 0.01830
vt -0.12412 0.01830
vt -0.36726 0.46787
vt -0.36726 0.54718
vt 0.01830 0.54718
vt -0.36726 0.46787
vt 0.01830 0.54718
vt 0.01830 0.46787
vt -0.36726 0.46771
vt -0.36726 0.38839
vt 0.01830 0.38839
vt -0.36726 0.46771
vt 0.01830 0.38839
vt 0.01830 0.46771
vt -0.36726 0.38848
vt -0.36726 0.46787
vt 0.01830 0.46787
vt -0.36726 0.38848
vt 0.01830 0.46787
vt 0.01830 0.38848
vt 0.11309 0.36975
vt -0.36726 0.36975
vt -0.36726 0.27167
vt 0.11309 0.36975
vt -0.36726 0.27167
vt 0.11309 0.27167
vt 0.11309 0.27167
vt -0.36726 0.27167
vt -0.36726 0.17363
vt 0.11309 0.27167
vt -0.36726 0.17363
vt 0.11309 0.17363
vt -0.22672 0.11309
vt -0.22672 -0.36726
vt -0.13401 -0.36726
vt -0.22672 0.11309
vt -0.13401 -0.36726
vt -0.13401 0.11309
vt -0.22672 0.17363
vt -0.28317 0.27167
vt -0.26167 0.27164
vt -0.22672 0.17363
vt -0.26167 0.27164
vt -0.21595 0.19224
vt -0.05673 0.27130
vt -0.11338 0.36961
vt -0.05660 0.46777
vt -0.05673 0.27130
vt -0.05660 0.46777
vt 0.05679 0.46769
vt -0.05673 0.27130
vt 0.05679 0.46769
vt 0.11345 0.36946
vt -0.05673 0.27130
vt 0.11345 0.36946
vt 0.05673 0.27127
vt -0.36726 0.27164
vt -0.36726 0.35094
vt 0.01830 0.35094
vt -0.36726 0.27164
vt 0.01830 0.35094
vt 0.01830 0.27164
vt -0.11338 0.36961
vt -0.05673 0.27130
vt -0.07843 0.27144
vt -0.11338 0.36961
vt -0.07843 0.27144
vt -0.12415 0.35084
vt -0.28317 0.27167
vt -0.26780 0.36975
vt -0.21577 0.35094
vt -0.28317 0.27167
vt -0.21577 0.35094
vt -0.26167 0.27164
vt -0.13401 0.13760
vt -0.22672 0.17363
vt -0.21595 0.19224
vt -0.13401 0.13760
vt -0.21595 0.19224
vt -0.12432 0.19214
vt -0.26780 0.36975
vt -0.11338 0.36961
vt -0.12415 0.35084
vt -0.26780 0.36975
vt -0.12415 0.35084
vt -0.21577 0.35094
vt -0.05673 0.27130
vt -0.13401 0.13760
vt -0.12432 0.19214
vt -0.05673 0.27130
vt -0.12432 0.19214
vt -0.07843 0.27144
vt -0.21577 -0.36726
vt -0.12415 -0.36726
vt -0.12415 0.01830
vt -0.21577 -0.36726
vt -0.12415 0.01830
vt -0.21577 0.01830
vt -0.36726 0.27144
vt -0.36726 0.19214
vt 0.01830 0.19214
vt -0.36726 0.27144
vt 0.01830 0.19214
vt 0.01830 0.27144
vt -0.36726 0.19224
vt -0.36726 0.27164
vt 0.01830 0.27164
vt -0.36726 0.19224
vt 0.01830 0.27164
vt 0.01830 0.19224
vt -0.36726 0.35084
vt -0.36726 0.27144
vt 0.01830 0.27144
vt -0.36726 0.35084
vt 0.01830 0.27144
vt 0.01830 0.35084
vt -0.12432 -0.36726
vt -0.21595 -0.36726
vt -0.21594 0.01830
vt -0.12432 -0.36726
vt -0.21594 0.01830
vt -0.12432 0.01830
vt 0.05659 0.07525
vt 0.04584 0.09387
vt -0.04578 0.09387
vt 0.05659 0.07525
vt -0.04578 0.09387
vt -0.05653 0.07525
vt 0.29596 0.09387
vt 0.01830 0.09387
vt 0.01830 0.17322
vt 0.29596 0.09387
vt 0.01830 0.17322
vt 0.29596 0.17322
vt -0.05673 0.27130
vt -0.04578 0.25257
vt 0.04584 0.25257
vt -0.05673 0.27130
vt 0.04584 0.25257
vt 0.05673 0.27127
vt -0.05653 0.07525
vt -0.04578 0.09387
vt -0.09159 0.17322
vt -0.05653 0.07525
vt -0.09159 0.17322
vt -0.13401 0.13760
vt 0.13392 0.13752
vt 0.09166 0.17322
vt 0.04584 0.09387
vt 0.13392 0.13752
vt 0.04584 0.09387
vt 0.05659 0.07525
vt -0.13401 0.13760
vt -0.09159 0.17322
vt -0.04578 0.25257
vt -0.13401 0.13760
vt -0.04578 0.25257
vt -0.05673 0.27130
vt 0.05673 0.27127
vt 0.04584 0.25257
vt 0.09166 0.17322
vt 0.05673 0.27127
vt 0.09166 0.17322
vt 0.13392 0.13752
vt 0.29596 0.17322
vt 0.01830 0.17322
vt 0.01830 0.25257
vt 0.29596 0.17322
vt 0.01830 0.25257
vt 0.29596 0.25257
vt 0.29596 0.25257
vt 0.01830 0.25257
vt 0.01830 0.17322
vt 0.29596 0.25257
vt 0.01830 0.17322
vt 0.29596 0.17322
vt 0.04584 0.29596
vt 0.04584 0.01830
vt -0.04578 0.01830
vt 0.04584 0.29596
vt -0.04578 0.01830
vt -0.04578 0.29596
vt -0.04578 0.29596
vt -0.04578 0.01830
vt 0.04584 0.01830
vt -0.04578 0.29596
vt 0.04584 0.01830
vt 0.04584 0.29596
vt 0.29596 0.17322
vt 0.01830 0.17322
vt 0.01830 0.09387
vt 0.29596 0.17322
vt 0.01830 0.09387
vt 0.29596 0.09387
vt 0.28310 0.27129
vt 0.26161 0.27130
vt 0.21577 0.19196
vt 0.28310 0.27129
vt 0.21577 0.19196
vt 0.22652 0.17334
vt 0.21577 0.29596
vt 0.21577 0.01830
vt 0.12416 0.01830
vt 0.21577 0.29596
vt 0.12416 0.01830
vt 0.12416 0.29596
vt 0.05673 0.27127
vt 0.07836 0.27134
vt 0.12419 0.35068
vt 0.05673 0.27127
vt 0.12419 0.35068
vt 0.11345 0.36946
vt 0.22652 0.17334
vt 0.21577 0.19196
vt 0.12416 0.19198
vt 0.22652 0.17334
vt 0.12416 0.19198
vt 0.13392 0.13752
vt 0.26786 0.36940
vt 0.21581 0.35067
vt 0.26161 0.27130
vt 0.26786 0.36940
vt 0.26161 0.27130
vt 0.28310 0.27129
vt 0.13392 0.13752
vt 0.12416 0.19198
vt 0.07836 0.27134
vt 0.13392 0.13752
vt 0.07836 0.27134
vt 0.05673 0.27127
vt 0.11345 0.36946
vt 0.12419 0.35068
vt 0.21581 0.35067
vt 0.11345 0.36946
vt 0.21581 0.35067
vt 0.26786 0.36940
vt 0.29596 0.19198
vt 0.01830 0.19198
vt 0.01830 0.27134
vt 0.29596 0.19198
vt 0.01830 0.27134
vt 0.29596 0.27134
vt 0.12419 0.29596
vt 0.12419 0.01830
vt 0.21581 0.01830
vt 0.12419 0.29596
vt 0.21581 0.01830
vt 0.21581 0.29596
vt 0.29596 0.27130
vt 0.01830 0.27130
vt 0.01830 0.19196
vt 0.29596 0.27130
vt 0.01830 0.19196
vt 0.29596 0.19196
vt 0.29596 0.27134
vt 0.01830 0.27134
vt 0.01830 0.35068
vt 0.29596 0.27134
vt 0.01830 0.35068
vt 0.29596 0.35068
vt 0.29596 0.35067
vt 0.01830 0.35067
vt 0.01830 0.27130
vt 0.29596 0.35067
vt 0.01830 0.27130
vt 0.29596 0.27130
vt 0.22665 0.56551
vt 0.21589 0.54690
vt 0.26167 0.46753
vt 0.22665 0.56551
vt 0.26167 0.46753
vt 0.28317 0.46752
vt 0.29596 0.46753
vt 0.01830 0.46753
vt 0.01830 0.38819
vt 0.29596 0.46753
vt 0.01830 0.38819
vt 0.29596 0.38819
vt 0.11345 0.36946
vt 0.12420 0.38823
vt 0.07843 0.46761
vt 0.11345 0.36946
vt 0.07843 0.46761
vt 0.05679 0.46769
vt 0.28317 0.46752
vt 0.26167 0.46753
vt 0.21583 0.38819
vt 0.28317 0.46752
vt 0.21583 0.38819
vt 0.26786 0.36940
vt 0.13407 0.60138
vt 0.12428 0.54694
vt 0.21589 0.54690
vt 0.13407 0.60138
vt 0.21589 0.54690
vt 0.22665 0.56551
vt 0.26786 0.36940
vt 0.21583 0.38819
vt 0.12420 0.38823
vt 0.26786 0.36940
vt 0.12420 0.38823
vt 0.11345 0.36946
vt 0.05679 0.46769
vt 0.07843 0.46761
vt 0.12428 0.54694
vt 0.05679 0.46769
vt 0.12428 0.54694
vt 0.13407 0.60138
vt 0.21583 0.29596
vt 0.21583 0.01830
vt 0.12420 0.01830
vt 0.21583 0.29596
vt 0.12420 0.01830
vt 0.12420 0.29596
vt 0.29596 0.46761
vt 0.01830 0.46761
vt 0.01830 0.54694
vt 0.29596 0.46761
vt 0.01830 0.54694
vt 0.29596 0.54694
vt 0.29596 0.54690
vt 0.01830 0.54690
vt 0.01830 0.46753
vt 0.29596 0.54690
vt 0.01830 0.46753
vt 0.29596 0.46753
vt 0.29596 0.38823
vt 0.01830 0.38823
vt 0.01830 0.46761
vt 0.29596 0.38823
vt 0.01830 0.46761
vt 0.29596 0.46761
vt 0.12428 0.29596
vt 0.12428 0.01830
vt 0.21589 0.01830
vt 0.12428 0.29596
vt 0.21589 0.01830
vt 0.21589 0.29596
vt -0.05633 0.66378
vt -0.04560 0.64517
vt 0.04603 0.64510
vt -0.05633 0.66378
vt 0.04603 0.64510
vt 0.05678 0.66371
vt 0.29596 0.64510
vt 0.01830 0.64510
vt 0.01830 0.56572
vt 0.29596 0.64510
vt 0.01830 0.56572
vt 0.29596 0.56572
vt 0.05679 0.46769
vt 0.04592 0.48640
vt -0.04570 0.48646
vt 0.05679 0.46769
vt -0.04570 0.48646
vt -0.05660 0.46777
vt 0.05678 0.66371
vt 0.04603 0.64510
vt 0.09178 0.56572
vt 0.05678 0.66371
vt 0.09178 0.56572
vt 0.13407 0.60138
vt -0.13371 0.60156
vt -0.09146 0.56584
vt -0.04560 0.64517
vt -0.13371 0.60156
vt -0.04560 0.64517
vt -0.05633 0.66378
vt 0.13407 0.60138
vt 0.09178 0.56572
vt 0.04592 0.48640
vt 0.13407 0.60138
vt 0.04592 0.48640
vt 0.05679 0.46769
vt -0.05660 0.46777
vt -0.04570 0.48646
vt -0.09146 0.56584
vt -0.05660 0.46777
vt -0.09146 0.56584
vt -0.13371 0.60156
vt 0.29596 0.56572
vt 0.01830 0.56572
vt 0.01830 0.48640
vt 0.29596 0.56572
vt 0.01830 0.48640
vt 0.29596 0.48640
vt 0.29596 0.48646
vt 0.01830 0.48646
vt 0.01830 0.56584
vt 0.29596 0.48646
vt 0.01830 0.56584
vt 0.29596 0.56584
vt -0.04560 0.29596
vt -0.04560 0.01830
vt 0.04603 0.01830
vt -0.04560 0.29596
vt 0.04603 0.01830
vt 0.04603 0.29596
vt 0.04592 0.29596
vt 0.04592 0.01830
vt -0.04570 0.01830
vt 0.04592 0.29596
vt -0.04570 0.01830
vt -0.04570 0.29596
vt 0.29596 0.56584
vt 0.01830 0.56584
vt 0.01830 0.64517
vt 0.29596 0.56584
vt 0.01830 0.64517
vt 0.29596 0.64517
vt -0.28297 0.46788
vt -0.26148 0.46787
vt -0.21560 0.54718
vt -0.28297 0.46788
vt -0.21560 0.54718
vt -0.22632 0.56581
vt -0.21560 0.29596
vt -0.21560 0.01830
vt -0.12398 0.01830
vt -0.21560 0.29596
vt -0.12398 0.01830
vt -0.12398 0.29596
vt -0.05660 0.46777
vt -0.07823 0.46771
vt -0.12412 0.38839
vt -0.05660 0.46777
vt -0.12412 0.38839
vt -0.11338 0.36961
vt -0.22632 0.56581
vt -0.21560 0.54718
vt -0.12398 0.54710
vt -0.22632 0.56581
vt -0.12398 0.54710
vt -0.13371 0.60156
vt -0.26780 0.36975
vt -0.21573 0.38848
vt -0.26148 0.46787
vt -0.26780 0.36975
vt -0.26148 0.46787
vt -0.28297 0.46788
vt -0.13371 0.60156
vt -0.12398 0.54710
vt -0.07823 0.46771
vt -0.13371 0.60156
vt -0.07823 0.46771
vt -0.05660 0.46777
vt -0.11338 0.36961
vt -0.12412 0.38839
vt -0.21573 0.38848
vt -0.11338 0.36961
vt -0.21573 0.38848
vt -0.26780 0.36975
vt 0.29596 0.54710
vt 0.01830 0.54710
vt 0.01830 0.46771
vt 0.29596 0.54710
vt 0.01830 0.46771
vt 0.29596 0.46771
vt -0.12412 0.29596
vt -0.12412 0.01830
vt -0.21573 0.01830
vt -0.12412 0.29596
vt -0.21573 0.01830
vt -0.21573 0.29596
vt 0.29596 0.46787
vt 0.01830 0.46787
vt 0.01830 0.54718
vt 0.29596 0.46787
vt 0.01830 0.54718
vt 0.29596 0.54718
vt 0.29596 0.46771
vt 0.01830 0.46771
vt 0.01830 0.38839
vt 0.29596 0.46771
vt 0.01830 0.38839
vt 0.29596 0.38839
vt 0.29596 0.38848
vt 0.01830 0.38848
vt 0.01830 0.46787
vt 0.29596 0.38848
vt 0.01830 0.46787
vt 0.29596 0.46787
vt 0.29596 0.27129
vt 0.11309 0.27129
vt 0.11309 0.46752
vt 0.29596 0.27129
vt 0.11309 0.46752
vt 0.29596 0.46752
vt -0.22672 0.17363
vt -0.21594 0.19224
vt -0.26167 0.27164
vt -0.22672 0.17363
vt -0.26167 0.27164
vt -0.28317 0.27167
vt -0.05673 0.27130
vt 0.05673 0.27127
vt 0.11345 0.36946
vt -0.05673 0.27130
vt 0.11345 0.36946
vt 0.05679 0.46769
vt -0.05673 0.27130
vt 0.05679 0.46769
vt -0.05660 0.46777
vt -0.05673 0.27130
vt -0.05660 0.46777
vt -0.11338 0.36961
vt 0.29596 0.27164
vt 0.01830 0.27164
vt 0.01830 0.35094
vt 0.29596 0.27164
vt 0.01830 0.35094
vt 0.29596 0.35094
vt -0.11338 0.36961
vt -0.12415 0.35084
vt -0.07843 0.27144
vt -0.11338 0.36961
vt -0.07843 0.27144
vt -0.05673 0.27130
vt -0.28317 0.27167
vt -0.26167 0.27164
vt -0.21577 0.35094
vt -0.28317 0.27167
vt -0.21577 0.35094
vt -0.26780 0.36975
vt -0.13401 0.13760
vt -0.12432 0.19214
vt -0.21594 0.19224
vt -0.13401 0.13760
vt -0.21594 0.19224
vt -0.22672 0.17363
vt -0.26780 0.36975
vt -0.21577 0.35094
vt -0.12415 0.35084
vt -0.26780 0.36975
vt -0.12415 0.35084
vt -0.11338 0.36961
vt -0.05673 0.27130
vt -0.07843 0.27144
vt -0.12432 0.19214
vt -0.05673 0.27130
vt -0.12432 0.19214
vt -0.13401 0.13760
vt -0.21577 0.29596
vt -0.21577 0.01830
vt -0.12415 0.01830
vt -0.21577 0.29596
vt -0.12415 0.01830
vt -0.12415 0.29596
vt 0.29596 0.27144
vt 0.01830 0.27144
vt 0.01830 0.19214
vt 0.29596 0.27144
vt 0.01830 0.19214
vt 0.29596 0.19214
vt 0.29596 0.19224
vt 0.01830 0.19224
vt 0.01830 0.27164
vt 0.29596 0.19224
vt 0.01830 0.27164
vt 0.29596 0.27164
vt 0.29596 0.35084
vt 0.01830 0.35084
vt 0.01830 0.27144
vt 0.29596 0.35084
vt 0.01830 0.27144
vt 0.29596 0.27144
vt -0.12432 0.29596
vt -0.12432 0.01830
vt -0.21594 0.01830
vt -0.12432 0.29596
vt -0.21594 0.01830
vt -0.21594 0.29596
vt 0.28317 0.46752
vt 0.28310 0.27129
vt 0.26786 0.36940
vt 0.13407 0.60138
vt 0.05678 0.66371
vt 0.22665 0.56551
vt -0.13371 0.60156
vt -0.22632 0.56581
vt -0.05633 0.66378
vt -0.26780 0.36975
vt -0.28317 0.27167
vt -0.28297 0.46788
vt -0.05653 0.07525
vt -0.22672 0.17363
vt -0.13401 0.13760
vt 0.22652 0.17334
vt 0.05659 0.07525
vt 0.13392 0.13752
vt 0.28317 0.46752
vt 0.26786 0.36940
vt 0.28310 0.27129
vt 0.13407 0.60138
vt 0.22665 0.56551
vt 0.05678 0.66371
vt -0.13371 0.60156
vt -0.05633 0.66378
vt -0.22632 0.56581
vt -0.26780 0.36975
vt -0.28297 0.46788
vt -0.28317 0.27167
vt -0.05653 0.07525
vt -0.13401 0.13760
vt -0.22672 0.17363
vt 0.22652 0.17334
vt 0.13392 0.13752
vt 0.05659 0.07525
vt 0.11309 0.46752
vt 0.11309 0.56551
vt 0.29596 0.56551
vt 0.11309 0.46752
vt 0.29596 0.56551
vt 0.29596 0.46752
vt 0.05678 0.11309
vt 0.05678 0.29596
vt 0.22665 0.29596
vt 0.05678 0.11309
vt 0.22665 0.29596
vt 0.22665 0.11309
vt 0.05678 0.11309
vt -0.05633 0.11309
vt -0.05633 0.29596
vt 0.05678 0.11309
vt -0.05633 0.29596
vt 0.05678 0.29596
vt -0.22632 0.11309
vt -0.22632 0.29596
vt -0.05633 0.29596
vt -0.22632 0.11309
vt -0.05633 0.29596
vt -0.05633 0.11309
vt 0.11309 0.56581
vt 0.11309 0.46788
vt 0.29596 0.46788
vt 0.11309 0.56581
vt 0.29596 0.46788
vt 0.29596 0.56581
vt 0.11309 0.27167
vt 0.29596 0.27167
vt 0.29596 0.46788
vt 0.11309 0.27167
vt 0.29596 0.46788
vt 0.11309 0.46788
vt 0.11309 0.27167
vt 0.11309 0.17363
vt 0.29596 0.17363
vt 0.11309 0.27167
vt 0.29596 0.17363
vt 0.29596 0.27167
vt -0.22672 0.11309
vt -0.05653 0.11309
vt -0.05653 0.29596
vt -0.22672 0.11309
vt -0.05653 0.29596
vt -0.22672 0.29596
vt -0.05653 0.11309
vt 0.05659 0.11309
vt 0.05659 0.29596
vt -0.05653 0.11309
vt 0.05659 0.29596
vt -0.05653 0.29596
vt 0.22652 0.11309
vt 0.22652 0.29596
vt 0.05659 0.29596
vt 0.22652 0.11309
vt 0.05659 0.29596
vt 0.05659 0.11309
vt 0.11309 0.17334
vt 0.11309 0.27129
vt 0.29596 0.27129
vt 0.11309 0.17334
vt 0.29596 0.27129
vt 0.29596 0.17334
f 357/1915 358/1916 359/1917
f 357/1918 359/1919 360/1920
f 360/1921 359/1922 361/1923
f 360/1924 361/1925 362/1926
f 362/1927 361/1928 363/1929
f 362/1930 363/1931 364/1932
f 361/1933 359/1934 365/1935
f 361/1936 365/1937 366/1938
f 365/1939 367/1940 368/1941
f 365/1942 368/1943 369/1944
f 370/1945 371/1946 372/1947
f 370/1948 372/1949 373/1950
f 359/1951 358/1952 367/1953
f 359/1954 367/1955 365/1956
f 363/1957 361/1958 366/1959
f 363/1960 366/1961 374/1962
f 358/1963 370/1964 373/1965
f 358/1966 373/1967 367/1968
f 371/1969 363/1970 374/1971
f 371/1972 374/1973 372/1974
f 367/1975 373/1976 375/1977
f 367/1978 375/1979 368/1980
f 372/1981 374/1982 376/1983
f 372/1984 376/1985 377/1986
f 366/1987 365/1988 369/1989
f 366/1990 369/1991 378/1992
f 373/1993 372/1994 377/1995
f 373/1996 377/1997 375/1998
f 374/1999 366/2000 378/2001
f 374/2002 378/2003 376/2004
f 364/2005 363/2006 379/2007
f 364/2008 379/2009 380/2010
f 380/2011 379/2012 381/2013
f 380/2014 381/2015 382/2016
f 382/2017 381/2018 383/2019
f 382/2020 383/2021 384/2022
f 381/2023 379/2024 385/2025
f 381/2026 385/2027 386/2028
f 385/2029 387/2030 388/2031
f 385/2032 388/2033 389/2034
f 371/2035 390/2036 391/2037
f 371/2038 391/2039 392/2040
f 379/2041 363/2042 387/2043
f 379/2044 387/2045 385/2046
f 383/2047 381/2048 386/2049
f 383/2050 386/2051 393/2052
f 363/2053 371/2054 392/2055
f 363/2056 392/2057 387/2058
f 390/2059 383/2060 393/2061
f 390/2062 393/2063 391/2064
f 387/2065 392/2066 394/2067
f 387/2068 394/2069 388/2070
f 391/2071 393/2072 395/2073
f 391/2074 395/2075 396/2076
f 386/2077 385/2078 389/2079
f 386/2080 389/2081 397/2082
f 392/2083 391/2084 396/2085
f 392/2086 396/2087 394/2088
f 393/2089 386/2090 397/2091
f 393/2092 397/2093 395/2094
f 384/2095 383/2096 398/2097
f 384/2098 398/2099 399/2100
f 399/2101 398/2102 400/2103
f 399/2104 400/2105 401/2106
f 401/2107 400/2108 402/2109
f 401/2110 402/2111 403/2112
f 400/2113 398/2114 404/2115
f 400/2116 404/2117 405/2118
f 404/2119 406/2120 407/2121
f 404/2122 407/2123 408/2124
f 390/2125 409/2126 410/2127
f 390/2128 410/2129 411/2130
f 398/2131 383/2132 406/2133
f 398/2134 406/2135 404/2136
f 402/2137 400/2138 405/2139
f 402/2140 405/2141 412/2142
f 383/2143 390/2144 411/2145
f 383/2146 411/2147 406/2148
f 409/2149 402/2150 412/2151
f 409/2152 412/2153 410/2154
f 406/2155 411/2156 413/2157
f 406/2158 413/2159 407/2160
f 410/2161 412/2162 414/2163
f 410/2164 414/2165 415/2166
f 405/2167 404/2168 408/2169
f 405/2170 408/2171 416/2172
f 411/2173 410/2174 415/2175
f 411/2176 415/2177 413/2178
f 412/2179 405/2180 416/2181
f 412/2182 416/2183 414/2184
f 403/2185 402/2186 417/2187
f 403/2188 417/2189 418/2190
f 418/2191 417/2192 419/2193
f 418/2194 419/2195 420/2196
f 420/2197 419/2198 421/2199
f 420/2200 421/2201 422/2202
f 419/2203 417/2204 423/2205
f 419/2206 423/2207 424/2208
f 423/2209 425/2210 426/2211
f 423/2212 426/2213 427/2214
f 409/2215 428/2216 429/2217
f 409/2218 429/2219 430/2220
f 417/2221 402/2222 425/2223
f 417/2224 425/2225 423/2226
f 421/2227 419/2228 424/2229
f 421/2230 424/2231 431/2232
f 402/2233 409/2234 430/2235
f 402/2236 430/2237 425/2238
f 428/2239 421/2240 431/2241
f 428/2242 431/2243 429/2244
f 425/2245 430/2246 432/2247
f 425/2248 432/2249 426/2250
f 429/2251 431/2252 433/2253
f 429/2254 433/2255 434/2256
f 424/2257 423/2258 427/2259
f 424/2260 427/2261 435/2262
f 430/2263 429/2264 434/2265
f 430/2266 434/2267 432/2268
f 431/2269 424/2270 435/2271
f 431/2272 435/2273 433/2274
f 422/2275 421/2276 436/2277
f 422/2278 436/2279 437/2280
f 437/2281 436/2282 438/2283
f 437/2284 438/2285 439/2286
f 439/2287 438/2288 440/2289
f 439/2290 440/2291 441/2292
f 438/2293 436/2294 442/2295
f 438/2296 442/2297 443/2298
f 442/2299 444/2300 445/2301
f 442/2302 445/2303 446/2304
f 428/2305 447/2306 448/2307
f 428/2308 448/2309 449/2310
f 436/2311 421/2312 444/2313
f 436/2314 444/2315 442/2316
f 440/2317 438/2318 443/2319
f 440/2320 443/2321 450/2322
f 421/2323 428/2324 449/2325
f 421/2326 449/2327 444/2328
f 447/2329 440/2330 450/2331
f 447/2332 450/2333 448/2334
f 444/2335 449/2336 451/2337
f 444/2338 451/2339 445/2340
f 448/2341 450/2342 452/2343
f 448/2344 452/2345 453/2346
f 443/2347 442/2348 446/2349
f 443/2350 446/2351 454/2352
f 449/2353 448/2354 453/2355
f 449/2356 453/2357 451/2358
f 450/2359 443/2360 454/2361
f 450/2362 454/2363 452/2364
f 441/2365 440/2366 455/2367
f 441/2368 455/2369 456/2370
f 456/2371 455/2372 457/2373
f 456/2374 457/2375 458/2376
f 458/2377 457/2378 358/2379
f 458/2380 358/2381 357/2382
f 457/2383 455/2384 459/2385
f 457/2386 459/2387 460/2388
f 370/2389 447/2390 428/2391
f 370/2392 428/2393 409/2394
f 370/2395 409/2396 390/2397
f 370/2398 390/2399 371/2400
f 459/2401 461/2402 462/2403
f 459/2404 462/2405 463/2406
f 447/2407 370/2408 464/2409
f 447/2410 464/2411 465/2412
f 455/2413 440/2414 461/2415
f 455/2416 461/2417 459/2418
f 358/2419 457/2420 460/2421
f 358/2422 460/2423 466/2424
f 440/2425 447/2426 465/2427
f 440/2428 465/2429 461/2430
f 370/2431 358/2432 466/2433
f 370/2434 466/2435 464/2436
f 461/2437 465/2438 467/2439
f 461/2440 467/2441 462/2442
f 464/2443 466/2444 468/2445
f 464/2446 468/2447 469/2448
f 460/2449 459/2450 463/2451
f 460/2452 463/2453 470/2454
f 465/2455 464/2456 469/2457
f 465/2458 469/2459 467/2460
f 466/2461 460/2462 470/2463
f 466/2464 470/2465 468/2466
f 471/2467 472/2468 473/2469
f 471/2470 473/2471 474/2472
f 473/2473 369/2474 368/2475
f 473/2476 368/2477 475/2478
f 476/2479 477/2480 478/2481
f 476/2482 478/2483 479/2484
f 474/2485 473/2486 475/2487
f 474/2488 475/2489 480/2490
f 481/2491 482/2492 472/2493
f 481/2494 472/2495 471/2496
f 480/2497 475/2498 477/2499
f 480/2500 477/2501 476/2502
f 479/2503 478/2504 482/2505
f 479/2506 482/2507 481/2508
f 475/2509 368/2510 375/2511
f 475/2512 375/2513 477/2514
f 478/2515 377/2516 376/2517
f 478/2518 376/2519 482/2520
f 472/2521 378/2522 369/2523
f 472/2524 369/2525 473/2526
f 477/2527 375/2528 377/2529
f 477/2530 377/2531 478/2532
f 482/2533 376/2534 378/2535
f 482/2536 378/2537 472/2538
f 483/2539 484/2540 485/2541
f 483/2542 485/2543 486/2544
f 485/2545 389/2546 388/2547
f 485/2548 388/2549 487/2550
f 479/2551 488/2552 489/2553
f 479/2554 489/2555 490/2556
f 486/2557 485/2558 487/2559
f 486/2560 487/2561 481/2562
f 491/2563 492/2564 484/2565
f 491/2566 484/2567 483/2568
f 481/2569 487/2570 488/2571
f 481/2572 488/2573 479/2574
f 490/2575 489/2576 492/2577
f 490/2578 492/2579 491/2580
f 487/2581 388/2582 394/2583
f 487/2584 394/2585 488/2586
f 489/2587 396/2588 395/2589
f 489/2590 395/2591 492/2592
f 484/2593 397/2594 389/2595
f 484/2596 389/2597 485/2598
f 488/2599 394/2600 396/2601
f 488/2602 396/2603 489/2604
f 492/2605 395/2606 397/2607
f 492/2608 397/2609 484/2610
f 493/2611 494/2612 495/2613
f 493/2614 495/2615 496/2616
f 495/2617 408/2618 407/2619
f 495/2620 407/2621 497/2622
f 490/2623 498/2624 499/2625
f 490/2626 499/2627 500/2628
f 496/2629 495/2630 497/2631
f 496/2632 497/2633 491/2634
f 501/2635 502/2636 494/2637
f 501/2638 494/2639 493/2640
f 491/2641 497/2642 498/2643
f 491/2644 498/2645 490/2646
f 500/2647 499/2648 502/2649
f 500/2650 502/2651 501/2652
f 497/2653 407/2654 413/2655
f 497/2656 413/2657 498/2658
f 499/2659 415/2660 414/2661
f 499/2662 414/2663 502/2664
f 494/2665 416/2666 408/2667
f 494/2668 408/2669 495/2670
f 498/2671 413/2672 415/2673
f 498/2674 415/2675 499/2676
f 502/2677 414/2678 416/2679
f 502/2680 416/2681 494/2682
f 503/2683 504/2684 505/2685
f 503/2686 505/2687 506/2688
f 505/2689 427/2690 426/2691
f 505/2692 426/2693 507/2694
f 500/2695 508/2696 509/2697
f 500/2698 509/2699 510/2700
f 506/2701 505/2702 507/2703
f 506/2704 507/2705 501/2706
f 511/2707 512/2708 504/2709
f 511/2710 504/2711 503/2712
f 501/2713 507/2714 508/2715
f 501/2716 508/2717 500/2718
f 510/2719 509/2720 512/2721
f 510/2722 512/2723 511/2724
f 507/2725 426/2726 432/2727
f 507/2728 432/2729 508/2730
f 509/2731 434/2732 433/2733
f 509/2734 433/2735 512/2736
f 504/2737 435/2738 427/2739
f 504/2740 427/2741 505/2742
f 508/2743 432/2744 434/2745
f 508/2746 434/2747 509/2748
f 512/2749 433/2750 435/2751
f 512/2752 435/2753 504/2754
f 513/2755 514/2756 515/2757
f 513/2758 515/2759 516/2760
f 515/2761 446/2762 445/2763
f 515/2764 445/2765 517/2766
f 510/2767 518/2768 519/2769
f 510/2770 519/2771 520/2772
f 516/2773 515/2774 517/2775
f 516/2776 517/2777 511/2778
f 521/2779 522/2780 514/2781
f 521/2782 514/2783 513/2784
f 511/2785 517/2786 518/2787
f 511/2788 518/2789 510/2790
f 520/2791 519/2792 522/2793
f 520/2794 522/2795 521/2796
f 517/2797 445/2798 451/2799
f 517/2800 451/2801 518/2802
f 519/2803 453/2804 452/2805
f 519/2806 452/2807 522/2808
f 514/2809 454/2810 446/2811
f 514/2812 446/2813 515/2814
f 518/2815 451/2816 453/2817
f 518/2818 453/2819 519/2820
f 522/2821 452/2822 454/2823
f 522/2824 454/2825 514/2826
f 483/2827 382/2828 399/2829
f 483/2830 399/2831 496/2832
f 523/2833 524/2834 525/2835
f 523/2836 525/2837 526/2838
f 476/2839 479/2840 490/2841
f 476/2842 490/2843 500/2844
f 476/2845 500/2846 510/2847
f 476/2848 510/2849 520/2850
f 525/2851 463/2852 462/2853
f 525/2854 462/2855 527/2856
f 520/2857 528/2858 529/2859
f 520/2860 529/2861 476/2862
f 526/2863 525/2864 527/2865
f 526/2866 527/2867 521/2868
f 480/2869 530/2870 524/2871
f 480/2872 524/2873 523/2874
f 521/2875 527/2876 528/2877
f 521/2878 528/2879 520/2880
f 476/2881 529/2882 530/2883
f 476/2884 530/2885 480/2886
f 527/2887 462/2888 467/2889
f 527/2890 467/2891 528/2892
f 529/2893 469/2894 468/2895
f 529/2896 468/2897 530/2898
f 524/2899 470/2900 463/2901
f 524/2902 463/2903 525/2904
f 528/2905 467/2906 469/2907
f 528/2908 469/2909 529/2910
f 530/2911 468/2912 470/2913
f 530/2914 470/2915 524/2916
f 399/2917 382/2918 384/2919
f 403/2920 418/2921 401/2922
f 422/2923 437/2924 420/2925
f 441/2926 456/2927 439/2928
f 360/2929 458/2930 357/2931
f 380/2932 362/2933 364/2934
f 496/2935 491/2936 483/2937
f 501/2938 493/2939 506/2940
f 511/2941 503/2942 516/2943
f 521/2944 513/2945 526/2946
f 474/2947 480/2948 523/2949
f 486/2950 481/2951 471/2952
f 399/2953 401/2954 493/2955
f 399/2956 493/2957 496/2958
f 418/2959 506/2960 493/2961
f 418/2962 493/2963 401/2964
f 418/2965 420/2966 503/2967
f 418/2968 503/2969 506/2970
f 437/2971 516/2972 503/2973
f 437/2974 503/2975 420/2976
f 437/2977 439/2978 513/2979
f 437/2980 513/2981 516/2982
f 456/2983 526/2984 513/2985
f 456/2986 513/2987 439/2988
f 456/2989 458/2990 523/2991
f 456/2992 523/2993 526/2994
f 458/2995 360/2996 474/2997
f 458/2998 474/2999 523/3000
f 360/3001 362/3002 471/3003
f 360/3004 471/3005 474/3006
f 380/3007 486/3008 471/3009
f 380/3010 471/3011 362/3012
f 380/3013 382/3014 483/3015
f 380/3016 483/3017 486/3018
