mtllib pink_guns.mtl
o Body
g Body
usemtl PinkWhite
v 0.14336 0.04299 0.10891
v 0.14336 0.04299 0.06647
v 0.14336 0.41862 0.06647
v 0.14336 0.41862 0.10891
v -0.14336 0.04299 0.10891
v -0.10652 -0.01435 0.10891
v 0.10652 -0.01435 0.10891
v 0.08223 0.51893 0.10891
v -0.08223 0.51893 0.10891
v -0.14336 0.41862 0.10891
v 0.08223 0.51893 0.06647
v -0.08223 0.51893 0.06647
v 0.10652 -0.01435 0.06647
v -0.10652 -0.01435 0.06647
v -0.14336 0.04299 0.06647
v -0.14336 0.41862 0.06647
v -0.03529 0.06015 1.20492
v -0.03480 0.04168 1.28966
v 0.03480 0.04168 1.28966
v 0.03529 0.06015 1.20492
v -0.03492 -0.03578 1.23423
v -0.03476 -0.08171 1.24243
v -0.03503 -0.08952 1.27778
v -0.03423 -0.04408 1.29424
v 0.03423 -0.04408 1.29424
v 0.03524 0.05105 1.36258
v 0.03511 -0.00866 1.36531
v 0.03514 -0.03594 1.34223
v 0.03492 -0.03578 1.23423
v -0.03486 -0.12595 1.26127
v -0.03499 -0.16333 1.23737
v 0.03499 -0.16333 1.23737
v 0.03486 -0.12595 1.26127
v 0.03477 -0.08171 1.24243
v 0.03503 -0.08952 1.27778
v 0.03493 -0.16474 1.23290
v 0.03489 -0.16117 1.22407
v 0.03489 -0.15859 1.22306
v 0.03456 -0.12406 1.23790
v -0.03489 -0.15859 1.22306
v -0.03456 -0.12406 1.23790
v -0.03489 -0.16117 1.22407
v -0.03493 -0.16474 1.23290
v -0.03514 -0.03594 1.34223
v -0.03511 -0.00866 1.36531
v -0.03524 0.05105 1.36258
v 0.10565 0.15855 -2.32968
v 0.09150 0.10572 -2.32968
v 0.05283 0.06705 -2.32968
v 0.00000 0.05289 -2.32968
v -0.05283 0.06705 -2.32968
v -0.09150 0.10572 -2.32968
v -0.10565 0.15855 -2.32968
v -0.09115 0.21279 -2.32931
v -0.06542 0.25804 -2.32767
v 0.06542 0.25804 -2.32767
v 0.09115 0.21279 -2.32931
v 0.10565 0.40039 -2.32968
v 0.09115 0.34614 -2.32931
v 0.06542 0.30089 -2.32767
v -0.06542 0.30089 -2.32767
v -0.09115 0.34614 -2.32931
v -0.10565 0.40039 -2.32968
v -0.09150 0.45321 -2.32968
v -0.05283 0.49188 -2.32968
v 0.00000 0.50604 -2.32968
v 0.05283 0.49188 -2.32968
v 0.09150 0.45321 -2.32968
v 0.10565 0.15855 -2.25074
v 0.09115 0.21279 -2.25111
v 0.06542 0.25804 -2.25275
v -0.06542 0.25804 -2.25275
v -0.09115 0.21279 -2.25111
v -0.10565 0.15855 -2.25074
v -0.09150 0.10572 -2.25074
v -0.05283 0.06705 -2.25074
v 0.00000 0.05289 -2.25074
v 0.05283 0.06705 -2.25074
v 0.09150 0.10572 -2.25074
v 0.10565 0.40039 -2.25074
v 0.09150 0.45321 -2.25074
v 0.05283 0.49188 -2.25074
v 0.00000 0.50604 -2.25074
v -0.05283 0.49188 -2.25074
v -0.09150 0.45321 -2.25074
v -0.10565 0.40039 -2.25074
v -0.09115 0.34614 -2.25111
v -0.06542 0.30089 -2.25275
v 0.06542 0.30089 -2.25275
v 0.09115 0.34614 -2.25111
v 0.01179 0.56224 -2.27007
v 0.01179 0.56224 -2.33563
v -0.01179 0.56224 -2.33563
v -0.01179 0.56224 -2.27007
v 0.01179 0.46832 -2.33563
v 0.01179 0.46832 -2.21796
v -0.01179 0.46832 -2.21796
v -0.01179 0.46832 -2.33563
v 0.09144 0.39798 -2.38651
v 0.07919 0.44370 -2.38651
v 0.07919 0.44370 0.13844
v 0.09144 0.39798 0.13844
v 0.04572 0.47717 -2.38651
v 0.04572 0.47717 0.13844
v 0.00000 0.48942 -2.38651
v 0.00000 0.48942 0.13844
v -0.04572 0.47717 -2.38651
v -0.04572 0.47717 0.13844
v -0.07919 0.44370 -2.38651
v -0.07919 0.44370 0.13844
v -0.09144 0.39798 -2.38651
v -0.09144 0.39798 0.13844
v -0.07919 0.35226 -2.38651
v -0.07919 0.35226 0.13844
v -0.04572 0.31879 -2.38651
v -0.04572 0.31879 0.13844
v 0.00000 0.30654 -2.38651
v 0.00000 0.30654 0.13844
v 0.04572 0.31879 -2.38651
v 0.04572 0.31879 0.13844
v 0.07919 0.35226 -2.38651
v 0.07919 0.35226 0.13844
v 0.05152 0.30874 -2.38872
v 0.08924 0.34646 -2.38872
v -0.05152 0.30875 -2.38872
v -0.05152 0.30875 -2.49914
v 0.00000 0.29494 -2.49914
v 0.00000 0.29494 -2.38872
v 0.08924 0.44950 -2.38872
v 0.05152 0.48722 -2.38872
v -0.08924 0.34646 -2.38872
v -0.10304 0.39798 -2.38872
v -0.08924 0.44950 -2.38872
v -0.05152 0.48722 -2.38872
v 0.00000 0.50102 -2.38872
v 0.10304 0.39798 -2.38872
v 0.08924 0.44950 -2.49914
v 0.07989 0.44411 -2.50135
v 0.04613 0.47788 -2.50135
v 0.05152 0.48722 -2.49914
v -0.08924 0.44950 -2.49914
v -0.10304 0.39798 -2.49914
v 0.00000 0.50102 -2.49914
v 0.05152 0.30874 -2.49914
v -0.08924 0.34646 -2.49914
v -0.05152 0.48722 -2.49914
v 0.08924 0.34646 -2.49914
v 0.10304 0.39798 -2.49914
v 0.07989 0.35185 -2.50135
v 0.07989 0.35185 -2.60000
v 0.09225 0.39798 -2.60000
v 0.09225 0.39798 -2.50135
v -0.04613 0.31809 -2.50135
v 0.00000 0.30573 -2.50135
v -0.07989 0.44411 -2.50135
v -0.09225 0.39798 -2.50135
v 0.00000 0.49023 -2.50135
v 0.04613 0.31809 -2.50135
v -0.07989 0.35185 -2.50135
v -0.04613 0.47788 -2.50135
v -0.04613 0.47788 -2.60000
v -0.03234 0.45399 -2.60000
v -0.05601 0.43032 -2.60000
v -0.07989 0.44411 -2.60000
v 0.07989 0.44411 -2.60000
v 0.04613 0.47788 -2.60000
v -0.04613 0.31809 -2.60000
v 0.00000 0.30573 -2.60000
v -0.09225 0.39798 -2.60000
v 0.00000 0.49023 -2.60000
v 0.04613 0.31809 -2.60000
v -0.07989 0.35185 -2.60000
v -0.03234 0.45399 -2.29472
v -0.05601 0.43032 -2.29472
v 0.05601 0.36564 -2.60000
v 0.06468 0.39798 -2.60000
v 0.05601 0.43032 -2.60000
v 0.03234 0.45399 -2.60000
v -0.03234 0.34197 -2.60000
v 0.00000 0.33331 -2.60000
v -0.06467 0.39798 -2.60000
v 0.00000 0.46266 -2.60000
v 0.03234 0.34197 -2.60000
v -0.05601 0.36564 -2.60000
v 0.06468 0.39798 -2.29472
v 0.05601 0.36564 -2.29472
v 0.03234 0.34197 -2.29472
v 0.00000 0.33330 -2.29472
v -0.03234 0.34197 -2.29472
v -0.05601 0.36564 -2.29472
v -0.06467 0.39798 -2.29472
v 0.00000 0.46265 -2.29472
v 0.03234 0.45399 -2.29472
v 0.05601 0.43032 -2.29472
v 0.09144 0.15960 -2.35558
v 0.07919 0.20532 -2.35558
v 0.07919 0.20532 0.13844
v 0.09144 0.15960 0.13844
v 0.04572 0.23879 -2.35558
v 0.04572 0.23879 0.13844
v 0.00000 0.25104 -2.35558
v 0.00000 0.25104 0.13844
v -0.04572 0.23879 -2.35558
v -0.04572 0.23879 0.13844
v -0.07919 0.20532 -2.35558
v -0.07919 0.20532 0.13844
v -0.09144 0.15960 -2.35558
v -0.09144 0.15960 0.13844
v -0.07919 0.11388 -2.35558
v -0.07919 0.11388 0.13844
v -0.04572 0.08041 -2.35558
v -0.04572 0.08041 0.13844
v 0.00000 0.06816 -2.35558
v 0.00000 0.06816 0.13844
v 0.04572 0.08041 -2.35558
v 0.04572 0.08041 0.13844
v 0.07919 0.11388 -2.35558
v 0.07919 0.11388 0.13844
v 0.00000 0.26575 -2.36596
v -0.05307 0.25153 -2.36596
v -0.10615 0.15960 -2.36596
v -0.10615 0.15960 -2.53770
v -0.09193 0.10653 -2.53770
v -0.09193 0.10653 -2.36596
v 0.09193 0.10653 -2.36596
v 0.10615 0.15960 -2.36596
v 0.09193 0.21268 -2.36596
v 0.05307 0.25153 -2.36596
v 0.05307 0.06768 -2.36596
v 0.00000 0.05346 -2.36596
v -0.05307 0.06768 -2.36596
v -0.09193 0.21268 -2.36596
v 0.10615 0.15960 -2.53770
v 0.09193 0.10653 -2.53770
v 0.05307 0.06768 -2.53770
v 0.00000 0.05346 -2.53770
v -0.05307 0.06768 -2.53770
v -0.09193 0.21268 -2.53770
v -0.05307 0.25153 -2.53770
v 0.00000 0.26575 -2.53770
v 0.05307 0.25153 -2.53770
v 0.09193 0.21268 -2.53770
vt 0.09076 0.03583
vt 0.05539 0.03583
vt 0.05539 0.34885
vt 0.09076 0.03583
vt 0.05539 0.34885
vt 0.09076 0.34885
vt -0.11947 0.03583
vt -0.08877 -0.01196
vt 0.08877 -0.01196
vt -0.11947 0.03583
vt 0.08877 -0.01196
vt 0.11947 0.03583
vt -0.11947 0.03583
vt 0.11947 0.03583
vt 0.11947 0.34885
vt -0.11947 0.03583
vt 0.11947 0.34885
vt 0.06853 0.43244
vt -0.11947 0.03583
vt 0.06853 0.43244
vt -0.06853 0.43244
vt -0.11947 0.03583
vt -0.06853 0.43244
vt -0.11947 0.34885
vt 0.06853 0.09076
vt 0.06853 0.05539
vt -0.06853 0.05539
vt 0.06853 0.09076
vt -0.06853 0.05539
vt -0.06853 0.09076
vt 0.08877 0.05539
vt 0.08877 0.09076
vt -0.08877 0.09076
vt 0.08877 0.05539
vt -0.08877 0.09076
vt -0.08877 0.05539
vt -0.08877 -0.01196
vt -0.11947 0.03583
vt -0.11947 0.34885
vt -0.08877 -0.01196
vt -0.11947 0.34885
vt -0.06853 0.43244
vt -0.08877 -0.01196
vt -0.06853 0.43244
vt 0.06853 0.43244
vt -0.08877 -0.01196
vt 0.06853 0.43244
vt 0.11947 0.34885
vt -0.08877 -0.01196
vt 0.11947 0.34885
vt 0.11947 0.03583
vt -0.08877 -0.01196
vt 0.11947 0.03583
vt 0.08877 -0.01196
vt 0.09076 -0.01196
vt 0.05539 -0.01196
vt 0.05539 0.03583
vt 0.09076 -0.01196
vt 0.05539 0.03583
vt 0.09076 0.03583
vt 0.05539 0.43244
vt 0.09076 0.43244
vt 0.09076 0.34885
vt 0.05539 0.43244
vt 0.09076 0.34885
vt 0.05539 0.34885
vt 0.09076 0.03583
vt 0.05539 0.03583
vt 0.05539 -0.01196
vt 0.09076 0.03583
vt 0.05539 -0.01196
vt 0.09076 -0.01196
vt 0.05539 0.34885
vt 0.09076 0.34885
vt 0.09076 0.43244
vt 0.05539 0.34885
vt 0.09076 0.43244
vt 0.05539 0.43244
vt 0.09076 0.03583
vt 0.09076 0.34885
vt 0.05539 0.34885
vt 0.09076 0.03583
vt 0.05539 0.34885
vt 0.05539 0.03583
vt -0.02941 1.00410
vt -0.02900 1.07472
vt 0.02900 1.07472
vt -0.02941 1.00410
vt 0.02900 1.07472
vt 0.02941 1.00410
vt 1.02852 -0.02982
vt 1.03536 -0.06809
vt 1.06482 -0.07460
vt 1.02852 -0.02982
vt 1.06482 -0.07460
vt 1.07853 -0.03673
vt 1.07853 -0.03673
vt 1.07472 0.03473
vt 1.13548 0.04254
vt 1.07853 -0.03673
vt 1.13548 0.04254
vt 1.13776 -0.00722
vt 1.07853 -0.03673
vt 1.13776 -0.00722
vt 1.11852 -0.02995
vt 1.00410 0.05013
vt 1.02852 -0.02982
vt 1.07853 -0.03673
vt 1.00410 0.05013
vt 1.07853 -0.03673
vt 1.07472 0.03473
vt 1.07472 0.03473
vt 1.07853 -0.03673
vt 1.02852 -0.02982
vt 1.07472 0.03473
vt 1.02852 -0.02982
vt 1.00410 0.05013
vt -0.02905 -0.10496
vt -0.02916 -0.13611
vt 0.02916 -0.13611
vt -0.02905 -0.10496
vt 0.02916 -0.13611
vt 0.02905 -0.10496
vt 0.02910 -0.02982
vt 0.02898 -0.06809
vt -0.02897 -0.06809
vt 0.02910 -0.02982
vt -0.02897 -0.06809
vt -0.02910 -0.02982
vt -0.02852 -0.03673
vt -0.02919 -0.07460
vt 0.02919 -0.07460
vt -0.02852 -0.03673
vt 0.02919 -0.07460
vt 0.02852 -0.03673
vt 1.05106 -0.10496
vt 1.03114 -0.13611
vt 1.02742 -0.13728
vt 1.05106 -0.10496
vt 1.02742 -0.13728
vt 1.02006 -0.13431
vt 1.05106 -0.10496
vt 1.02006 -0.13431
vt 1.01922 -0.13216
vt 1.05106 -0.10496
vt 1.01922 -0.13216
vt 1.03158 -0.10338
vt 0.02880 -0.10338
vt 0.02908 -0.13216
vt -0.02908 -0.13216
vt 0.02880 -0.10338
vt -0.02908 -0.13216
vt -0.02880 -0.10338
vt -0.02908 1.02006
vt 0.02908 1.02006
vt 0.02911 1.02742
vt -0.02908 1.02006
vt 0.02911 1.02742
vt -0.02911 1.02742
vt 1.07853 -0.03673
vt 1.06482 -0.07460
vt 1.03536 -0.06809
vt 1.07853 -0.03673
vt 1.03536 -0.06809
vt 1.02852 -0.02982
vt 0.02941 0.05013
vt 0.02910 -0.02982
vt -0.02910 -0.02982
vt 0.02941 0.05013
vt -0.02910 -0.02982
vt -0.02941 0.05013
vt 1.07472 0.03473
vt 1.07853 -0.03673
vt 1.11852 -0.02995
vt 1.07472 0.03473
vt 1.11852 -0.02995
vt 1.13776 -0.00722
vt 1.07472 0.03473
vt 1.13776 -0.00722
vt 1.13548 0.04254
vt -0.02937 0.04254
vt -0.02926 -0.00722
vt 0.02926 -0.00722
vt -0.02937 0.04254
vt 0.02926 -0.00722
vt 0.02937 0.04254
vt 0.02900 1.07472
vt -0.02900 1.07472
vt -0.02937 1.13548
vt 0.02900 1.07472
vt -0.02937 1.13548
vt 0.02937 1.13548
vt -0.02928 -0.02995
vt 0.02928 -0.02995
vt 0.02926 -0.00722
vt -0.02928 -0.02995
vt 0.02926 -0.00722
vt -0.02926 -0.00722
vt -0.02852 1.07853
vt 0.02852 1.07853
vt 0.02928 1.11852
vt -0.02852 1.07853
vt 0.02928 1.11852
vt -0.02928 1.11852
vt -0.02897 -0.06809
vt 0.02898 -0.06809
vt 0.02880 -0.10338
vt -0.02897 -0.06809
vt 0.02880 -0.10338
vt -0.02880 -0.10338
vt 1.03536 -0.06809
vt 1.06482 -0.07460
vt 1.05106 -0.10496
vt 1.03536 -0.06809
vt 1.05106 -0.10496
vt 1.03158 -0.10338
vt 1.06482 -0.07460
vt 1.03536 -0.06809
vt 1.03158 -0.10338
vt 1.06482 -0.07460
vt 1.03158 -0.10338
vt 1.05106 -0.10496
vt 0.02919 -0.07460
vt -0.02919 -0.07460
vt -0.02905 -0.10496
vt 0.02919 -0.07460
vt -0.02905 -0.10496
vt 0.02905 -0.10496
vt 0.02908 -0.13431
vt -0.02908 -0.13431
vt -0.02908 -0.13216
vt 0.02908 -0.13431
vt -0.02908 -0.13216
vt 0.02908 -0.13216
vt -0.02911 1.02742
vt 0.02911 1.02742
vt 0.02916 1.03114
vt -0.02911 1.02742
vt 0.02916 1.03114
vt -0.02916 1.03114
vt 1.03158 -0.10338
vt 1.01922 -0.13216
vt 1.02006 -0.13431
vt 1.03158 -0.10338
vt 1.02006 -0.13431
vt 1.02742 -0.13728
vt 1.03158 -0.10338
vt 1.02742 -0.13728
vt 1.03114 -0.13611
vt 1.03158 -0.10338
vt 1.03114 -0.13611
vt 1.05106 -0.10496
vt 0.08804 0.13212
vt 0.07625 0.08810
vt 0.04403 0.05588
vt 0.08804 0.13212
vt 0.04403 0.05588
vt 0.00000 0.04408
vt 0.08804 0.13212
vt 0.00000 0.04408
vt -0.04403 0.05588
vt 0.08804 0.13212
vt -0.04403 0.05588
vt -0.07625 0.08810
vt 0.08804 0.13212
vt -0.07625 0.08810
vt -0.08804 0.13212
vt 0.08804 0.13212
vt -0.08804 0.13212
vt -0.07596 0.17733
vt 0.08804 0.13212
vt -0.07596 0.17733
vt -0.05452 0.21503
vt 0.08804 0.13212
vt -0.05452 0.21503
vt 0.05452 0.21503
vt 0.08804 0.13212
vt 0.05452 0.21503
vt 0.07596 0.17733
vt 0.08804 0.33366
vt 0.07596 0.28845
vt 0.05452 0.25074
vt 0.08804 0.33366
vt 0.05452 0.25074
vt -0.05452 0.25074
vt 0.08804 0.33366
vt -0.05452 0.25074
vt -0.07596 0.28845
vt 0.08804 0.33366
vt -0.07596 0.28845
vt -0.08804 0.33366
vt 0.08804 0.33366
vt -0.08804 0.33366
vt -0.07625 0.37768
vt 0.08804 0.33366
vt -0.07625 0.37768
vt -0.04403 0.40990
vt 0.08804 0.33366
vt -0.04403 0.40990
vt 0.00000 0.42170
vt 0.08804 0.33366
vt 0.00000 0.42170
vt 0.04403 0.40990
vt 0.08804 0.33366
vt 0.04403 0.40990
vt 0.07625 0.37768
vt 0.08804 0.13212
vt 0.07596 0.17733
vt 0.05452 0.21503
vt 0.08804 0.13212
vt 0.05452 0.21503
vt -0.05452 0.21503
vt 0.08804 0.13212
vt -0.05452 0.21503
vt -0.07596 0.17733
vt 0.08804 0.13212
vt -0.07596 0.17733
vt -0.08804 0.13212
vt 0.08804 0.13212
vt -0.08804 0.13212
vt -0.07625 0.08810
vt 0.08804 0.13212
vt -0.07625 0.08810
vt -0.04403 0.05588
vt 0.08804 0.13212
vt -0.04403 0.05588
vt 0.00000 0.04408
vt 0.08804 0.13212
vt 0.00000 0.04408
vt 0.04403 0.05588
vt 0.08804 0.13212
vt 0.04403 0.05588
vt 0.07625 0.08810
vt 0.08804 0.33366
vt 0.07625 0.37768
vt 0.04403 0.40990
vt 0.08804 0.33366
vt 0.04403 0.40990
vt 0.00000 0.42170
vt 0.08804 0.33366
vt 0.00000 0.42170
vt -0.04403 0.40990
vt 0.08804 0.33366
vt -0.04403 0.40990
vt -0.07625 0.37768
vt 0.08804 0.33366
vt -0.07625 0.37768
vt -0.08804 0.33366
vt 0.08804 0.33366
vt -0.08804 0.33366
vt -0.07596 0.28845
vt 0.08804 0.33366
vt -0.07596 0.28845
vt -0.05452 0.25074
vt 0.08804 0.33366
vt -0.05452 0.25074
vt 0.05452 0.25074
vt 0.08804 0.33366
vt 0.05452 0.25074
vt 0.07596 0.28845
vt -0.05452 0.25074
vt 0.05452 0.25074
vt 0.05452 0.21503
vt -0.05452 0.25074
vt 0.05452 0.21503
vt -0.05452 0.21503
vt -0.05452 0.25074
vt -0.05452 0.21503
vt 0.05452 0.21503
vt -0.05452 0.25074
vt 0.05452 0.21503
vt 0.05452 0.25074
vt -0.04403 -1.94140
vt 0.00000 -1.94140
vt 0.00000 -1.87562
vt -0.04403 -1.94140
vt 0.00000 -1.87562
vt -0.04403 -1.87562
vt -1.94109 0.28845
vt -1.94140 0.33366
vt -1.87562 0.33366
vt -1.94109 0.28845
vt -1.87562 0.33366
vt -1.87593 0.28845
vt -1.94109 0.17733
vt -1.93972 0.21503
vt -1.87729 0.21503
vt -1.94109 0.17733
vt -1.87729 0.21503
vt -1.87593 0.17733
vt -0.04403 -1.94140
vt -0.07625 -1.94140
vt -0.07625 -1.87562
vt -0.04403 -1.94140
vt -0.07625 -1.87562
vt -0.04403 -1.87562
vt 0.00000 -1.94140
vt 0.04403 -1.94140
vt 0.04403 -1.87562
vt 0.00000 -1.94140
vt 0.04403 -1.87562
vt 0.00000 -1.87562
vt -1.93972 0.21503
vt -1.93972 0.25074
vt -1.87729 0.25074
vt -1.93972 0.21503
vt -1.87729 0.25074
vt -1.87729 0.21503
vt -1.94140 0.37768
vt -1.94140 0.33366
vt -1.87562 0.33366
vt -1.94140 0.37768
vt -1.87562 0.33366
vt -1.87562 0.37768
vt -1.94140 0.05588
vt -1.94140 0.08810
vt -1.87562 0.08810
vt -1.94140 0.05588
vt -1.87562 0.08810
vt -1.87562 0.05588
vt -1.94140 0.33366
vt -1.94109 0.28845
vt -1.87593 0.28845
vt -1.94140 0.33366
vt -1.87593 0.28845
vt -1.87562 0.33366
vt -1.94140 0.08810
vt -1.94140 0.13212
vt -1.87562 0.13212
vt -1.94140 0.08810
vt -1.87562 0.13212
vt -1.87562 0.08810
vt -1.93972 0.25074
vt -1.93972 0.21503
vt -1.87729 0.21503
vt -1.93972 0.25074
vt -1.87729 0.21503
vt -1.87729 0.25074
vt -1.93972 0.21503
vt -1.94109 0.17733
vt -1.87593 0.17733
vt -1.93972 0.21503
vt -1.87593 0.17733
vt -1.87729 0.21503
vt -1.94109 0.28845
vt -1.93972 0.25074
vt -1.87729 0.25074
vt -1.94109 0.28845
vt -1.87729 0.25074
vt -1.87593 0.28845
vt -1.94140 0.33366
vt -1.94140 0.37768
vt -1.87562 0.37768
vt -1.94140 0.33366
vt -1.87562 0.37768
vt -1.87562 0.33366
vt -1.94109 0.17733
vt -1.94140 0.13212
vt -1.87562 0.13212
vt -1.94109 0.17733
vt -1.87562 0.13212
vt -1.87593 0.17733
vt 0.07625 -1.94140
vt 0.04403 -1.94140
vt 0.04403 -1.87562
vt 0.07625 -1.94140
vt 0.04403 -1.87562
vt 0.07625 -1.87562
vt -1.94140 0.13212
vt -1.94140 0.08810
vt -1.87562 0.08810
vt -1.94140 0.13212
vt -1.87562 0.08810
vt -1.87562 0.13212
vt 0.04403 -1.94140
vt 0.00000 -1.94140
vt 0.00000 -1.87562
vt 0.04403 -1.94140
vt 0.00000 -1.87562
vt 0.04403 -1.87562
vt -1.94140 0.08810
vt -1.94140 0.05588
vt -1.87562 0.05588
vt -1.94140 0.08810
vt -1.87562 0.05588
vt -1.87562 0.08810
vt -1.93972 0.25074
vt -1.94109 0.28845
vt -1.87593 0.28845
vt -1.93972 0.25074
vt -1.87593 0.28845
vt -1.87729 0.25074
vt -1.94140 0.13212
vt -1.94109 0.17733
vt -1.87593 0.17733
vt -1.94140 0.13212
vt -1.87593 0.17733
vt -1.87562 0.13212
vt 0.00000 -1.94140
vt -0.04403 -1.94140
vt -0.04403 -1.87562
vt 0.00000 -1.94140
vt -0.04403 -1.87562
vt 0.00000 -1.87562
vt 0.00983 -1.89173
vt 0.00983 -1.94636
vt -0.00983 -1.94636
vt 0.00983 -1.89173
vt -0.00983 -1.94636
vt -0.00983 -1.89173
vt -1.94636 0.39027
vt -1.94636 0.46853
vt -1.89173 0.46853
vt -1.94636 0.39027
vt -1.89173 0.46853
vt -1.84830 0.39027
vt 0.00983 -1.84830
vt -0.00983 -1.84830
vt -0.00983 -1.94636
vt 0.00983 -1.84830
vt -0.00983 -1.94636
vt 0.00983 -1.94636
vt 0.00983 0.39027
vt 0.00983 0.46853
vt -0.00983 0.46853
vt 0.00983 0.39027
vt -0.00983 0.46853
vt -0.00983 0.39027
vt -0.00983 0.39027
vt -0.00983 0.46853
vt 0.00983 0.46853
vt -0.00983 0.39027
vt 0.00983 0.46853
vt 0.00983 0.39027
vt -1.84830 0.39027
vt -1.89173 0.46853
vt -1.94636 0.46853
vt -1.84830 0.39027
vt -1.94636 0.46853
vt -1.94636 0.39027
vt -1.98876 0.33165
vt -1.98876 0.36975
vt 0.11537 0.36975
vt -1.98876 0.33165
vt 0.11537 0.36975
vt 0.11537 0.33165
vt -1.98876 0.36975
vt -1.98876 0.39764
vt 0.11537 0.39764
vt -1.98876 0.36975
vt 0.11537 0.39764
vt 0.11537 0.36975
vt 0.03810 -1.98876
vt 0.00000 -1.98876
vt 0.00000 0.11537
vt 0.03810 -1.98876
vt 0.00000 0.11537
vt 0.03810 0.11537
vt 0.00000 -1.98876
vt -0.03810 -1.98876
vt -0.03810 0.11537
vt 0.00000 -1.98876
vt -0.03810 0.11537
vt 0.00000 0.11537
vt -1.98876 0.39764
vt -1.98876 0.36975
vt 0.11537 0.36975
vt -1.98876 0.39764
vt 0.11537 0.36975
vt 0.11537 0.39764
vt -1.98876 0.36975
vt -1.98876 0.33165
vt 0.11537 0.33165
vt -1.98876 0.36975
vt 0.11537 0.33165
vt 0.11537 0.36975
vt -1.98876 0.33165
vt -1.98876 0.29355
vt 0.11537 0.29355
vt -1.98876 0.33165
vt 0.11537 0.29355
vt 0.11537 0.33165
vt -1.98876 0.29355
vt -1.98876 0.26566
vt 0.11537 0.26566
vt -1.98876 0.29355
vt 0.11537 0.26566
vt 0.11537 0.29355
vt -0.03810 -1.98876
vt 0.00000 -1.98876
vt 0.00000 0.11537
vt -0.03810 -1.98876
vt 0.00000 0.11537
vt -0.03810 0.11537
vt 0.00000 -1.98876
vt 0.03810 -1.98876
vt 0.03810 0.11537
vt 0.00000 -1.98876
vt 0.03810 0.11537
vt 0.00000 0.11537
vt -1.98876 0.26566
vt -1.98876 0.29355
vt 0.11537 0.29355
vt -1.98876 0.26566
vt 0.11537 0.29355
vt 0.11537 0.26566
vt -1.98876 0.29355
vt -1.98876 0.33165
vt 0.11537 0.33165
vt -1.98876 0.29355
vt 0.11537 0.33165
vt 0.11537 0.29355
vt 0.03810 0.26566
vt 0.04293 0.25728
vt 0.07437 0.28872
vt 0.03810 0.26566
vt 0.07437 0.28872
vt 0.06599 0.29355
vt -0.04293 -1.99060
vt -0.04293 -2.08262
vt 0.00000 -2.08262
vt -0.04293 -1.99060
vt 0.00000 -2.08262
vt 0.00000 -1.99060
vt 0.06599 0.36975
vt 0.07437 0.37458
vt 0.04293 0.40602
vt 0.06599 0.36975
vt 0.04293 0.40602
vt 0.03810 0.39764
vt 0.00000 0.25545
vt 0.00000 0.24578
vt 0.04293 0.25728
vt 0.00000 0.25545
vt 0.04293 0.25728
vt 0.03810 0.26566
vt -0.03810 0.26566
vt -0.04293 0.25729
vt 0.00000 0.24578
vt -0.03810 0.26566
vt 0.00000 0.24578
vt 0.00000 0.25545
vt -0.06599 0.29355
vt -0.07437 0.28872
vt -0.04293 0.25729
vt -0.06599 0.29355
vt -0.04293 0.25729
vt -0.03810 0.26566
vt -0.07620 0.33165
vt -0.08587 0.33165
vt -0.07437 0.28872
vt -0.07620 0.33165
vt -0.07437 0.28872
vt -0.06599 0.29355
vt -0.06599 0.36975
vt -0.07437 0.37458
vt -0.08587 0.33165
vt -0.06599 0.36975
vt -0.08587 0.33165
vt -0.07620 0.33165
vt -0.03810 0.39764
vt -0.04293 0.40602
vt -0.07437 0.37458
vt -0.03810 0.39764
vt -0.07437 0.37458
vt -0.06599 0.36975
vt 0.00000 0.40785
vt 0.00000 0.41752
vt -0.04293 0.40602
vt 0.00000 0.40785
vt -0.04293 0.40602
vt -0.03810 0.39764
vt 0.06599 0.29355
vt 0.07437 0.28872
vt 0.08587 0.33165
vt 0.06599 0.29355
vt 0.08587 0.33165
vt 0.07620 0.33165
vt 0.07620 0.33165
vt 0.08587 0.33165
vt 0.07437 0.37458
vt 0.07620 0.33165
vt 0.07437 0.37458
vt 0.06599 0.36975
vt 0.03810 0.39764
vt 0.04293 0.40602
vt 0.00000 0.41752
vt 0.03810 0.39764
vt 0.00000 0.41752
vt 0.00000 0.40785
vt 0.07437 0.37458
vt 0.06658 0.37009
vt 0.03844 0.39823
vt 0.07437 0.37458
vt 0.03844 0.39823
vt 0.04293 0.40602
vt -1.99060 0.37458
vt -2.08262 0.37458
vt -2.08262 0.33165
vt -1.99060 0.37458
vt -2.08262 0.33165
vt -1.99060 0.33165
vt 0.04293 -1.99060
vt 0.04293 -2.08262
vt 0.00000 -2.08262
vt 0.04293 -1.99060
vt 0.00000 -2.08262
vt 0.00000 -1.99060
vt 0.00000 -1.99060
vt 0.00000 -2.08262
vt 0.04293 -2.08262
vt 0.00000 -1.99060
vt 0.04293 -2.08262
vt 0.04293 -1.99060
vt -1.99060 0.33165
vt -2.08262 0.33165
vt -2.08262 0.28872
vt -1.99060 0.33165
vt -2.08262 0.28872
vt -1.99060 0.28872
vt 0.00000 -1.99060
vt 0.00000 -2.08262
vt -0.04293 -2.08262
vt 0.00000 -1.99060
vt -0.04293 -2.08262
vt -0.04293 -1.99060
vt 0.04293 -1.99060
vt 0.04293 -2.08262
vt 0.07437 -2.08262
vt 0.04293 -1.99060
vt 0.07437 -2.08262
vt 0.07437 -1.99060
vt -1.99060 0.33165
vt -2.08262 0.33165
vt -2.08262 0.37458
vt -1.99060 0.33165
vt -2.08262 0.37458
vt -1.99060 0.37458
vt -0.07437 -1.99060
vt -0.07437 -2.08262
vt -0.04293 -2.08262
vt -0.07437 -1.99060
vt -0.04293 -2.08262
vt -0.04293 -1.99060
vt -0.04293 -1.99060
vt -0.04293 -2.08262
vt -0.07437 -2.08262
vt -0.04293 -1.99060
vt -0.07437 -2.08262
vt -0.07437 -1.99060
vt -1.99060 0.28872
vt -2.08262 0.28872
vt -2.08262 0.33165
vt -1.99060 0.28872
vt -2.08262 0.33165
vt -1.99060 0.33165
vt 0.07437 -1.99060
vt 0.07437 -2.08262
vt 0.04293 -2.08262
vt 0.07437 -1.99060
vt 0.04293 -2.08262
vt 0.04293 -1.99060
vt -2.08446 0.29321
vt -2.16667 0.29321
vt -2.16667 0.33165
vt -2.08446 0.29321
vt -2.16667 0.33165
vt -2.08446 0.33165
vt -0.04293 0.25729
vt -0.03844 0.26508
vt 0.00000 0.25478
vt -0.04293 0.25729
vt 0.00000 0.25478
vt 0.00000 0.24578
vt -0.07437 0.37458
vt -0.06658 0.37009
vt -0.07687 0.33165
vt -0.07437 0.37458
vt -0.07687 0.33165
vt -0.08587 0.33165
vt 0.04293 0.40602
vt 0.03844 0.39823
vt 0.00000 0.40853
vt 0.04293 0.40602
vt 0.00000 0.40853
vt 0.00000 0.41752
vt 0.00000 0.24578
vt 0.00000 0.25478
vt 0.03844 0.26508
vt 0.00000 0.24578
vt 0.03844 0.26508
vt 0.04293 0.25728
vt -0.08587 0.33165
vt -0.07687 0.33165
vt -0.06658 0.29321
vt -0.08587 0.33165
vt -0.06658 0.29321
vt -0.07437 0.28872
vt 0.00000 0.41752
vt 0.00000 0.40853
vt -0.03844 0.39823
vt 0.00000 0.41752
vt -0.03844 0.39823
vt -0.04293 0.40602
vt 0.04293 0.25728
vt 0.03844 0.26508
vt 0.06658 0.29321
vt 0.04293 0.25728
vt 0.06658 0.29321
vt 0.07437 0.28872
vt 0.08587 0.33165
vt 0.07687 0.33165
vt 0.06658 0.37009
vt 0.08587 0.33165
vt 0.06658 0.37009
vt 0.07437 0.37458
vt -0.07437 0.28872
vt -0.06658 0.29321
vt -0.03844 0.26508
vt -0.07437 0.28872
vt -0.03844 0.26508
vt -0.04293 0.25729
vt -0.04293 0.40602
vt -0.03844 0.39823
vt -0.06658 0.37009
vt -0.04293 0.40602
vt -0.06658 0.37009
vt -0.07437 0.37458
vt 0.07437 0.28872
vt 0.06658 0.29321
vt 0.07687 0.33165
vt 0.07437 0.28872
vt 0.07687 0.33165
vt 0.08587 0.33165
vt -0.03844 0.39823
vt -0.02695 0.37833
vt -0.04668 0.35860
vt -0.03844 0.39823
vt -0.04668 0.35860
vt -0.06658 0.37009
vt -2.08446 0.37009
vt -2.16667 0.37009
vt -2.16667 0.39823
vt -2.08446 0.37009
vt -2.16667 0.39823
vt -2.08446 0.39823
vt -0.03844 -2.08446
vt -0.03844 -2.16667
vt 0.00000 -2.16667
vt -0.03844 -2.08446
vt 0.00000 -2.16667
vt 0.00000 -2.08446
vt -2.08446 0.37009
vt -2.16667 0.37009
vt -2.16667 0.33165
vt -2.08446 0.37009
vt -2.16667 0.33165
vt -2.08446 0.33165
vt 0.03844 -2.08446
vt 0.03844 -2.16667
vt 0.00000 -2.16667
vt 0.03844 -2.08446
vt 0.00000 -2.16667
vt 0.00000 -2.08446
vt 0.00000 -2.08446
vt 0.00000 -2.16667
vt 0.03844 -2.16667
vt 0.00000 -2.08446
vt 0.03844 -2.16667
vt 0.03844 -2.08446
vt -2.08446 0.33165
vt -2.16667 0.33165
vt -2.16667 0.29321
vt -2.08446 0.33165
vt -2.16667 0.29321
vt -2.08446 0.29321
vt 0.00000 -2.08446
vt 0.00000 -2.16667
vt -0.03844 -2.16667
vt 0.00000 -2.08446
vt -0.03844 -2.16667
vt -0.03844 -2.08446
vt -2.08446 0.26508
vt -2.16667 0.26508
vt -2.16667 0.29321
vt -2.08446 0.26508
vt -2.16667 0.29321
vt -2.08446 0.29321
vt -2.08446 0.33165
vt -2.16667 0.33165
vt -2.16667 0.37009
vt -2.08446 0.33165
vt -2.16667 0.37009
vt -2.08446 0.37009
vt -2.08446 0.29321
vt -2.16667 0.29321
vt -2.16667 0.26508
vt -2.08446 0.29321
vt -2.16667 0.26508
vt -2.08446 0.26508
vt -2.08446 0.39823
vt -2.16667 0.39823
vt -2.16667 0.37009
vt -2.08446 0.39823
vt -2.16667 0.37009
vt -2.08446 0.37009
vt -2.16667 0.37833
vt -1.91227 0.37833
vt -1.91227 0.35860
vt -2.16667 0.37833
vt -1.91227 0.35860
vt -2.16667 0.35860
vt 0.06658 0.29321
vt 0.04668 0.30470
vt 0.05390 0.33165
vt 0.06658 0.29321
vt 0.05390 0.33165
vt 0.07687 0.33165
vt 0.06658 0.37009
vt 0.04668 0.35860
vt 0.02695 0.37833
vt 0.06658 0.37009
vt 0.02695 0.37833
vt 0.03844 0.39823
vt -0.03844 0.26508
vt -0.02695 0.28498
vt 0.00000 0.27776
vt -0.03844 0.26508
vt 0.00000 0.27776
vt 0.00000 0.25478
vt -0.06658 0.37009
vt -0.04668 0.35860
vt -0.05389 0.33165
vt -0.06658 0.37009
vt -0.05389 0.33165
vt -0.07687 0.33165
vt 0.03844 0.39823
vt 0.02695 0.37833
vt 0.00000 0.38555
vt 0.03844 0.39823
vt 0.00000 0.38555
vt 0.00000 0.40853
vt 0.00000 0.25478
vt 0.00000 0.27776
vt 0.02695 0.28498
vt 0.00000 0.25478
vt 0.02695 0.28498
vt 0.03844 0.26508
vt -0.07687 0.33165
vt -0.05389 0.33165
vt -0.04668 0.30470
vt -0.07687 0.33165
vt -0.04668 0.30470
vt -0.06658 0.29321
vt 0.00000 0.40853
vt 0.00000 0.38555
vt -0.02695 0.37833
vt 0.00000 0.40853
vt -0.02695 0.37833
vt -0.03844 0.39823
vt 0.03844 0.26508
vt 0.02695 0.28498
vt 0.04668 0.30470
vt 0.03844 0.26508
vt 0.04668 0.30470
vt 0.06658 0.29321
vt 0.07687 0.33165
vt 0.05390 0.33165
vt 0.04668 0.35860
vt 0.07687 0.33165
vt 0.04668 0.35860
vt 0.06658 0.37009
vt -0.06658 0.29321
vt -0.04668 0.30470
vt -0.02695 0.28498
vt -0.06658 0.29321
vt -0.02695 0.28498
vt -0.03844 0.26508
vt 0.05390 0.33165
vt 0.04668 0.30470
vt 0.02695 0.28498
vt 0.05390 0.33165
vt 0.02695 0.28498
vt 0.00000 0.27775
vt 0.05390 0.33165
vt 0.00000 0.27775
vt -0.02695 0.28498
vt 0.05390 0.33165
vt -0.02695 0.28498
vt -0.04668 0.30470
vt 0.05390 0.33165
vt -0.04668 0.30470
vt -0.05389 0.33165
vt 0.05390 0.33165
vt -0.05389 0.33165
vt -0.04668 0.35860
vt 0.05390 0.33165
vt -0.04668 0.35860
vt -0.02695 0.37833
vt 0.05390 0.33165
vt -0.02695 0.37833
vt 0.00000 0.38554
vt 0.05390 0.33165
vt 0.00000 0.38554
vt 0.02695 0.37833
vt 0.05390 0.33165
vt 0.02695 0.37833
vt 0.04668 0.35860
vt -2.16667 0.30470
vt -1.91227 0.30470
vt -1.91227 0.33165
vt -2.16667 0.30470
vt -1.91227 0.33165
vt -2.16667 0.33165
vt -2.16667 0.35860
vt -1.91227 0.35860
vt -1.91227 0.37833
vt -2.16667 0.35860
vt -1.91227 0.37833
vt -2.16667 0.37833
vt -0.02695 -2.16667
vt -0.02695 -1.91227
vt 0.00000 -1.91227
vt -0.02695 -2.16667
vt 0.00000 -1.91227
vt 0.00000 -2.16667
vt -2.16667 0.35860
vt -1.91227 0.35860
vt -1.91227 0.33165
vt -2.16667 0.35860
vt -1.91227 0.33165
vt -2.16667 0.33165
vt 0.02695 -2.16667
vt 0.02695 -1.91227
vt 0.00000 -1.91227
vt 0.02695 -2.16667
vt 0.00000 -1.91227
vt 0.00000 -2.16667
vt 0.00000 -2.16667
vt 0.00000 -1.91227
vt 0.02695 -1.91227
vt 0.00000 -2.16667
vt 0.02695 -1.91227
vt 0.02695 -2.16667
vt -2.16667 0.33165
vt -1.91227 0.33165
vt -1.91227 0.30470
vt -2.16667 0.33165
vt -1.91227 0.30470
vt -2.16667 0.30470
vt 0.00000 -2.16667
vt 0.00000 -1.91227
vt -0.02695 -1.91227
vt 0.00000 -2.16667
vt -0.02695 -1.91227
vt -0.02695 -2.16667
vt -2.16667 0.28498
vt -1.91227 0.28498
vt -1.91227 0.30470
vt -2.16667 0.28498
vt -1.91227 0.30470
vt -2.16667 0.30470
vt -2.16667 0.33165
vt -1.91227 0.33165
vt -1.91227 0.35860
vt -2.16667 0.33165
vt -1.91227 0.35860
vt -2.16667 0.35860
vt -2.16667 0.30470
vt -1.91227 0.30470
vt -1.91227 0.28498
vt -2.16667 0.30470
vt -1.91227 0.28498
vt -2.16667 0.28498
vt -1.96298 0.13300
vt -1.96298 0.17110
vt 0.11537 0.17110
vt -1.96298 0.13300
vt 0.11537 0.17110
vt 0.11537 0.13300
vt -1.96298 0.17110
vt -1.96298 0.19899
vt 0.11537 0.19899
vt -1.96298 0.17110
vt 0.11537 0.19899
vt 0.11537 0.17110
vt 0.03810 -1.96298
vt 0.00000 -1.96298
vt 0.00000 0.11537
vt 0.03810 -1.96298
vt 0.00000 0.11537
vt 0.03810 0.11537
vt 0.00000 -1.96298
vt -0.03810 -1.96298
vt -0.03810 0.11537
vt 0.00000 -1.96298
vt -0.03810 0.11537
vt 0.00000 0.11537
vt -1.96298 0.19899
vt -1.96298 0.17110
vt 0.11537 0.17110
vt -1.96298 0.19899
vt 0.11537 0.17110
vt 0.11537 0.19899
vt -1.96298 0.17110
vt -1.96298 0.13300
vt 0.11537 0.13300
vt -1.96298 0.17110
vt 0.11537 0.13300
vt 0.11537 0.17110
vt -1.96298 0.13300
vt -1.96298 0.09490
vt 0.11537 0.09490
vt -1.96298 0.13300
vt 0.11537 0.09490
vt 0.11537 0.13300
vt -1.96298 0.09490
vt -1.96298 0.06701
vt 0.11537 0.06701
vt -1.96298 0.09490
vt 0.11537 0.06701
vt 0.11537 0.09490
vt -0.03810 -1.96298
vt 0.00000 -1.96298
vt 0.00000 0.11537
vt -0.03810 -1.96298
vt 0.00000 0.11537
vt -0.03810 0.11537
vt 0.00000 -1.96298
vt 0.03810 -1.96298
vt 0.03810 0.11537
vt 0.00000 -1.96298
vt 0.03810 0.11537
vt 0.00000 0.11537
vt -1.96298 0.06701
vt -1.96298 0.09490
vt 0.11537 0.09490
vt -1.96298 0.06701
vt 0.11537 0.09490
vt 0.11537 0.06701
vt -1.96298 0.09490
vt -1.96298 0.13300
vt 0.11537 0.13300
vt -1.96298 0.09490
vt 0.11537 0.13300
vt 0.11537 0.09490
vt 0.00000 0.20920
vt 0.00000 0.22146
vt -0.04423 0.20961
vt 0.00000 0.20920
vt -0.04423 0.20961
vt -0.03810 0.19899
vt -1.97163 0.13300
vt -2.11475 0.13300
vt -2.11475 0.08878
vt -1.97163 0.13300
vt -2.11475 0.08878
vt -1.97163 0.08878
vt 0.06599 0.09490
vt 0.07661 0.08878
vt 0.08846 0.13300
vt 0.06599 0.09490
vt 0.08846 0.13300
vt 0.07620 0.13300
vt 0.07620 0.13300
vt 0.08846 0.13300
vt 0.07661 0.17723
vt 0.07620 0.13300
vt 0.07661 0.17723
vt 0.06599 0.17110
vt 0.03810 0.19899
vt 0.04423 0.20961
vt 0.00000 0.22146
vt 0.03810 0.19899
vt 0.00000 0.22146
vt 0.00000 0.20920
vt 0.03810 0.06701
vt 0.04423 0.05640
vt 0.07661 0.08878
vt 0.03810 0.06701
vt 0.07661 0.08878
vt 0.06599 0.09490
vt 0.06599 0.17110
vt 0.07661 0.17723
vt 0.04423 0.20961
vt 0.06599 0.17110
vt 0.04423 0.20961
vt 0.03810 0.19899
vt 0.00000 0.05680
vt 0.00000 0.04455
vt 0.04423 0.05640
vt 0.00000 0.05680
vt 0.04423 0.05640
vt 0.03810 0.06701
vt -0.03810 0.06701
vt -0.04423 0.05640
vt 0.00000 0.04455
vt -0.03810 0.06701
vt 0.00000 0.04455
vt 0.00000 0.05680
vt -0.06599 0.09490
vt -0.07661 0.08878
vt -0.04423 0.05640
vt -0.06599 0.09490
vt -0.04423 0.05640
vt -0.03810 0.06701
vt -0.07620 0.13300
vt -0.08846 0.13300
vt -0.07661 0.08878
vt -0.07620 0.13300
vt -0.07661 0.08878
vt -0.06599 0.09490
vt -0.06599 0.17110
vt -0.07661 0.17723
vt -0.08846 0.13300
vt -0.06599 0.17110
vt -0.08846 0.13300
vt -0.07620 0.13300
vt -0.03810 0.19899
vt -0.04423 0.20961
vt -0.07661 0.17723
vt -0.03810 0.19899
vt -0.07661 0.17723
vt -0.06599 0.17110
vt 0.08846 0.13300
vt 0.07661 0.08878
vt 0.04423 0.05640
vt 0.08846 0.13300
vt 0.04423 0.05640
vt 0.00000 0.04455
vt 0.08846 0.13300
vt 0.00000 0.04455
vt -0.04423 0.05640
vt 0.08846 0.13300
vt -0.04423 0.05640
vt -0.07661 0.08878
vt 0.08846 0.13300
vt -0.07661 0.08878
vt -0.08846 0.13300
vt 0.08846 0.13300
vt -0.08846 0.13300
vt -0.07661 0.17723
vt 0.08846 0.13300
vt -0.07661 0.17723
vt -0.04423 0.20961
vt 0.08846 0.13300
vt -0.04423 0.20961
vt 0.00000 0.22146
vt 0.08846 0.13300
vt 0.00000 0.22146
vt 0.04423 0.20961
vt 0.08846 0.13300
vt 0.04423 0.20961
vt 0.07661 0.17723
vt 0.00000 -1.97163
vt 0.00000 -2.11475
vt -0.04423 -2.11475
vt 0.00000 -1.97163
vt -0.04423 -2.11475
vt -0.04423 -1.97163
vt 0.04423 -1.97163
vt 0.04423 -2.11475
vt 0.07661 -2.11475
vt 0.04423 -1.97163
vt 0.07661 -2.11475
vt 0.07661 -1.97163
vt -1.97163 0.13300
vt -2.11475 0.13300
vt -2.11475 0.17723
vt -1.97163 0.13300
vt -2.11475 0.17723
vt -1.97163 0.17723
vt -0.07661 -1.97163
vt -0.07661 -2.11475
vt -0.04423 -2.11475
vt -0.07661 -1.97163
vt -0.04423 -2.11475
vt -0.04423 -1.97163
vt -0.04423 -1.97163
vt -0.04423 -2.11475
vt -0.07661 -2.11475
vt -0.04423 -1.97163
vt -0.07661 -2.11475
vt -0.07661 -1.97163
vt -1.97163 0.08878
vt -2.11475 0.08878
vt -2.11475 0.13300
vt -1.97163 0.08878
vt -2.11475 0.13300
vt -1.97163 0.13300
vt 0.07661 -1.97163
vt 0.07661 -2.11475
vt 0.04423 -2.11475
vt 0.07661 -1.97163
vt 0.04423 -2.11475
vt 0.04423 -1.97163
vt -0.04423 -1.97163
vt -0.04423 -2.11475
vt 0.00000 -2.11475
vt -0.04423 -1.97163
vt 0.00000 -2.11475
vt 0.00000 -1.97163
vt -1.97163 0.17723
vt -2.11475 0.17723
vt -2.11475 0.13300
vt -1.97163 0.17723
vt -2.11475 0.13300
vt -1.97163 0.13300
vt 0.04423 -1.97163
vt 0.04423 -2.11475
vt 0.00000 -2.11475
vt 0.04423 -1.97163
vt 0.00000 -2.11475
vt 0.00000 -1.97163
vt 0.00000 -1.97163
vt 0.00000 -2.11475
vt 0.04423 -2.11475
vt 0.00000 -1.97163
vt 0.04423 -2.11475
vt 0.04423 -1.97163
f 1/1 2/2 3/3
f 1/4 3/5 4/6
f 5/7 6/8 7/9
f 5/10 7/11 1/12
f 5/13 1/14 4/15
f 5/16 4/17 8/18
f 5/19 8/20 9/21
f 5/22 9/23 10/24
f 8/25 11/26 12/27
f 8/28 12/29 9/30
f 13/31 7/32 6/33
f 13/34 6/35 14/36
f 14/37 15/38 16/39
f 14/40 16/41 12/42
f 14/43 12/44 11/45
f 14/46 11/47 3/48
f 14/49 3/50 2/51
f 14/52 2/53 13/54
f 7/55 13/56 2/57
f 7/58 2/59 1/60
f 11/61 8/62 4/63
f 11/64 4/65 3/66
f 5/67 15/68 14/69
f 5/70 14/71 6/72
f 16/73 10/74 9/75
f 16/76 9/77 12/78
f 5/79 10/80 16/81
f 5/82 16/83 15/84
f 17/85 18/86 19/87
f 17/88 19/89 20/90
f 21/91 22/92 23/93
f 21/94 23/95 24/96
f 25/97 19/98 26/99
f 25/100 26/101 27/102
f 25/103 27/104 28/105
f 17/106 21/107 24/108
f 17/109 24/110 18/111
f 19/112 25/113 29/114
f 19/115 29/116 20/117
f 30/118 31/119 32/120
f 30/121 32/122 33/123
f 29/124 34/125 22/126
f 29/127 22/128 21/129
f 24/130 23/131 35/132
f 24/133 35/134 25/135
f 33/136 32/137 36/138
f 33/139 36/140 37/141
f 33/142 37/143 38/144
f 33/145 38/146 39/147
f 39/148 38/149 40/150
f 39/151 40/152 41/153
f 42/154 37/155 36/156
f 42/157 36/158 43/159
f 25/160 35/161 34/162
f 25/163 34/164 29/165
f 20/166 29/167 21/168
f 20/169 21/170 17/171
f 18/172 24/173 44/174
f 18/175 44/176 45/177
f 18/178 45/179 46/180
f 46/181 45/182 27/183
f 46/184 27/185 26/186
f 19/187 18/188 46/189
f 19/190 46/191 26/192
f 44/193 28/194 27/195
f 44/196 27/197 45/198
f 24/199 25/200 28/201
f 24/202 28/203 44/204
f 22/205 34/206 39/207
f 22/208 39/209 41/210
f 34/211 35/212 33/213
f 34/214 33/215 39/216
f 23/217 22/218 41/219
f 23/220 41/221 30/222
f 35/223 23/224 30/225
f 35/226 30/227 33/228
f 37/229 42/230 40/231
f 37/232 40/233 38/234
f 43/235 36/236 32/237
f 43/238 32/239 31/240
f 41/241 40/242 42/243
f 41/244 42/245 43/246
f 41/247 43/248 31/249
f 41/250 31/251 30/252
f 47/253 48/254 49/255
f 47/256 49/257 50/258
f 47/259 50/260 51/261
f 47/262 51/263 52/264
f 47/265 52/266 53/267
f 47/268 53/269 54/270
f 47/271 54/272 55/273
f 47/274 55/275 56/276
f 47/277 56/278 57/279
f 58/280 59/281 60/282
f 58/283 60/284 61/285
f 58/286 61/287 62/288
f 58/289 62/290 63/291
f 58/292 63/293 64/294
f 58/295 64/296 65/297
f 58/298 65/299 66/300
f 58/301 66/302 67/303
f 58/304 67/305 68/306
f 69/307 70/308 71/309
f 69/310 71/311 72/312
f 69/313 72/314 73/315
f 69/316 73/317 74/318
f 69/319 74/320 75/321
f 69/322 75/323 76/324
f 69/325 76/326 77/327
f 69/328 77/329 78/330
f 69/331 78/332 79/333
f 80/334 81/335 82/336
f 80/337 82/338 83/339
f 80/340 83/341 84/342
f 80/343 84/344 85/345
f 80/346 85/347 86/348
f 80/349 86/350 87/351
f 80/352 87/353 88/354
f 80/355 88/356 89/357
f 80/358 89/359 90/360
f 61/361 60/362 56/363
f 61/364 56/365 55/366
f 88/367 72/368 71/369
f 88/370 71/371 89/372
f 51/373 50/374 77/375
f 51/376 77/377 76/378
f 59/379 58/380 80/381
f 59/382 80/383 90/384
f 57/385 56/386 71/387
f 57/388 71/389 70/390
f 65/391 64/392 85/393
f 65/394 85/395 84/396
f 50/397 49/398 78/399
f 50/400 78/401 77/402
f 56/403 60/404 89/405
f 56/406 89/407 71/408
f 64/409 63/410 86/411
f 64/412 86/413 85/414
f 49/415 48/416 79/417
f 49/418 79/419 78/420
f 63/421 62/422 87/423
f 63/424 87/425 86/426
f 48/427 47/428 69/429
f 48/430 69/431 79/432
f 61/433 55/434 72/435
f 61/436 72/437 88/438
f 55/439 54/440 73/441
f 55/442 73/443 72/444
f 62/445 61/446 88/447
f 62/448 88/449 87/450
f 58/451 68/452 81/453
f 58/454 81/455 80/456
f 54/457 53/458 74/459
f 54/460 74/461 73/462
f 68/463 67/464 82/465
f 68/466 82/467 81/468
f 53/469 52/470 75/471
f 53/472 75/473 74/474
f 67/475 66/476 83/477
f 67/478 83/479 82/480
f 52/481 51/482 76/483
f 52/484 76/485 75/486
f 60/487 59/488 90/489
f 60/490 90/491 89/492
f 47/493 57/494 70/495
f 47/496 70/497 69/498
f 66/499 65/500 84/501
f 66/502 84/503 83/504
f 91/505 92/506 93/507
f 91/508 93/509 94/510
f 95/511 92/512 91/513
f 95/514 91/515 96/516
f 96/517 97/518 98/519
f 96/520 98/521 95/522
f 96/523 91/524 94/525
f 96/526 94/527 97/528
f 98/529 93/530 92/531
f 98/532 92/533 95/534
f 97/535 94/536 93/537
f 97/538 93/539 98/540
f 99/541 100/542 101/543
f 99/544 101/545 102/546
f 100/547 103/548 104/549
f 100/550 104/551 101/552
f 103/553 105/554 106/555
f 103/556 106/557 104/558
f 105/559 107/560 108/561
f 105/562 108/563 106/564
f 107/565 109/566 110/567
f 107/568 110/569 108/570
f 109/571 111/572 112/573
f 109/574 112/575 110/576
f 111/577 113/578 114/579
f 111/580 114/581 112/582
f 113/583 115/584 116/585
f 113/586 116/587 114/588
f 115/589 117/590 118/591
f 115/592 118/593 116/594
f 117/595 119/596 120/597
f 117/598 120/599 118/600
f 119/601 121/602 122/603
f 119/604 122/605 120/606
f 121/607 99/608 102/609
f 121/610 102/611 122/612
f 119/613 123/614 124/615
f 119/616 124/617 121/618
f 125/619 126/620 127/621
f 125/622 127/623 128/624
f 100/625 129/626 130/627
f 100/628 130/629 103/630
f 117/631 128/632 123/633
f 117/634 123/635 119/636
f 115/637 125/638 128/639
f 115/640 128/641 117/642
f 113/643 131/644 125/645
f 113/646 125/647 115/648
f 111/649 132/650 131/651
f 111/652 131/653 113/654
f 109/655 133/656 132/657
f 109/658 132/659 111/660
f 107/661 134/662 133/663
f 107/664 133/665 109/666
f 105/667 135/668 134/669
f 105/670 134/671 107/672
f 121/673 124/674 136/675
f 121/676 136/677 99/678
f 99/679 136/680 129/681
f 99/682 129/683 100/684
f 103/685 130/686 135/687
f 103/688 135/689 105/690
f 137/691 138/692 139/693
f 137/694 139/695 140/696
f 133/697 141/698 142/699
f 133/700 142/701 132/702
f 130/703 140/704 143/705
f 130/706 143/707 135/708
f 128/709 127/710 144/711
f 128/712 144/713 123/714
f 132/715 142/716 145/717
f 132/718 145/719 131/720
f 135/721 143/722 146/723
f 135/724 146/725 134/726
f 123/727 144/728 147/729
f 123/730 147/731 124/732
f 136/733 148/734 137/735
f 136/736 137/737 129/738
f 131/739 145/740 126/741
f 131/742 126/743 125/744
f 134/745 146/746 141/747
f 134/748 141/749 133/750
f 124/751 147/752 148/753
f 124/754 148/755 136/756
f 129/757 137/758 140/759
f 129/760 140/761 130/762
f 149/763 150/764 151/765
f 149/766 151/767 152/768
f 126/769 153/770 154/771
f 126/772 154/773 127/774
f 141/775 155/776 156/777
f 141/778 156/779 142/780
f 140/781 139/782 157/783
f 140/784 157/785 143/786
f 127/787 154/788 158/789
f 127/790 158/791 144/792
f 142/793 156/794 159/795
f 142/796 159/797 145/798
f 143/799 157/800 160/801
f 143/802 160/803 146/804
f 144/805 158/806 149/807
f 144/808 149/809 147/810
f 148/811 152/812 138/813
f 148/814 138/815 137/816
f 145/817 159/818 153/819
f 145/820 153/821 126/822
f 146/823 160/824 155/825
f 146/826 155/827 141/828
f 147/829 149/830 152/831
f 147/832 152/833 148/834
f 161/835 162/836 163/837
f 161/838 163/839 164/840
f 138/841 165/842 166/843
f 138/844 166/845 139/846
f 153/847 167/848 168/849
f 153/850 168/851 154/852
f 155/853 164/854 169/855
f 155/856 169/857 156/858
f 139/859 166/860 170/861
f 139/862 170/863 157/864
f 154/865 168/866 171/867
f 154/868 171/869 158/870
f 156/871 169/872 172/873
f 156/874 172/875 159/876
f 157/877 170/878 161/879
f 157/880 161/881 160/882
f 158/883 171/884 150/885
f 158/886 150/887 149/888
f 152/889 151/890 165/891
f 152/892 165/893 138/894
f 159/895 172/896 167/897
f 159/898 167/899 153/900
f 160/901 161/902 164/903
f 160/904 164/905 155/906
f 162/907 173/908 174/909
f 162/910 174/911 163/912
f 150/913 175/914 176/915
f 150/916 176/917 151/918
f 165/919 177/920 178/921
f 165/922 178/923 166/924
f 167/925 179/926 180/927
f 167/928 180/929 168/930
f 164/931 163/932 181/933
f 164/934 181/935 169/936
f 166/937 178/938 182/939
f 166/940 182/941 170/942
f 168/943 180/944 183/945
f 168/946 183/947 171/948
f 169/949 181/950 184/951
f 169/952 184/953 172/954
f 170/955 182/956 162/957
f 170/958 162/959 161/960
f 171/961 183/962 175/963
f 171/964 175/965 150/966
f 151/967 176/968 177/969
f 151/970 177/971 165/972
f 172/973 184/974 179/975
f 172/976 179/977 167/978
f 185/979 186/980 187/981
f 185/982 187/983 188/984
f 185/985 188/986 189/987
f 185/988 189/989 190/990
f 185/991 190/992 191/993
f 185/994 191/995 174/996
f 185/997 174/998 173/999
f 185/1000 173/1001 192/1002
f 185/1003 192/1004 193/1005
f 185/1006 193/1007 194/1008
f 175/1009 186/1010 185/1011
f 175/1012 185/1013 176/1014
f 177/1015 194/1016 193/1017
f 177/1018 193/1019 178/1020
f 179/1021 189/1022 188/1023
f 179/1024 188/1025 180/1026
f 163/1027 174/1028 191/1029
f 163/1030 191/1031 181/1032
f 178/1033 193/1034 192/1035
f 178/1036 192/1037 182/1038
f 180/1039 188/1040 187/1041
f 180/1042 187/1043 183/1044
f 181/1045 191/1046 190/1047
f 181/1048 190/1049 184/1050
f 182/1051 192/1052 173/1053
f 182/1054 173/1055 162/1056
f 183/1057 187/1058 186/1059
f 183/1060 186/1061 175/1062
f 176/1063 185/1064 194/1065
f 176/1066 194/1067 177/1068
f 184/1069 190/1070 189/1071
f 184/1072 189/1073 179/1074
f 195/1075 196/1076 197/1077
f 195/1078 197/1079 198/1080
f 196/1081 199/1082 200/1083
f 196/1084 200/1085 197/1086
f 199/1087 201/1088 202/1089
f 199/1090 202/1091 200/1092
f 201/1093 203/1094 204/1095
f 201/1096 204/1097 202/1098
f 203/1099 205/1100 206/1101
f 203/1102 206/1103 204/1104
f 205/1105 207/1106 208/1107
f 205/1108 208/1109 206/1110
f 207/1111 209/1112 210/1113
f 207/1114 210/1115 208/1116
f 209/1117 211/1118 212/1119
f 209/1120 212/1121 210/1122
f 211/1123 213/1124 214/1125
f 211/1126 214/1127 212/1128
f 213/1129 215/1130 216/1131
f 213/1132 216/1133 214/1134
f 215/1135 217/1136 218/1137
f 215/1138 218/1139 216/1140
f 217/1141 195/1142 198/1143
f 217/1144 198/1145 218/1146
f 201/1147 219/1148 220/1149
f 201/1150 220/1151 203/1152
f 221/1153 222/1154 223/1155
f 221/1156 223/1157 224/1158
f 217/1159 225/1160 226/1161
f 217/1162 226/1163 195/1164
f 195/1165 226/1166 227/1167
f 195/1168 227/1169 196/1170
f 199/1171 228/1172 219/1173
f 199/1174 219/1175 201/1176
f 215/1177 229/1178 225/1179
f 215/1180 225/1181 217/1182
f 196/1183 227/1184 228/1185
f 196/1186 228/1187 199/1188
f 213/1189 230/1190 229/1191
f 213/1192 229/1193 215/1194
f 211/1195 231/1196 230/1197
f 211/1198 230/1199 213/1200
f 209/1201 224/1202 231/1203
f 209/1204 231/1205 211/1206
f 207/1207 221/1208 224/1209
f 207/1210 224/1211 209/1212
f 205/1213 232/1214 221/1215
f 205/1216 221/1217 207/1218
f 203/1219 220/1220 232/1221
f 203/1222 232/1223 205/1224
f 233/1225 234/1226 235/1227
f 233/1228 235/1229 236/1230
f 233/1231 236/1232 237/1233
f 233/1234 237/1235 223/1236
f 233/1237 223/1238 222/1239
f 233/1240 222/1241 238/1242
f 233/1243 238/1244 239/1245
f 233/1246 239/1247 240/1248
f 233/1249 240/1250 241/1251
f 233/1252 241/1253 242/1254
f 219/1255 240/1256 239/1257
f 219/1258 239/1259 220/1260
f 229/1261 235/1262 234/1263
f 229/1264 234/1265 225/1266
f 226/1267 233/1268 242/1269
f 226/1270 242/1271 227/1272
f 224/1273 223/1274 237/1275
f 224/1276 237/1277 231/1278
f 220/1279 239/1280 238/1281
f 220/1282 238/1283 232/1284
f 225/1285 234/1286 233/1287
f 225/1288 233/1289 226/1290
f 227/1291 242/1292 241/1293
f 227/1294 241/1295 228/1296
f 231/1297 237/1298 236/1299
f 231/1300 236/1301 230/1302
f 232/1303 238/1304 222/1305
f 232/1306 222/1307 221/1308
f 228/1309 241/1310 240/1311
f 228/1312 240/1313 219/1314
f 230/1315 236/1316 235/1317
f 230/1318 235/1319 229/1320
o Grip
g Grip
usemtl Bubblegum
v 0.11521 0.07645 1.48186
v 0.11521 0.41026 1.53788
v 0.11521 0.33064 1.79681
v 0.11521 0.01635 1.74983
v -0.07891 -0.37024 2.60000
v -0.07891 -0.16338 2.50688
v -0.11521 -0.19115 2.45526
v -0.11521 -0.38621 2.54343
v 0.07891 0.25541 2.08141
v -0.07891 0.25541 2.08141
v -0.07891 0.03671 2.33123
v 0.07891 0.03671 2.33123
v 0.11521 -0.17244 2.09627
v 0.11521 -0.00126 2.28857
v 0.11521 -0.19115 2.45526
v 0.11521 -0.31623 2.22278
v -0.11521 0.33064 1.79681
v -0.11521 0.01635 1.74983
v -0.11521 -0.06342 1.93789
v -0.11521 0.20244 2.05909
v 0.07891 0.47094 1.54614
v 0.07891 0.02008 1.46917
v -0.07891 0.02008 1.46917
v -0.11521 0.07645 1.48186
v -0.11521 0.41026 1.53788
v -0.07891 0.47094 1.54614
v 0.07891 -0.04003 1.73718
v -0.07891 -0.04003 1.73718
v 0.07891 0.39133 1.80504
v -0.07891 0.39133 1.80504
v -0.07891 -0.11581 1.91582
v 0.07891 -0.11581 1.91582
v 0.07891 -0.21055 2.05346
v -0.07891 -0.21055 2.05346
v 0.11521 0.20244 2.05909
v 0.11521 -0.06342 1.93789
v 0.07891 -0.16338 2.50688
v -0.11521 -0.00126 2.28857
v -0.11521 -0.17244 2.09627
v -0.11521 -0.31623 2.22278
v -0.11521 -0.44631 2.28969
v -0.07891 -0.34410 2.17096
v -0.07891 -0.46238 2.23279
v 0.07891 -0.37024 2.60000
v 0.07891 -0.46238 2.23279
v 0.07891 -0.34410 2.17096
v 0.11521 -0.44631 2.28969
v 0.07792 -0.51592 2.54226
v -0.07792 -0.51592 2.54226
v -0.07792 -0.56224 2.37826
v 0.07792 -0.56224 2.37826
v 0.11521 -0.38621 2.54343
v 0.07019 -0.45461 2.59480
v 0.07016 -0.54068 2.29004
v -0.07016 -0.54068 2.29004
v -0.07019 -0.45461 2.59480
vt 1.23488 0.06371
vt 1.28157 0.34188
vt 1.49734 0.27553
vt 1.23488 0.06371
vt 1.49734 0.27553
vt 1.45819 0.01362
vt 2.16667 -0.30853
vt 2.08907 -0.13615
vt 2.04605 -0.15929
vt 2.16667 -0.30853
vt 2.04605 -0.15929
vt 2.11952 -0.32184
vt 0.06576 1.73451
vt -0.06576 1.73451
vt -0.06576 1.94269
vt 0.06576 1.73451
vt -0.06576 1.94269
vt 0.06576 1.94269
vt 1.74689 -0.14370
vt 1.90714 -0.00105
vt 2.04605 -0.15929
vt 1.74689 -0.14370
vt 2.04605 -0.15929
vt 1.85232 -0.26353
vt 1.49734 0.27553
vt 1.45819 0.01362
vt 1.61491 -0.05285
vt 1.49734 0.27553
vt 1.61491 -0.05285
vt 1.71591 0.16870
vt 0.06576 0.39245
vt 0.09601 0.34188
vt 0.09601 0.06371
vt 0.06576 0.39245
vt 0.09601 0.06371
vt 0.06576 0.01673
vt 0.06576 0.39245
vt 0.06576 0.01673
vt -0.06576 0.01673
vt 0.06576 0.39245
vt -0.06576 0.01673
vt -0.09601 0.06371
vt 0.06576 0.39245
vt -0.09601 0.06371
vt -0.09601 0.34188
vt 0.06576 0.39245
vt -0.09601 0.34188
vt -0.06576 0.39245
vt 0.06576 1.22431
vt 0.06576 1.44765
vt -0.06576 1.44765
vt 0.06576 1.22431
vt -0.06576 1.44765
vt -0.06576 1.22431
vt 1.28157 0.34188
vt 1.23488 0.06371
vt 1.45819 0.01362
vt 1.28157 0.34188
vt 1.45819 0.01362
vt 1.49734 0.27553
vt 0.06576 1.50420
vt -0.06576 1.50420
vt -0.06576 1.73451
vt 0.06576 1.50420
vt -0.06576 1.73451
vt 0.06576 1.73451
vt -0.06576 1.59652
vt 0.06576 1.59652
vt 0.06576 1.71122
vt -0.06576 1.59652
vt 0.06576 1.71122
vt -0.06576 1.71122
vt 1.45819 0.01362
vt 1.49734 0.27553
vt 1.71591 0.16870
vt 1.45819 0.01362
vt 1.71591 0.16870
vt 1.61491 -0.05285
vt 0.06576 0.03059
vt -0.06576 0.03059
vt -0.06576 -0.13615
vt 0.06576 0.03059
vt -0.06576 -0.13615
vt 0.06576 -0.13615
vt -0.06576 1.44765
vt 0.06576 1.44765
vt 0.06576 1.59652
vt -0.06576 1.44765
vt 0.06576 1.59652
vt -0.06576 1.59652
vt 1.90714 -0.00105
vt 1.74689 -0.14370
vt 1.85232 -0.26353
vt 1.90714 -0.00105
vt 1.85232 -0.26353
vt 2.04605 -0.15929
vt 1.90807 -0.37193
vt 1.85232 -0.26353
vt 1.80913 -0.28675
vt 1.90807 -0.37193
vt 1.80913 -0.28675
vt 1.86066 -0.38532
vt 1.61491 -0.05285
vt 1.71591 0.16870
vt 1.90714 -0.00105
vt 1.61491 -0.05285
vt 1.90714 -0.00105
vt 1.74689 -0.14370
vt 1.71591 0.16870
vt 1.61491 -0.05285
vt 1.74689 -0.14370
vt 1.71591 0.16870
vt 1.74689 -0.14370
vt 1.90714 -0.00105
vt 0.06576 1.28845
vt -0.06576 1.28845
vt -0.06576 1.50420
vt 0.06576 1.28845
vt -0.06576 1.50420
vt 0.06576 1.50420
vt 0.06576 -0.13615
vt -0.06576 -0.13615
vt -0.06576 -0.30853
vt 0.06576 -0.13615
vt -0.06576 -0.30853
vt 0.06576 -0.30853
vt 1.86066 -0.38532
vt 1.80913 -0.28675
vt 1.85232 -0.26353
vt 1.86066 -0.38532
vt 1.85232 -0.26353
vt 1.90807 -0.37193
vt 0.06493 2.11855
vt -0.06493 2.11855
vt -0.06493 1.98188
vt 0.06493 2.11855
vt -0.06493 1.98188
vt 0.06493 1.98188
vt 1.59652 -0.09651
vt 1.44765 -0.03336
vt 1.45819 0.01362
vt 1.59652 -0.09651
vt 1.45819 0.01362
vt 1.61491 -0.05285
vt 1.71591 0.16870
vt 1.49734 0.27553
vt 1.50420 0.32611
vt 1.71591 0.16870
vt 1.50420 0.32611
vt 1.73451 0.21284
vt 1.73451 0.21284
vt 1.50420 0.32611
vt 1.49734 0.27553
vt 1.73451 0.21284
vt 1.49734 0.27553
vt 1.71591 0.16870
vt 1.44765 -0.03336
vt 1.59652 -0.09651
vt 1.61491 -0.05285
vt 1.44765 -0.03336
vt 1.61491 -0.05285
vt 1.45819 0.01362
vt 1.28845 0.39245
vt 1.50420 0.32611
vt 1.49734 0.27553
vt 1.28845 0.39245
vt 1.49734 0.27553
vt 1.28157 0.34188
vt 1.44765 -0.03336
vt 1.22431 0.01673
vt 1.23488 0.06371
vt 1.44765 -0.03336
vt 1.23488 0.06371
vt 1.45819 0.01362
vt 1.45819 0.01362
vt 1.23488 0.06371
vt 1.22431 0.01673
vt 1.45819 0.01362
vt 1.22431 0.01673
vt 1.44765 -0.03336
vt 1.28157 0.34188
vt 1.49734 0.27553
vt 1.50420 0.32611
vt 1.28157 0.34188
vt 1.50420 0.32611
vt 1.28845 0.39245
vt 1.59652 -0.09651
vt 1.71122 -0.17546
vt 1.74689 -0.14370
vt 1.59652 -0.09651
vt 1.74689 -0.14370
vt 1.61491 -0.05285
vt 1.94269 0.03059
vt 1.73451 0.21284
vt 1.71591 0.16870
vt 1.94269 0.03059
vt 1.71591 0.16870
vt 1.90714 -0.00105
vt 1.90714 -0.00105
vt 1.71591 0.16870
vt 1.73451 0.21284
vt 1.90714 -0.00105
vt 1.73451 0.21284
vt 1.94269 0.03059
vt 1.71122 -0.17546
vt 1.59652 -0.09651
vt 1.61491 -0.05285
vt 1.71122 -0.17546
vt 1.61491 -0.05285
vt 1.74689 -0.14370
vt 1.90714 -0.00105
vt 2.04605 -0.15929
vt 2.08907 -0.13615
vt 1.90714 -0.00105
vt 2.08907 -0.13615
vt 1.94269 0.03059
vt 2.04605 -0.15929
vt 1.90714 -0.00105
vt 1.94269 0.03059
vt 2.04605 -0.15929
vt 1.94269 0.03059
vt 2.08907 -0.13615
vt 1.80913 -0.28675
vt 1.71122 -0.17546
vt 1.74689 -0.14370
vt 1.80913 -0.28675
vt 1.74689 -0.14370
vt 1.85232 -0.26353
vt 1.85232 -0.26353
vt 1.74689 -0.14370
vt 1.71122 -0.17546
vt 1.85232 -0.26353
vt 1.71122 -0.17546
vt 1.80913 -0.28675
vt 1.85232 -0.26353
vt 2.04605 -0.15929
vt 2.11952 -0.32184
vt 1.85232 -0.26353
vt 2.11952 -0.32184
vt 1.90807 -0.37193
vt -0.06576 -0.28675
vt 0.06576 -0.28675
vt 0.06576 -0.38532
vt -0.06576 -0.28675
vt 0.06576 -0.38532
vt -0.06576 -0.38532
vt 2.04605 -0.15929
vt 1.85232 -0.26353
vt 1.90807 -0.37193
vt 2.04605 -0.15929
vt 1.90807 -0.37193
vt 2.11952 -0.32184
vt -0.06576 -0.17546
vt 0.06576 -0.17546
vt 0.06576 -0.28675
vt -0.06576 -0.17546
vt 0.06576 -0.28675
vt -0.06576 -0.28675
vt 2.16233 -0.37884
vt 2.11855 -0.42993
vt 2.11952 -0.32184
vt 2.16233 -0.37884
vt 2.11952 -0.32184
vt 2.16667 -0.30853
vt 1.98188 -0.46853
vt 1.90837 -0.45057
vt 1.86066 -0.38532
vt 1.98188 -0.46853
vt 1.86066 -0.38532
vt 1.90807 -0.37193
vt 1.90837 -0.45057
vt 1.98188 -0.46853
vt 1.90807 -0.37193
vt 1.90837 -0.45057
vt 1.90807 -0.37193
vt 1.86066 -0.38532
vt 2.11855 -0.42993
vt 2.16233 -0.37884
vt 2.16667 -0.30853
vt 2.11855 -0.42993
vt 2.16667 -0.30853
vt 2.11952 -0.32184
vt -0.05849 -0.37884
vt 0.05849 -0.37884
vt 0.06576 -0.30853
vt -0.05849 -0.37884
vt 0.06576 -0.30853
vt -0.06576 -0.30853
vt 0.05847 -0.45057
vt -0.05847 -0.45057
vt -0.06576 -0.38532
vt 0.05847 -0.45057
vt -0.06576 -0.38532
vt 0.06576 -0.38532
vt 2.08907 -0.13615
vt 2.16667 -0.30853
vt 2.11952 -0.32184
vt 2.08907 -0.13615
vt 2.11952 -0.32184
vt 2.04605 -0.15929
vt -0.06493 -0.42993
vt 0.06493 -0.42993
vt 0.05849 -0.37884
vt -0.06493 -0.42993
vt 0.05849 -0.37884
vt -0.05849 -0.37884
vt 0.06493 1.98188
vt -0.06493 1.98188
vt -0.05847 1.90837
vt 0.06493 1.98188
vt -0.05847 1.90837
vt 0.05847 1.90837
vt 1.90807 -0.37193
vt 2.11952 -0.32184
vt 2.11855 -0.42993
vt 1.90807 -0.37193
vt 2.11855 -0.42993
vt 1.98188 -0.46853
vt 2.11952 -0.32184
vt 1.90807 -0.37193
vt 1.98188 -0.46853
vt 2.11952 -0.32184
vt 1.98188 -0.46853
vt 2.11855 -0.42993
f 243/1321 244/1322 245/1323
f 243/1324 245/1325 246/1326
f 247/1327 248/1328 249/1329
f 247/1330 249/1331 250/1332
f 251/1333 252/1334 253/1335
f 251/1336 253/1337 254/1338
f 255/1339 256/1340 257/1341
f 255/1342 257/1343 258/1344
f 259/1345 260/1346 261/1347
f 259/1348 261/1349 262/1350
f 263/1351 244/1352 243/1353
f 263/1354 243/1355 264/1356
f 263/1357 264/1358 265/1359
f 263/1360 265/1361 266/1362
f 263/1363 266/1364 267/1365
f 263/1366 267/1367 268/1368
f 264/1369 269/1370 270/1371
f 264/1372 270/1373 265/1374
f 267/1375 266/1376 260/1377
f 267/1378 260/1379 259/1380
f 271/1381 272/1382 252/1383
f 271/1384 252/1385 251/1386
f 273/1387 274/1388 275/1389
f 273/1390 275/1391 276/1392
f 246/1393 245/1394 277/1395
f 246/1396 277/1397 278/1398
f 254/1399 253/1400 248/1401
f 254/1402 248/1403 279/1404
f 270/1405 269/1406 274/1407
f 270/1408 274/1409 273/1410
f 280/1411 281/1412 282/1413
f 280/1414 282/1415 249/1416
f 283/1417 282/1418 284/1419
f 283/1420 284/1421 285/1422
f 278/1423 277/1424 256/1425
f 278/1426 256/1427 255/1428
f 262/1429 261/1430 281/1431
f 262/1432 281/1433 280/1434
f 263/1435 268/1436 272/1437
f 263/1438 272/1439 271/1440
f 279/1441 248/1442 247/1443
f 279/1444 247/1445 286/1446
f 287/1447 288/1448 258/1449
f 287/1450 258/1451 289/1452
f 290/1453 291/1454 292/1455
f 290/1456 292/1457 293/1458
f 274/1459 269/1460 246/1461
f 274/1462 246/1463 278/1464
f 277/1465 245/1466 271/1467
f 277/1468 271/1469 251/1470
f 252/1471 272/1472 259/1473
f 252/1474 259/1475 262/1476
f 270/1477 273/1478 261/1479
f 270/1480 261/1481 260/1482
f 263/1483 271/1484 245/1485
f 263/1486 245/1487 244/1488
f 269/1489 264/1490 243/1491
f 269/1492 243/1493 246/1494
f 260/1495 266/1496 265/1497
f 260/1498 265/1499 270/1500
f 267/1501 259/1502 272/1503
f 267/1504 272/1505 268/1506
f 273/1507 276/1508 281/1509
f 273/1510 281/1511 261/1512
f 253/1513 252/1514 262/1515
f 253/1516 262/1517 280/1518
f 256/1519 277/1520 251/1521
f 256/1522 251/1523 254/1524
f 275/1525 274/1526 278/1527
f 275/1528 278/1529 255/1530
f 280/1531 249/1532 248/1533
f 280/1534 248/1535 253/1536
f 257/1537 256/1538 254/1539
f 257/1540 254/1541 279/1542
f 288/1543 275/1544 255/1545
f 288/1546 255/1547 258/1548
f 282/1549 281/1550 276/1551
f 282/1552 276/1553 284/1554
f 258/1555 257/1556 294/1557
f 258/1558 294/1559 289/1560
f 284/1561 288/1562 287/1563
f 284/1564 287/1565 285/1566
f 249/1567 282/1568 283/1569
f 249/1570 283/1571 250/1572
f 276/1573 275/1574 288/1575
f 276/1576 288/1577 284/1578
f 295/1579 290/1580 294/1581
f 295/1582 294/1583 286/1584
f 293/1585 296/1586 287/1587
f 293/1588 287/1589 289/1590
f 297/1591 292/1592 283/1593
f 297/1594 283/1595 285/1596
f 291/1597 298/1598 247/1599
f 291/1600 247/1601 250/1602
f 298/1603 295/1604 286/1605
f 298/1606 286/1607 247/1608
f 296/1609 297/1610 285/1611
f 296/1612 285/1613 287/1614
f 279/1615 286/1616 294/1617
f 279/1618 294/1619 257/1620
f 291/1621 290/1622 295/1623
f 291/1624 295/1625 298/1626
f 293/1627 292/1628 297/1629
f 293/1630 297/1631 296/1632
f 289/1633 294/1634 290/1635
f 289/1636 290/1637 293/1638
f 250/1639 283/1640 292/1641
f 250/1642 292/1643 291/1644
o Hardware
g Hardware
usemtl PlumDark
v -0.07404 0.50938 1.01483
v 0.07404 0.50938 1.01483
v 0.07404 0.50938 0.09267
v -0.07404 0.50938 0.09267
v -0.13461 0.04965 1.01483
v -0.13461 0.41419 1.01483
v -0.13461 0.41419 0.09267
v -0.13461 0.04965 0.09267
v -0.10192 -0.00123 0.09267
v 0.13461 0.41419 0.09267
v 0.13461 0.04965 0.09267
v 0.10192 -0.00123 0.09267
v 0.10192 -0.00123 1.01483
v -0.10192 -0.00123 1.01483
v 0.13461 0.41419 1.01483
v -0.13461 0.39513 1.56465
v -0.07404 0.48791 1.58590
v 0.13461 0.04965 1.01483
v -0.10192 -0.00123 1.47748
v -0.13461 0.04965 1.47748
v 0.13461 0.39513 1.56465
v 0.07404 0.48791 1.58590
v 0.10192 -0.00123 1.47748
v 0.13461 0.04965 1.47748
v 0.13461 0.27422 0.60244
v 0.13461 0.27422 0.27381
v 0.11246 0.27422 0.27381
v 0.11246 0.27422 0.60244
v 0.13461 0.38476 0.20348
v 0.13461 0.33982 0.23804
v 0.13461 0.30998 0.23804
v 0.13461 0.24420 0.21861
v 0.13461 0.33982 0.63820
v 0.13461 0.30998 0.63820
v 0.11246 0.30998 0.63820
v 0.11246 0.33982 0.63820
v 0.11246 0.33982 0.23804
v 0.11246 0.30998 0.23804
v 0.13461 0.25812 0.67014
v 0.13461 0.37867 0.67383
v 0.13461 0.37558 0.60244
v 0.13461 0.37558 0.27381
v 0.11246 0.37558 0.27381
v 0.11246 0.37558 0.60244
v 0.05111 0.03541 1.45138
v 0.05122 0.03569 1.38822
v -0.05122 0.03569 1.38822
v -0.05111 0.03541 1.45138
v -0.04876 -0.07809 1.44516
v -0.04336 -0.07327 1.39872
v -0.03697 -0.11928 1.38310
v -0.04217 -0.11670 1.42634
v 0.04336 -0.07327 1.39872
v 0.04876 -0.07809 1.44516
v 0.03697 -0.11928 1.38310
v 0.04217 -0.11670 1.42634
v 0.03280 -0.18117 1.37623
v 0.02826 -0.15644 1.35511
v -0.03280 -0.18117 1.37623
v -0.02826 -0.15644 1.35511
v -0.02253 -0.17989 1.29361
v -0.02293 -0.21310 1.30054
v 0.02253 -0.17989 1.29361
v 0.02255 -0.18495 1.20628
v -0.02255 -0.18495 1.20628
v 0.02293 -0.21310 1.30054
v 0.02264 -0.21435 1.20549
v 0.02275 -0.20752 1.11477
v 0.02231 -0.18439 1.11123
v -0.02264 -0.21435 1.20549
v -0.02275 -0.20752 1.11477
v -0.02231 -0.18439 1.11123
v -0.02239 -0.16488 1.06690
v -0.02309 -0.18522 1.05246
v 0.02239 -0.16488 1.06690
v 0.02309 -0.18522 1.05246
v 0.03436 -0.11275 1.00259
v 0.02969 -0.11414 1.03040
v 0.04799 -0.05222 0.96263
v 0.04237 -0.05347 1.03646
v -0.03436 -0.11275 1.00259
v -0.02969 -0.11414 1.03040
v -0.04799 -0.05222 0.96263
v -0.04237 -0.05347 1.03646
v -0.04847 -0.01196 1.06069
v -0.05067 -0.01182 0.93910
v 0.04847 -0.01196 1.06069
v 0.05067 -0.01182 0.93910
v 0.05125 0.02816 0.92966
v 0.05122 0.02808 1.07040
v -0.05125 0.02816 0.92966
v -0.05122 0.02808 1.07040
vt -0.06170 0.84569
vt 0.06170 0.84569
vt 0.06170 0.07723
vt -0.06170 0.84569
vt 0.06170 0.07723
vt -0.06170 0.07723
vt 0.84569 0.04138
vt 0.84569 0.34516
vt 0.07723 0.34516
vt 0.84569 0.04138
vt 0.07723 0.34516
vt 0.07723 0.04138
vt -0.08493 -0.00103
vt -0.11218 0.04138
vt -0.11218 0.34516
vt -0.08493 -0.00103
vt -0.11218 0.34516
vt -0.06170 0.42448
vt -0.08493 -0.00103
vt -0.06170 0.42448
vt 0.06170 0.42448
vt -0.08493 -0.00103
vt 0.06170 0.42448
vt 0.11218 0.34516
vt -0.08493 -0.00103
vt 0.11218 0.34516
vt 0.11218 0.04138
vt -0.08493 -0.00103
vt 0.11218 0.04138
vt 0.08493 -0.00103
vt 0.08493 0.84569
vt -0.08493 0.84569
vt -0.08493 0.07723
vt 0.08493 0.84569
vt -0.08493 0.07723
vt 0.08493 0.07723
vt 0.84569 0.34516
vt 0.07723 0.34516
vt 0.07723 0.42448
vt 0.84569 0.34516
vt 0.07723 0.42448
vt 0.84569 0.42448
vt 0.84569 0.34516
vt 1.30388 0.32927
vt 1.32158 0.40659
vt 0.84569 0.34516
vt 1.32158 0.40659
vt 0.84569 0.42448
vt 0.84569 -0.00103
vt 0.07723 -0.00103
vt 0.07723 0.04138
vt 0.84569 -0.00103
vt 0.07723 0.04138
vt 0.84569 0.04138
vt 0.84569 -0.00103
vt 1.23123 -0.00103
vt 1.23123 0.04138
vt 0.84569 -0.00103
vt 1.23123 0.04138
vt 0.84569 0.04138
vt 0.11218 0.32927
vt 0.06170 0.40659
vt -0.06170 0.40659
vt 0.11218 0.32927
vt -0.06170 0.40659
vt -0.11218 0.32927
vt 0.11218 0.32927
vt -0.11218 0.32927
vt -0.11218 0.04138
vt 0.11218 0.32927
vt -0.11218 0.04138
vt -0.08493 -0.00103
vt 0.11218 0.32927
vt -0.08493 -0.00103
vt 0.08493 -0.00103
vt 0.11218 0.32927
vt 0.08493 -0.00103
vt 0.11218 0.04138
vt 0.07723 -0.00103
vt 0.84569 -0.00103
vt 0.84569 0.04138
vt 0.07723 -0.00103
vt 0.84569 0.04138
vt 0.07723 0.04138
vt 1.23123 -0.00103
vt 0.84569 -0.00103
vt 0.84569 0.04138
vt 1.23123 -0.00103
vt 0.84569 0.04138
vt 1.23123 0.04138
vt 0.07723 0.34516
vt 0.84569 0.34516
vt 0.84569 0.42448
vt 0.07723 0.34516
vt 0.84569 0.42448
vt 0.07723 0.42448
vt 1.30388 0.32927
vt 0.84569 0.34516
vt 0.84569 0.42448
vt 1.30388 0.32927
vt 0.84569 0.42448
vt 1.32158 0.40659
vt 0.08493 1.23123
vt -0.08493 1.23123
vt -0.08493 0.84569
vt 0.08493 1.23123
vt -0.08493 0.84569
vt 0.08493 0.84569
vt 1.23123 0.04138
vt 1.30388 0.32927
vt 0.84569 0.34516
vt 1.23123 0.04138
vt 0.84569 0.34516
vt 0.84569 0.04138
vt 1.30388 0.32927
vt 1.23123 0.04138
vt 0.84569 0.04138
vt 1.30388 0.32927
vt 0.84569 0.04138
vt 0.84569 0.34516
vt -0.06170 1.32158
vt 0.06170 1.32158
vt 0.06170 0.84569
vt -0.06170 1.32158
vt 0.06170 0.84569
vt -0.06170 0.84569
vt 0.11218 0.50203
vt 0.11218 0.22818
vt 0.09372 0.22818
vt 0.11218 0.50203
vt 0.09372 0.22818
vt 0.09372 0.50203
vt 0.07723 0.04138
vt 0.07723 0.34516
vt 0.16957 0.32063
vt 0.07723 0.04138
vt 0.16957 0.32063
vt 0.19837 0.28318
vt 0.07723 0.04138
vt 0.19837 0.28318
vt 0.19837 0.25832
vt 0.07723 0.04138
vt 0.19837 0.25832
vt 0.18218 0.20350
vt 0.11218 0.28318
vt 0.11218 0.25832
vt 0.09372 0.25832
vt 0.11218 0.28318
vt 0.09372 0.25832
vt 0.09372 0.28318
vt 0.11218 0.25832
vt 0.11218 0.28318
vt 0.09372 0.28318
vt 0.11218 0.25832
vt 0.09372 0.28318
vt 0.09372 0.25832
vt 0.84569 0.04138
vt 0.07723 0.04138
vt 0.18218 0.20350
vt 0.84569 0.04138
vt 0.18218 0.20350
vt 0.22818 0.22852
vt 0.84569 0.04138
vt 0.22818 0.22852
vt 0.50203 0.22852
vt 0.84569 0.04138
vt 0.50203 0.22852
vt 0.55845 0.21510
vt 0.07723 0.34516
vt 0.84569 0.34516
vt 0.56153 0.31556
vt 0.07723 0.34516
vt 0.56153 0.31556
vt 0.50203 0.31298
vt 0.07723 0.34516
vt 0.50203 0.31298
vt 0.22818 0.31298
vt 0.07723 0.34516
vt 0.22818 0.31298
vt 0.16957 0.32063
vt 0.84569 0.34516
vt 0.84569 0.04138
vt 0.55845 0.21510
vt 0.84569 0.34516
vt 0.55845 0.21510
vt 0.53183 0.25832
vt 0.84569 0.34516
vt 0.53183 0.25832
vt 0.53183 0.28318
vt 0.84569 0.34516
vt 0.53183 0.28318
vt 0.56153 0.31556
vt 0.53183 0.28318
vt 0.50203 0.31298
vt 0.56153 0.31556
vt 0.22818 0.31298
vt 0.19837 0.28318
vt 0.16957 0.32063
vt 0.19837 0.25832
vt 0.22818 0.22852
vt 0.18218 0.20350
vt 0.50203 0.22852
vt 0.53183 0.25832
vt 0.55845 0.21510
vt 0.11218 0.22818
vt 0.09372 0.22818
vt 0.09372 0.19837
vt 0.11218 0.22818
vt 0.09372 0.19837
vt 0.11218 0.19837
vt 0.09372 0.22818
vt 0.11218 0.22818
vt 0.11218 0.19837
vt 0.09372 0.22818
vt 0.11218 0.19837
vt 0.09372 0.19837
vt 0.09372 0.53183
vt 0.11218 0.53183
vt 0.11218 0.50203
vt 0.09372 0.53183
vt 0.11218 0.50203
vt 0.09372 0.50203
vt 0.11218 0.53183
vt 0.09372 0.53183
vt 0.09372 0.50203
vt 0.11218 0.53183
vt 0.09372 0.50203
vt 0.11218 0.50203
vt 0.11218 0.22818
vt 0.11218 0.50203
vt 0.09372 0.50203
vt 0.11218 0.22818
vt 0.09372 0.50203
vt 0.09372 0.22818
vt 0.04259 1.20948
vt 0.04268 1.15685
vt -0.04268 1.15685
vt 0.04259 1.20948
vt -0.04268 1.15685
vt -0.04259 1.20948
vt 1.20430 -0.06508
vt 1.16560 -0.06106
vt 1.15258 -0.09940
vt 1.20430 -0.06508
vt 1.15258 -0.09940
vt 1.18862 -0.09725
vt 1.20948 0.02951
vt 1.15685 0.02974
vt 1.16560 -0.06106
vt 1.20948 0.02951
vt 1.16560 -0.06106
vt 1.20430 -0.06508
vt -0.04268 0.02974
vt 0.04268 0.02974
vt 0.03613 -0.06106
vt -0.04268 0.02974
vt 0.03613 -0.06106
vt -0.03613 -0.06106
vt 1.15685 0.02974
vt 1.20948 0.02951
vt 1.20430 -0.06508
vt 1.15685 0.02974
vt 1.20430 -0.06508
vt 1.16560 -0.06106
vt 0.04259 0.02951
vt -0.04259 0.02951
vt -0.04063 -0.06508
vt 0.04259 0.02951
vt -0.04063 -0.06508
vt 0.04063 -0.06508
vt 1.15258 -0.09940
vt 1.18862 -0.09725
vt 1.14686 -0.15097
vt 1.15258 -0.09940
vt 1.14686 -0.15097
vt 1.12926 -0.13037
vt -0.03613 -0.06106
vt 0.03613 -0.06106
vt 0.03081 -0.09940
vt -0.03613 -0.06106
vt 0.03081 -0.09940
vt -0.03081 -0.09940
vt 1.16560 -0.06106
vt 1.20430 -0.06508
vt 1.18862 -0.09725
vt 1.16560 -0.06106
vt 1.18862 -0.09725
vt 1.15258 -0.09940
vt 0.04063 -0.06508
vt -0.04063 -0.06508
vt -0.03514 -0.09725
vt 0.04063 -0.06508
vt -0.03514 -0.09725
vt 0.03514 -0.09725
vt 1.14686 -0.15097
vt 1.12926 -0.13037
vt 1.07801 -0.14991
vt 1.14686 -0.15097
vt 1.07801 -0.14991
vt 1.08378 -0.17758
vt 0.03514 -0.09725
vt -0.03514 -0.09725
vt -0.02733 -0.15097
vt 0.03514 -0.09725
vt -0.02733 -0.15097
vt 0.02733 -0.15097
vt 1.18862 -0.09725
vt 1.15258 -0.09940
vt 1.12926 -0.13037
vt 1.18862 -0.09725
vt 1.12926 -0.13037
vt 1.14686 -0.15097
vt -0.03081 -0.09940
vt 0.03081 -0.09940
vt 0.02355 -0.13037
vt -0.03081 -0.09940
vt 0.02355 -0.13037
vt -0.02355 -0.13037
vt -0.01878 1.07801
vt 0.01878 1.07801
vt 0.01879 1.00523
vt -0.01878 1.07801
vt 0.01879 1.00523
vt -0.01879 1.00523
vt -0.02355 1.12926
vt 0.02355 1.12926
vt 0.01878 1.07801
vt -0.02355 1.12926
vt 0.01878 1.07801
vt -0.01878 1.07801
vt 1.12926 -0.13037
vt 1.14686 -0.15097
vt 1.08378 -0.17758
vt 1.12926 -0.13037
vt 1.08378 -0.17758
vt 1.07801 -0.14991
vt 0.02733 1.14686
vt -0.02733 1.14686
vt -0.01911 1.08378
vt 0.02733 1.14686
vt -0.01911 1.08378
vt 0.01911 1.08378
vt 1.00523 -0.15413
vt 1.00457 -0.17863
vt 0.92898 -0.17293
vt 1.00523 -0.15413
vt 0.92898 -0.17293
vt 0.92602 -0.15366
vt 1.07801 -0.14991
vt 1.08378 -0.17758
vt 1.00457 -0.17863
vt 1.07801 -0.14991
vt 1.00457 -0.17863
vt 1.00523 -0.15413
vt 0.01911 1.08378
vt -0.01911 1.08378
vt -0.01887 1.00457
vt 0.01911 1.08378
vt -0.01887 1.00457
vt 0.01887 1.00457
vt 1.08378 -0.17758
vt 1.07801 -0.14991
vt 1.00523 -0.15413
vt 1.08378 -0.17758
vt 1.00523 -0.15413
vt 1.00457 -0.17863
vt 0.92898 -0.17293
vt 0.92602 -0.15366
vt 0.88908 -0.13740
vt 0.92898 -0.17293
vt 0.88908 -0.13740
vt 0.87705 -0.15435
vt 0.01887 1.00457
vt -0.01887 1.00457
vt -0.01896 0.92898
vt 0.01887 1.00457
vt -0.01896 0.92898
vt 0.01896 0.92898
vt 1.00457 -0.17863
vt 1.00523 -0.15413
vt 0.92602 -0.15366
vt 1.00457 -0.17863
vt 0.92602 -0.15366
vt 0.92898 -0.17293
vt -0.01879 1.00523
vt 0.01879 1.00523
vt 0.01859 0.92602
vt -0.01879 1.00523
vt 0.01859 0.92602
vt -0.01859 0.92602
vt 0.88908 -0.13740
vt 0.87705 -0.15435
vt 0.83549 -0.09396
vt 0.88908 -0.13740
vt 0.83549 -0.09396
vt 0.85867 -0.09512
vt -0.01859 0.92602
vt 0.01859 0.92602
vt 0.01866 0.88908
vt -0.01859 0.92602
vt 0.01866 0.88908
vt -0.01866 0.88908
vt 0.92602 -0.15366
vt 0.92898 -0.17293
vt 0.87705 -0.15435
vt 0.92602 -0.15366
vt 0.87705 -0.15435
vt 0.88908 -0.13740
vt 0.01896 0.92898
vt -0.01896 0.92898
vt -0.01924 0.87705
vt 0.01896 0.92898
vt -0.01924 0.87705
vt 0.01924 0.87705
vt 0.85867 -0.09512
vt 0.83549 -0.09396
vt 0.80219 -0.04352
vt 0.85867 -0.09512
vt 0.80219 -0.04352
vt 0.86372 -0.04456
vt 0.01924 -0.15435
vt -0.01924 -0.15435
vt -0.02863 -0.09396
vt 0.01924 -0.15435
vt -0.02863 -0.09396
vt 0.02863 -0.09396
vt 0.87705 -0.15435
vt 0.88908 -0.13740
vt 0.85867 -0.09512
vt 0.87705 -0.15435
vt 0.85867 -0.09512
vt 0.83549 -0.09396
vt -0.01866 -0.13740
vt 0.01866 -0.13740
vt 0.02474 -0.09512
vt -0.01866 -0.13740
vt 0.02474 -0.09512
vt -0.02474 -0.09512
vt 0.80219 -0.04352
vt 0.86372 -0.04456
vt 0.88391 -0.00997
vt 0.80219 -0.04352
vt 0.88391 -0.00997
vt 0.78258 -0.00985
vt 0.02863 -0.09396
vt -0.02863 -0.09396
vt -0.03999 -0.04352
vt 0.02863 -0.09396
vt -0.03999 -0.04352
vt 0.03999 -0.04352
vt 0.83549 -0.09396
vt 0.85867 -0.09512
vt 0.86372 -0.04456
vt 0.83549 -0.09396
vt 0.86372 -0.04456
vt 0.80219 -0.04352
vt -0.02474 -0.09512
vt 0.02474 -0.09512
vt 0.03531 -0.04456
vt -0.02474 -0.09512
vt 0.03531 -0.04456
vt -0.03531 -0.04456
vt 0.88391 -0.00997
vt 0.78258 -0.00985
vt 0.77472 0.02347
vt 0.88391 -0.00997
vt 0.77472 0.02347
vt 0.89200 0.02340
vt -0.03531 -0.04456
vt 0.03531 -0.04456
vt 0.04039 -0.00997
vt -0.03531 -0.04456
vt 0.04039 -0.00997
vt -0.04039 -0.00997
vt 0.86372 -0.04456
vt 0.80219 -0.04352
vt 0.78258 -0.00985
vt 0.86372 -0.04456
vt 0.78258 -0.00985
vt 0.88391 -0.00997
vt 0.03999 -0.04352
vt -0.03999 -0.04352
vt -0.04222 -0.00985
vt 0.03999 -0.04352
vt -0.04222 -0.00985
vt 0.04222 -0.00985
vt 0.04271 0.77472
vt -0.04271 0.77472
vt -0.04268 0.89200
vt 0.04271 0.77472
vt -0.04268 0.89200
vt 0.04268 0.89200
vt 0.04222 -0.00985
vt -0.04222 -0.00985
vt -0.04271 0.02347
vt 0.04222 -0.00985
vt -0.04271 0.02347
vt 0.04271 0.02347
vt 0.78258 -0.00985
vt 0.88391 -0.00997
vt 0.89200 0.02340
vt 0.78258 -0.00985
vt 0.89200 0.02340
vt 0.77472 0.02347
vt -0.04039 -0.00997
vt 0.04039 -0.00997
vt 0.04268 0.02340
vt -0.04039 -0.00997
vt 0.04268 0.02340
vt -0.04268 0.02340
f 299/1645 300/1646 301/1647
f 299/1648 301/1649 302/1650
f 303/1651 304/1652 305/1653
f 303/1654 305/1655 306/1656
f 307/1657 306/1658 305/1659
f 307/1660 305/1661 302/1662
f 307/1663 302/1664 301/1665
f 307/1666 301/1667 308/1668
f 307/1669 308/1670 309/1671
f 307/1672 309/1673 310/1674
f 311/1675 312/1676 307/1677
f 311/1678 307/1679 310/1680
f 313/1681 308/1682 301/1683
f 313/1684 301/1685 300/1686
f 304/1687 314/1688 315/1689
f 304/1690 315/1691 299/1692
f 311/1693 310/1694 309/1695
f 311/1696 309/1697 316/1698
f 312/1699 317/1700 318/1701
f 312/1702 318/1703 303/1704
f 319/1705 320/1706 315/1707
f 319/1708 315/1709 314/1710
f 319/1711 314/1712 318/1713
f 319/1714 318/1715 317/1716
f 319/1717 317/1718 321/1719
f 319/1720 321/1721 322/1722
f 307/1723 312/1724 303/1725
f 307/1726 303/1727 306/1728
f 321/1729 311/1730 316/1731
f 321/1732 316/1733 322/1734
f 305/1735 304/1736 299/1737
f 305/1738 299/1739 302/1740
f 319/1741 313/1742 300/1743
f 319/1744 300/1745 320/1746
f 321/1747 317/1748 312/1749
f 321/1750 312/1751 311/1752
f 318/1753 314/1754 304/1755
f 318/1756 304/1757 303/1758
f 319/1759 322/1760 316/1761
f 319/1762 316/1763 313/1764
f 315/1765 320/1766 300/1767
f 315/1768 300/1769 299/1770
f 323/1771 324/1772 325/1773
f 323/1774 325/1775 326/1776
f 309/1777 308/1778 327/1779
f 309/1780 327/1781 328/1782
f 309/1783 328/1784 329/1785
f 309/1786 329/1787 330/1788
f 331/1789 332/1790 333/1791
f 331/1792 333/1793 334/1794
f 329/1795 328/1796 335/1797
f 329/1798 335/1799 336/1800
f 316/1801 309/1802 330/1803
f 316/1804 330/1805 324/1806
f 316/1807 324/1808 323/1809
f 316/1810 323/1811 337/1812
f 308/1813 313/1814 338/1815
f 308/1816 338/1817 339/1818
f 308/1819 339/1820 340/1821
f 308/1822 340/1823 327/1824
f 313/1825 316/1826 337/1827
f 313/1828 337/1829 332/1830
f 313/1831 332/1832 331/1833
f 313/1834 331/1835 338/1836
f 331/1837 339/1838 338/1839
f 340/1840 328/1841 327/1842
f 329/1843 324/1844 330/1845
f 323/1846 332/1847 337/1848
f 340/1849 341/1850 335/1851
f 340/1852 335/1853 328/1854
f 325/1855 324/1856 329/1857
f 325/1858 329/1859 336/1860
f 333/1861 332/1862 323/1863
f 333/1864 323/1865 326/1866
f 331/1867 334/1868 342/1869
f 331/1870 342/1871 339/1872
f 340/1873 339/1874 342/1875
f 340/1876 342/1877 341/1878
f 343/1879 344/1880 345/1881
f 343/1882 345/1883 346/1884
f 347/1885 348/1886 349/1887
f 347/1888 349/1889 350/1890
f 346/1891 345/1892 348/1893
f 346/1894 348/1895 347/1896
f 345/1897 344/1898 351/1899
f 345/1900 351/1901 348/1902
f 344/1903 343/1904 352/1905
f 344/1906 352/1907 351/1908
f 343/1909 346/1910 347/1911
f 343/1912 347/1913 352/1914
f 353/1915 354/1916 355/1917
f 353/1918 355/1919 356/1920
f 348/1921 351/1922 353/1923
f 348/1924 353/1925 349/1926
f 351/1927 352/1928 354/1929
f 351/1930 354/1931 353/1932
f 352/1933 347/1934 350/1935
f 352/1936 350/1937 354/1938
f 357/1939 358/1940 359/1941
f 357/1942 359/1943 360/1944
f 354/1945 350/1946 357/1947
f 354/1948 357/1949 355/1950
f 350/1951 349/1952 358/1953
f 350/1954 358/1955 357/1956
f 349/1957 353/1958 356/1959
f 349/1960 356/1961 358/1962
f 359/1963 361/1964 362/1965
f 359/1966 362/1967 363/1968
f 358/1969 356/1970 361/1971
f 358/1972 361/1973 359/1974
f 356/1975 355/1976 364/1977
f 356/1978 364/1979 361/1980
f 355/1981 357/1982 360/1983
f 355/1984 360/1985 364/1986
f 362/1987 365/1988 366/1989
f 362/1990 366/1991 367/1992
f 361/1993 364/1994 365/1995
f 361/1996 365/1997 362/1998
f 364/1999 360/2000 368/2001
f 364/2002 368/2003 365/2004
f 360/2005 359/2006 363/2007
f 360/2008 363/2009 368/2010
f 369/2011 370/2012 371/2013
f 369/2014 371/2015 372/2016
f 365/2017 368/2018 369/2019
f 365/2020 369/2021 366/2022
f 368/2023 363/2024 370/2025
f 368/2026 370/2027 369/2028
f 363/2029 362/2030 367/2031
f 363/2032 367/2033 370/2034
f 373/2035 374/2036 375/2037
f 373/2038 375/2039 376/2040
f 370/2041 367/2042 373/2043
f 370/2044 373/2045 371/2046
f 367/2047 366/2048 374/2049
f 367/2050 374/2051 373/2052
f 366/2053 369/2054 372/2055
f 366/2056 372/2057 374/2058
f 376/2059 375/2060 377/2061
f 376/2062 377/2063 378/2064
f 374/2065 372/2066 379/2067
f 374/2068 379/2069 375/2070
f 372/2071 371/2072 380/2073
f 372/2074 380/2075 379/2076
f 371/2077 373/2078 376/2079
f 371/2080 376/2081 380/2082
f 381/2083 382/2084 383/2085
f 381/2086 383/2087 384/2088
f 375/2089 379/2090 381/2091
f 375/2092 381/2093 377/2094
f 379/2095 380/2096 382/2097
f 379/2098 382/2099 381/2100
f 380/2101 376/2102 378/2103
f 380/2104 378/2105 382/2106
f 385/2107 386/2108 387/2109
f 385/2110 387/2111 388/2112
f 382/2113 378/2114 385/2115
f 382/2116 385/2117 383/2118
f 378/2119 377/2120 386/2121
f 378/2122 386/2123 385/2124
f 377/2125 381/2126 384/2127
f 377/2128 384/2129 386/2130
f 387/2131 389/2132 390/2133
f 387/2134 390/2135 388/2136
f 386/2137 384/2138 389/2139
f 386/2140 389/2141 387/2142
f 384/2143 383/2144 390/2145
f 384/2146 390/2147 389/2148
f 383/2149 385/2150 388/2151
f 383/2152 388/2153 390/2154
o Pump
g Pump
usemtl Bubblegum
v 0.10229 0.01786 -2.10941
v 0.00000 -0.01103 -2.10941
v 0.00000 -0.01103 -2.15592
v 0.10229 0.01786 -2.15592
v -0.10229 0.01786 -2.15592
v -0.07577 0.04032 -2.18742
v 0.00000 0.01786 -2.19845
v 0.07577 0.04032 -2.18742
v -0.13639 0.10452 -1.13281
v -0.13639 0.10452 -1.17932
v -0.10229 0.01786 -1.17932
v -0.10229 0.01786 -1.13281
v -0.10229 0.01786 -1.08631
v -0.00000 -0.01103 -1.08631
v -0.00000 -0.01103 -1.03980
v -0.10229 0.01786 -1.03980
v 0.10229 0.27717 -2.10941
v 0.13639 0.25771 -2.10941
v 0.13639 0.25771 -2.15592
v 0.10229 0.27717 -2.15592
v -0.13639 0.10452 -1.22582
v -0.10229 0.01786 -1.22582
v 0.13639 0.25771 -1.03980
v 0.10229 0.27717 -1.03980
v 0.07577 0.27717 -1.00088
v 0.10229 0.25771 -0.98725
v 0.10229 0.20059 -0.98725
v 0.13639 0.20059 -1.03980
v -0.00000 0.25771 -0.96973
v -0.00000 0.20059 -0.96973
v -0.00000 0.27717 -0.98725
v -0.07577 0.27717 -1.00088
v -0.10229 0.25771 -0.98725
v -0.10229 0.20059 -0.98725
v -0.00000 0.25771 -2.21263
v 0.00000 0.20059 -2.21263
v -0.10229 0.20059 -2.19845
v -0.10229 0.25771 -2.19845
v -0.07577 0.27717 -2.18742
v -0.00000 0.27717 -2.19845
v 0.07577 0.27717 -2.18742
v 0.10229 0.25771 -2.19845
v 0.10229 0.20059 -2.19845
v -0.13639 0.10452 -1.03980
v -0.13639 0.10452 -1.08631
v -0.13639 0.25771 -2.10941
v -0.13639 0.25771 -2.15592
v -0.13639 0.20059 -2.15592
v -0.13639 0.20059 -2.10941
v -0.10229 0.27717 -2.15592
v -0.13639 0.25771 -1.03980
v -0.13639 0.20059 -1.03980
v -0.10229 0.27717 -1.03980
v 0.13639 0.20059 -1.96990
v 0.13639 0.25771 -1.96990
v 0.11882 0.24752 -1.96990
v 0.11882 0.19949 -1.96990
v -0.10229 0.01786 -1.78388
v -0.13639 0.10452 -1.78388
v -0.11882 0.11870 -1.78388
v -0.08912 0.04583 -1.78388
v -0.13639 0.10452 -1.41184
v -0.13639 0.10452 -1.45835
v -0.10229 0.01786 -1.45835
v -0.10229 0.01786 -1.41184
v -0.13639 0.10452 -1.27233
v -0.13639 0.10452 -1.31883
v -0.10229 0.01786 -1.31883
v -0.10229 0.01786 -1.27233
v -0.13639 0.10452 -1.55136
v -0.13639 0.10452 -1.59786
v -0.10229 0.01786 -1.59786
v -0.10229 0.01786 -1.55136
v 0.00000 -0.01103 -1.96990
v 0.10229 0.01786 -1.96990
v 0.08912 0.04583 -1.96990
v 0.00000 0.02154 -1.96990
v -0.00000 0.01786 -0.98725
v -0.07577 0.04032 -1.00088
v -0.13639 0.10452 -1.50485
v -0.10229 0.01786 -1.50485
v 0.13639 0.20059 -1.08631
v 0.13639 0.10452 -1.03980
v 0.13639 0.10452 -1.08631
v 0.10229 0.01786 -1.03980
v 0.07577 0.04032 -1.00088
v 0.13639 0.20059 -2.15592
v 0.13639 0.25771 -1.08631
v -0.10229 0.27717 -1.08631
v -0.13639 0.25771 -1.08631
v -0.13639 0.10452 -1.96990
v -0.13639 0.10452 -2.01640
v -0.10229 0.01786 -2.01640
v -0.10229 0.01786 -1.96990
v 0.10229 0.01786 -1.92339
v 0.00000 -0.01103 -1.92339
v 0.00000 0.02154 -1.92339
v 0.08912 0.04583 -1.92339
v -0.13639 0.10452 -1.87689
v -0.13639 0.10452 -1.92339
v -0.10229 0.01786 -1.92339
v -0.10229 0.01786 -1.87689
v -0.13639 0.25771 -1.41184
v -0.13639 0.20059 -1.41184
v -0.11882 0.19949 -1.41184
v -0.11882 0.24752 -1.41184
v -0.13639 0.10452 -1.83039
v -0.10229 0.01786 -1.83039
v -0.13639 0.20059 -1.96990
v -0.11882 0.11870 -1.96990
v -0.11882 0.19949 -1.96990
v 0.13639 0.10452 -2.15592
v 0.10229 0.10452 -2.19845
v 0.10229 0.01786 -1.08631
v -0.13639 0.10452 -2.15592
v -0.13639 0.10452 -2.10941
v -0.13639 0.10452 -1.69087
v -0.13639 0.10452 -1.73738
v -0.10229 0.01786 -1.73738
v -0.10229 0.01786 -1.69087
v -0.13639 0.10452 -2.06291
v -0.10229 0.01786 -2.06291
v -0.10229 0.10452 -0.98725
v 0.13639 0.25771 -2.06291
v 0.13639 0.20059 -2.06291
v 0.11882 0.19949 -2.06291
v 0.11882 0.24752 -2.06291
v -0.08912 0.04583 -1.69087
v -0.11882 0.11870 -1.69087
v -0.10229 0.01786 -2.10941
v -0.10229 0.10452 -2.19845
v 0.00000 0.10452 -2.21263
v -0.00000 0.10452 -0.96973
v 0.10229 0.10452 -0.98725
v -0.13639 0.10452 -1.64437
v -0.10229 0.01786 -1.64437
v -0.13639 0.10452 -1.36534
v -0.10229 0.01786 -1.36534
v -0.13639 0.20059 -1.08631
v -0.13639 0.20059 -1.36534
v -0.13639 0.25771 -1.36534
v -0.11882 0.24752 -1.36534
v -0.11882 0.19949 -1.36534
v -0.13639 0.20059 -1.13281
v -0.13639 0.20059 -1.17932
v -0.13639 0.20059 -1.22582
v -0.13639 0.20059 -1.92339
v -0.11882 0.19949 -1.92339
v -0.11882 0.11870 -1.92339
v -0.13639 0.20059 -1.27233
v -0.13639 0.20059 -1.31883
v 0.13639 0.20059 -2.10941
v 0.11882 0.24752 -2.10941
v 0.11882 0.19949 -2.10941
v -0.13639 0.20059 -1.45835
v -0.13639 0.20059 -1.50485
v -0.11882 0.11870 -1.64437
v -0.08912 0.04583 -1.64437
v -0.13639 0.20059 -1.55136
v -0.13639 0.20059 -1.59786
v -0.13639 0.20059 -1.64437
v 0.13639 0.25771 -1.92339
v 0.11882 0.24752 -1.92339
v -0.13639 0.20059 -1.69087
v -0.13639 0.20059 -1.73738
v -0.13639 0.20059 -1.78388
v 0.00000 -0.01103 -1.83039
v 0.10229 0.01786 -1.83039
v 0.08912 0.04583 -1.83039
v 0.00000 0.02154 -1.83039
v -0.13639 0.20059 -1.83039
v -0.13639 0.20059 -1.87689
v 0.10229 0.01786 -1.78388
v 0.00000 -0.01103 -1.78388
v 0.00000 0.02154 -1.78388
v 0.08912 0.04583 -1.78388
v -0.13639 0.20059 -2.01640
v -0.13639 0.20059 -2.06291
v -0.13639 0.25771 -1.27233
v -0.11882 0.19949 -1.27233
v -0.11882 0.24752 -1.27233
v 0.13639 0.10452 -2.10941
v -0.11882 0.11870 -1.83039
v -0.11882 0.19949 -1.83039
v 0.13639 0.10452 -2.06291
v 0.13639 0.10452 -2.01640
v 0.10229 0.01786 -2.01640
v 0.10229 0.01786 -2.06291
v 0.13639 0.10452 -1.96990
v -0.08912 0.04583 -1.55136
v -0.11882 0.11870 -1.55136
v 0.13639 0.10452 -1.92339
v 0.13639 0.10452 -1.87689
v 0.10229 0.01786 -1.87689
v 0.13639 0.10452 -1.83039
v -0.13639 0.25771 -1.22582
v -0.11882 0.24752 -1.22582
v -0.11882 0.19949 -1.22582
v 0.13639 0.10452 -1.78388
v 0.13639 0.10452 -1.73738
v 0.10229 0.01786 -1.73738
v 0.13639 0.10452 -1.69087
v 0.10229 0.01786 -1.69087
v -0.11882 0.19949 -1.78388
v 0.13639 0.10452 -1.64437
v 0.13639 0.10452 -1.59786
v 0.10229 0.01786 -1.59786
v 0.10229 0.01786 -1.64437
v 0.13639 0.10452 -1.55136
v 0.10229 0.01786 -1.55136
v -0.11882 0.11870 -1.50485
v -0.08912 0.04583 -1.50485
v 0.13639 0.10452 -1.50485
v 0.13639 0.10452 -1.45835
v 0.10229 0.01786 -1.45835
v 0.10229 0.01786 -1.50485
v 0.13639 0.10452 -1.41184
v 0.10229 0.01786 -1.41184
v 0.00000 -0.01103 -1.69087
v 0.08912 0.04583 -1.69087
v 0.00000 0.02154 -1.69087
v 0.13639 0.10452 -1.36534
v 0.13639 0.10452 -1.31883
v 0.10229 0.01786 -1.31883
v 0.10229 0.01786 -1.36534
v 0.13639 0.10452 -1.27233
v 0.10229 0.01786 -1.27233
v 0.00000 -0.01103 -1.64437
v 0.00000 0.02154 -1.64437
v 0.08912 0.04583 -1.64437
v 0.13639 0.10452 -1.22582
v 0.13639 0.10452 -1.17932
v 0.10229 0.01786 -1.17932
v 0.10229 0.01786 -1.22582
v 0.13639 0.10452 -1.13281
v 0.10229 0.01786 -1.13281
v -0.13639 0.25771 -1.13281
v -0.11882 0.19949 -1.13281
v -0.11882 0.24752 -1.13281
v -0.10229 0.27717 -2.10941
v -0.13639 0.25771 -2.06291
v -0.10229 0.27717 -2.06291
v -0.13639 0.25771 -2.01640
v -0.10229 0.27717 -2.01640
v -0.13639 0.25771 -1.96990
v -0.10229 0.27717 -1.96990
v -0.13639 0.25771 -1.92339
v -0.10229 0.27717 -1.92339
v -0.13639 0.25771 -1.87689
v -0.10229 0.27717 -1.87689
v -0.13639 0.25771 -1.83039
v -0.10229 0.27717 -1.83039
v -0.13639 0.25771 -1.78388
v -0.10229 0.27717 -1.78388
v -0.13639 0.25771 -1.73738
v -0.10229 0.27717 -1.73738
v -0.13639 0.25771 -1.69087
v -0.10229 0.27717 -1.69087
v -0.13639 0.25771 -1.64437
v -0.10229 0.27717 -1.64437
v -0.13639 0.25771 -1.59786
v -0.10229 0.27717 -1.59786
v -0.13639 0.25771 -1.55136
v -0.10229 0.27717 -1.55136
v -0.13639 0.25771 -1.50485
v -0.10229 0.27717 -1.50485
v -0.13639 0.25771 -1.45835
v -0.10229 0.27717 -1.45835
v -0.10229 0.27717 -1.41184
v -0.10229 0.27717 -1.36534
v -0.13639 0.25771 -1.31883
v -0.10229 0.27717 -1.31883
v -0.10229 0.27717 -1.27233
v -0.10229 0.27717 -1.22582
v -0.13639 0.25771 -1.17932
v -0.10229 0.27717 -1.17932
v -0.10229 0.27717 -1.13281
v -0.11882 0.19949 -1.69087
v 0.13639 0.25771 -2.01640
v 0.13639 0.20059 -2.01640
v -0.08912 0.04583 -1.41184
v -0.11882 0.11870 -1.41184
v 0.13639 0.25771 -1.87689
v 0.13639 0.20059 -1.87689
v 0.13639 0.20059 -1.92339
v 0.13639 0.25771 -1.83039
v 0.13639 0.20059 -1.83039
v 0.13639 0.25771 -1.13281
v 0.11882 0.24752 -1.08631
v 0.11882 0.24752 -1.13281
v 0.13639 0.25771 -1.78388
v 0.13639 0.25771 -1.73738
v 0.13639 0.20059 -1.73738
v 0.13639 0.20059 -1.78388
v 0.13639 0.25771 -1.69087
v 0.13639 0.20059 -1.69087
v -0.11882 0.24752 -1.08631
v -0.11882 0.19949 -1.08631
v 0.13639 0.25771 -1.64437
v 0.13639 0.25771 -1.59786
v 0.13639 0.20059 -1.59786
v 0.13639 0.20059 -1.64437
v 0.13639 0.25771 -1.55136
v 0.13639 0.20059 -1.55136
v -0.11882 0.19949 -1.64437
v 0.13639 0.25771 -1.50485
v 0.13639 0.25771 -1.45835
v 0.13639 0.20059 -1.45835
v 0.13639 0.20059 -1.50485
v 0.13639 0.25771 -1.41184
v 0.13639 0.20059 -1.41184
v -0.11882 0.11870 -1.36534
v -0.08912 0.04583 -1.36534
v 0.13639 0.25771 -1.36534
v 0.13639 0.25771 -1.31883
v 0.13639 0.20059 -1.31883
v 0.13639 0.20059 -1.36534
v 0.13639 0.25771 -1.27233
v 0.13639 0.20059 -1.27233
v 0.00000 -0.01103 -1.55136
v 0.08912 0.04583 -1.55136
v 0.00000 0.02154 -1.55136
v 0.13639 0.25771 -1.22582
v 0.13639 0.25771 -1.17932
v 0.13639 0.20059 -1.17932
v 0.13639 0.20059 -1.22582
v 0.13639 0.20059 -1.13281
v 0.11882 0.11870 -1.08631
v 0.11882 0.19949 -1.08631
v 0.00000 -0.01103 -1.50485
v 0.00000 0.02154 -1.50485
v 0.08912 0.04583 -1.50485
v 0.11882 0.19949 -1.13281
v 0.11882 0.11870 -1.13281
v -0.11882 0.19949 -1.55136
v -0.08912 0.04583 -1.27233
v -0.11882 0.11870 -1.27233
v -0.11882 0.19949 -1.50485
v -0.11882 0.11870 -1.22582
v -0.08912 0.04583 -1.22582
v 0.00000 -0.01103 -1.41184
v 0.08912 0.04583 -1.41184
v 0.00000 0.02154 -1.41184
v 0.11882 0.11870 -1.22582
v 0.11882 0.19949 -1.22582
v 0.00000 -0.01103 -1.36534
v 0.00000 0.02154 -1.36534
v 0.08912 0.04583 -1.36534
v 0.11882 0.19949 -1.27233
v 0.11882 0.11870 -1.27233
v -0.08912 0.04583 -1.13281
v -0.11882 0.11870 -1.13281
v -0.11882 0.11870 -1.08631
v -0.08912 0.04583 -1.08631
v 0.00000 -0.01103 -1.27233
v 0.08912 0.04583 -1.27233
v 0.00000 0.02154 -1.27233
v 0.11882 0.11870 -1.36534
v 0.11882 0.19949 -1.36534
v 0.10229 0.27717 -1.08631
v 0.10229 0.27717 -1.13281
v 0.10229 0.27717 -1.17932
v 0.10229 0.27717 -1.22582
v 0.10229 0.27717 -1.27233
v 0.10229 0.27717 -1.31883
v 0.10229 0.27717 -1.36534
v 0.10229 0.27717 -1.41184
v 0.10229 0.27717 -1.45835
v 0.10229 0.27717 -1.50485
v 0.10229 0.27717 -1.55136
v 0.10229 0.27717 -1.59786
v 0.10229 0.27717 -1.64437
v 0.10229 0.27717 -1.69087
v 0.10229 0.27717 -1.73738
v 0.10229 0.27717 -1.78388
v 0.10229 0.27717 -1.83039
v 0.10229 0.27717 -1.87689
v 0.10229 0.27717 -1.92339
v 0.10229 0.27717 -1.96990
v 0.10229 0.27717 -2.01640
v 0.10229 0.27717 -2.06291
v 0.00000 -0.01103 -1.22582
v 0.00000 0.02154 -1.22582
v 0.08912 0.04583 -1.22582
v 0.00000 -0.01103 -2.06291
v 0.00000 -0.01103 -2.01640
v 0.11882 0.19949 -1.41184
v 0.11882 0.11870 -1.41184
v 0.00000 -0.01103 -1.87689
v 0.00000 -0.01103 -1.73738
v 0.00000 -0.01103 -1.59786
v 0.00000 -0.01103 -1.45835
v 0.00000 -0.01103 -1.13281
v 0.08912 0.04583 -1.13281
v -0.00000 0.02154 -1.13281
v 0.00000 -0.01103 -1.31883
v 0.11882 0.11870 -1.50485
v 0.11882 0.19949 -1.50485
v 0.00000 -0.01103 -1.17932
v -0.00000 0.02154 -1.08631
v 0.08912 0.04583 -1.08631
v 0.11882 0.19949 -1.55136
v 0.11882 0.11870 -1.55136
v 0.11882 0.11870 -1.64437
v 0.11882 0.19949 -1.64437
v 0.11882 0.19949 -1.69087
v 0.11882 0.11870 -1.69087
v -0.08912 0.04583 -1.96990
v -0.08912 0.04583 -1.92339
v -0.11882 0.11870 -2.06291
v -0.11882 0.11870 -2.10941
v -0.08912 0.04583 -2.10941
v -0.08912 0.04583 -2.06291
v -0.08912 0.04583 -1.83039
v -0.11882 0.19949 -2.06291
v -0.11882 0.19949 -2.10941
v 0.11882 0.11870 -2.10941
v 0.11882 0.11870 -2.06291
v 0.08912 0.04583 -2.06291
v 0.08912 0.04583 -2.10941
v 0.11882 0.11870 -1.96990
v 0.11882 0.11870 -1.92339
v 0.11882 0.11870 -1.83039
v 0.11882 0.11870 -1.78388
v 0.11882 0.19949 -1.92339
v 0.11882 0.24752 -1.83039
v 0.11882 0.24752 -1.78388
v 0.11882 0.19949 -1.78388
v 0.11882 0.19949 -1.83039
v 0.11882 0.24752 -1.69087
v 0.11882 0.24752 -1.64437
v 0.11882 0.24752 -1.55136
v 0.11882 0.24752 -1.50485
v 0.11882 0.24752 -1.41184
v 0.11882 0.24752 -1.36534
v 0.11882 0.24752 -1.27233
v 0.11882 0.24752 -1.22582
v -0.11882 0.24752 -1.50485
v -0.11882 0.24752 -1.55136
v -0.11882 0.24752 -1.64437
v -0.11882 0.24752 -1.69087
v -0.11882 0.24752 -1.78388
v -0.11882 0.24752 -1.83039
v -0.11882 0.24752 -1.92339
v -0.11882 0.24752 -1.96990
v -0.11882 0.24752 -2.06291
v -0.11882 0.24752 -2.10941
v 0.00000 0.02154 -2.10941
v 0.00000 0.02154 -2.06291
vt 0.08524 -1.75784
vt 0.00000 -1.75784
vt 0.00000 -1.79660
vt 0.08524 -1.75784
vt 0.00000 -1.79660
vt 0.08524 -1.79660
vt 0.00000 -1.79660
vt -0.08524 -1.79660
vt -0.06314 -1.82285
vt 0.00000 -1.79660
vt -0.06314 -1.82285
vt 0.00000 -1.83204
vt 0.00000 -1.79660
vt 0.00000 -1.83204
vt 0.06314 -1.82285
vt 0.00000 -1.79660
vt 0.06314 -1.82285
vt 0.08524 -1.79660
vt -0.94401 0.08710
vt -0.98277 0.08710
vt -0.98277 0.01488
vt -0.94401 0.08710
vt -0.98277 0.01488
vt -0.94401 0.01488
vt -0.08524 -0.90526
vt -0.00000 -0.90526
vt -0.00000 -0.86650
vt -0.08524 -0.90526
vt -0.00000 -0.86650
vt -0.08524 -0.86650
vt 0.08524 -1.75784
vt 0.11366 -1.75784
vt 0.11366 -1.79660
vt 0.08524 -1.75784
vt 0.11366 -1.79660
vt 0.08524 -1.79660
vt -0.98277 0.08710
vt -1.02152 0.08710
vt -1.02152 0.01488
vt -0.98277 0.08710
vt -1.02152 0.01488
vt -0.98277 0.01488
vt 0.11366 -0.86650
vt 0.08524 -0.86650
vt 0.06314 -0.83407
vt 0.11366 -0.86650
vt 0.06314 -0.83407
vt 0.08524 -0.82271
vt -0.86650 0.21476
vt -0.82271 0.21476
vt -0.82271 0.16716
vt -0.86650 0.21476
vt -0.82271 0.16716
vt -0.86650 0.16716
vt -0.00000 0.21476
vt -0.00000 0.16716
vt 0.08524 0.16716
vt -0.00000 0.21476
vt 0.08524 0.16716
vt 0.08524 0.21476
vt -0.00000 0.21476
vt 0.08524 0.21476
vt 0.06314 0.23098
vt -0.00000 0.21476
vt 0.06314 0.23098
vt -0.00000 0.23098
vt -0.00000 0.21476
vt -0.00000 0.23098
vt -0.06314 0.23098
vt -0.00000 0.21476
vt -0.06314 0.23098
vt -0.08524 0.21476
vt -0.00000 0.21476
vt -0.08524 0.21476
vt -0.08524 0.16716
vt -0.00000 0.21476
vt -0.08524 0.16716
vt -0.00000 0.16716
vt -0.00000 0.21476
vt 0.00000 0.16716
vt -0.08524 0.16716
vt -0.00000 0.21476
vt -0.08524 0.16716
vt -0.08524 0.21476
vt -0.00000 0.21476
vt -0.08524 0.21476
vt -0.06314 0.23098
vt -0.00000 0.21476
vt -0.06314 0.23098
vt -0.00000 0.23098
vt -0.00000 0.21476
vt -0.00000 0.23098
vt 0.06314 0.23098
vt -0.00000 0.21476
vt 0.06314 0.23098
vt 0.08524 0.21476
vt -0.00000 0.21476
vt 0.08524 0.21476
vt 0.08524 0.16716
vt -0.00000 0.21476
vt 0.08524 0.16716
vt 0.00000 0.16716
vt -0.86650 0.08710
vt -0.90526 0.08710
vt -0.90526 0.01488
vt -0.86650 0.08710
vt -0.90526 0.01488
vt -0.86650 0.01488
vt -1.75784 0.21476
vt -1.79660 0.21476
vt -1.79660 0.16716
vt -1.75784 0.21476
vt -1.79660 0.16716
vt -1.75784 0.16716
vt -0.11366 -1.79660
vt -0.08524 -1.79660
vt -0.06314 -1.82285
vt -0.11366 -1.79660
vt -0.06314 -1.82285
vt -0.08524 -1.83204
vt -1.79660 0.21476
vt -1.83204 0.21476
vt -1.83204 0.16716
vt -1.79660 0.21476
vt -1.83204 0.16716
vt -1.79660 0.16716
vt -0.86650 0.21476
vt -0.86650 0.16716
vt -0.82271 0.16716
vt -0.86650 0.21476
vt -0.82271 0.16716
vt -0.82271 0.21476
vt -0.11366 -0.86650
vt -0.08524 -0.82271
vt -0.06314 -0.83407
vt -0.11366 -0.86650
vt -0.06314 -0.83407
vt -0.08524 -0.86650
vt 0.11366 0.16716
vt 0.11366 0.21476
vt 0.09902 0.20627
vt 0.11366 0.16716
vt 0.09902 0.20627
vt 0.09902 0.16624
vt -0.08524 0.01488
vt -0.11366 0.08710
vt -0.09902 0.09892
vt -0.08524 0.01488
vt -0.09902 0.09892
vt -0.07427 0.03819
vt -1.17653 0.08710
vt -1.21529 0.08710
vt -1.21529 0.01488
vt -1.17653 0.08710
vt -1.21529 0.01488
vt -1.17653 0.01488
vt -1.06028 0.08710
vt -1.09902 0.08710
vt -1.09902 0.01488
vt -1.06028 0.08710
vt -1.09902 0.01488
vt -1.06028 0.01488
vt -1.29280 0.08710
vt -1.33155 0.08710
vt -1.33155 0.01488
vt -1.29280 0.08710
vt -1.33155 0.01488
vt -1.29280 0.01488
vt 0.00000 -0.00919
vt 0.08524 0.01488
vt 0.07427 0.03819
vt 0.00000 -0.00919
vt 0.07427 0.03819
vt 0.00000 0.01795
vt -0.00000 -0.86650
vt -0.00000 -0.82271
vt -0.06314 -0.83407
vt -0.00000 -0.86650
vt -0.06314 -0.83407
vt -0.08524 -0.86650
vt -1.21529 0.08710
vt -1.25404 0.08710
vt -1.25404 0.01488
vt -1.21529 0.08710
vt -1.25404 0.01488
vt -1.21529 0.01488
vt -0.90526 0.16716
vt -0.86650 0.16716
vt -0.86650 0.08710
vt -0.90526 0.16716
vt -0.86650 0.08710
vt -0.90526 0.08710
vt -0.00000 -0.86650
vt 0.08524 -0.86650
vt 0.06314 -0.83407
vt -0.00000 -0.86650
vt 0.06314 -0.83407
vt -0.00000 -0.82271
vt -1.79660 0.21476
vt -1.79660 0.16716
vt -1.83204 0.16716
vt -1.79660 0.21476
vt -1.83204 0.16716
vt -1.83204 0.21476
vt 0.11366 -1.79660
vt 0.08524 -1.83204
vt 0.06314 -1.82285
vt 0.11366 -1.79660
vt 0.06314 -1.82285
vt 0.08524 -1.79660
vt -0.90526 0.21476
vt -0.86650 0.21476
vt -0.86650 0.16716
vt -0.90526 0.21476
vt -0.86650 0.16716
vt -0.90526 0.16716
vt -0.08524 -0.90526
vt -0.11366 -0.90526
vt -0.11366 -0.86650
vt -0.08524 -0.90526
vt -0.11366 -0.86650
vt -0.08524 -0.86650
vt -1.64158 0.08710
vt -1.68033 0.08710
vt -1.68033 0.01488
vt -1.64158 0.08710
vt -1.68033 0.01488
vt -1.64158 0.01488
vt 0.08524 0.01488
vt 0.00000 -0.00919
vt 0.00000 0.01795
vt 0.08524 0.01488
vt 0.00000 0.01795
vt 0.07427 0.03819
vt -1.56408 0.08710
vt -1.60282 0.08710
vt -1.60282 0.01488
vt -1.56408 0.08710
vt -1.60282 0.01488
vt -1.56408 0.01488
vt -0.11366 0.21476
vt -0.11366 0.16716
vt -0.09902 0.16624
vt -0.11366 0.21476
vt -0.09902 0.16624
vt -0.09902 0.20627
vt -1.52533 0.08710
vt -1.56408 0.08710
vt -1.56408 0.01488
vt -1.52533 0.08710
vt -1.56408 0.01488
vt -1.52533 0.01488
vt -0.11366 0.16716
vt -0.11366 0.08710
vt -0.09902 0.09892
vt -0.11366 0.16716
vt -0.09902 0.09892
vt -0.09902 0.16624
vt 0.11366 0.08710
vt 0.08524 0.01488
vt 0.06314 0.03360
vt -1.79660 0.08710
vt -1.82285 0.03360
vt -1.83204 0.08710
vt -1.79660 0.08710
vt -1.83204 0.08710
vt -1.83204 0.16716
vt -1.79660 0.08710
vt -1.83204 0.16716
vt -1.79660 0.16716
vt -0.90526 0.08710
vt -0.86650 0.08710
vt -0.86650 0.01488
vt -0.90526 0.08710
vt -0.86650 0.01488
vt -0.90526 0.01488
vt -1.75784 0.16716
vt -1.79660 0.16716
vt -1.79660 0.08710
vt -1.75784 0.16716
vt -1.79660 0.08710
vt -1.75784 0.08710
vt -1.40906 0.08710
vt -1.44782 0.08710
vt -1.44782 0.01488
vt -1.40906 0.08710
vt -1.44782 0.01488
vt -1.40906 0.01488
vt -1.68033 0.08710
vt -1.71909 0.08710
vt -1.71909 0.01488
vt -1.68033 0.08710
vt -1.71909 0.01488
vt -1.68033 0.01488
vt -0.86650 0.08710
vt -0.86650 0.01488
vt -0.83407 0.03360
vt -0.86650 0.08710
vt -0.83407 0.03360
vt -0.82271 0.08710
vt -0.86650 0.08710
vt -0.82271 0.08710
vt -0.82271 0.16716
vt -0.86650 0.08710
vt -0.82271 0.16716
vt -0.86650 0.16716
vt 0.11366 0.21476
vt 0.11366 0.16716
vt 0.09902 0.16624
vt 0.11366 0.21476
vt 0.09902 0.16624
vt 0.09902 0.20627
vt -0.11366 0.08710
vt -0.08524 0.01488
vt -0.07427 0.03819
vt -0.11366 0.08710
vt -0.07427 0.03819
vt -0.09902 0.09892
vt -1.75784 0.08710
vt -1.79660 0.08710
vt -1.79660 0.01488
vt -1.75784 0.08710
vt -1.79660 0.01488
vt -1.75784 0.01488
vt -1.79660 0.08710
vt -1.79660 0.16716
vt -1.83204 0.16716
vt -1.79660 0.08710
vt -1.83204 0.16716
vt -1.83204 0.08710
vt -1.79660 0.08710
vt -1.83204 0.08710
vt -1.82285 0.03360
vt -0.11366 0.08710
vt -0.06314 0.03360
vt -0.08524 0.01488
vt 0.00000 0.08710
vt 0.00000 0.01488
vt -0.06314 0.03360
vt 0.00000 0.08710
vt -0.06314 0.03360
vt -0.08524 0.08710
vt 0.00000 0.08710
vt -0.08524 0.08710
vt -0.08524 0.16716
vt 0.00000 0.08710
vt -0.08524 0.16716
vt 0.00000 0.16716
vt 0.00000 0.08710
vt 0.00000 0.16716
vt 0.08524 0.16716
vt 0.00000 0.08710
vt 0.08524 0.16716
vt 0.08524 0.08710
vt 0.00000 0.08710
vt 0.08524 0.08710
vt 0.06314 0.03360
vt 0.00000 0.08710
vt 0.06314 0.03360
vt 0.00000 0.01488
vt -0.00000 0.08710
vt -0.00000 0.01488
vt 0.06314 0.03360
vt -0.00000 0.08710
vt 0.06314 0.03360
vt 0.08524 0.08710
vt -0.00000 0.08710
vt 0.08524 0.08710
vt 0.08524 0.16716
vt -0.00000 0.08710
vt 0.08524 0.16716
vt -0.00000 0.16716
vt -0.00000 0.08710
vt -0.00000 0.16716
vt -0.08524 0.16716
vt -0.00000 0.08710
vt -0.08524 0.16716
vt -0.08524 0.08710
vt -0.00000 0.08710
vt -0.08524 0.08710
vt -0.06314 0.03360
vt -0.00000 0.08710
vt -0.06314 0.03360
vt -0.00000 0.01488
vt -1.33155 0.08710
vt -1.37031 0.08710
vt -1.37031 0.01488
vt -1.33155 0.08710
vt -1.37031 0.01488
vt -1.33155 0.01488
vt -1.44782 0.08710
vt -1.48657 0.08710
vt -1.48657 0.01488
vt -1.44782 0.08710
vt -1.48657 0.01488
vt -1.44782 0.01488
vt -0.86650 0.08710
vt -0.86650 0.16716
vt -0.82271 0.16716
vt -0.86650 0.08710
vt -0.82271 0.16716
vt -0.82271 0.08710
vt -0.86650 0.08710
vt -0.82271 0.08710
vt -0.83407 0.03360
vt -0.86650 0.08710
vt -0.83407 0.03360
vt -0.86650 0.01488
vt -1.09902 0.08710
vt -1.13778 0.08710
vt -1.13778 0.01488
vt -1.09902 0.08710
vt -1.13778 0.01488
vt -1.09902 0.01488
vt -0.86650 0.16716
vt -0.90526 0.16716
vt -0.90526 0.08710
vt -0.86650 0.16716
vt -0.90526 0.08710
vt -0.86650 0.08710
vt -0.11366 0.16716
vt -0.11366 0.21476
vt -0.09902 0.20627
vt -0.11366 0.16716
vt -0.09902 0.20627
vt -0.09902 0.16624
vt -0.94401 0.16716
vt -0.98277 0.16716
vt -0.98277 0.08710
vt -0.94401 0.16716
vt -0.98277 0.08710
vt -0.94401 0.08710
vt -0.98277 0.16716
vt -1.02152 0.16716
vt -1.02152 0.08710
vt -0.98277 0.16716
vt -1.02152 0.08710
vt -0.98277 0.08710
vt -0.11366 0.08710
vt -0.11366 0.16716
vt -0.09902 0.16624
vt -0.11366 0.08710
vt -0.09902 0.16624
vt -0.09902 0.09892
vt -1.06028 0.16716
vt -1.09902 0.16716
vt -1.09902 0.08710
vt -1.06028 0.16716
vt -1.09902 0.08710
vt -1.06028 0.08710
vt -1.09902 0.16716
vt -1.13778 0.16716
vt -1.13778 0.08710
vt -1.09902 0.16716
vt -1.13778 0.08710
vt -1.09902 0.08710
vt 0.11366 0.16716
vt 0.11366 0.21476
vt 0.09902 0.20627
vt 0.11366 0.16716
vt 0.09902 0.20627
vt 0.09902 0.16624
vt -1.17653 0.16716
vt -1.21529 0.16716
vt -1.21529 0.08710
vt -1.17653 0.16716
vt -1.21529 0.08710
vt -1.17653 0.08710
vt -1.21529 0.16716
vt -1.25404 0.16716
vt -1.25404 0.08710
vt -1.21529 0.16716
vt -1.25404 0.08710
vt -1.21529 0.08710
vt -0.08524 0.01488
vt -0.11366 0.08710
vt -0.09902 0.09892
vt -0.08524 0.01488
vt -0.09902 0.09892
vt -0.07427 0.03819
vt -1.29280 0.16716
vt -1.33155 0.16716
vt -1.33155 0.08710
vt -1.29280 0.16716
vt -1.33155 0.08710
vt -1.29280 0.08710
vt -1.33155 0.16716
vt -1.37031 0.16716
vt -1.37031 0.08710
vt -1.33155 0.16716
vt -1.37031 0.08710
vt -1.33155 0.08710
vt 0.11366 -1.64158
vt 0.11366 -1.60282
vt 0.09902 -1.60282
vt 0.11366 -1.64158
vt 0.09902 -1.60282
vt 0.09902 -1.64158
vt -1.40906 0.16716
vt -1.44782 0.16716
vt -1.44782 0.08710
vt -1.40906 0.16716
vt -1.44782 0.08710
vt -1.40906 0.08710
vt -1.44782 0.16716
vt -1.48657 0.16716
vt -1.48657 0.08710
vt -1.44782 0.16716
vt -1.48657 0.08710
vt -1.44782 0.08710
vt 0.00000 -0.00919
vt 0.08524 0.01488
vt 0.07427 0.03819
vt 0.00000 -0.00919
vt 0.07427 0.03819
vt 0.00000 0.01795
vt -1.52533 0.16716
vt -1.56408 0.16716
vt -1.56408 0.08710
vt -1.52533 0.16716
vt -1.56408 0.08710
vt -1.52533 0.08710
vt -1.56408 0.16716
vt -1.60282 0.16716
vt -1.60282 0.08710
vt -1.56408 0.16716
vt -1.60282 0.08710
vt -1.56408 0.08710
vt 0.08524 0.01488
vt 0.00000 -0.00919
vt 0.00000 0.01795
vt 0.08524 0.01488
vt 0.00000 0.01795
vt 0.07427 0.03819
vt -1.64158 0.16716
vt -1.68033 0.16716
vt -1.68033 0.08710
vt -1.64158 0.16716
vt -1.68033 0.08710
vt -1.64158 0.08710
vt -1.68033 0.16716
vt -1.71909 0.16716
vt -1.71909 0.08710
vt -1.68033 0.16716
vt -1.71909 0.08710
vt -1.68033 0.08710
vt -0.11366 0.21476
vt -0.11366 0.16716
vt -0.09902 0.16624
vt -0.11366 0.21476
vt -0.09902 0.16624
vt -0.09902 0.20627
vt -1.79660 0.08710
vt -1.75784 0.08710
vt -1.75784 0.01488
vt -1.79660 0.08710
vt -1.75784 0.01488
vt -1.79660 0.01488
vt -0.11366 0.16716
vt -0.11366 0.08710
vt -0.09902 0.09892
vt -0.11366 0.16716
vt -0.09902 0.09892
vt -0.09902 0.16624
vt -1.71909 0.08710
vt -1.68033 0.08710
vt -1.68033 0.01488
vt -1.71909 0.08710
vt -1.68033 0.01488
vt -1.71909 0.01488
vt -1.68033 0.08710
vt -1.64158 0.08710
vt -1.64158 0.01488
vt -1.68033 0.08710
vt -1.64158 0.01488
vt -1.68033 0.01488
vt -0.11366 0.08710
vt -0.08524 0.01488
vt -0.07427 0.03819
vt -0.11366 0.08710
vt -0.07427 0.03819
vt -0.09902 0.09892
vt -1.60282 0.08710
vt -1.56408 0.08710
vt -1.56408 0.01488
vt -1.60282 0.08710
vt -1.56408 0.01488
vt -1.60282 0.01488
vt -1.56408 0.08710
vt -1.52533 0.08710
vt -1.52533 0.01488
vt -1.56408 0.08710
vt -1.52533 0.01488
vt -1.56408 0.01488
vt -0.11366 0.16716
vt -0.11366 0.21476
vt -0.09902 0.20627
vt -0.11366 0.16716
vt -0.09902 0.20627
vt -0.09902 0.16624
vt -1.48657 0.08710
vt -1.44782 0.08710
vt -1.44782 0.01488
vt -1.48657 0.08710
vt -1.44782 0.01488
vt -1.48657 0.01488
vt -1.44782 0.08710
vt -1.40906 0.08710
vt -1.40906 0.01488
vt -1.44782 0.08710
vt -1.40906 0.01488
vt -1.44782 0.01488
vt -0.11366 0.08710
vt -0.11366 0.16716
vt -0.09902 0.16624
vt -0.11366 0.08710
vt -0.09902 0.16624
vt -0.09902 0.09892
vt -1.37031 0.08710
vt -1.33155 0.08710
vt -1.33155 0.01488
vt -1.37031 0.08710
vt -1.33155 0.01488
vt -1.37031 0.01488
vt -1.33155 0.08710
vt -1.29280 0.08710
vt -1.29280 0.01488
vt -1.33155 0.08710
vt -1.29280 0.01488
vt -1.33155 0.01488
vt -0.08524 0.01488
vt -0.11366 0.08710
vt -0.09902 0.09892
vt -0.08524 0.01488
vt -0.09902 0.09892
vt -0.07427 0.03819
vt -1.25404 0.08710
vt -1.21529 0.08710
vt -1.21529 0.01488
vt -1.25404 0.08710
vt -1.21529 0.01488
vt -1.25404 0.01488
vt -1.21529 0.08710
vt -1.17653 0.08710
vt -1.17653 0.01488
vt -1.21529 0.08710
vt -1.17653 0.01488
vt -1.21529 0.01488
vt 0.00000 -0.00919
vt 0.08524 0.01488
vt 0.07427 0.03819
vt 0.00000 -0.00919
vt 0.07427 0.03819
vt 0.00000 0.01795
vt -1.13778 0.08710
vt -1.09902 0.08710
vt -1.09902 0.01488
vt -1.13778 0.08710
vt -1.09902 0.01488
vt -1.13778 0.01488
vt -1.09902 0.08710
vt -1.06028 0.08710
vt -1.06028 0.01488
vt -1.09902 0.08710
vt -1.06028 0.01488
vt -1.09902 0.01488
vt 0.08524 0.01488
vt 0.00000 -0.00919
vt 0.00000 0.01795
vt 0.08524 0.01488
vt 0.00000 0.01795
vt 0.07427 0.03819
vt -1.02152 0.08710
vt -0.98277 0.08710
vt -0.98277 0.01488
vt -1.02152 0.08710
vt -0.98277 0.01488
vt -1.02152 0.01488
vt -0.98277 0.08710
vt -0.94401 0.08710
vt -0.94401 0.01488
vt -0.98277 0.08710
vt -0.94401 0.01488
vt -0.98277 0.01488
vt -0.11366 0.21476
vt -0.11366 0.16716
vt -0.09902 0.16624
vt -0.11366 0.21476
vt -0.09902 0.16624
vt -0.09902 0.20627
vt -0.08524 -1.79660
vt -0.11366 -1.79660
vt -0.11366 -1.75784
vt -0.08524 -1.79660
vt -0.11366 -1.75784
vt -0.08524 -1.75784
vt -0.08524 -1.75784
vt -0.11366 -1.75784
vt -0.11366 -1.71909
vt -0.08524 -1.75784
vt -0.11366 -1.71909
vt -0.08524 -1.71909
vt -0.08524 -1.71909
vt -0.11366 -1.71909
vt -0.11366 -1.68033
vt -0.08524 -1.71909
vt -0.11366 -1.68033
vt -0.08524 -1.68033
vt -0.08524 -1.68033
vt -0.11366 -1.68033
vt -0.11366 -1.64158
vt -0.08524 -1.68033
vt -0.11366 -1.64158
vt -0.08524 -1.64158
vt -0.08524 -1.64158
vt -0.11366 -1.64158
vt -0.11366 -1.60282
vt -0.08524 -1.64158
vt -0.11366 -1.60282
vt -0.08524 -1.60282
vt -0.08524 -1.60282
vt -0.11366 -1.60282
vt -0.11366 -1.56408
vt -0.08524 -1.60282
vt -0.11366 -1.56408
vt -0.08524 -1.56408
vt -0.08524 -1.56408
vt -0.11366 -1.56408
vt -0.11366 -1.52533
vt -0.08524 -1.56408
vt -0.11366 -1.52533
vt -0.08524 -1.52533
vt -0.08524 -1.52533
vt -0.11366 -1.52533
vt -0.11366 -1.48657
vt -0.08524 -1.52533
vt -0.11366 -1.48657
vt -0.08524 -1.48657
vt -0.08524 -1.48657
vt -0.11366 -1.48657
vt -0.11366 -1.44782
vt -0.08524 -1.48657
vt -0.11366 -1.44782
vt -0.08524 -1.44782
vt -0.08524 -1.44782
vt -0.11366 -1.44782
vt -0.11366 -1.40906
vt -0.08524 -1.44782
vt -0.11366 -1.40906
vt -0.08524 -1.40906
vt -0.08524 -1.40906
vt -0.11366 -1.40906
vt -0.11366 -1.37031
vt -0.08524 -1.40906
vt -0.11366 -1.37031
vt -0.08524 -1.37031
vt -0.08524 -1.37031
vt -0.11366 -1.37031
vt -0.11366 -1.33155
vt -0.08524 -1.37031
vt -0.11366 -1.33155
vt -0.08524 -1.33155
vt -0.08524 -1.33155
vt -0.11366 -1.33155
vt -0.11366 -1.29280
vt -0.08524 -1.33155
vt -0.11366 -1.29280
vt -0.08524 -1.29280
vt -0.08524 -1.29280
vt -0.11366 -1.29280
vt -0.11366 -1.25404
vt -0.08524 -1.29280
vt -0.11366 -1.25404
vt -0.08524 -1.25404
vt -0.08524 -1.25404
vt -0.11366 -1.25404
vt -0.11366 -1.21529
vt -0.08524 -1.25404
vt -0.11366 -1.21529
vt -0.08524 -1.21529
vt -0.08524 -1.21529
vt -0.11366 -1.21529
vt -0.11366 -1.17653
vt -0.08524 -1.21529
vt -0.11366 -1.17653
vt -0.08524 -1.17653
vt -0.08524 -1.17653
vt -0.11366 -1.17653
vt -0.11366 -1.13778
vt -0.08524 -1.17653
vt -0.11366 -1.13778
vt -0.08524 -1.13778
vt -0.08524 -1.13778
vt -0.11366 -1.13778
vt -0.11366 -1.09902
vt -0.08524 -1.13778
vt -0.11366 -1.09902
vt -0.08524 -1.09902
vt -0.08524 -1.09902
vt -0.11366 -1.09902
vt -0.11366 -1.06028
vt -0.08524 -1.09902
vt -0.11366 -1.06028
vt -0.08524 -1.06028
vt -0.08524 -1.06028
vt -0.11366 -1.06028
vt -0.11366 -1.02152
vt -0.08524 -1.06028
vt -0.11366 -1.02152
vt -0.08524 -1.02152
vt -0.08524 -1.02152
vt -0.11366 -1.02152
vt -0.11366 -0.98277
vt -0.08524 -1.02152
vt -0.11366 -0.98277
vt -0.08524 -0.98277
vt -0.08524 -0.98277
vt -0.11366 -0.98277
vt -0.11366 -0.94401
vt -0.08524 -0.98277
vt -0.11366 -0.94401
vt -0.08524 -0.94401
vt -0.08524 -0.94401
vt -0.11366 -0.94401
vt -0.11366 -0.90526
vt -0.08524 -0.94401
vt -0.11366 -0.90526
vt -0.08524 -0.90526
vt -1.79660 0.21476
vt -1.75784 0.21476
vt -1.75784 0.16716
vt -1.79660 0.21476
vt -1.75784 0.16716
vt -1.79660 0.16716
vt -0.11366 0.16716
vt -0.11366 0.08710
vt -0.09902 0.09892
vt -0.11366 0.16716
vt -0.09902 0.09892
vt -0.09902 0.16624
vt -1.71909 0.21476
vt -1.68033 0.21476
vt -1.68033 0.16716
vt -1.71909 0.21476
vt -1.68033 0.16716
vt -1.71909 0.16716
vt -1.68033 0.21476
vt -1.64158 0.21476
vt -1.64158 0.16716
vt -1.68033 0.21476
vt -1.64158 0.16716
vt -1.68033 0.16716
vt -0.11366 0.08710
vt -0.08524 0.01488
vt -0.07427 0.03819
vt -0.11366 0.08710
vt -0.07427 0.03819
vt -0.09902 0.09892
vt -1.60282 0.21476
vt -1.56408 0.21476
vt -1.56408 0.16716
vt -1.60282 0.21476
vt -1.56408 0.16716
vt -1.60282 0.16716
vt -1.56408 0.21476
vt -1.52533 0.21476
vt -1.52533 0.16716
vt -1.56408 0.21476
vt -1.52533 0.16716
vt -1.56408 0.16716
vt 0.11366 -0.94401
vt 0.11366 -0.90526
vt 0.09902 -0.90526
vt 0.11366 -0.94401
vt 0.09902 -0.90526
vt 0.09902 -0.94401
vt -1.48657 0.21476
vt -1.44782 0.21476
vt -1.44782 0.16716
vt -1.48657 0.21476
vt -1.44782 0.16716
vt -1.48657 0.16716
vt -1.44782 0.21476
vt -1.40906 0.21476
vt -1.40906 0.16716
vt -1.44782 0.21476
vt -1.40906 0.16716
vt -1.44782 0.16716
vt -0.11366 0.16716
vt -0.11366 0.21476
vt -0.09902 0.20627
vt -0.11366 0.16716
vt -0.09902 0.20627
vt -0.09902 0.16624
vt -1.37031 0.21476
vt -1.33155 0.21476
vt -1.33155 0.16716
vt -1.37031 0.21476
vt -1.33155 0.16716
vt -1.37031 0.16716
vt -1.33155 0.21476
vt -1.29280 0.21476
vt -1.29280 0.16716
vt -1.33155 0.21476
vt -1.29280 0.16716
vt -1.33155 0.16716
vt -0.11366 0.08710
vt -0.11366 0.16716
vt -0.09902 0.16624
vt -0.11366 0.08710
vt -0.09902 0.16624
vt -0.09902 0.09892
vt -1.25404 0.21476
vt -1.21529 0.21476
vt -1.21529 0.16716
vt -1.25404 0.21476
vt -1.21529 0.16716
vt -1.25404 0.16716
vt -1.21529 0.21476
vt -1.17653 0.21476
vt -1.17653 0.16716
vt -1.21529 0.21476
vt -1.17653 0.16716
vt -1.21529 0.16716
vt -0.08524 0.01488
vt -0.11366 0.08710
vt -0.09902 0.09892
vt -0.08524 0.01488
vt -0.09902 0.09892
vt -0.07427 0.03819
vt -1.13778 0.21476
vt -1.09902 0.21476
vt -1.09902 0.16716
vt -1.13778 0.21476
vt -1.09902 0.16716
vt -1.13778 0.16716
vt -1.09902 0.21476
vt -1.06028 0.21476
vt -1.06028 0.16716
vt -1.09902 0.21476
vt -1.06028 0.16716
vt -1.09902 0.16716
vt 0.00000 -0.00919
vt 0.08524 0.01488
vt 0.07427 0.03819
vt 0.00000 -0.00919
vt 0.07427 0.03819
vt 0.00000 0.01795
vt -1.02152 0.21476
vt -0.98277 0.21476
vt -0.98277 0.16716
vt -1.02152 0.21476
vt -0.98277 0.16716
vt -1.02152 0.16716
vt -0.98277 0.21476
vt -0.94401 0.21476
vt -0.94401 0.16716
vt -0.98277 0.21476
vt -0.94401 0.16716
vt -0.98277 0.16716
vt 0.11366 0.16716
vt 0.11366 0.08710
vt 0.09902 0.09892
vt 0.11366 0.16716
vt 0.09902 0.09892
vt 0.09902 0.16624
vt -1.79660 0.16716
vt -1.75784 0.16716
vt -1.75784 0.08710
vt -1.79660 0.16716
vt -1.75784 0.08710
vt -1.79660 0.08710
vt 0.08524 0.01488
vt 0.00000 -0.00919
vt 0.00000 0.01795
vt 0.08524 0.01488
vt 0.00000 0.01795
vt 0.07427 0.03819
vt -1.71909 0.16716
vt -1.68033 0.16716
vt -1.68033 0.08710
vt -1.71909 0.16716
vt -1.68033 0.08710
vt -1.71909 0.08710
vt -1.68033 0.16716
vt -1.64158 0.16716
vt -1.64158 0.08710
vt -1.68033 0.16716
vt -1.64158 0.08710
vt -1.68033 0.08710
vt 0.11366 0.08710
vt 0.11366 0.16716
vt 0.09902 0.16624
vt 0.11366 0.08710
vt 0.09902 0.16624
vt 0.09902 0.09892
vt -1.60282 0.16716
vt -1.56408 0.16716
vt -1.56408 0.08710
vt -1.60282 0.16716
vt -1.56408 0.08710
vt -1.60282 0.08710
vt -1.56408 0.16716
vt -1.52533 0.16716
vt -1.52533 0.08710
vt -1.56408 0.16716
vt -1.52533 0.08710
vt -1.56408 0.08710
vt -0.11366 0.16716
vt -0.11366 0.08710
vt -0.09902 0.09892
vt -0.11366 0.16716
vt -0.09902 0.09892
vt -0.09902 0.16624
vt -1.48657 0.16716
vt -1.44782 0.16716
vt -1.44782 0.08710
vt -1.48657 0.16716
vt -1.44782 0.08710
vt -1.48657 0.08710
vt -1.44782 0.16716
vt -1.40906 0.16716
vt -1.40906 0.08710
vt -1.44782 0.16716
vt -1.40906 0.08710
vt -1.44782 0.08710
vt -0.11366 0.08710
vt -0.08524 0.01488
vt -0.07427 0.03819
vt -0.11366 0.08710
vt -0.07427 0.03819
vt -0.09902 0.09892
vt -1.37031 0.16716
vt -1.33155 0.16716
vt -1.33155 0.08710
vt -1.37031 0.16716
vt -1.33155 0.08710
vt -1.37031 0.08710
vt -1.33155 0.16716
vt -1.29280 0.16716
vt -1.29280 0.08710
vt -1.33155 0.16716
vt -1.29280 0.08710
vt -1.33155 0.08710
vt -0.11366 0.08710
vt -0.11366 0.16716
vt -0.09902 0.16624
vt -0.11366 0.08710
vt -0.09902 0.16624
vt -0.09902 0.09892
vt -1.25404 0.16716
vt -1.21529 0.16716
vt -1.21529 0.08710
vt -1.25404 0.16716
vt -1.21529 0.08710
vt -1.25404 0.08710
vt -1.21529 0.16716
vt -1.17653 0.16716
vt -1.17653 0.08710
vt -1.21529 0.16716
vt -1.17653 0.08710
vt -1.21529 0.08710
vt -0.08524 0.01488
vt -0.11366 0.08710
vt -0.09902 0.09892
vt -0.08524 0.01488
vt -0.09902 0.09892
vt -0.07427 0.03819
vt -1.13778 0.16716
vt -1.09902 0.16716
vt -1.09902 0.08710
vt -1.13778 0.16716
vt -1.09902 0.08710
vt -1.13778 0.08710
vt -1.09902 0.16716
vt -1.06028 0.16716
vt -1.06028 0.08710
vt -1.09902 0.16716
vt -1.06028 0.08710
vt -1.09902 0.08710
vt 0.00000 -0.00919
vt 0.08524 0.01488
vt 0.07427 0.03819
vt 0.00000 -0.00919
vt 0.07427 0.03819
vt 0.00000 0.01795
vt -1.02152 0.16716
vt -0.98277 0.16716
vt -0.98277 0.08710
vt -1.02152 0.16716
vt -0.98277 0.08710
vt -1.02152 0.08710
vt -0.98277 0.16716
vt -0.94401 0.16716
vt -0.94401 0.08710
vt -0.98277 0.16716
vt -0.94401 0.08710
vt -0.98277 0.08710
vt 0.11366 0.16716
vt 0.11366 0.08710
vt 0.09902 0.09892
vt 0.11366 0.16716
vt 0.09902 0.09892
vt 0.09902 0.16624
vt -0.86650 0.21476
vt -0.90526 0.21476
vt -0.90526 0.16716
vt -0.86650 0.21476
vt -0.90526 0.16716
vt -0.86650 0.16716
vt 0.08524 0.01488
vt 0.00000 -0.00919
vt 0.00000 0.01795
vt 0.08524 0.01488
vt 0.00000 0.01795
vt 0.07427 0.03819
vt -0.94401 0.21476
vt -0.98277 0.21476
vt -0.98277 0.16716
vt -0.94401 0.21476
vt -0.98277 0.16716
vt -0.94401 0.16716
vt -0.98277 0.21476
vt -1.02152 0.21476
vt -1.02152 0.16716
vt -0.98277 0.21476
vt -1.02152 0.16716
vt -0.98277 0.16716
vt 0.11366 0.08710
vt 0.11366 0.16716
vt 0.09902 0.16624
vt 0.11366 0.08710
vt 0.09902 0.16624
vt 0.09902 0.09892
vt -1.06028 0.21476
vt -1.09902 0.21476
vt -1.09902 0.16716
vt -1.06028 0.21476
vt -1.09902 0.16716
vt -1.06028 0.16716
vt -1.09902 0.21476
vt -1.13778 0.21476
vt -1.13778 0.16716
vt -1.09902 0.21476
vt -1.13778 0.16716
vt -1.09902 0.16716
vt -0.11366 0.16716
vt -0.11366 0.08710
vt -0.09902 0.09892
vt -0.11366 0.16716
vt -0.09902 0.09892
vt -0.09902 0.16624
vt -1.17653 0.21476
vt -1.21529 0.21476
vt -1.21529 0.16716
vt -1.17653 0.21476
vt -1.21529 0.16716
vt -1.17653 0.16716
vt -1.21529 0.21476
vt -1.25404 0.21476
vt -1.25404 0.16716
vt -1.21529 0.21476
vt -1.25404 0.16716
vt -1.21529 0.16716
vt -0.11366 0.08710
vt -0.08524 0.01488
vt -0.07427 0.03819
vt -0.11366 0.08710
vt -0.07427 0.03819
vt -0.09902 0.09892
vt -1.29280 0.21476
vt -1.33155 0.21476
vt -1.33155 0.16716
vt -1.29280 0.21476
vt -1.33155 0.16716
vt -1.29280 0.16716
vt -1.33155 0.21476
vt -1.37031 0.21476
vt -1.37031 0.16716
vt -1.33155 0.21476
vt -1.37031 0.16716
vt -1.33155 0.16716
vt -0.11366 0.08710
vt -0.11366 0.16716
vt -0.09902 0.16624
vt -0.11366 0.08710
vt -0.09902 0.16624
vt -0.09902 0.09892
vt -1.40906 0.21476
vt -1.44782 0.21476
vt -1.44782 0.16716
vt -1.40906 0.21476
vt -1.44782 0.16716
vt -1.40906 0.16716
vt -1.44782 0.21476
vt -1.48657 0.21476
vt -1.48657 0.16716
vt -1.44782 0.21476
vt -1.48657 0.16716
vt -1.44782 0.16716
vt -0.08524 0.01488
vt -0.11366 0.08710
vt -0.09902 0.09892
vt -0.08524 0.01488
vt -0.09902 0.09892
vt -0.07427 0.03819
vt -1.52533 0.21476
vt -1.56408 0.21476
vt -1.56408 0.16716
vt -1.52533 0.21476
vt -1.56408 0.16716
vt -1.52533 0.16716
vt -1.56408 0.21476
vt -1.60282 0.21476
vt -1.60282 0.16716
vt -1.56408 0.21476
vt -1.60282 0.16716
vt -1.56408 0.16716
vt 0.00000 -0.00919
vt 0.08524 0.01488
vt 0.07427 0.03819
vt 0.00000 -0.00919
vt 0.07427 0.03819
vt 0.00000 0.01795
vt -1.64158 0.21476
vt -1.68033 0.21476
vt -1.68033 0.16716
vt -1.64158 0.21476
vt -1.68033 0.16716
vt -1.64158 0.16716
vt -1.68033 0.21476
vt -1.71909 0.21476
vt -1.71909 0.16716
vt -1.68033 0.21476
vt -1.71909 0.16716
vt -1.68033 0.16716
vt 0.11366 0.16716
vt 0.11366 0.08710
vt 0.09902 0.09892
vt 0.11366 0.16716
vt 0.09902 0.09892
vt 0.09902 0.16624
vt 0.08524 -0.86650
vt 0.11366 -0.86650
vt 0.11366 -0.90526
vt 0.08524 -0.86650
vt 0.11366 -0.90526
vt 0.08524 -0.90526
vt 0.08524 -0.90526
vt 0.11366 -0.90526
vt 0.11366 -0.94401
vt 0.08524 -0.90526
vt 0.11366 -0.94401
vt 0.08524 -0.94401
vt 0.08524 -0.94401
vt 0.11366 -0.94401
vt 0.11366 -0.98277
vt 0.08524 -0.94401
vt 0.11366 -0.98277
vt 0.08524 -0.98277
vt 0.08524 -0.98277
vt 0.11366 -0.98277
vt 0.11366 -1.02152
vt 0.08524 -0.98277
vt 0.11366 -1.02152
vt 0.08524 -1.02152
vt 0.08524 -1.02152
vt 0.11366 -1.02152
vt 0.11366 -1.06028
vt 0.08524 -1.02152
vt 0.11366 -1.06028
vt 0.08524 -1.06028
vt 0.08524 -1.06028
vt 0.11366 -1.06028
vt 0.11366 -1.09902
vt 0.08524 -1.06028
vt 0.11366 -1.09902
vt 0.08524 -1.09902
vt 0.08524 -1.09902
vt 0.11366 -1.09902
vt 0.11366 -1.13778
vt 0.08524 -1.09902
vt 0.11366 -1.13778
vt 0.08524 -1.13778
vt 0.08524 -1.13778
vt 0.11366 -1.13778
vt 0.11366 -1.17653
vt 0.08524 -1.13778
vt 0.11366 -1.17653
vt 0.08524 -1.17653
vt 0.08524 -1.17653
vt 0.11366 -1.17653
vt 0.11366 -1.21529
vt 0.08524 -1.17653
vt 0.11366 -1.21529
vt 0.08524 -1.21529
vt 0.08524 -1.21529
vt 0.11366 -1.21529
vt 0.11366 -1.25404
vt 0.08524 -1.21529
vt 0.11366 -1.25404
vt 0.08524 -1.25404
vt 0.08524 -1.25404
vt 0.11366 -1.25404
vt 0.11366 -1.29280
vt 0.08524 -1.25404
vt 0.11366 -1.29280
vt 0.08524 -1.29280
vt 0.08524 -1.29280
vt 0.11366 -1.29280
vt 0.11366 -1.33155
vt 0.08524 -1.29280
vt 0.11366 -1.33155
vt 0.08524 -1.33155
vt 0.08524 -1.33155
vt 0.11366 -1.33155
vt 0.11366 -1.37031
vt 0.08524 -1.33155
vt 0.11366 -1.37031
vt 0.08524 -1.37031
vt 0.08524 -1.37031
vt 0.11366 -1.37031
vt 0.11366 -1.40906
vt 0.08524 -1.37031
vt 0.11366 -1.40906
vt 0.08524 -1.40906
vt 0.08524 -1.40906
vt 0.11366 -1.40906
vt 0.11366 -1.44782
vt 0.08524 -1.40906
vt 0.11366 -1.44782
vt 0.08524 -1.44782
vt 0.08524 -1.44782
vt 0.11366 -1.44782
vt 0.11366 -1.48657
vt 0.08524 -1.44782
vt 0.11366 -1.48657
vt 0.08524 -1.48657
vt 0.08524 -1.48657
vt 0.11366 -1.48657
vt 0.11366 -1.52533
vt 0.08524 -1.48657
vt 0.11366 -1.52533
vt 0.08524 -1.52533
vt 0.08524 -1.52533
vt 0.11366 -1.52533
vt 0.11366 -1.56408
vt 0.08524 -1.52533
vt 0.11366 -1.56408
vt 0.08524 -1.56408
vt 0.08524 -1.56408
vt 0.11366 -1.56408
vt 0.11366 -1.60282
vt 0.08524 -1.56408
vt 0.11366 -1.60282
vt 0.08524 -1.60282
vt 0.08524 -1.60282
vt 0.11366 -1.60282
vt 0.11366 -1.64158
vt 0.08524 -1.60282
vt 0.11366 -1.64158
vt 0.08524 -1.64158
vt 0.08524 -1.64158
vt 0.11366 -1.64158
vt 0.11366 -1.68033
vt 0.08524 -1.64158
vt 0.11366 -1.68033
vt 0.08524 -1.68033
vt 0.08524 -1.68033
vt 0.11366 -1.68033
vt 0.11366 -1.71909
vt 0.08524 -1.68033
vt 0.11366 -1.71909
vt 0.08524 -1.71909
vt 0.08524 -1.71909
vt 0.11366 -1.71909
vt 0.11366 -1.75784
vt 0.08524 -1.71909
vt 0.11366 -1.75784
vt 0.08524 -1.75784
vt 0.08524 -1.79660
vt 0.06314 -1.82285
vt -0.00000 -1.83204
vt 0.08524 -1.79660
vt -0.00000 -1.83204
vt -0.06314 -1.82285
vt 0.08524 -1.79660
vt -0.06314 -1.82285
vt -0.08524 -1.79660
vt 0.08524 -1.79660
vt -0.08524 -1.79660
vt -0.08524 -1.75784
vt 0.08524 -1.79660
vt -0.08524 -1.75784
vt -0.08524 -1.71909
vt 0.08524 -1.79660
vt -0.08524 -1.71909
vt -0.08524 -1.68033
vt 0.08524 -1.79660
vt -0.08524 -1.68033
vt -0.08524 -1.64158
vt 0.08524 -1.79660
vt -0.08524 -1.64158
vt -0.08524 -1.60282
vt 0.08524 -1.79660
vt -0.08524 -1.60282
vt -0.08524 -1.56408
vt 0.08524 -1.79660
vt -0.08524 -1.56408
vt -0.08524 -1.52533
vt 0.08524 -1.79660
vt -0.08524 -1.52533
vt -0.08524 -1.48657
vt 0.08524 -1.79660
vt -0.08524 -1.48657
vt -0.08524 -1.44782
vt 0.08524 -1.79660
vt -0.08524 -1.44782
vt -0.08524 -1.40906
vt 0.08524 -1.79660
vt -0.08524 -1.40906
vt -0.08524 -1.37031
vt 0.08524 -1.79660
vt -0.08524 -1.37031
vt -0.08524 -1.33155
vt 0.08524 -1.79660
vt -0.08524 -1.33155
vt -0.08524 -1.29280
vt 0.08524 -1.79660
vt -0.08524 -1.29280
vt -0.08524 -1.25404
vt 0.08524 -1.79660
vt -0.08524 -1.25404
vt -0.08524 -1.21529
vt 0.08524 -1.79660
vt -0.08524 -1.21529
vt -0.08524 -1.17653
vt 0.08524 -1.79660
vt -0.08524 -1.17653
vt -0.08524 -1.13778
vt 0.08524 -1.79660
vt -0.08524 -1.13778
vt -0.08524 -1.09902
vt 0.08524 -1.79660
vt -0.08524 -1.09902
vt -0.08524 -1.06028
vt 0.08524 -1.79660
vt -0.08524 -1.06028
vt -0.08524 -1.02152
vt 0.08524 -1.79660
vt -0.08524 -1.02152
vt -0.08524 -0.98277
vt 0.08524 -1.79660
vt -0.08524 -0.98277
vt -0.08524 -0.94401
vt 0.08524 -1.79660
vt -0.08524 -0.94401
vt -0.08524 -0.90526
vt 0.08524 -1.79660
vt -0.08524 -0.90526
vt -0.08524 -0.86650
vt 0.08524 -1.79660
vt -0.08524 -0.86650
vt -0.06314 -0.83407
vt 0.08524 -1.79660
vt -0.06314 -0.83407
vt -0.00000 -0.82271
vt 0.08524 -1.79660
vt -0.00000 -0.82271
vt 0.06314 -0.83407
vt 0.08524 -1.79660
vt 0.06314 -0.83407
vt 0.08524 -0.86650
vt -1.79660 0.23098
vt -0.86650 0.23098
vt -0.90526 0.23098
vt -1.79660 0.23098
vt -0.90526 0.23098
vt -0.94401 0.23098
vt -1.79660 0.23098
vt -0.94401 0.23098
vt -0.98277 0.23098
vt -1.79660 0.23098
vt -0.98277 0.23098
vt -1.02152 0.23098
vt -1.79660 0.23098
vt -1.02152 0.23098
vt -1.06028 0.23098
vt -1.79660 0.23098
vt -1.06028 0.23098
vt -1.09902 0.23098
vt -1.79660 0.23098
vt -1.09902 0.23098
vt -1.13778 0.23098
vt -1.79660 0.23098
vt -1.13778 0.23098
vt -1.17653 0.23098
vt -1.79660 0.23098
vt -1.17653 0.23098
vt -1.21529 0.23098
vt -1.79660 0.23098
vt -1.21529 0.23098
vt -1.25404 0.23098
vt -1.79660 0.23098
vt -1.25404 0.23098
vt -1.29280 0.23098
vt -1.79660 0.23098
vt -1.29280 0.23098
vt -1.33155 0.23098
vt -1.79660 0.23098
vt -1.33155 0.23098
vt -1.37031 0.23098
vt -1.79660 0.23098
vt -1.37031 0.23098
vt -1.40906 0.23098
vt -1.79660 0.23098
vt -1.40906 0.23098
vt -1.44782 0.23098
vt -1.79660 0.23098
vt -1.44782 0.23098
vt -1.48657 0.23098
vt -1.79660 0.23098
vt -1.48657 0.23098
vt -1.52533 0.23098
vt -1.79660 0.23098
vt -1.52533 0.23098
vt -1.56408 0.23098
vt -1.79660 0.23098
vt -1.56408 0.23098
vt -1.60282 0.23098
vt -1.79660 0.23098
vt -1.60282 0.23098
vt -1.64158 0.23098
vt -1.79660 0.23098
vt -1.64158 0.23098
vt -1.68033 0.23098
vt -1.79660 0.23098
vt -1.68033 0.23098
vt -1.71909 0.23098
vt -1.79660 0.23098
vt -1.71909 0.23098
vt -1.75784 0.23098
vt -0.08524 -1.79660
vt 0.00000 -1.79660
vt 0.00000 -1.75784
vt -0.08524 -1.79660
vt 0.00000 -1.75784
vt -0.08524 -1.75784
vt 0.08524 0.01488
vt 0.00000 -0.00919
vt 0.00000 0.01795
vt 0.08524 0.01488
vt 0.00000 0.01795
vt 0.07427 0.03819
vt -0.08524 -1.71909
vt 0.00000 -1.71909
vt 0.00000 -1.68033
vt -0.08524 -1.71909
vt 0.00000 -1.68033
vt -0.08524 -1.68033
vt -0.08524 -1.68033
vt 0.00000 -1.68033
vt 0.00000 -1.64158
vt -0.08524 -1.68033
vt 0.00000 -1.64158
vt -0.08524 -1.64158
vt 0.11366 0.08710
vt 0.11366 0.16716
vt 0.09902 0.16624
vt 0.11366 0.08710
vt 0.09902 0.16624
vt 0.09902 0.09892
vt -0.08524 -1.60282
vt 0.00000 -1.60282
vt 0.00000 -1.56408
vt -0.08524 -1.60282
vt 0.00000 -1.56408
vt -0.08524 -1.56408
vt -0.08524 -1.56408
vt 0.00000 -1.56408
vt 0.00000 -1.52533
vt -0.08524 -1.56408
vt 0.00000 -1.52533
vt -0.08524 -1.52533
vt -0.11366 0.16716
vt -0.11366 0.08710
vt -0.09902 0.09892
vt -0.11366 0.16716
vt -0.09902 0.09892
vt -0.09902 0.16624
vt -0.08524 -1.48657
vt 0.00000 -1.48657
vt 0.00000 -1.44782
vt -0.08524 -1.48657
vt 0.00000 -1.44782
vt -0.08524 -1.44782
vt -0.08524 -1.44782
vt 0.00000 -1.44782
vt 0.00000 -1.40906
vt -0.08524 -1.44782
vt 0.00000 -1.40906
vt -0.08524 -1.40906
vt -0.11366 -1.02152
vt -0.11366 -1.06028
vt -0.09902 -1.06028
vt -0.11366 -1.02152
vt -0.09902 -1.06028
vt -0.09902 -1.02152
vt -0.08524 -1.37031
vt 0.00000 -1.37031
vt 0.00000 -1.33155
vt -0.08524 -1.37031
vt 0.00000 -1.33155
vt -0.08524 -1.33155
vt -0.08524 -1.33155
vt 0.00000 -1.33155
vt 0.00000 -1.29280
vt -0.08524 -1.33155
vt 0.00000 -1.29280
vt -0.08524 -1.29280
vt -0.11366 0.08710
vt -0.11366 0.16716
vt -0.09902 0.16624
vt -0.11366 0.08710
vt -0.09902 0.16624
vt -0.09902 0.09892
vt -0.08524 -1.25404
vt 0.00000 -1.25404
vt 0.00000 -1.21529
vt -0.08524 -1.25404
vt 0.00000 -1.21529
vt -0.08524 -1.21529
vt -0.08524 -1.21529
vt 0.00000 -1.21529
vt 0.00000 -1.17653
vt -0.08524 -1.21529
vt 0.00000 -1.17653
vt -0.08524 -1.17653
vt 0.00000 -0.00919
vt 0.08524 0.01488
vt 0.07427 0.03819
vt 0.00000 -0.00919
vt 0.07427 0.03819
vt -0.00000 0.01795
vt -0.08524 -1.13778
vt 0.00000 -1.13778
vt 0.00000 -1.09902
vt -0.08524 -1.13778
vt 0.00000 -1.09902
vt -0.08524 -1.09902
vt -0.08524 -1.09902
vt 0.00000 -1.09902
vt 0.00000 -1.06028
vt -0.08524 -1.09902
vt 0.00000 -1.06028
vt -0.08524 -1.06028
vt 0.11366 0.16716
vt 0.11366 0.08710
vt 0.09902 0.09892
vt 0.11366 0.16716
vt 0.09902 0.09892
vt 0.09902 0.16624
vt -0.08524 -1.02152
vt 0.00000 -1.02152
vt 0.00000 -0.98277
vt -0.08524 -1.02152
vt 0.00000 -0.98277
vt -0.08524 -0.98277
vt -0.08524 -0.98277
vt 0.00000 -0.98277
vt 0.00000 -0.94401
vt -0.08524 -0.98277
vt 0.00000 -0.94401
vt -0.08524 -0.94401
vt 0.08524 0.01488
vt -0.00000 -0.00919
vt -0.00000 0.01795
vt 0.08524 0.01488
vt -0.00000 0.01795
vt 0.07427 0.03819
vt 0.08524 -0.86650
vt -0.00000 -0.86650
vt -0.00000 -0.90526
vt 0.08524 -0.86650
vt -0.00000 -0.90526
vt 0.08524 -0.90526
vt 0.11366 0.08710
vt 0.11366 0.16716
vt 0.09902 0.16624
vt 0.11366 0.08710
vt 0.09902 0.16624
vt 0.09902 0.09892
vt 0.08524 -0.94401
vt 0.00000 -0.94401
vt 0.00000 -0.98277
vt 0.08524 -0.94401
vt 0.00000 -0.98277
vt 0.08524 -0.98277
vt 0.08524 -0.98277
vt 0.00000 -0.98277
vt 0.00000 -1.02152
vt 0.08524 -0.98277
vt 0.00000 -1.02152
vt 0.08524 -1.02152
vt -0.11366 0.16716
vt -0.11366 0.08710
vt -0.09902 0.09892
vt -0.11366 0.16716
vt -0.09902 0.09892
vt -0.09902 0.16624
vt 0.08524 -1.06028
vt 0.00000 -1.06028
vt 0.00000 -1.09902
vt 0.08524 -1.06028
vt 0.00000 -1.09902
vt 0.08524 -1.09902
vt 0.08524 -1.09902
vt 0.00000 -1.09902
vt 0.00000 -1.13778
vt 0.08524 -1.09902
vt 0.00000 -1.13778
vt 0.08524 -1.13778
vt -0.00000 -0.00919
vt -0.08524 0.01488
vt -0.07427 0.03819
vt -0.00000 -0.00919
vt -0.07427 0.03819
vt -0.00000 0.01795
vt 0.08524 -1.17653
vt 0.00000 -1.17653
vt 0.00000 -1.21529
vt 0.08524 -1.17653
vt 0.00000 -1.21529
vt 0.08524 -1.21529
vt 0.08524 -1.21529
vt 0.00000 -1.21529
vt 0.00000 -1.25404
vt 0.08524 -1.21529
vt 0.00000 -1.25404
vt 0.08524 -1.25404
vt -0.11366 0.08710
vt -0.11366 0.16716
vt -0.09902 0.16624
vt -0.11366 0.08710
vt -0.09902 0.16624
vt -0.09902 0.09892
vt 0.08524 -1.29280
vt 0.00000 -1.29280
vt 0.00000 -1.33155
vt 0.08524 -1.29280
vt 0.00000 -1.33155
vt 0.08524 -1.33155
vt 0.08524 -1.33155
vt 0.00000 -1.33155
vt 0.00000 -1.37031
vt 0.08524 -1.33155
vt 0.00000 -1.37031
vt 0.08524 -1.37031
vt -0.08524 0.01488
vt 0.00000 -0.00919
vt -0.00000 0.01795
vt -0.08524 0.01488
vt -0.00000 0.01795
vt -0.07427 0.03819
vt 0.08524 -1.40906
vt 0.00000 -1.40906
vt 0.00000 -1.44782
vt 0.08524 -1.40906
vt 0.00000 -1.44782
vt 0.08524 -1.44782
vt 0.08524 -1.44782
vt 0.00000 -1.44782
vt 0.00000 -1.48657
vt 0.08524 -1.44782
vt 0.00000 -1.48657
vt 0.08524 -1.48657
vt 0.11366 0.16716
vt 0.11366 0.08710
vt 0.09902 0.09892
vt 0.11366 0.16716
vt 0.09902 0.09892
vt 0.09902 0.16624
vt 0.08524 -1.52533
vt 0.00000 -1.52533
vt 0.00000 -1.56408
vt 0.08524 -1.52533
vt 0.00000 -1.56408
vt 0.08524 -1.56408
vt 0.08524 -1.56408
vt 0.00000 -1.56408
vt 0.00000 -1.60282
vt 0.08524 -1.56408
vt 0.00000 -1.60282
vt 0.08524 -1.60282
vt 0.11366 0.08710
vt 0.11366 0.16716
vt 0.09902 0.16624
vt 0.11366 0.08710
vt 0.09902 0.16624
vt 0.09902 0.09892
vt 0.08524 -1.64158
vt 0.00000 -1.64158
vt 0.00000 -1.68033
vt 0.08524 -1.64158
vt 0.00000 -1.68033
vt 0.08524 -1.68033
vt 0.08524 -1.68033
vt 0.00000 -1.68033
vt 0.00000 -1.71909
vt 0.08524 -1.68033
vt 0.00000 -1.71909
vt 0.08524 -1.71909
vt -0.11366 -1.13778
vt -0.11366 -1.17653
vt -0.09902 -1.17653
vt -0.11366 -1.13778
vt -0.09902 -1.17653
vt -0.09902 -1.13778
vt -0.90526 0.09892
vt -0.94401 0.09892
vt -0.94401 0.03819
vt -0.90526 0.09892
vt -0.94401 0.03819
vt -0.90526 0.03819
vt -1.02152 0.09892
vt -1.06028 0.09892
vt -1.06028 0.03819
vt -1.02152 0.09892
vt -1.06028 0.03819
vt -1.02152 0.03819
vt -1.25404 0.09892
vt -1.29280 0.09892
vt -1.29280 0.03819
vt -1.25404 0.09892
vt -1.29280 0.03819
vt -1.25404 0.03819
vt -1.13778 0.09892
vt -1.17653 0.09892
vt -1.17653 0.03819
vt -1.13778 0.09892
vt -1.17653 0.03819
vt -1.13778 0.03819
vt -1.60282 0.09892
vt -1.64158 0.09892
vt -1.64158 0.03819
vt -1.60282 0.09892
vt -1.64158 0.03819
vt -1.60282 0.03819
vt -1.71909 0.09892
vt -1.75784 0.09892
vt -1.75784 0.03819
vt -1.71909 0.09892
vt -1.75784 0.03819
vt -1.71909 0.03819
vt -1.37031 0.09892
vt -1.40906 0.09892
vt -1.40906 0.03819
vt -1.37031 0.09892
vt -1.40906 0.03819
vt -1.37031 0.03819
vt -1.48657 0.09892
vt -1.52533 0.09892
vt -1.52533 0.03819
vt -1.48657 0.09892
vt -1.52533 0.03819
vt -1.48657 0.03819
vt -0.90526 0.16624
vt -0.94401 0.16624
vt -0.94401 0.09892
vt -0.90526 0.16624
vt -0.94401 0.09892
vt -0.90526 0.09892
vt -1.02152 0.16624
vt -1.06028 0.16624
vt -1.06028 0.09892
vt -1.02152 0.16624
vt -1.06028 0.09892
vt -1.02152 0.09892
vt -1.13778 0.16624
vt -1.17653 0.16624
vt -1.17653 0.09892
vt -1.13778 0.16624
vt -1.17653 0.09892
vt -1.13778 0.09892
vt -1.25404 0.16624
vt -1.29280 0.16624
vt -1.29280 0.09892
vt -1.25404 0.16624
vt -1.29280 0.09892
vt -1.25404 0.09892
vt -1.37031 0.16624
vt -1.40906 0.16624
vt -1.40906 0.09892
vt -1.37031 0.16624
vt -1.40906 0.09892
vt -1.37031 0.09892
vt -1.48657 0.16624
vt -1.52533 0.16624
vt -1.52533 0.09892
vt -1.48657 0.16624
vt -1.52533 0.09892
vt -1.48657 0.09892
vt -1.60282 0.16624
vt -1.64158 0.16624
vt -1.64158 0.09892
vt -1.60282 0.16624
vt -1.64158 0.09892
vt -1.60282 0.09892
vt -1.71909 0.16624
vt -1.75784 0.16624
vt -1.75784 0.09892
vt -1.71909 0.16624
vt -1.75784 0.09892
vt -1.71909 0.09892
vt -1.75784 0.09892
vt -1.71909 0.09892
vt -1.71909 0.03819
vt -1.75784 0.09892
vt -1.71909 0.03819
vt -1.75784 0.03819
vt -1.64158 0.09892
vt -1.60282 0.09892
vt -1.60282 0.03819
vt -1.64158 0.09892
vt -1.60282 0.03819
vt -1.64158 0.03819
vt -1.52533 0.09892
vt -1.48657 0.09892
vt -1.48657 0.03819
vt -1.52533 0.09892
vt -1.48657 0.03819
vt -1.52533 0.03819
vt -1.40906 0.09892
vt -1.37031 0.09892
vt -1.37031 0.03819
vt -1.40906 0.09892
vt -1.37031 0.03819
vt -1.40906 0.03819
vt -1.29280 0.09892
vt -1.25404 0.09892
vt -1.25404 0.03819
vt -1.29280 0.09892
vt -1.25404 0.03819
vt -1.29280 0.03819
vt -1.17653 0.09892
vt -1.13778 0.09892
vt -1.13778 0.03819
vt -1.17653 0.09892
vt -1.13778 0.03819
vt -1.17653 0.03819
vt -1.06028 0.09892
vt -1.02152 0.09892
vt -1.02152 0.03819
vt -1.06028 0.09892
vt -1.02152 0.03819
vt -1.06028 0.03819
vt -0.94401 0.09892
vt -0.90526 0.09892
vt -0.90526 0.03819
vt -0.94401 0.09892
vt -0.90526 0.03819
vt -0.94401 0.03819
vt -1.75784 0.20627
vt -1.71909 0.20627
vt -1.71909 0.16624
vt -1.75784 0.20627
vt -1.71909 0.16624
vt -1.75784 0.16624
vt -1.64158 0.20627
vt -1.60282 0.20627
vt -1.60282 0.16624
vt -1.64158 0.20627
vt -1.60282 0.16624
vt -1.64158 0.16624
vt -1.52533 0.20627
vt -1.48657 0.20627
vt -1.48657 0.16624
vt -1.52533 0.20627
vt -1.48657 0.16624
vt -1.52533 0.16624
vt -1.40906 0.20627
vt -1.37031 0.20627
vt -1.37031 0.16624
vt -1.40906 0.20627
vt -1.37031 0.16624
vt -1.40906 0.16624
vt -1.29280 0.20627
vt -1.25404 0.20627
vt -1.25404 0.16624
vt -1.29280 0.20627
vt -1.25404 0.16624
vt -1.29280 0.16624
vt -1.17653 0.20627
vt -1.13778 0.20627
vt -1.13778 0.16624
vt -1.17653 0.20627
vt -1.13778 0.16624
vt -1.17653 0.16624
vt -1.06028 0.20627
vt -1.02152 0.20627
vt -1.02152 0.16624
vt -1.06028 0.20627
vt -1.02152 0.16624
vt -1.06028 0.16624
vt -0.94401 0.20627
vt -0.90526 0.20627
vt -0.90526 0.16624
vt -0.94401 0.20627
vt -0.90526 0.16624
vt -0.94401 0.16624
vt -1.75784 0.16624
vt -1.71909 0.16624
vt -1.71909 0.09892
vt -1.75784 0.16624
vt -1.71909 0.09892
vt -1.75784 0.09892
vt -1.64158 0.16624
vt -1.60282 0.16624
vt -1.60282 0.09892
vt -1.64158 0.16624
vt -1.60282 0.09892
vt -1.64158 0.09892
vt -1.52533 0.16624
vt -1.48657 0.16624
vt -1.48657 0.09892
vt -1.52533 0.16624
vt -1.48657 0.09892
vt -1.52533 0.09892
vt -1.40906 0.16624
vt -1.37031 0.16624
vt -1.37031 0.09892
vt -1.40906 0.16624
vt -1.37031 0.09892
vt -1.40906 0.09892
vt -1.29280 0.16624
vt -1.25404 0.16624
vt -1.25404 0.09892
vt -1.29280 0.16624
vt -1.25404 0.09892
vt -1.29280 0.09892
vt -1.17653 0.16624
vt -1.13778 0.16624
vt -1.13778 0.09892
vt -1.17653 0.16624
vt -1.13778 0.09892
vt -1.17653 0.09892
vt -1.06028 0.16624
vt -1.02152 0.16624
vt -1.02152 0.09892
vt -1.06028 0.16624
vt -1.02152 0.09892
vt -1.06028 0.09892
vt -0.94401 0.16624
vt -0.90526 0.16624
vt -0.90526 0.09892
vt -0.94401 0.16624
vt -0.90526 0.09892
vt -0.94401 0.09892
vt -0.90526 0.20627
vt -0.94401 0.20627
vt -0.94401 0.16624
vt -0.90526 0.20627
vt -0.94401 0.16624
vt -0.90526 0.16624
vt -1.02152 0.20627
vt -1.06028 0.20627
vt -1.06028 0.16624
vt -1.02152 0.20627
vt -1.06028 0.16624
vt -1.02152 0.16624
vt -1.13778 0.20627
vt -1.17653 0.20627
vt -1.17653 0.16624
vt -1.13778 0.20627
vt -1.17653 0.16624
vt -1.13778 0.16624
vt -1.25404 0.20627
vt -1.29280 0.20627
vt -1.29280 0.16624
vt -1.25404 0.20627
vt -1.29280 0.16624
vt -1.25404 0.16624
vt -1.37031 0.20627
vt -1.40906 0.20627
vt -1.40906 0.16624
vt -1.37031 0.20627
vt -1.40906 0.16624
vt -1.37031 0.16624
vt -1.48657 0.20627
vt -1.52533 0.20627
vt -1.52533 0.16624
vt -1.48657 0.20627
vt -1.52533 0.16624
vt -1.48657 0.16624
vt -1.60282 0.20627
vt -1.64158 0.20627
vt -1.64158 0.16624
vt -1.60282 0.20627
vt -1.64158 0.16624
vt -1.60282 0.16624
vt -1.71909 0.20627
vt -1.75784 0.20627
vt -1.75784 0.16624
vt -1.71909 0.20627
vt -1.75784 0.16624
vt -1.71909 0.16624
vt -0.07427 -1.75784
vt 0.00000 -1.75784
vt 0.00000 -1.71909
vt -0.07427 -1.75784
vt 0.00000 -1.71909
vt -0.07427 -1.71909
vt -0.07427 -1.64158
vt 0.00000 -1.64158
vt 0.00000 -1.60282
vt -0.07427 -1.64158
vt 0.00000 -1.60282
vt -0.07427 -1.60282
vt -0.07427 -1.52533
vt 0.00000 -1.52533
vt 0.00000 -1.48657
vt -0.07427 -1.52533
vt 0.00000 -1.48657
vt -0.07427 -1.48657
vt -0.07427 -1.40906
vt 0.00000 -1.40906
vt 0.00000 -1.37031
vt -0.07427 -1.40906
vt 0.00000 -1.37031
vt -0.07427 -1.37031
vt -0.07427 -1.29280
vt 0.00000 -1.29280
vt 0.00000 -1.25404
vt -0.07427 -1.29280
vt 0.00000 -1.25404
vt -0.07427 -1.25404
vt -0.07427 -1.17653
vt 0.00000 -1.17653
vt 0.00000 -1.13778
vt -0.07427 -1.17653
vt 0.00000 -1.13778
vt -0.07427 -1.13778
vt -0.07427 -1.06028
vt 0.00000 -1.06028
vt 0.00000 -1.02152
vt -0.07427 -1.06028
vt 0.00000 -1.02152
vt -0.07427 -1.02152
vt -0.07427 -0.94401
vt -0.00000 -0.94401
vt -0.00000 -0.90526
vt -0.07427 -0.94401
vt -0.00000 -0.90526
vt -0.07427 -0.90526
vt 0.07427 -0.90526
vt -0.00000 -0.90526
vt -0.00000 -0.94401
vt 0.07427 -0.90526
vt -0.00000 -0.94401
vt 0.07427 -0.94401
vt 0.07427 -1.02152
vt 0.00000 -1.02152
vt 0.00000 -1.06028
vt 0.07427 -1.02152
vt 0.00000 -1.06028
vt 0.07427 -1.06028
vt 0.07427 -1.13778
vt 0.00000 -1.13778
vt 0.00000 -1.17653
vt 0.07427 -1.13778
vt 0.00000 -1.17653
vt 0.07427 -1.17653
vt 0.07427 -1.25404
vt 0.00000 -1.25404
vt 0.00000 -1.29280
vt 0.07427 -1.25404
vt 0.00000 -1.29280
vt 0.07427 -1.29280
vt 0.07427 -1.37031
vt 0.00000 -1.37031
vt 0.00000 -1.40906
vt 0.07427 -1.37031
vt 0.00000 -1.40906
vt 0.07427 -1.40906
vt 0.07427 -1.48657
vt 0.00000 -1.48657
vt 0.00000 -1.52533
vt 0.07427 -1.48657
vt 0.00000 -1.52533
vt 0.07427 -1.52533
vt 0.07427 -1.60282
vt 0.00000 -1.60282
vt 0.00000 -1.64158
vt 0.07427 -1.60282
vt 0.00000 -1.64158
vt 0.07427 -1.64158
vt 0.07427 -1.71909
vt 0.00000 -1.71909
vt 0.00000 -1.75784
vt 0.07427 -1.71909
vt 0.00000 -1.75784
vt 0.07427 -1.75784
vt -0.11366 0.08710
vt -0.11366 0.16716
vt -0.09902 0.16624
vt -0.11366 0.08710
vt -0.09902 0.16624
vt -0.09902 0.09892
vt -0.11366 0.16716
vt -0.11366 0.21476
vt -0.09902 0.20627
vt -0.11366 0.16716
vt -0.09902 0.20627
vt -0.09902 0.16624
vt -0.11366 0.08710
vt -0.08524 0.01488
vt -0.07427 0.03819
vt -0.11366 0.08710
vt -0.07427 0.03819
vt -0.09902 0.09892
vt 0.11366 0.21476
vt 0.11366 0.16716
vt 0.09902 0.16624
vt 0.11366 0.21476
vt 0.09902 0.16624
vt 0.09902 0.20627
vt 0.11366 -1.52533
vt 0.11366 -1.48657
vt 0.09902 -1.48657
vt 0.11366 -1.52533
vt 0.09902 -1.48657
vt 0.09902 -1.52533
vt -0.11366 0.16716
vt -0.11366 0.08710
vt -0.09902 0.09892
vt -0.11366 0.16716
vt -0.09902 0.09892
vt -0.09902 0.16624
vt -0.11366 0.21476
vt -0.11366 0.16716
vt -0.09902 0.16624
vt -0.11366 0.21476
vt -0.09902 0.16624
vt -0.09902 0.20627
vt -0.11366 -0.90526
vt -0.11366 -0.94401
vt -0.09902 -0.94401
vt -0.11366 -0.90526
vt -0.09902 -0.94401
vt -0.09902 -0.90526
vt 0.08524 0.01488
vt 0.00000 -0.00919
vt 0.00000 0.01795
vt 0.08524 0.01488
vt 0.00000 0.01795
vt 0.07427 0.03819
vt 0.08524 0.01488
vt 0.11366 0.08710
vt 0.09902 0.09892
vt 0.08524 0.01488
vt 0.09902 0.09892
vt 0.07427 0.03819
vt 0.00000 -0.00919
vt 0.08524 0.01488
vt 0.07427 0.03819
vt 0.00000 -0.00919
vt 0.07427 0.03819
vt 0.00000 0.01795
vt -0.08524 0.01488
vt -0.11366 0.08710
vt -0.09902 0.09892
vt -0.08524 0.01488
vt -0.09902 0.09892
vt -0.07427 0.03819
vt 0.11366 0.16716
vt 0.11366 0.21476
vt 0.09902 0.20627
vt 0.11366 0.16716
vt 0.09902 0.20627
vt 0.09902 0.16624
vt 0.11366 0.08710
vt 0.08524 0.01488
vt 0.07427 0.03819
vt 0.11366 0.08710
vt 0.07427 0.03819
vt 0.09902 0.09892
vt -0.11366 0.16716
vt -0.11366 0.21476
vt -0.09902 0.20627
vt -0.11366 0.16716
vt -0.09902 0.20627
vt -0.09902 0.16624
vt -0.11366 0.08710
vt -0.08524 0.01488
vt -0.07427 0.03819
vt -0.11366 0.08710
vt -0.07427 0.03819
vt -0.09902 0.09892
vt -0.11366 -1.71909
vt -0.11366 -1.75784
vt -0.09902 -1.75784
vt -0.11366 -1.71909
vt -0.09902 -1.75784
vt -0.09902 -1.71909
vt 0.11366 0.21476
vt 0.11366 0.16716
vt 0.09902 0.16624
vt 0.11366 0.21476
vt 0.09902 0.16624
vt 0.09902 0.20627
vt -0.11366 0.21476
vt -0.11366 0.16716
vt -0.09902 0.16624
vt -0.11366 0.21476
vt -0.09902 0.16624
vt -0.09902 0.20627
vt 0.11366 -1.40906
vt 0.11366 -1.37031
vt 0.09902 -1.37031
vt 0.11366 -1.40906
vt 0.09902 -1.37031
vt 0.09902 -1.40906
vt 0.08524 0.01488
vt 0.11366 0.08710
vt 0.09902 0.09892
vt 0.08524 0.01488
vt 0.09902 0.09892
vt 0.07427 0.03819
vt -0.08524 0.01488
vt -0.11366 0.08710
vt -0.09902 0.09892
vt -0.08524 0.01488
vt -0.09902 0.09892
vt -0.07427 0.03819
vt 0.11366 0.16716
vt 0.11366 0.21476
vt 0.09902 0.20627
vt 0.11366 0.16716
vt 0.09902 0.20627
vt 0.09902 0.16624
vt 0.11366 0.08710
vt 0.08524 0.01488
vt 0.07427 0.03819
vt 0.11366 0.08710
vt 0.07427 0.03819
vt 0.09902 0.09892
vt -0.11366 0.16716
vt -0.11366 0.21476
vt -0.09902 0.20627
vt -0.11366 0.16716
vt -0.09902 0.20627
vt -0.09902 0.16624
vt -0.11366 0.08710
vt -0.08524 0.01488
vt -0.07427 0.03819
vt -0.11366 0.08710
vt -0.07427 0.03819
vt -0.09902 0.09892
vt 0.11366 0.21476
vt 0.11366 0.16716
vt 0.09902 0.16624
vt 0.11366 0.21476
vt 0.09902 0.16624
vt 0.09902 0.20627
vt -0.11366 0.21476
vt -0.11366 0.16716
vt -0.09902 0.16624
vt -0.11366 0.21476
vt -0.09902 0.16624
vt -0.09902 0.20627
vt 0.08524 0.01488
vt 0.11366 0.08710
vt 0.09902 0.09892
vt 0.08524 0.01488
vt 0.09902 0.09892
vt 0.07427 0.03819
vt 0.11366 0.16716
vt 0.11366 0.21476
vt 0.09902 0.20627
vt 0.11366 0.16716
vt 0.09902 0.20627
vt 0.09902 0.16624
vt -0.08524 0.01488
vt 0.00000 -0.00919
vt 0.00000 0.01795
vt -0.08524 0.01488
vt 0.00000 0.01795
vt -0.07427 0.03819
vt 0.11366 0.08710
vt 0.08524 0.01488
vt 0.07427 0.03819
vt 0.11366 0.08710
vt 0.07427 0.03819
vt 0.09902 0.09892
vt -0.11366 0.16716
vt -0.11366 0.21476
vt -0.09902 0.20627
vt -0.11366 0.16716
vt -0.09902 0.20627
vt -0.09902 0.16624
vt 0.11366 0.21476
vt 0.11366 0.16716
vt 0.09902 0.16624
vt 0.11366 0.21476
vt 0.09902 0.16624
vt 0.09902 0.20627
vt 0.00000 -0.00919
vt -0.08524 0.01488
vt -0.07427 0.03819
vt 0.00000 -0.00919
vt -0.07427 0.03819
vt 0.00000 0.01795
vt -0.11366 0.21476
vt -0.11366 0.16716
vt -0.09902 0.16624
vt -0.11366 0.21476
vt -0.09902 0.16624
vt -0.09902 0.20627
vt 0.08524 0.01488
vt 0.11366 0.08710
vt 0.09902 0.09892
vt 0.08524 0.01488
vt 0.09902 0.09892
vt 0.07427 0.03819
vt 0.11366 0.16716
vt 0.11366 0.21476
vt 0.09902 0.20627
vt 0.11366 0.16716
vt 0.09902 0.20627
vt 0.09902 0.16624
vt -0.08524 0.01488
vt 0.00000 -0.00919
vt 0.00000 0.01795
vt -0.08524 0.01488
vt 0.00000 0.01795
vt -0.07427 0.03819
vt 0.11366 0.08710
vt 0.08524 0.01488
vt 0.07427 0.03819
vt 0.11366 0.08710
vt 0.07427 0.03819
vt 0.09902 0.09892
vt -0.11366 0.16716
vt -0.11366 0.21476
vt -0.09902 0.20627
vt -0.11366 0.16716
vt -0.09902 0.20627
vt -0.09902 0.16624
vt -0.11366 -1.25404
vt -0.11366 -1.29280
vt -0.09902 -1.29280
vt -0.11366 -1.25404
vt -0.09902 -1.29280
vt -0.09902 -1.25404
vt 0.11366 0.21476
vt 0.11366 0.16716
vt 0.09902 0.16624
vt 0.11366 0.21476
vt 0.09902 0.16624
vt 0.09902 0.20627
vt 0.00000 -0.00919
vt -0.08524 0.01488
vt -0.07427 0.03819
vt 0.00000 -0.00919
vt -0.07427 0.03819
vt 0.00000 0.01795
vt -0.11366 0.21476
vt -0.11366 0.16716
vt -0.09902 0.16624
vt -0.11366 0.21476
vt -0.09902 0.16624
vt -0.09902 0.20627
vt 0.08524 0.01488
vt 0.11366 0.08710
vt 0.09902 0.09892
vt 0.08524 0.01488
vt 0.09902 0.09892
vt 0.07427 0.03819
vt -0.11366 -1.60282
vt -0.11366 -1.64158
vt -0.09902 -1.64158
vt -0.11366 -1.60282
vt -0.09902 -1.64158
vt -0.09902 -1.60282
vt 0.11366 0.16716
vt 0.11366 0.21476
vt 0.09902 0.20627
vt 0.11366 0.16716
vt 0.09902 0.20627
vt 0.09902 0.16624
vt -0.08524 0.01488
vt 0.00000 -0.00919
vt 0.00000 0.01795
vt -0.08524 0.01488
vt 0.00000 0.01795
vt -0.07427 0.03819
vt 0.11366 0.08710
vt 0.08524 0.01488
vt 0.07427 0.03819
vt 0.11366 0.08710
vt 0.07427 0.03819
vt 0.09902 0.09892
vt 0.11366 0.21476
vt 0.11366 0.16716
vt 0.09902 0.16624
vt 0.11366 0.21476
vt 0.09902 0.16624
vt 0.09902 0.20627
vt 0.00000 -0.00919
vt -0.08524 0.01488
vt -0.07427 0.03819
vt 0.00000 -0.00919
vt -0.07427 0.03819
vt 0.00000 0.01795
vt 0.08524 0.01488
vt 0.11366 0.08710
vt 0.09902 0.09892
vt 0.08524 0.01488
vt 0.09902 0.09892
vt 0.07427 0.03819
vt -0.11366 -1.48657
vt -0.11366 -1.52533
vt -0.09902 -1.52533
vt -0.11366 -1.48657
vt -0.09902 -1.52533
vt -0.09902 -1.48657
vt 0.11366 0.16716
vt 0.11366 0.21476
vt 0.09902 0.20627
vt 0.11366 0.16716
vt 0.09902 0.20627
vt 0.09902 0.16624
vt -0.08524 0.01488
vt 0.00000 -0.00919
vt 0.00000 0.01795
vt -0.08524 0.01488
vt 0.00000 0.01795
vt -0.07427 0.03819
vt 0.11366 0.08710
vt 0.08524 0.01488
vt 0.07427 0.03819
vt 0.11366 0.08710
vt 0.07427 0.03819
vt 0.09902 0.09892
vt 0.11366 0.21476
vt 0.11366 0.16716
vt 0.09902 0.16624
vt 0.11366 0.21476
vt 0.09902 0.16624
vt 0.09902 0.20627
vt 0.00000 -0.00919
vt -0.08524 0.01488
vt -0.07427 0.03819
vt 0.00000 -0.00919
vt -0.07427 0.03819
vt 0.00000 0.01795
vt 0.11366 -1.06028
vt 0.11366 -1.02152
vt 0.09902 -1.02152
vt 0.11366 -1.06028
vt 0.09902 -1.02152
vt 0.09902 -1.06028
vt 0.11366 0.08710
vt 0.11366 0.16716
vt 0.09902 0.16624
vt 0.11366 0.08710
vt 0.09902 0.16624
vt 0.09902 0.09892
vt 0.08524 0.01488
vt 0.11366 0.08710
vt 0.09902 0.09892
vt 0.08524 0.01488
vt 0.09902 0.09892
vt 0.07427 0.03819
vt -0.11366 -1.37031
vt -0.11366 -1.40906
vt -0.09902 -1.40906
vt -0.11366 -1.37031
vt -0.09902 -1.40906
vt -0.09902 -1.37031
vt 0.11366 0.16716
vt 0.11366 0.08710
vt 0.09902 0.09892
vt 0.11366 0.16716
vt 0.09902 0.09892
vt 0.09902 0.16624
vt -0.08524 0.01488
vt 0.00000 -0.00919
vt 0.00000 0.01795
vt -0.08524 0.01488
vt 0.00000 0.01795
vt -0.07427 0.03819
vt 0.11366 0.08710
vt 0.08524 0.01488
vt 0.07427 0.03819
vt 0.11366 0.08710
vt 0.07427 0.03819
vt 0.09902 0.09892
vt 0.11366 -1.29280
vt 0.11366 -1.25404
vt 0.09902 -1.25404
vt 0.11366 -1.29280
vt 0.09902 -1.25404
vt 0.09902 -1.29280
vt 0.00000 -0.00919
vt -0.08524 0.01488
vt -0.07427 0.03819
vt 0.00000 -0.00919
vt -0.07427 0.03819
vt 0.00000 0.01795
vt 0.11366 0.08710
vt 0.11366 0.16716
vt 0.09902 0.16624
vt 0.11366 0.08710
vt 0.09902 0.16624
vt 0.09902 0.09892
vt 0.08524 0.01488
vt 0.11366 0.08710
vt 0.09902 0.09892
vt 0.08524 0.01488
vt 0.09902 0.09892
vt 0.07427 0.03819
vt 0.11366 0.16716
vt 0.11366 0.08710
vt 0.09902 0.09892
vt 0.11366 0.16716
vt 0.09902 0.09892
vt 0.09902 0.16624
vt 0.11366 -1.17653
vt 0.11366 -1.13778
vt 0.09902 -1.13778
vt 0.11366 -1.17653
vt 0.09902 -1.13778
vt 0.09902 -1.17653
vt -0.08524 0.01488
vt 0.00000 -0.00919
vt 0.00000 0.01795
vt -0.08524 0.01488
vt 0.00000 0.01795
vt -0.07427 0.03819
vt 0.11366 0.08710
vt 0.08524 0.01488
vt 0.07427 0.03819
vt 0.11366 0.08710
vt 0.07427 0.03819
vt 0.09902 0.09892
vt 0.11366 -1.75784
vt 0.11366 -1.71909
vt 0.09902 -1.71909
vt 0.11366 -1.75784
vt 0.09902 -1.71909
vt 0.09902 -1.75784
vt 0.00000 -0.00919
vt -0.08524 0.01488
vt -0.07427 0.03819
vt 0.00000 -0.00919
vt -0.07427 0.03819
vt 0.00000 0.01795
vt 0.11366 0.08710
vt 0.11366 0.16716
vt 0.09902 0.16624
vt 0.11366 0.08710
vt 0.09902 0.16624
vt 0.09902 0.09892
vt 0.11366 0.16716
vt 0.11366 0.08710
vt 0.09902 0.09892
vt 0.11366 0.16716
vt 0.09902 0.09892
vt 0.09902 0.16624
vt -0.08524 0.01488
vt 0.00000 -0.00919
vt 0.00000 0.01795
vt -0.08524 0.01488
vt 0.00000 0.01795
vt -0.07427 0.03819
vt 0.00000 -0.00919
vt -0.08524 0.01488
vt -0.07427 0.03819
vt 0.00000 -0.00919
vt -0.07427 0.03819
vt 0.00000 0.01795
f 391/2155 392/2156 393/2157
f 391/2158 393/2159 394/2160
f 393/2161 395/2162 396/2163
f 393/2164 396/2165 397/2166
f 393/2167 397/2168 398/2169
f 393/2170 398/2171 394/2172
f 399/2173 400/2174 401/2175
f 399/2176 401/2177 402/2178
f 403/2179 404/2180 405/2181
f 403/2182 405/2183 406/2184
f 407/2185 408/2186 409/2187
f 407/2188 409/2189 410/2190
f 400/2191 411/2192 412/2193
f 400/2194 412/2195 401/2196
f 413/2197 414/2198 415/2199
f 413/2200 415/2201 416/2202
f 413/2203 416/2204 417/2205
f 413/2206 417/2207 418/2208
f 419/2209 420/2210 417/2211
f 419/2212 417/2213 416/2214
f 419/2215 416/2216 415/2217
f 419/2218 415/2219 421/2220
f 419/2221 421/2222 422/2223
f 419/2224 422/2225 423/2226
f 419/2227 423/2228 424/2229
f 419/2230 424/2231 420/2232
f 425/2233 426/2234 427/2235
f 425/2236 427/2237 428/2238
f 425/2239 428/2240 429/2241
f 425/2242 429/2243 430/2244
f 425/2245 430/2246 431/2247
f 425/2248 431/2249 432/2250
f 425/2251 432/2252 433/2253
f 425/2254 433/2255 426/2256
f 434/2257 435/2258 403/2259
f 434/2260 403/2261 406/2262
f 436/2263 437/2264 438/2265
f 436/2266 438/2267 439/2268
f 437/2269 440/2270 429/2271
f 437/2272 429/2273 428/2274
f 437/2275 428/2276 427/2277
f 437/2278 427/2279 438/2280
f 441/2281 442/2282 424/2283
f 441/2284 424/2285 423/2286
f 441/2287 423/2288 422/2289
f 441/2290 422/2291 443/2292
f 444/2293 445/2294 446/2295
f 444/2296 446/2297 447/2298
f 448/2299 449/2300 450/2301
f 448/2302 450/2303 451/2304
f 452/2305 453/2306 454/2307
f 452/2308 454/2309 455/2310
f 456/2311 457/2312 458/2313
f 456/2314 458/2315 459/2316
f 460/2317 461/2318 462/2319
f 460/2320 462/2321 463/2322
f 464/2323 465/2324 466/2325
f 464/2326 466/2327 467/2328
f 405/2329 468/2330 469/2331
f 405/2332 469/2333 406/2334
f 453/2335 470/2336 471/2337
f 453/2338 471/2339 454/2340
f 472/2341 418/2342 473/2343
f 472/2344 473/2345 474/2346
f 405/2347 475/2348 476/2349
f 405/2350 476/2351 468/2352
f 409/2353 477/2354 433/2355
f 409/2356 433/2357 432/2358
f 409/2359 432/2360 431/2361
f 409/2362 431/2363 410/2364
f 478/2365 413/2366 418/2367
f 478/2368 418/2369 472/2370
f 479/2371 480/2372 441/2373
f 479/2374 441/2375 443/2376
f 481/2377 482/2378 483/2379
f 481/2380 483/2381 484/2382
f 485/2383 486/2384 487/2385
f 485/2386 487/2387 488/2388
f 489/2389 490/2390 491/2391
f 489/2392 491/2393 492/2394
f 493/2395 494/2396 495/2397
f 493/2398 495/2399 496/2400
f 497/2401 489/2402 492/2403
f 497/2404 492/2405 498/2406
f 499/2407 481/2408 500/2409
f 499/2410 500/2411 501/2412
f 502/2413 394/2414 398/2415
f 502/2416 398/2417 503/2418
f 502/2419 503/2420 433/2421
f 502/2422 433/2423 477/2424
f 474/2425 473/2426 475/2427
f 474/2428 475/2429 504/2430
f 439/2431 438/2432 505/2433
f 439/2434 505/2435 506/2436
f 507/2437 508/2438 509/2439
f 507/2440 509/2441 510/2442
f 482/2443 511/2444 512/2445
f 482/2446 512/2447 483/2448
f 434/2449 406/2450 469/2451
f 434/2452 469/2453 513/2454
f 434/2455 513/2456 424/2457
f 434/2458 424/2459 442/2460
f 514/2461 515/2462 516/2463
f 514/2464 516/2465 517/2466
f 507/2467 510/2468 518/2469
f 507/2470 518/2471 519/2472
f 506/2473 505/2474 395/2475
f 506/2476 395/2477 520/2478
f 505/2479 438/2480 427/2481
f 505/2482 427/2483 521/2484
f 505/2485 521/2486 396/2487
f 505/2488 396/2489 395/2490
f 522/2491 397/2492 396/2493
f 522/2494 396/2495 521/2496
f 522/2497 521/2498 427/2499
f 522/2500 427/2501 426/2502
f 522/2503 426/2504 433/2505
f 522/2506 433/2507 503/2508
f 522/2509 503/2510 398/2511
f 522/2512 398/2513 397/2514
f 523/2515 468/2516 476/2517
f 523/2518 476/2519 524/2520
f 523/2521 524/2522 417/2523
f 523/2524 417/2525 420/2526
f 523/2527 420/2528 424/2529
f 523/2530 424/2531 513/2532
f 523/2533 513/2534 469/2535
f 523/2536 469/2537 468/2538
f 461/2539 525/2540 526/2541
f 461/2542 526/2543 462/2544
f 508/2545 449/2546 448/2547
f 508/2548 448/2549 509/2550
f 473/2551 418/2552 417/2553
f 473/2554 417/2555 524/2556
f 473/2557 524/2558 476/2559
f 473/2560 476/2561 475/2562
f 457/2563 527/2564 528/2565
f 457/2566 528/2567 458/2568
f 442/2569 529/2570 435/2571
f 442/2572 435/2573 434/2574
f 530/2575 531/2576 532/2577
f 530/2578 532/2579 533/2580
f 534/2581 535/2582 400/2583
f 534/2584 400/2585 399/2586
f 535/2587 536/2588 411/2589
f 535/2590 411/2591 400/2592
f 490/2593 537/2594 538/2595
f 490/2596 538/2597 539/2598
f 540/2599 541/2600 457/2601
f 540/2602 457/2603 456/2604
f 541/2605 530/2606 527/2607
f 541/2608 527/2609 457/2610
f 542/2611 408/2612 543/2613
f 542/2614 543/2615 544/2616
f 494/2617 545/2618 453/2619
f 494/2620 453/2621 452/2622
f 545/2623 546/2624 470/2625
f 545/2626 470/2627 453/2628
f 526/2629 525/2630 547/2631
f 526/2632 547/2633 548/2634
f 549/2635 550/2636 461/2637
f 549/2638 461/2639 460/2640
f 550/2641 551/2642 525/2643
f 550/2644 525/2645 461/2646
f 445/2647 552/2648 553/2649
f 445/2650 553/2651 446/2652
f 554/2653 555/2654 508/2655
f 554/2656 508/2657 507/2658
f 555/2659 556/2660 449/2661
f 555/2662 449/2663 508/2664
f 557/2665 558/2666 559/2667
f 557/2668 559/2669 560/2670
f 561/2671 562/2672 489/2673
f 561/2674 489/2675 497/2676
f 562/2677 537/2678 490/2679
f 562/2680 490/2681 489/2682
f 563/2683 564/2684 565/2685
f 563/2686 565/2687 566/2688
f 499/2689 567/2690 482/2691
f 499/2692 482/2693 481/2694
f 567/2695 568/2696 511/2697
f 567/2698 511/2699 482/2700
f 569/2701 540/2702 570/2703
f 569/2704 570/2705 571/2706
f 502/2707 572/2708 391/2709
f 502/2710 391/2711 394/2712
f 561/2713 497/2714 573/2715
f 561/2716 573/2717 574/2718
f 575/2719 576/2720 577/2721
f 575/2722 577/2723 578/2724
f 576/2725 579/2726 465/2727
f 576/2728 465/2729 577/2730
f 460/2731 463/2732 580/2733
f 460/2734 580/2735 581/2736
f 582/2737 583/2738 584/2739
f 582/2740 584/2741 485/2742
f 583/2743 585/2744 558/2745
f 583/2746 558/2747 584/2748
f 536/2749 586/2750 587/2751
f 536/2752 587/2753 588/2754
f 589/2755 590/2756 591/2757
f 589/2758 591/2759 563/2760
f 590/2761 592/2762 593/2763
f 590/2764 593/2765 591/2766
f 449/2767 556/2768 594/2769
f 449/2770 594/2771 450/2772
f 595/2773 596/2774 597/2775
f 595/2776 597/2777 598/2778
f 596/2779 599/2780 600/2781
f 596/2782 600/2783 597/2784
f 471/2785 470/2786 601/2787
f 471/2788 601/2789 602/2790
f 603/2791 604/2792 605/2793
f 603/2794 605/2795 606/2796
f 604/2797 607/2798 608/2799
f 604/2800 608/2801 605/2802
f 609/2803 593/2804 610/2805
f 609/2806 610/2807 611/2808
f 612/2809 613/2810 614/2811
f 612/2812 614/2813 615/2814
f 613/2815 616/2816 617/2817
f 613/2818 617/2819 614/2820
f 598/2821 618/2822 619/2823
f 598/2824 619/2825 620/2826
f 621/2827 622/2828 623/2829
f 621/2830 623/2831 624/2832
f 622/2833 625/2834 626/2835
f 622/2836 626/2837 623/2838
f 627/2839 534/2840 628/2841
f 627/2842 628/2843 629/2844
f 440/2845 437/2846 436/2847
f 440/2848 436/2849 630/2850
f 630/2851 436/2852 631/2853
f 630/2854 631/2855 632/2856
f 632/2857 631/2858 633/2859
f 632/2860 633/2861 634/2862
f 634/2863 633/2864 635/2865
f 634/2866 635/2867 636/2868
f 636/2869 635/2870 637/2871
f 636/2872 637/2873 638/2874
f 638/2875 637/2876 639/2877
f 638/2878 639/2879 640/2880
f 640/2881 639/2882 641/2883
f 640/2884 641/2885 642/2886
f 642/2887 641/2888 643/2889
f 642/2890 643/2891 644/2892
f 644/2893 643/2894 645/2895
f 644/2896 645/2897 646/2898
f 646/2899 645/2900 647/2901
f 646/2902 647/2903 648/2904
f 648/2905 647/2906 649/2907
f 648/2908 649/2909 650/2910
f 650/2911 649/2912 651/2913
f 650/2914 651/2915 652/2916
f 652/2917 651/2918 653/2919
f 652/2920 653/2921 654/2922
f 654/2923 653/2924 655/2925
f 654/2926 655/2927 656/2928
f 656/2929 655/2930 657/2931
f 656/2932 657/2933 658/2934
f 658/2935 657/2936 493/2937
f 658/2938 493/2939 659/2940
f 659/2941 493/2942 531/2943
f 659/2944 531/2945 660/2946
f 660/2947 531/2948 661/2949
f 660/2950 661/2951 662/2952
f 662/2953 661/2954 569/2955
f 662/2956 569/2957 663/2958
f 663/2959 569/2960 586/2961
f 663/2962 586/2963 664/2964
f 664/2965 586/2966 665/2967
f 664/2968 665/2969 666/2970
f 666/2971 665/2972 627/2973
f 666/2974 627/2975 667/2976
f 667/2977 627/2978 480/2979
f 667/2980 480/2981 479/2982
f 409/2983 408/2984 542/2985
f 409/2986 542/2987 477/2988
f 554/2989 507/2990 519/2991
f 554/2992 519/2993 668/2994
f 514/2995 669/2996 670/2997
f 514/2998 670/2999 515/3000
f 669/3001 445/3002 444/3003
f 669/3004 444/3005 670/3006
f 452/3007 455/3008 671/3009
f 452/3010 671/3011 672/3012
f 552/3013 673/3014 674/3015
f 552/3016 674/3017 675/3018
f 673/3019 676/3020 677/3021
f 673/3022 677/3023 674/3024
f 678/3025 478/3026 679/3027
f 678/3028 679/3029 680/3030
f 681/3031 682/3032 683/3033
f 681/3034 683/3035 684/3036
f 682/3037 685/3038 686/3039
f 682/3040 686/3041 683/3042
f 529/3043 480/3044 687/3045
f 529/3046 687/3047 688/3048
f 689/3049 690/3050 691/3051
f 689/3052 691/3053 692/3054
f 690/3055 693/3056 694/3057
f 690/3058 694/3059 691/3060
f 525/3061 551/3062 695/3063
f 525/3064 695/3065 547/3066
f 696/3067 697/3068 698/3069
f 696/3070 698/3071 699/3072
f 697/3073 700/3074 701/3075
f 697/3076 701/3077 698/3078
f 528/3079 527/3080 702/3081
f 528/3082 702/3083 703/3084
f 704/3085 705/3086 706/3087
f 704/3088 706/3089 707/3090
f 705/3091 708/3092 709/3093
f 705/3094 709/3095 706/3096
f 710/3097 600/3098 711/3099
f 710/3100 711/3101 712/3102
f 713/3103 714/3104 715/3105
f 713/3106 715/3107 716/3108
f 714/3109 678/3110 717/3111
f 714/3112 717/3113 715/3114
f 472/3115 474/3116 718/3117
f 472/3118 718/3119 719/3120
f 477/3121 542/3122 572/3123
f 477/3124 572/3125 502/3126
f 606/3127 720/3128 721/3129
f 606/3130 721/3131 722/3132
f 515/3133 670/3134 576/3135
f 515/3136 576/3137 575/3138
f 670/3139 444/3140 579/3141
f 670/3142 579/3143 576/3144
f 625/3145 717/3146 723/3147
f 625/3148 723/3149 724/3150
f 675/3151 674/3152 583/3153
f 675/3154 583/3155 582/3156
f 674/3157 677/3158 585/3159
f 674/3160 585/3161 583/3162
f 549/3163 460/3164 581/3165
f 549/3166 581/3167 725/3168
f 684/3169 683/3170 590/3171
f 684/3172 590/3173 589/3174
f 683/3175 686/3176 592/3177
f 683/3178 592/3179 590/3180
f 456/3181 459/3182 726/3183
f 456/3184 726/3185 727/3186
f 692/3187 691/3188 596/3189
f 692/3190 596/3191 595/3192
f 691/3193 694/3194 599/3195
f 691/3196 599/3197 596/3198
f 470/3199 546/3200 728/3201
f 470/3202 728/3203 601/3204
f 699/3205 698/3206 604/3207
f 699/3208 604/3209 603/3210
f 698/3211 701/3212 607/3213
f 698/3214 607/3215 604/3216
f 412/3217 411/3218 729/3219
f 412/3220 729/3221 730/3222
f 707/3223 706/3224 613/3225
f 707/3226 613/3227 612/3228
f 706/3229 709/3230 616/3231
f 706/3232 616/3233 613/3234
f 731/3235 608/3236 732/3237
f 731/3238 732/3239 733/3240
f 716/3241 715/3242 622/3243
f 716/3244 622/3245 621/3246
f 715/3247 717/3248 625/3249
f 715/3250 625/3251 622/3252
f 716/3253 621/3254 734/3255
f 716/3256 734/3257 735/3258
f 441/3259 480/3260 529/3261
f 441/3262 529/3263 442/3264
f 615/3265 736/3266 737/3267
f 615/3268 737/3269 738/3270
f 627/3271 665/3272 535/3273
f 627/3274 535/3275 534/3276
f 665/3277 586/3278 536/3279
f 665/3280 536/3281 535/3282
f 616/3283 709/3284 739/3285
f 616/3286 739/3287 740/3288
f 569/3289 661/3290 541/3291
f 569/3292 541/3293 540/3294
f 661/3295 531/3296 530/3297
f 661/3298 530/3299 541/3300
f 494/3301 452/3302 672/3303
f 494/3304 672/3305 495/3306
f 493/3307 657/3308 545/3309
f 493/3310 545/3311 494/3312
f 657/3313 655/3314 546/3315
f 657/3316 546/3317 545/3318
f 399/3319 402/3320 741/3321
f 399/3322 741/3323 742/3324
f 653/3325 651/3326 550/3327
f 653/3328 550/3329 549/3330
f 651/3331 649/3332 551/3333
f 651/3334 551/3335 550/3336
f 527/3337 530/3338 533/3339
f 527/3340 533/3341 702/3342
f 647/3343 645/3344 555/3345
f 647/3346 555/3347 554/3348
f 645/3349 643/3350 556/3351
f 645/3352 556/3353 555/3354
f 403/3355 435/3356 743/3357
f 403/3358 743/3359 744/3360
f 641/3361 639/3362 562/3363
f 641/3364 562/3365 561/3366
f 639/3367 637/3368 537/3369
f 639/3370 537/3371 562/3372
f 745/3373 617/3374 746/3375
f 745/3376 746/3377 747/3378
f 635/3379 633/3380 567/3381
f 635/3382 567/3383 499/3384
f 633/3385 631/3386 568/3387
f 633/3388 568/3389 567/3390
f 707/3391 612/3392 748/3393
f 707/3394 748/3395 749/3396
f 414/3397 413/3398 478/3399
f 414/3400 478/3401 750/3402
f 750/3403 478/3404 678/3405
f 750/3406 678/3407 751/3408
f 751/3409 678/3410 714/3411
f 751/3412 714/3413 752/3414
f 752/3415 714/3416 713/3417
f 752/3418 713/3419 753/3420
f 753/3421 713/3422 708/3423
f 753/3424 708/3425 754/3426
f 754/3427 708/3428 705/3429
f 754/3430 705/3431 755/3432
f 755/3433 705/3434 704/3435
f 755/3436 704/3437 756/3438
f 756/3439 704/3440 700/3441
f 756/3442 700/3443 757/3444
f 757/3445 700/3446 697/3447
f 757/3448 697/3449 758/3450
f 758/3451 697/3452 696/3453
f 758/3454 696/3455 759/3456
f 759/3457 696/3458 693/3459
f 759/3460 693/3461 760/3462
f 760/3463 693/3464 690/3465
f 760/3466 690/3467 761/3468
f 761/3469 690/3470 689/3471
f 761/3472 689/3473 762/3474
f 762/3475 689/3476 685/3477
f 762/3478 685/3479 763/3480
f 763/3481 685/3482 682/3483
f 763/3484 682/3485 764/3486
f 764/3487 682/3488 681/3489
f 764/3490 681/3491 765/3492
f 765/3493 681/3494 676/3495
f 765/3496 676/3497 766/3498
f 766/3499 676/3500 673/3501
f 766/3502 673/3503 767/3504
f 767/3505 673/3506 552/3507
f 767/3508 552/3509 768/3510
f 768/3511 552/3512 445/3513
f 768/3514 445/3515 769/3516
f 769/3517 445/3518 669/3519
f 769/3520 669/3521 770/3522
f 770/3523 669/3524 514/3525
f 770/3526 514/3527 771/3528
f 771/3529 514/3530 408/3531
f 771/3532 408/3533 407/3534
f 410/3535 431/3536 430/3537
f 410/3538 430/3539 429/3540
f 410/3541 429/3542 440/3543
f 410/3544 440/3545 630/3546
f 410/3547 630/3548 632/3549
f 410/3550 632/3551 634/3552
f 410/3553 634/3554 636/3555
f 410/3556 636/3557 638/3558
f 410/3559 638/3560 640/3561
f 410/3562 640/3563 642/3564
f 410/3565 642/3566 644/3567
f 410/3568 644/3569 646/3570
f 410/3571 646/3572 648/3573
f 410/3574 648/3575 650/3576
f 410/3577 650/3578 652/3579
f 410/3580 652/3581 654/3582
f 410/3583 654/3584 656/3585
f 410/3586 656/3587 658/3588
f 410/3589 658/3590 659/3591
f 410/3592 659/3593 660/3594
f 410/3595 660/3596 662/3597
f 410/3598 662/3599 663/3600
f 410/3601 663/3602 664/3603
f 410/3604 664/3605 666/3606
f 410/3607 666/3608 667/3609
f 410/3610 667/3611 479/3612
f 410/3613 479/3614 443/3615
f 410/3616 443/3617 422/3618
f 410/3619 422/3620 421/3621
f 410/3622 421/3623 415/3624
f 410/3625 415/3626 414/3627
f 410/3628 414/3629 750/3630
f 410/3631 750/3632 751/3633
f 410/3634 751/3635 752/3636
f 410/3637 752/3638 753/3639
f 410/3640 753/3641 754/3642
f 410/3643 754/3644 755/3645
f 410/3646 755/3647 756/3648
f 410/3649 756/3650 757/3651
f 410/3652 757/3653 758/3654
f 410/3655 758/3656 759/3657
f 410/3658 759/3659 760/3660
f 410/3661 760/3662 761/3663
f 410/3664 761/3665 762/3666
f 410/3667 762/3668 763/3669
f 410/3670 763/3671 764/3672
f 410/3673 764/3674 765/3675
f 410/3676 765/3677 766/3678
f 410/3679 766/3680 767/3681
f 410/3682 767/3683 768/3684
f 410/3685 768/3686 769/3687
f 410/3688 769/3689 770/3690
f 410/3691 770/3692 771/3693
f 410/3694 771/3695 407/3696
f 395/3697 393/3698 392/3699
f 395/3700 392/3701 520/3702
f 624/3703 772/3704 773/3705
f 624/3706 773/3707 774/3708
f 512/3709 775/3710 776/3711
f 512/3712 776/3713 483/3714
f 483/3715 776/3716 464/3717
f 483/3718 464/3719 484/3720
f 607/3721 701/3722 777/3723
f 607/3724 777/3725 778/3726
f 491/3727 486/3728 779/3729
f 491/3730 779/3731 492/3732
f 492/3733 779/3734 557/3735
f 492/3736 557/3737 498/3738
f 540/3739 456/3740 727/3741
f 540/3742 727/3743 570/3744
f 448/3745 564/3746 780/3747
f 448/3748 780/3749 509/3750
f 509/3751 780/3752 609/3753
f 509/3754 609/3755 510/3756
f 586/3757 569/3758 571/3759
f 586/3760 571/3761 587/3762
f 526/3763 618/3764 781/3765
f 526/3766 781/3767 462/3768
f 462/3769 781/3770 710/3771
f 462/3772 710/3773 463/3774
f 411/3775 536/3776 588/3777
f 411/3778 588/3779 729/3780
f 471/3781 720/3782 782/3783
f 471/3784 782/3785 454/3786
f 454/3787 782/3788 731/3789
f 454/3790 731/3791 455/3792
f 783/3793 626/3794 784/3795
f 783/3796 784/3797 785/3798
f 528/3799 736/3800 786/3801
f 528/3802 786/3803 458/3804
f 458/3805 786/3806 745/3807
f 458/3808 745/3809 459/3810
f 699/3811 603/3812 787/3813
f 699/3814 787/3815 788/3816
f 412/3817 772/3818 789/3819
f 412/3820 789/3821 401/3822
f 401/3823 789/3824 783/3825
f 401/3826 783/3827 402/3828
f 504/3829 404/3830 790/3831
f 504/3832 790/3833 791/3834
f 475/3835 405/3836 404/3837
f 475/3838 404/3839 504/3840
f 599/3841 694/3842 792/3843
f 599/3844 792/3845 793/3846
f 626/3847 783/3848 789/3849
f 626/3850 789/3851 623/3852
f 623/3853 789/3854 772/3855
f 623/3856 772/3857 624/3858
f 534/3859 399/3860 742/3861
f 534/3862 742/3863 628/3864
f 617/3865 745/3866 786/3867
f 617/3868 786/3869 614/3870
f 614/3871 786/3872 736/3873
f 614/3874 736/3875 615/3876
f 404/3877 403/3878 744/3879
f 404/3880 744/3881 790/3882
f 608/3883 731/3884 782/3885
f 608/3886 782/3887 605/3888
f 605/3889 782/3890 720/3891
f 605/3892 720/3893 606/3894
f 435/3895 529/3896 688/3897
f 435/3898 688/3899 743/3900
f 600/3901 710/3902 781/3903
f 600/3904 781/3905 597/3906
f 597/3907 781/3908 618/3909
f 597/3910 618/3911 598/3912
f 402/3913 783/3914 785/3915
f 402/3916 785/3917 741/3918
f 593/3919 609/3920 780/3921
f 593/3922 780/3923 591/3924
f 591/3925 780/3926 564/3927
f 591/3928 564/3929 563/3930
f 692/3931 595/3932 794/3933
f 692/3934 794/3935 795/3936
f 558/3937 557/3938 779/3939
f 558/3940 779/3941 584/3942
f 584/3943 779/3944 486/3945
f 584/3946 486/3947 485/3948
f 592/3949 686/3950 796/3951
f 592/3952 796/3953 797/3954
f 465/3955 464/3956 776/3957
f 465/3958 776/3959 577/3960
f 577/3961 776/3962 775/3963
f 577/3964 775/3965 578/3966
f 531/3967 493/3968 496/3969
f 531/3970 496/3971 532/3972
f 743/3973 742/3974 741/3975
f 743/3976 741/3977 744/3978
f 729/3979 727/3980 726/3981
f 729/3982 726/3983 730/3984
f 601/3985 581/3986 580/3987
f 601/3988 580/3989 602/3990
f 702/3991 672/3992 671/3993
f 702/3994 671/3995 703/3996
f 539/3997 500/3998 798/3999
f 539/4000 798/4001 799/4002
f 800/4003 801/4004 802/4005
f 800/4006 802/4007 803/4008
f 547/4009 519/4010 518/4011
f 547/4012 518/4013 548/4014
f 450/4015 573/4016 804/4017
f 450/4018 804/4019 451/4020
f 688/4021 628/4022 742/4023
f 688/4024 742/4025 743/4026
f 588/4027 570/4028 727/4029
f 588/4030 727/4031 729/4032
f 533/4033 495/4034 672/4035
f 533/4036 672/4037 702/4038
f 728/4039 725/4040 581/4041
f 728/4042 581/4043 601/4044
f 695/4045 668/4046 519/4047
f 695/4048 519/4049 547/4050
f 594/4051 574/4052 573/4053
f 594/4054 573/4055 450/4056
f 538/4057 501/4058 500/4059
f 538/4060 500/4061 539/4062
f 805/4063 806/4064 801/4065
f 805/4066 801/4067 800/4068
f 807/4069 808/4070 809/4071
f 807/4072 809/4073 810/4074
f 811/4075 812/4076 488/4077
f 811/4078 488/4079 466/4080
f 813/4081 814/4082 566/4083
f 813/4084 566/4085 559/4086
f 797/4087 794/4088 620/4089
f 797/4090 620/4091 610/4092
f 793/4093 787/4094 722/4095
f 793/4096 722/4097 711/4098
f 778/4099 748/4100 738/4101
f 778/4102 738/4103 732/4104
f 740/4105 734/4106 774/4107
f 740/4108 774/4109 746/4110
f 724/4111 718/4112 791/4113
f 724/4114 791/4115 784/4116
f 543/4117 517/4118 516/4119
f 543/4120 516/4121 544/4122
f 446/4123 553/4124 815/4125
f 446/4126 815/4127 447/4128
f 816/4129 817/4130 818/4131
f 816/4132 818/4133 819/4134
f 820/4135 821/4136 795/4137
f 820/4138 795/4139 796/4140
f 822/4141 823/4142 788/4143
f 822/4144 788/4145 792/4146
f 824/4147 825/4148 749/4149
f 824/4150 749/4151 777/4152
f 826/4153 827/4154 735/4155
f 826/4156 735/4157 739/4158
f 680/4159 679/4160 719/4161
f 680/4162 719/4163 723/4164
f 544/4165 516/4166 808/4167
f 544/4168 808/4169 807/4170
f 447/4171 815/4172 812/4173
f 447/4174 812/4175 811/4176
f 819/4177 818/4178 814/4179
f 819/4180 814/4181 813/4182
f 796/4183 795/4184 794/4185
f 796/4186 794/4187 797/4188
f 792/4189 788/4190 787/4191
f 792/4192 787/4193 793/4194
f 777/4195 749/4196 748/4197
f 777/4198 748/4199 778/4200
f 739/4201 735/4202 734/4203
f 739/4204 734/4205 740/4206
f 723/4207 719/4208 718/4209
f 723/4210 718/4211 724/4212
f 687/4213 629/4214 628/4215
f 687/4216 628/4217 688/4218
f 587/4219 571/4220 570/4221
f 587/4222 570/4223 588/4224
f 532/4225 496/4226 495/4227
f 532/4228 495/4229 533/4230
f 828/4231 829/4232 725/4233
f 828/4234 725/4235 728/4236
f 830/4237 831/4238 668/4239
f 830/4240 668/4241 695/4242
f 832/4243 833/4244 574/4245
f 832/4246 574/4247 594/4248
f 834/4249 835/4250 501/4251
f 834/4252 501/4253 538/4254
f 836/4255 837/4256 806/4257
f 836/4258 806/4259 805/4260
f 802/4261 838/4262 839/4263
f 802/4264 839/4265 803/4266
f 798/4267 467/4268 487/4269
f 798/4270 487/4271 799/4272
f 804/4273 560/4274 565/4275
f 804/4276 565/4277 451/4278
f 518/4279 611/4280 619/4281
f 518/4282 619/4283 548/4284
f 580/4285 712/4286 721/4287
f 580/4288 721/4289 602/4290
f 671/4291 733/4292 737/4293
f 671/4294 737/4295 703/4296
f 726/4297 747/4298 773/4299
f 726/4300 773/4301 730/4302
f 741/4303 785/4304 790/4305
f 741/4306 790/4307 744/4308
f 791/4309 790/4310 785/4311
f 791/4312 785/4313 784/4314
f 774/4315 773/4316 747/4317
f 774/4318 747/4319 746/4320
f 738/4321 737/4322 733/4323
f 738/4324 733/4325 732/4326
f 722/4327 721/4328 712/4329
f 722/4330 712/4331 711/4332
f 620/4333 619/4334 611/4335
f 620/4336 611/4337 610/4338
f 566/4339 565/4340 560/4341
f 566/4342 560/4343 559/4344
f 488/4345 487/4346 467/4347
f 488/4348 467/4349 466/4350
f 809/4351 839/4352 838/4353
f 809/4354 838/4355 810/4356
f 511/4357 568/4358 805/4359
f 511/4360 805/4361 800/4362
f 546/4363 655/4364 828/4365
f 546/4366 828/4367 728/4368
f 497/4369 498/4370 804/4371
f 497/4372 804/4373 573/4374
f 552/4375 675/4376 815/4377
f 552/4378 815/4379 553/4380
f 676/4381 681/4382 817/4383
f 676/4384 817/4385 816/4386
f 439/4387 506/4388 801/4389
f 439/4390 801/4391 806/4392
f 653/4393 549/4394 725/4395
f 653/4396 725/4397 829/4398
f 480/4399 627/4400 629/4401
f 480/4402 629/4403 687/4404
f 578/4405 775/4406 839/4407
f 578/4408 839/4409 809/4410
f 391/4411 572/4412 807/4413
f 391/4414 807/4415 810/4416
f 392/4417 391/4418 810/4419
f 392/4420 810/4421 838/4422
f 491/4423 490/4424 539/4425
f 491/4426 539/4427 799/4428
f 677/4429 676/4430 816/4431
f 677/4432 816/4433 819/4434
f 575/4435 578/4436 809/4437
f 575/4438 809/4439 808/4440
f 551/4441 649/4442 830/4443
f 551/4444 830/4445 695/4446
f 481/4447 484/4448 798/4449
f 481/4450 798/4451 500/4452
f 631/4453 436/4454 837/4455
f 631/4456 837/4457 836/4458
f 681/4459 684/4460 818/4461
f 681/4462 818/4463 817/4464
f 647/4465 554/4466 668/4467
f 647/4468 668/4469 831/4470
f 685/4471 689/4472 821/4473
f 685/4474 821/4475 820/4476
f 465/4477 579/4478 811/4479
f 465/4480 811/4481 466/4482
f 512/4483 511/4484 800/4485
f 512/4486 800/4487 803/4488
f 686/4489 685/4490 820/4491
f 686/4492 820/4493 796/4494
f 582/4495 485/4496 488/4497
f 582/4498 488/4499 812/4500
f 556/4501 643/4502 832/4503
f 556/4504 832/4505 594/4506
f 506/4507 520/4508 802/4509
f 506/4510 802/4511 801/4512
f 689/4513 692/4514 795/4515
f 689/4516 795/4517 821/4518
f 641/4519 561/4520 574/4521
f 641/4522 574/4523 833/4524
f 558/4525 585/4526 813/4527
f 558/4528 813/4529 559/4530
f 694/4531 693/4532 822/4533
f 694/4534 822/4535 792/4536
f 520/4537 392/4538 838/4539
f 520/4540 838/4541 802/4542
f 589/4543 563/4544 566/4545
f 589/4546 566/4547 814/4548
f 537/4549 637/4550 834/4551
f 537/4552 834/4553 538/4554
f 696/4555 699/4556 788/4557
f 696/4558 788/4559 823/4560
f 775/4561 512/4562 803/4563
f 775/4564 803/4565 839/4566
f 635/4567 499/4568 501/4569
f 635/4570 501/4571 835/4572
f 593/4573 592/4574 797/4575
f 593/4576 797/4577 610/4578
f 701/4579 700/4580 824/4581
f 701/4582 824/4583 777/4584
f 484/4585 464/4586 467/4587
f 484/4588 467/4589 798/4590
f 595/4591 598/4592 620/4593
f 595/4594 620/4595 794/4596
f 568/4597 631/4598 836/4599
f 568/4600 836/4601 805/4602
f 655/4603 653/4604 829/4605
f 655/4606 829/4607 828/4608
f 704/4609 707/4610 749/4611
f 704/4612 749/4613 825/4614
f 486/4615 491/4616 799/4617
f 486/4618 799/4619 487/4620
f 436/4621 439/4622 806/4623
f 436/4624 806/4625 837/4626
f 600/4627 599/4628 793/4629
f 600/4630 793/4631 711/4632
f 637/4633 635/4634 835/4635
f 637/4636 835/4637 834/4638
f 709/4639 708/4640 826/4641
f 709/4642 826/4643 739/4644
f 498/4645 557/4646 560/4647
f 498/4648 560/4649 804/4650
f 603/4651 606/4652 722/4653
f 603/4654 722/4655 787/4656
f 713/4657 716/4658 735/4659
f 713/4660 735/4661 827/4662
f 564/4663 448/4664 451/4665
f 564/4666 451/4667 565/4668
f 608/4669 607/4670 778/4671
f 608/4672 778/4673 732/4674
f 643/4675 641/4676 833/4677
f 643/4678 833/4679 832/4680
f 717/4681 678/4682 680/4683
f 717/4684 680/4685 723/4686
f 510/4687 609/4688 611/4689
f 510/4690 611/4691 518/4692
f 612/4693 615/4694 738/4695
f 612/4696 738/4697 748/4698
f 478/4699 472/4700 719/4701
f 478/4702 719/4703 679/4704
f 618/4705 526/4706 548/4707
f 618/4708 548/4709 619/4710
f 708/4711 713/4712 827/4713
f 708/4714 827/4715 826/4716
f 572/4717 542/4718 544/4719
f 572/4720 544/4721 807/4722
f 617/4723 616/4724 740/4725
f 617/4726 740/4727 746/4728
f 649/4729 647/4730 831/4731
f 649/4732 831/4733 830/4734
f 515/4735 575/4736 808/4737
f 515/4738 808/4739 516/4740
f 463/4741 710/4742 712/4743
f 463/4744 712/4745 580/4746
f 621/4747 624/4748 774/4749
f 621/4750 774/4751 734/4752
f 693/4753 696/4754 823/4755
f 693/4756 823/4757 822/4758
f 720/4759 471/4760 602/4761
f 720/4762 602/4763 721/4764
f 579/4765 444/4766 447/4767
f 579/4768 447/4769 811/4770
f 626/4771 625/4772 724/4773
f 626/4774 724/4775 784/4776
f 675/4777 582/4778 812/4779
f 675/4780 812/4781 815/4782
f 700/4783 704/4784 825/4785
f 700/4786 825/4787 824/4788
f 455/4789 731/4790 733/4791
f 455/4792 733/4793 671/4794
f 474/4795 504/4796 791/4797
f 474/4798 791/4799 718/4800
f 408/4801 514/4802 517/4803
f 408/4804 517/4805 543/4806
f 736/4807 528/4808 703/4809
f 736/4810 703/4811 737/4812
f 585/4813 677/4814 819/4815
f 585/4816 819/4817 813/4818
f 684/4819 589/4820 814/4821
f 684/4822 814/4823 818/4824
f 459/4825 745/4826 747/4827
f 459/4828 747/4829 726/4830
f 772/4831 412/4832 730/4833
f 772/4834 730/4835 773/4836
