mtllib pink_guns.mtl
o Body
g Body
usemtl PinkWhite
v -0.00076 0.33948 1.43403
v 0.02921 0.41183 1.43403
v 0.03840 0.41183 1.43452
v 0.00574 0.33298 1.43452
v -0.14546 0.33948 1.43403
v -0.07311 0.30951 1.43403
v -0.07311 0.30032 1.43452
v -0.15196 0.33298 1.43452
v -0.07311 0.51415 1.43403
v -0.14546 0.48418 1.43403
v -0.15196 0.49068 1.43452
v -0.07311 0.52334 1.43452
v -0.00076 0.48418 1.43403
v 0.00574 0.49068 1.43452
v 0.02921 0.41183 1.21008
v -0.00076 0.33948 1.21008
v -0.03292 0.37164 1.11832
v -0.01628 0.41183 1.11832
v -0.07311 0.30951 1.21008
v -0.14546 0.33948 1.21008
v -0.11329 0.37164 1.11832
v -0.07311 0.35500 1.11832
v -0.14546 0.48418 1.21008
v -0.07311 0.51415 1.21008
v -0.07311 0.46866 1.11832
v -0.11329 0.45201 1.11832
v -0.00076 0.48418 1.21008
v -0.03292 0.45201 1.11832
v -0.17543 0.41183 1.21008
v -0.12994 0.41183 1.11832
v -0.03292 0.37164 0.94559
v -0.01628 0.41183 0.94559
v -0.03292 0.45201 0.94559
v -0.07311 0.46866 0.94559
v -0.11329 0.45201 0.94559
v -0.12994 0.41183 0.94559
v -0.11329 0.37164 0.94559
v -0.07311 0.35500 0.94559
v -0.11329 0.45201 0.39483
v -0.11329 0.45201 0.86548
v -0.07311 0.46866 0.86548
v -0.07311 0.46866 0.39483
v -0.03292 0.45201 0.39483
v -0.03292 0.45201 0.86548
v -0.01628 0.41183 0.86548
v -0.01628 0.41183 0.39483
v -0.03292 0.37164 0.39483
v -0.03292 0.37164 0.86548
v -0.07311 0.35500 0.86548
v -0.07311 0.35500 0.39483
v -0.11329 0.37164 0.39483
v -0.11329 0.37164 0.86548
v -0.12994 0.41183 0.86548
v -0.12994 0.41183 0.39483
v 0.01011 0.49505 -0.36409
v 0.04458 0.41183 -0.36409
v 0.05374 0.41183 -0.36409
v 0.01659 0.50153 -0.36409
v -0.07311 0.52952 -0.39055
v -0.15633 0.49505 -0.39055
v -0.16281 0.50153 -0.39055
v -0.07311 0.53868 -0.39055
v 0.01011 0.32861 -0.36409
v -0.07311 0.29414 -0.36409
v -0.07311 0.28498 -0.36409
v 0.01659 0.32213 -0.36409
v 0.01011 0.49505 -0.39055
v 0.01659 0.50153 -0.39055
v -0.15633 0.32861 -0.36409
v -0.19080 0.41183 -0.36409
v -0.19996 0.41183 -0.36409
v -0.16281 0.32213 -0.36409
v 0.04458 0.41183 -0.39055
v 0.05374 0.41183 -0.39055
v -0.15633 0.49505 -0.36409
v -0.16281 0.50153 -0.36409
v 0.01011 0.32861 -0.39055
v 0.01659 0.32213 -0.39055
v 0.04458 0.41183 -0.01082
v -0.01628 0.41183 0.18787
v -0.03292 0.37164 0.18787
v 0.01011 0.32861 -0.01082
v -0.07311 0.29414 -0.01082
v -0.07311 0.35500 0.18787
v -0.11329 0.37164 0.18787
v -0.15633 0.32861 -0.01082
v -0.15633 0.49505 -0.01082
v -0.11329 0.45201 0.18787
v -0.07311 0.46866 0.18787
v -0.07311 0.52952 -0.01082
v 0.01011 0.49505 -0.01082
v -0.03292 0.45201 0.18787
v -0.12994 0.41183 0.18787
v -0.19080 0.41183 -0.01082
v -0.07311 0.29414 -0.39055
v -0.07311 0.30922 -0.39055
v -0.00055 0.33927 -0.39055
v -0.01628 0.41183 0.31472
v -0.03292 0.37164 0.31472
v -0.07311 0.46866 0.31472
v -0.03292 0.45201 0.31472
v -0.12994 0.41183 0.31472
v -0.11329 0.45201 0.31472
v -0.11329 0.37164 0.31472
v -0.07311 0.35500 0.31472
v -0.14567 0.48439 -0.39055
v -0.07311 0.51444 -0.39055
v -0.07311 0.51444 -0.36751
v -0.14567 0.48439 -0.36751
v -0.15633 0.32861 -0.39055
v -0.19080 0.41183 -0.39055
v -0.17572 0.41183 -0.39055
v -0.14567 0.33927 -0.39055
v -0.00055 0.48439 -0.39055
v 0.02950 0.41183 -0.39055
v 0.02950 0.41183 -0.36752
v -0.00055 0.48439 -0.36751
v -0.07311 0.30922 -0.36752
v -0.00055 0.33927 -0.36752
v -0.17572 0.41183 -0.36751
v -0.14567 0.33927 -0.36751
v -0.13273 0.47145 1.45634
v -0.15742 0.41183 1.45634
v -0.15742 0.41183 1.44245
v -0.13273 0.47145 1.44245
v -0.07311 0.49614 1.45634
v -0.07311 0.52334 1.45586
v -0.15196 0.49068 1.45586
v 0.01121 0.41183 1.45634
v 0.03840 0.41183 1.45586
v 0.00574 0.49068 1.45586
v -0.01349 0.47145 1.45634
v -0.07311 0.32751 1.45634
v -0.07311 0.30032 1.45586
v 0.00574 0.33298 1.45586
v -0.01349 0.35221 1.45634
v -0.18462 0.41183 1.45586
v -0.13273 0.35221 1.45634
v -0.15196 0.33298 1.45586
v -0.07311 0.49614 1.44245
v -0.01349 0.47145 1.44245
v 0.01121 0.41183 1.44245
v -0.01349 0.35221 1.44245
v -0.07311 0.32751 1.44245
v -0.13273 0.35221 1.44245
v -0.07311 0.52952 -0.36409
v -0.07311 0.53868 -0.36409
v -0.07311 0.28498 -0.39055
v -0.19996 0.41183 -0.39055
v -0.16281 0.32213 -0.39055
v -0.17543 0.41183 1.43403
v -0.18462 0.41183 1.43452
v -0.07311 0.48319 0.87170
v -0.02265 0.46229 0.87170
v -0.12357 0.46229 0.93936
v -0.14447 0.41183 0.93936
v -0.00175 0.41183 0.87170
v -0.02265 0.36137 0.87170
v -0.02265 0.46229 0.93936
v -0.07311 0.48319 0.93936
v -0.07311 0.34047 0.87170
v -0.12357 0.36137 0.87170
v -0.02265 0.36137 0.93936
v -0.00175 0.41183 0.93936
v -0.12357 0.46229 0.87170
v -0.12357 0.36137 0.93936
v -0.07311 0.34047 0.93936
v -0.14447 0.41183 0.87170
v -0.04566 0.35147 0.88713
v -0.07311 0.34010 0.88713
v -0.10056 0.35147 0.92394
v -0.07311 0.34010 0.92394
v -0.10056 0.20599 0.92394
v -0.07311 0.20599 0.92394
v -0.04566 0.20599 0.88713
v -0.07311 0.20599 0.88713
v -0.04566 0.35147 0.92394
v -0.10056 0.35147 0.88713
v -0.04566 0.20599 0.92394
v -0.10056 0.20599 0.88713
v -0.02265 0.46229 0.38860
v -0.07311 0.48319 0.38860
v -0.14447 0.41183 0.32094
v -0.12357 0.46229 0.32094
v -0.02265 0.36137 0.38860
v -0.00175 0.41183 0.38860
v -0.07311 0.48319 0.32094
v -0.02265 0.46229 0.32094
v -0.12357 0.36137 0.38860
v -0.07311 0.34047 0.38860
v -0.00175 0.41183 0.32094
v -0.02265 0.36137 0.32094
v -0.12357 0.46229 0.38860
v -0.07311 0.34047 0.32094
v -0.12357 0.36137 0.32094
v -0.14447 0.41183 0.38860
v -0.07311 0.34010 0.37318
v -0.04566 0.35147 0.37318
v -0.07311 0.34010 0.33637
v -0.10056 0.35147 0.33637
v -0.07311 0.20599 0.33637
v -0.10056 0.20599 0.33637
v -0.07311 0.20599 0.37318
v -0.04566 0.20599 0.37318
v -0.04566 0.35147 0.33637
v -0.10056 0.35147 0.37318
v -0.04566 0.20599 0.33637
v -0.10056 0.20599 0.37318
v -0.10616 0.28130 1.08379
v -0.10616 0.28130 1.11237
v -0.04006 0.28130 1.11237
v -0.04006 0.28130 1.08379
v -0.11906 0.24597 1.08379
v -0.11906 0.26840 1.08379
v -0.02716 0.26840 1.08379
v -0.02716 0.24597 1.08379
v -0.02716 0.24597 1.11237
v -0.02716 0.26840 1.11237
v -0.11906 0.26840 1.11237
v -0.11906 0.24597 1.11237
v -0.10616 0.28130 1.00950
v -0.10616 0.28130 1.03807
v -0.04006 0.28130 1.03807
v -0.04006 0.28130 1.00950
v -0.11906 0.24597 1.00950
v -0.11906 0.26840 1.00950
v -0.02716 0.26840 1.00950
v -0.02716 0.24597 1.00950
v -0.02716 0.24597 1.03807
v -0.02716 0.26840 1.03807
v -0.11906 0.26840 1.03807
v -0.11906 0.24597 1.03807
v -0.10616 0.28130 0.93520
v -0.10616 0.28130 0.96378
v -0.04006 0.28130 0.96378
v -0.04006 0.28130 0.93520
v -0.11906 0.24597 0.93520
v -0.11906 0.26840 0.93520
v -0.02716 0.26840 0.93520
v -0.02716 0.24597 0.93520
v -0.02716 0.24597 0.96378
v -0.02716 0.26840 0.96378
v -0.11906 0.26840 0.96378
v -0.11906 0.24597 0.96378
v -0.10616 0.28130 0.84827
v -0.10616 0.28130 0.87684
v -0.04006 0.28130 0.87684
v -0.04006 0.28130 0.84827
v -0.11906 0.24597 0.84827
v -0.11906 0.26840 0.84827
v -0.02716 0.26840 0.84827
v -0.02716 0.24597 0.84827
v -0.02716 0.24597 0.87684
v -0.02716 0.26840 0.87684
v -0.11906 0.26840 0.87684
v -0.11906 0.24597 0.87684
v -0.10616 0.28130 0.78661
v -0.10616 0.28130 0.81518
v -0.04006 0.28130 0.81518
v -0.04006 0.28130 0.78661
v -0.11906 0.24597 0.78661
v -0.11906 0.26840 0.78661
v -0.02716 0.26840 0.78661
v -0.02716 0.24597 0.78661
v -0.02716 0.24597 0.81518
v -0.02716 0.26840 0.81518
v -0.11906 0.26840 0.81518
v -0.11906 0.24597 0.81518
v -0.10616 0.28130 0.71231
v -0.10616 0.28130 0.74088
v -0.04006 0.28130 0.74088
v -0.04006 0.28130 0.71231
v -0.11906 0.24597 0.71231
v -0.11906 0.26840 0.71231
v -0.02716 0.26840 0.71231
v -0.02716 0.24597 0.71231
v -0.02716 0.24597 0.74088
v -0.02716 0.26840 0.74088
v -0.11906 0.26840 0.74088
v -0.11906 0.24597 0.74088
v -0.10616 0.28130 0.63801
v -0.10616 0.28130 0.66659
v -0.04006 0.28130 0.66659
v -0.04006 0.28130 0.63801
v -0.11906 0.24597 0.63801
v -0.11906 0.26840 0.63801
v -0.02716 0.26840 0.63801
v -0.02716 0.24597 0.63801
v -0.02716 0.24597 0.66659
v -0.02716 0.26840 0.66659
v -0.11906 0.26840 0.66659
v -0.11906 0.24597 0.66659
v -0.10616 0.28130 0.56372
v -0.10616 0.28130 0.59229
v -0.04006 0.28130 0.59229
v -0.04006 0.28130 0.56372
v -0.11906 0.24597 0.56372
v -0.11906 0.26840 0.56372
v -0.02716 0.26840 0.56372
v -0.02716 0.24597 0.56372
v -0.02716 0.24597 0.59229
v -0.02716 0.26840 0.59229
v -0.11906 0.26840 0.59229
v -0.11906 0.24597 0.59229
v -0.10616 0.28130 0.48942
v -0.10616 0.28130 0.51799
v -0.04006 0.28130 0.51799
v -0.04006 0.28130 0.48942
v -0.11906 0.24597 0.48942
v -0.11906 0.26840 0.48942
v -0.02716 0.26840 0.48942
v -0.02716 0.24597 0.48942
v -0.02716 0.24597 0.51799
v -0.02716 0.26840 0.51799
v -0.11906 0.26840 0.51799
v -0.11906 0.24597 0.51799
v -0.10616 0.28130 0.41512
v -0.10616 0.28130 0.44370
v -0.04006 0.28130 0.44370
v -0.04006 0.28130 0.41512
v -0.11906 0.24597 0.41512
v -0.11906 0.26840 0.41512
v -0.02716 0.26840 0.41512
v -0.02716 0.24597 0.41512
v -0.02716 0.24597 0.44370
v -0.02716 0.26840 0.44370
v -0.11906 0.26840 0.44370
v -0.11906 0.24597 0.44370
v -0.10616 0.28130 0.26653
v -0.10616 0.28130 0.29510
v -0.04006 0.28130 0.29510
v -0.04006 0.28130 0.26653
v -0.11906 0.24597 0.26653
v -0.11906 0.26840 0.26653
v -0.02716 0.26840 0.26653
v -0.02716 0.24597 0.26653
v -0.02716 0.24597 0.29510
v -0.02716 0.26840 0.29510
v -0.11906 0.26840 0.29510
v -0.11906 0.24597 0.29510
v -0.10616 0.28130 0.19223
v -0.10616 0.28130 0.22081
v -0.04006 0.28130 0.22081
v -0.04006 0.28130 0.19223
v -0.11906 0.24597 0.19223
v -0.11906 0.26840 0.19223
v -0.02716 0.26840 0.19223
v -0.02716 0.24597 0.19223
v -0.02716 0.24597 0.22081
v -0.02716 0.26840 0.22081
v -0.11906 0.26840 0.22081
v -0.11906 0.24597 0.22081
v -0.10616 0.28130 0.11793
v -0.10616 0.28130 0.14651
v -0.04006 0.28130 0.14651
v -0.04006 0.28130 0.11793
v -0.11906 0.24597 0.11793
v -0.11906 0.26840 0.11793
v -0.02716 0.26840 0.11793
v -0.02716 0.24597 0.11793
v -0.02716 0.24597 0.14651
v -0.02716 0.26840 0.14651
v -0.11906 0.26840 0.14651
v -0.11906 0.24597 0.14651
vt -0.00063 0.28290
vt 0.02434 0.34319
vt 0.03200 0.34319
vt -0.00063 0.28290
vt 0.03200 0.34319
vt 0.00478 0.27748
vt -0.12122 0.28290
vt -0.06092 0.25793
vt -0.06092 0.25027
vt -0.12122 0.28290
vt -0.06092 0.25027
vt -0.12663 0.27748
vt -0.06092 0.42846
vt -0.12122 0.40348
vt -0.12663 0.40890
vt -0.06092 0.42846
vt -0.12663 0.40890
vt -0.06092 0.43612
vt 0.02434 0.34319
vt -0.00063 0.40348
vt 0.00478 0.40890
vt 0.02434 0.34319
vt 0.00478 0.40890
vt 0.03200 0.34319
vt 1.00840 0.34319
vt 1.00840 0.28290
vt 0.93193 0.30970
vt 1.00840 0.34319
vt 0.93193 0.30970
vt 0.93193 0.34319
vt -0.06092 1.00840
vt -0.12122 1.00840
vt -0.09441 0.93193
vt -0.06092 1.00840
vt -0.09441 0.93193
vt -0.06092 0.93193
vt -0.12122 1.00840
vt -0.06092 1.00840
vt -0.06092 0.93193
vt -0.12122 1.00840
vt -0.06092 0.93193
vt -0.09441 0.93193
vt 1.00840 0.40348
vt 1.00840 0.34319
vt 0.93193 0.34319
vt 1.00840 0.40348
vt 0.93193 0.34319
vt 0.93193 0.37668
vt -0.00063 1.00840
vt -0.06092 1.00840
vt -0.06092 0.93193
vt -0.00063 1.00840
vt -0.06092 0.93193
vt -0.02743 0.93193
vt 1.00840 0.28290
vt 1.00840 0.34319
vt 0.93193 0.34319
vt 1.00840 0.28290
vt 0.93193 0.34319
vt 0.93193 0.30970
vt 1.00840 0.34319
vt 1.00840 0.40348
vt 0.93193 0.37668
vt 1.00840 0.34319
vt 0.93193 0.37668
vt 0.93193 0.34319
vt -0.06092 1.00840
vt -0.00063 1.00840
vt -0.02743 0.93193
vt -0.06092 1.00840
vt -0.02743 0.93193
vt -0.06092 0.93193
vt 0.93193 0.34319
vt 0.93193 0.30970
vt 0.78799 0.30970
vt 0.93193 0.34319
vt 0.78799 0.30970
vt 0.78799 0.34319
vt -0.06092 0.93193
vt -0.02743 0.93193
vt -0.02743 0.78799
vt -0.06092 0.93193
vt -0.02743 0.78799
vt -0.06092 0.78799
vt 0.93193 0.34319
vt 0.93193 0.37668
vt 0.78799 0.37668
vt 0.93193 0.34319
vt 0.78799 0.37668
vt 0.78799 0.34319
vt 0.93193 0.30970
vt 0.93193 0.34319
vt 0.78799 0.34319
vt 0.93193 0.30970
vt 0.78799 0.34319
vt 0.78799 0.30970
vt -0.02743 0.93193
vt -0.06092 0.93193
vt -0.06092 0.78799
vt -0.02743 0.93193
vt -0.06092 0.78799
vt -0.02743 0.78799
vt 0.93193 0.37668
vt 0.93193 0.34319
vt 0.78799 0.34319
vt 0.93193 0.37668
vt 0.78799 0.34319
vt 0.78799 0.37668
vt -0.09441 0.93193
vt -0.06092 0.93193
vt -0.06092 0.78799
vt -0.09441 0.93193
vt -0.06092 0.78799
vt -0.09441 0.78799
vt -0.06092 0.93193
vt -0.09441 0.93193
vt -0.09441 0.78799
vt -0.06092 0.93193
vt -0.09441 0.78799
vt -0.06092 0.78799
vt -0.09441 0.32903
vt -0.09441 0.72123
vt -0.06092 0.72123
vt -0.09441 0.32903
vt -0.06092 0.72123
vt -0.06092 0.32903
vt 0.32903 0.37668
vt 0.72123 0.37668
vt 0.72123 0.34319
vt 0.32903 0.37668
vt 0.72123 0.34319
vt 0.32903 0.34319
vt -0.02743 0.32903
vt -0.02743 0.72123
vt -0.06092 0.72123
vt -0.02743 0.32903
vt -0.06092 0.72123
vt -0.06092 0.32903
vt 0.32903 0.30970
vt 0.72123 0.30970
vt 0.72123 0.34319
vt 0.32903 0.30970
vt 0.72123 0.34319
vt 0.32903 0.34319
vt 0.32903 0.34319
vt 0.72123 0.34319
vt 0.72123 0.37668
vt 0.32903 0.34319
vt 0.72123 0.37668
vt 0.32903 0.37668
vt -0.06092 0.32903
vt -0.06092 0.72123
vt -0.02743 0.72123
vt -0.06092 0.32903
vt -0.02743 0.72123
vt -0.02743 0.32903
vt 0.32903 0.34319
vt 0.72123 0.34319
vt 0.72123 0.30970
vt 0.32903 0.34319
vt 0.72123 0.30970
vt 0.32903 0.30970
vt 0.00843 0.41254
vt 0.03715 0.34319
vt 0.04478 0.34319
vt 0.00843 0.41254
vt 0.04478 0.34319
vt 0.01383 0.41794
vt -0.06092 0.44127
vt -0.13028 0.41254
vt -0.13568 0.41794
vt -0.06092 0.44127
vt -0.13568 0.41794
vt -0.06092 0.44890
vt 0.00843 0.27384
vt -0.06092 0.24512
vt -0.06092 0.23748
vt 0.00843 0.27384
vt -0.06092 0.23748
vt 0.01383 0.26844
vt 0.00843 0.41254
vt -0.06092 0.44127
vt -0.06092 0.44890
vt 0.00843 0.41254
vt -0.06092 0.44890
vt 0.01383 0.41794
vt -0.13028 0.27384
vt -0.15900 0.34319
vt -0.16663 0.34319
vt -0.13028 0.27384
vt -0.16663 0.34319
vt -0.13568 0.26844
vt 0.03715 0.34319
vt 0.00843 0.41254
vt 0.01383 0.41794
vt 0.03715 0.34319
vt 0.01383 0.41794
vt 0.04478 0.34319
vt -0.15900 0.34319
vt -0.13028 0.41254
vt -0.13568 0.41794
vt -0.15900 0.34319
vt -0.13568 0.41794
vt -0.16663 0.34319
vt 0.00843 0.27384
vt 0.03715 0.34319
vt 0.04478 0.34319
vt 0.00843 0.27384
vt 0.04478 0.34319
vt 0.01383 0.26844
vt -0.00902 0.34319
vt 0.15656 0.34319
vt 0.15656 0.30970
vt -0.00902 0.34319
vt 0.15656 0.30970
vt -0.00902 0.27384
vt -0.06092 -0.00902
vt -0.06092 0.15656
vt -0.09441 0.15656
vt -0.06092 -0.00902
vt -0.09441 0.15656
vt -0.13028 -0.00902
vt -0.13028 -0.00902
vt -0.09441 0.15656
vt -0.06092 0.15656
vt -0.13028 -0.00902
vt -0.06092 0.15656
vt -0.06092 -0.00902
vt -0.00902 0.41254
vt 0.15656 0.37668
vt 0.15656 0.34319
vt -0.00902 0.41254
vt 0.15656 0.34319
vt -0.00902 0.34319
vt 0.00843 -0.00902
vt -0.02743 0.15656
vt -0.06092 0.15656
vt 0.00843 -0.00902
vt -0.06092 0.15656
vt -0.06092 -0.00902
vt -0.00902 0.27384
vt 0.15656 0.30970
vt 0.15656 0.34319
vt -0.00902 0.27384
vt 0.15656 0.34319
vt -0.00902 0.34319
vt -0.00902 0.34319
vt 0.15656 0.34319
vt 0.15656 0.37668
vt -0.00902 0.34319
vt 0.15656 0.37668
vt -0.00902 0.41254
vt -0.06092 -0.00902
vt -0.06092 0.15656
vt -0.02743 0.15656
vt -0.06092 -0.00902
vt -0.02743 0.15656
vt 0.00843 -0.00902
vt 0.00843 0.27384
vt -0.06092 0.24512
vt -0.06092 0.25768
vt 0.00843 0.27384
vt -0.06092 0.25768
vt -0.00046 0.28273
vt 0.15656 0.34319
vt 0.26227 0.34319
vt 0.26227 0.30970
vt 0.15656 0.34319
vt 0.26227 0.30970
vt 0.15656 0.30970
vt -0.06092 0.15656
vt -0.06092 0.26227
vt -0.02743 0.26227
vt -0.06092 0.15656
vt -0.02743 0.26227
vt -0.02743 0.15656
vt 0.15656 0.34319
vt 0.26227 0.34319
vt 0.26227 0.37668
vt 0.15656 0.34319
vt 0.26227 0.37668
vt 0.15656 0.37668
vt 0.15656 0.30970
vt 0.26227 0.30970
vt 0.26227 0.34319
vt 0.15656 0.30970
vt 0.26227 0.34319
vt 0.15656 0.34319
vt -0.02743 0.15656
vt -0.02743 0.26227
vt -0.06092 0.26227
vt -0.02743 0.15656
vt -0.06092 0.26227
vt -0.06092 0.15656
vt 0.15656 0.37668
vt 0.26227 0.37668
vt 0.26227 0.34319
vt 0.15656 0.37668
vt 0.26227 0.34319
vt 0.15656 0.34319
vt -0.09441 0.15656
vt -0.09441 0.26227
vt -0.06092 0.26227
vt -0.09441 0.15656
vt -0.06092 0.26227
vt -0.06092 0.15656
vt -0.06092 0.15656
vt -0.06092 0.26227
vt -0.09441 0.26227
vt -0.06092 0.15656
vt -0.09441 0.26227
vt -0.09441 0.15656
vt -0.06092 0.32903
vt -0.06092 0.72123
vt -0.09441 0.72123
vt -0.06092 0.32903
vt -0.09441 0.72123
vt -0.09441 0.32903
vt -0.12139 -0.32546
vt -0.06092 -0.32546
vt -0.06092 -0.30626
vt -0.12139 -0.32546
vt -0.06092 -0.30626
vt -0.12139 -0.30626
vt -0.13028 0.27384
vt -0.15900 0.34319
vt -0.14643 0.34319
vt -0.13028 0.27384
vt -0.14643 0.34319
vt -0.12139 0.28273
vt -0.15900 0.34319
vt -0.13028 0.41254
vt -0.12139 0.40366
vt -0.15900 0.34319
vt -0.12139 0.40366
vt -0.14643 0.34319
vt -0.06092 0.44127
vt 0.00843 0.41254
vt -0.00046 0.40366
vt -0.06092 0.44127
vt -0.00046 0.40366
vt -0.06092 0.42870
vt 0.03715 0.34319
vt 0.00843 0.27384
vt -0.00046 0.28273
vt 0.03715 0.34319
vt -0.00046 0.28273
vt 0.02458 0.34319
vt -0.06092 0.24512
vt -0.13028 0.27384
vt -0.12139 0.28273
vt -0.06092 0.24512
vt -0.12139 0.28273
vt -0.06092 0.25768
vt -0.13028 0.41254
vt -0.06092 0.44127
vt -0.06092 0.42870
vt -0.13028 0.41254
vt -0.06092 0.42870
vt -0.12139 0.40366
vt 0.00843 0.41254
vt 0.03715 0.34319
vt 0.02458 0.34319
vt 0.00843 0.41254
vt 0.02458 0.34319
vt -0.00046 0.40366
vt -0.32546 0.40366
vt -0.32546 0.34319
vt -0.30627 0.34319
vt -0.32546 0.40366
vt -0.30627 0.34319
vt -0.30626 0.40366
vt -0.00046 -0.32546
vt -0.06092 -0.32546
vt -0.06092 -0.30627
vt -0.00046 -0.32546
vt -0.06092 -0.30627
vt -0.00046 -0.30627
vt -0.32546 0.28273
vt -0.32546 0.34319
vt -0.30626 0.34319
vt -0.32546 0.28273
vt -0.30626 0.34319
vt -0.30626 0.28273
vt -0.32546 0.34319
vt -0.32546 0.40366
vt -0.30626 0.40366
vt -0.32546 0.34319
vt -0.30626 0.40366
vt -0.30626 0.34319
vt -0.06092 -0.32546
vt -0.00046 -0.32546
vt -0.00046 -0.30626
vt -0.06092 -0.32546
vt -0.00046 -0.30626
vt -0.06092 -0.30626
vt -0.32546 0.34319
vt -0.32546 0.28273
vt -0.30627 0.28273
vt -0.32546 0.34319
vt -0.30627 0.28273
vt -0.30627 0.34319
vt -0.06092 -0.32546
vt -0.12139 -0.32546
vt -0.12139 -0.30626
vt -0.06092 -0.32546
vt -0.12139 -0.30626
vt -0.06092 -0.30627
vt 1.21362 0.39287
vt 1.21362 0.34319
vt 1.20204 0.34319
vt 1.21362 0.39287
vt 1.20204 0.34319
vt 1.20204 0.39287
vt -0.06092 0.41345
vt -0.06092 0.43612
vt -0.12663 0.40890
vt -0.06092 0.41345
vt -0.12663 0.40890
vt -0.11061 0.39287
vt 0.00934 0.34319
vt 0.03200 0.34319
vt 0.00478 0.40890
vt 0.00934 0.34319
vt 0.00478 0.40890
vt -0.01124 0.39287
vt -0.06092 0.27293
vt -0.06092 0.25027
vt 0.00478 0.27748
vt -0.06092 0.27293
vt 0.00478 0.27748
vt -0.01124 0.29351
vt -0.11061 0.39287
vt -0.12663 0.40890
vt -0.15385 0.34319
vt -0.11061 0.39287
vt -0.15385 0.34319
vt -0.13118 0.34319
vt -0.01124 0.39287
vt 0.00478 0.40890
vt -0.06092 0.43612
vt -0.01124 0.39287
vt -0.06092 0.43612
vt -0.06092 0.41345
vt -0.01124 0.29351
vt 0.00478 0.27748
vt 0.03200 0.34319
vt -0.01124 0.29351
vt 0.03200 0.34319
vt 0.00934 0.34319
vt -0.11061 0.29351
vt -0.12663 0.27748
vt -0.06092 0.25027
vt -0.11061 0.29351
vt -0.06092 0.25027
vt -0.06092 0.27293
vt -0.01124 1.21362
vt -0.06092 1.21362
vt -0.06092 1.20204
vt -0.01124 1.21362
vt -0.06092 1.20204
vt -0.01124 1.20204
vt 1.21362 0.29351
vt 1.21362 0.34319
vt 1.20204 0.34319
vt 1.21362 0.29351
vt 1.20204 0.34319
vt 1.20204 0.29351
vt -0.11061 1.21362
vt -0.06092 1.21362
vt -0.06092 1.20204
vt -0.11061 1.21362
vt -0.06092 1.20204
vt -0.11061 1.20204
vt -0.06092 1.21362
vt -0.11061 1.21362
vt -0.11061 1.20204
vt -0.06092 1.21362
vt -0.11061 1.20204
vt -0.06092 1.20204
vt 1.21362 0.34319
vt 1.21362 0.39287
vt 1.20204 0.39287
vt 1.21362 0.34319
vt 1.20204 0.39287
vt 1.20204 0.34319
vt -0.06092 1.21362
vt -0.01124 1.21362
vt -0.01124 1.20204
vt -0.06092 1.21362
vt -0.01124 1.20204
vt -0.06092 1.20204
vt 1.21362 0.34319
vt 1.21362 0.29351
vt 1.20204 0.29351
vt 1.21362 0.34319
vt 1.20204 0.29351
vt 1.20204 0.34319
vt -0.13028 -0.00902
vt -0.13028 -0.30341
vt -0.06092 -0.30341
vt -0.13028 -0.00902
vt -0.06092 -0.30341
vt -0.06092 -0.00902
vt -0.00902 0.27384
vt -0.30341 0.27384
vt -0.30341 0.34319
vt -0.00902 0.27384
vt -0.30341 0.34319
vt -0.00902 0.34319
vt 0.00843 -0.00902
vt 0.00843 -0.30341
vt -0.06092 -0.30341
vt 0.00843 -0.00902
vt -0.06092 -0.30341
vt -0.06092 -0.00902
vt -0.00902 0.41254
vt -0.30341 0.41254
vt -0.30341 0.34319
vt -0.00902 0.41254
vt -0.30341 0.34319
vt -0.00902 0.34319
vt -0.00902 0.34319
vt -0.30341 0.34319
vt -0.30341 0.27384
vt -0.00902 0.34319
vt -0.30341 0.27384
vt -0.00902 0.27384
vt -0.06092 -0.00902
vt -0.06092 -0.30341
vt 0.00843 -0.30341
vt -0.06092 -0.00902
vt 0.00843 -0.30341
vt 0.00843 -0.00902
vt -0.00902 0.34319
vt -0.30341 0.34319
vt -0.30341 0.41254
vt -0.00902 0.34319
vt -0.30341 0.41254
vt -0.00902 0.41254
vt -0.06092 -0.00902
vt -0.06092 -0.30341
vt -0.13028 -0.30341
vt -0.06092 -0.00902
vt -0.13028 -0.30341
vt -0.13028 -0.00902
vt -0.06092 -0.30341
vt -0.06092 -0.32546
vt -0.13568 -0.32546
vt -0.06092 -0.30341
vt -0.13568 -0.32546
vt -0.13568 -0.30341
vt -0.30341 0.34319
vt -0.32546 0.34319
vt -0.32546 0.41794
vt -0.30341 0.34319
vt -0.32546 0.41794
vt -0.30341 0.41794
vt -0.06092 -0.30341
vt -0.06092 -0.32546
vt 0.01383 -0.32546
vt -0.06092 -0.30341
vt 0.01383 -0.32546
vt 0.01383 -0.30341
vt -0.30341 0.34319
vt -0.32546 0.34319
vt -0.32546 0.26844
vt -0.30341 0.34319
vt -0.32546 0.26844
vt -0.30341 0.26844
vt -0.30341 0.41794
vt -0.32546 0.41794
vt -0.32546 0.34319
vt -0.30341 0.41794
vt -0.32546 0.34319
vt -0.30341 0.34319
vt 0.01383 -0.30341
vt 0.01383 -0.32546
vt -0.06092 -0.32546
vt 0.01383 -0.30341
vt -0.06092 -0.32546
vt -0.06092 -0.30341
vt -0.30341 0.26844
vt -0.32546 0.26844
vt -0.32546 0.34319
vt -0.30341 0.26844
vt -0.32546 0.34319
vt -0.30341 0.34319
vt -0.13568 -0.30341
vt -0.13568 -0.32546
vt -0.06092 -0.32546
vt -0.13568 -0.30341
vt -0.06092 -0.32546
vt -0.06092 -0.30341
vt -0.13028 0.41254
vt -0.15900 0.34319
vt -0.16663 0.34319
vt -0.13028 0.41254
vt -0.16663 0.34319
vt -0.13568 0.41794
vt -0.13028 0.41254
vt -0.06092 0.44127
vt -0.06092 0.44890
vt -0.13028 0.41254
vt -0.06092 0.44890
vt -0.13568 0.41794
vt -0.15900 0.34319
vt -0.13028 0.27384
vt -0.13568 0.26844
vt -0.15900 0.34319
vt -0.13568 0.26844
vt -0.16663 0.34319
vt -0.06092 0.24512
vt -0.13028 0.27384
vt -0.13568 0.26844
vt -0.06092 0.24512
vt -0.13568 0.26844
vt -0.06092 0.23748
vt -0.13028 0.27384
vt -0.06092 0.24512
vt -0.06092 0.23748
vt -0.13028 0.27384
vt -0.06092 0.23748
vt -0.13568 0.26844
vt 0.03715 0.34319
vt 0.00843 0.27384
vt 0.01383 0.26844
vt 0.03715 0.34319
vt 0.01383 0.26844
vt 0.04478 0.34319
vt -0.06092 0.24512
vt 0.00843 0.27384
vt 0.01383 0.26844
vt -0.06092 0.24512
vt 0.01383 0.26844
vt -0.06092 0.23748
vt -0.06092 0.44127
vt 0.00843 0.41254
vt 0.01383 0.41794
vt -0.06092 0.44127
vt 0.01383 0.41794
vt -0.06092 0.44890
vt -0.12122 1.00840
vt -0.06092 1.00840
vt -0.06092 1.19503
vt -0.12122 1.00840
vt -0.06092 1.19503
vt -0.12122 1.19503
vt 1.00840 0.28290
vt 1.00840 0.34319
vt 1.19503 0.34319
vt 1.00840 0.28290
vt 1.19503 0.34319
vt 1.19503 0.28290
vt -0.00063 1.00840
vt -0.06092 1.00840
vt -0.06092 1.19503
vt -0.00063 1.00840
vt -0.06092 1.19503
vt -0.00063 1.19503
vt 1.00840 0.40348
vt 1.00840 0.34319
vt 1.19503 0.34319
vt 1.00840 0.40348
vt 1.19503 0.34319
vt 1.19503 0.40348
vt 1.00840 0.34319
vt 1.00840 0.28290
vt 1.19503 0.28290
vt 1.00840 0.34319
vt 1.19503 0.28290
vt 1.19503 0.34319
vt -0.06092 1.00840
vt -0.00063 1.00840
vt -0.00063 1.19503
vt -0.06092 1.00840
vt -0.00063 1.19503
vt -0.06092 1.19503
vt 1.00840 0.34319
vt 1.00840 0.40348
vt 1.19503 0.40348
vt 1.00840 0.34319
vt 1.19503 0.40348
vt 1.19503 0.34319
vt -0.06092 1.00840
vt -0.12122 1.00840
vt -0.12122 1.19503
vt -0.06092 1.00840
vt -0.12122 1.19503
vt -0.06092 1.19503
vt -0.06092 1.19543
vt -0.12663 1.19543
vt -0.12663 1.21322
vt -0.06092 1.19543
vt -0.12663 1.21322
vt -0.06092 1.21322
vt 1.19543 0.34319
vt 1.19543 0.40890
vt 1.21322 0.40890
vt 1.19543 0.34319
vt 1.21322 0.40890
vt 1.21322 0.34319
vt -0.06092 1.19543
vt 0.00478 1.19543
vt 0.00478 1.21322
vt -0.06092 1.19543
vt 0.00478 1.21322
vt -0.06092 1.21322
vt 1.19543 0.34319
vt 1.19543 0.27748
vt 1.21322 0.27748
vt 1.19543 0.34319
vt 1.21322 0.27748
vt 1.21322 0.34319
vt 1.19543 0.40890
vt 1.19543 0.34319
vt 1.21322 0.34319
vt 1.19543 0.40890
vt 1.21322 0.34319
vt 1.21322 0.40890
vt 0.00478 1.19543
vt -0.06092 1.19543
vt -0.06092 1.21322
vt 0.00478 1.19543
vt -0.06092 1.21322
vt 0.00478 1.21322
vt 1.19543 0.27748
vt 1.19543 0.34319
vt 1.21322 0.34319
vt 1.19543 0.27748
vt 1.21322 0.34319
vt 1.21322 0.27748
vt -0.12663 1.19543
vt -0.06092 1.19543
vt -0.06092 1.21322
vt -0.12663 1.19543
vt -0.06092 1.21322
vt -0.12663 1.21322
vt -0.00063 0.40348
vt -0.06092 0.42846
vt -0.06092 0.43612
vt -0.00063 0.40348
vt -0.06092 0.43612
vt 0.00478 0.40890
vt -0.12122 0.40348
vt -0.14619 0.34319
vt -0.15385 0.34319
vt -0.12122 0.40348
vt -0.15385 0.34319
vt -0.12663 0.40890
vt -0.14619 0.34319
vt -0.12122 0.28290
vt -0.12663 0.27748
vt -0.14619 0.34319
vt -0.12663 0.27748
vt -0.15385 0.34319
vt -0.06092 0.25793
vt -0.00063 0.28290
vt 0.00478 0.27748
vt -0.06092 0.25793
vt 0.00478 0.27748
vt -0.06092 0.25027
vt -0.13118 0.34319
vt -0.15385 0.34319
vt -0.12663 0.27748
vt -0.13118 0.34319
vt -0.12663 0.27748
vt -0.11061 0.29351
vt -0.14643 0.34319
vt -0.12139 0.40366
vt -0.06092 0.42870
vt -0.14643 0.34319
vt -0.06092 0.42870
vt -0.00046 0.40366
vt -0.14643 0.34319
vt -0.00046 0.40366
vt 0.02458 0.34319
vt -0.14643 0.34319
vt 0.02458 0.34319
vt -0.00046 0.28273
vt -0.14643 0.34319
vt -0.00046 0.28273
vt -0.06092 0.25768
vt -0.14643 0.34319
vt -0.06092 0.25768
vt -0.12139 0.28273
vt -0.13118 0.34319
vt -0.11061 0.29351
vt -0.06092 0.27293
vt -0.13118 0.34319
vt -0.06092 0.27293
vt -0.01124 0.29351
vt -0.13118 0.34319
vt -0.01124 0.29351
vt 0.00934 0.34319
vt -0.13118 0.34319
vt 0.00934 0.34319
vt -0.01124 0.39287
vt -0.13118 0.34319
vt -0.01124 0.39287
vt -0.06092 0.41345
vt -0.13118 0.34319
vt -0.06092 0.41345
vt -0.11061 0.39287
vt -0.02743 0.37668
vt -0.06092 0.39055
vt -0.06092 0.40266
vt -0.02743 0.37668
vt -0.06092 0.40266
vt -0.01887 0.38524
vt -0.10828 0.34319
vt -0.09441 0.37668
vt -0.10297 0.38524
vt -0.10828 0.34319
vt -0.10297 0.38524
vt -0.12039 0.34319
vt -0.02743 0.30970
vt -0.01357 0.34319
vt -0.00146 0.34319
vt -0.02743 0.30970
vt -0.00146 0.34319
vt -0.01887 0.30114
vt -0.06092 0.39055
vt -0.02743 0.37668
vt -0.01887 0.38524
vt -0.06092 0.39055
vt -0.01887 0.38524
vt -0.06092 0.40266
vt -0.09441 0.30970
vt -0.06092 0.29583
vt -0.06092 0.28373
vt -0.09441 0.30970
vt -0.06092 0.28373
vt -0.10297 0.30114
vt -0.01357 0.34319
vt -0.02743 0.30970
vt -0.01887 0.30114
vt -0.01357 0.34319
vt -0.01887 0.30114
vt -0.00146 0.34319
vt -0.06092 0.39055
vt -0.09441 0.37668
vt -0.10297 0.38524
vt -0.06092 0.39055
vt -0.10297 0.38524
vt -0.06092 0.40266
vt -0.06092 0.29583
vt -0.09441 0.30970
vt -0.10297 0.30114
vt -0.06092 0.29583
vt -0.10297 0.30114
vt -0.06092 0.28373
vt 0.78280 0.34319
vt 0.78280 0.30114
vt 0.72642 0.30114
vt 0.78280 0.34319
vt 0.72642 0.30114
vt 0.72642 0.34319
vt -0.06092 0.78280
vt -0.01887 0.78280
vt -0.01887 0.72642
vt -0.06092 0.78280
vt -0.01887 0.72642
vt -0.06092 0.72642
vt 0.78280 0.34319
vt 0.78280 0.38524
vt 0.72642 0.38524
vt 0.78280 0.34319
vt 0.72642 0.38524
vt 0.72642 0.34319
vt 0.78280 0.30114
vt 0.78280 0.34319
vt 0.72642 0.34319
vt 0.78280 0.30114
vt 0.72642 0.34319
vt 0.72642 0.30114
vt -0.06092 0.72642
vt -0.01887 0.72642
vt -0.03805 0.73928
vt -0.06092 0.72642
vt -0.03805 0.73928
vt -0.06092 0.73928
vt 0.78280 0.38524
vt 0.78280 0.34319
vt 0.72642 0.34319
vt 0.78280 0.38524
vt 0.72642 0.34319
vt 0.72642 0.38524
vt -0.10297 0.78280
vt -0.06092 0.78280
vt -0.06092 0.72642
vt -0.10297 0.78280
vt -0.06092 0.72642
vt -0.10297 0.72642
vt -0.06092 0.78280
vt -0.10297 0.78280
vt -0.08380 0.76995
vt -0.06092 0.78280
vt -0.08380 0.76995
vt -0.06092 0.76995
vt -0.09441 0.30970
vt -0.10828 0.34319
vt -0.12039 0.34319
vt -0.09441 0.30970
vt -0.12039 0.34319
vt -0.10297 0.30114
vt -0.09441 0.37668
vt -0.10828 0.34319
vt -0.12039 0.34319
vt -0.09441 0.37668
vt -0.12039 0.34319
vt -0.10297 0.38524
vt -0.02743 0.30970
vt -0.06092 0.29583
vt -0.06092 0.28373
vt -0.02743 0.30970
vt -0.06092 0.28373
vt -0.01887 0.30114
vt -0.10828 0.34319
vt -0.09441 0.30970
vt -0.10297 0.30114
vt -0.10828 0.34319
vt -0.10297 0.30114
vt -0.12039 0.34319
vt -0.02743 0.37668
vt -0.01357 0.34319
vt -0.00146 0.34319
vt -0.02743 0.37668
vt -0.00146 0.34319
vt -0.01887 0.38524
vt -0.06092 0.29583
vt -0.02743 0.30970
vt -0.01887 0.30114
vt -0.06092 0.29583
vt -0.01887 0.30114
vt -0.06092 0.28373
vt -0.09441 0.37668
vt -0.06092 0.39055
vt -0.06092 0.40266
vt -0.09441 0.37668
vt -0.06092 0.40266
vt -0.10297 0.38524
vt -0.01357 0.34319
vt -0.02743 0.37668
vt -0.01887 0.38524
vt -0.01357 0.34319
vt -0.01887 0.38524
vt -0.00146 0.34319
vt -0.06092 0.28342
vt -0.08380 0.29289
vt -0.08380 0.17166
vt -0.06092 0.28342
vt -0.08380 0.17166
vt -0.06092 0.17166
vt -0.06092 0.28342
vt -0.03805 0.29289
vt -0.03805 0.17166
vt -0.06092 0.28342
vt -0.03805 0.17166
vt -0.06092 0.17166
vt -0.01887 0.72642
vt -0.01887 0.78280
vt -0.03805 0.76995
vt -0.01887 0.72642
vt -0.03805 0.76995
vt -0.03805 0.73928
vt -0.10297 0.72642
vt -0.06092 0.72642
vt -0.06092 0.73928
vt -0.10297 0.72642
vt -0.06092 0.73928
vt -0.08380 0.73928
vt -0.10297 0.78280
vt -0.10297 0.72642
vt -0.08380 0.73928
vt -0.10297 0.78280
vt -0.08380 0.73928
vt -0.08380 0.76995
vt -0.01887 0.78280
vt -0.06092 0.78280
vt -0.06092 0.76995
vt -0.01887 0.78280
vt -0.06092 0.76995
vt -0.03805 0.76995
vt -0.03805 0.76995
vt -0.06092 0.76995
vt -0.06092 0.73928
vt -0.03805 0.76995
vt -0.06092 0.73928
vt -0.03805 0.73928
vt -0.06092 0.76995
vt -0.08380 0.76995
vt -0.08380 0.73928
vt -0.06092 0.76995
vt -0.08380 0.73928
vt -0.06092 0.73928
vt 0.73928 0.29289
vt 0.76995 0.29289
vt 0.76995 0.17166
vt 0.73928 0.29289
vt 0.76995 0.17166
vt 0.73928 0.17166
vt -0.08380 0.29289
vt -0.06092 0.28342
vt -0.06092 0.17166
vt -0.08380 0.29289
vt -0.06092 0.17166
vt -0.08380 0.17166
vt 0.76995 0.29289
vt 0.73928 0.29289
vt 0.73928 0.17166
vt 0.76995 0.29289
vt 0.73928 0.17166
vt 0.76995 0.17166
vt -0.03805 0.29289
vt -0.06092 0.28342
vt -0.06092 0.17166
vt -0.03805 0.29289
vt -0.06092 0.17166
vt -0.03805 0.17166
vt -0.02743 0.37668
vt -0.01887 0.38524
vt -0.06092 0.40266
vt -0.02743 0.37668
vt -0.06092 0.40266
vt -0.06092 0.39055
vt -0.10828 0.34319
vt -0.12039 0.34319
vt -0.10297 0.38524
vt -0.10828 0.34319
vt -0.10297 0.38524
vt -0.09441 0.37668
vt -0.02743 0.30970
vt -0.01887 0.30114
vt -0.00146 0.34319
vt -0.02743 0.30970
vt -0.00146 0.34319
vt -0.01357 0.34319
vt -0.06092 0.39055
vt -0.06092 0.40266
vt -0.01887 0.38524
vt -0.06092 0.39055
vt -0.01887 0.38524
vt -0.02743 0.37668
vt -0.09441 0.30970
vt -0.10297 0.30114
vt -0.06092 0.28373
vt -0.09441 0.30970
vt -0.06092 0.28373
vt -0.06092 0.29583
vt -0.01357 0.34319
vt -0.00146 0.34319
vt -0.01887 0.30114
vt -0.01357 0.34319
vt -0.01887 0.30114
vt -0.02743 0.30970
vt -0.06092 0.39055
vt -0.06092 0.40266
vt -0.10297 0.38524
vt -0.06092 0.39055
vt -0.10297 0.38524
vt -0.09441 0.37668
vt -0.06092 0.29583
vt -0.06092 0.28373
vt -0.10297 0.30114
vt -0.06092 0.29583
vt -0.10297 0.30114
vt -0.09441 0.30970
vt 0.26745 0.34319
vt 0.32383 0.34319
vt 0.32383 0.30114
vt 0.26745 0.34319
vt 0.32383 0.30114
vt 0.26745 0.30114
vt -0.06092 0.26745
vt -0.06092 0.32383
vt -0.01887 0.32383
vt -0.06092 0.26745
vt -0.01887 0.32383
vt -0.01887 0.26745
vt 0.26745 0.34319
vt 0.32383 0.34319
vt 0.32383 0.38524
vt 0.26745 0.34319
vt 0.32383 0.38524
vt 0.26745 0.38524
vt 0.26745 0.30114
vt 0.32383 0.30114
vt 0.32383 0.34319
vt 0.26745 0.30114
vt 0.32383 0.34319
vt 0.26745 0.34319
vt -0.06092 0.32383
vt -0.06092 0.31098
vt -0.03805 0.31098
vt -0.06092 0.32383
vt -0.03805 0.31098
vt -0.01887 0.32383
vt 0.26745 0.38524
vt 0.32383 0.38524
vt 0.32383 0.34319
vt 0.26745 0.38524
vt 0.32383 0.34319
vt 0.26745 0.34319
vt -0.10297 0.26745
vt -0.10297 0.32383
vt -0.06092 0.32383
vt -0.10297 0.26745
vt -0.06092 0.32383
vt -0.06092 0.26745
vt -0.06092 0.26745
vt -0.06092 0.28031
vt -0.08380 0.28031
vt -0.06092 0.26745
vt -0.08380 0.28031
vt -0.10297 0.26745
vt -0.09441 0.30970
vt -0.10297 0.30114
vt -0.12039 0.34319
vt -0.09441 0.30970
vt -0.12039 0.34319
vt -0.10828 0.34319
vt -0.09441 0.37668
vt -0.10297 0.38524
vt -0.12039 0.34319
vt -0.09441 0.37668
vt -0.12039 0.34319
vt -0.10828 0.34319
vt -0.02743 0.30970
vt -0.01887 0.30114
vt -0.06092 0.28373
vt -0.02743 0.30970
vt -0.06092 0.28373
vt -0.06092 0.29583
vt -0.10828 0.34319
vt -0.12039 0.34319
vt -0.10297 0.30114
vt -0.10828 0.34319
vt -0.10297 0.30114
vt -0.09441 0.30970
vt -0.02743 0.37668
vt -0.01887 0.38524
vt -0.00146 0.34319
vt -0.02743 0.37668
vt -0.00146 0.34319
vt -0.01357 0.34319
vt -0.06092 0.29583
vt -0.06092 0.28373
vt -0.01887 0.30114
vt -0.06092 0.29583
vt -0.01887 0.30114
vt -0.02743 0.30970
vt -0.09441 0.37668
vt -0.10297 0.38524
vt -0.06092 0.40266
vt -0.09441 0.37668
vt -0.06092 0.40266
vt -0.06092 0.39055
vt -0.01357 0.34319
vt -0.00146 0.34319
vt -0.01887 0.38524
vt -0.01357 0.34319
vt -0.01887 0.38524
vt -0.02743 0.37668
vt -0.06092 0.28342
vt -0.06092 0.17166
vt -0.08380 0.17166
vt -0.06092 0.28342
vt -0.08380 0.17166
vt -0.08380 0.29289
vt -0.06092 0.28342
vt -0.06092 0.17166
vt -0.03805 0.17166
vt -0.06092 0.28342
vt -0.03805 0.17166
vt -0.03805 0.29289
vt -0.01887 0.32383
vt -0.03805 0.31098
vt -0.03805 0.28031
vt -0.01887 0.32383
vt -0.03805 0.28031
vt -0.01887 0.26745
vt -0.10297 0.32383
vt -0.08380 0.31098
vt -0.06092 0.31098
vt -0.10297 0.32383
vt -0.06092 0.31098
vt -0.06092 0.32383
vt -0.10297 0.26745
vt -0.08380 0.28031
vt -0.08380 0.31098
vt -0.10297 0.26745
vt -0.08380 0.31098
vt -0.10297 0.32383
vt -0.01887 0.26745
vt -0.03805 0.28031
vt -0.06092 0.28031
vt -0.01887 0.26745
vt -0.06092 0.28031
vt -0.06092 0.26745
vt -0.03805 0.28031
vt -0.03805 0.31098
vt -0.06092 0.31098
vt -0.03805 0.28031
vt -0.06092 0.31098
vt -0.06092 0.28031
vt -0.06092 0.28031
vt -0.06092 0.31098
vt -0.08380 0.31098
vt -0.06092 0.28031
vt -0.08380 0.31098
vt -0.08380 0.28031
vt 0.31098 0.29289
vt 0.31098 0.17166
vt 0.28031 0.17166
vt 0.31098 0.29289
vt 0.28031 0.17166
vt 0.28031 0.29289
vt -0.08380 0.29289
vt -0.08380 0.17166
vt -0.06092 0.17166
vt -0.08380 0.29289
vt -0.06092 0.17166
vt -0.06092 0.28342
vt 0.28031 0.29289
vt 0.28031 0.17166
vt 0.31098 0.17166
vt 0.28031 0.29289
vt 0.31098 0.17166
vt 0.31098 0.29289
vt -0.03805 0.29289
vt -0.03805 0.17166
vt -0.06092 0.17166
vt -0.03805 0.29289
vt -0.06092 0.17166
vt -0.06092 0.28342
vt -0.08847 0.90316
vt -0.08847 0.92698
vt -0.03338 0.92698
vt -0.08847 0.90316
vt -0.03338 0.92698
vt -0.03338 0.90316
vt -0.09922 0.20497
vt -0.09922 0.22367
vt -0.08847 0.23442
vt -0.09922 0.20497
vt -0.08847 0.23442
vt -0.03338 0.23442
vt -0.09922 0.20497
vt -0.03338 0.23442
vt -0.02263 0.22367
vt -0.09922 0.20497
vt -0.02263 0.22367
vt -0.02263 0.20497
vt -0.02263 0.20497
vt -0.02263 0.22367
vt -0.03338 0.23442
vt -0.02263 0.20497
vt -0.03338 0.23442
vt -0.08847 0.23442
vt -0.02263 0.20497
vt -0.08847 0.23442
vt -0.09922 0.22367
vt -0.02263 0.20497
vt -0.09922 0.22367
vt -0.09922 0.20497
vt 0.92698 0.20497
vt 0.92698 0.22367
vt 0.90316 0.22367
vt 0.92698 0.20497
vt 0.90316 0.22367
vt 0.90316 0.20497
vt -0.08847 0.92698
vt -0.08847 0.90316
vt -0.09922 0.90316
vt -0.08847 0.92698
vt -0.09922 0.90316
vt -0.09922 0.92698
vt -0.03338 0.90316
vt -0.03338 0.92698
vt -0.02263 0.92698
vt -0.03338 0.90316
vt -0.02263 0.92698
vt -0.02263 0.90316
vt 0.90316 0.20497
vt 0.90316 0.22367
vt 0.92698 0.22367
vt 0.90316 0.20497
vt 0.92698 0.22367
vt 0.92698 0.20497
vt -0.08847 0.84125
vt -0.08847 0.86506
vt -0.03338 0.86506
vt -0.08847 0.84125
vt -0.03338 0.86506
vt -0.03338 0.84125
vt -0.09922 0.20497
vt -0.09922 0.22367
vt -0.08847 0.23442
vt -0.09922 0.20497
vt -0.08847 0.23442
vt -0.03338 0.23442
vt -0.09922 0.20497
vt -0.03338 0.23442
vt -0.02263 0.22367
vt -0.09922 0.20497
vt -0.02263 0.22367
vt -0.02263 0.20497
vt -0.02263 0.20497
vt -0.02263 0.22367
vt -0.03338 0.23442
vt -0.02263 0.20497
vt -0.03338 0.23442
vt -0.08847 0.23442
vt -0.02263 0.20497
vt -0.08847 0.23442
vt -0.09922 0.22367
vt -0.02263 0.20497
vt -0.09922 0.22367
vt -0.09922 0.20497
vt 0.86506 0.20497
vt 0.86506 0.22367
vt 0.84125 0.22367
vt 0.86506 0.20497
vt 0.84125 0.22367
vt 0.84125 0.20497
vt -0.08847 0.86506
vt -0.08847 0.84125
vt -0.09922 0.84125
vt -0.08847 0.86506
vt -0.09922 0.84125
vt -0.09922 0.86506
vt -0.03338 0.84125
vt -0.03338 0.86506
vt -0.02263 0.86506
vt -0.03338 0.84125
vt -0.02263 0.86506
vt -0.02263 0.84125
vt 0.84125 0.20497
vt 0.84125 0.22367
vt 0.86506 0.22367
vt 0.84125 0.20497
vt 0.86506 0.22367
vt 0.86506 0.20497
vt -0.08847 0.77933
vt -0.08847 0.80315
vt -0.03338 0.80315
vt -0.08847 0.77933
vt -0.03338 0.80315
vt -0.03338 0.77933
vt -0.09922 0.20497
vt -0.09922 0.22367
vt -0.08847 0.23442
vt -0.09922 0.20497
vt -0.08847 0.23442
vt -0.03338 0.23442
vt -0.09922 0.20497
vt -0.03338 0.23442
vt -0.02263 0.22367
vt -0.09922 0.20497
vt -0.02263 0.22367
vt -0.02263 0.20497
vt -0.02263 0.20497
vt -0.02263 0.22367
vt -0.03338 0.23442
vt -0.02263 0.20497
vt -0.03338 0.23442
vt -0.08847 0.23442
vt -0.02263 0.20497
vt -0.08847 0.23442
vt -0.09922 0.22367
vt -0.02263 0.20497
vt -0.09922 0.22367
vt -0.09922 0.20497
vt 0.80315 0.20497
vt 0.80315 0.22367
vt 0.77933 0.22367
vt 0.80315 0.20497
vt 0.77933 0.22367
vt 0.77933 0.20497
vt -0.08847 0.80315
vt -0.08847 0.77933
vt -0.09922 0.77933
vt -0.08847 0.80315
vt -0.09922 0.77933
vt -0.09922 0.80315
vt -0.03338 0.77933
vt -0.03338 0.80315
vt -0.02263 0.80315
vt -0.03338 0.77933
vt -0.02263 0.80315
vt -0.02263 0.77933
vt 0.77933 0.20497
vt 0.77933 0.22367
vt 0.80315 0.22367
vt 0.77933 0.20497
vt 0.80315 0.22367
vt 0.80315 0.20497
vt -0.08847 0.70689
vt -0.08847 0.73070
vt -0.03338 0.73070
vt -0.08847 0.70689
vt -0.03338 0.73070
vt -0.03338 0.70689
vt -0.09922 0.20497
vt -0.09922 0.22367
vt -0.08847 0.23442
vt -0.09922 0.20497
vt -0.08847 0.23442
vt -0.03338 0.23442
vt -0.09922 0.20497
vt -0.03338 0.23442
vt -0.02263 0.22367
vt -0.09922 0.20497
vt -0.02263 0.22367
vt -0.02263 0.20497
vt -0.02263 0.20497
vt -0.02263 0.22367
vt -0.03338 0.23442
vt -0.02263 0.20497
vt -0.03338 0.23442
vt -0.08847 0.23442
vt -0.02263 0.20497
vt -0.08847 0.23442
vt -0.09922 0.22367
vt -0.02263 0.20497
vt -0.09922 0.22367
vt -0.09922 0.20497
vt 0.73070 0.20497
vt 0.73070 0.22367
vt 0.70689 0.22367
vt 0.73070 0.20497
vt 0.70689 0.22367
vt 0.70689 0.20497
vt -0.08847 0.73070
vt -0.08847 0.70689
vt -0.09922 0.70689
vt -0.08847 0.73070
vt -0.09922 0.70689
vt -0.09922 0.73070
vt -0.03338 0.70689
vt -0.03338 0.73070
vt -0.02263 0.73070
vt -0.03338 0.70689
vt -0.02263 0.73070
vt -0.02263 0.70689
vt 0.70689 0.20497
vt 0.70689 0.22367
vt 0.73070 0.22367
vt 0.70689 0.20497
vt 0.73070 0.22367
vt 0.73070 0.20497
vt -0.08847 0.65551
vt -0.08847 0.67932
vt -0.03338 0.67932
vt -0.08847 0.65551
vt -0.03338 0.67932
vt -0.03338 0.65551
vt -0.09922 0.20497
vt -0.09922 0.22367
vt -0.08847 0.23442
vt -0.09922 0.20497
vt -0.08847 0.23442
vt -0.03338 0.23442
vt -0.09922 0.20497
vt -0.03338 0.23442
vt -0.02263 0.22367
vt -0.09922 0.20497
vt -0.02263 0.22367
vt -0.02263 0.20497
vt -0.02263 0.20497
vt -0.02263 0.22367
vt -0.03338 0.23442
vt -0.02263 0.20497
vt -0.03338 0.23442
vt -0.08847 0.23442
vt -0.02263 0.20497
vt -0.08847 0.23442
vt -0.09922 0.22367
vt -0.02263 0.20497
vt -0.09922 0.22367
vt -0.09922 0.20497
vt 0.67932 0.20497
vt 0.67932 0.22367
vt 0.65551 0.22367
vt 0.67932 0.20497
vt 0.65551 0.22367
vt 0.65551 0.20497
vt -0.08847 0.67932
vt -0.08847 0.65551
vt -0.09922 0.65551
vt -0.08847 0.67932
vt -0.09922 0.65551
vt -0.09922 0.67932
vt -0.03338 0.65551
vt -0.03338 0.67932
vt -0.02263 0.67932
vt -0.03338 0.65551
vt -0.02263 0.67932
vt -0.02263 0.65551
vt 0.65551 0.20497
vt 0.65551 0.22367
vt 0.67932 0.22367
vt 0.65551 0.20497
vt 0.67932 0.22367
vt 0.67932 0.20497
vt -0.08847 0.59359
vt -0.08847 0.61740
vt -0.03338 0.61740
vt -0.08847 0.59359
vt -0.03338 0.61740
vt -0.03338 0.59359
vt -0.09922 0.20497
vt -0.09922 0.22367
vt -0.08847 0.23442
vt -0.09922 0.20497
vt -0.08847 0.23442
vt -0.03338 0.23442
vt -0.09922 0.20497
vt -0.03338 0.23442
vt -0.02263 0.22367
vt -0.09922 0.20497
vt -0.02263 0.22367
vt -0.02263 0.20497
vt -0.02263 0.20497
vt -0.02263 0.22367
vt -0.03338 0.23442
vt -0.02263 0.20497
vt -0.03338 0.23442
vt -0.08847 0.23442
vt -0.02263 0.20497
vt -0.08847 0.23442
vt -0.09922 0.22367
vt -0.02263 0.20497
vt -0.09922 0.22367
vt -0.09922 0.20497
vt 0.61740 0.20497
vt 0.61740 0.22367
vt 0.59359 0.22367
vt 0.61740 0.20497
vt 0.59359 0.22367
vt 0.59359 0.20497
vt -0.08847 0.61740
vt -0.08847 0.59359
vt -0.09922 0.59359
vt -0.08847 0.61740
vt -0.09922 0.59359
vt -0.09922 0.61740
vt -0.03338 0.59359
vt -0.03338 0.61740
vt -0.02263 0.61740
vt -0.03338 0.59359
vt -0.02263 0.61740
vt -0.02263 0.59359
vt 0.59359 0.20497
vt 0.59359 0.22367
vt 0.61740 0.22367
vt 0.59359 0.20497
vt 0.61740 0.22367
vt 0.61740 0.20497
vt -0.08847 0.53168
vt -0.08847 0.55549
vt -0.03338 0.55549
vt -0.08847 0.53168
vt -0.03338 0.55549
vt -0.03338 0.53168
vt -0.09922 0.20497
vt -0.09922 0.22367
vt -0.08847 0.23442
vt -0.09922 0.20497
vt -0.08847 0.23442
vt -0.03338 0.23442
vt -0.09922 0.20497
vt -0.03338 0.23442
vt -0.02263 0.22367
vt -0.09922 0.20497
vt -0.02263 0.22367
vt -0.02263 0.20497
vt -0.02263 0.20497
vt -0.02263 0.22367
vt -0.03338 0.23442
vt -0.02263 0.20497
vt -0.03338 0.23442
vt -0.08847 0.23442
vt -0.02263 0.20497
vt -0.08847 0.23442
vt -0.09922 0.22367
vt -0.02263 0.20497
vt -0.09922 0.22367
vt -0.09922 0.20497
vt 0.55549 0.20497
vt 0.55549 0.22367
vt 0.53168 0.22367
vt 0.55549 0.20497
vt 0.53168 0.22367
vt 0.53168 0.20497
vt -0.08847 0.55549
vt -0.08847 0.53168
vt -0.09922 0.53168
vt -0.08847 0.55549
vt -0.09922 0.53168
vt -0.09922 0.55549
vt -0.03338 0.53168
vt -0.03338 0.55549
vt -0.02263 0.55549
vt -0.03338 0.53168
vt -0.02263 0.55549
vt -0.02263 0.53168
vt 0.53168 0.20497
vt 0.53168 0.22367
vt 0.55549 0.22367
vt 0.53168 0.20497
vt 0.55549 0.22367
vt 0.55549 0.20497
vt -0.08847 0.46977
vt -0.08847 0.49357
vt -0.03338 0.49357
vt -0.08847 0.46977
vt -0.03338 0.49357
vt -0.03338 0.46977
vt -0.09922 0.20497
vt -0.09922 0.22367
vt -0.08847 0.23442
vt -0.09922 0.20497
vt -0.08847 0.23442
vt -0.03338 0.23442
vt -0.09922 0.20497
vt -0.03338 0.23442
vt -0.02263 0.22367
vt -0.09922 0.20497
vt -0.02263 0.22367
vt -0.02263 0.20497
vt -0.02263 0.20497
vt -0.02263 0.22367
vt -0.03338 0.23442
vt -0.02263 0.20497
vt -0.03338 0.23442
vt -0.08847 0.23442
vt -0.02263 0.20497
vt -0.08847 0.23442
vt -0.09922 0.22367
vt -0.02263 0.20497
vt -0.09922 0.22367
vt -0.09922 0.20497
vt 0.49357 0.20497
vt 0.49357 0.22367
vt 0.46977 0.22367
vt 0.49357 0.20497
vt 0.46977 0.22367
vt 0.46977 0.20497
vt -0.08847 0.49357
vt -0.08847 0.46977
vt -0.09922 0.46977
vt -0.08847 0.49357
vt -0.09922 0.46977
vt -0.09922 0.49357
vt -0.03338 0.46977
vt -0.03338 0.49357
vt -0.02263 0.49357
vt -0.03338 0.46977
vt -0.02263 0.49357
vt -0.02263 0.46977
vt 0.46977 0.20497
vt 0.46977 0.22367
vt 0.49357 0.22367
vt 0.46977 0.20497
vt 0.49357 0.22367
vt 0.49357 0.20497
vt -0.08847 0.40785
vt -0.08847 0.43166
vt -0.03338 0.43166
vt -0.08847 0.40785
vt -0.03338 0.43166
vt -0.03338 0.40785
vt -0.09922 0.20497
vt -0.09922 0.22367
vt -0.08847 0.23442
vt -0.09922 0.20497
vt -0.08847 0.23442
vt -0.03338 0.23442
vt -0.09922 0.20497
vt -0.03338 0.23442
vt -0.02263 0.22367
vt -0.09922 0.20497
vt -0.02263 0.22367
vt -0.02263 0.20497
vt -0.02263 0.20497
vt -0.02263 0.22367
vt -0.03338 0.23442
vt -0.02263 0.20497
vt -0.03338 0.23442
vt -0.08847 0.23442
vt -0.02263 0.20497
vt -0.08847 0.23442
vt -0.09922 0.22367
vt -0.02263 0.20497
vt -0.09922 0.22367
vt -0.09922 0.20497
vt 0.43166 0.20497
vt 0.43166 0.22367
vt 0.40785 0.22367
vt 0.43166 0.20497
vt 0.40785 0.22367
vt 0.40785 0.20497
vt -0.08847 0.43166
vt -0.08847 0.40785
vt -0.09922 0.40785
vt -0.08847 0.43166
vt -0.09922 0.40785
vt -0.09922 0.43166
vt -0.03338 0.40785
vt -0.03338 0.43166
vt -0.02263 0.43166
vt -0.03338 0.40785
vt -0.02263 0.43166
vt -0.02263 0.40785
vt 0.40785 0.20497
vt 0.40785 0.22367
vt 0.43166 0.22367
vt 0.40785 0.20497
vt 0.43166 0.22367
vt 0.43166 0.20497
vt -0.08847 0.34593
vt -0.08847 0.36975
vt -0.03338 0.36975
vt -0.08847 0.34593
vt -0.03338 0.36975
vt -0.03338 0.34593
vt -0.09922 0.20497
vt -0.09922 0.22367
vt -0.08847 0.23442
vt -0.09922 0.20497
vt -0.08847 0.23442
vt -0.03338 0.23442
vt -0.09922 0.20497
vt -0.03338 0.23442
vt -0.02263 0.22367
vt -0.09922 0.20497
vt -0.02263 0.22367
vt -0.02263 0.20497
vt -0.02263 0.20497
vt -0.02263 0.22367
vt -0.03338 0.23442
vt -0.02263 0.20497
vt -0.03338 0.23442
vt -0.08847 0.23442
vt -0.02263 0.20497
vt -0.08847 0.23442
vt -0.09922 0.22367
vt -0.02263 0.20497
vt -0.09922 0.22367
vt -0.09922 0.20497
vt 0.36975 0.20497
vt 0.36975 0.22367
vt 0.34593 0.22367
vt 0.36975 0.20497
vt 0.34593 0.22367
vt 0.34593 0.20497
vt -0.08847 0.36975
vt -0.08847 0.34593
vt -0.09922 0.34593
vt -0.08847 0.36975
vt -0.09922 0.34593
vt -0.09922 0.36975
vt -0.03338 0.34593
vt -0.03338 0.36975
vt -0.02263 0.36975
vt -0.03338 0.34593
vt -0.02263 0.36975
vt -0.02263 0.34593
vt 0.34593 0.20497
vt 0.34593 0.22367
vt 0.36975 0.22367
vt 0.34593 0.20497
vt 0.36975 0.22367
vt 0.36975 0.20497
vt -0.08847 0.22211
vt -0.08847 0.24592
vt -0.03338 0.24592
vt -0.08847 0.22211
vt -0.03338 0.24592
vt -0.03338 0.22211
vt -0.09922 0.20497
vt -0.09922 0.22367
vt -0.08847 0.23442
vt -0.09922 0.20497
vt -0.08847 0.23442
vt -0.03338 0.23442
vt -0.09922 0.20497
vt -0.03338 0.23442
vt -0.02263 0.22367
vt -0.09922 0.20497
vt -0.02263 0.22367
vt -0.02263 0.20497
vt -0.02263 0.20497
vt -0.02263 0.22367
vt -0.03338 0.23442
vt -0.02263 0.20497
vt -0.03338 0.23442
vt -0.08847 0.23442
vt -0.02263 0.20497
vt -0.08847 0.23442
vt -0.09922 0.22367
vt -0.02263 0.20497
vt -0.09922 0.22367
vt -0.09922 0.20497
vt 0.24592 0.20497
vt 0.24592 0.22367
vt 0.22211 0.22367
vt 0.24592 0.20497
vt 0.22211 0.22367
vt 0.22211 0.20497
vt -0.08847 0.24592
vt -0.08847 0.22211
vt -0.09922 0.22211
vt -0.08847 0.24592
vt -0.09922 0.22211
vt -0.09922 0.24592
vt -0.03338 0.22211
vt -0.03338 0.24592
vt -0.02263 0.24592
vt -0.03338 0.22211
vt -0.02263 0.24592
vt -0.02263 0.22211
vt 0.22211 0.20497
vt 0.22211 0.22367
vt 0.24592 0.22367
vt 0.22211 0.20497
vt 0.24592 0.22367
vt 0.24592 0.20497
vt -0.08847 0.16019
vt -0.08847 0.18401
vt -0.03338 0.18401
vt -0.08847 0.16019
vt -0.03338 0.18401
vt -0.03338 0.16019
vt -0.09922 0.20497
vt -0.09922 0.22367
vt -0.08847 0.23442
vt -0.09922 0.20497
vt -0.08847 0.23442
vt -0.03338 0.23442
vt -0.09922 0.20497
vt -0.03338 0.23442
vt -0.02263 0.22367
vt -0.09922 0.20497
vt -0.02263 0.22367
vt -0.02263 0.20497
vt -0.02263 0.20497
vt -0.02263 0.22367
vt -0.03338 0.23442
vt -0.02263 0.20497
vt -0.03338 0.23442
vt -0.08847 0.23442
vt -0.02263 0.20497
vt -0.08847 0.23442
vt -0.09922 0.22367
vt -0.02263 0.20497
vt -0.09922 0.22367
vt -0.09922 0.20497
vt 0.18401 0.20497
vt 0.18401 0.22367
vt 0.16019 0.22367
vt 0.18401 0.20497
vt 0.16019 0.22367
vt 0.16019 0.20497
vt -0.08847 0.18401
vt -0.08847 0.16019
vt -0.09922 0.16019
vt -0.08847 0.18401
vt -0.09922 0.16019
vt -0.09922 0.18401
vt -0.03338 0.16019
vt -0.03338 0.18401
vt -0.02263 0.18401
vt -0.03338 0.16019
vt -0.02263 0.18401
vt -0.02263 0.16019
vt 0.16019 0.20497
vt 0.16019 0.22367
vt 0.18401 0.22367
vt 0.16019 0.20497
vt 0.18401 0.22367
vt 0.18401 0.20497
vt -0.08847 0.09828
vt -0.08847 0.12209
vt -0.03338 0.12209
vt -0.08847 0.09828
vt -0.03338 0.12209
vt -0.03338 0.09828
vt -0.09922 0.20497
vt -0.09922 0.22367
vt -0.08847 0.23442
vt -0.09922 0.20497
vt -0.08847 0.23442
vt -0.03338 0.23442
vt -0.09922 0.20497
vt -0.03338 0.23442
vt -0.02263 0.22367
vt -0.09922 0.20497
vt -0.02263 0.22367
vt -0.02263 0.20497
vt -0.02263 0.20497
vt -0.02263 0.22367
vt -0.03338 0.23442
vt -0.02263 0.20497
vt -0.03338 0.23442
vt -0.08847 0.23442
vt -0.02263 0.20497
vt -0.08847 0.23442
vt -0.09922 0.22367
vt -0.02263 0.20497
vt -0.09922 0.22367
vt -0.09922 0.20497
vt 0.12209 0.20497
vt 0.12209 0.22367
vt 0.09828 0.22367
vt 0.12209 0.20497
vt 0.09828 0.22367
vt 0.09828 0.20497
vt -0.08847 0.12209
vt -0.08847 0.09828
vt -0.09922 0.09828
vt -0.08847 0.12209
vt -0.09922 0.09828
vt -0.09922 0.12209
vt -0.03338 0.09828
vt -0.03338 0.12209
vt -0.02263 0.12209
vt -0.03338 0.09828
vt -0.02263 0.12209
vt -0.02263 0.09828
vt 0.09828 0.20497
vt 0.09828 0.22367
vt 0.12209 0.22367
vt 0.09828 0.20497
vt 0.12209 0.22367
vt 0.12209 0.20497
f 1/1 2/2 3/3
f 1/4 3/5 4/6
f 5/7 6/8 7/9
f 5/10 7/11 8/12
f 9/13 10/14 11/15
f 9/16 11/17 12/18
f 2/19 13/20 14/21
f 2/22 14/23 3/24
f 15/25 16/26 17/27
f 15/28 17/29 18/30
f 19/31 20/32 21/33
f 19/34 21/35 22/36
f 23/37 24/38 25/39
f 23/40 25/41 26/42
f 27/43 15/44 18/45
f 27/46 18/47 28/48
f 16/49 19/50 22/51
f 16/52 22/53 17/54
f 20/55 29/56 30/57
f 20/58 30/59 21/60
f 29/61 23/62 26/63
f 29/64 26/65 30/66
f 24/67 27/68 28/69
f 24/70 28/71 25/72
f 18/73 17/74 31/75
f 18/76 31/77 32/78
f 25/79 28/80 33/81
f 25/82 33/83 34/84
f 30/85 26/86 35/87
f 30/88 35/89 36/90
f 21/91 30/92 36/93
f 21/94 36/95 37/96
f 17/97 22/98 38/99
f 17/100 38/101 31/102
f 28/103 18/104 32/105
f 28/106 32/107 33/108
f 26/109 25/110 34/111
f 26/112 34/113 35/114
f 22/115 21/116 37/117
f 22/118 37/119 38/120
f 39/121 40/122 41/123
f 39/124 41/125 42/126
f 43/127 44/128 45/129
f 43/130 45/131 46/132
f 47/133 48/134 49/135
f 47/136 49/137 50/138
f 51/139 52/140 53/141
f 51/142 53/143 54/144
f 54/145 53/146 40/147
f 54/148 40/149 39/150
f 42/151 41/152 44/153
f 42/154 44/155 43/156
f 46/157 45/158 48/159
f 46/160 48/161 47/162
f 55/163 56/164 57/165
f 55/166 57/167 58/168
f 59/169 60/170 61/171
f 59/172 61/173 62/174
f 63/175 64/176 65/177
f 63/178 65/179 66/180
f 67/181 59/182 62/183
f 67/184 62/185 68/186
f 69/187 70/188 71/189
f 69/190 71/191 72/192
f 73/193 67/194 68/195
f 73/196 68/197 74/198
f 70/199 75/200 76/201
f 70/202 76/203 71/204
f 77/205 73/206 74/207
f 77/208 74/209 78/210
f 79/211 80/212 81/213
f 79/214 81/215 82/216
f 83/217 84/218 85/219
f 83/220 85/221 86/222
f 87/223 88/224 89/225
f 87/226 89/227 90/228
f 91/229 92/230 80/231
f 91/232 80/233 79/234
f 82/235 81/236 84/237
f 82/238 84/239 83/240
f 86/241 85/242 93/243
f 86/244 93/245 94/246
f 94/247 93/248 88/249
f 94/250 88/251 87/252
f 90/253 89/254 92/255
f 90/256 92/257 91/258
f 77/259 95/260 96/261
f 77/262 96/263 97/264
f 80/265 98/266 99/267
f 80/268 99/269 81/270
f 89/271 100/272 101/273
f 89/274 101/275 92/276
f 93/277 102/278 103/279
f 93/280 103/281 88/282
f 85/283 104/284 102/285
f 85/286 102/287 93/288
f 81/289 99/290 105/291
f 81/292 105/293 84/294
f 92/295 101/296 98/297
f 92/298 98/299 80/300
f 88/301 103/302 100/303
f 88/304 100/305 89/306
f 84/307 105/308 104/309
f 84/310 104/311 85/312
f 50/313 49/314 52/315
f 50/316 52/317 51/318
f 106/319 107/320 108/321
f 106/322 108/323 109/324
f 110/325 111/326 112/327
f 110/328 112/329 113/330
f 111/331 60/332 106/333
f 111/334 106/335 112/336
f 59/337 67/338 114/339
f 59/340 114/341 107/342
f 73/343 77/344 97/345
f 73/346 97/347 115/348
f 95/349 110/350 113/351
f 95/352 113/353 96/354
f 60/355 59/356 107/357
f 60/358 107/359 106/360
f 67/361 73/362 115/363
f 67/364 115/365 114/366
f 114/367 115/368 116/369
f 114/370 116/371 117/372
f 97/373 96/374 118/375
f 97/376 118/377 119/378
f 113/379 112/380 120/381
f 113/382 120/383 121/384
f 112/385 106/386 109/387
f 112/388 109/389 120/390
f 107/391 114/392 117/393
f 107/394 117/395 108/396
f 115/397 97/398 119/399
f 115/400 119/401 116/402
f 96/403 113/404 121/405
f 96/406 121/407 118/408
f 122/409 123/410 124/411
f 122/412 124/413 125/414
f 126/415 127/416 128/417
f 126/418 128/419 122/420
f 129/421 130/422 131/423
f 129/424 131/425 132/426
f 133/427 134/428 135/429
f 133/430 135/431 136/432
f 122/433 128/434 137/435
f 122/436 137/437 123/438
f 132/439 131/440 127/441
f 132/442 127/443 126/444
f 136/445 135/446 130/447
f 136/448 130/449 129/450
f 138/451 139/452 134/453
f 138/454 134/455 133/456
f 132/457 126/458 140/459
f 132/460 140/461 141/462
f 136/463 129/464 142/465
f 136/466 142/467 143/468
f 138/469 133/470 144/471
f 138/472 144/473 145/474
f 126/475 122/476 125/477
f 126/478 125/479 140/480
f 129/481 132/482 141/483
f 129/484 141/485 142/486
f 133/487 136/488 143/489
f 133/490 143/491 144/492
f 123/493 138/494 145/495
f 123/496 145/497 124/498
f 86/499 69/500 64/501
f 86/502 64/503 83/504
f 82/505 63/506 56/507
f 82/508 56/509 79/510
f 91/511 55/512 146/513
f 91/514 146/515 90/516
f 87/517 75/518 70/519
f 87/520 70/521 94/522
f 94/523 70/524 69/525
f 94/526 69/527 86/528
f 83/529 64/530 63/531
f 83/532 63/533 82/534
f 79/535 56/536 55/537
f 79/538 55/539 91/540
f 90/541 146/542 75/543
f 90/544 75/545 87/546
f 147/547 62/548 61/549
f 147/550 61/551 76/552
f 57/553 74/554 68/555
f 57/556 68/557 58/558
f 65/559 148/560 78/561
f 65/562 78/563 66/564
f 71/565 149/566 150/567
f 71/568 150/569 72/570
f 76/571 61/572 149/573
f 76/574 149/575 71/576
f 58/577 68/578 62/579
f 58/580 62/581 147/582
f 66/583 78/584 74/585
f 66/586 74/587 57/588
f 72/589 150/590 148/591
f 72/592 148/593 65/594
f 60/595 111/596 149/597
f 60/598 149/599 61/600
f 75/601 146/602 147/603
f 75/604 147/605 76/606
f 111/607 110/608 150/609
f 111/610 150/611 149/612
f 64/613 69/614 72/615
f 64/616 72/617 65/618
f 110/619 95/620 148/621
f 110/622 148/623 150/624
f 56/625 63/626 66/627
f 56/628 66/629 57/630
f 95/631 77/632 78/633
f 95/634 78/635 148/636
f 146/637 55/638 58/639
f 146/640 58/641 147/642
f 20/643 19/644 6/645
f 20/646 6/647 5/648
f 16/649 15/650 2/651
f 16/652 2/653 1/654
f 27/655 24/656 9/657
f 27/658 9/659 13/660
f 23/661 29/662 151/663
f 23/664 151/665 10/666
f 29/667 20/668 5/669
f 29/670 5/671 151/672
f 19/673 16/674 1/675
f 19/676 1/677 6/678
f 15/679 27/680 13/681
f 15/682 13/683 2/684
f 24/685 23/686 10/687
f 24/688 10/689 9/690
f 12/691 11/692 128/693
f 12/694 128/695 127/696
f 3/697 14/698 131/699
f 3/700 131/701 130/702
f 7/703 4/704 135/705
f 7/706 135/707 134/708
f 152/709 8/710 139/711
f 152/712 139/713 137/714
f 11/715 152/716 137/717
f 11/718 137/719 128/720
f 14/721 12/722 127/723
f 14/724 127/725 131/726
f 4/727 3/728 130/729
f 4/730 130/731 135/732
f 8/733 7/734 134/735
f 8/736 134/737 139/738
f 13/739 9/740 12/741
f 13/742 12/743 14/744
f 10/745 151/746 152/747
f 10/748 152/749 11/750
f 151/751 5/752 8/753
f 151/754 8/755 152/756
f 6/757 1/758 4/759
f 6/760 4/761 7/762
f 123/763 137/764 139/765
f 123/766 139/767 138/768
f 120/769 109/770 108/771
f 120/772 108/773 117/774
f 120/775 117/776 116/777
f 120/778 116/779 119/780
f 120/781 119/782 118/783
f 120/784 118/785 121/786
f 124/787 145/788 144/789
f 124/790 144/791 143/792
f 124/793 143/794 142/795
f 124/796 142/797 141/798
f 124/799 141/800 140/801
f 124/802 140/803 125/804
f 44/805 41/806 153/807
f 44/808 153/809 154/810
f 36/811 35/812 155/813
f 36/814 155/815 156/816
f 48/817 45/818 157/819
f 48/820 157/821 158/822
f 34/823 33/824 159/825
f 34/826 159/827 160/828
f 52/829 49/830 161/831
f 52/832 161/833 162/834
f 32/835 31/836 163/837
f 32/838 163/839 164/840
f 41/841 40/842 165/843
f 41/844 165/845 153/846
f 38/847 37/848 166/849
f 38/850 166/851 167/852
f 164/853 163/854 158/855
f 164/856 158/857 157/858
f 160/859 159/860 154/861
f 160/862 154/863 153/864
f 156/865 155/866 165/867
f 156/868 165/869 168/870
f 166/871 156/872 168/873
f 166/874 168/875 162/876
f 161/877 158/878 169/879
f 161/880 169/881 170/882
f 159/883 164/884 157/885
f 159/886 157/887 154/888
f 155/889 160/890 153/891
f 155/892 153/893 165/894
f 167/895 166/896 171/897
f 167/898 171/899 172/900
f 37/901 36/902 156/903
f 37/904 156/905 166/906
f 40/907 53/908 168/909
f 40/910 168/911 165/912
f 31/913 38/914 167/915
f 31/916 167/917 163/918
f 53/919 52/920 162/921
f 53/922 162/923 168/924
f 33/925 32/926 164/927
f 33/928 164/929 159/930
f 49/931 48/932 158/933
f 49/934 158/935 161/936
f 35/937 34/938 160/939
f 35/940 160/941 155/942
f 45/943 44/944 154/945
f 45/946 154/947 157/948
f 172/949 171/950 173/951
f 172/952 173/953 174/954
f 170/955 169/956 175/957
f 170/958 175/959 176/960
f 158/961 163/962 177/963
f 158/964 177/965 169/966
f 162/967 161/968 170/969
f 162/970 170/971 178/972
f 166/973 162/974 178/975
f 166/976 178/977 171/978
f 163/979 167/980 172/981
f 163/982 172/983 177/984
f 179/985 174/986 176/987
f 179/988 176/989 175/990
f 174/991 173/992 180/993
f 174/994 180/995 176/996
f 169/997 177/998 179/999
f 169/1000 179/1001 175/1002
f 178/1003 170/1004 176/1005
f 178/1006 176/1007 180/1008
f 171/1009 178/1010 180/1011
f 171/1012 180/1013 173/1014
f 177/1015 172/1016 174/1017
f 177/1018 174/1019 179/1020
f 43/1021 181/1022 182/1023
f 43/1024 182/1025 42/1026
f 102/1027 183/1028 184/1029
f 102/1030 184/1031 103/1032
f 47/1033 185/1034 186/1035
f 47/1036 186/1037 46/1038
f 100/1039 187/1040 188/1041
f 100/1042 188/1043 101/1044
f 51/1045 189/1046 190/1047
f 51/1048 190/1049 50/1050
f 98/1051 191/1052 192/1053
f 98/1054 192/1055 99/1056
f 42/1057 182/1058 193/1059
f 42/1060 193/1061 39/1062
f 105/1063 194/1064 195/1065
f 105/1066 195/1067 104/1068
f 191/1069 186/1070 185/1071
f 191/1072 185/1073 192/1074
f 187/1075 182/1076 181/1077
f 187/1078 181/1079 188/1080
f 183/1081 196/1082 193/1083
f 183/1084 193/1085 184/1086
f 195/1087 189/1088 196/1089
f 195/1090 196/1091 183/1092
f 190/1093 197/1094 198/1095
f 190/1096 198/1097 185/1098
f 188/1099 181/1100 186/1101
f 188/1102 186/1103 191/1104
f 184/1105 193/1106 182/1107
f 184/1108 182/1109 187/1110
f 194/1111 199/1112 200/1113
f 194/1114 200/1115 195/1116
f 104/1117 195/1118 183/1119
f 104/1120 183/1121 102/1122
f 39/1123 193/1124 196/1125
f 39/1126 196/1127 54/1128
f 99/1129 192/1130 194/1131
f 99/1132 194/1133 105/1134
f 54/1135 196/1136 189/1137
f 54/1138 189/1139 51/1140
f 101/1141 188/1142 191/1143
f 101/1144 191/1145 98/1146
f 50/1147 190/1148 185/1149
f 50/1150 185/1151 47/1152
f 103/1153 184/1154 187/1155
f 103/1156 187/1157 100/1158
f 46/1159 186/1160 181/1161
f 46/1162 181/1163 43/1164
f 199/1165 201/1166 202/1167
f 199/1168 202/1169 200/1170
f 197/1171 203/1172 204/1173
f 197/1174 204/1175 198/1176
f 185/1177 198/1178 205/1179
f 185/1180 205/1181 192/1182
f 189/1183 206/1184 197/1185
f 189/1186 197/1187 190/1188
f 195/1189 200/1190 206/1191
f 195/1192 206/1193 189/1194
f 192/1195 205/1196 199/1197
f 192/1198 199/1199 194/1200
f 207/1201 204/1202 203/1203
f 207/1204 203/1205 201/1206
f 201/1207 203/1208 208/1209
f 201/1210 208/1211 202/1212
f 198/1213 204/1214 207/1215
f 198/1216 207/1217 205/1218
f 206/1219 208/1220 203/1221
f 206/1222 203/1223 197/1224
f 200/1225 202/1226 208/1227
f 200/1228 208/1229 206/1230
f 205/1231 207/1232 201/1233
f 205/1234 201/1235 199/1236
f 209/1237 210/1238 211/1239
f 209/1240 211/1241 212/1242
f 213/1243 214/1244 209/1245
f 213/1246 209/1247 212/1248
f 213/1249 212/1250 215/1251
f 213/1252 215/1253 216/1254
f 217/1255 218/1256 211/1257
f 217/1258 211/1259 210/1260
f 217/1261 210/1262 219/1263
f 217/1264 219/1265 220/1266
f 220/1267 219/1268 214/1269
f 220/1270 214/1271 213/1272
f 210/1273 209/1274 214/1275
f 210/1276 214/1277 219/1278
f 212/1279 211/1280 218/1281
f 212/1282 218/1283 215/1284
f 216/1285 215/1286 218/1287
f 216/1288 218/1289 217/1290
f 221/1291 222/1292 223/1293
f 221/1294 223/1295 224/1296
f 225/1297 226/1298 221/1299
f 225/1300 221/1301 224/1302
f 225/1303 224/1304 227/1305
f 225/1306 227/1307 228/1308
f 229/1309 230/1310 223/1311
f 229/1312 223/1313 222/1314
f 229/1315 222/1316 231/1317
f 229/1318 231/1319 232/1320
f 232/1321 231/1322 226/1323
f 232/1324 226/1325 225/1326
f 222/1327 221/1328 226/1329
f 222/1330 226/1331 231/1332
f 224/1333 223/1334 230/1335
f 224/1336 230/1337 227/1338
f 228/1339 227/1340 230/1341
f 228/1342 230/1343 229/1344
f 233/1345 234/1346 235/1347
f 233/1348 235/1349 236/1350
f 237/1351 238/1352 233/1353
f 237/1354 233/1355 236/1356
f 237/1357 236/1358 239/1359
f 237/1360 239/1361 240/1362
f 241/1363 242/1364 235/1365
f 241/1366 235/1367 234/1368
f 241/1369 234/1370 243/1371
f 241/1372 243/1373 244/1374
f 244/1375 243/1376 238/1377
f 244/1378 238/1379 237/1380
f 234/1381 233/1382 238/1383
f 234/1384 238/1385 243/1386
f 236/1387 235/1388 242/1389
f 236/1390 242/1391 239/1392
f 240/1393 239/1394 242/1395
f 240/1396 242/1397 241/1398
f 245/1399 246/1400 247/1401
f 245/1402 247/1403 248/1404
f 249/1405 250/1406 245/1407
f 249/1408 245/1409 248/1410
f 249/1411 248/1412 251/1413
f 249/1414 251/1415 252/1416
f 253/1417 254/1418 247/1419
f 253/1420 247/1421 246/1422
f 253/1423 246/1424 255/1425
f 253/1426 255/1427 256/1428
f 256/1429 255/1430 250/1431
f 256/1432 250/1433 249/1434
f 246/1435 245/1436 250/1437
f 246/1438 250/1439 255/1440
f 248/1441 247/1442 254/1443
f 248/1444 254/1445 251/1446
f 252/1447 251/1448 254/1449
f 252/1450 254/1451 253/1452
f 257/1453 258/1454 259/1455
f 257/1456 259/1457 260/1458
f 261/1459 262/1460 257/1461
f 261/1462 257/1463 260/1464
f 261/1465 260/1466 263/1467
f 261/1468 263/1469 264/1470
f 265/1471 266/1472 259/1473
f 265/1474 259/1475 258/1476
f 265/1477 258/1478 267/1479
f 265/1480 267/1481 268/1482
f 268/1483 267/1484 262/1485
f 268/1486 262/1487 261/1488
f 258/1489 257/1490 262/1491
f 258/1492 262/1493 267/1494
f 260/1495 259/1496 266/1497
f 260/1498 266/1499 263/1500
f 264/1501 263/1502 266/1503
f 264/1504 266/1505 265/1506
f 269/1507 270/1508 271/1509
f 269/1510 271/1511 272/1512
f 273/1513 274/1514 269/1515
f 273/1516 269/1517 272/1518
f 273/1519 272/1520 275/1521
f 273/1522 275/1523 276/1524
f 277/1525 278/1526 271/1527
f 277/1528 271/1529 270/1530
f 277/1531 270/1532 279/1533
f 277/1534 279/1535 280/1536
f 280/1537 279/1538 274/1539
f 280/1540 274/1541 273/1542
f 270/1543 269/1544 274/1545
f 270/1546 274/1547 279/1548
f 272/1549 271/1550 278/1551
f 272/1552 278/1553 275/1554
f 276/1555 275/1556 278/1557
f 276/1558 278/1559 277/1560
f 281/1561 282/1562 283/1563
f 281/1564 283/1565 284/1566
f 285/1567 286/1568 281/1569
f 285/1570 281/1571 284/1572
f 285/1573 284/1574 287/1575
f 285/1576 287/1577 288/1578
f 289/1579 290/1580 283/1581
f 289/1582 283/1583 282/1584
f 289/1585 282/1586 291/1587
f 289/1588 291/1589 292/1590
f 292/1591 291/1592 286/1593
f 292/1594 286/1595 285/1596
f 282/1597 281/1598 286/1599
f 282/1600 286/1601 291/1602
f 284/1603 283/1604 290/1605
f 284/1606 290/1607 287/1608
f 288/1609 287/1610 290/1611
f 288/1612 290/1613 289/1614
f 293/1615 294/1616 295/1617
f 293/1618 295/1619 296/1620
f 297/1621 298/1622 293/1623
f 297/1624 293/1625 296/1626
f 297/1627 296/1628 299/1629
f 297/1630 299/1631 300/1632
f 301/1633 302/1634 295/1635
f 301/1636 295/1637 294/1638
f 301/1639 294/1640 303/1641
f 301/1642 303/1643 304/1644
f 304/1645 303/1646 298/1647
f 304/1648 298/1649 297/1650
f 294/1651 293/1652 298/1653
f 294/1654 298/1655 303/1656
f 296/1657 295/1658 302/1659
f 296/1660 302/1661 299/1662
f 300/1663 299/1664 302/1665
f 300/1666 302/1667 301/1668
f 305/1669 306/1670 307/1671
f 305/1672 307/1673 308/1674
f 309/1675 310/1676 305/1677
f 309/1678 305/1679 308/1680
f 309/1681 308/1682 311/1683
f 309/1684 311/1685 312/1686
f 313/1687 314/1688 307/1689
f 313/1690 307/1691 306/1692
f 313/1693 306/1694 315/1695
f 313/1696 315/1697 316/1698
f 316/1699 315/1700 310/1701
f 316/1702 310/1703 309/1704
f 306/1705 305/1706 310/1707
f 306/1708 310/1709 315/1710
f 308/1711 307/1712 314/1713
f 308/1714 314/1715 311/1716
f 312/1717 311/1718 314/1719
f 312/1720 314/1721 313/1722
f 317/1723 318/1724 319/1725
f 317/1726 319/1727 320/1728
f 321/1729 322/1730 317/1731
f 321/1732 317/1733 320/1734
f 321/1735 320/1736 323/1737
f 321/1738 323/1739 324/1740
f 325/1741 326/1742 319/1743
f 325/1744 319/1745 318/1746
f 325/1747 318/1748 327/1749
f 325/1750 327/1751 328/1752
f 328/1753 327/1754 322/1755
f 328/1756 322/1757 321/1758
f 318/1759 317/1760 322/1761
f 318/1762 322/1763 327/1764
f 320/1765 319/1766 326/1767
f 320/1768 326/1769 323/1770
f 324/1771 323/1772 326/1773
f 324/1774 326/1775 325/1776
f 329/1777 330/1778 331/1779
f 329/1780 331/1781 332/1782
f 333/1783 334/1784 329/1785
f 333/1786 329/1787 332/1788
f 333/1789 332/1790 335/1791
f 333/1792 335/1793 336/1794
f 337/1795 338/1796 331/1797
f 337/1798 331/1799 330/1800
f 337/1801 330/1802 339/1803
f 337/1804 339/1805 340/1806
f 340/1807 339/1808 334/1809
f 340/1810 334/1811 333/1812
f 330/1813 329/1814 334/1815
f 330/1816 334/1817 339/1818
f 332/1819 331/1820 338/1821
f 332/1822 338/1823 335/1824
f 336/1825 335/1826 338/1827
f 336/1828 338/1829 337/1830
f 341/1831 342/1832 343/1833
f 341/1834 343/1835 344/1836
f 345/1837 346/1838 341/1839
f 345/1840 341/1841 344/1842
f 345/1843 344/1844 347/1845
f 345/1846 347/1847 348/1848
f 349/1849 350/1850 343/1851
f 349/1852 343/1853 342/1854
f 349/1855 342/1856 351/1857
f 349/1858 351/1859 352/1860
f 352/1861 351/1862 346/1863
f 352/1864 346/1865 345/1866
f 342/1867 341/1868 346/1869
f 342/1870 346/1871 351/1872
f 344/1873 343/1874 350/1875
f 344/1876 350/1877 347/1878
f 348/1879 347/1880 350/1881
f 348/1882 350/1883 349/1884
f 353/1885 354/1886 355/1887
f 353/1888 355/1889 356/1890
f 357/1891 358/1892 353/1893
f 357/1894 353/1895 356/1896
f 357/1897 356/1898 359/1899
f 357/1900 359/1901 360/1902
f 361/1903 362/1904 355/1905
f 361/1906 355/1907 354/1908
f 361/1909 354/1910 363/1911
f 361/1912 363/1913 364/1914
f 364/1915 363/1916 358/1917
f 364/1918 358/1919 357/1920
f 354/1921 353/1922 358/1923
f 354/1924 358/1925 363/1926
f 356/1927 355/1928 362/1929
f 356/1930 362/1931 359/1932
f 360/1933 359/1934 362/1935
f 360/1936 362/1937 361/1938
o Panel
g Panel
usemtl Blush
v -0.11546 -0.19972 1.03122
v -0.10468 -0.22605 1.03471
v -0.13390 -0.51343 1.48677
v -0.13551 -0.49087 1.49362
v -0.15436 -0.45038 1.97564
v -0.13799 -0.50723 1.73530
v -0.14393 -0.48514 1.70905
v -0.14494 -0.47387 2.00048
v -0.15219 -0.39670 1.92016
v -0.14334 -0.38104 1.69398
v -0.14884 -0.38281 2.13386
v -0.19288 -0.49981 2.99364
v -0.18024 -0.52730 2.99141
v -0.18024 -0.51659 3.24875
v -0.18675 -0.46945 2.80392
v -0.19367 -0.48650 2.98084
v -0.19288 -0.48932 3.24575
v -0.16835 -0.49694 2.80259
v -0.17350 -0.51394 2.97921
v -0.14972 -0.53868 2.99048
v -0.14972 -0.52789 3.25000
v -0.13782 -0.50833 2.80191
v -0.14297 -0.52531 2.97836
v -0.13803 -0.34945 1.55816
v -0.13538 -0.35794 1.49038
v -0.15950 -0.36059 2.10707
v -0.15500 -0.30312 1.99202
v -0.14082 -0.29912 1.62937
v -0.13947 -0.20285 1.59496
v -0.13613 -0.18789 1.50955
v -0.16650 -0.32421 2.28606
v -0.16824 -0.32421 2.33074
v -0.18339 -0.32421 2.71798
v -0.19288 -0.33352 3.22277
v -0.18708 -0.29561 2.81232
v -0.18339 -0.28682 2.71798
v -0.19406 -0.31368 2.99077
v -0.19288 -0.31471 3.00434
v -0.16587 -0.34766 2.71836
v -0.16553 -0.24128 2.26131
v -0.15513 -0.34766 2.34955
v -0.15389 -0.34766 2.30699
v -0.13532 -0.35737 2.71836
v -0.16347 -0.23602 2.20861
v -0.12279 -0.51786 1.46857
v -0.12666 -0.49089 1.46808
v -0.10795 -0.51408 1.74610
v -0.11474 -0.48359 2.01082
v -0.11866 -0.39202 2.14499
v -0.12798 -0.36036 1.46263
v -0.10468 -0.31576 1.15022
v -0.10468 -0.30900 1.31694
v -0.10468 -0.29036 1.08576
v -0.10468 -0.28965 1.15022
v -0.10468 -0.28385 1.31694
v -0.10468 -0.29501 1.37763
v -0.10468 -0.27258 1.36990
v -0.10493 -0.33459 1.73086
v -0.10931 -0.35290 1.87980
v -0.11113 -0.27593 1.94211
v -0.12919 -0.22985 1.43128
v -0.12744 -0.21072 1.41351
v -0.13372 -0.19175 1.44786
v -0.10468 -0.26785 1.09899
v -0.10468 -0.22977 1.06055
v -0.08948 -0.28397 1.31694
v -0.10198 -0.27280 1.36947
v -0.08780 -0.28964 1.15022
v -0.10268 -0.27969 1.66220
v -0.08879 -0.26775 1.09921
v -0.09141 -0.22944 1.05982
v -0.09296 -0.22017 1.40209
v -0.08129 -0.19983 1.05591
v -0.10157 -0.21586 1.63363
v -0.12364 -0.35737 2.31565
v -0.12484 -0.35737 2.35731
v -0.12962 -0.02399 -1.12333
v -0.12962 -0.01482 -1.13018
v -0.11546 -0.06978 -1.11674
v -0.11546 -0.04114 -1.13816
v -0.12962 -0.02544 -0.59737
v -0.11546 -0.07117 -0.59637
v -0.12962 -0.13749 0.48527
v -0.11546 -0.18323 0.48627
v -0.12962 -0.15399 1.03022
v -0.12962 -0.03584 -0.04634
v -0.11546 -0.08157 -0.04535
v -0.11546 0.08025 -1.14756
v -0.12962 0.08699 -1.13700
v -0.12962 0.14703 -1.13700
v -0.11546 0.14703 -1.14756
v -0.12962 0.14703 -0.59437
v -0.12962 0.14703 -0.04371
v -0.12962 0.14703 0.48775
v -0.12962 0.14703 1.03270
v -0.13439 -0.17123 1.42625
v -0.15553 -0.17439 2.00561
v -0.13426 -0.07846 1.33124
v -0.15153 -0.05050 1.90341
v -0.14003 -0.06865 1.60936
v -0.14227 -0.02351 1.66650
v -0.13538 0.05619 1.25877
v -0.13426 0.07789 1.23707
v -0.13902 0.07140 1.58346
v -0.13546 0.07140 1.49232
v -0.14631 0.00432 1.76982
v -0.14268 0.07140 1.67710
v -0.14826 0.07140 1.81978
v -0.13545 0.09959 1.25879
v -0.13477 0.11875 1.25888
v -0.13516 0.08670 1.46094
v -0.16456 0.13372 2.23651
v -0.18339 0.13372 2.71798
v -0.18685 0.13372 2.80650
v -0.19445 0.13372 3.00085
v -0.19288 0.13372 3.01487
v -0.19288 0.13372 3.23682
v -0.16239 0.07140 2.18095
v -0.15361 0.17140 3.01590
v -0.15361 0.17140 3.23813
v -0.14196 0.17140 2.80644
v -0.13915 0.17140 2.71836
v -0.14772 0.17140 3.00254
v -0.12978 -0.13515 1.05417
v -0.11953 -0.12420 1.33320
v -0.11557 -0.18088 1.05540
v -0.11592 -0.12126 1.13190
v -0.11146 -0.17916 1.94057
v -0.10396 -0.09504 1.69785
v -0.11036 -0.09973 1.87783
v -0.13029 -0.07553 1.12994
v -0.10649 -0.07272 1.78417
v -0.08164 -0.14021 1.13271
v -0.08510 -0.14314 1.33401
v -0.10188 -0.13815 1.63900
v -0.13066 0.05619 1.18203
v -0.13214 0.07789 1.20373
v -0.13068 0.09959 1.18205
v -0.13041 0.14703 1.18211
v -0.10352 0.10908 1.49795
v -0.10611 0.10908 1.58608
v -0.11260 0.10908 1.80708
v -0.10833 0.10908 1.66159
v -0.09216 0.07789 1.23709
v -0.09150 0.07789 1.20375
v -0.09106 0.09959 1.18206
v -0.09252 0.09959 1.25882
v -0.09097 0.14703 1.18213
v -0.09231 0.14703 1.25890
v -0.12022 0.17140 2.23652
v -0.11804 0.10908 2.18092
v -0.07311 -0.20217 0.48668
v -0.07311 -0.22591 1.03528
v -0.07311 -0.21867 1.03164
v -0.04154 -0.22605 1.03471
v -0.03076 -0.19972 1.03122
v -0.07311 -0.51835 1.46458
v -0.07311 -0.49017 1.46289
v -0.07311 -0.51089 1.74971
v -0.07311 -0.48359 2.01310
v -0.07311 -0.36136 1.45517
v -0.07311 -0.39202 2.14640
v -0.02342 -0.51786 1.46857
v -0.01956 -0.49089 1.46808
v -0.03827 -0.51408 1.74610
v -0.03147 -0.48359 2.01082
v -0.02756 -0.39202 2.14499
v -0.07311 -0.52531 2.97444
v -0.07311 -0.50833 2.79911
v -0.07311 -0.53868 2.98628
v -0.07311 -0.52789 3.24406
v -0.07311 -0.31659 1.15022
v -0.07311 -0.30891 1.31730
v -0.07311 -0.29002 1.08593
v -0.07311 -0.28964 1.15022
v -0.07311 -0.28397 1.31694
v -0.05841 -0.28964 1.15022
v -0.07311 -0.29519 1.37732
v -0.07311 -0.27280 1.36947
v -0.05673 -0.28397 1.31694
v -0.04424 -0.27280 1.36947
v -0.07311 -0.33514 1.73488
v -0.07311 -0.35306 1.88408
v -0.07311 -0.28012 1.66590
v -0.07311 -0.27610 1.94651
v -0.04354 -0.27969 1.66220
v -0.07311 -0.26775 1.09921
v -0.07311 -0.22944 1.05982
v -0.07311 -0.24564 1.42479
v -0.07311 -0.19983 1.05591
v -0.06493 -0.19983 1.05591
v -0.07311 -0.22017 1.40209
v -0.05742 -0.26775 1.09921
v -0.05481 -0.22944 1.05982
v -0.05326 -0.22017 1.40209
v -0.07311 -0.21607 1.63735
v -0.04464 -0.21586 1.63363
v -0.04154 -0.31576 1.15022
v -0.04154 -0.30900 1.31694
v -0.04154 -0.29036 1.08576
v -0.04154 -0.28965 1.15022
v -0.04154 -0.28385 1.31694
v -0.04154 -0.29501 1.37763
v -0.04154 -0.27258 1.36990
v -0.01823 -0.36036 1.46263
v -0.04129 -0.33459 1.73086
v -0.03691 -0.35290 1.87980
v -0.03509 -0.27593 1.94211
v -0.04154 -0.26785 1.09899
v -0.04154 -0.22977 1.06055
v -0.01703 -0.22985 1.43128
v -0.01878 -0.21072 1.41351
v -0.01250 -0.19175 1.44786
v -0.07311 -0.35737 2.31597
v -0.07311 -0.35737 2.35759
v -0.07311 -0.35737 2.71836
v -0.07311 -0.33352 3.22277
v -0.02258 -0.35737 2.31565
v -0.02137 -0.35737 2.35731
v -0.01232 -0.51343 1.48677
v -0.01071 -0.49087 1.49362
v -0.00822 -0.50723 1.73530
v -0.00228 -0.48514 1.70905
v -0.00127 -0.47387 2.00048
v 0.00814 -0.45038 1.97564
v -0.00287 -0.38104 1.69398
v 0.00262 -0.38281 2.13386
v 0.00597 -0.39670 1.92016
v -0.00839 -0.50833 2.80191
v -0.00325 -0.52531 2.97836
v 0.00350 -0.53868 2.99048
v 0.00350 -0.52789 3.25000
v 0.02213 -0.49694 2.80259
v 0.02728 -0.51394 2.97921
v 0.03402 -0.52730 2.99141
v 0.03402 -0.51659 3.24875
v 0.04667 -0.49981 2.99364
v 0.04053 -0.46945 2.80392
v 0.04745 -0.48650 2.98084
v 0.04667 -0.48932 3.24575
v -0.01084 -0.35794 1.49038
v -0.00819 -0.34945 1.55816
v -0.00540 -0.29912 1.62937
v 0.01328 -0.36059 2.10707
v 0.00878 -0.30312 1.99202
v -0.01009 -0.18789 1.50955
v -0.00675 -0.20285 1.59496
v 0.00767 -0.34766 2.30699
v 0.00891 -0.34766 2.34955
v -0.01090 -0.35737 2.71836
v 0.01725 -0.23602 2.20861
v 0.02028 -0.32421 2.28606
v 0.02203 -0.32421 2.33074
v 0.01965 -0.34766 2.71836
v 0.03717 -0.32421 2.71798
v 0.04667 -0.33352 3.22277
v 0.03717 -0.28682 2.71798
v 0.04086 -0.29561 2.81232
v 0.04667 -0.31471 3.00434
v 0.04784 -0.31368 2.99077
v 0.01931 -0.24128 2.26131
v -0.07311 -0.08875 -1.11402
v -0.07311 -0.05204 -1.14146
v -0.07311 -0.09012 -0.59596
v -0.03076 -0.06978 -1.11674
v -0.03076 -0.04114 -1.13816
v -0.01659 -0.02399 -1.12333
v -0.01659 -0.01482 -1.13018
v -0.03076 -0.07117 -0.59637
v -0.01659 -0.02544 -0.59737
v -0.07311 -0.10052 -0.04493
v -0.03076 -0.18323 0.48627
v -0.01659 -0.13749 0.48527
v -0.01659 -0.15399 1.03022
v -0.03076 -0.08157 -0.04535
v -0.01659 -0.03584 -0.04634
v -0.07311 0.07746 -1.15193
v -0.07311 0.14703 -1.15193
v -0.07311 0.14703 -0.59437
v -0.03076 0.08025 -1.14756
v -0.03076 0.14703 -1.14756
v -0.01659 0.08699 -1.13700
v -0.01659 0.14703 -1.13700
v -0.01659 0.14703 -0.59437
v -0.07311 0.14703 -0.04371
v -0.07311 0.14703 0.48775
v -0.07311 0.14703 1.03270
v -0.01659 0.14703 -0.04371
v -0.01659 0.14703 0.48775
v -0.01659 0.14703 1.03270
v -0.07311 -0.14021 1.13271
v -0.06458 -0.14021 1.13271
v -0.07311 -0.14314 1.33401
v -0.06112 -0.14314 1.33401
v -0.07311 -0.17930 1.94498
v -0.07311 -0.13822 1.64278
v -0.07311 -0.09525 1.70164
v -0.07311 -0.09989 1.88217
v -0.04434 -0.13815 1.63900
v -0.07311 -0.07289 1.78830
v -0.03065 -0.18088 1.05540
v -0.03029 -0.12126 1.13190
v -0.01643 -0.13515 1.05417
v -0.02668 -0.12420 1.33320
v -0.03476 -0.17916 1.94057
v -0.04225 -0.09504 1.69785
v -0.03586 -0.09973 1.87783
v -0.01593 -0.07553 1.12994
v -0.03972 -0.07272 1.78417
v -0.05471 0.07789 1.20375
v -0.05406 0.07789 1.23709
v -0.07311 0.10908 1.49782
v -0.07311 0.10908 1.58870
v -0.07311 0.14703 1.18212
v -0.07311 0.14703 1.25890
v -0.05516 0.09959 1.18206
v -0.05369 0.09959 1.25882
v -0.05524 0.14703 1.18213
v -0.05390 0.14703 1.25890
v -0.07311 0.10908 1.66148
v -0.07311 0.10908 1.80699
v -0.01555 0.05619 1.18203
v -0.01408 0.07789 1.20373
v -0.04269 0.10908 1.49795
v -0.04010 0.10908 1.58608
v -0.01553 0.09959 1.18205
v -0.01581 0.14703 1.18211
v -0.03789 0.10908 1.66159
v -0.03361 0.10908 1.80708
v -0.07311 0.10908 2.18092
v -0.07311 0.17140 2.23652
v -0.07311 0.17140 2.71836
v -0.07311 0.17140 2.80660
v -0.07311 0.17140 3.00276
v -0.07311 0.17140 3.01590
v -0.07311 0.17140 3.23813
v -0.02818 0.10908 2.18092
v -0.02599 0.17140 2.23652
v -0.01183 -0.17123 1.42625
v 0.00931 -0.17439 2.00561
v -0.01195 -0.07846 1.33124
v -0.00618 -0.06865 1.60936
v -0.00395 -0.02351 1.66650
v 0.00532 -0.05050 1.90341
v -0.01084 0.05619 1.25877
v -0.01195 0.07789 1.23707
v -0.01076 0.07140 1.49232
v -0.00720 0.07140 1.58346
v 0.00009 0.00432 1.76982
v -0.00353 0.07140 1.67710
v 0.00205 0.07140 1.81978
v -0.01077 0.09959 1.25879
v -0.01145 0.11875 1.25888
v -0.01106 0.08670 1.46094
v 0.01617 0.07140 2.18095
v -0.00707 0.17140 2.71836
v -0.00426 0.17140 2.80644
v 0.00150 0.17140 3.00254
v 0.00739 0.17140 3.01590
v 0.00739 0.17140 3.23813
v 0.01834 0.13372 2.23651
v 0.03717 0.13372 2.71798
v 0.04063 0.13372 2.80650
v 0.04823 0.13372 3.00085
v 0.04667 0.13372 3.01487
v 0.04667 0.13372 3.23682
vt 0.85935 -0.16643
vt 0.86226 -0.18838
vt 0.88379 -0.19148
vt -0.09622 0.85935
vt -0.09622 0.40523
vt -0.06092 0.40557
vt -0.09622 -0.16643
vt -0.06092 -0.18222
vt -0.08723 -0.18838
vt -0.09622 0.85935
vt -0.06092 0.40557
vt -0.06092 0.85970
vt -0.08723 -0.18838
vt -0.06092 -0.18222
vt -0.06092 -0.18826
vt 1.23898 -0.42786
vt 1.44608 -0.42269
vt 1.24468 -0.40906
vt 1.24468 -0.40906
vt 1.44608 -0.42269
vt 1.42421 -0.40428
vt 1.44608 -0.42269
vt 1.66707 -0.39489
vt 1.42421 -0.40428
vt 1.64637 -0.37532
vt 1.42421 -0.40428
vt 1.66707 -0.39489
vt 1.24468 -0.40906
vt 1.42421 -0.40428
vt 1.29847 -0.29121
vt 1.24468 -0.40906
vt 1.29847 -0.29121
vt 1.24198 -0.29828
vt 1.64637 -0.37532
vt 1.60013 -0.33058
vt 1.42421 -0.40428
vt 1.64637 -0.37532
vt 1.66707 -0.39489
vt 1.77822 -0.31901
vt 1.64637 -0.37532
vt 1.66002 -0.25260
vt 1.60013 -0.33058
vt 1.64637 -0.37532
vt 1.77822 -0.31901
vt 1.75589 -0.30049
vt 1.64637 -0.37532
vt 1.75589 -0.30049
vt 1.66002 -0.25260
vt 1.42421 -0.40428
vt 1.60013 -0.33058
vt 1.41165 -0.31753
vt -0.12078 1.66707
vt -0.09888 1.78749
vt -0.12403 1.77822
vt 1.42421 -0.40428
vt 1.41165 -0.31753
vt 1.29847 -0.29121
vt 2.49470 -0.41651
vt 2.48403 -0.40542
vt 2.49284 -0.43942
vt 2.49470 -0.41651
vt 2.70729 -0.43049
vt 2.70479 -0.40777
vt 2.49470 -0.41651
vt 2.49284 -0.43942
vt 2.70729 -0.43049
vt -0.15020 -0.43942
vt -0.16139 -0.40542
vt -0.14458 -0.42828
vt 2.33660 -0.39121
vt 2.48267 -0.42828
vt 2.48403 -0.40542
vt -0.15020 -0.43942
vt -0.14458 -0.42828
vt -0.12477 -0.44890
vt -0.15020 2.49284
vt -0.12477 2.70833
vt -0.15020 2.70729
vt 2.33660 -0.39121
vt 2.33549 -0.41412
vt 2.48267 -0.42828
vt 2.33660 -0.39121
vt 2.48403 -0.40542
vt 2.49231 -0.26140
vt -0.15562 -0.39121
vt -0.15283 -0.27017
vt -0.14029 -0.41412
vt 2.49470 -0.41651
vt 2.50362 -0.26226
vt 2.48403 -0.40542
vt 2.49470 -0.41651
vt 2.70479 -0.40777
vt 2.68564 -0.27793
vt 2.33660 -0.39121
vt 2.34360 -0.24634
vt 2.26498 -0.27017
vt 2.49470 -0.41651
vt 2.68564 -0.27793
vt 2.50362 -0.26226
vt 2.48403 -0.40542
vt 2.50362 -0.26226
vt 2.49231 -0.26140
vt -0.14029 -0.41412
vt -0.15283 -0.27017
vt -0.13822 -0.28972
vt -0.14029 2.33549
vt -0.11914 2.48197
vt -0.14458 2.48267
vt -0.14029 2.33549
vt -0.11485 2.33492
vt -0.11914 2.48197
vt -0.15020 2.49284
vt -0.12477 2.49207
vt -0.12477 2.70833
vt -0.14458 -0.42828
vt -0.11914 -0.43776
vt -0.12477 -0.44890
vt -0.14029 -0.41412
vt -0.13822 -0.28972
vt -0.11485 -0.42361
vt -0.16073 -0.40777
vt -0.06092 -0.43991
vt -0.16073 -0.27793
vt -0.15020 -0.43049
vt -0.06092 -0.43991
vt -0.16073 -0.40777
vt -0.15020 -0.43049
vt -0.12477 -0.43991
vt -0.06092 -0.43991
vt 1.77822 -0.31901
vt 1.92249 -0.28972
vt 1.75589 -0.30049
vt -0.12403 1.77822
vt -0.10303 1.92971
vt -0.12824 1.92249
vt -0.11485 -0.42361
vt -0.13822 -0.28972
vt -0.11277 -0.29781
vt 1.29847 -0.29121
vt 1.20655 -0.15979
vt 1.24198 -0.29828
vt 1.29847 -0.29121
vt 1.35781 -0.24927
vt 1.25796 -0.15657
vt 1.75589 -0.30049
vt 1.84051 -0.19668
vt 1.66002 -0.25260
vt 1.41165 -0.31753
vt 1.35781 -0.24927
vt 1.29847 -0.29121
vt 1.60013 -0.33058
vt 1.66002 -0.25260
vt 1.56650 -0.29408
vt 1.35781 -0.24927
vt 1.32913 -0.16904
vt 1.25796 -0.15657
vt 1.29847 -0.29121
vt 1.25796 -0.15657
vt 1.20655 -0.15979
vt 1.66002 -0.25260
vt 1.84051 -0.19668
vt 1.67134 -0.14533
vt 1.66002 -0.25260
vt 1.67134 -0.14533
vt 1.61842 -0.22994
vt 1.94228 -0.27017
vt 2.26530 -0.28972
vt 2.26498 -0.27017
vt 1.90505 -0.27017
vt 1.94228 -0.27017
vt 1.88443 -0.20107
vt 1.94228 -0.27017
vt 2.26498 -0.27017
vt 2.26498 -0.23902
vt 1.94228 -0.27017
vt 2.26498 -0.23902
vt 1.88443 -0.20107
vt 2.33660 -0.39121
vt 2.49231 -0.26140
vt 2.34360 -0.24634
vt 2.26498 -0.27017
vt 2.34360 -0.24634
vt 2.26498 -0.23902
vt 1.90505 -0.27017
vt 1.88443 -0.20107
vt 1.84051 -0.19668
vt 1.75589 -0.30049
vt 1.92249 -0.28972
vt 1.90505 -0.27017
vt 1.90505 -0.27017
vt 1.92249 -0.28972
vt 1.95796 -0.28972
vt 1.90505 -0.27017
vt 1.95796 -0.28972
vt 1.94228 -0.27017
vt 1.94228 -0.27017
vt 1.95796 -0.28972
vt 2.26530 -0.28972
vt -0.13822 2.26530
vt -0.12927 1.95796
vt -0.11277 2.26530
vt 1.75589 -0.30049
vt 1.90505 -0.27017
vt 1.84051 -0.19668
vt -0.12927 1.95796
vt -0.12824 1.92249
vt -0.10403 1.96443
vt -0.12824 1.92249
vt -0.10303 1.92971
vt -0.10403 1.96443
vt -0.12927 1.95796
vt -0.10403 1.96443
vt -0.11277 2.26530
vt 1.23898 -0.42786
vt 1.24468 -0.40906
vt 1.22340 -0.40907
vt 1.23898 -0.42786
vt 1.22340 -0.40907
vt 1.22381 -0.43155
vt -0.11158 1.23898
vt -0.10233 1.22381
vt -0.08996 1.45508
vt -0.10233 -0.43155
vt -0.10555 -0.40907
vt -0.06092 -0.43196
vt -0.11158 1.23898
vt -0.08996 1.45508
vt -0.11499 1.44608
vt -0.11499 1.44608
vt -0.08996 1.45508
vt -0.09562 1.67568
vt -0.11499 1.44608
vt -0.09562 1.67568
vt -0.12078 1.66707
vt 1.24468 -0.40906
vt 1.24198 -0.29828
vt 1.22340 -0.40907
vt 1.24198 -0.29828
vt 1.21886 -0.30030
vt 1.22340 -0.40907
vt -0.10555 -0.40907
vt -0.10665 -0.30030
vt -0.06092 -0.30113
vt -0.12078 1.66707
vt -0.09562 1.67568
vt -0.09888 1.78749
vt 1.60013 -0.33058
vt 1.44238 -0.27882
vt 1.41165 -0.31753
vt -0.12682 1.60013
vt -0.09109 1.56650
vt -0.08744 1.44238
vt -0.10233 1.22381
vt -0.06092 1.22048
vt -0.08996 1.45508
vt -0.10555 -0.40907
vt -0.06092 -0.40848
vt -0.06092 -0.43196
vt -0.08996 1.45508
vt -0.06092 1.45809
vt -0.09562 1.67568
vt -0.09562 1.67568
vt -0.06092 1.67758
vt -0.09888 1.78749
vt -0.08996 1.45508
vt -0.06092 1.22048
vt -0.06092 1.45809
vt -0.09562 1.67568
vt -0.06092 1.45809
vt -0.06092 1.67758
vt -0.10555 -0.40907
vt -0.06092 -0.30113
vt -0.06092 -0.40848
vt -0.09888 1.78749
vt -0.06092 1.67758
vt -0.06092 1.78867
vt -0.12477 -0.44890
vt -0.11914 -0.43776
vt -0.06092 -0.43776
vt -0.12477 2.49207
vt -0.06092 2.70338
vt -0.12477 2.70833
vt -0.11485 2.33492
vt -0.06092 2.33259
vt -0.11914 2.48197
vt -0.12403 1.77822
vt -0.09888 1.78749
vt -0.10303 1.92971
vt -0.09888 1.78749
vt -0.06092 1.78867
vt -0.10303 1.92971
vt -0.11485 -0.42361
vt -0.11277 -0.29781
vt -0.06092 -0.29781
vt -0.16073 -0.27793
vt -0.06092 -0.43991
vt -0.06092 -0.27793
vt -0.11914 2.48197
vt -0.06092 2.33259
vt -0.06092 2.47870
vt -0.12477 -0.44890
vt -0.06092 -0.43776
vt -0.06092 -0.44890
vt -0.12477 2.49207
vt -0.06092 2.48857
vt -0.06092 2.70338
vt -0.11485 -0.42361
vt -0.06092 -0.29781
vt -0.06092 -0.42361
vt -0.10303 1.92971
vt -0.06092 1.78867
vt -0.06092 1.92997
vt 1.24198 -0.29828
vt 1.20655 -0.15979
vt 1.21886 -0.30030
vt 0.95852 -0.26313
vt 0.95852 -0.24137
vt 0.90480 -0.24197
vt 0.95852 -0.26313
vt 1.09745 -0.25750
vt 0.95852 -0.24137
vt 0.90480 -0.24197
vt 0.95852 -0.24137
vt 0.91582 -0.22321
vt 1.09745 -0.25750
vt 1.09745 -0.23654
vt 0.95852 -0.24137
vt -0.10665 -0.30030
vt -0.10766 -0.19154
vt -0.06092 -0.20470
vt 1.09745 -0.25750
vt 1.14802 -0.24584
vt 1.14158 -0.22715
vt 1.09745 -0.25750
vt 1.14158 -0.22715
vt 1.09745 -0.23654
vt -0.08723 1.09745
vt -0.08723 1.14158
vt -0.08498 1.14123
vt 1.41165 -0.31753
vt 1.38517 -0.23307
vt 1.35781 -0.24927
vt 1.66002 -0.25260
vt 1.61842 -0.22994
vt 1.56650 -0.29408
vt 1.41165 -0.31753
vt 1.44238 -0.27882
vt 1.38517 -0.23307
vt 1.21886 -0.30030
vt 1.20655 -0.15979
vt 1.19273 -0.19154
vt 1.14802 -0.24584
vt 1.19273 -0.19154
vt 1.17792 -0.17560
vt 1.19273 -0.19154
vt 1.20655 -0.15979
vt 1.18854 -0.14269
vt 1.19273 -0.19154
vt 1.18854 -0.14269
vt 1.17792 -0.17560
vt 0.86226 -0.18838
vt 0.90480 -0.24197
vt 0.91582 -0.22321
vt 0.86226 -0.18838
vt 0.91582 -0.22321
vt 0.88379 -0.19148
vt 1.14802 -0.24584
vt 1.17792 -0.17560
vt 1.14158 -0.22715
vt -0.08723 -0.22715
vt -0.10620 -0.17560
vt -0.07747 -0.18348
vt 0.85935 -0.16643
vt 0.88379 -0.19148
vt 0.87950 -0.15073
vt -0.10620 -0.17560
vt -0.09961 -0.10350
vt -0.07747 -0.18348
vt -0.11735 -0.24927
vt -0.08464 -0.17988
vt -0.11622 -0.16904
vt 1.61842 -0.22994
vt 1.67134 -0.14533
vt 1.61714 -0.14930
vt 1.35781 -0.24927
vt 1.38517 -0.23307
vt 1.36136 -0.17988
vt 1.32913 -0.16904
vt 1.36136 -0.17988
vt 1.36583 -0.11513
vt -0.10665 -0.30030
vt -0.06092 -0.20470
vt -0.06092 -0.30113
vt -0.08723 0.95852
vt -0.07317 0.95852
vt -0.08723 0.91582
vt -0.08723 0.95852
vt -0.08723 1.09745
vt -0.07317 0.95852
vt -0.08723 0.95852
vt -0.08723 0.90480
vt -0.06092 0.90494
vt -0.08723 0.95852
vt -0.06092 1.09775
vt -0.08723 1.09745
vt -0.08723 0.91582
vt -0.07317 0.95852
vt -0.07399 0.91601
vt -0.08723 1.09745
vt -0.07457 1.09745
vt -0.07317 0.95852
vt -0.08723 -0.24584
vt -0.06092 -0.24599
vt -0.10766 -0.19154
vt -0.08723 1.09745
vt -0.08498 1.14123
vt -0.07457 1.09745
vt -0.08723 1.09745
vt -0.06092 1.09775
vt -0.08723 1.14802
vt -0.08723 0.95852
vt -0.06092 0.90494
vt -0.06092 0.95852
vt -0.08723 0.95852
vt -0.06092 0.95852
vt -0.06092 1.09775
vt -0.07317 0.95852
vt -0.06092 0.95852
vt -0.07399 0.91601
vt -0.07457 1.09745
vt -0.06092 0.95852
vt -0.07317 0.95852
vt -0.07399 0.91601
vt -0.06092 0.95852
vt -0.06092 0.91601
vt -0.07457 1.09745
vt -0.06092 1.09745
vt -0.06092 0.95852
vt -0.08723 1.14802
vt -0.06092 1.09775
vt -0.06092 1.14777
vt -0.07457 1.09745
vt -0.08498 1.14123
vt -0.06092 1.14123
vt -0.07457 1.09745
vt -0.06092 1.14123
vt -0.06092 1.09745
vt -0.08744 1.44238
vt -0.09109 1.56650
vt -0.06092 1.44573
vt -0.09109 -0.29408
vt -0.09261 -0.22994
vt -0.06092 -0.29422
vt -0.08744 1.44238
vt -0.06092 1.44573
vt -0.08557 1.38517
vt -0.09109 1.56650
vt -0.06092 1.57007
vt -0.06092 1.44573
vt -0.08557 1.38517
vt -0.06092 1.44573
vt -0.06092 1.38825
vt -0.09261 -0.22994
vt -0.06092 -0.23008
vt -0.06092 -0.29422
vt -0.08723 0.91582
vt -0.07399 0.91601
vt -0.08723 0.88379
vt -0.08723 -0.18838
vt -0.06092 -0.18826
vt -0.08723 -0.24197
vt -0.08723 0.88379
vt -0.07399 0.91601
vt -0.07618 0.88318
vt -0.08723 -0.22715
vt -0.07747 -0.18348
vt -0.08498 -0.22733
vt -0.10766 -0.19154
vt -0.06092 -0.24599
vt -0.06092 -0.20470
vt -0.08498 -0.22733
vt -0.07747 -0.18348
vt -0.06092 -0.18348
vt -0.08723 -0.19148
vt -0.06774 -0.16652
vt -0.09631 -0.15073
vt -0.08723 -0.19148
vt -0.07618 -0.19120
vt -0.06774 -0.16652
vt -0.08723 -0.24197
vt -0.06092 -0.18826
vt -0.06092 -0.24168
vt -0.07399 0.91601
vt -0.06092 0.91601
vt -0.07618 0.88318
vt -0.07618 0.88318
vt -0.06092 0.91601
vt -0.06092 0.88318
vt -0.08498 -0.22733
vt -0.06092 -0.18348
vt -0.06092 -0.22733
vt -0.07618 -0.19120
vt -0.06092 -0.16652
vt -0.06774 -0.16652
vt -0.07618 -0.19120
vt -0.06092 -0.19120
vt -0.06092 -0.16652
vt -0.07747 -0.18348
vt -0.06092 -0.11928
vt -0.06092 -0.18348
vt -0.08557 -0.23307
vt -0.06092 -0.18006
vt -0.08464 -0.17988
vt -0.08464 -0.17988
vt -0.06092 -0.18006
vt -0.08490 -0.11513
vt -0.09261 -0.22994
vt -0.09288 -0.14930
vt -0.06092 -0.14942
vt -0.08557 -0.23307
vt -0.06092 -0.23343
vt -0.06092 -0.18006
vt -0.09261 -0.22994
vt -0.06092 -0.14942
vt -0.06092 -0.23008
vt -0.10303 1.92971
vt -0.06092 1.96466
vt -0.10403 1.96443
vt -0.11277 2.26530
vt -0.10403 1.96443
vt -0.06092 2.26530
vt -0.10303 1.92971
vt -0.06092 1.92997
vt -0.06092 1.96466
vt -0.10403 1.96443
vt -0.06092 1.96466
vt -0.06092 2.26530
vt -0.93611 -0.01999
vt -0.93062 -0.05815
vt -0.49697 -0.05931
vt -0.93611 -0.01999
vt -0.94182 -0.01235
vt -0.93062 -0.05815
vt -0.94182 -0.01235
vt -0.94847 -0.03428
vt -0.93062 -0.05815
vt -0.93611 -0.01999
vt -0.49697 -0.05931
vt -0.49781 -0.02120
vt -0.49781 -0.02120
vt -0.49697 -0.05931
vt -0.03779 -0.06797
vt -0.49781 -0.02120
vt -0.03779 -0.06797
vt -0.03862 -0.02987
vt -0.09622 -0.93062
vt -0.06092 -0.92835
vt -0.09622 -0.49697
vt -0.09622 -0.05815
vt -0.09622 -0.03428
vt -0.06092 -0.07396
vt -0.09622 -0.03428
vt -0.06092 -0.04337
vt -0.06092 -0.07396
vt -0.09622 -0.49697
vt -0.06092 -0.92835
vt -0.06092 -0.49663
vt -0.09622 -0.49697
vt -0.06092 -0.49663
vt -0.09622 -0.03779
vt -0.09622 -0.03779
vt -0.06092 -0.49663
vt -0.06092 -0.03744
vt 0.40523 -0.15269
vt -0.03862 -0.02987
vt -0.03779 -0.06797
vt 0.40439 -0.11458
vt -0.03862 -0.02987
vt 0.40523 -0.15269
vt 0.85935 -0.16643
vt 0.40439 -0.11458
vt 0.40523 -0.15269
vt 0.85935 -0.16643
vt 0.85852 -0.12833
vt 0.40439 -0.11458
vt 0.85935 -0.16643
vt 0.87950 -0.15073
vt 0.85852 -0.12833
vt 0.85852 -0.12833
vt 0.87950 -0.15073
vt 0.87848 -0.11263
vt 0.40439 -0.11458
vt 0.40646 0.12252
vt -0.03862 -0.02987
vt 0.40439 -0.11458
vt 0.85852 -0.12833
vt 0.86058 0.12252
vt -0.09622 0.40523
vt -0.09622 -0.03779
vt -0.06092 0.40557
vt -0.09622 -0.03779
vt -0.06092 -0.03744
vt -0.06092 0.40557
vt -0.93611 -0.01999
vt -0.49531 0.12252
vt -0.94182 -0.01235
vt -0.10802 -0.01235
vt -0.10802 0.07249
vt -0.09622 -0.03428
vt -0.93611 -0.01999
vt -0.49781 -0.02120
vt -0.49531 0.12252
vt -0.94182 -0.01235
vt -0.49531 0.12252
vt -0.94750 0.07249
vt -0.09622 -0.03428
vt -0.10802 0.07249
vt -0.09622 0.06688
vt -0.49781 -0.02120
vt -0.03862 -0.02987
vt -0.03643 0.12252
vt -0.94750 0.07249
vt -0.49531 0.12252
vt -0.94750 0.12252
vt -0.09622 0.06688
vt -0.10802 0.07249
vt -0.10802 0.12252
vt -0.09622 0.06688
vt -0.10802 0.12252
vt -0.09622 0.12252
vt -0.10802 -0.94750
vt -0.06092 -0.95994
vt -0.09622 -0.95630
vt -0.10802 -0.94750
vt -0.10802 -0.49531
vt -0.06092 -0.95994
vt -0.49781 -0.02120
vt -0.03643 0.12252
vt -0.49531 0.12252
vt -0.10802 -0.49531
vt -0.10802 -0.03643
vt -0.06092 -0.49531
vt -0.09622 -0.03428
vt -0.09622 0.06688
vt -0.06092 -0.04337
vt -0.09622 0.06688
vt -0.06092 0.06455
vt -0.06092 -0.04337
vt -0.09622 0.06688
vt -0.09622 0.12252
vt -0.06092 0.12252
vt -0.10802 -0.49531
vt -0.06092 -0.49531
vt -0.06092 -0.95994
vt -0.09622 0.06688
vt -0.06092 0.12252
vt -0.06092 0.06455
vt -0.10802 -0.03643
vt -0.06092 -0.03643
vt -0.06092 -0.49531
vt 0.40439 -0.11458
vt 0.86058 0.12252
vt 0.40646 0.12252
vt -0.03862 -0.02987
vt 0.40646 0.12252
vt -0.03643 0.12252
vt -0.10802 -0.03643
vt -0.10802 0.40646
vt -0.06092 -0.03643
vt -0.10802 0.40646
vt -0.10802 0.86058
vt -0.06092 0.40646
vt -0.10802 0.40646
vt -0.06092 0.40646
vt -0.06092 -0.03643
vt -0.10802 0.86058
vt -0.06092 0.86058
vt -0.06092 0.40646
vt 1.32913 -0.16904
vt 1.34113 -0.05721
vt 1.25796 -0.15657
vt 1.25796 -0.15657
vt 1.31955 0.05950
vt 1.20655 -0.15979
vt 1.84051 -0.19668
vt 1.81746 0.05950
vt 1.67134 -0.14533
vt 1.67134 -0.14533
vt 1.58617 -0.04208
vt 1.61714 -0.14930
vt 1.20655 -0.15979
vt 1.21745 0.07225
vt 1.18854 -0.14269
vt 1.18854 -0.14269
vt 1.21745 0.07225
vt 1.10937 -0.06538
vt 1.25796 -0.15657
vt 1.34113 -0.05721
vt 1.31955 0.05950
vt 1.20655 -0.15979
vt 1.31955 0.05950
vt 1.24360 0.05950
vt 1.20655 -0.15979
vt 1.24360 0.05950
vt 1.21745 0.07225
vt 1.67134 -0.14533
vt 1.81746 0.05950
vt 1.58617 -0.04208
vt 1.34113 -0.05721
vt 1.38875 -0.01959
vt 1.39758 0.05950
vt 1.58617 -0.04208
vt 1.47485 0.00360
vt 1.56486 -0.08311
vt 1.88443 -0.20107
vt 1.86376 0.11143
vt 1.84051 -0.19668
vt 2.26498 -0.23902
vt 2.26498 0.11143
vt 1.88443 -0.20107
vt 2.34360 -0.24634
vt 2.49231 -0.26140
vt 2.50071 0.11143
vt 2.34360 -0.24634
vt 2.33875 0.11143
vt 2.26498 -0.23902
vt 2.49231 -0.26140
vt 2.50362 -0.26226
vt 2.51239 0.11143
vt 2.68564 -0.27793
vt 2.69735 0.11143
vt 2.50362 -0.26226
vt 2.34360 -0.24634
vt 2.50071 0.11143
vt 2.33875 0.11143
vt 2.26498 -0.23902
vt 2.33875 0.11143
vt 2.26498 0.11143
vt 2.49231 -0.26140
vt 2.51239 0.11143
vt 2.50071 0.11143
vt 2.50362 -0.26226
vt 2.69735 0.11143
vt 2.51239 0.11143
vt -0.16073 -0.27793
vt -0.12801 0.14283
vt -0.16073 0.11143
vt 1.84051 -0.19668
vt 1.86376 0.11143
vt 1.81746 0.05950
vt 1.10937 -0.06538
vt 1.21745 0.07225
vt 1.04897 0.04682
vt 1.04897 0.04682
vt 1.04899 0.08299
vt 1.03089 0.06491
vt 1.04897 0.04682
vt 1.21745 0.07225
vt 1.04899 0.08299
vt 1.58617 -0.04208
vt 1.81746 0.05950
vt 1.51648 0.05950
vt 1.58617 -0.04208
vt 1.51648 0.05950
vt 1.47485 0.00360
vt 1.38875 -0.01959
vt 1.47485 0.00360
vt 1.39758 0.05950
vt 1.34113 -0.05721
vt 1.39758 0.05950
vt 1.31955 0.05950
vt 1.47485 0.00360
vt 1.51648 0.05950
vt 1.39758 0.05950
vt 1.04899 0.08299
vt 1.21745 0.07225
vt 1.04907 0.09896
vt 1.51648 0.05950
vt 1.81746 0.05950
vt 1.50590 0.09090
vt 1.88443 -0.20107
vt 2.26498 0.11143
vt 1.86376 0.11143
vt -0.16073 2.51239
vt -0.16073 2.69735
vt -0.12801 2.51325
vt -0.15571 2.33875
vt -0.16204 2.50071
vt -0.11830 2.33870
vt -0.15283 2.26498
vt -0.15571 2.33875
vt -0.11596 2.26530
vt -0.16204 2.50071
vt -0.16073 2.51239
vt -0.12310 2.50212
vt -0.16073 2.51239
vt -0.12801 2.51325
vt -0.12310 2.50212
vt -0.16073 2.69735
vt -0.12801 2.69844
vt -0.12801 2.51325
vt -0.16073 -0.27793
vt -0.06092 0.14283
vt -0.12801 0.14283
vt -0.13713 1.86376
vt -0.15283 2.26498
vt -0.10018 1.86377
vt -0.13713 0.11143
vt -0.09837 0.09090
vt -0.13532 0.05950
vt -0.13713 0.11143
vt -0.10018 0.14283
vt -0.09837 0.09090
vt -0.15283 2.26498
vt -0.11596 2.26530
vt -0.10018 1.86377
vt -0.16204 2.50071
vt -0.12310 2.50212
vt -0.11830 2.33870
vt -0.15571 2.33875
vt -0.11830 2.33870
vt -0.11596 2.26530
vt 0.87848 -0.11263
vt 0.87950 -0.15073
vt 0.94325 -0.10105
vt 1.17792 -0.17560
vt 1.18854 -0.14269
vt 1.10937 -0.06538
vt 0.87848 -0.11263
vt 0.94325 -0.10105
vt 0.94162 -0.06294
vt 1.11100 -0.10350
vt 0.94162 -0.06294
vt 0.94325 -0.10105
vt 1.17792 -0.17560
vt 1.10937 -0.06538
vt 1.11100 -0.10350
vt -0.09631 0.87950
vt -0.06803 0.94392
vt -0.09660 0.94325
vt -0.09961 1.11100
vt -0.09660 0.94325
vt -0.07092 1.11168
vt -0.11622 -0.16904
vt -0.08490 -0.11513
vt -0.11669 -0.05721
vt 1.58617 -0.04208
vt 1.56486 -0.08311
vt 1.61714 -0.14930
vt 1.34113 -0.05721
vt 1.36583 -0.11513
vt 1.41487 -0.07920
vt 1.10937 -0.06538
vt 0.94162 -0.06294
vt 1.11100 -0.10350
vt 0.85852 -0.12833
vt 0.87848 -0.11263
vt 0.98509 0.12252
vt 1.10937 -0.06538
vt 0.98502 0.04682
vt 0.94162 -0.06294
vt 0.87848 -0.11263
vt 0.94162 -0.06294
vt 0.98509 0.12252
vt 1.34113 -0.05721
vt 1.41487 -0.07920
vt 1.38875 -0.01959
vt 1.47485 0.00360
vt 1.48681 -0.06060
vt 1.56486 -0.08311
vt 1.38875 -0.01959
vt 1.48681 -0.06060
vt 1.47485 0.00360
vt 1.38875 -0.01959
vt 1.41487 -0.07920
vt 1.48681 -0.06060
vt -0.06774 0.87992
vt -0.06803 0.94392
vt -0.09631 0.87950
vt -0.07747 -0.18348
vt -0.09961 -0.10350
vt -0.07092 -0.11928
vt -0.09660 0.94325
vt -0.06803 0.94392
vt -0.07092 1.11168
vt -0.06774 0.87992
vt -0.06092 0.87992
vt -0.06803 0.94392
vt -0.06803 0.94392
vt -0.06092 0.87992
vt -0.06092 0.94392
vt -0.06803 0.94392
vt -0.06092 0.94392
vt -0.07092 1.11168
vt -0.07092 1.11168
vt -0.06092 0.94392
vt -0.06092 1.11168
vt -0.07747 -0.18348
vt -0.07092 -0.11928
vt -0.06092 -0.11928
vt -0.09288 -0.14930
vt -0.09197 -0.08311
vt -0.06092 -0.14942
vt -0.08663 1.41487
vt -0.08490 1.36583
vt -0.06092 1.41803
vt -0.08490 -0.11513
vt -0.06092 -0.18006
vt -0.06092 -0.11518
vt -0.08490 1.36583
vt -0.06092 1.36898
vt -0.06092 1.41803
vt -0.09197 -0.08311
vt -0.06092 -0.08324
vt -0.06092 -0.14942
vt -0.09197 1.56486
vt -0.08874 1.48681
vt -0.06092 1.56847
vt -0.08663 1.41487
vt -0.06092 1.41803
vt -0.08874 1.48681
vt -0.08874 1.48681
vt -0.06092 1.41803
vt -0.06092 1.49025
vt -0.08874 1.48681
vt -0.06092 1.49025
vt -0.06092 1.56847
vt -0.16073 -0.27793
vt -0.06092 -0.27793
vt -0.06092 0.14283
vt 1.10937 -0.06538
vt 1.04897 0.04682
vt 0.98502 0.04682
vt 0.94162 -0.06294
vt 0.98502 0.04682
vt 0.98509 0.12252
vt 0.85852 -0.12833
vt 0.98509 0.12252
vt 0.86058 0.12252
vt 1.04897 0.04682
vt 1.03089 0.06491
vt 0.98502 0.04682
vt 1.03089 0.06491
vt 1.00311 0.06491
vt 0.98502 0.04682
vt 0.98502 0.04682
vt 1.00311 0.06491
vt 0.98504 0.08299
vt -0.11188 1.03089
vt -0.07625 1.00313
vt -0.11012 1.00311
vt -0.11188 1.03089
vt -0.07680 1.03091
vt -0.07625 1.00313
vt -0.10888 0.04682
vt -0.10890 0.08299
vt -0.10868 0.12252
vt -0.11188 1.03089
vt -0.11288 1.04899
vt -0.07710 1.04902
vt -0.11288 0.08299
vt -0.11231 0.09896
vt -0.07692 0.12252
vt 1.31955 0.05950
vt 1.24829 0.09090
vt 1.24360 0.05950
vt 1.24360 0.05950
vt 1.24829 0.09090
vt 1.21745 0.07225
vt -0.11012 0.06491
vt -0.07625 0.06491
vt -0.10890 0.08299
vt -0.10890 0.08299
vt -0.07588 0.08299
vt -0.10868 0.12252
vt -0.11188 1.03089
vt -0.07710 1.04902
vt -0.07680 1.03091
vt -0.10890 0.08299
vt -0.07625 0.06491
vt -0.07588 0.08299
vt -0.11288 0.08299
vt -0.07692 0.12252
vt -0.07710 0.08299
vt 1.31955 0.05950
vt 1.32173 0.09090
vt 1.24829 0.09090
vt -0.11231 1.04907
vt -0.11263 1.21745
vt -0.06092 1.04908
vt -0.11263 1.21745
vt -0.08627 1.24829
vt -0.06092 1.04908
vt -0.10802 0.86058
vt -0.10868 0.98509
vt -0.06092 0.86058
vt -0.10868 0.12252
vt -0.07588 0.08299
vt -0.07581 0.12252
vt 1.39758 0.05950
vt 1.51648 0.05950
vt 1.38466 0.09090
vt 1.31955 0.05950
vt 1.39758 0.05950
vt 1.32173 0.09090
vt 1.39758 0.05950
vt 1.38466 0.09090
vt 1.32173 0.09090
vt 1.51648 0.05950
vt 1.50590 0.09090
vt 1.38466 0.09090
vt -0.13532 1.81746
vt -0.09837 1.81743
vt -0.09383 1.50590
vt 1.03091 0.06491
vt 0.98511 0.12252
vt 1.00313 0.06491
vt 1.00313 0.06491
vt 0.98511 0.12252
vt 0.98505 0.08299
vt 1.03091 0.06491
vt 1.04902 0.08299
vt 0.98511 0.12252
vt -0.08627 1.24829
vt -0.08842 1.32173
vt -0.06092 1.32392
vt -0.10868 0.98509
vt -0.07581 0.98511
vt -0.06092 0.86058
vt -0.11231 0.09896
vt -0.06092 0.12252
vt -0.07692 0.12252
vt 1.04902 0.08299
vt 1.04908 0.12252
vt 0.98511 0.12252
vt -0.08627 1.24829
vt -0.06092 1.24818
vt -0.06092 1.04908
vt -0.08627 1.24829
vt -0.06092 1.32392
vt -0.06092 1.24818
vt -0.07581 0.98511
vt -0.07692 1.04908
vt -0.06092 0.98510
vt -0.07581 0.98511
vt -0.06092 0.98510
vt -0.06092 0.86058
vt -0.07692 1.04908
vt -0.06092 1.04908
vt -0.06092 0.98510
vt -0.09383 1.50590
vt -0.06092 1.38457
vt -0.09027 1.38466
vt -0.08842 1.32173
vt -0.09027 1.38466
vt -0.06092 1.38457
vt -0.09383 1.50590
vt -0.09837 1.81743
vt -0.06092 1.50583
vt -0.08842 1.32173
vt -0.06092 1.38457
vt -0.06092 1.32392
vt -0.09383 1.50590
vt -0.06092 1.50583
vt -0.06092 1.38457
vt -0.09837 1.81743
vt -0.06092 1.81743
vt -0.06092 1.50583
vt -0.10018 0.14283
vt -0.06092 0.14283
vt -0.09837 0.09090
vt -0.11596 2.26530
vt -0.06092 2.26530
vt -0.10018 1.86377
vt -0.11830 2.33870
vt -0.12310 2.50212
vt -0.06092 2.50230
vt -0.12801 2.51325
vt -0.12801 2.69844
vt -0.06092 2.51325
vt -0.12801 2.51325
vt -0.06092 2.50230
vt -0.12310 2.50212
vt -0.11830 2.33870
vt -0.06092 2.33883
vt -0.11596 2.26530
vt -0.10018 1.86377
vt -0.06092 2.26530
vt -0.06092 1.86377
vt -0.09837 0.09090
vt -0.06092 0.14283
vt -0.06092 0.09090
vt -0.11830 2.33870
vt -0.06092 2.50230
vt -0.06092 2.33883
vt -0.11596 2.26530
vt -0.06092 2.33883
vt -0.06092 2.26530
vt -0.12801 2.51325
vt -0.06092 2.51325
vt -0.06092 2.50230
vt -0.12801 2.69844
vt -0.06092 2.69844
vt -0.06092 2.51325
vt -0.06092 0.40557
vt -0.02563 0.85935
vt -0.06092 0.85970
vt -0.06092 -0.18826
vt -0.06092 -0.18222
vt -0.03462 -0.18838
vt -0.06092 0.40557
vt -0.02563 0.40523
vt -0.02563 0.85935
vt -0.06092 -0.18222
vt -0.02563 -0.16643
vt -0.03462 -0.18838
vt 0.86226 -0.18838
vt 0.85935 -0.16643
vt 0.88379 -0.19148
vt -0.06092 -0.43196
vt -0.06092 -0.40848
vt -0.01630 -0.40907
vt -0.06092 1.22048
vt -0.01952 1.22381
vt -0.03189 1.45508
vt -0.06092 1.22048
vt -0.03189 1.45508
vt -0.06092 1.45809
vt -0.06092 1.45809
vt -0.02623 1.67568
vt -0.06092 1.67758
vt -0.06092 1.45809
vt -0.03189 1.45508
vt -0.02623 1.67568
vt -0.06092 1.67758
vt -0.02623 1.67568
vt -0.02297 1.78749
vt -0.06092 -0.40848
vt -0.06092 -0.30113
vt -0.01630 -0.40907
vt -0.06092 1.67758
vt -0.02297 1.78749
vt -0.06092 1.78867
vt -0.06092 -0.43196
vt -0.01630 -0.40907
vt -0.01952 -0.43155
vt -0.01952 1.22381
vt -0.01027 1.23898
vt -0.03189 1.45508
vt 1.22381 -0.43155
vt 1.22340 -0.40907
vt 1.23898 -0.42786
vt 1.22340 -0.40907
vt 1.24468 -0.40906
vt 1.23898 -0.42786
vt -0.03189 1.45508
vt -0.00685 1.44608
vt -0.02623 1.67568
vt -0.03189 1.45508
vt -0.01027 1.23898
vt -0.00685 1.44608
vt -0.02623 1.67568
vt -0.00685 1.44608
vt -0.00106 1.66707
vt -0.06092 -0.30113
vt -0.01519 -0.30030
vt -0.01630 -0.40907
vt 1.22340 -0.40907
vt 1.24198 -0.29828
vt 1.24468 -0.40906
vt 1.22340 -0.40907
vt 1.21886 -0.30030
vt 1.24198 -0.29828
vt -0.02623 1.67568
vt -0.00106 1.66707
vt -0.02297 1.78749
vt -0.03441 1.44238
vt -0.03076 1.56650
vt 0.00497 1.60013
vt 1.44238 -0.27882
vt 1.60013 -0.33058
vt 1.41165 -0.31753
vt -0.06092 2.47870
vt -0.06092 2.33259
vt -0.00271 2.48197
vt -0.06092 -0.43776
vt 0.00292 -0.44890
vt -0.06092 -0.44890
vt -0.06092 2.48857
vt 0.00292 2.49207
vt -0.06092 2.70338
vt -0.06092 -0.42361
vt -0.06092 -0.29781
vt -0.00699 -0.42361
vt -0.06092 1.78867
vt -0.01882 1.92971
vt -0.06092 1.92997
vt -0.06092 2.33259
vt -0.00699 2.33492
vt -0.00271 2.48197
vt -0.06092 -0.43776
vt -0.00271 -0.43776
vt 0.00292 -0.44890
vt -0.06092 2.70338
vt 0.00292 2.49207
vt 0.00292 2.70833
vt -0.06092 1.78867
vt -0.02297 1.78749
vt -0.01882 1.92971
vt -0.02297 1.78749
vt 0.00218 1.77822
vt -0.01882 1.92971
vt -0.06092 -0.29781
vt -0.00908 -0.29781
vt -0.00699 -0.42361
vt -0.06092 -0.43991
vt 0.03889 -0.27793
vt -0.06092 -0.27793
vt -0.06092 0.95852
vt -0.04785 0.91601
vt -0.06092 0.91601
vt -0.06092 0.95852
vt -0.06092 1.09745
vt -0.04727 1.09745
vt -0.06092 0.95852
vt -0.06092 0.90494
vt -0.03462 0.95852
vt -0.06092 0.95852
vt -0.03462 0.95852
vt -0.06092 1.09775
vt -0.06092 0.95852
vt -0.04868 0.95852
vt -0.04785 0.91601
vt -0.06092 0.95852
vt -0.04727 1.09745
vt -0.04868 0.95852
vt -0.06092 1.09745
vt -0.06092 1.14123
vt -0.04727 1.09745
vt -0.06092 1.09775
vt -0.03462 1.14802
vt -0.06092 1.14777
vt -0.06092 1.14123
vt -0.03687 1.14123
vt -0.04727 1.09745
vt -0.06092 -0.30113
vt -0.06092 -0.20470
vt -0.01519 -0.30030
vt -0.06092 0.90494
vt -0.03462 0.90480
vt -0.03462 0.95852
vt -0.06092 1.09775
vt -0.03462 0.95852
vt -0.03462 1.09745
vt -0.04868 0.95852
vt -0.03462 0.91582
vt -0.04785 0.91601
vt -0.04868 0.95852
vt -0.04727 1.09745
vt -0.03462 1.09745
vt -0.04868 0.95852
vt -0.03462 0.95852
vt -0.03462 0.91582
vt -0.04868 0.95852
vt -0.03462 1.09745
vt -0.03462 0.95852
vt -0.06092 1.09775
vt -0.03462 1.09745
vt -0.03462 1.14802
vt -0.04727 1.09745
vt -0.03687 1.14123
vt -0.03462 1.09745
vt -0.06092 -0.24599
vt -0.03462 -0.24584
vt -0.01419 -0.19154
vt -0.06092 1.44573
vt -0.06092 1.57007
vt -0.03076 1.56650
vt -0.06092 1.44573
vt -0.03628 1.38517
vt -0.06092 1.38825
vt -0.06092 -0.29422
vt -0.06092 -0.23008
vt -0.02924 -0.22994
vt -0.06092 1.44573
vt -0.03076 1.56650
vt -0.03441 1.44238
vt -0.06092 -0.29422
vt -0.02924 -0.22994
vt -0.03076 -0.29408
vt -0.06092 1.44573
vt -0.03441 1.44238
vt -0.03628 1.38517
vt -0.06092 0.91601
vt -0.04567 0.88318
vt -0.06092 0.88318
vt -0.06092 -0.18826
vt -0.03462 -0.24197
vt -0.06092 -0.24168
vt -0.06092 0.91601
vt -0.04785 0.91601
vt -0.04567 0.88318
vt -0.06092 -0.22733
vt -0.06092 -0.18348
vt -0.03687 -0.22733
vt -0.06092 -0.19120
vt -0.04567 -0.19120
vt -0.06092 -0.16652
vt -0.06092 -0.16652
vt -0.04567 -0.19120
vt -0.05411 -0.16652
vt -0.06092 -0.18348
vt -0.06092 -0.11928
vt -0.04438 -0.18348
vt -0.06092 -0.18826
vt -0.03462 -0.18838
vt -0.03462 -0.24197
vt -0.04785 0.91601
vt -0.03462 0.88379
vt -0.04567 0.88318
vt -0.04785 0.91601
vt -0.03462 0.91582
vt -0.03462 0.88379
vt -0.06092 -0.24599
vt -0.01419 -0.19154
vt -0.06092 -0.20470
vt -0.03687 -0.22733
vt -0.06092 -0.18348
vt -0.04438 -0.18348
vt -0.03687 -0.22733
vt -0.04438 -0.18348
vt -0.03462 -0.22715
vt -0.05411 -0.16652
vt -0.04567 -0.19120
vt -0.03462 -0.19148
vt -0.05411 -0.16652
vt -0.03462 -0.19148
vt -0.02554 -0.15073
vt -0.06092 -0.23343
vt -0.03628 -0.23307
vt -0.06092 -0.18006
vt -0.06092 -0.23008
vt -0.06092 -0.14942
vt -0.02924 -0.22994
vt -0.03628 -0.23307
vt -0.03720 -0.17988
vt -0.06092 -0.18006
vt -0.06092 -0.18006
vt -0.03720 -0.17988
vt -0.03695 -0.11513
vt -0.02924 -0.22994
vt -0.06092 -0.14942
vt -0.02897 -0.14930
vt 0.95852 -0.26313
vt 0.90480 -0.24197
vt 0.95852 -0.24137
vt 0.95852 -0.26313
vt 0.95852 -0.24137
vt 1.09745 -0.25750
vt 0.90480 -0.24197
vt 0.91582 -0.22321
vt 0.95852 -0.24137
vt 1.09745 -0.25750
vt 0.95852 -0.24137
vt 1.09745 -0.23654
vt 1.09745 -0.25750
vt 1.14158 -0.22715
vt 1.14802 -0.24584
vt 1.09745 -0.25750
vt 1.09745 -0.23654
vt 1.14158 -0.22715
vt -0.03687 1.14123
vt -0.03462 1.14158
vt -0.03462 1.09745
vt -0.06092 -0.20470
vt -0.01419 -0.19154
vt -0.01519 -0.30030
vt 1.21886 -0.30030
vt 1.20655 -0.15979
vt 1.24198 -0.29828
vt 1.38517 -0.23307
vt 1.44238 -0.27882
vt 1.41165 -0.31753
vt 1.38517 -0.23307
vt 1.41165 -0.31753
vt 1.35781 -0.24927
vt 1.56650 -0.29408
vt 1.61842 -0.22994
vt 1.66002 -0.25260
vt 0.86226 -0.18838
vt 0.91582 -0.22321
vt 0.90480 -0.24197
vt 0.86226 -0.18838
vt 0.88379 -0.19148
vt 0.91582 -0.22321
vt -0.04438 -0.18348
vt -0.01565 -0.17560
vt -0.03462 -0.22715
vt 1.14802 -0.24584
vt 1.14158 -0.22715
vt 1.17792 -0.17560
vt 0.85935 -0.16643
vt 0.87950 -0.15073
vt 0.88379 -0.19148
vt -0.04438 -0.18348
vt -0.02223 -0.10350
vt -0.01565 -0.17560
vt 1.14802 -0.24584
vt 1.17792 -0.17560
vt 1.19273 -0.19154
vt 1.21886 -0.30030
vt 1.19273 -0.19154
vt 1.20655 -0.15979
vt 1.19273 -0.19154
vt 1.17792 -0.17560
vt 1.18854 -0.14269
vt 1.19273 -0.19154
vt 1.18854 -0.14269
vt 1.20655 -0.15979
vt 1.38517 -0.23307
vt 1.35781 -0.24927
vt 1.36136 -0.17988
vt 1.36136 -0.17988
vt 1.32913 -0.16904
vt 1.36583 -0.11513
vt -0.03720 -0.17988
vt -0.00450 -0.24927
vt -0.00563 -0.16904
vt 1.61842 -0.22994
vt 1.61714 -0.14930
vt 1.67134 -0.14533
vt -0.06092 1.92997
vt -0.01882 1.92971
vt -0.06092 1.96466
vt -0.06092 1.96466
vt -0.01781 1.96443
vt -0.06092 2.26530
vt -0.06092 1.96466
vt -0.01882 1.92971
vt -0.01781 1.96443
vt -0.06092 2.26530
vt -0.01781 1.96443
vt -0.00908 2.26530
vt 1.23898 -0.42786
vt 1.24468 -0.40906
vt 1.44608 -0.42269
vt 1.24468 -0.40906
vt 1.42421 -0.40428
vt 1.44608 -0.42269
vt 1.44608 -0.42269
vt 1.42421 -0.40428
vt 1.66707 -0.39489
vt 1.42421 -0.40428
vt 1.64637 -0.37532
vt 1.66707 -0.39489
vt 1.24468 -0.40906
vt 1.29847 -0.29121
vt 1.42421 -0.40428
vt 1.24468 -0.40906
vt 1.24198 -0.29828
vt 1.29847 -0.29121
vt 1.42421 -0.40428
vt 1.41165 -0.31753
vt 1.60013 -0.33058
vt -0.02297 1.78749
vt -0.00106 1.66707
vt 0.00218 1.77822
vt 1.42421 -0.40428
vt 1.29847 -0.29121
vt 1.41165 -0.31753
vt 1.42421 -0.40428
vt 1.60013 -0.33058
vt 1.64637 -0.37532
vt 1.66707 -0.39489
vt 1.64637 -0.37532
vt 1.77822 -0.31901
vt 1.64637 -0.37532
vt 1.60013 -0.33058
vt 1.66002 -0.25260
vt 1.64637 -0.37532
vt 1.75589 -0.30049
vt 1.77822 -0.31901
vt 1.64637 -0.37532
vt 1.66002 -0.25260
vt 1.75589 -0.30049
vt -0.06092 -0.43991
vt 0.00292 -0.43991
vt 0.02835 -0.43049
vt -0.06092 -0.43991
vt 0.02835 -0.43049
vt 0.03889 -0.40777
vt -0.00699 2.33492
vt 0.01844 2.33549
vt -0.00271 2.48197
vt -0.00271 2.48197
vt 0.01844 2.33549
vt 0.02273 2.48267
vt -0.00271 -0.43776
vt 0.02273 -0.42828
vt 0.00292 -0.44890
vt 0.00292 2.49207
vt 0.02835 2.49284
vt 0.00292 2.70833
vt -0.00699 -0.42361
vt 0.01637 -0.28972
vt 0.01844 -0.41412
vt -0.06092 -0.43991
vt 0.03889 -0.40777
vt 0.03889 -0.27793
vt -0.01882 1.92971
vt 0.00218 1.77822
vt 0.00639 1.92249
vt 1.77822 -0.31901
vt 1.75589 -0.30049
vt 1.92249 -0.28972
vt -0.00699 -0.42361
vt -0.00908 -0.29781
vt 0.01637 -0.28972
vt 0.00292 -0.44890
vt 0.02273 -0.42828
vt 0.02835 -0.43942
vt 0.00292 2.70833
vt 0.02835 2.49284
vt 0.02835 2.70729
vt 2.33549 -0.41412
vt 2.33660 -0.39121
vt 2.48267 -0.42828
vt 0.02273 -0.42828
vt 0.03954 -0.40542
vt 0.02835 -0.43942
vt 2.49284 -0.43942
vt 2.49470 -0.41651
vt 2.70729 -0.43049
vt 2.49284 -0.43942
vt 2.48403 -0.40542
vt 2.49470 -0.41651
vt 2.70729 -0.43049
vt 2.49470 -0.41651
vt 2.70479 -0.40777
vt 2.48267 -0.42828
vt 2.33660 -0.39121
vt 2.48403 -0.40542
vt 0.01844 -0.41412
vt 0.01637 -0.28972
vt 0.03098 -0.27017
vt 0.01844 -0.41412
vt 0.03098 -0.27017
vt 0.03377 -0.39121
vt 2.33660 -0.39121
vt 2.49231 -0.26140
vt 2.48403 -0.40542
vt 2.49470 -0.41651
vt 2.48403 -0.40542
vt 2.50362 -0.26226
vt 2.49470 -0.41651
vt 2.68564 -0.27793
vt 2.70479 -0.40777
vt 2.33660 -0.39121
vt 2.26498 -0.27017
vt 2.34360 -0.24634
vt 2.49470 -0.41651
vt 2.50362 -0.26226
vt 2.68564 -0.27793
vt 2.48403 -0.40542
vt 2.49231 -0.26140
vt 2.50362 -0.26226
vt 1.20655 -0.15979
vt 1.29847 -0.29121
vt 1.24198 -0.29828
vt 1.29847 -0.29121
vt 1.25796 -0.15657
vt 1.35781 -0.24927
vt 1.41165 -0.31753
vt 1.29847 -0.29121
vt 1.35781 -0.24927
vt 1.56650 -0.29408
vt 1.66002 -0.25260
vt 1.60013 -0.33058
vt 1.75589 -0.30049
vt 1.66002 -0.25260
vt 1.84051 -0.19668
vt 1.20655 -0.15979
vt 1.25796 -0.15657
vt 1.29847 -0.29121
vt 1.35781 -0.24927
vt 1.25796 -0.15657
vt 1.32913 -0.16904
vt 1.61842 -0.22994
vt 1.67134 -0.14533
vt 1.66002 -0.25260
vt 1.66002 -0.25260
vt 1.67134 -0.14533
vt 1.84051 -0.19668
vt -0.01882 1.92971
vt 0.00639 1.92249
vt -0.01781 1.96443
vt -0.01781 1.96443
vt 0.00639 1.92249
vt 0.00743 1.95796
vt -0.01781 1.96443
vt 0.00743 1.95796
vt -0.00908 2.26530
vt 1.75589 -0.30049
vt 1.90505 -0.27017
vt 1.92249 -0.28972
vt 1.92249 -0.28972
vt 1.90505 -0.27017
vt 1.95796 -0.28972
vt 1.95796 -0.28972
vt 1.90505 -0.27017
vt 1.94228 -0.27017
vt 0.00743 1.95796
vt 0.01637 2.26530
vt -0.00908 2.26530
vt 1.95796 -0.28972
vt 1.94228 -0.27017
vt 2.26530 -0.28972
vt 1.75589 -0.30049
vt 1.84051 -0.19668
vt 1.90505 -0.27017
vt 1.94228 -0.27017
vt 2.26498 -0.27017
vt 2.26530 -0.28972
vt 1.90505 -0.27017
vt 1.88443 -0.20107
vt 1.94228 -0.27017
vt 1.94228 -0.27017
vt 2.26498 -0.23902
vt 2.26498 -0.27017
vt 1.94228 -0.27017
vt 1.88443 -0.20107
vt 2.26498 -0.23902
vt 2.33660 -0.39121
vt 2.34360 -0.24634
vt 2.49231 -0.26140
vt 2.26498 -0.27017
vt 2.26498 -0.23902
vt 2.34360 -0.24634
vt 1.84051 -0.19668
vt 1.88443 -0.20107
vt 1.90505 -0.27017
vt -0.06092 -0.07396
vt -0.06092 -0.04337
vt -0.02563 -0.03428
vt -0.06092 -0.92835
vt -0.02563 -0.49697
vt -0.06092 -0.49663
vt -0.06092 -0.92835
vt -0.02563 -0.93062
vt -0.02563 -0.49697
vt -0.06092 -0.07396
vt -0.02563 -0.03428
vt -0.02563 -0.05815
vt -0.06092 -0.49663
vt -0.02563 -0.03779
vt -0.06092 -0.03744
vt -0.06092 -0.49663
vt -0.02563 -0.49697
vt -0.02563 -0.03779
vt -0.93062 -0.05815
vt -0.93611 -0.01999
vt -0.49697 -0.05931
vt -0.93062 -0.05815
vt -0.94847 -0.03428
vt -0.94182 -0.01235
vt -0.93062 -0.05815
vt -0.94182 -0.01235
vt -0.93611 -0.01999
vt -0.93611 -0.01999
vt -0.49781 -0.02120
vt -0.49697 -0.05931
vt -0.49697 -0.05931
vt -0.49781 -0.02120
vt -0.03779 -0.06797
vt -0.49781 -0.02120
vt -0.03862 -0.02987
vt -0.03779 -0.06797
vt -0.06092 0.40557
vt -0.06092 -0.03744
vt -0.02563 -0.03779
vt -0.06092 0.40557
vt -0.02563 -0.03779
vt -0.02563 0.40523
vt 0.40523 -0.15269
vt -0.03779 -0.06797
vt -0.03862 -0.02987
vt 0.40523 -0.15269
vt -0.03862 -0.02987
vt 0.40439 -0.11458
vt 0.85935 -0.16643
vt 0.40523 -0.15269
vt 0.40439 -0.11458
vt 0.85935 -0.16643
vt 0.40439 -0.11458
vt 0.85852 -0.12833
vt 0.85935 -0.16643
vt 0.85852 -0.12833
vt 0.87950 -0.15073
vt 0.85852 -0.12833
vt 0.87848 -0.11263
vt 0.87950 -0.15073
vt 0.40439 -0.11458
vt -0.03862 -0.02987
vt 0.40646 0.12252
vt 0.40439 -0.11458
vt 0.86058 0.12252
vt 0.85852 -0.12833
vt -0.06092 -0.04337
vt -0.06092 0.06455
vt -0.02563 0.06688
vt -0.06092 -0.04337
vt -0.02563 0.06688
vt -0.02563 -0.03428
vt -0.06092 0.06455
vt -0.06092 0.12252
vt -0.02563 0.06688
vt -0.06092 0.12252
vt -0.02563 0.12252
vt -0.02563 0.06688
vt -0.06092 -0.95994
vt -0.06092 -0.49531
vt -0.01382 -0.49531
vt -0.06092 -0.49531
vt -0.06092 -0.03643
vt -0.01382 -0.03643
vt -0.02563 -0.03428
vt -0.01382 0.07249
vt -0.01382 -0.01235
vt -0.93611 -0.01999
vt -0.94182 -0.01235
vt -0.49531 0.12252
vt -0.93611 -0.01999
vt -0.49531 0.12252
vt -0.49781 -0.02120
vt -0.02563 -0.03428
vt -0.02563 0.06688
vt -0.01382 0.07249
vt -0.94182 -0.01235
vt -0.94750 0.07249
vt -0.49531 0.12252
vt -0.49781 -0.02120
vt -0.03643 0.12252
vt -0.03862 -0.02987
vt -0.06092 -0.95994
vt -0.01382 -0.94750
vt -0.02563 -0.95630
vt -0.06092 -0.95994
vt -0.01382 -0.49531
vt -0.01382 -0.94750
vt -0.02563 0.06688
vt -0.01382 0.12252
vt -0.01382 0.07249
vt -0.02563 0.06688
vt -0.02563 0.12252
vt -0.01382 0.12252
vt -0.94750 0.07249
vt -0.94750 0.12252
vt -0.49531 0.12252
vt -0.06092 -0.49531
vt -0.01382 -0.03643
vt -0.01382 -0.49531
vt -0.49781 -0.02120
vt -0.49531 0.12252
vt -0.03643 0.12252
vt -0.06092 -0.03643
vt -0.06092 0.40646
vt -0.01382 0.40646
vt -0.06092 0.40646
vt -0.06092 0.86058
vt -0.01382 0.86058
vt 0.40439 -0.11458
vt 0.40646 0.12252
vt 0.86058 0.12252
vt -0.06092 -0.03643
vt -0.01382 0.40646
vt -0.01382 -0.03643
vt -0.03862 -0.02987
vt -0.03643 0.12252
vt 0.40646 0.12252
vt -0.06092 0.40646
vt -0.01382 0.86058
vt -0.01382 0.40646
vt -0.06092 0.87992
vt -0.05411 0.87992
vt -0.05382 0.94392
vt -0.06092 0.87992
vt -0.05382 0.94392
vt -0.06092 0.94392
vt -0.06092 0.94392
vt -0.05382 0.94392
vt -0.05093 1.11168
vt -0.06092 0.94392
vt -0.05093 1.11168
vt -0.06092 1.11168
vt -0.04438 -0.18348
vt -0.06092 -0.11928
vt -0.05093 -0.11928
vt -0.05411 0.87992
vt -0.02554 0.87950
vt -0.05382 0.94392
vt -0.04438 -0.18348
vt -0.05093 -0.11928
vt -0.02223 -0.10350
vt -0.05382 0.94392
vt -0.02524 0.94325
vt -0.05093 1.11168
vt -0.06092 -0.18006
vt -0.03695 -0.11513
vt -0.06092 -0.11518
vt -0.06092 1.36898
vt -0.03695 1.36583
vt -0.06092 1.41803
vt -0.06092 -0.14942
vt -0.06092 -0.08324
vt -0.02988 -0.08311
vt -0.06092 -0.14942
vt -0.02988 -0.08311
vt -0.02897 -0.14930
vt -0.06092 1.41803
vt -0.03695 1.36583
vt -0.03521 1.41487
vt -0.06092 1.41803
vt -0.03310 1.48681
vt -0.06092 1.49025
vt -0.06092 1.56847
vt -0.06092 1.49025
vt -0.03310 1.48681
vt -0.06092 1.41803
vt -0.03521 1.41487
vt -0.03310 1.48681
vt -0.06092 1.56847
vt -0.03310 1.48681
vt -0.02988 1.56486
vt -0.05382 0.94392
vt -0.02554 0.87950
vt -0.02524 0.94325
vt -0.05093 1.11168
vt -0.02524 0.94325
vt -0.02223 1.11100
vt 0.87950 -0.15073
vt 0.87848 -0.11263
vt 0.94325 -0.10105
vt 1.17792 -0.17560
vt 1.10937 -0.06538
vt 1.18854 -0.14269
vt 0.94325 -0.10105
vt 0.87848 -0.11263
vt 0.94162 -0.06294
vt 0.94325 -0.10105
vt 0.94162 -0.06294
vt 1.11100 -0.10350
vt 1.17792 -0.17560
vt 1.11100 -0.10350
vt 1.10937 -0.06538
vt 1.36583 -0.11513
vt 1.34113 -0.05721
vt 1.41487 -0.07920
vt -0.00563 -0.16904
vt -0.00515 -0.05721
vt -0.03695 -0.11513
vt 1.61714 -0.14930
vt 1.56486 -0.08311
vt 1.58617 -0.04208
vt 1.11100 -0.10350
vt 0.94162 -0.06294
vt 1.10937 -0.06538
vt 0.85852 -0.12833
vt 0.98509 0.12252
vt 0.87848 -0.11263
vt 0.94162 -0.06294
vt 0.98502 0.04682
vt 1.10937 -0.06538
vt 0.87848 -0.11263
vt 0.98509 0.12252
vt 0.94162 -0.06294
vt 1.41487 -0.07920
vt 1.38875 -0.01959
vt 1.48681 -0.06060
vt 1.56486 -0.08311
vt 1.48681 -0.06060
vt 1.47485 0.00360
vt 1.41487 -0.07920
vt 1.34113 -0.05721
vt 1.38875 -0.01959
vt 1.48681 -0.06060
vt 1.38875 -0.01959
vt 1.47485 0.00360
vt -0.06092 -0.27793
vt 0.03889 -0.27793
vt -0.06092 0.14283
vt -0.06092 1.24818
vt -0.03558 1.24829
vt -0.06092 1.04908
vt -0.06092 1.24818
vt -0.06092 1.32392
vt -0.03558 1.24829
vt -0.06092 0.86058
vt -0.06092 0.98510
vt -0.04603 0.98511
vt -0.06092 0.98510
vt -0.06092 1.04908
vt -0.04492 1.04908
vt -0.06092 0.98510
vt -0.04492 1.04908
vt -0.04603 0.98511
vt 1.00313 0.06491
vt 0.98511 0.12252
vt 1.03091 0.06491
vt 1.00313 0.06491
vt 0.98505 0.08299
vt 0.98511 0.12252
vt 1.03091 0.06491
vt 0.98511 0.12252
vt 1.04902 0.08299
vt -0.06092 1.32392
vt -0.03342 1.32173
vt -0.03558 1.24829
vt 1.04902 0.08299
vt 0.98511 0.12252
vt 1.04908 0.12252
vt -0.06092 0.86058
vt -0.04603 0.98511
vt -0.01317 0.98509
vt -0.06092 0.12252
vt -0.00954 0.09896
vt -0.04492 0.12252
vt -0.06092 1.32392
vt -0.06092 1.38457
vt -0.03342 1.32173
vt -0.06092 1.38457
vt -0.06092 1.50583
vt -0.02801 1.50590
vt -0.06092 1.50583
vt -0.06092 1.81743
vt -0.02348 1.81743
vt -0.06092 1.38457
vt -0.03157 1.38466
vt -0.03342 1.32173
vt -0.06092 1.38457
vt -0.02801 1.50590
vt -0.03157 1.38466
vt -0.06092 1.50583
vt -0.02348 1.81743
vt -0.02801 1.50590
vt -0.04559 1.00313
vt -0.04505 1.03091
vt -0.00996 1.03089
vt 0.98502 0.04682
vt 1.04897 0.04682
vt 1.10937 -0.06538
vt -0.04559 1.00313
vt -0.00996 1.03089
vt -0.01173 1.00311
vt 0.85852 -0.12833
vt 0.86058 0.12252
vt 0.98509 0.12252
vt 0.94162 -0.06294
vt 0.98509 0.12252
vt 0.98502 0.04682
vt 0.98502 0.04682
vt 1.03089 0.06491
vt 1.04897 0.04682
vt 0.98502 0.04682
vt 1.00311 0.06491
vt 1.03089 0.06491
vt 0.98502 0.04682
vt 0.98504 0.08299
vt 1.00311 0.06491
vt -0.04559 0.06491
vt -0.01294 0.08299
vt -0.04597 0.08299
vt -0.04505 1.03091
vt -0.04474 1.04902
vt -0.00996 1.03089
vt -0.04474 0.08299
vt -0.04492 0.12252
vt -0.00897 0.08299
vt -0.04559 0.06491
vt -0.01173 0.06491
vt -0.01294 0.08299
vt -0.04597 0.08299
vt -0.01294 0.08299
vt -0.01317 0.12252
vt -0.06092 1.04908
vt -0.03558 1.24829
vt -0.00922 1.21745
vt 1.24829 0.09090
vt 1.32173 0.09090
vt 1.31955 0.05950
vt -0.06092 1.04908
vt -0.00922 1.21745
vt -0.00954 1.04907
vt -0.04597 0.08299
vt -0.01317 0.12252
vt -0.04603 0.12252
vt -0.06092 0.86058
vt -0.01317 0.98509
vt -0.01382 0.86058
vt -0.04474 1.04902
vt -0.00897 1.04899
vt -0.00996 1.03089
vt -0.04492 0.12252
vt -0.00954 0.09896
vt -0.00897 0.08299
vt -0.01296 0.04682
vt -0.01317 0.12252
vt -0.01294 0.08299
vt 1.24829 0.09090
vt 1.31955 0.05950
vt 1.24360 0.05950
vt 1.24829 0.09090
vt 1.24360 0.05950
vt 1.21745 0.07225
vt 1.32173 0.09090
vt 1.38466 0.09090
vt 1.39758 0.05950
vt 1.38466 0.09090
vt 1.50590 0.09090
vt 1.51648 0.05950
vt 1.32173 0.09090
vt 1.39758 0.05950
vt 1.31955 0.05950
vt 1.38466 0.09090
vt 1.51648 0.05950
vt 1.39758 0.05950
vt -0.02801 1.50590
vt -0.02348 1.81743
vt 0.01348 1.81746
vt -0.06092 0.09090
vt -0.06092 0.14283
vt -0.02348 0.09090
vt -0.06092 1.86377
vt -0.06092 2.26530
vt -0.02166 1.86377
vt -0.06092 2.26530
vt -0.06092 2.33883
vt -0.00589 2.26530
vt -0.06092 2.33883
vt -0.06092 2.50230
vt -0.00355 2.33870
vt -0.06092 2.50230
vt -0.06092 2.51325
vt 0.00616 2.51325
vt -0.06092 2.51325
vt -0.06092 2.69844
vt 0.00616 2.69844
vt -0.06092 0.14283
vt -0.02166 0.14283
vt -0.02348 0.09090
vt -0.06092 2.26530
vt -0.00589 2.26530
vt -0.02166 1.86377
vt -0.06092 2.33883
vt -0.00355 2.33870
vt -0.00589 2.26530
vt -0.06092 2.50230
vt 0.00125 2.50212
vt -0.00355 2.33870
vt -0.06092 2.50230
vt 0.00616 2.51325
vt 0.00125 2.50212
vt -0.06092 2.51325
vt 0.00616 2.69844
vt 0.00616 2.51325
vt 1.25796 -0.15657
vt 1.34113 -0.05721
vt 1.32913 -0.16904
vt 1.20655 -0.15979
vt 1.31955 0.05950
vt 1.25796 -0.15657
vt 1.61714 -0.14930
vt 1.58617 -0.04208
vt 1.67134 -0.14533
vt 1.84051 -0.19668
vt 1.67134 -0.14533
vt 1.81746 0.05950
vt 1.20655 -0.15979
vt 1.18854 -0.14269
vt 1.21745 0.07225
vt 1.18854 -0.14269
vt 1.10937 -0.06538
vt 1.21745 0.07225
vt 1.25796 -0.15657
vt 1.31955 0.05950
vt 1.34113 -0.05721
vt 1.20655 -0.15979
vt 1.21745 0.07225
vt 1.24360 0.05950
vt 1.20655 -0.15979
vt 1.24360 0.05950
vt 1.31955 0.05950
vt 1.56486 -0.08311
vt 1.47485 0.00360
vt 1.58617 -0.04208
vt 1.34113 -0.05721
vt 1.39758 0.05950
vt 1.38875 -0.01959
vt 1.67134 -0.14533
vt 1.58617 -0.04208
vt 1.81746 0.05950
vt 1.84051 -0.19668
vt 1.81746 0.05950
vt 1.86376 0.11143
vt 1.84051 -0.19668
vt 1.86376 0.11143
vt 1.88443 -0.20107
vt 2.26498 -0.23902
vt 1.88443 -0.20107
vt 2.26498 0.11143
vt 2.26498 -0.23902
vt 2.33875 0.11143
vt 2.34360 -0.24634
vt 2.34360 -0.24634
vt 2.50071 0.11143
vt 2.49231 -0.26140
vt 2.50362 -0.26226
vt 2.49231 -0.26140
vt 2.51239 0.11143
vt 2.68564 -0.27793
vt 2.50362 -0.26226
vt 2.69735 0.11143
vt 2.26498 -0.23902
vt 2.26498 0.11143
vt 2.33875 0.11143
vt 2.34360 -0.24634
vt 2.33875 0.11143
vt 2.50071 0.11143
vt 0.03889 -0.27793
vt 0.03889 0.11143
vt 0.00616 0.14283
vt 2.49231 -0.26140
vt 2.50071 0.11143
vt 2.51239 0.11143
vt 2.50362 -0.26226
vt 2.51239 0.11143
vt 2.69735 0.11143
vt 1.10937 -0.06538
vt 1.04897 0.04682
vt 1.21745 0.07225
vt 1.04897 0.04682
vt 1.03089 0.06491
vt 1.04899 0.08299
vt 1.04897 0.04682
vt 1.04899 0.08299
vt 1.21745 0.07225
vt 1.34113 -0.05721
vt 1.31955 0.05950
vt 1.39758 0.05950
vt 1.58617 -0.04208
vt 1.47485 0.00360
vt 1.51648 0.05950
vt 1.38875 -0.01959
vt 1.39758 0.05950
vt 1.47485 0.00360
vt 1.47485 0.00360
vt 1.39758 0.05950
vt 1.51648 0.05950
vt 1.58617 -0.04208
vt 1.51648 0.05950
vt 1.81746 0.05950
vt 1.04899 0.08299
vt 1.04907 0.09896
vt 1.21745 0.07225
vt 1.50590 0.09090
vt 1.81746 0.05950
vt 1.51648 0.05950
vt 0.03889 -0.27793
vt 0.00616 0.14283
vt -0.06092 0.14283
vt -0.02348 0.09090
vt 0.01528 0.11143
vt 0.01348 0.05950
vt -0.02348 0.09090
vt -0.02166 0.14283
vt 0.01528 0.11143
vt -0.02166 1.86377
vt -0.00589 2.26530
vt 0.03098 2.26498
vt -0.02166 1.86377
vt 0.03098 2.26498
vt 0.01528 1.86376
vt -0.00589 2.26530
vt -0.00355 2.33870
vt 0.03386 2.33875
vt -0.00355 2.33870
vt 0.00125 2.50212
vt 0.04019 2.50071
vt 1.88443 -0.20107
vt 1.86376 0.11143
vt 2.26498 0.11143
vt -0.00589 2.26530
vt 0.03386 2.33875
vt 0.03098 2.26498
vt -0.00355 2.33870
vt 0.04019 2.50071
vt 0.03386 2.33875
vt 0.00125 2.50212
vt 0.00616 2.51325
vt 0.03889 2.51239
vt 0.00616 2.51325
vt 0.00616 2.69844
vt 0.03889 2.69735
vt 0.00125 2.50212
vt 0.03889 2.51239
vt 0.04019 2.50071
vt 0.00616 2.51325
vt 0.03889 2.69735
vt 0.03889 2.51239
f 365/1939 366/1940 429/1941
f 365/1942 448/1943 516/1944
f 365/1945 518/1946 366/1947
f 365/1948 516/1949 518/1950
f 366/1951 518/1952 517/1953
f 367/1954 370/1955 368/1956
f 368/1957 370/1958 371/1959
f 370/1960 372/1961 371/1962
f 369/1963 371/1964 372/1965
f 368/1966 371/1967 388/1968
f 368/1969 388/1970 389/1971
f 369/1972 373/1973 371/1974
f 369/1975 372/1976 375/1977
f 369/1978 391/1979 373/1980
f 369/1981 375/1982 390/1983
f 369/1984 390/1985 391/1986
f 371/1987 373/1988 374/1989
f 372/1990 413/1991 375/1992
f 371/1993 374/1994 388/1995
f 376/1996 380/1997 377/1998
f 376/1999 378/2000 381/2001
f 376/2002 377/2003 378/2004
f 377/2005 380/2006 383/2007
f 379/2008 383/2009 380/2010
f 377/2011 383/2012 384/2013
f 377/2014 385/2015 378/2016
f 379/2017 382/2018 383/2019
f 379/2020 380/2021 401/2022
f 379/2023 397/2024 382/2025
f 376/2026 402/2027 380/2028
f 376/2029 381/2030 398/2031
f 379/2032 399/2033 397/2034
f 376/2035 398/2036 402/2037
f 380/2038 402/2039 401/2040
f 382/2041 397/2042 403/2043
f 382/2044 387/2045 383/2046
f 382/2047 386/2048 387/2049
f 377/2050 384/2051 385/2052
f 383/2053 387/2054 384/2055
f 382/2056 403/2057 386/2058
f 381/2059 535/2060 398/2061
f 378/2062 535/2063 381/2064
f 378/2065 385/2066 535/2067
f 375/2068 406/2069 390/2070
f 375/2071 439/2072 406/2073
f 386/2074 403/2075 407/2076
f 388/2077 427/2078 389/2079
f 388/2080 392/2081 394/2082
f 390/2083 408/2084 391/2085
f 374/2086 392/2087 388/2088
f 373/2089 391/2090 423/2091
f 392/2092 393/2093 394/2094
f 388/2095 394/2096 427/2097
f 391/2098 408/2099 461/2100
f 391/2101 461/2102 424/2103
f 396/2104 403/2105 397/2106
f 395/2107 396/2108 404/2109
f 396/2110 397/2111 400/2112
f 396/2113 400/2114 404/2115
f 379/2116 401/2117 399/2118
f 397/2119 399/2120 400/2121
f 395/2122 404/2123 408/2124
f 390/2125 406/2126 395/2127
f 395/2128 406/2129 405/2130
f 395/2131 405/2132 396/2133
f 396/2134 405/2135 403/2136
f 403/2137 405/2138 407/2139
f 390/2140 395/2141 408/2142
f 405/2143 406/2144 440/2145
f 406/2146 439/2147 440/2148
f 405/2149 440/2150 407/2151
f 367/2152 368/2153 410/2154
f 367/2155 410/2156 409/2157
f 367/2158 409/2159 411/2160
f 409/2161 410/2162 521/2163
f 367/2164 411/2165 370/2166
f 370/2167 411/2168 412/2169
f 370/2170 412/2171 372/2172
f 368/2173 389/2174 410/2175
f 389/2176 414/2177 410/2178
f 410/2179 414/2180 525/2181
f 372/2182 412/2183 413/2184
f 373/2185 422/2186 374/2187
f 373/2188 423/2189 422/2190
f 409/2191 521/2192 411/2193
f 410/2194 522/2195 521/2196
f 411/2197 523/2198 412/2199
f 412/2200 524/2201 413/2202
f 411/2203 521/2204 523/2205
f 412/2206 523/2207 524/2208
f 410/2209 525/2210 522/2211
f 413/2212 524/2213 526/2214
f 384/2215 387/2216 532/2217
f 384/2218 535/2219 385/2220
f 386/2221 533/2222 387/2223
f 375/2224 413/2225 439/2226
f 413/2227 526/2228 439/2229
f 386/2230 407/2231 580/2232
f 398/2233 535/2234 581/2235
f 387/2236 533/2237 532/2238
f 384/2239 532/2240 534/2241
f 384/2242 534/2243 535/2244
f 386/2245 580/2246 533/2247
f 439/2248 526/2249 578/2250
f 389/2251 427/2252 414/2253
f 415/2254 418/2255 417/2256
f 415/2257 416/2258 418/2259
f 417/2260 418/2261 428/2262
f 416/2263 419/2264 418/2265
f 414/2266 425/2267 553/2268
f 416/2269 420/2270 421/2271
f 416/2272 421/2273 419/2274
f 419/2275 421/2276 431/2277
f 374/2278 433/2279 392/2280
f 391/2281 424/2282 423/2283
f 374/2284 422/2285 433/2286
f 414/2287 427/2288 425/2289
f 420/2290 425/2291 426/2292
f 425/2293 427/2294 460/2295
f 425/2296 460/2297 426/2298
f 366/2299 417/2300 428/2301
f 366/2302 428/2303 429/2304
f 420/2305 426/2306 421/2307
f 421/2308 426/2309 436/2310
f 365/2311 429/2312 490/2313
f 426/2314 489/2315 436/2316
f 392/2317 438/2318 393/2319
f 424/2320 461/2321 492/2322
f 392/2323 433/2324 438/2325
f 393/2326 438/2327 499/2328
f 414/2329 553/2330 525/2331
f 418/2332 432/2333 428/2334
f 418/2335 419/2336 432/2337
f 415/2338 417/2339 538/2340
f 415/2341 537/2342 416/2343
f 428/2344 432/2345 434/2346
f 419/2347 430/2348 432/2349
f 420/2350 542/2351 425/2352
f 419/2353 431/2354 430/2355
f 416/2356 537/2357 420/2358
f 415/2359 538/2360 536/2361
f 415/2362 536/2363 537/2364
f 432/2365 539/2366 434/2367
f 430/2368 539/2369 432/2370
f 434/2371 539/2372 551/2373
f 430/2374 540/2375 539/2376
f 420/2377 537/2378 542/2379
f 430/2380 431/2381 543/2382
f 430/2383 543/2384 540/2385
f 422/2386 423/2387 546/2388
f 423/2389 424/2390 547/2391
f 422/2392 546/2393 433/2394
f 423/2395 547/2396 546/2397
f 433/2398 546/2399 548/2400
f 424/2401 549/2402 547/2403
f 428/2404 434/2405 429/2406
f 366/2407 517/2408 417/2409
f 429/2410 434/2411 435/2412
f 421/2413 436/2414 431/2415
f 425/2416 542/2417 553/2418
f 431/2419 436/2420 556/2421
f 429/2422 437/2423 490/2424
f 429/2425 435/2426 437/2427
f 417/2428 517/2429 538/2430
f 434/2431 551/2432 435/2433
f 435/2434 551/2435 552/2436
f 431/2437 556/2438 543/2439
f 435/2440 554/2441 437/2442
f 435/2443 552/2444 554/2445
f 436/2446 657/2447 556/2448
f 433/2449 560/2450 438/2451
f 438/2452 560/2453 499/2454
f 424/2455 492/2456 659/2457
f 433/2458 548/2459 560/2460
f 424/2461 659/2462 549/2463
f 439/2464 579/2465 440/2466
f 407/2467 440/2468 580/2469
f 439/2470 578/2471 579/2472
f 440/2473 579/2474 580/2475
f 441/2476 443/2477 446/2478
f 441/2479 442/2480 443/2481
f 442/2482 444/2483 443/2484
f 441/2485 446/2486 445/2487
f 445/2488 446/2489 451/2490
f 445/2491 451/2492 450/2493
f 443/2494 626/2495 446/2496
f 443/2497 444/2498 626/2499
f 444/2500 627/2501 626/2502
f 446/2503 626/2504 628/2505
f 446/2506 628/2507 451/2508
f 451/2509 628/2510 635/2511
f 448/2512 450/2513 451/2514
f 447/2515 450/2516 448/2517
f 365/2518 447/2519 448/2520
f 365/2521 449/2522 447/2523
f 365/2524 490/2525 449/2526
f 449/2527 490/2528 488/2529
f 447/2530 458/2531 450/2532
f 447/2533 449/2534 459/2535
f 448/2536 451/2537 516/2538
f 451/2539 635/2540 516/2541
f 441/2542 456/2543 442/2544
f 442/2545 453/2546 444/2547
f 441/2548 445/2549 456/2550
f 442/2551 456/2552 453/2553
f 444/2554 453/2555 452/2556
f 445/2557 450/2558 457/2559
f 453/2560 456/2561 454/2562
f 452/2563 453/2564 454/2565
f 452/2566 454/2567 455/2568
f 454/2569 642/2570 455/2571
f 454/2572 456/2573 642/2574
f 445/2575 457/2576 456/2577
f 456/2578 457/2579 643/2580
f 444/2581 452/2582 627/2583
f 452/2584 641/2585 627/2586
f 452/2587 455/2588 642/2589
f 456/2590 643/2591 642/2592
f 452/2593 642/2594 641/2595
f 457/2596 649/2597 643/2598
f 447/2599 459/2600 458/2601
f 450/2602 458/2603 457/2604
f 457/2605 458/2606 649/2607
f 458/2608 459/2609 650/2610
f 458/2611 650/2612 649/2613
f 459/2614 651/2615 650/2616
f 393/2617 464/2618 394/2619
f 394/2620 468/2621 427/2622
f 408/2623 482/2624 461/2625
f 461/2626 463/2627 492/2628
f 427/2629 475/2630 460/2631
f 460/2632 475/2633 462/2634
f 394/2635 464/2636 468/2637
f 427/2638 468/2639 469/2640
f 427/2641 469/2642 475/2643
f 461/2644 482/2645 463/2646
f 464/2647 465/2648 471/2649
f 463/2650 470/2651 494/2652
f 404/2653 476/2654 408/2655
f 400/2656 477/2657 404/2658
f 399/2659 401/2660 479/2661
f 399/2662 478/2663 400/2664
f 401/2665 402/2666 480/2667
f 398/2668 481/2669 402/2670
f 399/2671 479/2672 478/2673
f 400/2674 478/2675 477/2676
f 401/2677 480/2678 479/2679
f 402/2680 481/2681 480/2682
f 398/2683 484/2684 481/2685
f 408/2686 476/2687 482/2688
f 462/2689 475/2690 466/2691
f 466/2692 473/2693 467/2694
f 466/2695 475/2696 473/2697
f 463/2698 482/2699 472/2700
f 463/2701 472/2702 470/2703
f 465/2704 470/2705 471/2706
f 464/2707 471/2708 468/2709
f 470/2710 472/2711 471/2712
f 473/2713 475/2714 474/2715
f 472/2716 482/2717 506/2718
f 404/2719 477/2720 476/2721
f 480/2722 481/2723 483/2724
f 478/2725 479/2726 485/2727
f 477/2728 478/2729 486/2730
f 479/2731 480/2732 487/2733
f 480/2734 483/2735 487/2736
f 481/2737 484/2738 483/2739
f 398/2740 700/2741 484/2742
f 476/2743 477/2744 514/2745
f 476/2746 515/2747 482/2748
f 476/2749 514/2750 515/2751
f 477/2752 486/2753 514/2754
f 479/2755 487/2756 485/2757
f 478/2758 485/2759 486/2760
f 488/2761 490/2762 491/2763
f 426/2764 460/2765 462/2766
f 488/2767 491/2768 495/2769
f 489/2770 495/2771 491/2772
f 426/2773 462/2774 489/2775
f 490/2776 497/2777 491/2778
f 489/2779 491/2780 498/2781
f 393/2782 499/2783 464/2784
f 463/2785 494/2786 492/2787
f 464/2788 499/2789 493/2790
f 462/2791 495/2792 489/2793
f 449/2794 488/2795 503/2796
f 462/2797 500/2798 495/2799
f 488/2800 495/2801 503/2802
f 464/2803 493/2804 465/2805
f 470/2806 496/2807 494/2808
f 465/2809 496/2810 470/2811
f 465/2812 493/2813 496/2814
f 437/2815 497/2816 490/2817
f 436/2818 489/2819 498/2820
f 491/2821 497/2822 498/2823
f 437/2824 554/2825 497/2826
f 497/2827 554/2828 655/2829
f 497/2830 655/2831 498/2832
f 498/2833 655/2834 657/2835
f 436/2836 498/2837 657/2838
f 492/2839 494/2840 659/2841
f 493/2842 499/2843 661/2844
f 499/2845 560/2846 660/2847
f 499/2848 660/2849 661/2850
f 494/2851 662/2852 659/2853
f 494/2854 496/2855 662/2856
f 493/2857 661/2858 496/2859
f 496/2860 661/2861 664/2862
f 496/2863 664/2864 662/2865
f 398/2866 581/2867 700/2868
f 462/2869 466/2870 500/2871
f 495/2872 500/2873 503/2874
f 449/2875 503/2876 459/2877
f 466/2878 467/2879 500/2880
f 467/2881 501/2882 500/2883
f 500/2884 501/2885 502/2886
f 467/2887 509/2888 501/2889
f 467/2890 508/2891 509/2892
f 500/2893 502/2894 503/2895
f 467/2896 473/2897 511/2898
f 473/2899 474/2900 513/2901
f 468/2902 504/2903 469/2904
f 469/2905 504/2906 475/2907
f 501/2908 509/2909 502/2910
f 502/2911 510/2912 503/2913
f 467/2914 511/2915 508/2916
f 502/2917 509/2918 510/2919
f 473/2920 513/2921 511/2922
f 468/2923 505/2924 504/2925
f 474/2926 475/2927 679/2928
f 475/2929 504/2930 679/2931
f 459/2932 503/2933 651/2934
f 503/2935 510/2936 512/2937
f 471/2938 472/2939 507/2940
f 468/2941 471/2942 505/2943
f 471/2944 507/2945 505/2946
f 472/2947 506/2948 507/2949
f 482/2950 515/2951 506/2952
f 508/2953 512/2954 509/2955
f 509/2956 512/2957 510/2958
f 508/2959 511/2960 512/2961
f 504/2962 505/2963 677/2964
f 503/2965 512/2966 651/2967
f 474/2968 679/2969 513/2970
f 511/2971 513/2972 512/2973
f 504/2974 676/2975 679/2976
f 504/2977 677/2978 676/2979
f 512/2980 513/2981 678/2982
f 512/2983 678/2984 651/2985
f 513/2986 679/2987 678/2988
f 506/2989 684/2990 507/2991
f 505/2992 507/2993 684/2994
f 506/2995 515/2996 685/2997
f 505/2998 684/2999 677/3000
f 506/3001 685/3002 684/3003
f 515/3004 694/3005 685/3006
f 514/3007 695/3008 515/3009
f 486/3010 696/3011 514/3012
f 485/3013 487/3014 698/3015
f 483/3016 484/3017 699/3018
f 483/3019 698/3020 487/3021
f 485/3022 697/3023 486/3024
f 514/3025 696/3026 695/3027
f 515/3028 695/3029 694/3030
f 485/3031 698/3032 697/3033
f 486/3034 697/3035 696/3036
f 483/3037 699/3038 698/3039
f 484/3040 700/3041 699/3042
f 516/3043 520/3044 518/3045
f 517/3046 518/3047 519/3048
f 516/3049 636/3050 520/3051
f 518/3052 520/3053 519/3054
f 519/3055 520/3056 574/3057
f 521/3058 522/3059 528/3060
f 521/3061 527/3062 529/3063
f 521/3064 529/3065 523/3066
f 523/3067 530/3068 524/3069
f 523/3070 529/3071 530/3072
f 524/3073 530/3074 531/3075
f 522/3076 525/3077 528/3078
f 524/3079 531/3080 526/3081
f 521/3082 528/3083 527/3084
f 527/3085 584/3086 529/3087
f 527/3088 528/3089 584/3090
f 528/3091 585/3092 584/3093
f 529/3094 586/3095 530/3096
f 529/3097 584/3098 586/3099
f 530/3100 586/3101 588/3102
f 525/3103 569/3104 528/3105
f 528/3106 605/3107 585/3108
f 528/3109 569/3110 605/3111
f 530/3112 588/3113 531/3114
f 570/3115 571/3116 592/3117
f 570/3118 592/3119 590/3120
f 532/3121 533/3122 594/3123
f 532/3124 595/3125 534/3126
f 534/3127 595/3128 535/3129
f 533/3130 580/3131 593/3132
f 526/3133 582/3134 578/3135
f 533/3136 593/3137 594/3138
f 532/3139 594/3140 595/3141
f 535/3142 595/3143 596/3144
f 526/3145 531/3146 582/3147
f 531/3148 591/3149 582/3150
f 580/3151 614/3152 593/3153
f 535/3154 620/3155 581/3156
f 539/3157 557/3158 551/3159
f 539/3160 540/3161 544/3162
f 536/3163 538/3164 562/3165
f 536/3166 562/3167 537/3168
f 539/3169 541/3170 557/3171
f 539/3172 544/3173 541/3174
f 540/3175 543/3176 544/3177
f 537/3178 567/3179 542/3180
f 543/3181 545/3182 544/3183
f 525/3184 553/3185 569/3186
f 538/3187 564/3188 562/3189
f 537/3190 562/3191 563/3192
f 541/3193 573/3194 557/3195
f 541/3196 544/3197 566/3198
f 541/3199 565/3200 573/3201
f 541/3202 566/3203 565/3204
f 537/3205 563/3206 567/3207
f 544/3208 545/3209 566/3210
f 542/3211 567/3212 575/3213
f 546/3214 547/3215 571/3216
f 546/3217 550/3218 548/3219
f 547/3220 549/3221 572/3222
f 546/3223 571/3224 570/3225
f 547/3226 572/3227 571/3228
f 546/3229 570/3230 550/3231
f 551/3232 558/3233 552/3234
f 517/3235 564/3236 538/3237
f 551/3238 557/3239 558/3240
f 543/3241 556/3242 545/3243
f 552/3244 558/3245 554/3246
f 554/3247 558/3248 555/3249
f 556/3250 657/3251 559/3252
f 517/3253 519/3254 564/3255
f 557/3256 574/3257 558/3258
f 557/3259 573/3260 574/3261
f 542/3262 575/3263 553/3264
f 545/3265 556/3266 559/3267
f 545/3268 559/3269 568/3270
f 555/3271 558/3272 574/3273
f 555/3274 574/3275 665/3276
f 548/3277 550/3278 560/3279
f 549/3280 659/3281 572/3282
f 550/3283 561/3284 560/3285
f 560/3286 561/3287 663/3288
f 572/3289 659/3290 669/3291
f 562/3292 564/3293 565/3294
f 562/3295 565/3296 563/3297
f 564/3298 573/3299 565/3300
f 563/3301 565/3302 566/3303
f 563/3304 568/3305 567/3306
f 563/3307 566/3308 568/3309
f 545/3310 568/3311 566/3312
f 553/3313 575/3314 569/3315
f 569/3316 577/3317 605/3318
f 550/3319 570/3320 590/3321
f 550/3322 590/3323 607/3324
f 571/3325 572/3326 609/3327
f 519/3328 573/3329 564/3330
f 519/3331 574/3332 573/3333
f 559/3334 576/3335 568/3336
f 567/3337 568/3338 576/3339
f 520/3340 665/3341 574/3342
f 559/3343 668/3344 576/3345
f 567/3346 576/3347 575/3348
f 569/3349 575/3350 577/3351
f 575/3352 576/3353 703/3354
f 575/3355 703/3356 577/3357
f 550/3358 607/3359 561/3360
f 561/3361 611/3362 663/3363
f 561/3364 607/3365 611/3366
f 572/3367 669/3368 704/3369
f 578/3370 582/3371 579/3372
f 579/3373 583/3374 580/3375
f 579/3376 582/3377 583/3378
f 580/3379 583/3380 614/3381
f 584/3382 585/3383 586/3384
f 585/3385 587/3386 586/3387
f 586/3388 587/3389 588/3390
f 587/3391 589/3392 588/3393
f 585/3394 606/3395 587/3396
f 585/3397 605/3398 606/3399
f 587/3400 590/3401 592/3402
f 531/3403 588/3404 591/3405
f 587/3406 606/3407 590/3408
f 587/3409 592/3410 589/3411
f 588/3412 589/3413 591/3414
f 589/3415 592/3416 609/3417
f 589/3418 608/3419 591/3420
f 589/3421 609/3422 608/3423
f 535/3424 596/3425 600/3426
f 535/3427 600/3428 604/3429
f 593/3430 597/3431 594/3432
f 594/3433 597/3434 598/3435
f 594/3436 598/3437 595/3438
f 595/3439 599/3440 596/3441
f 593/3442 618/3443 597/3444
f 535/3445 604/3446 620/3447
f 582/3448 591/3449 612/3450
f 591/3451 608/3452 612/3453
f 593/3454 614/3455 618/3456
f 595/3457 598/3458 599/3459
f 596/3460 599/3461 600/3462
f 597/3463 602/3464 598/3465
f 598/3466 603/3467 599/3468
f 599/3469 601/3470 600/3471
f 599/3472 603/3473 601/3474
f 600/3475 601/3476 604/3477
f 598/3478 602/3479 603/3480
f 597/3481 618/3482 619/3483
f 597/3484 619/3485 602/3486
f 602/3487 624/3488 603/3489
f 601/3490 603/3491 623/3492
f 601/3493 620/3494 604/3495
f 602/3496 619/3497 622/3498
f 601/3499 623/3500 620/3501
f 603/3502 624/3503 623/3504
f 577/3505 606/3506 605/3507
f 606/3508 610/3509 607/3510
f 590/3511 606/3512 607/3513
f 571/3514 609/3515 592/3516
f 608/3517 609/3518 615/3519
f 577/3520 610/3521 606/3522
f 607/3523 610/3524 611/3525
f 572/3526 704/3527 609/3528
f 609/3529 704/3530 615/3531
f 582/3532 612/3533 583/3534
f 583/3535 612/3536 613/3537
f 583/3538 613/3539 614/3540
f 608/3541 616/3542 612/3543
f 612/3544 616/3545 613/3546
f 613/3547 616/3548 617/3549
f 613/3550 618/3551 614/3552
f 613/3553 617/3554 618/3555
f 608/3556 615/3557 616/3558
f 617/3559 619/3560 618/3561
f 616/3562 625/3563 617/3564
f 617/3565 621/3566 619/3567
f 617/3568 625/3569 621/3570
f 602/3571 622/3572 624/3573
f 619/3574 621/3575 622/3576
f 615/3577 625/3578 616/3579
f 626/3580 627/3581 630/3582
f 626/3583 633/3584 628/3585
f 626/3586 629/3587 633/3588
f 626/3589 630/3590 629/3591
f 628/3592 639/3593 635/3594
f 628/3595 633/3596 639/3597
f 629/3598 631/3599 633/3600
f 629/3601 630/3602 632/3603
f 629/3604 632/3605 631/3606
f 631/3607 634/3608 633/3609
f 633/3610 634/3611 639/3612
f 634/3613 640/3614 639/3615
f 516/3616 635/3617 639/3618
f 516/3619 639/3620 636/3621
f 636/3622 639/3623 640/3624
f 636/3625 640/3626 637/3627
f 520/3628 636/3629 637/3630
f 520/3631 637/3632 638/3633
f 520/3634 638/3635 665/3636
f 638/3637 667/3638 665/3639
f 637/3640 640/3641 653/3642
f 637/3643 654/3644 638/3645
f 627/3646 641/3647 644/3648
f 627/3649 644/3650 630/3651
f 641/3652 642/3653 644/3654
f 642/3655 645/3656 644/3657
f 642/3658 643/3659 648/3660
f 643/3661 649/3662 652/3663
f 630/3664 646/3665 632/3666
f 631/3667 632/3668 648/3669
f 631/3670 648/3671 634/3672
f 630/3673 644/3674 646/3675
f 632/3676 646/3677 648/3678
f 634/3679 652/3680 640/3681
f 642/3682 647/3683 645/3684
f 642/3685 648/3686 647/3687
f 644/3688 647/3689 646/3690
f 644/3691 645/3692 647/3693
f 646/3694 647/3695 648/3696
f 643/3697 652/3698 648/3699
f 634/3700 648/3701 652/3702
f 649/3703 650/3704 653/3705
f 650/3706 651/3707 654/3708
f 637/3709 653/3710 654/3711
f 649/3712 653/3713 652/3714
f 640/3715 652/3716 653/3717
f 650/3718 654/3719 653/3720
f 554/3721 555/3722 656/3723
f 554/3724 656/3725 655/3726
f 655/3727 656/3728 658/3729
f 655/3730 658/3731 657/3732
f 559/3733 657/3734 658/3735
f 555/3736 665/3737 656/3738
f 559/3739 658/3740 668/3741
f 656/3742 666/3743 658/3744
f 560/3745 663/3746 660/3747
f 660/3748 663/3749 661/3750
f 659/3751 662/3752 671/3753
f 659/3754 671/3755 669/3756
f 661/3757 663/3758 670/3759
f 661/3760 673/3761 664/3762
f 662/3763 664/3764 673/3765
f 661/3766 670/3767 673/3768
f 662/3769 673/3770 671/3771
f 656/3772 665/3773 666/3774
f 658/3775 666/3776 668/3777
f 665/3778 667/3779 666/3780
f 576/3781 705/3782 703/3783
f 666/3784 667/3785 672/3786
f 666/3787 672/3788 668/3789
f 576/3790 668/3791 705/3792
f 663/3793 706/3794 670/3795
f 611/3796 706/3797 663/3798
f 669/3799 671/3800 708/3801
f 668/3802 672/3803 705/3804
f 638/3805 691/3806 667/3807
f 672/3808 686/3809 705/3810
f 667/3811 691/3812 672/3813
f 670/3814 707/3815 673/3816
f 671/3817 673/3818 713/3819
f 670/3820 706/3821 707/3822
f 673/3823 707/3824 713/3825
f 581/3826 620/3827 700/3828
f 676/3829 688/3830 679/3831
f 676/3832 677/3833 688/3834
f 651/3835 678/3836 682/3837
f 678/3838 679/3839 683/3840
f 678/3841 683/3842 682/3843
f 674/3844 682/3845 675/3846
f 674/3847 680/3848 682/3849
f 675/3850 682/3851 681/3852
f 677/3853 689/3854 688/3855
f 681/3856 682/3857 683/3858
f 651/3859 682/3860 691/3861
f 679/3862 717/3863 683/3864
f 677/3865 684/3866 689/3867
f 684/3868 685/3869 693/3870
f 685/3871 694/3872 701/3873
f 684/3874 692/3875 689/3876
f 684/3877 693/3878 692/3879
f 685/3880 701/3881 693/3882
f 674/3883 675/3884 710/3885
f 686/3886 709/3887 705/3888
f 674/3889 710/3890 687/3891
f 638/3892 654/3893 691/3894
f 672/3895 691/3896 686/3897
f 686/3898 710/3899 709/3900
f 686/3901 687/3902 710/3903
f 686/3904 690/3905 687/3906
f 674/3907 690/3908 680/3909
f 675/3910 681/3911 710/3912
f 681/3913 683/3914 716/3915
f 674/3916 687/3917 690/3918
f 680/3919 690/3920 691/3921
f 679/3922 688/3923 718/3924
f 688/3925 689/3926 712/3927
f 679/3928 718/3929 717/3930
f 680/3931 691/3932 682/3933
f 651/3934 691/3935 654/3936
f 681/3937 716/3938 710/3939
f 683/3940 717/3941 716/3942
f 686/3943 691/3944 690/3945
f 688/3946 712/3947 711/3948
f 688/3949 711/3950 718/3951
f 689/3952 692/3953 714/3954
f 692/3955 693/3956 715/3957
f 689/3958 714/3959 712/3960
f 692/3961 715/3962 714/3963
f 693/3964 701/3965 719/3966
f 694/3967 695/3968 701/3969
f 695/3970 696/3971 702/3972
f 696/3973 697/3974 720/3975
f 697/3976 698/3977 721/3978
f 698/3979 699/3980 723/3981
f 699/3982 700/3983 724/3984
f 695/3985 702/3986 701/3987
f 696/3988 720/3989 702/3990
f 697/3991 721/3992 720/3993
f 698/3994 722/3995 721/3996
f 698/3997 723/3998 722/3999
f 699/4000 724/4001 723/4002
f 610/4003 706/4004 611/4005
f 577/4006 712/4007 610/4008
f 669/4009 708/4010 704/4011
f 615/4012 704/4013 719/4014
f 577/4015 703/4016 718/4017
f 703/4018 705/4019 718/4020
f 610/4021 712/4022 706/4023
f 577/4024 718/4025 711/4026
f 577/4027 711/4028 712/4029
f 671/4030 713/4031 708/4032
f 706/4033 714/4034 707/4035
f 704/4036 708/4037 719/4038
f 615/4039 719/4040 725/4041
f 615/4042 725/4043 625/4044
f 621/4045 625/4046 726/4047
f 621/4048 727/4049 622/4050
f 622/4051 728/4052 624/4053
f 623/4054 624/4055 729/4056
f 620/4057 623/4058 730/4059
f 621/4060 726/4061 727/4062
f 622/4063 727/4064 728/4065
f 620/4066 730/4067 724/4068
f 624/4069 728/4070 729/4071
f 623/4072 729/4073 730/4074
f 705/4075 709/4076 718/4077
f 709/4078 710/4079 716/4080
f 709/4081 716/4082 718/4083
f 706/4084 712/4085 714/4086
f 708/4087 713/4088 715/4089
f 707/4090 714/4091 713/4092
f 713/4093 714/4094 715/4095
f 708/4096 715/4097 719/4098
f 716/4099 717/4100 718/4101
f 693/4102 719/4103 715/4104
f 620/4105 724/4106 700/4107
f 701/4108 725/4109 719/4110
f 701/4111 702/4112 725/4113
f 702/4114 720/4115 726/4116
f 702/4117 726/4118 725/4119
f 720/4120 721/4121 727/4122
f 721/4123 722/4124 728/4125
f 625/4126 725/4127 726/4128
f 720/4129 727/4130 726/4131
f 721/4132 728/4133 727/4134
f 722/4135 723/4136 729/4137
f 723/4138 724/4139 730/4140
f 722/4141 729/4142 728/4143
f 723/4144 730/4145 729/4146
o Hardware
g Hardware
usemtl PlumDark
v -0.11349 0.20715 0.83780
v -0.11361 0.20727 0.41700
v -0.13038 0.16677 0.41700
v -0.13022 0.16677 0.83780
v -0.01377 0.16677 -3.25000
v -0.03115 0.20873 -3.25000
v -0.01872 0.22116 -3.23751
v 0.00381 0.16677 -3.23751
v -0.07311 0.22567 -2.46791
v -0.03146 0.20842 -2.46791
v -0.01912 0.22076 -2.48040
v -0.07311 0.24312 -2.48040
v -0.07311 0.22611 -3.25000
v -0.11507 0.20873 -3.25000
v -0.12750 0.22116 -3.23751
v -0.07311 0.24369 -3.23751
v -0.11476 0.20842 -2.46791
v -0.12709 0.22076 -2.48040
v -0.11507 0.12481 -3.25000
v -0.07311 0.10743 -3.25000
v -0.07311 0.08985 -3.23751
v -0.12750 0.11238 -3.23751
v -0.13201 0.16677 -2.46791
v -0.14946 0.16677 -2.48040
v -0.11476 0.12512 -2.46791
v -0.12709 0.11278 -2.48040
v -0.03293 0.12659 1.36543
v -0.01628 0.16677 1.36543
v -0.03610 0.16677 1.36543
v -0.04694 0.14060 1.36543
v -0.07311 0.20378 1.36543
v -0.09928 0.19294 1.36543
v -0.09928 0.19294 1.39250
v -0.07311 0.20378 1.39250
v -0.07311 0.22360 1.36543
v -0.11329 0.20695 1.36543
v -0.11329 0.12659 1.36543
v -0.07311 0.10994 1.36543
v -0.07311 0.12976 1.36543
v -0.09928 0.14060 1.36543
v -0.03293 0.20695 1.36543
v -0.04694 0.19294 1.36543
v -0.12993 0.16677 1.36543
v -0.11012 0.16677 1.36543
v -0.11012 0.16677 1.39250
v -0.09928 0.14060 1.39250
v -0.07311 0.12976 1.39250
v -0.04694 0.14060 1.39250
v -0.03610 0.16677 1.39250
v -0.04694 0.19294 1.39250
v -0.07311 0.21152 -3.25000
v -0.10475 0.19841 -3.25000
v -0.07311 0.21152 -2.28474
v -0.10475 0.19841 -2.28474
v -0.10475 0.13513 -3.25000
v -0.07311 0.12202 -3.25000
v -0.02836 0.16677 -3.25000
v -0.04147 0.19841 -3.25000
v -0.13245 0.16677 -3.25000
v -0.11786 0.16677 -3.25000
v -0.03115 0.12481 -3.25000
v -0.04147 0.13513 -3.25000
v -0.10475 0.13513 -2.28474
v -0.11786 0.16677 -2.28474
v -0.04147 0.19841 -2.28474
v -0.02836 0.16677 -2.28474
v -0.04147 0.13513 -2.28474
v -0.07311 0.12202 -2.28474
v -0.07311 0.22388 0.83780
v -0.03272 0.20715 0.83780
v -0.01600 0.16677 0.83780
v -0.03272 0.12639 0.83780
v -0.07311 0.10966 0.83780
v -0.11349 0.12639 0.83780
v -0.05324 0.13025 0.82358
v -0.05314 0.13015 0.43120
v -0.03797 0.16677 0.43120
v -0.03811 0.16677 0.82358
v -0.11361 0.12627 0.41700
v -0.07311 0.10950 0.41700
v -0.03261 0.12627 0.41700
v -0.03261 0.20727 0.41700
v -0.05324 0.20329 0.82358
v -0.05314 0.20339 0.43120
v -0.07311 0.22404 0.41700
v -0.01872 0.11238 -3.23751
v -0.01583 0.16677 0.41700
v -0.01421 0.16677 -2.46791
v -0.03146 0.12512 -2.46791
v -0.07311 0.10787 -2.46791
v -0.15003 0.16677 -3.23751
v -0.07311 0.09042 -2.48040
v -0.01912 0.11278 -2.48040
v 0.00324 0.16677 -2.48040
v -0.07311 0.23670 1.19424
v -0.12256 0.21622 1.19424
v -0.12256 0.21622 1.24540
v -0.07311 0.23670 1.24540
v -0.00318 0.16677 1.19424
v -0.02366 0.21622 1.19424
v -0.02366 0.21622 1.24540
v -0.00318 0.16677 1.24540
v -0.07311 0.09684 1.19424
v -0.02366 0.11732 1.19424
v -0.02366 0.11732 1.24540
v -0.07311 0.09684 1.24540
v -0.14304 0.16677 1.19424
v -0.12256 0.11732 1.19424
v -0.12256 0.11732 1.24540
v -0.14304 0.16677 1.24540
v 0.13220 0.06832 1.23166
v 0.14168 0.09121 1.23166
v 0.14168 0.09121 1.20798
v 0.15515 0.08563 1.24325
v 0.15515 0.08563 1.19640
v 0.13220 0.06832 1.20798
v 0.14566 0.06274 1.24325
v 0.14566 0.06274 1.19640
v 0.16459 0.05490 1.19244
v 0.16459 0.05490 1.24720
v 0.17408 0.07779 1.19244
v 0.17408 0.07779 1.24720
v 0.18921 0.07153 1.24039
v 0.18921 0.07153 1.19926
v 0.19996 0.06726 1.22726
v 0.19996 0.06726 1.21239
v 0.17972 0.04863 1.19926
v 0.17972 0.04863 1.24039
v 0.19048 0.04437 1.21239
v 0.19048 0.04437 1.22726
v -0.12547 0.23192 0.33083
v -0.12553 0.23192 0.10097
v -0.12553 0.18284 0.10097
v -0.12547 0.18284 0.33083
v -0.02069 0.23192 0.10097
v -0.02075 0.23192 0.33083
v -0.02075 0.18284 0.33083
v -0.02069 0.18284 0.10097
v -0.02095 0.18284 1.14022
v -0.12527 0.18284 1.14022
v -0.12531 0.18284 0.93296
v -0.02091 0.18284 0.93296
v -0.02095 0.23192 1.14022
v -0.02095 0.25171 1.14022
v -0.12527 0.25171 1.14022
v -0.12527 0.23192 1.14022
v -0.12531 0.25171 0.93296
v -0.12531 0.23192 0.93296
v -0.02075 0.25171 0.33083
v -0.02069 0.25171 0.10097
v -0.02091 0.23192 0.93296
v -0.12547 0.25171 0.33083
v -0.02091 0.25171 0.93296
v -0.12553 0.25171 0.10097
v -0.05902 -0.10416 1.24652
v -0.05902 -0.09943 1.20788
v -0.07852 -0.09943 1.20788
v -0.07852 -0.10416 1.24652
v -0.07852 -0.14049 1.24750
v -0.07852 -0.13637 1.21382
v -0.07852 -0.16765 1.23090
v -0.07852 -0.17117 1.25474
v -0.05902 -0.13637 1.21382
v -0.05902 -0.14049 1.24750
v -0.05902 -0.16765 1.23090
v -0.05902 -0.17117 1.25474
v -0.05902 -0.20960 1.25417
v -0.05902 -0.20861 1.23376
v -0.05902 -0.25669 1.23454
v -0.05902 -0.23970 1.22459
v -0.07852 -0.20861 1.23376
v -0.07852 -0.20960 1.25417
v -0.07852 -0.25669 1.23454
v -0.07852 -0.28145 1.21114
v -0.05902 -0.28146 1.21114
v -0.07852 -0.23970 1.22459
v -0.07852 -0.27073 1.20664
v -0.05902 -0.27073 1.20664
v 0.31177 -0.35843 -2.02193
v 0.31177 -0.35843 -1.33193
v 0.31177 -0.18843 -2.02193
v 0.31177 -0.18843 -1.33193
v 0.02000 -0.35843 -2.02193
v 0.02000 -0.35843 -1.33193
v 0.02000 -0.18843 -2.02193
v 0.02000 -0.18843 -1.33193
vt 0.69817 0.17263
vt 0.34750 0.17273
vt 0.34750 0.13898
vt 0.69817 0.17263
vt 0.34750 0.13898
vt 0.69817 0.13898
vt -0.01147 0.13898
vt -0.02596 0.17394
vt -0.01560 0.18430
vt -0.01147 0.13898
vt -0.01560 0.18430
vt 0.00318 0.13898
vt -0.06092 0.18806
vt -0.02622 0.17368
vt -0.01593 0.18397
vt -0.06092 0.18806
vt -0.01593 0.18397
vt -0.06092 0.20260
vt -0.06092 0.18843
vt -0.09589 0.17394
vt -0.10625 0.18430
vt -0.06092 0.18843
vt -0.10625 0.18430
vt -0.06092 0.20308
vt -0.09563 0.17368
vt -0.06092 0.18806
vt -0.06092 0.20260
vt -0.09563 0.17368
vt -0.06092 0.20260
vt -0.10591 0.18397
vt -0.09589 0.10401
vt -0.06092 0.08953
vt -0.06092 0.07487
vt -0.09589 0.10401
vt -0.06092 0.07487
vt -0.10625 0.09365
vt -0.11001 0.13898
vt -0.09563 0.17368
vt -0.10591 0.18397
vt -0.11001 0.13898
vt -0.10591 0.18397
vt -0.12455 0.13898
vt -0.09563 0.10427
vt -0.11001 0.13898
vt -0.12455 0.13898
vt -0.09563 0.10427
vt -0.12455 0.13898
vt -0.10591 0.09398
vt -0.02744 0.10549
vt -0.01357 0.13898
vt -0.03008 0.13898
vt -0.02744 0.10549
vt -0.03008 0.13898
vt -0.03912 0.11717
vt -0.06092 1.13786
vt -0.08273 1.13786
vt -0.08273 1.16042
vt -0.06092 1.13786
vt -0.08273 1.16042
vt -0.06092 1.16042
vt -0.06092 0.18633
vt -0.09441 0.17246
vt -0.08273 0.16078
vt -0.06092 0.18633
vt -0.08273 0.16078
vt -0.06092 0.16982
vt -0.09441 0.10549
vt -0.06092 0.09162
vt -0.06092 0.10813
vt -0.09441 0.10549
vt -0.06092 0.10813
vt -0.08273 0.11717
vt -0.01357 0.13898
vt -0.02744 0.17246
vt -0.03912 0.16078
vt -0.01357 0.13898
vt -0.03912 0.16078
vt -0.03008 0.13898
vt -0.09441 0.17246
vt -0.10827 0.13898
vt -0.09177 0.13898
vt -0.09441 0.17246
vt -0.09177 0.13898
vt -0.08273 0.16078
vt -0.10827 0.13898
vt -0.09441 0.10549
vt -0.08273 0.11717
vt -0.10827 0.13898
vt -0.08273 0.11717
vt -0.09177 0.13898
vt -0.06092 0.09162
vt -0.02744 0.10549
vt -0.03912 0.11717
vt -0.06092 0.09162
vt -0.03912 0.11717
vt -0.06092 0.10813
vt -0.02744 0.17246
vt -0.06092 0.18633
vt -0.06092 0.16982
vt -0.02744 0.17246
vt -0.06092 0.16982
vt -0.03912 0.16078
vt -0.09177 0.13898
vt -0.08273 0.11717
vt -0.06092 0.10813
vt -0.09177 0.13898
vt -0.06092 0.10813
vt -0.03912 0.11717
vt -0.09177 0.13898
vt -0.03912 0.11717
vt -0.03008 0.13898
vt -0.09177 0.13898
vt -0.03008 0.13898
vt -0.03912 0.16078
vt -0.09177 0.13898
vt -0.03912 0.16078
vt -0.06092 0.16982
vt -0.09177 0.13898
vt -0.06092 0.16982
vt -0.08273 0.16078
vt 1.13786 0.13898
vt 1.13786 0.16078
vt 1.16042 0.16078
vt 1.13786 0.13898
vt 1.16042 0.16078
vt 1.16042 0.13898
vt -0.06092 1.13786
vt -0.03912 1.13786
vt -0.03912 1.16042
vt -0.06092 1.13786
vt -0.03912 1.16042
vt -0.06092 1.16042
vt 1.13786 0.13898
vt 1.13786 0.11717
vt 1.16042 0.11717
vt 1.13786 0.13898
vt 1.16042 0.11717
vt 1.16042 0.13898
vt 1.13786 0.16078
vt 1.13786 0.13898
vt 1.16042 0.13898
vt 1.13786 0.16078
vt 1.16042 0.13898
vt 1.16042 0.16078
vt -0.03912 1.13786
vt -0.06092 1.13786
vt -0.06092 1.16042
vt -0.03912 1.13786
vt -0.06092 1.16042
vt -0.03912 1.16042
vt 1.13786 0.11717
vt 1.13786 0.13898
vt 1.16042 0.13898
vt 1.13786 0.11717
vt 1.16042 0.13898
vt 1.16042 0.11717
vt -0.08273 1.13786
vt -0.06092 1.13786
vt -0.06092 1.16042
vt -0.08273 1.13786
vt -0.06092 1.16042
vt -0.08273 1.16042
vt -0.09589 0.17394
vt -0.06092 0.18843
vt -0.06092 0.17627
vt -0.09589 0.17394
vt -0.06092 0.17627
vt -0.08729 0.16534
vt -0.08729 -2.70833
vt -0.06092 -2.70833
vt -0.06092 -1.90395
vt -0.08729 -2.70833
vt -0.06092 -1.90395
vt -0.08729 -1.90395
vt -0.06092 0.08953
vt -0.09589 0.10401
vt -0.08729 0.11261
vt -0.06092 0.08953
vt -0.08729 0.11261
vt -0.06092 0.10168
vt -0.02596 0.17394
vt -0.01147 0.13898
vt -0.02363 0.13898
vt -0.02596 0.17394
vt -0.02363 0.13898
vt -0.03456 0.16534
vt -0.11038 0.13898
vt -0.09589 0.17394
vt -0.08729 0.16534
vt -0.11038 0.13898
vt -0.08729 0.16534
vt -0.09822 0.13898
vt -0.09589 0.10401
vt -0.11038 0.13898
vt -0.09822 0.13898
vt -0.09589 0.10401
vt -0.09822 0.13898
vt -0.08729 0.11261
vt -0.02596 0.10401
vt -0.06092 0.08953
vt -0.06092 0.10168
vt -0.02596 0.10401
vt -0.06092 0.10168
vt -0.03456 0.11261
vt -0.06092 0.18843
vt -0.02596 0.17394
vt -0.03456 0.16534
vt -0.06092 0.18843
vt -0.03456 0.16534
vt -0.06092 0.17627
vt -0.01147 0.13898
vt -0.02596 0.10401
vt -0.03456 0.11261
vt -0.01147 0.13898
vt -0.03456 0.11261
vt -0.02363 0.13898
vt -0.08729 0.11261
vt -0.09822 0.13898
vt -0.08729 0.16534
vt -0.08729 0.11261
vt -0.08729 0.16534
vt -0.06092 0.17627
vt -0.08729 0.11261
vt -0.06092 0.17627
vt -0.03456 0.16534
vt -0.08729 0.11261
vt -0.03456 0.16534
vt -0.02363 0.13898
vt -0.08729 0.11261
vt -0.02363 0.13898
vt -0.03456 0.11261
vt -0.08729 0.11261
vt -0.03456 0.11261
vt -0.06092 0.10168
vt -2.70833 0.16534
vt -2.70833 0.13898
vt -1.90395 0.13898
vt -2.70833 0.16534
vt -1.90395 0.13898
vt -1.90395 0.16534
vt -0.03456 -2.70833
vt -0.06092 -2.70833
vt -0.06092 -1.90395
vt -0.03456 -2.70833
vt -0.06092 -1.90395
vt -0.03456 -1.90395
vt -2.70833 0.11261
vt -2.70833 0.13898
vt -1.90395 0.13898
vt -2.70833 0.11261
vt -1.90395 0.13898
vt -1.90395 0.11261
vt -2.70833 0.13898
vt -2.70833 0.16534
vt -1.90395 0.16534
vt -2.70833 0.13898
vt -1.90395 0.16534
vt -1.90395 0.13898
vt -0.06092 -2.70833
vt -0.03456 -2.70833
vt -0.03456 -1.90395
vt -0.06092 -2.70833
vt -0.03456 -1.90395
vt -0.06092 -1.90395
vt -2.70833 0.13898
vt -2.70833 0.11261
vt -1.90395 0.11261
vt -2.70833 0.13898
vt -1.90395 0.11261
vt -1.90395 0.13898
vt -0.06092 -2.70833
vt -0.08729 -2.70833
vt -0.08729 -1.90395
vt -0.06092 -2.70833
vt -0.08729 -1.90395
vt -0.06092 -1.90395
vt 1.13786 0.17246
vt 0.69817 0.17263
vt 0.69817 0.13898
vt 1.13786 0.17246
vt 0.69817 0.13898
vt 1.13786 0.13898
vt -0.06092 1.13786
vt -0.06092 0.69817
vt -0.09457 0.69817
vt -0.06092 1.13786
vt -0.09457 0.69817
vt -0.09441 1.13786
vt -0.02744 1.13786
vt -0.02727 0.69817
vt -0.06092 0.69817
vt -0.02744 1.13786
vt -0.06092 0.69817
vt -0.06092 1.13786
vt 1.13786 0.13898
vt 0.69817 0.13898
vt 0.69817 0.17263
vt 1.13786 0.13898
vt 0.69817 0.17263
vt 1.13786 0.17246
vt 1.13786 0.10549
vt 0.69817 0.10533
vt 0.69817 0.13898
vt 1.13786 0.10549
vt 0.69817 0.13898
vt 1.13786 0.13898
vt -0.06092 1.13786
vt -0.06092 0.69817
vt -0.02727 0.69817
vt -0.06092 1.13786
vt -0.02727 0.69817
vt -0.02744 1.13786
vt -0.09441 1.13786
vt -0.09457 0.69817
vt -0.06092 0.69817
vt -0.09441 1.13786
vt -0.06092 0.69817
vt -0.06092 1.13786
vt 1.13786 0.13898
vt 0.69817 0.13898
vt 0.69817 0.10533
vt 1.13786 0.13898
vt 0.69817 0.10533
vt 1.13786 0.10549
vt 0.68632 0.10854
vt 0.35933 0.10846
vt 0.35933 0.13898
vt 0.68632 0.10854
vt 0.35933 0.13898
vt 0.68632 0.13898
vt 0.69817 0.13898
vt 0.34750 0.13898
vt 0.34750 0.10522
vt 0.69817 0.13898
vt 0.34750 0.10522
vt 0.69817 0.10533
vt -0.09457 0.69817
vt -0.09468 0.34750
vt -0.06092 0.34750
vt -0.09457 0.69817
vt -0.06092 0.34750
vt -0.06092 0.69817
vt -0.06092 0.69817
vt -0.06092 0.34750
vt -0.02718 0.34750
vt -0.06092 0.69817
vt -0.02718 0.34750
vt -0.02727 0.69817
vt -0.02718 0.34750
vt -0.02727 0.69817
vt -0.04437 0.68632
vt -0.02718 0.34750
vt -0.04437 0.68632
vt -0.04428 0.35933
vt -0.01333 0.13898
vt -0.02727 0.10533
vt -0.04437 0.10854
vt -0.01333 0.13898
vt -0.04437 0.10854
vt -0.03176 0.13898
vt -0.02727 0.69817
vt -0.02718 0.34750
vt -0.06092 0.34750
vt -0.02727 0.69817
vt -0.06092 0.34750
vt -0.06092 0.69817
vt -0.06092 0.69817
vt -0.06092 0.34750
vt -0.09468 0.34750
vt -0.06092 0.69817
vt -0.09468 0.34750
vt -0.09457 0.69817
vt -0.02596 0.10401
vt -0.01147 0.13898
vt 0.00318 0.13898
vt -0.02596 0.10401
vt 0.00318 0.13898
vt -0.01560 0.09365
vt 0.68632 0.13898
vt 0.35933 0.13898
vt 0.35933 0.16949
vt 0.68632 0.13898
vt 0.35933 0.16949
vt 0.68632 0.16941
vt -0.02727 0.69817
vt -0.02718 0.34750
vt -0.04428 0.35933
vt -0.02727 0.69817
vt -0.04428 0.35933
vt -0.04437 0.68632
vt -0.01319 0.13898
vt -0.02718 0.17273
vt -0.04428 0.16949
vt -0.01319 0.13898
vt -0.04428 0.16949
vt -0.03164 0.13898
vt -0.02727 0.17263
vt -0.01333 0.13898
vt -0.03176 0.13898
vt -0.02727 0.17263
vt -0.03176 0.13898
vt -0.04437 0.16941
vt -0.02718 0.10522
vt -0.01319 0.13898
vt -0.03164 0.13898
vt -0.02718 0.10522
vt -0.03164 0.13898
vt -0.04428 0.10846
vt 0.34750 0.17273
vt -2.05659 0.17368
vt -2.05659 0.13898
vt 0.34750 0.17273
vt -2.05659 0.13898
vt 0.34750 0.13898
vt -0.06092 0.34750
vt -0.06092 -2.05659
vt -0.09563 -2.05659
vt -0.06092 0.34750
vt -0.09563 -2.05659
vt -0.09468 0.34750
vt -0.02718 0.34750
vt -0.02622 -2.05659
vt -0.06092 -2.05659
vt -0.02718 0.34750
vt -0.06092 -2.05659
vt -0.06092 0.34750
vt 0.34750 0.13898
vt -2.05659 0.13898
vt -2.05659 0.17368
vt 0.34750 0.13898
vt -2.05659 0.17368
vt 0.34750 0.17273
vt 0.34750 0.10522
vt -2.05659 0.10427
vt -2.05659 0.13898
vt 0.34750 0.10522
vt -2.05659 0.13898
vt 0.34750 0.13898
vt -0.06092 0.34750
vt -0.06092 -2.05659
vt -0.02622 -2.05659
vt -0.06092 0.34750
vt -0.02622 -2.05659
vt -0.02718 0.34750
vt -0.09468 0.34750
vt -0.09563 -2.05659
vt -0.06092 -2.05659
vt -0.09468 0.34750
vt -0.06092 -2.05659
vt -0.06092 0.34750
vt 0.34750 0.13898
vt -2.05659 0.13898
vt -2.05659 0.10427
vt 0.34750 0.13898
vt -2.05659 0.10427
vt 0.34750 0.10522
vt -2.06700 0.13898
vt -2.69793 0.13898
vt -2.69793 0.09365
vt -2.06700 0.13898
vt -2.69793 0.09365
vt -2.06700 0.09398
vt -0.10591 -2.06700
vt -0.10625 -2.69793
vt -0.06092 -2.69793
vt -0.10591 -2.06700
vt -0.06092 -2.69793
vt -0.06092 -2.06700
vt -0.06092 -2.06700
vt -0.06092 -2.69793
vt -0.01560 -2.69793
vt -0.06092 -2.06700
vt -0.01560 -2.69793
vt -0.01593 -2.06700
vt -2.06700 0.09398
vt -2.69793 0.09365
vt -2.69793 0.13898
vt -2.06700 0.09398
vt -2.69793 0.13898
vt -2.06700 0.13898
vt -2.06700 0.13898
vt -2.69793 0.13898
vt -2.69793 0.18430
vt -2.06700 0.13898
vt -2.69793 0.18430
vt -2.06700 0.18397
vt -0.01593 -2.06700
vt -0.01560 -2.69793
vt -0.06092 -2.69793
vt -0.01593 -2.06700
vt -0.06092 -2.69793
vt -0.06092 -2.06700
vt -0.06092 -2.06700
vt -0.06092 -2.69793
vt -0.10625 -2.69793
vt -0.06092 -2.06700
vt -0.10625 -2.69793
vt -0.10591 -2.06700
vt -2.06700 0.18397
vt -2.69793 0.18430
vt -2.69793 0.13898
vt -2.06700 0.18397
vt -2.69793 0.13898
vt -2.06700 0.13898
vt -0.02622 0.17368
vt -0.01184 0.13898
vt 0.00270 0.13898
vt -0.02622 0.17368
vt 0.00270 0.13898
vt -0.01593 0.18397
vt -0.06092 0.08953
vt -0.02596 0.10401
vt -0.01560 0.09365
vt -0.06092 0.08953
vt -0.01560 0.09365
vt -0.06092 0.07487
vt -0.01184 0.13898
vt -0.02622 0.10427
vt -0.01593 0.09398
vt -0.01184 0.13898
vt -0.01593 0.09398
vt 0.00270 0.13898
vt -0.09589 0.17394
vt -0.11038 0.13898
vt -0.12502 0.13898
vt -0.09589 0.17394
vt -0.12502 0.13898
vt -0.10625 0.18430
vt -0.11038 0.13898
vt -0.09589 0.10401
vt -0.10625 0.09365
vt -0.11038 0.13898
vt -0.10625 0.09365
vt -0.12502 0.13898
vt -0.02622 0.10427
vt -0.06092 0.08989
vt -0.06092 0.07535
vt -0.02622 0.10427
vt -0.06092 0.07535
vt -0.01593 0.09398
vt -0.02596 0.17394
vt -0.06092 0.18843
vt -0.06092 0.20308
vt -0.02596 0.17394
vt -0.06092 0.20308
vt -0.01560 0.18430
vt -0.06092 0.08989
vt -0.09563 0.10427
vt -0.10591 0.09398
vt -0.06092 0.08989
vt -0.10591 0.09398
vt -0.06092 0.07535
vt -0.06092 0.99520
vt -0.10213 0.99520
vt -0.10213 1.03783
vt -0.06092 0.99520
vt -0.10213 1.03783
vt -0.06092 1.03783
vt 0.99520 0.13898
vt 0.99520 0.18018
vt 1.03783 0.18018
vt 0.99520 0.13898
vt 1.03783 0.18018
vt 1.03783 0.13898
vt -0.06092 0.99520
vt -0.01972 0.99520
vt -0.01972 1.03783
vt -0.06092 0.99520
vt -0.01972 1.03783
vt -0.06092 1.03783
vt 0.99520 0.13898
vt 0.99520 0.09777
vt 1.03783 0.09777
vt 0.99520 0.13898
vt 1.03783 0.09777
vt 1.03783 0.13898
vt 0.99520 0.18018
vt 0.99520 0.13898
vt 1.03783 0.13898
vt 0.99520 0.18018
vt 1.03783 0.13898
vt 1.03783 0.18018
vt -0.01972 0.99520
vt -0.06092 0.99520
vt -0.06092 1.03783
vt -0.01972 0.99520
vt -0.06092 1.03783
vt -0.01972 1.03783
vt -0.00265 0.13898
vt -0.01972 0.09777
vt 0.11017 0.05693
vt -0.00265 0.13898
vt 0.11017 0.05693
vt 0.11807 0.07601
vt -0.10213 0.99520
vt -0.06092 0.99520
vt -0.06092 1.03783
vt -0.10213 0.99520
vt -0.06092 1.03783
vt -0.10213 1.03783
vt -0.11920 0.13898
vt -0.10213 0.09777
vt -0.06092 0.08070
vt -0.11920 0.13898
vt -0.06092 0.08070
vt -0.01972 0.09777
vt -0.11920 0.13898
vt -0.01972 0.09777
vt -0.00265 0.13898
vt -0.11920 0.13898
vt -0.00265 0.13898
vt -0.01972 0.18018
vt -0.11920 0.13898
vt -0.01972 0.18018
vt -0.06092 0.19725
vt -0.11920 0.13898
vt -0.06092 0.19725
vt -0.10213 0.18018
vt -0.11920 0.13898
vt -0.10213 0.18018
vt -0.06092 0.19725
vt -0.11920 0.13898
vt -0.06092 0.19725
vt -0.01972 0.18018
vt -0.11920 0.13898
vt -0.01972 0.18018
vt -0.00265 0.13898
vt -0.11920 0.13898
vt -0.00265 0.13898
vt -0.01972 0.09777
vt -0.11920 0.13898
vt -0.01972 0.09777
vt -0.06092 0.08070
vt -0.11920 0.13898
vt -0.06092 0.08070
vt -0.10213 0.09777
vt 0.11807 1.00665
vt 0.11807 1.02638
vt 0.12929 1.03604
vt 0.11807 1.00665
vt 0.12929 1.03604
vt 0.12929 0.99700
vt -0.01972 1.03783
vt -0.01972 0.99520
vt 0.11017 1.00665
vt -0.01972 1.03783
vt 0.11017 1.00665
vt 0.11017 1.02638
vt -0.01972 0.09777
vt -0.00265 0.13898
vt 0.11807 0.07601
vt -0.01972 0.09777
vt 0.11807 0.07601
vt 0.11017 0.05693
vt -0.00265 0.99520
vt -0.00265 1.03783
vt 0.11807 1.02638
vt -0.00265 0.99520
vt 0.11807 1.02638
vt 0.11807 1.00665
vt 0.12138 1.03604
vt 0.12138 0.99700
vt 0.13716 0.99370
vt 0.12138 1.03604
vt 0.13716 0.99370
vt 0.13716 1.03933
vt 0.11017 0.05693
vt 0.11807 0.07601
vt 0.12929 0.07136
vt 0.11017 0.05693
vt 0.12929 0.07136
vt 0.12138 0.05228
vt 0.11017 1.02638
vt 0.11017 1.00665
vt 0.12138 0.99700
vt 0.11017 1.02638
vt 0.12138 0.99700
vt 0.12138 1.03604
vt 0.11807 0.07601
vt 0.11017 0.05693
vt 0.12138 0.05228
vt 0.11807 0.07601
vt 0.12138 0.05228
vt 0.12929 0.07136
vt 0.14507 0.99370
vt 0.14507 1.03933
vt 0.15768 1.03366
vt 0.14507 0.99370
vt 0.15768 1.03366
vt 0.15768 0.99938
vt 0.12929 0.07136
vt 0.12138 0.05228
vt 0.13716 0.04575
vt 0.12929 0.07136
vt 0.13716 0.04575
vt 0.14507 0.06483
vt 0.12929 0.99700
vt 0.12929 1.03604
vt 0.14507 1.03933
vt 0.12929 0.99700
vt 0.14507 1.03933
vt 0.14507 0.99370
vt 0.12138 0.05228
vt 0.12929 0.07136
vt 0.14507 0.06483
vt 0.12138 0.05228
vt 0.14507 0.06483
vt 0.13716 0.04575
vt 0.15768 0.99938
vt 0.15768 1.03366
vt 0.16663 1.02272
vt 0.15768 0.99938
vt 0.16663 1.02272
vt 0.16663 1.01033
vt 0.13716 0.04575
vt 0.14507 0.06483
vt 0.15768 0.05961
vt 0.13716 0.04575
vt 0.15768 0.05961
vt 0.14977 0.04052
vt 0.13716 1.03933
vt 0.13716 0.99370
vt 0.14977 0.99938
vt 0.13716 1.03933
vt 0.14977 0.99938
vt 0.14977 1.03366
vt 0.14507 0.06483
vt 0.13716 0.04575
vt 0.14977 0.04052
vt 0.14507 0.06483
vt 0.14977 0.04052
vt 0.15768 0.05961
vt 1.01033 0.03698
vt 1.01033 0.05605
vt 1.02272 0.05605
vt 1.01033 0.03698
vt 1.02272 0.05605
vt 1.02272 0.03698
vt 0.99938 0.04052
vt 0.99938 0.05961
vt 1.01033 0.05605
vt 0.99938 0.04052
vt 1.01033 0.05605
vt 1.01033 0.03698
vt 0.14977 1.03366
vt 0.14977 0.99938
vt 0.15873 1.01033
vt 0.14977 1.03366
vt 0.15873 1.01033
vt 0.15873 1.02272
vt 1.03366 0.05961
vt 1.03366 0.04052
vt 1.02272 0.03698
vt 1.03366 0.05961
vt 1.02272 0.03698
vt 1.02272 0.05605
vt 0.27569 0.19327
vt 0.08414 0.19327
vt 0.08414 0.15237
vt 0.27569 0.19327
vt 0.08414 0.15237
vt 0.27569 0.15237
vt 0.08414 0.19327
vt 0.27569 0.19327
vt 0.27569 0.15237
vt 0.08414 0.19327
vt 0.27569 0.15237
vt 0.08414 0.15237
vt -0.01729 0.27569
vt -0.10456 0.27569
vt -0.10461 0.08414
vt -0.01729 0.27569
vt -0.10461 0.08414
vt -0.01724 0.08414
vt -0.01746 0.95018
vt -0.10439 0.95018
vt -0.10443 0.77747
vt -0.01746 0.95018
vt -0.10443 0.77747
vt -0.01743 0.77747
vt -0.01746 0.19327
vt -0.01746 0.20976
vt -0.10439 0.20976
vt -0.01746 0.19327
vt -0.10439 0.20976
vt -0.10439 0.19327
vt 0.77747 0.20976
vt 0.77747 0.19327
vt 0.95018 0.19327
vt 0.77747 0.20976
vt 0.95018 0.19327
vt 0.95018 0.20976
vt 0.27569 0.20976
vt 0.27569 0.19327
vt 0.08414 0.19327
vt 0.27569 0.20976
vt 0.08414 0.19327
vt 0.08414 0.20976
vt 0.77747 0.19327
vt 0.95018 0.19327
vt 0.95018 0.15237
vt 0.77747 0.19327
vt 0.95018 0.15237
vt 0.77747 0.15237
vt -0.01729 0.27569
vt -0.10456 0.27569
vt -0.10443 0.77747
vt -0.01729 0.27569
vt -0.10443 0.77747
vt -0.01743 0.77747
vt -0.10443 0.19327
vt -0.01743 0.19327
vt -0.01743 0.15237
vt -0.10443 0.19327
vt -0.01743 0.15237
vt -0.10443 0.15237
vt 0.95018 0.20976
vt 0.95018 0.19327
vt 0.77747 0.19327
vt 0.95018 0.20976
vt 0.77747 0.19327
vt 0.77747 0.20976
vt 0.27569 0.20976
vt 0.27569 0.19327
vt 0.77747 0.19327
vt 0.27569 0.20976
vt 0.77747 0.19327
vt 0.77747 0.20976
vt -0.10461 0.19327
vt -0.10461 0.20976
vt -0.01724 0.20976
vt -0.10461 0.19327
vt -0.01724 0.20976
vt -0.01724 0.19327
vt -0.01746 0.19327
vt -0.10439 0.19327
vt -0.10439 0.15237
vt -0.01746 0.19327
vt -0.10439 0.15237
vt -0.01746 0.15237
vt -0.01729 0.19327
vt -0.10456 0.19327
vt -0.10456 0.15237
vt -0.01729 0.19327
vt -0.10456 0.15237
vt -0.01729 0.15237
vt 0.08414 0.20976
vt 0.08414 0.19327
vt 0.27569 0.19327
vt 0.08414 0.20976
vt 0.27569 0.19327
vt 0.27569 0.20976
vt 0.77747 0.20976
vt 0.77747 0.19327
vt 0.27569 0.19327
vt 0.77747 0.20976
vt 0.27569 0.19327
vt 0.27569 0.20976
vt -0.01729 0.27569
vt -0.01724 0.08414
vt -0.10461 0.08414
vt -0.01729 0.27569
vt -0.10461 0.08414
vt -0.10456 0.27569
vt -0.10461 0.19327
vt -0.01724 0.19327
vt -0.01724 0.15237
vt -0.10461 0.19327
vt -0.01724 0.15237
vt -0.10461 0.15237
vt -0.01743 0.77747
vt -0.10443 0.77747
vt -0.10456 0.27569
vt -0.01743 0.77747
vt -0.10456 0.27569
vt -0.01729 0.27569
vt 0.95018 0.19327
vt 0.77747 0.19327
vt 0.77747 0.15237
vt 0.95018 0.19327
vt 0.77747 0.15237
vt 0.95018 0.15237
vt -0.01743 0.77747
vt -0.10443 0.77747
vt -0.10439 0.95018
vt -0.01743 0.77747
vt -0.10439 0.95018
vt -0.01746 0.95018
vt -0.04918 1.03877
vt -0.04918 1.00657
vt -0.06543 1.00657
vt -0.04918 1.03877
vt -0.06543 1.00657
vt -0.06543 1.03877
vt 1.03958 -0.11708
vt 1.01152 -0.11364
vt 1.02575 -0.13971
vt 1.03958 -0.11708
vt 1.02575 -0.13971
vt 1.04562 -0.14264
vt 1.03877 -0.08680
vt 1.00657 -0.08286
vt 1.01152 -0.11364
vt 1.03877 -0.08680
vt 1.01152 -0.11364
vt 1.03958 -0.11708
vt -0.06543 -0.08286
vt -0.04918 -0.08286
vt -0.04918 -0.11364
vt -0.06543 -0.08286
vt -0.04918 -0.11364
vt -0.06543 -0.11364
vt 1.00657 -0.08286
vt 1.03877 -0.08680
vt 1.03958 -0.11708
vt 1.00657 -0.08286
vt 1.03958 -0.11708
vt 1.01152 -0.11364
vt -0.04918 -0.11708
vt -0.04918 -0.08680
vt -0.06543 -0.08680
vt -0.04918 -0.11708
vt -0.06543 -0.08680
vt -0.06543 -0.11708
vt 1.02575 -0.13971
vt 1.04562 -0.14264
vt 1.04514 -0.17467
vt 1.02575 -0.13971
vt 1.04514 -0.17467
vt 1.02813 -0.17384
vt 1.01152 -0.11364
vt 1.03958 -0.11708
vt 1.04562 -0.14264
vt 1.01152 -0.11364
vt 1.04562 -0.14264
vt 1.02575 -0.13971
vt -0.04918 -0.11708
vt -0.06543 -0.11708
vt -0.06543 -0.14264
vt -0.04918 -0.11708
vt -0.06543 -0.14264
vt -0.04918 -0.14264
vt -0.06543 -0.11364
vt -0.04918 -0.11364
vt -0.04918 -0.13971
vt -0.06543 -0.11364
vt -0.04918 -0.13971
vt -0.06543 -0.13971
vt 1.02813 -0.17384
vt 1.04514 -0.17467
vt 1.02878 -0.21391
vt 1.02813 -0.17384
vt 1.02878 -0.21391
vt 1.02049 -0.19975
vt -0.06543 -0.13971
vt -0.04918 -0.13971
vt -0.04918 -0.17384
vt -0.06543 -0.13971
vt -0.04918 -0.17384
vt -0.06543 -0.17384
vt -0.04918 -0.14264
vt -0.06543 -0.14264
vt -0.06543 -0.17467
vt -0.04918 -0.14264
vt -0.06543 -0.17467
vt -0.04918 -0.17467
vt 1.04562 -0.14264
vt 1.02575 -0.13971
vt 1.02813 -0.17384
vt 1.04562 -0.14264
vt 1.02813 -0.17384
vt 1.04514 -0.17467
vt -0.04918 -0.21391
vt -0.06543 -0.21391
vt -0.06543 -0.23454
vt -0.04918 -0.21391
vt -0.06543 -0.23454
vt -0.04918 -0.23455
vt -0.06543 -0.17384
vt -0.04918 -0.17384
vt -0.04918 -0.19975
vt -0.06543 -0.17384
vt -0.04918 -0.19975
vt -0.06543 -0.19975
vt -0.04918 -0.17467
vt -0.06543 -0.17467
vt -0.06543 -0.21391
vt -0.04918 -0.17467
vt -0.06543 -0.21391
vt -0.04918 -0.21391
vt 1.04514 -0.17467
vt 1.02813 -0.17384
vt 1.02049 -0.19975
vt 1.04514 -0.17467
vt 1.02049 -0.19975
vt 1.02878 -0.21391
vt -0.04918 -0.23455
vt -0.06543 -0.23454
vt -0.06543 -0.22561
vt -0.04918 -0.23455
vt -0.06543 -0.22561
vt -0.04918 -0.22561
vt 1.02878 -0.21391
vt 1.02049 -0.19975
vt 1.00553 -0.22561
vt 1.02878 -0.21391
vt 1.00553 -0.22561
vt 1.00928 -0.23454
vt 1.02049 -0.19975
vt 1.02878 -0.21391
vt 1.00928 -0.23455
vt 1.02049 -0.19975
vt 1.00928 -0.23455
vt 1.00553 -0.22561
vt -0.06543 -0.19975
vt -0.04918 -0.19975
vt -0.04918 -0.22561
vt -0.06543 -0.19975
vt -0.04918 -0.22561
vt -0.06543 -0.22561
vt -1.10994 -0.29869
vt -1.10994 -0.15703
vt -1.68494 -0.29869
vt 0.01667 -1.68494
vt 0.25981 -1.10994
vt 0.25981 -1.68494
vt -1.68494 -0.29869
vt -1.10994 -0.15703
vt -1.68494 -0.15703
vt 0.25981 -0.15703
vt 0.01667 -0.29869
vt 0.25981 -0.29869
vt 0.25981 -0.29869
vt 0.01667 -0.15703
vt 0.25981 -0.15703
vt 0.01667 -1.10994
vt 0.25981 -1.10994
vt 0.01667 -1.68494
vt 0.01667 -0.29869
vt 0.01667 -0.15703
vt 0.25981 -0.29869
vt 0.25981 -1.10994
vt 0.01667 -1.10994
vt 0.25981 -1.68494
vt 0.01667 -0.15703
vt 0.01667 -0.29869
vt 0.25981 -0.15703
vt 0.25981 -1.68494
vt 0.01667 -1.10994
vt 0.01667 -1.68494
vt -1.68494 -0.15703
vt -1.10994 -0.29869
vt -1.68494 -0.29869
vt -1.10994 -0.15703
vt -1.10994 -0.29869
vt -1.68494 -0.15703
f 731/4147 732/4148 733/4149
f 731/4150 733/4151 734/4152
f 735/4153 736/4154 737/4155
f 735/4156 737/4157 738/4158
f 739/4159 740/4160 741/4161
f 739/4162 741/4163 742/4164
f 743/4165 744/4166 745/4167
f 743/4168 745/4169 746/4170
f 747/4171 739/4172 742/4173
f 747/4174 742/4175 748/4176
f 749/4177 750/4178 751/4179
f 749/4180 751/4181 752/4182
f 753/4183 747/4184 748/4185
f 753/4186 748/4187 754/4188
f 755/4189 753/4190 754/4191
f 755/4192 754/4193 756/4194
f 757/4195 758/4196 759/4197
f 757/4198 759/4199 760/4200
f 761/4201 762/4202 763/4203
f 761/4204 763/4205 764/4206
f 765/4207 766/4208 762/4209
f 765/4210 762/4211 761/4212
f 767/4213 768/4214 769/4215
f 767/4216 769/4217 770/4218
f 758/4219 771/4220 772/4221
f 758/4222 772/4223 759/4224
f 766/4225 773/4226 774/4227
f 766/4228 774/4229 762/4230
f 773/4231 767/4232 770/4233
f 773/4234 770/4235 774/4236
f 768/4237 757/4238 760/4239
f 768/4240 760/4241 769/4242
f 771/4243 765/4244 761/4245
f 771/4246 761/4247 772/4248
f 775/4249 776/4250 777/4251
f 775/4252 777/4253 778/4254
f 775/4255 778/4256 779/4257
f 775/4258 779/4259 780/4260
f 775/4261 780/4262 764/4263
f 775/4264 764/4265 763/4266
f 759/4267 772/4268 780/4269
f 759/4270 780/4271 779/4272
f 769/4273 760/4274 778/4275
f 769/4276 778/4277 777/4278
f 774/4279 770/4280 776/4281
f 774/4282 776/4283 775/4284
f 762/4285 774/4286 775/4287
f 762/4288 775/4289 763/4290
f 772/4291 761/4292 764/4293
f 772/4294 764/4295 780/4296
f 760/4297 759/4298 779/4299
f 760/4300 779/4301 778/4302
f 770/4303 769/4304 777/4305
f 770/4306 777/4307 776/4308
f 744/4309 743/4310 781/4311
f 744/4312 781/4313 782/4314
f 782/4315 781/4316 783/4317
f 782/4318 783/4319 784/4320
f 750/4321 749/4322 785/4323
f 750/4324 785/4325 786/4326
f 736/4327 735/4328 787/4329
f 736/4330 787/4331 788/4332
f 789/4333 744/4334 782/4335
f 789/4336 782/4337 790/4338
f 749/4339 789/4340 790/4341
f 749/4342 790/4343 785/4344
f 791/4345 750/4346 786/4347
f 791/4348 786/4349 792/4350
f 743/4351 736/4352 788/4353
f 743/4354 788/4355 781/4356
f 735/4357 791/4358 792/4359
f 735/4360 792/4361 787/4362
f 793/4363 794/4364 784/4365
f 793/4366 784/4367 783/4368
f 793/4369 783/4370 795/4371
f 793/4372 795/4373 796/4374
f 793/4375 796/4376 797/4377
f 793/4378 797/4379 798/4380
f 788/4381 787/4382 796/4383
f 788/4384 796/4385 795/4386
f 792/4387 786/4388 798/4389
f 792/4390 798/4391 797/4392
f 785/4393 790/4394 794/4395
f 785/4396 794/4397 793/4398
f 790/4399 782/4400 784/4401
f 790/4402 784/4403 794/4404
f 781/4405 788/4406 795/4407
f 781/4408 795/4409 783/4410
f 787/4411 792/4412 797/4413
f 787/4414 797/4415 796/4416
f 786/4417 785/4418 793/4419
f 786/4420 793/4421 798/4422
f 766/4423 731/4424 734/4425
f 766/4426 734/4427 773/4428
f 765/4429 799/4430 731/4431
f 765/4432 731/4433 766/4434
f 771/4435 800/4436 799/4437
f 771/4438 799/4439 765/4440
f 758/4441 801/4442 800/4443
f 758/4444 800/4445 771/4446
f 757/4447 802/4448 801/4449
f 757/4450 801/4451 758/4452
f 768/4453 803/4454 802/4455
f 768/4456 802/4457 757/4458
f 767/4459 804/4460 803/4461
f 767/4462 803/4463 768/4464
f 773/4465 734/4466 804/4467
f 773/4468 804/4469 767/4470
f 805/4471 806/4472 807/4473
f 805/4474 807/4475 808/4476
f 734/4477 733/4478 809/4479
f 734/4480 809/4481 804/4482
f 804/4483 809/4484 810/4485
f 804/4486 810/4487 803/4488
f 803/4489 810/4490 811/4491
f 803/4492 811/4493 802/4494
f 812/4495 800/4496 813/4497
f 812/4498 813/4499 814/4500
f 801/4501 802/4502 805/4503
f 801/4504 805/4505 808/4506
f 800/4507 812/4508 815/4509
f 800/4510 815/4511 799/4512
f 799/4513 815/4514 732/4515
f 799/4516 732/4517 731/4518
f 791/4519 735/4520 738/4521
f 791/4522 738/4523 816/4524
f 808/4525 807/4526 814/4527
f 808/4528 814/4529 813/4530
f 802/4531 811/4532 806/4533
f 802/4534 806/4535 805/4536
f 817/4537 812/4538 814/4539
f 817/4540 814/4541 807/4542
f 800/4543 801/4544 808/4545
f 800/4546 808/4547 813/4548
f 811/4549 817/4550 807/4551
f 811/4552 807/4553 806/4554
f 732/4555 747/4556 753/4557
f 732/4558 753/4559 733/4560
f 815/4561 739/4562 747/4563
f 815/4564 747/4565 732/4566
f 812/4567 740/4568 739/4569
f 812/4570 739/4571 815/4572
f 817/4573 818/4574 740/4575
f 817/4576 740/4577 812/4578
f 811/4579 819/4580 818/4581
f 811/4582 818/4583 817/4584
f 810/4585 820/4586 819/4587
f 810/4588 819/4589 811/4590
f 809/4591 755/4592 820/4593
f 809/4594 820/4595 810/4596
f 733/4597 753/4598 755/4599
f 733/4600 755/4601 809/4602
f 754/4603 821/4604 752/4605
f 754/4606 752/4607 756/4608
f 756/4609 752/4610 751/4611
f 756/4612 751/4613 822/4614
f 822/4615 751/4616 816/4617
f 822/4618 816/4619 823/4620
f 823/4621 816/4622 738/4623
f 823/4624 738/4625 824/4626
f 824/4627 738/4628 737/4629
f 824/4630 737/4631 741/4632
f 741/4633 737/4634 746/4635
f 741/4636 746/4637 742/4638
f 742/4639 746/4640 745/4641
f 742/4642 745/4643 748/4644
f 748/4645 745/4646 821/4647
f 748/4648 821/4649 754/4650
f 740/4651 818/4652 824/4653
f 740/4654 824/4655 741/4656
f 750/4657 791/4658 816/4659
f 750/4660 816/4661 751/4662
f 818/4663 819/4664 823/4665
f 818/4666 823/4667 824/4668
f 744/4669 789/4670 821/4671
f 744/4672 821/4673 745/4674
f 789/4675 749/4676 752/4677
f 789/4678 752/4679 821/4680
f 819/4681 820/4682 822/4683
f 819/4684 822/4685 823/4686
f 736/4687 743/4688 746/4689
f 736/4690 746/4691 737/4692
f 820/4693 755/4694 756/4695
f 820/4696 756/4697 822/4698
f 825/4699 826/4700 827/4701
f 825/4702 827/4703 828/4704
f 829/4705 830/4706 831/4707
f 829/4708 831/4709 832/4710
f 833/4711 834/4712 835/4713
f 833/4714 835/4715 836/4716
f 837/4717 838/4718 839/4719
f 837/4720 839/4721 840/4722
f 826/4723 837/4724 840/4725
f 826/4726 840/4727 827/4728
f 830/4729 825/4730 828/4731
f 830/4732 828/4733 831/4734
f 832/4735 835/4736 841/4737
f 832/4738 841/4739 842/4740
f 838/4741 833/4742 836/4743
f 838/4744 836/4745 839/4746
f 840/4747 839/4748 836/4749
f 840/4750 836/4751 835/4752
f 840/4753 835/4754 832/4755
f 840/4756 832/4757 831/4758
f 840/4759 831/4760 828/4761
f 840/4762 828/4763 827/4764
f 837/4765 826/4766 825/4767
f 837/4768 825/4769 830/4770
f 837/4771 830/4772 829/4773
f 837/4774 829/4775 834/4776
f 837/4777 834/4778 833/4779
f 837/4780 833/4781 838/4782
f 843/4783 842/4784 844/4785
f 843/4786 844/4787 845/4788
f 835/4789 834/4790 846/4791
f 835/4792 846/4793 841/4794
f 834/4795 829/4796 843/4797
f 834/4798 843/4799 846/4800
f 829/4801 832/4802 842/4803
f 829/4804 842/4805 843/4806
f 847/4807 848/4808 849/4809
f 847/4810 849/4811 850/4812
f 846/4813 843/4814 845/4815
f 846/4816 845/4817 848/4818
f 841/4819 846/4820 848/4821
f 841/4822 848/4823 847/4824
f 842/4825 841/4826 847/4827
f 842/4828 847/4829 844/4830
f 851/4831 852/4832 853/4833
f 851/4834 853/4835 854/4836
f 844/4837 847/4838 850/4839
f 844/4840 850/4841 852/4842
f 845/4843 844/4844 852/4845
f 845/4846 852/4847 851/4848
f 848/4849 845/4850 851/4851
f 848/4852 851/4853 849/4854
f 854/4855 853/4856 855/4857
f 854/4858 855/4859 856/4860
f 849/4861 851/4862 854/4863
f 849/4864 854/4865 857/4866
f 850/4867 849/4868 857/4869
f 850/4870 857/4871 858/4872
f 852/4873 850/4874 858/4875
f 852/4876 858/4877 853/4878
f 859/4879 856/4880 855/4881
f 859/4882 855/4883 860/4884
f 857/4885 854/4886 856/4887
f 857/4888 856/4889 859/4890
f 858/4891 857/4892 859/4893
f 858/4894 859/4895 860/4896
f 853/4897 858/4898 860/4899
f 853/4900 860/4901 855/4902
f 861/4903 862/4904 863/4905
f 861/4906 863/4907 864/4908
f 865/4909 866/4910 867/4911
f 865/4912 867/4913 868/4914
f 867/4915 864/4916 863/4917
f 867/4918 863/4919 868/4920
f 869/4921 870/4922 871/4923
f 869/4924 871/4925 872/4926
f 873/4927 874/4928 875/4929
f 873/4930 875/4931 876/4932
f 877/4933 878/4934 876/4935
f 877/4936 876/4937 875/4938
f 879/4939 866/4940 865/4941
f 879/4942 865/4943 880/4944
f 881/4945 873/4946 869/4947
f 881/4948 869/4949 872/4950
f 879/4951 882/4952 877/4953
f 879/4954 877/4955 883/4956
f 878/4957 881/4958 872/4959
f 878/4960 872/4961 871/4962
f 874/4963 873/4964 881/4965
f 874/4966 881/4967 883/4968
f 882/4969 861/4970 878/4971
f 882/4972 878/4973 877/4974
f 862/4975 884/4976 880/4977
f 862/4978 880/4979 865/4980
f 873/4981 876/4982 870/4983
f 873/4984 870/4985 869/4986
f 866/4987 861/4988 864/4989
f 866/4990 864/4991 867/4992
f 884/4993 862/4994 861/4995
f 884/4996 861/4997 882/4998
f 883/4999 881/5000 866/5001
f 883/5002 866/5003 879/5004
f 879/5005 880/5006 884/5007
f 879/5008 884/5009 882/5010
f 862/5011 865/5012 868/5013
f 862/5014 868/5015 863/5016
f 881/5017 878/5018 861/5019
f 881/5020 861/5021 866/5022
f 876/5023 878/5024 871/5025
f 876/5026 871/5027 870/5028
f 883/5029 877/5030 875/5031
f 883/5032 875/5033 874/5034
f 885/5035 886/5036 887/5037
f 885/5038 887/5039 888/5040
f 889/5041 890/5042 891/5043
f 889/5044 891/5045 892/5046
f 888/5047 887/5048 890/5049
f 888/5050 890/5051 889/5052
f 887/5053 886/5054 893/5055
f 887/5056 893/5057 890/5058
f 886/5059 885/5060 894/5061
f 886/5062 894/5063 893/5064
f 894/5065 885/5066 888/5067
f 894/5068 888/5069 889/5070
f 895/5071 896/5072 897/5073
f 895/5074 897/5075 898/5076
f 893/5077 894/5078 896/5079
f 893/5080 896/5081 895/5082
f 894/5083 889/5084 892/5085
f 894/5086 892/5087 896/5088
f 890/5089 893/5090 895/5091
f 890/5092 895/5093 891/5094
f 898/5095 897/5096 899/5097
f 898/5098 899/5099 900/5100
f 891/5101 895/5102 898/5103
f 891/5104 898/5105 901/5106
f 896/5107 892/5108 902/5109
f 896/5110 902/5111 897/5112
f 892/5113 891/5114 901/5115
f 892/5116 901/5117 902/5118
f 899/5119 903/5120 904/5121
f 899/5122 904/5123 905/5124
f 901/5125 898/5126 900/5127
f 901/5128 900/5129 906/5130
f 897/5131 902/5132 903/5133
f 897/5134 903/5135 899/5136
f 902/5137 901/5138 906/5139
f 902/5140 906/5141 903/5142
f 905/5143 904/5144 907/5145
f 905/5146 907/5147 908/5148
f 903/5149 906/5150 907/5151
f 903/5152 907/5153 904/5154
f 900/5155 899/5156 905/5157
f 900/5158 905/5159 908/5160
f 906/5161 900/5162 908/5163
f 906/5164 908/5165 907/5166
f 910/5167 912/5168 909/5169
f 913/5170 910/5171 909/5172
f 909/5173 912/5174 911/5175
f 911/5176 913/5177 909/5178
f 910/5179 916/5180 912/5181
f 914/5182 910/5183 913/5184
f 914/5185 916/5186 910/5187
f 912/5188 916/5189 911/5190
f 915/5191 913/5192 911/5193
f 911/5194 916/5195 915/5196
f 915/5197 914/5198 913/5199
f 916/5200 914/5201 915/5202
o Bolt
g Bolt
usemtl PlumDark
v -0.25177 -0.21843 -2.55193
v -0.25177 -0.21843 -1.38193
v -0.25177 0.04157 -2.55193
v -0.25177 0.04157 -1.38193
v -0.01177 -0.21843 -2.55193
v -0.01177 -0.21843 -1.38193
v -0.01177 0.04157 -2.55193
v -0.01177 0.04157 -1.38193
v -0.05177 -0.13843 -1.60193
v -0.05177 -0.13843 -1.42193
v -0.05177 -0.03843 -1.60193
v -0.05177 -0.03843 -1.42193
v 0.18823 -0.13843 -1.60193
v 0.18823 -0.13843 -1.42193
v 0.18823 -0.03843 -1.60193
v 0.18823 -0.03843 -1.42193
vt -1.15161 -0.18203
vt -1.15161 0.03464
vt -2.12661 -0.18203
vt -0.00981 -2.12661
vt -0.20981 -1.15161
vt -0.20981 -2.12661
vt -2.12661 -0.18203
vt -1.15161 0.03464
vt -2.12661 0.03464
vt -0.20981 0.03464
vt -0.00981 -0.18203
vt -0.20981 -0.18203
vt -0.20981 -0.18203
vt -0.00981 0.03464
vt -0.20981 0.03464
vt -0.00981 -1.15161
vt -0.20981 -1.15161
vt -0.00981 -2.12661
vt -0.00981 -0.18203
vt -0.00981 0.03464
vt -0.20981 -0.18203
vt -0.20981 -1.15161
vt -0.00981 -1.15161
vt -0.20981 -2.12661
vt -0.00981 0.03464
vt -0.00981 -0.18203
vt -0.20981 0.03464
vt -0.20981 -2.12661
vt -0.00981 -1.15161
vt -0.00981 -2.12661
vt -2.12661 0.03464
vt -1.15161 -0.18203
vt -2.12661 -0.18203
vt -1.15161 0.03464
vt -1.15161 -0.18203
vt -2.12661 0.03464
vt -1.18494 -0.11536
vt -1.18494 -0.03203
vt -1.33494 -0.11536
vt 0.15686 -1.33494
vt -0.04314 -1.18494
vt -0.04314 -1.33494
vt -1.33494 -0.11536
vt -1.18494 -0.03203
vt -1.33494 -0.03203
vt -0.04314 -0.03203
vt 0.15686 -0.11536
vt -0.04314 -0.11536
vt -0.04314 -0.11536
vt 0.15686 -0.03203
vt -0.04314 -0.03203
vt 0.15686 -1.18494
vt -0.04314 -1.18494
vt 0.15686 -1.33494
vt 0.15686 -0.11536
vt 0.15686 -0.03203
vt -0.04314 -0.11536
vt -0.04314 -1.18494
vt 0.15686 -1.18494
vt -0.04314 -1.33494
vt 0.15686 -0.03203
vt 0.15686 -0.11536
vt -0.04314 -0.03203
vt -0.04314 -1.33494
vt 0.15686 -1.18494
vt 0.15686 -1.33494
vt -1.33494 -0.03203
vt -1.18494 -0.11536
vt -1.33494 -0.11536
vt -1.18494 -0.03203
vt -1.18494 -0.11536
vt -1.33494 -0.03203
f 918/5203 920/5204 917/5205
f 921/5206 918/5207 917/5208
f 917/5209 920/5210 919/5211
f 919/5212 921/5213 917/5214
f 918/5215 924/5216 920/5217
f 922/5218 918/5219 921/5220
f 922/5221 924/5222 918/5223
f 920/5224 924/5225 919/5226
f 923/5227 921/5228 919/5229
f 919/5230 924/5231 923/5232
f 923/5233 922/5234 921/5235
f 924/5236 922/5237 923/5238
f 926/5239 928/5240 925/5241
f 929/5242 926/5243 925/5244
f 925/5245 928/5246 927/5247
f 927/5248 929/5249 925/5250
f 926/5251 932/5252 928/5253
f 930/5254 926/5255 929/5256
f 930/5257 932/5258 926/5259
f 928/5260 932/5261 927/5262
f 931/5263 929/5264 927/5265
f 927/5266 932/5267 931/5268
f 931/5269 930/5270 929/5271
f 932/5272 930/5273 931/5274
