mtllib pink_guns.mtl
v -0.06247 0.35975 -0.36663
v 0.06248 0.35975 -0.36663
v 0.04938 0.35975 0.03454
v -0.04938 0.35975 0.03454
v -0.06247 0.15168 -0.36071
v 0.06248 0.15168 -0.36071
v 0.04938 0.23293 0.03215
v -0.04938 0.23293 0.03215
v -0.06247 -0.04801 -0.30624
v 0.06248 -0.04801 -0.30624
v 0.04938 0.10209 0.06580
v -0.04938 0.10209 0.06580
v -0.06247 -0.76116 0.23378
v 0.06248 -0.76116 0.23378
v 0.04938 -0.42047 0.44562
v -0.04938 -0.42047 0.44562
v 0.06327 0.37849 0.21636
v -0.06327 0.37849 0.21636
v 0.06327 0.37849 0.39815
v -0.06327 0.37849 0.39815
v 0.06327 0.37849 1.37101
v -0.06327 0.37849 1.37101
v 0.06327 0.59140 0.21636
v -0.06327 0.59140 0.21636
v 0.06327 0.59140 0.39815
v -0.06327 0.59140 0.39815
v 0.06327 0.59140 1.37101
v -0.06327 0.59140 1.37101
v -0.06555 0.19585 -1.76731
v -0.03487 0.12910 -1.75759
v -0.03487 0.46587 -1.80664
v -0.06555 0.39550 -1.79639
v 0.03487 0.12910 -1.75759
v 0.06555 0.19585 -1.76731
v 0.06555 0.39550 -1.79639
v 0.03487 0.46587 -1.80664
v -0.06555 0.35495 -1.27659
v -0.03487 0.28676 -1.27132
v -0.03487 0.56585 -1.29286
v -0.06555 0.49454 -1.28736
v 0.03487 0.28676 -1.27132
v 0.06555 0.35495 -1.27659
v 0.06555 0.49454 -1.28736
v 0.03487 0.56585 -1.29286
v 0.03487 0.08674 -1.89052
v 0.06555 0.15467 -1.89650
v -0.06555 0.15467 -1.89650
v -0.03487 0.08674 -1.89052
v -0.03487 0.51559 -1.92832
v -0.06555 0.44693 -1.92227
v 0.06555 0.44693 -1.92227
v 0.03487 0.51559 -1.92832
v 0.06555 -0.08428 -2.61351
v 0.03487 -0.15042 -2.60215
v 0.06555 0.36925 -2.69145
v 0.03487 0.43735 -2.70315
v -0.06555 0.36925 -2.69145
v -0.03487 0.43735 -2.70315
v -0.06555 -0.08428 -2.61351
v -0.03487 -0.15042 -2.60215
v -0.04598 0.15096 -1.19397
v -0.06575 0.15283 -1.15018
v 0.06575 0.15283 -1.15018
v 0.04598 0.15096 -1.19397
v 0.06575 0.16396 -0.88932
v 0.04598 0.16618 -0.83716
v -0.04598 0.16618 -0.83716
v -0.06575 0.16396 -0.88932
v -0.04598 -0.18454 -1.30532
v -0.06575 -0.19665 -1.26655
v 0.06575 -0.19665 -1.26655
v 0.04598 -0.18454 -1.30532
v 0.04598 -0.26215 -1.05681
v 0.06575 -0.24771 -1.10305
v -0.06575 -0.24771 -1.10305
v -0.04598 -0.26215 -1.05681
v 0.04598 0.07421 -1.21335
v 0.06575 0.07648 -1.16946
v -0.04598 0.07421 -1.21335
v -0.06575 0.07648 -1.16946
v -0.04598 0.08915 -0.92430
v -0.06575 0.08642 -0.97701
v 0.04598 0.08915 -0.92430
v 0.06575 0.08642 -0.97701
v -0.04598 -0.26759 -1.27485
v -0.04598 -0.31998 -1.21897
v -0.06575 -0.26907 -1.23997
v 0.04598 -0.26759 -1.27485
v 0.06575 -0.26907 -1.23997
v 0.04598 -0.31998 -1.21897
v 0.06575 -0.29825 -1.14123
v 0.04598 -0.31439 -1.09628
v 0.04598 -0.33645 -1.16324
v -0.06575 -0.29825 -1.14123
v -0.04598 -0.33645 -1.16324
v -0.04598 -0.31439 -1.09628
v -0.06575 0.22751 -1.15863
v -0.04598 0.22714 -1.20259
v -0.06575 0.22989 -0.87038
v -0.04598 0.23010 -0.82866
v 0.04598 0.22714 -1.20259
v 0.06575 0.22751 -1.15863
v 0.04598 0.23010 -0.82866
v 0.06575 0.22989 -0.87038
v 0.07735 -0.09331 -2.61109
v 0.04115 -0.16214 -2.59927
v 0.04115 -0.17610 -2.64118
v 0.07735 -0.10735 -2.65322
v 0.07735 0.37860 -2.69219
v 0.04115 0.44946 -2.70437
v -0.07735 0.37860 -2.69219
v -0.04115 0.44946 -2.70437
v -0.04115 0.44485 -2.75000
v -0.07735 0.37402 -2.73759
v -0.07735 -0.09331 -2.61109
v -0.04115 -0.16214 -2.59927
v 0.07735 0.37402 -2.73759
v 0.04115 0.44485 -2.75000
v -0.07735 -0.10735 -2.65322
v -0.04115 -0.17610 -2.64118
v 0.03111 0.75996 0.21636
v 0.06327 0.69023 0.21636
v 0.05385 0.73954 0.21636
v -0.06327 0.69023 0.21636
v -0.03111 0.75996 0.21636
v -0.05385 0.73954 0.21636
v 0.03111 0.75996 0.39815
v 0.06327 0.69023 0.39815
v 0.05385 0.73954 0.39815
v -0.06327 0.69023 0.39815
v -0.03111 0.75996 0.39815
v -0.05385 0.73954 0.39815
v 0.06327 0.69023 1.37101
v 0.03111 0.75996 1.37101
v 0.05385 0.73954 1.37101
v -0.03111 0.75996 1.37101
v -0.06327 0.69023 1.37101
v -0.05385 0.73954 1.37101
v 0.04938 0.35975 -0.02165
v -0.04938 0.35975 -0.02165
v 0.04938 0.22155 -0.02288
v -0.04938 0.22155 -0.02288
v 0.04938 0.08106 0.01369
v -0.04938 0.08106 0.01369
v 0.04938 -0.46819 0.41595
v -0.04938 -0.46819 0.41595
v 0.06248 0.35975 -0.04012
v 0.06248 0.21781 -0.04096
v 0.06248 0.07415 -0.00344
v 0.06248 -0.48388 0.40619
v -0.06247 0.35975 -0.04012
v -0.06247 0.21781 -0.04096
v -0.06247 0.07415 -0.00344
v -0.06247 -0.48388 0.40619
v -0.06834 -0.77716 0.22383
v 0.06834 -0.77716 0.22383
v 0.06834 -0.47383 0.41244
v -0.05402 -0.45667 0.42311
v -0.05402 -0.40447 0.45557
v 0.05402 -0.40447 0.45557
v 0.05402 -0.45667 0.42311
v -0.06834 -0.47383 0.41244
v -0.06834 -0.81225 0.28027
v 0.06834 -0.81225 0.28027
v 0.06834 -0.50893 0.46888
v -0.05402 -0.49177 0.47955
v -0.05402 -0.43957 0.51201
v 0.05402 -0.43957 0.51201
v 0.05402 -0.49177 0.47955
v -0.06834 -0.50893 0.46888
v -0.06247 -0.55473 0.01194
v -0.06247 -0.58552 0.04417
v -0.04938 -0.30086 0.32035
v -0.04938 -0.28408 0.30419
v 0.06248 -0.55473 0.01194
v 0.06248 -0.58552 0.04417
v 0.04938 -0.30086 0.32035
v 0.04938 -0.28408 0.30419
v 0.04938 -0.32199 0.26325
v 0.04938 -0.34074 0.28166
v -0.04938 -0.32199 0.26325
v -0.04938 -0.34074 0.28166
v 0.06248 -0.33445 0.24980
v 0.06248 -0.35384 0.26895
v -0.06247 -0.33445 0.24980
v -0.06247 -0.35384 0.26895
v -0.04938 -0.09082 0.16439
v -0.04938 -0.12962 0.18999
v 0.04938 -0.12962 0.18999
v 0.04938 -0.09082 0.16439
v 0.06248 -0.36505 -0.13483
v 0.06248 -0.32529 -0.16112
v -0.06247 -0.32529 -0.16112
v -0.06247 -0.36505 -0.13483
v -0.04938 -0.12366 0.11880
v -0.04938 -0.16260 0.14449
v 0.04938 -0.12366 0.11880
v 0.04938 -0.16260 0.14449
v 0.06248 -0.13446 0.10381
v 0.06248 -0.17344 0.12954
v -0.06247 -0.13446 0.10381
v -0.06247 -0.17344 0.12954
v 0.06248 -0.09551 -0.28247
v -0.06247 -0.09551 -0.28247
v -0.04938 0.07127 0.08040
v 0.04938 0.07127 0.08040
v -0.04938 0.04791 0.02957
v 0.04938 0.04791 0.02957
v 0.06248 0.04023 0.01286
v -0.06247 0.04023 0.01286
v 0.04938 0.25829 0.03263
v 0.06248 0.19330 -0.36189
v -0.06247 0.19330 -0.36189
v -0.04938 0.25829 0.03263
v -0.04938 0.24919 -0.02263
v 0.04938 0.24919 -0.02263
v 0.06248 0.24620 -0.04080
v -0.06247 0.24620 -0.04080
v -0.06913 0.14425 -0.38870
v 0.06913 0.14425 -0.38870
v 0.06913 0.21743 -0.03487
v -0.05464 0.22157 -0.01485
v -0.05464 0.23416 0.04604
v 0.05464 0.23416 0.04604
v 0.05464 0.26223 0.04657
v -0.06913 0.19030 -0.39001
v -0.06913 -0.05677 -0.33368
v 0.06913 -0.05677 -0.33368
v 0.06913 0.07842 0.00139
v -0.05464 0.08606 0.02034
v -0.05464 0.10933 0.07801
v 0.05464 0.10933 0.07801
v -0.06913 -0.10933 -0.30738
v 0.05464 0.07522 0.09416
v 0.05464 0.22157 -0.01485
v -0.06913 0.21743 -0.03487
v 0.05464 0.08606 0.02034
v -0.06913 0.07842 0.00139
v -0.05464 0.25215 -0.01458
v 0.05464 0.25215 -0.01458
v 0.06913 0.24884 -0.03468
v -0.06913 0.24884 -0.03468
v -0.06913 -0.57287 -0.01003
v -0.06913 -0.60695 0.02564
v -0.05464 -0.29195 0.33125
v -0.05464 -0.27337 0.31337
v 0.06913 -0.57287 -0.01003
v 0.06913 -0.60695 0.02564
v 0.05464 -0.29195 0.33125
v 0.05464 -0.27337 0.31337
v 0.05464 -0.31532 0.26807
v 0.05464 -0.33607 0.28844
v -0.05464 -0.31532 0.26807
v -0.05464 -0.33607 0.28844
v 0.06913 -0.32911 0.25318
v 0.06913 -0.35057 0.27437
v -0.06913 -0.32911 0.25318
v -0.06913 -0.35057 0.27437
v -0.05464 -0.08045 0.17452
v -0.05464 -0.12339 0.20284
v 0.05464 -0.12339 0.20284
v 0.05464 -0.08045 0.17452
v 0.06913 -0.38391 -0.15660
v 0.06913 -0.33991 -0.18569
v -0.06913 -0.33991 -0.18569
v -0.06913 -0.38391 -0.15660
v -0.05464 -0.11679 0.12406
v -0.05464 -0.15988 0.15250
v 0.05464 -0.11679 0.12406
v 0.05464 -0.15988 0.15250
v 0.06913 -0.12874 0.10748
v 0.06913 -0.17188 0.13595
v -0.06913 -0.12874 0.10748
v -0.06913 -0.17188 0.13595
v 0.06913 -0.10933 -0.30739
v -0.05464 0.07522 0.09416
v -0.05464 0.04937 0.03792
v 0.05464 0.04937 0.03792
v 0.06913 0.04087 0.01943
v -0.06913 0.04087 0.01943
v 0.06913 0.19030 -0.39001
v -0.05464 0.26223 0.04657
v 0.07955 0.66971 0.35121
v -0.07955 0.66971 0.35121
v 0.09943 0.54532 0.22386
v -0.09943 0.54532 0.22386
v 0.07955 0.56721 -1.30346
v -0.07955 0.56721 -1.30346
v 0.07955 0.54470 0.34959
v -0.07955 0.54470 0.34959
v 0.07955 0.66971 -1.12736
v -0.07955 0.66971 -1.12736
v -0.07955 0.56721 -1.12086
v 0.07955 0.56721 -1.12086
v -0.08489 0.60340 0.69592
v 0.08489 0.60340 0.69592
v 0.05298 0.12916 -0.83942
v -0.05298 0.12916 -0.83942
v -0.05298 0.29225 -0.83942
v 0.05298 0.29225 -0.83942
v 0.05298 0.12916 -0.81984
v -0.05298 0.12916 -0.81984
v -0.05298 0.29225 -0.81984
v 0.05298 0.29225 -0.81984
v 0.05298 0.10459 -0.82908
v -0.05298 0.10459 -0.82908
v 0.05298 0.11614 -0.81327
v -0.05298 0.11614 -0.81327
v 0.05298 0.09021 -0.81000
v -0.05298 0.09021 -0.81000
v 0.05298 0.10965 -0.80771
v -0.05298 0.10965 -0.80771
v 0.05298 0.08736 -0.78498
v -0.05298 0.08736 -0.78498
v 0.05298 0.10687 -0.78498
v -0.05298 0.10687 -0.78498
v 0.05298 0.08736 -0.54165
v -0.05298 0.08736 -0.54165
v 0.05298 0.10687 -0.54165
v -0.05298 0.10687 -0.54165
v 0.05298 0.09717 -0.51650
v -0.05298 0.09717 -0.51650
v 0.05298 0.11397 -0.52641
v -0.05298 0.11397 -0.52641
v 0.05298 0.12630 -0.49169
v -0.05298 0.12630 -0.49169
v 0.05298 0.13081 -0.51066
v -0.05298 0.13081 -0.51066
v 0.05298 0.15426 -0.48871
v -0.05298 0.15426 -0.48871
v 0.05298 0.15426 -0.50768
v -0.05298 0.15426 -0.50768
v 0.05298 0.30740 -0.48871
v -0.05298 0.30740 -0.48871
v 0.05298 0.30740 -0.50768
v -0.05298 0.30740 -0.50768
v 0.05298 0.30740 -0.38818
v -0.05298 0.30740 -0.38818
v 0.05298 0.17792 -0.38818
v 0.05298 0.15426 -0.41184
v -0.05298 0.15426 -0.41184
v -0.05298 0.17792 -0.38818
v 0.01276 0.29583 -0.77718
v -0.01276 0.29583 -0.77718
v 0.01276 0.29583 -0.69945
v -0.01276 0.29583 -0.69945
v 0.01276 0.26953 -0.77718
v -0.01276 0.26953 -0.77718
v 0.01276 0.26671 -0.72905
v -0.01276 0.26671 -0.72905
v -0.01276 0.29583 -0.75054
v 0.01276 0.29583 -0.75054
v -0.01276 0.26857 -0.76068
v 0.01276 0.26857 -0.76068
v 0.01276 0.24335 -0.74141
v -0.01276 0.24335 -0.74141
v -0.01276 0.24191 -0.76412
v 0.01276 0.24191 -0.76412
v 0.01276 0.21655 -0.73885
v -0.01276 0.21655 -0.73885
v -0.01276 0.21512 -0.75766
v 0.01276 0.21512 -0.75766
v 0.01276 0.20167 -0.73583
v -0.01276 0.20167 -0.73583
v -0.01276 0.19293 -0.74680
v 0.01276 0.19293 -0.74680
v 0.01276 0.18221 -0.72142
v -0.01276 0.18221 -0.72142
v -0.01276 0.17347 -0.73238
v 0.01276 0.17347 -0.73238
v 0.01276 0.16555 -0.70294
v -0.01276 0.16555 -0.70294
v -0.01276 0.15681 -0.70949
v 0.01276 0.15681 -0.70949
v 0.01276 0.15568 -0.67626
v -0.01276 0.15569 -0.67626
v -0.01276 0.14694 -0.68281
v 0.01276 0.14694 -0.68281
v 0.09943 0.65675 0.22386
v -0.09943 0.65675 0.22386
v -0.07258 0.68177 0.22386
v 0.07258 0.68177 0.22386
v -0.09943 0.54532 -1.26277
v -0.07555 0.54532 -1.31097
v 0.07555 0.54532 -1.31097
v 0.09943 0.54532 -1.26277
v 0.07258 0.72431 -1.12953
v 0.04870 0.76819 -1.11781
v -0.07258 0.72431 -1.12953
v -0.04870 0.76819 -1.11781
v 0.07258 0.72431 0.22386
v 0.04870 0.76819 0.22386
v -0.04870 0.76819 0.22386
v -0.07258 0.72431 0.22386
v 0.07555 0.65675 -1.26997
v 0.09943 0.65675 -1.22177
v -0.09943 0.65675 -1.22177
v -0.07555 0.65675 -1.26997
v 0.07258 0.68177 -1.18761
v 0.04870 0.68177 -1.23582
v -0.04870 0.68177 -1.23582
v -0.07258 0.68177 -1.18761
v -0.04989 0.26929 -1.27214
v -0.07134 0.27181 -1.22737
v 0.07134 0.27181 -1.22737
v 0.04989 0.26929 -1.27214
v 0.04989 0.29670 -0.81103
v 0.07134 0.29329 -0.84556
v -0.07134 0.29329 -0.84556
v -0.04989 0.29670 -0.81103
v -0.06575 0.22751 -1.15863
v -0.04598 0.22714 -1.20259
v -0.06575 0.22989 -0.87038
v -0.04598 0.23010 -0.82866
v 0.04598 0.22714 -1.20259
v 0.06575 0.22751 -1.15863
v 0.04598 0.23010 -0.82866
v 0.06575 0.22989 -0.87038
v -0.06783 0.25186 -1.28564
v -0.07955 0.27722 -1.28707
v 0.07955 0.27722 -1.28707
v 0.06783 0.25186 -1.28564
v 0.06783 0.35116 0.34574
v 0.07955 0.37664 0.34624
v -0.07955 0.37664 0.34624
v -0.06783 0.35116 0.34574
v 0.07955 0.28820 -1.10672
v 0.06783 0.26283 -1.10544
v -0.07955 0.28820 -1.10672
v -0.06783 0.26283 -1.10544
v 0.08489 0.41881 0.40408
v 0.06076 0.36649 0.40408
v 0.07783 0.38182 0.40408
v -0.06076 0.36649 0.40408
v -0.08489 0.41881 0.40408
v -0.07783 0.38182 0.40408
v 0.06076 0.36610 1.34874
v 0.08489 0.41881 1.40106
v 0.07783 0.38170 1.38574
v -0.06076 0.36610 1.34874
v -0.08489 0.41881 1.40106
v -0.07783 0.38170 1.38574
v 0.08489 0.41351 0.69592
v 0.06076 0.36119 0.69592
v 0.07783 0.37651 0.69592
v -0.06076 0.36119 0.69592
v -0.08489 0.41351 0.69592
v -0.07783 0.37651 0.69592
v 0.08489 0.54033 0.40408
v 0.08489 0.60340 0.46715
v 0.08489 0.58493 0.42255
v -0.08489 0.60340 0.46715
v -0.08489 0.54033 0.40408
v -0.08489 0.58493 0.42255
v 0.08489 0.60340 1.33799
v 0.08489 0.54033 1.40106
v 0.08489 0.58493 1.38259
v -0.08489 0.54033 1.40106
v -0.08489 0.60340 1.33799
v -0.08489 0.58493 1.38259
v 0.05304 0.80045 0.69459
v 0.08489 0.73135 0.69459
v 0.07556 0.78021 0.69459
v -0.08489 0.73135 0.69459
v -0.05304 0.80045 0.69459
v -0.07556 0.78021 0.69459
v -0.05304 0.78083 1.40128
v -0.08489 0.71173 1.40128
v -0.07556 0.76059 1.40128
v 0.08489 0.71173 1.40128
v 0.05304 0.78083 1.40128
v 0.07556 0.76059 1.40128
v -0.04989 0.23833 -0.81103
v -0.07134 0.23780 -0.85527
v 0.07134 0.23780 -0.85527
v 0.04989 0.23833 -0.81103
v -0.04989 0.23283 -1.22199
v -0.07134 0.23342 -1.17458
v 0.07134 0.23342 -1.17458
v 0.04989 0.23283 -1.22199
v 0.05231 0.67897 1.36864
v 0.05231 0.67897 1.70842
v 0.04232 0.64822 1.36864
v 0.04232 0.64822 1.70842
v 0.01616 0.62922 1.36864
v 0.01616 0.62922 1.70842
v -0.01616 0.62922 1.36864
v -0.01616 0.62922 1.70842
v -0.04232 0.64822 1.36864
v -0.04232 0.64822 1.70842
v -0.05231 0.67897 1.36864
v -0.05231 0.67897 1.70842
v -0.04232 0.70971 1.36864
v -0.04232 0.70971 1.70842
v -0.01616 0.72872 1.36864
v -0.01616 0.72872 1.70842
v 0.01616 0.72872 1.36864
v 0.01616 0.72872 1.70842
v 0.04232 0.70971 1.36864
v 0.04232 0.70971 1.70842
v 0.03521 0.65338 1.70842
v 0.04353 0.67897 1.70842
v 0.01345 0.63757 1.70842
v -0.01345 0.63757 1.70842
v -0.03521 0.65338 1.70842
v -0.04353 0.67897 1.70842
v -0.03521 0.70455 1.70842
v -0.01345 0.72036 1.70842
v 0.01345 0.72036 1.70842
v 0.03521 0.70455 1.70842
v 0.03521 0.65338 1.72493
v 0.04353 0.67897 1.72493
v 0.01345 0.63757 1.72493
v -0.01345 0.63757 1.72493
v -0.03521 0.65338 1.72493
v -0.04353 0.67897 1.72493
v -0.03521 0.70455 1.72493
v -0.01345 0.72036 1.72493
v 0.01345 0.72036 1.72493
v 0.03521 0.70455 1.72493
v 0.04878 0.64352 1.72493
v 0.06030 0.67897 1.72493
v 0.01863 0.62162 1.72493
v -0.01863 0.62162 1.72493
v -0.04878 0.64352 1.72493
v -0.06030 0.67897 1.72493
v -0.04878 0.71441 1.72493
v -0.01863 0.73632 1.72493
v 0.01863 0.73632 1.72493
v 0.04878 0.71441 1.72493
v 0.04878 0.64352 1.89630
v 0.06030 0.67897 1.89630
v 0.01863 0.62162 1.89630
v -0.01863 0.62162 1.89630
v -0.04878 0.64352 1.89630
v -0.06030 0.67897 1.89630
v -0.04878 0.71441 1.89630
v -0.01863 0.73632 1.89630
v 0.01863 0.73632 1.89630
v 0.04878 0.71441 1.89630
v 0.05231 0.52663 1.36864
v 0.05231 0.52663 2.75000
v 0.04232 0.49589 1.36864
v 0.04232 0.49589 2.75000
v 0.01616 0.47689 1.36864
v 0.01617 0.47689 2.75000
v -0.01616 0.47689 1.36864
v -0.01616 0.47689 2.75000
v -0.04232 0.49589 1.36864
v -0.04232 0.49589 2.75000
v -0.05231 0.52663 1.36864
v -0.05231 0.52663 2.75000
v -0.04232 0.55738 1.36864
v -0.04232 0.55738 2.75000
v -0.01616 0.57638 1.36864
v -0.01616 0.57638 2.75000
v 0.01616 0.57638 1.36864
v 0.01617 0.57638 2.75000
v 0.04232 0.55738 1.36864
v 0.04232 0.55738 2.75000
v 0.03927 0.52663 2.75000
v 0.03177 0.50356 2.75000
v 0.01213 0.48929 2.75000
v -0.01213 0.48929 2.75000
v -0.03177 0.50356 2.75000
v -0.03926 0.52663 2.75000
v -0.03177 0.54971 2.75000
v -0.01213 0.56398 2.75000
v 0.01213 0.56398 2.75000
v 0.03177 0.54971 2.75000
v 0.03927 0.52663 2.29980
v 0.03177 0.50356 2.29980
v 0.01213 0.48929 2.29980
v -0.01213 0.48929 2.29980
v -0.03177 0.50356 2.29980
v -0.03927 0.52663 2.29980
v -0.03177 0.54971 2.29980
v -0.01213 0.56398 2.29980
v 0.01213 0.56398 2.29980
v 0.03177 0.54971 2.29980
v 0.05231 0.52663 2.47373
v 0.04232 0.49589 2.47373
v 0.01617 0.47689 2.47373
v -0.01616 0.47689 2.47373
v -0.04232 0.49589 2.47373
v -0.05231 0.52663 2.47373
v -0.04232 0.55738 2.47373
v -0.01616 0.57638 2.47373
v 0.01617 0.57638 2.47373
v 0.04232 0.55738 2.47373
v 0.05231 0.52663 2.66688
v 0.04232 0.49589 2.66688
v 0.01617 0.47689 2.66688
v -0.01616 0.47689 2.66688
v -0.04232 0.49589 2.66688
v -0.05231 0.52663 2.66688
v -0.04232 0.55738 2.66688
v -0.01616 0.57638 2.66688
v 0.01617 0.57638 2.66688
v 0.04232 0.55738 2.66688
v 0.05031 0.49008 2.65778
v 0.05031 0.49008 2.48283
v 0.01922 0.46749 2.65778
v 0.01922 0.46749 2.48283
v -0.01922 0.46749 2.65778
v -0.01922 0.46749 2.48283
v -0.05031 0.49008 2.65778
v -0.05031 0.49008 2.48283
v -0.06219 0.52663 2.65778
v -0.06219 0.52663 2.48283
v -0.05031 0.56319 2.65778
v -0.05031 0.56319 2.48283
v -0.01922 0.58578 2.65778
v -0.01922 0.58578 2.48283
v 0.01922 0.58578 2.65778
v 0.01922 0.58578 2.48283
v 0.05031 0.56319 2.65778
v 0.05031 0.56319 2.48283
v 0.06219 0.52663 2.48283
v 0.06219 0.52663 2.65778
v 0.03427 0.56790 2.49844
v 0.03427 0.56790 2.65833
v -0.03427 0.56790 2.49844
v -0.03427 0.56790 2.65833
v -0.01930 0.78082 2.65832
v 0.01930 0.78082 2.65832
v -0.01930 0.78082 2.57007
v 0.01930 0.78082 2.57007
v -0.03032 0.79435 2.65832
v 0.03032 0.79435 2.65832
v -0.03032 0.79435 2.57007
v 0.03032 0.79435 2.57007
v -0.03032 0.79435 2.65832
v 0.03032 0.79435 2.65832
v -0.03032 0.79435 2.57007
v 0.03032 0.79435 2.57007
v 0.02068 0.67436 2.65832
v 0.02068 0.67436 2.53426
v -0.02068 0.67436 2.53426
v -0.02068 0.67436 2.65832
v -0.01011 0.79435 2.65832
v 0.01011 0.79435 2.65832
v -0.01011 0.79435 2.57007
v 0.01011 0.79435 2.57007
v 0.01011 0.81225 2.65832
v 0.03032 0.81225 2.65832
v -0.03032 0.81225 2.65832
v -0.03032 0.81225 2.57007
v 0.03032 0.81225 2.57007
v 0.01011 0.81225 2.57007
v -0.01011 0.81225 2.65832
v -0.01011 0.81225 2.57007
v 0.01863 0.64582 1.74469
v -0.01863 0.64582 1.74469
v 0.01863 0.64582 1.89887
v -0.01863 0.64582 1.89887
v -0.01863 0.60288 1.79844
v 0.01863 0.60288 1.79844
v -0.01863 0.60686 1.95401
v 0.01863 0.60686 1.95401
v -0.01863 0.55231 1.82690
v 0.01863 0.55231 1.82690
v -0.01863 0.58427 2.04225
v 0.01863 0.58427 2.04225
v -0.01863 0.54349 1.84305
v 0.01863 0.54349 1.84305
v -0.01863 0.54633 2.04804
v 0.01863 0.54633 2.04804
v -0.08489 0.60340 0.49699
v -0.08489 0.60340 0.55965
v 0.08489 0.60340 0.55965
v 0.08489 0.60340 0.49699
v 0.08489 0.36425 0.49699
v 0.08489 0.35956 0.55965
v 0.06076 0.30723 0.55965
v 0.06076 0.31192 0.49699
v 0.07783 0.32725 0.49699
v 0.07783 0.32256 0.55965
v -0.06076 0.31192 0.49699
v -0.06076 0.30723 0.55965
v -0.08489 0.35956 0.55965
v -0.08489 0.36425 0.49699
v -0.07783 0.32725 0.49699
v -0.07783 0.32256 0.55965
v -0.08489 0.68571 0.69459
v -0.08489 0.61585 0.76445
v -0.08489 0.63631 0.71505
v 0.08489 0.61585 0.76445
v 0.08489 0.68571 0.69459
v 0.08489 0.63631 0.71505
v -0.08489 0.61585 1.33142
v -0.08489 0.68571 1.40128
v -0.08489 0.63631 1.38082
v 0.08489 0.68571 1.40128
v 0.08489 0.61585 1.33142
v 0.08489 0.63631 1.38082
o Body
usemtl PinkWhite
vt -1.49699 0.32958
vt -1.47276 0.16321
vt -1.58042 0.12889
f 35/1 34/2 46/3
vt -1.49699 0.32958
vt -1.58042 0.12889
vt -1.60189 0.37244
f 35/4 46/5 51/6
vt 0.02906 -1.57543
vt -0.02906 -1.57543
vt -0.02906 -2.16846
f 45/7 48/8 60/9
vt 0.02906 -1.57543
vt -0.02906 -2.16846
vt 0.02906 -2.16846
f 45/10 60/11 54/12
vt 0.02906 -1.07738
vt 0.02906 -1.50553
vt -0.02906 -1.50553
f 44/13 36/14 31/15
vt 0.02906 -1.07738
vt -0.02906 -1.50553
vt -0.02906 -1.07738
f 44/16 31/17 39/18
vt -1.47276 0.16321
vt -1.49699 0.32958
vt -1.60189 0.37244
f 29/19 32/20 50/21
vt -1.47276 0.16321
vt -1.60189 0.37244
vt -1.58042 0.12889
f 29/22 50/23 47/24
vt -0.02906 -1.50553
vt 0.02906 -1.50553
vt 0.02906 -1.60693
f 31/25 36/26 52/27
vt -0.02906 -1.50553
vt 0.02906 -1.60693
vt -0.02906 -1.60693
f 31/28 52/29 49/30
vt 0.02906 -1.46466
vt 0.02906 -1.05943
vt -0.02906 -1.05943
f 33/31 41/32 38/33
vt 0.02906 -1.46466
vt -0.02906 -1.05943
vt -0.02906 -1.46466
f 33/34 38/35 30/36
vt -1.47276 0.16321
vt -1.49699 0.32958
vt -1.07280 0.41212
f 34/37 35/38 43/39
vt -1.47276 0.16321
vt -1.07280 0.41212
vt -1.06383 0.29579
f 34/40 43/41 42/42
vt -1.06383 0.29579
vt -1.07280 0.41212
vt -1.49699 0.32958
f 37/43 40/44 32/45
vt -1.06383 0.29579
vt -1.49699 0.32958
vt -1.47276 0.16321
f 37/46 32/47 29/48
vt -0.02906 -0.12535
vt -0.05462 -0.07023
vt -0.06446 -0.07776
f 60/49 59/50 115/51
vt -0.02906 -0.12535
vt -0.06446 -0.07776
vt -0.03429 -0.13512
f 60/52 115/53 116/54
vt 0.05462 -0.07023
vt 0.02906 -0.12535
vt 0.03429 -0.13512
f 53/55 54/56 106/57
vt 0.05462 -0.07023
vt 0.03429 -0.13512
vt 0.06446 -0.07776
f 53/58 106/59 105/60
vt 0.02906 0.36446
vt 0.05462 0.30771
vt 0.06446 0.31550
f 56/61 55/62 109/63
vt 0.02906 0.36446
vt 0.06446 0.31550
vt 0.03429 0.37455
f 56/64 109/65 110/66
vt -0.91921 -0.20643
vt -1.05546 -0.16387
vt -1.03331 -0.22422
f 75/67 70/68 87/69
vt -0.91921 -0.20643
vt -1.03331 -0.22422
vt -0.95103 -0.24854
f 75/70 87/71 94/72
vt -0.03832 0.18928
vt 0.03832 0.18928
vt 0.03832 0.12580
f 98/73 101/74 64/75
vt -0.03832 0.18928
vt 0.03832 0.12580
vt -0.03832 0.12580
f 98/76 64/77 61/78
vt -0.74110 0.13663
vt -0.95848 0.12736
vt -0.97455 0.06373
f 68/79 62/80 80/81
vt -0.74110 0.13663
vt -0.97455 0.06373
vt -0.81418 0.07202
f 68/82 80/83 82/84
vt -0.03832 -0.15378
vt 0.03832 -0.15378
vt 0.03832 -0.22299
f 69/85 72/86 88/87
vt -0.03832 -0.15378
vt 0.03832 -0.22299
vt -0.03832 -0.22299
f 69/88 88/89 85/90
vt 0.03832 -0.69763
vt -0.03832 -0.69763
vt -0.03832 -0.77025
f 66/91 67/92 81/93
vt 0.03832 -0.69763
vt -0.03832 -0.77025
vt 0.03832 -0.77025
f 66/94 81/95 83/96
vt -0.03832 -1.01581
vt 0.03832 -1.01581
vt 0.03832 -0.96937
f 86/97 90/98 93/99
vt -0.03832 -1.01581
vt 0.03832 -0.96937
vt -0.03832 -0.96937
f 86/100 93/101 95/102
vt 0.03832 -0.21846
vt -0.03832 -0.21846
vt -0.03832 -0.26199
f 73/103 76/104 96/105
vt 0.03832 -0.21846
vt -0.03832 -0.26199
vt 0.03832 -0.26199
f 73/106 96/107 92/108
vt 0.03832 0.07429
vt -0.03832 0.07429
vt -0.03832 -0.21846
f 83/109 81/110 76/111
vt 0.03832 0.07429
vt -0.03832 -0.21846
vt 0.03832 -0.21846
f 83/112 76/113 73/114
vt -0.03832 0.06184
vt 0.03832 0.06184
vt 0.03832 -0.15378
f 79/115 77/116 72/117
vt -0.03832 0.06184
vt 0.03832 -0.15378
vt -0.03832 -0.15378
f 79/118 72/119 69/120
vt -0.95848 0.12736
vt -0.74110 0.13663
vt -0.81418 0.07202
f 63/121 65/122 84/123
vt -0.95848 0.12736
vt -0.81418 0.07202
vt -0.97455 0.06373
f 63/124 84/125 78/126
vt -0.96553 0.18959
vt -0.72532 0.19158
vt -0.74110 0.13663
f 102/127 104/128 65/129
vt -0.96553 0.18959
vt -0.74110 0.13663
vt -0.95848 0.12736
f 102/130 65/131 63/132
vt 0.03832 0.19175
vt -0.03832 0.19175
vt -0.03832 0.13848
f 103/133 100/134 67/135
vt 0.03832 0.19175
vt -0.03832 0.13848
vt 0.03832 0.13848
f 103/136 67/137 66/138
vt -0.72532 0.19158
vt -0.96553 0.18959
vt -0.95848 0.12736
f 99/139 97/140 62/141
vt -0.72532 0.19158
vt -0.95848 0.12736
vt -0.74110 0.13663
f 99/142 62/143 68/144
vt -0.97455 0.06373
vt -0.81418 0.07202
vt -0.91921 -0.20643
f 78/145 84/146 74/147
vt -0.97455 0.06373
vt -0.91921 -0.20643
vt -1.05546 -0.16387
f 78/148 74/149 71/150
vt -1.05546 -0.16387
vt -0.91921 -0.20643
vt -0.95103 -0.24854
f 71/151 74/152 91/153
vt -1.05546 -0.16387
vt -0.95103 -0.24854
vt -1.03331 -0.22422
f 71/154 91/155 89/156
vt -0.81418 0.07202
vt -0.97455 0.06373
vt -1.05546 -0.16387
f 82/157 80/158 70/159
vt -0.81418 0.07202
vt -1.05546 -0.16387
vt -0.91921 -0.20643
f 82/160 70/161 75/162
vt -0.04115 -0.01804
vt -0.04115 0.02878
vt 0.04115 0.02878
f 140/163 4/164 3/165
vt -0.04115 -0.01804
vt 0.04115 0.02878
vt 0.04115 -0.01804
f 140/166 3/167 139/168
vt 0.04115 0.15832
vt 0.04115 0.12041
vt 0.04553 0.12708
f 189/169 198/170 270/171
vt 0.04115 0.15832
vt 0.04553 0.12708
vt 0.04553 0.16903
f 189/172 270/173 261/174
vt 0.04115 0.09900
vt 0.04115 0.13699
vt 0.04553 0.14543
f 197/175 190/176 262/177
vt 0.04115 0.09900
vt 0.04553 0.14543
vt 0.04553 0.10338
f 197/178 262/179 269/180
vt -0.04115 0.02464
vt -0.04115 0.06700
vt -0.04553 0.07847
f 207/181 205/182 276/183
vt -0.04115 0.02464
vt -0.04553 0.07847
vt -0.04553 0.03160
f 207/184 276/185 277/186
vt -0.04115 0.02719
vt -0.04115 -0.01886
vt -0.04553 -0.01215
f 214/187 215/188 239/189
vt -0.04115 0.02719
vt -0.04553 -0.01215
vt -0.04553 0.03881
f 214/190 239/191 282/192
vt -0.05206 -0.40323
vt -0.05206 -0.63430
vt -0.05695 -0.64763
f 154/193 13/194 155/195
vt -0.05206 -0.40323
vt -0.05695 -0.64763
vt -0.05695 -0.39486
f 154/196 155/197 162/198
vt 0.18030 0.57519
vt 0.18030 0.49283
vt 0.33179 0.49283
f 124/199 24/200 26/201
vt 0.18030 0.57519
vt 0.33179 0.49283
vt 0.33179 0.57519
f 124/202 26/203 130/204
vt 0.33179 0.57519
vt 0.33179 0.49283
vt 1.14251 0.49283
f 130/205 26/206 28/207
vt 0.33179 0.57519
vt 1.14251 0.49283
vt 1.14251 0.57519
f 130/208 28/209 137/210
vt 0.18030 0.49283
vt 0.18030 0.57519
vt 0.33179 0.57519
f 23/211 122/212 128/213
vt 0.18030 0.49283
vt 0.33179 0.57519
vt 0.33179 0.49283
f 23/214 128/215 25/216
vt -0.05273 0.18030
vt 0.05273 0.18030
vt 0.05273 0.33179
f 18/217 17/218 19/219
vt -0.05273 0.18030
vt 0.05273 0.33179
vt -0.05273 0.33179
f 18/220 19/221 20/222
vt 0.18030 0.49283
vt 0.18030 0.31541
vt 0.33179 0.31541
f 24/223 18/224 20/225
vt 0.18030 0.49283
vt 0.33179 0.31541
vt 0.33179 0.49283
f 24/226 20/227 26/228
vt 0.33179 0.49283
vt 0.33179 0.57519
vt 1.14251 0.57519
f 25/229 128/230 133/231
vt 0.33179 0.49283
vt 1.14251 0.57519
vt 1.14251 0.49283
f 25/232 133/233 27/234
vt -0.05273 0.33179
vt 0.05273 0.33179
vt 0.05273 1.14251
f 20/235 19/236 21/237
vt -0.05273 0.33179
vt 0.05273 1.14251
vt -0.05273 1.14251
f 20/238 21/239 22/240
vt 0.33179 0.49283
vt 0.33179 0.31541
vt 1.14251 0.31541
f 26/241 20/242 22/243
vt 0.33179 0.49283
vt 1.14251 0.31541
vt 1.14251 0.49283
f 26/244 22/245 28/246
vt 0.05273 0.49283
vt 0.05273 0.57519
vt 0.04488 0.61628
f 27/247 133/248 135/249
vt 0.05273 0.49283
vt 0.04488 0.61628
vt 0.02593 0.63330
f 27/250 135/251 134/252
vt 0.05273 0.49283
vt 0.02593 0.63330
vt -0.02593 0.63330
f 27/253 134/254 136/255
vt 0.05273 0.49283
vt -0.02593 0.63330
vt -0.04488 0.61628
f 27/256 136/257 138/258
vt 0.05273 0.49283
vt -0.04488 0.61628
vt -0.05273 0.57519
f 27/259 138/260 137/261
vt 0.05273 0.49283
vt -0.05273 0.57519
vt -0.05273 0.49283
f 27/262 137/263 28/264
vt 0.05273 0.31541
vt 0.05273 0.49283
vt -0.05273 0.49283
f 21/265 27/266 28/267
vt 0.05273 0.31541
vt -0.05273 0.49283
vt -0.05273 0.31541
f 21/268 28/269 22/270
vt 0.18030 0.31541
vt 0.18030 0.49283
vt 0.33179 0.49283
f 17/271 23/272 25/273
vt 0.18030 0.31541
vt 0.33179 0.49283
vt 0.33179 0.31541
f 17/274 25/275 19/276
vt 0.02593 0.33179
vt -0.02593 0.33179
vt -0.02593 1.14251
f 127/277 131/278 136/279
vt 0.02593 0.33179
vt -0.02593 1.14251
vt 0.02593 1.14251
f 127/280 136/281 134/282
vt 0.33179 0.31541
vt 0.33179 0.49283
vt 1.14251 0.49283
f 19/283 25/284 27/285
vt 0.33179 0.31541
vt 1.14251 0.49283
vt 1.14251 0.31541
f 19/286 27/287 21/288
vt -0.03832 0.12580
vt 0.03832 0.12580
vt 0.03832 0.06184
f 61/289 64/290 77/291
vt -0.03832 0.12580
vt 0.03832 0.06184
vt -0.03832 0.06184
f 61/292 77/293 79/294
vt -1.60189 0.37244
vt -1.58042 0.12889
vt -2.17793 -0.07023
f 51/295 46/296 53/297
vt -1.60189 0.37244
vt -2.17793 -0.07023
vt -2.24288 0.30771
f 51/298 53/299 55/300
vt 0.05462 0.30771
vt 0.05462 -0.07023
vt 0.06446 -0.07776
f 55/301 53/302 105/303
vt 0.05462 0.30771
vt 0.06446 -0.07776
vt 0.06446 0.31550
f 55/304 105/305 109/306
vt -0.02906 -1.60693
vt 0.02906 -1.60693
vt 0.02906 -2.25263
f 49/307 52/308 56/309
vt -0.02906 -1.60693
vt 0.02906 -2.25263
vt -0.02906 -2.25263
f 49/310 56/311 58/312
vt -1.58042 0.12889
vt -1.60189 0.37244
vt -2.24288 0.30771
f 47/313 50/314 57/315
vt -1.58042 0.12889
vt -2.24288 0.30771
vt -2.17793 -0.07023
f 47/316 57/317 59/318
vt -1.05943 0.23897
vt -1.46466 0.10758
vt -1.47276 0.16321
f 41/319 33/320 34/321
vt -1.05943 0.23897
vt -1.47276 0.16321
vt -1.06383 0.29579
f 41/322 34/323 42/324
vt -1.50553 0.38823
vt -1.07738 0.47154
vt -1.07280 0.41212
f 36/325 44/326 43/327
vt -1.50553 0.38823
vt -1.07280 0.41212
vt -1.49699 0.32958
f 36/328 43/329 35/330
vt -1.46466 0.10758
vt -1.05943 0.23897
vt -1.06383 0.29579
f 30/331 38/332 37/333
vt -1.46466 0.10758
vt -1.06383 0.29579
vt -1.47276 0.16321
f 30/334 37/335 29/336
vt -1.07738 0.47154
vt -1.50553 0.38823
vt -1.49699 0.32958
f 39/337 31/338 32/339
vt -1.07738 0.47154
vt -1.49699 0.32958
vt -1.07280 0.41212
f 39/340 32/341 40/342
vt -1.49699 0.32958
vt -1.60189 0.37244
vt -1.60693 0.42966
f 35/343 51/344 52/345
vt -1.49699 0.32958
vt -1.60693 0.42966
vt -1.50553 0.38823
f 35/346 52/347 36/348
vt -1.60189 0.37244
vt -1.49699 0.32958
vt -1.50553 0.38823
f 50/349 32/350 31/351
vt -1.60189 0.37244
vt -1.50553 0.38823
vt -1.60693 0.42966
f 50/352 31/353 49/354
vt -1.47276 0.16321
vt -1.58042 0.12889
vt -1.57543 0.07228
f 29/355 47/356 48/357
vt -1.47276 0.16321
vt -1.57543 0.07228
vt -1.46466 0.10758
f 29/358 48/359 30/360
vt -1.58042 0.12889
vt -1.47276 0.16321
vt -1.46466 0.10758
f 46/361 34/362 33/363
vt -1.58042 0.12889
vt -1.46466 0.10758
vt -1.57543 0.07228
f 46/364 33/365 45/366
vt -0.02906 0.36446
vt 0.02906 0.36446
vt 0.03429 0.37455
f 58/367 56/368 110/369
vt -0.02906 0.36446
vt 0.03429 0.37455
vt -0.03429 0.37455
f 58/370 110/371 112/372
vt -2.25263 0.36446
vt -1.60693 0.42966
vt -1.60189 0.37244
f 56/373 52/374 51/375
vt -2.25263 0.36446
vt -1.60189 0.37244
vt -2.24288 0.30771
f 56/376 51/377 55/378
vt 0.02906 -0.12535
vt -0.02906 -0.12535
vt -0.03429 -0.13512
f 54/379 60/380 116/381
vt 0.02906 -0.12535
vt -0.03429 -0.13512
vt 0.03429 -0.13512
f 54/382 116/383 106/384
vt -2.16846 -0.12535
vt -1.57543 0.07228
vt -1.58042 0.12889
f 60/385 48/386 47/387
vt -2.16846 -0.12535
vt -1.58042 0.12889
vt -2.17793 -0.07023
f 60/388 47/389 59/390
vt -1.57543 0.07228
vt -2.16846 -0.12535
vt -2.17793 -0.07023
f 45/391 54/392 53/393
vt -1.57543 0.07228
vt -2.17793 -0.07023
vt -1.58042 0.12889
f 45/394 53/395 46/396
vt -0.05462 -0.07023
vt -0.05462 0.30771
vt -0.06446 0.31550
f 59/397 57/398 111/399
vt -0.05462 -0.07023
vt -0.06446 0.31550
vt -0.06446 -0.07776
f 59/400 111/401 115/402
vt -1.60693 0.42966
vt -2.25263 0.36446
vt -2.24288 0.30771
f 49/403 58/404 57/405
vt -1.60693 0.42966
vt -2.24288 0.30771
vt -1.60189 0.37244
f 49/406 57/407 50/408
vt -0.05462 0.30771
vt -0.02906 0.36446
vt -0.03429 0.37455
f 57/409 58/410 112/411
vt -0.05462 0.30771
vt -0.03429 0.37455
vt -0.06446 0.31550
f 57/412 112/413 111/414
vt 0.02906 -1.46466
vt -0.02906 -1.46466
vt -0.02906 -1.57543
f 33/415 30/416 48/417
vt 0.02906 -1.46466
vt -0.02906 -1.57543
vt 0.02906 -1.57543
f 33/418 48/419 45/420
vt -1.06238 -0.22299
vt -1.01581 -0.26665
vt -1.03331 -0.22422
f 85/421 86/422 87/423
vt -1.06238 -0.22299
vt -1.03331 -0.22422
vt -1.01581 -0.26665
f 88/424 89/425 90/426
vt -0.95103 -0.24854
vt -0.91357 -0.26199
vt -0.96937 -0.28038
f 91/427 92/428 93/429
vt -0.95103 -0.24854
vt -0.96937 -0.28038
vt -0.91357 -0.26199
f 94/430 95/431 96/432
vt -1.00216 0.18928
vt -0.99498 0.12580
vt -0.95848 0.12736
f 98/433 61/434 62/435
vt -1.00216 0.18928
vt -0.95848 0.12736
vt -0.96553 0.18959
f 98/436 62/437 97/438
vt -0.96553 0.18959
vt -0.95848 0.12736
vt -0.99498 0.12580
f 102/439 63/440 64/441
vt -0.96553 0.18959
vt -0.99498 0.12580
vt -1.00216 0.18928
f 102/442 64/443 101/444
vt -0.97455 0.06373
vt -1.05546 -0.16387
vt -1.08777 -0.15378
f 78/445 71/446 72/447
vt -0.97455 0.06373
vt -1.08777 -0.15378
vt -1.01113 0.06184
f 78/448 72/449 77/450
vt -0.97455 0.06373
vt -0.95848 0.12736
vt -0.99498 0.12580
f 80/451 62/452 61/453
vt -0.97455 0.06373
vt -0.99498 0.12580
vt -1.01113 0.06184
f 80/454 61/455 79/456
vt -0.81418 0.07202
vt -0.91921 -0.20643
vt -0.88068 -0.21846
f 82/457 75/458 76/459
vt -0.81418 0.07202
vt -0.88068 -0.21846
vt -0.77025 0.07429
f 82/460 76/461 81/462
vt -0.81418 0.07202
vt -0.74110 0.13663
vt -0.69763 0.13848
f 84/463 65/464 66/465
vt -0.81418 0.07202
vt -0.69763 0.13848
vt -0.77025 0.07429
f 84/466 66/467 83/468
vt -0.95848 0.12736
vt -0.97455 0.06373
vt -1.01113 0.06184
f 63/469 78/470 77/471
vt -0.95848 0.12736
vt -1.01113 0.06184
vt -0.99498 0.12580
f 63/472 77/473 64/474
vt -1.05546 -0.16387
vt -0.97455 0.06373
vt -1.01113 0.06184
f 70/475 80/476 79/477
vt -1.05546 -0.16387
vt -1.01113 0.06184
vt -1.08777 -0.15378
f 70/478 79/479 69/480
vt -0.74110 0.13663
vt -0.81418 0.07202
vt -0.77025 0.07429
f 68/481 82/482 81/483
vt -0.74110 0.13663
vt -0.77025 0.07429
vt -0.69763 0.13848
f 68/484 81/485 67/486
vt -0.91921 -0.20643
vt -0.81418 0.07202
vt -0.77025 0.07429
f 74/487 84/488 83/489
vt -0.91921 -0.20643
vt -0.77025 0.07429
vt -0.88068 -0.21846
f 74/490 83/491 73/492
vt -0.03832 -1.06238
vt 0.03832 -1.06238
vt 0.03832 -1.01581
f 85/493 88/494 90/495
vt -0.03832 -1.06238
vt 0.03832 -1.01581
vt -0.03832 -1.01581
f 85/496 90/497 86/498
vt -0.96937 -0.28038
vt -1.01581 -0.26665
vt -1.03331 -0.22422
f 93/499 90/500 89/501
vt -0.96937 -0.28038
vt -1.03331 -0.22422
vt -0.95103 -0.24854
f 93/502 89/503 91/504
vt -1.01581 -0.26665
vt -0.96937 -0.28038
vt -0.95103 -0.24854
f 86/505 95/506 94/507
vt -1.01581 -0.26665
vt -0.95103 -0.24854
vt -1.03331 -0.22422
f 86/508 94/509 87/510
vt 0.03832 -0.91357
vt -0.03832 -0.91357
vt -0.03832 -0.96937
f 92/511 96/512 95/513
vt 0.03832 -0.91357
vt -0.03832 -0.96937
vt 0.03832 -0.96937
f 92/514 95/515 93/516
vt -0.91921 -0.20643
vt -0.95103 -0.24854
vt -0.91357 -0.26199
f 75/517 94/518 96/519
vt -0.91921 -0.20643
vt -0.91357 -0.26199
vt -0.88068 -0.21846
f 75/520 96/521 76/522
vt -0.95103 -0.24854
vt -0.91921 -0.20643
vt -0.88068 -0.21846
f 91/523 74/524 73/525
vt -0.95103 -0.24854
vt -0.88068 -0.21846
vt -0.91357 -0.26199
f 91/526 73/527 92/528
vt -1.06238 -0.22299
vt -1.08777 -0.15378
vt -1.05546 -0.16387
f 88/529 72/530 71/531
vt -1.06238 -0.22299
vt -1.05546 -0.16387
vt -1.03331 -0.22422
f 88/532 71/533 89/534
vt -1.08777 -0.15378
vt -1.06238 -0.22299
vt -1.03331 -0.22422
f 69/535 85/536 87/537
vt -1.08777 -0.15378
vt -1.03331 -0.22422
vt -1.05546 -0.16387
f 69/538 87/539 70/540
vt -0.69763 0.13848
vt -0.69055 0.19175
vt -0.72532 0.19158
f 67/541 100/542 99/543
vt -0.69763 0.13848
vt -0.72532 0.19158
vt -0.74110 0.13663
f 67/544 99/545 68/546
vt -0.74110 0.13663
vt -0.72532 0.19158
vt -0.69055 0.19175
f 65/547 104/548 103/549
vt -0.74110 0.13663
vt -0.69055 0.19175
vt -0.69763 0.13848
f 65/550 103/551 66/552
vt -2.17591 -0.07776
vt -2.24349 0.31550
vt -2.28133 0.31168
f 115/553 111/554 114/555
vt -2.17591 -0.07776
vt -2.28133 0.31168
vt -2.21102 -0.08946
f 115/556 114/557 119/558
vt -2.24349 0.31550
vt -2.17591 -0.07776
vt -2.21102 -0.08946
f 109/559 105/560 108/561
vt -2.24349 0.31550
vt -2.21102 -0.08946
vt -2.28133 0.31168
f 109/562 108/563 117/564
vt -0.03429 -2.25364
vt 0.03429 -2.25364
vt 0.03429 -2.29167
f 112/565 110/566 118/567
vt -0.03429 -2.25364
vt 0.03429 -2.29167
vt -0.03429 -2.29167
f 112/568 118/569 113/570
vt -0.03429 -0.14675
vt -0.06446 -0.08946
vt -0.06446 0.31168
f 120/571 119/572 114/573
vt -0.03429 -0.14675
vt -0.06446 0.31168
vt -0.03429 0.37071
f 120/574 114/575 113/576
vt -0.03429 -0.14675
vt -0.03429 0.37071
vt 0.03429 0.37071
f 120/577 113/578 118/579
vt -0.03429 -0.14675
vt 0.03429 0.37071
vt 0.06446 0.31168
f 120/580 118/581 117/582
vt -0.03429 -0.14675
vt 0.06446 0.31168
vt 0.06446 -0.08946
f 120/583 117/584 108/585
vt -0.03429 -0.14675
vt 0.06446 -0.08946
vt 0.03429 -0.14675
f 120/586 108/587 107/588
vt 0.03429 -2.16606
vt -0.03429 -2.16606
vt -0.03429 -2.20098
f 106/589 116/590 120/591
vt 0.03429 -2.16606
vt -0.03429 -2.20098
vt 0.03429 -2.20098
f 106/592 120/593 107/594
vt -2.16606 -0.13512
vt -2.20098 -0.14675
vt -2.21102 -0.08946
f 106/595 107/596 108/597
vt -2.16606 -0.13512
vt -2.21102 -0.08946
vt -2.17591 -0.07776
f 106/598 108/599 105/600
vt -2.25364 0.37455
vt -2.29167 0.37071
vt -2.28133 0.31168
f 112/601 113/602 114/603
vt -2.25364 0.37455
vt -2.28133 0.31168
vt -2.24349 0.31550
f 112/604 114/605 111/606
vt -2.29167 0.37071
vt -2.25364 0.37455
vt -2.24349 0.31550
f 118/607 110/608 109/609
vt -2.29167 0.37071
vt -2.24349 0.31550
vt -2.28133 0.31168
f 118/610 109/611 117/612
vt -2.20098 -0.14675
vt -2.16606 -0.13512
vt -2.17591 -0.07776
f 120/613 116/614 115/615
vt -2.20098 -0.14675
vt -2.17591 -0.07776
vt -2.21102 -0.08946
f 120/616 115/617 119/618
vt 0.18030 0.57519
vt 0.33179 0.57519
vt 0.33179 0.61628
f 124/619 130/620 132/621
vt 0.18030 0.57519
vt 0.33179 0.61628
vt 0.18030 0.61628
f 124/622 132/623 126/624
vt -0.04488 0.18030
vt -0.04488 0.33179
vt -0.02593 0.33179
f 126/625 132/626 131/627
vt -0.04488 0.18030
vt -0.02593 0.33179
vt -0.02593 0.18030
f 126/628 131/629 125/630
vt 0.33179 0.57519
vt 0.18030 0.57519
vt 0.18030 0.61628
f 128/631 122/632 123/633
vt 0.33179 0.57519
vt 0.18030 0.61628
vt 0.33179 0.61628
f 128/634 123/635 129/636
vt 0.04488 0.33179
vt 0.04488 0.18030
vt 0.02593 0.18030
f 129/637 123/638 121/639
vt 0.04488 0.33179
vt 0.02593 0.18030
vt 0.02593 0.33179
f 129/640 121/641 127/642
vt 0.02593 0.33179
vt 0.02593 1.14251
vt 0.04488 1.14251
f 127/643 134/644 135/645
vt 0.02593 0.33179
vt 0.04488 1.14251
vt 0.04488 0.33179
f 127/646 135/647 129/648
vt 0.33179 0.61628
vt 1.14251 0.61628
vt 1.14251 0.57519
f 129/649 135/650 133/651
vt 0.33179 0.61628
vt 1.14251 0.57519
vt 0.33179 0.57519
f 129/652 133/653 128/654
vt 0.33179 0.57519
vt 1.14251 0.57519
vt 1.14251 0.61628
f 130/655 137/656 138/657
vt 0.33179 0.57519
vt 1.14251 0.61628
vt 0.33179 0.61628
f 130/658 138/659 132/660
vt -0.04488 0.33179
vt -0.04488 1.14251
vt -0.02593 1.14251
f 132/661 138/662 136/663
vt -0.04488 0.33179
vt -0.02593 1.14251
vt -0.02593 0.33179
f 132/664 136/665 131/666
vt 0.02593 0.18030
vt -0.02593 0.18030
vt -0.02593 0.33179
f 121/667 125/668 131/669
vt 0.02593 0.18030
vt -0.02593 0.33179
vt 0.02593 0.33179
f 121/670 131/671 127/672
vt 0.04115 -0.39016
vt 0.04115 -0.35039
vt 0.04502 -0.33706
f 145/673 15/674 160/675
vt 0.04115 -0.39016
vt 0.04502 -0.33706
vt 0.04502 -0.38056
f 145/676 160/677 161/678
vt -0.05206 0.22413
vt -0.04115 0.23472
vt -0.04553 0.24037
f 186/679 182/680 254/681
vt -0.05206 0.22413
vt -0.04553 0.24037
vt -0.05761 0.22864
f 186/682 254/683 258/684
vt -0.04115 -0.26833
vt -0.05206 -0.27871
vt -0.05761 -0.27426
f 181/685 185/686 257/687
vt -0.04115 -0.26833
vt -0.05761 -0.27426
vt -0.04553 -0.26277
f 181/688 257/689 253/690
vt -0.05206 -0.03343
vt -0.04115 -0.01804
vt 0.04115 -0.01804
f 151/691 140/692 139/693
vt -0.05206 -0.03343
vt 0.04115 -0.01804
vt 0.05207 -0.03343
f 151/694 139/695 147/696
vt -0.05206 -0.30553
vt -0.05206 -0.03343
vt 0.05207 -0.03343
f 1/697 151/698 147/699
vt -0.05206 -0.30553
vt 0.05207 -0.03343
vt 0.05207 -0.30553
f 1/700 147/701 2/702
vt -0.05206 -0.11236
vt -0.05206 0.10795
vt -0.05761 0.11329
f 194/703 202/704 274/705
vt -0.05206 -0.11236
vt -0.05761 0.11329
vt -0.05761 -0.13050
f 194/706 274/707 266/708
vt 0.05207 -0.40323
vt 0.04115 -0.39016
vt 0.04502 -0.38056
f 150/709 145/710 161/711
vt 0.05207 -0.40323
vt 0.04502 -0.38056
vt 0.05695 -0.39486
f 150/712 161/713 157/714
vt -0.04115 0.26696
vt 0.04115 0.26696
vt 0.04553 0.27604
f 173/715 177/716 249/717
vt -0.04115 0.26696
vt 0.04553 0.27604
vt -0.04553 0.27604
f 173/718 249/719 245/720
vt 0.34370 -0.39486
vt 0.35259 -0.38056
vt 0.39963 -0.40981
f 157/721 161/722 169/723
vt 0.34370 -0.39486
vt 0.39963 -0.40981
vt 0.39073 -0.42411
f 157/724 169/725 165/726
vt -0.05695 0.18652
vt 0.05695 0.18652
vt 0.05695 0.23356
f 155/727 156/728 164/729
vt -0.05695 0.18652
vt 0.05695 0.23356
vt -0.05695 0.23356
f 155/730 164/731 163/732
vt 0.37964 -0.33706
vt 0.35259 -0.38056
vt 0.39963 -0.40981
f 159/733 158/734 166/735
vt 0.37964 -0.33706
vt 0.39963 -0.40981
vt 0.42667 -0.36631
f 159/736 166/737 167/738
vt -0.04115 -0.35039
vt -0.04115 -0.39016
vt -0.04502 -0.38056
f 16/739 146/740 158/741
vt -0.04115 -0.35039
vt -0.04502 -0.38056
vt -0.04502 -0.33706
f 16/742 158/743 159/744
vt -0.05206 -0.63430
vt 0.05207 -0.63430
vt 0.05695 -0.64763
f 13/745 14/746 156/747
vt -0.05206 -0.63430
vt 0.05695 -0.64763
vt -0.05695 -0.64763
f 13/748 156/749 155/750
vt -0.04115 -0.39016
vt -0.05206 -0.40323
vt -0.05695 -0.39486
f 146/751 154/752 162/753
vt -0.04115 -0.39016
vt -0.05695 -0.39486
vt -0.04502 -0.38056
f 146/754 162/755 158/756
vt 0.04115 -0.35039
vt -0.04115 -0.35039
vt -0.04502 -0.33706
f 15/757 16/758 159/759
vt 0.04115 -0.35039
vt -0.04502 -0.33706
vt 0.04502 -0.33706
f 15/760 159/761 160/762
vt 0.05207 -0.63430
vt 0.05207 -0.40323
vt 0.05695 -0.39486
f 14/763 150/764 157/765
vt 0.05207 -0.63430
vt 0.05695 -0.39486
vt 0.05695 -0.64763
f 14/766 157/767 156/768
vt -0.04502 -0.40981
vt 0.04502 -0.40981
vt 0.04502 -0.36631
f 166/769 169/770 168/771
vt -0.04502 -0.40981
vt 0.04502 -0.36631
vt -0.04502 -0.36631
f 166/772 168/773 167/774
vt -0.05695 -0.42411
vt 0.05695 -0.42411
vt 0.04502 -0.40981
f 170/775 165/776 169/777
vt -0.05695 -0.42411
vt 0.04502 -0.40981
vt -0.04502 -0.40981
f 170/778 169/779 166/780
vt -0.05695 -0.67688
vt 0.05695 -0.67688
vt 0.05695 -0.42411
f 163/781 164/782 165/783
vt -0.05695 -0.67688
vt 0.05695 -0.42411
vt -0.05695 -0.42411
f 163/784 165/785 170/786
vt 0.35259 -0.38056
vt 0.34370 -0.39486
vt 0.39073 -0.42411
f 158/787 162/788 170/789
vt 0.35259 -0.38056
vt 0.39073 -0.42411
vt 0.39963 -0.40981
f 158/790 170/791 166/792
vt 0.04502 0.37964
vt -0.04502 0.37964
vt -0.04502 0.42667
f 160/793 159/794 167/795
vt 0.04502 0.37964
vt -0.04502 0.42667
vt 0.04502 0.42667
f 160/796 167/797 168/798
vt 0.18652 -0.64763
vt 0.34370 -0.39486
vt 0.39073 -0.42411
f 156/799 157/800 165/801
vt 0.18652 -0.64763
vt 0.39073 -0.42411
vt 0.23356 -0.67688
f 156/802 165/803 164/804
vt 0.34370 -0.39486
vt 0.18652 -0.64763
vt 0.23356 -0.67688
f 162/805 155/806 163/807
vt 0.34370 -0.39486
vt 0.23356 -0.67688
vt 0.39073 -0.42411
f 162/808 163/809 170/810
vt 0.35259 -0.38056
vt 0.37964 -0.33706
vt 0.42667 -0.36631
f 161/811 160/812 168/813
vt 0.35259 -0.38056
vt 0.42667 -0.36631
vt 0.39963 -0.40981
f 161/814 168/815 169/816
vt -0.05206 0.08651
vt -0.05206 -0.13427
vt -0.05761 -0.15474
f 201/817 193/818 265/819
vt -0.05206 0.08651
vt -0.05761 -0.15474
vt -0.05761 0.08957
f 201/820 265/821 273/822
vt 0.23472 -0.28395
vt 0.34663 -0.39016
vt 0.33849 -0.40323
f 180/823 145/824 150/825
vt 0.23472 -0.28395
vt 0.33849 -0.40323
vt 0.22413 -0.29487
f 180/826 150/827 184/828
vt 0.04115 -0.23673
vt -0.04115 -0.23673
vt -0.04553 -0.22781
f 178/829 174/830 246/831
vt 0.04115 -0.23673
vt -0.04553 -0.22781
vt 0.04553 -0.22781
f 178/832 246/833 250/834
vt 0.23472 -0.28395
vt 0.34663 -0.39016
vt 0.37135 -0.35039
f 182/835 146/836 16/837
vt 0.23472 -0.28395
vt 0.37135 -0.35039
vt 0.26696 -0.25072
f 182/838 16/839 173/840
vt 0.04115 0.02464
vt 0.05207 0.01072
vt 0.05761 0.01619
f 208/841 209/842 279/843
vt 0.04115 0.02464
vt 0.05761 0.01619
vt 0.04553 0.03160
f 208/844 279/845 278/846
vt -0.04115 0.26696
vt -0.04115 0.37135
vt 0.04115 0.37135
f 173/847 16/848 15/849
vt -0.04115 0.26696
vt 0.04115 0.37135
vt 0.04115 0.26696
f 173/850 15/851 177/852
vt 0.05207 -0.03400
vt 0.04115 -0.01886
vt 0.04553 -0.01215
f 217/853 216/854 240/855
vt 0.05207 -0.03400
vt 0.04553 -0.01215
vt 0.05761 -0.02890
f 217/856 240/857 241/858
vt 0.03681 -0.48793
vt 0.19482 -0.63430
vt 0.33849 -0.40323
f 172/859 13/860 154/861
vt 0.03681 -0.48793
vt 0.33849 -0.40323
vt 0.22413 -0.29487
f 172/862 154/863 186/864
vt 0.04115 0.05483
vt -0.04115 0.05483
vt -0.04553 0.06501
f 11/865 12/866 231/867
vt 0.04115 0.05483
vt -0.04553 0.06501
vt 0.04553 0.06501
f 11/868 231/869 232/870
vt 0.22413 -0.29487
vt 0.33849 -0.40323
vt 0.34663 -0.39016
f 186/871 154/872 146/873
vt 0.22413 -0.29487
vt 0.34663 -0.39016
vt 0.23472 -0.28395
f 186/874 146/875 182/876
vt -0.04115 0.05483
vt -0.04115 0.01141
vt -0.04553 0.01695
f 12/877 144/878 230/879
vt -0.04115 0.05483
vt -0.04553 0.01695
vt -0.04553 0.06501
f 12/880 230/881 231/882
vt 0.26696 -0.25072
vt 0.37135 -0.35039
vt 0.34663 -0.39016
f 177/883 15/884 145/885
vt 0.26696 -0.25072
vt 0.34663 -0.39016
vt 0.23472 -0.28395
f 177/886 145/887 180/888
vt 0.05207 -0.11236
vt -0.05206 -0.11236
vt -0.05761 -0.13050
f 191/889 194/890 266/891
vt 0.05207 -0.11236
vt -0.05761 -0.13050
vt 0.05761 -0.13050
f 191/892 266/893 263/894
vt 0.22413 -0.29487
vt 0.33849 -0.40323
vt 0.19482 -0.63430
f 184/895 150/896 14/897
vt 0.22413 -0.29487
vt 0.19482 -0.63430
vt 0.03681 -0.48793
f 184/898 14/899 176/900
vt 0.05207 -0.25520
vt 0.05207 -0.00287
vt 0.05761 0.00116
f 10/901 149/902 229/903
vt 0.05207 -0.25520
vt 0.05761 0.00116
vt 0.05761 -0.27807
f 10/904 229/905 228/906
vt -0.05206 -0.13427
vt 0.05207 -0.13427
vt 0.05761 -0.15474
f 193/907 192/908 264/909
vt -0.05206 -0.13427
vt 0.05761 -0.15474
vt -0.05761 -0.15474
f 193/910 264/911 265/912
vt 0.10795 -0.14453
vt 0.20817 -0.27871
vt 0.21937 -0.26833
f 202/913 185/914 181/915
vt 0.10795 -0.14453
vt 0.21937 -0.26833
vt 0.12041 -0.13550
f 202/916 181/917 196/918
vt 0.04115 -0.25072
vt 0.04115 -0.28395
vt 0.04553 -0.28006
f 177/919 180/920 252/921
vt 0.04115 -0.25072
vt 0.04553 -0.28006
vt 0.04553 -0.24329
f 177/922 252/923 249/924
vt 0.10795 -0.14453
vt 0.20817 -0.27871
vt 0.00995 -0.46227
f 200/925 183/926 175/927
vt 0.10795 -0.14453
vt 0.00995 -0.46227
vt -0.11236 -0.30421
f 200/928 175/929 191/930
vt -0.05206 -0.25520
vt 0.05207 -0.25520
vt 0.05761 -0.27807
f 9/931 10/932 228/933
vt -0.05206 -0.25520
vt 0.05761 -0.27807
vt -0.05761 -0.27807
f 9/934 228/935 227/936
vt 0.12041 -0.13550
vt 0.21937 -0.26833
vt 0.20817 -0.27871
f 198/937 179/938 183/939
vt 0.12041 -0.13550
vt 0.20817 -0.27871
vt 0.10795 -0.14453
f 198/940 183/941 200/942
vt 0.05207 0.01072
vt 0.05207 -0.23539
vt 0.05761 -0.25616
f 209/943 203/944 275/945
vt 0.05207 0.01072
vt 0.05761 -0.25616
vt 0.05761 0.01619
f 209/946 275/947 279/948
vt 0.12041 -0.13550
vt 0.21937 -0.26833
vt 0.25349 -0.23673
f 196/949 181/950 174/951
vt 0.12041 -0.13550
vt 0.25349 -0.23673
vt 0.15832 -0.10802
f 196/952 174/953 188/954
vt 0.05207 -0.30157
vt 0.05207 -0.03400
vt 0.05761 -0.02890
f 212/955 217/956 241/957
vt 0.05207 -0.30157
vt 0.05761 -0.02890
vt 0.05761 -0.32501
f 212/958 241/959 281/960
vt 0.05207 -0.46227
vt -0.05206 -0.46227
vt -0.05206 -0.30421
f 175/961 171/962 194/963
vt 0.05207 -0.46227
vt -0.05206 -0.30421
vt 0.05207 -0.30421
f 175/964 194/965 191/966
vt 0.04115 0.21937
vt 0.04115 0.25349
vt 0.04553 0.26114
f 179/967 178/968 250/969
vt 0.04115 0.21937
vt 0.04553 0.26114
vt 0.04553 0.22339
f 179/970 250/971 251/972
vt -0.11236 -0.30421
vt 0.00995 -0.46227
vt 0.20817 -0.27871
f 194/973 171/974 185/975
vt -0.11236 -0.30421
vt 0.20817 -0.27871
vt 0.10795 -0.14453
f 194/976 185/977 202/978
vt 0.05207 -0.23539
vt -0.05206 -0.23539
vt -0.05761 -0.25615
f 203/979 204/980 233/981
vt 0.05207 -0.23539
vt -0.05761 -0.25615
vt 0.05761 -0.25616
f 203/982 233/983 275/984
vt 0.25349 -0.23673
vt 0.21937 -0.26833
vt 0.12041 -0.13550
f 178/985 179/986 198/987
vt 0.25349 -0.23673
vt 0.12041 -0.13550
vt 0.15832 -0.10802
f 178/988 198/989 189/990
vt 0.04115 -0.01886
vt 0.04115 0.02719
vt 0.04553 0.03881
f 216/991 211/992 225/993
vt 0.04115 -0.01886
vt 0.04553 0.03881
vt 0.04553 -0.01215
f 216/994 225/995 240/996
vt -0.04115 -0.10802
vt -0.04115 -0.23673
vt 0.04115 -0.23673
f 188/997 174/998 178/999
vt -0.04115 -0.10802
vt 0.04115 -0.23673
vt 0.04115 -0.10802
f 188/1000 178/1001 189/1002
vt -0.04115 0.12041
vt -0.04115 0.15832
vt -0.04553 0.16903
f 196/1003 188/1004 260/1005
vt -0.04115 0.12041
vt -0.04553 0.16903
vt -0.04553 0.12708
f 196/1006 260/1007 268/1008
vt 0.01072 0.03353
vt 0.08651 -0.11205
vt 0.09900 -0.10305
f 210/1009 201/1010 195/1011
vt 0.01072 0.03353
vt 0.09900 -0.10305
vt 0.02464 0.03993
f 210/1012 195/1013 207/1014
vt -0.04115 0.13699
vt -0.04115 0.09900
vt -0.04553 0.10338
f 187/1015 195/1016 267/1017
vt -0.04115 0.13699
vt -0.04553 0.10338
vt -0.04553 0.14543
f 187/1018 267/1019 259/1020
vt 0.01072 0.03353
vt 0.08651 -0.11205
vt -0.13427 -0.27108
f 209/1021 199/1022 192/1023
vt 0.01072 0.03353
vt -0.13427 -0.27108
vt -0.23539 -0.07959
f 209/1024 192/1025 203/1026
vt -0.05206 0.01072
vt -0.04115 0.02464
vt -0.04553 0.03160
f 210/1027 207/1028 277/1029
vt -0.05206 0.01072
vt -0.04553 0.03160
vt -0.05761 0.01619
f 210/1030 277/1031 280/1032
vt 0.02464 0.03993
vt 0.09900 -0.10305
vt 0.08651 -0.11205
f 208/1033 197/1034 199/1035
vt 0.02464 0.03993
vt 0.08651 -0.11205
vt 0.01072 0.03353
f 208/1036 199/1037 209/1038
vt -0.04115 -0.01886
vt -0.05206 -0.03400
vt -0.05761 -0.02890
f 215/1039 218/1040 242/1041
vt -0.04115 -0.01886
vt -0.05761 -0.02890
vt -0.04553 -0.01215
f 215/1042 242/1043 239/1044
vt 0.02464 0.03993
vt 0.09900 -0.10305
vt 0.13699 -0.07568
f 207/1045 195/1046 187/1047
vt 0.02464 0.03993
vt 0.13699 -0.07568
vt 0.06700 0.05939
f 207/1048 187/1049 205/1050
vt 0.04115 0.23472
vt 0.05207 0.22413
vt 0.05761 0.22864
f 180/1051 184/1052 256/1053
vt 0.04115 0.23472
vt 0.05761 0.22864
vt 0.04553 0.24037
f 180/1054 256/1055 252/1056
vt -0.13427 -0.27108
vt 0.08651 -0.11205
vt 0.01072 0.03353
f 193/1057 201/1058 210/1059
vt -0.13427 -0.27108
vt 0.01072 0.03353
vt -0.23539 -0.07959
f 193/1060 210/1061 204/1062
vt -0.04115 0.02679
vt 0.04115 0.02679
vt 0.04553 0.03837
f 8/1063 7/1064 224/1065
vt -0.04115 0.02679
vt 0.04553 0.03837
vt -0.04553 0.03837
f 8/1066 224/1067 223/1068
vt 0.13699 -0.07568
vt 0.09900 -0.10305
vt 0.02464 0.03993
f 190/1069 197/1070 208/1071
vt 0.13699 -0.07568
vt 0.02464 0.03993
vt 0.06700 0.05939
f 190/1072 208/1073 206/1074
vt 0.05207 -0.27871
vt 0.04115 -0.26833
vt 0.04553 -0.26277
f 183/1075 179/1076 251/1077
vt 0.05207 -0.27871
vt 0.04553 -0.26277
vt 0.05761 -0.27426
f 183/1078 251/1079 255/1080
vt -0.04115 0.05939
vt -0.04115 -0.07568
vt 0.04115 -0.07568
f 205/1081 187/1082 190/1083
vt -0.04115 0.05939
vt 0.04115 -0.07568
vt 0.04115 0.05939
f 205/1084 190/1085 206/1086
vt -0.04115 -0.01907
vt -0.04115 0.02679
vt -0.04553 0.03837
f 142/1087 8/1088 223/1089
vt -0.04115 -0.01907
vt -0.04553 0.03837
vt -0.04553 -0.01238
f 142/1090 223/1091 222/1092
vt 0.05207 -0.07959
vt 0.05207 -0.27108
vt -0.05206 -0.27108
f 203/1093 192/1094 193/1095
vt 0.05207 -0.07959
vt -0.05206 -0.27108
vt -0.05206 -0.07959
f 203/1096 193/1097 204/1098
vt -0.03413 0.18151
vt -0.00287 0.06179
vt 0.01141 0.06755
f 152/1099 153/1100 144/1101
vt -0.03413 0.18151
vt 0.01141 0.06755
vt -0.01907 0.18463
f 152/1102 144/1103 142/1104
vt -0.03413 0.18151
vt -0.00287 0.06179
vt -0.25520 -0.04001
f 148/1105 149/1106 10/1107
vt -0.03413 0.18151
vt -0.25520 -0.04001
vt -0.30059 0.12640
f 148/1108 10/1109 6/1110
vt -0.01907 0.18463
vt 0.01141 0.06755
vt 0.05483 0.08507
f 142/1111 144/1112 12/1113
vt -0.01907 0.18463
vt 0.05483 0.08507
vt 0.02679 0.19411
f 142/1114 12/1115 8/1116
vt -0.01907 0.18463
vt 0.01141 0.06755
vt -0.00287 0.06179
f 141/1117 143/1118 149/1119
vt -0.01907 0.18463
vt -0.00287 0.06179
vt -0.03413 0.18151
f 141/1120 149/1121 148/1122
vt 0.02679 0.19411
vt 0.05483 0.08507
vt 0.01141 0.06755
f 7/1123 11/1124 143/1125
vt 0.02679 0.19411
vt 0.01141 0.06755
vt -0.01907 0.18463
f 7/1126 143/1127 141/1128
vt -0.04115 0.19411
vt -0.04115 0.08507
vt 0.04115 0.08507
f 8/1129 12/1130 11/1131
vt -0.04115 0.19411
vt 0.04115 0.08507
vt 0.04115 0.19411
f 8/1132 11/1133 7/1134
vt 0.05207 0.12640
vt 0.05207 -0.04001
vt -0.05206 -0.04001
f 6/1135 10/1136 9/1137
vt 0.05207 0.12640
vt -0.05206 -0.04001
vt -0.05206 0.12640
f 6/1138 9/1139 5/1140
vt -0.30059 0.12640
vt -0.25520 -0.04001
vt -0.00287 0.06179
f 5/1141 9/1142 153/1143
vt -0.30059 0.12640
vt -0.00287 0.06179
vt -0.03413 0.18151
f 5/1144 153/1145 152/1146
vt -0.03343 0.29979
vt -0.03400 0.20517
vt -0.01886 0.20766
f 151/1147 218/1148 215/1149
vt -0.03343 0.29979
vt -0.01886 0.20766
vt -0.01804 0.29979
f 151/1150 215/1151 140/1152
vt -0.03343 0.29979
vt -0.03400 0.20517
vt -0.30157 0.16108
f 147/1153 217/1154 212/1155
vt -0.03343 0.29979
vt -0.30157 0.16108
vt -0.30553 0.29979
f 147/1156 212/1157 2/1158
vt -0.01804 0.29979
vt -0.01886 0.20766
vt -0.03400 0.20517
f 139/1159 216/1160 217/1161
vt -0.01804 0.29979
vt -0.03400 0.20517
vt -0.03343 0.29979
f 139/1162 217/1163 147/1164
vt -0.01804 0.29979
vt -0.01886 0.20766
vt 0.02719 0.21524
f 140/1165 215/1166 214/1167
vt -0.01804 0.29979
vt 0.02719 0.21524
vt 0.02878 0.29979
f 140/1168 214/1169 4/1170
vt -0.04115 0.29979
vt -0.04115 0.21524
vt 0.04115 0.21524
f 4/1171 214/1172 211/1173
vt -0.04115 0.29979
vt 0.04115 0.21524
vt 0.04115 0.29979
f 4/1174 211/1175 3/1176
vt 0.05207 0.29979
vt 0.05207 0.16108
vt -0.05206 0.16108
f 2/1177 212/1178 213/1179
vt 0.05207 0.29979
vt -0.05206 0.16108
vt -0.05206 0.29979
f 2/1180 213/1181 1/1182
vt -0.30553 0.29979
vt -0.30157 0.16108
vt -0.03400 0.20517
f 1/1183 213/1184 218/1185
vt -0.30553 0.29979
vt -0.03400 0.20517
vt -0.03343 0.29979
f 1/1186 218/1187 151/1188
vt 0.02878 0.29979
vt 0.02719 0.21524
vt -0.01886 0.20766
f 3/1189 211/1190 216/1191
vt 0.02878 0.29979
vt -0.01886 0.20766
vt -0.01804 0.29979
f 3/1192 216/1193 139/1194
vt -0.01215 0.21013
vt 0.03881 0.21853
vt 0.03837 0.19513
f 240/1195 225/1196 224/1197
vt -0.01215 0.21013
vt 0.03837 0.19513
vt -0.01238 0.18464
f 240/1198 224/1199 235/1200
vt -0.02890 0.20737
vt -0.32501 0.15858
vt -0.32392 0.12021
f 242/1201 226/1202 219/1203
vt -0.02890 0.20737
vt -0.32392 0.12021
vt -0.02906 0.18119
f 242/1204 219/1205 236/1206
vt -0.05761 0.15858
vt 0.05761 0.15858
vt 0.05761 0.12021
f 226/1207 281/1208 220/1209
vt -0.05761 0.15858
vt 0.05761 0.12021
vt -0.05761 0.12021
f 226/1210 220/1211 219/1212
vt 0.04553 0.21853
vt -0.04553 0.21853
vt -0.04553 0.19513
f 225/1213 282/1214 223/1215
vt 0.04553 0.21853
vt -0.04553 0.19513
vt 0.04553 0.19513
f 225/1216 223/1217 224/1218
vt 0.03881 0.21853
vt -0.01215 0.21013
vt -0.01238 0.18464
f 282/1219 239/1220 222/1221
vt 0.03881 0.21853
vt -0.01238 0.18464
vt 0.03837 0.19513
f 282/1222 222/1223 223/1224
vt -0.02890 0.20737
vt -0.01215 0.21013
vt -0.01238 0.18464
f 241/1225 240/1226 235/1227
vt -0.02890 0.20737
vt -0.01238 0.18464
vt -0.02906 0.18119
f 241/1228 235/1229 221/1230
vt -0.32501 0.15858
vt -0.02890 0.20737
vt -0.02906 0.18119
f 281/1231 241/1232 221/1233
vt -0.32501 0.15858
vt -0.02906 0.18119
vt -0.32392 0.12021
f 281/1234 221/1235 220/1236
vt -0.01215 0.21013
vt -0.02890 0.20737
vt -0.02906 0.18119
f 239/1237 242/1238 236/1239
vt -0.01215 0.21013
vt -0.02906 0.18119
vt -0.01238 0.18464
f 239/1240 236/1241 222/1242
vt 0.22339 -0.26277
vt 0.21098 -0.27426
vt 0.22864 -0.29214
f 253/1243 257/1244 258/1245
vt 0.22339 -0.26277
vt 0.22864 -0.29214
vt 0.24037 -0.28006
f 253/1246 258/1247 254/1248
vt -0.00836 -0.47739
vt 0.21098 -0.27426
vt 0.22864 -0.29214
f 247/1249 255/1250 256/1251
vt -0.00836 -0.47739
vt 0.22864 -0.29214
vt 0.02137 -0.50579
f 247/1252 256/1253 248/1254
vt 0.26114 -0.22781
vt 0.22339 -0.26277
vt 0.24037 -0.28006
f 246/1255 253/1256 254/1257
vt 0.26114 -0.22781
vt 0.24037 -0.28006
vt 0.27604 -0.24329
f 246/1258 254/1259 245/1260
vt 0.21098 -0.27426
vt 0.22339 -0.26277
vt 0.24037 -0.28006
f 255/1261 251/1262 252/1263
vt 0.21098 -0.27426
vt 0.24037 -0.28006
vt 0.22864 -0.29214
f 255/1264 252/1265 256/1266
vt 0.22339 -0.26277
vt 0.26114 -0.22781
vt 0.27604 -0.24329
f 251/1267 250/1268 249/1269
vt 0.22339 -0.26277
vt 0.27604 -0.24329
vt 0.24037 -0.28006
f 251/1270 249/1271 252/1272
vt 0.04553 -0.22781
vt -0.04553 -0.22781
vt -0.04553 -0.24329
f 250/1273 246/1274 245/1275
vt 0.04553 -0.22781
vt -0.04553 -0.24329
vt 0.04553 -0.24329
f 250/1276 245/1277 249/1278
vt -0.05761 -0.00836
vt 0.05761 -0.00836
vt 0.05761 0.02137
f 243/1279 247/1280 248/1281
vt -0.05761 -0.00836
vt 0.05761 0.02137
vt -0.05761 0.02137
f 243/1282 248/1283 244/1284
vt 0.21098 -0.27426
vt -0.00836 -0.47739
vt 0.02137 -0.50579
f 257/1285 243/1286 244/1287
vt 0.21098 -0.27426
vt 0.02137 -0.50579
vt 0.22864 -0.29214
f 257/1288 244/1289 258/1290
vt 0.10338 -0.09733
vt 0.08957 -0.10728
vt 0.11329 -0.14323
f 267/1291 273/1292 274/1293
vt 0.10338 -0.09733
vt 0.11329 -0.14323
vt 0.12708 -0.13323
f 267/1294 274/1295 268/1296
vt -0.15474 -0.28326
vt 0.08957 -0.10728
vt 0.11329 -0.14323
f 264/1297 271/1298 272/1299
vt -0.15474 -0.28326
vt 0.11329 -0.14323
vt -0.13050 -0.31993
f 264/1300 272/1301 263/1302
vt 0.08957 -0.10728
vt 0.10338 -0.09733
vt 0.12708 -0.13323
f 271/1303 269/1304 270/1305
vt 0.08957 -0.10728
vt 0.12708 -0.13323
vt 0.11329 -0.14323
f 271/1306 270/1307 272/1308
vt 0.14543 -0.06704
vt 0.10338 -0.09733
vt 0.12708 -0.13323
f 259/1309 267/1310 268/1311
vt 0.14543 -0.06704
vt 0.12708 -0.13323
vt 0.16903 -0.10282
f 259/1312 268/1313 260/1314
vt -0.05761 -0.28326
vt 0.05761 -0.28326
vt 0.05761 -0.31993
f 265/1315 264/1316 263/1317
vt -0.05761 -0.28326
vt 0.05761 -0.31993
vt -0.05761 -0.31993
f 265/1318 263/1319 266/1320
vt 0.08957 -0.10728
vt -0.15474 -0.28326
vt -0.13050 -0.31993
f 273/1321 265/1322 266/1323
vt 0.08957 -0.10728
vt -0.13050 -0.31993
vt 0.11329 -0.14323
f 273/1324 266/1325 274/1326
vt 0.10338 -0.09733
vt 0.14543 -0.06704
vt 0.16903 -0.10282
f 269/1327 262/1328 261/1329
vt 0.10338 -0.09733
vt 0.16903 -0.10282
vt 0.12708 -0.13323
f 269/1330 261/1331 270/1332
vt 0.04553 -0.06704
vt -0.04553 -0.06704
vt -0.04553 -0.10282
f 262/1333 259/1334 260/1335
vt 0.04553 -0.06704
vt -0.04553 -0.10282
vt 0.04553 -0.10282
f 262/1336 260/1337 261/1338
vt 0.01695 0.07172
vt 0.00116 0.06535
vt 0.01619 0.03406
f 230/1339 238/1340 280/1341
vt 0.01695 0.07172
vt 0.01619 0.03406
vt 0.03160 0.04114
f 230/1342 280/1343 277/1344
vt -0.27807 -0.04731
vt 0.00116 0.06535
vt 0.01619 0.03406
f 228/1345 229/1346 279/1347
vt -0.27807 -0.04731
vt 0.01619 0.03406
vt -0.25616 -0.09111
f 228/1348 279/1349 275/1350
vt 0.00116 0.06535
vt 0.01695 0.07172
vt 0.03160 0.04114
f 229/1351 237/1352 278/1353
vt 0.00116 0.06535
vt 0.03160 0.04114
vt 0.01619 0.03406
f 229/1354 278/1355 279/1356
vt 0.06501 0.09111
vt 0.01695 0.07172
vt 0.03160 0.04114
f 231/1357 230/1358 277/1359
vt 0.06501 0.09111
vt 0.03160 0.04114
vt 0.07847 0.06268
f 231/1360 277/1361 276/1362
vt 0.00116 0.06535
vt -0.27807 -0.04731
vt -0.25615 -0.09111
f 238/1363 227/1364 233/1365
vt 0.00116 0.06535
vt -0.25615 -0.09111
vt 0.01619 0.03406
f 238/1366 233/1367 280/1368
vt 0.01695 0.07172
vt 0.06501 0.09111
vt 0.07847 0.06268
f 237/1369 232/1370 234/1371
vt 0.01695 0.07172
vt 0.07847 0.06268
vt 0.03160 0.04114
f 237/1372 234/1373 278/1374
vt 0.04553 0.09111
vt -0.04553 0.09111
vt -0.04553 0.06268
f 232/1375 231/1376 276/1377
vt 0.04553 0.09111
vt -0.04553 0.06268
vt 0.04553 0.06268
f 232/1378 276/1379 234/1380
vt -0.05761 -0.04731
vt 0.05761 -0.04731
vt 0.05761 -0.09111
f 227/1381 228/1382 275/1383
vt -0.05761 -0.04731
vt 0.05761 -0.09111
vt -0.05761 -0.09111
f 227/1384 275/1385 233/1386
vt -0.05206 0.00995
vt 0.05207 0.00995
vt 0.05761 -0.00836
f 171/1387 175/1388 247/1389
vt -0.05206 0.00995
vt 0.05761 -0.00836
vt -0.05761 -0.00836
f 171/1390 247/1391 243/1392
vt 0.05207 -0.48793
vt -0.05206 -0.48793
vt -0.05761 -0.50579
f 176/1393 172/1394 244/1395
vt 0.05207 -0.48793
vt -0.05761 -0.50579
vt 0.05761 -0.50579
f 176/1396 244/1397 248/1398
vt -0.04115 0.09900
vt -0.05206 0.08651
vt -0.05761 0.08957
f 195/1399 201/1400 273/1401
vt -0.04115 0.09900
vt -0.05761 0.08957
vt -0.04553 0.10338
f 195/1402 273/1403 267/1404
vt 0.04115 0.02679
vt 0.04115 -0.01907
vt 0.04553 -0.01238
f 7/1405 141/1406 235/1407
vt 0.04115 0.02679
vt 0.04553 -0.01238
vt 0.04553 0.03837
f 7/1408 235/1409 224/1410
vt 0.05207 0.00995
vt 0.05207 0.20817
vt 0.05761 0.21098
f 175/1411 183/1412 255/1413
vt 0.05207 0.00995
vt 0.05761 0.21098
vt 0.05761 -0.00836
f 175/1414 255/1415 247/1416
vt 0.04115 -0.01907
vt 0.05207 -0.03413
vt 0.05761 -0.02906
f 141/1417 148/1418 221/1419
vt 0.04115 -0.01907
vt 0.05761 -0.02906
vt 0.04553 -0.01238
f 141/1420 221/1421 235/1422
vt -0.05206 -0.03413
vt -0.04115 -0.01907
vt -0.04553 -0.01238
f 152/1423 142/1424 222/1425
vt -0.05206 -0.03413
vt -0.04553 -0.01238
vt -0.05761 -0.02906
f 152/1426 222/1427 236/1428
vt 0.05207 -0.29487
vt 0.05207 -0.48793
vt 0.05761 -0.50579
f 184/1429 176/1430 248/1431
vt 0.05207 -0.29487
vt 0.05761 -0.50579
vt 0.05761 -0.29214
f 184/1432 248/1433 256/1434
vt -0.05206 0.10795
vt -0.04115 0.12041
vt -0.04553 0.12708
f 202/1435 196/1436 268/1437
vt -0.05206 0.10795
vt -0.04553 0.12708
vt -0.05761 0.11329
f 202/1438 268/1439 274/1440
vt 0.04115 0.02719
vt -0.04115 0.02719
vt -0.04553 0.03881
f 211/1441 214/1442 282/1443
vt 0.04115 0.02719
vt -0.04553 0.03881
vt 0.04553 0.03881
f 211/1444 282/1445 225/1446
vt -0.05206 -0.23539
vt -0.05206 0.01072
vt -0.05761 0.01619
f 204/1447 210/1448 280/1449
vt -0.05206 -0.23539
vt -0.05761 0.01619
vt -0.05761 -0.25615
f 204/1450 280/1451 233/1452
vt 0.05207 -0.00287
vt 0.04115 0.01141
vt 0.04553 0.01695
f 149/1453 143/1454 237/1455
vt 0.05207 -0.00287
vt 0.04553 0.01695
vt 0.05761 0.00116
f 149/1456 237/1457 229/1458
vt 0.04115 -0.07568
vt -0.04115 -0.07568
vt -0.04553 -0.06704
f 190/1459 187/1460 259/1461
vt 0.04115 -0.07568
vt -0.04553 -0.06704
vt 0.04553 -0.06704
f 190/1462 259/1463 262/1464
vt 0.04115 0.01141
vt 0.04115 0.05483
vt 0.04553 0.06501
f 143/1465 11/1466 232/1467
vt 0.04115 0.01141
vt 0.04553 0.06501
vt 0.04553 0.01695
f 143/1468 232/1469 237/1470
vt -0.04115 0.15832
vt 0.04115 0.15832
vt 0.04553 0.16903
f 188/1471 189/1472 261/1473
vt -0.04115 0.15832
vt 0.04553 0.16903
vt -0.04553 0.16903
f 188/1474 261/1475 260/1476
vt -0.04115 0.01141
vt -0.05206 -0.00287
vt -0.05761 0.00116
f 144/1477 153/1478 238/1479
vt -0.04115 0.01141
vt -0.05761 0.00116
vt -0.04553 0.01695
f 144/1480 238/1481 230/1482
vt -0.05206 0.20817
vt -0.05206 0.00995
vt -0.05761 -0.00836
f 185/1483 171/1484 243/1485
vt -0.05206 0.20817
vt -0.05761 -0.00836
vt -0.05761 0.21098
f 185/1486 243/1487 257/1488
vt 0.05207 -0.13427
vt 0.05207 0.08651
vt 0.05761 0.08957
f 192/1489 199/1490 271/1491
vt 0.05207 -0.13427
vt 0.05761 0.08957
vt 0.05761 -0.15474
f 192/1492 271/1493 264/1494
vt -0.05206 -0.48793
vt -0.05206 -0.29487
vt -0.05761 -0.29214
f 172/1495 186/1496 258/1497
vt -0.05206 -0.48793
vt -0.05761 -0.29214
vt -0.05761 -0.50579
f 172/1498 258/1499 244/1500
vt -0.04115 0.25349
vt -0.04115 0.21937
vt -0.04553 0.22339
f 174/1501 181/1502 253/1503
vt -0.04115 0.25349
vt -0.04553 0.22339
vt -0.04553 0.26114
f 174/1504 253/1505 246/1506
vt 0.05207 0.10795
vt 0.05207 -0.11236
vt 0.05761 -0.13050
f 200/1507 191/1508 263/1509
vt 0.05207 0.10795
vt 0.05761 -0.13050
vt 0.05761 0.11329
f 200/1510 263/1511 272/1512
vt -0.05206 -0.30157
vt 0.05207 -0.30157
vt 0.05761 -0.32501
f 213/1513 212/1514 281/1515
vt -0.05206 -0.30157
vt 0.05761 -0.32501
vt -0.05761 -0.32501
f 213/1516 281/1517 226/1518
vt 0.04115 0.06700
vt 0.04115 0.02464
vt 0.04553 0.03160
f 206/1519 208/1520 278/1521
vt 0.04115 0.06700
vt 0.04553 0.03160
vt 0.04553 0.07847
f 206/1522 278/1523 234/1524
vt -0.04115 -0.28395
vt -0.04115 -0.25072
vt -0.04553 -0.24329
f 182/1525 173/1526 245/1527
vt -0.04115 -0.28395
vt -0.04553 -0.24329
vt -0.04553 -0.28006
f 182/1528 245/1529 254/1530
vt -0.05206 -0.30059
vt -0.05206 -0.03413
vt -0.05761 -0.02906
f 5/1531 152/1532 236/1533
vt -0.05206 -0.30059
vt -0.05761 -0.02906
vt -0.05761 -0.32392
f 5/1534 236/1535 219/1536
vt 0.05207 -0.30059
vt -0.05206 -0.30059
vt -0.05761 -0.32392
f 6/1537 5/1538 219/1539
vt 0.05207 -0.30059
vt -0.05761 -0.32392
vt 0.05761 -0.32392
f 6/1540 219/1541 220/1542
vt 0.05207 0.08651
vt 0.04115 0.09900
vt 0.04553 0.10338
f 199/1543 197/1544 269/1545
vt 0.05207 0.08651
vt 0.04553 0.10338
vt 0.05761 0.08957
f 199/1546 269/1547 271/1548
vt 0.05207 -0.03413
vt 0.05207 -0.30059
vt 0.05761 -0.32392
f 148/1549 6/1550 220/1551
vt 0.05207 -0.03413
vt 0.05761 -0.32392
vt 0.05761 -0.02906
f 148/1552 220/1553 221/1554
vt -0.05206 -0.00287
vt -0.05206 -0.25520
vt -0.05761 -0.27807
f 153/1555 9/1556 227/1557
vt -0.05206 -0.00287
vt -0.05761 -0.27807
vt -0.05761 0.00116
f 153/1558 227/1559 238/1560
vt 0.04115 0.12041
vt 0.05207 0.10795
vt 0.05761 0.11329
f 198/1561 200/1562 272/1563
vt 0.04115 0.12041
vt 0.05761 0.11329
vt 0.04553 0.12708
f 198/1564 272/1565 270/1566
vt -0.05206 -0.03400
vt -0.05206 -0.30157
vt -0.05761 -0.32501
f 218/1567 213/1568 226/1569
vt -0.05206 -0.03400
vt -0.05761 -0.32501
vt -0.05761 -0.02890
f 218/1570 226/1571 242/1572
vt -0.04115 0.06700
vt 0.04115 0.06700
vt 0.04553 0.07847
f 205/1573 206/1574 234/1575
vt -0.04115 0.06700
vt 0.04553 0.07847
vt -0.04553 0.07847
f 205/1576 234/1577 276/1578
vt 0.05207 0.03681
vt 0.05207 0.19482
vt -0.05206 0.19482
f 176/1579 14/1580 13/1581
vt 0.05207 0.03681
vt -0.05206 0.19482
vt -0.05206 0.03681
f 176/1582 13/1583 172/1584
o Hardware
usemtl PlumDark
vt 0.06629 0.45392
vt 0.06629 0.55809
vt -0.06629 0.55809
f 289/1585 283/1586 284/1587
vt 0.06629 0.45392
vt -0.06629 0.55809
vt -0.06629 0.45392
f 289/1588 284/1589 290/1590
vt -0.93405 0.47268
vt -0.93947 0.55809
vt 0.29268 0.55809
f 294/1591 291/1592 283/1593
vt -0.93405 0.47268
vt 0.29268 0.55809
vt 0.29133 0.45392
f 294/1594 283/1595 289/1596
vt -0.92227 0.24017
vt -0.93405 0.47268
vt 0.29133 0.45392
f 427/1597 294/1598 289/1599
vt -0.92227 0.24017
vt 0.29133 0.45392
vt 0.28853 0.31387
f 427/1600 289/1601 424/1602
vt 0.06629 -0.93947
vt -0.06629 -0.93947
vt -0.06629 0.29268
f 291/1603 292/1604 284/1605
vt 0.06629 -0.93947
vt -0.06629 0.29268
vt 0.06629 0.29268
f 291/1606 284/1607 283/1608
vt -0.93947 0.55809
vt -0.93405 0.47268
vt 0.29133 0.45392
f 292/1609 293/1610 290/1611
vt -0.93947 0.55809
vt 0.29133 0.45392
vt 0.29268 0.55809
f 292/1612 290/1613 284/1614
vt -0.93405 0.47268
vt -0.92227 0.24017
vt 0.28853 0.31387
f 293/1615 429/1616 425/1617
vt -0.93405 0.47268
vt 0.28853 0.31387
vt 0.29133 0.45392
f 293/1618 425/1619 290/1620
vt -0.05653 -0.92120
vt 0.05653 -0.92120
vt 0.05653 0.28812
f 430/1621 428/1622 423/1623
vt -0.05653 -0.92120
vt 0.05653 0.28812
vt -0.05653 0.28812
f 430/1624 423/1625 426/1626
vt -1.08622 0.47268
vt -1.07256 0.23102
vt -0.92227 0.24017
f 288/1627 420/1628 429/1629
vt -1.08622 0.47268
vt -0.92227 0.24017
vt -0.93405 0.47268
f 288/1630 429/1631 293/1632
vt 0.05653 0.29263
vt 0.06629 0.31387
vt 0.06629 0.45392
f 423/1633 424/1634 289/1635
vt 0.05653 0.29263
vt 0.06629 0.45392
vt -0.06629 0.45392
f 423/1636 289/1637 290/1638
vt 0.05653 0.29263
vt -0.06629 0.45392
vt -0.06629 0.31387
f 423/1639 290/1640 425/1641
vt 0.05653 0.29263
vt -0.06629 0.31387
vt -0.05653 0.29263
f 423/1642 425/1643 426/1644
vt 0.06629 0.47268
vt -0.06629 0.47268
vt -0.06629 0.55809
f 294/1645 293/1646 292/1647
vt 0.06629 0.47268
vt -0.06629 0.55809
vt 0.06629 0.55809
f 294/1648 292/1649 291/1650
vt 0.06629 0.23102
vt 0.05653 0.20988
vt -0.05653 0.20988
f 421/1651 422/1652 419/1653
vt 0.06629 0.23102
vt -0.05653 0.20988
vt -0.06629 0.23102
f 421/1654 419/1655 420/1656
vt 0.06629 0.23102
vt -0.06629 0.23102
vt -0.06629 0.47268
f 421/1657 420/1658 288/1659
vt 0.06629 0.23102
vt -0.06629 0.47268
vt 0.06629 0.47268
f 421/1660 288/1661 287/1662
vt -1.07256 0.23102
vt -1.08622 0.47268
vt -0.93405 0.47268
f 421/1663 287/1664 294/1665
vt -1.07256 0.23102
vt -0.93405 0.47268
vt -0.92227 0.24017
f 421/1666 294/1667 427/1668
vt 0.06629 -1.08622
vt -0.06629 -1.08622
vt -0.06629 -0.93405
f 287/1669 288/1670 293/1671
vt 0.06629 -1.08622
vt -0.06629 -0.93405
vt 0.06629 -0.93405
f 287/1672 293/1673 294/1674
vt -0.71273 0.19817
vt -0.97882 0.19452
vt -0.96553 0.18959
f 474/1675 478/1676 411/1677
vt -0.71273 0.19817
vt -0.96553 0.18959
vt -0.72532 0.19158
f 474/1678 411/1679 413/1680
vt -0.05063 0.33673
vt 0.05063 0.33673
vt 0.05063 0.41416
f 434/1681 432/1682 676/1683
vt -0.05063 0.33673
vt 0.05063 0.41416
vt -0.05063 0.41416
f 434/1684 676/1685 679/1686
vt -0.05063 0.57993
vt 0.05063 0.57993
vt 0.05063 1.12395
f 446/1687 444/1688 437/1689
vt -0.05063 0.57993
vt 0.05063 1.12395
vt -0.05063 1.12395
f 446/1690 437/1691 440/1692
vt 0.57993 0.50283
vt 0.57993 0.34459
vt 1.16755 0.34901
f 295/1693 447/1694 441/1695
vt 0.57993 0.50283
vt 1.16755 0.34901
vt 1.16755 0.45027
f 295/1696 441/1697 458/1698
vt 0.57993 0.50283
vt 1.16755 0.45027
vt 1.15216 0.48744
f 295/1699 458/1700 460/1701
vt 0.57993 0.50283
vt 1.15216 0.48744
vt 1.11499 0.50283
f 295/1702 460/1703 459/1704
vt -0.06486 0.57993
vt -0.06486 0.46637
vt -0.05063 0.46637
f 448/1705 684/1706 680/1707
vt -0.06486 0.57993
vt -0.05063 0.46637
vt -0.05063 0.57993
f 448/1708 680/1709 446/1710
vt 0.57993 0.31376
vt 0.46637 0.26880
vt 0.46637 0.29963
f 445/1711 678/1712 674/1713
vt 0.57993 0.31376
vt 0.46637 0.29963
vt 0.57993 0.34459
f 445/1714 674/1715 443/1716
vt 0.46637 0.50283
vt 0.46637 0.29963
vt 0.57993 0.34459
f 670/1717 681/1718 447/1719
vt 0.46637 0.50283
vt 0.57993 0.34459
vt 0.57993 0.50283
f 670/1720 447/1721 295/1722
vt -0.07074 0.57993
vt 0.07074 0.57993
vt 0.07074 0.46637
f 295/1723 296/1724 671/1725
vt -0.07074 0.57993
vt 0.07074 0.46637
vt -0.07074 0.46637
f 295/1726 671/1727 670/1728
vt 0.07074 0.34901
vt 0.07074 0.45027
vt -0.07074 0.45027
f 438/1729 456/1730 458/1731
vt 0.07074 0.34901
vt -0.07074 0.45027
vt -0.07074 0.34901
f 438/1732 458/1733 441/1734
vt -0.07074 1.11499
vt 0.07074 1.11499
vt 0.07074 0.57993
f 459/1735 455/1736 296/1737
vt -0.07074 1.11499
vt 0.07074 0.57993
vt -0.07074 0.57993
f 459/1738 296/1739 295/1740
vt 0.57993 0.34459
vt 0.57993 0.50283
vt 1.11499 0.50283
f 443/1741 296/1742 455/1743
vt 0.57993 0.34459
vt 1.11499 0.50283
vt 1.15216 0.48744
f 443/1744 455/1745 457/1746
vt 0.57993 0.34459
vt 1.15216 0.48744
vt 1.16755 0.45027
f 443/1747 457/1748 456/1749
vt 0.57993 0.34459
vt 1.16755 0.45027
vt 1.16755 0.34901
f 443/1750 456/1751 438/1752
vt 0.38929 0.50283
vt 0.35213 0.48744
vt 0.33673 0.45027
f 452/1753 454/1754 453/1755
vt 0.38929 0.50283
vt 0.33673 0.45027
vt 0.33673 0.34901
f 452/1756 453/1757 435/1758
vt 0.38929 0.50283
vt 0.33673 0.34901
vt 0.41416 0.30354
f 452/1759 435/1760 682/1761
vt 0.38929 0.50283
vt 0.41416 0.30354
vt 0.41416 0.50283
f 452/1762 682/1763 669/1764
vt 0.33673 0.34901
vt 0.33673 0.45027
vt 0.35213 0.48744
f 431/1765 449/1766 451/1767
vt 0.33673 0.34901
vt 0.35213 0.48744
vt 0.38929 0.50283
f 431/1768 451/1769 450/1770
vt 0.33673 0.34901
vt 0.38929 0.50283
vt 0.41416 0.50283
f 431/1771 450/1772 672/1773
vt 0.33673 0.34901
vt 0.41416 0.50283
vt 0.41416 0.30354
f 431/1774 672/1775 673/1776
vt 0.57883 0.57143
vt 0.59588 0.53026
vt 0.63704 0.51321
f 685/1777 687/1778 686/1779
vt 0.57883 0.57143
vt 0.63704 0.51321
vt 1.10952 0.51321
f 685/1780 686/1781 691/1782
vt 0.57883 0.57143
vt 1.10952 0.51321
vt 1.15068 0.53026
f 685/1783 691/1784 693/1785
vt 0.57883 0.57143
vt 1.15068 0.53026
vt 1.16773 0.57143
f 685/1786 693/1787 692/1788
vt 0.57883 0.57143
vt 1.16773 0.57143
vt 1.16773 0.59311
f 685/1789 692/1790 468/1791
vt 0.57883 0.57143
vt 1.16773 0.59311
vt 0.57883 0.60946
f 685/1792 468/1793 464/1794
vt -0.07074 0.57143
vt 0.07074 0.57143
vt 0.07074 0.59311
f 692/1795 694/1796 470/1797
vt -0.07074 0.57143
vt 0.07074 0.59311
vt 0.06297 0.63382
f 692/1798 470/1799 472/1800
vt -0.07074 0.57143
vt 0.06297 0.63382
vt 0.04420 0.65069
f 692/1801 472/1802 471/1803
vt -0.07074 0.57143
vt 0.04420 0.65069
vt -0.04420 0.65069
f 692/1804 471/1805 467/1806
vt -0.07074 0.57143
vt -0.04420 0.65069
vt -0.06297 0.63382
f 692/1807 467/1808 469/1809
vt -0.07074 0.57143
vt -0.06297 0.63382
vt -0.07074 0.59311
f 692/1810 469/1811 468/1812
vt 1.16773 0.57143
vt 1.15068 0.53026
vt 1.10952 0.51321
f 694/1813 696/1814 695/1815
vt 1.16773 0.57143
vt 1.10952 0.51321
vt 0.63704 0.51321
f 694/1816 695/1817 688/1818
vt 1.16773 0.57143
vt 0.63704 0.51321
vt 0.59588 0.53026
f 694/1819 688/1820 690/1821
vt 1.16773 0.57143
vt 0.59588 0.53026
vt 0.57883 0.57143
f 694/1822 690/1823 689/1824
vt 1.16773 0.57143
vt 0.57883 0.57143
vt 0.57883 0.60946
f 694/1825 689/1826 462/1827
vt 1.16773 0.57143
vt 0.57883 0.60946
vt 1.16773 0.59311
f 694/1828 462/1829 470/1830
vt -0.04420 1.16773
vt 0.04420 1.16773
vt 0.04420 0.57883
f 467/1831 471/1832 461/1833
vt -0.04420 1.16773
vt 0.04420 0.57883
vt -0.04420 0.57883
f 467/1834 461/1835 465/1836
vt 0.04158 -0.67586
vt -0.04158 -0.67586
vt -0.03832 -0.69055
f 476/1837 473/1838 414/1839
vt 0.04158 -0.67586
vt -0.03832 -0.69055
vt 0.03832 -0.69055
f 476/1840 414/1841 417/1842
vt -0.04158 -1.06012
vt -0.05945 -1.02281
vt -0.05945 -0.70463
f 403/1843 404/1844 409/1845
vt -0.04158 -1.06012
vt -0.05945 -0.70463
vt -0.04158 -0.67586
f 403/1846 409/1847 410/1848
vt -0.04158 -1.06012
vt -0.04158 -0.67586
vt 0.04158 -0.67586
f 403/1849 410/1850 407/1851
vt -0.04158 -1.06012
vt 0.04158 -0.67586
vt 0.05945 -0.70463
f 403/1852 407/1853 408/1854
vt -0.04158 -1.06012
vt 0.05945 -0.70463
vt 0.05945 -1.02281
f 403/1855 408/1856 405/1857
vt -0.04158 -1.06012
vt 0.05945 -1.02281
vt 0.04158 -1.06012
f 403/1858 405/1859 406/1860
vt -0.97882 0.19452
vt -0.71273 0.19817
vt -0.72532 0.19158
f 479/1861 475/1862 418/1863
vt -0.97882 0.19452
vt -0.72532 0.19158
vt -0.96553 0.18959
f 479/1864 418/1865 416/1866
vt 0.04415 0.24354
vt 0.04415 0.10763
vt -0.04415 0.10763
f 300/1867 297/1868 298/1869
vt 0.04415 0.24354
vt -0.04415 0.10763
vt -0.04415 0.24354
f 300/1870 298/1871 299/1872
vt 0.04415 0.24354
vt -0.04415 0.24354
vt -0.04415 0.10763
f 304/1873 303/1874 302/1875
vt 0.04415 0.24354
vt -0.04415 0.10763
vt 0.04415 0.10763
f 304/1876 302/1877 301/1878
vt -0.69952 0.10763
vt -0.69952 0.24354
vt -0.68320 0.24354
f 297/1879 300/1880 304/1881
vt -0.69952 0.10763
vt -0.68320 0.24354
vt -0.68320 0.10763
f 297/1882 304/1883 301/1884
vt 0.04415 0.10763
vt -0.04415 0.10763
vt -0.04415 0.09678
f 301/1885 302/1886 308/1887
vt 0.04415 0.10763
vt -0.04415 0.09678
vt 0.04415 0.09678
f 301/1888 308/1889 307/1890
vt 0.04415 -0.69952
vt -0.04415 -0.69952
vt -0.04415 -0.68320
f 300/1891 299/1892 303/1893
vt 0.04415 -0.69952
vt -0.04415 -0.68320
vt 0.04415 -0.68320
f 300/1894 303/1895 304/1896
vt -0.69952 0.24354
vt -0.69952 0.10763
vt -0.68320 0.10763
f 299/1897 298/1898 302/1899
vt -0.69952 0.24354
vt -0.68320 0.10763
vt -0.68320 0.24354
f 299/1900 302/1901 303/1902
vt -0.67773 0.09678
vt -0.69090 0.08716
vt -0.67500 0.07518
f 308/1903 306/1904 310/1905
vt -0.67773 0.09678
vt -0.67500 0.07518
vt -0.67309 0.09137
f 308/1906 310/1907 312/1908
vt -0.04415 0.10763
vt 0.04415 0.10763
vt 0.04415 0.08716
f 298/1909 297/1910 305/1911
vt -0.04415 0.10763
vt 0.04415 0.08716
vt -0.04415 0.08716
f 298/1912 305/1913 306/1914
vt -0.69952 0.10763
vt -0.68320 0.10763
vt -0.67773 0.09678
f 297/1915 301/1916 307/1917
vt -0.69952 0.10763
vt -0.67773 0.09678
vt -0.69090 0.08716
f 297/1918 307/1919 305/1920
vt -0.68320 0.10763
vt -0.69952 0.10763
vt -0.69090 0.08716
f 302/1921 298/1922 306/1923
vt -0.68320 0.10763
vt -0.69090 0.08716
vt -0.67773 0.09678
f 302/1924 306/1925 308/1926
vt -0.67500 0.07518
vt -0.67309 0.09137
vt -0.65415 0.08906
f 309/1927 311/1928 315/1929
vt -0.67500 0.07518
vt -0.65415 0.08906
vt -0.65415 0.07280
f 309/1930 315/1931 313/1932
vt 0.04415 0.09678
vt -0.04415 0.09678
vt -0.04415 0.09137
f 307/1933 308/1934 312/1935
vt 0.04415 0.09678
vt -0.04415 0.09137
vt 0.04415 0.09137
f 307/1936 312/1937 311/1938
vt -0.69090 0.08716
vt -0.67773 0.09678
vt -0.67309 0.09137
f 305/1939 307/1940 311/1941
vt -0.69090 0.08716
vt -0.67309 0.09137
vt -0.67500 0.07518
f 305/1942 311/1943 309/1944
vt -0.04415 -0.69090
vt 0.04415 -0.69090
vt 0.04415 -0.67500
f 306/1945 305/1946 309/1947
vt -0.04415 -0.69090
vt 0.04415 -0.67500
vt -0.04415 -0.67500
f 306/1948 309/1949 310/1950
vt -0.65415 0.08906
vt -0.65415 0.07280
vt -0.45137 0.07280
f 316/1951 314/1952 318/1953
vt -0.65415 0.08906
vt -0.45137 0.07280
vt -0.45137 0.08906
f 316/1954 318/1955 320/1956
vt -0.04415 -0.67500
vt 0.04415 -0.67500
vt 0.04415 -0.65415
f 310/1957 309/1958 313/1959
vt -0.04415 -0.67500
vt 0.04415 -0.65415
vt -0.04415 -0.65415
f 310/1960 313/1961 314/1962
vt -0.67309 0.09137
vt -0.67500 0.07518
vt -0.65415 0.07280
f 312/1963 310/1964 314/1965
vt -0.67309 0.09137
vt -0.65415 0.07280
vt -0.65415 0.08906
f 312/1966 314/1967 316/1968
vt 0.04415 -0.67309
vt -0.04415 -0.67309
vt -0.04415 -0.65415
f 311/1969 312/1970 316/1971
vt 0.04415 -0.67309
vt -0.04415 -0.65415
vt 0.04415 -0.65415
f 311/1972 316/1973 315/1974
vt 0.04415 -0.45137
vt -0.04415 -0.45137
vt -0.04415 -0.43868
f 319/1975 320/1976 324/1977
vt 0.04415 -0.45137
vt -0.04415 -0.43868
vt 0.04415 -0.43868
f 319/1978 324/1979 323/1980
vt 0.04415 -0.65415
vt -0.04415 -0.65415
vt -0.04415 -0.45137
f 315/1981 316/1982 320/1983
vt 0.04415 -0.65415
vt -0.04415 -0.45137
vt 0.04415 -0.45137
f 315/1984 320/1985 319/1986
vt -0.65415 0.07280
vt -0.65415 0.08906
vt -0.45137 0.08906
f 313/1987 315/1988 319/1989
vt -0.65415 0.07280
vt -0.45137 0.08906
vt -0.45137 0.07280
f 313/1990 319/1991 317/1992
vt -0.04415 -0.65415
vt 0.04415 -0.65415
vt 0.04415 -0.45137
f 314/1993 313/1994 317/1995
vt -0.04415 -0.65415
vt 0.04415 -0.45137
vt -0.04415 -0.45137
f 314/1996 317/1997 318/1998
vt -0.43042 0.08098
vt -0.43868 0.09498
vt -0.42555 0.10901
f 321/1999 323/2000 327/2001
vt -0.43042 0.08098
vt -0.42555 0.10901
vt -0.40974 0.10525
f 321/2002 327/2003 325/2004
vt -0.45137 0.07280
vt -0.45137 0.08906
vt -0.43868 0.09498
f 317/2005 319/2006 323/2007
vt -0.45137 0.07280
vt -0.43868 0.09498
vt -0.43042 0.08098
f 317/2008 323/2009 321/2010
vt -0.04415 -0.45137
vt 0.04415 -0.45137
vt 0.04415 -0.43042
f 318/2011 317/2012 321/2013
vt -0.04415 -0.45137
vt 0.04415 -0.43042
vt -0.04415 -0.43042
f 318/2014 321/2015 322/2016
vt -0.45137 0.08906
vt -0.45137 0.07280
vt -0.43042 0.08098
f 320/2017 318/2018 322/2019
vt -0.45137 0.08906
vt -0.43042 0.08098
vt -0.43868 0.09498
f 320/2020 322/2021 324/2022
vt -0.42555 0.10901
vt -0.40974 0.10525
vt -0.40726 0.12855
f 328/2023 326/2024 330/2025
vt -0.42555 0.10901
vt -0.40726 0.12855
vt -0.42307 0.12855
f 328/2026 330/2027 332/2028
vt -0.04415 0.08098
vt 0.04415 0.08098
vt 0.04415 0.10525
f 322/2029 321/2030 325/2031
vt -0.04415 0.08098
vt 0.04415 0.10525
vt -0.04415 0.10525
f 322/2032 325/2033 326/2034
vt -0.43868 0.09498
vt -0.43042 0.08098
vt -0.40974 0.10525
f 324/2035 322/2036 326/2037
vt -0.43868 0.09498
vt -0.40974 0.10525
vt -0.42555 0.10901
f 324/2038 326/2039 328/2040
vt 0.04415 0.09498
vt -0.04415 0.09498
vt -0.04415 0.10901
f 323/2041 324/2042 328/2043
vt 0.04415 0.09498
vt -0.04415 0.10901
vt 0.04415 0.10901
f 323/2044 328/2045 327/2046
vt -0.40726 0.12855
vt -0.42307 0.12855
vt -0.42307 0.25617
f 329/2047 331/2048 335/2049
vt -0.40726 0.12855
vt -0.42307 0.25617
vt -0.40726 0.25617
f 329/2050 335/2051 333/2052
vt 0.04415 0.10901
vt -0.04415 0.10901
vt -0.04415 0.12855
f 327/2053 328/2054 332/2055
vt 0.04415 0.10901
vt -0.04415 0.12855
vt 0.04415 0.12855
f 327/2056 332/2057 331/2058
vt -0.40974 0.10525
vt -0.42555 0.10901
vt -0.42307 0.12855
f 325/2059 327/2060 331/2061
vt -0.40974 0.10525
vt -0.42307 0.12855
vt -0.40726 0.12855
f 325/2062 331/2063 329/2064
vt -0.04415 0.10525
vt 0.04415 0.10525
vt 0.04415 0.12855
f 326/2065 325/2066 329/2067
vt -0.04415 0.10525
vt 0.04415 0.12855
vt -0.04415 0.12855
f 326/2068 329/2069 330/2070
vt -0.04415 -0.40726
vt 0.04415 -0.40726
vt 0.04415 -0.42307
f 334/2071 333/2072 335/2073
vt -0.04415 -0.40726
vt 0.04415 -0.42307
vt -0.04415 -0.42307
f 334/2074 335/2075 336/2076
vt 0.04415 -0.40726
vt -0.04415 -0.40726
vt -0.04415 -0.32348
f 333/2077 334/2078 338/2079
vt 0.04415 -0.40726
vt -0.04415 -0.32348
vt 0.04415 -0.32348
f 333/2080 338/2081 337/2082
vt -0.42307 0.12855
vt -0.40726 0.12855
vt -0.40726 0.25617
f 332/2083 330/2084 334/2085
vt -0.42307 0.12855
vt -0.40726 0.25617
vt -0.42307 0.25617
f 332/2086 334/2087 336/2088
vt 0.04415 0.12855
vt -0.04415 0.12855
vt -0.04415 0.25617
f 331/2089 332/2090 336/2091
vt 0.04415 0.12855
vt -0.04415 0.25617
vt 0.04415 0.25617
f 331/2092 336/2093 335/2094
vt -0.40726 0.12855
vt -0.40726 0.25617
vt -0.32348 0.25617
f 329/2095 333/2096 337/2097
vt -0.40726 0.12855
vt -0.32348 0.25617
vt -0.32348 0.14827
f 329/2098 337/2099 339/2100
vt -0.40726 0.12855
vt -0.32348 0.14827
vt -0.34320 0.12855
f 329/2101 339/2102 340/2103
vt -0.40726 0.25617
vt -0.40726 0.12855
vt -0.34320 0.12855
f 334/2104 330/2105 341/2106
vt -0.40726 0.25617
vt -0.34320 0.12855
vt -0.32348 0.14827
f 334/2107 341/2108 342/2109
vt -0.40726 0.25617
vt -0.32348 0.14827
vt -0.32348 0.25617
f 334/2110 342/2111 338/2112
vt -0.04415 0.14827
vt 0.04415 0.14827
vt 0.04415 0.25617
f 342/2113 339/2114 337/2115
vt -0.04415 0.14827
vt 0.04415 0.25617
vt -0.04415 0.25617
f 342/2116 337/2117 338/2118
vt 0.04415 0.14827
vt -0.04415 0.14827
vt -0.04415 0.12855
f 339/2119 342/2120 341/2121
vt 0.04415 0.14827
vt -0.04415 0.12855
vt 0.04415 0.12855
f 339/2122 341/2123 340/2124
vt -0.04415 -0.40726
vt 0.04415 -0.40726
vt 0.04415 -0.34320
f 330/2125 329/2126 340/2127
vt -0.04415 -0.40726
vt 0.04415 -0.34320
vt -0.04415 -0.34320
f 330/2128 340/2129 341/2130
vt 0.01063 -0.62545
vt -0.01063 -0.62545
vt -0.01063 -0.58288
f 352/2131 351/2132 346/2133
vt 0.01063 -0.62545
vt -0.01063 -0.58288
vt 0.01063 -0.58288
f 352/2134 346/2135 345/2136
vt -0.01063 0.22226
vt -0.01063 0.20279
vt 0.01063 0.20279
f 350/2137 356/2138 355/2139
vt -0.01063 0.22226
vt 0.01063 0.20279
vt 0.01063 0.22226
f 350/2140 355/2141 349/2142
vt -0.62545 0.24652
vt -0.63390 0.22381
vt -0.64765 0.22461
f 352/2143 354/2144 347/2145
vt -0.62545 0.24652
vt -0.64765 0.22461
vt -0.64765 0.24652
f 352/2146 347/2147 343/2148
vt -0.01063 -0.58288
vt -0.01063 -0.60754
vt 0.01063 -0.60754
f 346/2149 350/2150 349/2151
vt -0.01063 -0.58288
vt 0.01063 -0.60754
vt 0.01063 -0.58288
f 346/2152 349/2153 345/2154
vt -0.62545 0.24652
vt -0.63390 0.22381
vt -0.60754 0.22226
f 351/2155 353/2156 350/2157
vt -0.62545 0.24652
vt -0.60754 0.22226
vt -0.58288 0.24652
f 351/2158 350/2159 346/2160
vt 0.01063 0.24652
vt 0.01063 0.22461
vt -0.01063 0.22461
f 343/2161 347/2162 348/2163
vt 0.01063 0.24652
vt -0.01063 0.22461
vt -0.01063 0.24652
f 343/2164 348/2165 344/2166
vt -0.64765 0.24652
vt -0.64765 0.22461
vt -0.63390 0.22381
f 344/2167 348/2168 353/2169
vt -0.64765 0.24652
vt -0.63390 0.22381
vt -0.62545 0.24652
f 344/2170 353/2171 351/2172
vt -0.58288 0.24652
vt -0.60754 0.22226
vt -0.63390 0.22381
f 345/2173 349/2174 354/2175
vt -0.58288 0.24652
vt -0.63390 0.22381
vt -0.62545 0.24652
f 345/2176 354/2177 352/2178
vt 0.01063 -0.64765
vt 0.01063 -0.63390
vt -0.01063 -0.63390
f 347/2179 354/2180 353/2181
vt 0.01063 -0.64765
vt -0.01063 -0.63390
vt -0.01063 -0.64765
f 347/2182 353/2183 348/2184
vt 0.01063 -0.64765
vt -0.01063 -0.64765
vt -0.01063 -0.62545
f 343/2185 344/2186 351/2187
vt 0.01063 -0.64765
vt -0.01063 -0.62545
vt 0.01063 -0.62545
f 343/2188 351/2189 352/2190
vt 0.01063 0.20159
vt 0.01063 0.17927
vt -0.01063 0.17927
f 358/2191 362/2192 361/2193
vt 0.01063 0.20159
vt -0.01063 0.17927
vt -0.01063 0.20159
f 358/2194 361/2195 357/2196
vt -0.63390 0.22381
vt -0.63677 0.20159
vt -0.61784 0.20279
f 353/2197 357/2198 356/2199
vt -0.63390 0.22381
vt -0.61784 0.20279
vt -0.60754 0.22226
f 353/2200 356/2201 350/2202
vt -0.60754 0.22226
vt -0.61784 0.20279
vt -0.63677 0.20159
f 349/2203 355/2204 358/2205
vt -0.60754 0.22226
vt -0.63677 0.20159
vt -0.63390 0.22381
f 349/2206 358/2207 354/2208
vt 0.01063 0.22381
vt 0.01063 0.20159
vt -0.01063 0.20159
f 354/2209 358/2210 357/2211
vt 0.01063 0.22381
vt -0.01063 0.20159
vt -0.01063 0.22381
f 354/2212 357/2213 353/2214
vt -0.61571 0.18046
vt -0.61319 0.16806
vt -0.62233 0.16078
f 359/2215 363/2216 366/2217
vt -0.61571 0.18046
vt -0.62233 0.16078
vt -0.63138 0.17927
f 359/2218 366/2219 362/2220
vt -0.63677 0.20159
vt -0.63138 0.17927
vt -0.61571 0.18046
f 357/2221 361/2222 360/2223
vt -0.63677 0.20159
vt -0.61571 0.18046
vt -0.61784 0.20279
f 357/2224 360/2225 356/2226
vt -0.61784 0.20279
vt -0.61571 0.18046
vt -0.63138 0.17927
f 355/2227 359/2228 362/2229
vt -0.61784 0.20279
vt -0.63138 0.17927
vt -0.63677 0.20159
f 355/2230 362/2231 358/2232
vt -0.01063 0.20279
vt -0.01063 0.18046
vt 0.01063 0.18046
f 356/2233 360/2234 359/2235
vt -0.01063 0.20279
vt 0.01063 0.18046
vt 0.01063 0.20279
f 356/2236 359/2237 355/2238
vt -0.61319 0.16806
vt -0.60118 0.15184
vt -0.61032 0.14456
f 363/2239 367/2240 370/2241
vt -0.61319 0.16806
vt -0.61032 0.14456
vt -0.62233 0.16078
f 363/2242 370/2243 366/2244
vt -0.01063 0.18046
vt -0.01063 0.16806
vt 0.01063 0.16806
f 360/2245 364/2246 363/2247
vt -0.01063 0.18046
vt 0.01063 0.16806
vt 0.01063 0.18046
f 360/2248 363/2249 359/2250
vt 0.01063 0.17927
vt 0.01063 0.16078
vt -0.01063 0.16078
f 362/2251 366/2252 365/2253
vt 0.01063 0.17927
vt -0.01063 0.16078
vt -0.01063 0.17927
f 362/2254 365/2255 361/2256
vt -0.63138 0.17927
vt -0.62233 0.16078
vt -0.61319 0.16806
f 361/2257 365/2258 364/2259
vt -0.63138 0.17927
vt -0.61319 0.16806
vt -0.61571 0.18046
f 361/2260 364/2261 360/2262
vt 0.01063 -0.61032
vt 0.01063 -0.59124
vt -0.01063 -0.59124
f 370/2263 374/2264 373/2265
vt 0.01063 -0.61032
vt -0.01063 -0.59124
vt -0.01063 -0.61032
f 370/2266 373/2267 369/2268
vt -0.01063 0.16806
vt -0.01063 0.15184
vt 0.01063 0.15184
f 364/2269 368/2270 367/2271
vt -0.01063 0.16806
vt 0.01063 0.15184
vt 0.01063 0.16806
f 364/2272 367/2273 363/2274
vt 0.01063 0.16078
vt 0.01063 0.14456
vt -0.01063 0.14456
f 366/2275 370/2276 369/2277
vt 0.01063 0.16078
vt -0.01063 0.14456
vt -0.01063 0.16078
f 366/2278 369/2279 365/2280
vt -0.62233 0.16078
vt -0.61032 0.14456
vt -0.60118 0.15184
f 365/2281 369/2282 368/2283
vt -0.62233 0.16078
vt -0.60118 0.15184
vt -0.61319 0.16806
f 365/2284 368/2285 364/2286
vt -0.58578 0.13796
vt -0.56355 0.12973
vt -0.56901 0.12245
f 371/2287 375/2288 378/2289
vt -0.58578 0.13796
vt -0.56901 0.12245
vt -0.59124 0.13068
f 371/2290 378/2291 374/2292
vt -0.61032 0.14456
vt -0.59124 0.13068
vt -0.58578 0.13796
f 369/2293 373/2294 372/2295
vt -0.61032 0.14456
vt -0.58578 0.13796
vt -0.60118 0.15184
f 369/2296 372/2297 368/2298
vt -0.60118 0.15184
vt -0.58578 0.13796
vt -0.59124 0.13068
f 367/2299 371/2300 374/2301
vt -0.60118 0.15184
vt -0.59124 0.13068
vt -0.61032 0.14456
f 367/2302 374/2303 370/2304
vt -0.01063 -0.60118
vt -0.01063 -0.58578
vt 0.01063 -0.58578
f 368/2305 372/2306 371/2307
vt -0.01063 -0.60118
vt 0.01063 -0.58578
vt 0.01063 -0.60118
f 368/2308 371/2309 367/2310
vt 0.01063 0.12245
vt 0.01063 0.12973
vt -0.01063 0.12974
f 378/2311 375/2312 376/2313
vt 0.01063 0.12245
vt -0.01063 0.12974
vt -0.01063 0.12245
f 378/2314 376/2315 377/2316
vt -0.01063 -0.58578
vt -0.01063 -0.56355
vt 0.01063 -0.56355
f 372/2317 376/2318 375/2319
vt -0.01063 -0.58578
vt 0.01063 -0.56355
vt 0.01063 -0.58578
f 372/2320 375/2321 371/2322
vt 0.01063 -0.59124
vt 0.01063 -0.56901
vt -0.01063 -0.56901
f 374/2323 378/2324 377/2325
vt 0.01063 -0.59124
vt -0.01063 -0.56901
vt -0.01063 -0.59124
f 374/2326 377/2327 373/2328
vt -0.59124 0.13068
vt -0.56901 0.12245
vt -0.56355 0.12974
f 373/2329 377/2330 376/2331
vt -0.59124 0.13068
vt -0.56355 0.12974
vt -0.58578 0.13796
f 373/2332 376/2333 372/2334
vt -0.67586 0.19861
vt -0.67586 0.24725
vt -0.70463 0.24441
f 473/2335 410/2336 409/2337
vt -0.67586 0.19861
vt -0.70463 0.24441
vt -0.71273 0.19817
f 473/2338 409/2339 474/2340
vt -0.71273 0.19817
vt -0.70463 0.24441
vt -0.67586 0.24725
f 475/2341 408/2342 407/2343
vt -0.71273 0.19817
vt -0.67586 0.24725
vt -0.67586 0.19861
f 475/2344 407/2345 476/2346
vt -0.04158 -1.01832
vt -0.03832 -1.00216
vt -0.05479 -0.96553
f 477/2347 412/2348 411/2349
vt -0.04158 -1.01832
vt -0.05479 -0.96553
vt -0.05945 -0.97882
f 477/2350 411/2351 478/2352
vt 0.05945 -0.97882
vt 0.05479 -0.96553
vt 0.03832 -1.00216
f 479/2353 416/2354 415/2355
vt 0.05945 -0.97882
vt 0.03832 -1.00216
vt 0.04158 -1.01832
f 479/2356 415/2357 480/2358
vt -0.04158 -1.01832
vt 0.04158 -1.01832
vt 0.03832 -1.00216
f 477/2359 480/2360 415/2361
vt -0.04158 -1.01832
vt 0.03832 -1.00216
vt -0.03832 -1.00216
f 477/2362 415/2363 412/2364
vt -0.92120 0.21903
vt -1.07137 0.20988
vt -1.07256 0.23102
f 428/2365 422/2366 421/2367
vt -0.92120 0.21903
vt -1.07256 0.23102
vt -0.92227 0.24017
f 428/2368 421/2369 427/2370
vt -0.92120 0.21903
vt 0.28812 0.29263
vt 0.28853 0.31387
f 430/2371 426/2372 425/2373
vt -0.92120 0.21903
vt 0.28853 0.31387
vt -0.92227 0.24017
f 430/2374 425/2375 429/2376
vt 0.28812 0.29263
vt -0.92120 0.21903
vt -0.92227 0.24017
f 423/2377 428/2378 427/2379
vt 0.28812 0.29263
vt -0.92227 0.24017
vt 0.28853 0.31387
f 423/2380 427/2381 424/2382
vt -1.07137 0.20988
vt -0.92120 0.21903
vt -0.92227 0.24017
f 419/2383 430/2384 429/2385
vt -1.07137 0.20988
vt -0.92227 0.24017
vt -1.07256 0.23102
f 419/2386 429/2387 420/2388
vt -0.05653 -1.07137
vt 0.05653 -1.07137
vt 0.05653 -0.92120
f 419/2389 422/2390 428/2391
vt -0.05653 -1.07137
vt 0.05653 -0.92120
vt -0.05653 -0.92120
f 419/2392 428/2393 430/2394
vt -0.05063 1.12395
vt 0.05063 1.12395
vt 0.06486 1.15478
f 440/2395 437/2396 439/2397
vt -0.05063 1.12395
vt 0.06486 1.15478
vt -0.06486 1.15478
f 440/2398 439/2399 442/2400
vt -0.06486 0.31808
vt 0.06486 0.31808
vt 0.07074 0.34901
f 442/2401 439/2402 438/2403
vt -0.06486 0.31808
vt 0.07074 0.34901
vt -0.07074 0.34901
f 442/2404 438/2405 441/2406
vt -0.05063 0.46637
vt 0.05063 0.46637
vt 0.05063 0.57993
f 680/2407 675/2408 444/2409
vt -0.05063 0.46637
vt 0.05063 0.57993
vt -0.05063 0.57993
f 680/2410 444/2411 446/2412
vt 0.05063 0.57993
vt 0.05063 0.46637
vt 0.06486 0.46637
f 444/2413 675/2414 678/2415
vt 0.05063 0.57993
vt 0.06486 0.46637
vt 0.06486 0.57993
f 444/2416 678/2417 445/2418
vt 0.57993 0.34459
vt 0.46637 0.29963
vt 0.46637 0.26880
f 447/2419 681/2420 684/2421
vt 0.57993 0.34459
vt 0.46637 0.26880
vt 0.57993 0.31376
f 447/2422 684/2423 448/2424
vt 0.05063 0.41416
vt 0.05063 0.33673
vt 0.06486 0.33673
f 676/2425 432/2426 433/2427
vt 0.05063 0.41416
vt 0.06486 0.33673
vt 0.06486 0.41416
f 676/2428 433/2429 677/2430
vt 0.41416 0.27271
vt 0.33673 0.31818
vt 0.33673 0.34901
f 677/2431 433/2432 431/2433
vt 0.41416 0.27271
vt 0.33673 0.34901
vt 0.41416 0.30354
f 677/2434 431/2435 673/2436
vt 0.41416 0.30354
vt 0.33673 0.34901
vt 0.33673 0.31818
f 682/2437 435/2438 436/2439
vt 0.41416 0.30354
vt 0.33673 0.31818
vt 0.41416 0.27271
f 682/2440 436/2441 683/2442
vt -0.06486 0.41416
vt -0.06486 0.33673
vt -0.05063 0.33673
f 683/2443 436/2444 434/2445
vt -0.06486 0.41416
vt -0.05063 0.33673
vt -0.05063 0.41416
f 683/2446 434/2447 679/2448
vt 0.05063 1.12395
vt 0.05063 0.57993
vt 0.06486 0.57993
f 437/2449 444/2450 445/2451
vt 0.05063 1.12395
vt 0.06486 0.57993
vt 0.06486 1.15478
f 437/2452 445/2453 439/2454
vt 1.15478 0.31808
vt 0.57993 0.31376
vt 0.57993 0.34459
f 439/2455 445/2456 443/2457
vt 1.15478 0.31808
vt 0.57993 0.34459
vt 1.16755 0.34901
f 439/2458 443/2459 438/2460
vt 1.16755 0.34901
vt 0.57993 0.34459
vt 0.57993 0.31376
f 441/2461 447/2462 448/2463
vt 1.16755 0.34901
vt 0.57993 0.31376
vt 1.15478 0.31808
f 441/2464 448/2465 442/2466
vt -0.06486 1.15478
vt -0.06486 0.57993
vt -0.05063 0.57993
f 442/2467 448/2468 446/2469
vt -0.06486 1.15478
vt -0.05063 0.57993
vt -0.05063 1.12395
f 442/2470 446/2471 440/2472
vt 0.46637 0.29963
vt 0.46637 0.50283
vt 0.57993 0.50283
f 674/2473 671/2474 296/2475
vt 0.46637 0.29963
vt 0.57993 0.50283
vt 0.57993 0.34459
f 674/2476 296/2477 443/2478
vt 0.07074 1.11499
vt -0.07074 1.11499
vt -0.07074 1.15216
f 455/2479 459/2480 460/2481
vt 0.07074 1.11499
vt -0.07074 1.15216
vt 0.07074 1.15216
f 455/2482 460/2483 457/2484
vt 0.07074 0.48744
vt -0.07074 0.48744
vt -0.07074 0.45027
f 457/2485 460/2486 458/2487
vt 0.07074 0.48744
vt -0.07074 0.45027
vt 0.07074 0.45027
f 457/2488 458/2489 456/2490
vt 0.07074 0.45027
vt -0.07074 0.45027
vt -0.07074 0.48744
f 449/2491 453/2492 454/2493
vt 0.07074 0.45027
vt -0.07074 0.48744
vt 0.07074 0.48744
f 449/2494 454/2495 451/2496
vt 0.07074 0.35213
vt -0.07074 0.35213
vt -0.07074 0.38929
f 451/2497 454/2498 452/2499
vt 0.07074 0.35213
vt -0.07074 0.38929
vt 0.07074 0.38929
f 451/2500 452/2501 450/2502
vt 0.07074 0.34901
vt 0.06486 0.31818
vt 0.05063 0.30541
f 431/2503 433/2504 432/2505
vt 0.07074 0.34901
vt 0.05063 0.30541
vt -0.05063 0.30541
f 431/2506 432/2507 434/2508
vt 0.07074 0.34901
vt -0.05063 0.30541
vt -0.06486 0.31818
f 431/2509 434/2510 436/2511
vt 0.07074 0.34901
vt -0.06486 0.31818
vt -0.07074 0.34901
f 431/2512 436/2513 435/2514
vt 0.07074 0.34901
vt -0.07074 0.34901
vt -0.07074 0.45027
f 431/2515 435/2516 453/2517
vt 0.07074 0.34901
vt -0.07074 0.45027
vt 0.07074 0.45027
f 431/2518 453/2519 449/2520
vt 0.57883 0.60946
vt 1.16773 0.59311
vt 1.16773 0.63382
f 464/2521 468/2522 469/2523
vt 0.57883 0.60946
vt 1.16773 0.63382
vt 0.57883 0.65017
f 464/2524 469/2525 466/2526
vt -0.06297 0.57883
vt -0.06297 1.16773
vt -0.04420 1.16773
f 466/2527 469/2528 467/2529
vt -0.06297 0.57883
vt -0.04420 1.16773
vt -0.04420 0.57883
f 466/2530 467/2531 465/2532
vt 0.04420 0.57883
vt 0.04420 1.16773
vt 0.06297 1.16773
f 461/2533 471/2534 472/2535
vt 0.04420 0.57883
vt 0.06297 1.16773
vt 0.06297 0.57883
f 461/2536 472/2537 463/2538
vt 0.57883 0.65017
vt 1.16773 0.63382
vt 1.16773 0.59311
f 463/2539 472/2540 470/2541
vt 0.57883 0.65017
vt 1.16773 0.59311
vt 0.57883 0.60946
f 463/2542 470/2543 462/2544
vt -0.07074 1.10952
vt -0.07074 0.63704
vt 0.07074 0.63704
f 691/2545 686/2546 688/2547
vt -0.07074 1.10952
vt 0.07074 0.63704
vt 0.07074 1.10952
f 691/2548 688/2549 695/2550
vt -0.04158 -1.06012
vt 0.04158 -1.06012
vt 0.04158 -1.01832
f 403/2551 406/2552 480/2553
vt -0.04158 -1.06012
vt 0.04158 -1.01832
vt -0.04158 -1.01832
f 403/2554 480/2555 477/2556
vt -1.02281 0.22651
vt -0.97882 0.19452
vt -1.01832 0.19403
f 405/2557 479/2558 480/2559
vt -1.02281 0.22651
vt -1.01832 0.19403
vt -1.06012 0.22441
f 405/2560 480/2561 406/2562
vt -1.06012 0.22441
vt -1.01832 0.19403
vt -0.97882 0.19452
f 403/2563 477/2564 478/2565
vt -1.06012 0.22441
vt -0.97882 0.19452
vt -1.02281 0.22651
f 403/2566 478/2567 404/2568
vt 0.05479 -0.72532
vt 0.05945 -0.71273
vt 0.04158 -0.67586
f 418/2569 475/2570 476/2571
vt 0.05479 -0.72532
vt 0.04158 -0.67586
vt 0.03832 -0.69055
f 418/2572 476/2573 417/2574
vt -0.03832 -0.69055
vt -0.04158 -0.67586
vt -0.05945 -0.71273
f 414/2575 473/2576 474/2577
vt -0.03832 -0.69055
vt -0.05945 -0.71273
vt -0.05479 -0.72532
f 414/2578 474/2579 413/2580
vt -1.02281 0.22651
vt -0.70463 0.24441
vt -0.71273 0.19817
f 405/2581 408/2582 475/2583
vt -1.02281 0.22651
vt -0.71273 0.19817
vt -0.97882 0.19452
f 405/2584 475/2585 479/2586
vt 0.04158 0.24725
vt -0.04158 0.24725
vt -0.04158 0.19861
f 407/2587 410/2588 473/2589
vt 0.04158 0.24725
vt -0.04158 0.19861
vt 0.04158 0.19861
f 407/2590 473/2591 476/2592
vt -0.70463 0.24441
vt -1.02281 0.22651
vt -0.97882 0.19452
f 409/2593 404/2594 478/2595
vt -0.70463 0.24441
vt -0.97882 0.19452
vt -0.71273 0.19817
f 409/2596 478/2597 474/2598
vt 1.14053 0.56581
vt 1.42368 0.56581
vt 1.42368 0.54018
f 481/2599 482/2600 484/2601
vt 1.14053 0.56581
vt 1.42368 0.54018
vt 1.14053 0.54018
f 481/2602 484/2603 483/2604
vt 0.03527 1.14053
vt 0.03527 1.42368
vt 0.01347 1.42368
f 483/2605 484/2606 486/2607
vt 0.03527 1.14053
vt 0.01347 1.42368
vt 0.01347 1.14053
f 483/2608 486/2609 485/2610
vt 0.01347 1.14053
vt 0.01347 1.42368
vt -0.01347 1.42368
f 485/2611 486/2612 488/2613
vt 0.01347 1.14053
vt -0.01347 1.42368
vt -0.01347 1.14053
f 485/2614 488/2615 487/2616
vt -0.01347 1.14053
vt -0.01347 1.42368
vt -0.03527 1.42368
f 487/2617 488/2618 490/2619
vt -0.01347 1.14053
vt -0.03527 1.42368
vt -0.03527 1.14053
f 487/2620 490/2621 489/2622
vt 1.14053 0.54018
vt 1.42368 0.54018
vt 1.42368 0.56581
f 489/2623 490/2624 492/2625
vt 1.14053 0.54018
vt 1.42368 0.56581
vt 1.14053 0.56581
f 489/2626 492/2627 491/2628
vt 1.14053 0.56581
vt 1.42368 0.56581
vt 1.42368 0.59142
f 491/2629 492/2630 494/2631
vt 1.14053 0.56581
vt 1.42368 0.59142
vt 1.14053 0.59142
f 491/2632 494/2633 493/2634
vt -0.03527 1.14053
vt -0.03527 1.42368
vt -0.01347 1.42368
f 493/2635 494/2636 496/2637
vt -0.03527 1.14053
vt -0.01347 1.42368
vt -0.01347 1.14053
f 493/2638 496/2639 495/2640
vt -0.01347 1.14053
vt -0.01347 1.42368
vt 0.01347 1.42368
f 495/2641 496/2642 498/2643
vt -0.01347 1.14053
vt 0.01347 1.42368
vt 0.01347 1.14053
f 495/2644 498/2645 497/2646
vt -0.01347 0.60727
vt -0.03527 0.59142
vt -0.02934 0.58713
f 496/2647 494/2648 507/2649
vt -0.01347 0.60727
vt -0.02934 0.58713
vt -0.01121 0.60030
f 496/2650 507/2651 508/2652
vt 0.01347 1.14053
vt 0.01347 1.42368
vt 0.03527 1.42368
f 497/2653 498/2654 500/2655
vt 0.01347 1.14053
vt 0.03527 1.42368
vt 0.03527 1.14053
f 497/2656 500/2657 499/2658
vt 1.14053 0.59142
vt 1.42368 0.59142
vt 1.42368 0.56581
f 499/2659 500/2660 482/2661
vt 1.14053 0.59142
vt 1.42368 0.56581
vt 1.14053 0.56581
f 499/2662 482/2663 481/2664
vt 0.04359 0.56581
vt 0.03527 0.54018
vt 0.01347 0.52435
f 481/2665 483/2666 485/2667
vt 0.04359 0.56581
vt 0.01347 0.52435
vt -0.01347 0.52435
f 481/2668 485/2669 487/2670
vt 0.04359 0.56581
vt -0.01347 0.52435
vt -0.03527 0.54018
f 481/2671 487/2672 489/2673
vt 0.04359 0.56581
vt -0.03527 0.54018
vt -0.04359 0.56581
f 481/2674 489/2675 491/2676
vt 0.04359 0.56581
vt -0.04359 0.56581
vt -0.03527 0.59142
f 481/2677 491/2678 493/2679
vt 0.04359 0.56581
vt -0.03527 0.59142
vt -0.01347 0.60727
f 481/2680 493/2681 495/2682
vt 0.04359 0.56581
vt -0.01347 0.60727
vt 0.01347 0.60727
f 481/2683 495/2684 497/2685
vt 0.04359 0.56581
vt 0.01347 0.60727
vt 0.03527 0.59142
f 481/2686 497/2687 499/2688
vt 0.01121 1.42368
vt -0.01121 1.42368
vt -0.01121 1.43744
f 509/2689 508/2690 518/2691
vt 0.01121 1.42368
vt -0.01121 1.43744
vt 0.01121 1.43744
f 509/2692 518/2693 519/2694
vt -0.03527 0.59142
vt -0.04359 0.56581
vt -0.03628 0.56581
f 494/2695 492/2696 506/2697
vt -0.03527 0.59142
vt -0.03628 0.56581
vt -0.02934 0.58713
f 494/2698 506/2699 507/2700
vt -0.04359 0.56581
vt -0.03527 0.54018
vt -0.02934 0.54448
f 492/2701 490/2702 505/2703
vt -0.04359 0.56581
vt -0.02934 0.54448
vt -0.03628 0.56581
f 492/2704 505/2705 506/2706
vt -0.03527 0.54018
vt -0.01347 0.52435
vt -0.01121 0.53131
f 490/2707 488/2708 504/2709
vt -0.03527 0.54018
vt -0.01121 0.53131
vt -0.02934 0.54448
f 490/2710 504/2711 505/2712
vt 0.03527 0.54018
vt 0.04359 0.56581
vt 0.03628 0.56581
f 484/2713 482/2714 502/2715
vt 0.03527 0.54018
vt 0.03628 0.56581
vt 0.02934 0.54448
f 484/2716 502/2717 501/2718
vt -0.01347 0.52435
vt 0.01347 0.52435
vt 0.01121 0.53131
f 488/2719 486/2720 503/2721
vt -0.01347 0.52435
vt 0.01121 0.53131
vt -0.01121 0.53131
f 488/2722 503/2723 504/2724
vt 0.01347 0.52435
vt 0.03527 0.54018
vt 0.02934 0.54448
f 486/2725 484/2726 501/2727
vt 0.01347 0.52435
vt 0.02934 0.54448
vt 0.01121 0.53131
f 486/2728 501/2729 503/2730
vt 0.04359 0.56581
vt 0.03527 0.59142
vt 0.02934 0.58713
f 482/2731 500/2732 510/2733
vt 0.04359 0.56581
vt 0.02934 0.58713
vt 0.03628 0.56581
f 482/2734 510/2735 502/2736
vt 0.03527 0.59142
vt 0.01347 0.60727
vt 0.01121 0.60030
f 500/2737 498/2738 509/2739
vt 0.03527 0.59142
vt 0.01121 0.60030
vt 0.02934 0.58713
f 500/2740 509/2741 510/2742
vt 0.01347 0.60727
vt -0.01347 0.60727
vt -0.01121 0.60030
f 498/2743 496/2744 508/2745
vt 0.01347 0.60727
vt -0.01121 0.60030
vt 0.01121 0.60030
f 498/2746 508/2747 509/2748
vt 1.42368 0.56581
vt 1.42368 0.54448
vt 1.43744 0.54448
f 506/2749 505/2750 515/2751
vt 1.42368 0.56581
vt 1.43744 0.54448
vt 1.43744 0.56581
f 506/2752 515/2753 516/2754
vt 0.01121 1.42368
vt 0.02934 1.42368
vt 0.02934 1.43744
f 503/2755 501/2756 511/2757
vt 0.01121 1.42368
vt 0.02934 1.43744
vt 0.01121 1.43744
f 503/2758 511/2759 513/2760
vt 0.02934 1.42368
vt 0.01121 1.42368
vt 0.01121 1.43744
f 510/2761 509/2762 519/2763
vt 0.02934 1.42368
vt 0.01121 1.43744
vt 0.02934 1.43744
f 510/2764 519/2765 520/2766
vt 1.42368 0.58713
vt 1.42368 0.56581
vt 1.43744 0.56581
f 507/2767 506/2768 516/2769
vt 1.42368 0.58713
vt 1.43744 0.56581
vt 1.43744 0.58713
f 507/2770 516/2771 517/2772
vt -0.01121 1.42368
vt 0.01121 1.42368
vt 0.01121 1.43744
f 504/2773 503/2774 513/2775
vt -0.01121 1.42368
vt 0.01121 1.43744
vt -0.01121 1.43744
f 504/2776 513/2777 514/2778
vt 1.42368 0.56581
vt 1.42368 0.58713
vt 1.43744 0.58713
f 502/2779 510/2780 520/2781
vt 1.42368 0.56581
vt 1.43744 0.58713
vt 1.43744 0.56581
f 502/2782 520/2783 512/2784
vt -0.01121 1.42368
vt -0.02934 1.42368
vt -0.02934 1.43744
f 508/2785 507/2786 517/2787
vt -0.01121 1.42368
vt -0.02934 1.43744
vt -0.01121 1.43744
f 508/2788 517/2789 518/2790
vt -0.02934 1.42368
vt -0.01121 1.42368
vt -0.01121 1.43744
f 505/2791 504/2792 514/2793
vt -0.02934 1.42368
vt -0.01121 1.43744
vt -0.02934 1.43744
f 505/2794 514/2795 515/2796
vt 1.42368 0.54448
vt 1.42368 0.56581
vt 1.43744 0.56581
f 501/2797 502/2798 512/2799
vt 1.42368 0.54448
vt 1.43744 0.56581
vt 1.43744 0.54448
f 501/2800 512/2801 511/2802
vt 2.22240 0.43886
vt 2.29167 0.43886
vt 2.29167 0.41324
f 591/2803 542/2804 544/2805
vt 2.22240 0.43886
vt 2.29167 0.41324
vt 2.22240 0.41324
f 591/2806 544/2807 592/2808
vt 0.03527 2.22240
vt 0.03527 2.29167
vt 0.01348 2.29167
f 592/2809 544/2810 546/2811
vt 0.03527 2.22240
vt 0.01348 2.29167
vt 0.01348 2.22240
f 592/2812 546/2813 593/2814
vt 0.01348 2.22240
vt 0.01348 2.29167
vt -0.01347 2.29167
f 593/2815 546/2816 548/2817
vt 0.01348 2.22240
vt -0.01347 2.29167
vt -0.01347 2.22240
f 593/2818 548/2819 594/2820
vt -0.01347 2.22240
vt -0.01347 2.29167
vt -0.03527 2.29167
f 594/2821 548/2822 550/2823
vt -0.01347 2.22240
vt -0.03527 2.29167
vt -0.03527 2.22240
f 594/2824 550/2825 595/2826
vt 2.22240 0.41324
vt 2.29167 0.41324
vt 2.29167 0.43886
f 595/2827 550/2828 552/2829
vt 2.22240 0.41324
vt 2.29167 0.43886
vt 2.22240 0.43886
f 595/2830 552/2831 596/2832
vt 2.22240 0.43886
vt 2.29167 0.43886
vt 2.29167 0.46448
f 596/2833 552/2834 554/2835
vt 2.22240 0.43886
vt 2.29167 0.46448
vt 2.22240 0.46448
f 596/2836 554/2837 597/2838
vt -0.03527 2.22240
vt -0.03527 2.29167
vt -0.01347 2.29167
f 597/2839 554/2840 556/2841
vt -0.03527 2.22240
vt -0.01347 2.29167
vt -0.01347 2.22240
f 597/2842 556/2843 598/2844
vt -0.01347 2.22240
vt -0.01347 2.29167
vt 0.01348 2.29167
f 598/2845 556/2846 558/2847
vt -0.01347 2.22240
vt 0.01348 2.29167
vt 0.01348 2.22240
f 598/2848 558/2849 599/2850
vt 0.01348 2.22240
vt 0.01348 2.29167
vt 0.03527 2.29167
f 599/2851 558/2852 560/2853
vt 0.01348 2.22240
vt 0.03527 2.29167
vt 0.03527 2.22240
f 599/2854 560/2855 600/2856
vt 2.22240 0.46448
vt 2.29167 0.46448
vt 2.29167 0.43886
f 600/2857 560/2858 542/2859
vt 2.22240 0.46448
vt 2.29167 0.43886
vt 2.22240 0.43886
f 600/2860 542/2861 591/2862
vt 0.04359 0.43886
vt 0.03527 0.41324
vt 0.01347 0.39741
f 541/2863 543/2864 545/2865
vt 0.04359 0.43886
vt 0.01347 0.39741
vt -0.01347 0.39741
f 541/2866 545/2867 547/2868
vt 0.04359 0.43886
vt -0.01347 0.39741
vt -0.03527 0.41324
f 541/2869 547/2870 549/2871
vt 0.04359 0.43886
vt -0.03527 0.41324
vt -0.04359 0.43886
f 541/2872 549/2873 551/2874
vt 0.04359 0.43886
vt -0.04359 0.43886
vt -0.03527 0.46448
f 541/2875 551/2876 553/2877
vt 0.04359 0.43886
vt -0.03527 0.46448
vt -0.01347 0.48032
f 541/2878 553/2879 555/2880
vt 0.04359 0.43886
vt -0.01347 0.48032
vt 0.01347 0.48032
f 541/2881 555/2882 557/2883
vt 0.04359 0.43886
vt 0.01347 0.48032
vt 0.03527 0.46448
f 541/2884 557/2885 559/2886
vt 0.04359 0.43886
vt 0.03527 0.46448
vt 0.02648 0.45809
f 542/2887 560/2888 570/2889
vt 0.04359 0.43886
vt 0.02648 0.45809
vt 0.03273 0.43886
f 542/2890 570/2891 561/2892
vt 0.03527 0.46448
vt 0.01348 0.48032
vt 0.01011 0.46998
f 560/2893 558/2894 569/2895
vt 0.03527 0.46448
vt 0.01011 0.46998
vt 0.02648 0.45809
f 560/2896 569/2897 570/2898
vt 0.01348 0.48032
vt -0.01347 0.48032
vt -0.01011 0.46998
f 558/2899 556/2900 568/2901
vt 0.01348 0.48032
vt -0.01011 0.46998
vt 0.01011 0.46998
f 558/2902 568/2903 569/2904
vt -0.01347 0.48032
vt -0.03527 0.46448
vt -0.02648 0.45809
f 556/2905 554/2906 567/2907
vt -0.01347 0.48032
vt -0.02648 0.45809
vt -0.01011 0.46998
f 556/2908 567/2909 568/2910
vt -0.03527 0.46448
vt -0.04359 0.43886
vt -0.03272 0.43886
f 554/2911 552/2912 566/2913
vt -0.03527 0.46448
vt -0.03272 0.43886
vt -0.02648 0.45809
f 554/2914 566/2915 567/2916
vt -0.04359 0.43886
vt -0.03527 0.41324
vt -0.02648 0.41963
f 552/2917 550/2918 565/2919
vt -0.04359 0.43886
vt -0.02648 0.41963
vt -0.03272 0.43886
f 552/2920 565/2921 566/2922
vt -0.03527 0.41324
vt -0.01347 0.39741
vt -0.01011 0.40774
f 550/2923 548/2924 564/2925
vt -0.03527 0.41324
vt -0.01011 0.40774
vt -0.02648 0.41963
f 550/2926 564/2927 565/2928
vt 0.03527 0.41324
vt 0.04359 0.43886
vt 0.03273 0.43886
f 544/2929 542/2930 561/2931
vt 0.03527 0.41324
vt 0.03273 0.43886
vt 0.02648 0.41963
f 544/2932 561/2933 562/2934
vt -0.01347 0.39741
vt 0.01348 0.39741
vt 0.01011 0.40774
f 548/2935 546/2936 563/2937
vt -0.01347 0.39741
vt 0.01011 0.40774
vt -0.01011 0.40774
f 548/2938 563/2939 564/2940
vt 0.01348 0.39741
vt 0.03527 0.41324
vt 0.02648 0.41963
f 546/2941 544/2942 562/2943
vt 0.01348 0.39741
vt 0.02648 0.41963
vt 0.01011 0.40774
f 546/2944 562/2945 563/2946
vt -0.01011 2.29167
vt -0.02648 2.29167
vt -0.02648 1.91650
f 568/2947 567/2948 577/2949
vt -0.01011 2.29167
vt -0.02648 1.91650
vt -0.01011 1.91650
f 568/2950 577/2951 578/2952
vt -0.02648 2.29167
vt -0.01011 2.29167
vt -0.01011 1.91650
f 565/2953 564/2954 574/2955
vt -0.02648 2.29167
vt -0.01011 1.91650
vt -0.02648 1.91650
f 565/2956 574/2957 575/2958
vt 2.29167 0.41963
vt 2.29167 0.43886
vt 1.91650 0.43886
f 562/2959 561/2960 571/2961
vt 2.29167 0.41963
vt 1.91650 0.43886
vt 1.91650 0.41963
f 562/2962 571/2963 572/2964
vt 0.01011 2.29167
vt -0.01011 2.29167
vt -0.01011 1.91650
f 569/2965 568/2966 578/2967
vt 0.01011 2.29167
vt -0.01011 1.91650
vt 0.01011 1.91650
f 569/2968 578/2969 579/2970
vt 2.29167 0.43886
vt 2.29167 0.41963
vt 1.91650 0.41963
f 566/2971 565/2972 575/2973
vt 2.29167 0.43886
vt 1.91650 0.41963
vt 1.91650 0.43886
f 566/2974 575/2975 576/2976
vt 0.01011 2.29167
vt 0.02648 2.29167
vt 0.02648 1.91650
f 563/2977 562/2978 572/2979
vt 0.01011 2.29167
vt 0.02648 1.91650
vt 0.01011 1.91650
f 563/2980 572/2981 573/2982
vt 0.02648 2.29167
vt 0.01011 2.29167
vt 0.01011 1.91650
f 570/2983 569/2984 579/2985
vt 0.02648 2.29167
vt 0.01011 1.91650
vt 0.02648 1.91650
f 570/2986 579/2987 580/2988
vt 2.29167 0.45809
vt 2.29167 0.43886
vt 1.91650 0.43886
f 567/2989 566/2990 576/2991
vt 2.29167 0.45809
vt 1.91650 0.43886
vt 1.91650 0.45809
f 567/2992 576/2993 577/2994
vt -0.01011 2.29167
vt 0.01011 2.29167
vt 0.01011 1.91650
f 564/2995 563/2996 573/2997
vt -0.01011 2.29167
vt 0.01011 1.91650
vt -0.01011 1.91650
f 564/2998 573/2999 574/3000
vt 2.29167 0.43886
vt 2.29167 0.45809
vt 1.91650 0.45809
f 561/3001 570/3002 580/3003
vt 2.29167 0.43886
vt 1.91650 0.45809
vt 1.91650 0.43886
f 561/3004 580/3005 571/3006
vt 0.02648 0.41963
vt 0.03273 0.43886
vt 0.02648 0.45809
f 572/3007 571/3008 580/3009
vt 0.02648 0.41963
vt 0.02648 0.45809
vt 0.01011 0.46998
f 572/3010 580/3011 579/3012
vt 0.02648 0.41963
vt 0.01011 0.46998
vt -0.01011 0.46998
f 572/3013 579/3014 578/3015
vt 0.02648 0.41963
vt -0.01011 0.46998
vt -0.02648 0.45809
f 572/3016 578/3017 577/3018
vt 0.02648 0.41963
vt -0.02648 0.45809
vt -0.03273 0.43886
f 572/3019 577/3020 576/3021
vt 0.02648 0.41963
vt -0.03273 0.43886
vt -0.02648 0.41963
f 572/3022 576/3023 575/3024
vt 0.02648 0.41963
vt -0.02648 0.41963
vt -0.01011 0.40774
f 572/3025 575/3026 574/3027
vt 0.02648 0.41963
vt -0.01011 0.40774
vt 0.01011 0.40774
f 572/3028 574/3029 573/3030
vt 1.14053 0.46448
vt 2.06144 0.46448
vt 2.06144 0.43886
f 559/3031 590/3032 581/3033
vt 1.14053 0.46448
vt 2.06144 0.43886
vt 1.14053 0.43886
f 559/3034 581/3035 541/3036
vt 0.01347 1.14053
vt 0.01348 2.06144
vt 0.03527 2.06144
f 557/3037 589/3038 590/3039
vt 0.01347 1.14053
vt 0.03527 2.06144
vt 0.03527 1.14053
f 557/3040 590/3041 559/3042
vt -0.01347 1.14053
vt -0.01347 2.06144
vt 0.01348 2.06144
f 555/3043 588/3044 589/3045
vt -0.01347 1.14053
vt 0.01348 2.06144
vt 0.01347 1.14053
f 555/3046 589/3047 557/3048
vt -0.03527 1.14053
vt -0.03527 2.06144
vt -0.01347 2.06144
f 553/3049 587/3050 588/3051
vt -0.03527 1.14053
vt -0.01347 2.06144
vt -0.01347 1.14053
f 553/3052 588/3053 555/3054
vt 1.14053 0.43886
vt 2.06144 0.43886
vt 2.06144 0.46448
f 551/3055 586/3056 587/3057
vt 1.14053 0.43886
vt 2.06144 0.46448
vt 1.14053 0.46448
f 551/3058 587/3059 553/3060
vt 1.14053 0.41324
vt 2.06144 0.41324
vt 2.06144 0.43886
f 549/3061 585/3062 586/3063
vt 1.14053 0.41324
vt 2.06144 0.43886
vt 1.14053 0.43886
f 549/3064 586/3065 551/3066
vt -0.01347 1.14053
vt -0.01347 2.06144
vt -0.03527 2.06144
f 547/3067 584/3068 585/3069
vt -0.01347 1.14053
vt -0.03527 2.06144
vt -0.03527 1.14053
f 547/3070 585/3071 549/3072
vt 0.01347 1.14053
vt 0.01348 2.06144
vt -0.01347 2.06144
f 545/3073 583/3074 584/3075
vt 0.01347 1.14053
vt -0.01347 2.06144
vt -0.01347 1.14053
f 545/3076 584/3077 547/3078
vt 0.03527 1.14053
vt 0.03527 2.06144
vt 0.01348 2.06144
f 543/3079 582/3080 583/3081
vt 0.03527 1.14053
vt 0.01348 2.06144
vt 0.01347 1.14053
f 543/3082 583/3083 545/3084
vt 1.14053 0.43886
vt 2.06144 0.43886
vt 2.06144 0.41324
f 541/3085 581/3086 582/3087
vt 1.14053 0.43886
vt 2.06144 0.41324
vt 1.14053 0.41324
f 541/3088 582/3089 543/3090
vt -0.02856 2.08203
vt 0.02856 2.08203
vt 0.02856 2.21528
f 623/3091 621/3092 622/3093
vt -0.02856 2.08203
vt 0.02856 2.21528
vt -0.02856 2.21528
f 623/3094 622/3095 624/3096
vt 0.07074 0.41416
vt -0.07074 0.41416
vt -0.07074 0.46637
f 672/3097 669/3098 670/3099
vt 0.07074 0.41416
vt -0.07074 0.46637
vt 0.07074 0.46637
f 672/3100 670/3101 671/3102
vt 0.06486 0.46637
vt 0.05063 0.46637
vt 0.05063 0.41416
f 678/3103 675/3104 676/3105
vt 0.06486 0.46637
vt 0.05063 0.41416
vt 0.06486 0.41416
f 678/3106 676/3107 677/3108
vt 0.46637 0.29963
vt 0.46637 0.26880
vt 0.41416 0.27271
f 674/3109 678/3110 677/3111
vt 0.46637 0.29963
vt 0.41416 0.27271
vt 0.41416 0.30354
f 674/3112 677/3113 673/3114
vt 0.46637 0.26880
vt 0.46637 0.29963
vt 0.41416 0.30354
f 684/3115 681/3116 682/3117
vt 0.46637 0.26880
vt 0.41416 0.30354
vt 0.41416 0.27271
f 684/3118 682/3119 683/3120
vt -0.05063 0.46637
vt -0.06486 0.46637
vt -0.06486 0.41416
f 680/3121 684/3122 683/3123
vt -0.05063 0.46637
vt -0.06486 0.41416
vt -0.05063 0.41416
f 680/3124 683/3125 679/3126
vt 0.46637 0.50283
vt 0.46637 0.29963
vt 0.41416 0.30354
f 671/3127 674/3128 673/3129
vt 0.46637 0.50283
vt 0.41416 0.30354
vt 0.41416 0.50283
f 671/3130 673/3131 672/3132
vt 0.05063 0.46637
vt -0.05063 0.46637
vt -0.05063 0.41416
f 675/3133 680/3134 679/3135
vt 0.05063 0.46637
vt -0.05063 0.41416
vt 0.05063 0.41416
f 675/3136 679/3137 676/3138
vt 0.46637 0.29963
vt 0.46637 0.50283
vt 0.41416 0.50283
f 681/3139 670/3140 669/3141
vt 0.46637 0.29963
vt 0.41416 0.50283
vt 0.41416 0.30354
f 681/3142 669/3143 682/3144
vt -0.07074 0.41416
vt 0.07074 0.41416
vt 0.07074 0.38929
f 669/3145 672/3146 450/3147
vt -0.07074 0.41416
vt 0.07074 0.38929
vt -0.07074 0.38929
f 669/3148 450/3149 452/3150
vt 0.07074 0.63704
vt -0.07074 0.63704
vt -0.07074 0.59588
f 688/3151 686/3152 687/3153
vt 0.07074 0.63704
vt -0.07074 0.59588
vt 0.07074 0.59588
f 688/3154 687/3155 690/3156
vt 0.07074 0.53026
vt -0.07074 0.53026
vt -0.07074 0.57143
f 690/3157 687/3158 685/3159
vt 0.07074 0.53026
vt -0.07074 0.57143
vt 0.07074 0.57143
f 690/3160 685/3161 689/3162
vt 0.07074 0.57143
vt -0.07074 0.57143
vt -0.07074 0.53026
f 694/3163 692/3164 693/3165
vt 0.07074 0.57143
vt -0.07074 0.53026
vt 0.07074 0.53026
f 694/3166 693/3167 696/3168
vt 0.07074 1.15068
vt -0.07074 1.15068
vt -0.07074 1.10952
f 696/3169 693/3170 691/3171
vt 0.07074 1.15068
vt -0.07074 1.10952
vt 0.07074 1.10952
f 696/3172 691/3173 695/3174
vt 0.07074 0.57143
vt -0.07074 0.57143
vt -0.07074 0.60946
f 689/3175 685/3176 464/3177
vt 0.07074 0.57143
vt -0.07074 0.60946
vt -0.06297 0.65017
f 689/3178 464/3179 466/3180
vt 0.07074 0.57143
vt -0.06297 0.65017
vt -0.04420 0.66704
f 689/3181 466/3182 465/3183
vt 0.07074 0.57143
vt -0.04420 0.66704
vt 0.04420 0.66704
f 689/3184 465/3185 461/3186
vt 0.07074 0.57143
vt 0.04420 0.66704
vt 0.06297 0.65017
f 689/3187 461/3188 463/3189
vt 0.07074 0.57143
vt 0.06297 0.65017
vt 0.07074 0.60946
f 689/3190 463/3191 462/3192
vt -1.05231 0.45443
vt 0.18655 0.45443
vt 0.18655 0.54729
f 383/3193 286/3194 380/3195
vt -1.05231 0.45443
vt 0.18655 0.54729
vt -1.01814 0.54729
f 383/3196 380/3197 397/3198
vt 0.18655 0.56814
vt -0.98968 0.56814
vt -0.94127 0.60359
f 382/3199 399/3200 387/3201
vt 0.18655 0.56814
vt -0.94127 0.60359
vt 0.18655 0.60359
f 382/3202 387/3203 391/3204
vt -0.98968 0.56814
vt 0.18655 0.56814
vt 0.18655 0.60359
f 402/3205 381/3206 394/3207
vt -0.98968 0.56814
vt 0.18655 0.60359
vt -0.94127 0.60359
f 402/3208 394/3209 389/3210
vt 0.04058 -0.93151
vt -0.04058 -0.93151
vt -0.04058 0.18655
f 388/3211 390/3212 393/3213
vt 0.04058 -0.93151
vt -0.04058 0.18655
vt 0.04058 0.18655
f 388/3214 393/3215 392/3216
vt -0.06048 0.56814
vt 0.06048 0.56814
vt 0.06048 0.60359
f 381/3217 382/3218 391/3219
vt -0.06048 0.56814
vt 0.06048 0.60359
vt 0.04058 0.64016
f 381/3220 391/3221 392/3222
vt -0.06048 0.56814
vt 0.04058 0.64016
vt -0.04058 0.64016
f 381/3223 392/3224 393/3225
vt -0.06048 0.56814
vt -0.04058 0.64016
vt -0.06048 0.60359
f 381/3226 393/3227 394/3228
vt 0.06296 -1.05831
vt -0.06296 -1.05831
vt -0.04058 -1.02985
f 395/3229 398/3230 401/3231
vt 0.06296 -1.05831
vt -0.04058 -1.02985
vt 0.04058 -1.02985
f 395/3232 401/3233 400/3234
vt -0.08286 0.45443
vt 0.08286 0.45443
vt 0.08286 0.54729
f 286/3235 285/3236 379/3237
vt -0.08286 0.45443
vt 0.08286 0.54729
vt -0.08286 0.54729
f 286/3238 379/3239 380/3240
vt 0.18655 0.45443
vt -1.05231 0.45443
vt -1.01814 0.54729
f 285/3241 386/3242 396/3243
vt 0.18655 0.45443
vt -1.01814 0.54729
vt 0.18655 0.54729
f 285/3244 396/3245 379/3246
vt 0.06296 -1.09248
vt 0.08286 -1.05231
vt 0.08286 0.18655
f 385/3247 386/3248 285/3249
vt 0.06296 -1.09248
vt 0.08286 0.18655
vt -0.08286 0.18655
f 385/3250 285/3251 286/3252
vt 0.06296 -1.09248
vt -0.08286 0.18655
vt -0.08286 -1.05231
f 385/3253 286/3254 383/3255
vt 0.06296 -1.09248
vt -0.08286 -1.05231
vt -0.06296 -1.09248
f 385/3256 383/3257 384/3258
vt 0.04058 -1.02985
vt -0.04058 -1.02985
vt -0.04058 -0.93151
f 400/3259 401/3260 390/3261
vt 0.04058 -1.02985
vt -0.04058 -0.93151
vt 0.04058 -0.93151
f 400/3262 390/3263 388/3264
vt -0.08286 0.54729
vt 0.08286 0.54729
vt 0.06048 0.56814
f 380/3265 379/3266 382/3267
vt -0.08286 0.54729
vt 0.06048 0.56814
vt -0.06048 0.56814
f 380/3268 382/3269 381/3270
vt 0.08286 0.18655
vt 0.08286 -1.01814
vt 0.06048 -0.98968
f 379/3271 396/3272 399/3273
vt 0.08286 0.18655
vt 0.06048 -0.98968
vt 0.06048 0.18655
f 379/3274 399/3275 382/3276
vt -0.08286 -1.01814
vt -0.08286 0.18655
vt -0.06048 0.18655
f 397/3277 380/3278 381/3279
vt -0.08286 -1.01814
vt -0.06048 0.18655
vt -0.06048 -0.98968
f 397/3280 381/3281 402/3282
vt -0.93151 0.64016
vt 0.18655 0.64016
vt 0.18655 0.60359
f 388/3283 392/3284 391/3285
vt -0.93151 0.64016
vt 0.18655 0.60359
vt -0.94127 0.60359
f 388/3286 391/3287 387/3288
vt 0.18655 0.64016
vt -0.93151 0.64016
vt -0.94127 0.60359
f 393/3289 390/3290 389/3291
vt 0.18655 0.64016
vt -0.94127 0.60359
vt 0.18655 0.60359
f 393/3292 389/3293 394/3294
vt -1.02985 0.56814
vt -0.93151 0.64016
vt -0.94127 0.60359
f 400/3295 388/3296 387/3297
vt -1.02985 0.56814
vt -0.94127 0.60359
vt -0.98968 0.56814
f 400/3298 387/3299 399/3300
vt -0.98968 0.56814
vt -0.94127 0.60359
vt -0.93151 0.64016
f 402/3301 389/3302 390/3303
vt -0.98968 0.56814
vt -0.93151 0.64016
vt -1.02985 0.56814
f 402/3304 390/3305 401/3306
vt -1.09248 0.45443
vt -1.05831 0.54729
vt -1.01814 0.54729
f 385/3307 395/3308 396/3309
vt -1.09248 0.45443
vt -1.01814 0.54729
vt -1.05231 0.45443
f 385/3310 396/3311 386/3312
vt -1.05231 0.45443
vt -1.01814 0.54729
vt -1.05831 0.54729
f 383/3313 397/3314 398/3315
vt -1.05231 0.45443
vt -1.05831 0.54729
vt -1.09248 0.45443
f 383/3316 398/3317 384/3318
vt 0.06296 -1.05831
vt 0.04058 -1.02985
vt 0.06048 -0.98968
f 395/3319 400/3320 399/3321
vt 0.06296 -1.05831
vt 0.06048 -0.98968
vt 0.08286 -1.01814
f 395/3322 399/3323 396/3324
vt -0.08286 -1.01814
vt -0.06048 -0.98968
vt -0.04058 -1.02985
f 397/3325 402/3326 401/3327
vt -0.08286 -1.01814
vt -0.04058 -1.02985
vt -0.06296 -1.05831
f 397/3328 401/3329 398/3330
vt 0.06296 0.45443
vt -0.06296 0.45443
vt -0.06296 0.54729
f 385/3331 384/3332 398/3333
vt 0.06296 0.45443
vt -0.06296 0.54729
vt 0.06296 0.54729
f 385/3334 398/3335 395/3336
vt -0.03628 0.56581
vt -0.02934 0.54448
vt -0.04065 0.53627
f 516/3337 515/3338 525/3339
vt -0.03628 0.56581
vt -0.04065 0.53627
vt -0.05025 0.56581
f 516/3340 525/3341 526/3342
vt 0.01553 1.43744
vt 0.04065 1.43744
vt 0.04065 1.58025
f 523/3343 521/3344 531/3345
vt 0.01553 1.43744
vt 0.04065 1.58025
vt 0.01553 1.58025
f 523/3346 531/3347 533/3348
vt 0.01121 0.53131
vt 0.02934 0.54448
vt 0.04065 0.53627
f 513/3349 511/3350 521/3351
vt 0.01121 0.53131
vt 0.04065 0.53627
vt 0.01553 0.51802
f 513/3352 521/3353 523/3354
vt 0.02934 0.58713
vt 0.01121 0.60030
vt 0.01553 0.61360
f 520/3355 519/3356 529/3357
vt 0.02934 0.58713
vt 0.01553 0.61360
vt 0.04065 0.59534
f 520/3358 529/3359 530/3360
vt -0.02934 0.58713
vt -0.03628 0.56581
vt -0.05025 0.56581
f 517/3361 516/3362 526/3363
vt -0.02934 0.58713
vt -0.05025 0.56581
vt -0.04065 0.59534
f 517/3364 526/3365 527/3366
vt -0.01121 0.53131
vt 0.01121 0.53131
vt 0.01553 0.51802
f 514/3367 513/3368 523/3369
vt -0.01121 0.53131
vt 0.01553 0.51802
vt -0.01553 0.51802
f 514/3370 523/3371 524/3372
vt 0.03628 0.56581
vt 0.02934 0.58713
vt 0.04065 0.59534
f 512/3373 520/3374 530/3375
vt 0.03628 0.56581
vt 0.04065 0.59534
vt 0.05025 0.56581
f 512/3376 530/3377 522/3378
vt -0.01121 0.60030
vt -0.02934 0.58713
vt -0.04065 0.59534
f 518/3379 517/3380 527/3381
vt -0.01121 0.60030
vt -0.04065 0.59534
vt -0.01553 0.61360
f 518/3382 527/3383 528/3384
vt -0.02934 0.54448
vt -0.01121 0.53131
vt -0.01553 0.51802
f 515/3385 514/3386 524/3387
vt -0.02934 0.54448
vt -0.01553 0.51802
vt -0.04065 0.53627
f 515/3388 524/3389 525/3390
vt 0.02934 0.54448
vt 0.03628 0.56581
vt 0.05025 0.56581
f 511/3391 512/3392 522/3393
vt 0.02934 0.54448
vt 0.05025 0.56581
vt 0.04065 0.53627
f 511/3394 522/3395 521/3396
vt 0.01121 0.60030
vt -0.01121 0.60030
vt -0.01553 0.61360
f 519/3397 518/3398 528/3399
vt 0.01121 0.60030
vt -0.01553 0.61360
vt 0.01553 0.61360
f 519/3400 528/3401 529/3402
vt 0.04065 0.53627
vt 0.05025 0.56581
vt 0.04065 0.59534
f 531/3403 532/3404 540/3405
vt 0.04065 0.53627
vt 0.04065 0.59534
vt 0.01553 0.61360
f 531/3406 540/3407 539/3408
vt 0.04065 0.53627
vt 0.01553 0.61360
vt -0.01553 0.61360
f 531/3409 539/3410 538/3411
vt 0.04065 0.53627
vt -0.01553 0.61360
vt -0.04065 0.59534
f 531/3412 538/3413 537/3414
vt 0.04065 0.53627
vt -0.04065 0.59534
vt -0.05025 0.56581
f 531/3415 537/3416 536/3417
vt 0.04065 0.53627
vt -0.05025 0.56581
vt -0.04065 0.53627
f 531/3418 536/3419 535/3420
vt 0.04065 0.53627
vt -0.04065 0.53627
vt -0.01553 0.51802
f 531/3421 535/3422 534/3423
vt 0.04065 0.53627
vt -0.01553 0.51802
vt 0.01553 0.51802
f 531/3424 534/3425 533/3426
vt 0.04065 1.43744
vt 0.01553 1.43744
vt 0.01553 1.58025
f 530/3427 529/3428 539/3429
vt 0.04065 1.43744
vt 0.01553 1.58025
vt 0.04065 1.58025
f 530/3430 539/3431 540/3432
vt 1.43744 0.59534
vt 1.43744 0.56581
vt 1.58025 0.56581
f 527/3433 526/3434 536/3435
vt 1.43744 0.59534
vt 1.58025 0.56581
vt 1.58025 0.59534
f 527/3436 536/3437 537/3438
vt -0.01553 1.43744
vt 0.01553 1.43744
vt 0.01553 1.58025
f 524/3439 523/3440 533/3441
vt -0.01553 1.43744
vt 0.01553 1.58025
vt -0.01553 1.58025
f 524/3442 533/3443 534/3444
vt 1.43744 0.56581
vt 1.43744 0.59534
vt 1.58025 0.59534
f 522/3445 530/3446 540/3447
vt 1.43744 0.56581
vt 1.58025 0.59534
vt 1.58025 0.56581
f 522/3448 540/3449 532/3450
vt -0.01553 1.43744
vt -0.04065 1.43744
vt -0.04065 1.58025
f 528/3451 527/3452 537/3453
vt -0.01553 1.43744
vt -0.04065 1.58025
vt -0.01553 1.58025
f 528/3454 537/3455 538/3456
vt -0.04065 1.43744
vt -0.01553 1.43744
vt -0.01553 1.58025
f 525/3457 524/3458 534/3459
vt -0.04065 1.43744
vt -0.01553 1.58025
vt -0.04065 1.58025
f 525/3460 534/3461 535/3462
vt 1.43744 0.53627
vt 1.43744 0.56581
vt 1.58025 0.56581
f 521/3463 522/3464 532/3465
vt 1.43744 0.53627
vt 1.58025 0.56581
vt 1.58025 0.53627
f 521/3466 532/3467 531/3468
vt 0.01553 1.43744
vt -0.01553 1.43744
vt -0.01553 1.58025
f 529/3469 528/3470 538/3471
vt 0.01553 1.43744
vt -0.01553 1.58025
vt 0.01553 1.58025
f 529/3472 538/3473 539/3474
vt 1.43744 0.56581
vt 1.43744 0.53627
vt 1.58025 0.53627
f 526/3475 525/3476 535/3477
vt 1.43744 0.56581
vt 1.58025 0.53627
vt 1.58025 0.56581
f 526/3478 535/3479 536/3480
vt -0.03527 0.46448
vt -0.04359 0.43886
vt -0.05183 0.43886
f 587/3481 586/3482 610/3483
vt -0.03527 0.46448
vt -0.05183 0.43886
vt -0.04193 0.46932
f 587/3484 610/3485 612/3486
vt -0.01347 0.39741
vt -0.03527 0.41324
vt -0.04193 0.40840
f 594/3487 595/3488 607/3489
vt -0.01347 0.39741
vt -0.04193 0.40840
vt -0.01602 0.38958
f 594/3490 607/3491 605/3492
vt -0.01347 0.48032
vt -0.03527 0.46448
vt -0.04193 0.46932
f 588/3493 587/3494 612/3495
vt -0.01347 0.48032
vt -0.04193 0.46932
vt -0.01602 0.48815
f 588/3496 612/3497 614/3498
vt -0.03527 0.41324
vt -0.04359 0.43886
vt -0.05183 0.43886
f 595/3499 596/3500 609/3501
vt -0.03527 0.41324
vt -0.05183 0.43886
vt -0.04193 0.40840
f 595/3502 609/3503 607/3504
vt 0.01348 0.48032
vt -0.01347 0.48032
vt -0.01602 0.48815
f 589/3505 588/3506 614/3507
vt 0.01348 0.48032
vt -0.01602 0.48815
vt 0.01602 0.48815
f 589/3508 614/3509 616/3510
vt -0.04359 0.43886
vt -0.03527 0.46448
vt -0.04193 0.46932
f 596/3511 597/3512 611/3513
vt -0.04359 0.43886
vt -0.04193 0.46932
vt -0.05183 0.43886
f 596/3514 611/3515 609/3516
vt 0.03527 0.41324
vt 0.04359 0.43886
vt 0.05183 0.43886
f 582/3517 581/3518 619/3519
vt 0.03527 0.41324
vt 0.05183 0.43886
vt 0.04193 0.40840
f 582/3520 619/3521 602/3522
vt 0.03527 0.46448
vt 0.01348 0.48032
vt 0.01602 0.48815
f 590/3523 589/3524 616/3525
vt 0.03527 0.46448
vt 0.01602 0.48815
vt 0.04193 0.46932
f 590/3526 616/3527 618/3528
vt -0.03527 0.46448
vt -0.01347 0.48032
vt -0.01602 0.48815
f 597/3529 598/3530 613/3531
vt -0.03527 0.46448
vt -0.01602 0.48815
vt -0.04193 0.46932
f 597/3532 613/3533 611/3534
vt 0.01348 0.39741
vt 0.03527 0.41324
vt 0.04193 0.40840
f 583/3535 582/3536 602/3537
vt 0.01348 0.39741
vt 0.04193 0.40840
vt 0.01602 0.38958
f 583/3538 602/3539 604/3540
vt 2.06902 0.46932
vt 2.21482 0.46932
vt 2.21482 0.43886
f 618/3541 617/3542 620/3543
vt 2.06902 0.46932
vt 2.21482 0.43886
vt 2.06902 0.43886
f 618/3544 620/3545 619/3546
vt 0.01602 2.06902
vt 0.01602 2.21482
vt 0.04193 2.21482
f 616/3547 615/3548 617/3549
vt 0.01602 2.06902
vt 0.04193 2.21482
vt 0.04193 2.06902
f 616/3550 617/3551 618/3552
vt -0.01602 2.06902
vt -0.01602 2.21482
vt 0.01602 2.21482
f 614/3553 613/3554 615/3555
vt -0.01602 2.06902
vt 0.01602 2.21482
vt 0.01602 2.06902
f 614/3556 615/3557 616/3558
vt -0.04193 2.06902
vt -0.04193 2.21482
vt -0.01602 2.21482
f 612/3559 611/3560 613/3561
vt -0.04193 2.06902
vt -0.01602 2.21482
vt -0.01602 2.06902
f 612/3562 613/3563 614/3564
vt 2.06902 0.43886
vt 2.21482 0.43886
vt 2.21482 0.46932
f 610/3565 609/3566 611/3567
vt 2.06902 0.43886
vt 2.21482 0.46932
vt 2.06902 0.46932
f 610/3568 611/3569 612/3570
vt 2.06902 0.40840
vt 2.21482 0.40840
vt 2.21482 0.43886
f 608/3571 607/3572 609/3573
vt 2.06902 0.40840
vt 2.21482 0.43886
vt 2.06902 0.43886
f 608/3574 609/3575 610/3576
vt -0.01602 2.06902
vt -0.01602 2.21482
vt -0.04193 2.21482
f 606/3577 605/3578 607/3579
vt -0.01602 2.06902
vt -0.04193 2.21482
vt -0.04193 2.06902
f 606/3580 607/3581 608/3582
vt 0.01602 2.06902
vt 0.01602 2.21482
vt -0.01602 2.21482
f 604/3583 603/3584 605/3585
vt 0.01602 2.06902
vt -0.01602 2.21482
vt -0.01602 2.06902
f 604/3586 605/3587 606/3588
vt 0.04193 2.06902
vt 0.04193 2.21482
vt 0.01602 2.21482
f 602/3589 601/3590 603/3591
vt 0.04193 2.06902
vt 0.01602 2.21482
vt 0.01602 2.06902
f 602/3592 603/3593 604/3594
vt 2.06902 0.43886
vt 2.21482 0.43886
vt 2.21482 0.40840
f 619/3595 620/3596 601/3597
vt 2.06902 0.43886
vt 2.21482 0.40840
vt 2.06902 0.40840
f 619/3598 601/3599 602/3600
vt 0.01348 0.39741
vt -0.01347 0.39741
vt -0.01602 0.38958
f 593/3601 594/3602 605/3603
vt 0.01348 0.39741
vt -0.01602 0.38958
vt 0.01602 0.38958
f 593/3604 605/3605 603/3606
vt -0.04359 0.43886
vt -0.03527 0.41324
vt -0.04193 0.40840
f 586/3607 585/3608 608/3609
vt -0.04359 0.43886
vt -0.04193 0.40840
vt -0.05183 0.43886
f 586/3610 608/3611 610/3612
vt 0.03527 0.46448
vt 0.04359 0.43886
vt 0.05183 0.43886
f 600/3613 591/3614 620/3615
vt 0.03527 0.46448
vt 0.05183 0.43886
vt 0.04193 0.46932
f 600/3616 620/3617 617/3618
vt 0.03527 0.41324
vt 0.01348 0.39741
vt 0.01602 0.38958
f 592/3619 593/3620 603/3621
vt 0.03527 0.41324
vt 0.01602 0.38958
vt 0.04193 0.40840
f 592/3622 603/3623 601/3624
vt -0.03527 0.41324
vt -0.01347 0.39741
vt -0.01602 0.38958
f 585/3625 584/3626 606/3627
vt -0.03527 0.41324
vt -0.01602 0.38958
vt -0.04193 0.40840
f 585/3628 606/3629 608/3630
vt 0.01348 0.48032
vt 0.03527 0.46448
vt 0.04193 0.46932
f 599/3631 600/3632 617/3633
vt 0.01348 0.48032
vt 0.04193 0.46932
vt 0.01602 0.48815
f 599/3634 617/3635 615/3636
vt 0.04359 0.43886
vt 0.03527 0.41324
vt 0.04193 0.40840
f 591/3637 592/3638 601/3639
vt 0.04359 0.43886
vt 0.04193 0.40840
vt 0.05183 0.43886
f 591/3640 601/3641 620/3642
vt -0.01347 0.39741
vt 0.01348 0.39741
vt 0.01602 0.38958
f 584/3643 583/3644 604/3645
vt -0.01347 0.39741
vt 0.01602 0.38958
vt -0.01602 0.38958
f 584/3646 604/3647 606/3648
vt -0.01347 0.48032
vt 0.01348 0.48032
vt 0.01602 0.48815
f 598/3649 599/3650 615/3651
vt -0.01347 0.48032
vt 0.01602 0.48815
vt -0.01602 0.48815
f 598/3652 615/3653 613/3654
vt 0.04359 0.43886
vt 0.03527 0.46448
vt 0.04193 0.46932
f 581/3655 590/3656 618/3657
vt 0.04359 0.43886
vt 0.04193 0.46932
vt 0.05183 0.43886
f 581/3658 618/3659 619/3660
vt -0.02856 0.47325
vt 0.02856 0.47325
vt 0.01723 0.56197
f 624/3661 622/3662 637/3663
vt -0.02856 0.47325
vt 0.01723 0.56197
vt -0.01723 0.56197
f 624/3664 637/3665 640/3666
vt 2.21527 0.65068
vt 2.14173 0.65068
vt 2.14173 0.66196
f 626/3667 628/3668 632/3669
vt 2.21527 0.65068
vt 2.14173 0.66196
vt 2.21527 0.66196
f 626/3670 632/3671 630/3672
vt 2.11188 0.56197
vt 2.21527 0.56197
vt 2.21527 0.65068
f 639/3673 640/3674 625/3675
vt 2.11188 0.56197
vt 2.21527 0.65068
vt 2.14173 0.65068
f 639/3676 625/3677 627/3678
vt 2.21527 0.56197
vt 2.11188 0.56197
vt 2.14173 0.65068
f 637/3679 638/3680 628/3681
vt 2.21527 0.56197
vt 2.14173 0.65068
vt 2.21527 0.65068
f 637/3682 628/3683 626/3684
vt 0.02856 0.47325
vt -0.02856 0.47325
vt -0.01723 0.56197
f 621/3685 623/3686 639/3687
vt 0.02856 0.47325
vt -0.01723 0.56197
vt 0.01723 0.56197
f 621/3688 639/3689 638/3690
vt 2.08203 0.47325
vt 2.21528 0.47325
vt 2.21527 0.56197
f 623/3691 624/3692 640/3693
vt 2.08203 0.47325
vt 2.21527 0.56197
vt 2.11188 0.56197
f 623/3694 640/3695 639/3696
vt 2.14173 0.65068
vt 2.21527 0.65068
vt 2.21527 0.66196
f 627/3697 625/3698 629/3699
vt 2.14173 0.65068
vt 2.21527 0.66196
vt 2.14173 0.66196
f 627/3700 629/3701 631/3702
vt 2.14173 0.66196
vt 2.21527 0.66196
vt 2.21527 0.67688
f 635/3703 633/3704 647/3705
vt 2.14173 0.66196
vt 2.21527 0.67688
vt 2.14173 0.67688
f 635/3706 647/3707 648/3708
vt 2.14173 0.66196
vt 2.21527 0.66196
vt 2.21527 0.66196
f 631/3709 629/3710 633/3711
vt 2.14173 0.66196
vt 2.21527 0.66196
vt 2.14173 0.66196
f 631/3712 633/3713 635/3714
vt 2.21527 0.66196
vt 2.14173 0.66196
vt 2.14173 0.66196
f 630/3715 632/3716 636/3717
vt 2.21527 0.66196
vt 2.14173 0.66196
vt 2.21527 0.66196
f 630/3718 636/3719 634/3720
vt 2.21527 0.66196
vt 2.21527 0.66196
vt 2.21527 0.66196
f 629/3721 630/3722 634/3723
vt 2.21527 0.66196
vt 2.21527 0.66196
vt 2.21527 0.66196
f 629/3724 634/3725 642/3726
vt 2.21527 0.66196
vt 2.21527 0.66196
vt 2.21527 0.66196
f 629/3727 642/3728 641/3729
vt 2.21527 0.66196
vt 2.21527 0.66196
vt 2.21527 0.66196
f 629/3730 641/3731 633/3732
vt 0.02527 0.66196
vt 0.00843 0.66196
vt 0.00843 0.67688
f 636/3733 644/3734 650/3735
vt 0.02527 0.66196
vt 0.00843 0.67688
vt 0.02527 0.67688
f 636/3736 650/3737 649/3738
vt -0.00843 2.14173
vt -0.00843 2.21527
vt 0.00843 2.21527
f 643/3739 641/3740 642/3741
vt -0.00843 2.14173
vt 0.00843 2.21527
vt 0.00843 2.14173
f 643/3742 642/3743 644/3744
vt 0.01608 0.65068
vt -0.01608 0.65068
vt -0.02527 0.66196
f 628/3745 627/3746 631/3747
vt 0.01608 0.65068
vt -0.02527 0.66196
vt 0.02527 0.66196
f 628/3748 631/3749 632/3750
vt -0.01608 0.65068
vt 0.01608 0.65068
vt 0.02527 0.66196
f 625/3751 626/3752 630/3753
vt -0.01608 0.65068
vt 0.02527 0.66196
vt -0.02527 0.66196
f 625/3754 630/3755 629/3756
vt 2.14173 0.66196
vt 2.14173 0.66196
vt 2.14173 0.66196
f 632/3757 631/3758 635/3759
vt 2.14173 0.66196
vt 2.14173 0.66196
vt 2.14173 0.66196
f 632/3760 635/3761 643/3762
vt 2.14173 0.66196
vt 2.14173 0.66196
vt 2.14173 0.66196
f 632/3763 643/3764 644/3765
vt 2.14173 0.66196
vt 2.14173 0.66196
vt 2.14173 0.66196
f 632/3766 644/3767 636/3768
vt 0.01723 0.56197
vt -0.01723 0.56197
vt -0.01608 0.65068
f 638/3769 639/3770 627/3771
vt 0.01723 0.56197
vt -0.01608 0.65068
vt 0.01608 0.65068
f 638/3772 627/3773 628/3774
vt -0.01723 0.56197
vt 0.01723 0.56197
vt 0.01608 0.65068
f 640/3775 637/3776 626/3777
vt -0.01723 0.56197
vt 0.01608 0.65068
vt -0.01608 0.65068
f 640/3778 626/3779 625/3780
vt 2.21528 0.47325
vt 2.08203 0.47325
vt 2.11188 0.56197
f 622/3781 621/3782 638/3783
vt 2.21528 0.47325
vt 2.11188 0.56197
vt 2.21527 0.56197
f 622/3784 638/3785 637/3786
vt 0.00843 2.14173
vt 0.00843 2.21527
vt 0.02527 2.21527
f 650/3787 645/3788 646/3789
vt 0.00843 2.14173
vt 0.02527 2.21527
vt 0.02527 2.14173
f 650/3790 646/3791 649/3792
vt -0.02527 2.14173
vt -0.02527 2.21527
vt -0.00843 2.21527
f 648/3793 647/3794 651/3795
vt -0.02527 2.14173
vt -0.00843 2.21527
vt -0.00843 2.14173
f 648/3796 651/3797 652/3798
vt 2.21527 0.66196
vt 2.14173 0.66196
vt 2.14173 0.67688
f 641/3799 643/3800 652/3801
vt 2.21527 0.66196
vt 2.14173 0.67688
vt 2.21527 0.67688
f 641/3802 652/3803 651/3804
vt 2.21527 0.66196
vt 2.14173 0.66196
vt 2.14173 0.67688
f 634/3805 636/3806 649/3807
vt 2.21527 0.66196
vt 2.14173 0.67688
vt 2.21527 0.67688
f 634/3808 649/3809 646/3810
vt -0.00843 0.66196
vt -0.02527 0.66196
vt -0.02527 0.67688
f 643/3811 635/3812 648/3813
vt -0.00843 0.66196
vt -0.02527 0.67688
vt -0.00843 0.67688
f 643/3814 648/3815 652/3816
vt 0.00843 0.66196
vt 0.02527 0.66196
vt 0.02527 0.67688
f 642/3817 634/3818 646/3819
vt 0.00843 0.66196
vt 0.02527 0.67688
vt 0.00843 0.67688
f 642/3820 646/3821 645/3822
vt -0.02527 0.66196
vt -0.00843 0.66196
vt -0.00843 0.67688
f 633/3823 641/3824 651/3825
vt -0.02527 0.66196
vt -0.00843 0.67688
vt -0.02527 0.67688
f 633/3826 651/3827 647/3828
vt 2.14173 0.66196
vt 2.21527 0.66196
vt 2.21527 0.67688
f 644/3829 642/3830 645/3831
vt 2.14173 0.66196
vt 2.21527 0.67688
vt 2.14173 0.67688
f 644/3832 645/3833 650/3834
vt -0.01553 1.45391
vt -0.01553 1.58239
vt 0.01553 1.58239
f 654/3835 656/3836 655/3837
vt -0.01553 1.45391
vt 0.01553 1.58239
vt 0.01553 1.45391
f 654/3838 655/3839 653/3840
vt -0.01553 0.50240
vt 0.01553 0.50240
vt 0.01553 0.46026
f 657/3841 658/3842 662/3843
vt -0.01553 0.50240
vt 0.01553 0.46026
vt -0.01553 0.46026
f 657/3844 662/3845 661/3846
vt 1.45391 0.53818
vt 1.58239 0.53818
vt 1.62834 0.50572
f 653/3847 655/3848 660/3849
vt 1.45391 0.53818
vt 1.62834 0.50572
vt 1.49870 0.50240
f 653/3850 660/3851 658/3852
vt -0.01553 1.45391
vt 0.01553 1.45391
vt 0.01553 1.49870
f 654/3853 653/3854 658/3855
vt -0.01553 1.45391
vt 0.01553 1.49870
vt -0.01553 1.49870
f 654/3856 658/3857 657/3858
vt 1.58239 0.53818
vt 1.45391 0.53818
vt 1.49870 0.50240
f 656/3859 654/3860 657/3861
vt 1.58239 0.53818
vt 1.49870 0.50240
vt 1.62834 0.50572
f 656/3862 657/3863 659/3864
vt 0.01553 1.58239
vt -0.01553 1.58239
vt -0.01553 1.62834
f 655/3865 656/3866 659/3867
vt 0.01553 1.58239
vt -0.01553 1.62834
vt 0.01553 1.62834
f 655/3868 659/3869 660/3870
vt 1.70188 0.48689
vt 1.52242 0.46026
vt 1.53588 0.45291
f 663/3871 661/3872 665/3873
vt 1.70188 0.48689
vt 1.53588 0.45291
vt 1.70670 0.45527
f 663/3874 665/3875 667/3876
vt 1.62834 0.50572
vt 1.49870 0.50240
vt 1.52242 0.46026
f 659/3877 657/3878 661/3879
vt 1.62834 0.50572
vt 1.52242 0.46026
vt 1.70188 0.48689
f 659/3880 661/3881 663/3882
vt 0.01553 1.62834
vt -0.01553 1.62834
vt -0.01553 1.70188
f 660/3883 659/3884 663/3885
vt 0.01553 1.62834
vt -0.01553 1.70188
vt 0.01553 1.70188
f 660/3886 663/3887 664/3888
vt 1.49870 0.50240
vt 1.62834 0.50572
vt 1.70188 0.48689
f 658/3889 660/3890 664/3891
vt 1.49870 0.50240
vt 1.70188 0.48689
vt 1.52242 0.46026
f 658/3892 664/3893 662/3894
vt -0.01553 1.53588
vt 0.01553 1.53588
vt 0.01553 1.70670
f 665/3895 666/3896 668/3897
vt -0.01553 1.53588
vt 0.01553 1.70670
vt -0.01553 1.70670
f 665/3898 668/3899 667/3900
vt 0.01553 0.48689
vt -0.01553 0.48689
vt -0.01553 0.45527
f 664/3901 663/3902 667/3903
vt 0.01553 0.48689
vt -0.01553 0.45527
vt 0.01553 0.45527
f 664/3904 667/3905 668/3906
vt 1.52242 0.46026
vt 1.70188 0.48689
vt 1.70670 0.45527
f 662/3907 664/3908 668/3909
vt 1.52242 0.46026
vt 1.70670 0.45527
vt 1.53588 0.45291
f 662/3910 668/3911 666/3912
vt -0.01553 1.52242
vt 0.01553 1.52242
vt 0.01553 1.53588
f 661/3913 662/3914 666/3915
vt -0.01553 1.52242
vt 0.01553 1.53588
vt -0.01553 1.53588
f 661/3916 666/3917 665/3918
