mtllib pink_guns.mtl
o Body
g Body
usemtl PinkWhite
v 0.11852 -0.13585 0.62089
v 0.11871 0.01854 0.58797
v -0.11852 -0.13585 0.62089
v -0.11871 0.01854 0.58797
v -0.11666 -0.07231 0.48620
v -0.11737 -0.16315 0.46871
v 0.11737 -0.16315 0.46871
v 0.11666 -0.07231 0.48620
v -0.11689 -0.12342 0.17119
v -0.11728 -0.16578 0.16604
v 0.11728 -0.16578 0.16604
v 0.11689 -0.12342 0.17119
v -0.11850 0.35543 -0.19174
v -0.11852 0.35562 -0.25829
v 0.11852 0.35562 -0.25829
v 0.11850 0.35543 -0.19174
v -0.06724 0.27506 0.36272
v -0.06615 0.32391 0.20968
v 0.06615 0.32391 0.20968
v 0.06724 0.27506 0.36272
v -0.06743 0.14379 0.35725
v -0.06716 0.17749 0.23788
v 0.06716 0.17749 0.23788
v 0.06743 0.14379 0.35725
v -0.11676 -0.09382 -0.02624
v -0.11653 -0.04496 -0.12620
v -0.11788 -0.08788 -0.16904
v -0.11766 -0.13921 -0.05270
v 0.11788 -0.08788 -0.16904
v 0.11766 -0.13921 -0.05270
v 0.11676 -0.09382 -0.02624
v 0.11653 -0.04496 -0.12620
v -0.06625 0.27378 0.49849
v 0.06625 0.27378 0.49849
v -0.06666 0.14182 0.44080
v -0.06661 0.19117 0.49410
v 0.06661 0.19117 0.49410
v 0.06666 0.14182 0.44080
v -0.11673 0.03075 -0.17344
v -0.11708 0.15706 -0.19177
v -0.11739 0.13930 -0.24911
v -0.11753 0.02087 -0.22626
v 0.11739 0.13930 -0.24911
v 0.11753 0.02087 -0.22626
v 0.11673 0.03075 -0.17344
v 0.11708 0.15706 -0.19177
v 0.06710 0.07162 0.32663
v 0.06681 0.01124 0.28971
v -0.06681 0.01124 0.28971
v -0.06710 0.07162 0.32663
v -0.06683 0.03233 0.22697
v -0.06716 0.09982 0.24269
v 0.06716 0.09982 0.24269
v 0.06683 0.03233 0.22697
v -0.06637 -0.05541 0.21938
v -0.06650 -0.05211 0.23725
v -0.06620 -0.02601 0.19148
v -0.06618 -0.04197 0.19564
v 0.06618 -0.04197 0.19564
v 0.06620 -0.02601 0.19148
v 0.06650 -0.05211 0.23725
v 0.06637 -0.05541 0.21938
v 0.26121 0.43928 0.52697
v 0.26113 0.43928 0.48840
v 0.18813 0.90377 0.49219
v 0.18816 0.90388 0.52785
v 0.25129 0.44326 0.48995
v 0.25137 0.44326 0.52561
v 0.25122 0.77255 0.52773
v 0.25117 0.77250 0.49208
v 0.21607 0.78612 -0.29034
v 0.21590 0.78596 -0.77417
v 0.17233 0.90093 -0.77414
v 0.17241 0.90131 -0.29028
v 0.25133 0.54180 0.52616
v 0.25126 0.54180 0.49051
v 0.24277 0.44810 -1.56043
v 0.24281 0.54180 -1.56043
v 0.24288 0.44810 -1.17070
v 0.24290 0.54180 -1.17070
v 0.27145 0.47436 1.13996
v 0.27145 0.47436 1.18911
v 0.27145 0.84342 1.01526
v 0.27145 0.84342 1.06441
v 0.23819 0.47436 1.18911
v 0.23819 0.47436 1.13996
v 0.23819 0.84342 1.06441
v 0.23819 0.84342 1.01526
v 0.27145 0.47436 1.03282
v 0.27145 0.47436 1.08197
v 0.27145 0.84342 0.90812
v 0.27145 0.84342 0.95727
v 0.23819 0.47436 1.08197
v 0.23819 0.47436 1.03282
v 0.23819 0.84342 0.95727
v 0.23819 0.84342 0.90812
v 0.27145 0.47436 0.91866
v 0.27145 0.47436 0.96781
v 0.27145 0.84342 0.79396
v 0.27145 0.84342 0.84311
v 0.23819 0.47436 0.96781
v 0.23819 0.47436 0.91866
v 0.23819 0.84342 0.84311
v 0.23819 0.84342 0.79396
v 0.27145 0.47436 0.80801
v 0.27145 0.47436 0.85716
v 0.27145 0.84342 0.68331
v 0.27145 0.84342 0.73246
v 0.23819 0.47436 0.85716
v 0.23819 0.47436 0.80801
v 0.23819 0.84342 0.73246
v 0.23819 0.84342 0.68331
v -0.26121 0.43928 0.52697
v -0.26113 0.43928 0.48840
v -0.18813 0.90377 0.49219
v -0.18816 0.90388 0.52785
v -0.25129 0.44326 0.48995
v -0.25137 0.44326 0.52561
v -0.25122 0.77255 0.52773
v -0.00000 0.90417 0.52612
v -0.00000 0.90402 0.49042
v -0.25117 0.77250 0.49208
v -0.00000 0.90137 -0.29177
v -0.00000 0.90082 -0.77575
v -0.21607 0.78612 -0.29034
v -0.21590 0.78596 -0.77417
v -0.17234 0.90093 -0.77414
v -0.17241 0.90131 -0.29028
v -0.00000 0.54180 -1.56043
v -0.25133 0.54180 0.52616
v -0.25126 0.54180 0.49051
v -0.24277 0.44810 -1.56043
v -0.00000 0.44810 -1.56043
v -0.00000 0.44864 -1.17070
v -0.24281 0.54180 -1.56043
v -0.24288 0.44810 -1.17070
v -0.24290 0.54180 -1.17070
v -0.27145 0.47436 1.13996
v -0.27145 0.47436 1.18911
v -0.27145 0.84342 1.01526
v -0.27145 0.84342 1.06441
v -0.23819 0.47436 1.18911
v -0.23819 0.47436 1.13996
v -0.23819 0.84342 1.06441
v -0.23819 0.84342 1.01526
v -0.27145 0.47436 1.03282
v -0.27145 0.47436 1.08197
v -0.27145 0.84342 0.90812
v -0.27145 0.84342 0.95727
v -0.23819 0.47436 1.08197
v -0.23819 0.47436 1.03282
v -0.23819 0.84342 0.95727
v -0.23819 0.84342 0.90812
v -0.27145 0.47436 0.91866
v -0.27145 0.47436 0.96781
v -0.27145 0.84342 0.79396
v -0.27145 0.84342 0.84311
v -0.23819 0.47436 0.96781
v -0.23819 0.47436 0.91866
v -0.23819 0.84342 0.84311
v -0.23819 0.84342 0.79396
v -0.27145 0.47436 0.80801
v -0.27145 0.47436 0.85716
v -0.27145 0.84342 0.68331
v -0.27145 0.84342 0.73246
v -0.23819 0.47436 0.85716
v -0.23819 0.47436 0.80801
v -0.23819 0.84342 0.73246
v -0.23819 0.84342 0.68331
v 0.24279 -0.97374 1.38738
v 0.21100 -0.97374 0.79249
v 0.24279 -0.97374 0.85777
v 0.24279 0.29730 0.57308
v 0.21100 0.22726 0.51754
v 0.24446 0.29686 -1.41029
v 0.20675 0.22647 -1.41029
v 0.21100 -0.47352 0.68780
v 0.24279 -0.44402 0.75162
v 0.21100 -0.15135 0.60614
v 0.24279 -0.15030 0.67782
v 0.24279 -0.75582 1.50334
v 0.18858 -0.69865 1.59437
v 0.24279 -0.81653 1.52544
v 0.24279 0.23876 1.14043
v 0.18858 0.20141 1.26438
v 0.24279 -0.44008 1.38998
v 0.18858 -0.39198 1.49401
v 0.18858 -0.08933 1.29476
v 0.24279 -0.09109 1.17490
v 0.18858 0.31710 1.53974
v 0.24279 0.45078 1.50478
v 0.18858 0.31249 1.33978
v 0.24279 0.45078 1.28618
v 0.24446 0.45112 -1.41029
v 0.24279 0.45078 0.57373
v 0.19155 -0.98003 0.82988
v 0.22150 -0.98003 0.89136
v 0.22150 -0.98003 1.39017
v 0.17045 -0.72403 1.58708
v 0.22150 -0.81974 1.52805
v 0.22150 -0.86119 1.54097
v 0.22150 -1.02148 1.40308
v 0.17045 -0.76548 1.60000
v 0.19155 -1.02148 0.84280
v 0.22150 -1.02148 0.90428
v -0.24279 -0.97374 1.38738
v -0.00000 -0.69865 1.59437
v -0.00000 0.20141 1.26438
v -0.00000 -0.97374 0.79249
v -0.00000 0.22726 0.51754
v -0.00000 0.22647 -1.41029
v -0.00000 -0.47352 0.68780
v -0.00000 -0.39198 1.49401
v -0.00000 -1.02148 1.40308
v -0.00000 -0.15135 0.60614
v -0.00000 -0.08933 1.29476
v -0.00000 0.31710 1.53974
v -0.00000 0.31249 1.33978
v -0.21100 -0.97374 0.79249
v -0.24279 -0.97374 0.85777
v -0.24280 0.29730 0.57308
v -0.21100 0.22726 0.51754
v -0.24446 0.29686 -1.41029
v -0.20675 0.22647 -1.41029
v -0.21100 -0.47352 0.68780
v -0.24279 -0.44402 0.75162
v -0.21100 -0.15135 0.60614
v -0.24279 -0.15030 0.67782
v -0.24280 -0.75582 1.50334
v -0.18858 -0.69865 1.59437
v -0.24280 -0.81653 1.52544
v -0.24280 0.23876 1.14043
v -0.18858 0.20141 1.26438
v -0.24280 -0.44008 1.38998
v -0.18858 -0.39198 1.49401
v -0.18858 -0.08933 1.29476
v -0.24279 -0.09109 1.17490
v -0.18858 0.31710 1.53974
v -0.24280 0.45078 1.50478
v -0.18858 0.31249 1.33978
v -0.24280 0.45078 1.28618
v -0.24446 0.45112 -1.41029
v -0.24280 0.45078 0.57373
v -0.00000 0.45078 1.51562
v -0.00000 0.45112 -1.41029
v -0.19155 -0.98003 0.82988
v -0.00000 -0.72403 1.58708
v -0.22150 -0.98003 0.89136
v -0.22150 -0.98003 1.39017
v -0.00000 -0.98003 0.82988
v -0.17045 -0.72403 1.58708
v -0.22150 -0.81974 1.52805
v -0.00000 -1.02148 0.84280
v -0.22150 -0.86119 1.54097
v -0.22150 -1.02148 1.40308
v -0.00000 -0.76548 1.60000
v -0.17045 -0.76548 1.60000
v -0.19155 -1.02148 0.84280
v -0.22150 -1.02148 0.90428
v -0.03501 0.92177 -1.14547
v 0.03501 0.92177 -1.14547
v -0.03501 0.92177 -1.41124
v 0.03501 0.92177 -1.41124
v -0.03501 1.02148 -1.21572
v 0.03501 1.02148 -1.21572
v -0.03501 0.97758 -1.40392
v 0.03501 0.97758 -1.40392
v 0.08442 0.70207 1.48452
v -0.08442 0.70207 1.48452
v 0.08442 0.83844 1.32614
v -0.08442 0.83844 1.32614
v -0.15246 0.71637 -0.94967
v -0.12334 0.62675 -0.94967
v -0.04711 0.57137 -0.94967
v 0.04711 0.57137 -0.94967
v 0.12334 0.62675 -0.94967
v 0.15246 0.71637 -0.94967
v 0.12334 0.80598 -0.94967
v 0.04711 0.86137 -0.94967
v -0.04711 0.86137 -0.94967
v -0.12334 0.80598 -0.94967
v -0.11688 0.71637 -1.60000
v -0.15246 0.71637 -1.59209
v -0.09456 0.64767 -1.60000
v -0.12334 0.62675 -1.59209
v -0.03612 0.60521 -1.60000
v -0.04711 0.57137 -1.59209
v 0.03612 0.60521 -1.60000
v 0.04711 0.57137 -1.59209
v 0.09455 0.64767 -1.60000
v 0.12334 0.62675 -1.59209
v 0.11688 0.71637 -1.60000
v 0.15246 0.71637 -1.59209
v 0.09455 0.78507 -1.60000
v 0.12334 0.80598 -1.59209
v 0.03612 0.82753 -1.60000
v 0.04711 0.86137 -1.59209
v -0.03612 0.82753 -1.60000
v -0.04711 0.86137 -1.59209
v -0.09456 0.78507 -1.60000
v -0.12334 0.80598 -1.59209
v -0.11688 0.71637 -0.98966
v -0.09456 0.64767 -0.98966
v -0.03612 0.60521 -0.98966
v 0.03612 0.60521 -0.98966
v 0.09455 0.64767 -0.98966
v 0.11688 0.71637 -0.98966
v 0.09455 0.78507 -0.98966
v 0.03612 0.82753 -0.98966
v -0.03612 0.82753 -0.98966
v -0.09456 0.78507 -0.98966
v 0.05484 0.84059 1.59983
v 0.06353 0.79533 1.59409
v -0.06353 0.79533 1.59409
v -0.05484 0.84059 1.59983
v 0.06361 0.91412 1.53138
v 0.05484 0.89389 1.57182
v -0.05484 0.89389 1.57182
v -0.06361 0.91412 1.53138
vt -0.09877 -0.11321
vt 0.09877 -0.11321
vt 0.09892 0.01545
f 3/1 1/2 2/3
vt -0.09877 -0.11321
vt 0.09892 0.01545
vt -0.09892 0.01545
f 3/4 2/5 4/6
vt -0.09722 0.40517
vt 0.09722 0.40517
vt 0.09741 0.14266
f 5/7 8/8 12/9
vt -0.09722 0.40517
vt 0.09741 0.14266
vt -0.09741 0.14266
f 5/10 12/11 9/12
vt -0.09892 0.48997
vt 0.09892 0.48997
vt 0.09722 0.40517
f 4/13 2/14 8/15
vt -0.09892 0.48997
vt 0.09722 0.40517
vt -0.09722 0.40517
f 4/16 8/17 5/18
vt 0.51741 -0.11321
vt 0.48997 0.01545
vt 0.40517 -0.06026
f 3/19 4/20 5/21
vt 0.51741 -0.11321
vt 0.40517 -0.06026
vt 0.39059 -0.13596
f 3/22 5/23 6/24
vt 0.48997 0.01545
vt 0.51741 -0.11321
vt 0.39059 -0.13596
f 2/25 1/26 7/27
vt 0.48997 0.01545
vt 0.39059 -0.13596
vt 0.40517 -0.06026
f 2/28 7/29 8/30
vt 0.09877 0.51741
vt -0.09877 0.51741
vt -0.09781 0.39059
f 1/31 3/32 6/33
vt 0.09877 0.51741
vt -0.09781 0.39059
vt 0.09781 0.39059
f 1/34 6/35 7/36
vt 0.39059 -0.13596
vt 0.40517 -0.06026
vt 0.14266 -0.10285
f 6/37 5/38 9/39
vt 0.39059 -0.13596
vt 0.14266 -0.10285
vt 0.13837 -0.13815
f 6/40 9/41 10/42
vt 0.40517 -0.06026
vt 0.39059 -0.13596
vt 0.13837 -0.13815
f 8/43 7/44 11/45
vt 0.40517 -0.06026
vt 0.13837 -0.13815
vt 0.14266 -0.10285
f 8/46 11/47 12/48
vt 0.09781 0.39059
vt -0.09781 0.39059
vt -0.09773 0.13837
f 7/49 6/50 10/51
vt 0.09781 0.39059
vt -0.09773 0.13837
vt 0.09773 0.13837
f 7/52 10/53 11/54
vt -0.09741 0.14266
vt 0.09741 0.14266
vt 0.09730 -0.02187
f 9/55 12/56 31/57
vt -0.09741 0.14266
vt 0.09730 -0.02187
vt -0.09730 -0.02187
f 9/58 31/59 25/60
vt -0.15981 0.13088
vt -0.20759 0.11608
vt -0.21524 0.29635
f 46/61 43/62 15/63
vt -0.15981 0.13088
vt -0.21524 0.29635
vt -0.15978 0.29619
f 46/64 15/65 16/66
vt 0.09782 0.11608
vt -0.09782 0.11608
vt -0.09877 0.29635
f 43/67 41/68 14/69
vt 0.09782 0.11608
vt -0.09877 0.29635
vt 0.09877 0.29635
f 43/70 14/71 15/72
vt -0.20759 0.11608
vt -0.15981 0.13088
vt -0.15978 0.29619
f 41/73 40/74 13/75
vt -0.20759 0.11608
vt -0.15978 0.29619
vt -0.21524 0.29635
f 41/76 13/77 14/78
vt 0.13837 -0.13815
vt 0.14266 -0.10285
vt -0.02187 -0.07818
f 10/79 9/80 25/81
vt 0.13837 -0.13815
vt -0.02187 -0.07818
vt -0.04392 -0.11601
f 10/82 25/83 28/84
vt 0.14266 -0.10285
vt 0.13837 -0.13815
vt -0.04392 -0.11601
f 12/85 11/86 30/87
vt 0.14266 -0.10285
vt -0.04392 -0.11601
vt -0.02187 -0.07818
f 12/88 30/89 31/90
vt 0.09773 0.13837
vt -0.09773 0.13837
vt -0.09805 -0.04392
f 11/91 10/92 28/93
vt 0.09773 0.13837
vt -0.09805 -0.04392
vt 0.09805 -0.04392
f 11/94 28/95 30/96
vt -0.09877 -0.21524
vt -0.09875 -0.15978
vt 0.09875 -0.15978
f 14/97 13/98 16/99
vt -0.09877 -0.21524
vt 0.09875 -0.15978
vt 0.09877 -0.21524
f 14/100 16/101 15/102
vt -0.09711 -0.03747
vt 0.09711 -0.03747
vt 0.09728 0.02563
f 26/103 32/104 45/105
vt -0.09711 -0.03747
vt 0.09728 0.02563
vt -0.09728 0.02563
f 26/106 45/107 39/108
vt -0.10517 -0.03747
vt -0.14087 -0.07323
vt -0.18855 0.01739
f 32/109 29/110 44/111
vt -0.10517 -0.03747
vt -0.18855 0.01739
vt -0.14453 0.02563
f 32/112 44/113 45/114
vt 0.09823 -0.07323
vt -0.09823 -0.07323
vt -0.09794 0.01739
f 29/115 27/116 42/117
vt 0.09823 -0.07323
vt -0.09794 0.01739
vt 0.09794 0.01739
f 29/118 42/119 44/120
vt -0.10517 -0.03747
vt -0.14087 -0.07323
vt -0.04392 -0.11601
f 26/121 27/122 28/123
vt -0.10517 -0.03747
vt -0.04392 -0.11601
vt -0.02187 -0.07818
f 26/124 28/125 25/126
vt 0.09805 -0.04392
vt -0.09805 -0.04392
vt -0.09823 -0.14087
f 30/127 28/128 27/129
vt 0.09805 -0.04392
vt -0.09823 -0.14087
vt 0.09823 -0.14087
f 30/130 27/131 29/132
vt -0.09730 -0.02187
vt 0.09730 -0.02187
vt 0.09711 -0.10517
f 25/133 31/134 32/135
vt -0.09730 -0.02187
vt 0.09711 -0.10517
vt -0.09711 -0.10517
f 25/136 32/137 26/138
vt -0.02187 -0.07818
vt -0.04392 -0.11601
vt -0.14087 -0.07323
f 31/139 30/140 29/141
vt -0.02187 -0.07818
vt -0.14087 -0.07323
vt -0.10517 -0.03747
f 31/142 29/143 32/144
vt -0.09757 0.13088
vt 0.09757 0.13088
vt 0.09875 0.29619
f 40/145 46/146 16/147
vt -0.09757 0.13088
vt 0.09875 0.29619
vt -0.09875 0.29619
f 40/148 16/149 13/150
vt -0.15981 0.13088
vt -0.20759 0.11608
vt -0.18855 0.01739
f 40/151 41/152 42/153
vt -0.15981 0.13088
vt -0.18855 0.01739
vt -0.14453 0.02563
f 40/154 42/155 39/156
vt 0.09794 0.01739
vt -0.09794 0.01739
vt -0.09782 0.11608
f 44/157 42/158 41/159
vt 0.09794 0.01739
vt -0.09782 0.11608
vt 0.09782 0.11608
f 44/160 41/161 43/162
vt -0.09728 0.02563
vt 0.09728 0.02563
vt 0.09757 0.13088
f 39/163 45/164 46/165
vt -0.09728 0.02563
vt 0.09757 0.13088
vt -0.09757 0.13088
f 39/166 46/167 40/168
vt -0.14453 0.02563
vt -0.18855 0.01739
vt -0.20759 0.11608
f 45/169 44/170 43/171
vt -0.14453 0.02563
vt -0.20759 0.11608
vt -0.15981 0.13088
f 45/172 43/173 46/174
vt -0.14087 -0.07323
vt -0.10517 -0.03747
vt -0.14453 0.02563
f 27/175 26/176 39/177
vt -0.14087 -0.07323
vt -0.14453 0.02563
vt -0.18855 0.01739
f 27/178 39/179 42/180
vt 0.43978 0.64379
vt 0.41007 0.64375
vt 0.41016 0.75314
f 69/181 70/182 65/183
vt 0.43978 0.64379
vt 0.41016 0.75314
vt 0.43988 0.75323
f 69/184 65/185 66/186
vt -0.00000 0.43843
vt 0.15680 0.43988
vt 0.15677 0.41016
f 120/187 66/188 65/189
vt -0.00000 0.43843
vt 0.15677 0.41016
vt -0.00000 0.40868
f 120/190 65/191 121/192
vt 0.43847 0.45150
vt 0.43801 0.36938
vt 0.40829 0.36938
f 75/193 68/194 67/195
vt 0.43847 0.45150
vt 0.40829 0.36938
vt 0.40876 0.45150
f 75/196 67/197 76/198
vt 0.21768 0.43914
vt 0.21761 0.40700
vt 0.20941 0.40829
f 63/199 64/200 67/201
vt 0.21768 0.43914
vt 0.20941 0.40829
vt 0.20947 0.43801
f 63/202 67/203 68/204
vt -0.24195 0.65510
vt -0.64514 0.65497
vt -0.64512 0.75078
f 71/205 72/206 73/207
vt -0.24195 0.65510
vt -0.64512 0.75078
vt -0.24190 0.75109
f 71/208 73/209 74/210
vt -0.00000 -0.24314
vt 0.14368 -0.24190
vt 0.14361 -0.64512
f 123/211 74/212 73/213
vt -0.00000 -0.24314
vt 0.14361 -0.64512
vt -0.00000 -0.64646
f 123/214 73/215 124/216
vt 0.43978 0.64379
vt 0.43847 0.45150
vt 0.40876 0.45150
f 69/217 75/218 76/219
vt 0.43978 0.64379
vt 0.40876 0.45150
vt 0.41007 0.64375
f 69/220 76/221 70/222
vt -1.30036 0.45150
vt -0.97558 0.45150
vt -0.97558 0.37342
f 78/223 80/224 79/225
vt -1.30036 0.45150
vt -0.97558 0.37342
vt -1.30036 0.37342
f 78/226 79/227 77/228
vt 0.20240 -0.97558
vt -0.00000 -0.97558
vt -0.00000 -1.30036
f 79/229 134/230 133/231
vt 0.20240 -0.97558
vt -0.00000 -1.30036
vt 0.20231 -1.30036
f 79/232 133/233 77/234
vt 0.20234 0.45150
vt 0.20231 0.37342
vt -0.00000 0.37342
f 78/235 77/236 133/237
vt 0.20234 0.45150
vt -0.00000 0.37342
vt -0.00000 0.45150
f 78/238 133/239 129/240
vt 0.99092 0.39530
vt 0.94997 0.39530
vt 0.84605 0.70285
f 82/241 81/242 83/243
vt 0.99092 0.39530
vt 0.84605 0.70285
vt 0.88701 0.70285
f 82/244 83/245 84/246
vt 0.99092 0.39530
vt 0.88701 0.70285
vt 0.84605 0.70285
f 85/247 87/248 88/249
vt 0.99092 0.39530
vt 0.84605 0.70285
vt 0.94997 0.39530
f 85/250 88/251 86/252
vt 0.22621 0.70285
vt 0.19849 0.70285
vt 0.19849 0.39530
f 84/253 87/254 85/255
vt 0.22621 0.70285
vt 0.19849 0.39530
vt 0.22621 0.39530
f 84/256 85/257 82/258
vt 0.22621 0.99092
vt 0.19849 0.99092
vt 0.19849 0.94997
f 82/259 85/260 86/261
vt 0.22621 0.99092
vt 0.19849 0.94997
vt 0.22621 0.94997
f 82/262 86/263 81/264
vt 0.22621 0.39530
vt 0.19849 0.39530
vt 0.19849 0.70285
f 81/265 86/266 88/267
vt 0.22621 0.39530
vt 0.19849 0.70285
vt 0.22621 0.70285
f 81/268 88/269 83/270
vt 0.22621 0.84605
vt 0.19849 0.84605
vt 0.19849 0.88701
f 83/271 88/272 87/273
vt 0.22621 0.84605
vt 0.19849 0.88701
vt 0.22621 0.88701
f 83/274 87/275 84/276
vt 0.90164 0.39530
vt 0.86068 0.39530
vt 0.75677 0.70285
f 90/277 89/278 91/279
vt 0.90164 0.39530
vt 0.75677 0.70285
vt 0.79773 0.70285
f 90/280 91/281 92/282
vt 0.90164 0.39530
vt 0.79773 0.70285
vt 0.75677 0.70285
f 93/283 95/284 96/285
vt 0.90164 0.39530
vt 0.75677 0.70285
vt 0.86068 0.39530
f 93/286 96/287 94/288
vt 0.22621 0.70285
vt 0.19849 0.70285
vt 0.19849 0.39530
f 92/289 95/290 93/291
vt 0.22621 0.70285
vt 0.19849 0.39530
vt 0.22621 0.39530
f 92/292 93/293 90/294
vt 0.22621 0.90164
vt 0.19849 0.90164
vt 0.19849 0.86068
f 90/295 93/296 94/297
vt 0.22621 0.90164
vt 0.19849 0.86068
vt 0.22621 0.86068
f 90/298 94/299 89/300
vt 0.22621 0.39530
vt 0.19849 0.39530
vt 0.19849 0.70285
f 89/301 94/302 96/303
vt 0.22621 0.39530
vt 0.19849 0.70285
vt 0.22621 0.70285
f 89/304 96/305 91/306
vt 0.22621 0.75677
vt 0.19849 0.75677
vt 0.19849 0.79773
f 91/307 96/308 95/309
vt 0.22621 0.75677
vt 0.19849 0.79773
vt 0.22621 0.79773
f 91/310 95/311 92/312
vt 0.80651 0.39530
vt 0.76555 0.39530
vt 0.66163 0.70285
f 98/313 97/314 99/315
vt 0.80651 0.39530
vt 0.66163 0.70285
vt 0.70259 0.70285
f 98/316 99/317 100/318
vt 0.80651 0.39530
vt 0.70259 0.70285
vt 0.66163 0.70285
f 101/319 103/320 104/321
vt 0.80651 0.39530
vt 0.66163 0.70285
vt 0.76555 0.39530
f 101/322 104/323 102/324
vt 0.22621 0.70285
vt 0.19849 0.70285
vt 0.19849 0.39530
f 100/325 103/326 101/327
vt 0.22621 0.70285
vt 0.19849 0.39530
vt 0.22621 0.39530
f 100/328 101/329 98/330
vt 0.22621 0.80651
vt 0.19849 0.80651
vt 0.19849 0.76555
f 98/331 101/332 102/333
vt 0.22621 0.80651
vt 0.19849 0.76555
vt 0.22621 0.76555
f 98/334 102/335 97/336
vt 0.22621 0.39530
vt 0.19849 0.39530
vt 0.19849 0.70285
f 97/337 102/338 104/339
vt 0.22621 0.39530
vt 0.19849 0.70285
vt 0.22621 0.70285
f 97/340 104/341 99/342
vt 0.22621 0.66163
vt 0.19849 0.66163
vt 0.19849 0.70259
f 99/343 104/344 103/345
vt 0.22621 0.66163
vt 0.19849 0.70259
vt 0.22621 0.70259
f 99/346 103/347 100/348
vt 0.71430 0.39530
vt 0.67334 0.39530
vt 0.56942 0.70285
f 106/349 105/350 107/351
vt 0.71430 0.39530
vt 0.56942 0.70285
vt 0.61038 0.70285
f 106/352 107/353 108/354
vt 0.71430 0.39530
vt 0.61038 0.70285
vt 0.56942 0.70285
f 109/355 111/356 112/357
vt 0.71430 0.39530
vt 0.56942 0.70285
vt 0.67334 0.39530
f 109/358 112/359 110/360
vt 0.22621 0.70285
vt 0.19849 0.70285
vt 0.19849 0.39530
f 108/361 111/362 109/363
vt 0.22621 0.70285
vt 0.19849 0.39530
vt 0.22621 0.39530
f 108/364 109/365 106/366
vt 0.22621 0.71430
vt 0.19849 0.71430
vt 0.19849 0.67334
f 106/367 109/368 110/369
vt 0.22621 0.71430
vt 0.19849 0.67334
vt 0.22621 0.67334
f 106/370 110/371 105/372
vt 0.22621 0.39530
vt 0.19849 0.39530
vt 0.19849 0.70285
f 105/373 110/374 112/375
vt 0.22621 0.39530
vt 0.19849 0.70285
vt 0.22621 0.70285
f 105/376 112/377 107/378
vt 0.22621 0.56942
vt 0.19849 0.56942
vt 0.19849 0.61038
f 107/379 112/380 111/381
vt 0.22621 0.56942
vt 0.19849 0.61038
vt 0.22621 0.61038
f 107/382 111/383 108/384
vt 0.43978 0.64379
vt 0.43988 0.75323
vt 0.41016 0.75314
f 119/385 116/386 115/387
vt 0.43978 0.64379
vt 0.41016 0.75314
vt 0.41007 0.64375
f 119/388 115/389 122/390
vt -0.00000 0.43843
vt -0.00000 0.40868
vt -0.15677 0.41016
f 120/391 121/392 115/393
vt -0.00000 0.43843
vt -0.15677 0.41016
vt -0.15680 0.43988
f 120/394 115/395 116/396
vt 0.43847 0.45150
vt 0.40876 0.45150
vt 0.40829 0.36938
f 130/397 131/398 117/399
vt 0.43847 0.45150
vt 0.40829 0.36938
vt 0.43801 0.36938
f 130/400 117/401 118/402
vt -0.21768 0.43914
vt -0.20947 0.43801
vt -0.20941 0.40829
f 113/403 118/404 117/405
vt -0.21768 0.43914
vt -0.20941 0.40829
vt -0.21761 0.40700
f 113/406 117/407 114/408
vt -0.24195 0.65510
vt -0.24190 0.75109
vt -0.64512 0.75078
f 125/409 128/410 127/411
vt -0.24195 0.65510
vt -0.64512 0.75078
vt -0.64514 0.65497
f 125/412 127/413 126/414
vt -0.00000 -0.24314
vt -0.00000 -0.64646
vt -0.14362 -0.64512
f 123/415 124/416 127/417
vt -0.00000 -0.24314
vt -0.14362 -0.64512
vt -0.14368 -0.24190
f 123/418 127/419 128/420
vt 0.43978 0.64379
vt 0.41007 0.64375
vt 0.40876 0.45150
f 119/421 122/422 131/423
vt 0.43978 0.64379
vt 0.40876 0.45150
vt 0.43847 0.45150
f 119/424 131/425 130/426
vt -1.30036 0.45150
vt -1.30036 0.37342
vt -0.97558 0.37342
f 135/427 132/428 136/429
vt -1.30036 0.45150
vt -0.97558 0.37342
vt -0.97558 0.45150
f 135/430 136/431 137/432
vt -0.20240 -0.97558
vt -0.20231 -1.30036
vt -0.00000 -1.30036
f 136/433 132/434 133/435
vt -0.20240 -0.97558
vt -0.00000 -1.30036
vt -0.00000 -0.97558
f 136/436 133/437 134/438
vt -0.20234 0.45150
vt -0.00000 0.45150
vt -0.00000 0.37342
f 135/439 129/440 133/441
vt -0.20234 0.45150
vt -0.00000 0.37342
vt -0.20231 0.37342
f 135/442 133/443 132/444
vt 0.99092 0.39530
vt 0.88701 0.70285
vt 0.84605 0.70285
f 139/445 141/446 140/447
vt 0.99092 0.39530
vt 0.84605 0.70285
vt 0.94997 0.39530
f 139/448 140/449 138/450
vt 0.99092 0.39530
vt 0.94997 0.39530
vt 0.84605 0.70285
f 142/451 143/452 145/453
vt 0.99092 0.39530
vt 0.84605 0.70285
vt 0.88701 0.70285
f 142/454 145/455 144/456
vt -0.22621 0.70285
vt -0.22621 0.39530
vt -0.19849 0.39530
f 141/457 139/458 142/459
vt -0.22621 0.70285
vt -0.19849 0.39530
vt -0.19849 0.70285
f 141/460 142/461 144/462
vt -0.22621 0.99092
vt -0.22621 0.94997
vt -0.19849 0.94997
f 139/463 138/464 143/465
vt -0.22621 0.99092
vt -0.19849 0.94997
vt -0.19849 0.99092
f 139/466 143/467 142/468
vt -0.22621 0.39530
vt -0.22621 0.70285
vt -0.19849 0.70285
f 138/469 140/470 145/471
vt -0.22621 0.39530
vt -0.19849 0.70285
vt -0.19849 0.39530
f 138/472 145/473 143/474
vt -0.22621 0.84605
vt -0.22621 0.88701
vt -0.19849 0.88701
f 140/475 141/476 144/477
vt -0.22621 0.84605
vt -0.19849 0.88701
vt -0.19849 0.84605
f 140/478 144/479 145/480
vt 0.90164 0.39530
vt 0.79773 0.70285
vt 0.75677 0.70285
f 147/481 149/482 148/483
vt 0.90164 0.39530
vt 0.75677 0.70285
vt 0.86068 0.39530
f 147/484 148/485 146/486
vt 0.90164 0.39530
vt 0.86068 0.39530
vt 0.75677 0.70285
f 150/487 151/488 153/489
vt 0.90164 0.39530
vt 0.75677 0.70285
vt 0.79773 0.70285
f 150/490 153/491 152/492
vt -0.22621 0.70285
vt -0.22621 0.39530
vt -0.19849 0.39530
f 149/493 147/494 150/495
vt -0.22621 0.70285
vt -0.19849 0.39530
vt -0.19849 0.70285
f 149/496 150/497 152/498
vt -0.22621 0.90164
vt -0.22621 0.86068
vt -0.19849 0.86068
f 147/499 146/500 151/501
vt -0.22621 0.90164
vt -0.19849 0.86068
vt -0.19849 0.90164
f 147/502 151/503 150/504
vt -0.22621 0.39530
vt -0.22621 0.70285
vt -0.19849 0.70285
f 146/505 148/506 153/507
vt -0.22621 0.39530
vt -0.19849 0.70285
vt -0.19849 0.39530
f 146/508 153/509 151/510
vt -0.22621 0.75677
vt -0.22621 0.79773
vt -0.19849 0.79773
f 148/511 149/512 152/513
vt -0.22621 0.75677
vt -0.19849 0.79773
vt -0.19849 0.75677
f 148/514 152/515 153/516
vt 0.80651 0.39530
vt 0.70259 0.70285
vt 0.66163 0.70285
f 155/517 157/518 156/519
vt 0.80651 0.39530
vt 0.66163 0.70285
vt 0.76555 0.39530
f 155/520 156/521 154/522
vt 0.80651 0.39530
vt 0.76555 0.39530
vt 0.66163 0.70285
f 158/523 159/524 161/525
vt 0.80651 0.39530
vt 0.66163 0.70285
vt 0.70259 0.70285
f 158/526 161/527 160/528
vt -0.22621 0.70285
vt -0.22621 0.39530
vt -0.19849 0.39530
f 157/529 155/530 158/531
vt -0.22621 0.70285
vt -0.19849 0.39530
vt -0.19849 0.70285
f 157/532 158/533 160/534
vt -0.22621 0.80651
vt -0.22621 0.76555
vt -0.19849 0.76555
f 155/535 154/536 159/537
vt -0.22621 0.80651
vt -0.19849 0.76555
vt -0.19849 0.80651
f 155/538 159/539 158/540
vt -0.22621 0.39530
vt -0.22621 0.70285
vt -0.19849 0.70285
f 154/541 156/542 161/543
vt -0.22621 0.39530
vt -0.19849 0.70285
vt -0.19849 0.39530
f 154/544 161/545 159/546
vt -0.22621 0.66163
vt -0.22621 0.70259
vt -0.19849 0.70259
f 156/547 157/548 160/549
vt -0.22621 0.66163
vt -0.19849 0.70259
vt -0.19849 0.66163
f 156/550 160/551 161/552
vt 0.71430 0.39530
vt 0.61038 0.70285
vt 0.56942 0.70285
f 163/553 165/554 164/555
vt 0.71430 0.39530
vt 0.56942 0.70285
vt 0.67334 0.39530
f 163/556 164/557 162/558
vt 0.71430 0.39530
vt 0.67334 0.39530
vt 0.56942 0.70285
f 166/559 167/560 169/561
vt 0.71430 0.39530
vt 0.56942 0.70285
vt 0.61038 0.70285
f 166/562 169/563 168/564
vt -0.22621 0.70285
vt -0.22621 0.39530
vt -0.19849 0.39530
f 165/565 163/566 166/567
vt -0.22621 0.70285
vt -0.19849 0.39530
vt -0.19849 0.70285
f 165/568 166/569 168/570
vt -0.22621 0.71430
vt -0.22621 0.67334
vt -0.19849 0.67334
f 163/571 162/572 167/573
vt -0.22621 0.71430
vt -0.19849 0.67334
vt -0.19849 0.71430
f 163/574 167/575 166/576
vt -0.22621 0.39530
vt -0.22621 0.70285
vt -0.19849 0.70285
f 162/577 164/578 169/579
vt -0.22621 0.39530
vt -0.19849 0.70285
vt -0.19849 0.39530
f 162/580 169/581 167/582
vt -0.22621 0.56942
vt -0.22621 0.61038
vt -0.19849 0.61038
f 164/583 165/584 168/585
vt -0.22621 0.56942
vt -0.19849 0.61038
vt -0.19849 0.56942
f 164/586 168/587 169/588
vt 0.95036 0.19897
vt 0.97908 -0.07591
vt 0.56485 -0.12525
f 184/589 189/590 180/591
vt 0.95036 0.19897
vt 0.56485 -0.12525
vt 0.47757 0.24775
f 184/592 180/593 173/594
vt 0.20372 0.24738
vt 0.17229 0.18873
vt -0.00000 0.18873
f 175/595 176/596 211/597
vt 0.20372 0.24738
vt -0.00000 0.18873
vt -0.00000 0.37593
f 175/598 211/599 245/600
vt 0.20372 0.24738
vt -0.00000 0.37593
vt 0.20372 0.37593
f 175/601 245/602 194/603
vt -0.00000 -0.12613
vt -0.00000 0.18938
vt 0.17583 0.18938
f 215/604 210/605 174/606
vt -0.00000 -0.12613
vt 0.17583 0.18938
vt 0.17583 -0.12613
f 215/607 174/608 179/609
vt 1.15615 -0.81145
vt 0.71481 -0.81145
vt 1.25278 -0.62985
f 170/610 172/611 181/612
vt 1.15615 -0.81145
vt 1.25278 -0.62985
vt 1.27120 -0.68044
f 170/613 181/614 183/615
vt 0.17583 0.66041
vt 0.20233 0.71481
vt 0.18458 0.74280
f 171/616 172/617 197/618
vt 0.17583 0.66041
vt 0.18458 0.74280
vt 0.15963 0.69157
f 171/619 197/620 196/621
vt -0.00000 0.26425
vt 0.15715 0.26425
vt 0.20233 0.37565
f 217/622 190/623 191/624
vt -0.00000 0.26425
vt 0.20233 0.37565
vt -0.00000 0.37565
f 217/625 191/626 244/627
vt -0.00000 1.11648
vt 0.15715 1.11648
vt 0.15715 1.28312
f 218/628 192/629 190/630
vt -0.00000 1.11648
vt 0.15715 1.28312
vt -0.00000 1.28312
f 218/631 190/632 217/633
vt -0.00000 0.16784
vt 0.15715 0.16784
vt 0.15715 0.26041
f 208/634 185/635 192/636
vt -0.00000 0.16784
vt 0.15715 0.26041
vt -0.00000 0.26041
f 208/637 192/638 218/639
vt 0.15715 -0.32665
vt 0.15715 -0.07444
vt -0.00000 -0.07444
f 187/640 188/641 216/642
vt 0.15715 -0.32665
vt -0.00000 -0.07444
vt -0.00000 -0.32665
f 187/643 216/644 213/645
vt 0.15715 -0.07444
vt 0.15715 0.16784
vt -0.00000 0.16784
f 188/646 185/647 208/648
vt 0.15715 -0.07444
vt -0.00000 0.16784
vt -0.00000 -0.07444
f 188/649 208/650 216/651
vt -0.00000 -0.39460
vt -0.00000 -0.12613
vt 0.17583 -0.12613
f 212/652 215/653 179/654
vt -0.00000 -0.39460
vt 0.17583 -0.12613
vt 0.17583 -0.39460
f 212/655 179/656 177/657
vt 0.62635 -0.37002
vt 0.71481 -0.81145
vt 0.66041 -0.81145
f 178/658 172/659 171/660
vt 0.62635 -0.37002
vt 0.66041 -0.81145
vt 0.57317 -0.39460
f 178/661 171/662 177/663
vt 0.17583 0.43128
vt -0.00000 0.43128
vt -0.00000 -1.17524
f 174/664 210/665 211/666
vt 0.17583 0.43128
vt -0.00000 -1.17524
vt 0.17229 -1.17524
f 174/667 211/668 176/669
vt 0.56485 -0.12525
vt 0.62635 -0.37002
vt 0.57317 -0.39460
f 180/670 178/671 177/672
vt 0.56485 -0.12525
vt 0.57317 -0.39460
vt 0.50512 -0.12613
f 180/673 177/674 179/675
vt 0.47757 0.24775
vt 0.56485 -0.12525
vt 0.50512 -0.12613
f 173/676 180/677 179/678
vt 0.47757 0.24775
vt 0.50512 -0.12613
vt 0.43128 0.18938
f 173/679 179/680 174/681
vt -0.00000 -0.81145
vt -0.00000 -0.39460
vt 0.17583 -0.39460
f 209/682 212/683 177/684
vt -0.00000 -0.81145
vt 0.17583 -0.39460
vt 0.17583 -0.81145
f 209/685 177/686 171/687
vt 1.25278 -0.62985
vt 1.32864 -0.58221
vt 1.27120 -0.68044
f 181/688 182/689 183/690
vt 0.97908 -0.07591
vt 0.95036 0.19897
vt 1.05365 0.16784
f 189/691 184/692 185/693
vt 0.97908 -0.07591
vt 1.05365 0.16784
vt 1.07897 -0.07444
f 189/694 185/695 188/696
vt 1.25278 -0.62985
vt 1.15832 -0.36673
vt 1.24501 -0.32665
f 181/697 186/698 187/699
vt 1.25278 -0.62985
vt 1.24501 -0.32665
vt 1.32864 -0.58221
f 181/700 187/701 182/702
vt 1.15832 -0.36673
vt 0.97908 -0.07591
vt 1.07897 -0.07444
f 186/703 189/704 188/705
vt 1.15832 -0.36673
vt 1.07897 -0.07444
vt 1.24501 -0.32665
f 186/706 188/707 187/708
vt 1.07182 0.37565
vt 1.25398 0.37565
vt 1.28312 0.26425
f 193/709 191/710 190/711
vt 1.07182 0.37565
vt 1.28312 0.26425
vt 1.11648 0.26041
f 193/712 190/713 192/714
vt 0.15715 -0.58221
vt 0.15715 -0.32665
vt -0.00000 -0.32665
f 182/715 187/716 213/717
vt 0.15715 -0.58221
vt -0.00000 -0.32665
vt -0.00000 -0.58221
f 182/718 213/719 207/720
vt 0.95036 0.19897
vt 0.47757 0.24775
vt 0.47811 0.37565
f 184/721 173/722 195/723
vt 0.95036 0.19897
vt 0.47811 0.37565
vt 1.07182 0.37565
f 184/724 195/725 193/726
vt -1.17524 0.24738
vt 0.47757 0.24775
vt 0.43128 0.18938
f 175/727 173/728 174/729
vt -1.17524 0.24738
vt 0.43128 0.18938
vt -1.17524 0.18873
f 175/730 174/731 176/732
vt 0.20233 -0.68044
vt 0.15715 -0.58221
vt 0.14204 -0.60336
f 183/733 182/734 199/735
vt 0.20233 -0.68044
vt 0.14204 -0.60336
vt 0.18458 -0.68312
f 183/736 199/737 200/738
vt -0.00000 0.66041
vt 0.17583 0.66041
vt 0.15963 0.69157
f 209/739 171/740 196/741
vt -0.00000 0.66041
vt 0.15963 0.69157
vt -0.00000 0.69157
f 209/742 196/743 250/744
vt 0.20233 0.71481
vt 0.20233 1.15615
vt 0.18458 1.15847
f 172/745 170/746 198/747
vt 0.20233 0.71481
vt 0.18458 1.15847
vt 0.18458 0.74280
f 172/748 198/749 197/750
vt 0.15715 -0.58221
vt -0.00000 -0.58221
vt -0.00000 -0.60336
f 182/751 207/752 247/753
vt 0.15715 -0.58221
vt -0.00000 -0.60336
vt 0.14204 -0.60336
f 182/754 247/755 199/756
vt 0.20233 -0.81145
vt 0.20233 -0.68044
vt 0.18458 -0.68312
f 170/757 183/758 200/759
vt 0.20233 -0.81145
vt 0.18458 -0.68312
vt 0.18458 -0.81669
f 170/760 200/761 198/762
vt 1.07182 0.37565
vt 1.11648 0.26041
vt 1.05365 0.16784
f 193/763 192/764 185/765
vt 1.07182 0.37565
vt 1.05365 0.16784
vt 0.95036 0.19897
f 193/766 185/767 184/768
vt 0.56485 -0.12525
vt 0.97908 -0.07591
vt 1.15832 -0.36673
f 180/769 189/770 186/771
vt 0.56485 -0.12525
vt 1.15832 -0.36673
vt 0.62635 -0.37002
f 180/772 186/773 178/774
vt 0.71481 -0.81145
vt 0.62635 -0.37002
vt 1.15832 -0.36673
f 172/775 178/776 186/777
vt 0.71481 -0.81145
vt 1.15832 -0.36673
vt 1.25278 -0.62985
f 172/778 186/779 181/780
vt -1.17524 0.37593
vt 0.47811 0.37565
vt 0.47757 0.24775
f 194/781 195/782 173/783
vt -1.17524 0.37593
vt 0.47757 0.24775
vt -1.17524 0.24738
f 194/784 173/785 175/786
vt 0.95036 0.19897
vt 0.47757 0.24775
vt 0.56485 -0.12525
f 232/787 221/788 228/789
vt 0.95036 0.19897
vt 0.56485 -0.12525
vt 0.97908 -0.07591
f 232/790 228/791 237/792
vt -0.20372 0.24738
vt -0.20372 0.37593
vt -0.00000 0.37593
f 223/793 242/794 245/795
vt -0.20372 0.24738
vt -0.00000 0.37593
vt -0.00000 0.18873
f 223/796 245/797 211/798
vt -0.20372 0.24738
vt -0.00000 0.18873
vt -0.17229 0.18873
f 223/799 211/800 224/801
vt -0.00000 -0.12613
vt -0.17583 -0.12613
vt -0.17583 0.18938
f 215/802 227/803 222/804
vt -0.00000 -0.12613
vt -0.17583 0.18938
vt -0.00000 0.18938
f 215/805 222/806 210/807
vt 1.15615 -0.81145
vt 1.27120 -0.68044
vt 1.25278 -0.62985
f 206/808 231/809 229/810
vt 1.15615 -0.81145
vt 1.25278 -0.62985
vt 0.71481 -0.81145
f 206/811 229/812 220/813
vt -0.17583 0.66041
vt -0.15963 0.69157
vt -0.18458 0.74280
f 219/814 246/815 248/816
vt -0.17583 0.66041
vt -0.18458 0.74280
vt -0.20233 0.71481
f 219/817 248/818 220/819
vt -0.00000 0.26425
vt -0.00000 0.37565
vt -0.20233 0.37565
f 217/820 244/821 239/822
vt -0.00000 0.26425
vt -0.20233 0.37565
vt -0.15715 0.26425
f 217/823 239/824 238/825
vt -0.00000 1.11648
vt -0.00000 1.28312
vt -0.15715 1.28312
f 218/826 217/827 238/828
vt -0.00000 1.11648
vt -0.15715 1.28312
vt -0.15715 1.11648
f 218/829 238/830 240/831
vt -0.00000 0.16784
vt -0.00000 0.26041
vt -0.15715 0.26041
f 208/832 218/833 240/834
vt -0.00000 0.16784
vt -0.15715 0.26041
vt -0.15715 0.16784
f 208/835 240/836 233/837
vt -0.15715 -0.32665
vt -0.00000 -0.32665
vt -0.00000 -0.07444
f 235/838 213/839 216/840
vt -0.15715 -0.32665
vt -0.00000 -0.07444
vt -0.15715 -0.07444
f 235/841 216/842 236/843
vt -0.15715 -0.07444
vt -0.00000 -0.07444
vt -0.00000 0.16784
f 236/844 216/845 208/846
vt -0.15715 -0.07444
vt -0.00000 0.16784
vt -0.15715 0.16784
f 236/847 208/848 233/849
vt -0.00000 -0.39460
vt -0.17583 -0.39460
vt -0.17583 -0.12613
f 212/850 225/851 227/852
vt -0.00000 -0.39460
vt -0.17583 -0.12613
vt -0.00000 -0.12613
f 212/853 227/854 215/855
vt 0.62635 -0.37002
vt 0.57317 -0.39460
vt 0.66041 -0.81145
f 226/856 225/857 219/858
vt 0.62635 -0.37002
vt 0.66041 -0.81145
vt 0.71481 -0.81145
f 226/859 219/860 220/861
vt -0.17583 0.43128
vt -0.17229 -1.17524
vt -0.00000 -1.17524
f 222/862 224/863 211/864
vt -0.17583 0.43128
vt -0.00000 -1.17524
vt -0.00000 0.43128
f 222/865 211/866 210/867
vt 0.56485 -0.12525
vt 0.50512 -0.12613
vt 0.57317 -0.39460
f 228/868 227/869 225/870
vt 0.56485 -0.12525
vt 0.57317 -0.39460
vt 0.62635 -0.37002
f 228/871 225/872 226/873
vt 0.47757 0.24775
vt 0.43128 0.18938
vt 0.50512 -0.12613
f 221/874 222/875 227/876
vt 0.47757 0.24775
vt 0.50512 -0.12613
vt 0.56485 -0.12525
f 221/877 227/878 228/879
vt -0.00000 -0.81145
vt -0.17583 -0.81145
vt -0.17583 -0.39460
f 209/880 219/881 225/882
vt -0.00000 -0.81145
vt -0.17583 -0.39460
vt -0.00000 -0.39460
f 209/883 225/884 212/885
vt 1.25278 -0.62985
vt 1.27120 -0.68044
vt 1.32864 -0.58221
f 229/886 231/887 230/888
vt 0.97908 -0.07591
vt 1.07897 -0.07444
vt 1.05365 0.16784
f 237/889 236/890 233/891
vt 0.97908 -0.07591
vt 1.05365 0.16784
vt 0.95036 0.19897
f 237/892 233/893 232/894
vt 1.25278 -0.62985
vt 1.32864 -0.58221
vt 1.24501 -0.32665
f 229/895 230/896 235/897
vt 1.25278 -0.62985
vt 1.24501 -0.32665
vt 1.15832 -0.36673
f 229/898 235/899 234/900
vt 1.15832 -0.36673
vt 1.24501 -0.32665
vt 1.07897 -0.07444
f 234/901 235/902 236/903
vt 1.15832 -0.36673
vt 1.07897 -0.07444
vt 0.97908 -0.07591
f 234/904 236/905 237/906
vt 1.07182 0.37565
vt 1.11648 0.26041
vt 1.28312 0.26425
f 241/907 240/908 238/909
vt 1.07182 0.37565
vt 1.28312 0.26425
vt 1.25398 0.37565
f 241/910 238/911 239/912
vt -0.15715 -0.58221
vt -0.00000 -0.58221
vt -0.00000 -0.32665
f 230/913 207/914 213/915
vt -0.15715 -0.58221
vt -0.00000 -0.32665
vt -0.15715 -0.32665
f 230/916 213/917 235/918
vt 0.95036 0.19897
vt 1.07182 0.37565
vt 0.47811 0.37565
f 232/919 241/920 243/921
vt 0.95036 0.19897
vt 0.47811 0.37565
vt 0.47757 0.24775
f 232/922 243/923 221/924
vt -1.17524 0.24738
vt -1.17524 0.18873
vt 0.43128 0.18938
f 223/925 224/926 222/927
vt -1.17524 0.24738
vt 0.43128 0.18938
vt 0.47757 0.24775
f 223/928 222/929 221/930
vt -0.20233 -0.68044
vt -0.18458 -0.68312
vt -0.14204 -0.60336
f 231/931 252/932 251/933
vt -0.20233 -0.68044
vt -0.14204 -0.60336
vt -0.15715 -0.58221
f 231/934 251/935 230/936
vt -0.00000 0.66041
vt -0.00000 0.69157
vt -0.15963 0.69157
f 209/937 250/938 246/939
vt -0.00000 0.66041
vt -0.15963 0.69157
vt -0.17583 0.66041
f 209/940 246/941 219/942
vt -0.20233 0.71481
vt -0.18458 0.74280
vt -0.18458 1.15847
f 220/943 248/944 249/945
vt -0.20233 0.71481
vt -0.18458 1.15847
vt -0.20233 1.15615
f 220/946 249/947 206/948
vt -0.15715 -0.58221
vt -0.14204 -0.60336
vt -0.00000 -0.60336
f 230/949 251/950 247/951
vt -0.15715 -0.58221
vt -0.00000 -0.60336
vt -0.00000 -0.58221
f 230/952 247/953 207/954
vt -0.20233 -0.81145
vt -0.18458 -0.81669
vt -0.18458 -0.68312
f 206/955 249/956 252/957
vt -0.20233 -0.81145
vt -0.18458 -0.68312
vt -0.20233 -0.68044
f 206/958 252/959 231/960
vt 1.07182 0.37565
vt 0.95036 0.19897
vt 1.05365 0.16784
f 241/961 232/962 233/963
vt 1.07182 0.37565
vt 1.05365 0.16784
vt 1.11648 0.26041
f 241/964 233/965 240/966
vt 0.56485 -0.12525
vt 0.62635 -0.37002
vt 1.15832 -0.36673
f 228/967 226/968 234/969
vt 0.56485 -0.12525
vt 1.15832 -0.36673
vt 0.97908 -0.07591
f 228/970 234/971 237/972
vt 0.71481 -0.81145
vt 1.25278 -0.62985
vt 1.15832 -0.36673
f 220/973 229/974 234/975
vt 0.71481 -0.81145
vt 1.15832 -0.36673
vt 0.62635 -0.37002
f 220/976 234/977 226/978
vt -1.17524 0.37593
vt -1.17524 0.24738
vt 0.47757 0.24775
f 242/979 223/980 221/981
vt -1.17524 0.37593
vt 0.47757 0.24775
vt 0.47811 0.37565
f 242/982 221/983 243/984
vt -0.02917 -0.95456
vt -0.02917 -1.17603
vt 0.02917 -1.17603
f 260/985 262/986 263/987
vt -0.02917 -0.95456
vt 0.02917 -1.17603
vt 0.02917 -0.95456
f 260/988 263/989 261/990
vt -0.02917 -1.01310
vt 0.02917 -1.01310
vt 0.02917 -1.16993
f 264/991 265/992 267/993
vt -0.02917 -1.01310
vt 0.02917 -1.16993
vt -0.02917 -1.16993
f 264/994 267/995 266/996
vt -1.17603 0.76814
vt -0.95456 0.76814
vt -1.01310 0.85123
f 262/997 260/998 264/999
vt -1.17603 0.76814
vt -1.01310 0.85123
vt -1.16993 0.81465
f 262/1000 264/1001 266/1002
vt 0.02917 0.76814
vt -0.02917 0.76814
vt -0.02917 0.81465
f 263/1003 262/1004 266/1005
vt 0.02917 0.76814
vt -0.02917 0.81465
vt 0.02917 0.81465
f 263/1006 266/1007 267/1008
vt -0.95456 0.76814
vt -1.17603 0.76814
vt -1.16993 0.81465
f 261/1009 263/1010 267/1011
vt -0.95456 0.76814
vt -1.16993 0.81465
vt -1.01310 0.85123
f 261/1012 267/1013 265/1014
vt -0.02917 0.76814
vt 0.02917 0.76814
vt 0.02917 0.85123
f 260/1015 261/1016 265/1017
vt -0.02917 0.76814
vt 0.02917 0.85123
vt -0.02917 0.85123
f 260/1018 265/1019 264/1020
vt -0.07035 1.23710
vt -0.07035 1.10512
vt 0.07035 1.10512
f 269/1021 271/1022 270/1023
vt -0.07035 1.23710
vt 0.07035 1.10512
vt 0.07035 1.23710
f 269/1024 270/1025 268/1026
vt 0.07035 1.10512
vt -0.07035 1.10512
vt -0.05301 1.27615
f 270/1027 271/1028 319/1029
vt 0.07035 1.10512
vt -0.05301 1.27615
vt 0.05301 1.27615
f 270/1030 319/1031 316/1032
vt -0.07035 1.23710
vt 0.07035 1.23710
vt 0.05294 1.32841
f 269/1033 268/1034 313/1035
vt -0.07035 1.23710
vt 0.05294 1.32841
vt -0.05294 1.32841
f 269/1036 313/1037 314/1038
vt 1.10512 0.69870
vt 1.23710 0.58506
vt 1.32841 0.66278
f 271/1039 269/1040 314/1041
vt 1.10512 0.69870
vt 1.32841 0.66278
vt 1.33319 0.70049
f 271/1042 314/1043 315/1044
vt 1.10512 0.69870
vt 1.33319 0.70049
vt 1.30985 0.74491
f 271/1045 315/1046 318/1047
vt 1.10512 0.69870
vt 1.30985 0.74491
vt 1.27615 0.76177
f 271/1048 318/1049 319/1050
vt 1.23710 0.58506
vt 1.10512 0.69870
vt 1.27615 0.76177
f 268/1051 270/1052 316/1053
vt 1.23710 0.58506
vt 1.27615 0.76177
vt 1.30985 0.74491
f 268/1054 316/1055 317/1056
vt 1.23710 0.58506
vt 1.30985 0.74491
vt 1.33319 0.70049
f 268/1057 317/1058 312/1059
vt 1.23710 0.58506
vt 1.33319 0.70049
vt 1.32841 0.66278
f 268/1060 312/1061 313/1062
vt 0.04570 0.70049
vt -0.04570 0.70049
vt -0.05294 0.66278
f 312/1063 315/1064 314/1065
vt 0.04570 0.70049
vt -0.05294 0.66278
vt 0.05294 0.66278
f 312/1066 314/1067 313/1068
vt 0.05301 1.27615
vt -0.05301 1.27615
vt -0.04570 1.30985
f 316/1069 319/1070 318/1071
vt 0.05301 1.27615
vt -0.04570 1.30985
vt 0.04570 1.30985
f 316/1072 318/1073 317/1074
vt -0.04570 0.70049
vt 0.04570 0.70049
vt 0.04570 0.74491
f 315/1075 312/1076 317/1077
vt -0.04570 0.70049
vt 0.04570 0.74491
vt -0.04570 0.74491
f 315/1078 317/1079 318/1080
vt -0.05513 0.17473
vt -0.05603 0.30227
vt 0.05603 0.30227
f 18/1081 17/1082 20/1083
vt -0.05513 0.17473
vt 0.05603 0.30227
vt 0.05513 0.17473
f 18/1084 20/1085 19/1086
vt 0.19823 0.14791
vt 0.20224 0.08318
vt 0.27219 0.05968
f 22/1087 52/1088 50/1089
vt 0.19823 0.14791
vt 0.27219 0.05968
vt 0.29771 0.11983
f 22/1090 50/1091 21/1092
vt 0.29771 0.11983
vt 0.30227 0.22922
vt 0.41541 0.22815
f 24/1093 20/1094 34/1095
vt 0.29771 0.11983
vt 0.41541 0.22815
vt 0.41175 0.15931
f 24/1096 34/1097 37/1098
vt 0.29771 0.11983
vt 0.41175 0.15931
vt 0.36733 0.11818
f 24/1099 37/1100 38/1101
vt 0.17473 0.26992
vt 0.19823 0.14791
vt 0.29771 0.11983
f 18/1102 22/1103 21/1104
vt 0.17473 0.26992
vt 0.29771 0.11983
vt 0.30227 0.22922
f 18/1105 21/1106 17/1107
vt 0.30227 0.22922
vt 0.29771 0.11983
vt 0.19823 0.14791
f 20/1108 24/1109 23/1110
vt 0.30227 0.22922
vt 0.19823 0.14791
vt 0.17473 0.26992
f 20/1111 23/1112 19/1113
vt -0.05567 0.00937
vt -0.05542 -0.04342
vt 0.05542 -0.04342
f 49/1114 56/1115 61/1116
vt -0.05567 0.00937
vt 0.05542 -0.04342
vt 0.05567 0.00937
f 49/1117 61/1118 48/1119
vt 0.05597 0.14791
vt 0.05597 0.08318
vt -0.05597 0.08318
f 23/1120 53/1121 52/1122
vt 0.05597 0.14791
vt -0.05597 0.08318
vt -0.05597 0.14791
f 23/1123 52/1124 22/1125
vt -0.05619 0.11983
vt -0.05592 0.05968
vt 0.05592 0.05968
f 21/1126 50/1127 47/1128
vt -0.05619 0.11983
vt 0.05592 0.05968
vt 0.05619 0.11983
f 21/1129 47/1130 24/1131
vt 0.24143 0.00937
vt 0.19771 -0.04342
vt 0.18282 -0.04618
f 48/1132 61/1133 62/1134
vt 0.24143 0.00937
vt 0.18282 -0.04618
vt 0.16303 -0.03497
f 48/1135 62/1136 59/1137
vt 0.24143 0.00937
vt 0.16303 -0.03497
vt 0.15957 -0.02167
f 48/1138 59/1139 60/1140
vt 0.24143 0.00937
vt 0.15957 -0.02167
vt 0.18914 0.02694
f 48/1141 60/1142 54/1143
vt 0.05569 0.02694
vt 0.05517 -0.02167
vt -0.05517 -0.02167
f 54/1144 60/1145 57/1146
vt 0.05569 0.02694
vt -0.05517 -0.02167
vt -0.05569 0.02694
f 54/1147 57/1148 51/1149
vt -0.05515 0.16303
vt 0.05515 0.16303
vt 0.05531 0.18282
f 58/1150 59/1151 62/1152
vt -0.05515 0.16303
vt 0.05531 0.18282
vt -0.05531 0.18282
f 58/1153 62/1154 55/1155
vt 0.29771 0.11983
vt 0.27219 0.05968
vt 0.20224 0.08318
f 24/1156 47/1157 53/1158
vt 0.29771 0.11983
vt 0.20224 0.08318
vt 0.19823 0.14791
f 24/1159 53/1160 23/1161
vt 0.05513 0.26992
vt 0.05597 0.14791
vt -0.05597 0.14791
f 19/1162 23/1163 22/1164
vt 0.05513 0.26992
vt -0.05597 0.14791
vt -0.05513 0.26992
f 19/1165 22/1166 18/1167
vt 0.30227 0.22922
vt 0.29771 0.11983
vt 0.36733 0.11818
f 17/1168 21/1169 35/1170
vt 0.30227 0.22922
vt 0.36733 0.11818
vt 0.41175 0.15931
f 17/1171 35/1172 36/1173
vt 0.30227 0.22922
vt 0.41175 0.15931
vt 0.41541 0.22815
f 17/1174 36/1175 33/1176
vt -0.05521 0.22815
vt -0.05551 0.15931
vt 0.05551 0.15931
f 33/1177 36/1178 37/1179
vt -0.05521 0.22815
vt 0.05551 0.15931
vt 0.05521 0.22815
f 33/1180 37/1181 34/1182
vt 0.05603 0.30227
vt -0.05603 0.30227
vt -0.05521 0.41541
f 20/1183 17/1184 33/1185
vt 0.05603 0.30227
vt -0.05521 0.41541
vt 0.05521 0.41541
f 20/1186 33/1187 34/1188
vt -0.05555 0.36733
vt 0.05555 0.36733
vt 0.05551 0.41175
f 35/1189 38/1190 37/1191
vt -0.05555 0.36733
vt 0.05551 0.41175
vt -0.05551 0.41175
f 35/1192 37/1193 36/1194
vt -0.05619 0.29771
vt 0.05619 0.29771
vt 0.05555 0.36733
f 21/1195 24/1196 38/1197
vt -0.05619 0.29771
vt 0.05555 0.36733
vt -0.05555 0.36733
f 21/1198 38/1199 35/1200
vt -0.05597 0.08318
vt 0.05597 0.08318
vt 0.05569 0.02694
f 52/1201 53/1202 54/1203
vt -0.05597 0.08318
vt 0.05569 0.02694
vt -0.05569 0.02694
f 52/1204 54/1205 51/1206
vt 0.20224 0.08318
vt 0.27219 0.05968
vt 0.24143 0.00937
f 53/1207 47/1208 48/1209
vt 0.20224 0.08318
vt 0.24143 0.00937
vt 0.18914 0.02694
f 53/1210 48/1211 54/1212
vt 0.27219 0.05968
vt 0.20224 0.08318
vt 0.18914 0.02694
f 50/1213 52/1214 51/1215
vt 0.27219 0.05968
vt 0.18914 0.02694
vt 0.24143 0.00937
f 50/1216 51/1217 49/1218
vt 0.05592 0.05968
vt -0.05592 0.05968
vt -0.05567 0.00937
f 47/1219 50/1220 49/1221
vt 0.05592 0.05968
vt -0.05567 0.00937
vt 0.05567 0.00937
f 47/1222 49/1223 48/1224
vt 0.05515 -0.03497
vt -0.05515 -0.03497
vt -0.05517 -0.02167
f 59/1225 58/1226 57/1227
vt 0.05515 -0.03497
vt -0.05517 -0.02167
vt 0.05517 -0.02167
f 59/1228 57/1229 60/1230
vt -0.05531 0.18282
vt 0.05531 0.18282
vt 0.05542 0.19771
f 55/1231 62/1232 61/1233
vt -0.05531 0.18282
vt 0.05542 0.19771
vt -0.05542 0.19771
f 55/1234 61/1235 56/1236
vt 0.18914 0.02694
vt 0.15957 -0.02167
vt 0.16303 -0.03497
f 51/1237 57/1238 58/1239
vt 0.18914 0.02694
vt 0.16303 -0.03497
vt 0.18282 -0.04618
f 51/1240 58/1241 55/1242
vt 0.18914 0.02694
vt 0.18282 -0.04618
vt 0.19771 -0.04342
f 51/1243 55/1244 56/1245
vt 0.18914 0.02694
vt 0.19771 -0.04342
vt 0.24143 0.00937
f 51/1246 56/1247 49/1248
vt -0.00000 -0.81669
vt 0.15963 -0.81669
vt 0.15963 -0.85123
f 250/1249 196/1250 204/1251
vt -0.00000 -0.81669
vt 0.15963 -0.85123
vt -0.00000 -0.85123
f 250/1252 204/1253 253/1254
vt 0.74280 -0.81669
vt 1.15847 -0.81669
vt 1.16923 -0.85123
f 197/1255 198/1256 202/1257
vt 0.74280 -0.81669
vt 1.16923 -0.85123
vt 0.75357 -0.85123
f 197/1258 202/1259 205/1260
vt 0.18458 -0.71766
vt 0.14204 -0.63790
vt -0.00000 -0.63790
f 201/1261 203/1262 256/1263
vt 0.18458 -0.71766
vt -0.00000 -0.63790
vt -0.00000 -0.85123
f 201/1264 256/1265 214/1266
vt 0.18458 -0.71766
vt -0.00000 -0.85123
vt 0.18458 -0.85123
f 201/1267 214/1268 202/1269
vt 1.27337 -0.68312
vt 1.32257 -0.60336
vt 1.33333 -0.63790
f 200/1270 199/1271 203/1272
vt 1.27337 -0.68312
vt 1.33333 -0.63790
vt 1.28414 -0.71766
f 200/1273 203/1274 201/1275
vt 0.69157 -0.81669
vt 0.74280 -0.81669
vt 0.75357 -0.85123
f 196/1276 197/1277 205/1278
vt 0.69157 -0.81669
vt 0.75357 -0.85123
vt 0.70233 -0.85123
f 196/1279 205/1280 204/1281
vt 0.14204 -0.60336
vt -0.00000 -0.60336
vt -0.00000 -0.63790
f 199/1282 247/1283 256/1284
vt 0.14204 -0.60336
vt -0.00000 -0.63790
vt 0.14204 -0.63790
f 199/1285 256/1286 203/1287
vt 1.15847 -0.81669
vt 1.27337 -0.68312
vt 1.28414 -0.71766
f 198/1288 200/1289 201/1290
vt 1.15847 -0.81669
vt 1.28414 -0.71766
vt 1.16923 -0.85123
f 198/1291 201/1292 202/1293
vt -0.00000 1.16923
vt -0.00000 0.70233
vt 0.15963 0.70233
f 214/1294 253/1295 204/1296
vt -0.00000 1.16923
vt 0.15963 0.70233
vt 0.18458 0.75357
f 214/1297 204/1298 205/1299
vt -0.00000 1.16923
vt 0.18458 0.75357
vt 0.18458 1.16923
f 214/1300 205/1301 202/1302
vt -0.00000 -0.81669
vt -0.00000 -0.85123
vt -0.15963 -0.85123
f 250/1303 253/1304 258/1305
vt -0.00000 -0.81669
vt -0.15963 -0.85123
vt -0.15963 -0.81669
f 250/1306 258/1307 246/1308
vt 0.74280 -0.81669
vt 0.75357 -0.85123
vt 1.16923 -0.85123
f 248/1309 259/1310 255/1311
vt 0.74280 -0.81669
vt 1.16923 -0.85123
vt 1.15847 -0.81669
f 248/1312 255/1313 249/1314
vt -0.18458 -0.71766
vt -0.18458 -0.85123
vt -0.00000 -0.85123
f 254/1315 255/1316 214/1317
vt -0.18458 -0.71766
vt -0.00000 -0.85123
vt -0.00000 -0.63790
f 254/1318 214/1319 256/1320
vt -0.18458 -0.71766
vt -0.00000 -0.63790
vt -0.14204 -0.63790
f 254/1321 256/1322 257/1323
vt 1.27337 -0.68312
vt 1.28414 -0.71766
vt 1.33333 -0.63790
f 252/1324 254/1325 257/1326
vt 1.27337 -0.68312
vt 1.33333 -0.63790
vt 1.32257 -0.60336
f 252/1327 257/1328 251/1329
vt 0.69157 -0.81669
vt 0.70233 -0.85123
vt 0.75357 -0.85123
f 246/1330 258/1331 259/1332
vt 0.69157 -0.81669
vt 0.75357 -0.85123
vt 0.74280 -0.81669
f 246/1333 259/1334 248/1335
vt -0.14204 -0.60336
vt -0.14204 -0.63790
vt -0.00000 -0.63790
f 251/1336 257/1337 256/1338
vt -0.14204 -0.60336
vt -0.00000 -0.63790
vt -0.00000 -0.60336
f 251/1339 256/1340 247/1341
vt 1.15847 -0.81669
vt 1.16923 -0.85123
vt 1.28414 -0.71766
f 249/1342 255/1343 254/1344
vt 1.15847 -0.81669
vt 1.28414 -0.71766
vt 1.27337 -0.68312
f 249/1345 254/1346 252/1347
vt -0.00000 1.16923
vt -0.18458 1.16923
vt -0.18458 0.75357
f 214/1348 255/1349 259/1350
vt -0.00000 1.16923
vt -0.18458 0.75357
vt -0.15963 0.70233
f 214/1351 259/1352 258/1353
vt -0.00000 1.16923
vt -0.15963 0.70233
vt -0.00000 0.70233
f 214/1354 258/1355 253/1356
vt -0.79139 0.67165
vt -1.32674 0.67165
vt -1.32674 0.59698
f 281/1357 301/1358 283/1359
vt -0.79139 0.67165
vt -1.32674 0.59698
vt -0.79139 0.59698
f 281/1360 283/1361 272/1362
vt -0.03926 -0.79139
vt -0.03926 -1.32674
vt 0.03926 -1.32674
f 274/1363 287/1364 289/1365
vt -0.03926 -0.79139
vt 0.03926 -1.32674
vt 0.03926 -0.79139
f 274/1366 289/1367 275/1368
vt 0.03926 -0.79139
vt 0.03926 -1.32674
vt 0.10278 -1.32674
f 275/1369 289/1370 291/1371
vt 0.03926 -0.79139
vt 0.10278 -1.32674
vt 0.10278 -0.79139
f 275/1372 291/1373 276/1374
vt -0.79139 0.52229
vt -1.32674 0.52229
vt -1.32674 0.59698
f 276/1375 291/1376 293/1377
vt -0.79139 0.52229
vt -1.32674 0.59698
vt -0.79139 0.59698
f 276/1378 293/1379 277/1380
vt -0.79139 0.59698
vt -1.32674 0.59698
vt -1.32674 0.67165
f 277/1381 293/1382 295/1383
vt -0.79139 0.59698
vt -1.32674 0.67165
vt -0.79139 0.67165
f 277/1384 295/1385 278/1386
vt 0.10278 -0.79139
vt 0.10278 -1.32674
vt 0.03926 -1.32674
f 278/1387 295/1388 297/1389
vt 0.10278 -0.79139
vt 0.03926 -1.32674
vt 0.03926 -0.79139
f 278/1390 297/1391 279/1392
vt 0.03926 -0.79139
vt 0.03926 -1.32674
vt -0.03926 -1.32674
f 279/1393 297/1394 299/1395
vt 0.03926 -0.79139
vt -0.03926 -1.32674
vt -0.03926 -0.79139
f 279/1396 299/1397 280/1398
vt -0.03926 -0.79139
vt -0.03926 -1.32674
vt -0.10278 -1.32674
f 280/1399 299/1400 301/1401
vt -0.03926 -0.79139
vt -0.10278 -1.32674
vt -0.10278 -0.79139
f 280/1402 301/1403 281/1404
vt -0.79139 0.59698
vt -1.32674 0.59698
vt -1.32674 0.52229
f 272/1405 283/1406 285/1407
vt -0.79139 0.59698
vt -1.32674 0.52229
vt -0.79139 0.52229
f 272/1408 285/1409 273/1410
vt -0.10278 -0.79139
vt -0.10278 -1.32674
vt -0.03926 -1.32674
f 273/1411 285/1412 287/1413
vt -0.10278 -0.79139
vt -0.03926 -1.32674
vt -0.03926 -0.79139
f 273/1414 287/1415 274/1416
vt -0.12705 0.59698
vt -0.10278 0.52229
vt -0.03926 0.47614
f 272/1417 273/1418 274/1419
vt -0.12705 0.59698
vt -0.03926 0.47614
vt 0.03926 0.47614
f 272/1420 274/1421 275/1422
vt -0.12705 0.59698
vt 0.03926 0.47614
vt 0.10278 0.52229
f 272/1423 275/1424 276/1425
vt -0.12705 0.59698
vt 0.10278 0.52229
vt 0.12705 0.59698
f 272/1426 276/1427 277/1428
vt -0.12705 0.59698
vt 0.12705 0.59698
vt 0.10278 0.67165
f 272/1429 277/1430 278/1431
vt -0.12705 0.59698
vt 0.10278 0.67165
vt 0.03926 0.71781
f 272/1432 278/1433 279/1434
vt -0.12705 0.59698
vt 0.03926 0.71781
vt -0.03926 0.71781
f 272/1435 279/1436 280/1437
vt -0.12705 0.59698
vt -0.03926 0.71781
vt -0.10278 0.67165
f 272/1438 280/1439 281/1440
vt -0.10278 0.52229
vt -0.12705 0.59698
vt -0.09740 0.59698
f 285/1441 283/1442 282/1443
vt -0.10278 0.52229
vt -0.09740 0.59698
vt -0.07880 0.53973
f 285/1444 282/1445 284/1446
vt -0.03926 0.47614
vt -0.10278 0.52229
vt -0.07880 0.53973
f 287/1447 285/1448 284/1449
vt -0.03926 0.47614
vt -0.07880 0.53973
vt -0.03010 0.50434
f 287/1450 284/1451 286/1452
vt 0.03926 0.47614
vt -0.03926 0.47614
vt -0.03010 0.50434
f 289/1453 287/1454 286/1455
vt 0.03926 0.47614
vt -0.03010 0.50434
vt 0.03010 0.50434
f 289/1456 286/1457 288/1458
vt 0.10278 0.52229
vt 0.03926 0.47614
vt 0.03010 0.50434
f 291/1459 289/1460 288/1461
vt 0.10278 0.52229
vt 0.03010 0.50434
vt 0.07879 0.53973
f 291/1462 288/1463 290/1464
vt 0.12705 0.59698
vt 0.10278 0.52229
vt 0.07879 0.53973
f 293/1465 291/1466 290/1467
vt 0.12705 0.59698
vt 0.07879 0.53973
vt 0.09740 0.59698
f 293/1468 290/1469 292/1470
vt 0.10278 0.67165
vt 0.12705 0.59698
vt 0.09740 0.59698
f 295/1471 293/1472 292/1473
vt 0.10278 0.67165
vt 0.09740 0.59698
vt 0.07879 0.65423
f 295/1474 292/1475 294/1476
vt 0.03926 0.71781
vt 0.10278 0.67165
vt 0.07879 0.65423
f 297/1477 295/1478 294/1479
vt 0.03926 0.71781
vt 0.07879 0.65423
vt 0.03010 0.68961
f 297/1480 294/1481 296/1482
vt -0.03926 0.71781
vt 0.03926 0.71781
vt 0.03010 0.68961
f 299/1483 297/1484 296/1485
vt -0.03926 0.71781
vt 0.03010 0.68961
vt -0.03010 0.68961
f 299/1486 296/1487 298/1488
vt -0.10278 0.67165
vt -0.03926 0.71781
vt -0.03010 0.68961
f 301/1489 299/1490 298/1491
vt -0.10278 0.67165
vt -0.03010 0.68961
vt -0.07880 0.65423
f 301/1492 298/1493 300/1494
vt -0.12705 0.59698
vt -0.10278 0.67165
vt -0.07880 0.65423
f 283/1495 301/1496 300/1497
vt -0.12705 0.59698
vt -0.07880 0.65423
vt -0.09740 0.59698
f 283/1498 300/1499 282/1500
vt 0.03010 -1.33333
vt 0.07879 -1.33333
vt 0.07879 -0.82472
f 296/1501 294/1502 308/1503
vt 0.03010 -1.33333
vt 0.07879 -0.82472
vt 0.03010 -0.82472
f 296/1504 308/1505 309/1506
vt -0.07880 0.53973
vt -0.09740 0.59698
vt -0.07880 0.65423
f 303/1507 302/1508 311/1509
vt -0.07880 0.53973
vt -0.07880 0.65423
vt -0.03010 0.68961
f 303/1510 311/1511 310/1512
vt -0.07880 0.53973
vt -0.03010 0.68961
vt 0.03010 0.68961
f 303/1513 310/1514 309/1515
vt -0.07880 0.53973
vt 0.03010 0.68961
vt 0.07879 0.65423
f 303/1516 309/1517 308/1518
vt -0.07880 0.53973
vt 0.07879 0.65423
vt 0.09740 0.59698
f 303/1519 308/1520 307/1521
vt -0.07880 0.53973
vt 0.09740 0.59698
vt 0.07879 0.53973
f 303/1522 307/1523 306/1524
vt -0.07880 0.53973
vt 0.07879 0.53973
vt 0.03010 0.50434
f 303/1525 306/1526 305/1527
vt -0.07880 0.53973
vt 0.03010 0.50434
vt -0.03010 0.50434
f 303/1528 305/1529 304/1530
vt -1.33333 0.65423
vt -1.33333 0.59698
vt -0.82472 0.59698
f 294/1531 292/1532 307/1533
vt -1.33333 0.65423
vt -0.82472 0.59698
vt -0.82472 0.65423
f 294/1534 307/1535 308/1536
vt -1.33333 0.59698
vt -1.33333 0.53973
vt -0.82472 0.53973
f 292/1537 290/1538 306/1539
vt -1.33333 0.59698
vt -0.82472 0.53973
vt -0.82472 0.59698
f 292/1540 306/1541 307/1542
vt -1.33333 0.59698
vt -1.33333 0.65423
vt -0.82472 0.65423
f 282/1543 300/1544 311/1545
vt -1.33333 0.59698
vt -0.82472 0.65423
vt -0.82472 0.59698
f 282/1546 311/1547 302/1548
vt 0.07879 -1.33333
vt 0.03010 -1.33333
vt 0.03010 -0.82472
f 290/1549 288/1550 305/1551
vt 0.07879 -1.33333
vt 0.03010 -0.82472
vt 0.07879 -0.82472
f 290/1552 305/1553 306/1554
vt 0.03010 -1.33333
vt -0.03010 -1.33333
vt -0.03010 -0.82472
f 288/1555 286/1556 304/1557
vt 0.03010 -1.33333
vt -0.03010 -0.82472
vt 0.03010 -0.82472
f 288/1558 304/1559 305/1560
vt -0.03010 -1.33333
vt -0.07880 -1.33333
vt -0.07880 -0.82472
f 286/1561 284/1562 303/1563
vt -0.03010 -1.33333
vt -0.07880 -0.82472
vt -0.03010 -0.82472
f 286/1564 303/1565 304/1566
vt -1.33333 0.53973
vt -1.33333 0.59698
vt -0.82472 0.59698
f 284/1567 282/1568 302/1569
vt -1.33333 0.53973
vt -0.82472 0.59698
vt -0.82472 0.53973
f 284/1570 302/1571 303/1572
vt -0.07880 -1.33333
vt -0.03010 -1.33333
vt -0.03010 -0.82472
f 300/1573 298/1574 310/1575
vt -0.07880 -1.33333
vt -0.03010 -0.82472
vt -0.07880 -0.82472
f 300/1576 310/1577 311/1578
vt -0.03010 -1.33333
vt 0.03010 -1.33333
vt 0.03010 -0.82472
f 298/1579 296/1580 309/1581
vt -0.03010 -1.33333
vt 0.03010 -0.82472
vt -0.03010 -0.82472
f 298/1582 309/1583 310/1584
o Grip
g Grip
usemtl Bubblegum
v 0.28423 0.10272 0.89430
v 0.28423 -0.60628 1.10808
v 0.28423 -0.28356 0.98933
v 0.28423 -0.83417 1.23102
v 0.26323 -0.74134 1.41231
v 0.26323 0.34214 0.87679
v 0.26323 -0.66733 0.83057
v 0.26323 0.12004 1.11781
v 0.26323 -0.30176 0.75068
v 0.26323 -0.88620 1.31271
v 0.26323 -0.54523 1.38560
v 0.26323 0.08539 0.67079
v 0.26323 -0.92700 1.04973
v 0.26323 -0.26536 1.22797
v 0.19623 -0.26536 1.22797
v 0.19623 -0.92700 1.04973
v 0.19623 0.08539 0.67079
v 0.19623 -0.54523 1.38560
v 0.19623 -0.88620 1.31271
v 0.19623 -0.30176 0.75068
v 0.19623 0.12004 1.11781
v 0.19623 -0.66733 0.83057
v 0.19623 0.34214 0.87679
v 0.19623 -0.74134 1.41231
v -0.28423 0.10272 0.89430
v -0.28423 -0.60628 1.10808
v -0.28423 -0.28356 0.98933
v -0.28423 -0.83417 1.23102
v -0.26323 -0.74134 1.41231
v -0.26323 0.34214 0.87679
v -0.26323 -0.66733 0.83057
v -0.26323 0.12004 1.11781
v -0.26323 -0.30176 0.75068
v -0.26323 -0.88620 1.31271
v -0.26323 -0.54523 1.38560
v -0.26323 0.08539 0.67079
v -0.26323 -0.92700 1.04973
v -0.26323 -0.26536 1.22797
v -0.19623 -0.26536 1.22797
v -0.19623 -0.92700 1.04973
v -0.19623 0.08539 0.67079
v -0.19623 -0.54523 1.38560
v -0.19623 -0.88620 1.31271
v -0.19623 -0.30176 0.75068
v -0.19623 0.12004 1.11781
v -0.19623 -0.66733 0.83057
v -0.19623 0.34214 0.87679
v -0.19623 -0.74134 1.41231
v 0.15025 -0.92700 1.04973
v 0.15025 -0.66733 0.83057
v 0.15025 -0.30176 0.75068
v 0.15025 0.08539 0.67079
v 0.15025 -0.74134 1.41231
v 0.15025 0.12004 1.11781
v 0.15025 -0.54523 1.38560
v 0.15025 -0.26536 1.22797
v 0.15025 -0.88620 1.31271
v 0.15025 0.34214 0.87679
v 0.27898 -0.90380 1.09505
v 0.27898 -0.65207 0.89995
v 0.27898 -0.29721 0.81034
v 0.27898 0.08972 0.72666
v 0.27898 -0.76455 1.36698
v 0.27898 0.11571 1.06193
v 0.27898 -0.56049 1.31622
v 0.27898 -0.26991 1.16831
v 0.28423 -0.75119 1.15944
v 0.27898 -0.87319 1.29229
v 0.28423 -0.43766 1.05777
v 0.27898 0.28228 0.88117
v 0.28423 -0.11356 0.92681
v 0.26323 -0.81733 1.38308
v 0.19623 -0.65254 1.40995
v 0.26323 0.28662 1.06362
v 0.19623 0.27795 0.69873
v 0.26323 -0.45835 0.78703
v 0.19623 -0.84984 0.90892
v 0.26323 -0.08735 1.13930
v 0.26323 -0.13978 0.71432
v 0.26323 -0.92905 1.20150
v 0.19623 -0.41698 1.32852
v 0.19623 -0.81733 1.38308
v 0.26323 -0.65254 1.40995
v 0.19623 0.28662 1.06362
v 0.26323 0.27795 0.69873
v 0.19623 -0.45835 0.78703
v 0.26323 -0.84984 0.90892
v 0.19623 -0.08735 1.13930
v 0.19623 -0.13978 0.71432
v 0.19623 -0.92905 1.20150
v 0.26323 -0.41698 1.32852
v 0.23597 -0.26536 1.22797
v 0.23597 -0.92700 1.04973
v 0.23597 0.08539 0.67079
v 0.23597 -0.54523 1.38560
v 0.23597 -0.88620 1.31271
v 0.23597 -0.30176 0.75068
v 0.23597 0.12004 1.11781
v 0.23597 -0.66733 0.83057
v 0.23597 0.34214 0.87679
v 0.23597 -0.74134 1.41231
v -0.15025 -0.92700 1.04973
v -0.15025 -0.66733 0.83057
v -0.15025 -0.30176 0.75068
v -0.15025 0.08539 0.67079
v -0.15025 -0.74134 1.41231
v -0.15025 0.12004 1.11781
v -0.15025 -0.54523 1.38560
v -0.15025 -0.26536 1.22797
v -0.15025 -0.88620 1.31271
v -0.15025 0.34214 0.87679
v -0.27898 -0.90380 1.09505
v -0.27898 -0.65207 0.89995
v -0.27898 -0.29721 0.81034
v -0.27898 0.08972 0.72666
v -0.27898 -0.76455 1.36698
v -0.27898 0.11571 1.06193
v -0.27898 -0.56049 1.31622
v -0.27898 -0.26991 1.16831
v -0.28423 -0.75119 1.15944
v -0.27898 -0.87319 1.29229
v -0.28423 -0.43766 1.05777
v -0.27898 0.28228 0.88117
v -0.28423 -0.11356 0.92681
v -0.26323 -0.81733 1.38308
v -0.19623 -0.65254 1.40995
v -0.26323 0.28662 1.06362
v -0.19623 0.27795 0.69873
v -0.26323 -0.45835 0.78703
v -0.19623 -0.84984 0.90892
v -0.26323 -0.08735 1.13930
v -0.26323 -0.13978 0.71432
v -0.26323 -0.92905 1.20150
v -0.19623 -0.41698 1.32852
v -0.19623 -0.81733 1.38308
v -0.26323 -0.65254 1.40995
v -0.19623 0.28662 1.06362
v -0.26323 0.27795 0.69873
v -0.19623 -0.45835 0.78703
v -0.26323 -0.84984 0.90892
v -0.19623 -0.08735 1.13930
v -0.19623 -0.13978 0.71432
v -0.19623 -0.92905 1.20150
v -0.26323 -0.41698 1.32852
v -0.23597 -0.26536 1.22797
v -0.23597 -0.92700 1.04973
v -0.23597 0.08539 0.67079
v -0.23597 -0.54523 1.38560
v -0.23597 -0.88620 1.31271
v -0.23597 -0.30176 0.75068
v -0.23597 0.12004 1.11781
v -0.23597 -0.66733 0.83057
v -0.23597 0.34214 0.87679
v -0.23597 -0.74134 1.41231
v 0.15025 -0.92905 1.20150
v 0.15025 -0.84984 0.90892
v 0.15025 -0.45835 0.78703
v 0.15025 -0.13978 0.71432
v 0.15025 0.27795 0.69873
v 0.15025 -0.81733 1.38308
v 0.15025 -0.65254 1.40995
v 0.15025 -0.08735 1.13930
v 0.15025 0.28662 1.06362
v 0.15025 -0.41698 1.32852
v 0.27490 -0.90853 1.19576
v 0.27898 -0.82517 0.97155
v 0.27898 -0.45318 0.85472
v 0.27898 -0.13322 0.76744
v 0.27490 0.22995 0.75382
v 0.27490 -0.81762 1.35705
v 0.27898 -0.67720 1.34732
v 0.27898 -0.09391 1.08617
v 0.27490 0.24151 1.01533
v 0.27898 -0.42215 1.26083
v 0.23597 -0.81733 1.38308
v 0.23597 -0.65254 1.40995
v 0.23597 0.28662 1.06362
v 0.23597 0.27795 0.69873
v 0.23597 -0.45835 0.78703
v 0.23597 -0.84984 0.90892
v 0.23597 -0.08735 1.13930
v 0.23597 -0.13978 0.71432
v 0.23597 -0.92905 1.20150
v 0.23597 -0.41698 1.32852
v -0.15025 -0.92905 1.20150
v -0.15025 -0.84984 0.90892
v -0.15025 -0.45835 0.78703
v -0.15025 -0.13978 0.71432
v -0.15025 0.27795 0.69873
v -0.15025 -0.81733 1.38308
v -0.15025 -0.65254 1.40995
v -0.15025 -0.08735 1.13930
v -0.15025 0.28662 1.06362
v -0.15025 -0.41698 1.32852
v -0.27490 -0.90853 1.19576
v -0.27898 -0.82517 0.97155
v -0.27898 -0.45318 0.85472
v -0.27898 -0.13322 0.76744
v -0.27490 0.22995 0.75382
v -0.27490 -0.81762 1.35705
v -0.27898 -0.67720 1.34732
v -0.27898 -0.09391 1.08617
v -0.27490 0.24151 1.01533
v -0.27898 -0.42215 1.26083
v -0.23597 -0.81733 1.38308
v -0.23597 -0.65254 1.40995
v -0.23597 0.28662 1.06362
v -0.23597 0.27795 0.69873
v -0.23597 -0.45835 0.78703
v -0.23597 -0.84984 0.90892
v -0.23597 -0.08735 1.13930
v -0.23597 -0.13978 0.71432
v -0.23597 -0.92905 1.20150
v -0.23597 -0.41698 1.32852
vt 0.74525 0.08560
vt 0.77234 -0.09463
vt 0.63953 -0.11102
f 320/1585 390/1586 487/1587
vt 0.74525 0.08560
vt 0.63953 -0.11102
vt 0.60555 0.07477
f 320/1588 487/1589 381/1590
vt 0.74525 0.08560
vt 0.60555 0.07477
vt 0.62818 0.19162
f 320/1591 381/1592 488/1593
vt 0.74525 0.08560
vt 0.62818 0.19162
vt 0.73431 0.23523
f 320/1594 488/1595 389/1596
vt 0.74525 0.08560
vt 0.73431 0.23523
vt 0.84611 0.20126
f 320/1597 389/1598 492/1599
vt 0.74525 0.08560
vt 0.84611 0.20126
vt 0.88494 0.09642
f 320/1600 492/1601 383/1602
vt 0.74525 0.08560
vt 0.88494 0.09642
vt 0.90514 -0.07826
f 320/1603 383/1604 491/1605
vt 0.74525 0.08560
vt 0.90514 -0.07826
vt 0.77234 -0.09463
f 320/1606 491/1607 390/1608
vt 0.92340 -0.50523
vt 0.96620 -0.62599
vt 0.80963 -0.68764
f 321/1609 386/1610 485/1611
vt 0.92340 -0.50523
vt 0.80963 -0.68764
vt 0.74996 -0.54339
f 321/1612 485/1613 379/1614
vt 0.92340 -0.50523
vt 0.74996 -0.54339
vt 0.71227 -0.37765
f 321/1615 379/1616 486/1617
vt 0.92340 -0.50523
vt 0.71227 -0.37765
vt 0.88148 -0.36472
f 321/1618 486/1619 388/1620
vt 0.92340 -0.50523
vt 0.88148 -0.36472
vt 1.05069 -0.35179
f 321/1621 388/1622 493/1623
vt 0.92340 -0.50523
vt 1.05069 -0.35179
vt 1.09685 -0.46708
f 321/1624 493/1625 384/1626
vt 0.92340 -0.50523
vt 1.09685 -0.46708
vt 1.12277 -0.56433
f 321/1627 384/1628 490/1629
vt 0.92340 -0.50523
vt 1.12277 -0.56433
vt 0.96620 -0.62599
f 321/1630 490/1631 386/1632
vt 0.82444 -0.23630
vt 0.88148 -0.36472
vt 0.71227 -0.37765
f 322/1633 388/1634 486/1635
vt 0.82444 -0.23630
vt 0.71227 -0.37765
vt 0.67528 -0.24767
f 322/1636 486/1637 380/1638
vt 0.82444 -0.23630
vt 0.67528 -0.24767
vt 0.63953 -0.11102
f 322/1639 380/1640 487/1641
vt 0.82444 -0.23630
vt 0.63953 -0.11102
vt 0.77234 -0.09463
f 322/1642 487/1643 390/1644
vt 0.82444 -0.23630
vt 0.77234 -0.09463
vt 0.90514 -0.07826
f 322/1645 390/1646 491/1647
vt 0.82444 -0.23630
vt 0.90514 -0.07826
vt 0.97359 -0.22492
f 322/1648 491/1649 385/1650
vt 0.82444 -0.23630
vt 0.97359 -0.22492
vt 1.05069 -0.35179
f 322/1651 385/1652 493/1653
vt 0.82444 -0.23630
vt 1.05069 -0.35179
vt 0.88148 -0.36472
f 322/1654 493/1655 388/1656
vt 1.02585 -0.69514
vt 0.91254 -0.75317
vt 0.80963 -0.68764
f 323/1657 378/1658 485/1659
vt 1.02585 -0.69514
vt 0.80963 -0.68764
vt 0.96620 -0.62599
f 323/1660 485/1661 386/1662
vt 1.02585 -0.69514
vt 0.96620 -0.62599
vt 1.12277 -0.56433
f 323/1663 386/1664 490/1665
vt 1.02585 -0.69514
vt 1.12277 -0.56433
vt 1.13915 -0.63712
f 323/1666 490/1667 382/1668
vt 1.02585 -0.69514
vt 1.13915 -0.63712
vt 1.13088 -0.68135
f 323/1669 382/1670 489/1671
vt 1.02585 -0.69514
vt 1.13088 -0.68135
vt 1.07691 -0.72766
f 323/1672 489/1673 387/1674
vt 1.02585 -0.69514
vt 1.07691 -0.72766
vt 0.99647 -0.75711
f 323/1675 387/1676 484/1677
vt 1.02585 -0.69514
vt 0.99647 -0.75711
vt 0.91254 -0.75317
f 323/1678 484/1679 378/1680
vt 0.21936 -0.61778
vt 0.21936 -0.54378
vt 0.19664 -0.54378
f 324/1681 402/1682 495/1683
vt 0.21936 -0.61778
vt 0.19664 -0.54378
vt 0.19664 -0.61778
f 324/1684 495/1685 420/1686
vt 0.21936 -0.61778
vt 0.19664 -0.61778
vt 0.19664 -0.68111
f 324/1687 420/1688 494/1689
vt 0.21936 -0.61778
vt 0.19664 -0.68111
vt 0.21936 -0.68111
f 324/1690 494/1691 391/1692
vt 1.17692 -0.61778
vt 1.15257 -0.68111
vt 1.13088 -0.68135
f 324/1693 391/1694 489/1695
vt 1.17692 -0.61778
vt 1.13088 -0.68135
vt 1.13915 -0.63712
f 324/1696 489/1697 382/1698
vt 1.17692 -0.61778
vt 1.13915 -0.63712
vt 1.12277 -0.56433
f 324/1699 382/1700 490/1701
vt 1.17692 -0.61778
vt 1.12277 -0.56433
vt 1.17496 -0.54378
f 324/1702 490/1703 402/1704
vt 0.21936 0.73066
vt 0.21936 0.58227
vt 0.19664 0.58227
f 325/1705 404/1706 497/1707
vt 0.21936 0.73066
vt 0.19664 0.58227
vt 0.19664 0.73066
f 325/1708 497/1709 419/1710
vt 0.21936 0.73066
vt 0.19664 0.73066
vt 0.19664 0.88635
f 325/1711 419/1712 496/1713
vt 0.21936 0.73066
vt 0.19664 0.88635
vt 0.21936 0.88635
f 325/1714 496/1715 393/1716
vt 0.73066 0.28512
vt 0.88635 0.23885
vt 0.84611 0.20126
f 325/1717 393/1718 492/1719
vt 0.73066 0.28512
vt 0.84611 0.20126
vt 0.73431 0.23523
f 325/1720 492/1721 389/1722
vt 0.73066 0.28512
vt 0.73431 0.23523
vt 0.62818 0.19162
f 325/1723 389/1724 488/1725
vt 0.73066 0.28512
vt 0.62818 0.19162
vt 0.58227 0.23162
f 325/1726 488/1727 404/1728
vt 0.21936 -0.55611
vt 0.21936 -0.70820
vt 0.19664 -0.70820
f 326/1729 406/1730 499/1731
vt 0.21936 -0.55611
vt 0.19664 -0.70820
vt 0.19664 -0.55611
f 326/1732 499/1733 418/1734
vt 0.21936 -0.55611
vt 0.19664 -0.55611
vt 0.19664 -0.38196
f 326/1735 418/1736 498/1737
vt 0.21936 -0.55611
vt 0.19664 -0.38196
vt 0.21936 -0.38196
f 326/1738 498/1739 395/1740
vt 0.69214 -0.55611
vt 0.65586 -0.38196
vt 0.71227 -0.37765
f 326/1741 395/1742 486/1743
vt 0.69214 -0.55611
vt 0.71227 -0.37765
vt 0.74996 -0.54339
f 326/1744 486/1745 379/1746
vt 0.69214 -0.55611
vt 0.74996 -0.54339
vt 0.80963 -0.68764
f 326/1747 379/1748 485/1749
vt 0.69214 -0.55611
vt 0.80963 -0.68764
vt 0.75743 -0.70820
f 326/1750 485/1751 406/1752
vt 0.21936 0.10003
vt 0.21936 0.23885
vt 0.19664 0.23885
f 327/1753 393/1754 496/1755
vt 0.21936 0.10003
vt 0.19664 0.23885
vt 0.19664 0.10003
f 327/1756 496/1757 417/1758
vt 0.21936 0.10003
vt 0.19664 0.10003
vt 0.19664 -0.07279
f 327/1759 417/1760 500/1761
vt 0.21936 0.10003
vt 0.19664 -0.07279
vt 0.21936 -0.07279
f 327/1762 500/1763 397/1764
vt 0.93151 0.10003
vt 0.94942 -0.07279
vt 0.90514 -0.07826
f 327/1765 397/1766 491/1767
vt 0.93151 0.10003
vt 0.90514 -0.07826
vt 0.88494 0.09642
f 327/1768 491/1769 383/1770
vt 0.93151 0.10003
vt 0.88494 0.09642
vt 0.84611 0.20126
f 327/1771 383/1772 492/1773
vt 0.93151 0.10003
vt 0.84611 0.20126
vt 0.88635 0.23885
f 327/1774 492/1775 393/1776
vt 0.21936 -0.25147
vt 0.21936 -0.38196
vt 0.19664 -0.38196
f 328/1777 395/1778 498/1779
vt 0.21936 -0.25147
vt 0.19664 -0.38196
vt 0.19664 -0.25147
f 328/1780 498/1781 416/1782
vt 0.21936 -0.25147
vt 0.19664 -0.25147
vt 0.19664 -0.11648
f 328/1783 416/1784 501/1785
vt 0.21936 -0.25147
vt 0.19664 -0.11648
vt 0.21936 -0.11648
f 328/1786 501/1787 398/1788
vt 0.62557 -0.25147
vt 0.59527 -0.11648
vt 0.63953 -0.11102
f 328/1789 398/1790 487/1791
vt 0.62557 -0.25147
vt 0.63953 -0.11102
vt 0.67528 -0.24767
f 328/1792 487/1793 380/1794
vt 0.62557 -0.25147
vt 0.67528 -0.24767
vt 0.71227 -0.37765
f 328/1795 380/1796 486/1797
vt 0.62557 -0.25147
vt 0.71227 -0.37765
vt 0.65586 -0.38196
f 328/1798 486/1799 395/1800
vt 0.21936 1.09393
vt 0.21936 1.15257
vt 0.19664 1.15257
f 329/1801 391/1802 494/1803
vt 0.21936 1.09393
vt 0.19664 1.15257
vt 0.19664 1.09393
f 329/1804 494/1805 415/1806
vt 0.21936 1.09393
vt 0.19664 1.09393
vt 0.19664 1.00125
f 329/1807 415/1808 502/1809
vt 0.21936 1.09393
vt 0.19664 1.00125
vt 0.21936 1.00125
f 329/1810 502/1811 399/1812
vt 1.09393 -0.73850
vt 1.00125 -0.77421
vt 0.99647 -0.75711
f 329/1813 399/1814 484/1815
vt 1.09393 -0.73850
vt 0.99647 -0.75711
vt 1.07691 -0.72766
f 329/1816 484/1817 387/1818
vt 1.09393 -0.73850
vt 1.07691 -0.72766
vt 1.13088 -0.68135
f 329/1819 387/1820 489/1821
vt 1.09393 -0.73850
vt 1.13088 -0.68135
vt 1.15257 -0.68111
f 329/1822 489/1823 391/1824
vt 0.21936 -0.45436
vt 0.21936 -0.34748
vt 0.19664 -0.34748
f 330/1825 410/1826 503/1827
vt 0.21936 -0.45436
vt 0.19664 -0.34748
vt 0.19664 -0.45436
f 330/1828 503/1829 414/1830
vt 0.21936 -0.45436
vt 0.19664 -0.45436
vt 0.19664 -0.54378
f 330/1831 414/1832 495/1833
vt 0.21936 -0.45436
vt 0.19664 -0.54378
vt 0.21936 -0.54378
f 330/1834 495/1835 402/1836
vt 1.15467 -0.45436
vt 1.17496 -0.54378
vt 1.12277 -0.56433
f 330/1837 402/1838 490/1839
vt 1.15467 -0.45436
vt 1.12277 -0.56433
vt 1.09685 -0.46708
f 330/1840 490/1841 384/1842
vt 1.15467 -0.45436
vt 1.09685 -0.46708
vt 1.05069 -0.35179
f 330/1843 384/1844 493/1845
vt 1.15467 -0.45436
vt 1.05069 -0.35179
vt 1.10710 -0.34748
f 330/1846 493/1847 410/1848
vt 0.21936 0.07116
vt 0.21936 -0.11648
vt 0.19664 -0.11648
f 331/1849 398/1850 501/1851
vt 0.21936 0.07116
vt 0.19664 -0.11648
vt 0.19664 0.07116
f 331/1852 501/1853 413/1854
vt 0.21936 0.07116
vt 0.19664 0.07116
vt 0.19664 0.23162
f 331/1855 413/1856 497/1857
vt 0.21936 0.07116
vt 0.19664 0.23162
vt 0.21936 0.23162
f 331/1858 497/1859 404/1860
vt 0.55899 0.07116
vt 0.58227 0.23162
vt 0.62818 0.19162
f 331/1861 404/1862 488/1863
vt 0.55899 0.07116
vt 0.62818 0.19162
vt 0.60555 0.07477
f 331/1864 488/1865 381/1866
vt 0.55899 0.07116
vt 0.60555 0.07477
vt 0.63953 -0.11102
f 331/1867 381/1868 487/1869
vt 0.55899 0.07116
vt 0.63953 -0.11102
vt 0.59527 -0.11648
f 331/1870 487/1871 398/1872
vt 0.21936 0.87478
vt 0.21936 1.00125
vt 0.19664 1.00125
f 332/1873 399/1874 502/1875
vt 0.21936 0.87478
vt 0.19664 1.00125
vt 0.19664 0.87478
f 332/1876 502/1877 412/1878
vt 0.21936 0.87478
vt 0.19664 0.87478
vt 0.19664 0.75743
f 332/1879 412/1880 499/1881
vt 0.21936 0.87478
vt 0.19664 0.75743
vt 0.21936 0.75743
f 332/1882 499/1883 406/1884
vt 0.87478 -0.77250
vt 0.75743 -0.70820
vt 0.80963 -0.68764
f 332/1885 406/1886 485/1887
vt 0.87478 -0.77250
vt 0.80963 -0.68764
vt 0.91254 -0.75317
f 332/1888 485/1889 378/1890
vt 0.87478 -0.77250
vt 0.91254 -0.75317
vt 0.99647 -0.75711
f 332/1891 378/1892 484/1893
vt 0.87478 -0.77250
vt 0.99647 -0.75711
vt 1.00125 -0.77421
f 332/1894 484/1895 399/1896
vt 0.21936 -0.22113
vt 0.21936 -0.07279
vt 0.19664 -0.07279
f 333/1897 397/1898 500/1899
vt 0.21936 -0.22113
vt 0.19664 -0.07279
vt 0.19664 -0.22113
f 333/1900 500/1901 411/1902
vt 0.21936 -0.22113
vt 0.19664 -0.22113
vt 0.19664 -0.34748
f 333/1903 411/1904 503/1905
vt 0.21936 -0.22113
vt 0.19664 -0.34748
vt 0.21936 -0.34748
f 333/1906 503/1907 410/1908
vt 1.02331 -0.22113
vt 1.10710 -0.34748
vt 1.05069 -0.35179
f 333/1909 410/1910 493/1911
vt 1.02331 -0.22113
vt 1.05069 -0.35179
vt 0.97359 -0.22492
f 333/1912 493/1913 385/1914
vt 1.02331 -0.22113
vt 0.97359 -0.22492
vt 0.90514 -0.07826
f 333/1915 385/1916 491/1917
vt 1.02331 -0.22113
vt 0.90514 -0.07826
vt 0.94942 -0.07279
f 333/1918 491/1919 397/1920
vt 0.16353 -0.22113
vt 0.16353 -0.07279
vt 0.12521 -0.07279
f 334/1921 407/1922 481/1923
vt 0.16353 -0.22113
vt 0.12521 -0.07279
vt 0.12521 -0.22113
f 334/1924 481/1925 375/1926
vt 0.16353 -0.22113
vt 0.12521 -0.22113
vt 0.12521 -0.34748
f 334/1927 375/1928 483/1929
vt 0.16353 -0.22113
vt 0.12521 -0.34748
vt 0.16353 -0.34748
f 334/1930 483/1931 400/1932
vt 0.16353 -0.22113
vt 0.16353 -0.34748
vt 0.19664 -0.34748
f 334/1933 400/1934 503/1935
vt 0.16353 -0.22113
vt 0.19664 -0.34748
vt 0.19664 -0.22113
f 334/1936 503/1937 411/1938
vt 0.16353 -0.22113
vt 0.19664 -0.22113
vt 0.19664 -0.07279
f 334/1939 411/1940 500/1941
vt 0.16353 -0.22113
vt 0.19664 -0.07279
vt 0.16353 -0.07279
f 334/1942 500/1943 407/1944
vt 0.16353 0.87478
vt 0.16353 1.00125
vt 0.12521 1.00125
f 335/1945 409/1946 474/1947
vt 0.16353 0.87478
vt 0.12521 1.00125
vt 0.12521 0.87478
f 335/1948 474/1949 368/1950
vt 0.16353 0.87478
vt 0.12521 0.87478
vt 0.12521 0.75743
f 335/1951 368/1952 475/1953
vt 0.16353 0.87478
vt 0.12521 0.75743
vt 0.16353 0.75743
f 335/1954 475/1955 396/1956
vt 0.16353 0.87478
vt 0.16353 0.75743
vt 0.19664 0.75743
f 335/1957 396/1958 499/1959
vt 0.16353 0.87478
vt 0.19664 0.75743
vt 0.19664 0.87478
f 335/1960 499/1961 412/1962
vt 0.16353 0.87478
vt 0.19664 0.87478
vt 0.19664 1.00125
f 335/1963 412/1964 502/1965
vt 0.16353 0.87478
vt 0.19664 1.00125
vt 0.16353 1.00125
f 335/1966 502/1967 409/1968
vt 0.16353 0.07116
vt 0.16353 -0.11648
vt 0.12521 -0.11648
f 336/1969 408/1970 477/1971
vt 0.16353 0.07116
vt 0.12521 -0.11648
vt 0.12521 0.07116
f 336/1972 477/1973 371/1974
vt 0.16353 0.07116
vt 0.12521 0.07116
vt 0.12521 0.23162
f 336/1975 371/1976 478/1977
vt 0.16353 0.07116
vt 0.12521 0.23162
vt 0.16353 0.23162
f 336/1978 478/1979 394/1980
vt 0.16353 0.07116
vt 0.16353 0.23162
vt 0.19664 0.23162
f 336/1981 394/1982 497/1983
vt 0.16353 0.07116
vt 0.19664 0.23162
vt 0.19664 0.07116
f 336/1984 497/1985 413/1986
vt 0.16353 0.07116
vt 0.19664 0.07116
vt 0.19664 -0.11648
f 336/1987 413/1988 501/1989
vt 0.16353 0.07116
vt 0.19664 -0.11648
vt 0.16353 -0.11648
f 336/1990 501/1991 408/1992
vt 0.16353 -0.45436
vt 0.16353 -0.34748
vt 0.12521 -0.34748
f 337/1993 400/1994 483/1995
vt 0.16353 -0.45436
vt 0.12521 -0.34748
vt 0.12521 -0.45436
f 337/1996 483/1997 374/1998
vt 0.16353 -0.45436
vt 0.12521 -0.45436
vt 0.12521 -0.54378
f 337/1999 374/2000 480/2001
vt 0.16353 -0.45436
vt 0.12521 -0.54378
vt 0.16353 -0.54378
f 337/2002 480/2003 392/2004
vt 0.16353 -0.45436
vt 0.16353 -0.54378
vt 0.19664 -0.54378
f 337/2005 392/2006 495/2007
vt 0.16353 -0.45436
vt 0.19664 -0.54378
vt 0.19664 -0.45436
f 337/2008 495/2009 414/2010
vt 0.16353 -0.45436
vt 0.19664 -0.45436
vt 0.19664 -0.34748
f 337/2011 414/2012 503/2013
vt 0.16353 -0.45436
vt 0.19664 -0.34748
vt 0.16353 -0.34748
f 337/2014 503/2015 400/2016
vt 0.16353 1.09393
vt 0.16353 1.15257
vt 0.12521 1.15257
f 338/2017 401/2018 479/2019
vt 0.16353 1.09393
vt 0.12521 1.15257
vt 0.12521 1.09393
f 338/2020 479/2021 376/2022
vt 0.16353 1.09393
vt 0.12521 1.09393
vt 0.12521 1.00125
f 338/2023 376/2024 474/2025
vt 0.16353 1.09393
vt 0.12521 1.00125
vt 0.16353 1.00125
f 338/2026 474/2027 409/2028
vt 0.16353 1.09393
vt 0.16353 1.00125
vt 0.19664 1.00125
f 338/2029 409/2030 502/2031
vt 0.16353 1.09393
vt 0.19664 1.00125
vt 0.19664 1.09393
f 338/2032 502/2033 415/2034
vt 0.16353 1.09393
vt 0.19664 1.09393
vt 0.19664 1.15257
f 338/2035 415/2036 494/2037
vt 0.16353 1.09393
vt 0.19664 1.15257
vt 0.16353 1.15257
f 338/2038 494/2039 401/2040
vt 0.16353 -0.25147
vt 0.16353 -0.38196
vt 0.12521 -0.38196
f 339/2041 405/2042 476/2043
vt 0.16353 -0.25147
vt 0.12521 -0.38196
vt 0.12521 -0.25147
f 339/2044 476/2045 370/2046
vt 0.16353 -0.25147
vt 0.12521 -0.25147
vt 0.12521 -0.11648
f 339/2047 370/2048 477/2049
vt 0.16353 -0.25147
vt 0.12521 -0.11648
vt 0.16353 -0.11648
f 339/2050 477/2051 408/2052
vt 0.16353 -0.25147
vt 0.16353 -0.11648
vt 0.19664 -0.11648
f 339/2053 408/2054 501/2055
vt 0.16353 -0.25147
vt 0.19664 -0.11648
vt 0.19664 -0.25147
f 339/2056 501/2057 416/2058
vt 0.16353 -0.25147
vt 0.19664 -0.25147
vt 0.19664 -0.38196
f 339/2059 416/2060 498/2061
vt 0.16353 -0.25147
vt 0.19664 -0.38196
vt 0.16353 -0.38196
f 339/2062 498/2063 405/2064
vt 0.16353 0.10003
vt 0.16353 0.23885
vt 0.12521 0.23885
f 340/2065 403/2066 482/2067
vt 0.16353 0.10003
vt 0.12521 0.23885
vt 0.12521 0.10003
f 340/2068 482/2069 373/2070
vt 0.16353 0.10003
vt 0.12521 0.10003
vt 0.12521 -0.07279
f 340/2071 373/2072 481/2073
vt 0.16353 0.10003
vt 0.12521 -0.07279
vt 0.16353 -0.07279
f 340/2074 481/2075 407/2076
vt 0.16353 0.10003
vt 0.16353 -0.07279
vt 0.19664 -0.07279
f 340/2077 407/2078 500/2079
vt 0.16353 0.10003
vt 0.19664 -0.07279
vt 0.19664 0.10003
f 340/2080 500/2081 417/2082
vt 0.16353 0.10003
vt 0.19664 0.10003
vt 0.19664 0.23885
f 340/2083 417/2084 496/2085
vt 0.16353 0.10003
vt 0.19664 0.23885
vt 0.16353 0.23885
f 340/2086 496/2087 403/2088
vt 0.16353 -0.55611
vt 0.16353 -0.70820
vt 0.12521 -0.70820
f 341/2089 396/2090 475/2091
vt 0.16353 -0.55611
vt 0.12521 -0.70820
vt 0.12521 -0.55611
f 341/2092 475/2093 369/2094
vt 0.16353 -0.55611
vt 0.12521 -0.55611
vt 0.12521 -0.38196
f 341/2095 369/2096 476/2097
vt 0.16353 -0.55611
vt 0.12521 -0.38196
vt 0.16353 -0.38196
f 341/2098 476/2099 405/2100
vt 0.16353 -0.55611
vt 0.16353 -0.38196
vt 0.19664 -0.38196
f 341/2101 405/2102 498/2103
vt 0.16353 -0.55611
vt 0.19664 -0.38196
vt 0.19664 -0.55611
f 341/2104 498/2105 418/2106
vt 0.16353 -0.55611
vt 0.19664 -0.55611
vt 0.19664 -0.70820
f 341/2107 418/2108 499/2109
vt 0.16353 -0.55611
vt 0.19664 -0.70820
vt 0.16353 -0.70820
f 341/2110 499/2111 396/2112
vt 0.16353 0.73066
vt 0.16353 0.58227
vt 0.12521 0.58227
f 342/2113 394/2114 478/2115
vt 0.16353 0.73066
vt 0.12521 0.58227
vt 0.12521 0.73066
f 342/2116 478/2117 377/2118
vt 0.16353 0.73066
vt 0.12521 0.73066
vt 0.12521 0.88635
f 342/2119 377/2120 482/2121
vt 0.16353 0.73066
vt 0.12521 0.88635
vt 0.16353 0.88635
f 342/2122 482/2123 403/2124
vt 0.16353 0.73066
vt 0.16353 0.88635
vt 0.19664 0.88635
f 342/2125 403/2126 496/2127
vt 0.16353 0.73066
vt 0.19664 0.88635
vt 0.19664 0.73066
f 342/2128 496/2129 419/2130
vt 0.16353 0.73066
vt 0.19664 0.73066
vt 0.19664 0.58227
f 342/2131 419/2132 497/2133
vt 0.16353 0.73066
vt 0.19664 0.58227
vt 0.16353 0.58227
f 342/2134 497/2135 394/2136
vt 0.16353 -0.61778
vt 0.16353 -0.54378
vt 0.12521 -0.54378
f 343/2137 392/2138 480/2139
vt 0.16353 -0.61778
vt 0.12521 -0.54378
vt 0.12521 -0.61778
f 343/2140 480/2141 372/2142
vt 0.16353 -0.61778
vt 0.12521 -0.61778
vt 0.12521 -0.68111
f 343/2143 372/2144 479/2145
vt 0.16353 -0.61778
vt 0.12521 -0.68111
vt 0.16353 -0.68111
f 343/2146 479/2147 401/2148
vt 0.16353 -0.61778
vt 0.16353 -0.68111
vt 0.19664 -0.68111
f 343/2149 401/2150 494/2151
vt 0.16353 -0.61778
vt 0.19664 -0.68111
vt 0.19664 -0.61778
f 343/2152 494/2153 420/2154
vt 0.16353 -0.61778
vt 0.19664 -0.61778
vt 0.19664 -0.54378
f 343/2155 420/2156 495/2157
vt 0.16353 -0.61778
vt 0.19664 -0.54378
vt 0.16353 -0.54378
f 343/2158 495/2159 392/2160
vt 0.74525 0.08560
vt 0.60555 0.07477
vt 0.63953 -0.11102
f 344/2161 434/2162 517/2163
vt 0.74525 0.08560
vt 0.63953 -0.11102
vt 0.77234 -0.09463
f 344/2164 517/2165 443/2166
vt 0.74525 0.08560
vt 0.77234 -0.09463
vt 0.90514 -0.07826
f 344/2167 443/2168 521/2169
vt 0.74525 0.08560
vt 0.90514 -0.07826
vt 0.88494 0.09642
f 344/2170 521/2171 436/2172
vt 0.74525 0.08560
vt 0.88494 0.09642
vt 0.84611 0.20126
f 344/2173 436/2174 522/2175
vt 0.74525 0.08560
vt 0.84611 0.20126
vt 0.73431 0.23523
f 344/2176 522/2177 442/2178
vt 0.74525 0.08560
vt 0.73431 0.23523
vt 0.62818 0.19162
f 344/2179 442/2180 518/2181
vt 0.74525 0.08560
vt 0.62818 0.19162
vt 0.60555 0.07477
f 344/2182 518/2183 434/2184
vt 0.92340 -0.50523
vt 0.74996 -0.54339
vt 0.80963 -0.68764
f 345/2185 432/2186 515/2187
vt 0.92340 -0.50523
vt 0.80963 -0.68764
vt 0.96620 -0.62599
f 345/2188 515/2189 439/2190
vt 0.92340 -0.50523
vt 0.96620 -0.62599
vt 1.12277 -0.56433
f 345/2191 439/2192 520/2193
vt 0.92340 -0.50523
vt 1.12277 -0.56433
vt 1.09685 -0.46708
f 345/2194 520/2195 437/2196
vt 0.92340 -0.50523
vt 1.09685 -0.46708
vt 1.05069 -0.35179
f 345/2197 437/2198 523/2199
vt 0.92340 -0.50523
vt 1.05069 -0.35179
vt 0.88148 -0.36472
f 345/2200 523/2201 441/2202
vt 0.92340 -0.50523
vt 0.88148 -0.36472
vt 0.71227 -0.37765
f 345/2203 441/2204 516/2205
vt 0.92340 -0.50523
vt 0.71227 -0.37765
vt 0.74996 -0.54339
f 345/2206 516/2207 432/2208
vt 0.82444 -0.23630
vt 0.67528 -0.24767
vt 0.71227 -0.37765
f 346/2209 433/2210 516/2211
vt 0.82444 -0.23630
vt 0.71227 -0.37765
vt 0.88148 -0.36472
f 346/2212 516/2213 441/2214
vt 0.82444 -0.23630
vt 0.88148 -0.36472
vt 1.05069 -0.35179
f 346/2215 441/2216 523/2217
vt 0.82444 -0.23630
vt 1.05069 -0.35179
vt 0.97359 -0.22492
f 346/2218 523/2219 438/2220
vt 0.82444 -0.23630
vt 0.97359 -0.22492
vt 0.90514 -0.07826
f 346/2221 438/2222 521/2223
vt 0.82444 -0.23630
vt 0.90514 -0.07826
vt 0.77234 -0.09463
f 346/2224 521/2225 443/2226
vt 0.82444 -0.23630
vt 0.77234 -0.09463
vt 0.63953 -0.11102
f 346/2227 443/2228 517/2229
vt 0.82444 -0.23630
vt 0.63953 -0.11102
vt 0.67528 -0.24767
f 346/2230 517/2231 433/2232
vt 1.02585 -0.69514
vt 0.96620 -0.62599
vt 0.80963 -0.68764
f 347/2233 439/2234 515/2235
vt 1.02585 -0.69514
vt 0.80963 -0.68764
vt 0.91254 -0.75317
f 347/2236 515/2237 431/2238
vt 1.02585 -0.69514
vt 0.91254 -0.75317
vt 0.99647 -0.75711
f 347/2239 431/2240 514/2241
vt 1.02585 -0.69514
vt 0.99647 -0.75711
vt 1.07691 -0.72766
f 347/2242 514/2243 440/2244
vt 1.02585 -0.69514
vt 1.07691 -0.72766
vt 1.13088 -0.68135
f 347/2245 440/2246 519/2247
vt 1.02585 -0.69514
vt 1.13088 -0.68135
vt 1.13915 -0.63712
f 347/2248 519/2249 435/2250
vt 1.02585 -0.69514
vt 1.13915 -0.63712
vt 1.12277 -0.56433
f 347/2251 435/2252 520/2253
vt 1.02585 -0.69514
vt 1.12277 -0.56433
vt 0.96620 -0.62599
f 347/2254 520/2255 439/2256
vt -0.21936 -0.61778
vt -0.19664 -0.61778
vt -0.19664 -0.54378
f 348/2257 473/2258 525/2259
vt -0.21936 -0.61778
vt -0.19664 -0.54378
vt -0.21936 -0.54378
f 348/2260 525/2261 455/2262
vt 1.17692 -0.61778
vt 1.17496 -0.54378
vt 1.12277 -0.56433
f 348/2263 455/2264 520/2265
vt 1.17692 -0.61778
vt 1.12277 -0.56433
vt 1.13915 -0.63712
f 348/2266 520/2267 435/2268
vt 1.17692 -0.61778
vt 1.13915 -0.63712
vt 1.13088 -0.68135
f 348/2269 435/2270 519/2271
vt 1.17692 -0.61778
vt 1.13088 -0.68135
vt 1.15257 -0.68111
f 348/2272 519/2273 444/2274
vt -0.21936 -0.61778
vt -0.21936 -0.68111
vt -0.19664 -0.68111
f 348/2275 444/2276 524/2277
vt -0.21936 -0.61778
vt -0.19664 -0.68111
vt -0.19664 -0.61778
f 348/2278 524/2279 473/2280
vt -0.21936 0.73066
vt -0.19664 0.73066
vt -0.19664 0.58227
f 349/2281 472/2282 527/2283
vt -0.21936 0.73066
vt -0.19664 0.58227
vt -0.21936 0.58227
f 349/2284 527/2285 457/2286
vt 0.73066 0.28512
vt 0.58227 0.23162
vt 0.62818 0.19162
f 349/2287 457/2288 518/2289
vt 0.73066 0.28512
vt 0.62818 0.19162
vt 0.73431 0.23523
f 349/2290 518/2291 442/2292
vt 0.73066 0.28512
vt 0.73431 0.23523
vt 0.84611 0.20126
f 349/2293 442/2294 522/2295
vt 0.73066 0.28512
vt 0.84611 0.20126
vt 0.88635 0.23885
f 349/2296 522/2297 446/2298
vt -0.21936 0.73066
vt -0.21936 0.88635
vt -0.19664 0.88635
f 349/2299 446/2300 526/2301
vt -0.21936 0.73066
vt -0.19664 0.88635
vt -0.19664 0.73066
f 349/2302 526/2303 472/2304
vt -0.21936 -0.55611
vt -0.19664 -0.55611
vt -0.19664 -0.70820
f 350/2305 471/2306 529/2307
vt -0.21936 -0.55611
vt -0.19664 -0.70820
vt -0.21936 -0.70820
f 350/2308 529/2309 459/2310
vt 0.69214 -0.55611
vt 0.75743 -0.70820
vt 0.80963 -0.68764
f 350/2311 459/2312 515/2313
vt 0.69214 -0.55611
vt 0.80963 -0.68764
vt 0.74996 -0.54339
f 350/2314 515/2315 432/2316
vt 0.69214 -0.55611
vt 0.74996 -0.54339
vt 0.71227 -0.37765
f 350/2317 432/2318 516/2319
vt 0.69214 -0.55611
vt 0.71227 -0.37765
vt 0.65586 -0.38196
f 350/2320 516/2321 448/2322
vt -0.21936 -0.55611
vt -0.21936 -0.38196
vt -0.19664 -0.38196
f 350/2323 448/2324 528/2325
vt -0.21936 -0.55611
vt -0.19664 -0.38196
vt -0.19664 -0.55611
f 350/2326 528/2327 471/2328
vt -0.21936 0.10003
vt -0.19664 0.10003
vt -0.19664 0.23885
f 351/2329 470/2330 526/2331
vt -0.21936 0.10003
vt -0.19664 0.23885
vt -0.21936 0.23885
f 351/2332 526/2333 446/2334
vt 0.93151 0.10003
vt 0.88635 0.23885
vt 0.84611 0.20126
f 351/2335 446/2336 522/2337
vt 0.93151 0.10003
vt 0.84611 0.20126
vt 0.88494 0.09642
f 351/2338 522/2339 436/2340
vt 0.93151 0.10003
vt 0.88494 0.09642
vt 0.90514 -0.07826
f 351/2341 436/2342 521/2343
vt 0.93151 0.10003
vt 0.90514 -0.07826
vt 0.94942 -0.07279
f 351/2344 521/2345 450/2346
vt -0.21936 0.10003
vt -0.21936 -0.07279
vt -0.19664 -0.07279
f 351/2347 450/2348 530/2349
vt -0.21936 0.10003
vt -0.19664 -0.07279
vt -0.19664 0.10003
f 351/2350 530/2351 470/2352
vt -0.21936 -0.25147
vt -0.19664 -0.25147
vt -0.19664 -0.38196
f 352/2353 469/2354 528/2355
vt -0.21936 -0.25147
vt -0.19664 -0.38196
vt -0.21936 -0.38196
f 352/2356 528/2357 448/2358
vt 0.62557 -0.25147
vt 0.65586 -0.38196
vt 0.71227 -0.37765
f 352/2359 448/2360 516/2361
vt 0.62557 -0.25147
vt 0.71227 -0.37765
vt 0.67528 -0.24767
f 352/2362 516/2363 433/2364
vt 0.62557 -0.25147
vt 0.67528 -0.24767
vt 0.63953 -0.11102
f 352/2365 433/2366 517/2367
vt 0.62557 -0.25147
vt 0.63953 -0.11102
vt 0.59527 -0.11648
f 352/2368 517/2369 451/2370
vt -0.21936 -0.25147
vt -0.21936 -0.11648
vt -0.19664 -0.11648
f 352/2371 451/2372 531/2373
vt -0.21936 -0.25147
vt -0.19664 -0.11648
vt -0.19664 -0.25147
f 352/2374 531/2375 469/2376
vt -0.21936 1.09393
vt -0.19664 1.09393
vt -0.19664 1.15257
f 353/2377 468/2378 524/2379
vt -0.21936 1.09393
vt -0.19664 1.15257
vt -0.21936 1.15257
f 353/2380 524/2381 444/2382
vt 1.09393 -0.73850
vt 1.15257 -0.68111
vt 1.13088 -0.68135
f 353/2383 444/2384 519/2385
vt 1.09393 -0.73850
vt 1.13088 -0.68135
vt 1.07691 -0.72766
f 353/2386 519/2387 440/2388
vt 1.09393 -0.73850
vt 1.07691 -0.72766
vt 0.99647 -0.75711
f 353/2389 440/2390 514/2391
vt 1.09393 -0.73850
vt 0.99647 -0.75711
vt 1.00125 -0.77421
f 353/2392 514/2393 452/2394
vt -0.21936 1.09393
vt -0.21936 1.00125
vt -0.19664 1.00125
f 353/2395 452/2396 532/2397
vt -0.21936 1.09393
vt -0.19664 1.00125
vt -0.19664 1.09393
f 353/2398 532/2399 468/2400
vt -0.21936 -0.45436
vt -0.19664 -0.45436
vt -0.19664 -0.34748
f 354/2401 467/2402 533/2403
vt -0.21936 -0.45436
vt -0.19664 -0.34748
vt -0.21936 -0.34748
f 354/2404 533/2405 463/2406
vt 1.15467 -0.45436
vt 1.10710 -0.34748
vt 1.05069 -0.35179
f 354/2407 463/2408 523/2409
vt 1.15467 -0.45436
vt 1.05069 -0.35179
vt 1.09685 -0.46708
f 354/2410 523/2411 437/2412
vt 1.15467 -0.45436
vt 1.09685 -0.46708
vt 1.12277 -0.56433
f 354/2413 437/2414 520/2415
vt 1.15467 -0.45436
vt 1.12277 -0.56433
vt 1.17496 -0.54378
f 354/2416 520/2417 455/2418
vt -0.21936 -0.45436
vt -0.21936 -0.54378
vt -0.19664 -0.54378
f 354/2419 455/2420 525/2421
vt -0.21936 -0.45436
vt -0.19664 -0.54378
vt -0.19664 -0.45436
f 354/2422 525/2423 467/2424
vt -0.21936 0.07116
vt -0.19664 0.07116
vt -0.19664 -0.11648
f 355/2425 466/2426 531/2427
vt -0.21936 0.07116
vt -0.19664 -0.11648
vt -0.21936 -0.11648
f 355/2428 531/2429 451/2430
vt 0.55899 0.07116
vt 0.59527 -0.11648
vt 0.63953 -0.11102
f 355/2431 451/2432 517/2433
vt 0.55899 0.07116
vt 0.63953 -0.11102
vt 0.60555 0.07477
f 355/2434 517/2435 434/2436
vt 0.55899 0.07116
vt 0.60555 0.07477
vt 0.62818 0.19162
f 355/2437 434/2438 518/2439
vt 0.55899 0.07116
vt 0.62818 0.19162
vt 0.58227 0.23162
f 355/2440 518/2441 457/2442
vt -0.21936 0.07116
vt -0.21936 0.23162
vt -0.19664 0.23162
f 355/2443 457/2444 527/2445
vt -0.21936 0.07116
vt -0.19664 0.23162
vt -0.19664 0.07116
f 355/2446 527/2447 466/2448
vt -0.21936 0.87478
vt -0.19664 0.87478
vt -0.19664 1.00125
f 356/2449 465/2450 532/2451
vt -0.21936 0.87478
vt -0.19664 1.00125
vt -0.21936 1.00125
f 356/2452 532/2453 452/2454
vt 0.87478 -0.77250
vt 1.00125 -0.77421
vt 0.99647 -0.75711
f 356/2455 452/2456 514/2457
vt 0.87478 -0.77250
vt 0.99647 -0.75711
vt 0.91254 -0.75317
f 356/2458 514/2459 431/2460
vt 0.87478 -0.77250
vt 0.91254 -0.75317
vt 0.80963 -0.68764
f 356/2461 431/2462 515/2463
vt 0.87478 -0.77250
vt 0.80963 -0.68764
vt 0.75743 -0.70820
f 356/2464 515/2465 459/2466
vt -0.21936 0.87478
vt -0.21936 0.75743
vt -0.19664 0.75743
f 356/2467 459/2468 529/2469
vt -0.21936 0.87478
vt -0.19664 0.75743
vt -0.19664 0.87478
f 356/2470 529/2471 465/2472
vt -0.21936 -0.22113
vt -0.19664 -0.22113
vt -0.19664 -0.07279
f 357/2473 464/2474 530/2475
vt -0.21936 -0.22113
vt -0.19664 -0.07279
vt -0.21936 -0.07279
f 357/2476 530/2477 450/2478
vt 1.02331 -0.22113
vt 0.94942 -0.07279
vt 0.90514 -0.07826
f 357/2479 450/2480 521/2481
vt 1.02331 -0.22113
vt 0.90514 -0.07826
vt 0.97359 -0.22492
f 357/2482 521/2483 438/2484
vt 1.02331 -0.22113
vt 0.97359 -0.22492
vt 1.05069 -0.35179
f 357/2485 438/2486 523/2487
vt 1.02331 -0.22113
vt 1.05069 -0.35179
vt 1.10710 -0.34748
f 357/2488 523/2489 463/2490
vt -0.21936 -0.22113
vt -0.21936 -0.34748
vt -0.19664 -0.34748
f 357/2491 463/2492 533/2493
vt -0.21936 -0.22113
vt -0.19664 -0.34748
vt -0.19664 -0.22113
f 357/2494 533/2495 464/2496
vt -0.16353 -0.22113
vt -0.12521 -0.22113
vt -0.12521 -0.07279
f 358/2497 428/2498 511/2499
vt -0.16353 -0.22113
vt -0.12521 -0.07279
vt -0.16353 -0.07279
f 358/2500 511/2501 460/2502
vt -0.16353 -0.22113
vt -0.16353 -0.07279
vt -0.19664 -0.07279
f 358/2503 460/2504 530/2505
vt -0.16353 -0.22113
vt -0.19664 -0.07279
vt -0.19664 -0.22113
f 358/2506 530/2507 464/2508
vt -0.16353 -0.22113
vt -0.19664 -0.22113
vt -0.19664 -0.34748
f 358/2509 464/2510 533/2511
vt -0.16353 -0.22113
vt -0.19664 -0.34748
vt -0.16353 -0.34748
f 358/2512 533/2513 453/2514
vt -0.16353 -0.22113
vt -0.16353 -0.34748
vt -0.12521 -0.34748
f 358/2515 453/2516 513/2517
vt -0.16353 -0.22113
vt -0.12521 -0.34748
vt -0.12521 -0.22113
f 358/2518 513/2519 428/2520
vt -0.16353 0.87478
vt -0.12521 0.87478
vt -0.12521 1.00125
f 359/2521 421/2522 504/2523
vt -0.16353 0.87478
vt -0.12521 1.00125
vt -0.16353 1.00125
f 359/2524 504/2525 462/2526
vt -0.16353 0.87478
vt -0.16353 1.00125
vt -0.19664 1.00125
f 359/2527 462/2528 532/2529
vt -0.16353 0.87478
vt -0.19664 1.00125
vt -0.19664 0.87478
f 359/2530 532/2531 465/2532
vt -0.16353 0.87478
vt -0.19664 0.87478
vt -0.19664 0.75743
f 359/2533 465/2534 529/2535
vt -0.16353 0.87478
vt -0.19664 0.75743
vt -0.16353 0.75743
f 359/2536 529/2537 449/2538
vt -0.16353 0.87478
vt -0.16353 0.75743
vt -0.12521 0.75743
f 359/2539 449/2540 505/2541
vt -0.16353 0.87478
vt -0.12521 0.75743
vt -0.12521 0.87478
f 359/2542 505/2543 421/2544
vt -0.16353 0.07116
vt -0.12521 0.07116
vt -0.12521 -0.11648
f 360/2545 424/2546 507/2547
vt -0.16353 0.07116
vt -0.12521 -0.11648
vt -0.16353 -0.11648
f 360/2548 507/2549 461/2550
vt -0.16353 0.07116
vt -0.16353 -0.11648
vt -0.19664 -0.11648
f 360/2551 461/2552 531/2553
vt -0.16353 0.07116
vt -0.19664 -0.11648
vt -0.19664 0.07116
f 360/2554 531/2555 466/2556
vt -0.16353 0.07116
vt -0.19664 0.07116
vt -0.19664 0.23162
f 360/2557 466/2558 527/2559
vt -0.16353 0.07116
vt -0.19664 0.23162
vt -0.16353 0.23162
f 360/2560 527/2561 447/2562
vt -0.16353 0.07116
vt -0.16353 0.23162
vt -0.12521 0.23162
f 360/2563 447/2564 508/2565
vt -0.16353 0.07116
vt -0.12521 0.23162
vt -0.12521 0.07116
f 360/2566 508/2567 424/2568
vt -0.16353 -0.45436
vt -0.12521 -0.45436
vt -0.12521 -0.34748
f 361/2569 427/2570 513/2571
vt -0.16353 -0.45436
vt -0.12521 -0.34748
vt -0.16353 -0.34748
f 361/2572 513/2573 453/2574
vt -0.16353 -0.45436
vt -0.16353 -0.34748
vt -0.19664 -0.34748
f 361/2575 453/2576 533/2577
vt -0.16353 -0.45436
vt -0.19664 -0.34748
vt -0.19664 -0.45436
f 361/2578 533/2579 467/2580
vt -0.16353 -0.45436
vt -0.19664 -0.45436
vt -0.19664 -0.54378
f 361/2581 467/2582 525/2583
vt -0.16353 -0.45436
vt -0.19664 -0.54378
vt -0.16353 -0.54378
f 361/2584 525/2585 445/2586
vt -0.16353 -0.45436
vt -0.16353 -0.54378
vt -0.12521 -0.54378
f 361/2587 445/2588 510/2589
vt -0.16353 -0.45436
vt -0.12521 -0.54378
vt -0.12521 -0.45436
f 361/2590 510/2591 427/2592
vt -0.16353 1.09393
vt -0.12521 1.09393
vt -0.12521 1.15257
f 362/2593 429/2594 509/2595
vt -0.16353 1.09393
vt -0.12521 1.15257
vt -0.16353 1.15257
f 362/2596 509/2597 454/2598
vt -0.16353 1.09393
vt -0.16353 1.15257
vt -0.19664 1.15257
f 362/2599 454/2600 524/2601
vt -0.16353 1.09393
vt -0.19664 1.15257
vt -0.19664 1.09393
f 362/2602 524/2603 468/2604
vt -0.16353 1.09393
vt -0.19664 1.09393
vt -0.19664 1.00125
f 362/2605 468/2606 532/2607
vt -0.16353 1.09393
vt -0.19664 1.00125
vt -0.16353 1.00125
f 362/2608 532/2609 462/2610
vt -0.16353 1.09393
vt -0.16353 1.00125
vt -0.12521 1.00125
f 362/2611 462/2612 504/2613
vt -0.16353 1.09393
vt -0.12521 1.00125
vt -0.12521 1.09393
f 362/2614 504/2615 429/2616
vt -0.16353 -0.25147
vt -0.12521 -0.25147
vt -0.12521 -0.38196
f 363/2617 423/2618 506/2619
vt -0.16353 -0.25147
vt -0.12521 -0.38196
vt -0.16353 -0.38196
f 363/2620 506/2621 458/2622
vt -0.16353 -0.25147
vt -0.16353 -0.38196
vt -0.19664 -0.38196
f 363/2623 458/2624 528/2625
vt -0.16353 -0.25147
vt -0.19664 -0.38196
vt -0.19664 -0.25147
f 363/2626 528/2627 469/2628
vt -0.16353 -0.25147
vt -0.19664 -0.25147
vt -0.19664 -0.11648
f 363/2629 469/2630 531/2631
vt -0.16353 -0.25147
vt -0.19664 -0.11648
vt -0.16353 -0.11648
f 363/2632 531/2633 461/2634
vt -0.16353 -0.25147
vt -0.16353 -0.11648
vt -0.12521 -0.11648
f 363/2635 461/2636 507/2637
vt -0.16353 -0.25147
vt -0.12521 -0.11648
vt -0.12521 -0.25147
f 363/2638 507/2639 423/2640
vt -0.16353 0.10003
vt -0.12521 0.10003
vt -0.12521 0.23885
f 364/2641 426/2642 512/2643
vt -0.16353 0.10003
vt -0.12521 0.23885
vt -0.16353 0.23885
f 364/2644 512/2645 456/2646
vt -0.16353 0.10003
vt -0.16353 0.23885
vt -0.19664 0.23885
f 364/2647 456/2648 526/2649
vt -0.16353 0.10003
vt -0.19664 0.23885
vt -0.19664 0.10003
f 364/2650 526/2651 470/2652
vt -0.16353 0.10003
vt -0.19664 0.10003
vt -0.19664 -0.07279
f 364/2653 470/2654 530/2655
vt -0.16353 0.10003
vt -0.19664 -0.07279
vt -0.16353 -0.07279
f 364/2656 530/2657 460/2658
vt -0.16353 0.10003
vt -0.16353 -0.07279
vt -0.12521 -0.07279
f 364/2659 460/2660 511/2661
vt -0.16353 0.10003
vt -0.12521 -0.07279
vt -0.12521 0.10003
f 364/2662 511/2663 426/2664
vt -0.16353 -0.55611
vt -0.12521 -0.55611
vt -0.12521 -0.70820
f 365/2665 422/2666 505/2667
vt -0.16353 -0.55611
vt -0.12521 -0.70820
vt -0.16353 -0.70820
f 365/2668 505/2669 449/2670
vt -0.16353 -0.55611
vt -0.16353 -0.70820
vt -0.19664 -0.70820
f 365/2671 449/2672 529/2673
vt -0.16353 -0.55611
vt -0.19664 -0.70820
vt -0.19664 -0.55611
f 365/2674 529/2675 471/2676
vt -0.16353 -0.55611
vt -0.19664 -0.55611
vt -0.19664 -0.38196
f 365/2677 471/2678 528/2679
vt -0.16353 -0.55611
vt -0.19664 -0.38196
vt -0.16353 -0.38196
f 365/2680 528/2681 458/2682
vt -0.16353 -0.55611
vt -0.16353 -0.38196
vt -0.12521 -0.38196
f 365/2683 458/2684 506/2685
vt -0.16353 -0.55611
vt -0.12521 -0.38196
vt -0.12521 -0.55611
f 365/2686 506/2687 422/2688
vt -0.16353 0.73066
vt -0.12521 0.73066
vt -0.12521 0.58227
f 366/2689 430/2690 508/2691
vt -0.16353 0.73066
vt -0.12521 0.58227
vt -0.16353 0.58227
f 366/2692 508/2693 447/2694
vt -0.16353 0.73066
vt -0.16353 0.58227
vt -0.19664 0.58227
f 366/2695 447/2696 527/2697
vt -0.16353 0.73066
vt -0.19664 0.58227
vt -0.19664 0.73066
f 366/2698 527/2699 472/2700
vt -0.16353 0.73066
vt -0.19664 0.73066
vt -0.19664 0.88635
f 366/2701 472/2702 526/2703
vt -0.16353 0.73066
vt -0.19664 0.88635
vt -0.16353 0.88635
f 366/2704 526/2705 456/2706
vt -0.16353 0.73066
vt -0.16353 0.88635
vt -0.12521 0.88635
f 366/2707 456/2708 512/2709
vt -0.16353 0.73066
vt -0.12521 0.88635
vt -0.12521 0.73066
f 366/2710 512/2711 430/2712
vt -0.16353 -0.61778
vt -0.12521 -0.61778
vt -0.12521 -0.54378
f 367/2713 425/2714 510/2715
vt -0.16353 -0.61778
vt -0.12521 -0.54378
vt -0.16353 -0.54378
f 367/2716 510/2717 445/2718
vt -0.16353 -0.61778
vt -0.16353 -0.54378
vt -0.19664 -0.54378
f 367/2719 445/2720 525/2721
vt -0.16353 -0.61778
vt -0.19664 -0.54378
vt -0.19664 -0.61778
f 367/2722 525/2723 473/2724
vt -0.16353 -0.61778
vt -0.19664 -0.61778
vt -0.19664 -0.68111
f 367/2725 473/2726 524/2727
vt -0.16353 -0.61778
vt -0.19664 -0.68111
vt -0.16353 -0.68111
f 367/2728 524/2729 454/2730
vt -0.16353 -0.61778
vt -0.16353 -0.68111
vt -0.12521 -0.68111
f 367/2731 454/2732 509/2733
vt -0.16353 -0.61778
vt -0.12521 -0.68111
vt -0.12521 -0.61778
f 367/2734 509/2735 425/2736
o Accent
g Accent
usemtl HotPink
v 0.25820 0.74594 1.47901
v 0.26197 0.80480 1.39060
v 0.25958 0.44359 1.53021
v 0.26464 0.43928 1.38492
v 0.26358 0.78546 1.32185
v 0.19238 0.92756 1.36755
v 0.26348 0.78600 0.57554
v 0.19385 0.93099 0.57609
v 0.19254 0.92442 -1.56043
v 0.26033 0.78328 -1.56043
v 0.26464 0.43928 0.57373
v 0.26464 0.43928 1.22763
v 0.26464 0.43928 1.38357
v 0.04170 0.58890 -1.56043
v 0.10623 0.65006 -1.56043
v 0.13750 0.72800 -1.56043
v 0.10782 0.81194 -1.56043
v 0.04468 0.85304 -1.56043
v 0.03662 0.59535 -0.79451
v 0.10115 0.64450 -0.79266
v 0.13242 0.72243 -0.79096
v 0.10274 0.80638 -0.79030
v 0.03959 0.84748 -0.79045
v 0.26106 0.78391 0.52927
v 0.19285 0.92595 0.52939
v 0.26121 0.43928 0.52697
v 0.26101 0.78386 0.49071
v 0.19282 0.92583 0.49083
v 0.26113 0.43928 0.48840
v 0.18813 0.90377 0.49219
v 0.18816 0.90388 0.52785
v 0.25129 0.44326 0.48995
v 0.25137 0.44326 0.52561
v 0.25122 0.77255 0.52773
v 0.25117 0.77250 0.49208
v 0.03934 0.91601 1.23142
v 0.03934 0.91869 1.14817
v 0.12488 0.91609 1.23114
v 0.12554 0.91761 1.14817
v 0.03498 0.99392 1.22332
v 0.03498 0.99607 1.15628
v 0.10440 0.99520 1.15628
v 0.10387 0.99397 1.22309
v 0.26078 0.78367 -0.28473
v 0.26055 0.78347 -0.77974
v 0.19264 0.92489 -0.77971
v 0.19273 0.92536 -0.28467
v 0.26049 0.43928 -0.78148
v 0.26081 0.43928 -0.28644
v 0.21607 0.78612 -0.29034
v 0.21590 0.78596 -0.77417
v 0.17233 0.90093 -0.77414
v 0.17241 0.90131 -0.29028
v 0.26022 0.54180 -1.56043
v 0.26029 0.43928 -1.17070
v 0.26030 0.54180 -1.17070
v 0.26041 0.78335 -1.17070
v 0.19258 0.92459 -1.17070
v 0.26434 0.54180 0.57421
v 0.26436 0.54180 1.25237
v 0.26117 0.54180 0.52757
v 0.26110 0.54180 0.48901
v 0.25133 0.54180 0.52616
v 0.25126 0.54180 0.49051
v 0.26080 0.54180 -0.28599
v 0.26051 0.54180 -0.78103
v 0.25913 0.54180 1.51358
v 0.26389 0.54180 1.38651
v 0.24281 0.54180 -1.56043
v 0.24288 0.44810 -1.17070
v 0.24290 0.54180 -1.17070
v 0.18971 0.92442 -1.56043
v -0.25820 0.74594 1.47901
v -0.26197 0.80480 1.39060
v -0.00000 0.92739 1.37019
v -0.00000 0.93341 0.57609
v -0.00000 0.92410 -1.56043
v -0.00000 0.75076 1.48230
v -0.00000 0.81447 1.40593
v -0.25958 0.44359 1.53021
v -0.26464 0.43928 1.38492
v -0.26358 0.78546 1.32185
v -0.19238 0.92756 1.36755
v -0.26348 0.78600 0.57554
v -0.19385 0.93099 0.57609
v -0.19254 0.92442 -1.56043
v -0.26033 0.78328 -1.56043
v -0.26464 0.43928 0.57373
v -0.26464 0.43928 1.22763
v -0.26464 0.43928 1.38357
v -0.00000 0.44508 1.54906
v -0.00000 0.58890 -1.56043
v -0.00000 0.85781 -1.56043
v -0.04170 0.58890 -1.56043
v -0.10623 0.65006 -1.56043
v -0.13750 0.72800 -1.56043
v -0.10782 0.81194 -1.56043
v -0.04468 0.85304 -1.56043
v -0.00000 0.59550 -0.79503
v -0.00000 0.85224 -0.79094
v -0.03662 0.59535 -0.79451
v -0.10115 0.64450 -0.79266
v -0.13242 0.72243 -0.79096
v -0.10274 0.80638 -0.79030
v -0.03959 0.84748 -0.79045
v -0.00000 0.92627 0.52752
v -0.26106 0.78391 0.52927
v -0.19285 0.92595 0.52939
v -0.26121 0.43928 0.52697
v -0.00000 0.92610 0.48891
v -0.26101 0.78386 0.49071
v -0.19282 0.92583 0.49083
v -0.26113 0.43928 0.48840
v -0.18813 0.90377 0.49219
v -0.18816 0.90388 0.52785
v -0.25129 0.44326 0.48995
v -0.25137 0.44326 0.52561
v -0.25122 0.77255 0.52773
v -0.00000 0.90417 0.52612
v -0.00000 0.90402 0.49042
v -0.25117 0.77250 0.49208
v -0.03934 0.91601 1.23142
v -0.03934 0.91869 1.14817
v -0.12488 0.91609 1.23114
v -0.12554 0.91761 1.14817
v -0.03498 0.99392 1.22332
v -0.03498 0.99607 1.15628
v -0.10440 0.99520 1.15628
v -0.10387 0.99397 1.22309
v -0.00000 0.92543 -0.28619
v -0.00000 0.92477 -0.78136
v -0.26078 0.78367 -0.28473
v -0.26055 0.78347 -0.77974
v -0.19264 0.92489 -0.77971
v -0.19273 0.92536 -0.28467
v -0.26049 0.43928 -0.78148
v -0.26081 0.43928 -0.28644
v -0.00000 0.90137 -0.29177
v -0.00000 0.90082 -0.77575
v -0.21607 0.78612 -0.29034
v -0.21590 0.78596 -0.77417
v -0.17234 0.90093 -0.77414
v -0.17241 0.90131 -0.29028
v -0.00000 0.54180 -1.56043
v -0.26022 0.54180 -1.56043
v -0.26029 0.43928 -1.17070
v -0.26030 0.54180 -1.17070
v -0.00000 0.43981 -1.17070
v -0.00000 0.92434 -1.17070
v -0.26041 0.78335 -1.17070
v -0.19258 0.92459 -1.17070
v -0.26434 0.54180 0.57421
v -0.26436 0.54180 1.25237
v -0.26117 0.54180 0.52757
v -0.26110 0.54180 0.48901
v -0.25133 0.54180 0.52616
v -0.25126 0.54180 0.49051
v -0.26080 0.54180 -0.28599
v -0.26051 0.54180 -0.78103
v -0.25913 0.54180 1.51358
v -0.00000 0.54180 1.52793
v -0.26389 0.54180 1.38651
v -0.00000 0.44864 -1.17070
v -0.24281 0.54180 -1.56043
v -0.24288 0.44810 -1.17070
v -0.24290 0.54180 -1.17070
v -0.18971 0.92442 -1.56043
vt -0.64978 0.65289
vt -0.65086 0.45150
vt -0.97558 0.45150
f 578/2737 599/2738 589/2739
vt -0.64978 0.65289
vt -0.97558 0.45150
vt -0.97558 0.65279
f 578/2740 589/2741 590/2742
vt 1.15410 0.36607
vt 1.15542 0.45150
vt 1.26132 0.45150
f 537/2743 601/2744 600/2745
vt 1.15410 0.36607
vt 1.26132 0.45150
vt 1.27518 0.36966
f 537/2746 600/2747 536/2748
vt -0.00000 -0.97558
vt 0.16048 -0.97558
vt 0.16045 -1.30036
f 682/2749 591/2750 542/2751
vt -0.00000 -0.97558
vt 0.16045 -1.30036
vt 0.15809 -1.30036
f 682/2752 542/2753 605/2754
vt -0.00000 -0.97558
vt 0.15809 -1.30036
vt -0.00000 -1.30036
f 682/2755 605/2756 610/2757
vt 0.21831 0.67067
vt 0.16032 0.77297
vt -0.00000 0.77283
f 535/2758 539/2759 608/2760
vt 0.21831 0.67067
vt -0.00000 0.77283
vt -0.00000 0.67873
f 535/2761 608/2762 612/2763
vt 0.21831 1.15883
vt -0.00000 1.17161
vt -0.00000 1.23525
f 535/2764 612/2765 611/2766
vt 0.21831 1.15883
vt -0.00000 1.23525
vt 0.21517 1.23251
f 535/2767 611/2768 534/2769
vt -0.00000 0.48008
vt -0.00000 1.14183
vt 0.16032 1.13963
f 609/2770 608/2771 539/2772
vt -0.00000 0.48008
vt 0.16032 1.13963
vt 0.16154 0.48008
f 609/2773 539/2774 541/2775
vt 1.10154 0.65455
vt 1.13963 0.77297
vt 1.15883 0.67067
f 538/2776 539/2777 535/2778
vt 0.48008 0.77582
vt 1.13963 0.77297
vt 1.10154 0.65455
f 541/2779 539/2780 538/2781
vt 0.48008 0.77582
vt 1.10154 0.65455
vt 0.47962 0.65500
f 541/2782 538/2783 540/2784
vt -0.97558 0.65279
vt -1.30036 0.65273
vt -1.30036 0.77035
f 590/2785 543/2786 542/2787
vt -0.97558 0.65279
vt -1.30036 0.77035
vt -0.97558 0.77049
f 590/2788 542/2789 591/2790
vt 1.04364 0.45150
vt 0.47851 0.45150
vt 0.47962 0.65500
f 593/2791 592/2792 540/2793
vt 1.04364 0.45150
vt 0.47962 0.65500
vt 1.10154 0.65455
f 593/2794 540/2795 538/2796
vt 1.15298 0.36607
vt 1.02303 0.36607
vt 1.04364 0.45150
f 546/2797 545/2798 593/2799
vt 1.15298 0.36607
vt 1.04364 0.45150
vt 1.15542 0.45150
f 546/2800 593/2801 601/2802
vt 1.15298 0.36607
vt 1.15542 0.45150
vt 1.15410 0.36607
f 546/2803 601/2804 537/2805
vt -0.00000 0.37090
vt 0.21632 0.36966
vt 0.21594 0.45150
f 624/2806 536/2807 600/2808
vt -0.00000 0.37090
vt 0.21594 0.45150
vt -0.00000 0.45150
f 624/2809 600/2810 694/2811
vt 0.22053 1.15410
vt 0.21632 1.27518
vt -0.00000 1.29088
f 537/2812 536/2813 624/2814
vt 0.22053 1.15410
vt -0.00000 1.29088
vt -0.00000 -0.97558
f 537/2815 624/2816 681/2817
vt 0.22053 1.15410
vt -0.00000 -0.97558
vt 0.21691 -0.97558
f 537/2818 681/2819 588/2820
vt 0.22053 1.15410
vt 0.21691 -0.97558
vt 0.21708 -0.65123
f 537/2821 588/2822 581/2823
vt 0.22053 1.15410
vt 0.21708 -0.65123
vt 0.21734 -0.23870
f 537/2824 581/2825 582/2826
vt 0.22053 1.15410
vt 0.21734 -0.23870
vt 0.21761 0.40700
f 537/2827 582/2828 562/2829
vt 0.22053 1.15410
vt 0.21761 0.40700
vt 0.21768 0.43914
f 537/2830 562/2831 559/2832
vt 0.22053 1.15410
vt 0.21768 0.43914
vt 0.22053 0.47811
f 537/2833 559/2834 544/2835
vt 1.15410 0.36607
vt 0.47811 0.36607
vt 1.02303 0.36607
f 537/2836 544/2837 545/2838
vt 1.15410 0.36607
vt 1.02303 0.36607
vt 1.15298 0.36607
f 537/2839 545/2840 546/2841
vt -0.00000 0.71020
vt 0.03299 0.70623
vt 0.08562 0.67198
f 633/2842 556/2843 555/2844
vt -0.00000 0.71020
vt 0.08562 0.67198
vt 0.11035 0.60203
f 633/2845 555/2846 554/2847
vt -0.00000 0.71020
vt 0.11035 0.60203
vt 0.08429 0.53708
f 633/2848 554/2849 553/2850
vt -0.00000 0.71020
vt 0.08429 0.53708
vt 0.03052 0.49613
f 633/2851 553/2852 552/2853
vt -0.00000 0.71020
vt 0.03052 0.49613
vt -0.00000 0.49625
f 633/2854 552/2855 632/2856
vt 0.08853 -1.30036
vt 0.03475 -1.30036
vt 0.03052 -0.66209
f 548/2857 547/2858 552/2859
vt 0.08853 -1.30036
vt 0.03052 -0.66209
vt 0.08429 -0.66055
f 548/2860 552/2861 553/2862
vt 0.03723 -1.30036
vt 0.08985 -1.30036
vt 0.08562 -0.65858
f 551/2863 550/2864 555/2865
vt 0.03723 -1.30036
vt 0.08562 -0.65858
vt 0.03299 -0.65871
f 551/2866 555/2867 556/2868
vt -1.30036 0.60667
vt -1.30036 0.54172
vt -0.66055 0.53708
f 549/2869 548/2870 553/2871
vt -1.30036 0.60667
vt -0.66055 0.53708
vt -0.65913 0.60203
f 549/2872 553/2873 554/2874
vt 0.03475 -1.30036
vt -0.00000 -1.30036
vt -0.00000 -0.66253
f 547/2875 625/2876 632/2877
vt 0.03475 -1.30036
vt -0.00000 -0.66253
vt 0.03052 -0.66209
f 547/2878 632/2879 552/2880
vt -0.00000 -1.30036
vt 0.03723 -1.30036
vt 0.03299 -0.65871
f 626/2881 551/2882 556/2883
vt -0.00000 -1.30036
vt 0.03299 -0.65871
vt -0.00000 -0.65912
f 626/2884 556/2885 633/2886
vt -1.30036 0.67662
vt -1.30036 0.60667
vt -0.65913 0.60203
f 550/2887 549/2888 554/2889
vt -1.30036 0.67662
vt -0.65913 0.60203
vt -0.65858 0.67198
f 550/2890 554/2891 555/2892
vt 0.47962 0.65500
vt 0.44106 0.65326
vt 0.44116 0.77163
f 540/2893 557/2894 558/2895
vt 0.47962 0.65500
vt 0.44116 0.77163
vt 0.48008 0.77582
f 540/2896 558/2897 541/2898
vt -0.00000 0.48008
vt 0.16154 0.48008
vt 0.16071 0.44116
f 609/2899 541/2900 558/2901
vt -0.00000 0.48008
vt 0.16071 0.44116
vt -0.00000 0.43960
f 609/2902 558/2903 639/2904
vt 0.47851 0.45150
vt 0.47811 0.36607
vt 0.43914 0.36607
f 592/2905 544/2906 559/2907
vt 0.47851 0.45150
vt 0.43914 0.36607
vt 0.43964 0.45150
f 592/2908 559/2909 594/2910
vt 0.21751 0.65322
vt 0.16068 0.77153
vt 0.15677 0.75314
f 560/2911 561/2912 563/2913
vt 0.21751 0.65322
vt 0.15677 0.75314
vt 0.20931 0.64375
f 560/2914 563/2915 568/2916
vt 0.21758 0.45150
vt 0.21751 0.65322
vt 0.20931 0.64375
f 595/2917 560/2918 568/2919
vt 0.21758 0.45150
vt 0.20931 0.64375
vt 0.20938 0.45150
f 595/2920 568/2921 597/2922
vt 0.16071 0.77163
vt 0.21755 0.65326
vt 0.20935 0.64379
f 558/2923 557/2924 567/2925
vt 0.16071 0.77163
vt 0.20935 0.64379
vt 0.15680 0.75323
f 558/2926 567/2927 564/2928
vt -0.00000 0.77189
vt 0.16071 0.77163
vt 0.15680 0.75323
f 639/2929 558/2930 564/2931
vt -0.00000 0.77189
vt 0.15680 0.75323
vt -0.00000 0.75348
f 639/2932 564/2933 652/2934
vt 0.16068 0.77153
vt -0.00000 0.77175
vt -0.00000 0.75335
f 561/2935 643/2936 653/2937
vt 0.16068 0.77153
vt -0.00000 0.75335
vt 0.15677 0.75314
f 561/2938 653/2939 563/2940
vt 0.21764 0.45150
vt 0.21768 0.36607
vt 0.20947 0.36938
f 594/2941 559/2942 566/2943
vt 0.21764 0.45150
vt 0.20947 0.36938
vt 0.20944 0.45150
f 594/2944 566/2945 596/2946
vt 0.03278 0.95681
vt 0.10462 0.95681
vt 0.10407 1.02595
f 570/2947 572/2948 571/2949
vt 0.03278 0.95681
vt 0.10407 1.02595
vt 0.03278 1.02618
f 570/2950 571/2951 569/2952
vt 0.02915 0.96357
vt 0.02915 1.01943
vt 0.08656 1.01924
f 574/2953 573/2954 576/2955
vt 0.02915 0.96357
vt 0.08656 1.01924
vt 0.08700 0.96357
f 574/2956 576/2957 575/2958
vt 0.10462 0.76468
vt 0.03278 0.76558
vt 0.02915 0.83006
f 572/2959 570/2960 574/2961
vt 0.10462 0.76468
vt 0.02915 0.83006
vt 0.08700 0.82933
f 572/2962 574/2963 575/2964
vt 0.95681 0.76558
vt 1.02618 0.76334
vt 1.01943 0.82827
f 570/2965 569/2966 573/2967
vt 0.95681 0.76558
vt 1.01943 0.82827
vt 0.96357 0.83006
f 570/2968 573/2969 574/2970
vt 0.03278 0.76334
vt 0.10407 0.76341
vt 0.08656 0.82831
f 569/2971 571/2972 576/2973
vt 0.03278 0.76334
vt 0.08656 0.82831
vt 0.02915 0.82827
f 569/2974 576/2975 573/2976
vt 1.02595 0.76341
vt 0.95681 0.76468
vt 0.96357 0.82933
f 571/2977 572/2978 575/2979
vt 1.02595 0.76341
vt 0.96357 0.82933
vt 1.01924 0.82831
f 571/2980 575/2981 576/2982
vt 0.40892 0.65322
vt -0.23727 0.65306
vt -0.23722 0.77113
f 560/2983 577/2984 580/2985
vt 0.40892 0.65322
vt -0.23722 0.77113
vt 0.40903 0.77153
f 560/2986 580/2987 561/2988
vt 0.21732 -0.23727
vt 0.21713 -0.64978
vt 0.17992 -0.64514
f 577/2989 578/2990 584/2991
vt 0.21732 -0.23727
vt 0.17992 -0.64514
vt 0.18006 -0.24195
f 577/2992 584/2993 583/2994
vt -0.00000 0.40743
vt 0.16068 0.40903
vt 0.16061 -0.23722
f 643/2995 561/2996 580/2997
vt -0.00000 0.40743
vt 0.16061 -0.23722
vt -0.00000 -0.23849
f 643/2998 580/2999 663/3000
vt 0.21713 0.65289
vt 0.16053 0.77074
vt 0.14361 0.75078
f 578/3001 579/3002 585/3003
vt 0.21713 0.65289
vt 0.14361 0.75078
vt 0.17992 0.65497
f 578/3004 585/3005 584/3006
vt 0.40751 0.45150
vt 0.40700 0.36607
vt -0.23870 0.36607
f 595/3007 562/3008 582/3009
vt 0.40751 0.45150
vt -0.23870 0.36607
vt -0.23833 0.45150
f 595/3010 582/3011 598/3012
vt -0.23833 0.45150
vt -0.23870 0.36607
vt -0.65123 0.36607
f 598/3013 582/3014 581/3015
vt -0.23833 0.45150
vt -0.65123 0.36607
vt -0.65086 0.45150
f 598/3016 581/3017 599/3018
vt -0.00000 0.77119
vt 0.16061 0.77113
vt 0.14368 0.75109
f 663/3019 580/3020 586/3021
vt -0.00000 0.77119
vt 0.14368 0.75109
vt -0.00000 0.75114
f 663/3022 586/3023 671/3024
vt 0.16061 0.77113
vt 0.21732 0.65306
vt 0.18006 0.65510
f 580/3025 577/3026 583/3027
vt 0.16061 0.77113
vt 0.18006 0.65510
vt 0.14368 0.75109
f 580/3028 583/3029 586/3030
vt 0.16053 0.77074
vt -0.00000 0.77064
vt -0.00000 0.75068
f 579/3031 664/3032 672/3033
vt 0.16053 0.77074
vt -0.00000 0.75068
vt 0.14361 0.75078
f 579/3034 672/3035 585/3036
vt 0.21692 0.45150
vt 0.21691 0.36607
vt 0.20240 0.37342
f 589/3037 588/3038 603/3039
vt 0.21692 0.45150
vt 0.20240 0.37342
vt 0.20242 0.45150
f 589/3040 603/3041 604/3042
vt 0.21685 0.45150
vt 0.20234 0.45150
vt 0.15809 0.77035
f 587/3043 602/3044 605/3045
vt 0.21685 0.45150
vt 0.15809 0.77035
vt 0.16045 0.77035
f 587/3046 605/3047 542/3048
vt 0.21685 0.45150
vt 0.16045 0.77035
vt 0.21694 0.65273
f 587/3049 542/3050 543/3051
vt 0.21691 0.36607
vt -0.00000 0.36651
vt -0.00000 0.37387
f 588/3052 681/3053 696/3054
vt 0.21691 0.36607
vt -0.00000 0.37387
vt 0.20240 0.37342
f 588/3055 696/3056 603/3057
vt -0.64978 0.65289
vt -0.97558 0.65279
vt -0.97558 0.77049
f 578/3058 590/3059 591/3060
vt -0.64978 0.65289
vt -0.97558 0.77049
vt -0.64976 0.77074
f 578/3061 591/3062 579/3063
vt -0.00000 -0.65113
vt 0.16053 -0.64976
vt 0.16048 -0.97558
f 664/3064 579/3065 591/3066
vt -0.00000 -0.65113
vt 0.16048 -0.97558
vt -0.00000 -0.97558
f 664/3067 591/3068 682/3069
vt -0.23727 0.65306
vt -0.23833 0.45150
vt -0.65086 0.45150
f 577/3070 598/3071 599/3072
vt -0.23727 0.65306
vt -0.65086 0.45150
vt -0.64978 0.65289
f 577/3073 599/3074 578/3075
vt -0.97558 0.65279
vt -0.97558 0.45150
vt -1.30036 0.45150
f 590/3076 589/3077 587/3078
vt -0.97558 0.65279
vt -1.30036 0.45150
vt -1.30036 0.65273
f 590/3079 587/3080 543/3081
vt 0.40892 0.65322
vt 0.40751 0.45150
vt -0.23833 0.45150
f 560/3082 595/3083 598/3084
vt 0.40892 0.65322
vt -0.23833 0.45150
vt -0.23727 0.65306
f 560/3085 598/3086 577/3087
vt 0.21755 0.65326
vt 0.21764 0.45150
vt 0.20944 0.45150
f 557/3088 594/3089 596/3090
vt 0.21755 0.65326
vt 0.20944 0.45150
vt 0.20935 0.64379
f 557/3091 596/3092 567/3093
vt 0.21761 0.36607
vt 0.21758 0.45150
vt 0.20938 0.45150
f 562/3094 595/3095 597/3096
vt 0.21761 0.36607
vt 0.20938 0.45150
vt 0.20941 0.36938
f 562/3097 597/3098 565/3099
vt 0.47962 0.65500
vt 0.47851 0.45150
vt 0.43964 0.45150
f 540/3100 592/3101 594/3102
vt 0.47962 0.65500
vt 0.43964 0.45150
vt 0.44106 0.65326
f 540/3103 594/3104 557/3105
vt 1.02303 0.36607
vt 0.47811 0.36607
vt 0.47851 0.45150
f 545/3106 544/3107 592/3108
vt 1.02303 0.36607
vt 0.47851 0.45150
vt 1.04364 0.45150
f 545/3109 592/3110 593/3111
vt -0.97558 0.45150
vt -0.65086 0.45150
vt -0.65123 0.36607
f 589/3112 599/3113 581/3114
vt -0.97558 0.45150
vt -0.65123 0.36607
vt -0.97558 0.36607
f 589/3115 581/3116 588/3117
vt 1.15542 0.45150
vt 1.04364 0.45150
vt 1.10154 0.65455
f 601/3118 593/3119 538/3120
vt 1.15542 0.45150
vt 1.10154 0.65455
vt 1.15883 0.67067
f 601/3121 538/3122 535/3123
vt -0.00000 0.45150
vt 0.21594 0.45150
vt 0.21517 0.62162
f 694/3124 600/3125 534/3126
vt -0.00000 0.45150
vt 0.21517 0.62162
vt -0.00000 0.62563
f 694/3127 534/3128 611/3129
vt 1.26132 0.45150
vt 1.15542 0.45150
vt 1.15883 0.67067
f 600/3130 601/3131 535/3132
vt 1.26132 0.45150
vt 1.15883 0.67067
vt 1.23251 0.62162
f 600/3133 535/3134 534/3135
vt 0.21685 -1.30036
vt 0.21692 -0.97558
vt 0.20242 -0.97558
f 587/3136 589/3137 604/3138
vt 0.21685 -1.30036
vt 0.20242 -0.97558
vt 0.20234 -1.30036
f 587/3139 604/3140 602/3141
vt 0.15809 0.77035
vt 0.20234 0.45150
vt -0.00000 0.45150
f 605/3142 602/3143 677/3144
vt 0.15809 0.77035
vt -0.00000 0.45150
vt -0.00000 0.49075
f 605/3145 677/3146 625/3147
vt 0.15809 0.77035
vt -0.00000 0.49075
vt 0.03475 0.49075
f 605/3148 625/3149 547/3150
vt 0.15809 0.77035
vt 0.03475 0.49075
vt 0.08853 0.54172
f 605/3151 547/3152 548/3153
vt 0.15809 0.77035
vt 0.08853 0.54172
vt 0.11458 0.60667
f 605/3154 548/3155 549/3156
vt 0.15809 0.77035
vt 0.11458 0.60667
vt 0.08985 0.67662
f 605/3157 549/3158 550/3159
vt 0.15809 0.77035
vt 0.08985 0.67662
vt 0.03723 0.71087
f 605/3160 550/3161 551/3162
vt 0.15809 0.77035
vt 0.03723 0.71087
vt -0.00000 0.71484
f 605/3163 551/3164 626/3165
vt 0.15809 0.77035
vt -0.00000 0.71484
vt -0.00000 0.77008
f 605/3166 626/3167 610/3168
vt -0.64978 0.65289
vt -0.97558 0.65279
vt -0.97558 0.45150
f 666/3169 683/3170 680/3171
vt -0.64978 0.65289
vt -0.97558 0.45150
vt -0.65086 0.45150
f 666/3172 680/3173 692/3174
vt 1.15410 0.36607
vt 1.27518 0.36966
vt 1.26132 0.45150
f 614/3175 613/3176 693/3177
vt 1.15410 0.36607
vt 1.26132 0.45150
vt 1.15542 0.45150
f 614/3178 693/3179 695/3180
vt -0.00000 -0.97558
vt -0.00000 -1.30036
vt -0.15809 -1.30036
f 682/3181 610/3182 700/3183
vt -0.00000 -0.97558
vt -0.15809 -1.30036
vt -0.16045 -1.30036
f 682/3184 700/3185 619/3186
vt -0.00000 -0.97558
vt -0.16045 -1.30036
vt -0.16048 -0.97558
f 682/3187 619/3188 684/3189
vt -0.21831 0.67067
vt -0.00000 0.67873
vt -0.00000 0.77283
f 607/3190 612/3191 608/3192
vt -0.21831 0.67067
vt -0.00000 0.77283
vt -0.16032 0.77297
f 607/3193 608/3194 616/3195
vt -0.21831 1.15883
vt -0.21517 1.23251
vt -0.00000 1.23525
f 607/3196 606/3197 611/3198
vt -0.21831 1.15883
vt -0.00000 1.23525
vt -0.00000 1.17161
f 607/3199 611/3200 612/3201
vt -0.00000 0.48008
vt -0.16154 0.48008
vt -0.16032 1.13963
f 609/3202 618/3203 616/3204
vt -0.00000 0.48008
vt -0.16032 1.13963
vt -0.00000 1.14183
f 609/3205 616/3206 608/3207
vt 1.10154 0.65455
vt 1.15883 0.67067
vt 1.13963 0.77297
f 615/3208 607/3209 616/3210
vt 0.48008 0.77582
vt 0.47962 0.65500
vt 1.10154 0.65455
f 618/3211 617/3212 615/3213
vt 0.48008 0.77582
vt 1.10154 0.65455
vt 1.13963 0.77297
f 618/3214 615/3215 616/3216
vt -0.97558 0.65279
vt -0.97558 0.77049
vt -1.30036 0.77035
f 683/3217 684/3218 619/3219
vt -0.97558 0.65279
vt -1.30036 0.77035
vt -1.30036 0.65273
f 683/3220 619/3221 620/3222
vt 1.04364 0.45150
vt 1.10154 0.65455
vt 0.47962 0.65500
f 686/3223 615/3224 617/3225
vt 1.04364 0.45150
vt 0.47962 0.65500
vt 0.47851 0.45150
f 686/3226 617/3227 685/3228
vt 1.15298 0.36607
vt 1.15410 0.36607
vt 1.15542 0.45150
f 623/3229 614/3230 695/3231
vt 1.15298 0.36607
vt 1.15542 0.45150
vt 1.04364 0.45150
f 623/3232 695/3233 686/3234
vt 1.15298 0.36607
vt 1.04364 0.45150
vt 1.02303 0.36607
f 623/3235 686/3236 622/3237
vt -0.00000 0.37090
vt -0.00000 0.45150
vt -0.21594 0.45150
f 624/3238 694/3239 693/3240
vt -0.00000 0.37090
vt -0.21594 0.45150
vt -0.21632 0.36966
f 624/3241 693/3242 613/3243
vt 1.15410 0.36607
vt 1.15298 0.36607
vt 1.02303 0.36607
f 614/3244 623/3245 622/3246
vt 1.15410 0.36607
vt 1.02303 0.36607
vt 0.47811 0.36607
f 614/3247 622/3248 621/3249
vt -0.22053 1.15410
vt -0.22053 0.47811
vt -0.21768 0.43914
f 614/3250 621/3251 642/3252
vt -0.22053 1.15410
vt -0.21768 0.43914
vt -0.21761 0.40700
f 614/3253 642/3254 646/3255
vt -0.22053 1.15410
vt -0.21761 0.40700
vt -0.21734 -0.23870
f 614/3256 646/3257 670/3258
vt -0.22053 1.15410
vt -0.21734 -0.23870
vt -0.21708 -0.65123
f 614/3259 670/3260 669/3261
vt -0.22053 1.15410
vt -0.21708 -0.65123
vt -0.21691 -0.97558
f 614/3262 669/3263 679/3264
vt -0.22053 1.15410
vt -0.21691 -0.97558
vt -0.00000 -0.97558
f 614/3265 679/3266 681/3267
vt -0.22053 1.15410
vt -0.00000 -0.97558
vt -0.00000 1.29088
f 614/3268 681/3269 624/3270
vt -0.22053 1.15410
vt -0.00000 1.29088
vt -0.21632 1.27518
f 614/3271 624/3272 613/3273
vt -0.00000 0.71020
vt -0.00000 0.49625
vt -0.03052 0.49613
f 633/3274 632/3275 634/3276
vt -0.00000 0.71020
vt -0.03052 0.49613
vt -0.08429 0.53708
f 633/3277 634/3278 635/3279
vt -0.00000 0.71020
vt -0.08429 0.53708
vt -0.11035 0.60203
f 633/3280 635/3281 636/3282
vt -0.00000 0.71020
vt -0.11035 0.60203
vt -0.08562 0.67198
f 633/3283 636/3284 637/3285
vt -0.00000 0.71020
vt -0.08562 0.67198
vt -0.03299 0.70623
f 633/3286 637/3287 638/3288
vt -0.08853 -1.30036
vt -0.08429 -0.66055
vt -0.03052 -0.66209
f 628/3289 635/3290 634/3291
vt -0.08853 -1.30036
vt -0.03052 -0.66209
vt -0.03475 -1.30036
f 628/3292 634/3293 627/3294
vt -0.03723 -1.30036
vt -0.03299 -0.65871
vt -0.08562 -0.65858
f 631/3295 638/3296 637/3297
vt -0.03723 -1.30036
vt -0.08562 -0.65858
vt -0.08985 -1.30036
f 631/3298 637/3299 630/3300
vt -1.30036 0.60667
vt -0.65913 0.60203
vt -0.66055 0.53708
f 629/3301 636/3302 635/3303
vt -1.30036 0.60667
vt -0.66055 0.53708
vt -1.30036 0.54172
f 629/3304 635/3305 628/3306
vt -0.03475 -1.30036
vt -0.03052 -0.66209
vt -0.00000 -0.66253
f 627/3307 634/3308 632/3309
vt -0.03475 -1.30036
vt -0.00000 -0.66253
vt -0.00000 -1.30036
f 627/3310 632/3311 625/3312
vt -0.00000 -1.30036
vt -0.00000 -0.65912
vt -0.03299 -0.65871
f 626/3313 633/3314 638/3315
vt -0.00000 -1.30036
vt -0.03299 -0.65871
vt -0.03723 -1.30036
f 626/3316 638/3317 631/3318
vt -1.30036 0.67662
vt -0.65858 0.67198
vt -0.65913 0.60203
f 630/3319 637/3320 636/3321
vt -1.30036 0.67662
vt -0.65913 0.60203
vt -1.30036 0.60667
f 630/3322 636/3323 629/3324
vt 0.47962 0.65500
vt 0.48008 0.77582
vt 0.44116 0.77163
f 617/3325 618/3326 641/3327
vt 0.47962 0.65500
vt 0.44116 0.77163
vt 0.44106 0.65326
f 617/3328 641/3329 640/3330
vt -0.00000 0.48008
vt -0.00000 0.43960
vt -0.16071 0.44116
f 609/3331 639/3332 641/3333
vt -0.00000 0.48008
vt -0.16071 0.44116
vt -0.16154 0.48008
f 609/3334 641/3335 618/3336
vt 0.47851 0.45150
vt 0.43964 0.45150
vt 0.43914 0.36607
f 685/3337 687/3338 642/3339
vt 0.47851 0.45150
vt 0.43914 0.36607
vt 0.47811 0.36607
f 685/3340 642/3341 621/3342
vt -0.21751 0.65322
vt -0.20931 0.64375
vt -0.15677 0.75314
f 644/3343 654/3344 647/3345
vt -0.21751 0.65322
vt -0.15677 0.75314
vt -0.16068 0.77153
f 644/3346 647/3347 645/3348
vt -0.21758 0.45150
vt -0.20938 0.45150
vt -0.20931 0.64375
f 688/3349 690/3350 654/3351
vt -0.21758 0.45150
vt -0.20931 0.64375
vt -0.21751 0.65322
f 688/3352 654/3353 644/3354
vt -0.16071 0.77163
vt -0.15680 0.75323
vt -0.20935 0.64379
f 641/3355 648/3356 651/3357
vt -0.16071 0.77163
vt -0.20935 0.64379
vt -0.21755 0.65326
f 641/3358 651/3359 640/3360
vt -0.00000 0.77189
vt -0.00000 0.75348
vt -0.15680 0.75323
f 639/3361 652/3362 648/3363
vt -0.00000 0.77189
vt -0.15680 0.75323
vt -0.16071 0.77163
f 639/3364 648/3365 641/3366
vt -0.16068 0.77153
vt -0.15677 0.75314
vt -0.00000 0.75335
f 645/3367 647/3368 653/3369
vt -0.16068 0.77153
vt -0.00000 0.75335
vt -0.00000 0.77175
f 645/3370 653/3371 643/3372
vt -0.21764 0.45150
vt -0.20944 0.45150
vt -0.20947 0.36938
f 687/3373 689/3374 650/3375
vt -0.21764 0.45150
vt -0.20947 0.36938
vt -0.21768 0.36607
f 687/3376 650/3377 642/3378
vt -0.03278 0.95681
vt -0.03278 1.02618
vt -0.10407 1.02595
f 656/3379 655/3380 657/3381
vt -0.03278 0.95681
vt -0.10407 1.02595
vt -0.10462 0.95681
f 656/3382 657/3383 658/3384
vt -0.02915 0.96357
vt -0.08700 0.96357
vt -0.08656 1.01924
f 660/3385 661/3386 662/3387
vt -0.02915 0.96357
vt -0.08656 1.01924
vt -0.02915 1.01943
f 660/3388 662/3389 659/3390
vt -0.10462 0.76468
vt -0.08700 0.82933
vt -0.02915 0.83006
f 658/3391 661/3392 660/3393
vt -0.10462 0.76468
vt -0.02915 0.83006
vt -0.03278 0.76558
f 658/3394 660/3395 656/3396
vt 0.95681 0.76558
vt 0.96357 0.83006
vt 1.01943 0.82827
f 656/3397 660/3398 659/3399
vt 0.95681 0.76558
vt 1.01943 0.82827
vt 1.02618 0.76334
f 656/3400 659/3401 655/3402
vt -0.03278 0.76334
vt -0.02915 0.82827
vt -0.08656 0.82831
f 655/3403 659/3404 662/3405
vt -0.03278 0.76334
vt -0.08656 0.82831
vt -0.10407 0.76341
f 655/3406 662/3407 657/3408
vt 1.02595 0.76341
vt 1.01924 0.82831
vt 0.96357 0.82933
f 657/3409 662/3410 661/3411
vt 1.02595 0.76341
vt 0.96357 0.82933
vt 0.95681 0.76468
f 657/3412 661/3413 658/3414
vt 0.40892 0.65322
vt 0.40903 0.77153
vt -0.23722 0.77113
f 644/3415 645/3416 668/3417
vt 0.40892 0.65322
vt -0.23722 0.77113
vt -0.23727 0.65306
f 644/3418 668/3419 665/3420
vt -0.21732 -0.23727
vt -0.18006 -0.24195
vt -0.17992 -0.64514
f 665/3421 673/3422 674/3423
vt -0.21732 -0.23727
vt -0.17992 -0.64514
vt -0.21713 -0.64978
f 665/3424 674/3425 666/3426
vt -0.00000 0.40743
vt -0.00000 -0.23849
vt -0.16061 -0.23722
f 643/3427 663/3428 668/3429
vt -0.00000 0.40743
vt -0.16061 -0.23722
vt -0.16068 0.40903
f 643/3430 668/3431 645/3432
vt -0.21713 0.65289
vt -0.17992 0.65497
vt -0.14362 0.75078
f 666/3433 674/3434 675/3435
vt -0.21713 0.65289
vt -0.14362 0.75078
vt -0.16053 0.77074
f 666/3436 675/3437 667/3438
vt 0.40751 0.45150
vt -0.23833 0.45150
vt -0.23870 0.36607
f 688/3439 691/3440 670/3441
vt 0.40751 0.45150
vt -0.23870 0.36607
vt 0.40700 0.36607
f 688/3442 670/3443 646/3444
vt -0.23833 0.45150
vt -0.65086 0.45150
vt -0.65123 0.36607
f 691/3445 692/3446 669/3447
vt -0.23833 0.45150
vt -0.65123 0.36607
vt -0.23870 0.36607
f 691/3448 669/3449 670/3450
vt -0.00000 0.77119
vt -0.00000 0.75114
vt -0.14368 0.75109
f 663/3451 671/3452 676/3453
vt -0.00000 0.77119
vt -0.14368 0.75109
vt -0.16061 0.77113
f 663/3454 676/3455 668/3456
vt -0.16061 0.77113
vt -0.14368 0.75109
vt -0.18006 0.65510
f 668/3457 676/3458 673/3459
vt -0.16061 0.77113
vt -0.18006 0.65510
vt -0.21732 0.65306
f 668/3460 673/3461 665/3462
vt -0.16053 0.77074
vt -0.14362 0.75078
vt -0.00000 0.75068
f 667/3463 675/3464 672/3465
vt -0.16053 0.77074
vt -0.00000 0.75068
vt -0.00000 0.77064
f 667/3466 672/3467 664/3468
vt -0.21692 0.45150
vt -0.20242 0.45150
vt -0.20240 0.37342
f 680/3469 699/3470 698/3471
vt -0.21692 0.45150
vt -0.20240 0.37342
vt -0.21691 0.36607
f 680/3472 698/3473 679/3474
vt -0.21685 0.45150
vt -0.21694 0.65273
vt -0.16045 0.77035
f 678/3475 620/3476 619/3477
vt -0.21685 0.45150
vt -0.16045 0.77035
vt -0.15809 0.77035
f 678/3478 619/3479 700/3480
vt -0.21685 0.45150
vt -0.15809 0.77035
vt -0.20234 0.45150
f 678/3481 700/3482 697/3483
vt -0.21691 0.36607
vt -0.20240 0.37342
vt -0.00000 0.37387
f 679/3484 698/3485 696/3486
vt -0.21691 0.36607
vt -0.00000 0.37387
vt -0.00000 0.36651
f 679/3487 696/3488 681/3489
vt -0.64978 0.65289
vt -0.64976 0.77074
vt -0.97558 0.77049
f 666/3490 667/3491 684/3492
vt -0.64978 0.65289
vt -0.97558 0.77049
vt -0.97558 0.65279
f 666/3493 684/3494 683/3495
vt -0.00000 -0.65113
vt -0.00000 -0.97558
vt -0.16048 -0.97558
f 664/3496 682/3497 684/3498
vt -0.00000 -0.65113
vt -0.16048 -0.97558
vt -0.16053 -0.64976
f 664/3499 684/3500 667/3501
vt -0.23727 0.65306
vt -0.64978 0.65289
vt -0.65086 0.45150
f 665/3502 666/3503 692/3504
vt -0.23727 0.65306
vt -0.65086 0.45150
vt -0.23833 0.45150
f 665/3505 692/3506 691/3507
vt -0.97558 0.65279
vt -1.30036 0.65273
vt -1.30036 0.45150
f 683/3508 620/3509 678/3510
vt -0.97558 0.65279
vt -1.30036 0.45150
vt -0.97558 0.45150
f 683/3511 678/3512 680/3513
vt 0.40892 0.65322
vt -0.23727 0.65306
vt -0.23833 0.45150
f 644/3514 665/3515 691/3516
vt 0.40892 0.65322
vt -0.23833 0.45150
vt 0.40751 0.45150
f 644/3517 691/3518 688/3519
vt -0.21755 0.65326
vt -0.20935 0.64379
vt -0.20944 0.45150
f 640/3520 651/3521 689/3522
vt -0.21755 0.65326
vt -0.20944 0.45150
vt -0.21764 0.45150
f 640/3523 689/3524 687/3525
vt -0.21761 0.36607
vt -0.20941 0.36938
vt -0.20938 0.45150
f 646/3526 649/3527 690/3528
vt -0.21761 0.36607
vt -0.20938 0.45150
vt -0.21758 0.45150
f 646/3529 690/3530 688/3531
vt 0.47962 0.65500
vt 0.44106 0.65326
vt 0.43964 0.45150
f 617/3532 640/3533 687/3534
vt 0.47962 0.65500
vt 0.43964 0.45150
vt 0.47851 0.45150
f 617/3535 687/3536 685/3537
vt 1.02303 0.36607
vt 1.04364 0.45150
vt 0.47851 0.45150
f 622/3538 686/3539 685/3540
vt 1.02303 0.36607
vt 0.47851 0.45150
vt 0.47811 0.36607
f 622/3541 685/3542 621/3543
vt -0.97558 0.45150
vt -0.97558 0.36607
vt -0.65123 0.36607
f 680/3544 679/3545 669/3546
vt -0.97558 0.45150
vt -0.65123 0.36607
vt -0.65086 0.45150
f 680/3547 669/3548 692/3549
vt 1.15542 0.45150
vt 1.15883 0.67067
vt 1.10154 0.65455
f 695/3550 607/3551 615/3552
vt 1.15542 0.45150
vt 1.10154 0.65455
vt 1.04364 0.45150
f 695/3553 615/3554 686/3555
vt -0.00000 0.45150
vt -0.00000 0.62563
vt -0.21517 0.62162
f 694/3556 611/3557 606/3558
vt -0.00000 0.45150
vt -0.21517 0.62162
vt -0.21594 0.45150
f 694/3559 606/3560 693/3561
vt 1.26132 0.45150
vt 1.23251 0.62162
vt 1.15883 0.67067
f 693/3562 606/3563 607/3564
vt 1.26132 0.45150
vt 1.15883 0.67067
vt 1.15542 0.45150
f 693/3565 607/3566 695/3567
vt -0.21685 -1.30036
vt -0.20234 -1.30036
vt -0.20242 -0.97558
f 678/3568 697/3569 699/3570
vt -0.21685 -1.30036
vt -0.20242 -0.97558
vt -0.21692 -0.97558
f 678/3571 699/3572 680/3573
vt -0.15809 0.77035
vt -0.00000 0.77008
vt -0.00000 0.71484
f 700/3574 610/3575 626/3576
vt -0.15809 0.77035
vt -0.00000 0.71484
vt -0.03723 0.71087
f 700/3577 626/3578 631/3579
vt -0.15809 0.77035
vt -0.03723 0.71087
vt -0.08985 0.67662
f 700/3580 631/3581 630/3582
vt -0.15809 0.77035
vt -0.08985 0.67662
vt -0.11458 0.60667
f 700/3583 630/3584 629/3585
vt -0.15809 0.77035
vt -0.11458 0.60667
vt -0.08853 0.54172
f 700/3586 629/3587 628/3588
vt -0.15809 0.77035
vt -0.08853 0.54172
vt -0.03475 0.49075
f 700/3589 628/3590 627/3591
vt -0.15809 0.77035
vt -0.03475 0.49075
vt -0.00000 0.49075
f 700/3592 627/3593 625/3594
vt -0.15809 0.77035
vt -0.00000 0.49075
vt -0.00000 0.45150
f 700/3595 625/3596 677/3597
vt -0.15809 0.77035
vt -0.00000 0.45150
vt -0.20234 0.45150
f 700/3598 677/3599 697/3600
